ISO-10303-21;
HEADER;
/* Generated by software containing ST-Developer
 * from STEP Tools, Inc. (www.steptools.com) 
 */

FILE_DESCRIPTION(
/* description */ ('Flanged Hex Head 1/2"-13 Thread Size, 1-1/4" Long'),

/* implementation_level */ '2;1');

FILE_NAME(
/* name */ '92979A467.stp',
/* time_stamp */ '2025-12-23T10:22:50-06:00',
/* author */ ('Administrator'),
/* organization */ ('Managed by Terraform'),
/* preprocessor_version */ 'ST-DEVELOPER v20',
/* originating_system */ 'Autodesk Inventor 2025',
/* authorisation */ '');

FILE_SCHEMA (('AUTOMOTIVE_DESIGN { 1 0 10303 214 3 1 1 }'));
ENDSEC;

DATA;
#10=MECHANICAL_DESIGN_GEOMETRIC_PRESENTATION_REPRESENTATION('',(#16),#6426);
#11=GEOMETRICALLY_BOUNDED_WIREFRAME_SHAPE_REPRESENTATION('',(#12),#6425);
#12=GEOMETRIC_CURVE_SET('Sketch12',(#6422));
#13=SHAPE_REPRESENTATION_RELATIONSHIP('SRR','None',#6437,#15);
#14=SHAPE_REPRESENTATION_RELATIONSHIP('SRR','None',#6437,#11);
#15=ADVANCED_BREP_SHAPE_REPRESENTATION('',(#17),#6425);
#16=STYLED_ITEM('',(#6446),#17);
#17=MANIFOLD_SOLID_BREP('Solid3',#1567);
#18=(
BOUNDED_SURFACE()
B_SPLINE_SURFACE(1,2,((#4296,#4297,#4298,#4299,#4300,#4301,#4302,#4303,
#4304,#4305,#4306,#4307,#4308,#4309,#4310,#4311,#4312,#4313,#4314,#4315,
#4316,#4317,#4318,#4319,#4320,#4321,#4322,#4323,#4324,#4325,#4326,#4327,
#4328,#4329,#4330,#4331,#4332,#4333,#4334,#4335,#4336,#4337,#4338,#4339,
#4340,#4341,#4342,#4343,#4344,#4345,#4346,#4347,#4348,#4349,#4350,#4351,
#4352,#4353,#4354,#4355,#4356,#4357,#4358,#4359,#4360,#4361,#4362,#4363,
#4364,#4365,#4366,#4367,#4368,#4369,#4370,#4371,#4372,#4373,#4374,#4375,
#4376,#4377,#4378,#4379,#4380,#4381,#4382,#4383,#4384,#4385,#4386,#4387,
#4388,#4389,#4390,#4391,#4392,#4393,#4394,#4395,#4396,#4397,#4398,#4399,
#4400,#4401,#4402,#4403,#4404,#4405,#4406,#4407,#4408,#4409,#4410,#4411,
#4412,#4413,#4414,#4415,#4416,#4417,#4418,#4419,#4420,#4421,#4422,#4423,
#4424,#4425,#4426,#4427,#4428,#4429,#4430,#4431,#4432,#4433,#4434,#4435,
#4436,#4437,#4438,#4439,#4440,#4441,#4442,#4443,#4444,#4445,#4446,#4447,
#4448,#4449,#4450,#4451,#4452,#4453,#4454,#4455,#4456,#4457,#4458,#4459,
#4460,#4461,#4462,#4463,#4464,#4465,#4466,#4467,#4468,#4469,#4470,#4471,
#4472,#4473,#4474,#4475,#4476,#4477,#4478,#4479,#4480,#4481,#4482,#4483,
#4484,#4485,#4486,#4487,#4488,#4489,#4490,#4491,#4492,#4493,#4494,#4495,
#4496,#4497,#4498,#4499,#4500,#4501,#4502,#4503,#4504,#4505,#4506,#4507,
#4508,#4509,#4510,#4511,#4512,#4513,#4514,#4515,#4516,#4517,#4518,#4519,
#4520,#4521,#4522,#4523,#4524,#4525,#4526,#4527,#4528,#4529,#4530,#4531,
#4532,#4533,#4534,#4535,#4536,#4537,#4538,#4539,#4540,#4541,#4542,#4543,
#4544,#4545,#4546,#4547,#4548,#4549,#4550,#4551,#4552,#4553,#4554,#4555,
#4556,#4557,#4558,#4559,#4560,#4561,#4562,#4563,#4564,#4565,#4566,#4567,
#4568,#4569,#4570,#4571,#4572,#4573,#4574,#4575,#4576,#4577,#4578,#4579,
#4580,#4581,#4582,#4583,#4584,#4585,#4586,#4587,#4588,#4589,#4590,#4591,
#4592,#4593,#4594,#4595,#4596,#4597,#4598,#4599,#4600,#4601,#4602,#4603,
#4604,#4605,#4606,#4607,#4608,#4609,#4610,#4611,#4612,#4613,#4614,#4615,
#4616,#4617,#4618,#4619,#4620,#4621,#4622,#4623,#4624,#4625,#4626,#4627,
#4628,#4629,#4630,#4631,#4632,#4633,#4634,#4635,#4636,#4637,#4638,#4639,
#4640,#4641,#4642,#4643,#4644,#4645,#4646,#4647,#4648,#4649,#4650,#4651,
#4652,#4653,#4654,#4655,#4656,#4657,#4658,#4659,#4660,#4661,#4662,#4663,
#4664,#4665,#4666,#4667,#4668,#4669,#4670,#4671,#4672,#4673,#4674,#4675,
#4676,#4677,#4678,#4679,#4680,#4681,#4682,#4683,#4684,#4685,#4686,#4687,
#4688,#4689,#4690,#4691,#4692,#4693,#4694,#4695,#4696,#4697,#4698,#4699,
#4700,#4701,#4702,#4703,#4704,#4705,#4706,#4707,#4708,#4709,#4710,#4711,
#4712,#4713,#4714,#4715,#4716,#4717,#4718,#4719,#4720,#4721,#4722,#4723,
#4724,#4725,#4726,#4727,#4728,#4729,#4730,#4731,#4732,#4733,#4734,#4735,
#4736,#4737,#4738,#4739,#4740,#4741,#4742,#4743,#4744,#4745,#4746,#4747,
#4748,#4749,#4750,#4751,#4752,#4753,#4754,#4755,#4756),(#4757,#4758,#4759,
#4760,#4761,#4762,#4763,#4764,#4765,#4766,#4767,#4768,#4769,#4770,#4771,
#4772,#4773,#4774,#4775,#4776,#4777,#4778,#4779,#4780,#4781,#4782,#4783,
#4784,#4785,#4786,#4787,#4788,#4789,#4790,#4791,#4792,#4793,#4794,#4795,
#4796,#4797,#4798,#4799,#4800,#4801,#4802,#4803,#4804,#4805,#4806,#4807,
#4808,#4809,#4810,#4811,#4812,#4813,#4814,#4815,#4816,#4817,#4818,#4819,
#4820,#4821,#4822,#4823,#4824,#4825,#4826,#4827,#4828,#4829,#4830,#4831,
#4832,#4833,#4834,#4835,#4836,#4837,#4838,#4839,#4840,#4841,#4842,#4843,
#4844,#4845,#4846,#4847,#4848,#4849,#4850,#4851,#4852,#4853,#4854,#4855,
#4856,#4857,#4858,#4859,#4860,#4861,#4862,#4863,#4864,#4865,#4866,#4867,
#4868,#4869,#4870,#4871,#4872,#4873,#4874,#4875,#4876,#4877,#4878,#4879,
#4880,#4881,#4882,#4883,#4884,#4885,#4886,#4887,#4888,#4889,#4890,#4891,
#4892,#4893,#4894,#4895,#4896,#4897,#4898,#4899,#4900,#4901,#4902,#4903,
#4904,#4905,#4906,#4907,#4908,#4909,#4910,#4911,#4912,#4913,#4914,#4915,
#4916,#4917,#4918,#4919,#4920,#4921,#4922,#4923,#4924,#4925,#4926,#4927,
#4928,#4929,#4930,#4931,#4932,#4933,#4934,#4935,#4936,#4937,#4938,#4939,
#4940,#4941,#4942,#4943,#4944,#4945,#4946,#4947,#4948,#4949,#4950,#4951,
#4952,#4953,#4954,#4955,#4956,#4957,#4958,#4959,#4960,#4961,#4962,#4963,
#4964,#4965,#4966,#4967,#4968,#4969,#4970,#4971,#4972,#4973,#4974,#4975,
#4976,#4977,#4978,#4979,#4980,#4981,#4982,#4983,#4984,#4985,#4986,#4987,
#4988,#4989,#4990,#4991,#4992,#4993,#4994,#4995,#4996,#4997,#4998,#4999,
#5000,#5001,#5002,#5003,#5004,#5005,#5006,#5007,#5008,#5009,#5010,#5011,
#5012,#5013,#5014,#5015,#5016,#5017,#5018,#5019,#5020,#5021,#5022,#5023,
#5024,#5025,#5026,#5027,#5028,#5029,#5030,#5031,#5032,#5033,#5034,#5035,
#5036,#5037,#5038,#5039,#5040,#5041,#5042,#5043,#5044,#5045,#5046,#5047,
#5048,#5049,#5050,#5051,#5052,#5053,#5054,#5055,#5056,#5057,#5058,#5059,
#5060,#5061,#5062,#5063,#5064,#5065,#5066,#5067,#5068,#5069,#5070,#5071,
#5072,#5073,#5074,#5075,#5076,#5077,#5078,#5079,#5080,#5081,#5082,#5083,
#5084,#5085,#5086,#5087,#5088,#5089,#5090,#5091,#5092,#5093,#5094,#5095,
#5096,#5097,#5098,#5099,#5100,#5101,#5102,#5103,#5104,#5105,#5106,#5107,
#5108,#5109,#5110,#5111,#5112,#5113,#5114,#5115,#5116,#5117,#5118,#5119,
#5120,#5121,#5122,#5123,#5124,#5125,#5126,#5127,#5128,#5129,#5130,#5131,
#5132,#5133,#5134,#5135,#5136,#5137,#5138,#5139,#5140,#5141,#5142,#5143,
#5144,#5145,#5146,#5147,#5148,#5149,#5150,#5151,#5152,#5153,#5154,#5155,
#5156,#5157,#5158,#5159,#5160,#5161,#5162,#5163,#5164,#5165,#5166,#5167,
#5168,#5169,#5170,#5171,#5172,#5173,#5174,#5175,#5176,#5177,#5178,#5179,
#5180,#5181,#5182,#5183,#5184,#5185,#5186,#5187,#5188,#5189,#5190,#5191,
#5192,#5193,#5194,#5195,#5196,#5197,#5198,#5199,#5200,#5201,#5202,#5203,
#5204,#5205,#5206,#5207,#5208,#5209,#5210,#5211,#5212,#5213,#5214,#5215,
#5216,#5217)),.UNSPECIFIED.,.F.,.F.,.F.)
B_SPLINE_SURFACE_WITH_KNOTS((2,2),(3,2,2,2,2,2,2,2,2,2,2,2,2,2,2,2,2,2,
2,2,2,2,2,2,2,2,2,2,2,2,2,2,2,2,2,2,2,2,2,2,2,2,2,2,2,2,2,2,2,2,2,2,2,2,
2,2,2,2,2,2,2,2,2,2,2,2,2,2,2,2,2,2,2,2,2,2,2,2,2,2,2,2,2,2,2,2,2,2,2,2,
2,2,2,2,2,2,2,2,2,2,2,2,2,2,2,2,2,2,2,2,2,2,2,2,2,2,2,2,2,2,2,2,2,2,2,2,
2,2,2,2,2,2,2,2,2,2,2,2,2,2,2,2,2,2,2,2,2,2,2,2,2,2,2,2,2,2,2,2,2,2,2,2,
2,2,2,2,2,2,2,2,2,2,2,2,2,2,2,2,2,2,2,2,2,2,2,2,2,2,2,2,2,2,2,2,2,2,2,2,
2,2,2,2,2,2,2,2,2,2,2,2,2,2,2,2,2,2,2,2,2,2,2,2,2,2,2,2,2,2,2,2,3),(0.,
1.00000528198042),(0.,0.00434782608695652,0.00869565217391304,0.0130434782608696,
0.0173913043478261,0.0217391304347826,0.0260869565217391,0.0304347826086957,
0.0347826086956522,0.0391304347826087,0.0434782608695652,0.0478260869565217,
0.0521739130434783,0.0565217391304348,0.0608695652173913,0.0652173913043478,
0.0695652173913043,0.0739130434782609,0.0782608695652174,0.0826086956521739,
0.0869565217391304,0.091304347826087,0.0956521739130435,0.1,0.104347826086957,
0.108695652173913,0.11304347826087,0.117391304347826,0.121739130434783,
0.126086956521739,0.130434782608696,0.134782608695652,0.139130434782609,
0.143478260869565,0.147826086956522,0.152173913043478,0.156521739130435,
0.160869565217391,0.165217391304348,0.169565217391304,0.173913043478261,
0.178260869565217,0.182608695652174,0.18695652173913,0.191304347826087,
0.195652173913043,0.2,0.204347826086957,0.208695652173913,0.21304347826087,
0.217391304347826,0.221739130434783,0.226086956521739,0.230434782608696,
0.234782608695652,0.239130434782609,0.243478260869565,0.247826086956522,
0.252173913043478,0.256521739130435,0.260869565217391,0.265217391304348,
0.269565217391304,0.273913043478261,0.278260869565217,0.282608695652174,
0.28695652173913,0.291304347826087,0.295652173913043,0.3,0.304347826086957,
0.308695652173913,0.31304347826087,0.317391304347826,0.321739130434783,
0.326086956521739,0.330434782608696,0.334782608695652,0.339130434782609,
0.343478260869565,0.347826086956522,0.352173913043478,0.356521739130435,
0.360869565217391,0.365217391304348,0.369565217391304,0.373913043478261,
0.378260869565217,0.382608695652174,0.38695652173913,0.391304347826087,
0.395652173913043,0.4,0.404347826086957,0.408695652173913,0.41304347826087,
0.417391304347826,0.421739130434783,0.426086956521739,0.430434782608696,
0.434782608695652,0.439130434782609,0.443478260869565,0.447826086956522,
0.452173913043478,0.456521739130435,0.460869565217391,0.465217391304348,
0.469565217391304,0.473913043478261,0.478260869565217,0.482608695652174,
0.48695652173913,0.491304347826087,0.495652173913044,0.5,0.504347826086956,
0.508695652173913,0.51304347826087,0.517391304347826,0.521739130434783,
0.526086956521739,0.530434782608696,0.534782608695652,0.539130434782609,
0.543478260869565,0.547826086956522,0.552173913043478,0.556521739130435,
0.560869565217391,0.565217391304348,0.569565217391304,0.573913043478261,
0.578260869565217,0.582608695652174,0.58695652173913,0.591304347826087,
0.595652173913043,0.6,0.604347826086956,0.608695652173913,0.61304347826087,
0.617391304347826,0.621739130434783,0.626086956521739,0.630434782608696,
0.634782608695652,0.639130434782609,0.643478260869565,0.647826086956522,
0.652173913043478,0.656521739130435,0.660869565217391,0.665217391304348,
0.669565217391304,0.673913043478261,0.678260869565217,0.682608695652174,
0.68695652173913,0.691304347826087,0.695652173913043,0.7,0.704347826086957,
0.708695652173913,0.71304347826087,0.717391304347826,0.721739130434783,
0.726086956521739,0.730434782608696,0.734782608695652,0.739130434782609,
0.743478260869565,0.747826086956522,0.752173913043478,0.756521739130435,
0.760869565217391,0.765217391304348,0.769565217391304,0.773913043478261,
0.778260869565217,0.782608695652174,0.78695652173913,0.791304347826087,
0.795652173913043,0.8,0.804347826086957,0.808695652173913,0.81304347826087,
0.817391304347826,0.821739130434783,0.826086956521739,0.830434782608696,
0.834782608695652,0.839130434782609,0.843478260869565,0.847826086956522,
0.852173913043478,0.856521739130435,0.860869565217391,0.865217391304348,
0.869565217391304,0.873913043478261,0.878260869565217,0.882608695652174,
0.88695652173913,0.891304347826087,0.895652173913044,0.9,0.904347826086957,
0.908695652173913,0.91304347826087,0.917391304347826,0.921739130434783,
0.926086956521739,0.930434782608696,0.934782608695652,0.939130434782609,
0.943478260869565,0.947826086956522,0.952173913043478,0.956521739130435,
0.960869565217391,0.965217391304348,0.969565217391304,0.973913043478261,
0.978260869565217,0.982608695652174,0.98695652173913,0.991304347826087,
0.995652173913044,0.997960836270803),.UNSPECIFIED.)
GEOMETRIC_REPRESENTATION_ITEM()
RATIONAL_B_SPLINE_SURFACE(((1.,0.951056516295154,1.,0.951056516295154,1.,
0.951056516295154,1.,0.951056516295154,1.,0.951056516295154,1.,0.951056516295154,
1.,0.951056516295154,1.,0.951056516295154,1.,0.951056516295154,1.,0.951056516295154,
1.,0.951056516295154,1.,0.951056516295154,1.,0.951056516295154,1.,0.951056516295154,
1.,0.951056516295154,1.,0.951056516295154,1.,0.951056516295154,1.,0.951056516295154,
1.,0.951056516295154,1.,0.951056516295154,1.,0.951056516295154,1.,0.951056516295154,
1.,0.951056516295154,1.,0.951056516295154,1.,0.951056516295154,1.,0.951056516295154,
1.,0.951056516295154,1.,0.951056516295154,1.,0.951056516295154,1.,0.951056516295154,
1.,0.951056516295154,1.,0.951056516295154,1.,0.951056516295154,1.,0.951056516295154,
1.,0.951056516295154,1.,0.951056516295154,1.,0.951056516295154,1.,0.951056516295154,
1.,0.951056516295154,1.,0.951056516295154,1.,0.951056516295154,1.,0.951056516295154,
1.,0.951056516295154,1.,0.951056516295154,1.,0.951056516295154,1.,0.951056516295154,
1.,0.951056516295154,1.,0.951056516295154,1.,0.951056516295154,1.,0.951056516295154,
1.,0.951056516295154,1.,0.951056516295154,1.,0.951056516295154,1.,0.951056516295154,
1.,0.951056516295154,1.,0.951056516295154,1.,0.951056516295154,1.,0.951056516295154,
1.,0.951056516295154,1.,0.951056516295154,1.,0.951056516295154,1.,0.951056516295154,
1.,0.951056516295154,1.,0.951056516295154,1.,0.951056516295154,1.,0.951056516295154,
1.,0.951056516295154,1.,0.951056516295154,1.,0.951056516295154,1.,0.951056516295154,
1.,0.951056516295154,1.,0.951056516295154,1.,0.951056516295154,1.,0.951056516295154,
1.,0.951056516295154,1.,0.951056516295154,1.,0.951056516295154,1.,0.951056516295154,
1.,0.951056516295154,1.,0.951056516295154,1.,0.951056516295154,1.,0.951056516295154,
1.,0.951056516295154,1.,0.951056516295154,1.,0.951056516295154,1.,0.951056516295154,
1.,0.951056516295154,1.,0.951056516295154,1.,0.951056516295154,1.,0.951056516295154,
1.,0.951056516295154,1.,0.951056516295154,1.,0.951056516295154,1.,0.951056516295154,
1.,0.951056516295154,1.,0.951056516295154,1.,0.951056516295154,1.,0.951056516295154,
1.,0.951056516295154,1.,0.951056516295154,1.,0.951056516295154,1.,0.951056516295154,
1.,0.951056516295154,1.,0.951056516295154,1.,0.951056516295154,1.,0.951056516295154,
1.,0.951056516295154,1.,0.951056516295154,1.,0.951056516295154,1.,0.951056516295154,
1.,0.951056516295154,1.,0.951056516295154,1.,0.951056516295154,1.,0.951056516295154,
1.,0.951056516295154,1.,0.951056516295154,1.,0.951056516295154,1.,0.951056516295154,
1.,0.951056516295154,1.,0.951056516295154,1.,0.951056516295154,1.,0.951056516295154,
1.,0.951056516295154,1.,0.951056516295154,1.,0.951056516295154,1.,0.951056516295154,
1.,0.951056516295154,1.,0.951056516295154,1.,0.951056516295154,1.,0.951056516295154,
1.,0.951056516295154,1.,0.951056516295154,1.,0.951056516295154,1.,0.951056516295154,
1.,0.951056516295154,1.,0.951056516295154,1.,0.951056516295154,1.,0.951056516295154,
1.,0.951056516295154,1.,0.951056516295154,1.,0.951056516295154,1.,0.951056516295154,
1.,0.951056516295154,1.,0.951056516295154,1.,0.951056516295154,1.,0.951056516295154,
1.,0.951056516295154,1.,0.951056516295154,1.,0.951056516295154,1.,0.951056516295154,
1.,0.951056516295154,1.,0.951056516295154,1.,0.951056516295154,1.,0.951056516295154,
1.,0.951056516295154,1.,0.951056516295154,1.,0.951056516295154,1.,0.951056516295154,
1.,0.951056516295154,1.,0.951056516295154,1.,0.951056516295154,1.,0.951056516295154,
1.,0.951056516295154,1.,0.951056516295154,1.,0.951056516295154,1.,0.951056516295154,
1.,0.951056516295154,1.,0.951056516295154,1.,0.951056516295154,1.,0.951056516295154,
1.,0.951056516295154,1.,0.951056516295154,1.,0.951056516295154,1.,0.951056516295154,
1.,0.951056516295154,1.,0.951056516295154,1.,0.951056516295154,1.,0.951056516295154,
1.,0.951056516295154,1.,0.951056516295154,1.,0.951056516295154,1.,0.951056516295154,
1.,0.951056516295154,1.,0.951056516295154,1.,0.951056516295154,1.,0.951056516295154,
1.,0.951056516295154,1.,0.951056516295154,1.,0.951056516295154,1.,0.951056516295154,
1.,0.951056516295154,1.,0.951056516295154,1.,0.951056516295154,1.,0.951056516295154,
1.,0.951056516295154,1.,0.951056516295154,1.,0.951056516295154,1.,0.951056516295154,
1.,0.951056516295154,1.,0.951056516295154,1.,0.951056516295154,1.,0.951056516295154,
1.,0.951056516295154,1.,0.951056516295154,1.,0.951056516295154,1.,0.951056516295154,
1.,0.951056516295154,1.,0.951056516295154,1.,0.951056516295154,1.,0.951056516295154,
1.,0.951056516295154,1.,0.951056516295154,1.,0.951056516295154,1.,0.951056516295154,
1.,0.951056516295154,1.,0.951056516295154,1.,0.951056516295154,1.,0.951056516295154,
1.,0.951056516295154,1.,0.951056516295154,1.,0.951056516295154,1.,0.951056516295154,
1.,0.951056516295154,1.,0.951056516295154,1.,0.951056516295154,1.,0.951056516295154,
1.,0.951056516295154,1.,0.951056516295154,1.,0.951056516295154,1.,0.974011384947995,
0.975622281054384),(1.,0.951056516295154,1.,0.951056516295154,1.,0.951056516295154,
1.,0.951056516295154,1.,0.951056516295154,1.,0.951056516295154,1.,0.951056516295154,
1.,0.951056516295154,1.,0.951056516295154,1.,0.951056516295154,1.,0.951056516295154,
1.,0.951056516295154,1.,0.951056516295154,1.,0.951056516295154,1.,0.951056516295154,
1.,0.951056516295154,1.,0.951056516295154,1.,0.951056516295154,1.,0.951056516295154,
1.,0.951056516295154,1.,0.951056516295154,1.,0.951056516295154,1.,0.951056516295154,
1.,0.951056516295154,1.,0.951056516295154,1.,0.951056516295154,1.,0.951056516295154,
1.,0.951056516295154,1.,0.951056516295154,1.,0.951056516295154,1.,0.951056516295154,
1.,0.951056516295154,1.,0.951056516295154,1.,0.951056516295154,1.,0.951056516295154,
1.,0.951056516295154,1.,0.951056516295154,1.,0.951056516295154,1.,0.951056516295154,
1.,0.951056516295154,1.,0.951056516295154,1.,0.951056516295154,1.,0.951056516295154,
1.,0.951056516295154,1.,0.951056516295154,1.,0.951056516295154,1.,0.951056516295154,
1.,0.951056516295154,1.,0.951056516295154,1.,0.951056516295154,1.,0.951056516295154,
1.,0.951056516295154,1.,0.951056516295154,1.,0.951056516295154,1.,0.951056516295154,
1.,0.951056516295154,1.,0.951056516295154,1.,0.951056516295154,1.,0.951056516295154,
1.,0.951056516295154,1.,0.951056516295154,1.,0.951056516295154,1.,0.951056516295154,
1.,0.951056516295154,1.,0.951056516295154,1.,0.951056516295154,1.,0.951056516295154,
1.,0.951056516295154,1.,0.951056516295154,1.,0.951056516295154,1.,0.951056516295154,
1.,0.951056516295154,1.,0.951056516295154,1.,0.951056516295154,1.,0.951056516295154,
1.,0.951056516295154,1.,0.951056516295154,1.,0.951056516295154,1.,0.951056516295154,
1.,0.951056516295154,1.,0.951056516295154,1.,0.951056516295154,1.,0.951056516295154,
1.,0.951056516295154,1.,0.951056516295154,1.,0.951056516295154,1.,0.951056516295154,
1.,0.951056516295154,1.,0.951056516295154,1.,0.951056516295154,1.,0.951056516295154,
1.,0.951056516295154,1.,0.951056516295154,1.,0.951056516295154,1.,0.951056516295154,
1.,0.951056516295154,1.,0.951056516295154,1.,0.951056516295154,1.,0.951056516295154,
1.,0.951056516295154,1.,0.951056516295154,1.,0.951056516295154,1.,0.951056516295154,
1.,0.951056516295154,1.,0.951056516295154,1.,0.951056516295154,1.,0.951056516295154,
1.,0.951056516295154,1.,0.951056516295154,1.,0.951056516295154,1.,0.951056516295154,
1.,0.951056516295154,1.,0.951056516295154,1.,0.951056516295154,1.,0.951056516295154,
1.,0.951056516295154,1.,0.951056516295154,1.,0.951056516295154,1.,0.951056516295154,
1.,0.951056516295154,1.,0.951056516295154,1.,0.951056516295154,1.,0.951056516295154,
1.,0.951056516295154,1.,0.951056516295154,1.,0.951056516295154,1.,0.951056516295154,
1.,0.951056516295154,1.,0.951056516295154,1.,0.951056516295154,1.,0.951056516295154,
1.,0.951056516295154,1.,0.951056516295154,1.,0.951056516295154,1.,0.951056516295154,
1.,0.951056516295154,1.,0.951056516295154,1.,0.951056516295154,1.,0.951056516295154,
1.,0.951056516295154,1.,0.951056516295154,1.,0.951056516295154,1.,0.951056516295154,
1.,0.951056516295154,1.,0.951056516295154,1.,0.951056516295154,1.,0.951056516295154,
1.,0.951056516295154,1.,0.951056516295154,1.,0.951056516295154,1.,0.951056516295154,
1.,0.951056516295154,1.,0.951056516295154,1.,0.951056516295154,1.,0.951056516295154,
1.,0.951056516295154,1.,0.951056516295154,1.,0.951056516295154,1.,0.951056516295154,
1.,0.951056516295154,1.,0.951056516295154,1.,0.951056516295154,1.,0.951056516295154,
1.,0.951056516295154,1.,0.951056516295154,1.,0.951056516295154,1.,0.951056516295154,
1.,0.951056516295154,1.,0.951056516295154,1.,0.951056516295154,1.,0.951056516295154,
1.,0.951056516295154,1.,0.951056516295154,1.,0.951056516295154,1.,0.951056516295154,
1.,0.951056516295154,1.,0.951056516295154,1.,0.951056516295154,1.,0.951056516295154,
1.,0.951056516295154,1.,0.951056516295154,1.,0.951056516295154,1.,0.951056516295154,
1.,0.951056516295154,1.,0.951056516295154,1.,0.951056516295154,1.,0.951056516295154,
1.,0.951056516295154,1.,0.951056516295154,1.,0.951056516295154,1.,0.951056516295154,
1.,0.951056516295154,1.,0.951056516295154,1.,0.951056516295154,1.,0.951056516295154,
1.,0.951056516295154,1.,0.951056516295154,1.,0.951056516295154,1.,0.951056516295154,
1.,0.951056516295154,1.,0.951056516295154,1.,0.951056516295154,1.,0.951056516295154,
1.,0.951056516295154,1.,0.951056516295154,1.,0.951056516295154,1.,0.951056516295154,
1.,0.951056516295154,1.,0.951056516295154,1.,0.951056516295154,1.,0.951056516295154,
1.,0.951056516295154,1.,0.951056516295154,1.,0.951056516295154,1.,0.951056516295154,
1.,0.951056516295154,1.,0.951056516295154,1.,0.951056516295154,1.,0.951056516295154,
1.,0.951056516295154,1.,0.951056516295154,1.,0.951056516295154,1.,0.951056516295154,
1.,0.951056516295154,1.,0.951056516295154,1.,0.951056516295154,1.,0.951056516295154,
1.,0.951056516295154,1.,0.951056516295154,1.,0.974011384947995,0.975622281054384)))
REPRESENTATION_ITEM('')
SURFACE()
);
#19=(
BOUNDED_SURFACE()
B_SPLINE_SURFACE(1,2,((#5218,#5219,#5220,#5221,#5222,#5223,#5224,#5225,
#5226,#5227,#5228,#5229,#5230,#5231,#5232,#5233,#5234,#5235,#5236,#5237,
#5238,#5239,#5240,#5241,#5242,#5243,#5244,#5245,#5246,#5247,#5248,#5249,
#5250,#5251,#5252,#5253,#5254,#5255,#5256,#5257,#5258,#5259,#5260,#5261,
#5262,#5263,#5264,#5265,#5266,#5267,#5268,#5269,#5270,#5271,#5272,#5273,
#5274,#5275,#5276,#5277,#5278,#5279,#5280,#5281,#5282,#5283,#5284,#5285,
#5286,#5287,#5288,#5289,#5290,#5291,#5292,#5293,#5294,#5295,#5296,#5297,
#5298,#5299,#5300,#5301,#5302,#5303,#5304,#5305,#5306,#5307,#5308,#5309,
#5310,#5311,#5312,#5313,#5314,#5315,#5316,#5317,#5318,#5319,#5320,#5321,
#5322,#5323,#5324,#5325,#5326,#5327,#5328,#5329,#5330,#5331,#5332,#5333,
#5334,#5335,#5336,#5337,#5338,#5339,#5340,#5341,#5342,#5343,#5344,#5345,
#5346,#5347,#5348,#5349,#5350,#5351,#5352,#5353,#5354,#5355,#5356,#5357,
#5358,#5359,#5360,#5361,#5362,#5363,#5364,#5365,#5366,#5367,#5368,#5369,
#5370,#5371,#5372,#5373,#5374,#5375,#5376,#5377,#5378,#5379,#5380,#5381,
#5382,#5383,#5384,#5385,#5386,#5387,#5388,#5389,#5390,#5391,#5392,#5393,
#5394,#5395,#5396,#5397,#5398,#5399,#5400,#5401,#5402,#5403,#5404,#5405,
#5406,#5407,#5408,#5409,#5410,#5411,#5412,#5413,#5414,#5415,#5416,#5417,
#5418,#5419,#5420,#5421,#5422,#5423,#5424,#5425,#5426,#5427,#5428,#5429,
#5430,#5431,#5432,#5433,#5434,#5435,#5436,#5437,#5438,#5439,#5440,#5441,
#5442,#5443,#5444,#5445,#5446,#5447,#5448,#5449,#5450,#5451,#5452,#5453,
#5454,#5455,#5456,#5457,#5458,#5459,#5460,#5461,#5462,#5463,#5464,#5465,
#5466,#5467,#5468,#5469,#5470,#5471,#5472,#5473,#5474,#5475,#5476,#5477,
#5478,#5479,#5480,#5481,#5482,#5483,#5484,#5485,#5486,#5487,#5488,#5489,
#5490,#5491,#5492,#5493,#5494,#5495,#5496,#5497,#5498,#5499,#5500,#5501,
#5502,#5503,#5504,#5505,#5506,#5507,#5508,#5509,#5510,#5511,#5512,#5513,
#5514,#5515,#5516,#5517,#5518,#5519,#5520,#5521,#5522,#5523,#5524,#5525,
#5526,#5527,#5528,#5529,#5530,#5531,#5532,#5533,#5534,#5535,#5536,#5537,
#5538,#5539,#5540,#5541,#5542,#5543,#5544,#5545,#5546,#5547,#5548,#5549,
#5550,#5551,#5552,#5553,#5554,#5555,#5556,#5557,#5558,#5559,#5560,#5561,
#5562,#5563,#5564,#5565,#5566,#5567,#5568,#5569,#5570,#5571,#5572,#5573,
#5574,#5575,#5576,#5577,#5578,#5579,#5580,#5581,#5582,#5583,#5584,#5585,
#5586,#5587,#5588,#5589,#5590,#5591,#5592,#5593,#5594,#5595,#5596,#5597,
#5598,#5599,#5600,#5601,#5602,#5603,#5604,#5605,#5606,#5607,#5608,#5609,
#5610,#5611,#5612,#5613,#5614,#5615,#5616,#5617,#5618,#5619,#5620,#5621,
#5622,#5623,#5624,#5625,#5626,#5627,#5628,#5629,#5630,#5631,#5632,#5633,
#5634,#5635,#5636,#5637,#5638,#5639,#5640,#5641,#5642,#5643,#5644,#5645,
#5646,#5647,#5648,#5649,#5650,#5651,#5652,#5653,#5654,#5655,#5656,#5657,
#5658,#5659,#5660,#5661,#5662,#5663,#5664,#5665,#5666,#5667,#5668,#5669,
#5670,#5671,#5672,#5673,#5674,#5675,#5676,#5677,#5678),(#5679,#5680,#5681,
#5682,#5683,#5684,#5685,#5686,#5687,#5688,#5689,#5690,#5691,#5692,#5693,
#5694,#5695,#5696,#5697,#5698,#5699,#5700,#5701,#5702,#5703,#5704,#5705,
#5706,#5707,#5708,#5709,#5710,#5711,#5712,#5713,#5714,#5715,#5716,#5717,
#5718,#5719,#5720,#5721,#5722,#5723,#5724,#5725,#5726,#5727,#5728,#5729,
#5730,#5731,#5732,#5733,#5734,#5735,#5736,#5737,#5738,#5739,#5740,#5741,
#5742,#5743,#5744,#5745,#5746,#5747,#5748,#5749,#5750,#5751,#5752,#5753,
#5754,#5755,#5756,#5757,#5758,#5759,#5760,#5761,#5762,#5763,#5764,#5765,
#5766,#5767,#5768,#5769,#5770,#5771,#5772,#5773,#5774,#5775,#5776,#5777,
#5778,#5779,#5780,#5781,#5782,#5783,#5784,#5785,#5786,#5787,#5788,#5789,
#5790,#5791,#5792,#5793,#5794,#5795,#5796,#5797,#5798,#5799,#5800,#5801,
#5802,#5803,#5804,#5805,#5806,#5807,#5808,#5809,#5810,#5811,#5812,#5813,
#5814,#5815,#5816,#5817,#5818,#5819,#5820,#5821,#5822,#5823,#5824,#5825,
#5826,#5827,#5828,#5829,#5830,#5831,#5832,#5833,#5834,#5835,#5836,#5837,
#5838,#5839,#5840,#5841,#5842,#5843,#5844,#5845,#5846,#5847,#5848,#5849,
#5850,#5851,#5852,#5853,#5854,#5855,#5856,#5857,#5858,#5859,#5860,#5861,
#5862,#5863,#5864,#5865,#5866,#5867,#5868,#5869,#5870,#5871,#5872,#5873,
#5874,#5875,#5876,#5877,#5878,#5879,#5880,#5881,#5882,#5883,#5884,#5885,
#5886,#5887,#5888,#5889,#5890,#5891,#5892,#5893,#5894,#5895,#5896,#5897,
#5898,#5899,#5900,#5901,#5902,#5903,#5904,#5905,#5906,#5907,#5908,#5909,
#5910,#5911,#5912,#5913,#5914,#5915,#5916,#5917,#5918,#5919,#5920,#5921,
#5922,#5923,#5924,#5925,#5926,#5927,#5928,#5929,#5930,#5931,#5932,#5933,
#5934,#5935,#5936,#5937,#5938,#5939,#5940,#5941,#5942,#5943,#5944,#5945,
#5946,#5947,#5948,#5949,#5950,#5951,#5952,#5953,#5954,#5955,#5956,#5957,
#5958,#5959,#5960,#5961,#5962,#5963,#5964,#5965,#5966,#5967,#5968,#5969,
#5970,#5971,#5972,#5973,#5974,#5975,#5976,#5977,#5978,#5979,#5980,#5981,
#5982,#5983,#5984,#5985,#5986,#5987,#5988,#5989,#5990,#5991,#5992,#5993,
#5994,#5995,#5996,#5997,#5998,#5999,#6000,#6001,#6002,#6003,#6004,#6005,
#6006,#6007,#6008,#6009,#6010,#6011,#6012,#6013,#6014,#6015,#6016,#6017,
#6018,#6019,#6020,#6021,#6022,#6023,#6024,#6025,#6026,#6027,#6028,#6029,
#6030,#6031,#6032,#6033,#6034,#6035,#6036,#6037,#6038,#6039,#6040,#6041,
#6042,#6043,#6044,#6045,#6046,#6047,#6048,#6049,#6050,#6051,#6052,#6053,
#6054,#6055,#6056,#6057,#6058,#6059,#6060,#6061,#6062,#6063,#6064,#6065,
#6066,#6067,#6068,#6069,#6070,#6071,#6072,#6073,#6074,#6075,#6076,#6077,
#6078,#6079,#6080,#6081,#6082,#6083,#6084,#6085,#6086,#6087,#6088,#6089,
#6090,#6091,#6092,#6093,#6094,#6095,#6096,#6097,#6098,#6099,#6100,#6101,
#6102,#6103,#6104,#6105,#6106,#6107,#6108,#6109,#6110,#6111,#6112,#6113,
#6114,#6115,#6116,#6117,#6118,#6119,#6120,#6121,#6122,#6123,#6124,#6125,
#6126,#6127,#6128,#6129,#6130,#6131,#6132,#6133,#6134,#6135,#6136,#6137,
#6138,#6139)),.UNSPECIFIED.,.F.,.F.,.F.)
B_SPLINE_SURFACE_WITH_KNOTS((2,2),(3,2,2,2,2,2,2,2,2,2,2,2,2,2,2,2,2,2,
2,2,2,2,2,2,2,2,2,2,2,2,2,2,2,2,2,2,2,2,2,2,2,2,2,2,2,2,2,2,2,2,2,2,2,2,
2,2,2,2,2,2,2,2,2,2,2,2,2,2,2,2,2,2,2,2,2,2,2,2,2,2,2,2,2,2,2,2,2,2,2,2,
2,2,2,2,2,2,2,2,2,2,2,2,2,2,2,2,2,2,2,2,2,2,2,2,2,2,2,2,2,2,2,2,2,2,2,2,
2,2,2,2,2,2,2,2,2,2,2,2,2,2,2,2,2,2,2,2,2,2,2,2,2,2,2,2,2,2,2,2,2,2,2,2,
2,2,2,2,2,2,2,2,2,2,2,2,2,2,2,2,2,2,2,2,2,2,2,2,2,2,2,2,2,2,2,2,2,2,2,2,
2,2,2,2,2,2,2,2,2,2,2,2,2,2,2,2,2,2,2,2,2,2,2,2,2,2,2,2,2,2,2,2,3),(-3.15433278285919E-6,
1.),(0.,0.00434782608695652,0.00869565217391304,0.0130434782608696,0.0173913043478261,
0.0217391304347826,0.0260869565217391,0.0304347826086957,0.0347826086956522,
0.0391304347826087,0.0434782608695652,0.0478260869565217,0.0521739130434783,
0.0565217391304348,0.0608695652173913,0.0652173913043478,0.0695652173913043,
0.0739130434782609,0.0782608695652174,0.0826086956521739,0.0869565217391304,
0.091304347826087,0.0956521739130435,0.1,0.104347826086957,0.108695652173913,
0.11304347826087,0.117391304347826,0.121739130434783,0.126086956521739,
0.130434782608696,0.134782608695652,0.139130434782609,0.143478260869565,
0.147826086956522,0.152173913043478,0.156521739130435,0.160869565217391,
0.165217391304348,0.169565217391304,0.173913043478261,0.178260869565217,
0.182608695652174,0.18695652173913,0.191304347826087,0.195652173913043,
0.2,0.204347826086957,0.208695652173913,0.21304347826087,0.217391304347826,
0.221739130434783,0.226086956521739,0.230434782608696,0.234782608695652,
0.239130434782609,0.243478260869565,0.247826086956522,0.252173913043478,
0.256521739130435,0.260869565217391,0.265217391304348,0.269565217391304,
0.273913043478261,0.278260869565217,0.282608695652174,0.28695652173913,
0.291304347826087,0.295652173913043,0.3,0.304347826086957,0.308695652173913,
0.31304347826087,0.317391304347826,0.321739130434783,0.326086956521739,
0.330434782608696,0.334782608695652,0.339130434782609,0.343478260869565,
0.347826086956522,0.352173913043478,0.356521739130435,0.360869565217391,
0.365217391304348,0.369565217391304,0.373913043478261,0.378260869565217,
0.382608695652174,0.38695652173913,0.391304347826087,0.395652173913043,
0.4,0.404347826086957,0.408695652173913,0.41304347826087,0.417391304347826,
0.421739130434783,0.426086956521739,0.430434782608696,0.434782608695652,
0.439130434782609,0.443478260869565,0.447826086956522,0.452173913043478,
0.456521739130435,0.460869565217391,0.465217391304348,0.469565217391304,
0.473913043478261,0.478260869565217,0.482608695652174,0.48695652173913,
0.491304347826087,0.495652173913044,0.5,0.504347826086956,0.508695652173913,
0.51304347826087,0.517391304347826,0.521739130434783,0.526086956521739,
0.530434782608696,0.534782608695652,0.539130434782609,0.543478260869565,
0.547826086956522,0.552173913043478,0.556521739130435,0.560869565217391,
0.565217391304348,0.569565217391304,0.573913043478261,0.578260869565217,
0.582608695652174,0.58695652173913,0.591304347826087,0.595652173913043,
0.6,0.604347826086956,0.608695652173913,0.61304347826087,0.617391304347826,
0.621739130434783,0.626086956521739,0.630434782608696,0.634782608695652,
0.639130434782609,0.643478260869565,0.647826086956522,0.652173913043478,
0.656521739130435,0.660869565217391,0.665217391304348,0.669565217391304,
0.673913043478261,0.678260869565217,0.682608695652174,0.68695652173913,
0.691304347826087,0.695652173913043,0.7,0.704347826086957,0.708695652173913,
0.71304347826087,0.717391304347826,0.721739130434783,0.726086956521739,
0.730434782608696,0.734782608695652,0.739130434782609,0.743478260869565,
0.747826086956522,0.752173913043478,0.756521739130435,0.760869565217391,
0.765217391304348,0.769565217391304,0.773913043478261,0.778260869565217,
0.782608695652174,0.78695652173913,0.791304347826087,0.795652173913043,
0.8,0.804347826086957,0.808695652173913,0.81304347826087,0.817391304347826,
0.821739130434783,0.826086956521739,0.830434782608696,0.834782608695652,
0.839130434782609,0.843478260869565,0.847826086956522,0.852173913043478,
0.856521739130435,0.860869565217391,0.865217391304348,0.869565217391304,
0.873913043478261,0.878260869565217,0.882608695652174,0.88695652173913,
0.891304347826087,0.895652173913044,0.9,0.904347826086957,0.908695652173913,
0.91304347826087,0.917391304347826,0.921739130434783,0.926086956521739,
0.930434782608696,0.934782608695652,0.939130434782609,0.943478260869565,
0.947826086956522,0.952173913043478,0.956521739130435,0.960869565217391,
0.965217391304348,0.969565217391304,0.973913043478261,0.978260869565217,
0.982608695652174,0.98695652173913,0.991304347826087,0.995652173913044,
0.997960833054426),.UNSPECIFIED.)
GEOMETRIC_REPRESENTATION_ITEM()
RATIONAL_B_SPLINE_SURFACE(((1.,0.951056516295153,1.,0.951056516295153,1.,
0.951056516295153,1.,0.951056516295153,1.,0.951056516295153,1.,0.951056516295153,
1.,0.951056516295153,1.,0.951056516295153,1.,0.951056516295153,1.,0.951056516295153,
1.,0.951056516295153,1.,0.951056516295153,1.,0.951056516295153,1.,0.951056516295153,
1.,0.951056516295153,1.,0.951056516295153,1.,0.951056516295153,1.,0.951056516295153,
1.,0.951056516295153,1.,0.951056516295153,1.,0.951056516295153,1.,0.951056516295153,
1.,0.951056516295153,1.,0.951056516295153,1.,0.951056516295153,1.,0.951056516295153,
1.,0.951056516295153,1.,0.951056516295153,1.,0.951056516295153,1.,0.951056516295153,
1.,0.951056516295153,1.,0.951056516295153,1.,0.951056516295153,1.,0.951056516295153,
1.,0.951056516295153,1.,0.951056516295153,1.,0.951056516295153,1.,0.951056516295153,
1.,0.951056516295153,1.,0.951056516295153,1.,0.951056516295153,1.,0.951056516295153,
1.,0.951056516295153,1.,0.951056516295153,1.,0.951056516295153,1.,0.951056516295153,
1.,0.951056516295153,1.,0.951056516295153,1.,0.951056516295153,1.,0.951056516295153,
1.,0.951056516295153,1.,0.951056516295153,1.,0.951056516295153,1.,0.951056516295153,
1.,0.951056516295153,1.,0.951056516295153,1.,0.951056516295153,1.,0.951056516295153,
1.,0.951056516295153,1.,0.951056516295153,1.,0.951056516295153,1.,0.951056516295153,
1.,0.951056516295153,1.,0.951056516295153,1.,0.951056516295153,1.,0.951056516295153,
1.,0.951056516295153,1.,0.951056516295153,1.,0.951056516295153,1.,0.951056516295153,
1.,0.951056516295153,1.,0.951056516295153,1.,0.951056516295153,1.,0.951056516295153,
1.,0.951056516295153,1.,0.951056516295153,1.,0.951056516295153,1.,0.951056516295153,
1.,0.951056516295153,1.,0.951056516295153,1.,0.951056516295153,1.,0.951056516295153,
1.,0.951056516295153,1.,0.951056516295153,1.,0.951056516295153,1.,0.951056516295153,
1.,0.951056516295153,1.,0.951056516295153,1.,0.951056516295153,1.,0.951056516295153,
1.,0.951056516295153,1.,0.951056516295153,1.,0.951056516295153,1.,0.951056516295153,
1.,0.951056516295153,1.,0.951056516295153,1.,0.951056516295153,1.,0.951056516295153,
1.,0.951056516295153,1.,0.951056516295153,1.,0.951056516295153,1.,0.951056516295153,
1.,0.951056516295153,1.,0.951056516295153,1.,0.951056516295153,1.,0.951056516295153,
1.,0.951056516295153,1.,0.951056516295153,1.,0.951056516295153,1.,0.951056516295153,
1.,0.951056516295153,1.,0.951056516295153,1.,0.951056516295153,1.,0.951056516295153,
1.,0.951056516295153,1.,0.951056516295153,1.,0.951056516295153,1.,0.951056516295153,
1.,0.951056516295153,1.,0.951056516295153,1.,0.951056516295153,1.,0.951056516295153,
1.,0.951056516295153,1.,0.951056516295153,1.,0.951056516295153,1.,0.951056516295153,
1.,0.951056516295153,1.,0.951056516295153,1.,0.951056516295153,1.,0.951056516295153,
1.,0.951056516295153,1.,0.951056516295153,1.,0.951056516295153,1.,0.951056516295153,
1.,0.951056516295153,1.,0.951056516295153,1.,0.951056516295153,1.,0.951056516295153,
1.,0.951056516295153,1.,0.951056516295153,1.,0.951056516295153,1.,0.951056516295153,
1.,0.951056516295153,1.,0.951056516295153,1.,0.951056516295153,1.,0.951056516295153,
1.,0.951056516295153,1.,0.951056516295153,1.,0.951056516295153,1.,0.951056516295153,
1.,0.951056516295153,1.,0.951056516295153,1.,0.951056516295153,1.,0.951056516295153,
1.,0.951056516295153,1.,0.951056516295153,1.,0.951056516295153,1.,0.951056516295153,
1.,0.951056516295153,1.,0.951056516295153,1.,0.951056516295153,1.,0.951056516295153,
1.,0.951056516295153,1.,0.951056516295153,1.,0.951056516295153,1.,0.951056516295153,
1.,0.951056516295153,1.,0.951056516295153,1.,0.951056516295153,1.,0.951056516295153,
1.,0.951056516295153,1.,0.951056516295153,1.,0.951056516295153,1.,0.951056516295153,
1.,0.951056516295153,1.,0.951056516295153,1.,0.951056516295153,1.,0.951056516295153,
1.,0.951056516295153,1.,0.951056516295153,1.,0.951056516295153,1.,0.951056516295153,
1.,0.951056516295153,1.,0.951056516295153,1.,0.951056516295153,1.,0.951056516295153,
1.,0.951056516295153,1.,0.951056516295153,1.,0.951056516295153,1.,0.951056516295153,
1.,0.951056516295153,1.,0.951056516295153,1.,0.951056516295153,1.,0.951056516295153,
1.,0.951056516295153,1.,0.951056516295153,1.,0.951056516295153,1.,0.951056516295153,
1.,0.951056516295153,1.,0.951056516295153,1.,0.951056516295153,1.,0.951056516295153,
1.,0.951056516295153,1.,0.951056516295153,1.,0.951056516295153,1.,0.951056516295153,
1.,0.951056516295153,1.,0.951056516295153,1.,0.951056516295153,1.,0.951056516295153,
1.,0.951056516295153,1.,0.951056516295153,1.,0.951056516295153,1.,0.951056516295153,
1.,0.951056516295153,1.,0.951056516295153,1.,0.951056516295153,1.,0.951056516295153,
1.,0.951056516295153,1.,0.951056516295153,1.,0.951056516295153,1.,0.951056516295153,
1.,0.951056516295153,1.,0.951056516295153,1.,0.951056516295153,1.,0.951056516295153,
1.,0.951056516295153,1.,0.951056516295153,1.,0.951056516295153,1.,0.974011421154755,
0.975622276565908),(1.,0.951056516295154,1.,0.951056516295154,1.,0.951056516295154,
1.,0.951056516295154,1.,0.951056516295154,1.,0.951056516295154,1.,0.951056516295154,
1.,0.951056516295154,1.,0.951056516295154,1.,0.951056516295154,1.,0.951056516295154,
1.,0.951056516295154,1.,0.951056516295154,1.,0.951056516295154,1.,0.951056516295154,
1.,0.951056516295154,1.,0.951056516295154,1.,0.951056516295154,1.,0.951056516295154,
1.,0.951056516295154,1.,0.951056516295154,1.,0.951056516295154,1.,0.951056516295154,
1.,0.951056516295154,1.,0.951056516295154,1.,0.951056516295154,1.,0.951056516295154,
1.,0.951056516295154,1.,0.951056516295154,1.,0.951056516295154,1.,0.951056516295154,
1.,0.951056516295154,1.,0.951056516295154,1.,0.951056516295154,1.,0.951056516295154,
1.,0.951056516295154,1.,0.951056516295154,1.,0.951056516295154,1.,0.951056516295154,
1.,0.951056516295154,1.,0.951056516295154,1.,0.951056516295154,1.,0.951056516295154,
1.,0.951056516295154,1.,0.951056516295154,1.,0.951056516295154,1.,0.951056516295154,
1.,0.951056516295154,1.,0.951056516295154,1.,0.951056516295154,1.,0.951056516295154,
1.,0.951056516295154,1.,0.951056516295154,1.,0.951056516295154,1.,0.951056516295154,
1.,0.951056516295154,1.,0.951056516295154,1.,0.951056516295154,1.,0.951056516295154,
1.,0.951056516295154,1.,0.951056516295154,1.,0.951056516295154,1.,0.951056516295154,
1.,0.951056516295154,1.,0.951056516295154,1.,0.951056516295154,1.,0.951056516295154,
1.,0.951056516295154,1.,0.951056516295154,1.,0.951056516295154,1.,0.951056516295154,
1.,0.951056516295154,1.,0.951056516295154,1.,0.951056516295154,1.,0.951056516295154,
1.,0.951056516295154,1.,0.951056516295154,1.,0.951056516295154,1.,0.951056516295154,
1.,0.951056516295154,1.,0.951056516295154,1.,0.951056516295154,1.,0.951056516295154,
1.,0.951056516295154,1.,0.951056516295154,1.,0.951056516295154,1.,0.951056516295154,
1.,0.951056516295154,1.,0.951056516295154,1.,0.951056516295154,1.,0.951056516295154,
1.,0.951056516295154,1.,0.951056516295154,1.,0.951056516295154,1.,0.951056516295154,
1.,0.951056516295154,1.,0.951056516295154,1.,0.951056516295154,1.,0.951056516295154,
1.,0.951056516295154,1.,0.951056516295154,1.,0.951056516295154,1.,0.951056516295154,
1.,0.951056516295154,1.,0.951056516295154,1.,0.951056516295154,1.,0.951056516295154,
1.,0.951056516295154,1.,0.951056516295154,1.,0.951056516295154,1.,0.951056516295154,
1.,0.951056516295154,1.,0.951056516295154,1.,0.951056516295154,1.,0.951056516295154,
1.,0.951056516295154,1.,0.951056516295154,1.,0.951056516295154,1.,0.951056516295154,
1.,0.951056516295154,1.,0.951056516295154,1.,0.951056516295154,1.,0.951056516295154,
1.,0.951056516295154,1.,0.951056516295154,1.,0.951056516295154,1.,0.951056516295154,
1.,0.951056516295154,1.,0.951056516295154,1.,0.951056516295154,1.,0.951056516295154,
1.,0.951056516295154,1.,0.951056516295154,1.,0.951056516295154,1.,0.951056516295154,
1.,0.951056516295154,1.,0.951056516295154,1.,0.951056516295154,1.,0.951056516295154,
1.,0.951056516295154,1.,0.951056516295154,1.,0.951056516295154,1.,0.951056516295154,
1.,0.951056516295154,1.,0.951056516295154,1.,0.951056516295154,1.,0.951056516295154,
1.,0.951056516295154,1.,0.951056516295154,1.,0.951056516295154,1.,0.951056516295154,
1.,0.951056516295154,1.,0.951056516295154,1.,0.951056516295154,1.,0.951056516295154,
1.,0.951056516295154,1.,0.951056516295154,1.,0.951056516295154,1.,0.951056516295154,
1.,0.951056516295154,1.,0.951056516295154,1.,0.951056516295154,1.,0.951056516295154,
1.,0.951056516295154,1.,0.951056516295154,1.,0.951056516295154,1.,0.951056516295154,
1.,0.951056516295154,1.,0.951056516295154,1.,0.951056516295154,1.,0.951056516295154,
1.,0.951056516295154,1.,0.951056516295154,1.,0.951056516295154,1.,0.951056516295154,
1.,0.951056516295154,1.,0.951056516295154,1.,0.951056516295154,1.,0.951056516295154,
1.,0.951056516295154,1.,0.951056516295154,1.,0.951056516295154,1.,0.951056516295154,
1.,0.951056516295154,1.,0.951056516295154,1.,0.951056516295154,1.,0.951056516295154,
1.,0.951056516295154,1.,0.951056516295154,1.,0.951056516295154,1.,0.951056516295154,
1.,0.951056516295154,1.,0.951056516295154,1.,0.951056516295154,1.,0.951056516295154,
1.,0.951056516295154,1.,0.951056516295154,1.,0.951056516295154,1.,0.951056516295154,
1.,0.951056516295154,1.,0.951056516295154,1.,0.951056516295154,1.,0.951056516295154,
1.,0.951056516295154,1.,0.951056516295154,1.,0.951056516295154,1.,0.951056516295154,
1.,0.951056516295154,1.,0.951056516295154,1.,0.951056516295154,1.,0.951056516295154,
1.,0.951056516295154,1.,0.951056516295154,1.,0.951056516295154,1.,0.951056516295154,
1.,0.951056516295154,1.,0.951056516295154,1.,0.951056516295154,1.,0.951056516295154,
1.,0.951056516295154,1.,0.951056516295154,1.,0.951056516295154,1.,0.951056516295154,
1.,0.951056516295154,1.,0.951056516295154,1.,0.951056516295154,1.,0.951056516295154,
1.,0.951056516295154,1.,0.951056516295154,1.,0.974011421154755,0.975622276565909)))
REPRESENTATION_ITEM('')
SURFACE()
);
#20=FACE_BOUND('',#252,.T.);
#21=FACE_BOUND('',#284,.T.);
#22=FACE_BOUND('',#285,.T.);
#23=FACE_BOUND('',#286,.T.);
#24=FACE_BOUND('',#288,.T.);
#25=PLANE('',#1648);
#26=PLANE('',#1650);
#27=PLANE('',#1653);
#28=PLANE('',#1656);
#29=PLANE('',#1691);
#30=PLANE('',#1694);
#31=PLANE('',#1695);
#32=PLANE('',#1698);
#33=PLANE('',#1701);
#34=PLANE('',#1704);
#35=PLANE('',#1707);
#36=PLANE('',#1708);
#37=PLANE('',#1722);
#38=PLANE('',#1724);
#39=PLANE('',#1726);
#40=PLANE('',#1728);
#41=PLANE('',#1730);
#42=PLANE('',#1732);
#43=PLANE('',#1733);
#44=TOROIDAL_SURFACE('',#1633,0.51603561627545,0.0230268837245496);
#45=TOROIDAL_SURFACE('',#1639,0.344007088131897,0.0125);
#46=TOROIDAL_SURFACE('',#1645,0.31348772341286,0.0125);
#47=TOROIDAL_SURFACE('',#1659,0.00925,0.002);
#48=TOROIDAL_SURFACE('',#1665,0.00925,0.002);
#49=TOROIDAL_SURFACE('',#1672,0.00925,0.002);
#50=TOROIDAL_SURFACE('',#1677,0.00925,0.002);
#51=TOROIDAL_SURFACE('',#1682,0.00925,0.002);
#52=TOROIDAL_SURFACE('',#1687,0.00925,0.002);
#53=CONICAL_SURFACE('',#1623,0.25,0.5235987755983);
#54=CONICAL_SURFACE('',#1625,0.25,0.5235987755983);
#55=CONICAL_SURFACE('',#1627,0.25,0.5235987755983);
#56=CONICAL_SURFACE('',#1629,0.192307692307693,0.785398163397445);
#57=CONICAL_SURFACE('',#1638,0.527549058137725,1.0471975511966);
#58=CONICAL_SURFACE('',#1643,0.3375,0.610865238198017);
#59=CONICAL_SURFACE('',#1715,0.375,1.0471975511966);
#60=CONICAL_SURFACE('',#1716,0.375,1.0471975511966);
#61=CONICAL_SURFACE('',#1717,0.375,1.0471975511966);
#62=CONICAL_SURFACE('',#1718,0.375,1.0471975511966);
#63=CONICAL_SURFACE('',#1719,0.375,1.0471975511966);
#64=CONICAL_SURFACE('',#1720,0.375,1.0471975511966);
#65=B_SPLINE_CURVE_WITH_KNOTS('',3,(#2809,#2810,#2811,#2812,#2813,#2814,
#2815,#2816,#2817,#2818,#2819,#2820,#2821,#2822,#2823,#2824,#2825,#2826,
#2827,#2828,#2829,#2830,#2831,#2832),.UNSPECIFIED.,.F.,.F.,(4,2,2,2,2,2,
2,2,2,2,2,4),(-2.50331548491848,-2.45322087253432,-2.2072164241542,-1.95770938974453,
-1.70850811244739,-1.4622821753113,-1.21059097189396,-0.963762533946388,
-0.715794190562624,-0.463913402651818,-0.233026129986907,-1.000000036111E-6),
 .UNSPECIFIED.);
#66=B_SPLINE_CURVE_WITH_KNOTS('',3,(#2835,#2836,#2837,#2838,#2839,#2840,
#2841,#2842,#2843,#2844,#2845,#2846,#2847,#2848,#2849,#2850,#2851,#2852,
#2853,#2854),.UNSPECIFIED.,.F.,.F.,(4,2,2,2,2,2,2,2,2,4),(-62.1470971105348,
-61.8931777024963,-61.6436737212422,-61.3975694566244,-61.1442799451806,
-60.8967634295931,-60.6492551497396,-60.3980345550547,-60.1518782334528,
-60.1421933460516),.UNSPECIFIED.);
#67=B_SPLINE_CURVE_WITH_KNOTS('',3,(#2859,#2860,#2861,#2862,#2863,#2864,
#2865,#2866,#2867,#2868,#2869,#2870,#2871,#2872,#2873,#2874,#2875,#2876,
#2877,#2878,#2879,#2880,#2881,#2882,#2883,#2884,#2885,#2886,#2887,#2888,
#2889,#2890,#2891,#2892,#2893,#2894),.UNSPECIFIED.,.F.,.F.,(4,2,2,2,2,2,
2,2,2,2,2,2,2,2,2,2,2,4),(-6.51217083534868,-6.43419496239768,-6.18765415329617,
-5.93915559661043,-5.68813783364773,-5.44219664405369,-5.19159455915167,
-4.94372561895578,-4.69674579380346,-4.44390256302935,-4.19761947557455,
-3.94855195281022,-3.69843664798342,-3.45234121917965,-3.20112538392158,
-2.95377226411813,-2.70626151338626,-2.50331548491848),.UNSPECIFIED.);
#68=B_SPLINE_CURVE_WITH_KNOTS('',3,(#2895,#2896,#2897,#2898,#2899,#2900,
#2901,#2902,#2903,#2904,#2905,#2906,#2907,#2908,#2909,#2910,#2911,#2912,
#2913,#2914,#2915,#2916,#2917,#2918,#2919,#2920,#2921,#2922,#2923,#2924,
#2925,#2926,#2927,#2928,#2929,#2930),.UNSPECIFIED.,.F.,.F.,(4,2,2,2,2,2,
2,2,2,2,2,2,2,2,2,2,2,4),(-60.1421933460516,-59.9015517929969,-59.6524743419338,
-59.4060719966213,-59.1532220003183,-58.9062207127402,-58.6581721914809,
-58.4075604844289,-58.1615367631089,-57.910283719741,-57.6617692827886,
-57.4150872454332,-57.1628296230344,-56.9162412195572,-56.6674918875136,
-56.4174440095626,-56.171397540319,-56.1321270572231),.UNSPECIFIED.);
#69=B_SPLINE_CURVE_WITH_KNOTS('',3,(#2935,#2936,#2937,#2938,#2939,#2940,
#2941,#2942,#2943,#2944,#2945,#2946,#2947,#2948,#2949,#2950,#2951,#2952,
#2953,#2954,#2955,#2956,#2957,#2958,#2959,#2960,#2961,#2962,#2963,#2964,
#2965,#2966,#2967,#2968,#2969,#2970),.UNSPECIFIED.,.F.,.F.,(4,2,2,2,2,2,
2,2,2,2,2,2,2,2,2,2,2,4),(-10.5212707611844,-10.4157247607619,-10.1682386282671,
-9.92070733284187,-9.66746264485897,-9.42136700465404,-9.1718458988166,
-8.92247936014712,-8.67620943249297,-8.42450740119445,-8.17755948599447,
-7.92957896301189,-7.67750497791793,-7.43156320550515,-7.18153228120773,
-6.93298433196797,-6.68643912634968,-6.51217083534868),.UNSPECIFIED.);
#70=B_SPLINE_CURVE_WITH_KNOTS('',3,(#2971,#2972,#2973,#2974,#2975,#2976,
#2977,#2978,#2979,#2980,#2981,#2982,#2983,#2984,#2985,#2986,#2987,#2988,
#2989,#2990,#2991,#2992,#2993,#2994,#2995,#2996,#2997,#2998,#2999,#3000,
#3001,#3002,#3003,#3004,#3005,#3006),.UNSPECIFIED.,.F.,.F.,(4,2,2,2,2,2,
2,2,2,2,2,2,2,2,2,2,2,4),(-56.1321270572231,-55.9190690074243,-55.6710641161223,
-55.4239548602664,-55.1722299264108,-54.9258936941541,-54.676308231577,
-54.4267601111318,-54.1805388264678,-53.9271890874922,-53.679758106275,
-53.4322628053046,-53.1811726867246,-52.9351001619754,-52.6847460809975,
-52.4357941638032,-52.1894317655227,-52.1219999956656),.UNSPECIFIED.);
#71=B_SPLINE_CURVE_WITH_KNOTS('',3,(#3011,#3012,#3013,#3014,#3015,#3016,
#3017,#3018,#3019,#3020,#3021,#3022,#3023,#3024,#3025,#3026,#3027,#3028,
#3029,#3030,#3031,#3032,#3033,#3034,#3035,#3036,#3037,#3038,#3039,#3040,
#3041,#3042,#3043,#3044,#3045,#3046),.UNSPECIFIED.,.F.,.F.,(4,2,2,2,2,2,
2,2,2,2,2,2,2,2,2,2,2,4),(-14.5313889927972,-14.3974118172033,-14.1486959143905,
-13.9021023276134,-13.6498316665466,-13.4031684601401,-13.1546418110382,
-12.9034303735989,-12.6574111436387,-12.4067855370343,-12.1587651900457,
-11.9117533315269,-11.6588885813163,-11.4124997099677,-11.1634085185763,
-10.9131178717566,-10.6669606132585,-10.5212707611844),.UNSPECIFIED.);
#72=B_SPLINE_CURVE_WITH_KNOTS('',3,(#3047,#3048,#3049,#3050,#3051,#3052,
#3053,#3054,#3055,#3056,#3057,#3058,#3059,#3060,#3061,#3062,#3063,#3064,
#3065,#3066,#3067,#3068,#3069,#3070,#3071,#3072,#3073,#3074,#3075,#3076,
#3077,#3078,#3079,#3080,#3081,#3082),.UNSPECIFIED.,.F.,.F.,(4,2,2,2,2,2,
2,2,2,2,2,2,2,2,2,2,2,4),(-52.1219999956656,-51.936711653916,-51.6898246063301,
-51.4417712878243,-51.1912860527265,-50.9453298010844,-50.6940317782726,
-50.4456378512366,-50.1989794251,-49.9468460641362,-49.7003550627478,-49.4515851881739,
-49.2016576890579,-48.9556620100284,-48.703275073869,-48.4553837690364,
-48.2082834292439,-48.1128385563826),.UNSPECIFIED.);
#73=B_SPLINE_CURVE_WITH_KNOTS('',3,(#3087,#3088,#3089,#3090,#3091,#3092,
#3093,#3094,#3095,#3096,#3097,#3098,#3099,#3100,#3101,#3102,#3103,#3104,
#3105,#3106,#3107,#3108,#3109,#3110,#3111,#3112,#3113,#3114,#3115,#3116,
#3117,#3118,#3119,#3120,#3121,#3122),.UNSPECIFIED.,.F.,.F.,(4,2,2,2,2,2,
2,2,2,2,2,2,2,2,2,2,2,4),(-18.5414230758198,-18.3800168524748,-18.1297072563098,
-17.8836403281472,-17.6325403413759,-17.3850751526697,-17.1376345011365,
-16.8842741748831,-16.6380679094095,-16.3885102949313,-16.1389624436261,
-15.8926267155493,-15.6408911298269,-15.3938055742401,-15.145790619559,
-14.8935082723363,-14.6474717242334,-14.5313889927972),.UNSPECIFIED.);
#74=B_SPLINE_CURVE_WITH_KNOTS('',3,(#3123,#3124,#3125,#3126,#3127,#3128,
#3129,#3130,#3131,#3132,#3133,#3134,#3135,#3136,#3137,#3138,#3139,#3140,
#3141,#3142,#3143,#3144,#3145,#3146,#3147,#3148,#3149,#3150,#3151,#3152,
#3153,#3154,#3155,#3156,#3157,#3158),.UNSPECIFIED.,.F.,.F.,(4,2,2,2,2,2,
2,2,2,2,2,2,2,2,2,2,2,4),(-48.1128385563826,-47.9566750850799,-47.7104186542894,
-47.4608003270365,-47.2113644725103,-46.9651784638938,-46.711945576951,
-46.4646258557752,-46.2171200309334,-45.9661437838807,-45.7201352702521,
-45.4697277396113,-45.2208844793951,-44.9745399611649,-44.721932664901,
-44.4751412764974,-44.2270588202464,-44.1038322419679),.UNSPECIFIED.);
#75=B_SPLINE_CURVE_WITH_KNOTS('',3,(#3163,#3164,#3165,#3166,#3167,#3168,
#3169,#3170,#3171,#3172,#3173,#3174,#3175,#3176,#3177,#3178,#3179,#3180,
#3181,#3182,#3183,#3184,#3185,#3186,#3187,#3188,#3189,#3190,#3191,#3192,
#3193,#3194,#3195,#3196,#3197,#3198),.UNSPECIFIED.,.F.,.F.,(4,2,2,2,2,2,
2,2,2,2,2,2,2,2,2,2,2,4),(-22.5503321439957,-22.3612794317929,-22.1089477209135,
-21.8629689947385,-21.6130350184868,-21.3643069200297,-21.1178169689213,
-20.8656761001203,-20.6190440325609,-20.3706433564589,-20.1193958583033,
-19.873450839847,-19.6229570908235,-19.374940083687,-19.1280483487082,-18.875318857859,
-18.6289771863374,-18.5414230758198),.UNSPECIFIED.);
#76=B_SPLINE_CURVE_WITH_KNOTS('',3,(#3199,#3200,#3201,#3202,#3203,#3204,
#3205,#3206,#3207,#3208,#3209,#3210,#3211,#3212,#3213,#3214,#3215,#3216,
#3217,#3218,#3219,#3220,#3221,#3222,#3223,#3224,#3225,#3226,#3227,#3228,
#3229,#3230,#3231,#3232,#3233,#3234),.UNSPECIFIED.,.F.,.F.,(4,2,2,2,2,2,
2,2,2,2,2,2,2,2,2,2,2,4),(-44.1038322419679,-43.9766829766241,-43.7307734295969,
-43.4794041017031,-43.2311134111913,-42.9844558588369,-42.7324292468852,
-42.486016151967,-42.2372009318565,-41.9873762618497,-41.7414098911312,
-41.4889380238987,-41.2411425340769,-40.9940279083789,-40.7447174087032,
-40.4949870032493,-40.2488016852852,-40.0951469250564),.UNSPECIFIED.);
#77=B_SPLINE_CURVE_WITH_KNOTS('',3,(#3239,#3240,#3241,#3242,#3243,#3244,
#3245,#3246,#3247,#3248,#3249,#3250,#3251,#3252,#3253,#3254,#3255,#3256,
#3257,#3258,#3259,#3260,#3261,#3262,#3263,#3264,#3265,#3266,#3267,#3268,
#3269,#3270,#3271,#3272,#3273,#3274),.UNSPECIFIED.,.F.,.F.,(4,2,2,2,2,2,
2,2,2,2,2,2,2,2,2,2,2,4),(-26.5592093854474,-26.3424145110919,-26.0898037547933,
-25.8434874799377,-25.5946416511574,-25.3442873076209,-25.0982912316793,
-24.8473109193457,-24.5998432205493,-24.3525199525723,-24.0992822902132,
-23.853118559776,-23.6036789657851,-23.3541067113924,-23.1078573344087,
-22.8562440649018,-22.6091751579672,-22.5503321439957),.UNSPECIFIED.);
#78=B_SPLINE_CURVE_WITH_KNOTS('',3,(#3275,#3276,#3277,#3278,#3279,#3280,
#3281,#3282,#3283,#3284,#3285,#3286,#3287,#3288,#3289,#3290,#3291,#3292,
#3293,#3294,#3295,#3296,#3297,#3298,#3299,#3300,#3301,#3302,#3303,#3304,
#3305,#3306,#3307,#3308,#3309,#3310),.UNSPECIFIED.,.F.,.F.,(4,2,2,2,2,2,
2,2,2,2,2,2,2,2,2,2,2,4),(-40.0951469250564,-39.9973253661712,-39.7501810445478,
-39.5024178744662,-39.2498763292148,-39.0039046808776,-38.7541161343768,
-38.5052536031666,-38.2588624055167,-38.0068739546518,-37.7601951347887,
-37.5119409871687,-37.2605094876841,-37.0146043996105,-36.7642684228062,
-36.5161476612845,-36.2693881724449,-36.0866912707348),.UNSPECIFIED.);
#79=B_SPLINE_CURVE_WITH_KNOTS('',3,(#3315,#3316,#3317,#3318,#3319,#3320,
#3321,#3322,#3323,#3324,#3325,#3326,#3327,#3328,#3329,#3330,#3331,#3332,
#3333,#3334,#3335,#3336,#3337,#3338,#3339,#3340,#3341,#3342,#3343,#3344,
#3345,#3346,#3347,#3348,#3349,#3350),.UNSPECIFIED.,.F.,.F.,(4,2,2,2,2,2,
2,2,2,2,2,2,2,2,2,2,2,4),(-30.5673316961223,-30.3214875776731,-30.0699790857299,
-29.8229037476545,-29.5751099787279,-29.3227022280803,-29.0767601401298,
-28.8269350673745,-28.5781699839504,-28.3317646581053,-28.0797366039153,
-27.8331131303845,-27.5848216700864,-27.3335117141374,-27.087620510673,
-26.837242072914,-26.5892041573862,-26.5592093854474),.UNSPECIFIED.);
#80=B_SPLINE_CURVE_WITH_KNOTS('',3,(#3351,#3352,#3353,#3354,#3355,#3356,
#3357,#3358,#3359,#3360,#3361,#3362,#3363,#3364,#3365,#3366,#3367,#3368,
#3369,#3370,#3371,#3372,#3373,#3374,#3375,#3376,#3377,#3378,#3379,#3380,
#3381,#3382,#3383,#3384,#3385,#3386),.UNSPECIFIED.,.F.,.F.,(4,2,2,2,2,2,
2,2,2,2,2,2,2,2,2,2,2,4),(-36.0866912707348,-36.0168224991669,-35.7704662291981,
-35.5216626043567,-35.2712028309725,-35.0252085229696,-34.7742747037017,
-34.5267409898676,-34.2794620183503,-34.0262730608852,-33.7800850925074,
-33.5306909308283,-33.2810318902707,-33.0347986121141,-32.7832342451015,
-32.5361169606247,-32.2882682882558,-32.0775539928412),.UNSPECIFIED.);
#81=B_SPLINE_CURVE_WITH_KNOTS('',3,(#3391,#3392,#3393,#3394,#3395,#3396,
#3397,#3398,#3399,#3400,#3401,#3402,#3403,#3404,#3405,#3406,#3407,#3408,
#3409,#3410,#3411,#3412,#3413,#3414,#3415,#3416,#3417,#3418,#3419,#3420,
#3421,#3422,#3423,#3424,#3425,#3426,#3427,#3428),.UNSPECIFIED.,.F.,.F.,
(4,2,2,2,2,2,2,2,2,2,2,2,2,2,2,2,2,2,4),(-34.5753611518864,-34.5464558566165,
-34.2983782977978,-34.0480502112769,-33.8021686815991,-33.5507915554466,
-33.3025465952945,-33.0559030875106,-32.803923480046,-32.5575479775382,
-32.3087328004663,-32.0589537963834,-31.8130101303406,-31.5605264601653,
-31.3127743527122,-31.0666313734019,-30.817292193433,-30.5676704775976,
-30.5673316961223),.UNSPECIFIED.);
#82=B_SPLINE_CURVE_WITH_KNOTS('',3,(#3429,#3430,#3431,#3432,#3433,#3434,
#3435,#3436,#3437,#3438,#3439,#3440,#3441,#3442,#3443,#3444,#3445,#3446,
#3447,#3448,#3449,#3450,#3451,#3452,#3453,#3454,#3455,#3456,#3457,#3458,
#3459,#3460,#3461,#3462,#3463,#3464),.UNSPECIFIED.,.F.,.F.,(4,2,2,2,2,2,
2,2,2,2,2,2,2,2,2,2,2,4),(-32.0775539928412,-32.0358258738427,-31.7898369664145,
-31.5399558135995,-31.2911521036869,-31.0446942183402,-30.7926092379208,
-30.5459421353562,-30.2975948167602,-30.0462488101902,-29.8003087709749,
-29.5498733883504,-29.3017950911373,-29.0549507479695,-28.8022822532446,
-28.5559204244027,-28.3070180056044,-28.0687497927744),.UNSPECIFIED.);
#83=B_SPLINE_CURVE_WITH_KNOTS('',3,(#3469,#3470,#3471,#3472,#3473,#3474,
#3475,#3476,#3477,#3478,#3479,#3480,#3481,#3482,#3483,#3484,#3485,#3486,
#3487,#3488,#3489,#3490,#3491,#3492,#3493,#3494,#3495,#3496,#3497,#3498,
#3499,#3500,#3501,#3502,#3503,#3504),.UNSPECIFIED.,.F.,.F.,(4,2,2,2,2,2,
2,2,2,2,2,2,2,2,2,2,2,4),(-38.584020169546,-38.5261690262371,-38.279085151074,
-38.0275269199983,-37.781308735221,-37.5316941669815,-37.2823069569429,
-37.0361454887259,-36.7829628624988,-36.5356911015912,-36.2881958083,-36.037268769948,
-35.7912936014422,-35.5408836090127,-35.2920878160185,-35.0457625100128,
-34.7932041588732,-34.5753611518864),.UNSPECIFIED.);
#84=B_SPLINE_CURVE_WITH_KNOTS('',3,(#3505,#3506,#3507,#3508,#3509,#3510,
#3511,#3512,#3513,#3514,#3515,#3516,#3517,#3518,#3519,#3520,#3521,#3522,
#3523,#3524,#3525,#3526,#3527,#3528,#3529,#3530,#3531,#3532,#3533,#3534,
#3535,#3536,#3537,#3538,#3539,#3540,#3541,#3542),.UNSPECIFIED.,.F.,.F.,
(4,2,2,2,2,2,2,2,2,2,2,2,2,2,2,2,2,2,4),(-28.0687497927744,-28.0566257052482,
-27.8105787582736,-27.5595408704879,-27.3120307248992,-27.0646508451368,
-26.8113548610758,-26.5651435771237,-26.3156468658218,-26.0660343976417,
-25.8197322630396,-25.5680609877422,-25.320947440342,-25.0729947139319,
-24.8206252814163,-24.5745972272789,-24.3246050978805,-24.0758355024162,
-24.0589798199555),.UNSPECIFIED.);
#85=B_SPLINE_CURVE_WITH_KNOTS('',3,(#3547,#3548,#3549,#3550,#3551,#3552,
#3553,#3554,#3555,#3556,#3557,#3558,#3559,#3560,#3561,#3562,#3563,#3564,
#3565,#3566,#3567,#3568,#3569,#3570,#3571,#3572,#3573,#3574,#3575,#3576,
#3577,#3578,#3579,#3580,#3581,#3582),.UNSPECIFIED.,.F.,.F.,(4,2,2,2,2,2,
2,2,2,2,2,2,2,2,2,2,2,4),(-42.5925999062915,-42.5060489951347,-42.2597125437466,
-42.0070468066066,-41.7602087198604,-41.5121676021734,-41.2617355500327,
-41.0158137286167,-40.7645156996899,-40.5161729745201,-40.2695354828372,
-40.0174546804975,-39.7710073795619,-39.5222449410106,-39.2723686650248,
-39.0264022728879,-38.7740113399036,-38.584020169546),.UNSPECIFIED.);
#86=B_SPLINE_CURVE_WITH_KNOTS('',3,(#3583,#3584,#3585,#3586,#3587,#3588,
#3589,#3590,#3591,#3592,#3593,#3594,#3595,#3596,#3597,#3598,#3599,#3600,
#3601,#3602,#3603,#3604,#3605,#3606,#3607,#3608,#3609,#3610,#3611,#3612,
#3613,#3614,#3615,#3616,#3617,#3618),.UNSPECIFIED.,.F.,.F.,(4,2,2,2,2,2,
2,2,2,2,2,2,2,2,2,2,2,4),(-24.0589798199555,-23.829290698553,-23.5770908336383,
-23.3304124916609,-23.0819539163982,-22.8306673280271,-22.5846710429365,
-22.3341183288519,-22.0860581174956,-21.8391094932611,-21.5863202441116,
-21.3399304454726,-21.0909115255025,-20.840560986004,-20.5944408500632,
-20.3432813073853,-20.095770926082,-20.0492009852306),.UNSPECIFIED.);
#87=B_SPLINE_CURVE_WITH_KNOTS('',3,(#3623,#3624,#3625,#3626,#3627,#3628,
#3629,#3630,#3631,#3632,#3633,#3634,#3635,#3636,#3637,#3638,#3639,#3640,
#3641,#3642,#3643,#3644,#3645,#3646,#3647,#3648,#3649,#3650,#3651,#3652,
#3653,#3654,#3655,#3656,#3657,#3658),.UNSPECIFIED.,.F.,.F.,(4,2,2,2,2,2,
2,2,2,2,2,2,2,2,2,2,2,4),(-46.6021914487715,-46.487106826892,-46.2410959948482,
-45.9887714610074,-45.7408207391654,-45.493734866335,-45.2420653040224,
-44.9957732757712,-44.7461990834201,-44.4967048861879,-44.2505146721125,
-43.9972205304284,-43.7498431309431,-43.5023655020686,-43.2513299173562,
-43.0052969350654,-42.7549480855865,-42.5925999062915),.UNSPECIFIED.);
#88=B_SPLINE_CURVE_WITH_KNOTS('',3,(#3659,#3660,#3661,#3662,#3663,#3664,
#3665,#3666,#3667,#3668,#3669,#3670,#3671,#3672,#3673,#3674,#3675,#3676,
#3677,#3678,#3679,#3680,#3681,#3682,#3683,#3684,#3685,#3686,#3687,#3688,
#3689,#3690,#3691,#3692,#3693,#3694),.UNSPECIFIED.,.F.,.F.,(4,2,2,2,2,2,
2,2,2,2,2,2,2,2,2,2,2,4),(-20.0492009852306,-19.8482715761888,-19.5948509448012,
-19.3485946429983,-19.0989779468588,-18.8493869809151,-18.602996259528,
-18.3512007133432,-18.1040678702275,-17.8559939891248,-17.6036708200817,
-17.3575825409683,-17.1074625855521,-16.8587023266709,-16.6120517610912,
-16.3597202159008,-16.1130081602654,-16.0381067659677),.UNSPECIFIED.);
#89=B_SPLINE_CURVE_WITH_KNOTS('',3,(#3699,#3700,#3701,#3702,#3703,#3704,
#3705,#3706,#3707,#3708,#3709,#3710,#3711,#3712,#3713,#3714,#3715,#3716,
#3717,#3718,#3719,#3720,#3721,#3722,#3723,#3724,#3725,#3726,#3727,#3728,
#3729,#3730,#3731,#3732,#3733,#3734),.UNSPECIFIED.,.F.,.F.,(4,2,2,2,2,2,
2,2,2,2,2,2,2,2,2,2,2,4),(-50.6117596991199,-50.4670470183314,-50.2209359555799,
-49.9706224743616,-49.721602753195,-49.475232890548,-49.2224422235527,-48.9754953037127,
-48.7274662515922,-48.4769126887227,-48.2309295120324,-47.9796843747201,
-47.7312261639747,-47.484571819116,-47.2323718457782,-46.9858328419539,
-46.7370983764613,-46.6021914487715),.UNSPECIFIED.);
#90=B_SPLINE_CURVE_WITH_KNOTS('',3,(#3735,#3736,#3737,#3738,#3739,#3740,
#3741,#3742,#3743,#3744,#3745,#3746,#3747,#3748,#3749,#3750,#3751,#3752,
#3753,#3754,#3755,#3756,#3757,#3758,#3759,#3760,#3761,#3762,#3763,#3764,
#3765,#3766,#3767,#3768,#3769,#3770),.UNSPECIFIED.,.F.,.F.,(4,2,2,2,2,2,
2,2,2,2,2,2,2,2,2,2,2,4),(-16.0381067659677,-15.8644217467199,-15.6131681631607,
-15.3670953643425,-15.1164089538769,-14.8683426178924,-14.6212718646821,
-14.3683455210852,-14.1219060436335,-13.8727544480672,-13.6224198843444,
-13.3762072301882,-13.1249100239325,-12.8773760173624,-12.6297843602402,
-12.3764981874427,-12.1303504017327,-12.0271647970826),.UNSPECIFIED.);
#91=B_SPLINE_CURVE_WITH_KNOTS('',3,(#3775,#3776,#3777,#3778,#3779,#3780,
#3781,#3782,#3783,#3784,#3785,#3786,#3787,#3788,#3789,#3790,#3791,#3792,
#3793,#3794,#3795,#3796,#3797,#3798,#3799,#3800,#3801,#3802,#3803,#3804,
#3805,#3806,#3807,#3808,#3809,#3810),.UNSPECIFIED.,.F.,.F.,(4,2,2,2,2,2,
2,2,2,2,2,2,2,2,2,2,2,4),(-54.6202023447902,-54.4469946838384,-54.2005183871575,
-53.9519618570826,-53.702013831777,-53.45611034183,-53.2040027245536,-52.9561007084843,
-52.7091633944154,-52.457541968823,-52.2113294378823,-51.961945860947,-51.7125025441457,
-51.4664348540914,-51.2131503993767,-50.9656920505771,-50.718208349557,
-50.6117596991199),.UNSPECIFIED.);
#92=B_SPLINE_CURVE_WITH_KNOTS('',3,(#3811,#3812,#3813,#3814,#3815,#3816,
#3817,#3818,#3819,#3820,#3821,#3822,#3823,#3824,#3825,#3826,#3827,#3828,
#3829,#3830,#3831,#3832,#3833,#3834,#3835,#3836,#3837,#3838,#3839,#3840,
#3841,#3842,#3843,#3844,#3845,#3846),.UNSPECIFIED.,.F.,.F.,(4,2,2,2,2,2,
2,2,2,2,2,2,2,2,2,2,2,4),(-12.0271647970826,-11.8807676983836,-11.6313563730639,
-11.3850290392842,-11.1332644960778,-10.8862673489605,-10.6382254020975,
-10.3861090460843,-10.1401133203663,-9.89001980561482,-9.64142571085188,
-9.39482100908278,-9.14251338641689,-8.8959216717028,-8.64736083308292,
-8.39629924499488,-8.15030216053984,-8.01755057840082),.UNSPECIFIED.);
#93=B_SPLINE_CURVE_WITH_KNOTS('',3,(#3851,#3852,#3853,#3854,#3855,#3856,
#3857,#3858,#3859,#3860,#3861,#3862,#3863,#3864,#3865,#3866,#3867,#3868,
#3869,#3870,#3871,#3872,#3873,#3874,#3875,#3876,#3877,#3878,#3879,#3880,
#3881,#3882,#3883,#3884,#3885,#3886),.UNSPECIFIED.,.F.,.F.,(4,2,2,2,2,2,
2,2,2,2,2,2,2,2,2,2,2,4),(-58.6282880596737,-58.4263466485658,-58.1789232403367,
-57.9315839725971,-57.6804573414861,-57.4344218142666,-57.1842937845235,
-56.9353122116568,-56.689060342312,-56.4363060110945,-56.1894059524869,
-55.9415390190464,-55.6910236159437,-55.4451316671559,-55.1940895093865,
-54.9456737969541,-54.6991534263323,-54.6202023447902),.UNSPECIFIED.);
#94=B_SPLINE_CURVE_WITH_KNOTS('',3,(#3887,#3888,#3889,#3890,#3891,#3892,
#3893,#3894,#3895,#3896,#3897,#3898,#3899,#3900,#3901,#3902,#3903,#3904,
#3905,#3906,#3907,#3908,#3909,#3910,#3911,#3912,#3913,#3914,#3915,#3916,
#3917,#3918,#3919,#3920,#3921,#3922),.UNSPECIFIED.,.F.,.F.,(4,2,2,2,2,2,
2,2,2,2,2,2,2,2,2,2,2,4),(-8.01755057840082,-7.89963671562514,-7.65171987247879,
-7.40467855370264,-7.15177114312602,-6.9054352870887,-6.65630483206874,
-6.40614379414345,-6.15999055873418,-5.90871080773185,-5.66130778073381,
-5.41373415653569,-5.16065029130223,-4.91459134046098,-4.6650200554524,
-4.41577198295766,-4.16948603495014,-4.00798625289077),.UNSPECIFIED.);
#95=B_SPLINE_CURVE_WITH_KNOTS('',3,(#3927,#3928,#3929,#3930,#3931,#3932,
#3933,#3934,#3935,#3936,#3937,#3938),.UNSPECIFIED.,.F.,.F.,(4,2,2,2,2,4),
(1.67267998849991,1.76544208868207,1.85073044566095,2.01020806597687,2.1530950405039,
2.28492093121383),.UNSPECIFIED.);
#96=B_SPLINE_CURVE_WITH_KNOTS('',3,(#3941,#3942,#3943,#3944,#3945,#3946,
#3947,#3948),.UNSPECIFIED.,.F.,.F.,(4,2,2,4),(9.99999997104156E-7,0.112805778279703,
0.22797258806402,0.389704021910867),.UNSPECIFIED.);
#97=B_SPLINE_CURVE_WITH_KNOTS('',3,(#3955,#3956,#3957,#3958,#3959,#3960,
#3961,#3962,#3963,#3964,#3965,#3966,#3967,#3968,#3969,#3970,#3971,#3972,
#3973,#3974,#3975,#3976,#3977,#3978),.UNSPECIFIED.,.F.,.F.,(4,2,2,2,2,2,
2,2,2,2,2,4),(1.00000002603573E-6,0.138187933560976,0.277897512510825,0.516957971763788,
0.634230232415899,0.866762915367763,1.07190307895364,1.24628734712559,1.33460913556302,
1.50990499418448,1.59755924606156,1.67267998849991),.UNSPECIFIED.);
#98=B_SPLINE_CURVE_WITH_KNOTS('',3,(#3979,#3980,#3981,#3982,#3983,#3984,
#3985,#3986,#3987,#3988,#3989,#3990,#3991,#3992,#3993,#3994,#3995,#3996,
#3997,#3998,#3999,#4000,#4001,#4002,#4003,#4004,#4005,#4006,#4007,#4008,
#4009,#4010,#4011,#4012,#4013,#4014,#4015,#4016,#4017,#4018,#4019,#4020),
 .UNSPECIFIED.,.F.,.F.,(4,2,2,2,2,2,2,2,2,2,2,2,2,2,2,2,2,2,2,2,4),(0.389704021910867,
0.414493327656749,0.588826085587914,0.759568611062714,0.848657651121928,
1.02465647111455,1.2086418444841,1.38328008083158,1.54863885335607,1.70120954027861,
1.84993306222898,1.92784525494561,2.08098880159034,2.1593960430004,2.313808976305,
2.48444681705693,2.66579851556972,2.83171213961369,2.9133881943183,2.99521967360475,
3.08235532492474),.UNSPECIFIED.);
#99=B_SPLINE_CURVE_WITH_KNOTS('',3,(#4023,#4024,#4025,#4026,#4027,#4028,
#4029,#4030,#4031,#4032,#4033,#4034,#4035,#4036,#4037,#4038,#4039,#4040),
 .UNSPECIFIED.,.F.,.F.,(4,2,2,2,2,2,2,2,4),(3.08235532492474,3.15842824259131,
3.32549139582511,3.40944503663297,3.58082590290834,3.75361871514937,3.90531822409842,
3.98474790298059,4.06602766023202),.UNSPECIFIED.);
#100=B_SPLINE_CURVE_WITH_KNOTS('',3,(#4044,#4045,#4046,#4047,#4048,#4049,
#4050,#4051,#4052,#4053,#4054,#4055,#4056,#4057,#4058,#4059,#4060,#4061),
 .UNSPECIFIED.,.F.,.F.,(4,2,2,2,2,2,2,2,4),(-4.37148775758068,-4.14303034959519,
-3.92257144880514,-3.60140778569708,-3.28835874265166,-3.1324564829003,
-2.82522639730425,-2.67541122740406,-2.46579592080694),.UNSPECIFIED.);
#101=B_SPLINE_CURVE_WITH_KNOTS('',3,(#4065,#4066,#4067,#4068,#4069,#4070,
#4071,#4072,#4073,#4074,#4075,#4076,#4077,#4078,#4079,#4080,#4081,#4082,
#4083,#4084,#4085,#4086,#4087,#4088,#4089,#4090,#4091,#4092),
 .UNSPECIFIED.,.F.,.F.,(4,2,2,2,2,2,2,2,2,2,2,2,2,4),(-2.46579592080694,
-2.37200315669545,-2.09691318177647,-1.85070334976484,-1.72844703953561,
-1.48933534485271,-1.36848495274234,-1.13847133229814,-0.919548128116384,
-0.696419244255946,-0.460322021373824,-0.234092969637627,-0.117632674644982,
-9.999999992516E-7),.UNSPECIFIED.);
#102=B_SPLINE_CURVE_WITH_KNOTS('',3,(#4093,#4094,#4095,#4096,#4097,#4098,
#4099,#4100,#4101,#4102,#4103,#4104,#4105,#4106),.UNSPECIFIED.,.F.,.F.,
(4,2,2,2,2,2,4),(-0.750644557404863,-0.677679757564135,-0.595721078434253,
-0.44431872725537,-0.253489085555358,-0.133714597481666,-1.00000002023481E-6),
 .UNSPECIFIED.);
#103=B_SPLINE_CURVE_WITH_KNOTS('',3,(#4108,#4109,#4110,#4111,#4112,#4113,
#4114,#4115,#4116,#4117,#4118,#4119,#4120,#4121,#4122,#4123,#4124,#4125,
#4126,#4127,#4128,#4129,#4130,#4131,#4132,#4133,#4134,#4135,#4136,#4137,
#4138,#4139,#4140,#4141,#4142,#4143),.UNSPECIFIED.,.F.,.F.,(4,2,2,2,2,2,
2,2,2,2,2,2,2,2,2,2,2,4),(-4.00798625289077,-3.9177296574089,-3.67084982279766,
-3.42281748788478,-3.17089246805384,-2.92496880299293,-2.6748790667132,
-2.42643385700312,-2.17985231316878,-1.92754568907305,-1.68105503905013,
-1.4324973459404,-1.18161122044629,-0.935668588723678,-0.685001385221166,
-0.437215780120181,-0.218188852633589,-9.99999996587064E-7),
 .UNSPECIFIED.);
#104=B_SPLINE_CURVE_WITH_KNOTS('',3,(#4145,#4146,#4147,#4148,#4149,#4150,
#4151,#4152,#4153,#4154,#4155,#4156,#4157,#4158,#4159,#4160,#4161,#4162,
#4163,#4164,#4165,#4166,#4167,#4168,#4169,#4170,#4171,#4172,#4173,#4174,
#4175,#4176),.UNSPECIFIED.,.F.,.F.,(4,2,2,2,2,2,2,2,2,2,2,2,2,2,2,4),(-62.135222211546,
-61.8980266400502,-61.658912038053,-61.4124762757367,-61.1640819203767,
-60.9141549946263,-60.6683392745456,-60.4164349240456,-60.1685595850714,
-59.9217537008233,-59.6701579091939,-59.424003627433,-59.1747959300086,
-58.9253813062726,-58.6794175620277,-58.6282880596737),.UNSPECIFIED.);
#105=B_SPLINE_CURVE_WITH_KNOTS('',3,(#4193,#4194,#4195,#4196,#4197,#4198,
#4199,#4200,#4201,#4202),.UNSPECIFIED.,.F.,.F.,(4,2,2,2,4),(0.0670365710755319,
0.0731801138756395,0.0962407378123013,0.119301361748963,0.125444904549076),
 .UNSPECIFIED.);
#106=B_SPLINE_CURVE_WITH_KNOTS('',3,(#4208,#4209,#4210,#4211,#4212,#4213,
#4214,#4215,#4216,#4217),.UNSPECIFIED.,.F.,.F.,(4,2,2,2,4),(0.0670365710755264,
0.0731801138756396,0.0962407378123015,0.119301361748963,0.125444904549077),
 .UNSPECIFIED.);
#107=B_SPLINE_CURVE_WITH_KNOTS('',3,(#4223,#4224,#4225,#4226,#4227,#4228,
#4229,#4230,#4231,#4232),.UNSPECIFIED.,.F.,.F.,(4,2,2,2,4),(0.0670365710755264,
0.0731801138756394,0.0962407378123013,0.119301361748963,0.125444904549071),
 .UNSPECIFIED.);
#108=B_SPLINE_CURVE_WITH_KNOTS('',3,(#4238,#4239,#4240,#4241,#4242,#4243,
#4244,#4245,#4246,#4247),.UNSPECIFIED.,.F.,.F.,(4,2,2,2,4),(0.0670365710755261,
0.0731801138756395,0.0962407378123014,0.119301361748963,0.125444904549076),
 .UNSPECIFIED.);
#109=B_SPLINE_CURVE_WITH_KNOTS('',3,(#4253,#4254,#4255,#4256,#4257,#4258,
#4259,#4260,#4261,#4262),.UNSPECIFIED.,.F.,.F.,(4,2,2,2,4),(0.0670365710755261,
0.0731801138756395,0.0962407378123015,0.119301361748963,0.125444904549076),
 .UNSPECIFIED.);
#110=B_SPLINE_CURVE_WITH_KNOTS('',3,(#4268,#4269,#4270,#4271,#4272,#4273,
#4274,#4275,#4276,#4277),.UNSPECIFIED.,.F.,.F.,(4,2,2,2,4),(0.067036571075526,
0.0731801138756395,0.0962407378123014,0.119301361748963,0.125444904549077),
 .UNSPECIFIED.);
#111=B_SPLINE_CURVE_WITH_KNOTS('',3,(#6289,#6290,#6291,#6292,#6293,#6294,
#6295,#6296,#6297,#6298),.UNSPECIFIED.,.F.,.F.,(4,2,2,2,4),(-0.125444904549076,
-0.119301361748963,-0.0962407378123014,-0.0731801138756396,-0.0670365710755321),
 .UNSPECIFIED.);
#112=B_SPLINE_CURVE_WITH_KNOTS('',3,(#6308,#6309,#6310,#6311,#6312,#6313,
#6314,#6315,#6316,#6317),.UNSPECIFIED.,.F.,.F.,(4,2,2,2,4),(-0.125444904549175,
-0.119301361748964,-0.0962407378123017,-0.0731801138756398,-0.0670365710755322),
 .UNSPECIFIED.);
#113=B_SPLINE_CURVE_WITH_KNOTS('',3,(#6327,#6328,#6329,#6330,#6331,#6332,
#6333,#6334,#6335,#6336),.UNSPECIFIED.,.F.,.F.,(4,2,2,2,4),(-0.125444904549076,
-0.119301361748963,-0.0962407378123014,-0.0731801138756396,-0.0670365710755266),
 .UNSPECIFIED.);
#114=B_SPLINE_CURVE_WITH_KNOTS('',3,(#6346,#6347,#6348,#6349,#6350,#6351,
#6352,#6353,#6354,#6355),.UNSPECIFIED.,.F.,.F.,(4,2,2,2,4),(-0.125444904549072,
-0.119301361748963,-0.0962407378123014,-0.0731801138756395,-0.0670365710755316),
 .UNSPECIFIED.);
#115=B_SPLINE_CURVE_WITH_KNOTS('',3,(#6365,#6366,#6367,#6368,#6369,#6370,
#6371,#6372,#6373,#6374),.UNSPECIFIED.,.F.,.F.,(4,2,2,2,4),(-0.125444904549077,
-0.119301361748963,-0.0962407378123015,-0.0731801138756396,-0.0670365710755313),
 .UNSPECIFIED.);
#116=B_SPLINE_CURVE_WITH_KNOTS('',3,(#6384,#6385,#6386,#6387,#6388,#6389,
#6390,#6391,#6392,#6393),.UNSPECIFIED.,.F.,.F.,(4,2,2,2,4),(-0.125444904549077,
-0.119301361748964,-0.0962407378123016,-0.0731801138756397,-0.0670365710755321),
 .UNSPECIFIED.);
#117=FACE_OUTER_BOUND('',#210,.T.);
#118=FACE_OUTER_BOUND('',#211,.T.);
#119=FACE_OUTER_BOUND('',#212,.T.);
#120=FACE_OUTER_BOUND('',#213,.T.);
#121=FACE_OUTER_BOUND('',#214,.T.);
#122=FACE_OUTER_BOUND('',#215,.T.);
#123=FACE_OUTER_BOUND('',#216,.T.);
#124=FACE_OUTER_BOUND('',#217,.T.);
#125=FACE_OUTER_BOUND('',#218,.T.);
#126=FACE_OUTER_BOUND('',#219,.T.);
#127=FACE_OUTER_BOUND('',#220,.T.);
#128=FACE_OUTER_BOUND('',#221,.T.);
#129=FACE_OUTER_BOUND('',#222,.T.);
#130=FACE_OUTER_BOUND('',#223,.T.);
#131=FACE_OUTER_BOUND('',#224,.T.);
#132=FACE_OUTER_BOUND('',#225,.T.);
#133=FACE_OUTER_BOUND('',#226,.T.);
#134=FACE_OUTER_BOUND('',#227,.T.);
#135=FACE_OUTER_BOUND('',#228,.T.);
#136=FACE_OUTER_BOUND('',#229,.T.);
#137=FACE_OUTER_BOUND('',#230,.T.);
#138=FACE_OUTER_BOUND('',#231,.T.);
#139=FACE_OUTER_BOUND('',#232,.T.);
#140=FACE_OUTER_BOUND('',#233,.T.);
#141=FACE_OUTER_BOUND('',#234,.T.);
#142=FACE_OUTER_BOUND('',#235,.T.);
#143=FACE_OUTER_BOUND('',#236,.T.);
#144=FACE_OUTER_BOUND('',#237,.T.);
#145=FACE_OUTER_BOUND('',#238,.T.);
#146=FACE_OUTER_BOUND('',#239,.T.);
#147=FACE_OUTER_BOUND('',#240,.T.);
#148=FACE_OUTER_BOUND('',#241,.T.);
#149=FACE_OUTER_BOUND('',#242,.T.);
#150=FACE_OUTER_BOUND('',#243,.T.);
#151=FACE_OUTER_BOUND('',#244,.T.);
#152=FACE_OUTER_BOUND('',#245,.T.);
#153=FACE_OUTER_BOUND('',#246,.T.);
#154=FACE_OUTER_BOUND('',#247,.T.);
#155=FACE_OUTER_BOUND('',#248,.T.);
#156=FACE_OUTER_BOUND('',#249,.T.);
#157=FACE_OUTER_BOUND('',#250,.T.);
#158=FACE_OUTER_BOUND('',#251,.T.);
#159=FACE_OUTER_BOUND('',#253,.T.);
#160=FACE_OUTER_BOUND('',#254,.T.);
#161=FACE_OUTER_BOUND('',#255,.T.);
#162=FACE_OUTER_BOUND('',#256,.T.);
#163=FACE_OUTER_BOUND('',#257,.T.);
#164=FACE_OUTER_BOUND('',#258,.T.);
#165=FACE_OUTER_BOUND('',#259,.T.);
#166=FACE_OUTER_BOUND('',#260,.T.);
#167=FACE_OUTER_BOUND('',#261,.T.);
#168=FACE_OUTER_BOUND('',#262,.T.);
#169=FACE_OUTER_BOUND('',#263,.T.);
#170=FACE_OUTER_BOUND('',#264,.T.);
#171=FACE_OUTER_BOUND('',#265,.T.);
#172=FACE_OUTER_BOUND('',#266,.T.);
#173=FACE_OUTER_BOUND('',#267,.T.);
#174=FACE_OUTER_BOUND('',#268,.T.);
#175=FACE_OUTER_BOUND('',#269,.T.);
#176=FACE_OUTER_BOUND('',#270,.T.);
#177=FACE_OUTER_BOUND('',#271,.T.);
#178=FACE_OUTER_BOUND('',#272,.T.);
#179=FACE_OUTER_BOUND('',#273,.T.);
#180=FACE_OUTER_BOUND('',#274,.T.);
#181=FACE_OUTER_BOUND('',#275,.T.);
#182=FACE_OUTER_BOUND('',#276,.T.);
#183=FACE_OUTER_BOUND('',#277,.T.);
#184=FACE_OUTER_BOUND('',#278,.T.);
#185=FACE_OUTER_BOUND('',#279,.T.);
#186=FACE_OUTER_BOUND('',#280,.T.);
#187=FACE_OUTER_BOUND('',#281,.T.);
#188=FACE_OUTER_BOUND('',#282,.T.);
#189=FACE_OUTER_BOUND('',#283,.T.);
#190=FACE_OUTER_BOUND('',#287,.T.);
#191=FACE_OUTER_BOUND('',#289,.T.);
#192=FACE_OUTER_BOUND('',#290,.T.);
#193=FACE_OUTER_BOUND('',#291,.T.);
#194=FACE_OUTER_BOUND('',#292,.T.);
#195=FACE_OUTER_BOUND('',#293,.T.);
#196=FACE_OUTER_BOUND('',#294,.T.);
#197=FACE_OUTER_BOUND('',#295,.T.);
#198=FACE_OUTER_BOUND('',#296,.T.);
#199=FACE_OUTER_BOUND('',#297,.T.);
#200=FACE_OUTER_BOUND('',#298,.T.);
#201=FACE_OUTER_BOUND('',#299,.T.);
#202=FACE_OUTER_BOUND('',#300,.T.);
#203=FACE_OUTER_BOUND('',#301,.T.);
#204=FACE_OUTER_BOUND('',#302,.T.);
#205=FACE_OUTER_BOUND('',#303,.T.);
#206=FACE_OUTER_BOUND('',#304,.T.);
#207=FACE_OUTER_BOUND('',#305,.T.);
#208=FACE_OUTER_BOUND('',#306,.T.);
#209=FACE_OUTER_BOUND('',#307,.T.);
#210=EDGE_LOOP('',(#953,#954,#955));
#211=EDGE_LOOP('',(#956,#957,#958,#959,#960));
#212=EDGE_LOOP('',(#961,#962,#963,#964));
#213=EDGE_LOOP('',(#965,#966,#967,#968));
#214=EDGE_LOOP('',(#969,#970,#971,#972));
#215=EDGE_LOOP('',(#973,#974,#975,#976));
#216=EDGE_LOOP('',(#977,#978,#979,#980));
#217=EDGE_LOOP('',(#981,#982,#983,#984));
#218=EDGE_LOOP('',(#985,#986,#987,#988));
#219=EDGE_LOOP('',(#989,#990,#991,#992));
#220=EDGE_LOOP('',(#993,#994,#995,#996));
#221=EDGE_LOOP('',(#997,#998,#999,#1000));
#222=EDGE_LOOP('',(#1001,#1002,#1003,#1004));
#223=EDGE_LOOP('',(#1005,#1006,#1007,#1008));
#224=EDGE_LOOP('',(#1009,#1010,#1011,#1012));
#225=EDGE_LOOP('',(#1013,#1014,#1015,#1016));
#226=EDGE_LOOP('',(#1017,#1018,#1019,#1020));
#227=EDGE_LOOP('',(#1021,#1022,#1023,#1024));
#228=EDGE_LOOP('',(#1025,#1026,#1027,#1028));
#229=EDGE_LOOP('',(#1029,#1030,#1031,#1032));
#230=EDGE_LOOP('',(#1033,#1034,#1035,#1036));
#231=EDGE_LOOP('',(#1037,#1038,#1039,#1040));
#232=EDGE_LOOP('',(#1041,#1042,#1043,#1044));
#233=EDGE_LOOP('',(#1045,#1046,#1047,#1048));
#234=EDGE_LOOP('',(#1049,#1050,#1051,#1052));
#235=EDGE_LOOP('',(#1053,#1054,#1055,#1056));
#236=EDGE_LOOP('',(#1057,#1058,#1059,#1060));
#237=EDGE_LOOP('',(#1061,#1062,#1063,#1064));
#238=EDGE_LOOP('',(#1065,#1066,#1067,#1068));
#239=EDGE_LOOP('',(#1069,#1070,#1071,#1072));
#240=EDGE_LOOP('',(#1073,#1074,#1075,#1076));
#241=EDGE_LOOP('',(#1077,#1078,#1079,#1080));
#242=EDGE_LOOP('',(#1081,#1082,#1083,#1084,#1085));
#243=EDGE_LOOP('',(#1086,#1087,#1088));
#244=EDGE_LOOP('',(#1089,#1090,#1091,#1092,#1093,#1094,#1095,#1096,#1097));
#245=EDGE_LOOP('',(#1098,#1099,#1100,#1101));
#246=EDGE_LOOP('',(#1102,#1103,#1104,#1105,#1106));
#247=EDGE_LOOP('',(#1107,#1108,#1109,#1110,#1111,#1112,#1113,#1114,#1115,
#1116,#1117,#1118,#1119,#1120,#1121,#1122,#1123));
#248=EDGE_LOOP('',(#1124,#1125,#1126,#1127));
#249=EDGE_LOOP('',(#1128,#1129,#1130,#1131));
#250=EDGE_LOOP('',(#1132,#1133,#1134,#1135));
#251=EDGE_LOOP('',(#1136));
#252=EDGE_LOOP('',(#1137,#1138,#1139));
#253=EDGE_LOOP('',(#1140,#1141,#1142,#1143,#1144,#1145,#1146,#1147,#1148,
#1149,#1150,#1151,#1152,#1153,#1154,#1155,#1156,#1157,#1158,#1159,#1160,
#1161,#1162,#1163,#1164,#1165,#1166,#1167,#1168,#1169,#1170,#1171,#1172,
#1173,#1174));
#254=EDGE_LOOP('',(#1175,#1176,#1177,#1178,#1179,#1180,#1181,#1182,#1183,
#1184,#1185,#1186,#1187,#1188,#1189,#1190,#1191,#1192,#1193,#1194,#1195,
#1196,#1197,#1198,#1199,#1200,#1201,#1202,#1203,#1204,#1205,#1206,#1207,
#1208,#1209,#1210,#1211));
#255=EDGE_LOOP('',(#1212,#1213,#1214));
#256=EDGE_LOOP('',(#1215,#1216,#1217,#1218));
#257=EDGE_LOOP('',(#1219,#1220,#1221,#1222));
#258=EDGE_LOOP('',(#1223,#1224,#1225,#1226));
#259=EDGE_LOOP('',(#1227,#1228,#1229,#1230));
#260=EDGE_LOOP('',(#1231,#1232,#1233,#1234));
#261=EDGE_LOOP('',(#1235,#1236,#1237,#1238));
#262=EDGE_LOOP('',(#1239,#1240,#1241,#1242));
#263=EDGE_LOOP('',(#1243,#1244,#1245,#1246));
#264=EDGE_LOOP('',(#1247,#1248,#1249,#1250));
#265=EDGE_LOOP('',(#1251,#1252,#1253,#1254));
#266=EDGE_LOOP('',(#1255,#1256,#1257,#1258));
#267=EDGE_LOOP('',(#1259,#1260,#1261,#1262));
#268=EDGE_LOOP('',(#1263,#1264,#1265,#1266));
#269=EDGE_LOOP('',(#1267,#1268,#1269,#1270));
#270=EDGE_LOOP('',(#1271,#1272,#1273,#1274));
#271=EDGE_LOOP('',(#1275,#1276,#1277,#1278));
#272=EDGE_LOOP('',(#1279,#1280,#1281,#1282));
#273=EDGE_LOOP('',(#1283,#1284,#1285,#1286));
#274=EDGE_LOOP('',(#1287,#1288,#1289,#1290));
#275=EDGE_LOOP('',(#1291,#1292,#1293,#1294));
#276=EDGE_LOOP('',(#1295,#1296,#1297,#1298));
#277=EDGE_LOOP('',(#1299,#1300,#1301,#1302));
#278=EDGE_LOOP('',(#1303,#1304,#1305,#1306));
#279=EDGE_LOOP('',(#1307,#1308,#1309,#1310));
#280=EDGE_LOOP('',(#1311,#1312,#1313,#1314));
#281=EDGE_LOOP('',(#1315,#1316,#1317,#1318));
#282=EDGE_LOOP('',(#1319,#1320,#1321,#1322));
#283=EDGE_LOOP('',(#1323));
#284=EDGE_LOOP('',(#1324,#1325,#1326,#1327));
#285=EDGE_LOOP('',(#1328,#1329,#1330,#1331));
#286=EDGE_LOOP('',(#1332,#1333,#1334,#1335));
#287=EDGE_LOOP('',(#1336,#1337,#1338,#1339,#1340,#1341));
#288=EDGE_LOOP('',(#1342));
#289=EDGE_LOOP('',(#1343,#1344,#1345,#1346));
#290=EDGE_LOOP('',(#1347,#1348,#1349,#1350));
#291=EDGE_LOOP('',(#1351,#1352,#1353,#1354));
#292=EDGE_LOOP('',(#1355,#1356,#1357,#1358));
#293=EDGE_LOOP('',(#1359,#1360,#1361,#1362));
#294=EDGE_LOOP('',(#1363,#1364,#1365,#1366));
#295=EDGE_LOOP('',(#1367,#1368,#1369,#1370));
#296=EDGE_LOOP('',(#1371,#1372,#1373,#1374,#1375,#1376));
#297=EDGE_LOOP('',(#1377,#1378,#1379,#1380));
#298=EDGE_LOOP('',(#1381,#1382,#1383,#1384,#1385));
#299=EDGE_LOOP('',(#1386,#1387,#1388,#1389));
#300=EDGE_LOOP('',(#1390,#1391,#1392,#1393,#1394));
#301=EDGE_LOOP('',(#1395,#1396,#1397,#1398));
#302=EDGE_LOOP('',(#1399,#1400,#1401,#1402,#1403));
#303=EDGE_LOOP('',(#1404,#1405,#1406,#1407));
#304=EDGE_LOOP('',(#1408,#1409,#1410,#1411,#1412));
#305=EDGE_LOOP('',(#1413,#1414,#1415,#1416));
#306=EDGE_LOOP('',(#1417,#1418,#1419,#1420,#1421));
#307=EDGE_LOOP('',(#1422));
#308=CIRCLE('',#1590,0.200036995935514);
#309=CIRCLE('',#1592,0.200036995935514);
#310=CIRCLE('',#1608,0.25);
#311=CIRCLE('',#1624,0.200036995935516);
#312=CIRCLE('',#1626,0.25);
#313=CIRCLE('',#1628,0.25);
#314=CIRCLE('',#1630,0.192307692307693);
#315=CIRCLE('',#1632,0.25);
#316=CIRCLE('',#1634,0.527549058137725);
#317=CIRCLE('',#1635,0.527549058137725);
#318=CIRCLE('',#1636,0.0230268837245496);
#319=CIRCLE('',#1637,0.51603561627545);
#320=CIRCLE('',#1640,0.333767687578284);
#321=CIRCLE('',#1641,0.0125);
#322=CIRCLE('',#1642,0.344007088131897);
#323=CIRCLE('',#1644,0.323727123966473);
#324=CIRCLE('',#1646,0.31348772341286);
#325=CIRCLE('',#1647,0.0125);
#326=CIRCLE('',#1651,0.00925);
#327=CIRCLE('',#1652,0.00925);
#328=CIRCLE('',#1654,0.00925);
#329=CIRCLE('',#1655,0.00924999999999999);
#330=CIRCLE('',#1657,0.00925);
#331=CIRCLE('',#1658,0.00925);
#332=CIRCLE('',#1660,0.002);
#333=CIRCLE('',#1661,0.01125);
#334=CIRCLE('',#1662,0.002);
#335=CIRCLE('',#1664,0.002);
#336=CIRCLE('',#1666,0.01125);
#337=CIRCLE('',#1667,0.002);
#338=CIRCLE('',#1670,0.002);
#339=CIRCLE('',#1671,0.00199999999999999);
#340=CIRCLE('',#1673,0.01125);
#341=CIRCLE('',#1674,0.002);
#342=CIRCLE('',#1676,0.00199999999999999);
#343=CIRCLE('',#1678,0.01125);
#344=CIRCLE('',#1680,0.002);
#345=CIRCLE('',#1681,0.002);
#346=CIRCLE('',#1683,0.01125);
#347=CIRCLE('',#1684,0.002);
#348=CIRCLE('',#1686,0.002);
#349=CIRCLE('',#1688,0.01125);
#350=CIRCLE('',#1690,0.01125);
#351=CIRCLE('',#1693,0.01125);
#352=CIRCLE('',#1697,0.01125);
#353=CIRCLE('',#1700,0.01125);
#354=CIRCLE('',#1703,0.01125);
#355=CIRCLE('',#1706,0.01125);
#356=CIRCLE('',#1709,0.375);
#357=CIRCLE('',#1710,0.375);
#358=CIRCLE('',#1711,0.375);
#359=CIRCLE('',#1712,0.375);
#360=CIRCLE('',#1713,0.375);
#361=CIRCLE('',#1714,0.375);
#362=(
BOUNDED_CURVE()
B_SPLINE_CURVE(2,(#2110,#2111,#2112),.UNSPECIFIED.,.F.,.F.)
B_SPLINE_CURVE_WITH_KNOTS((3,3),(0.0206527583687231,0.0217391304347826),
 .UNSPECIFIED.)
CURVE()
GEOMETRIC_REPRESENTATION_ITEM()
RATIONAL_B_SPLINE_CURVE((0.98165277459782,0.987770708292105,1.))
REPRESENTATION_ITEM('')
);
#363=(
BOUNDED_CURVE()
B_SPLINE_CURVE(2,(#2118,#2119,#2120,#2121,#2122,#2123,#2124,#2125,#2126,
#2127,#2128,#2129,#2130,#2131,#2132,#2133,#2134,#2135,#2136,#2137,#2138),
 .UNSPECIFIED.,.F.,.F.)
B_SPLINE_CURVE_WITH_KNOTS((3,2,2,2,2,2,2,2,2,2,3),(0.0217391304347826,0.0260869565217391,
0.0304347826086956,0.0347826086956522,0.0391304347826087,0.0434782608695652,
0.0478260869565217,0.0521739130434783,0.0565217391304348,0.0608695652173913,
0.0652173913043478),.UNSPECIFIED.)
CURVE()
GEOMETRIC_REPRESENTATION_ITEM()
RATIONAL_B_SPLINE_CURVE((1.,0.951056516295154,1.,0.951056516295154,1.,0.951056516295154,
1.,0.951056516295154,1.,0.951056516295154,1.,0.951056516295154,1.,0.951056516295154,
1.,0.951056516295154,1.,0.951056516295154,1.,0.951056516295154,1.))
REPRESENTATION_ITEM('')
);
#364=(
BOUNDED_CURVE()
B_SPLINE_CURVE(2,(#2141,#2142,#2143,#2144,#2145,#2146,#2147,#2148,#2149,
#2150,#2151,#2152,#2153,#2154,#2155,#2156,#2157,#2158,#2159),
 .UNSPECIFIED.,.F.,.F.)
B_SPLINE_CURVE_WITH_KNOTS((3,2,2,2,2,2,2,2,2,3),(0.0261089268474521,0.0304347826086957,
0.0347826086956522,0.0391304347826087,0.0434782608695652,0.0478260869565217,
0.0521739130434783,0.0565217391304348,0.0608695652173913,0.0652173913043478),
 .UNSPECIFIED.)
CURVE()
GEOMETRIC_REPRESENTATION_ITEM()
RATIONAL_B_SPLINE_CURVE((0.999507859534158,0.951303836279213,1.,0.951056516295154,
1.,0.951056516295154,1.,0.951056516295154,1.,0.951056516295154,1.,0.951056516295154,
1.,0.951056516295154,1.,0.951056516295154,1.,0.951056516295154,1.))
REPRESENTATION_ITEM('')
);
#365=(
BOUNDED_CURVE()
B_SPLINE_CURVE(2,(#2164,#2165,#2166,#2167,#2168,#2169,#2170,#2171,#2172,
#2173,#2174,#2175,#2176,#2177,#2178,#2179,#2180,#2181,#2182,#2183,#2184),
 .UNSPECIFIED.,.F.,.F.)
B_SPLINE_CURVE_WITH_KNOTS((3,2,2,2,2,2,2,2,2,2,3),(0.0652173913043478,0.0695652173913043,
0.0739130434782609,0.0782608695652174,0.0826086956521739,0.0869565217391304,
0.091304347826087,0.0956521739130435,0.1,0.104347826086957,0.108695652173913),
 .UNSPECIFIED.)
CURVE()
GEOMETRIC_REPRESENTATION_ITEM()
RATIONAL_B_SPLINE_CURVE((1.,0.951056516295154,1.,0.951056516295154,1.,0.951056516295154,
1.,0.951056516295154,1.,0.951056516295154,1.,0.951056516295154,1.,0.951056516295154,
1.,0.951056516295154,1.,0.951056516295154,1.,0.951056516295154,1.))
REPRESENTATION_ITEM('')
);
#366=(
BOUNDED_CURVE()
B_SPLINE_CURVE(2,(#2185,#2186,#2187,#2188,#2189,#2190,#2191,#2192,#2193,
#2194,#2195,#2196,#2197,#2198,#2199,#2200,#2201,#2202,#2203,#2204,#2205),
 .UNSPECIFIED.,.F.,.F.)
B_SPLINE_CURVE_WITH_KNOTS((3,2,2,2,2,2,2,2,2,2,3),(0.0652173913043478,0.0695652173913043,
0.0739130434782609,0.0782608695652174,0.0826086956521739,0.0869565217391304,
0.091304347826087,0.0956521739130435,0.1,0.104347826086957,0.108695652173913),
 .UNSPECIFIED.)
CURVE()
GEOMETRIC_REPRESENTATION_ITEM()
RATIONAL_B_SPLINE_CURVE((1.,0.951056516295154,1.,0.951056516295154,1.,0.951056516295154,
1.,0.951056516295154,1.,0.951056516295154,1.,0.951056516295154,1.,0.951056516295154,
1.,0.951056516295154,1.,0.951056516295154,1.,0.951056516295154,1.))
REPRESENTATION_ITEM('')
);
#367=(
BOUNDED_CURVE()
B_SPLINE_CURVE(2,(#2210,#2211,#2212,#2213,#2214,#2215,#2216,#2217,#2218,
#2219,#2220,#2221,#2222,#2223,#2224,#2225,#2226,#2227,#2228,#2229,#2230),
 .UNSPECIFIED.,.F.,.F.)
B_SPLINE_CURVE_WITH_KNOTS((3,2,2,2,2,2,2,2,2,2,3),(0.108695652173913,0.11304347826087,
0.117391304347826,0.121739130434783,0.126086956521739,0.130434782608696,
0.134782608695652,0.139130434782609,0.143478260869565,0.147826086956522,
0.152173913043478),.UNSPECIFIED.)
CURVE()
GEOMETRIC_REPRESENTATION_ITEM()
RATIONAL_B_SPLINE_CURVE((1.,0.951056516295154,1.,0.951056516295154,1.,0.951056516295154,
1.,0.951056516295154,1.,0.951056516295154,1.,0.951056516295154,1.,0.951056516295154,
1.,0.951056516295154,1.,0.951056516295154,1.,0.951056516295154,1.))
REPRESENTATION_ITEM('')
);
#368=(
BOUNDED_CURVE()
B_SPLINE_CURVE(2,(#2231,#2232,#2233,#2234,#2235,#2236,#2237,#2238,#2239,
#2240,#2241,#2242,#2243,#2244,#2245,#2246,#2247,#2248,#2249,#2250,#2251),
 .UNSPECIFIED.,.F.,.F.)
B_SPLINE_CURVE_WITH_KNOTS((3,2,2,2,2,2,2,2,2,2,3),(0.108695652173913,0.11304347826087,
0.117391304347826,0.121739130434783,0.126086956521739,0.130434782608696,
0.134782608695652,0.139130434782609,0.143478260869565,0.147826086956522,
0.152173913043478),.UNSPECIFIED.)
CURVE()
GEOMETRIC_REPRESENTATION_ITEM()
RATIONAL_B_SPLINE_CURVE((1.,0.951056516295154,1.,0.951056516295154,1.,0.951056516295154,
1.,0.951056516295154,1.,0.951056516295154,1.,0.951056516295154,1.,0.951056516295154,
1.,0.951056516295154,1.,0.951056516295154,1.,0.951056516295154,1.))
REPRESENTATION_ITEM('')
);
#369=(
BOUNDED_CURVE()
B_SPLINE_CURVE(2,(#2256,#2257,#2258,#2259,#2260,#2261,#2262,#2263,#2264,
#2265,#2266,#2267,#2268,#2269,#2270,#2271,#2272,#2273,#2274,#2275,#2276),
 .UNSPECIFIED.,.F.,.F.)
B_SPLINE_CURVE_WITH_KNOTS((3,2,2,2,2,2,2,2,2,2,3),(0.152173913043478,0.156521739130435,
0.160869565217391,0.165217391304348,0.169565217391304,0.173913043478261,
0.178260869565217,0.182608695652174,0.18695652173913,0.191304347826087,
0.195652173913043),.UNSPECIFIED.)
CURVE()
GEOMETRIC_REPRESENTATION_ITEM()
RATIONAL_B_SPLINE_CURVE((1.,0.951056516295154,1.,0.951056516295154,1.,0.951056516295154,
1.,0.951056516295154,1.,0.951056516295154,1.,0.951056516295154,1.,0.951056516295154,
1.,0.951056516295154,1.,0.951056516295154,1.,0.951056516295154,1.))
REPRESENTATION_ITEM('')
);
#370=(
BOUNDED_CURVE()
B_SPLINE_CURVE(2,(#2277,#2278,#2279,#2280,#2281,#2282,#2283,#2284,#2285,
#2286,#2287,#2288,#2289,#2290,#2291,#2292,#2293,#2294,#2295,#2296,#2297),
 .UNSPECIFIED.,.F.,.F.)
B_SPLINE_CURVE_WITH_KNOTS((3,2,2,2,2,2,2,2,2,2,3),(0.152173913043478,0.156521739130435,
0.160869565217391,0.165217391304348,0.169565217391304,0.173913043478261,
0.178260869565217,0.182608695652174,0.18695652173913,0.191304347826087,
0.195652173913044),.UNSPECIFIED.)
CURVE()
GEOMETRIC_REPRESENTATION_ITEM()
RATIONAL_B_SPLINE_CURVE((1.,0.951056516295154,1.,0.951056516295154,1.,0.951056516295154,
1.,0.951056516295154,1.,0.951056516295154,1.,0.951056516295154,1.,0.951056516295154,
1.,0.951056516295154,1.,0.951056516295154,1.,0.951056516295154,1.))
REPRESENTATION_ITEM('')
);
#371=(
BOUNDED_CURVE()
B_SPLINE_CURVE(2,(#2302,#2303,#2304,#2305,#2306,#2307,#2308,#2309,#2310,
#2311,#2312,#2313,#2314,#2315,#2316,#2317,#2318,#2319,#2320,#2321,#2322),
 .UNSPECIFIED.,.F.,.F.)
B_SPLINE_CURVE_WITH_KNOTS((3,2,2,2,2,2,2,2,2,2,3),(0.195652173913043,0.2,
0.204347826086957,0.208695652173913,0.21304347826087,0.217391304347826,
0.221739130434783,0.226086956521739,0.230434782608696,0.234782608695652,
0.239130434782609),.UNSPECIFIED.)
CURVE()
GEOMETRIC_REPRESENTATION_ITEM()
RATIONAL_B_SPLINE_CURVE((1.,0.951056516295154,1.,0.951056516295154,1.,0.951056516295154,
1.,0.951056516295154,1.,0.951056516295154,1.,0.951056516295154,1.,0.951056516295154,
1.,0.951056516295154,1.,0.951056516295154,1.,0.951056516295154,1.))
REPRESENTATION_ITEM('')
);
#372=(
BOUNDED_CURVE()
B_SPLINE_CURVE(2,(#2323,#2324,#2325,#2326,#2327,#2328,#2329,#2330,#2331,
#2332,#2333,#2334,#2335,#2336,#2337,#2338,#2339,#2340,#2341,#2342,#2343),
 .UNSPECIFIED.,.F.,.F.)
B_SPLINE_CURVE_WITH_KNOTS((3,2,2,2,2,2,2,2,2,2,3),(0.195652173913044,0.2,
0.204347826086957,0.208695652173913,0.21304347826087,0.217391304347826,
0.221739130434783,0.226086956521739,0.230434782608696,0.234782608695652,
0.239130434782609),.UNSPECIFIED.)
CURVE()
GEOMETRIC_REPRESENTATION_ITEM()
RATIONAL_B_SPLINE_CURVE((1.,0.951056516295154,1.,0.951056516295154,1.,0.951056516295154,
1.,0.951056516295154,1.,0.951056516295154,1.,0.951056516295154,1.,0.951056516295154,
1.,0.951056516295154,1.,0.951056516295154,1.,0.951056516295154,1.))
REPRESENTATION_ITEM('')
);
#373=(
BOUNDED_CURVE()
B_SPLINE_CURVE(2,(#2348,#2349,#2350,#2351,#2352,#2353,#2354,#2355,#2356,
#2357,#2358,#2359,#2360,#2361,#2362,#2363,#2364,#2365,#2366,#2367,#2368),
 .UNSPECIFIED.,.F.,.F.)
B_SPLINE_CURVE_WITH_KNOTS((3,2,2,2,2,2,2,2,2,2,3),(0.239130434782609,0.243478260869565,
0.247826086956522,0.252173913043478,0.256521739130435,0.260869565217391,
0.265217391304348,0.269565217391304,0.273913043478261,0.278260869565217,
0.282608695652174),.UNSPECIFIED.)
CURVE()
GEOMETRIC_REPRESENTATION_ITEM()
RATIONAL_B_SPLINE_CURVE((1.,0.951056516295154,1.,0.951056516295154,1.,0.951056516295154,
1.,0.951056516295154,1.,0.951056516295154,1.,0.951056516295154,1.,0.951056516295154,
1.,0.951056516295154,1.,0.951056516295154,1.,0.951056516295154,1.))
REPRESENTATION_ITEM('')
);
#374=(
BOUNDED_CURVE()
B_SPLINE_CURVE(2,(#2369,#2370,#2371,#2372,#2373,#2374,#2375,#2376,#2377,
#2378,#2379,#2380,#2381,#2382,#2383,#2384,#2385,#2386,#2387,#2388,#2389),
 .UNSPECIFIED.,.F.,.F.)
B_SPLINE_CURVE_WITH_KNOTS((3,2,2,2,2,2,2,2,2,2,3),(0.239130434782609,0.243478260869565,
0.247826086956522,0.252173913043478,0.256521739130435,0.260869565217391,
0.265217391304348,0.269565217391304,0.273913043478261,0.278260869565217,
0.282608695652174),.UNSPECIFIED.)
CURVE()
GEOMETRIC_REPRESENTATION_ITEM()
RATIONAL_B_SPLINE_CURVE((1.,0.951056516295154,1.,0.951056516295154,1.,0.951056516295154,
1.,0.951056516295154,1.,0.951056516295154,1.,0.951056516295154,1.,0.951056516295154,
1.,0.951056516295154,1.,0.951056516295154,1.,0.951056516295154,1.))
REPRESENTATION_ITEM('')
);
#375=(
BOUNDED_CURVE()
B_SPLINE_CURVE(2,(#2394,#2395,#2396,#2397,#2398,#2399,#2400,#2401,#2402,
#2403,#2404,#2405,#2406,#2407,#2408,#2409,#2410,#2411,#2412,#2413,#2414),
 .UNSPECIFIED.,.F.,.F.)
B_SPLINE_CURVE_WITH_KNOTS((3,2,2,2,2,2,2,2,2,2,3),(0.282608695652174,0.28695652173913,
0.291304347826087,0.295652173913043,0.3,0.304347826086956,0.308695652173913,
0.31304347826087,0.317391304347826,0.321739130434783,0.326086956521739),
 .UNSPECIFIED.)
CURVE()
GEOMETRIC_REPRESENTATION_ITEM()
RATIONAL_B_SPLINE_CURVE((1.,0.951056516295154,1.,0.951056516295154,1.,0.951056516295154,
1.,0.951056516295154,1.,0.951056516295154,1.,0.951056516295154,1.,0.951056516295154,
1.,0.951056516295154,1.,0.951056516295154,1.,0.951056516295154,1.))
REPRESENTATION_ITEM('')
);
#376=(
BOUNDED_CURVE()
B_SPLINE_CURVE(2,(#2415,#2416,#2417,#2418,#2419,#2420,#2421,#2422,#2423,
#2424,#2425,#2426,#2427,#2428,#2429,#2430,#2431,#2432,#2433,#2434,#2435),
 .UNSPECIFIED.,.F.,.F.)
B_SPLINE_CURVE_WITH_KNOTS((3,2,2,2,2,2,2,2,2,2,3),(0.282608695652174,0.28695652173913,
0.291304347826087,0.295652173913043,0.3,0.304347826086957,0.308695652173913,
0.31304347826087,0.317391304347826,0.321739130434783,0.326086956521739),
 .UNSPECIFIED.)
CURVE()
GEOMETRIC_REPRESENTATION_ITEM()
RATIONAL_B_SPLINE_CURVE((1.,0.951056516295154,1.,0.951056516295154,1.,0.951056516295154,
1.,0.951056516295154,1.,0.951056516295154,1.,0.951056516295154,1.,0.951056516295154,
1.,0.951056516295154,1.,0.951056516295154,1.,0.951056516295154,1.))
REPRESENTATION_ITEM('')
);
#377=(
BOUNDED_CURVE()
B_SPLINE_CURVE(2,(#2440,#2441,#2442,#2443,#2444,#2445,#2446,#2447,#2448,
#2449,#2450,#2451,#2452,#2453,#2454,#2455,#2456,#2457,#2458,#2459,#2460),
 .UNSPECIFIED.,.F.,.F.)
B_SPLINE_CURVE_WITH_KNOTS((3,2,2,2,2,2,2,2,2,2,3),(0.326086956521739,0.330434782608696,
0.334782608695652,0.339130434782609,0.343478260869565,0.347826086956522,
0.352173913043478,0.356521739130435,0.360869565217391,0.365217391304348,
0.369565217391304),.UNSPECIFIED.)
CURVE()
GEOMETRIC_REPRESENTATION_ITEM()
RATIONAL_B_SPLINE_CURVE((1.,0.951056516295154,1.,0.951056516295154,1.,0.951056516295154,
1.,0.951056516295154,1.,0.951056516295154,1.,0.951056516295154,1.,0.951056516295154,
1.,0.951056516295154,1.,0.951056516295154,1.,0.951056516295154,1.))
REPRESENTATION_ITEM('')
);
#378=(
BOUNDED_CURVE()
B_SPLINE_CURVE(2,(#2461,#2462,#2463,#2464,#2465,#2466,#2467,#2468,#2469,
#2470,#2471,#2472,#2473,#2474,#2475,#2476,#2477,#2478,#2479,#2480,#2481),
 .UNSPECIFIED.,.F.,.F.)
B_SPLINE_CURVE_WITH_KNOTS((3,2,2,2,2,2,2,2,2,2,3),(0.326086956521739,0.330434782608696,
0.334782608695652,0.339130434782609,0.343478260869565,0.347826086956522,
0.352173913043478,0.356521739130435,0.360869565217391,0.365217391304348,
0.369565217391304),.UNSPECIFIED.)
CURVE()
GEOMETRIC_REPRESENTATION_ITEM()
RATIONAL_B_SPLINE_CURVE((1.,0.951056516295154,1.,0.951056516295154,1.,0.951056516295154,
1.,0.951056516295154,1.,0.951056516295154,1.,0.951056516295154,1.,0.951056516295154,
1.,0.951056516295154,1.,0.951056516295154,1.,0.951056516295154,1.))
REPRESENTATION_ITEM('')
);
#379=(
BOUNDED_CURVE()
B_SPLINE_CURVE(2,(#2486,#2487,#2488,#2489,#2490,#2491,#2492,#2493,#2494,
#2495,#2496,#2497,#2498,#2499,#2500,#2501,#2502,#2503,#2504,#2505,#2506),
 .UNSPECIFIED.,.F.,.F.)
B_SPLINE_CURVE_WITH_KNOTS((3,2,2,2,2,2,2,2,2,2,3),(0.369565217391304,0.373913043478261,
0.378260869565217,0.382608695652174,0.38695652173913,0.391304347826087,
0.395652173913043,0.4,0.404347826086956,0.408695652173913,0.41304347826087),
 .UNSPECIFIED.)
CURVE()
GEOMETRIC_REPRESENTATION_ITEM()
RATIONAL_B_SPLINE_CURVE((1.,0.951056516295154,1.,0.951056516295154,1.,0.951056516295154,
1.,0.951056516295154,1.,0.951056516295154,1.,0.951056516295154,1.,0.951056516295154,
1.,0.951056516295154,1.,0.951056516295154,1.,0.951056516295154,1.))
REPRESENTATION_ITEM('')
);
#380=(
BOUNDED_CURVE()
B_SPLINE_CURVE(2,(#2507,#2508,#2509,#2510,#2511,#2512,#2513,#2514,#2515,
#2516,#2517,#2518,#2519,#2520,#2521,#2522,#2523,#2524,#2525,#2526,#2527),
 .UNSPECIFIED.,.F.,.F.)
B_SPLINE_CURVE_WITH_KNOTS((3,2,2,2,2,2,2,2,2,2,3),(0.369565217391304,0.373913043478261,
0.378260869565217,0.382608695652174,0.38695652173913,0.391304347826087,
0.395652173913043,0.4,0.404347826086957,0.408695652173913,0.41304347826087),
 .UNSPECIFIED.)
CURVE()
GEOMETRIC_REPRESENTATION_ITEM()
RATIONAL_B_SPLINE_CURVE((1.,0.951056516295154,1.,0.951056516295154,1.,0.951056516295154,
1.,0.951056516295154,1.,0.951056516295154,1.,0.951056516295154,1.,0.951056516295154,
1.,0.951056516295154,1.,0.951056516295154,1.,0.951056516295154,1.))
REPRESENTATION_ITEM('')
);
#381=(
BOUNDED_CURVE()
B_SPLINE_CURVE(2,(#2532,#2533,#2534,#2535,#2536,#2537,#2538,#2539,#2540,
#2541,#2542,#2543,#2544,#2545,#2546,#2547,#2548,#2549,#2550,#2551,#2552),
 .UNSPECIFIED.,.F.,.F.)
B_SPLINE_CURVE_WITH_KNOTS((3,2,2,2,2,2,2,2,2,2,3),(0.41304347826087,0.417391304347826,
0.421739130434783,0.426086956521739,0.430434782608696,0.434782608695652,
0.439130434782609,0.443478260869565,0.447826086956522,0.452173913043478,
0.456521739130435),.UNSPECIFIED.)
CURVE()
GEOMETRIC_REPRESENTATION_ITEM()
RATIONAL_B_SPLINE_CURVE((1.,0.951056516295154,1.,0.951056516295154,1.,0.951056516295154,
1.,0.951056516295154,1.,0.951056516295154,1.,0.951056516295154,1.,0.951056516295154,
1.,0.951056516295154,1.,0.951056516295154,1.,0.951056516295154,1.))
REPRESENTATION_ITEM('')
);
#382=(
BOUNDED_CURVE()
B_SPLINE_CURVE(2,(#2553,#2554,#2555,#2556,#2557,#2558,#2559,#2560,#2561,
#2562,#2563,#2564,#2565,#2566,#2567,#2568,#2569,#2570,#2571,#2572,#2573),
 .UNSPECIFIED.,.F.,.F.)
B_SPLINE_CURVE_WITH_KNOTS((3,2,2,2,2,2,2,2,2,2,3),(0.41304347826087,0.417391304347826,
0.421739130434783,0.426086956521739,0.430434782608696,0.434782608695652,
0.439130434782609,0.443478260869565,0.447826086956522,0.452173913043478,
0.456521739130435),.UNSPECIFIED.)
CURVE()
GEOMETRIC_REPRESENTATION_ITEM()
RATIONAL_B_SPLINE_CURVE((1.,0.951056516295154,1.,0.951056516295154,1.,0.951056516295154,
1.,0.951056516295154,1.,0.951056516295154,1.,0.951056516295154,1.,0.951056516295154,
1.,0.951056516295154,1.,0.951056516295154,1.,0.951056516295154,1.))
REPRESENTATION_ITEM('')
);
#383=(
BOUNDED_CURVE()
B_SPLINE_CURVE(2,(#2578,#2579,#2580,#2581,#2582,#2583,#2584,#2585,#2586,
#2587,#2588,#2589,#2590,#2591,#2592,#2593,#2594,#2595,#2596,#2597,#2598),
 .UNSPECIFIED.,.F.,.F.)
B_SPLINE_CURVE_WITH_KNOTS((3,2,2,2,2,2,2,2,2,2,3),(0.456521739130435,0.460869565217391,
0.465217391304348,0.469565217391304,0.473913043478261,0.478260869565217,
0.482608695652174,0.48695652173913,0.491304347826087,0.495652173913043,
0.5),.UNSPECIFIED.)
CURVE()
GEOMETRIC_REPRESENTATION_ITEM()
RATIONAL_B_SPLINE_CURVE((1.,0.951056516295154,1.,0.951056516295154,1.,0.951056516295154,
1.,0.951056516295154,1.,0.951056516295154,1.,0.951056516295154,1.,0.951056516295154,
1.,0.951056516295154,1.,0.951056516295154,1.,0.951056516295154,1.))
REPRESENTATION_ITEM('')
);
#384=(
BOUNDED_CURVE()
B_SPLINE_CURVE(2,(#2599,#2600,#2601,#2602,#2603,#2604,#2605,#2606,#2607,
#2608,#2609,#2610,#2611,#2612,#2613,#2614,#2615,#2616,#2617,#2618,#2619),
 .UNSPECIFIED.,.F.,.F.)
B_SPLINE_CURVE_WITH_KNOTS((3,2,2,2,2,2,2,2,2,2,3),(0.456521739130435,0.460869565217391,
0.465217391304348,0.469565217391304,0.473913043478261,0.478260869565217,
0.482608695652174,0.48695652173913,0.491304347826087,0.495652173913044,
0.5),.UNSPECIFIED.)
CURVE()
GEOMETRIC_REPRESENTATION_ITEM()
RATIONAL_B_SPLINE_CURVE((1.,0.951056516295154,1.,0.951056516295154,1.,0.951056516295154,
1.,0.951056516295154,1.,0.951056516295154,1.,0.951056516295154,1.,0.951056516295154,
1.,0.951056516295154,1.,0.951056516295154,1.,0.951056516295154,1.))
REPRESENTATION_ITEM('')
);
#385=(
BOUNDED_CURVE()
B_SPLINE_CURVE(2,(#2624,#2625,#2626,#2627,#2628,#2629,#2630,#2631,#2632,
#2633,#2634,#2635,#2636,#2637,#2638,#2639,#2640,#2641,#2642,#2643,#2644),
 .UNSPECIFIED.,.F.,.F.)
B_SPLINE_CURVE_WITH_KNOTS((3,2,2,2,2,2,2,2,2,2,3),(0.5,0.504347826086956,
0.508695652173913,0.513043478260869,0.517391304347826,0.521739130434782,
0.526086956521739,0.530434782608696,0.534782608695652,0.539130434782609,
0.543478260869565),.UNSPECIFIED.)
CURVE()
GEOMETRIC_REPRESENTATION_ITEM()
RATIONAL_B_SPLINE_CURVE((1.,0.951056516295154,1.,0.951056516295154,1.,0.951056516295154,
1.,0.951056516295154,1.,0.951056516295154,1.,0.951056516295154,1.,0.951056516295154,
1.,0.951056516295154,1.,0.951056516295154,1.,0.951056516295154,1.))
REPRESENTATION_ITEM('')
);
#386=(
BOUNDED_CURVE()
B_SPLINE_CURVE(2,(#2645,#2646,#2647,#2648,#2649,#2650,#2651,#2652,#2653,
#2654,#2655,#2656,#2657,#2658,#2659,#2660,#2661,#2662,#2663,#2664,#2665),
 .UNSPECIFIED.,.F.,.F.)
B_SPLINE_CURVE_WITH_KNOTS((3,2,2,2,2,2,2,2,2,2,3),(0.5,0.504347826086956,
0.508695652173913,0.51304347826087,0.517391304347826,0.521739130434783,
0.526086956521739,0.530434782608696,0.534782608695652,0.539130434782609,
0.543478260869565),.UNSPECIFIED.)
CURVE()
GEOMETRIC_REPRESENTATION_ITEM()
RATIONAL_B_SPLINE_CURVE((1.,0.951056516295154,1.,0.951056516295154,1.,0.951056516295154,
1.,0.951056516295154,1.,0.951056516295154,1.,0.951056516295154,1.,0.951056516295154,
1.,0.951056516295154,1.,0.951056516295154,1.,0.951056516295154,1.))
REPRESENTATION_ITEM('')
);
#387=(
BOUNDED_CURVE()
B_SPLINE_CURVE(2,(#2670,#2671,#2672,#2673,#2674,#2675,#2676,#2677,#2678,
#2679,#2680,#2681,#2682,#2683,#2684,#2685,#2686,#2687,#2688,#2689,#2690),
 .UNSPECIFIED.,.F.,.F.)
B_SPLINE_CURVE_WITH_KNOTS((3,2,2,2,2,2,2,2,2,2,3),(0.543478260869565,0.547826086956522,
0.552173913043478,0.556521739130435,0.560869565217391,0.565217391304348,
0.569565217391304,0.573913043478261,0.578260869565217,0.582608695652174,
0.58695652173913),.UNSPECIFIED.)
CURVE()
GEOMETRIC_REPRESENTATION_ITEM()
RATIONAL_B_SPLINE_CURVE((1.,0.951056516295154,1.,0.951056516295154,1.,0.951056516295154,
1.,0.951056516295154,1.,0.951056516295154,1.,0.951056516295154,1.,0.951056516295154,
1.,0.951056516295154,1.,0.951056516295154,1.,0.951056516295154,1.))
REPRESENTATION_ITEM('')
);
#388=(
BOUNDED_CURVE()
B_SPLINE_CURVE(2,(#2691,#2692,#2693,#2694,#2695,#2696,#2697,#2698,#2699,
#2700,#2701,#2702,#2703,#2704,#2705,#2706,#2707,#2708,#2709,#2710,#2711),
 .UNSPECIFIED.,.F.,.F.)
B_SPLINE_CURVE_WITH_KNOTS((3,2,2,2,2,2,2,2,2,2,3),(0.543478260869565,0.547826086956522,
0.552173913043478,0.556521739130435,0.560869565217391,0.565217391304348,
0.569565217391304,0.573913043478261,0.578260869565217,0.582608695652174,
0.58695652173913),.UNSPECIFIED.)
CURVE()
GEOMETRIC_REPRESENTATION_ITEM()
RATIONAL_B_SPLINE_CURVE((1.,0.951056516295154,1.,0.951056516295154,1.,0.951056516295154,
1.,0.951056516295154,1.,0.951056516295154,1.,0.951056516295154,1.,0.951056516295154,
1.,0.951056516295154,1.,0.951056516295154,1.,0.951056516295154,1.))
REPRESENTATION_ITEM('')
);
#389=(
BOUNDED_CURVE()
B_SPLINE_CURVE(2,(#2716,#2717,#2718,#2719,#2720,#2721,#2722,#2723,#2724,
#2725,#2726,#2727,#2728,#2729,#2730,#2731,#2732,#2733,#2734,#2735,#2736),
 .UNSPECIFIED.,.F.,.F.)
B_SPLINE_CURVE_WITH_KNOTS((3,2,2,2,2,2,2,2,2,2,3),(0.58695652173913,0.591304347826087,
0.595652173913043,0.6,0.604347826086956,0.608695652173913,0.613043478260869,
0.617391304347826,0.621739130434782,0.626086956521739,0.630434782608696),
 .UNSPECIFIED.)
CURVE()
GEOMETRIC_REPRESENTATION_ITEM()
RATIONAL_B_SPLINE_CURVE((1.,0.951056516295154,1.,0.951056516295154,1.,0.951056516295154,
1.,0.951056516295154,1.,0.951056516295154,1.,0.951056516295154,1.,0.951056516295154,
1.,0.951056516295154,1.,0.951056516295154,1.,0.951056516295154,1.))
REPRESENTATION_ITEM('')
);
#390=(
BOUNDED_CURVE()
B_SPLINE_CURVE(2,(#2737,#2738,#2739,#2740,#2741,#2742,#2743,#2744,#2745,
#2746,#2747,#2748,#2749,#2750,#2751,#2752,#2753,#2754,#2755,#2756,#2757),
 .UNSPECIFIED.,.F.,.F.)
B_SPLINE_CURVE_WITH_KNOTS((3,2,2,2,2,2,2,2,2,2,3),(0.58695652173913,0.591304347826087,
0.595652173913043,0.6,0.604347826086956,0.608695652173913,0.61304347826087,
0.617391304347826,0.621739130434783,0.626086956521739,0.630434782608696),
 .UNSPECIFIED.)
CURVE()
GEOMETRIC_REPRESENTATION_ITEM()
RATIONAL_B_SPLINE_CURVE((1.,0.951056516295154,1.,0.951056516295154,1.,0.951056516295154,
1.,0.951056516295154,1.,0.951056516295154,1.,0.951056516295154,1.,0.951056516295154,
1.,0.951056516295154,1.,0.951056516295154,1.,0.951056516295154,1.))
REPRESENTATION_ITEM('')
);
#391=(
BOUNDED_CURVE()
B_SPLINE_CURVE(2,(#2762,#2763,#2764,#2765,#2766,#2767,#2768,#2769,#2770,
#2771,#2772,#2773,#2774,#2775,#2776,#2777,#2778,#2779,#2780,#2781,#2782),
 .UNSPECIFIED.,.F.,.F.)
B_SPLINE_CURVE_WITH_KNOTS((3,2,2,2,2,2,2,2,2,2,3),(0.630434782608696,0.634782608695652,
0.639130434782609,0.643478260869565,0.647826086956522,0.652173913043478,
0.656521739130435,0.660869565217391,0.665217391304348,0.669565217391304,
0.673913043478261),.UNSPECIFIED.)
CURVE()
GEOMETRIC_REPRESENTATION_ITEM()
RATIONAL_B_SPLINE_CURVE((1.,0.951056516295154,1.,0.951056516295154,1.,0.951056516295154,
1.,0.951056516295154,1.,0.951056516295154,1.,0.951056516295154,1.,0.951056516295154,
1.,0.951056516295154,1.,0.951056516295154,1.,0.951056516295155,0.999999999999999))
REPRESENTATION_ITEM('')
);
#392=(
BOUNDED_CURVE()
B_SPLINE_CURVE(2,(#2783,#2784,#2785,#2786,#2787,#2788,#2789,#2790,#2791,
#2792,#2793,#2794,#2795,#2796,#2797,#2798,#2799,#2800,#2801,#2802,#2803),
 .UNSPECIFIED.,.F.,.F.)
B_SPLINE_CURVE_WITH_KNOTS((3,2,2,2,2,2,2,2,2,2,3),(0.630434782608696,0.634782608695652,
0.639130434782609,0.643478260869565,0.647826086956522,0.652173913043478,
0.656521739130435,0.660869565217391,0.665217391304348,0.669565217391304,
0.673913043478261),.UNSPECIFIED.)
CURVE()
GEOMETRIC_REPRESENTATION_ITEM()
RATIONAL_B_SPLINE_CURVE((1.,0.951056516295154,1.,0.951056516295154,1.,0.951056516295154,
1.,0.951056516295154,1.,0.951056516295154,1.,0.951056516295154,1.,0.951056516295154,
1.,0.951056516295154,1.,0.951056516295154,1.,0.951056516295154,1.))
REPRESENTATION_ITEM('')
);
#393=(
BOUNDED_CURVE()
B_SPLINE_CURVE(2,(#4189,#4190,#4191),.UNSPECIFIED.,.F.,.F.)
B_SPLINE_CURVE_WITH_KNOTS((3,3),(1.21952603790923,1.86876877991593),
 .UNSPECIFIED.)
CURVE()
GEOMETRIC_REPRESENTATION_ITEM()
RATIONAL_B_SPLINE_CURVE((1.29432004641822,1.29432004641822,1.21090355956396))
REPRESENTATION_ITEM('')
);
#394=(
BOUNDED_CURVE()
B_SPLINE_CURVE(2,(#4204,#4205,#4206),.UNSPECIFIED.,.F.,.F.)
B_SPLINE_CURVE_WITH_KNOTS((3,3),(-1.86876877991592,-0.570283295902537),
 .UNSPECIFIED.)
CURVE()
GEOMETRIC_REPRESENTATION_ITEM()
RATIONAL_B_SPLINE_CURVE((1.21090355956397,1.37773653327248,1.21090355956397))
REPRESENTATION_ITEM('')
);
#395=(
BOUNDED_CURVE()
B_SPLINE_CURVE(2,(#4219,#4220,#4221),.UNSPECIFIED.,.F.,.F.)
B_SPLINE_CURVE_WITH_KNOTS((3,3),(-1.86876877991592,-0.570283295902537),
 .UNSPECIFIED.)
CURVE()
GEOMETRIC_REPRESENTATION_ITEM()
RATIONAL_B_SPLINE_CURVE((1.21090355956396,1.37773653327248,1.21090355956396))
REPRESENTATION_ITEM('')
);
#396=(
BOUNDED_CURVE()
B_SPLINE_CURVE(2,(#4234,#4235,#4236),.UNSPECIFIED.,.F.,.F.)
B_SPLINE_CURVE_WITH_KNOTS((3,3),(-1.86876877991592,-0.570283295902531),
 .UNSPECIFIED.)
CURVE()
GEOMETRIC_REPRESENTATION_ITEM()
RATIONAL_B_SPLINE_CURVE((1.21090355956397,1.37773653327248,1.21090355956396))
REPRESENTATION_ITEM('')
);
#397=(
BOUNDED_CURVE()
B_SPLINE_CURVE(2,(#4249,#4250,#4251),.UNSPECIFIED.,.F.,.F.)
B_SPLINE_CURVE_WITH_KNOTS((3,3),(0.570283295902536,1.86876877991592),
 .UNSPECIFIED.)
CURVE()
GEOMETRIC_REPRESENTATION_ITEM()
RATIONAL_B_SPLINE_CURVE((1.21090355956397,1.37773653327248,1.21090355956397))
REPRESENTATION_ITEM('')
);
#398=(
BOUNDED_CURVE()
B_SPLINE_CURVE(2,(#4264,#4265,#4266),.UNSPECIFIED.,.F.,.F.)
B_SPLINE_CURVE_WITH_KNOTS((3,3),(0.570283295902537,1.86876877991592),
 .UNSPECIFIED.)
CURVE()
GEOMETRIC_REPRESENTATION_ITEM()
RATIONAL_B_SPLINE_CURVE((1.21090355956397,1.37773653327248,1.21090355956397))
REPRESENTATION_ITEM('')
);
#399=(
BOUNDED_CURVE()
B_SPLINE_CURVE(2,(#4278,#4279,#4280),.UNSPECIFIED.,.F.,.F.)
B_SPLINE_CURVE_WITH_KNOTS((3,3),(0.570283295902537,1.21952603790923),
 .UNSPECIFIED.)
CURVE()
GEOMETRIC_REPRESENTATION_ITEM()
RATIONAL_B_SPLINE_CURVE((1.21090355956397,1.29432004641822,1.29432004641822))
REPRESENTATION_ITEM('')
);
#400=(
BOUNDED_CURVE()
B_SPLINE_CURVE(2,(#6140,#6141,#6142,#6143,#6144),.UNSPECIFIED.,.F.,.F.)
B_SPLINE_CURVE_WITH_KNOTS((3,2,3),(0.673913043478261,0.678260869565217,
0.679368020679514),.UNSPECIFIED.)
CURVE()
GEOMETRIC_REPRESENTATION_ITEM()
RATIONAL_B_SPLINE_CURVE((1.,0.951056516295154,1.,0.987536798520079,0.981420974847011))
REPRESENTATION_ITEM('')
);
#401=(
BOUNDED_CURVE()
B_SPLINE_CURVE(2,(#6285,#6286,#6287),.UNSPECIFIED.,.F.,.F.)
B_SPLINE_CURVE_WITH_KNOTS((3,3),(-3.01944948644585,-1.94787853030509),
 .UNSPECIFIED.)
CURVE()
GEOMETRIC_REPRESENTATION_ITEM()
RATIONAL_B_SPLINE_CURVE((2.04796321455601,2.04796321455601,1.91597584633206))
REPRESENTATION_ITEM('')
);
#402=(
BOUNDED_CURVE()
B_SPLINE_CURVE(2,(#6299,#6300,#6301),.UNSPECIFIED.,.F.,.F.)
B_SPLINE_CURVE_WITH_KNOTS((3,3),(-4.09102044258662,-3.01944948644585),
 .UNSPECIFIED.)
CURVE()
GEOMETRIC_REPRESENTATION_ITEM()
RATIONAL_B_SPLINE_CURVE((1.91597584633206,2.04796321455601,2.04796321455601))
REPRESENTATION_ITEM('')
);
#403=(
BOUNDED_CURVE()
B_SPLINE_CURVE(2,(#6304,#6305,#6306),.UNSPECIFIED.,.F.,.F.)
B_SPLINE_CURVE_WITH_KNOTS((3,3),(-3.01944948644585,-1.94787853030527),
 .UNSPECIFIED.)
CURVE()
GEOMETRIC_REPRESENTATION_ITEM()
RATIONAL_B_SPLINE_CURVE((2.04796321455601,2.04796321455601,1.91597584633211))
REPRESENTATION_ITEM('')
);
#404=(
BOUNDED_CURVE()
B_SPLINE_CURVE(2,(#6318,#6319,#6320),.UNSPECIFIED.,.F.,.F.)
B_SPLINE_CURVE_WITH_KNOTS((3,3),(-4.09102044258662,-3.01944948644585),
 .UNSPECIFIED.)
CURVE()
GEOMETRIC_REPRESENTATION_ITEM()
RATIONAL_B_SPLINE_CURVE((1.91597584633206,2.04796321455601,2.04796321455601))
REPRESENTATION_ITEM('')
);
#405=(
BOUNDED_CURVE()
B_SPLINE_CURVE(2,(#6323,#6324,#6325),.UNSPECIFIED.,.F.,.F.)
B_SPLINE_CURVE_WITH_KNOTS((3,3),(-3.01944948644585,-1.94787853030509),
 .UNSPECIFIED.)
CURVE()
GEOMETRIC_REPRESENTATION_ITEM()
RATIONAL_B_SPLINE_CURVE((2.04796321455601,2.04796321455601,1.91597584633206))
REPRESENTATION_ITEM('')
);
#406=(
BOUNDED_CURVE()
B_SPLINE_CURVE(2,(#6337,#6338,#6339),.UNSPECIFIED.,.F.,.F.)
B_SPLINE_CURVE_WITH_KNOTS((3,3),(-4.09102044258661,-3.01944948644585),
 .UNSPECIFIED.)
CURVE()
GEOMETRIC_REPRESENTATION_ITEM()
RATIONAL_B_SPLINE_CURVE((1.91597584633206,2.04796321455601,2.04796321455601))
REPRESENTATION_ITEM('')
);
#407=(
BOUNDED_CURVE()
B_SPLINE_CURVE(2,(#6342,#6343,#6344),.UNSPECIFIED.,.F.,.F.)
B_SPLINE_CURVE_WITH_KNOTS((3,3),(-3.01944948644585,-1.94787853030508),
 .UNSPECIFIED.)
CURVE()
GEOMETRIC_REPRESENTATION_ITEM()
RATIONAL_B_SPLINE_CURVE((2.04796321455601,2.04796321455601,1.91597584633206))
REPRESENTATION_ITEM('')
);
#408=(
BOUNDED_CURVE()
B_SPLINE_CURVE(2,(#6356,#6357,#6358),.UNSPECIFIED.,.F.,.F.)
B_SPLINE_CURVE_WITH_KNOTS((3,3),(-4.09102044258662,-3.01944948644585),
 .UNSPECIFIED.)
CURVE()
GEOMETRIC_REPRESENTATION_ITEM()
RATIONAL_B_SPLINE_CURVE((1.91597584633206,2.04796321455601,2.04796321455601))
REPRESENTATION_ITEM('')
);
#409=(
BOUNDED_CURVE()
B_SPLINE_CURVE(2,(#6361,#6362,#6363),.UNSPECIFIED.,.F.,.F.)
B_SPLINE_CURVE_WITH_KNOTS((3,3),(-3.01944948644585,-1.94787853030509),
 .UNSPECIFIED.)
CURVE()
GEOMETRIC_REPRESENTATION_ITEM()
RATIONAL_B_SPLINE_CURVE((2.04796321455601,2.04796321455601,1.91597584633206))
REPRESENTATION_ITEM('')
);
#410=(
BOUNDED_CURVE()
B_SPLINE_CURVE(2,(#6375,#6376,#6377),.UNSPECIFIED.,.F.,.F.)
B_SPLINE_CURVE_WITH_KNOTS((3,3),(-4.09102044258663,-3.01944948644585),
 .UNSPECIFIED.)
CURVE()
GEOMETRIC_REPRESENTATION_ITEM()
RATIONAL_B_SPLINE_CURVE((1.91597584633206,2.04796321455601,2.04796321455601))
REPRESENTATION_ITEM('')
);
#411=(
BOUNDED_CURVE()
B_SPLINE_CURVE(2,(#6380,#6381,#6382),.UNSPECIFIED.,.F.,.F.)
B_SPLINE_CURVE_WITH_KNOTS((3,3),(-3.01944948644585,-1.94787853030508),
 .UNSPECIFIED.)
CURVE()
GEOMETRIC_REPRESENTATION_ITEM()
RATIONAL_B_SPLINE_CURVE((2.04796321455601,2.04796321455601,1.91597584633206))
REPRESENTATION_ITEM('')
);
#412=(
BOUNDED_CURVE()
B_SPLINE_CURVE(2,(#6394,#6395,#6396),.UNSPECIFIED.,.F.,.F.)
B_SPLINE_CURVE_WITH_KNOTS((3,3),(-4.09102044258662,-3.01944948644585),
 .UNSPECIFIED.)
CURVE()
GEOMETRIC_REPRESENTATION_ITEM()
RATIONAL_B_SPLINE_CURVE((1.91597584633206,2.04796321455601,2.04796321455601))
REPRESENTATION_ITEM('')
);
#413=LINE('',#2108,#491);
#414=LINE('',#2117,#492);
#415=LINE('',#2163,#493);
#416=LINE('',#2209,#494);
#417=LINE('',#2255,#495);
#418=LINE('',#2301,#496);
#419=LINE('',#2347,#497);
#420=LINE('',#2393,#498);
#421=LINE('',#2439,#499);
#422=LINE('',#2485,#500);
#423=LINE('',#2531,#501);
#424=LINE('',#2577,#502);
#425=LINE('',#2623,#503);
#426=LINE('',#2669,#504);
#427=LINE('',#2715,#505);
#428=LINE('',#2761,#506);
#429=LINE('',#2807,#507);
#430=LINE('',#2858,#508);
#431=LINE('',#2934,#509);
#432=LINE('',#3010,#510);
#433=LINE('',#3086,#511);
#434=LINE('',#3162,#512);
#435=LINE('',#3238,#513);
#436=LINE('',#3314,#514);
#437=LINE('',#3390,#515);
#438=LINE('',#3468,#516);
#439=LINE('',#3546,#517);
#440=LINE('',#3622,#518);
#441=LINE('',#3698,#519);
#442=LINE('',#3774,#520);
#443=LINE('',#3850,#521);
#444=LINE('',#3926,#522);
#445=LINE('',#3952,#523);
#446=LINE('',#4063,#524);
#447=LINE('',#4187,#525);
#448=LINE('',#4290,#526);
#449=LINE('',#6149,#527);
#450=LINE('',#6153,#528);
#451=LINE('',#6158,#529);
#452=LINE('',#6162,#530);
#453=LINE('',#6167,#531);
#454=LINE('',#6171,#532);
#455=LINE('',#6182,#533);
#456=LINE('',#6188,#534);
#457=LINE('',#6194,#535);
#458=LINE('',#6201,#536);
#459=LINE('',#6210,#537);
#460=LINE('',#6217,#538);
#461=LINE('',#6223,#539);
#462=LINE('',#6225,#540);
#463=LINE('',#6229,#541);
#464=LINE('',#6230,#542);
#465=LINE('',#6233,#543);
#466=LINE('',#6236,#544);
#467=LINE('',#6239,#545);
#468=LINE('',#6241,#546);
#469=LINE('',#6242,#547);
#470=LINE('',#6245,#548);
#471=LINE('',#6249,#549);
#472=LINE('',#6250,#550);
#473=LINE('',#6255,#551);
#474=LINE('',#6257,#552);
#475=LINE('',#6258,#553);
#476=LINE('',#6261,#554);
#477=LINE('',#6265,#555);
#478=LINE('',#6266,#556);
#479=LINE('',#6398,#557);
#480=LINE('',#6399,#558);
#481=LINE('',#6401,#559);
#482=LINE('',#6403,#560);
#483=LINE('',#6405,#561);
#484=LINE('',#6407,#562);
#485=LINE('',#6409,#563);
#486=LINE('',#6411,#564);
#487=LINE('',#6413,#565);
#488=LINE('',#6415,#566);
#489=LINE('',#6417,#567);
#490=LINE('',#6419,#568);
#491=VECTOR('',#1738,0.200036995935512);
#492=VECTOR('',#1743,0.200036995935512);
#493=VECTOR('',#1748,0.200036995935512);
#494=VECTOR('',#1751,0.200036995935512);
#495=VECTOR('',#1754,0.200036995935512);
#496=VECTOR('',#1757,0.200036995935512);
#497=VECTOR('',#1760,0.200036995935512);
#498=VECTOR('',#1763,0.200036995935512);
#499=VECTOR('',#1766,0.200036995935512);
#500=VECTOR('',#1769,0.200036995935512);
#501=VECTOR('',#1772,0.200036995935512);
#502=VECTOR('',#1775,0.200036995935512);
#503=VECTOR('',#1778,0.200036995935512);
#504=VECTOR('',#1781,0.200036995935512);
#505=VECTOR('',#1784,0.200036995935512);
#506=VECTOR('',#1787,0.200036995935512);
#507=VECTOR('',#1790,0.25);
#508=VECTOR('',#1795,0.25);
#509=VECTOR('',#1798,0.25);
#510=VECTOR('',#1801,0.25);
#511=VECTOR('',#1804,0.25);
#512=VECTOR('',#1807,0.25);
#513=VECTOR('',#1810,0.25);
#514=VECTOR('',#1813,0.25);
#515=VECTOR('',#1816,0.25);
#516=VECTOR('',#1819,0.25);
#517=VECTOR('',#1822,0.25);
#518=VECTOR('',#1825,0.25);
#519=VECTOR('',#1828,0.25);
#520=VECTOR('',#1831,0.25);
#521=VECTOR('',#1834,0.25);
#522=VECTOR('',#1837,0.25);
#523=VECTOR('',#1842,0.25);
#524=VECTOR('',#1851,0.192307692307693);
#525=VECTOR('',#1870,0.527549058137725);
#526=VECTOR('',#1883,0.3375);
#527=VECTOR('',#1896,39.3700787401575);
#528=VECTOR('',#1899,39.3700787401575);
#529=VECTOR('',#1904,39.3700787401575);
#530=VECTOR('',#1907,39.3700787401575);
#531=VECTOR('',#1912,39.3700787401575);
#532=VECTOR('',#1915,39.3700787401575);
#533=VECTOR('',#1930,39.3700787401575);
#534=VECTOR('',#1939,39.3700787401575);
#535=VECTOR('',#1946,39.3700787401575);
#536=VECTOR('',#1955,39.3700787401575);
#537=VECTOR('',#1968,39.3700787401575);
#538=VECTOR('',#1977,39.3700787401575);
#539=VECTOR('',#1986,39.3700787401575);
#540=VECTOR('',#1987,39.3700787401575);
#541=VECTOR('',#1992,39.3700787401575);
#542=VECTOR('',#1993,39.3700787401575);
#543=VECTOR('',#1996,39.3700787401575);
#544=VECTOR('',#2001,39.3700787401575);
#545=VECTOR('',#2004,39.3700787401575);
#546=VECTOR('',#2005,39.3700787401575);
#547=VECTOR('',#2006,39.3700787401575);
#548=VECTOR('',#2009,39.3700787401575);
#549=VECTOR('',#2014,39.3700787401575);
#550=VECTOR('',#2015,39.3700787401575);
#551=VECTOR('',#2022,39.3700787401575);
#552=VECTOR('',#2023,39.3700787401575);
#553=VECTOR('',#2024,39.3700787401575);
#554=VECTOR('',#2027,39.3700787401575);
#555=VECTOR('',#2032,39.3700787401575);
#556=VECTOR('',#2033,39.3700787401575);
#557=VECTOR('',#2068,39.3700787401575);
#558=VECTOR('',#2069,39.3700787401575);
#559=VECTOR('',#2072,39.3700787401575);
#560=VECTOR('',#2075,39.3700787401575);
#561=VECTOR('',#2078,39.3700787401575);
#562=VECTOR('',#2081,39.3700787401575);
#563=VECTOR('',#2084,39.3700787401575);
#564=VECTOR('',#2087,39.3700787401575);
#565=VECTOR('',#2090,39.3700787401575);
#566=VECTOR('',#2093,39.3700787401575);
#567=VECTOR('',#2096,39.3700787401575);
#568=VECTOR('',#2099,39.3700787401575);
#569=VERTEX_POINT('',#2106);
#570=VERTEX_POINT('',#2107);
#571=VERTEX_POINT('',#2109);
#572=VERTEX_POINT('',#2115);
#573=VERTEX_POINT('',#2116);
#574=VERTEX_POINT('',#2139);
#575=VERTEX_POINT('',#2161);
#576=VERTEX_POINT('',#2162);
#577=VERTEX_POINT('',#2207);
#578=VERTEX_POINT('',#2208);
#579=VERTEX_POINT('',#2253);
#580=VERTEX_POINT('',#2254);
#581=VERTEX_POINT('',#2299);
#582=VERTEX_POINT('',#2300);
#583=VERTEX_POINT('',#2345);
#584=VERTEX_POINT('',#2346);
#585=VERTEX_POINT('',#2391);
#586=VERTEX_POINT('',#2392);
#587=VERTEX_POINT('',#2437);
#588=VERTEX_POINT('',#2438);
#589=VERTEX_POINT('',#2483);
#590=VERTEX_POINT('',#2484);
#591=VERTEX_POINT('',#2529);
#592=VERTEX_POINT('',#2530);
#593=VERTEX_POINT('',#2575);
#594=VERTEX_POINT('',#2576);
#595=VERTEX_POINT('',#2621);
#596=VERTEX_POINT('',#2622);
#597=VERTEX_POINT('',#2667);
#598=VERTEX_POINT('',#2668);
#599=VERTEX_POINT('',#2713);
#600=VERTEX_POINT('',#2714);
#601=VERTEX_POINT('',#2759);
#602=VERTEX_POINT('',#2760);
#603=VERTEX_POINT('',#2805);
#604=VERTEX_POINT('',#2806);
#605=VERTEX_POINT('',#2808);
#606=VERTEX_POINT('',#2833);
#607=VERTEX_POINT('',#2856);
#608=VERTEX_POINT('',#2857);
#609=VERTEX_POINT('',#2932);
#610=VERTEX_POINT('',#2933);
#611=VERTEX_POINT('',#3008);
#612=VERTEX_POINT('',#3009);
#613=VERTEX_POINT('',#3084);
#614=VERTEX_POINT('',#3085);
#615=VERTEX_POINT('',#3160);
#616=VERTEX_POINT('',#3161);
#617=VERTEX_POINT('',#3236);
#618=VERTEX_POINT('',#3237);
#619=VERTEX_POINT('',#3312);
#620=VERTEX_POINT('',#3313);
#621=VERTEX_POINT('',#3388);
#622=VERTEX_POINT('',#3389);
#623=VERTEX_POINT('',#3466);
#624=VERTEX_POINT('',#3467);
#625=VERTEX_POINT('',#3544);
#626=VERTEX_POINT('',#3545);
#627=VERTEX_POINT('',#3620);
#628=VERTEX_POINT('',#3621);
#629=VERTEX_POINT('',#3696);
#630=VERTEX_POINT('',#3697);
#631=VERTEX_POINT('',#3772);
#632=VERTEX_POINT('',#3773);
#633=VERTEX_POINT('',#3848);
#634=VERTEX_POINT('',#3849);
#635=VERTEX_POINT('',#3924);
#636=VERTEX_POINT('',#3925);
#637=VERTEX_POINT('',#3939);
#638=VERTEX_POINT('',#3950);
#639=VERTEX_POINT('',#3951);
#640=VERTEX_POINT('',#3953);
#641=VERTEX_POINT('',#4022);
#642=VERTEX_POINT('',#4043);
#643=VERTEX_POINT('',#4062);
#644=VERTEX_POINT('',#4178);
#645=VERTEX_POINT('',#4179);
#646=VERTEX_POINT('',#4182);
#647=VERTEX_POINT('',#4186);
#648=VERTEX_POINT('',#4188);
#649=VERTEX_POINT('',#4192);
#650=VERTEX_POINT('',#4203);
#651=VERTEX_POINT('',#4207);
#652=VERTEX_POINT('',#4218);
#653=VERTEX_POINT('',#4222);
#654=VERTEX_POINT('',#4233);
#655=VERTEX_POINT('',#4237);
#656=VERTEX_POINT('',#4248);
#657=VERTEX_POINT('',#4252);
#658=VERTEX_POINT('',#4263);
#659=VERTEX_POINT('',#4267);
#660=VERTEX_POINT('',#4282);
#661=VERTEX_POINT('',#4284);
#662=VERTEX_POINT('',#4288);
#663=VERTEX_POINT('',#4292);
#664=VERTEX_POINT('',#6147);
#665=VERTEX_POINT('',#6148);
#666=VERTEX_POINT('',#6150);
#667=VERTEX_POINT('',#6152);
#668=VERTEX_POINT('',#6156);
#669=VERTEX_POINT('',#6157);
#670=VERTEX_POINT('',#6159);
#671=VERTEX_POINT('',#6161);
#672=VERTEX_POINT('',#6165);
#673=VERTEX_POINT('',#6166);
#674=VERTEX_POINT('',#6168);
#675=VERTEX_POINT('',#6170);
#676=VERTEX_POINT('',#6174);
#677=VERTEX_POINT('',#6176);
#678=VERTEX_POINT('',#6180);
#679=VERTEX_POINT('',#6184);
#680=VERTEX_POINT('',#6190);
#681=VERTEX_POINT('',#6192);
#682=VERTEX_POINT('',#6196);
#683=VERTEX_POINT('',#6200);
#684=VERTEX_POINT('',#6206);
#685=VERTEX_POINT('',#6208);
#686=VERTEX_POINT('',#6212);
#687=VERTEX_POINT('',#6216);
#688=VERTEX_POINT('',#6222);
#689=VERTEX_POINT('',#6224);
#690=VERTEX_POINT('',#6228);
#691=VERTEX_POINT('',#6232);
#692=VERTEX_POINT('',#6238);
#693=VERTEX_POINT('',#6240);
#694=VERTEX_POINT('',#6244);
#695=VERTEX_POINT('',#6248);
#696=VERTEX_POINT('',#6254);
#697=VERTEX_POINT('',#6256);
#698=VERTEX_POINT('',#6260);
#699=VERTEX_POINT('',#6264);
#700=VERTEX_POINT('',#6271);
#701=VERTEX_POINT('',#6272);
#702=VERTEX_POINT('',#6274);
#703=VERTEX_POINT('',#6276);
#704=VERTEX_POINT('',#6278);
#705=VERTEX_POINT('',#6280);
#706=VERTEX_POINT('',#6284);
#707=VERTEX_POINT('',#6288);
#708=VERTEX_POINT('',#6303);
#709=VERTEX_POINT('',#6307);
#710=VERTEX_POINT('',#6322);
#711=VERTEX_POINT('',#6326);
#712=VERTEX_POINT('',#6341);
#713=VERTEX_POINT('',#6345);
#714=VERTEX_POINT('',#6360);
#715=VERTEX_POINT('',#6364);
#716=VERTEX_POINT('',#6379);
#717=VERTEX_POINT('',#6383);
#718=EDGE_CURVE('',#569,#570,#413,.T.);
#719=EDGE_CURVE('',#571,#569,#362,.T.);
#720=EDGE_CURVE('',#570,#571,#308,.T.);
#721=EDGE_CURVE('',#572,#573,#414,.T.);
#722=EDGE_CURVE('',#569,#572,#363,.T.);
#723=EDGE_CURVE('',#574,#570,#309,.T.);
#724=EDGE_CURVE('',#574,#573,#364,.T.);
#725=EDGE_CURVE('',#575,#576,#415,.T.);
#726=EDGE_CURVE('',#572,#575,#365,.T.);
#727=EDGE_CURVE('',#573,#576,#366,.T.);
#728=EDGE_CURVE('',#577,#578,#416,.T.);
#729=EDGE_CURVE('',#575,#577,#367,.T.);
#730=EDGE_CURVE('',#576,#578,#368,.T.);
#731=EDGE_CURVE('',#579,#580,#417,.T.);
#732=EDGE_CURVE('',#577,#579,#369,.T.);
#733=EDGE_CURVE('',#578,#580,#370,.T.);
#734=EDGE_CURVE('',#581,#582,#418,.T.);
#735=EDGE_CURVE('',#579,#581,#371,.T.);
#736=EDGE_CURVE('',#580,#582,#372,.T.);
#737=EDGE_CURVE('',#583,#584,#419,.T.);
#738=EDGE_CURVE('',#581,#583,#373,.T.);
#739=EDGE_CURVE('',#582,#584,#374,.T.);
#740=EDGE_CURVE('',#585,#586,#420,.T.);
#741=EDGE_CURVE('',#583,#585,#375,.T.);
#742=EDGE_CURVE('',#584,#586,#376,.T.);
#743=EDGE_CURVE('',#587,#588,#421,.T.);
#744=EDGE_CURVE('',#585,#587,#377,.T.);
#745=EDGE_CURVE('',#586,#588,#378,.T.);
#746=EDGE_CURVE('',#589,#590,#422,.T.);
#747=EDGE_CURVE('',#587,#589,#379,.T.);
#748=EDGE_CURVE('',#588,#590,#380,.T.);
#749=EDGE_CURVE('',#591,#592,#423,.T.);
#750=EDGE_CURVE('',#589,#591,#381,.T.);
#751=EDGE_CURVE('',#590,#592,#382,.T.);
#752=EDGE_CURVE('',#593,#594,#424,.T.);
#753=EDGE_CURVE('',#591,#593,#383,.T.);
#754=EDGE_CURVE('',#592,#594,#384,.T.);
#755=EDGE_CURVE('',#595,#596,#425,.T.);
#756=EDGE_CURVE('',#593,#595,#385,.T.);
#757=EDGE_CURVE('',#594,#596,#386,.T.);
#758=EDGE_CURVE('',#597,#598,#426,.T.);
#759=EDGE_CURVE('',#595,#597,#387,.T.);
#760=EDGE_CURVE('',#596,#598,#388,.T.);
#761=EDGE_CURVE('',#599,#600,#427,.T.);
#762=EDGE_CURVE('',#597,#599,#389,.T.);
#763=EDGE_CURVE('',#598,#600,#390,.T.);
#764=EDGE_CURVE('',#601,#602,#428,.T.);
#765=EDGE_CURVE('',#599,#601,#391,.T.);
#766=EDGE_CURVE('',#600,#602,#392,.T.);
#767=EDGE_CURVE('',#603,#604,#429,.T.);
#768=EDGE_CURVE('',#603,#605,#65,.T.);
#769=EDGE_CURVE('',#605,#606,#310,.T.);
#770=EDGE_CURVE('',#604,#606,#66,.F.);
#771=EDGE_CURVE('',#607,#608,#430,.T.);
#772=EDGE_CURVE('',#607,#603,#67,.T.);
#773=EDGE_CURVE('',#608,#604,#68,.F.);
#774=EDGE_CURVE('',#609,#610,#431,.T.);
#775=EDGE_CURVE('',#609,#607,#69,.T.);
#776=EDGE_CURVE('',#610,#608,#70,.F.);
#777=EDGE_CURVE('',#611,#612,#432,.T.);
#778=EDGE_CURVE('',#611,#609,#71,.T.);
#779=EDGE_CURVE('',#612,#610,#72,.F.);
#780=EDGE_CURVE('',#613,#614,#433,.T.);
#781=EDGE_CURVE('',#613,#611,#73,.T.);
#782=EDGE_CURVE('',#614,#612,#74,.F.);
#783=EDGE_CURVE('',#615,#616,#434,.T.);
#784=EDGE_CURVE('',#615,#613,#75,.T.);
#785=EDGE_CURVE('',#616,#614,#76,.F.);
#786=EDGE_CURVE('',#617,#618,#435,.T.);
#787=EDGE_CURVE('',#617,#615,#77,.T.);
#788=EDGE_CURVE('',#618,#616,#78,.F.);
#789=EDGE_CURVE('',#619,#620,#436,.T.);
#790=EDGE_CURVE('',#619,#617,#79,.T.);
#791=EDGE_CURVE('',#620,#618,#80,.F.);
#792=EDGE_CURVE('',#621,#622,#437,.T.);
#793=EDGE_CURVE('',#621,#619,#81,.T.);
#794=EDGE_CURVE('',#622,#620,#82,.F.);
#795=EDGE_CURVE('',#623,#624,#438,.T.);
#796=EDGE_CURVE('',#623,#621,#83,.T.);
#797=EDGE_CURVE('',#624,#622,#84,.F.);
#798=EDGE_CURVE('',#625,#626,#439,.T.);
#799=EDGE_CURVE('',#625,#623,#85,.T.);
#800=EDGE_CURVE('',#626,#624,#86,.F.);
#801=EDGE_CURVE('',#627,#628,#440,.T.);
#802=EDGE_CURVE('',#627,#625,#87,.T.);
#803=EDGE_CURVE('',#628,#626,#88,.F.);
#804=EDGE_CURVE('',#629,#630,#441,.T.);
#805=EDGE_CURVE('',#629,#627,#89,.T.);
#806=EDGE_CURVE('',#630,#628,#90,.F.);
#807=EDGE_CURVE('',#631,#632,#442,.T.);
#808=EDGE_CURVE('',#631,#629,#91,.T.);
#809=EDGE_CURVE('',#632,#630,#92,.F.);
#810=EDGE_CURVE('',#633,#634,#443,.T.);
#811=EDGE_CURVE('',#633,#631,#93,.T.);
#812=EDGE_CURVE('',#634,#632,#94,.F.);
#813=EDGE_CURVE('',#635,#636,#444,.T.);
#814=EDGE_CURVE('',#601,#635,#95,.F.);
#815=EDGE_CURVE('',#637,#601,#311,.T.);
#816=EDGE_CURVE('',#636,#637,#96,.F.);
#817=EDGE_CURVE('',#638,#639,#445,.T.);
#818=EDGE_CURVE('',#638,#640,#312,.T.);
#819=EDGE_CURVE('',#635,#640,#97,.F.);
#820=EDGE_CURVE('',#639,#636,#98,.F.);
#821=EDGE_CURVE('',#641,#639,#99,.F.);
#822=EDGE_CURVE('',#641,#638,#313,.T.);
#823=EDGE_CURVE('',#605,#642,#100,.T.);
#824=EDGE_CURVE('',#642,#643,#446,.T.);
#825=EDGE_CURVE('',#643,#643,#314,.T.);
#826=EDGE_CURVE('',#642,#574,#101,.T.);
#827=EDGE_CURVE('',#571,#606,#102,.T.);
#828=EDGE_CURVE('',#640,#634,#103,.F.);
#829=EDGE_CURVE('',#641,#640,#315,.T.);
#830=EDGE_CURVE('',#641,#633,#104,.T.);
#831=EDGE_CURVE('',#644,#645,#316,.T.);
#832=EDGE_CURVE('',#645,#644,#317,.T.);
#833=EDGE_CURVE('',#645,#646,#318,.T.);
#834=EDGE_CURVE('',#646,#646,#319,.T.);
#835=EDGE_CURVE('',#644,#647,#447,.T.);
#836=EDGE_CURVE('',#647,#648,#393,.T.);
#837=EDGE_CURVE('',#648,#649,#105,.T.);
#838=EDGE_CURVE('',#649,#650,#394,.T.);
#839=EDGE_CURVE('',#650,#651,#106,.T.);
#840=EDGE_CURVE('',#651,#652,#395,.T.);
#841=EDGE_CURVE('',#652,#653,#107,.T.);
#842=EDGE_CURVE('',#653,#654,#396,.F.);
#843=EDGE_CURVE('',#654,#655,#108,.T.);
#844=EDGE_CURVE('',#655,#656,#397,.T.);
#845=EDGE_CURVE('',#656,#657,#109,.T.);
#846=EDGE_CURVE('',#657,#658,#398,.T.);
#847=EDGE_CURVE('',#658,#659,#110,.T.);
#848=EDGE_CURVE('',#659,#647,#399,.T.);
#849=EDGE_CURVE('',#660,#660,#320,.T.);
#850=EDGE_CURVE('',#660,#661,#321,.T.);
#851=EDGE_CURVE('',#661,#661,#322,.T.);
#852=EDGE_CURVE('',#662,#662,#323,.T.);
#853=EDGE_CURVE('',#662,#660,#448,.T.);
#854=EDGE_CURVE('',#663,#663,#324,.T.);
#855=EDGE_CURVE('',#663,#662,#325,.T.);
#856=EDGE_CURVE('',#602,#637,#400,.T.);
#857=EDGE_CURVE('',#664,#665,#449,.T.);
#858=EDGE_CURVE('',#665,#666,#326,.T.);
#859=EDGE_CURVE('',#666,#667,#450,.T.);
#860=EDGE_CURVE('',#667,#664,#327,.T.);
#861=EDGE_CURVE('',#668,#669,#451,.T.);
#862=EDGE_CURVE('',#669,#670,#328,.T.);
#863=EDGE_CURVE('',#670,#671,#452,.T.);
#864=EDGE_CURVE('',#671,#668,#329,.T.);
#865=EDGE_CURVE('',#672,#673,#453,.T.);
#866=EDGE_CURVE('',#673,#674,#330,.T.);
#867=EDGE_CURVE('',#674,#675,#454,.T.);
#868=EDGE_CURVE('',#675,#672,#331,.T.);
#869=EDGE_CURVE('',#665,#676,#332,.T.);
#870=EDGE_CURVE('',#677,#676,#333,.T.);
#871=EDGE_CURVE('',#677,#666,#334,.T.);
#872=EDGE_CURVE('',#678,#667,#335,.T.);
#873=EDGE_CURVE('',#678,#677,#455,.T.);
#874=EDGE_CURVE('',#679,#678,#336,.T.);
#875=EDGE_CURVE('',#664,#679,#337,.T.);
#876=EDGE_CURVE('',#676,#679,#456,.T.);
#877=EDGE_CURVE('',#680,#671,#338,.T.);
#878=EDGE_CURVE('',#681,#670,#339,.T.);
#879=EDGE_CURVE('',#680,#681,#457,.T.);
#880=EDGE_CURVE('',#682,#680,#340,.T.);
#881=EDGE_CURVE('',#668,#682,#341,.T.);
#882=EDGE_CURVE('',#683,#682,#458,.T.);
#883=EDGE_CURVE('',#669,#683,#342,.T.);
#884=EDGE_CURVE('',#681,#683,#343,.T.);
#885=EDGE_CURVE('',#684,#675,#344,.T.);
#886=EDGE_CURVE('',#685,#674,#345,.T.);
#887=EDGE_CURVE('',#684,#685,#459,.T.);
#888=EDGE_CURVE('',#686,#684,#346,.T.);
#889=EDGE_CURVE('',#672,#686,#347,.T.);
#890=EDGE_CURVE('',#687,#686,#460,.T.);
#891=EDGE_CURVE('',#673,#687,#348,.T.);
#892=EDGE_CURVE('',#685,#687,#349,.T.);
#893=EDGE_CURVE('',#677,#688,#461,.T.);
#894=EDGE_CURVE('',#676,#689,#462,.T.);
#895=EDGE_CURVE('',#689,#688,#350,.T.);
#896=EDGE_CURVE('',#678,#690,#463,.T.);
#897=EDGE_CURVE('',#688,#690,#464,.T.);
#898=EDGE_CURVE('',#679,#691,#465,.T.);
#899=EDGE_CURVE('',#690,#691,#351,.T.);
#900=EDGE_CURVE('',#691,#689,#466,.T.);
#901=EDGE_CURVE('',#680,#692,#467,.T.);
#902=EDGE_CURVE('',#681,#693,#468,.T.);
#903=EDGE_CURVE('',#693,#692,#469,.T.);
#904=EDGE_CURVE('',#682,#694,#470,.T.);
#905=EDGE_CURVE('',#692,#694,#352,.T.);
#906=EDGE_CURVE('',#683,#695,#471,.T.);
#907=EDGE_CURVE('',#694,#695,#472,.T.);
#908=EDGE_CURVE('',#695,#693,#353,.T.);
#909=EDGE_CURVE('',#684,#696,#473,.T.);
#910=EDGE_CURVE('',#685,#697,#474,.T.);
#911=EDGE_CURVE('',#697,#696,#475,.T.);
#912=EDGE_CURVE('',#686,#698,#476,.T.);
#913=EDGE_CURVE('',#696,#698,#354,.T.);
#914=EDGE_CURVE('',#687,#699,#477,.T.);
#915=EDGE_CURVE('',#698,#699,#478,.T.);
#916=EDGE_CURVE('',#699,#697,#355,.T.);
#917=EDGE_CURVE('',#700,#701,#356,.T.);
#918=EDGE_CURVE('',#701,#702,#357,.T.);
#919=EDGE_CURVE('',#702,#703,#358,.T.);
#920=EDGE_CURVE('',#703,#704,#359,.T.);
#921=EDGE_CURVE('',#704,#705,#360,.T.);
#922=EDGE_CURVE('',#705,#700,#361,.T.);
#923=EDGE_CURVE('',#701,#706,#401,.T.);
#924=EDGE_CURVE('',#706,#707,#111,.T.);
#925=EDGE_CURVE('',#707,#702,#402,.T.);
#926=EDGE_CURVE('',#702,#708,#403,.T.);
#927=EDGE_CURVE('',#708,#709,#112,.T.);
#928=EDGE_CURVE('',#709,#703,#404,.T.);
#929=EDGE_CURVE('',#703,#710,#405,.T.);
#930=EDGE_CURVE('',#710,#711,#113,.T.);
#931=EDGE_CURVE('',#711,#704,#406,.T.);
#932=EDGE_CURVE('',#704,#712,#407,.T.);
#933=EDGE_CURVE('',#712,#713,#114,.T.);
#934=EDGE_CURVE('',#713,#705,#408,.T.);
#935=EDGE_CURVE('',#700,#714,#409,.T.);
#936=EDGE_CURVE('',#714,#715,#115,.T.);
#937=EDGE_CURVE('',#715,#701,#410,.T.);
#938=EDGE_CURVE('',#705,#716,#411,.T.);
#939=EDGE_CURVE('',#716,#717,#116,.T.);
#940=EDGE_CURVE('',#717,#700,#412,.T.);
#941=EDGE_CURVE('',#649,#714,#479,.T.);
#942=EDGE_CURVE('',#715,#648,#480,.T.);
#943=EDGE_CURVE('',#659,#706,#481,.T.);
#944=EDGE_CURVE('',#707,#658,#482,.T.);
#945=EDGE_CURVE('',#657,#708,#483,.T.);
#946=EDGE_CURVE('',#709,#656,#484,.T.);
#947=EDGE_CURVE('',#655,#710,#485,.T.);
#948=EDGE_CURVE('',#711,#654,#486,.T.);
#949=EDGE_CURVE('',#653,#712,#487,.T.);
#950=EDGE_CURVE('',#713,#652,#488,.T.);
#951=EDGE_CURVE('',#651,#716,#489,.T.);
#952=EDGE_CURVE('',#717,#650,#490,.T.);
#953=ORIENTED_EDGE('',*,*,#718,.F.);
#954=ORIENTED_EDGE('',*,*,#719,.F.);
#955=ORIENTED_EDGE('',*,*,#720,.F.);
#956=ORIENTED_EDGE('',*,*,#721,.F.);
#957=ORIENTED_EDGE('',*,*,#722,.F.);
#958=ORIENTED_EDGE('',*,*,#718,.T.);
#959=ORIENTED_EDGE('',*,*,#723,.F.);
#960=ORIENTED_EDGE('',*,*,#724,.T.);
#961=ORIENTED_EDGE('',*,*,#725,.F.);
#962=ORIENTED_EDGE('',*,*,#726,.F.);
#963=ORIENTED_EDGE('',*,*,#721,.T.);
#964=ORIENTED_EDGE('',*,*,#727,.T.);
#965=ORIENTED_EDGE('',*,*,#728,.F.);
#966=ORIENTED_EDGE('',*,*,#729,.F.);
#967=ORIENTED_EDGE('',*,*,#725,.T.);
#968=ORIENTED_EDGE('',*,*,#730,.T.);
#969=ORIENTED_EDGE('',*,*,#731,.F.);
#970=ORIENTED_EDGE('',*,*,#732,.F.);
#971=ORIENTED_EDGE('',*,*,#728,.T.);
#972=ORIENTED_EDGE('',*,*,#733,.T.);
#973=ORIENTED_EDGE('',*,*,#734,.F.);
#974=ORIENTED_EDGE('',*,*,#735,.F.);
#975=ORIENTED_EDGE('',*,*,#731,.T.);
#976=ORIENTED_EDGE('',*,*,#736,.T.);
#977=ORIENTED_EDGE('',*,*,#737,.F.);
#978=ORIENTED_EDGE('',*,*,#738,.F.);
#979=ORIENTED_EDGE('',*,*,#734,.T.);
#980=ORIENTED_EDGE('',*,*,#739,.T.);
#981=ORIENTED_EDGE('',*,*,#740,.F.);
#982=ORIENTED_EDGE('',*,*,#741,.F.);
#983=ORIENTED_EDGE('',*,*,#737,.T.);
#984=ORIENTED_EDGE('',*,*,#742,.T.);
#985=ORIENTED_EDGE('',*,*,#743,.F.);
#986=ORIENTED_EDGE('',*,*,#744,.F.);
#987=ORIENTED_EDGE('',*,*,#740,.T.);
#988=ORIENTED_EDGE('',*,*,#745,.T.);
#989=ORIENTED_EDGE('',*,*,#746,.F.);
#990=ORIENTED_EDGE('',*,*,#747,.F.);
#991=ORIENTED_EDGE('',*,*,#743,.T.);
#992=ORIENTED_EDGE('',*,*,#748,.T.);
#993=ORIENTED_EDGE('',*,*,#749,.F.);
#994=ORIENTED_EDGE('',*,*,#750,.F.);
#995=ORIENTED_EDGE('',*,*,#746,.T.);
#996=ORIENTED_EDGE('',*,*,#751,.T.);
#997=ORIENTED_EDGE('',*,*,#752,.F.);
#998=ORIENTED_EDGE('',*,*,#753,.F.);
#999=ORIENTED_EDGE('',*,*,#749,.T.);
#1000=ORIENTED_EDGE('',*,*,#754,.T.);
#1001=ORIENTED_EDGE('',*,*,#755,.F.);
#1002=ORIENTED_EDGE('',*,*,#756,.F.);
#1003=ORIENTED_EDGE('',*,*,#752,.T.);
#1004=ORIENTED_EDGE('',*,*,#757,.T.);
#1005=ORIENTED_EDGE('',*,*,#758,.F.);
#1006=ORIENTED_EDGE('',*,*,#759,.F.);
#1007=ORIENTED_EDGE('',*,*,#755,.T.);
#1008=ORIENTED_EDGE('',*,*,#760,.T.);
#1009=ORIENTED_EDGE('',*,*,#761,.F.);
#1010=ORIENTED_EDGE('',*,*,#762,.F.);
#1011=ORIENTED_EDGE('',*,*,#758,.T.);
#1012=ORIENTED_EDGE('',*,*,#763,.T.);
#1013=ORIENTED_EDGE('',*,*,#764,.F.);
#1014=ORIENTED_EDGE('',*,*,#765,.F.);
#1015=ORIENTED_EDGE('',*,*,#761,.T.);
#1016=ORIENTED_EDGE('',*,*,#766,.T.);
#1017=ORIENTED_EDGE('',*,*,#767,.F.);
#1018=ORIENTED_EDGE('',*,*,#768,.T.);
#1019=ORIENTED_EDGE('',*,*,#769,.T.);
#1020=ORIENTED_EDGE('',*,*,#770,.F.);
#1021=ORIENTED_EDGE('',*,*,#771,.F.);
#1022=ORIENTED_EDGE('',*,*,#772,.T.);
#1023=ORIENTED_EDGE('',*,*,#767,.T.);
#1024=ORIENTED_EDGE('',*,*,#773,.F.);
#1025=ORIENTED_EDGE('',*,*,#774,.F.);
#1026=ORIENTED_EDGE('',*,*,#775,.T.);
#1027=ORIENTED_EDGE('',*,*,#771,.T.);
#1028=ORIENTED_EDGE('',*,*,#776,.F.);
#1029=ORIENTED_EDGE('',*,*,#777,.F.);
#1030=ORIENTED_EDGE('',*,*,#778,.T.);
#1031=ORIENTED_EDGE('',*,*,#774,.T.);
#1032=ORIENTED_EDGE('',*,*,#779,.F.);
#1033=ORIENTED_EDGE('',*,*,#780,.F.);
#1034=ORIENTED_EDGE('',*,*,#781,.T.);
#1035=ORIENTED_EDGE('',*,*,#777,.T.);
#1036=ORIENTED_EDGE('',*,*,#782,.F.);
#1037=ORIENTED_EDGE('',*,*,#783,.F.);
#1038=ORIENTED_EDGE('',*,*,#784,.T.);
#1039=ORIENTED_EDGE('',*,*,#780,.T.);
#1040=ORIENTED_EDGE('',*,*,#785,.F.);
#1041=ORIENTED_EDGE('',*,*,#786,.F.);
#1042=ORIENTED_EDGE('',*,*,#787,.T.);
#1043=ORIENTED_EDGE('',*,*,#783,.T.);
#1044=ORIENTED_EDGE('',*,*,#788,.F.);
#1045=ORIENTED_EDGE('',*,*,#789,.F.);
#1046=ORIENTED_EDGE('',*,*,#790,.T.);
#1047=ORIENTED_EDGE('',*,*,#786,.T.);
#1048=ORIENTED_EDGE('',*,*,#791,.F.);
#1049=ORIENTED_EDGE('',*,*,#792,.F.);
#1050=ORIENTED_EDGE('',*,*,#793,.T.);
#1051=ORIENTED_EDGE('',*,*,#789,.T.);
#1052=ORIENTED_EDGE('',*,*,#794,.F.);
#1053=ORIENTED_EDGE('',*,*,#795,.F.);
#1054=ORIENTED_EDGE('',*,*,#796,.T.);
#1055=ORIENTED_EDGE('',*,*,#792,.T.);
#1056=ORIENTED_EDGE('',*,*,#797,.F.);
#1057=ORIENTED_EDGE('',*,*,#798,.F.);
#1058=ORIENTED_EDGE('',*,*,#799,.T.);
#1059=ORIENTED_EDGE('',*,*,#795,.T.);
#1060=ORIENTED_EDGE('',*,*,#800,.F.);
#1061=ORIENTED_EDGE('',*,*,#801,.F.);
#1062=ORIENTED_EDGE('',*,*,#802,.T.);
#1063=ORIENTED_EDGE('',*,*,#798,.T.);
#1064=ORIENTED_EDGE('',*,*,#803,.F.);
#1065=ORIENTED_EDGE('',*,*,#804,.F.);
#1066=ORIENTED_EDGE('',*,*,#805,.T.);
#1067=ORIENTED_EDGE('',*,*,#801,.T.);
#1068=ORIENTED_EDGE('',*,*,#806,.F.);
#1069=ORIENTED_EDGE('',*,*,#807,.F.);
#1070=ORIENTED_EDGE('',*,*,#808,.T.);
#1071=ORIENTED_EDGE('',*,*,#804,.T.);
#1072=ORIENTED_EDGE('',*,*,#809,.F.);
#1073=ORIENTED_EDGE('',*,*,#810,.F.);
#1074=ORIENTED_EDGE('',*,*,#811,.T.);
#1075=ORIENTED_EDGE('',*,*,#807,.T.);
#1076=ORIENTED_EDGE('',*,*,#812,.F.);
#1077=ORIENTED_EDGE('',*,*,#813,.F.);
#1078=ORIENTED_EDGE('',*,*,#814,.F.);
#1079=ORIENTED_EDGE('',*,*,#815,.F.);
#1080=ORIENTED_EDGE('',*,*,#816,.F.);
#1081=ORIENTED_EDGE('',*,*,#817,.F.);
#1082=ORIENTED_EDGE('',*,*,#818,.T.);
#1083=ORIENTED_EDGE('',*,*,#819,.F.);
#1084=ORIENTED_EDGE('',*,*,#813,.T.);
#1085=ORIENTED_EDGE('',*,*,#820,.F.);
#1086=ORIENTED_EDGE('',*,*,#817,.T.);
#1087=ORIENTED_EDGE('',*,*,#821,.F.);
#1088=ORIENTED_EDGE('',*,*,#822,.T.);
#1089=ORIENTED_EDGE('',*,*,#823,.T.);
#1090=ORIENTED_EDGE('',*,*,#824,.T.);
#1091=ORIENTED_EDGE('',*,*,#825,.F.);
#1092=ORIENTED_EDGE('',*,*,#824,.F.);
#1093=ORIENTED_EDGE('',*,*,#826,.T.);
#1094=ORIENTED_EDGE('',*,*,#723,.T.);
#1095=ORIENTED_EDGE('',*,*,#720,.T.);
#1096=ORIENTED_EDGE('',*,*,#827,.T.);
#1097=ORIENTED_EDGE('',*,*,#769,.F.);
#1098=ORIENTED_EDGE('',*,*,#810,.T.);
#1099=ORIENTED_EDGE('',*,*,#828,.F.);
#1100=ORIENTED_EDGE('',*,*,#829,.F.);
#1101=ORIENTED_EDGE('',*,*,#830,.T.);
#1102=ORIENTED_EDGE('',*,*,#831,.F.);
#1103=ORIENTED_EDGE('',*,*,#832,.F.);
#1104=ORIENTED_EDGE('',*,*,#833,.T.);
#1105=ORIENTED_EDGE('',*,*,#834,.T.);
#1106=ORIENTED_EDGE('',*,*,#833,.F.);
#1107=ORIENTED_EDGE('',*,*,#831,.T.);
#1108=ORIENTED_EDGE('',*,*,#832,.T.);
#1109=ORIENTED_EDGE('',*,*,#835,.T.);
#1110=ORIENTED_EDGE('',*,*,#836,.T.);
#1111=ORIENTED_EDGE('',*,*,#837,.T.);
#1112=ORIENTED_EDGE('',*,*,#838,.T.);
#1113=ORIENTED_EDGE('',*,*,#839,.T.);
#1114=ORIENTED_EDGE('',*,*,#840,.T.);
#1115=ORIENTED_EDGE('',*,*,#841,.T.);
#1116=ORIENTED_EDGE('',*,*,#842,.T.);
#1117=ORIENTED_EDGE('',*,*,#843,.T.);
#1118=ORIENTED_EDGE('',*,*,#844,.T.);
#1119=ORIENTED_EDGE('',*,*,#845,.T.);
#1120=ORIENTED_EDGE('',*,*,#846,.T.);
#1121=ORIENTED_EDGE('',*,*,#847,.T.);
#1122=ORIENTED_EDGE('',*,*,#848,.T.);
#1123=ORIENTED_EDGE('',*,*,#835,.F.);
#1124=ORIENTED_EDGE('',*,*,#849,.F.);
#1125=ORIENTED_EDGE('',*,*,#850,.T.);
#1126=ORIENTED_EDGE('',*,*,#851,.F.);
#1127=ORIENTED_EDGE('',*,*,#850,.F.);
#1128=ORIENTED_EDGE('',*,*,#852,.T.);
#1129=ORIENTED_EDGE('',*,*,#853,.T.);
#1130=ORIENTED_EDGE('',*,*,#849,.T.);
#1131=ORIENTED_EDGE('',*,*,#853,.F.);
#1132=ORIENTED_EDGE('',*,*,#854,.F.);
#1133=ORIENTED_EDGE('',*,*,#855,.T.);
#1134=ORIENTED_EDGE('',*,*,#852,.F.);
#1135=ORIENTED_EDGE('',*,*,#855,.F.);
#1136=ORIENTED_EDGE('',*,*,#834,.F.);
#1137=ORIENTED_EDGE('',*,*,#829,.T.);
#1138=ORIENTED_EDGE('',*,*,#818,.F.);
#1139=ORIENTED_EDGE('',*,*,#822,.F.);
#1140=ORIENTED_EDGE('',*,*,#719,.T.);
#1141=ORIENTED_EDGE('',*,*,#722,.T.);
#1142=ORIENTED_EDGE('',*,*,#726,.T.);
#1143=ORIENTED_EDGE('',*,*,#729,.T.);
#1144=ORIENTED_EDGE('',*,*,#732,.T.);
#1145=ORIENTED_EDGE('',*,*,#735,.T.);
#1146=ORIENTED_EDGE('',*,*,#738,.T.);
#1147=ORIENTED_EDGE('',*,*,#741,.T.);
#1148=ORIENTED_EDGE('',*,*,#744,.T.);
#1149=ORIENTED_EDGE('',*,*,#747,.T.);
#1150=ORIENTED_EDGE('',*,*,#750,.T.);
#1151=ORIENTED_EDGE('',*,*,#753,.T.);
#1152=ORIENTED_EDGE('',*,*,#756,.T.);
#1153=ORIENTED_EDGE('',*,*,#759,.T.);
#1154=ORIENTED_EDGE('',*,*,#762,.T.);
#1155=ORIENTED_EDGE('',*,*,#765,.T.);
#1156=ORIENTED_EDGE('',*,*,#814,.T.);
#1157=ORIENTED_EDGE('',*,*,#819,.T.);
#1158=ORIENTED_EDGE('',*,*,#828,.T.);
#1159=ORIENTED_EDGE('',*,*,#812,.T.);
#1160=ORIENTED_EDGE('',*,*,#809,.T.);
#1161=ORIENTED_EDGE('',*,*,#806,.T.);
#1162=ORIENTED_EDGE('',*,*,#803,.T.);
#1163=ORIENTED_EDGE('',*,*,#800,.T.);
#1164=ORIENTED_EDGE('',*,*,#797,.T.);
#1165=ORIENTED_EDGE('',*,*,#794,.T.);
#1166=ORIENTED_EDGE('',*,*,#791,.T.);
#1167=ORIENTED_EDGE('',*,*,#788,.T.);
#1168=ORIENTED_EDGE('',*,*,#785,.T.);
#1169=ORIENTED_EDGE('',*,*,#782,.T.);
#1170=ORIENTED_EDGE('',*,*,#779,.T.);
#1171=ORIENTED_EDGE('',*,*,#776,.T.);
#1172=ORIENTED_EDGE('',*,*,#773,.T.);
#1173=ORIENTED_EDGE('',*,*,#770,.T.);
#1174=ORIENTED_EDGE('',*,*,#827,.F.);
#1175=ORIENTED_EDGE('',*,*,#830,.F.);
#1176=ORIENTED_EDGE('',*,*,#821,.T.);
#1177=ORIENTED_EDGE('',*,*,#820,.T.);
#1178=ORIENTED_EDGE('',*,*,#816,.T.);
#1179=ORIENTED_EDGE('',*,*,#856,.F.);
#1180=ORIENTED_EDGE('',*,*,#766,.F.);
#1181=ORIENTED_EDGE('',*,*,#763,.F.);
#1182=ORIENTED_EDGE('',*,*,#760,.F.);
#1183=ORIENTED_EDGE('',*,*,#757,.F.);
#1184=ORIENTED_EDGE('',*,*,#754,.F.);
#1185=ORIENTED_EDGE('',*,*,#751,.F.);
#1186=ORIENTED_EDGE('',*,*,#748,.F.);
#1187=ORIENTED_EDGE('',*,*,#745,.F.);
#1188=ORIENTED_EDGE('',*,*,#742,.F.);
#1189=ORIENTED_EDGE('',*,*,#739,.F.);
#1190=ORIENTED_EDGE('',*,*,#736,.F.);
#1191=ORIENTED_EDGE('',*,*,#733,.F.);
#1192=ORIENTED_EDGE('',*,*,#730,.F.);
#1193=ORIENTED_EDGE('',*,*,#727,.F.);
#1194=ORIENTED_EDGE('',*,*,#724,.F.);
#1195=ORIENTED_EDGE('',*,*,#826,.F.);
#1196=ORIENTED_EDGE('',*,*,#823,.F.);
#1197=ORIENTED_EDGE('',*,*,#768,.F.);
#1198=ORIENTED_EDGE('',*,*,#772,.F.);
#1199=ORIENTED_EDGE('',*,*,#775,.F.);
#1200=ORIENTED_EDGE('',*,*,#778,.F.);
#1201=ORIENTED_EDGE('',*,*,#781,.F.);
#1202=ORIENTED_EDGE('',*,*,#784,.F.);
#1203=ORIENTED_EDGE('',*,*,#787,.F.);
#1204=ORIENTED_EDGE('',*,*,#790,.F.);
#1205=ORIENTED_EDGE('',*,*,#793,.F.);
#1206=ORIENTED_EDGE('',*,*,#796,.F.);
#1207=ORIENTED_EDGE('',*,*,#799,.F.);
#1208=ORIENTED_EDGE('',*,*,#802,.F.);
#1209=ORIENTED_EDGE('',*,*,#805,.F.);
#1210=ORIENTED_EDGE('',*,*,#808,.F.);
#1211=ORIENTED_EDGE('',*,*,#811,.F.);
#1212=ORIENTED_EDGE('',*,*,#764,.T.);
#1213=ORIENTED_EDGE('',*,*,#856,.T.);
#1214=ORIENTED_EDGE('',*,*,#815,.T.);
#1215=ORIENTED_EDGE('',*,*,#857,.T.);
#1216=ORIENTED_EDGE('',*,*,#858,.T.);
#1217=ORIENTED_EDGE('',*,*,#859,.T.);
#1218=ORIENTED_EDGE('',*,*,#860,.T.);
#1219=ORIENTED_EDGE('',*,*,#861,.T.);
#1220=ORIENTED_EDGE('',*,*,#862,.T.);
#1221=ORIENTED_EDGE('',*,*,#863,.T.);
#1222=ORIENTED_EDGE('',*,*,#864,.T.);
#1223=ORIENTED_EDGE('',*,*,#865,.T.);
#1224=ORIENTED_EDGE('',*,*,#866,.T.);
#1225=ORIENTED_EDGE('',*,*,#867,.T.);
#1226=ORIENTED_EDGE('',*,*,#868,.T.);
#1227=ORIENTED_EDGE('',*,*,#869,.T.);
#1228=ORIENTED_EDGE('',*,*,#870,.F.);
#1229=ORIENTED_EDGE('',*,*,#871,.T.);
#1230=ORIENTED_EDGE('',*,*,#858,.F.);
#1231=ORIENTED_EDGE('',*,*,#872,.T.);
#1232=ORIENTED_EDGE('',*,*,#859,.F.);
#1233=ORIENTED_EDGE('',*,*,#871,.F.);
#1234=ORIENTED_EDGE('',*,*,#873,.F.);
#1235=ORIENTED_EDGE('',*,*,#872,.F.);
#1236=ORIENTED_EDGE('',*,*,#874,.F.);
#1237=ORIENTED_EDGE('',*,*,#875,.F.);
#1238=ORIENTED_EDGE('',*,*,#860,.F.);
#1239=ORIENTED_EDGE('',*,*,#875,.T.);
#1240=ORIENTED_EDGE('',*,*,#876,.F.);
#1241=ORIENTED_EDGE('',*,*,#869,.F.);
#1242=ORIENTED_EDGE('',*,*,#857,.F.);
#1243=ORIENTED_EDGE('',*,*,#877,.T.);
#1244=ORIENTED_EDGE('',*,*,#863,.F.);
#1245=ORIENTED_EDGE('',*,*,#878,.F.);
#1246=ORIENTED_EDGE('',*,*,#879,.F.);
#1247=ORIENTED_EDGE('',*,*,#877,.F.);
#1248=ORIENTED_EDGE('',*,*,#880,.F.);
#1249=ORIENTED_EDGE('',*,*,#881,.F.);
#1250=ORIENTED_EDGE('',*,*,#864,.F.);
#1251=ORIENTED_EDGE('',*,*,#881,.T.);
#1252=ORIENTED_EDGE('',*,*,#882,.F.);
#1253=ORIENTED_EDGE('',*,*,#883,.F.);
#1254=ORIENTED_EDGE('',*,*,#861,.F.);
#1255=ORIENTED_EDGE('',*,*,#883,.T.);
#1256=ORIENTED_EDGE('',*,*,#884,.F.);
#1257=ORIENTED_EDGE('',*,*,#878,.T.);
#1258=ORIENTED_EDGE('',*,*,#862,.F.);
#1259=ORIENTED_EDGE('',*,*,#885,.T.);
#1260=ORIENTED_EDGE('',*,*,#867,.F.);
#1261=ORIENTED_EDGE('',*,*,#886,.F.);
#1262=ORIENTED_EDGE('',*,*,#887,.F.);
#1263=ORIENTED_EDGE('',*,*,#885,.F.);
#1264=ORIENTED_EDGE('',*,*,#888,.F.);
#1265=ORIENTED_EDGE('',*,*,#889,.F.);
#1266=ORIENTED_EDGE('',*,*,#868,.F.);
#1267=ORIENTED_EDGE('',*,*,#889,.T.);
#1268=ORIENTED_EDGE('',*,*,#890,.F.);
#1269=ORIENTED_EDGE('',*,*,#891,.F.);
#1270=ORIENTED_EDGE('',*,*,#865,.F.);
#1271=ORIENTED_EDGE('',*,*,#891,.T.);
#1272=ORIENTED_EDGE('',*,*,#892,.F.);
#1273=ORIENTED_EDGE('',*,*,#886,.T.);
#1274=ORIENTED_EDGE('',*,*,#866,.F.);
#1275=ORIENTED_EDGE('',*,*,#893,.F.);
#1276=ORIENTED_EDGE('',*,*,#870,.T.);
#1277=ORIENTED_EDGE('',*,*,#894,.T.);
#1278=ORIENTED_EDGE('',*,*,#895,.T.);
#1279=ORIENTED_EDGE('',*,*,#896,.F.);
#1280=ORIENTED_EDGE('',*,*,#873,.T.);
#1281=ORIENTED_EDGE('',*,*,#893,.T.);
#1282=ORIENTED_EDGE('',*,*,#897,.T.);
#1283=ORIENTED_EDGE('',*,*,#898,.F.);
#1284=ORIENTED_EDGE('',*,*,#874,.T.);
#1285=ORIENTED_EDGE('',*,*,#896,.T.);
#1286=ORIENTED_EDGE('',*,*,#899,.T.);
#1287=ORIENTED_EDGE('',*,*,#894,.F.);
#1288=ORIENTED_EDGE('',*,*,#876,.T.);
#1289=ORIENTED_EDGE('',*,*,#898,.T.);
#1290=ORIENTED_EDGE('',*,*,#900,.T.);
#1291=ORIENTED_EDGE('',*,*,#901,.F.);
#1292=ORIENTED_EDGE('',*,*,#879,.T.);
#1293=ORIENTED_EDGE('',*,*,#902,.T.);
#1294=ORIENTED_EDGE('',*,*,#903,.T.);
#1295=ORIENTED_EDGE('',*,*,#904,.F.);
#1296=ORIENTED_EDGE('',*,*,#880,.T.);
#1297=ORIENTED_EDGE('',*,*,#901,.T.);
#1298=ORIENTED_EDGE('',*,*,#905,.T.);
#1299=ORIENTED_EDGE('',*,*,#906,.F.);
#1300=ORIENTED_EDGE('',*,*,#882,.T.);
#1301=ORIENTED_EDGE('',*,*,#904,.T.);
#1302=ORIENTED_EDGE('',*,*,#907,.T.);
#1303=ORIENTED_EDGE('',*,*,#902,.F.);
#1304=ORIENTED_EDGE('',*,*,#884,.T.);
#1305=ORIENTED_EDGE('',*,*,#906,.T.);
#1306=ORIENTED_EDGE('',*,*,#908,.T.);
#1307=ORIENTED_EDGE('',*,*,#909,.F.);
#1308=ORIENTED_EDGE('',*,*,#887,.T.);
#1309=ORIENTED_EDGE('',*,*,#910,.T.);
#1310=ORIENTED_EDGE('',*,*,#911,.T.);
#1311=ORIENTED_EDGE('',*,*,#912,.F.);
#1312=ORIENTED_EDGE('',*,*,#888,.T.);
#1313=ORIENTED_EDGE('',*,*,#909,.T.);
#1314=ORIENTED_EDGE('',*,*,#913,.T.);
#1315=ORIENTED_EDGE('',*,*,#914,.F.);
#1316=ORIENTED_EDGE('',*,*,#890,.T.);
#1317=ORIENTED_EDGE('',*,*,#912,.T.);
#1318=ORIENTED_EDGE('',*,*,#915,.T.);
#1319=ORIENTED_EDGE('',*,*,#910,.F.);
#1320=ORIENTED_EDGE('',*,*,#892,.T.);
#1321=ORIENTED_EDGE('',*,*,#914,.T.);
#1322=ORIENTED_EDGE('',*,*,#916,.T.);
#1323=ORIENTED_EDGE('',*,*,#854,.T.);
#1324=ORIENTED_EDGE('',*,*,#900,.F.);
#1325=ORIENTED_EDGE('',*,*,#899,.F.);
#1326=ORIENTED_EDGE('',*,*,#897,.F.);
#1327=ORIENTED_EDGE('',*,*,#895,.F.);
#1328=ORIENTED_EDGE('',*,*,#916,.F.);
#1329=ORIENTED_EDGE('',*,*,#915,.F.);
#1330=ORIENTED_EDGE('',*,*,#913,.F.);
#1331=ORIENTED_EDGE('',*,*,#911,.F.);
#1332=ORIENTED_EDGE('',*,*,#908,.F.);
#1333=ORIENTED_EDGE('',*,*,#907,.F.);
#1334=ORIENTED_EDGE('',*,*,#905,.F.);
#1335=ORIENTED_EDGE('',*,*,#903,.F.);
#1336=ORIENTED_EDGE('',*,*,#917,.T.);
#1337=ORIENTED_EDGE('',*,*,#918,.T.);
#1338=ORIENTED_EDGE('',*,*,#919,.T.);
#1339=ORIENTED_EDGE('',*,*,#920,.T.);
#1340=ORIENTED_EDGE('',*,*,#921,.T.);
#1341=ORIENTED_EDGE('',*,*,#922,.T.);
#1342=ORIENTED_EDGE('',*,*,#851,.T.);
#1343=ORIENTED_EDGE('',*,*,#923,.T.);
#1344=ORIENTED_EDGE('',*,*,#924,.T.);
#1345=ORIENTED_EDGE('',*,*,#925,.T.);
#1346=ORIENTED_EDGE('',*,*,#918,.F.);
#1347=ORIENTED_EDGE('',*,*,#926,.T.);
#1348=ORIENTED_EDGE('',*,*,#927,.T.);
#1349=ORIENTED_EDGE('',*,*,#928,.T.);
#1350=ORIENTED_EDGE('',*,*,#919,.F.);
#1351=ORIENTED_EDGE('',*,*,#929,.T.);
#1352=ORIENTED_EDGE('',*,*,#930,.T.);
#1353=ORIENTED_EDGE('',*,*,#931,.T.);
#1354=ORIENTED_EDGE('',*,*,#920,.F.);
#1355=ORIENTED_EDGE('',*,*,#932,.T.);
#1356=ORIENTED_EDGE('',*,*,#933,.T.);
#1357=ORIENTED_EDGE('',*,*,#934,.T.);
#1358=ORIENTED_EDGE('',*,*,#921,.F.);
#1359=ORIENTED_EDGE('',*,*,#935,.T.);
#1360=ORIENTED_EDGE('',*,*,#936,.T.);
#1361=ORIENTED_EDGE('',*,*,#937,.T.);
#1362=ORIENTED_EDGE('',*,*,#917,.F.);
#1363=ORIENTED_EDGE('',*,*,#938,.T.);
#1364=ORIENTED_EDGE('',*,*,#939,.T.);
#1365=ORIENTED_EDGE('',*,*,#940,.T.);
#1366=ORIENTED_EDGE('',*,*,#922,.F.);
#1367=ORIENTED_EDGE('',*,*,#936,.F.);
#1368=ORIENTED_EDGE('',*,*,#941,.F.);
#1369=ORIENTED_EDGE('',*,*,#837,.F.);
#1370=ORIENTED_EDGE('',*,*,#942,.F.);
#1371=ORIENTED_EDGE('',*,*,#937,.F.);
#1372=ORIENTED_EDGE('',*,*,#942,.T.);
#1373=ORIENTED_EDGE('',*,*,#836,.F.);
#1374=ORIENTED_EDGE('',*,*,#848,.F.);
#1375=ORIENTED_EDGE('',*,*,#943,.T.);
#1376=ORIENTED_EDGE('',*,*,#923,.F.);
#1377=ORIENTED_EDGE('',*,*,#924,.F.);
#1378=ORIENTED_EDGE('',*,*,#943,.F.);
#1379=ORIENTED_EDGE('',*,*,#847,.F.);
#1380=ORIENTED_EDGE('',*,*,#944,.F.);
#1381=ORIENTED_EDGE('',*,*,#846,.F.);
#1382=ORIENTED_EDGE('',*,*,#945,.T.);
#1383=ORIENTED_EDGE('',*,*,#926,.F.);
#1384=ORIENTED_EDGE('',*,*,#925,.F.);
#1385=ORIENTED_EDGE('',*,*,#944,.T.);
#1386=ORIENTED_EDGE('',*,*,#927,.F.);
#1387=ORIENTED_EDGE('',*,*,#945,.F.);
#1388=ORIENTED_EDGE('',*,*,#845,.F.);
#1389=ORIENTED_EDGE('',*,*,#946,.F.);
#1390=ORIENTED_EDGE('',*,*,#928,.F.);
#1391=ORIENTED_EDGE('',*,*,#946,.T.);
#1392=ORIENTED_EDGE('',*,*,#844,.F.);
#1393=ORIENTED_EDGE('',*,*,#947,.T.);
#1394=ORIENTED_EDGE('',*,*,#929,.F.);
#1395=ORIENTED_EDGE('',*,*,#930,.F.);
#1396=ORIENTED_EDGE('',*,*,#947,.F.);
#1397=ORIENTED_EDGE('',*,*,#843,.F.);
#1398=ORIENTED_EDGE('',*,*,#948,.F.);
#1399=ORIENTED_EDGE('',*,*,#931,.F.);
#1400=ORIENTED_EDGE('',*,*,#948,.T.);
#1401=ORIENTED_EDGE('',*,*,#842,.F.);
#1402=ORIENTED_EDGE('',*,*,#949,.T.);
#1403=ORIENTED_EDGE('',*,*,#932,.F.);
#1404=ORIENTED_EDGE('',*,*,#933,.F.);
#1405=ORIENTED_EDGE('',*,*,#949,.F.);
#1406=ORIENTED_EDGE('',*,*,#841,.F.);
#1407=ORIENTED_EDGE('',*,*,#950,.F.);
#1408=ORIENTED_EDGE('',*,*,#840,.F.);
#1409=ORIENTED_EDGE('',*,*,#951,.T.);
#1410=ORIENTED_EDGE('',*,*,#938,.F.);
#1411=ORIENTED_EDGE('',*,*,#934,.F.);
#1412=ORIENTED_EDGE('',*,*,#950,.T.);
#1413=ORIENTED_EDGE('',*,*,#939,.F.);
#1414=ORIENTED_EDGE('',*,*,#951,.F.);
#1415=ORIENTED_EDGE('',*,*,#839,.F.);
#1416=ORIENTED_EDGE('',*,*,#952,.F.);
#1417=ORIENTED_EDGE('',*,*,#940,.F.);
#1418=ORIENTED_EDGE('',*,*,#952,.T.);
#1419=ORIENTED_EDGE('',*,*,#838,.F.);
#1420=ORIENTED_EDGE('',*,*,#941,.T.);
#1421=ORIENTED_EDGE('',*,*,#935,.F.);
#1422=ORIENTED_EDGE('',*,*,#825,.T.);
#1423=CYLINDRICAL_SURFACE('',#1589,0.200036995935512);
#1424=CYLINDRICAL_SURFACE('',#1591,0.200036995935512);
#1425=CYLINDRICAL_SURFACE('',#1593,0.200036995935512);
#1426=CYLINDRICAL_SURFACE('',#1594,0.200036995935512);
#1427=CYLINDRICAL_SURFACE('',#1595,0.200036995935512);
#1428=CYLINDRICAL_SURFACE('',#1596,0.200036995935512);
#1429=CYLINDRICAL_SURFACE('',#1597,0.200036995935512);
#1430=CYLINDRICAL_SURFACE('',#1598,0.200036995935512);
#1431=CYLINDRICAL_SURFACE('',#1599,0.200036995935512);
#1432=CYLINDRICAL_SURFACE('',#1600,0.200036995935512);
#1433=CYLINDRICAL_SURFACE('',#1601,0.200036995935512);
#1434=CYLINDRICAL_SURFACE('',#1602,0.200036995935512);
#1435=CYLINDRICAL_SURFACE('',#1603,0.200036995935512);
#1436=CYLINDRICAL_SURFACE('',#1604,0.200036995935512);
#1437=CYLINDRICAL_SURFACE('',#1605,0.200036995935512);
#1438=CYLINDRICAL_SURFACE('',#1606,0.200036995935512);
#1439=CYLINDRICAL_SURFACE('',#1607,0.25);
#1440=CYLINDRICAL_SURFACE('',#1609,0.25);
#1441=CYLINDRICAL_SURFACE('',#1610,0.25);
#1442=CYLINDRICAL_SURFACE('',#1611,0.25);
#1443=CYLINDRICAL_SURFACE('',#1612,0.25);
#1444=CYLINDRICAL_SURFACE('',#1613,0.25);
#1445=CYLINDRICAL_SURFACE('',#1614,0.25);
#1446=CYLINDRICAL_SURFACE('',#1615,0.25);
#1447=CYLINDRICAL_SURFACE('',#1616,0.25);
#1448=CYLINDRICAL_SURFACE('',#1617,0.25);
#1449=CYLINDRICAL_SURFACE('',#1618,0.25);
#1450=CYLINDRICAL_SURFACE('',#1619,0.25);
#1451=CYLINDRICAL_SURFACE('',#1620,0.25);
#1452=CYLINDRICAL_SURFACE('',#1621,0.25);
#1453=CYLINDRICAL_SURFACE('',#1622,0.25);
#1454=CYLINDRICAL_SURFACE('',#1631,0.25);
#1455=CYLINDRICAL_SURFACE('',#1649,0.200036995935512);
#1456=CYLINDRICAL_SURFACE('',#1663,0.002);
#1457=CYLINDRICAL_SURFACE('',#1668,0.002);
#1458=CYLINDRICAL_SURFACE('',#1669,0.002);
#1459=CYLINDRICAL_SURFACE('',#1675,0.002);
#1460=CYLINDRICAL_SURFACE('',#1679,0.002);
#1461=CYLINDRICAL_SURFACE('',#1685,0.002);
#1462=CYLINDRICAL_SURFACE('',#1689,0.01125);
#1463=CYLINDRICAL_SURFACE('',#1692,0.01125);
#1464=CYLINDRICAL_SURFACE('',#1696,0.01125);
#1465=CYLINDRICAL_SURFACE('',#1699,0.01125);
#1466=CYLINDRICAL_SURFACE('',#1702,0.01125);
#1467=CYLINDRICAL_SURFACE('',#1705,0.01125);
#1468=CYLINDRICAL_SURFACE('',#1721,0.0225);
#1469=CYLINDRICAL_SURFACE('',#1723,0.0225);
#1470=CYLINDRICAL_SURFACE('',#1725,0.0225);
#1471=CYLINDRICAL_SURFACE('',#1727,0.0225);
#1472=CYLINDRICAL_SURFACE('',#1729,0.0225);
#1473=CYLINDRICAL_SURFACE('',#1731,0.0225);
#1474=ADVANCED_FACE('',(#117),#1423,.T.);
#1475=ADVANCED_FACE('',(#118),#1424,.T.);
#1476=ADVANCED_FACE('',(#119),#1425,.T.);
#1477=ADVANCED_FACE('',(#120),#1426,.T.);
#1478=ADVANCED_FACE('',(#121),#1427,.T.);
#1479=ADVANCED_FACE('',(#122),#1428,.T.);
#1480=ADVANCED_FACE('',(#123),#1429,.T.);
#1481=ADVANCED_FACE('',(#124),#1430,.T.);
#1482=ADVANCED_FACE('',(#125),#1431,.T.);
#1483=ADVANCED_FACE('',(#126),#1432,.T.);
#1484=ADVANCED_FACE('',(#127),#1433,.T.);
#1485=ADVANCED_FACE('',(#128),#1434,.T.);
#1486=ADVANCED_FACE('',(#129),#1435,.T.);
#1487=ADVANCED_FACE('',(#130),#1436,.T.);
#1488=ADVANCED_FACE('',(#131),#1437,.T.);
#1489=ADVANCED_FACE('',(#132),#1438,.T.);
#1490=ADVANCED_FACE('',(#133),#1439,.T.);
#1491=ADVANCED_FACE('',(#134),#1440,.T.);
#1492=ADVANCED_FACE('',(#135),#1441,.T.);
#1493=ADVANCED_FACE('',(#136),#1442,.T.);
#1494=ADVANCED_FACE('',(#137),#1443,.T.);
#1495=ADVANCED_FACE('',(#138),#1444,.T.);
#1496=ADVANCED_FACE('',(#139),#1445,.T.);
#1497=ADVANCED_FACE('',(#140),#1446,.T.);
#1498=ADVANCED_FACE('',(#141),#1447,.T.);
#1499=ADVANCED_FACE('',(#142),#1448,.T.);
#1500=ADVANCED_FACE('',(#143),#1449,.T.);
#1501=ADVANCED_FACE('',(#144),#1450,.T.);
#1502=ADVANCED_FACE('',(#145),#1451,.T.);
#1503=ADVANCED_FACE('',(#146),#1452,.T.);
#1504=ADVANCED_FACE('',(#147),#1453,.T.);
#1505=ADVANCED_FACE('',(#148),#53,.T.);
#1506=ADVANCED_FACE('',(#149),#54,.T.);
#1507=ADVANCED_FACE('',(#150),#55,.T.);
#1508=ADVANCED_FACE('',(#151),#56,.T.);
#1509=ADVANCED_FACE('',(#152),#1454,.T.);
#1510=ADVANCED_FACE('',(#153),#44,.T.);
#1511=ADVANCED_FACE('',(#154),#57,.T.);
#1512=ADVANCED_FACE('',(#155),#45,.T.);
#1513=ADVANCED_FACE('',(#156),#58,.F.);
#1514=ADVANCED_FACE('',(#157),#46,.F.);
#1515=ADVANCED_FACE('',(#158,#20),#25,.T.);
#1516=ADVANCED_FACE('',(#159),#18,.T.);
#1517=ADVANCED_FACE('',(#160),#19,.T.);
#1518=ADVANCED_FACE('',(#161),#1455,.T.);
#1519=ADVANCED_FACE('',(#162),#26,.T.);
#1520=ADVANCED_FACE('',(#163),#27,.T.);
#1521=ADVANCED_FACE('',(#164),#28,.T.);
#1522=ADVANCED_FACE('',(#165),#47,.T.);
#1523=ADVANCED_FACE('',(#166),#1456,.T.);
#1524=ADVANCED_FACE('',(#167),#48,.T.);
#1525=ADVANCED_FACE('',(#168),#1457,.T.);
#1526=ADVANCED_FACE('',(#169),#1458,.T.);
#1527=ADVANCED_FACE('',(#170),#49,.T.);
#1528=ADVANCED_FACE('',(#171),#1459,.T.);
#1529=ADVANCED_FACE('',(#172),#50,.T.);
#1530=ADVANCED_FACE('',(#173),#1460,.T.);
#1531=ADVANCED_FACE('',(#174),#51,.T.);
#1532=ADVANCED_FACE('',(#175),#1461,.T.);
#1533=ADVANCED_FACE('',(#176),#52,.T.);
#1534=ADVANCED_FACE('',(#177),#1462,.T.);
#1535=ADVANCED_FACE('',(#178),#29,.F.);
#1536=ADVANCED_FACE('',(#179),#1463,.T.);
#1537=ADVANCED_FACE('',(#180),#30,.F.);
#1538=ADVANCED_FACE('',(#181),#31,.F.);
#1539=ADVANCED_FACE('',(#182),#1464,.T.);
#1540=ADVANCED_FACE('',(#183),#32,.F.);
#1541=ADVANCED_FACE('',(#184),#1465,.T.);
#1542=ADVANCED_FACE('',(#185),#33,.F.);
#1543=ADVANCED_FACE('',(#186),#1466,.T.);
#1544=ADVANCED_FACE('',(#187),#34,.F.);
#1545=ADVANCED_FACE('',(#188),#1467,.T.);
#1546=ADVANCED_FACE('',(#189,#21,#22,#23),#35,.T.);
#1547=ADVANCED_FACE('',(#190,#24),#36,.T.);
#1548=ADVANCED_FACE('',(#191),#59,.T.);
#1549=ADVANCED_FACE('',(#192),#60,.T.);
#1550=ADVANCED_FACE('',(#193),#61,.T.);
#1551=ADVANCED_FACE('',(#194),#62,.T.);
#1552=ADVANCED_FACE('',(#195),#63,.T.);
#1553=ADVANCED_FACE('',(#196),#64,.T.);
#1554=ADVANCED_FACE('',(#197),#1468,.T.);
#1555=ADVANCED_FACE('',(#198),#37,.F.);
#1556=ADVANCED_FACE('',(#199),#1469,.T.);
#1557=ADVANCED_FACE('',(#200),#38,.F.);
#1558=ADVANCED_FACE('',(#201),#1470,.T.);
#1559=ADVANCED_FACE('',(#202),#39,.F.);
#1560=ADVANCED_FACE('',(#203),#1471,.T.);
#1561=ADVANCED_FACE('',(#204),#40,.F.);
#1562=ADVANCED_FACE('',(#205),#1472,.T.);
#1563=ADVANCED_FACE('',(#206),#41,.F.);
#1564=ADVANCED_FACE('',(#207),#1473,.T.);
#1565=ADVANCED_FACE('',(#208),#42,.F.);
#1566=ADVANCED_FACE('',(#209),#43,.T.);
#1567=CLOSED_SHELL('',(#1474,#1475,#1476,#1477,#1478,#1479,#1480,#1481,
#1482,#1483,#1484,#1485,#1486,#1487,#1488,#1489,#1490,#1491,#1492,#1493,
#1494,#1495,#1496,#1497,#1498,#1499,#1500,#1501,#1502,#1503,#1504,#1505,
#1506,#1507,#1508,#1509,#1510,#1511,#1512,#1513,#1514,#1515,#1516,#1517,
#1518,#1519,#1520,#1521,#1522,#1523,#1524,#1525,#1526,#1527,#1528,#1529,
#1530,#1531,#1532,#1533,#1534,#1535,#1536,#1537,#1538,#1539,#1540,#1541,
#1542,#1543,#1544,#1545,#1546,#1547,#1548,#1549,#1550,#1551,#1552,#1553,
#1554,#1555,#1556,#1557,#1558,#1559,#1560,#1561,#1562,#1563,#1564,#1565,
#1566));
#1568=DERIVED_UNIT_ELEMENT(#1570,1.);
#1569=DERIVED_UNIT_ELEMENT(#6431,-3.);
#1570=(
CONVERSION_BASED_UNIT('gram',#1572)
MASS_UNIT()
NAMED_UNIT(#6428)
);
#1571=(
MASS_UNIT()
NAMED_UNIT(*)
SI_UNIT(.KILO.,.GRAM.)
);
#1572=MASS_MEASURE_WITH_UNIT(MASS_MEASURE(0.001),#1571);
#1573=DERIVED_UNIT((#1568,#1569));
#1574=MEASURE_REPRESENTATION_ITEM('density measure',
POSITIVE_RATIO_MEASURE(7.85),#1573);
#1575=PROPERTY_DEFINITION_REPRESENTATION(#1580,#1577);
#1576=PROPERTY_DEFINITION_REPRESENTATION(#1581,#1578);
#1577=REPRESENTATION('material name',(#1579),#6425);
#1578=REPRESENTATION('density',(#1574),#6425);
#1579=DESCRIPTIVE_REPRESENTATION_ITEM('Steel, Mild','Steel, Mild');
#1580=PROPERTY_DEFINITION('material property','material name',#6439);
#1581=PROPERTY_DEFINITION('material property','density of part',#6439);
#1582=DATE_TIME_ROLE('creation_date');
#1583=APPLIED_DATE_AND_TIME_ASSIGNMENT(#1584,#1582,(#6439));
#1584=DATE_AND_TIME(#1585,#1586);
#1585=CALENDAR_DATE(2025,19,9);
#1586=LOCAL_TIME(12,43,58.,#1587);
#1587=COORDINATED_UNIVERSAL_TIME_OFFSET(0,0,.BEHIND.);
#1588=AXIS2_PLACEMENT_3D('',#2104,#1734,#1735);
#1589=AXIS2_PLACEMENT_3D('',#2105,#1736,#1737);
#1590=AXIS2_PLACEMENT_3D('',#2113,#1739,#1740);
#1591=AXIS2_PLACEMENT_3D('',#2114,#1741,#1742);
#1592=AXIS2_PLACEMENT_3D('',#2140,#1744,#1745);
#1593=AXIS2_PLACEMENT_3D('',#2160,#1746,#1747);
#1594=AXIS2_PLACEMENT_3D('',#2206,#1749,#1750);
#1595=AXIS2_PLACEMENT_3D('',#2252,#1752,#1753);
#1596=AXIS2_PLACEMENT_3D('',#2298,#1755,#1756);
#1597=AXIS2_PLACEMENT_3D('',#2344,#1758,#1759);
#1598=AXIS2_PLACEMENT_3D('',#2390,#1761,#1762);
#1599=AXIS2_PLACEMENT_3D('',#2436,#1764,#1765);
#1600=AXIS2_PLACEMENT_3D('',#2482,#1767,#1768);
#1601=AXIS2_PLACEMENT_3D('',#2528,#1770,#1771);
#1602=AXIS2_PLACEMENT_3D('',#2574,#1773,#1774);
#1603=AXIS2_PLACEMENT_3D('',#2620,#1776,#1777);
#1604=AXIS2_PLACEMENT_3D('',#2666,#1779,#1780);
#1605=AXIS2_PLACEMENT_3D('',#2712,#1782,#1783);
#1606=AXIS2_PLACEMENT_3D('',#2758,#1785,#1786);
#1607=AXIS2_PLACEMENT_3D('',#2804,#1788,#1789);
#1608=AXIS2_PLACEMENT_3D('',#2834,#1791,#1792);
#1609=AXIS2_PLACEMENT_3D('',#2855,#1793,#1794);
#1610=AXIS2_PLACEMENT_3D('',#2931,#1796,#1797);
#1611=AXIS2_PLACEMENT_3D('',#3007,#1799,#1800);
#1612=AXIS2_PLACEMENT_3D('',#3083,#1802,#1803);
#1613=AXIS2_PLACEMENT_3D('',#3159,#1805,#1806);
#1614=AXIS2_PLACEMENT_3D('',#3235,#1808,#1809);
#1615=AXIS2_PLACEMENT_3D('',#3311,#1811,#1812);
#1616=AXIS2_PLACEMENT_3D('',#3387,#1814,#1815);
#1617=AXIS2_PLACEMENT_3D('',#3465,#1817,#1818);
#1618=AXIS2_PLACEMENT_3D('',#3543,#1820,#1821);
#1619=AXIS2_PLACEMENT_3D('',#3619,#1823,#1824);
#1620=AXIS2_PLACEMENT_3D('',#3695,#1826,#1827);
#1621=AXIS2_PLACEMENT_3D('',#3771,#1829,#1830);
#1622=AXIS2_PLACEMENT_3D('',#3847,#1832,#1833);
#1623=AXIS2_PLACEMENT_3D('',#3923,#1835,#1836);
#1624=AXIS2_PLACEMENT_3D('',#3940,#1838,#1839);
#1625=AXIS2_PLACEMENT_3D('',#3949,#1840,#1841);
#1626=AXIS2_PLACEMENT_3D('',#3954,#1843,#1844);
#1627=AXIS2_PLACEMENT_3D('',#4021,#1845,#1846);
#1628=AXIS2_PLACEMENT_3D('',#4041,#1847,#1848);
#1629=AXIS2_PLACEMENT_3D('',#4042,#1849,#1850);
#1630=AXIS2_PLACEMENT_3D('',#4064,#1852,#1853);
#1631=AXIS2_PLACEMENT_3D('',#4107,#1854,#1855);
#1632=AXIS2_PLACEMENT_3D('',#4144,#1856,#1857);
#1633=AXIS2_PLACEMENT_3D('',#4177,#1858,#1859);
#1634=AXIS2_PLACEMENT_3D('',#4180,#1860,#1861);
#1635=AXIS2_PLACEMENT_3D('',#4181,#1862,#1863);
#1636=AXIS2_PLACEMENT_3D('',#4183,#1864,#1865);
#1637=AXIS2_PLACEMENT_3D('',#4184,#1866,#1867);
#1638=AXIS2_PLACEMENT_3D('',#4185,#1868,#1869);
#1639=AXIS2_PLACEMENT_3D('',#4281,#1871,#1872);
#1640=AXIS2_PLACEMENT_3D('',#4283,#1873,#1874);
#1641=AXIS2_PLACEMENT_3D('',#4285,#1875,#1876);
#1642=AXIS2_PLACEMENT_3D('',#4286,#1877,#1878);
#1643=AXIS2_PLACEMENT_3D('',#4287,#1879,#1880);
#1644=AXIS2_PLACEMENT_3D('',#4289,#1881,#1882);
#1645=AXIS2_PLACEMENT_3D('',#4291,#1884,#1885);
#1646=AXIS2_PLACEMENT_3D('',#4293,#1886,#1887);
#1647=AXIS2_PLACEMENT_3D('',#4294,#1888,#1889);
#1648=AXIS2_PLACEMENT_3D('',#4295,#1890,#1891);
#1649=AXIS2_PLACEMENT_3D('',#6145,#1892,#1893);
#1650=AXIS2_PLACEMENT_3D('',#6146,#1894,#1895);
#1651=AXIS2_PLACEMENT_3D('',#6151,#1897,#1898);
#1652=AXIS2_PLACEMENT_3D('',#6154,#1900,#1901);
#1653=AXIS2_PLACEMENT_3D('',#6155,#1902,#1903);
#1654=AXIS2_PLACEMENT_3D('',#6160,#1905,#1906);
#1655=AXIS2_PLACEMENT_3D('',#6163,#1908,#1909);
#1656=AXIS2_PLACEMENT_3D('',#6164,#1910,#1911);
#1657=AXIS2_PLACEMENT_3D('',#6169,#1913,#1914);
#1658=AXIS2_PLACEMENT_3D('',#6172,#1916,#1917);
#1659=AXIS2_PLACEMENT_3D('',#6173,#1918,#1919);
#1660=AXIS2_PLACEMENT_3D('',#6175,#1920,#1921);
#1661=AXIS2_PLACEMENT_3D('',#6177,#1922,#1923);
#1662=AXIS2_PLACEMENT_3D('',#6178,#1924,#1925);
#1663=AXIS2_PLACEMENT_3D('',#6179,#1926,#1927);
#1664=AXIS2_PLACEMENT_3D('',#6181,#1928,#1929);
#1665=AXIS2_PLACEMENT_3D('',#6183,#1931,#1932);
#1666=AXIS2_PLACEMENT_3D('',#6185,#1933,#1934);
#1667=AXIS2_PLACEMENT_3D('',#6186,#1935,#1936);
#1668=AXIS2_PLACEMENT_3D('',#6187,#1937,#1938);
#1669=AXIS2_PLACEMENT_3D('',#6189,#1940,#1941);
#1670=AXIS2_PLACEMENT_3D('',#6191,#1942,#1943);
#1671=AXIS2_PLACEMENT_3D('',#6193,#1944,#1945);
#1672=AXIS2_PLACEMENT_3D('',#6195,#1947,#1948);
#1673=AXIS2_PLACEMENT_3D('',#6197,#1949,#1950);
#1674=AXIS2_PLACEMENT_3D('',#6198,#1951,#1952);
#1675=AXIS2_PLACEMENT_3D('',#6199,#1953,#1954);
#1676=AXIS2_PLACEMENT_3D('',#6202,#1956,#1957);
#1677=AXIS2_PLACEMENT_3D('',#6203,#1958,#1959);
#1678=AXIS2_PLACEMENT_3D('',#6204,#1960,#1961);
#1679=AXIS2_PLACEMENT_3D('',#6205,#1962,#1963);
#1680=AXIS2_PLACEMENT_3D('',#6207,#1964,#1965);
#1681=AXIS2_PLACEMENT_3D('',#6209,#1966,#1967);
#1682=AXIS2_PLACEMENT_3D('',#6211,#1969,#1970);
#1683=AXIS2_PLACEMENT_3D('',#6213,#1971,#1972);
#1684=AXIS2_PLACEMENT_3D('',#6214,#1973,#1974);
#1685=AXIS2_PLACEMENT_3D('',#6215,#1975,#1976);
#1686=AXIS2_PLACEMENT_3D('',#6218,#1978,#1979);
#1687=AXIS2_PLACEMENT_3D('',#6219,#1980,#1981);
#1688=AXIS2_PLACEMENT_3D('',#6220,#1982,#1983);
#1689=AXIS2_PLACEMENT_3D('',#6221,#1984,#1985);
#1690=AXIS2_PLACEMENT_3D('',#6226,#1988,#1989);
#1691=AXIS2_PLACEMENT_3D('',#6227,#1990,#1991);
#1692=AXIS2_PLACEMENT_3D('',#6231,#1994,#1995);
#1693=AXIS2_PLACEMENT_3D('',#6234,#1997,#1998);
#1694=AXIS2_PLACEMENT_3D('',#6235,#1999,#2000);
#1695=AXIS2_PLACEMENT_3D('',#6237,#2002,#2003);
#1696=AXIS2_PLACEMENT_3D('',#6243,#2007,#2008);
#1697=AXIS2_PLACEMENT_3D('',#6246,#2010,#2011);
#1698=AXIS2_PLACEMENT_3D('',#6247,#2012,#2013);
#1699=AXIS2_PLACEMENT_3D('',#6251,#2016,#2017);
#1700=AXIS2_PLACEMENT_3D('',#6252,#2018,#2019);
#1701=AXIS2_PLACEMENT_3D('',#6253,#2020,#2021);
#1702=AXIS2_PLACEMENT_3D('',#6259,#2025,#2026);
#1703=AXIS2_PLACEMENT_3D('',#6262,#2028,#2029);
#1704=AXIS2_PLACEMENT_3D('',#6263,#2030,#2031);
#1705=AXIS2_PLACEMENT_3D('',#6267,#2034,#2035);
#1706=AXIS2_PLACEMENT_3D('',#6268,#2036,#2037);
#1707=AXIS2_PLACEMENT_3D('',#6269,#2038,#2039);
#1708=AXIS2_PLACEMENT_3D('',#6270,#2040,#2041);
#1709=AXIS2_PLACEMENT_3D('',#6273,#2042,#2043);
#1710=AXIS2_PLACEMENT_3D('',#6275,#2044,#2045);
#1711=AXIS2_PLACEMENT_3D('',#6277,#2046,#2047);
#1712=AXIS2_PLACEMENT_3D('',#6279,#2048,#2049);
#1713=AXIS2_PLACEMENT_3D('',#6281,#2050,#2051);
#1714=AXIS2_PLACEMENT_3D('',#6282,#2052,#2053);
#1715=AXIS2_PLACEMENT_3D('',#6283,#2054,#2055);
#1716=AXIS2_PLACEMENT_3D('',#6302,#2056,#2057);
#1717=AXIS2_PLACEMENT_3D('',#6321,#2058,#2059);
#1718=AXIS2_PLACEMENT_3D('',#6340,#2060,#2061);
#1719=AXIS2_PLACEMENT_3D('',#6359,#2062,#2063);
#1720=AXIS2_PLACEMENT_3D('',#6378,#2064,#2065);
#1721=AXIS2_PLACEMENT_3D('',#6397,#2066,#2067);
#1722=AXIS2_PLACEMENT_3D('',#6400,#2070,#2071);
#1723=AXIS2_PLACEMENT_3D('',#6402,#2073,#2074);
#1724=AXIS2_PLACEMENT_3D('',#6404,#2076,#2077);
#1725=AXIS2_PLACEMENT_3D('',#6406,#2079,#2080);
#1726=AXIS2_PLACEMENT_3D('',#6408,#2082,#2083);
#1727=AXIS2_PLACEMENT_3D('',#6410,#2085,#2086);
#1728=AXIS2_PLACEMENT_3D('',#6412,#2088,#2089);
#1729=AXIS2_PLACEMENT_3D('',#6414,#2091,#2092);
#1730=AXIS2_PLACEMENT_3D('',#6416,#2094,#2095);
#1731=AXIS2_PLACEMENT_3D('',#6418,#2097,#2098);
#1732=AXIS2_PLACEMENT_3D('',#6420,#2100,#2101);
#1733=AXIS2_PLACEMENT_3D('',#6421,#2102,#2103);
#1734=DIRECTION('axis',(0.,0.,1.));
#1735=DIRECTION('refdir',(1.,0.,0.));
#1736=DIRECTION('center_axis',(-1.,0.,0.));
#1737=DIRECTION('ref_axis',(0.,1.,-6.85007837877303E-16));
#1738=DIRECTION('',(1.,0.,0.));
#1739=DIRECTION('center_axis',(1.,0.,0.));
#1740=DIRECTION('ref_axis',(0.,-0.987853541308687,-0.155387840334716));
#1741=DIRECTION('center_axis',(-1.,0.,0.));
#1742=DIRECTION('ref_axis',(0.,1.,-6.85007837877303E-16));
#1743=DIRECTION('',(1.,0.,0.));
#1744=DIRECTION('center_axis',(1.,0.,0.));
#1745=DIRECTION('ref_axis',(0.,-0.987853541308687,-0.155387840334716));
#1746=DIRECTION('center_axis',(-1.,0.,0.));
#1747=DIRECTION('ref_axis',(0.,1.,-6.85007837877303E-16));
#1748=DIRECTION('',(1.,0.,0.));
#1749=DIRECTION('center_axis',(-1.,0.,0.));
#1750=DIRECTION('ref_axis',(0.,1.,-6.85007837877303E-16));
#1751=DIRECTION('',(1.,0.,0.));
#1752=DIRECTION('center_axis',(-1.,0.,0.));
#1753=DIRECTION('ref_axis',(0.,1.,-6.85007837877303E-16));
#1754=DIRECTION('',(1.,0.,0.));
#1755=DIRECTION('center_axis',(-1.,0.,0.));
#1756=DIRECTION('ref_axis',(0.,1.,-6.85007837877303E-16));
#1757=DIRECTION('',(1.,0.,0.));
#1758=DIRECTION('center_axis',(-1.,0.,0.));
#1759=DIRECTION('ref_axis',(0.,1.,-6.85007837877303E-16));
#1760=DIRECTION('',(1.,0.,0.));
#1761=DIRECTION('center_axis',(-1.,0.,0.));
#1762=DIRECTION('ref_axis',(0.,1.,-6.85007837877303E-16));
#1763=DIRECTION('',(1.,0.,0.));
#1764=DIRECTION('center_axis',(-1.,0.,0.));
#1765=DIRECTION('ref_axis',(0.,1.,-6.85007837877303E-16));
#1766=DIRECTION('',(1.,0.,0.));
#1767=DIRECTION('center_axis',(-1.,0.,0.));
#1768=DIRECTION('ref_axis',(0.,1.,-6.85007837877303E-16));
#1769=DIRECTION('',(1.,0.,0.));
#1770=DIRECTION('center_axis',(-1.,0.,0.));
#1771=DIRECTION('ref_axis',(0.,1.,-6.85007837877303E-16));
#1772=DIRECTION('',(1.,0.,0.));
#1773=DIRECTION('center_axis',(-1.,0.,0.));
#1774=DIRECTION('ref_axis',(0.,1.,-6.85007837877303E-16));
#1775=DIRECTION('',(1.,0.,0.));
#1776=DIRECTION('center_axis',(-1.,0.,0.));
#1777=DIRECTION('ref_axis',(0.,1.,-6.85007837877303E-16));
#1778=DIRECTION('',(1.,0.,0.));
#1779=DIRECTION('center_axis',(-1.,0.,0.));
#1780=DIRECTION('ref_axis',(0.,1.,-6.85007837877303E-16));
#1781=DIRECTION('',(1.,0.,0.));
#1782=DIRECTION('center_axis',(-1.,0.,0.));
#1783=DIRECTION('ref_axis',(0.,1.,-6.85007837877303E-16));
#1784=DIRECTION('',(1.,0.,0.));
#1785=DIRECTION('center_axis',(-1.,0.,0.));
#1786=DIRECTION('ref_axis',(0.,1.,-6.85007837877303E-16));
#1787=DIRECTION('',(1.,0.,0.));
#1788=DIRECTION('center_axis',(-1.,0.,0.));
#1789=DIRECTION('ref_axis',(0.,0.,1.));
#1790=DIRECTION('',(1.,0.,0.));
#1791=DIRECTION('center_axis',(-1.,0.,0.));
#1792=DIRECTION('ref_axis',(0.,0.,-1.));
#1793=DIRECTION('center_axis',(-1.,0.,0.));
#1794=DIRECTION('ref_axis',(0.,0.,1.));
#1795=DIRECTION('',(1.,0.,0.));
#1796=DIRECTION('center_axis',(-1.,0.,0.));
#1797=DIRECTION('ref_axis',(0.,0.,1.));
#1798=DIRECTION('',(1.,0.,0.));
#1799=DIRECTION('center_axis',(-1.,0.,0.));
#1800=DIRECTION('ref_axis',(0.,0.,1.));
#1801=DIRECTION('',(1.,0.,0.));
#1802=DIRECTION('center_axis',(-1.,0.,0.));
#1803=DIRECTION('ref_axis',(0.,0.,1.));
#1804=DIRECTION('',(1.,0.,0.));
#1805=DIRECTION('center_axis',(-1.,0.,0.));
#1806=DIRECTION('ref_axis',(0.,0.,1.));
#1807=DIRECTION('',(1.,0.,0.));
#1808=DIRECTION('center_axis',(-1.,0.,0.));
#1809=DIRECTION('ref_axis',(0.,0.,1.));
#1810=DIRECTION('',(1.,0.,0.));
#1811=DIRECTION('center_axis',(-1.,0.,0.));
#1812=DIRECTION('ref_axis',(0.,0.,1.));
#1813=DIRECTION('',(1.,0.,0.));
#1814=DIRECTION('center_axis',(-1.,0.,0.));
#1815=DIRECTION('ref_axis',(0.,0.,1.));
#1816=DIRECTION('',(1.,0.,0.));
#1817=DIRECTION('center_axis',(-1.,0.,0.));
#1818=DIRECTION('ref_axis',(0.,0.,1.));
#1819=DIRECTION('',(1.,0.,0.));
#1820=DIRECTION('center_axis',(-1.,0.,0.));
#1821=DIRECTION('ref_axis',(0.,0.,1.));
#1822=DIRECTION('',(1.,0.,0.));
#1823=DIRECTION('center_axis',(-1.,0.,0.));
#1824=DIRECTION('ref_axis',(0.,0.,1.));
#1825=DIRECTION('',(1.,0.,0.));
#1826=DIRECTION('center_axis',(-1.,0.,0.));
#1827=DIRECTION('ref_axis',(0.,0.,1.));
#1828=DIRECTION('',(1.,0.,0.));
#1829=DIRECTION('center_axis',(-1.,0.,0.));
#1830=DIRECTION('ref_axis',(0.,0.,1.));
#1831=DIRECTION('',(1.,0.,0.));
#1832=DIRECTION('center_axis',(-1.,0.,0.));
#1833=DIRECTION('ref_axis',(0.,0.,1.));
#1834=DIRECTION('',(1.,0.,0.));
#1835=DIRECTION('center_axis',(-1.,0.,0.));
#1836=DIRECTION('ref_axis',(0.,0.,-1.));
#1837=DIRECTION('',(0.866025403784438,-6.12323399573678E-17,-0.500000000000001));
#1838=DIRECTION('center_axis',(1.,1.88015877921328E-14,-1.34379361700752E-14));
#1839=DIRECTION('ref_axis',(1.87916381252486E-14,-1.,6.49399026187352E-15));
#1840=DIRECTION('center_axis',(-1.,0.,0.));
#1841=DIRECTION('ref_axis',(0.,0.,-1.));
#1842=DIRECTION('',(0.866025403784438,-6.12323399573678E-17,-0.500000000000001));
#1843=DIRECTION('center_axis',(1.,0.,0.));
#1844=DIRECTION('ref_axis',(0.,0.,-1.));
#1845=DIRECTION('center_axis',(-1.,0.,0.));
#1846=DIRECTION('ref_axis',(0.,0.,-1.));
#1847=DIRECTION('center_axis',(1.,0.,0.));
#1848=DIRECTION('ref_axis',(0.,0.,-1.));
#1849=DIRECTION('center_axis',(-1.,0.,0.));
#1850=DIRECTION('ref_axis',(0.,0.,1.));
#1851=DIRECTION('',(0.70710678118655,8.65956056235491E-17,0.707106781186545));
#1852=DIRECTION('center_axis',(1.,0.,0.));
#1853=DIRECTION('ref_axis',(0.,0.,-1.));
#1854=DIRECTION('center_axis',(-1.,0.,0.));
#1855=DIRECTION('ref_axis',(0.,0.,1.));
#1856=DIRECTION('center_axis',(-1.,0.,0.));
#1857=DIRECTION('ref_axis',(0.,0.,1.));
#1858=DIRECTION('center_axis',(-1.,0.,0.));
#1859=DIRECTION('ref_axis',(0.,0.,1.));
#1860=DIRECTION('center_axis',(-1.,0.,0.));
#1861=DIRECTION('ref_axis',(0.,0.,1.));
#1862=DIRECTION('center_axis',(-1.,0.,0.));
#1863=DIRECTION('ref_axis',(0.,0.,1.));
#1864=DIRECTION('center_axis',(0.,-1.,1.22464679914735E-16));
#1865=DIRECTION('ref_axis',(0.,-1.22464679914735E-16,-1.));
#1866=DIRECTION('center_axis',(-1.,0.,0.));
#1867=DIRECTION('ref_axis',(0.,0.,1.));
#1868=DIRECTION('center_axis',(1.,0.,0.));
#1869=DIRECTION('ref_axis',(0.,0.,-1.));
#1870=DIRECTION('',(-0.499999999999995,1.06057523872491E-16,-0.866025403784442));
#1871=DIRECTION('center_axis',(-1.,0.,0.));
#1872=DIRECTION('ref_axis',(0.,0.,1.));
#1873=DIRECTION('center_axis',(-1.,0.,0.));
#1874=DIRECTION('ref_axis',(0.,0.,1.));
#1875=DIRECTION('center_axis',(0.,-1.,1.22464679914735E-16));
#1876=DIRECTION('ref_axis',(0.,-1.22464679914735E-16,-1.));
#1877=DIRECTION('center_axis',(1.,0.,0.));
#1878=DIRECTION('ref_axis',(0.,0.,1.));
#1879=DIRECTION('center_axis',(-1.,0.,0.));
#1880=DIRECTION('ref_axis',(0.,0.,1.));
#1881=DIRECTION('center_axis',(1.,0.,0.));
#1882=DIRECTION('ref_axis',(0.,0.,-1.));
#1883=DIRECTION('',(-0.819152044288991,-7.02428546843656E-17,-0.573576436351047));
#1884=DIRECTION('center_axis',(-1.,0.,0.));
#1885=DIRECTION('ref_axis',(0.,0.,1.));
#1886=DIRECTION('center_axis',(-1.,0.,0.));
#1887=DIRECTION('ref_axis',(0.,0.,1.));
#1888=DIRECTION('center_axis',(0.,1.,-1.22464679914735E-16));
#1889=DIRECTION('ref_axis',(0.,-1.22464679914735E-16,-1.));
#1890=DIRECTION('center_axis',(1.,0.,0.));
#1891=DIRECTION('ref_axis',(0.,0.,-1.));
#1892=DIRECTION('center_axis',(-1.,0.,0.));
#1893=DIRECTION('ref_axis',(0.,1.,-6.85007837877303E-16));
#1894=DIRECTION('center_axis',(-1.,0.,0.));
#1895=DIRECTION('ref_axis',(0.,0.,1.));
#1896=DIRECTION('',(0.,-1.,1.25209699709612E-16));
#1897=DIRECTION('center_axis',(-1.,0.,0.));
#1898=DIRECTION('ref_axis',(0.,0.,1.));
#1899=DIRECTION('',(0.,1.,-1.25209699709612E-16));
#1900=DIRECTION('center_axis',(-1.,0.,0.));
#1901=DIRECTION('ref_axis',(0.,0.,1.));
#1902=DIRECTION('center_axis',(-1.,0.,0.));
#1903=DIRECTION('ref_axis',(0.,0.866025403784436,-0.500000000000004));
#1904=DIRECTION('',(0.,0.500000000000004,0.866025403784436));
#1905=DIRECTION('center_axis',(-1.,0.,0.));
#1906=DIRECTION('ref_axis',(0.,0.866025403784436,-0.500000000000004));
#1907=DIRECTION('',(0.,-0.500000000000004,-0.866025403784436));
#1908=DIRECTION('center_axis',(-1.,0.,0.));
#1909=DIRECTION('ref_axis',(0.,0.866025403784437,-0.500000000000003));
#1910=DIRECTION('center_axis',(-1.,0.,0.));
#1911=DIRECTION('ref_axis',(0.,-0.866025403784443,-0.499999999999992));
#1912=DIRECTION('',(0.,0.499999999999992,-0.866025403784443));
#1913=DIRECTION('center_axis',(-1.,0.,0.));
#1914=DIRECTION('ref_axis',(0.,-0.866025403784444,-0.499999999999991));
#1915=DIRECTION('',(0.,-0.499999999999992,0.866025403784443));
#1916=DIRECTION('center_axis',(-1.,0.,0.));
#1917=DIRECTION('ref_axis',(0.,-0.866025403784444,-0.499999999999991));
#1918=DIRECTION('center_axis',(-1.,0.,0.));
#1919=DIRECTION('ref_axis',(0.,0.,1.));
#1920=DIRECTION('center_axis',(0.,-1.,0.));
#1921=DIRECTION('ref_axis',(0.,0.,-1.));
#1922=DIRECTION('center_axis',(1.,0.,0.));
#1923=DIRECTION('ref_axis',(0.,0.,1.));
#1924=DIRECTION('center_axis',(0.,-1.,0.));
#1925=DIRECTION('ref_axis',(0.,0.,-1.));
#1926=DIRECTION('center_axis',(0.,-1.,1.25209699709612E-16));
#1927=DIRECTION('ref_axis',(0.,-1.25209699709612E-16,-1.));
#1928=DIRECTION('center_axis',(0.,-1.,0.));
#1929=DIRECTION('ref_axis',(0.,0.,-1.));
#1930=DIRECTION('',(0.,-1.,1.25209699709612E-16));
#1931=DIRECTION('center_axis',(-1.,0.,0.));
#1932=DIRECTION('ref_axis',(0.,0.,1.));
#1933=DIRECTION('center_axis',(1.,0.,0.));
#1934=DIRECTION('ref_axis',(0.,0.,1.));
#1935=DIRECTION('center_axis',(0.,-1.,0.));
#1936=DIRECTION('ref_axis',(0.,0.,-1.));
#1937=DIRECTION('center_axis',(0.,1.,-1.25209699709612E-16));
#1938=DIRECTION('ref_axis',(0.,1.25209699709612E-16,1.));
#1939=DIRECTION('',(0.,1.,-1.25209699709612E-16));
#1940=DIRECTION('center_axis',(0.,0.500000000000004,0.866025403784436));
#1941=DIRECTION('ref_axis',(0.,-0.866025403784436,0.500000000000004));
#1942=DIRECTION('center_axis',(0.,0.500000000000004,0.866025403784436));
#1943=DIRECTION('ref_axis',(0.,-0.866025403784436,0.500000000000004));
#1944=DIRECTION('center_axis',(0.,0.500000000000004,0.866025403784436));
#1945=DIRECTION('ref_axis',(0.,-0.866025403784436,0.500000000000004));
#1946=DIRECTION('',(0.,0.500000000000004,0.866025403784436));
#1947=DIRECTION('center_axis',(-1.,0.,0.));
#1948=DIRECTION('ref_axis',(0.,0.866025403784436,-0.500000000000005));
#1949=DIRECTION('center_axis',(1.,0.,0.));
#1950=DIRECTION('ref_axis',(0.,0.866025403784435,-0.500000000000006));
#1951=DIRECTION('center_axis',(0.,0.500000000000004,0.866025403784436));
#1952=DIRECTION('ref_axis',(0.,-0.866025403784436,0.500000000000004));
#1953=DIRECTION('center_axis',(0.,-0.500000000000004,-0.866025403784436));
#1954=DIRECTION('ref_axis',(0.,0.866025403784436,-0.500000000000004));
#1955=DIRECTION('',(0.,-0.500000000000004,-0.866025403784436));
#1956=DIRECTION('center_axis',(0.,0.500000000000004,0.866025403784436));
#1957=DIRECTION('ref_axis',(0.,-0.866025403784436,0.500000000000004));
#1958=DIRECTION('center_axis',(-1.,0.,0.));
#1959=DIRECTION('ref_axis',(0.,0.866025403784437,-0.500000000000003));
#1960=DIRECTION('center_axis',(1.,0.,0.));
#1961=DIRECTION('ref_axis',(0.,0.866025403784436,-0.500000000000004));
#1962=DIRECTION('center_axis',(0.,0.499999999999992,-0.866025403784443));
#1963=DIRECTION('ref_axis',(0.,0.866025403784443,0.499999999999992));
#1964=DIRECTION('center_axis',(0.,0.499999999999992,-0.866025403784443));
#1965=DIRECTION('ref_axis',(0.,0.866025403784443,0.499999999999992));
#1966=DIRECTION('center_axis',(0.,0.499999999999992,-0.866025403784443));
#1967=DIRECTION('ref_axis',(0.,0.866025403784443,0.499999999999992));
#1968=DIRECTION('',(0.,0.499999999999992,-0.866025403784443));
#1969=DIRECTION('center_axis',(-1.,0.,0.));
#1970=DIRECTION('ref_axis',(0.,-0.866025403784443,-0.499999999999992));
#1971=DIRECTION('center_axis',(1.,0.,0.));
#1972=DIRECTION('ref_axis',(0.,-0.866025403784443,-0.499999999999993));
#1973=DIRECTION('center_axis',(0.,0.499999999999992,-0.866025403784443));
#1974=DIRECTION('ref_axis',(0.,0.866025403784443,0.499999999999992));
#1975=DIRECTION('center_axis',(0.,-0.499999999999992,0.866025403784443));
#1976=DIRECTION('ref_axis',(0.,-0.866025403784443,-0.499999999999992));
#1977=DIRECTION('',(0.,-0.499999999999992,0.866025403784443));
#1978=DIRECTION('center_axis',(0.,0.499999999999992,-0.866025403784443));
#1979=DIRECTION('ref_axis',(0.,0.866025403784443,0.499999999999992));
#1980=DIRECTION('center_axis',(-1.,0.,0.));
#1981=DIRECTION('ref_axis',(0.,-0.866025403784443,-0.499999999999992));
#1982=DIRECTION('center_axis',(1.,0.,0.));
#1983=DIRECTION('ref_axis',(0.,-0.866025403784443,-0.499999999999992));
#1984=DIRECTION('center_axis',(1.,0.,0.));
#1985=DIRECTION('ref_axis',(0.,0.,-1.));
#1986=DIRECTION('',(1.,0.,0.));
#1987=DIRECTION('',(1.,0.,0.));
#1988=DIRECTION('center_axis',(-1.,0.,0.));
#1989=DIRECTION('ref_axis',(0.,0.,1.));
#1990=DIRECTION('center_axis',(0.,-1.25209699709612E-16,-1.));
#1991=DIRECTION('ref_axis',(0.,1.,-1.25209699709612E-16));
#1992=DIRECTION('',(1.,0.,0.));
#1993=DIRECTION('',(0.,1.,-1.25209699709612E-16));
#1994=DIRECTION('center_axis',(1.,0.,0.));
#1995=DIRECTION('ref_axis',(0.,0.,-1.));
#1996=DIRECTION('',(1.,0.,0.));
#1997=DIRECTION('center_axis',(-1.,0.,0.));
#1998=DIRECTION('ref_axis',(0.,0.,1.));
#1999=DIRECTION('center_axis',(0.,1.25209699709612E-16,1.));
#2000=DIRECTION('ref_axis',(0.,-1.,1.25209699709612E-16));
#2001=DIRECTION('',(0.,-1.,1.25209699709612E-16));
#2002=DIRECTION('center_axis',(0.,-0.866025403784436,0.500000000000004));
#2003=DIRECTION('ref_axis',(0.,-0.500000000000004,-0.866025403784436));
#2004=DIRECTION('',(1.,0.,0.));
#2005=DIRECTION('',(1.,0.,0.));
#2006=DIRECTION('',(0.,-0.500000000000004,-0.866025403784436));
#2007=DIRECTION('center_axis',(1.,0.,0.));
#2008=DIRECTION('ref_axis',(0.,-0.866025403784436,0.500000000000005));
#2009=DIRECTION('',(1.,0.,0.));
#2010=DIRECTION('center_axis',(-1.,0.,0.));
#2011=DIRECTION('ref_axis',(0.,0.866025403784436,-0.500000000000005));
#2012=DIRECTION('center_axis',(0.,0.866025403784436,-0.500000000000004));
#2013=DIRECTION('ref_axis',(0.,0.500000000000004,0.866025403784436));
#2014=DIRECTION('',(1.,0.,0.));
#2015=DIRECTION('',(0.,0.500000000000004,0.866025403784436));
#2016=DIRECTION('center_axis',(1.,0.,0.));
#2017=DIRECTION('ref_axis',(0.,-0.866025403784436,0.500000000000004));
#2018=DIRECTION('center_axis',(-1.,0.,0.));
#2019=DIRECTION('ref_axis',(0.,0.866025403784436,-0.500000000000004));
#2020=DIRECTION('center_axis',(0.,0.866025403784443,0.499999999999992));
#2021=DIRECTION('ref_axis',(0.,-0.499999999999992,0.866025403784443));
#2022=DIRECTION('',(1.,0.,0.));
#2023=DIRECTION('',(1.,0.,0.));
#2024=DIRECTION('',(0.,-0.499999999999992,0.866025403784443));
#2025=DIRECTION('center_axis',(1.,0.,0.));
#2026=DIRECTION('ref_axis',(0.,0.866025403784443,0.499999999999993));
#2027=DIRECTION('',(1.,0.,0.));
#2028=DIRECTION('center_axis',(-1.,0.,0.));
#2029=DIRECTION('ref_axis',(0.,-0.866025403784443,-0.499999999999993));
#2030=DIRECTION('center_axis',(0.,-0.866025403784443,-0.499999999999992));
#2031=DIRECTION('ref_axis',(0.,0.499999999999992,-0.866025403784443));
#2032=DIRECTION('',(1.,0.,0.));
#2033=DIRECTION('',(0.,0.499999999999992,-0.866025403784443));
#2034=DIRECTION('center_axis',(1.,0.,0.));
#2035=DIRECTION('ref_axis',(0.,0.866025403784443,0.499999999999992));
#2036=DIRECTION('center_axis',(-1.,0.,0.));
#2037=DIRECTION('ref_axis',(0.,-0.866025403784443,-0.499999999999992));
#2038=DIRECTION('center_axis',(-1.,0.,0.));
#2039=DIRECTION('ref_axis',(0.,0.,1.));
#2040=DIRECTION('center_axis',(-1.,0.,0.));
#2041=DIRECTION('ref_axis',(0.,0.,1.));
#2042=DIRECTION('center_axis',(-1.,0.,0.));
#2043=DIRECTION('ref_axis',(0.,0.,1.));
#2044=DIRECTION('center_axis',(-1.,0.,0.));
#2045=DIRECTION('ref_axis',(0.,0.,1.));
#2046=DIRECTION('center_axis',(-1.,0.,0.));
#2047=DIRECTION('ref_axis',(0.,0.,1.));
#2048=DIRECTION('center_axis',(-1.,0.,0.));
#2049=DIRECTION('ref_axis',(0.,0.,1.));
#2050=DIRECTION('center_axis',(-1.,0.,0.));
#2051=DIRECTION('ref_axis',(0.,0.,1.));
#2052=DIRECTION('center_axis',(-1.,0.,0.));
#2053=DIRECTION('ref_axis',(0.,0.,1.));
#2054=DIRECTION('center_axis',(1.,0.,0.));
#2055=DIRECTION('ref_axis',(0.,0.,1.));
#2056=DIRECTION('center_axis',(1.,0.,0.));
#2057=DIRECTION('ref_axis',(0.,0.,1.));
#2058=DIRECTION('center_axis',(1.,0.,0.));
#2059=DIRECTION('ref_axis',(0.,0.,1.));
#2060=DIRECTION('center_axis',(1.,0.,0.));
#2061=DIRECTION('ref_axis',(0.,0.,1.));
#2062=DIRECTION('center_axis',(1.,0.,0.));
#2063=DIRECTION('ref_axis',(0.,0.,1.));
#2064=DIRECTION('center_axis',(1.,0.,0.));
#2065=DIRECTION('ref_axis',(0.,0.,1.));
#2066=DIRECTION('center_axis',(1.,0.,0.));
#2067=DIRECTION('ref_axis',(0.,0.,-1.));
#2068=DIRECTION('',(-1.,0.,0.));
#2069=DIRECTION('',(1.,0.,0.));
#2070=DIRECTION('center_axis',(0.,3.1544663490544E-16,-1.));
#2071=DIRECTION('ref_axis',(0.,1.,3.1544663490544E-16));
#2072=DIRECTION('',(-1.,0.,0.));
#2073=DIRECTION('center_axis',(1.,0.,0.));
#2074=DIRECTION('ref_axis',(0.,0.,-1.));
#2075=DIRECTION('',(1.,0.,0.));
#2076=DIRECTION('center_axis',(0.,-0.866025403784439,-0.5));
#2077=DIRECTION('ref_axis',(0.,0.5,-0.866025403784439));
#2078=DIRECTION('',(-1.,0.,0.));
#2079=DIRECTION('center_axis',(1.,0.,0.));
#2080=DIRECTION('ref_axis',(0.,0.,-1.));
#2081=DIRECTION('',(1.,0.,0.));
#2082=DIRECTION('center_axis',(0.,-0.866025403784439,0.5));
#2083=DIRECTION('ref_axis',(0.,-0.5,-0.866025403784439));
#2084=DIRECTION('',(-1.,0.,0.));
#2085=DIRECTION('center_axis',(1.,0.,0.));
#2086=DIRECTION('ref_axis',(0.,0.,-1.));
#2087=DIRECTION('',(1.,0.,0.));
#2088=DIRECTION('center_axis',(0.,0.,1.));
#2089=DIRECTION('ref_axis',(1.,0.,0.));
#2090=DIRECTION('',(-1.,0.,0.));
#2091=DIRECTION('center_axis',(1.,0.,0.));
#2092=DIRECTION('ref_axis',(0.,0.,-1.));
#2093=DIRECTION('',(1.,0.,0.));
#2094=DIRECTION('center_axis',(0.,0.866025403784439,0.5));
#2095=DIRECTION('ref_axis',(0.,-0.5,0.866025403784439));
#2096=DIRECTION('',(-1.,0.,0.));
#2097=DIRECTION('center_axis',(1.,0.,0.));
#2098=DIRECTION('ref_axis',(0.,0.,-1.));
#2099=DIRECTION('',(1.,0.,0.));
#2100=DIRECTION('center_axis',(0.,0.866025403784439,-0.5));
#2101=DIRECTION('ref_axis',(0.,0.5,0.866025403784439));
#2102=DIRECTION('center_axis',(1.,0.,0.));
#2103=DIRECTION('ref_axis',(0.,0.,-1.));
#2104=CARTESIAN_POINT('',(0.,0.,0.));
#2105=CARTESIAN_POINT('Origin',(1.28365384615385,6.55643518479423E-16,1.37026910081256E-16));
#2106=CARTESIAN_POINT('',(1.24038461538462,-0.200036995935513,1.37026910081257E-16));
#2107=CARTESIAN_POINT('',(1.24227069637218,-0.200036995935512,2.9855128684086E-16));
#2108=CARTESIAN_POINT('',(1.28365384615385,-0.200036995935512,2.9855128684086E-16));
#2109=CARTESIAN_POINT('',(1.24227069637218,-0.197607254827648,-0.0310833167854641));
#2110=CARTESIAN_POINT('Ctrl Pts',(1.24227069637218,-0.197607254827648,-0.0310833167854641));
#2111=CARTESIAN_POINT('Ctrl Pts',(1.24130991687214,-0.200036995935513,-0.0156366231915651));
#2112=CARTESIAN_POINT('Ctrl Pts',(1.24038461538462,-0.200036995935513,-2.44974666783478E-17));
#2113=CARTESIAN_POINT('Origin',(1.24227069637218,9.39755709820506E-16,-1.52983487645199E-16));
#2114=CARTESIAN_POINT('Origin',(1.28365384615385,6.55643518479423E-16,1.37026910081256E-16));
#2115=CARTESIAN_POINT('',(1.16346153846154,-0.200036995935513,1.37026910081257E-16));
#2116=CARTESIAN_POINT('',(1.17307692307692,-0.200036995935513,1.37026910081257E-16));
#2117=CARTESIAN_POINT('',(1.28365384615385,-0.200036995935512,2.9855128684086E-16));
#2118=CARTESIAN_POINT('Ctrl Pts',(1.24038461538462,-0.200036995935513,-2.44974666783478E-17));
#2119=CARTESIAN_POINT('Ctrl Pts',(1.23653846153846,-0.200036995935513,0.06499595995471));
#2120=CARTESIAN_POINT('Ctrl Pts',(1.23269230769231,-0.161833329215542,0.117578796123784));
#2121=CARTESIAN_POINT('Ctrl Pts',(1.22884615384615,-0.123629662495572,0.170161632292858));
#2122=CARTESIAN_POINT('Ctrl Pts',(1.225,-0.0618148312477858,0.190246488484577));
#2123=CARTESIAN_POINT('Ctrl Pts',(1.22115384615385,-3.86372412027276E-17,
0.210331344676296));
#2124=CARTESIAN_POINT('Ctrl Pts',(1.21730769230769,0.0618148312477858,0.190246488484577));
#2125=CARTESIAN_POINT('Ctrl Pts',(1.21346153846154,0.123629662495572,0.170161632292858));
#2126=CARTESIAN_POINT('Ctrl Pts',(1.20961538461538,0.161833329215542,0.117578796123784));
#2127=CARTESIAN_POINT('Ctrl Pts',(1.20576923076923,0.200036995935513,0.0649959599547101));
#2128=CARTESIAN_POINT('Ctrl Pts',(1.20192307692308,0.200036995935513,0.));
#2129=CARTESIAN_POINT('Ctrl Pts',(1.19807692307692,0.200036995935513,-0.06499595995471));
#2130=CARTESIAN_POINT('Ctrl Pts',(1.19423076923077,0.161833329215542,-0.117578796123784));
#2131=CARTESIAN_POINT('Ctrl Pts',(1.19038461538462,0.123629662495572,-0.170161632292858));
#2132=CARTESIAN_POINT('Ctrl Pts',(1.18653846153846,0.0618148312477858,-0.190246488484577));
#2133=CARTESIAN_POINT('Ctrl Pts',(1.18269230769231,1.28790804009092E-17,
-0.210331344676296));
#2134=CARTESIAN_POINT('Ctrl Pts',(1.17884615384615,-0.0618148312477858,
-0.190246488484577));
#2135=CARTESIAN_POINT('Ctrl Pts',(1.175,-0.123629662495572,-0.170161632292858));
#2136=CARTESIAN_POINT('Ctrl Pts',(1.17115384615385,-0.161833329215542,-0.117578796123784));
#2137=CARTESIAN_POINT('Ctrl Pts',(1.16730769230769,-0.200036995935513,-0.06499595995471));
#2138=CARTESIAN_POINT('Ctrl Pts',(1.16346153846154,-0.200036995935513,-2.44974666783478E-17));
#2139=CARTESIAN_POINT('',(1.24227069637218,-0.161465247116108,0.118083757209188));
#2140=CARTESIAN_POINT('Origin',(1.24227069637218,9.39755709820506E-16,-1.52983487645199E-16));
#2141=CARTESIAN_POINT('Ctrl Pts',(1.24227069637218,-0.161465247116108,0.118083757209188));
#2142=CARTESIAN_POINT('Ctrl Pts',(1.23844110830307,-0.123301311928002,0.17026831985953));
#2143=CARTESIAN_POINT('Ctrl Pts',(1.23461538461538,-0.0618148312477858,
0.190246488484577));
#2144=CARTESIAN_POINT('Ctrl Pts',(1.23076923076923,-3.86372412027276E-17,
0.210331344676296));
#2145=CARTESIAN_POINT('Ctrl Pts',(1.22692307692308,0.0618148312477858,0.190246488484577));
#2146=CARTESIAN_POINT('Ctrl Pts',(1.22307692307692,0.123629662495572,0.170161632292858));
#2147=CARTESIAN_POINT('Ctrl Pts',(1.21923076923077,0.161833329215542,0.117578796123784));
#2148=CARTESIAN_POINT('Ctrl Pts',(1.21538461538462,0.200036995935513,0.0649959599547101));
#2149=CARTESIAN_POINT('Ctrl Pts',(1.21153846153846,0.200036995935513,0.));
#2150=CARTESIAN_POINT('Ctrl Pts',(1.20769230769231,0.200036995935513,-0.06499595995471));
#2151=CARTESIAN_POINT('Ctrl Pts',(1.20384615384615,0.161833329215542,-0.117578796123784));
#2152=CARTESIAN_POINT('Ctrl Pts',(1.2,0.123629662495572,-0.170161632292858));
#2153=CARTESIAN_POINT('Ctrl Pts',(1.19615384615385,0.0618148312477858,-0.190246488484577));
#2154=CARTESIAN_POINT('Ctrl Pts',(1.19230769230769,1.28790804009092E-17,
-0.210331344676296));
#2155=CARTESIAN_POINT('Ctrl Pts',(1.18846153846154,-0.0618148312477858,
-0.190246488484577));
#2156=CARTESIAN_POINT('Ctrl Pts',(1.18461538461538,-0.123629662495572,-0.170161632292858));
#2157=CARTESIAN_POINT('Ctrl Pts',(1.18076923076923,-0.161833329215542,-0.117578796123784));
#2158=CARTESIAN_POINT('Ctrl Pts',(1.17692307692308,-0.200036995935513,-0.06499595995471));
#2159=CARTESIAN_POINT('Ctrl Pts',(1.17307692307692,-0.200036995935513,-2.44974666783478E-17));
#2160=CARTESIAN_POINT('Origin',(1.28365384615385,6.55643518479423E-16,1.37026910081256E-16));
#2161=CARTESIAN_POINT('',(1.08653846153846,-0.200036995935513,1.37026910081257E-16));
#2162=CARTESIAN_POINT('',(1.09615384615385,-0.200036995935513,1.37026910081257E-16));
#2163=CARTESIAN_POINT('',(1.28365384615385,-0.200036995935512,2.9855128684086E-16));
#2164=CARTESIAN_POINT('Ctrl Pts',(1.16346153846154,-0.200036995935513,-2.44974666783478E-17));
#2165=CARTESIAN_POINT('Ctrl Pts',(1.15961538461538,-0.200036995935513,0.06499595995471));
#2166=CARTESIAN_POINT('Ctrl Pts',(1.15576923076923,-0.161833329215542,0.117578796123784));
#2167=CARTESIAN_POINT('Ctrl Pts',(1.15192307692308,-0.123629662495572,0.170161632292858));
#2168=CARTESIAN_POINT('Ctrl Pts',(1.14807692307692,-0.0618148312477858,
0.190246488484577));
#2169=CARTESIAN_POINT('Ctrl Pts',(1.14423076923077,-3.86372412027276E-17,
0.210331344676296));
#2170=CARTESIAN_POINT('Ctrl Pts',(1.14038461538462,0.0618148312477858,0.190246488484577));
#2171=CARTESIAN_POINT('Ctrl Pts',(1.13653846153846,0.123629662495572,0.170161632292858));
#2172=CARTESIAN_POINT('Ctrl Pts',(1.13269230769231,0.161833329215542,0.117578796123784));
#2173=CARTESIAN_POINT('Ctrl Pts',(1.12884615384615,0.200036995935513,0.0649959599547101));
#2174=CARTESIAN_POINT('Ctrl Pts',(1.125,0.200036995935513,0.));
#2175=CARTESIAN_POINT('Ctrl Pts',(1.12115384615385,0.200036995935513,-0.06499595995471));
#2176=CARTESIAN_POINT('Ctrl Pts',(1.11730769230769,0.161833329215542,-0.117578796123784));
#2177=CARTESIAN_POINT('Ctrl Pts',(1.11346153846154,0.123629662495572,-0.170161632292858));
#2178=CARTESIAN_POINT('Ctrl Pts',(1.10961538461538,0.0618148312477858,-0.190246488484577));
#2179=CARTESIAN_POINT('Ctrl Pts',(1.10576923076923,1.28790804009092E-17,
-0.210331344676296));
#2180=CARTESIAN_POINT('Ctrl Pts',(1.10192307692308,-0.0618148312477858,
-0.190246488484577));
#2181=CARTESIAN_POINT('Ctrl Pts',(1.09807692307692,-0.123629662495572,-0.170161632292858));
#2182=CARTESIAN_POINT('Ctrl Pts',(1.09423076923077,-0.161833329215542,-0.117578796123784));
#2183=CARTESIAN_POINT('Ctrl Pts',(1.09038461538462,-0.200036995935513,-0.06499595995471));
#2184=CARTESIAN_POINT('Ctrl Pts',(1.08653846153846,-0.200036995935513,-2.44974666783478E-17));
#2185=CARTESIAN_POINT('Ctrl Pts',(1.17307692307692,-0.200036995935513,-2.44974666783478E-17));
#2186=CARTESIAN_POINT('Ctrl Pts',(1.16923076923077,-0.200036995935513,0.06499595995471));
#2187=CARTESIAN_POINT('Ctrl Pts',(1.16538461538462,-0.161833329215542,0.117578796123784));
#2188=CARTESIAN_POINT('Ctrl Pts',(1.16153846153846,-0.123629662495572,0.170161632292858));
#2189=CARTESIAN_POINT('Ctrl Pts',(1.15769230769231,-0.0618148312477858,
0.190246488484577));
#2190=CARTESIAN_POINT('Ctrl Pts',(1.15384615384615,-3.86372412027276E-17,
0.210331344676296));
#2191=CARTESIAN_POINT('Ctrl Pts',(1.15,0.0618148312477858,0.190246488484577));
#2192=CARTESIAN_POINT('Ctrl Pts',(1.14615384615385,0.123629662495572,0.170161632292858));
#2193=CARTESIAN_POINT('Ctrl Pts',(1.14230769230769,0.161833329215542,0.117578796123784));
#2194=CARTESIAN_POINT('Ctrl Pts',(1.13846153846154,0.200036995935513,0.0649959599547101));
#2195=CARTESIAN_POINT('Ctrl Pts',(1.13461538461538,0.200036995935513,0.));
#2196=CARTESIAN_POINT('Ctrl Pts',(1.13076923076923,0.200036995935513,-0.06499595995471));
#2197=CARTESIAN_POINT('Ctrl Pts',(1.12692307692308,0.161833329215542,-0.117578796123784));
#2198=CARTESIAN_POINT('Ctrl Pts',(1.12307692307692,0.123629662495572,-0.170161632292858));
#2199=CARTESIAN_POINT('Ctrl Pts',(1.11923076923077,0.0618148312477858,-0.190246488484577));
#2200=CARTESIAN_POINT('Ctrl Pts',(1.11538461538462,1.28790804009092E-17,
-0.210331344676296));
#2201=CARTESIAN_POINT('Ctrl Pts',(1.11153846153846,-0.0618148312477858,
-0.190246488484577));
#2202=CARTESIAN_POINT('Ctrl Pts',(1.10769230769231,-0.123629662495572,-0.170161632292858));
#2203=CARTESIAN_POINT('Ctrl Pts',(1.10384615384615,-0.161833329215542,-0.117578796123784));
#2204=CARTESIAN_POINT('Ctrl Pts',(1.1,-0.200036995935513,-0.06499595995471));
#2205=CARTESIAN_POINT('Ctrl Pts',(1.09615384615385,-0.200036995935513,-2.44974666783478E-17));
#2206=CARTESIAN_POINT('Origin',(1.28365384615385,6.55643518479423E-16,1.37026910081256E-16));
#2207=CARTESIAN_POINT('',(1.00961538461538,-0.200036995935513,1.37026910081257E-16));
#2208=CARTESIAN_POINT('',(1.01923076923077,-0.200036995935513,1.37026910081257E-16));
#2209=CARTESIAN_POINT('',(1.28365384615385,-0.200036995935512,2.9855128684086E-16));
#2210=CARTESIAN_POINT('Ctrl Pts',(1.08653846153846,-0.200036995935513,-2.44974666783478E-17));
#2211=CARTESIAN_POINT('Ctrl Pts',(1.08269230769231,-0.200036995935513,0.06499595995471));
#2212=CARTESIAN_POINT('Ctrl Pts',(1.07884615384615,-0.161833329215542,0.117578796123784));
#2213=CARTESIAN_POINT('Ctrl Pts',(1.075,-0.123629662495572,0.170161632292858));
#2214=CARTESIAN_POINT('Ctrl Pts',(1.07115384615385,-0.0618148312477858,
0.190246488484577));
#2215=CARTESIAN_POINT('Ctrl Pts',(1.06730769230769,-3.86372412027276E-17,
0.210331344676296));
#2216=CARTESIAN_POINT('Ctrl Pts',(1.06346153846154,0.0618148312477858,0.190246488484577));
#2217=CARTESIAN_POINT('Ctrl Pts',(1.05961538461538,0.123629662495572,0.170161632292858));
#2218=CARTESIAN_POINT('Ctrl Pts',(1.05576923076923,0.161833329215542,0.117578796123784));
#2219=CARTESIAN_POINT('Ctrl Pts',(1.05192307692308,0.200036995935513,0.0649959599547101));
#2220=CARTESIAN_POINT('Ctrl Pts',(1.04807692307692,0.200036995935513,0.));
#2221=CARTESIAN_POINT('Ctrl Pts',(1.04423076923077,0.200036995935513,-0.06499595995471));
#2222=CARTESIAN_POINT('Ctrl Pts',(1.04038461538462,0.161833329215542,-0.117578796123784));
#2223=CARTESIAN_POINT('Ctrl Pts',(1.03653846153846,0.123629662495572,-0.170161632292858));
#2224=CARTESIAN_POINT('Ctrl Pts',(1.03269230769231,0.0618148312477858,-0.190246488484577));
#2225=CARTESIAN_POINT('Ctrl Pts',(1.02884615384615,1.28790804009092E-17,
-0.210331344676296));
#2226=CARTESIAN_POINT('Ctrl Pts',(1.025,-0.0618148312477858,-0.190246488484577));
#2227=CARTESIAN_POINT('Ctrl Pts',(1.02115384615385,-0.123629662495572,-0.170161632292858));
#2228=CARTESIAN_POINT('Ctrl Pts',(1.01730769230769,-0.161833329215542,-0.117578796123784));
#2229=CARTESIAN_POINT('Ctrl Pts',(1.01346153846154,-0.200036995935513,-0.06499595995471));
#2230=CARTESIAN_POINT('Ctrl Pts',(1.00961538461538,-0.200036995935513,-2.44974666783478E-17));
#2231=CARTESIAN_POINT('Ctrl Pts',(1.09615384615385,-0.200036995935513,-2.44974666783478E-17));
#2232=CARTESIAN_POINT('Ctrl Pts',(1.09230769230769,-0.200036995935513,0.06499595995471));
#2233=CARTESIAN_POINT('Ctrl Pts',(1.08846153846154,-0.161833329215542,0.117578796123784));
#2234=CARTESIAN_POINT('Ctrl Pts',(1.08461538461538,-0.123629662495572,0.170161632292858));
#2235=CARTESIAN_POINT('Ctrl Pts',(1.08076923076923,-0.0618148312477858,
0.190246488484577));
#2236=CARTESIAN_POINT('Ctrl Pts',(1.07692307692308,-3.86372412027276E-17,
0.210331344676296));
#2237=CARTESIAN_POINT('Ctrl Pts',(1.07307692307692,0.0618148312477858,0.190246488484577));
#2238=CARTESIAN_POINT('Ctrl Pts',(1.06923076923077,0.123629662495572,0.170161632292858));
#2239=CARTESIAN_POINT('Ctrl Pts',(1.06538461538461,0.161833329215542,0.117578796123784));
#2240=CARTESIAN_POINT('Ctrl Pts',(1.06153846153846,0.200036995935513,0.0649959599547101));
#2241=CARTESIAN_POINT('Ctrl Pts',(1.05769230769231,0.200036995935513,0.));
#2242=CARTESIAN_POINT('Ctrl Pts',(1.05384615384615,0.200036995935513,-0.06499595995471));
#2243=CARTESIAN_POINT('Ctrl Pts',(1.05,0.161833329215542,-0.117578796123784));
#2244=CARTESIAN_POINT('Ctrl Pts',(1.04615384615385,0.123629662495572,-0.170161632292858));
#2245=CARTESIAN_POINT('Ctrl Pts',(1.04230769230769,0.0618148312477858,-0.190246488484577));
#2246=CARTESIAN_POINT('Ctrl Pts',(1.03846153846154,1.28790804009092E-17,
-0.210331344676296));
#2247=CARTESIAN_POINT('Ctrl Pts',(1.03461538461538,-0.0618148312477858,
-0.190246488484577));
#2248=CARTESIAN_POINT('Ctrl Pts',(1.03076923076923,-0.123629662495572,-0.170161632292858));
#2249=CARTESIAN_POINT('Ctrl Pts',(1.02692307692308,-0.161833329215542,-0.117578796123784));
#2250=CARTESIAN_POINT('Ctrl Pts',(1.02307692307692,-0.200036995935513,-0.06499595995471));
#2251=CARTESIAN_POINT('Ctrl Pts',(1.01923076923077,-0.200036995935513,-2.44974666783478E-17));
#2252=CARTESIAN_POINT('Origin',(1.28365384615385,6.55643518479423E-16,1.37026910081256E-16));
#2253=CARTESIAN_POINT('',(0.932692307692307,-0.200036995935513,1.37026910081257E-16));
#2254=CARTESIAN_POINT('',(0.942307692307692,-0.200036995935513,1.37026910081257E-16));
#2255=CARTESIAN_POINT('',(1.28365384615385,-0.200036995935512,2.9855128684086E-16));
#2256=CARTESIAN_POINT('Ctrl Pts',(1.00961538461538,-0.200036995935513,-2.44974666783478E-17));
#2257=CARTESIAN_POINT('Ctrl Pts',(1.00576923076923,-0.200036995935513,0.06499595995471));
#2258=CARTESIAN_POINT('Ctrl Pts',(1.00192307692308,-0.161833329215542,0.117578796123784));
#2259=CARTESIAN_POINT('Ctrl Pts',(0.998076923076923,-0.123629662495572,
0.170161632292858));
#2260=CARTESIAN_POINT('Ctrl Pts',(0.994230769230769,-0.0618148312477858,
0.190246488484577));
#2261=CARTESIAN_POINT('Ctrl Pts',(0.990384615384615,-3.86372412027276E-17,
0.210331344676296));
#2262=CARTESIAN_POINT('Ctrl Pts',(0.986538461538461,0.0618148312477858,
0.190246488484577));
#2263=CARTESIAN_POINT('Ctrl Pts',(0.982692307692307,0.123629662495572,0.170161632292858));
#2264=CARTESIAN_POINT('Ctrl Pts',(0.978846153846153,0.161833329215542,0.117578796123784));
#2265=CARTESIAN_POINT('Ctrl Pts',(0.975,0.200036995935513,0.0649959599547101));
#2266=CARTESIAN_POINT('Ctrl Pts',(0.971153846153846,0.200036995935513,0.));
#2267=CARTESIAN_POINT('Ctrl Pts',(0.967307692307692,0.200036995935513,-0.06499595995471));
#2268=CARTESIAN_POINT('Ctrl Pts',(0.963461538461538,0.161833329215542,-0.117578796123784));
#2269=CARTESIAN_POINT('Ctrl Pts',(0.959615384615384,0.123629662495572,-0.170161632292858));
#2270=CARTESIAN_POINT('Ctrl Pts',(0.95576923076923,0.0618148312477858,-0.190246488484577));
#2271=CARTESIAN_POINT('Ctrl Pts',(0.951923076923077,1.28790804009092E-17,
-0.210331344676296));
#2272=CARTESIAN_POINT('Ctrl Pts',(0.948076923076923,-0.0618148312477858,
-0.190246488484577));
#2273=CARTESIAN_POINT('Ctrl Pts',(0.944230769230769,-0.123629662495572,
-0.170161632292858));
#2274=CARTESIAN_POINT('Ctrl Pts',(0.940384615384615,-0.161833329215542,
-0.117578796123784));
#2275=CARTESIAN_POINT('Ctrl Pts',(0.936538461538461,-0.200036995935513,
-0.06499595995471));
#2276=CARTESIAN_POINT('Ctrl Pts',(0.932692307692307,-0.200036995935513,
-2.44974666783478E-17));
#2277=CARTESIAN_POINT('Ctrl Pts',(1.01923076923077,-0.200036995935513,-2.44974666783478E-17));
#2278=CARTESIAN_POINT('Ctrl Pts',(1.01538461538462,-0.200036995935513,0.06499595995471));
#2279=CARTESIAN_POINT('Ctrl Pts',(1.01153846153846,-0.161833329215542,0.117578796123784));
#2280=CARTESIAN_POINT('Ctrl Pts',(1.00769230769231,-0.123629662495572,0.170161632292858));
#2281=CARTESIAN_POINT('Ctrl Pts',(1.00384615384615,-0.0618148312477858,
0.190246488484577));
#2282=CARTESIAN_POINT('Ctrl Pts',(0.999999999999999,-3.86372412027276E-17,
0.210331344676296));
#2283=CARTESIAN_POINT('Ctrl Pts',(0.996153846153846,0.0618148312477858,
0.190246488484577));
#2284=CARTESIAN_POINT('Ctrl Pts',(0.992307692307692,0.123629662495572,0.170161632292858));
#2285=CARTESIAN_POINT('Ctrl Pts',(0.988461538461538,0.161833329215542,0.117578796123784));
#2286=CARTESIAN_POINT('Ctrl Pts',(0.984615384615384,0.200036995935513,0.0649959599547101));
#2287=CARTESIAN_POINT('Ctrl Pts',(0.98076923076923,0.200036995935513,0.));
#2288=CARTESIAN_POINT('Ctrl Pts',(0.976923076923076,0.200036995935513,-0.06499595995471));
#2289=CARTESIAN_POINT('Ctrl Pts',(0.973076923076923,0.161833329215542,-0.117578796123784));
#2290=CARTESIAN_POINT('Ctrl Pts',(0.969230769230769,0.123629662495572,-0.170161632292858));
#2291=CARTESIAN_POINT('Ctrl Pts',(0.965384615384615,0.0618148312477858,
-0.190246488484577));
#2292=CARTESIAN_POINT('Ctrl Pts',(0.961538461538461,1.28790804009092E-17,
-0.210331344676296));
#2293=CARTESIAN_POINT('Ctrl Pts',(0.957692307692307,-0.0618148312477858,
-0.190246488484577));
#2294=CARTESIAN_POINT('Ctrl Pts',(0.953846153846153,-0.123629662495572,
-0.170161632292858));
#2295=CARTESIAN_POINT('Ctrl Pts',(0.95,-0.161833329215542,-0.117578796123784));
#2296=CARTESIAN_POINT('Ctrl Pts',(0.946153846153846,-0.200036995935513,
-0.06499595995471));
#2297=CARTESIAN_POINT('Ctrl Pts',(0.942307692307692,-0.200036995935513,
-2.44974666783478E-17));
#2298=CARTESIAN_POINT('Origin',(1.28365384615385,6.55643518479423E-16,1.37026910081256E-16));
#2299=CARTESIAN_POINT('',(0.85576923076923,-0.200036995935513,1.37026910081257E-16));
#2300=CARTESIAN_POINT('',(0.865384615384615,-0.200036995935513,1.37026910081257E-16));
#2301=CARTESIAN_POINT('',(1.28365384615385,-0.200036995935512,2.9855128684086E-16));
#2302=CARTESIAN_POINT('Ctrl Pts',(0.932692307692307,-0.200036995935513,
-2.44974666783478E-17));
#2303=CARTESIAN_POINT('Ctrl Pts',(0.928846153846154,-0.200036995935513,
0.06499595995471));
#2304=CARTESIAN_POINT('Ctrl Pts',(0.925,-0.161833329215542,0.117578796123784));
#2305=CARTESIAN_POINT('Ctrl Pts',(0.921153846153846,-0.123629662495572,
0.170161632292858));
#2306=CARTESIAN_POINT('Ctrl Pts',(0.917307692307692,-0.0618148312477858,
0.190246488484577));
#2307=CARTESIAN_POINT('Ctrl Pts',(0.913461538461538,-3.86372412027276E-17,
0.210331344676296));
#2308=CARTESIAN_POINT('Ctrl Pts',(0.909615384615384,0.0618148312477858,
0.190246488484577));
#2309=CARTESIAN_POINT('Ctrl Pts',(0.90576923076923,0.123629662495572,0.170161632292858));
#2310=CARTESIAN_POINT('Ctrl Pts',(0.901923076923077,0.161833329215542,0.117578796123784));
#2311=CARTESIAN_POINT('Ctrl Pts',(0.898076923076923,0.200036995935513,0.0649959599547101));
#2312=CARTESIAN_POINT('Ctrl Pts',(0.894230769230769,0.200036995935513,0.));
#2313=CARTESIAN_POINT('Ctrl Pts',(0.890384615384615,0.200036995935513,-0.06499595995471));
#2314=CARTESIAN_POINT('Ctrl Pts',(0.886538461538461,0.161833329215542,-0.117578796123784));
#2315=CARTESIAN_POINT('Ctrl Pts',(0.882692307692307,0.123629662495572,-0.170161632292858));
#2316=CARTESIAN_POINT('Ctrl Pts',(0.878846153846153,0.0618148312477858,
-0.190246488484577));
#2317=CARTESIAN_POINT('Ctrl Pts',(0.874999999999999,1.28790804009092E-17,
-0.210331344676296));
#2318=CARTESIAN_POINT('Ctrl Pts',(0.871153846153846,-0.0618148312477858,
-0.190246488484577));
#2319=CARTESIAN_POINT('Ctrl Pts',(0.867307692307692,-0.123629662495572,
-0.170161632292858));
#2320=CARTESIAN_POINT('Ctrl Pts',(0.863461538461538,-0.161833329215542,
-0.117578796123784));
#2321=CARTESIAN_POINT('Ctrl Pts',(0.859615384615384,-0.200036995935513,
-0.06499595995471));
#2322=CARTESIAN_POINT('Ctrl Pts',(0.85576923076923,-0.200036995935513,-2.44974666783478E-17));
#2323=CARTESIAN_POINT('Ctrl Pts',(0.942307692307692,-0.200036995935513,
-2.44974666783478E-17));
#2324=CARTESIAN_POINT('Ctrl Pts',(0.938461538461538,-0.200036995935513,
0.06499595995471));
#2325=CARTESIAN_POINT('Ctrl Pts',(0.934615384615384,-0.161833329215542,
0.117578796123784));
#2326=CARTESIAN_POINT('Ctrl Pts',(0.93076923076923,-0.123629662495572,0.170161632292858));
#2327=CARTESIAN_POINT('Ctrl Pts',(0.926923076923077,-0.0618148312477858,
0.190246488484577));
#2328=CARTESIAN_POINT('Ctrl Pts',(0.923076923076923,-3.86372412027276E-17,
0.210331344676296));
#2329=CARTESIAN_POINT('Ctrl Pts',(0.919230769230769,0.0618148312477858,
0.190246488484577));
#2330=CARTESIAN_POINT('Ctrl Pts',(0.915384615384615,0.123629662495572,0.170161632292858));
#2331=CARTESIAN_POINT('Ctrl Pts',(0.911538461538461,0.161833329215542,0.117578796123784));
#2332=CARTESIAN_POINT('Ctrl Pts',(0.907692307692307,0.200036995935513,0.0649959599547101));
#2333=CARTESIAN_POINT('Ctrl Pts',(0.903846153846153,0.200036995935513,0.));
#2334=CARTESIAN_POINT('Ctrl Pts',(0.9,0.200036995935513,-0.06499595995471));
#2335=CARTESIAN_POINT('Ctrl Pts',(0.896153846153846,0.161833329215542,-0.117578796123784));
#2336=CARTESIAN_POINT('Ctrl Pts',(0.892307692307692,0.123629662495572,-0.170161632292858));
#2337=CARTESIAN_POINT('Ctrl Pts',(0.888461538461538,0.0618148312477858,
-0.190246488484577));
#2338=CARTESIAN_POINT('Ctrl Pts',(0.884615384615384,1.28790804009092E-17,
-0.210331344676296));
#2339=CARTESIAN_POINT('Ctrl Pts',(0.88076923076923,-0.0618148312477858,
-0.190246488484577));
#2340=CARTESIAN_POINT('Ctrl Pts',(0.876923076923077,-0.123629662495572,
-0.170161632292858));
#2341=CARTESIAN_POINT('Ctrl Pts',(0.873076923076923,-0.161833329215542,
-0.117578796123784));
#2342=CARTESIAN_POINT('Ctrl Pts',(0.869230769230768,-0.200036995935513,
-0.06499595995471));
#2343=CARTESIAN_POINT('Ctrl Pts',(0.865384615384615,-0.200036995935513,
-2.44974666783478E-17));
#2344=CARTESIAN_POINT('Origin',(1.28365384615385,6.55643518479423E-16,1.37026910081256E-16));
#2345=CARTESIAN_POINT('',(0.778846153846153,-0.200036995935513,1.37026910081257E-16));
#2346=CARTESIAN_POINT('',(0.788461538461538,-0.200036995935513,1.37026910081257E-16));
#2347=CARTESIAN_POINT('',(1.28365384615385,-0.200036995935512,2.9855128684086E-16));
#2348=CARTESIAN_POINT('Ctrl Pts',(0.85576923076923,-0.200036995935513,-2.44974666783478E-17));
#2349=CARTESIAN_POINT('Ctrl Pts',(0.851923076923076,-0.200036995935513,
0.06499595995471));
#2350=CARTESIAN_POINT('Ctrl Pts',(0.848076923076923,-0.161833329215542,
0.117578796123784));
#2351=CARTESIAN_POINT('Ctrl Pts',(0.844230769230769,-0.123629662495572,
0.170161632292858));
#2352=CARTESIAN_POINT('Ctrl Pts',(0.840384615384615,-0.0618148312477858,
0.190246488484577));
#2353=CARTESIAN_POINT('Ctrl Pts',(0.836538461538461,-3.86372412027276E-17,
0.210331344676296));
#2354=CARTESIAN_POINT('Ctrl Pts',(0.832692307692307,0.0618148312477858,
0.190246488484577));
#2355=CARTESIAN_POINT('Ctrl Pts',(0.828846153846154,0.123629662495572,0.170161632292858));
#2356=CARTESIAN_POINT('Ctrl Pts',(0.825,0.161833329215542,0.117578796123784));
#2357=CARTESIAN_POINT('Ctrl Pts',(0.821153846153846,0.200036995935513,0.0649959599547101));
#2358=CARTESIAN_POINT('Ctrl Pts',(0.817307692307692,0.200036995935513,0.));
#2359=CARTESIAN_POINT('Ctrl Pts',(0.813461538461538,0.200036995935513,-0.06499595995471));
#2360=CARTESIAN_POINT('Ctrl Pts',(0.809615384615384,0.161833329215542,-0.117578796123784));
#2361=CARTESIAN_POINT('Ctrl Pts',(0.80576923076923,0.123629662495572,-0.170161632292858));
#2362=CARTESIAN_POINT('Ctrl Pts',(0.801923076923077,0.0618148312477858,
-0.190246488484577));
#2363=CARTESIAN_POINT('Ctrl Pts',(0.798076923076923,1.28790804009092E-17,
-0.210331344676296));
#2364=CARTESIAN_POINT('Ctrl Pts',(0.794230769230769,-0.0618148312477858,
-0.190246488484577));
#2365=CARTESIAN_POINT('Ctrl Pts',(0.790384615384615,-0.123629662495572,
-0.170161632292858));
#2366=CARTESIAN_POINT('Ctrl Pts',(0.786538461538461,-0.161833329215542,
-0.117578796123784));
#2367=CARTESIAN_POINT('Ctrl Pts',(0.782692307692307,-0.200036995935513,
-0.06499595995471));
#2368=CARTESIAN_POINT('Ctrl Pts',(0.778846153846153,-0.200036995935513,
-2.44974666783478E-17));
#2369=CARTESIAN_POINT('Ctrl Pts',(0.865384615384615,-0.200036995935513,
-2.44974666783478E-17));
#2370=CARTESIAN_POINT('Ctrl Pts',(0.861538461538461,-0.200036995935513,
0.06499595995471));
#2371=CARTESIAN_POINT('Ctrl Pts',(0.857692307692307,-0.161833329215542,
0.117578796123784));
#2372=CARTESIAN_POINT('Ctrl Pts',(0.853846153846153,-0.123629662495572,
0.170161632292858));
#2373=CARTESIAN_POINT('Ctrl Pts',(0.85,-0.0618148312477858,0.190246488484577));
#2374=CARTESIAN_POINT('Ctrl Pts',(0.846153846153845,-3.86372412027276E-17,
0.210331344676296));
#2375=CARTESIAN_POINT('Ctrl Pts',(0.842307692307692,0.0618148312477858,
0.190246488484577));
#2376=CARTESIAN_POINT('Ctrl Pts',(0.838461538461538,0.123629662495572,0.170161632292858));
#2377=CARTESIAN_POINT('Ctrl Pts',(0.834615384615384,0.161833329215542,0.117578796123784));
#2378=CARTESIAN_POINT('Ctrl Pts',(0.83076923076923,0.200036995935513,0.0649959599547101));
#2379=CARTESIAN_POINT('Ctrl Pts',(0.826923076923076,0.200036995935513,0.));
#2380=CARTESIAN_POINT('Ctrl Pts',(0.823076923076922,0.200036995935513,-0.06499595995471));
#2381=CARTESIAN_POINT('Ctrl Pts',(0.819230769230769,0.161833329215542,-0.117578796123784));
#2382=CARTESIAN_POINT('Ctrl Pts',(0.815384615384615,0.123629662495572,-0.170161632292858));
#2383=CARTESIAN_POINT('Ctrl Pts',(0.811538461538461,0.0618148312477858,
-0.190246488484577));
#2384=CARTESIAN_POINT('Ctrl Pts',(0.807692307692307,1.28790804009092E-17,
-0.210331344676296));
#2385=CARTESIAN_POINT('Ctrl Pts',(0.803846153846153,-0.0618148312477858,
-0.190246488484577));
#2386=CARTESIAN_POINT('Ctrl Pts',(0.799999999999999,-0.123629662495572,
-0.170161632292858));
#2387=CARTESIAN_POINT('Ctrl Pts',(0.796153846153846,-0.161833329215542,
-0.117578796123784));
#2388=CARTESIAN_POINT('Ctrl Pts',(0.792307692307692,-0.200036995935513,
-0.06499595995471));
#2389=CARTESIAN_POINT('Ctrl Pts',(0.788461538461538,-0.200036995935513,
-2.44974666783478E-17));
#2390=CARTESIAN_POINT('Origin',(1.28365384615385,6.55643518479423E-16,1.37026910081256E-16));
#2391=CARTESIAN_POINT('',(0.701923076923076,-0.200036995935513,1.37026910081257E-16));
#2392=CARTESIAN_POINT('',(0.711538461538461,-0.200036995935513,1.37026910081257E-16));
#2393=CARTESIAN_POINT('',(1.28365384615385,-0.200036995935512,2.9855128684086E-16));
#2394=CARTESIAN_POINT('Ctrl Pts',(0.778846153846153,-0.200036995935513,
-2.44974666783478E-17));
#2395=CARTESIAN_POINT('Ctrl Pts',(0.774999999999999,-0.200036995935513,
0.06499595995471));
#2396=CARTESIAN_POINT('Ctrl Pts',(0.771153846153846,-0.161833329215542,
0.117578796123784));
#2397=CARTESIAN_POINT('Ctrl Pts',(0.767307692307692,-0.123629662495572,
0.170161632292858));
#2398=CARTESIAN_POINT('Ctrl Pts',(0.763461538461538,-0.0618148312477858,
0.190246488484577));
#2399=CARTESIAN_POINT('Ctrl Pts',(0.759615384615384,-3.86372412027276E-17,
0.210331344676296));
#2400=CARTESIAN_POINT('Ctrl Pts',(0.75576923076923,0.0618148312477858,0.190246488484577));
#2401=CARTESIAN_POINT('Ctrl Pts',(0.751923076923076,0.123629662495572,0.170161632292858));
#2402=CARTESIAN_POINT('Ctrl Pts',(0.748076923076923,0.161833329215542,0.117578796123784));
#2403=CARTESIAN_POINT('Ctrl Pts',(0.744230769230769,0.200036995935513,0.0649959599547101));
#2404=CARTESIAN_POINT('Ctrl Pts',(0.740384615384615,0.200036995935513,0.));
#2405=CARTESIAN_POINT('Ctrl Pts',(0.736538461538461,0.200036995935513,-0.06499595995471));
#2406=CARTESIAN_POINT('Ctrl Pts',(0.732692307692307,0.161833329215542,-0.117578796123784));
#2407=CARTESIAN_POINT('Ctrl Pts',(0.728846153846153,0.123629662495572,-0.170161632292858));
#2408=CARTESIAN_POINT('Ctrl Pts',(0.724999999999999,0.0618148312477858,
-0.190246488484577));
#2409=CARTESIAN_POINT('Ctrl Pts',(0.721153846153846,1.28790804009092E-17,
-0.210331344676296));
#2410=CARTESIAN_POINT('Ctrl Pts',(0.717307692307692,-0.0618148312477858,
-0.190246488484577));
#2411=CARTESIAN_POINT('Ctrl Pts',(0.713461538461538,-0.123629662495572,
-0.170161632292858));
#2412=CARTESIAN_POINT('Ctrl Pts',(0.709615384615384,-0.161833329215542,
-0.117578796123784));
#2413=CARTESIAN_POINT('Ctrl Pts',(0.70576923076923,-0.200036995935513,-0.06499595995471));
#2414=CARTESIAN_POINT('Ctrl Pts',(0.701923076923076,-0.200036995935513,
-2.44974666783478E-17));
#2415=CARTESIAN_POINT('Ctrl Pts',(0.788461538461538,-0.200036995935513,
-2.44974666783478E-17));
#2416=CARTESIAN_POINT('Ctrl Pts',(0.784615384615384,-0.200036995935513,
0.06499595995471));
#2417=CARTESIAN_POINT('Ctrl Pts',(0.78076923076923,-0.161833329215542,0.117578796123784));
#2418=CARTESIAN_POINT('Ctrl Pts',(0.776923076923076,-0.123629662495572,
0.170161632292858));
#2419=CARTESIAN_POINT('Ctrl Pts',(0.773076923076922,-0.0618148312477858,
0.190246488484577));
#2420=CARTESIAN_POINT('Ctrl Pts',(0.769230769230769,-3.86372412027276E-17,
0.210331344676296));
#2421=CARTESIAN_POINT('Ctrl Pts',(0.765384615384615,0.0618148312477858,
0.190246488484577));
#2422=CARTESIAN_POINT('Ctrl Pts',(0.761538461538461,0.123629662495572,0.170161632292858));
#2423=CARTESIAN_POINT('Ctrl Pts',(0.757692307692307,0.161833329215542,0.117578796123784));
#2424=CARTESIAN_POINT('Ctrl Pts',(0.753846153846153,0.200036995935513,0.0649959599547101));
#2425=CARTESIAN_POINT('Ctrl Pts',(0.75,0.200036995935513,0.));
#2426=CARTESIAN_POINT('Ctrl Pts',(0.746153846153846,0.200036995935513,-0.06499595995471));
#2427=CARTESIAN_POINT('Ctrl Pts',(0.742307692307692,0.161833329215542,-0.117578796123784));
#2428=CARTESIAN_POINT('Ctrl Pts',(0.738461538461538,0.123629662495572,-0.170161632292858));
#2429=CARTESIAN_POINT('Ctrl Pts',(0.734615384615384,0.0618148312477858,
-0.190246488484577));
#2430=CARTESIAN_POINT('Ctrl Pts',(0.73076923076923,1.28790804009092E-17,
-0.210331344676296));
#2431=CARTESIAN_POINT('Ctrl Pts',(0.726923076923076,-0.0618148312477858,
-0.190246488484577));
#2432=CARTESIAN_POINT('Ctrl Pts',(0.723076923076923,-0.123629662495572,
-0.170161632292858));
#2433=CARTESIAN_POINT('Ctrl Pts',(0.719230769230769,-0.161833329215542,
-0.117578796123784));
#2434=CARTESIAN_POINT('Ctrl Pts',(0.715384615384615,-0.200036995935513,
-0.06499595995471));
#2435=CARTESIAN_POINT('Ctrl Pts',(0.711538461538461,-0.200036995935513,
-2.44974666783478E-17));
#2436=CARTESIAN_POINT('Origin',(1.28365384615385,6.55643518479423E-16,1.37026910081256E-16));
#2437=CARTESIAN_POINT('',(0.624999999999999,-0.200036995935513,1.37026910081257E-16));
#2438=CARTESIAN_POINT('',(0.634615384615384,-0.200036995935513,1.37026910081257E-16));
#2439=CARTESIAN_POINT('',(1.28365384615385,-0.200036995935512,2.9855128684086E-16));
#2440=CARTESIAN_POINT('Ctrl Pts',(0.701923076923076,-0.200036995935513,
-2.44974666783478E-17));
#2441=CARTESIAN_POINT('Ctrl Pts',(0.698076923076922,-0.200036995935513,
0.06499595995471));
#2442=CARTESIAN_POINT('Ctrl Pts',(0.694230769230769,-0.161833329215542,
0.117578796123784));
#2443=CARTESIAN_POINT('Ctrl Pts',(0.690384615384615,-0.123629662495572,
0.170161632292858));
#2444=CARTESIAN_POINT('Ctrl Pts',(0.686538461538461,-0.0618148312477858,
0.190246488484577));
#2445=CARTESIAN_POINT('Ctrl Pts',(0.682692307692307,-3.86372412027276E-17,
0.210331344676296));
#2446=CARTESIAN_POINT('Ctrl Pts',(0.678846153846153,0.0618148312477858,
0.190246488484577));
#2447=CARTESIAN_POINT('Ctrl Pts',(0.674999999999999,0.123629662495572,0.170161632292858));
#2448=CARTESIAN_POINT('Ctrl Pts',(0.671153846153846,0.161833329215542,0.117578796123784));
#2449=CARTESIAN_POINT('Ctrl Pts',(0.667307692307692,0.200036995935513,0.0649959599547101));
#2450=CARTESIAN_POINT('Ctrl Pts',(0.663461538461538,0.200036995935513,0.));
#2451=CARTESIAN_POINT('Ctrl Pts',(0.659615384615384,0.200036995935513,-0.06499595995471));
#2452=CARTESIAN_POINT('Ctrl Pts',(0.65576923076923,0.161833329215542,-0.117578796123784));
#2453=CARTESIAN_POINT('Ctrl Pts',(0.651923076923076,0.123629662495572,-0.170161632292858));
#2454=CARTESIAN_POINT('Ctrl Pts',(0.648076923076923,0.0618148312477858,
-0.190246488484577));
#2455=CARTESIAN_POINT('Ctrl Pts',(0.644230769230769,1.28790804009092E-17,
-0.210331344676296));
#2456=CARTESIAN_POINT('Ctrl Pts',(0.640384615384615,-0.0618148312477858,
-0.190246488484577));
#2457=CARTESIAN_POINT('Ctrl Pts',(0.636538461538461,-0.123629662495572,
-0.170161632292858));
#2458=CARTESIAN_POINT('Ctrl Pts',(0.632692307692307,-0.161833329215542,
-0.117578796123784));
#2459=CARTESIAN_POINT('Ctrl Pts',(0.628846153846153,-0.200036995935513,
-0.06499595995471));
#2460=CARTESIAN_POINT('Ctrl Pts',(0.624999999999999,-0.200036995935513,
-2.44974666783478E-17));
#2461=CARTESIAN_POINT('Ctrl Pts',(0.711538461538461,-0.200036995935513,
-2.44974666783478E-17));
#2462=CARTESIAN_POINT('Ctrl Pts',(0.707692307692307,-0.200036995935513,
0.06499595995471));
#2463=CARTESIAN_POINT('Ctrl Pts',(0.703846153846153,-0.161833329215542,
0.117578796123784));
#2464=CARTESIAN_POINT('Ctrl Pts',(0.699999999999999,-0.123629662495572,
0.170161632292858));
#2465=CARTESIAN_POINT('Ctrl Pts',(0.696153846153845,-0.0618148312477858,
0.190246488484577));
#2466=CARTESIAN_POINT('Ctrl Pts',(0.692307692307692,-3.86372412027276E-17,
0.210331344676296));
#2467=CARTESIAN_POINT('Ctrl Pts',(0.688461538461538,0.0618148312477858,
0.190246488484577));
#2468=CARTESIAN_POINT('Ctrl Pts',(0.684615384615384,0.123629662495572,0.170161632292858));
#2469=CARTESIAN_POINT('Ctrl Pts',(0.68076923076923,0.161833329215542,0.117578796123784));
#2470=CARTESIAN_POINT('Ctrl Pts',(0.676923076923076,0.200036995935513,0.0649959599547101));
#2471=CARTESIAN_POINT('Ctrl Pts',(0.673076923076922,0.200036995935513,0.));
#2472=CARTESIAN_POINT('Ctrl Pts',(0.669230769230768,0.200036995935513,-0.06499595995471));
#2473=CARTESIAN_POINT('Ctrl Pts',(0.665384615384615,0.161833329215542,-0.117578796123784));
#2474=CARTESIAN_POINT('Ctrl Pts',(0.661538461538461,0.123629662495572,-0.170161632292858));
#2475=CARTESIAN_POINT('Ctrl Pts',(0.657692307692307,0.0618148312477858,
-0.190246488484577));
#2476=CARTESIAN_POINT('Ctrl Pts',(0.653846153846153,1.28790804009092E-17,
-0.210331344676296));
#2477=CARTESIAN_POINT('Ctrl Pts',(0.649999999999999,-0.0618148312477858,
-0.190246488484577));
#2478=CARTESIAN_POINT('Ctrl Pts',(0.646153846153846,-0.123629662495572,
-0.170161632292858));
#2479=CARTESIAN_POINT('Ctrl Pts',(0.642307692307692,-0.161833329215542,
-0.117578796123784));
#2480=CARTESIAN_POINT('Ctrl Pts',(0.638461538461538,-0.200036995935513,
-0.06499595995471));
#2481=CARTESIAN_POINT('Ctrl Pts',(0.634615384615384,-0.200036995935513,
-2.44974666783478E-17));
#2482=CARTESIAN_POINT('Origin',(1.28365384615385,6.55643518479423E-16,1.37026910081256E-16));
#2483=CARTESIAN_POINT('',(0.548076923076922,-0.200036995935513,1.37026910081257E-16));
#2484=CARTESIAN_POINT('',(0.557692307692307,-0.200036995935513,1.37026910081257E-16));
#2485=CARTESIAN_POINT('',(1.28365384615385,-0.200036995935512,2.9855128684086E-16));
#2486=CARTESIAN_POINT('Ctrl Pts',(0.624999999999999,-0.200036995935513,
-2.44974666783478E-17));
#2487=CARTESIAN_POINT('Ctrl Pts',(0.621153846153846,-0.200036995935513,
0.06499595995471));
#2488=CARTESIAN_POINT('Ctrl Pts',(0.617307692307692,-0.161833329215542,
0.117578796123784));
#2489=CARTESIAN_POINT('Ctrl Pts',(0.613461538461538,-0.123629662495572,
0.170161632292858));
#2490=CARTESIAN_POINT('Ctrl Pts',(0.609615384615384,-0.0618148312477858,
0.190246488484577));
#2491=CARTESIAN_POINT('Ctrl Pts',(0.60576923076923,-3.86372412027276E-17,
0.210331344676296));
#2492=CARTESIAN_POINT('Ctrl Pts',(0.601923076923076,0.0618148312477858,
0.190246488484577));
#2493=CARTESIAN_POINT('Ctrl Pts',(0.598076923076922,0.123629662495572,0.170161632292858));
#2494=CARTESIAN_POINT('Ctrl Pts',(0.594230769230769,0.161833329215542,0.117578796123784));
#2495=CARTESIAN_POINT('Ctrl Pts',(0.590384615384615,0.200036995935513,0.0649959599547101));
#2496=CARTESIAN_POINT('Ctrl Pts',(0.586538461538461,0.200036995935513,0.));
#2497=CARTESIAN_POINT('Ctrl Pts',(0.582692307692307,0.200036995935513,-0.06499595995471));
#2498=CARTESIAN_POINT('Ctrl Pts',(0.578846153846153,0.161833329215542,-0.117578796123784));
#2499=CARTESIAN_POINT('Ctrl Pts',(0.574999999999999,0.123629662495572,-0.170161632292858));
#2500=CARTESIAN_POINT('Ctrl Pts',(0.571153846153846,0.0618148312477858,
-0.190246488484577));
#2501=CARTESIAN_POINT('Ctrl Pts',(0.567307692307692,1.28790804009092E-17,
-0.210331344676296));
#2502=CARTESIAN_POINT('Ctrl Pts',(0.563461538461538,-0.0618148312477858,
-0.190246488484577));
#2503=CARTESIAN_POINT('Ctrl Pts',(0.559615384615384,-0.123629662495572,
-0.170161632292858));
#2504=CARTESIAN_POINT('Ctrl Pts',(0.55576923076923,-0.161833329215542,-0.117578796123784));
#2505=CARTESIAN_POINT('Ctrl Pts',(0.551923076923076,-0.200036995935513,
-0.06499595995471));
#2506=CARTESIAN_POINT('Ctrl Pts',(0.548076923076922,-0.200036995935513,
-2.44974666783478E-17));
#2507=CARTESIAN_POINT('Ctrl Pts',(0.634615384615384,-0.200036995935513,
-2.44974666783478E-17));
#2508=CARTESIAN_POINT('Ctrl Pts',(0.63076923076923,-0.200036995935513,0.06499595995471));
#2509=CARTESIAN_POINT('Ctrl Pts',(0.626923076923076,-0.161833329215542,
0.117578796123784));
#2510=CARTESIAN_POINT('Ctrl Pts',(0.623076923076922,-0.123629662495572,
0.170161632292858));
#2511=CARTESIAN_POINT('Ctrl Pts',(0.619230769230769,-0.0618148312477858,
0.190246488484577));
#2512=CARTESIAN_POINT('Ctrl Pts',(0.615384615384615,-3.86372412027276E-17,
0.210331344676296));
#2513=CARTESIAN_POINT('Ctrl Pts',(0.611538461538461,0.0618148312477858,
0.190246488484577));
#2514=CARTESIAN_POINT('Ctrl Pts',(0.607692307692307,0.123629662495572,0.170161632292858));
#2515=CARTESIAN_POINT('Ctrl Pts',(0.603846153846153,0.161833329215542,0.117578796123784));
#2516=CARTESIAN_POINT('Ctrl Pts',(0.599999999999999,0.200036995935513,0.0649959599547101));
#2517=CARTESIAN_POINT('Ctrl Pts',(0.596153846153845,0.200036995935513,0.));
#2518=CARTESIAN_POINT('Ctrl Pts',(0.592307692307692,0.200036995935513,-0.06499595995471));
#2519=CARTESIAN_POINT('Ctrl Pts',(0.588461538461538,0.161833329215542,-0.117578796123784));
#2520=CARTESIAN_POINT('Ctrl Pts',(0.584615384615384,0.123629662495572,-0.170161632292858));
#2521=CARTESIAN_POINT('Ctrl Pts',(0.58076923076923,0.0618148312477858,-0.190246488484577));
#2522=CARTESIAN_POINT('Ctrl Pts',(0.576923076923076,1.28790804009092E-17,
-0.210331344676296));
#2523=CARTESIAN_POINT('Ctrl Pts',(0.573076923076922,-0.0618148312477858,
-0.190246488484577));
#2524=CARTESIAN_POINT('Ctrl Pts',(0.569230769230768,-0.123629662495572,
-0.170161632292858));
#2525=CARTESIAN_POINT('Ctrl Pts',(0.565384615384614,-0.161833329215542,
-0.117578796123784));
#2526=CARTESIAN_POINT('Ctrl Pts',(0.561538461538461,-0.200036995935513,
-0.06499595995471));
#2527=CARTESIAN_POINT('Ctrl Pts',(0.557692307692307,-0.200036995935513,
-2.44974666783478E-17));
#2528=CARTESIAN_POINT('Origin',(1.28365384615385,6.55643518479423E-16,1.37026910081256E-16));
#2529=CARTESIAN_POINT('',(0.471153846153845,-0.200036995935513,1.37026910081257E-16));
#2530=CARTESIAN_POINT('',(0.48076923076923,-0.200036995935513,1.37026910081257E-16));
#2531=CARTESIAN_POINT('',(1.28365384615385,-0.200036995935512,2.9855128684086E-16));
#2532=CARTESIAN_POINT('Ctrl Pts',(0.548076923076922,-0.200036995935513,
-2.44974666783478E-17));
#2533=CARTESIAN_POINT('Ctrl Pts',(0.544230769230769,-0.200036995935513,
0.06499595995471));
#2534=CARTESIAN_POINT('Ctrl Pts',(0.540384615384615,-0.161833329215542,
0.117578796123784));
#2535=CARTESIAN_POINT('Ctrl Pts',(0.536538461538461,-0.123629662495572,
0.170161632292858));
#2536=CARTESIAN_POINT('Ctrl Pts',(0.532692307692307,-0.0618148312477858,
0.190246488484577));
#2537=CARTESIAN_POINT('Ctrl Pts',(0.528846153846153,-3.86372412027276E-17,
0.210331344676296));
#2538=CARTESIAN_POINT('Ctrl Pts',(0.524999999999999,0.0618148312477858,
0.190246488484577));
#2539=CARTESIAN_POINT('Ctrl Pts',(0.521153846153846,0.123629662495572,0.170161632292858));
#2540=CARTESIAN_POINT('Ctrl Pts',(0.517307692307692,0.161833329215542,0.117578796123784));
#2541=CARTESIAN_POINT('Ctrl Pts',(0.513461538461538,0.200036995935513,0.0649959599547101));
#2542=CARTESIAN_POINT('Ctrl Pts',(0.509615384615384,0.200036995935513,0.));
#2543=CARTESIAN_POINT('Ctrl Pts',(0.50576923076923,0.200036995935513,-0.06499595995471));
#2544=CARTESIAN_POINT('Ctrl Pts',(0.501923076923076,0.161833329215542,-0.117578796123784));
#2545=CARTESIAN_POINT('Ctrl Pts',(0.498076923076922,0.123629662495572,-0.170161632292858));
#2546=CARTESIAN_POINT('Ctrl Pts',(0.494230769230769,0.0618148312477858,
-0.190246488484577));
#2547=CARTESIAN_POINT('Ctrl Pts',(0.490384615384615,1.28790804009092E-17,
-0.210331344676296));
#2548=CARTESIAN_POINT('Ctrl Pts',(0.486538461538461,-0.0618148312477858,
-0.190246488484577));
#2549=CARTESIAN_POINT('Ctrl Pts',(0.482692307692307,-0.123629662495572,
-0.170161632292858));
#2550=CARTESIAN_POINT('Ctrl Pts',(0.478846153846153,-0.161833329215542,
-0.117578796123784));
#2551=CARTESIAN_POINT('Ctrl Pts',(0.474999999999999,-0.200036995935513,
-0.06499595995471));
#2552=CARTESIAN_POINT('Ctrl Pts',(0.471153846153845,-0.200036995935513,
-2.44974666783478E-17));
#2553=CARTESIAN_POINT('Ctrl Pts',(0.557692307692307,-0.200036995935513,
-2.44974666783478E-17));
#2554=CARTESIAN_POINT('Ctrl Pts',(0.553846153846153,-0.200036995935513,
0.06499595995471));
#2555=CARTESIAN_POINT('Ctrl Pts',(0.549999999999999,-0.161833329215542,
0.117578796123784));
#2556=CARTESIAN_POINT('Ctrl Pts',(0.546153846153845,-0.123629662495572,
0.170161632292858));
#2557=CARTESIAN_POINT('Ctrl Pts',(0.542307692307691,-0.0618148312477858,
0.190246488484577));
#2558=CARTESIAN_POINT('Ctrl Pts',(0.538461538461538,-3.86372412027276E-17,
0.210331344676296));
#2559=CARTESIAN_POINT('Ctrl Pts',(0.534615384615384,0.0618148312477858,
0.190246488484577));
#2560=CARTESIAN_POINT('Ctrl Pts',(0.53076923076923,0.123629662495572,0.170161632292858));
#2561=CARTESIAN_POINT('Ctrl Pts',(0.526923076923076,0.161833329215542,0.117578796123784));
#2562=CARTESIAN_POINT('Ctrl Pts',(0.523076923076922,0.200036995935513,0.0649959599547101));
#2563=CARTESIAN_POINT('Ctrl Pts',(0.519230769230768,0.200036995935513,0.));
#2564=CARTESIAN_POINT('Ctrl Pts',(0.515384615384615,0.200036995935513,-0.06499595995471));
#2565=CARTESIAN_POINT('Ctrl Pts',(0.511538461538461,0.161833329215542,-0.117578796123784));
#2566=CARTESIAN_POINT('Ctrl Pts',(0.507692307692307,0.123629662495572,-0.170161632292858));
#2567=CARTESIAN_POINT('Ctrl Pts',(0.503846153846153,0.0618148312477858,
-0.190246488484577));
#2568=CARTESIAN_POINT('Ctrl Pts',(0.499999999999999,1.28790804009092E-17,
-0.210331344676296));
#2569=CARTESIAN_POINT('Ctrl Pts',(0.496153846153845,-0.0618148312477858,
-0.190246488484577));
#2570=CARTESIAN_POINT('Ctrl Pts',(0.492307692307691,-0.123629662495572,
-0.170161632292858));
#2571=CARTESIAN_POINT('Ctrl Pts',(0.488461538461538,-0.161833329215542,
-0.117578796123784));
#2572=CARTESIAN_POINT('Ctrl Pts',(0.484615384615384,-0.200036995935513,
-0.06499595995471));
#2573=CARTESIAN_POINT('Ctrl Pts',(0.48076923076923,-0.200036995935513,-2.44974666783478E-17));
#2574=CARTESIAN_POINT('Origin',(1.28365384615385,6.55643518479423E-16,1.37026910081256E-16));
#2575=CARTESIAN_POINT('',(0.394230769230768,-0.200036995935513,1.37026910081257E-16));
#2576=CARTESIAN_POINT('',(0.403846153846153,-0.200036995935513,1.37026910081257E-16));
#2577=CARTESIAN_POINT('',(1.28365384615385,-0.200036995935512,2.9855128684086E-16));
#2578=CARTESIAN_POINT('Ctrl Pts',(0.471153846153845,-0.200036995935513,
-2.44974666783478E-17));
#2579=CARTESIAN_POINT('Ctrl Pts',(0.467307692307692,-0.200036995935513,
0.06499595995471));
#2580=CARTESIAN_POINT('Ctrl Pts',(0.463461538461538,-0.161833329215542,
0.117578796123784));
#2581=CARTESIAN_POINT('Ctrl Pts',(0.459615384615384,-0.123629662495572,
0.170161632292858));
#2582=CARTESIAN_POINT('Ctrl Pts',(0.45576923076923,-0.0618148312477858,
0.190246488484577));
#2583=CARTESIAN_POINT('Ctrl Pts',(0.451923076923076,-3.86372412027276E-17,
0.210331344676296));
#2584=CARTESIAN_POINT('Ctrl Pts',(0.448076923076922,0.0618148312477858,
0.190246488484577));
#2585=CARTESIAN_POINT('Ctrl Pts',(0.444230769230768,0.123629662495572,0.170161632292858));
#2586=CARTESIAN_POINT('Ctrl Pts',(0.440384615384615,0.161833329215542,0.117578796123784));
#2587=CARTESIAN_POINT('Ctrl Pts',(0.436538461538461,0.200036995935513,0.0649959599547101));
#2588=CARTESIAN_POINT('Ctrl Pts',(0.432692307692307,0.200036995935513,0.));
#2589=CARTESIAN_POINT('Ctrl Pts',(0.428846153846153,0.200036995935513,-0.06499595995471));
#2590=CARTESIAN_POINT('Ctrl Pts',(0.424999999999999,0.161833329215542,-0.117578796123784));
#2591=CARTESIAN_POINT('Ctrl Pts',(0.421153846153845,0.123629662495572,-0.170161632292858));
#2592=CARTESIAN_POINT('Ctrl Pts',(0.417307692307691,0.0618148312477858,
-0.190246488484577));
#2593=CARTESIAN_POINT('Ctrl Pts',(0.413461538461538,1.28790804009092E-17,
-0.210331344676296));
#2594=CARTESIAN_POINT('Ctrl Pts',(0.409615384615384,-0.0618148312477858,
-0.190246488484577));
#2595=CARTESIAN_POINT('Ctrl Pts',(0.40576923076923,-0.123629662495572,-0.170161632292858));
#2596=CARTESIAN_POINT('Ctrl Pts',(0.401923076923076,-0.161833329215542,
-0.117578796123784));
#2597=CARTESIAN_POINT('Ctrl Pts',(0.398076923076922,-0.200036995935513,
-0.06499595995471));
#2598=CARTESIAN_POINT('Ctrl Pts',(0.394230769230768,-0.200036995935513,
-2.44974666783478E-17));
#2599=CARTESIAN_POINT('Ctrl Pts',(0.48076923076923,-0.200036995935513,-2.44974666783478E-17));
#2600=CARTESIAN_POINT('Ctrl Pts',(0.476923076923076,-0.200036995935513,
0.06499595995471));
#2601=CARTESIAN_POINT('Ctrl Pts',(0.473076923076922,-0.161833329215542,
0.117578796123784));
#2602=CARTESIAN_POINT('Ctrl Pts',(0.469230769230768,-0.123629662495572,
0.170161632292858));
#2603=CARTESIAN_POINT('Ctrl Pts',(0.465384615384615,-0.0618148312477858,
0.190246488484577));
#2604=CARTESIAN_POINT('Ctrl Pts',(0.461538461538461,-3.86372412027276E-17,
0.210331344676296));
#2605=CARTESIAN_POINT('Ctrl Pts',(0.457692307692307,0.0618148312477858,
0.190246488484577));
#2606=CARTESIAN_POINT('Ctrl Pts',(0.453846153846153,0.123629662495572,0.170161632292858));
#2607=CARTESIAN_POINT('Ctrl Pts',(0.449999999999999,0.161833329215542,0.117578796123784));
#2608=CARTESIAN_POINT('Ctrl Pts',(0.446153846153845,0.200036995935513,0.0649959599547101));
#2609=CARTESIAN_POINT('Ctrl Pts',(0.442307692307692,0.200036995935513,0.));
#2610=CARTESIAN_POINT('Ctrl Pts',(0.438461538461538,0.200036995935513,-0.06499595995471));
#2611=CARTESIAN_POINT('Ctrl Pts',(0.434615384615384,0.161833329215542,-0.117578796123784));
#2612=CARTESIAN_POINT('Ctrl Pts',(0.43076923076923,0.123629662495572,-0.170161632292858));
#2613=CARTESIAN_POINT('Ctrl Pts',(0.426923076923076,0.0618148312477858,
-0.190246488484577));
#2614=CARTESIAN_POINT('Ctrl Pts',(0.423076923076922,1.28790804009092E-17,
-0.210331344676296));
#2615=CARTESIAN_POINT('Ctrl Pts',(0.419230769230768,-0.0618148312477858,
-0.190246488484577));
#2616=CARTESIAN_POINT('Ctrl Pts',(0.415384615384614,-0.123629662495572,
-0.170161632292858));
#2617=CARTESIAN_POINT('Ctrl Pts',(0.411538461538461,-0.161833329215542,
-0.117578796123784));
#2618=CARTESIAN_POINT('Ctrl Pts',(0.407692307692307,-0.200036995935513,
-0.06499595995471));
#2619=CARTESIAN_POINT('Ctrl Pts',(0.403846153846153,-0.200036995935513,
-2.44974666783478E-17));
#2620=CARTESIAN_POINT('Origin',(1.28365384615385,6.55643518479423E-16,1.37026910081256E-16));
#2621=CARTESIAN_POINT('',(0.317307692307691,-0.200036995935513,1.37026910081257E-16));
#2622=CARTESIAN_POINT('',(0.326923076923076,-0.200036995935513,1.37026910081257E-16));
#2623=CARTESIAN_POINT('',(1.28365384615385,-0.200036995935512,2.9855128684086E-16));
#2624=CARTESIAN_POINT('Ctrl Pts',(0.394230769230768,-0.200036995935513,
-2.44974666783478E-17));
#2625=CARTESIAN_POINT('Ctrl Pts',(0.390384615384615,-0.200036995935513,
0.06499595995471));
#2626=CARTESIAN_POINT('Ctrl Pts',(0.386538461538461,-0.161833329215542,
0.117578796123784));
#2627=CARTESIAN_POINT('Ctrl Pts',(0.382692307692307,-0.123629662495572,
0.170161632292858));
#2628=CARTESIAN_POINT('Ctrl Pts',(0.378846153846153,-0.0618148312477858,
0.190246488484577));
#2629=CARTESIAN_POINT('Ctrl Pts',(0.374999999999999,-3.86372412027276E-17,
0.210331344676296));
#2630=CARTESIAN_POINT('Ctrl Pts',(0.371153846153845,0.0618148312477858,
0.190246488484577));
#2631=CARTESIAN_POINT('Ctrl Pts',(0.367307692307691,0.123629662495572,0.170161632292858));
#2632=CARTESIAN_POINT('Ctrl Pts',(0.363461538461538,0.161833329215542,0.117578796123784));
#2633=CARTESIAN_POINT('Ctrl Pts',(0.359615384615384,0.200036995935513,0.0649959599547101));
#2634=CARTESIAN_POINT('Ctrl Pts',(0.35576923076923,0.200036995935513,0.));
#2635=CARTESIAN_POINT('Ctrl Pts',(0.351923076923076,0.200036995935513,-0.06499595995471));
#2636=CARTESIAN_POINT('Ctrl Pts',(0.348076923076922,0.161833329215542,-0.117578796123784));
#2637=CARTESIAN_POINT('Ctrl Pts',(0.344230769230768,0.123629662495572,-0.170161632292858));
#2638=CARTESIAN_POINT('Ctrl Pts',(0.340384615384615,0.0618148312477858,
-0.190246488484577));
#2639=CARTESIAN_POINT('Ctrl Pts',(0.336538461538461,1.28790804009092E-17,
-0.210331344676296));
#2640=CARTESIAN_POINT('Ctrl Pts',(0.332692307692307,-0.0618148312477858,
-0.190246488484577));
#2641=CARTESIAN_POINT('Ctrl Pts',(0.328846153846153,-0.123629662495572,
-0.170161632292858));
#2642=CARTESIAN_POINT('Ctrl Pts',(0.324999999999999,-0.161833329215542,
-0.117578796123784));
#2643=CARTESIAN_POINT('Ctrl Pts',(0.321153846153845,-0.200036995935513,
-0.06499595995471));
#2644=CARTESIAN_POINT('Ctrl Pts',(0.317307692307691,-0.200036995935513,
-2.44974666783478E-17));
#2645=CARTESIAN_POINT('Ctrl Pts',(0.403846153846153,-0.200036995935513,
-2.44974666783478E-17));
#2646=CARTESIAN_POINT('Ctrl Pts',(0.399999999999999,-0.200036995935513,
0.06499595995471));
#2647=CARTESIAN_POINT('Ctrl Pts',(0.396153846153845,-0.161833329215542,
0.117578796123784));
#2648=CARTESIAN_POINT('Ctrl Pts',(0.392307692307691,-0.123629662495572,
0.170161632292858));
#2649=CARTESIAN_POINT('Ctrl Pts',(0.388461538461538,-0.0618148312477858,
0.190246488484577));
#2650=CARTESIAN_POINT('Ctrl Pts',(0.384615384615384,-3.86372412027276E-17,
0.210331344676296));
#2651=CARTESIAN_POINT('Ctrl Pts',(0.38076923076923,0.0618148312477858,0.190246488484577));
#2652=CARTESIAN_POINT('Ctrl Pts',(0.376923076923076,0.123629662495572,0.170161632292858));
#2653=CARTESIAN_POINT('Ctrl Pts',(0.373076923076922,0.161833329215542,0.117578796123784));
#2654=CARTESIAN_POINT('Ctrl Pts',(0.369230769230768,0.200036995935513,0.0649959599547101));
#2655=CARTESIAN_POINT('Ctrl Pts',(0.365384615384614,0.200036995935513,0.));
#2656=CARTESIAN_POINT('Ctrl Pts',(0.361538461538461,0.200036995935513,-0.06499595995471));
#2657=CARTESIAN_POINT('Ctrl Pts',(0.357692307692307,0.161833329215542,-0.117578796123784));
#2658=CARTESIAN_POINT('Ctrl Pts',(0.353846153846153,0.123629662495572,-0.170161632292858));
#2659=CARTESIAN_POINT('Ctrl Pts',(0.349999999999999,0.0618148312477858,
-0.190246488484577));
#2660=CARTESIAN_POINT('Ctrl Pts',(0.346153846153845,1.28790804009092E-17,
-0.210331344676296));
#2661=CARTESIAN_POINT('Ctrl Pts',(0.342307692307691,-0.0618148312477858,
-0.190246488484577));
#2662=CARTESIAN_POINT('Ctrl Pts',(0.338461538461537,-0.123629662495572,
-0.170161632292858));
#2663=CARTESIAN_POINT('Ctrl Pts',(0.334615384615384,-0.161833329215542,
-0.117578796123784));
#2664=CARTESIAN_POINT('Ctrl Pts',(0.33076923076923,-0.200036995935513,-0.06499595995471));
#2665=CARTESIAN_POINT('Ctrl Pts',(0.326923076923076,-0.200036995935513,
-2.44974666783478E-17));
#2666=CARTESIAN_POINT('Origin',(1.28365384615385,6.55643518479423E-16,1.37026910081256E-16));
#2667=CARTESIAN_POINT('',(0.240384615384614,-0.200036995935513,1.37026910081257E-16));
#2668=CARTESIAN_POINT('',(0.249999999999999,-0.200036995935513,1.37026910081257E-16));
#2669=CARTESIAN_POINT('',(1.28365384615385,-0.200036995935512,2.9855128684086E-16));
#2670=CARTESIAN_POINT('Ctrl Pts',(0.317307692307691,-0.200036995935513,
-2.44974666783478E-17));
#2671=CARTESIAN_POINT('Ctrl Pts',(0.313461538461538,-0.200036995935513,
0.06499595995471));
#2672=CARTESIAN_POINT('Ctrl Pts',(0.309615384615384,-0.161833329215542,
0.117578796123784));
#2673=CARTESIAN_POINT('Ctrl Pts',(0.30576923076923,-0.123629662495572,0.170161632292858));
#2674=CARTESIAN_POINT('Ctrl Pts',(0.301923076923076,-0.0618148312477858,
0.190246488484577));
#2675=CARTESIAN_POINT('Ctrl Pts',(0.298076923076922,-3.86372412027276E-17,
0.210331344676296));
#2676=CARTESIAN_POINT('Ctrl Pts',(0.294230769230768,0.0618148312477858,
0.190246488484577));
#2677=CARTESIAN_POINT('Ctrl Pts',(0.290384615384614,0.123629662495572,0.170161632292858));
#2678=CARTESIAN_POINT('Ctrl Pts',(0.286538461538461,0.161833329215542,0.117578796123784));
#2679=CARTESIAN_POINT('Ctrl Pts',(0.282692307692307,0.200036995935513,0.0649959599547101));
#2680=CARTESIAN_POINT('Ctrl Pts',(0.278846153846153,0.200036995935513,0.));
#2681=CARTESIAN_POINT('Ctrl Pts',(0.274999999999999,0.200036995935513,-0.06499595995471));
#2682=CARTESIAN_POINT('Ctrl Pts',(0.271153846153845,0.161833329215542,-0.117578796123784));
#2683=CARTESIAN_POINT('Ctrl Pts',(0.267307692307691,0.123629662495572,-0.170161632292858));
#2684=CARTESIAN_POINT('Ctrl Pts',(0.263461538461538,0.0618148312477858,
-0.190246488484577));
#2685=CARTESIAN_POINT('Ctrl Pts',(0.259615384615384,1.28790804009092E-17,
-0.210331344676296));
#2686=CARTESIAN_POINT('Ctrl Pts',(0.25576923076923,-0.0618148312477858,
-0.190246488484577));
#2687=CARTESIAN_POINT('Ctrl Pts',(0.251923076923076,-0.123629662495572,
-0.170161632292858));
#2688=CARTESIAN_POINT('Ctrl Pts',(0.248076923076922,-0.161833329215542,
-0.117578796123784));
#2689=CARTESIAN_POINT('Ctrl Pts',(0.244230769230768,-0.200036995935513,
-0.06499595995471));
#2690=CARTESIAN_POINT('Ctrl Pts',(0.240384615384614,-0.200036995935513,
-2.44974666783478E-17));
#2691=CARTESIAN_POINT('Ctrl Pts',(0.326923076923076,-0.200036995935513,
-2.44974666783478E-17));
#2692=CARTESIAN_POINT('Ctrl Pts',(0.323076923076922,-0.200036995935513,
0.06499595995471));
#2693=CARTESIAN_POINT('Ctrl Pts',(0.319230769230768,-0.161833329215542,
0.117578796123784));
#2694=CARTESIAN_POINT('Ctrl Pts',(0.315384615384614,-0.123629662495572,
0.170161632292858));
#2695=CARTESIAN_POINT('Ctrl Pts',(0.311538461538461,-0.0618148312477858,
0.190246488484577));
#2696=CARTESIAN_POINT('Ctrl Pts',(0.307692307692307,-3.86372412027276E-17,
0.210331344676296));
#2697=CARTESIAN_POINT('Ctrl Pts',(0.303846153846153,0.0618148312477858,
0.190246488484577));
#2698=CARTESIAN_POINT('Ctrl Pts',(0.299999999999999,0.123629662495572,0.170161632292858));
#2699=CARTESIAN_POINT('Ctrl Pts',(0.296153846153845,0.161833329215542,0.117578796123784));
#2700=CARTESIAN_POINT('Ctrl Pts',(0.292307692307691,0.200036995935513,0.0649959599547101));
#2701=CARTESIAN_POINT('Ctrl Pts',(0.288461538461537,0.200036995935513,0.));
#2702=CARTESIAN_POINT('Ctrl Pts',(0.284615384615384,0.200036995935513,-0.06499595995471));
#2703=CARTESIAN_POINT('Ctrl Pts',(0.28076923076923,0.161833329215542,-0.117578796123784));
#2704=CARTESIAN_POINT('Ctrl Pts',(0.276923076923076,0.123629662495572,-0.170161632292858));
#2705=CARTESIAN_POINT('Ctrl Pts',(0.273076923076922,0.0618148312477858,
-0.190246488484577));
#2706=CARTESIAN_POINT('Ctrl Pts',(0.269230769230768,1.28790804009092E-17,
-0.210331344676296));
#2707=CARTESIAN_POINT('Ctrl Pts',(0.265384615384614,-0.0618148312477858,
-0.190246488484577));
#2708=CARTESIAN_POINT('Ctrl Pts',(0.26153846153846,-0.123629662495572,-0.170161632292858));
#2709=CARTESIAN_POINT('Ctrl Pts',(0.257692307692307,-0.161833329215542,
-0.117578796123784));
#2710=CARTESIAN_POINT('Ctrl Pts',(0.253846153846153,-0.200036995935513,
-0.06499595995471));
#2711=CARTESIAN_POINT('Ctrl Pts',(0.249999999999999,-0.200036995935513,
-2.44974666783478E-17));
#2712=CARTESIAN_POINT('Origin',(1.28365384615385,6.55643518479423E-16,1.37026910081256E-16));
#2713=CARTESIAN_POINT('',(0.163461538461537,-0.200036995935513,1.37026910081257E-16));
#2714=CARTESIAN_POINT('',(0.173076923076922,-0.200036995935513,1.37026910081257E-16));
#2715=CARTESIAN_POINT('',(1.28365384615385,-0.200036995935512,2.9855128684086E-16));
#2716=CARTESIAN_POINT('Ctrl Pts',(0.240384615384614,-0.200036995935513,
-2.44974666783478E-17));
#2717=CARTESIAN_POINT('Ctrl Pts',(0.236538461538461,-0.200036995935513,
0.06499595995471));
#2718=CARTESIAN_POINT('Ctrl Pts',(0.232692307692307,-0.161833329215542,
0.117578796123784));
#2719=CARTESIAN_POINT('Ctrl Pts',(0.228846153846153,-0.123629662495572,
0.170161632292858));
#2720=CARTESIAN_POINT('Ctrl Pts',(0.224999999999999,-0.0618148312477858,
0.190246488484577));
#2721=CARTESIAN_POINT('Ctrl Pts',(0.221153846153845,-3.86372412027276E-17,
0.210331344676296));
#2722=CARTESIAN_POINT('Ctrl Pts',(0.217307692307691,0.0618148312477858,
0.190246488484577));
#2723=CARTESIAN_POINT('Ctrl Pts',(0.213461538461538,0.123629662495572,0.170161632292858));
#2724=CARTESIAN_POINT('Ctrl Pts',(0.209615384615384,0.161833329215542,0.117578796123784));
#2725=CARTESIAN_POINT('Ctrl Pts',(0.20576923076923,0.200036995935513,0.0649959599547101));
#2726=CARTESIAN_POINT('Ctrl Pts',(0.201923076923076,0.200036995935513,0.));
#2727=CARTESIAN_POINT('Ctrl Pts',(0.198076923076922,0.200036995935513,-0.06499595995471));
#2728=CARTESIAN_POINT('Ctrl Pts',(0.194230769230768,0.161833329215542,-0.117578796123784));
#2729=CARTESIAN_POINT('Ctrl Pts',(0.190384615384614,0.123629662495572,-0.170161632292858));
#2730=CARTESIAN_POINT('Ctrl Pts',(0.18653846153846,0.0618148312477858,-0.190246488484577));
#2731=CARTESIAN_POINT('Ctrl Pts',(0.182692307692307,1.28790804009092E-17,
-0.210331344676296));
#2732=CARTESIAN_POINT('Ctrl Pts',(0.178846153846153,-0.0618148312477858,
-0.190246488484577));
#2733=CARTESIAN_POINT('Ctrl Pts',(0.174999999999999,-0.123629662495572,
-0.170161632292858));
#2734=CARTESIAN_POINT('Ctrl Pts',(0.171153846153845,-0.161833329215542,
-0.117578796123784));
#2735=CARTESIAN_POINT('Ctrl Pts',(0.167307692307691,-0.200036995935513,
-0.06499595995471));
#2736=CARTESIAN_POINT('Ctrl Pts',(0.163461538461537,-0.200036995935513,
-2.44974666783478E-17));
#2737=CARTESIAN_POINT('Ctrl Pts',(0.249999999999999,-0.200036995935513,
-2.44974666783478E-17));
#2738=CARTESIAN_POINT('Ctrl Pts',(0.246153846153845,-0.200036995935513,
0.06499595995471));
#2739=CARTESIAN_POINT('Ctrl Pts',(0.242307692307691,-0.161833329215542,
0.117578796123784));
#2740=CARTESIAN_POINT('Ctrl Pts',(0.238461538461537,-0.123629662495572,
0.170161632292858));
#2741=CARTESIAN_POINT('Ctrl Pts',(0.234615384615384,-0.0618148312477858,
0.190246488484577));
#2742=CARTESIAN_POINT('Ctrl Pts',(0.23076923076923,-3.86372412027276E-17,
0.210331344676296));
#2743=CARTESIAN_POINT('Ctrl Pts',(0.226923076923076,0.0618148312477858,
0.190246488484577));
#2744=CARTESIAN_POINT('Ctrl Pts',(0.223076923076922,0.123629662495572,0.170161632292858));
#2745=CARTESIAN_POINT('Ctrl Pts',(0.219230769230768,0.161833329215542,0.117578796123784));
#2746=CARTESIAN_POINT('Ctrl Pts',(0.215384615384614,0.200036995935513,0.0649959599547101));
#2747=CARTESIAN_POINT('Ctrl Pts',(0.211538461538461,0.200036995935513,0.));
#2748=CARTESIAN_POINT('Ctrl Pts',(0.207692307692307,0.200036995935513,-0.06499595995471));
#2749=CARTESIAN_POINT('Ctrl Pts',(0.203846153846153,0.161833329215542,-0.117578796123784));
#2750=CARTESIAN_POINT('Ctrl Pts',(0.199999999999999,0.123629662495572,-0.170161632292858));
#2751=CARTESIAN_POINT('Ctrl Pts',(0.196153846153845,0.0618148312477858,
-0.190246488484577));
#2752=CARTESIAN_POINT('Ctrl Pts',(0.192307692307691,1.28790804009092E-17,
-0.210331344676296));
#2753=CARTESIAN_POINT('Ctrl Pts',(0.188461538461537,-0.0618148312477858,
-0.190246488484577));
#2754=CARTESIAN_POINT('Ctrl Pts',(0.184615384615383,-0.123629662495572,
-0.170161632292858));
#2755=CARTESIAN_POINT('Ctrl Pts',(0.18076923076923,-0.161833329215542,-0.117578796123784));
#2756=CARTESIAN_POINT('Ctrl Pts',(0.176923076923076,-0.200036995935513,
-0.06499595995471));
#2757=CARTESIAN_POINT('Ctrl Pts',(0.173076923076922,-0.200036995935513,
-2.44974666783478E-17));
#2758=CARTESIAN_POINT('Origin',(1.28365384615385,6.55643518479423E-16,1.37026910081256E-16));
#2759=CARTESIAN_POINT('',(0.0865384615384605,-0.200036995935513,-2.44974666783478E-17));
#2760=CARTESIAN_POINT('',(0.096153846153845,-0.200036995935513,1.37026910081257E-16));
#2761=CARTESIAN_POINT('',(1.28365384615385,-0.200036995935512,2.9855128684086E-16));
#2762=CARTESIAN_POINT('Ctrl Pts',(0.163461538461537,-0.200036995935513,
-2.44974666783478E-17));
#2763=CARTESIAN_POINT('Ctrl Pts',(0.159615384615384,-0.200036995935513,
0.06499595995471));
#2764=CARTESIAN_POINT('Ctrl Pts',(0.15576923076923,-0.161833329215542,0.117578796123784));
#2765=CARTESIAN_POINT('Ctrl Pts',(0.151923076923076,-0.123629662495572,
0.170161632292858));
#2766=CARTESIAN_POINT('Ctrl Pts',(0.148076923076922,-0.0618148312477858,
0.190246488484577));
#2767=CARTESIAN_POINT('Ctrl Pts',(0.144230769230768,-3.86372412027276E-17,
0.210331344676296));
#2768=CARTESIAN_POINT('Ctrl Pts',(0.140384615384614,0.0618148312477858,
0.190246488484577));
#2769=CARTESIAN_POINT('Ctrl Pts',(0.13653846153846,0.123629662495572,0.170161632292858));
#2770=CARTESIAN_POINT('Ctrl Pts',(0.132692307692307,0.161833329215542,0.117578796123784));
#2771=CARTESIAN_POINT('Ctrl Pts',(0.128846153846153,0.200036995935513,0.0649959599547101));
#2772=CARTESIAN_POINT('Ctrl Pts',(0.124999999999999,0.200036995935513,0.));
#2773=CARTESIAN_POINT('Ctrl Pts',(0.121153846153845,0.200036995935513,-0.06499595995471));
#2774=CARTESIAN_POINT('Ctrl Pts',(0.117307692307691,0.161833329215542,-0.117578796123784));
#2775=CARTESIAN_POINT('Ctrl Pts',(0.113461538461537,0.123629662495572,-0.170161632292858));
#2776=CARTESIAN_POINT('Ctrl Pts',(0.109615384615383,0.0618148312477858,
-0.190246488484577));
#2777=CARTESIAN_POINT('Ctrl Pts',(0.10576923076923,1.28790804009092E-17,
-0.210331344676296));
#2778=CARTESIAN_POINT('Ctrl Pts',(0.101923076923076,-0.0618148312477858,
-0.190246488484577));
#2779=CARTESIAN_POINT('Ctrl Pts',(0.098076923076922,-0.123629662495572,
-0.170161632292858));
#2780=CARTESIAN_POINT('Ctrl Pts',(0.0942307692307681,-0.161833329215542,
-0.117578796123784));
#2781=CARTESIAN_POINT('Ctrl Pts',(0.0903846153846144,-0.200036995935512,
-0.0649959599547114));
#2782=CARTESIAN_POINT('Ctrl Pts',(0.0865384615384605,-0.200036995935513,
-2.44974666783478E-17));
#2783=CARTESIAN_POINT('Ctrl Pts',(0.173076923076922,-0.200036995935513,
-2.44974666783478E-17));
#2784=CARTESIAN_POINT('Ctrl Pts',(0.169230769230768,-0.200036995935513,
0.06499595995471));
#2785=CARTESIAN_POINT('Ctrl Pts',(0.165384615384614,-0.161833329215542,
0.117578796123784));
#2786=CARTESIAN_POINT('Ctrl Pts',(0.16153846153846,-0.123629662495572,0.170161632292858));
#2787=CARTESIAN_POINT('Ctrl Pts',(0.157692307692307,-0.0618148312477858,
0.190246488484577));
#2788=CARTESIAN_POINT('Ctrl Pts',(0.153846153846153,-3.86372412027276E-17,
0.210331344676296));
#2789=CARTESIAN_POINT('Ctrl Pts',(0.149999999999999,0.0618148312477858,
0.190246488484577));
#2790=CARTESIAN_POINT('Ctrl Pts',(0.146153846153845,0.123629662495572,0.170161632292858));
#2791=CARTESIAN_POINT('Ctrl Pts',(0.142307692307691,0.161833329215542,0.117578796123784));
#2792=CARTESIAN_POINT('Ctrl Pts',(0.138461538461537,0.200036995935513,0.0649959599547101));
#2793=CARTESIAN_POINT('Ctrl Pts',(0.134615384615383,0.200036995935513,0.));
#2794=CARTESIAN_POINT('Ctrl Pts',(0.13076923076923,0.200036995935513,-0.06499595995471));
#2795=CARTESIAN_POINT('Ctrl Pts',(0.126923076923076,0.161833329215542,-0.117578796123784));
#2796=CARTESIAN_POINT('Ctrl Pts',(0.123076923076922,0.123629662495572,-0.170161632292858));
#2797=CARTESIAN_POINT('Ctrl Pts',(0.119230769230768,0.0618148312477858,
-0.190246488484577));
#2798=CARTESIAN_POINT('Ctrl Pts',(0.115384615384614,1.28790804009092E-17,
-0.210331344676296));
#2799=CARTESIAN_POINT('Ctrl Pts',(0.11153846153846,-0.0618148312477858,
-0.190246488484577));
#2800=CARTESIAN_POINT('Ctrl Pts',(0.107692307692307,-0.123629662495572,
-0.170161632292858));
#2801=CARTESIAN_POINT('Ctrl Pts',(0.103846153846153,-0.161833329215542,
-0.117578796123784));
#2802=CARTESIAN_POINT('Ctrl Pts',(0.0999999999999988,-0.200036995935513,
-0.06499595995471));
#2803=CARTESIAN_POINT('Ctrl Pts',(0.096153846153845,-0.200036995935513,
-2.44974666783478E-17));
#2804=CARTESIAN_POINT('Origin',(1.25,0.,0.));
#2805=CARTESIAN_POINT('',(1.14423076923077,-5.35539569006416E-17,-0.25));
#2806=CARTESIAN_POINT('',(1.15384615384615,-3.7162868938656E-17,-0.25));
#2807=CARTESIAN_POINT('',(1.25,-3.06161699786838E-17,-0.25));
#2808=CARTESIAN_POINT('',(1.19230769230769,-0.17643170233999,0.177121016283819));
#2809=CARTESIAN_POINT('Ctrl Pts',(1.14423076923077,-1.50251639651534E-17,
-0.25));
#2810=CARTESIAN_POINT('Ctrl Pts',(1.14455658680489,0.00654440588547285,
-0.25));
#2811=CARTESIAN_POINT('Ctrl Pts',(1.14488278983608,0.0130965541020801,-0.249743030446434));
#2812=CARTESIAN_POINT('Ctrl Pts',(1.14680875924497,0.0517817771716375,-0.246694279603403));
#2813=CARTESIAN_POINT('Ctrl Pts',(1.14830761947142,0.0831301422435463,-0.237968125177343));
#2814=CARTESIAN_POINT('Ctrl Pts',(1.15149732846338,0.141194290948665,-0.208886168063486));
#2815=CARTESIAN_POINT('Ctrl Pts',(1.15314012818358,0.167276895992759,-0.188647184032194));
#2816=CARTESIAN_POINT('Ctrl Pts',(1.15631055488366,0.210143627026109,-0.139306700546096));
#2817=CARTESIAN_POINT('Ctrl Pts',(1.1578592868856,0.226526308774824,-0.110691257595623));
#2818=CARTESIAN_POINT('Ctrl Pts',(1.1610917678334,0.247235898533811,-0.0491509239127679));
#2819=CARTESIAN_POINT('Ctrl Pts',(1.16263998143763,0.251509482860536,-0.016860643099525));
#2820=CARTESIAN_POINT('Ctrl Pts',(1.16578552588667,0.247503450015892,0.0482709254718735));
#2821=CARTESIAN_POINT('Ctrl Pts',(1.16744117770677,0.238982474221577,0.0804692952248508));
#2822=CARTESIAN_POINT('Ctrl Pts',(1.17066104146901,0.210215369375773,0.139125111366725));
#2823=CARTESIAN_POINT('Ctrl Pts',(1.17216049042112,0.190470931277447,0.165127541814897));
#2824=CARTESIAN_POINT('Ctrl Pts',(1.17537270201475,0.142060723054253,0.208265978726587));
#2825=CARTESIAN_POINT('Ctrl Pts',(1.17699859294035,0.113814819862448,0.224949622138322));
#2826=CARTESIAN_POINT('Ctrl Pts',(1.18012460294841,0.0520364692905585,0.246742664006784));
#2827=CARTESIAN_POINT('Ctrl Pts',(1.18174470190661,0.0190337089637297,0.251451334532459));
#2828=CARTESIAN_POINT('Ctrl Pts',(1.18489025332634,-0.0441481659856698,
0.247925113018059));
#2829=CARTESIAN_POINT('Ctrl Pts',(1.18631185520984,-0.0738089502329177,
0.240765792514718));
#2830=CARTESIAN_POINT('Ctrl Pts',(1.18927251104535,-0.129383919575839,0.216085098023817));
#2831=CARTESIAN_POINT('Ctrl Pts',(1.1908053092047,-0.154791899104954,0.198676602420147));
#2832=CARTESIAN_POINT('Ctrl Pts',(1.19230769230769,-0.17643170233999,0.177121016283819));
#2833=CARTESIAN_POINT('',(1.19230769230769,-3.94116376799533E-15,0.25));
#2834=CARTESIAN_POINT('Origin',(1.19230769230769,0.,0.));
#2835=CARTESIAN_POINT('Ctrl Pts',(1.19230769230769,-2.08166817117217E-14,
0.25));
#2836=CARTESIAN_POINT('Ctrl Pts',(1.19065138050341,0.0332688522078702,0.250000000000003));
#2837=CARTESIAN_POINT('Ctrl Pts',(1.18907031049569,0.0662048445075573,0.243359204962964));
#2838=CARTESIAN_POINT('Ctrl Pts',(1.18587331362117,0.127009842653974,0.217800658137511));
#2839=CARTESIAN_POINT('Ctrl Pts',(1.18423123897424,0.154370108231896,0.19934500054797));
#2840=CARTESIAN_POINT('Ctrl Pts',(1.18104015757426,0.200121024968214,0.153268434926091));
#2841=CARTESIAN_POINT('Ctrl Pts',(1.1795420134003,0.218199418350092,0.126208651629602));
#2842=CARTESIAN_POINT('Ctrl Pts',(1.17629560755318,0.2434445578631,0.0658479165813437));
#2843=CARTESIAN_POINT('Ctrl Pts',(1.17463942736731,0.250024412703234,0.0329918150925897));
#2844=CARTESIAN_POINT('Ctrl Pts',(1.17153275914049,0.249976009140598,-0.0326046079124845));
#2845=CARTESIAN_POINT('Ctrl Pts',(1.16991517799859,0.243645960013732,-0.0647108085349729));
#2846=CARTESIAN_POINT('Ctrl Pts',(1.16669638419417,0.219084576357349,-0.12471054905414));
#2847=CARTESIAN_POINT('Ctrl Pts',(1.16518861469295,0.201086267674989,-0.152036563257325));
#2848=CARTESIAN_POINT('Ctrl Pts',(1.16198147985465,0.155320205774123,-0.198640869827535));
#2849=CARTESIAN_POINT('Ctrl Pts',(1.16032824866705,0.127857273295702,-0.217336465686139));
#2850=CARTESIAN_POINT('Ctrl Pts',(1.15716855692536,0.0678794523617384,-0.242758713788732));
#2851=CARTESIAN_POINT('Ctrl Pts',(1.15564044993516,0.0360404189888885,-0.24948050684436));
#2852=CARTESIAN_POINT('Ctrl Pts',(1.15397238791242,0.00253555066358544,
-0.249990359842766));
#2853=CARTESIAN_POINT('Ctrl Pts',(1.15390925990851,0.00126755497146866,
-0.25));
#2854=CARTESIAN_POINT('Ctrl Pts',(1.15384615384615,1.12015124968363E-17,
-0.25));
#2855=CARTESIAN_POINT('Origin',(1.25,0.,0.));
#2856=CARTESIAN_POINT('',(1.06730769230769,-1.25947928732745E-16,-0.25));
#2857=CARTESIAN_POINT('',(1.07692307692308,-1.79218964609198E-16,-0.25));
#2858=CARTESIAN_POINT('',(1.25,-3.06161699786838E-17,-0.25));
#2859=CARTESIAN_POINT('Ctrl Pts',(1.06730769230769,-5.35442206758196E-16,
-0.25));
#2860=CARTESIAN_POINT('Ctrl Pts',(1.06781423470617,0.0101744636175945,-0.25));
#2861=CARTESIAN_POINT('Ctrl Pts',(1.0683213440138,0.020360314231606,-0.249378899347574));
#2862=CARTESIAN_POINT('Ctrl Pts',(1.0704223571788,0.0625614845021223,-0.244191514444163));
#2863=CARTESIAN_POINT('Ctrl Pts',(1.07191840812196,0.0935557737633413,-0.2340742426975));
#2864=CARTESIAN_POINT('Ctrl Pts',(1.07512449127096,0.15020295570764,-0.202482451905715));
#2865=CARTESIAN_POINT('Ctrl Pts',(1.07675631372443,0.175269607584726,-0.181220249195342));
#2866=CARTESIAN_POINT('Ctrl Pts',(1.07989691115541,0.216046283517332,-0.130022393018995));
#2867=CARTESIAN_POINT('Ctrl Pts',(1.0814915937133,0.231261184002609,-0.100500129042502));
#2868=CARTESIAN_POINT('Ctrl Pts',(1.08473177772454,0.249203592399939,-0.0378979966251321));
#2869=CARTESIAN_POINT('Ctrl Pts',(1.08624759567965,0.252009044969716,-0.00549024474050919));
#2870=CARTESIAN_POINT('Ctrl Pts',(1.08941743129094,0.245097123723261,0.0592101674629155));
#2871=CARTESIAN_POINT('Ctrl Pts',(1.09106809201162,0.235208633777247,0.0908587940099875));
#2872=CARTESIAN_POINT('Ctrl Pts',(1.09426457589988,0.203935797753947,0.148206670938229));
#2873=CARTESIAN_POINT('Ctrl Pts',(1.09578196530648,0.182976185992003,0.173420618716233));
#2874=CARTESIAN_POINT('Ctrl Pts',(1.09900548466634,0.132677297143886,0.214345924655734));
#2875=CARTESIAN_POINT('Ctrl Pts',(1.1005991981983,0.103845815182779,0.229702273091707));
#2876=CARTESIAN_POINT('Ctrl Pts',(1.10371778403373,0.041205573781131,0.248796091279881));
#2877=CARTESIAN_POINT('Ctrl Pts',(1.10537525191454,0.00791350049904916,
0.252060659784694));
#2878=CARTESIAN_POINT('Ctrl Pts',(1.1086142907033,-0.0571461715266175,0.245510322793802));
#2879=CARTESIAN_POINT('Ctrl Pts',(1.11010996438367,-0.088320387056408,0.236094323828408));
#2880=CARTESIAN_POINT('Ctrl Pts',(1.11330826220296,-0.14569086047588,0.205764102699316));
#2881=CARTESIAN_POINT('Ctrl Pts',(1.11494600091246,-0.171275274224494,0.185012364676902));
#2882=CARTESIAN_POINT('Ctrl Pts',(1.11810208396675,-0.213113261277493,0.134746095130918));
#2883=CARTESIAN_POINT('Ctrl Pts',(1.11967178599811,-0.228921777672741,0.105681979276719));
#2884=CARTESIAN_POINT('Ctrl Pts',(1.12290826627955,-0.248268804298734,0.043614456946845));
#2885=CARTESIAN_POINT('Ctrl Pts',(1.12443863816129,-0.251818769708895,0.0112648845758856));
#2886=CARTESIAN_POINT('Ctrl Pts',(1.12759661658096,-0.246380753045929,-0.0536640069756487));
#2887=CARTESIAN_POINT('Ctrl Pts',(1.1292502075028,-0.237183525591453,-0.0855991235261711));
#2888=CARTESIAN_POINT('Ctrl Pts',(1.13245900525326,-0.207180135128537,-0.143619534384016));
#2889=CARTESIAN_POINT('Ctrl Pts',(1.13396547660216,-0.186839435632036,-0.169237036152997));
#2890=CARTESIAN_POINT('Ctrl Pts',(1.13718350787399,-0.137499419572666,-0.211294575452393));
#2891=CARTESIAN_POINT('Ctrl Pts',(1.13880219124774,-0.108961703265239,-0.227330272341503));
#2892=CARTESIAN_POINT('Ctrl Pts',(1.14160020291668,-0.0528991671297475,
-0.24578192730711));
#2893=CARTESIAN_POINT('Ctrl Pts',(1.14291079981468,-0.0265130438058238,
-0.25));
#2894=CARTESIAN_POINT('Ctrl Pts',(1.14423076923077,-2.18547839493141E-17,
-0.25));
#2895=CARTESIAN_POINT('Ctrl Pts',(1.15384615384615,5.46369598732853E-18,
-0.25));
#2896=CARTESIAN_POINT('Ctrl Pts',(1.15227815076618,-0.0314950739313437,
-0.25));
#2897=CARTESIAN_POINT('Ctrl Pts',(1.15076927712266,-0.0627203300455973,
-0.244048045970083));
#2898=CARTESIAN_POINT('Ctrl Pts',(1.14767647735565,-0.122354875003176,-0.220439186515474));
#2899=CARTESIAN_POINT('Ctrl Pts',(1.14603952229669,-0.150043507079356,-0.202610435871422));
#2900=CARTESIAN_POINT('Ctrl Pts',(1.14284007365075,-0.196755551059946,-0.157570818512749));
#2901=CARTESIAN_POINT('Ctrl Pts',(1.14134456677423,-0.215429936235884,-0.130886353874769));
#2902=CARTESIAN_POINT('Ctrl Pts',(1.13810684759738,-0.241946554208171,-0.0711222077883945));
#2903=CARTESIAN_POINT('Ctrl Pts',(1.13644941437454,-0.249230136822481,-0.0384841617849779));
#2904=CARTESIAN_POINT('Ctrl Pts',(1.13332869549285,-0.250637795776547,0.026967359114665));
#2905=CARTESIAN_POINT('Ctrl Pts',(1.13173886345979,-0.245048974099931,0.0591428088738141));
#2906=CARTESIAN_POINT('Ctrl Pts',(1.12851462313058,-0.221869548040558,0.119706604042543));
#2907=CARTESIAN_POINT('Ctrl Pts',(1.12699534864552,-0.204450122033089,0.147498966528549));
#2908=CARTESIAN_POINT('Ctrl Pts',(1.12380071638494,-0.1597229296178,0.195105909660566));
#2909=CARTESIAN_POINT('Ctrl Pts',(1.12215054569294,-0.132750125143231,0.214371523988465));
#2910=CARTESIAN_POINT('Ctrl Pts',(1.11897908156538,-0.0734507771107544,
0.241129902044476));
#2911=CARTESIAN_POINT('Ctrl Pts',(1.11746504041709,-0.0417876348863019,
0.248580818026094));
#2912=CARTESIAN_POINT('Ctrl Pts',(1.1142243580996,0.0233050492296505,0.251077928790264));
#2913=CARTESIAN_POINT('Ctrl Pts',(1.11262579909122,0.0561200245241832,0.245832431917115));
#2914=CARTESIAN_POINT('Ctrl Pts',(1.10948749158786,0.117491416237619,0.22305902280129));
#2915=CARTESIAN_POINT('Ctrl Pts',(1.10785657883946,0.145504394923464,0.205883177959035));
#2916=CARTESIAN_POINT('Ctrl Pts',(1.10464946072862,0.193193495636899,0.161926278862355));
#2917=CARTESIAN_POINT('Ctrl Pts',(1.10315305900727,0.212480725890001,0.135631086276641));
#2918=CARTESIAN_POINT('Ctrl Pts',(1.09992524829927,0.240291161009269,0.0764965915495882));
#2919=CARTESIAN_POINT('Ctrl Pts',(1.09826853126256,0.248287037357847,0.044105109503533));
#2920=CARTESIAN_POINT('Ctrl Pts',(1.09513319808029,0.251187223472037,-0.0211701107414551));
#2921=CARTESIAN_POINT('Ctrl Pts',(1.09356872291167,0.246354340596123,-0.0534126882611451));
#2922=CARTESIAN_POINT('Ctrl Pts',(1.09033959537191,0.224593400661509,-0.114540594323341));
#2923=CARTESIAN_POINT('Ctrl Pts',(1.08880477526485,0.20776878703644,-0.14280715677437));
#2924=CARTESIAN_POINT('Ctrl Pts',(1.08562375552389,0.164109258071821,-0.191418438446649));
#2925=CARTESIAN_POINT('Ctrl Pts',(1.08397752692434,0.137645498998669,-0.211249982419699));
#2926=CARTESIAN_POINT('Ctrl Pts',(1.08079515744639,0.0790519008012218,-0.239352405118205));
#2927=CARTESIAN_POINT('Ctrl Pts',(1.07929135114547,0.0475694038339048,-0.247539689421799));
#2928=CARTESIAN_POINT('Ctrl Pts',(1.07743421497763,0.0102667724463932,-0.249842059038838));
#2929=CARTESIAN_POINT('Ctrl Pts',(1.07717851160817,0.00513068781200062,
-0.25));
#2930=CARTESIAN_POINT('Ctrl Pts',(1.07692307692308,-5.10855574815217E-16,
-0.25));
#2931=CARTESIAN_POINT('Origin',(1.25,0.,0.));
#2932=CARTESIAN_POINT('',(0.990384615384615,1.92995324527558E-16,-0.25));
#2933=CARTESIAN_POINT('',(0.999999999999999,8.98680627667322E-17,-0.25));
#2934=CARTESIAN_POINT('',(1.25,-3.06161699786838E-17,-0.25));
#2935=CARTESIAN_POINT('Ctrl Pts',(0.990384615384615,6.41984278511102E-16,
-0.25));
#2936=CARTESIAN_POINT('Ctrl Pts',(0.991069623743756,0.0137591495771303,
-0.25));
#2937=CARTESIAN_POINT('Ctrl Pts',(0.991755062643016,0.0275269470281162,
-0.248864135155733));
#2938=CARTESIAN_POINT('Ctrl Pts',(0.994025599318685,0.0731331842717674,
-0.241251291976136));
#2939=CARTESIAN_POINT('Ctrl Pts',(0.995533042942787,0.103762485794863,-0.229747610052328));
#2940=CARTESIAN_POINT('Ctrl Pts',(0.998751651055666,0.158926733499137,-0.19568672577601));
#2941=CARTESIAN_POINT('Ctrl Pts',(1.00036950469762,0.18293831489541,-0.173449692653778));
#2942=CARTESIAN_POINT('Ctrl Pts',(1.00347679101661,0.221572289549056,-0.120440985893067));
#2943=CARTESIAN_POINT('Ctrl Pts',(1.00513178054974,0.235582964599723,-0.09000835385459));
#2944=CARTESIAN_POINT('Ctrl Pts',(1.00837809397512,0.250688983419269,-0.0263551707173585));
#2945=CARTESIAN_POINT('Ctrl Pts',(1.00987640670303,0.251995299948787,0.0061610413860455));
#2946=CARTESIAN_POINT('Ctrl Pts',(1.01306715232738,0.242117909862696,0.0703395292360125));
#2947=CARTESIAN_POINT('Ctrl Pts',(1.01470940704658,0.23085518263882,0.10136410612019));
#2948=CARTESIAN_POINT('Ctrl Pts',(1.01787822506152,0.197037803833114,0.157300913815357));
#2949=CARTESIAN_POINT('Ctrl Pts',(1.01942919306402,0.174816037863296,0.18167788777285));
#2950=CARTESIAN_POINT('Ctrl Pts',(1.02266215223348,0.122581224032636,0.220261203670597));
#2951=CARTESIAN_POINT('Ctrl Pts',(1.02420813602291,0.0931597112938147,0.23422709258243));
#2952=CARTESIAN_POINT('Ctrl Pts',(1.02735515119456,0.0299484352700965,0.250380883788331));
#2953=CARTESIAN_POINT('Ctrl Pts',(1.02901060588448,-0.00330320084920637,
0.252143768534771));
#2954=CARTESIAN_POINT('Ctrl Pts',(1.03222924563159,-0.0679531355898954,
0.242753112083797));
#2955=CARTESIAN_POINT('Ctrl Pts',(1.03372932240343,-0.0987636871498032,
0.231931923093439));
#2956=CARTESIAN_POINT('Ctrl Pts',(1.03694224612604,-0.154666675745661,0.199082078377155));
#2957=CARTESIAN_POINT('Ctrl Pts',(1.03856735143826,-0.179202672969318,0.177319033854822));
#2958=CARTESIAN_POINT('Ctrl Pts',(1.04169148421734,-0.218898686593861,0.125196412299474));
#2959=CARTESIAN_POINT('Ctrl Pts',(1.04331497257211,-0.233507350348053,0.0952125615326058));
#2960=CARTESIAN_POINT('Ctrl Pts',(1.04655847763943,-0.250019654619172,0.0320756201421876));
#2961=CARTESIAN_POINT('Ctrl Pts',(1.04806348615679,-0.252068547086295,-0.000388326890318594));
#2962=CARTESIAN_POINT('Ctrl Pts',(1.05124437654445,-0.243659314221632,-0.0648357075054397));
#2963=CARTESIAN_POINT('Ctrl Pts',(1.05289121386904,-0.233074027923416,-0.0961771819081691));
#2964=CARTESIAN_POINT('Ctrl Pts',(1.05607421619978,-0.200514795695729,-0.152822355840006));
#2965=CARTESIAN_POINT('Ctrl Pts',(1.05760659936045,-0.178920801581316,-0.177618097597071));
#2966=CARTESIAN_POINT('Ctrl Pts',(1.06083505766298,-0.127647232895379,-0.217370647958009));
#2967=CARTESIAN_POINT('Ctrl Pts',(1.0624028977749,-0.0985182161958011,-0.232029688052744));
#2968=CARTESIAN_POINT('Ctrl Pts',(1.06504638051775,-0.0454209452236743,
-0.246897454950891));
#2969=CARTESIAN_POINT('Ctrl Pts',(1.06617562061985,-0.022738910375579,-0.25));
#2970=CARTESIAN_POINT('Ctrl Pts',(1.06730769230769,-4.37095678986282E-16,
-0.25));
#2971=CARTESIAN_POINT('Ctrl Pts',(1.07692307692308,-5.40905902745524E-16,
-0.25));
#2972=CARTESIAN_POINT('Ctrl Pts',(1.07553724177245,-0.0278360298415533,
-0.25));
#2973=CARTESIAN_POINT('Ctrl Pts',(1.07417456554462,-0.0555139647824818,
-0.245350407181605));
#2974=CARTESIAN_POINT('Ctrl Pts',(1.07129783718773,-0.112568054086217,-0.225573560296445));
#2975=CARTESIAN_POINT('Ctrl Pts',(1.06967373577914,-0.140890603596742,-0.209056563801831));
#2976=CARTESIAN_POINT('Ctrl Pts',(1.0664599319351,-0.189542035251912,-0.16619573124814));
#2977=CARTESIAN_POINT('Ctrl Pts',(1.0649589998467,-0.209440413690356,-0.140292333019461));
#2978=CARTESIAN_POINT('Ctrl Pts',(1.06174191739761,-0.238527935602348,-0.0817993674158817));
#2979=CARTESIAN_POINT('Ctrl Pts',(1.06008672525728,-0.247224445549847,-0.0496677405023738));
#2980=CARTESIAN_POINT('Ctrl Pts',(1.05693787520228,-0.251601297019979,0.0154131554654357));
#2981=CARTESIAN_POINT('Ctrl Pts',(1.05539463073995,-0.247515150005804,0.0477190556258334));
#2982=CARTESIAN_POINT('Ctrl Pts',(1.05216107676332,-0.227158250299594,0.109396647386515));
#2983=CARTESIAN_POINT('Ctrl Pts',(1.05060723156941,-0.21092403182828,0.138128611632107));
#2984=CARTESIAN_POINT('Ctrl Pts',(1.04744045195794,-0.168323470110819,0.187710815535438));
#2985=CARTESIAN_POINT('Ctrl Pts',(1.04579889642179,-0.142369389031935,0.208084180721692));
#2986=CARTESIAN_POINT('Ctrl Pts',(1.04260686503316,-0.0844840032222205,
0.237491546004788));
#2987=CARTESIAN_POINT('Ctrl Pts',(1.04110917382952,-0.0531806810350742,
0.246397178455141));
#2988=CARTESIAN_POINT('Ctrl Pts',(1.03786356382505,0.012010981117254,0.251905869212188));
#2989=CARTESIAN_POINT('Ctrl Pts',(1.03620617737985,0.0453014186751253,0.248090386488723));
#2990=CARTESIAN_POINT('Ctrl Pts',(1.03309899434203,0.107712622290863,0.227921487529671));
#2991=CARTESIAN_POINT('Ctrl Pts',(1.03148384123599,0.136323542980594,0.212053301995592));
#2992=CARTESIAN_POINT('Ctrl Pts',(1.02826420594326,0.185902149466163,0.17026934080524));
#2993=CARTESIAN_POINT('Ctrl Pts',(1.02675540179863,0.206394401469318,0.144750268505279));
#2994=CARTESIAN_POINT('Ctrl Pts',(1.02354954194516,0.23670994805843,0.0868933310601266));
#2995=CARTESIAN_POINT('Ctrl Pts',(1.02189659462689,0.24607746745422,0.0550271384815411));
#2996=CARTESIAN_POINT('Ctrl Pts',(1.01873561429486,0.251877583085412,-0.00984749971281338));
#2997=CARTESIAN_POINT('Ctrl Pts',(1.01720917680861,0.248510532645401,-0.0422116304409658));
#2998=CARTESIAN_POINT('Ctrl Pts',(1.0139717474128,0.229508345277766,-0.1044112429247));
#2999=CARTESIAN_POINT('Ctrl Pts',(1.01239622394711,0.213845399322722,-0.133588258346617));
#3000=CARTESIAN_POINT('Ctrl Pts',(1.00924387807704,0.172267919867388,-0.184085376829416));
#3001=CARTESIAN_POINT('Ctrl Pts',(1.00760752739609,0.146810256868008,-0.204964139854872));
#3002=CARTESIAN_POINT('Ctrl Pts',(1.00440721874979,0.0896166105834517,-0.235606457686441));
#3003=CARTESIAN_POINT('Ctrl Pts',(1.00291179044961,0.0584865276442942,-0.245195540444652));
#3004=CARTESIAN_POINT('Ctrl Pts',(1.00087673629476,0.0176102169533667,-0.249535384896792));
#3005=CARTESIAN_POINT('Ctrl Pts',(1.00043810812291,0.00879988559791215,
-0.25));
#3006=CARTESIAN_POINT('Ctrl Pts',(0.999999999999999,5.7641992666316E-16,
-0.25));
#3007=CARTESIAN_POINT('Origin',(1.25,0.,0.));
#3008=CARTESIAN_POINT('',(0.913461538461538,-5.15050709053934E-17,-0.25));
#3009=CARTESIAN_POINT('',(0.923076923076922,-2.4478331645714E-16,-0.25));
#3010=CARTESIAN_POINT('',(1.25,-3.06161699786838E-17,-0.25));
#3011=CARTESIAN_POINT('Ctrl Pts',(0.913461538461538,-3.66067631151011E-16,
-0.25));
#3012=CARTESIAN_POINT('Ctrl Pts',(0.914331176202709,0.0174676346631702,
-0.25));
#3013=CARTESIAN_POINT('Ctrl Pts',(0.915200504704517,0.0349290579121021,
-0.248169270728585));
#3014=CARTESIAN_POINT('Ctrl Pts',(0.91764156281334,0.0839604065045046,-0.237722909332751));
#3015=CARTESIAN_POINT('Ctrl Pts',(0.919175778783558,0.114193586371021,-0.224769539012668));
#3016=CARTESIAN_POINT('Ctrl Pts',(0.922404743091854,0.16775714326628,-0.188151595527861));
#3017=CARTESIAN_POINT('Ctrl Pts',(0.923970035571429,0.190638674579469,-0.164924806694873));
#3018=CARTESIAN_POINT('Ctrl Pts',(0.92710487586793,0.226706041553314,-0.110436666418877));
#3019=CARTESIAN_POINT('Ctrl Pts',(0.928761631739833,0.239301696066379,-0.0795389227061211));
#3020=CARTESIAN_POINT('Ctrl Pts',(0.931989803192585,0.251610447395788,-0.0153600067410401));
#3021=CARTESIAN_POINT('Ctrl Pts',(0.933486112033595,0.251488039898049,0.0172484667252127));
#3022=CARTESIAN_POINT('Ctrl Pts',(0.936692978223346,0.238793840812647,0.0808521806496457));
#3023=CARTESIAN_POINT('Ctrl Pts',(0.938324115487473,0.226249050709188,0.111225391844262));
#3024=CARTESIAN_POINT('Ctrl Pts',(0.941462986191224,0.190026896724086,0.165748360087015));
#3025=CARTESIAN_POINT('Ctrl Pts',(0.943060587705818,0.166584072903648,0.18929525194092));
#3026=CARTESIAN_POINT('Ctrl Pts',(0.946301148594957,0.112488377382162,0.225577053858741));
#3027=CARTESIAN_POINT('Ctrl Pts',(0.947815618217602,0.082502845339546,0.238184673476826));
#3028=CARTESIAN_POINT('Ctrl Pts',(0.950986684653681,0.018808473101915,0.251444146021278));
#3029=CARTESIAN_POINT('Ctrl Pts',(0.952636977161172,-0.0143394748808847,
0.251738513820809));
#3030=CARTESIAN_POINT('Ctrl Pts',(0.955832065539651,-0.0785163543670663,
0.239563746960504));
#3031=CARTESIAN_POINT('Ctrl Pts',(0.957350870194839,-0.10895184035219,0.227343512769834));
#3032=CARTESIAN_POINT('Ctrl Pts',(0.960574934258944,-0.163331002114113,
0.192015606781585));
#3033=CARTESIAN_POINT('Ctrl Pts',(0.962165712200591,-0.186784466861883,
0.169287442172068));
#3034=CARTESIAN_POINT('Ctrl Pts',(0.965285909085257,-0.224162182117226,
0.115534325501792));
#3035=CARTESIAN_POINT('Ctrl Pts',(0.966943352324145,-0.237478609351092,
0.084856258002841));
#3036=CARTESIAN_POINT('Ctrl Pts',(0.970181397215371,-0.251203505080337,
0.0209289503950576));
#3037=CARTESIAN_POINT('Ctrl Pts',(0.971676938408627,-0.251805249394075,
-0.0116341545588892));
#3038=CARTESIAN_POINT('Ctrl Pts',(0.974876106098173,-0.240537140300683,
-0.0755386425776845));
#3039=CARTESIAN_POINT('Ctrl Pts',(0.97651325508078,-0.228638394544727,-0.106248732478692));
#3040=CARTESIAN_POINT('Ctrl Pts',(0.979667741515156,-0.193632211370441,
-0.161496594387262));
#3041=CARTESIAN_POINT('Ctrl Pts',(0.981239913631315,-0.170810363817673,
-0.185468328167887));
#3042=CARTESIAN_POINT('Ctrl Pts',(0.984476803870479,-0.117659619129298,
-0.222925307960045));
#3043=CARTESIAN_POINT('Ctrl Pts',(0.986005460609506,-0.0879601610229578,
-0.236225454200996));
#3044=CARTESIAN_POINT('Ctrl Pts',(0.988494340531361,-0.0379682584901964,
-0.247835685001242));
#3045=CARTESIAN_POINT('Ctrl Pts',(0.989439067792917,-0.0189923678636144,
-0.25));
#3046=CARTESIAN_POINT('Ctrl Pts',(0.990384615384615,4.20704591024296E-16,
-0.25));
#3047=CARTESIAN_POINT('Ctrl Pts',(0.999999999999999,5.1905111879621E-16,
-0.25));
#3048=CARTESIAN_POINT('Ctrl Pts',(0.998796170888398,-0.024180237497519,
-0.25));
#3049=CARTESIAN_POINT('Ctrl Pts',(0.997596268328247,-0.0482816058717619,
-0.246491631236002));
#3050=CARTESIAN_POINT('Ctrl Pts',(0.994895364928532,-0.10253223416576,-0.230289565041565));
#3051=CARTESIAN_POINT('Ctrl Pts',(0.993308421349822,-0.13143773745245,-0.215105960993419));
#3052=CARTESIAN_POINT('Ctrl Pts',(0.990083640425263,-0.181978795258139,
-0.174470861181066));
#3053=CARTESIAN_POINT('Ctrl Pts',(0.988562888163512,-0.203095818076678,
-0.149360239008517));
#3054=CARTESIAN_POINT('Ctrl Pts',(0.98536966888337,-0.234689252319693,-0.0921854785626259));
#3055=CARTESIAN_POINT('Ctrl Pts',(0.983719880057691,-0.244751766271941,
-0.0606118100736047));
#3056=CARTESIAN_POINT('Ctrl Pts',(0.980547198080317,-0.252036495982774,
0.00402758394318813));
#3057=CARTESIAN_POINT('Ctrl Pts',(0.979034446740653,-0.249419373683197,
0.0364496005471706));
#3058=CARTESIAN_POINT('Ctrl Pts',(0.975793393649995,-0.231832703858492,
0.0991856741999118));
#3059=CARTESIAN_POINT('Ctrl Pts',(0.974191857997128,-0.216768428973454,
0.128823230128079));
#3060=CARTESIAN_POINT('Ctrl Pts',(0.971055291571489,-0.176260588199964,
0.180253356537258));
#3061=CARTESIAN_POINT('Ctrl Pts',(0.969425076045497,-0.15132564098538,0.201641922399015));
#3062=CARTESIAN_POINT('Ctrl Pts',(0.966217189829474,-0.0948628703584589,
0.233549148941996));
#3063=CARTESIAN_POINT('Ctrl Pts',(0.964720474123864,-0.0639142377383114,
0.243842460001596));
#3064=CARTESIAN_POINT('Ctrl Pts',(0.96149378050116,0.000897467990373263,
0.252171049064415));
#3065=CARTESIAN_POINT('Ctrl Pts',(0.95983718926098,0.0341719329770295,0.249846874333149));
#3066=CARTESIAN_POINT('Ctrl Pts',(0.956700346874927,0.0971788773648238,
0.232592252481812));
#3067=CARTESIAN_POINT('Ctrl Pts',(0.955138356553776,0.126381611748726,0.218107191317483));
#3068=CARTESIAN_POINT('Ctrl Pts',(0.951908729949704,0.177897169498673,0.178647786518775));
#3069=CARTESIAN_POINT('Ctrl Pts',(0.950372022919128,0.199649005697825,0.153956860644653));
#3070=CARTESIAN_POINT('Ctrl Pts',(0.947192508535094,0.232525969363083,0.0974885885829722));
#3071=CARTESIAN_POINT('Ctrl Pts',(0.945546749399097,0.243282731947709,0.0662256013092643));
#3072=CARTESIAN_POINT('Ctrl Pts',(0.942363279984777,0.252062380206347,0.00184410747509906));
#3073=CARTESIAN_POINT('Ctrl Pts',(0.940860325724891,0.250200748559867,-0.0306332913384531));
#3074=CARTESIAN_POINT('Ctrl Pts',(0.937616069566685,0.234042837362355,-0.0939012448930928));
#3075=CARTESIAN_POINT('Ctrl Pts',(0.935984933696906,0.219584697099289,-0.123998682557324));
#3076=CARTESIAN_POINT('Ctrl Pts',(0.932864986226272,0.180156409961082,-0.176346775461972));
#3077=CARTESIAN_POINT('Ctrl Pts',(0.931241649395152,0.155752358422696,-0.198230994180274));
#3078=CARTESIAN_POINT('Ctrl Pts',(0.928027196896323,0.10003491754456,-0.231388465559814));
#3079=CARTESIAN_POINT('Ctrl Pts',(0.926525575025882,0.0692699838943392,
-0.242382546745734));
#3080=CARTESIAN_POINT('Ctrl Pts',(0.924316687052041,0.0249020289261695,
-0.249070655818191));
#3081=CARTESIAN_POINT('Ctrl Pts',(0.923696538378836,0.0124456577873,-0.25));
#3082=CARTESIAN_POINT('Ctrl Pts',(0.923076923076922,-4.83537094878575E-16,
-0.25));
#3083=CARTESIAN_POINT('Origin',(1.25,0.,0.));
#3084=CARTESIAN_POINT('',(0.836538461538461,-4.19621588051653E-16,-0.25));
#3085=CARTESIAN_POINT('',(0.846153846153845,8.876957322914E-16,-0.25));
#3086=CARTESIAN_POINT('',(1.25,-3.06161699786838E-17,-0.25));
#3087=CARTESIAN_POINT('Ctrl Pts',(0.836538461538461,-2.18547839493141E-17,
-0.25));
#3088=CARTESIAN_POINT('Ctrl Pts',(0.837586660752025,0.0210542390813249,
-0.25));
#3089=CARTESIAN_POINT('Ctrl Pts',(0.838633000545333,0.0420711296528139,
-0.24734018917415));
#3090=CARTESIAN_POINT('Ctrl Pts',(0.841232996838305,0.0942949272424116,
-0.233845801305756));
#3091=CARTESIAN_POINT('Ctrl Pts',(0.842807643997197,0.124123975886895,-0.219473775070195));
#3092=CARTESIAN_POINT('Ctrl Pts',(0.846044934254872,0.17608696423248,-0.18036831928042));
#3093=CARTESIAN_POINT('Ctrl Pts',(0.8475719404064,0.197854804159783,-0.156181969958141));
#3094=CARTESIAN_POINT('Ctrl Pts',(0.850732479246282,0.231342980543455,-0.100313052269967));
#3095=CARTESIAN_POINT('Ctrl Pts',(0.852385525132029,0.242521432657706,-0.069033185676651));
#3096=CARTESIAN_POINT('Ctrl Pts',(0.855591824207363,0.252054823368351,-0.00441444018711164));
#3097=CARTESIAN_POINT('Ctrl Pts',(0.857100268129154,0.250502770804418,0.0282745766900212));
#3098=CARTESIAN_POINT('Ctrl Pts',(0.860319711298497,0.235005141963378,0.0912330241150865));
#3099=CARTESIAN_POINT('Ctrl Pts',(0.861935946289029,0.221208575496234,0.120901373419349));
#3100=CARTESIAN_POINT('Ctrl Pts',(0.865042568957906,0.182611240795756,0.173937832151035));
#3101=CARTESIAN_POINT('Ctrl Pts',(0.866699940472969,0.157937177077686,0.196613461982487));
#3102=CARTESIAN_POINT('Ctrl Pts',(0.869945853611311,0.101982544963918,0.230519557038567));
#3103=CARTESIAN_POINT('Ctrl Pts',(0.871443689887335,0.0714324170352654,
0.241737755928379));
#3104=CARTESIAN_POINT('Ctrl Pts',(0.874635408754285,0.00732321791020624,
0.252021033979826));
#3105=CARTESIAN_POINT('Ctrl Pts',(0.876277136655515,-0.0256527004950739,
0.250819138528997));
#3106=CARTESIAN_POINT('Ctrl Pts',(0.879444416224667,-0.0892710093273569,
0.235794199679366));
#3107=CARTESIAN_POINT('Ctrl Pts',(0.880997551249566,-0.119300044722995,
0.222116526980027));
#3108=CARTESIAN_POINT('Ctrl Pts',(0.884230960480266,-0.172050222229332,
0.18422716859989));
#3109=CARTESIAN_POINT('Ctrl Pts',(0.885774868004009,-0.1943643407135,0.16050965425324));
#3110=CARTESIAN_POINT('Ctrl Pts',(0.888923270954632,-0.229121984222843,
0.105309518752294));
#3111=CARTESIAN_POINT('Ctrl Pts',(0.890578528797107,-0.240997584166887,
0.0742094531800327));
#3112=CARTESIAN_POINT('Ctrl Pts',(0.893795993853337,-0.251895004949672,
0.00979808486431686));
#3113=CARTESIAN_POINT('Ctrl Pts',(0.895296710030969,-0.251047457268907,
-0.0228527749628346));
#3114=CARTESIAN_POINT('Ctrl Pts',(0.898510300287204,-0.236929475475438,
-0.0861358846488169));
#3115=CARTESIAN_POINT('Ctrl Pts',(0.900134648789236,-0.223746296686236,
-0.116158293621935));
#3116=CARTESIAN_POINT('Ctrl Pts',(0.903256983798821,-0.18631330412408,-0.169938606334912));
#3117=CARTESIAN_POINT('Ctrl Pts',(0.904883741912975,-0.162244691090904,
-0.19305127183401));
#3118=CARTESIAN_POINT('Ctrl Pts',(0.90812757405517,-0.107199559559347,-0.228138074160867));
#3119=CARTESIAN_POINT('Ctrl Pts',(0.909631667347924,-0.0769271919242128,
-0.240043671631874));
#3120=CARTESIAN_POINT('Ctrl Pts',(0.911954334338195,-0.0302738597268402,
-0.248625675509851));
#3121=CARTESIAN_POINT('Ctrl Pts',(0.912708052474782,-0.0151345983705135,
-0.25));
#3122=CARTESIAN_POINT('Ctrl Pts',(0.913461538461538,-4.20704591024296E-16,
-0.25));
#3123=CARTESIAN_POINT('Ctrl Pts',(0.923076923076922,-2.62257407391769E-16,
-0.25));
#3124=CARTESIAN_POINT('Ctrl Pts',(0.922063130784907,-0.0203631380549334,
-0.25));
#3125=CARTESIAN_POINT('Ctrl Pts',(0.921050766345361,-0.0406975961157607,
-0.247511957367465));
#3126=CARTESIAN_POINT('Ctrl Pts',(0.918504473842611,-0.0918426937557263,
-0.234745597089662));
#3127=CARTESIAN_POINT('Ctrl Pts',(0.916963236118388,-0.121335133456315,
-0.220948936215992));
#3128=CARTESIAN_POINT('Ctrl Pts',(0.913729240921939,-0.173803457743796,
-0.182651616233602));
#3129=CARTESIAN_POINT('Ctrl Pts',(0.912173190324381,-0.196178036647586,
-0.15837736461357));
#3130=CARTESIAN_POINT('Ctrl Pts',(0.909007950615871,-0.230299433383743,
-0.102614911377567));
#3131=CARTESIAN_POINT('Ctrl Pts',(0.907366929499667,-0.241725205828456,
-0.0716693645212578));
#3132=CARTESIAN_POINT('Ctrl Pts',(0.904173946940738,-0.25195792509646,-0.00755908655437416));
#3133=CARTESIAN_POINT('Ctrl Pts',(0.902676672948044,-0.250831500540804,
0.0249693504837644));
#3134=CARTESIAN_POINT('Ctrl Pts',(0.899431998984648,-0.236076771009716,
0.0887020493530308));
#3135=CARTESIAN_POINT('Ctrl Pts',(0.897774573062394,-0.22223753647486,0.119209880739041));
#3136=CARTESIAN_POINT('Ctrl Pts',(0.894665680042996,-0.183909331667388,
0.172415429482262));
#3137=CARTESIAN_POINT('Ctrl Pts',(0.893053812597284,-0.160038131780524,
0.19477677894325));
#3138=CARTESIAN_POINT('Ctrl Pts',(0.889833591739329,-0.105065871366849,
0.229157022622385));
#3139=CARTESIAN_POINT('Ctrl Pts',(0.888323653812873,-0.0744846831131923,
0.240839868826852));
#3140=CARTESIAN_POINT('Ctrl Pts',(0.885119146302846,-0.0101186099651644,
0.251950644059829));
#3141=CARTESIAN_POINT('Ctrl Pts',(0.883466507512061,0.0230764657093731,
0.251095680105405));
#3142=CARTESIAN_POINT('Ctrl Pts',(0.88030418354417,0.0865952358162189,0.236728613701704));
#3143=CARTESIAN_POINT('Ctrl Pts',(0.87877945497659,0.116366765478622,0.223602232556666));
#3144=CARTESIAN_POINT('Ctrl Pts',(0.875541603114096,0.169755373373942,0.186439782287413));
#3145=CARTESIAN_POINT('Ctrl Pts',(0.873963368800344,0.19273335560987,0.162574326303713));
#3146=CARTESIAN_POINT('Ctrl Pts',(0.870812733913155,0.228046635087274,0.107507589862901));
#3147=CARTESIAN_POINT('Ctrl Pts',(0.869177027497248,0.240108986867076,0.0768811254731706));
#3148=CARTESIAN_POINT('Ctrl Pts',(0.8659758272709,0.251736911752859,0.0130506219617012));
#3149=CARTESIAN_POINT('Ctrl Pts',(0.864480437040056,0.251317700231554,-0.0195241947074916));
#3150=CARTESIAN_POINT('Ctrl Pts',(0.861244802459027,0.237950357462228,-0.0835167730927015));
#3151=CARTESIAN_POINT('Ctrl Pts',(0.859587455262452,0.224815724800137,-0.114251880836144));
#3152=CARTESIAN_POINT('Ctrl Pts',(0.856463462978038,0.187768488364207,-0.168192534592679));
#3153=CARTESIAN_POINT('Ctrl Pts',(0.854879502647498,0.164459690532871,-0.191047209750757));
#3154=CARTESIAN_POINT('Ctrl Pts',(0.851654159530844,0.110286435521092,-0.226702230518957));
#3155=CARTESIAN_POINT('Ctrl Pts',(0.850131810395416,0.0799018059879693,
-0.239108193357855));
#3156=CARTESIAN_POINT('Ctrl Pts',(0.847754245374558,0.0321457862040028,
-0.248450086456098));
#3157=CARTESIAN_POINT('Ctrl Pts',(0.846954017063328,0.0160723166132406,
-0.25));
#3158=CARTESIAN_POINT('Ctrl Pts',(0.846153846153845,1.54349411642031E-15,
-0.25));
#3159=CARTESIAN_POINT('Origin',(1.25,0.,0.));
#3160=CARTESIAN_POINT('',(0.759615384615384,6.93792028142502E-17,-0.25));
#3161=CARTESIAN_POINT('',(0.769230769230768,3.28904762212355E-16,-0.25));
#3162=CARTESIAN_POINT('',(1.25,-3.06161699786838E-17,-0.25));
#3163=CARTESIAN_POINT('Ctrl Pts',(0.759615384615384,8.74191357972564E-17,
-0.25));
#3164=CARTESIAN_POINT('Ctrl Pts',(0.760844154484085,0.0246812001542975,
-0.25));
#3165=CARTESIAN_POINT('Ctrl Pts',(0.762068393620349,0.0492713955427996,
-0.246344752928681));
#3166=CARTESIAN_POINT('Ctrl Pts',(0.764821879752439,0.104578206101249,-0.229469310705856));
#3167=CARTESIAN_POINT('Ctrl Pts',(0.766451877309042,0.133974033879183,-0.213644795159406));
#3168=CARTESIAN_POINT('Ctrl Pts',(0.769696024710599,0.184264923315751,-0.172003566759906));
#3169=CARTESIAN_POINT('Ctrl Pts',(0.771199265852079,0.204881892684662,-0.146840832346978));
#3170=CARTESIAN_POINT('Ctrl Pts',(0.774382359610833,0.235671351878278,-0.0896186933589655));
#3171=CARTESIAN_POINT('Ctrl Pts',(0.776028280724334,0.24537209502526,-0.0580091636410747));
#3172=CARTESIAN_POINT('Ctrl Pts',(0.779208312262646,0.252018458439161,0.00699286927096996));
#3173=CARTESIAN_POINT('Ctrl Pts',(0.780744367542859,0.248961714828769,0.0397524968492995));
#3174=CARTESIAN_POINT('Ctrl Pts',(0.783973823570144,0.230532643500036,0.101969930231202));
#3175=CARTESIAN_POINT('Ctrl Pts',(0.785536660799109,0.215445092300571,0.130867893773601));
#3176=CARTESIAN_POINT('Ctrl Pts',(0.788672986963804,0.174653709828916,0.181899548193263));
#3177=CARTESIAN_POINT('Ctrl Pts',(0.790329622409181,0.149115786866884,0.203361024421772));
#3178=CARTESIAN_POINT('Ctrl Pts',(0.793556700265195,0.0918111580316913,
0.234765359292603));
#3179=CARTESIAN_POINT('Ctrl Pts',(0.795053303513787,0.0607327389196673,
0.244654024786908));
#3180=CARTESIAN_POINT('Ctrl Pts',(0.798260927560728,-0.00369593331492239,
0.252082179345454));
#3181=CARTESIAN_POINT('Ctrl Pts',(0.799891383239802,-0.0364454366865115,
0.24946135315821));
#3182=CARTESIAN_POINT('Ctrl Pts',(0.80302854803302,-0.0994588569783491,
0.231714458878699));
#3183=CARTESIAN_POINT('Ctrl Pts',(0.804629057862539,-0.129074639811188,
0.216618584693211));
#3184=CARTESIAN_POINT('Ctrl Pts',(0.807869984309736,-0.18020880873952,0.176248099074721));
#3185=CARTESIAN_POINT('Ctrl Pts',(0.809383173027347,-0.201404565650323,
0.151574492061284));
#3186=CARTESIAN_POINT('Ctrl Pts',(0.812555438421592,-0.233555081019159,
0.0950232797112214));
#3187=CARTESIAN_POINT('Ctrl Pts',(0.814205359382786,-0.244000199851356,
0.0635711364105174));
#3188=CARTESIAN_POINT('Ctrl Pts',(0.817399064770668,-0.252100438920769,
-0.00124729236335506));
#3189=CARTESIAN_POINT('Ctrl Pts',(0.818919304852526,-0.249803884298635,
-0.0339731809492178));
#3190=CARTESIAN_POINT('Ctrl Pts',(0.822143900718861,-0.232854224348874,
-0.0965686586957048));
#3191=CARTESIAN_POINT('Ctrl Pts',(0.823731830923976,-0.218417748963869,
-0.125856926739071));
#3192=CARTESIAN_POINT('Ctrl Pts',(0.826853603708728,-0.178729838447179,
-0.177910054306845));
#3193=CARTESIAN_POINT('Ctrl Pts',(0.828511013636179,-0.153622531198826,
-0.199990688224212));
#3194=CARTESIAN_POINT('Ctrl Pts',(0.831748069633268,-0.0969938531812217,
-0.232666367827817));
#3195=CARTESIAN_POINT('Ctrl Pts',(0.833243520261238,-0.0661825352584091,
-0.243231025493643));
#3196=CARTESIAN_POINT('Ctrl Pts',(0.835400732113476,-0.0228525522758427,
-0.249217414363873));
#3197=CARTESIAN_POINT('Ctrl Pts',(0.83596987039069,-0.0114207812882938,
-0.25));
#3198=CARTESIAN_POINT('Ctrl Pts',(0.836538461538461,1.39324247676877E-16,
-0.25));
#3199=CARTESIAN_POINT('Ctrl Pts',(0.846153846153845,1.40963356473076E-15,
-0.25));
#3200=CARTESIAN_POINT('Ctrl Pts',(0.845328203303809,-0.0165839486764583,
-0.25));
#3201=CARTESIAN_POINT('Ctrl Pts',(0.844502621568242,-0.0331666698012722,
-0.248349831560236));
#3202=CARTESIAN_POINT('Ctrl Pts',(0.842116759803437,-0.0810893388522823,
-0.238669470422223));
#3203=CARTESIAN_POINT('Ctrl Pts',(0.84060531028757,-0.111148088181548,-0.226240309572964));
#3204=CARTESIAN_POINT('Ctrl Pts',(0.837363874285615,-0.165485959909498,
-0.190261929795079));
#3205=CARTESIAN_POINT('Ctrl Pts',(0.835759177885394,-0.18908823067229,-0.166825077049412));
#3206=CARTESIAN_POINT('Ctrl Pts',(0.832624444547195,-0.225620281001164,
-0.112490180483816));
#3207=CARTESIAN_POINT('Ctrl Pts',(0.830994968159555,-0.238328941589667,
-0.0822052913838506));
#3208=CARTESIAN_POINT('Ctrl Pts',(0.827786290459549,-0.251387180695337,
-0.0186816025337087));
#3209=CARTESIAN_POINT('Ctrl Pts',(0.826289200984789,-0.251694770561035,
0.0139379848615179));
#3210=CARTESIAN_POINT('Ctrl Pts',(0.823063686482268,-0.239747107714644,
0.0781781113817815));
#3211=CARTESIAN_POINT('Ctrl Pts',(0.821407236909827,-0.227335532270455,
0.109129197032367));
#3212=CARTESIAN_POINT('Ctrl Pts',(0.818268828898304,-0.191602893824884,
0.163801446557354));
#3213=CARTESIAN_POINT('Ctrl Pts',(0.816709387555283,-0.168866766314661,
0.187154357595587));
#3214=CARTESIAN_POINT('Ctrl Pts',(0.813479244440468,-0.115511237477718,
0.224098909930842));
#3215=CARTESIAN_POINT('Ctrl Pts',(0.811940519936141,-0.0853300356386645,
0.237238180231262));
#3216=CARTESIAN_POINT('Ctrl Pts',(0.808762588515347,-0.0214977725997425,
0.251216358990323));
#3217=CARTESIAN_POINT('Ctrl Pts',(0.807117329641871,0.0115490692835197,
0.25186979562252));
#3218=CARTESIAN_POINT('Ctrl Pts',(0.803932724614862,0.0755153790751676,
0.240491898124696));
#3219=CARTESIAN_POINT('Ctrl Pts',(0.802430611107826,0.105859562298076,0.228763299911122));
#3220=CARTESIAN_POINT('Ctrl Pts',(0.79918602757729,0.161142680529832,0.193978381340884));
#3221=CARTESIAN_POINT('Ctrl Pts',(0.797551398231885,0.185368441524504,0.170975774552844));
#3222=CARTESIAN_POINT('Ctrl Pts',(0.794433340747772,0.223103219191159,0.117383858162348));
#3223=CARTESIAN_POINT('Ctrl Pts',(0.792810809971582,0.236444695382007,0.0874512731032636));
#3224=CARTESIAN_POINT('Ctrl Pts',(0.78959569315548,0.250918123834069,0.0242514144286707));
#3225=CARTESIAN_POINT('Ctrl Pts',(0.788093309542,0.251947096869137,-0.00840956402868546));
#3226=CARTESIAN_POINT('Ctrl Pts',(0.784892827948891,0.24144815532157,-0.0725917190851181));
#3227=CARTESIAN_POINT('Ctrl Pts',(0.783252691554269,0.229909443612701,-0.103481884585654));
#3228=CARTESIAN_POINT('Ctrl Pts',(0.780089968787907,0.195577166583501,-0.159122661395846));
#3229=CARTESIAN_POINT('Ctrl Pts',(0.778530255957778,0.173096329736978,-0.183325297366155));
#3230=CARTESIAN_POINT('Ctrl Pts',(0.775295554346296,0.12046574250625,-0.22142342155055));
#3231=CARTESIAN_POINT('Ctrl Pts',(0.77375748289262,0.090924044261795,-0.23510228944055));
#3232=CARTESIAN_POINT('Ctrl Pts',(0.771224718951121,0.0400506827186813,
-0.24759075824579));
#3233=CARTESIAN_POINT('Ctrl Pts',(0.770228379712432,0.0200381085190358,
-0.25));
#3234=CARTESIAN_POINT('Ctrl Pts',(0.769230769230768,7.64917438225994E-17,
-0.25));
#3235=CARTESIAN_POINT('Origin',(1.25,0.,0.));
#3236=CARTESIAN_POINT('',(0.682692307692307,-1.81950812602862E-16,-0.25));
#3237=CARTESIAN_POINT('',(0.692307692307691,1.74740909346292E-17,-0.25));
#3238=CARTESIAN_POINT('',(1.25,-3.06161699786838E-17,-0.25));
#3239=CARTESIAN_POINT('Ctrl Pts',(0.682692307692307,-1.30582334097152E-15,
-0.25));
#3240=CARTESIAN_POINT('Ctrl Pts',(0.684104027707577,0.0283559559411554,
-0.25));
#3241=CARTESIAN_POINT('Ctrl Pts',(0.685487081922484,0.0565352429423719,
-0.245175157644921));
#3242=CARTESIAN_POINT('Ctrl Pts',(0.688422907016759,0.114530555186314,-0.224674308422526));
#3243=CARTESIAN_POINT('Ctrl Pts',(0.690080272099479,0.143239552289758,-0.207552507762393));
#3244=CARTESIAN_POINT('Ctrl Pts',(0.693316274654481,0.19170582885668,-0.163678245147665));
#3245=CARTESIAN_POINT('Ctrl Pts',(0.694811672776436,0.211213275640352,-0.137588722185697));
#3246=CARTESIAN_POINT('Ctrl Pts',(0.698012569556515,0.239375355533645,-0.0791369000152541));
#3247=CARTESIAN_POINT('Ctrl Pts',(0.699648497312742,0.247645952625168,-0.0472737451851165));
#3248=CARTESIAN_POINT('Ctrl Pts',(0.702799718398502,0.251498024715155,0.0180277375881437));
#3249=CARTESIAN_POINT('Ctrl Pts',(0.704377020781618,0.246964797112597,0.0508405578506913));
#3250=CARTESIAN_POINT('Ctrl Pts',(0.707614728744604,0.225671390034163,0.112301591199572));
#3251=CARTESIAN_POINT('Ctrl Pts',(0.709140036369504,0.209325498034325,0.140435204431536));
#3252=CARTESIAN_POINT('Ctrl Pts',(0.712301902135371,0.16642291569639,0.189433794115041));
#3253=CARTESIAN_POINT('Ctrl Pts',(0.713954647598021,0.140085061150216,0.209661328452033));
#3254=CARTESIAN_POINT('Ctrl Pts',(0.71715961894548,0.0815052427605683,0.238555080318669));
#3255=CARTESIAN_POINT('Ctrl Pts',(0.718669163834275,0.0499075890540355,
0.247104899904623));
#3256=CARTESIAN_POINT('Ctrl Pts',(0.72188918485885,-0.0147700901704366,
0.251658928505585));
#3257=CARTESIAN_POINT('Ctrl Pts',(0.723502171576687,-0.0472321064248218,
0.247626770557517));
#3258=CARTESIAN_POINT('Ctrl Pts',(0.726610480687922,-0.109536013396852,
0.227161979307663));
#3259=CARTESIAN_POINT('Ctrl Pts',(0.728267894167013,-0.138680339115561,
0.21063770325694));
#3260=CARTESIAN_POINT('Ctrl Pts',(0.731512889639537,-0.188114349883399,
0.167788101825722));
#3261=CARTESIAN_POINT('Ctrl Pts',(0.733010301750551,-0.208165678860974,
0.142151088567275));
#3262=CARTESIAN_POINT('Ctrl Pts',(0.736202959940202,-0.237618387268676,
0.0842926142411492));
#3263=CARTESIAN_POINT('Ctrl Pts',(0.73784416498513,-0.246590247442802,0.0525458584210585));
#3264=CARTESIAN_POINT('Ctrl Pts',(0.741009932958746,-0.251812930250408,
-0.0126175130091079));
#3265=CARTESIAN_POINT('Ctrl Pts',(0.742565223941268,-0.248006582032638,
-0.0454062727785891));
#3266=CARTESIAN_POINT('Ctrl Pts',(0.745799068556702,-0.228121828321421,
-0.107243412300304));
#3267=CARTESIAN_POINT('Ctrl Pts',(0.747340988680449,-0.212394441213766,
-0.135754356299645));
#3268=CARTESIAN_POINT('Ctrl Pts',(0.750490737653549,-0.170525694918174,
-0.185761837849664));
#3269=CARTESIAN_POINT('Ctrl Pts',(0.752145794276434,-0.14457544172745,-0.206601837859329));
#3270=CARTESIAN_POINT('Ctrl Pts',(0.75536210125578,-0.0866170074800506,
-0.236738218758281));
#3271=CARTESIAN_POINT('Ctrl Pts',(0.756863482301668,-0.0552749978168564,
-0.245951504213844));
#3272=CARTESIAN_POINT('Ctrl Pts',(0.758850031800398,-0.0153729567239971,
-0.249645923173803));
#3273=CARTESIAN_POINT('Ctrl Pts',(0.759232927671449,-0.00768207019402428,
-0.25));
#3274=CARTESIAN_POINT('Ctrl Pts',(0.759615384615384,2.71818875369594E-16,
-0.25));
#3275=CARTESIAN_POINT('Ctrl Pts',(0.769230769230768,1.50251639651534E-16,
-0.25));
#3276=CARTESIAN_POINT('Ctrl Pts',(0.768595658334554,-0.0127569039157917,
-0.25));
#3277=CARTESIAN_POINT('Ctrl Pts',(0.767960032202949,-0.0255241569035452,
-0.24902359057841));
#3278=CARTESIAN_POINT('Ctrl Pts',(0.765736483326138,-0.0701865923028242,
-0.242120110438521));
#3279=CARTESIAN_POINT('Ctrl Pts',(0.764233654586269,-0.100919592127319,
-0.231005446521367));
#3280=CARTESIAN_POINT('Ctrl Pts',(0.761018171421933,-0.156506982327012,
-0.19763375529926));
#3281=CARTESIAN_POINT('Ctrl Pts',(0.759396095591357,-0.18081864307229,-0.175665463132931));
#3282=CARTESIAN_POINT('Ctrl Pts',(0.75627910018558,-0.220059675495927,-0.12316051572675));
#3283=CARTESIAN_POINT('Ctrl Pts',(0.754642496998515,-0.234412449785566,
-0.0929838143631124));
#3284=CARTESIAN_POINT('Ctrl Pts',(0.751397732679621,-0.25032245038585,-0.0296245775304546));
#3285=CARTESIAN_POINT('Ctrl Pts',(0.749896068320921,-0.252053137694921,
0.0028621190998389));
#3286=CARTESIAN_POINT('Ctrl Pts',(0.74671083292505,-0.24301453654258,0.0671967711807375));
#3287=CARTESIAN_POINT('Ctrl Pts',(0.745065858769261,-0.232138117502842,
0.098404301105874));
#3288=CARTESIAN_POINT('Ctrl Pts',(0.74188881903195,-0.199039152118175,0.154748176441325));
#3289=CARTESIAN_POINT('Ctrl Pts',(0.740348943335118,-0.177176753630195,
0.179365495315959));
#3290=CARTESIAN_POINT('Ctrl Pts',(0.737118512949376,-0.125491813364403,
0.218619232329266));
#3291=CARTESIAN_POINT('Ctrl Pts',(0.735560479020265,-0.0962375136995422,
0.232982309394326));
#3292=CARTESIAN_POINT('Ctrl Pts',(0.732421198589128,-0.033181598483099,
0.249978591041715));
#3293=CARTESIAN_POINT('Ctrl Pts',(0.730764832993976,8.83341739065821E-5,
0.252170926893161));
#3294=CARTESIAN_POINT('Ctrl Pts',(0.727539984678916,0.0648629748601774,
0.243592939760297));
#3295=CARTESIAN_POINT('Ctrl Pts',(0.726042665242247,0.0957794134670974,
0.233175943293699));
#3296=CARTESIAN_POINT('Ctrl Pts',(0.722833548921861,0.152111936616017,0.201047410708069));
#3297=CARTESIAN_POINT('Ctrl Pts',(0.721204491560711,0.176953943314107,0.179570500613636));
#3298=CARTESIAN_POINT('Ctrl Pts',(0.718070791834591,0.217272329838777,0.127977575154829));
#3299=CARTESIAN_POINT('Ctrl Pts',(0.716464301275644,0.232230384175701,0.0982589546455404));
#3300=CARTESIAN_POINT('Ctrl Pts',(0.713222652699704,0.249566353329096,0.0354288468885229));
#3301=CARTESIAN_POINT('Ctrl Pts',(0.711711912162339,0.252050807531032,0.00299689130141207));
#3302=CARTESIAN_POINT('Ctrl Pts',(0.708537262557801,0.244503480591296,-0.0615987355568519));
#3303=CARTESIAN_POINT('Ctrl Pts',(0.706888119658016,0.234318596340906,-0.0931190017128408));
#3304=CARTESIAN_POINT('Ctrl Pts',(0.703697236467635,0.202499461457992,-0.150171089872946));
#3305=CARTESIAN_POINT('Ctrl Pts',(0.702173968561078,0.181271348513782,-0.175208617687463));
#3306=CARTESIAN_POINT('Ctrl Pts',(0.698948311564279,0.130559511974355,-0.215638598336433));
#3307=CARTESIAN_POINT('Ctrl Pts',(0.697366007461084,0.101601847444686,-0.230700181152354));
#3308=CARTESIAN_POINT('Ctrl Pts',(0.694678340741725,0.047617092497304,-0.246588175591861));
#3309=CARTESIAN_POINT('Ctrl Pts',(0.69349484374717,0.0238452480302131,-0.25));
#3310=CARTESIAN_POINT('Ctrl Pts',(0.692307692307691,-1.69374575607184E-16,
-0.25));
#3311=CARTESIAN_POINT('Origin',(1.25,0.,0.));
#3312=CARTESIAN_POINT('',(0.605769230768513,-7.19976791321123E-12,-0.25));
#3313=CARTESIAN_POINT('',(0.615384615384614,-2.03805596552176E-16,-0.25));
#3314=CARTESIAN_POINT('',(1.25,-3.06161699786838E-17,-0.25));
#3315=CARTESIAN_POINT('Ctrl Pts',(0.605769230768513,-1.44000024065873E-11,
-0.25));
#3316=CARTESIAN_POINT('Ctrl Pts',(0.607372910648293,0.032211681850895,-0.250000000001855));
#3317=CARTESIAN_POINT('Ctrl Pts',(0.608910562541909,0.0641218146133947,
-0.243774432386148));
#3318=CARTESIAN_POINT('Ctrl Pts',(0.61205956377461,0.124508201848539,-0.21927984921055));
#3319=CARTESIAN_POINT('Ctrl Pts',(0.613714400532904,0.152296254651283,-0.20097687668799));
#3320=CARTESIAN_POINT('Ctrl Pts',(0.616929485355738,0.198758066252485,-0.155058516402922));
#3321=CARTESIAN_POINT('Ctrl Pts',(0.618431604328563,0.217144399055236,-0.128047641330988));
#3322=CARTESIAN_POINT('Ctrl Pts',(0.621646495977391,0.242633635902533,-0.0684317912573005));
#3323=CARTESIAN_POINT('Ctrl Pts',(0.62326930264871,0.249461237292739,-0.0363768931321682));
#3324=CARTESIAN_POINT('Ctrl Pts',(0.626388005835568,0.250486986349777,0.0291561467832334));
#3325=CARTESIAN_POINT('Ctrl Pts',(0.628021438903188,0.24443735619983,0.0620047131559019));
#3326=CARTESIAN_POINT('Ctrl Pts',(0.631265911406072,0.22021402807136,0.122656623043393));
#3327=CARTESIAN_POINT('Ctrl Pts',(0.632768306152288,0.202583326079116,0.149996308441995));
#3328=CARTESIAN_POINT('Ctrl Pts',(0.635952525207906,0.157561043824241,0.196841249775197));
#3329=CARTESIAN_POINT('Ctrl Pts',(0.637597955917855,0.130455544440728,0.215762248087059));
#3330=CARTESIAN_POINT('Ctrl Pts',(0.640776428697334,0.0706212744259446,
0.242023872511845));
#3331=CARTESIAN_POINT('Ctrl Pts',(0.642314459450958,0.0384911987491157,
0.249161280512968));
#3332=CARTESIAN_POINT('Ctrl Pts',(0.645544426869528,-0.0263862647858835,
0.250692264255019));
#3333=CARTESIAN_POINT('Ctrl Pts',(0.647104732634553,-0.0585132327858239,
0.245191533304272));
#3334=CARTESIAN_POINT('Ctrl Pts',(0.650242607657738,-0.119581634814851,
0.222015873603161));
#3335=CARTESIAN_POINT('Ctrl Pts',(0.651899106751839,-0.147833154172487,
0.204294001860065));
#3336=CARTESIAN_POINT('Ctrl Pts',(0.655125025012316,-0.195297035969737,
0.15938466698657));
#3337=CARTESIAN_POINT('Ctrl Pts',(0.656621981675762,-0.214243099891783,
0.132831815236716));
#3338=CARTESIAN_POINT('Ctrl Pts',(0.659830390550242,-0.241068547229328,
0.0737870410392805));
#3339=CARTESIAN_POINT('Ctrl Pts',(0.661460120400882,-0.248615837985069,
0.0418197681382602));
#3340=CARTESIAN_POINT('Ctrl Pts',(0.664595480900457,-0.251052490455434,
-0.023606640252893));
#3341=CARTESIAN_POINT('Ctrl Pts',(0.666199092839994,-0.245762906163607,
-0.0564398316672756));
#3342=CARTESIAN_POINT('Ctrl Pts',(0.669440398689762,-0.223006655452218,
-0.117501544885539));
#3343=CARTESIAN_POINT('Ctrl Pts',(0.670952287174809,-0.20601904681868,-0.145240334580788));
#3344=CARTESIAN_POINT('Ctrl Pts',(0.6741258025196,-0.162052721361886,-0.193172902962842));
#3345=CARTESIAN_POINT('Ctrl Pts',(0.675775322211214,-0.135324880601526,
-0.212753434592814));
#3346=CARTESIAN_POINT('Ctrl Pts',(0.67896756022602,-0.0761121352010694,
-0.240340907070883));
#3347=CARTESIAN_POINT('Ctrl Pts',(0.680489358315201,-0.0442486716927626,
-0.24819112739652));
#3348=CARTESIAN_POINT('Ctrl Pts',(0.682301499812471,-0.0078498079663007,
-0.249907651897524));
#3349=CARTESIAN_POINT('Ctrl Pts',(0.682496988407082,-0.00392320360013406,
-0.25));
#3350=CARTESIAN_POINT('Ctrl Pts',(0.682692307692307,-9.96934718217993E-16,
-0.25));
#3351=CARTESIAN_POINT('Ctrl Pts',(0.692307692307691,-1.06542071752906E-16,
-0.25));
#3352=CARTESIAN_POINT('Ctrl Pts',(0.691853690012277,-0.00911913760993179,
-0.25));
#3353=CARTESIAN_POINT('Ctrl Pts',(0.691399153244478,-0.018249010688121,
-0.249501061933659));
#3354=CARTESIAN_POINT('Ctrl Pts',(0.689348739791429,-0.0594338298497813,
-0.244968462852536));
#3355=CARTESIAN_POINT('Ctrl Pts',(0.687853350960647,-0.0905325659886457,
-0.235256864141134));
#3356=CARTESIAN_POINT('Ctrl Pts',(0.684651654231389,-0.147600375236958,
-0.204393912192232));
#3357=CARTESIAN_POINT('Ctrl Pts',(0.683016314675241,-0.172967902939143,
-0.183425641258072));
#3358=CARTESIAN_POINT('Ctrl Pts',(0.679866647740415,-0.214360411458492,
-0.132765478097731));
#3359=CARTESIAN_POINT('Ctrl Pts',(0.678286867431075,-0.229919945455366,
-0.103508474678249));
#3360=CARTESIAN_POINT('Ctrl Pts',(0.675048779862082,-0.248677315268126,
-0.0412154156758921));
#3361=CARTESIAN_POINT('Ctrl Pts',(0.673524992895505,-0.251914559064684,
-0.00884105815772114));
#3362=CARTESIAN_POINT('Ctrl Pts',(0.670361917170395,-0.245857464343697,
0.0559943367101655));
#3363=CARTESIAN_POINT('Ctrl Pts',(0.66870945671099,-0.236369271328242,0.0878110377007197));
#3364=CARTESIAN_POINT('Ctrl Pts',(0.665505716269583,-0.205832302825783,
0.14555126928805));
#3365=CARTESIAN_POINT('Ctrl Pts',(0.663995118935964,-0.185232300112004,
0.171000209291898));
#3366=CARTESIAN_POINT('Ctrl Pts',(0.660774569887287,-0.135487460153788,
0.212586595081375));
#3367=CARTESIAN_POINT('Ctrl Pts',(0.659164536057272,-0.106825581578136,
0.228336912288921));
#3368=CARTESIAN_POINT('Ctrl Pts',(0.656054683278605,-0.0443607532683392,
0.248258609737891));
#3369=CARTESIAN_POINT('Ctrl Pts',(0.654397239265484,-0.0110691593951711,
0.251947350227424));
#3370=CARTESIAN_POINT('Ctrl Pts',(0.651153098039139,0.0540930007258773,
0.246199003892058));
#3371=CARTESIAN_POINT('Ctrl Pts',(0.649656041161541,0.0853668087319997,
0.237176169103588));
#3372=CARTESIAN_POINT('Ctrl Pts',(0.646462526420377,0.143134808218628,0.207556545510093));
#3373=CARTESIAN_POINT('Ctrl Pts',(0.644821810906135,0.169004543132632,0.187095793454844));
#3374=CARTESIAN_POINT('Ctrl Pts',(0.641657445043779,0.211430726597241,0.137356062372168));
#3375=CARTESIAN_POINT('Ctrl Pts',(0.640100130983404,0.227567649120704,0.108547925414275));
#3376=CARTESIAN_POINT('Ctrl Pts',(0.636865888472238,0.247693550947954,0.0467807361947608));
#3377=CARTESIAN_POINT('Ctrl Pts',(0.63532576588765,0.251656984733707,0.0144647093913118));
#3378=CARTESIAN_POINT('Ctrl Pts',(0.632174783678212,0.247037316250135,-0.0505823211795032));
#3379=CARTESIAN_POINT('Ctrl Pts',(0.630519920521083,0.238226018677438,-0.0826697032796472));
#3380=CARTESIAN_POINT('Ctrl Pts',(0.627304691155732,0.208928787247703,-0.141055393409105));
#3381=CARTESIAN_POINT('Ctrl Pts',(0.6258026613694,0.18892943247467,-0.166893702552716));
#3382=CARTESIAN_POINT('Ctrl Pts',(0.622587846911916,0.140120209808818,-0.209571889622535));
#3383=CARTESIAN_POINT('Ctrl Pts',(0.620964946299092,0.111747876367247,-0.225979330194491));
#3384=CARTESIAN_POINT('Ctrl Pts',(0.618106165129286,0.0549174748972643,
-0.245450756319065));
#3385=CARTESIAN_POINT('Ctrl Pts',(0.616755415098283,0.0275340264815112,
-0.25));
#3386=CARTESIAN_POINT('Ctrl Pts',(0.615384615384614,-8.5233657402325E-16,
-0.25));
#3387=CARTESIAN_POINT('Origin',(1.25,0.,0.));
#3388=CARTESIAN_POINT('',(0.528846153846153,3.48027698168005E-16,-0.25));
#3389=CARTESIAN_POINT('',(0.538461538461537,2.76999650332734E-16,-0.25));
#3390=CARTESIAN_POINT('',(1.25,-3.06161699786838E-17,-0.25));
#3391=CARTESIAN_POINT('Ctrl Pts',(0.528846153846153,1.01933774321167E-15,
-0.25));
#3392=CARTESIAN_POINT('Ctrl Pts',(0.529034397666962,0.00378108508154746,
-0.25));
#3393=CARTESIAN_POINT('Ctrl Pts',(0.529222800572756,0.00756536556077251,
-0.249914221302808));
#3394=CARTESIAN_POINT('Ctrl Pts',(0.531028308979756,0.0438309963420047,
-0.248266067526368));
#3395=CARTESIAN_POINT('Ctrl Pts',(0.532551157758031,0.075713930253484,-0.240467512033419));
#3396=CARTESIAN_POINT('Ctrl Pts',(0.535742424508534,0.134972513604346,-0.212976320632571));
#3397=CARTESIAN_POINT('Ctrl Pts',(0.537391674686321,0.161728394272506,-0.193443592592021));
#3398=CARTESIAN_POINT('Ctrl Pts',(0.540566005080793,0.205772201105358,-0.145589815871715));
#3399=CARTESIAN_POINT('Ctrl Pts',(0.542077065556742,0.222806782071657,-0.117880060279444));
#3400=CARTESIAN_POINT('Ctrl Pts',(0.545318617833994,0.245670156077533,-0.0568479490351887));
#3401=CARTESIAN_POINT('Ctrl Pts',(0.546924292056159,0.251015187340909,-0.0240134595113258));
#3402=CARTESIAN_POINT('Ctrl Pts',(0.550058461463509,0.248681854235325,0.0414213637704037));
#3403=CARTESIAN_POINT('Ctrl Pts',(0.551687709433058,0.241187315179833,0.0733955995150979));
#3404=CARTESIAN_POINT('Ctrl Pts',(0.554896627121236,0.214459587102257,0.132482870658288));
#3405=CARTESIAN_POINT('Ctrl Pts',(0.556393840359491,0.195554502875369,0.159069389338972));
#3406=CARTESIAN_POINT('Ctrl Pts',(0.559618991512064,0.14816390601412,0.204053378261472));
#3407=CARTESIAN_POINT('Ctrl Pts',(0.561275395629833,0.119946080328916,0.221818379785317));
#3408=CARTESIAN_POINT('Ctrl Pts',(0.564414280546829,0.0589242707249303,
0.245092679076653));
#3409=CARTESIAN_POINT('Ctrl Pts',(0.565972951369935,0.0268097461355329,
0.250646923293045));
#3410=CARTESIAN_POINT('Ctrl Pts',(0.569203251569497,-0.0380744016733028,
0.249226270398817));
#3411=CARTESIAN_POINT('Ctrl Pts',(0.570742602954092,-0.0702236296908175,
0.242140529735298));
#3412=CARTESIAN_POINT('Ctrl Pts',(0.573920047798857,-0.130102039519005,
0.215974785673579));
#3413=CARTESIAN_POINT('Ctrl Pts',(0.575565151565076,-0.157234144694325,
0.197101579584425));
#3414=CARTESIAN_POINT('Ctrl Pts',(0.578750101398311,-0.202331873911451,
0.150335509571634));
#3415=CARTESIAN_POINT('Ctrl Pts',(0.580251967650622,-0.220008776577194,
0.123024630282206));
#3416=CARTESIAN_POINT('Ctrl Pts',(0.583496650154889,-0.244337536414223,
0.062402542050362));
#3417=CARTESIAN_POINT('Ctrl Pts',(0.585132356066638,-0.25044184371141,0.0295530748559377));
#3418=CARTESIAN_POINT('Ctrl Pts',(0.588249833766852,-0.249517144670638,
-0.0359869161914582));
#3419=CARTESIAN_POINT('Ctrl Pts',(0.589872116365519,-0.242741026886206,
-0.0680474740548779));
#3420=CARTESIAN_POINT('Ctrl Pts',(0.593081182143672,-0.217397010922006,
-0.127587468145333));
#3421=CARTESIAN_POINT('Ctrl Pts',(0.594578194209126,-0.199143732252208,
-0.154537442433594));
#3422=CARTESIAN_POINT('Ctrl Pts',(0.597771822580681,-0.153109709253596,
-0.200311382157452));
#3423=CARTESIAN_POINT('Ctrl Pts',(0.599412472218464,-0.125651793691104,
-0.218583939916946));
#3424=CARTESIAN_POINT('Ctrl Pts',(0.602576650335729,-0.0652286828825183,
-0.243546609856011));
#3425=CARTESIAN_POINT('Ctrl Pts',(0.604134236968692,-0.0328406565541368,
-0.249982542155021));
#3426=CARTESIAN_POINT('Ctrl Pts',(0.605764810889991,-8.87781568371533E-5,
-0.249999988177809));
#3427=CARTESIAN_POINT('Ctrl Pts',(0.605767020843627,-4.43887968956639E-5,
-0.249999999999997));
#3428=CARTESIAN_POINT('Ctrl Pts',(0.605769230768513,-1.43999634840346E-11,
-0.25));
#3429=CARTESIAN_POINT('Ctrl Pts',(0.615384615384614,-9.60244569772988E-16,
-0.25));
#3430=CARTESIAN_POINT('Ctrl Pts',(0.615113153529297,-0.00545261123014766,
-0.25));
#3431=CARTESIAN_POINT('Ctrl Pts',(0.614841396463314,-0.0109111520925827,
-0.249821617574722));
#3432=CARTESIAN_POINT('Ctrl Pts',(0.612968562647982,-0.0485290880701304,
-0.247353559424092));
#3433=CARTESIAN_POINT('Ctrl Pts',(0.611466070597802,-0.0799812198169885,
-0.239043701930076));
#3434=CARTESIAN_POINT('Ctrl Pts',(0.60828198360767,-0.138455348872635,-0.210718152341161));
#3435=CARTESIAN_POINT('Ctrl Pts',(0.606636494531517,-0.164833040263235,
-0.190793417745868));
#3436=CARTESIAN_POINT('Ctrl Pts',(0.603457837313854,-0.208313080995796,
-0.142015825095828));
#3437=CARTESIAN_POINT('Ctrl Pts',(0.601920042020542,-0.2250376707836,-0.113670037186502));
#3438=CARTESIAN_POINT('Ctrl Pts',(0.598690134684528,-0.246560461432711,
-0.0524482826052166));
#3439=CARTESIAN_POINT('Ctrl Pts',(0.597129532686961,-0.251266579953755,
-0.0201947484034922));
#3440=CARTESIAN_POINT('Ctrl Pts',(0.59399183982771,-0.248115853265077,0.0450489021333922));
#3441=CARTESIAN_POINT('Ctrl Pts',(0.592335324115676,-0.24000080342717,0.0773974104324851));
#3442=CARTESIAN_POINT('Ctrl Pts',(0.589109268417697,-0.211973477919263,
0.136424367774407));
#3443=CARTESIAN_POINT('Ctrl Pts',(0.587612355822183,-0.192582904312798,
0.162653562327845));
#3444=CARTESIAN_POINT('Ctrl Pts',(0.584404038974216,-0.144730208568136,
0.206426256052376));
#3445=CARTESIAN_POINT('Ctrl Pts',(0.582774222932186,-0.116663895691507,
0.223491215455887));
#3446=CARTESIAN_POINT('Ctrl Pts',(0.579638648824437,-0.0551998375143153,
0.246043673103949));
#3447=CARTESIAN_POINT('Ctrl Pts',(0.578035405522472,-0.0223423486353031,
0.251168395718657));
#3448=CARTESIAN_POINT('Ctrl Pts',(0.574794144204422,0.0427619653463933,
0.248414971751221));
#3449=CARTESIAN_POINT('Ctrl Pts',(0.573282104686097,0.0743949336380838,
0.240840192776506));
#3450=CARTESIAN_POINT('Ctrl Pts',(0.570108736356243,0.133577008048263,0.213855330031518));
#3451=CARTESIAN_POINT('Ctrl Pts',(0.568459168717422,0.160465161786326,0.194493811808662));
#3452=CARTESIAN_POINT('Ctrl Pts',(0.565266756735146,0.20501405014326,0.146717326704268));
#3453=CARTESIAN_POINT('Ctrl Pts',(0.563745145215727,0.222334147382551,0.118845417986251));
#3454=CARTESIAN_POINT('Ctrl Pts',(0.560520059073648,0.245276430796317,0.0581867071193243));
#3455=CARTESIAN_POINT('Ctrl Pts',(0.558934737762982,0.250738767958321,0.0259998098144811));
#3456=CARTESIAN_POINT('Ctrl Pts',(0.55581150944031,0.249081582972586,-0.0394236340048159));
#3457=CARTESIAN_POINT('Ctrl Pts',(0.554154138535633,0.241678647501716,-0.0720215837684319));
#3458=CARTESIAN_POINT('Ctrl Pts',(0.550918010862654,0.214945516337024,-0.13168176824194));
#3459=CARTESIAN_POINT('Ctrl Pts',(0.549422608835673,0.196169002317254,-0.158301602548172));
#3460=CARTESIAN_POINT('Ctrl Pts',(0.546221815785759,0.149293324329333,-0.203161938692408));
#3461=CARTESIAN_POINT('Ctrl Pts',(0.544585812859285,0.121549691603367,-0.220882450667933));
#3462=CARTESIAN_POINT('Ctrl Pts',(0.541510916449524,0.0621209366744823,
-0.244162752922755));
#3463=CARTESIAN_POINT('Ctrl Pts',(0.540014350379664,0.0311899426649881,
-0.25));
#3464=CARTESIAN_POINT('Ctrl Pts',(0.538461538461537,-3.27821759239712E-17,
-0.25));
#3465=CARTESIAN_POINT('Origin',(1.25,0.,0.));
#3466=CARTESIAN_POINT('',(0.451923076923076,-8.04812155158314E-16,-0.25));
#3467=CARTESIAN_POINT('',(0.46153846153846,1.08300297264367E-18,-0.25));
#3468=CARTESIAN_POINT('',(1.25,-3.06161699786838E-17,-0.25));
#3469=CARTESIAN_POINT('Ctrl Pts',(0.451923076923076,-2.07210670319434E-15,
-0.25));
#3470=CARTESIAN_POINT('Ctrl Pts',(0.452299126814012,0.00755337745708094,
-0.25));
#3471=CARTESIAN_POINT('Ctrl Pts',(0.45267560747537,0.0151154074139676,-0.249657686930617));
#3472=CARTESIAN_POINT('Ctrl Pts',(0.454656224943825,0.0548982971260247,
-0.246036399087223));
#3473=CARTESIAN_POINT('Ctrl Pts',(0.456158067665993,0.0862583629721681,
-0.236869691793135));
#3474=CARTESIAN_POINT('Ctrl Pts',(0.459373602930563,0.144261095605316,-0.206820653831767));
#3475=CARTESIAN_POINT('Ctrl Pts',(0.461028521608039,0.170239124914205,-0.186023598311544));
#3476=CARTESIAN_POINT('Ctrl Pts',(0.464179155604533,0.212181245251837,-0.136086863984788));
#3477=CARTESIAN_POINT('Ctrl Pts',(0.465719783447453,0.227952375564686,-0.107602502817448));
#3478=CARTESIAN_POINT('Ctrl Pts',(0.468953913709026,0.247936709051706,-0.0457916859425467));
#3479=CARTESIAN_POINT('Ctrl Pts',(0.470510651856163,0.25179439360471,-0.0130010884034152));
#3480=CARTESIAN_POINT('Ctrl Pts',(0.473675415299357,0.246668836297523,0.0521726255530552));
#3481=CARTESIAN_POINT('Ctrl Pts',(0.475316270063575,0.237746688998173,0.083928136213702));
#3482=CARTESIAN_POINT('Ctrl Pts',(0.478509543348186,0.208385318581279,0.141829278722448));
#3483=CARTESIAN_POINT('Ctrl Pts',(0.480006697260765,0.188372547995165,0.167498487045634));
#3484=CARTESIAN_POINT('Ctrl Pts',(0.483251081009478,0.139007014775946,0.210421435591163));
#3485=CARTESIAN_POINT('Ctrl Pts',(0.484908517175032,0.109893278068111,0.226988589057059));
#3486=CARTESIAN_POINT('Ctrl Pts',(0.488017934227563,0.0476317499468841,
0.247549570939597));
#3487=CARTESIAN_POINT('Ctrl Pts',(0.489628799564284,0.0151813956514412,
0.251633794535358));
#3488=CARTESIAN_POINT('Ctrl Pts',(0.492849199657941,-0.0495038975942918,
0.247186781141387));
#3489=CARTESIAN_POINT('Ctrl Pts',(0.494359495554324,-0.081120638598113,
0.238686855212547));
#3490=CARTESIAN_POINT('Ctrl Pts',(0.497563584963387,-0.139746352020422,
0.209886410498603));
#3491=CARTESIAN_POINT('Ctrl Pts',(0.499216126847871,-0.166112655326695,
0.189704989300034));
#3492=CARTESIAN_POINT('Ctrl Pts',(0.502378861492092,-0.209091998976043,
0.140782360732866));
#3493=CARTESIAN_POINT('Ctrl Pts',(0.503903074366629,-0.2254840090302,0.112677008864101));
#3494=CARTESIAN_POINT('Ctrl Pts',(0.507141055052565,-0.246882503741186,
0.0512443607080742));
#3495=CARTESIAN_POINT('Ctrl Pts',(0.508720131292508,-0.251470015508991,
0.0184299164591536));
#3496=CARTESIAN_POINT('Ctrl Pts',(0.511870238358054,-0.247719899401492,
-0.0468811659588471));
#3497=CARTESIAN_POINT('Ctrl Pts',(0.513505744937692,-0.23950143868684,-0.0787523657677325));
#3498=CARTESIAN_POINT('Ctrl Pts',(0.516707216606818,-0.211435510453899,
-0.137247571036795));
#3499=CARTESIAN_POINT('Ctrl Pts',(0.518202604286121,-0.191968505482077,
-0.163370601744106));
#3500=CARTESIAN_POINT('Ctrl Pts',(0.521437907199569,-0.143574333700352,
-0.20732019956498));
#3501=CARTESIAN_POINT('Ctrl Pts',(0.523095237305879,-0.114898027596525,
-0.224485800293811));
#3502=CARTESIAN_POINT('Ctrl Pts',(0.526038859767856,-0.0568113952672295,
-0.245127413923328));
#3503=CARTESIAN_POINT('Ctrl Pts',(0.52742746569269,-0.0284959186939924,
-0.25));
#3504=CARTESIAN_POINT('Ctrl Pts',(0.528846153846153,9.6161049376982E-16,
-0.25));
#3505=CARTESIAN_POINT('Ctrl Pts',(0.538461538461537,1.12015124968363E-17,
-0.25));
#3506=CARTESIAN_POINT('Ctrl Pts',(0.53838252486848,-0.00158707529769444,
-0.25));
#3507=CARTESIAN_POINT('Ctrl Pts',(0.538303477617462,-0.00317482665265124,
-0.249984887191008));
#3508=CARTESIAN_POINT('Ctrl Pts',(0.53661974748107,-0.0369944063482669,
-0.249340433721946));
#3509=CARTESIAN_POINT('Ctrl Pts',(0.535094241298084,-0.0688044848564506,
-0.242497767695824));
#3510=CARTESIAN_POINT('Ctrl Pts',(0.531932531949745,-0.128671234696815,
-0.21685369664));
#3511=CARTESIAN_POINT('Ctrl Pts',(0.530279750419693,-0.156053891257051,
-0.198062976391485));
#3512=CARTESIAN_POINT('Ctrl Pts',(0.52707462136588,-0.201649008693334,-0.151291927666051));
#3513=CARTESIAN_POINT('Ctrl Pts',(0.525565209125062,-0.219552032442958,
-0.123888834237363));
#3514=CARTESIAN_POINT('Ctrl Pts',(0.522345256283381,-0.243887500821769,
-0.0637912107824855));
#3515=CARTESIAN_POINT('Ctrl Pts',(0.520731887192039,-0.250093531326423,
-0.0316728913089759));
#3516=CARTESIAN_POINT('Ctrl Pts',(0.517623777226291,-0.249902075672115,
0.0339075004633994));
#3517=CARTESIAN_POINT('Ctrl Pts',(0.515966368237881,-0.243201655595113,
0.066734515635468));
#3518=CARTESIAN_POINT('Ctrl Pts',(0.512721263559892,-0.217741515829348,
0.12699791246077));
#3519=CARTESIAN_POINT('Ctrl Pts',(0.511223803307749,-0.199563093075502,
0.153994920674553));
#3520=CARTESIAN_POINT('Ctrl Pts',(0.508031255848118,-0.153650140302922,
0.199898561781854));
#3521=CARTESIAN_POINT('Ctrl Pts',(0.506389988416038,-0.126233891420594,
0.218249580396005));
#3522=CARTESIAN_POINT('Ctrl Pts',(0.503224040853812,-0.0658808897737186,
0.243369213715046));
#3523=CARTESIAN_POINT('Ctrl Pts',(0.501669007386588,-0.0335238570026122,
0.249890089693766));
#3524=CARTESIAN_POINT('Ctrl Pts',(0.498435214147548,0.0314304523626612,
0.250105715942461));
#3525=CARTESIAN_POINT('Ctrl Pts',(0.496893060609389,0.0634081075797795,
0.243967373371483));
#3526=CARTESIAN_POINT('Ctrl Pts',(0.493743470653058,0.123914185317115,0.219617411867782));
#3527=CARTESIAN_POINT('Ctrl Pts',(0.492088389722438,0.151759044757645,0.201384282990164));
#3528=CARTESIAN_POINT('Ctrl Pts',(0.488871944954465,0.198343007975882,0.155587577226795));
#3529=CARTESIAN_POINT('Ctrl Pts',(0.487370644783853,0.216797508939622,0.128632270052591));
#3530=CARTESIAN_POINT('Ctrl Pts',(0.484156488734752,0.242449635769845,0.0690848818472558));
#3531=CARTESIAN_POINT('Ctrl Pts',(0.482532799790175,0.249364776209778,0.0370397934662492));
#3532=CARTESIAN_POINT('Ctrl Pts',(0.479412023318241,0.250562303944551,-0.0284812194986012));
#3533=CARTESIAN_POINT('Ctrl Pts',(0.477782412011214,0.244605546219667,-0.0613281915475076));
#3534=CARTESIAN_POINT('Ctrl Pts',(0.474538301749471,0.220561333197058,-0.122030649007488));
#3535=CARTESIAN_POINT('Ctrl Pts',(0.473034961794881,0.203009124571198,-0.149419233566351));
#3536=CARTESIAN_POINT('Ctrl Pts',(0.469851996142215,0.158115154872107,-0.196397950041214));
#3537=CARTESIAN_POINT('Ctrl Pts',(0.468206020183364,0.13105502167612,-0.215400022083642));
#3538=CARTESIAN_POINT('Ctrl Pts',(0.46502581300984,0.0712959033680052,-0.241824352577938));
#3539=CARTESIAN_POINT('Ctrl Pts',(0.463489978243181,0.0391983687268044,
-0.249049399995646));
#3540=CARTESIAN_POINT('Ctrl Pts',(0.461758129314557,0.00441226993554731,
-0.249970814184398));
#3541=CARTESIAN_POINT('Ctrl Pts',(0.461648264877015,0.00220552134741445,
-0.25));
#3542=CARTESIAN_POINT('Ctrl Pts',(0.46153846153846,1.02472306964525E-15,
-0.25));
#3543=CARTESIAN_POINT('Origin',(1.25,0.,0.));
#3544=CARTESIAN_POINT('',(0.374999999999999,4.32714985971597E-16,-0.25));
#3545=CARTESIAN_POINT('',(0.384615384725429,1.10519643905906E-9,-0.25));
#3546=CARTESIAN_POINT('',(1.25,-3.06161699786838E-17,-0.25));
#3547=CARTESIAN_POINT('Ctrl Pts',(0.374999999999999,2.10352295512148E-16,
-0.25));
#3548=CARTESIAN_POINT('Ctrl Pts',(0.37556214274142,0.0112912579236315,-0.25));
#3549=CARTESIAN_POINT('Ctrl Pts',(0.376124834492314,0.0225935433090065,
-0.249235064537009));
#3550=CARTESIAN_POINT('Ctrl Pts',(0.378276195226568,0.0658060001235103,
-0.243333481751306));
#3551=CARTESIAN_POINT('Ctrl Pts',(0.37977160755636,0.096635902135596,-0.232815599059284));
#3552=CARTESIAN_POINT('Ctrl Pts',(0.383007999551041,0.153312047812992,-0.200227943721506));
#3553=CARTESIAN_POINT('Ctrl Pts',(0.384665382318605,0.178449726430915,-0.178190040529939));
#3554=CARTESIAN_POINT('Ctrl Pts',(0.387788198518502,0.218214797895008,-0.126207459767842));
#3555=CARTESIAN_POINT('Ctrl Pts',(0.389374256410933,0.232696674567811,-0.0969462923179178));
#3556=CARTESIAN_POINT('Ctrl Pts',(0.392599203825195,0.249749433264881,-0.0343768887701091));
#3557=CARTESIAN_POINT('Ctrl Pts',(0.394120422541401,0.252098910889322,-0.001648520342708));
#3558=CARTESIAN_POINT('Ctrl Pts',(0.39731320232015,0.244100205304653,0.0631833499986922));
#3559=CARTESIAN_POINT('Ctrl Pts',(0.398962870998049,0.233707061991661,0.0946470530015343));
#3560=CARTESIAN_POINT('Ctrl Pts',(0.40213592747763,0.201651465390281,0.15124581387714));
#3561=CARTESIAN_POINT('Ctrl Pts',(0.403648289053353,0.180496175451672,0.175953744549109));
#3562=CARTESIAN_POINT('Ctrl Pts',(0.406889455827925,0.129420809416024,0.216413377998558));
#3563=CARTESIAN_POINT('Ctrl Pts',(0.408491920524389,0.0998202658783876,
0.231560320400869));
#3564=CARTESIAN_POINT('Ctrl Pts',(0.411627946503641,0.0368297199230229,
0.24940426388368));
#3565=CARTESIAN_POINT('Ctrl Pts',(0.413257944646505,0.00408940667161935,
0.252075459949173));
#3566=CARTESIAN_POINT('Ctrl Pts',(0.416466066036301,-0.0603492552435746,
0.244749337496854));
#3567=CARTESIAN_POINT('Ctrl Pts',(0.417962887372722,-0.0914463186172751,
0.234908169705624));
#3568=CARTESIAN_POINT('Ctrl Pts',(0.42118923367328,-0.148797631022125,0.203593088351142));
#3569=CARTESIAN_POINT('Ctrl Pts',(0.422845784120363,-0.17436513738884,0.182175234792102));
#3570=CARTESIAN_POINT('Ctrl Pts',(0.425983090565131,-0.215233109078296,
0.131215497744483));
#3571=CARTESIAN_POINT('Ctrl Pts',(0.42754432227259,-0.230366001861487,0.102344848110053));
#3572=CARTESIAN_POINT('Ctrl Pts',(0.430774102102797,-0.248898172598326,
0.0401540751099387));
#3573=CARTESIAN_POINT('Ctrl Pts',(0.432311400693679,-0.252007955078096,
0.00739224795460663));
#3574=CARTESIAN_POINT('Ctrl Pts',(0.43549044816606,-0.245462656536757,-0.0576218396689261));
#3575=CARTESIAN_POINT('Ctrl Pts',(0.437136060440671,-0.235813662152911,
-0.0892416609697099));
#3576=CARTESIAN_POINT('Ctrl Pts',(0.440319867037328,-0.205118967467432,
-0.146509645792807));
#3577=CARTESIAN_POINT('Ctrl Pts',(0.441822567479033,-0.184542183976469,
-0.171706197554981));
#3578=CARTESIAN_POINT('Ctrl Pts',(0.445066921061212,-0.134310024332316,
-0.213435306290874));
#3579=CARTESIAN_POINT('Ctrl Pts',(0.446699085937286,-0.104929629549566,
-0.229310266835532));
#3580=CARTESIAN_POINT('Ctrl Pts',(0.449457723132929,-0.049519354189608,
-0.246307591310693));
#3581=CARTESIAN_POINT('Ctrl Pts',(0.450688076976571,-0.02480633814894,-0.25));
#3582=CARTESIAN_POINT('Ctrl Pts',(0.451923076923076,-2.10352295512148E-15,
-0.25));
#3583=CARTESIAN_POINT('Ctrl Pts',(0.46153846153846,1.19108572523762E-15,
-0.25));
#3584=CARTESIAN_POINT('Ctrl Pts',(0.460042192703392,-0.0300542123823304,
-0.25));
#3585=CARTESIAN_POINT('Ctrl Pts',(0.458591463886475,-0.0598822449157111,
-0.244580052374497));
#3586=CARTESIAN_POINT('Ctrl Pts',(0.455561303587883,-0.118962910292676,
-0.222349391709665));
#3587=CARTESIAN_POINT('Ctrl Pts',(0.453904653364303,-0.147271418354575,
-0.204700793713319));
#3588=CARTESIAN_POINT('Ctrl Pts',(0.450677445126469,-0.194859415376036,
-0.159918207010522));
#3589=CARTESIAN_POINT('Ctrl Pts',(0.449180878980539,-0.213874900975573,
-0.13342243598177));
#3590=CARTESIAN_POINT('Ctrl Pts',(0.445973344376567,-0.240865845518415,
-0.07444989948703));
#3591=CARTESIAN_POINT('Ctrl Pts',(0.444342807286137,-0.248502517828157,
-0.0424946196863871));
#3592=CARTESIAN_POINT('Ctrl Pts',(0.441205439331875,-0.251114201629697,
0.0229173145796889));
#3593=CARTESIAN_POINT('Ctrl Pts',(0.439605277126038,-0.245918474458348,
0.0557482467554302));
#3594=CARTESIAN_POINT('Ctrl Pts',(0.436364393863482,-0.223343590589219,
0.116859964683919));
#3595=CARTESIAN_POINT('Ctrl Pts',(0.434851055243704,-0.206435515111418,
0.144647872913757));
#3596=CARTESIAN_POINT('Ctrl Pts',(0.431678931756409,-0.16260050295036,0.192713615260684));
#3597=CARTESIAN_POINT('Ctrl Pts',(0.430028966144961,-0.135920299164581,
0.212374951766698));
#3598=CARTESIAN_POINT('Ctrl Pts',(0.426835095829919,-0.0767853215332318,
0.240125242212371));
#3599=CARTESIAN_POINT('Ctrl Pts',(0.425315028623686,-0.0449548221951467,
0.248062798438412));
#3600=CARTESIAN_POINT('Ctrl Pts',(0.422090495763211,0.0198134822373163,
0.251304735780452));
#3601=CARTESIAN_POINT('Ctrl Pts',(0.420502229131071,0.0521314931698436,
0.246634614497118));
#3602=CARTESIAN_POINT('Ctrl Pts',(0.41738064321037,0.11390891401294,0.224991475190652));
#3603=CARTESIAN_POINT('Ctrl Pts',(0.415723228850865,0.142673004939289,0.207943820760252));
#3604=CARTESIAN_POINT('Ctrl Pts',(0.412486054721061,0.191260971929269,0.164197014977674));
#3605=CARTESIAN_POINT('Ctrl Pts',(0.410990595399897,0.210836695989306,0.138164106818215));
#3606=CARTESIAN_POINT('Ctrl Pts',(0.407790681065659,0.239161052734603,0.0797857606335209));
#3607=CARTESIAN_POINT('Ctrl Pts',(0.406154051235741,0.247519676500775,0.0479363797616702));
#3608=CARTESIAN_POINT('Ctrl Pts',(0.403000959495124,0.251543869918874,-0.0173486852214555));
#3609=CARTESIAN_POINT('Ctrl Pts',(0.40142660890227,0.24710221617589,-0.0501587104922755));
#3610=CARTESIAN_POINT('Ctrl Pts',(0.398189366023907,0.225986120104005,-0.111667533194511));
#3611=CARTESIAN_POINT('Ctrl Pts',(0.396662165581399,0.209718048605293,-0.139848795499531));
#3612=CARTESIAN_POINT('Ctrl Pts',(0.393501776964327,0.16694510051979,-0.188975333524218));
#3613=CARTESIAN_POINT('Ctrl Pts',(0.391848697852482,0.140655395792677,-0.209280542036221));
#3614=CARTESIAN_POINT('Ctrl Pts',(0.388642249897875,0.0821531617967661,
-0.238331539050355));
#3615=CARTESIAN_POINT('Ctrl Pts',(0.387133927175868,0.0505877093960895,
-0.246965416264843));
#3616=CARTESIAN_POINT('Ctrl Pts',(0.385221327060532,0.0121710233557441,
-0.249778050651486));
#3617=CARTESIAN_POINT('Ctrl Pts',(0.384918187424028,0.00608212889800729,
-0.249999999973046));
#3618=CARTESIAN_POINT('Ctrl Pts',(0.384615384670542,1.10793019553147E-9,
-0.25));
#3619=CARTESIAN_POINT('Origin',(1.25,0.,0.));
#3620=CARTESIAN_POINT('',(0.298076923076922,-1.13654612761255E-16,-0.25));
#3621=CARTESIAN_POINT('',(0.307692307692307,9.7908458470445E-16,-0.25));
#3622=CARTESIAN_POINT('',(1.25,-3.06161699786838E-17,-0.25));
#3623=CARTESIAN_POINT('Ctrl Pts',(0.298076923076922,-1.2839685570222E-16,
-0.25));
#3624=CARTESIAN_POINT('Ctrl Pts',(0.298824027860174,0.0150064248492462,
-0.25));
#3625=CARTESIAN_POINT('Ctrl Pts',(0.29957138550947,0.0300179287923169,-0.248648856188204));
#3626=CARTESIAN_POINT('Ctrl Pts',(0.301888423728158,0.0765582008947282,
-0.240161690320937));
#3627=CARTESIAN_POINT('Ctrl Pts',(0.303391974553774,0.106849368981289,-0.228302380685904));
#3628=CARTESIAN_POINT('Ctrl Pts',(0.306636006086147,0.16195679251844,-0.193294502284039));
#3629=CARTESIAN_POINT('Ctrl Pts',(0.308264802740025,0.18606652734941,-0.170210596027832));
#3630=CARTESIAN_POINT('Ctrl Pts',(0.311386023261532,0.223578577812962,-0.116479508527461));
#3631=CARTESIAN_POINT('Ctrl Pts',(0.313009900447057,0.23680325756603,-0.0864805381359883));
#3632=CARTESIAN_POINT('Ctrl Pts',(0.31622389642335,0.251014331921953,-0.0232191073386437));
#3633=CARTESIAN_POINT('Ctrl Pts',(0.317725027426569,0.251909379176076,0.00943442090535318));
#3634=CARTESIAN_POINT('Ctrl Pts',(0.320941763067661,0.241104153320249,0.0738603400812809));
#3635=CARTESIAN_POINT('Ctrl Pts',(0.322596894988778,0.229275640300412,0.104973045691256));
#3636=CARTESIAN_POINT('Ctrl Pts',(0.325746148258823,0.194603687362626,0.160218982306036));
#3637=CARTESIAN_POINT('Ctrl Pts',(0.327288797225818,0.172326553745494,0.183968349174066));
#3638=CARTESIAN_POINT('Ctrl Pts',(0.330522481632943,0.119629543017881,0.221940288819743));
#3639=CARTESIAN_POINT('Ctrl Pts',(0.332076972362237,0.0896139384187196,
0.235665065129842));
#3640=CARTESIAN_POINT('Ctrl Pts',(0.335243299269095,0.0260147648609421,
0.250781235182591));
#3641=CARTESIAN_POINT('Ctrl Pts',(0.336884698244901,-0.00695454671383392,
0.252030865607833));
#3642=CARTESIAN_POINT('Ctrl Pts',(0.340077011043019,-0.0710756756024795,
0.241843077505865));
#3643=CARTESIAN_POINT('Ctrl Pts',(0.341574574971996,-0.101643677948233,
0.230669378166579));
#3644=CARTESIAN_POINT('Ctrl Pts',(0.344819910165762,-0.157644846923091,
0.196847085428645));
#3645=CARTESIAN_POINT('Ctrl Pts',(0.346477309231781,-0.182348935213109,
0.174211839389558));
#3646=CARTESIAN_POINT('Ctrl Pts',(0.349584997469505,-0.221021264494006,
0.121242188667316));
#3647=CARTESIAN_POINT('Ctrl Pts',(0.351199177376199,-0.234861735179951,
0.0915998030082184));
#3648=CARTESIAN_POINT('Ctrl Pts',(0.354418985780091,-0.2504589209101,0.0286659899039005));
#3649=CARTESIAN_POINT('Ctrl Pts',(0.355928119455085,-0.252061968166152,
-0.00402566820050027));
#3650=CARTESIAN_POINT('Ctrl Pts',(0.359133581665367,-0.242627021224861,
-0.068658725603664));
#3651=CARTESIAN_POINT('Ctrl Pts',(0.3607864390502,-0.231498918967324,-0.0999509707592457));
#3652=CARTESIAN_POINT('Ctrl Pts',(0.363947816912251,-0.198102500297899,
-0.155867422299894));
#3653=CARTESIAN_POINT('Ctrl Pts',(0.365473745365162,-0.176374014314446,
-0.18008741177525));
#3654=CARTESIAN_POINT('Ctrl Pts',(0.368711299908236,-0.124467893902569,
-0.219280170859522));
#3655=CARTESIAN_POINT('Ctrl Pts',(0.370287618489959,-0.0946533880877217,
-0.233702101730313));
#3656=CARTESIAN_POINT('Ctrl Pts',(0.37289304917182,-0.0423204347942525,
-0.247308413124682));
#3657=CARTESIAN_POINT('Ctrl Pts',(0.373945558754334,-0.0211796171912259,
-0.25));
#3658=CARTESIAN_POINT('Ctrl Pts',(0.374999999999999,-2.40402623442455E-16,
-0.25));
#3659=CARTESIAN_POINT('Ctrl Pts',(0.384615384670542,1.10793031573278E-9,
-0.25));
#3660=CARTESIAN_POINT('Ctrl Pts',(0.383308920088416,-0.0262417831897631,
-0.250000000116296));
#3661=CARTESIAN_POINT('Ctrl Pts',(0.38200914464068,-0.0523576231192143,
-0.245867848297093));
#3662=CARTESIAN_POINT('Ctrl Pts',(0.379191513817307,-0.10893377692076,-0.227452691408975));
#3663=CARTESIAN_POINT('Ctrl Pts',(0.377534147599898,-0.138129476391715,
-0.211000740312967));
#3664=CARTESIAN_POINT('Ctrl Pts',(0.37428813180928,-0.18767866438631,-0.16827479989147));
#3665=CARTESIAN_POINT('Ctrl Pts',(0.372790245284885,-0.207794874571432,
-0.142691999610967));
#3666=CARTESIAN_POINT('Ctrl Pts',(0.369598632754603,-0.23740121607167,-0.0849055277986948));
#3667=CARTESIAN_POINT('Ctrl Pts',(0.36795684656347,-0.246456722132211,-0.0531736764944671));
#3668=CARTESIAN_POINT('Ctrl Pts',(0.364789397547337,-0.251842816612149,
0.011972102513316));
#3669=CARTESIAN_POINT('Ctrl Pts',(0.363236502557541,-0.248122782726938,
0.0447577260048191));
#3670=CARTESIAN_POINT('Ctrl Pts',(0.360003142552131,-0.228405489549979,
0.106639041895229));
#3671=CARTESIAN_POINT('Ctrl Pts',(0.358459009008727,-0.212751671495863,
0.135194658343577));
#3672=CARTESIAN_POINT('Ctrl Pts',(0.355310758022759,-0.17100641291991,0.185320916159627));
#3673=CARTESIAN_POINT('Ctrl Pts',(0.353655478104203,-0.145102996482578,
0.206233012006151));
#3674=CARTESIAN_POINT('Ctrl Pts',(0.350437883469328,-0.0872191828069832,
0.236516101748321));
#3675=CARTESIAN_POINT('Ctrl Pts',(0.348937239568733,-0.0559075313701583,
0.245807606652658));
#3676=CARTESIAN_POINT('Ctrl Pts',(0.345723722036959,0.00863951801742534,
0.251953129138293));
#3677=CARTESIAN_POINT('Ctrl Pts',(0.344099289916814,0.0412680315540921,
0.248700939172613));
#3678=CARTESIAN_POINT('Ctrl Pts',(0.3409767567768,0.103987558928717,0.229735183040825));
#3679=CARTESIAN_POINT('Ctrl Pts',(0.339350360149753,0.133409225832249,0.21399532541011));
#3680=CARTESIAN_POINT('Ctrl Pts',(0.336106563723952,0.183798573588683,0.172501606988808));
#3681=CARTESIAN_POINT('Ctrl Pts',(0.334602372005308,0.20448294919618,0.147395638330631));
#3682=CARTESIAN_POINT('Ctrl Pts',(0.331420485340156,0.235431288498576,0.0902506161708998));
#3683=CARTESIAN_POINT('Ctrl Pts',(0.329774055235071,0.245218817068262,0.0586585349558027));
#3684=CARTESIAN_POINT('Ctrl Pts',(0.326592383153191,0.252034670955642,-0.00632307508276169));
#3685=CARTESIAN_POINT('Ctrl Pts',(0.325058370992146,0.249066817762566,-0.0390789702124676));
#3686=CARTESIAN_POINT('Ctrl Pts',(0.321829462140816,0.230810570669583,-0.101341001356634));
#3687=CARTESIAN_POINT('Ctrl Pts',(0.320263891477786,0.215799033910081,-0.130284717686847));
#3688=CARTESIAN_POINT('Ctrl Pts',(0.317129218554918,0.175136130750302,-0.181436713265354));
#3689=CARTESIAN_POINT('Ctrl Pts',(0.315472449744453,0.149647925019665,-0.202971176813719));
#3690=CARTESIAN_POINT('Ctrl Pts',(0.312244156242329,0.0924216776774237,
-0.234524936248139));
#3691=CARTESIAN_POINT('Ctrl Pts',(0.310747877871788,0.061374502342843,-0.244493107644716));
#3692=CARTESIAN_POINT('Ctrl Pts',(0.308665610689651,0.0195498658457184,
-0.249427351192558));
#3693=CARTESIAN_POINT('Ctrl Pts',(0.308178690966654,0.00976954534096469,
-0.25));
#3694=CARTESIAN_POINT('Ctrl Pts',(0.307692307692307,4.42832559772977E-15,
-0.25));
#3695=CARTESIAN_POINT('Origin',(1.25,0.,0.));
#3696=CARTESIAN_POINT('',(0.221153846153845,-2.87809922357352E-16,-0.25));
#3697=CARTESIAN_POINT('',(0.230769230769229,-1.93561166575935E-16,-0.25));
#3698=CARTESIAN_POINT('',(1.25,-3.06161699786838E-17,-0.25));
#3699=CARTESIAN_POINT('Ctrl Pts',(0.221153846153845,2.73184799366426E-17,
-0.25));
#3700=CARTESIAN_POINT('Ctrl Pts',(0.22209318410697,0.0188676404135012,-0.25));
#3701=CARTESIAN_POINT('Ctrl Pts',(0.223031750314225,0.037719779458716,-0.247864021514186));
#3702=CARTESIAN_POINT('Ctrl Pts',(0.225515360553193,0.087605834589633,-0.236356920286839));
#3703=CARTESIAN_POINT('Ctrl Pts',(0.227042973005567,0.117324036496858,-0.223101920134699));
#3704=CARTESIAN_POINT('Ctrl Pts',(0.23028011567506,0.170536629125231,-0.185721440547932));
#3705=CARTESIAN_POINT('Ctrl Pts',(0.231853842064975,0.193399062386504,-0.161777298461296));
#3706=CARTESIAN_POINT('Ctrl Pts',(0.235007332176264,0.228485160280303,-0.106576444543761));
#3707=CARTESIAN_POINT('Ctrl Pts',(0.236644110670652,0.240426508961563,-0.0758880218020953));
#3708=CARTESIAN_POINT('Ctrl Pts',(0.23984381298347,0.251788229465214,-0.0120026588482429));
#3709=CARTESIAN_POINT('Ctrl Pts',(0.241339292502434,0.251233963168177,0.0205635098807372));
#3710=CARTESIAN_POINT('Ctrl Pts',(0.244576715590831,0.237602106394414,0.0845079153385847));
#3711=CARTESIAN_POINT('Ctrl Pts',(0.246234138890979,0.224332970876161,0.115200927745588));
#3712=CARTESIAN_POINT('Ctrl Pts',(0.249355329776259,0.187041226085401,0.169002970987638));
#3713=CARTESIAN_POINT('Ctrl Pts',(0.250944308732408,0.163625422914836,0.191764096019303));
#3714=CARTESIAN_POINT('Ctrl Pts',(0.254168708349622,0.109299840004076,0.227177213665731));
#3715=CARTESIAN_POINT('Ctrl Pts',(0.255688412464316,0.0788775735225887,
0.239445817768134));
#3716=CARTESIAN_POINT('Ctrl Pts',(0.258882630606021,0.014718173703306,0.251716014520596));
#3717=CARTESIAN_POINT('Ctrl Pts',(0.260532690081546,-0.0184250935750276,
0.251471880960811));
#3718=CARTESIAN_POINT('Ctrl Pts',(0.263704513342403,-0.0821346674743407,
0.238311839690459));
#3719=CARTESIAN_POINT('Ctrl Pts',(0.265218170620366,-0.112139304208324,
0.225750737317386));
#3720=CARTESIAN_POINT('Ctrl Pts',(0.268458962445671,-0.166298178937112,
0.189548002446978));
#3721=CARTESIAN_POINT('Ctrl Pts',(0.270058392224347,-0.189782587771779,
0.166029771097945));
#3722=CARTESIAN_POINT('Ctrl Pts',(0.273196188883295,-0.226085656554073,
0.111555777256713));
#3723=CARTESIAN_POINT('Ctrl Pts',(0.274826897553842,-0.238673265050607,
0.0812055304036067));
#3724=CARTESIAN_POINT('Ctrl Pts',(0.278034242699791,-0.251462492567436,
0.0176225776385998));
#3725=CARTESIAN_POINT('Ctrl Pts',(0.279530732356415,-0.251633225820799,
-0.014988814941723));
#3726=CARTESIAN_POINT('Ctrl Pts',(0.282758215596381,-0.239418748165856,
-0.0791838273776568));
#3727=CARTESIAN_POINT('Ctrl Pts',(0.284414896619035,-0.226871142778235,
-0.110095602397966));
#3728=CARTESIAN_POINT('Ctrl Pts',(0.28755067487534,-0.190891143268165,-0.164631939588703));
#3729=CARTESIAN_POINT('Ctrl Pts',(0.289114414453035,-0.168047590291951,
-0.187891695412303));
#3730=CARTESIAN_POINT('Ctrl Pts',(0.292343689287648,-0.114538341954763,
-0.224594999682075));
#3731=CARTESIAN_POINT('Ctrl Pts',(0.293879060025911,-0.0843187164833514,
-0.237596944828395));
#3732=CARTESIAN_POINT('Ctrl Pts',(0.296325696635526,-0.0351753175403317,
-0.248143286799461));
#3733=CARTESIAN_POINT('Ctrl Pts',(0.297201136118379,-0.0175911484867186,
-0.25));
#3734=CARTESIAN_POINT('Ctrl Pts',(0.298076923076922,-1.09273919746571E-17,
-0.25));
#3735=CARTESIAN_POINT('Ctrl Pts',(0.307692307692307,3.99396176673715E-15,
-0.25));
#3736=CARTESIAN_POINT('Ctrl Pts',(0.30656445834906,-0.0226540999202513,
-0.25));
#3737=CARTESIAN_POINT('Ctrl Pts',(0.305439493522642,-0.0452502611335756,
-0.246920559878762));
#3738=CARTESIAN_POINT('Ctrl Pts',(0.30277082283937,-0.0988534597124493,
-0.231971187731233));
#3739=CARTESIAN_POINT('Ctrl Pts',(0.301173544849363,-0.128494675300328,
-0.216960735480925));
#3740=CARTESIAN_POINT('Ctrl Pts',(0.297933025231726,-0.179727105318338,
-0.176739397041959));
#3741=CARTESIAN_POINT('Ctrl Pts',(0.296418409309438,-0.200990519413402,
-0.152123218281568));
#3742=CARTESIAN_POINT('Ctrl Pts',(0.293247477915453,-0.233299645479147,
-0.0956517154633232));
#3743=CARTESIAN_POINT('Ctrl Pts',(0.291597144362126,-0.243831635680932,
-0.0642190845264573));
#3744=CARTESIAN_POINT('Ctrl Pts',(0.288401901686383,-0.252101586308106,
0.000576668801446911));
#3745=CARTESIAN_POINT('Ctrl Pts',(0.286883255162604,-0.249893437730967,
0.0332983722736325));
#3746=CARTESIAN_POINT('Ctrl Pts',(0.283659250922265,-0.233116035821449,
0.095937325039212));
#3747=CARTESIAN_POINT('Ctrl Pts',(0.282068151489583,-0.218755427065365,
0.125270839521439));
#3748=CARTESIAN_POINT('Ctrl Pts',(0.278948131694494,-0.179196521221059,
0.177441622709622));
#3749=CARTESIAN_POINT('Ctrl Pts',(0.277290685284943,-0.154140076582168,
0.199593509688487));
#3750=CARTESIAN_POINT('Ctrl Pts',(0.274052530305668,-0.0975908259660189,
0.232416066724661));
#3751=CARTESIAN_POINT('Ctrl Pts',(0.27255697650654,-0.0668105473768809,
0.24305876570319));
#3752=CARTESIAN_POINT('Ctrl Pts',(0.269357904232485,-0.00255364694728273,
0.252106595213639));
#3753=CARTESIAN_POINT('Ctrl Pts',(0.267720689779022,0.0303316138738842,
0.250288544300493));
#3754=CARTESIAN_POINT('Ctrl Pts',(0.26456602674634,0.0936965056345003,0.234084297181706));
#3755=CARTESIAN_POINT('Ctrl Pts',(0.262994129097311,0.123549748773174,0.219795472588737));
#3756=CARTESIAN_POINT('Ctrl Pts',(0.259757283872238,0.175607459892662,0.180835599398911));
#3757=CARTESIAN_POINT('Ctrl Pts',(0.258228439958291,0.19744088327819,0.156705351522346));
#3758=CARTESIAN_POINT('Ctrl Pts',(0.255069309917417,0.231081885324884,0.100915843427658));
#3759=CARTESIAN_POINT('Ctrl Pts',(0.253415958594416,0.242344210281896,0.0696567780052404));
#3760=CARTESIAN_POINT('Ctrl Pts',(0.250208274567666,0.25204160702673,0.00506207143692939));
#3761=CARTESIAN_POINT('Ctrl Pts',(0.248700940282488,0.250574464946307,-0.0276225107478479));
#3762=CARTESIAN_POINT('Ctrl Pts',(0.245482395302472,0.23524400189843,-0.0906163040704425));
#3763=CARTESIAN_POINT('Ctrl Pts',(0.243864449623648,0.221522676938427,-0.120328632534054));
#3764=CARTESIAN_POINT('Ctrl Pts',(0.240756954323641,0.183061083506542,-0.173461321159543));
#3765=CARTESIAN_POINT('Ctrl Pts',(0.23910236682831,0.158454889654315,-0.196195723684073));
#3766=CARTESIAN_POINT('Ctrl Pts',(0.235856084816376,0.102596348515118,-0.230246681961313));
#3767=CARTESIAN_POINT('Ctrl Pts',(0.234357713912537,0.0720786478952739,
-0.241545528016972));
#3768=CARTESIAN_POINT('Ctrl Pts',(0.232109326506089,0.0269173031907517,
-0.248913927383007));
#3769=CARTESIAN_POINT('Ctrl Pts',(0.23143905694446,0.0134541986425234,-0.25));
#3770=CARTESIAN_POINT('Ctrl Pts',(0.230769230769229,3.05966975290397E-16,
-0.25));
#3771=CARTESIAN_POINT('Origin',(1.25,0.,0.));
#3772=CARTESIAN_POINT('',(0.144230769230768,1.02962377258724E-15,-0.25));
#3773=CARTESIAN_POINT('',(0.153846153846152,-5.60141019225758E-16,-0.25));
#3774=CARTESIAN_POINT('',(1.25,-3.06161699786838E-17,-0.25));
#3775=CARTESIAN_POINT('Ctrl Pts',(0.144230769230768,2.51330015417112E-15,
-0.25));
#3776=CARTESIAN_POINT('Ctrl Pts',(0.145356122754425,0.0226039686268328,
-0.25));
#3777=CARTESIAN_POINT('Ctrl Pts',(0.146478737348435,0.045152922826194,-0.246934173049902));
#3778=CARTESIAN_POINT('Ctrl Pts',(0.149116782705088,0.098140977890138,-0.232189046681332));
#3779=CARTESIAN_POINT('Ctrl Pts',(0.150682948839773,0.127290800297773,-0.217579060738495));
#3780=CARTESIAN_POINT('Ctrl Pts',(0.153911739152168,0.178632647416082,-0.177909141962973));
#3781=CARTESIAN_POINT('Ctrl Pts',(0.155445318111574,0.200271163924056,-0.15314293395619));
#3782=CARTESIAN_POINT('Ctrl Pts',(0.158627341960832,0.23292011304109,-0.0965475761226768));
#3783=CARTESIAN_POINT('Ctrl Pts',(0.160273880233828,0.243553844800103,-0.0652281585082808));
#3784=CARTESIAN_POINT('Ctrl Pts',(0.16345550498403,0.252067646867116,-0.000799244911098121));
#3785=CARTESIAN_POINT('Ctrl Pts',(0.164959908647471,0.250071613450078,0.0316685176882095));
#3786=CARTESIAN_POINT('Ctrl Pts',(0.168203628621608,0.233659328857964,0.094842496227041));
#3787=CARTESIAN_POINT('Ctrl Pts',(0.169829255169393,0.219093135244497,0.124858437281753));
#3788=CARTESIAN_POINT('Ctrl Pts',(0.172952210899124,0.179472686060374,0.177044841621672));
#3789=CARTESIAN_POINT('Ctrl Pts',(0.174576821193493,0.154973911646754,0.198842202938286));
#3790=CARTESIAN_POINT('Ctrl Pts',(0.177790183007255,0.0991232460905319,
0.231779034819756));
#3791=CARTESIAN_POINT('Ctrl Pts',(0.179290674240069,0.0683255654494095,
0.242649080577698));
#3792=CARTESIAN_POINT('Ctrl Pts',(0.182508545155158,0.0036910735490323,
0.252137722419824));
#3793=CARTESIAN_POINT('Ctrl Pts',(0.184163871844951,-0.0295579915462207,
0.250426599485496));
#3794=CARTESIAN_POINT('Ctrl Pts',(0.187311797898716,-0.0927875636433984,
0.234374460212217));
#3795=CARTESIAN_POINT('Ctrl Pts',(0.188856415827143,-0.122229155269526,
0.220456432905245));
#3796=CARTESIAN_POINT('Ctrl Pts',(0.192089670530993,-0.174530058271383,
0.181953981792046));
#3797=CARTESIAN_POINT('Ctrl Pts',(0.19364205454835,-0.19679506184221,0.157606040497771));
#3798=CARTESIAN_POINT('Ctrl Pts',(0.196809865061611,-0.230698549964397,
0.101718489629682));
#3799=CARTESIAN_POINT('Ctrl Pts',(0.198451775389557,-0.242007484405177,
0.0707161998480231));
#3800=CARTESIAN_POINT('Ctrl Pts',(0.201643160354972,-0.251985494574786,
0.00655690270223151));
#3801=CARTESIAN_POINT('Ctrl Pts',(0.203141155914842,-0.250730110944457,
-0.0259627880658135));
#3802=CARTESIAN_POINT('Ctrl Pts',(0.206387645105359,-0.235720640740924,
-0.0896510538710582));
#3803=CARTESIAN_POINT('Ctrl Pts',(0.208044909142415,-0.221751088295339,
-0.120114302642385));
#3804=CARTESIAN_POINT('Ctrl Pts',(0.211151015769412,-0.18318998796167,-0.173182999248802));
#3805=CARTESIAN_POINT('Ctrl Pts',(0.212768348946476,-0.159214484368105,
-0.195451903608369));
#3806=CARTESIAN_POINT('Ctrl Pts',(0.215987310136625,-0.104101189058561,
-0.229594983380452));
#3807=CARTESIAN_POINT('Ctrl Pts',(0.217495378944565,-0.0734843551669997,
-0.24114517343767));
#3808=CARTESIAN_POINT('Ctrl Pts',(0.219771500507935,-0.0277659392846031,
-0.2488442974083));
#3809=CARTESIAN_POINT('Ctrl Pts',(0.220462882121739,-0.013878775847464,
-0.25));
#3810=CARTESIAN_POINT('Ctrl Pts',(0.221153846153845,4.09777199049639E-17,
-0.25));
#3811=CARTESIAN_POINT('Ctrl Pts',(0.230769230769229,3.05966975290397E-16,
-0.25));
#3812=CARTESIAN_POINT('Ctrl Pts',(0.229818898510975,-0.019088473176714,
-0.25));
#3813=CARTESIAN_POINT('Ctrl Pts',(0.228869458754483,-0.0381590194695381,
-0.247813722431465));
#3814=CARTESIAN_POINT('Ctrl Pts',(0.226355770493965,-0.0886492248884818,
-0.236026910832885));
#3815=CARTESIAN_POINT('Ctrl Pts',(0.224805051822266,-0.118702533208406,
-0.222434538688745));
#3816=CARTESIAN_POINT('Ctrl Pts',(0.221572145267263,-0.171548905901208,
-0.184694759320587));
#3817=CARTESIAN_POINT('Ctrl Pts',(0.220025917330396,-0.193929974143017,
-0.161034945481802));
#3818=CARTESIAN_POINT('Ctrl Pts',(0.216879064162911,-0.228842636521469,
-0.105917909744021));
#3819=CARTESIAN_POINT('Ctrl Pts',(0.215223587184571,-0.240803428054889,
-0.0748408964957653));
#3820=CARTESIAN_POINT('Ctrl Pts',(0.212004811565004,-0.25186767912792,-0.0104560558176141));
#3821=CARTESIAN_POINT('Ctrl Pts',(0.210504806437719,-0.251106041917234,
0.0221899433908919));
#3822=CARTESIAN_POINT('Ctrl Pts',(0.207291960870931,-0.237156488979238,
0.085512051251945));
#3823=CARTESIAN_POINT('Ctrl Pts',(0.205666768200306,-0.224048472250483,
0.115576710514095));
#3824=CARTESIAN_POINT('Ctrl Pts',(0.202542427241022,-0.186758551169632,
0.169445875186165));
#3825=CARTESIAN_POINT('Ctrl Pts',(0.200919316023755,-0.1627642739258,0.192610456618555));
#3826=CARTESIAN_POINT('Ctrl Pts',(0.197675849268103,-0.107831777644932,
0.22783980188829));
#3827=CARTESIAN_POINT('Ctrl Pts',(0.196170731538634,-0.0775934101995457,
0.239829023123364));
#3828=CARTESIAN_POINT('Ctrl Pts',(0.192989971780139,-0.0137043368736135,
0.251765331609711));
#3829=CARTESIAN_POINT('Ctrl Pts',(0.191343081906573,0.0193752654481148,
0.251392545687111));
#3830=CARTESIAN_POINT('Ctrl Pts',(0.188159906715811,0.0833128553992989,
0.237949040965973));
#3831=CARTESIAN_POINT('Ctrl Pts',(0.186627733389903,0.113570453903053,0.225083352800102));
#3832=CARTESIAN_POINT('Ctrl Pts',(0.183399334091564,0.167231956975225,0.188619528477715));
#3833=CARTESIAN_POINT('Ctrl Pts',(0.181831195544,0.190182016016024,0.16545226961314));
#3834=CARTESIAN_POINT('Ctrl Pts',(0.178698058585357,0.22640691789786,0.111051289652855));
#3835=CARTESIAN_POINT('Ctrl Pts',(0.177041176871716,0.239089215365609,0.0801790401927444));
#3836=CARTESIAN_POINT('Ctrl Pts',(0.1738117739225,0.25156800084535,0.0160293627374435));
#3837=CARTESIAN_POINT('Ctrl Pts',(0.172315750139483,0.251532716062672,-0.0165738148121999));
#3838=CARTESIAN_POINT('Ctrl Pts',(0.169109758502162,0.23900988393003,-0.0802147388797174));
#3839=CARTESIAN_POINT('Ctrl Pts',(0.167477857197476,0.226542383484661,-0.110629199375272));
#3840=CARTESIAN_POINT('Ctrl Pts',(0.164337060274757,0.190466180538355,-0.165240271306566));
#3841=CARTESIAN_POINT('Ctrl Pts',(0.162742713317268,0.167098282441774,-0.188838734143001));
#3842=CARTESIAN_POINT('Ctrl Pts',(0.159502573295994,0.113116451713108,-0.225262875386549));
#3843=CARTESIAN_POINT('Ctrl Pts',(0.157986596173244,0.0831653578147098,
-0.237954261344329));
#3844=CARTESIAN_POINT('Ctrl Pts',(0.155569428267887,0.0346138703488675,
-0.248202278618711));
#3845=CARTESIAN_POINT('Ctrl Pts',(0.154707916945619,0.0173094637859212,
-0.25));
#3846=CARTESIAN_POINT('Ctrl Pts',(0.153846153846152,-1.52983487645199E-16,
-0.25));
#3847=CARTESIAN_POINT('Origin',(1.25,0.,0.));
#3848=CARTESIAN_POINT('',(0.0673076923076911,8.57702907762358E-17,-0.25));
#3849=CARTESIAN_POINT('',(0.0769230769230755,9.94295307445571E-17,-0.25));
#3850=CARTESIAN_POINT('',(1.25,-3.06161699786838E-17,-0.25));
#3851=CARTESIAN_POINT('Ctrl Pts',(0.0673076923076911,3.60603935163683E-16,
-0.25));
#3852=CARTESIAN_POINT('Ctrl Pts',(0.0686213355489285,0.0263859755957302,
-0.25));
#3853=CARTESIAN_POINT('Ctrl Pts',(0.0699269532442485,0.0526477908664187,
-0.24582227082896));
#3854=CARTESIAN_POINT('Ctrl Pts',(0.0727173924662462,0.108613518062015,
-0.227496139400684));
#3855=CARTESIAN_POINT('Ctrl Pts',(0.0743355339571871,0.137171500148259,
-0.211506853465427));
#3856=CARTESIAN_POINT('Ctrl Pts',(0.0775539439165773,0.186577288344986,
-0.169526901037664));
#3857=CARTESIAN_POINT('Ctrl Pts',(0.0790610468074966,0.206960468319598,
-0.143936964434901));
#3858=CARTESIAN_POINT('Ctrl Pts',(0.0822690261487751,0.237051441986469,
-0.0859622957072674));
#3859=CARTESIAN_POINT('Ctrl Pts',(0.0839224415323669,0.246296468703485,
-0.0540464174079033));
#3860=CARTESIAN_POINT('Ctrl Pts',(0.0870812678527021,0.251836059512296,
0.0108673781788718));
#3861=CARTESIAN_POINT('Ctrl Pts',(0.0886105125229763,0.248337405971189,
0.0432210519236055));
#3862=CARTESIAN_POINT('Ctrl Pts',(0.0918472615996185,0.229087097970998,
0.105325676935498));
#3863=CARTESIAN_POINT('Ctrl Pts',(0.0934185756997275,0.21331939965969,0.134421485406103));
#3864=CARTESIAN_POINT('Ctrl Pts',(0.0965736148686761,0.171554473764385,
0.184752642813591));
#3865=CARTESIAN_POINT('Ctrl Pts',(0.0982109685681192,0.146005584987072,
0.205540119999504));
#3866=CARTESIAN_POINT('Ctrl Pts',(0.101409836957307,0.0886846568207285,
0.235958032131798));
#3867=CARTESIAN_POINT('Ctrl Pts',(0.102905419296513,0.0575228168941048,
0.245422637428722));
#3868=CARTESIAN_POINT('Ctrl Pts',(0.106143808623936,-0.00752380998332975,
0.25207191054142));
#3869=CARTESIAN_POINT('Ctrl Pts',(0.10780126141937,-0.0408155802589531,
0.248859670713973));
#3870=CARTESIAN_POINT('Ctrl Pts',(0.110920903119857,-0.10347702987669,0.229868050645036));
#3871=CARTESIAN_POINT('Ctrl Pts',(0.112512689943034,-0.132329338244644,
0.214560255854102));
#3872=CARTESIAN_POINT('Ctrl Pts',(0.115736566414373,-0.182696341272124,
0.173716497639701));
#3873=CARTESIAN_POINT('Ctrl Pts',(0.117254877448398,-0.203700213574829,
0.148531573798043));
#3874=CARTESIAN_POINT('Ctrl Pts',(0.120450448808885,-0.235063288041426,
0.0912322895035586));
#3875=CARTESIAN_POINT('Ctrl Pts',(0.122100869523125,-0.245000783984828,
0.0596046548535099));
#3876=CARTESIAN_POINT('Ctrl Pts',(0.125271512386667,-0.252017615599152,
-0.00507871889538429));
#3877=CARTESIAN_POINT('Ctrl Pts',(0.126786442250836,-0.249265158455371,
-0.0374905032847043));
#3878=CARTESIAN_POINT('Ctrl Pts',(0.13002687362274,-0.231422836169153,-0.100130379853854));
#3879=CARTESIAN_POINT('Ctrl Pts',(0.131623463084569,-0.216250302090032,
-0.129685111883296));
#3880=CARTESIAN_POINT('Ctrl Pts',(0.134762930788374,-0.1755492621223,-0.180948466407258));
#3881=CARTESIAN_POINT('Ctrl Pts',(0.13639430549148,-0.15051964349802,-0.202246340258082));
#3882=CARTESIAN_POINT('Ctrl Pts',(0.139600902779246,-0.0939242963516482,
-0.233927044947038));
#3883=CARTESIAN_POINT('Ctrl Pts',(0.141097117852127,-0.0629428494790411,
-0.244093908203889));
#3884=CARTESIAN_POINT('Ctrl Pts',(0.143204288523843,-0.0206179988844715,
-0.249363072018108));
#3885=CARTESIAN_POINT('Ctrl Pts',(0.143717813410444,-0.0103032842798339,
-0.25));
#3886=CARTESIAN_POINT('Ctrl Pts',(0.144230769230768,2.35212112254493E-15,
-0.25));
#3887=CARTESIAN_POINT('Ctrl Pts',(0.153846153846152,-4.23436439017961E-16,
-0.25));
#3888=CARTESIAN_POINT('Ctrl Pts',(0.153080710495359,-0.0153747752357217,
-0.25));
#3889=CARTESIAN_POINT('Ctrl Pts',(0.152315068504559,-0.0307535403752411,
-0.248581708044745));
#3890=CARTESIAN_POINT('Ctrl Pts',(0.149969556313794,-0.077865743660139,
-0.239774657503694));
#3891=CARTESIAN_POINT('Ctrl Pts',(0.148452327948923,-0.108324969870768,
-0.227641450436271));
#3892=CARTESIAN_POINT('Ctrl Pts',(0.145228871939057,-0.162800449261748,
-0.192466893038322));
#3893=CARTESIAN_POINT('Ctrl Pts',(0.14363481578417,-0.186321649051577,-0.169798053864543));
#3894=CARTESIAN_POINT('Ctrl Pts',(0.140516417116984,-0.223853869468429,
-0.116133116922443));
#3895=CARTESIAN_POINT('Ctrl Pts',(0.138858946981345,-0.237255287956987,
-0.0854820967026737));
#3896=CARTESIAN_POINT('Ctrl Pts',(0.135619793825218,-0.251147437275389,
-0.0215857267690836));
#3897=CARTESIAN_POINT('Ctrl Pts',(0.134124102177927,-0.251834498688221,
0.010971841878628));
#3898=CARTESIAN_POINT('Ctrl Pts',(0.130925905683784,-0.240734643161023,
0.0749104873615511));
#3899=CARTESIAN_POINT('Ctrl Pts',(0.129288099312217,-0.228912537618247,
0.105659363087714));
#3900=CARTESIAN_POINT('Ctrl Pts',(0.126131832206284,-0.194050023734708,
0.160991513370599));
#3901=CARTESIAN_POINT('Ctrl Pts',(0.124562413263025,-0.171301061616324,
0.185012737673071));
#3902=CARTESIAN_POINT('Ctrl Pts',(0.121325980673569,-0.118261417283221,
0.222606994940735));
#3903=CARTESIAN_POINT('Ctrl Pts',(0.11979540775019,-0.0885956369756265,
0.235988177205081));
#3904=CARTESIAN_POINT('Ctrl Pts',(0.116637579591981,-0.0251671701724772,
0.250898333835179));
#3905=CARTESIAN_POINT('Ctrl Pts',(0.114983958064641,0.00804764485132654,
0.252028825518659));
#3906=CARTESIAN_POINT('Ctrl Pts',(0.111775016196424,0.0725027869819487,
0.241440409366158));
#3907=CARTESIAN_POINT('Ctrl Pts',(0.110268654567666,0.103154410370815,0.230020136470755));
#3908=CARTESIAN_POINT('Ctrl Pts',(0.107050690671061,0.15840984285813,0.196106771776208));
#3909=CARTESIAN_POINT('Ctrl Pts',(0.105431911993044,0.182486019804992,0.173927035986473));
#3910=CARTESIAN_POINT('Ctrl Pts',(0.102322520119558,0.221250530027824,0.121026043915052));
#3911=CARTESIAN_POINT('Ctrl Pts',(0.100671568911321,0.235334835340277,0.0906483110452904));
#3912=CARTESIAN_POINT('Ctrl Pts',(0.0974255758178876,0.250613776088645,
0.0270580789889889));
#3913=CARTESIAN_POINT('Ctrl Pts',(0.0959266493564477,0.25201133061076,-0.00545186736657573));
#3914=CARTESIAN_POINT('Ctrl Pts',(0.0927370608248096,0.242314214271546,
-0.0696644921638154));
#3915=CARTESIAN_POINT('Ctrl Pts',(0.0910941988263705,0.231134345665553,
-0.100728817048987));
#3916=CARTESIAN_POINT('Ctrl Pts',(0.0879235871460854,0.1974712806776,-0.156753646160835));
#3917=CARTESIAN_POINT('Ctrl Pts',(0.0863751102671764,0.175326911326451,
-0.181182526865258));
#3918=CARTESIAN_POINT('Ctrl Pts',(0.0831426848140835,0.123210436052264,
-0.219910483378471));
#3919=CARTESIAN_POINT('Ctrl Pts',(0.0815942109100979,0.0938248860246903,
-0.233962005981651));
#3920=CARTESIAN_POINT('Ctrl Pts',(0.0790188502973244,0.042095923285278,
-0.247337221134566));
#3921=CARTESIAN_POINT('Ctrl Pts',(0.0779718608877989,0.0210659844542869,
-0.25));
#3922=CARTESIAN_POINT('Ctrl Pts',(0.0769230769230753,-1.99424903537491E-15,
-0.25));
#3923=CARTESIAN_POINT('Origin',(0.,0.,0.));
#3924=CARTESIAN_POINT('',(0.0576923076923057,6.61980720998084E-17,0.216691330623676));
#3925=CARTESIAN_POINT('',(0.0793269230769221,3.53984678518054E-16,0.204200579607554));
#3926=CARTESIAN_POINT('',(0.,3.06161699786838E-17,0.25));
#3927=CARTESIAN_POINT('Ctrl Pts',(0.0576923076923056,1.76750565190078E-15,
0.216691330623677));
#3928=CARTESIAN_POINT('Ctrl Pts',(0.0590073345062724,-0.0152630243755566,
0.215932099538641));
#3929=CARTESIAN_POINT('Ctrl Pts',(0.0603286911721389,-0.0304372357304889,
0.213556666877659));
#3930=CARTESIAN_POINT('Ctrl Pts',(0.0628334363332631,-0.0588983001469259,
0.205930286191191));
#3931=CARTESIAN_POINT('Ctrl Pts',(0.0640042048685569,-0.0723040491732192,
0.200909146685745));
#3932=CARTESIAN_POINT('Ctrl Pts',(0.0675180811193782,-0.108979325088628,
0.182655392226929));
#3933=CARTESIAN_POINT('Ctrl Pts',(0.0699035043301339,-0.13038317248346,
0.166312814977572));
#3934=CARTESIAN_POINT('Ctrl Pts',(0.0743728250695901,-0.164065186479824,
0.128557370889751));
#3935=CARTESIAN_POINT('Ctrl Pts',(0.0766968012073024,-0.179426594758597,
0.105226088196391));
#3936=CARTESIAN_POINT('Ctrl Pts',(0.0820937634062521,-0.198578970658491,
0.0491905600105658));
#3937=CARTESIAN_POINT('Ctrl Pts',(0.084470313914949,-0.201231041522646,
0.0232996816204726));
#3938=CARTESIAN_POINT('Ctrl Pts',(0.0865384615384399,-0.200036995935525,
2.25765381892402E-13));
#3939=CARTESIAN_POINT('',(0.0865384615384616,-0.141171470895534,0.141723024057829));
#3940=CARTESIAN_POINT('Origin',(0.086538461538457,2.22918796283004E-15,
-1.31128703695885E-15));
#3941=CARTESIAN_POINT('Ctrl Pts',(0.086538461538462,-0.141171470895541,
0.141723024057821));
#3942=CARTESIAN_POINT('Ctrl Pts',(0.0858568962220722,-0.130975740533265,
0.152434488930506));
#3943=CARTESIAN_POINT('Ctrl Pts',(0.0851676901379577,-0.119628282014836,
0.161986584507737));
#3944=CARTESIAN_POINT('Ctrl Pts',(0.0837847714703567,-0.0947842604940371,
0.178597599406695));
#3945=CARTESIAN_POINT('Ctrl Pts',(0.0830956561003212,-0.0813265607613184,
0.185547307509887));
#3946=CARTESIAN_POINT('Ctrl Pts',(0.0814917598373215,-0.0474023945872029,
0.198472464389701));
#3947=CARTESIAN_POINT('Ctrl Pts',(0.0804535298516978,-0.0246447137203207,
0.203550132882867));
#3948=CARTESIAN_POINT('Ctrl Pts',(0.0793269230769221,1.4369520446674E-15,
0.204200579607554));
#3949=CARTESIAN_POINT('Origin',(0.,0.,0.));
#3950=CARTESIAN_POINT('',(-2.24251213319579E-15,3.0616169978684E-17,0.250000000000001));
#3951=CARTESIAN_POINT('',(0.0216346153846144,2.46169365534369E-17,0.237509248983879));
#3952=CARTESIAN_POINT('',(0.,3.06161699786838E-17,0.25));
#3953=CARTESIAN_POINT('',(0.,0.,-0.25));
#3954=CARTESIAN_POINT('Origin',(0.,0.,0.));
#3955=CARTESIAN_POINT('Ctrl Pts',(-2.23294425382133E-15,4.48023070960939E-16,
-0.250000000000001));
#3956=CARTESIAN_POINT('Ctrl Pts',(0.00134927075929826,0.0180677291009387,
-0.249220998163909));
#3957=CARTESIAN_POINT('Ctrl Pts',(0.00270100566956683,0.0359975463014899,
-0.246482060655729));
#3958=CARTESIAN_POINT('Ctrl Pts',(0.00537558798632459,0.0711453674371439,
-0.237128480933701));
#3959=CARTESIAN_POINT('Ctrl Pts',(0.00668329490256711,0.088391086283165,
-0.230461598417652));
#3960=CARTESIAN_POINT('Ctrl Pts',(0.0104204999208535,0.132674170349399,
-0.20717374559906));
#3961=CARTESIAN_POINT('Ctrl Pts',(0.0128637459421069,0.157491418371047,
-0.18717181714928));
#3962=CARTESIAN_POINT('Ctrl Pts',(0.016430482705784,0.187747445164804,-0.15112009086076));
#3963=CARTESIAN_POINT('Ctrl Pts',(0.0175733538332647,0.196660249687411,
-0.13819767130843));
#3964=CARTESIAN_POINT('Ctrl Pts',(0.021111135269971,0.219167013035947,-0.0973604324647744));
#3965=CARTESIAN_POINT('Ctrl Pts',(0.0235696116262929,0.228643946831987,
-0.067539634518017));
#3966=CARTESIAN_POINT('Ctrl Pts',(0.0281420740694314,0.235147534329396,
-0.00957309336161657));
#3967=CARTESIAN_POINT('Ctrl Pts',(0.0304609622114949,0.233916911940678,
0.0218749631086926));
#3968=CARTESIAN_POINT('Ctrl Pts',(0.035586579950224,0.215940275326821,0.0828940870065024));
#3969=CARTESIAN_POINT('Ctrl Pts',(0.0379757140275472,0.202405812310083,
0.109099941268831));
#3970=CARTESIAN_POINT('Ctrl Pts',(0.0414280063715719,0.175161830557789,
0.143700941169948));
#3971=CARTESIAN_POINT('Ctrl Pts',(0.0425870155924508,0.165143526849247,
0.154109495852361));
#3972=CARTESIAN_POINT('Ctrl Pts',(0.0461631156211324,0.132140342767545,
0.182361747826417));
#3973=CARTESIAN_POINT('Ctrl Pts',(0.0486003626785677,0.106754205606245,
0.19670773641653));
#3974=CARTESIAN_POINT('Ctrl Pts',(0.0521407182117695,0.0656281299747274,
0.210370298588394));
#3975=CARTESIAN_POINT('Ctrl Pts',(0.053301076866447,0.0515176650963294,
0.213579466995878));
#3976=CARTESIAN_POINT('Ctrl Pts',(0.0555665422775675,0.0247789048967471,
0.216861116926906));
#3977=CARTESIAN_POINT('Ctrl Pts',(0.0566273700781725,0.0123603325729413,
0.217306172641866));
#3978=CARTESIAN_POINT('Ctrl Pts',(0.0576923076923056,1.82214261177406E-15,
0.216691330623676));
#3979=CARTESIAN_POINT('Ctrl Pts',(0.0793269230769221,1.61221903669384E-15,
0.204200579607554));
#3980=CARTESIAN_POINT('Ctrl Pts',(0.0791542434223435,0.00377739664601389,
0.204300276252609));
#3981=CARTESIAN_POINT('Ctrl Pts',(0.0789797899230094,0.00759913266262955,
0.204296208701305));
#3982=CARTESIAN_POINT('Ctrl Pts',(0.0775657401638334,0.0386232212956516,
0.20337240381119));
#3983=CARTESIAN_POINT('Ctrl Pts',(0.076412119570151,0.0652901000470739,
0.197123124396079));
#3984=CARTESIAN_POINT('Ctrl Pts',(0.0740297469770095,0.114109866117751,
0.175036199447493));
#3985=CARTESIAN_POINT('Ctrl Pts',(0.072827326531222,0.135948366213853,0.159577806135894));
#3986=CARTESIAN_POINT('Ctrl Pts',(0.071059989404291,0.163853101486843,0.130435219747687));
#3987=CARTESIAN_POINT('Ctrl Pts',(0.0704809289160555,0.172382777590462,
0.119511830137025));
#3988=CARTESIAN_POINT('Ctrl Pts',(0.0687053931087885,0.194322081019187,
0.0849530673667541));
#3989=CARTESIAN_POINT('Ctrl Pts',(0.0674910584174272,0.20431418262823,0.059407216866561));
#3990=CARTESIAN_POINT('Ctrl Pts',(0.0650718941081376,0.214269019164659,
0.00471775723816986));
#3991=CARTESIAN_POINT('Ctrl Pts',(0.0639067092133002,0.213626584564096,
-0.0240063584938891));
#3992=CARTESIAN_POINT('Ctrl Pts',(0.0615063821260763,0.201665650445109,
-0.0778266205815731));
#3993=CARTESIAN_POINT('Ctrl Pts',(0.060338221942498,0.190963218272784,-0.102708434885572));
#3994=CARTESIAN_POINT('Ctrl Pts',(0.0581809272150735,0.161716977272507,
-0.146036242009009));
#3995=CARTESIAN_POINT('Ctrl Pts',(0.0569521076422203,0.141887946992932,
-0.167319365101576));
#3996=CARTESIAN_POINT('Ctrl Pts',(0.0543698950643605,0.0914781873807787,
-0.200655127873815));
#3997=CARTESIAN_POINT('Ctrl Pts',(0.053216610017733,0.0643554574554738,
-0.211597982626206));
#3998=CARTESIAN_POINT('Ctrl Pts',(0.0508295996138849,0.00833141538003806,
-0.222285157566091));
#3999=CARTESIAN_POINT('Ctrl Pts',(0.0496305174883642,-0.0200784356965171,
-0.222222909530618));
#4000=CARTESIAN_POINT('Ctrl Pts',(0.0478692488633092,-0.0621858295508455,
-0.213998821188298));
#4001=CARTESIAN_POINT('Ctrl Pts',(0.0472888836138601,-0.0763394815508295,
-0.209717965291661));
#4002=CARTESIAN_POINT('Ctrl Pts',(0.0455100767616378,-0.11655389652448,
-0.193129025098975));
#4003=CARTESIAN_POINT('Ctrl Pts',(0.0442983946981645,-0.140837186043765,
-0.177093286220483));
#4004=CARTESIAN_POINT('Ctrl Pts',(0.0425175106507062,-0.171951699773821,
-0.146557976744413));
#4005=CARTESIAN_POINT('Ctrl Pts',(0.0419408684917148,-0.181410695348859,
-0.135226363737653));
#4006=CARTESIAN_POINT('Ctrl Pts',(0.0401966175749531,-0.206056343565225,
-0.0990809415910109));
#4007=CARTESIAN_POINT('Ctrl Pts',(0.0389964589452751,-0.217664705006836,
-0.0722013611231061));
#4008=CARTESIAN_POINT('Ctrl Pts',(0.0365165079068157,-0.230809222769953,
-0.012555524369543));
#4009=CARTESIAN_POINT('Ctrl Pts',(0.0353686242847262,-0.230637563103344,
0.0180768130479164));
#4010=CARTESIAN_POINT('Ctrl Pts',(0.0329982844052028,-0.220184536002891,
0.0759923120467404));
#4011=CARTESIAN_POINT('Ctrl Pts',(0.0317677375018112,-0.208970739706528,
0.104480200815779));
#4012=CARTESIAN_POINT('Ctrl Pts',(0.0295259316978845,-0.177565623725203,
0.15331950442817));
#4013=CARTESIAN_POINT('Ctrl Pts',(0.0283690296456478,-0.15742787622754,
0.17542197408817));
#4014=CARTESIAN_POINT('Ctrl Pts',(0.0265112722943638,-0.11948017838927,
0.202589558478999));
#4015=CARTESIAN_POINT('Ctrl Pts',(0.025903128050349,-0.106107998904198,
0.210295255784183));
#4016=CARTESIAN_POINT('Ctrl Pts',(0.0247123013784026,-0.0780176640740445,
0.222981657040853));
#4017=CARTESIAN_POINT('Ctrl Pts',(0.0241390693988093,-0.0633556202924741,
0.227919777993181));
#4018=CARTESIAN_POINT('Ctrl Pts',(0.0229144427758757,-0.0324865088130326,
0.235099583055883));
#4019=CARTESIAN_POINT('Ctrl Pts',(0.0222738740481584,-0.0162649074932978,
0.2371401728224));
#4020=CARTESIAN_POINT('Ctrl Pts',(0.0216346153846144,7.10280478352708E-17,
0.237509248983879));
#4021=CARTESIAN_POINT('Origin',(0.,0.,0.));
#4022=CARTESIAN_POINT('',(0.,0.176431702340009,-0.177121016283801));
#4023=CARTESIAN_POINT('Ctrl Pts',(0.0216346153846144,-6.01006558606138E-17,
0.237509248983879));
#4024=CARTESIAN_POINT('Ctrl Pts',(0.0210765169376212,0.0141999164503657,
0.237831467272485));
#4025=CARTESIAN_POINT('Ctrl Pts',(0.0205194105150409,0.028432840065554,
0.236879681675418));
#4026=CARTESIAN_POINT('Ctrl Pts',(0.0187632666288719,0.0734767137360527,
0.229746610343303));
#4027=CARTESIAN_POINT('Ctrl Pts',(0.0176167879225786,0.103189214971035,
0.218735022347221));
#4028=CARTESIAN_POINT('Ctrl Pts',(0.0157989463406845,0.143249931871205,
0.194288809680904));
#4029=CARTESIAN_POINT('Ctrl Pts',(0.0151903117835247,0.155816948368704,
0.18482203734945));
#4030=CARTESIAN_POINT('Ctrl Pts',(0.0133633873127379,0.190963445954102,
0.152515627080592));
#4031=CARTESIAN_POINT('Ctrl Pts',(0.0122153013414164,0.209967467092864,
0.126309891767673));
#4032=CARTESIAN_POINT('Ctrl Pts',(0.00977309250783074,0.236850655551346,
0.0681632229692044));
#4033=CARTESIAN_POINT('Ctrl Pts',(0.00854111424955719,0.24444639758005,
0.0365885040779456));
#4034=CARTESIAN_POINT('Ctrl Pts',(0.0063470145974456,0.246806313399687,
-0.0237665152345201));
#4035=CARTESIAN_POINT('Ctrl Pts',(0.00518290106569377,0.243127114523712,
-0.055076940233653));
#4036=CARTESIAN_POINT('Ctrl Pts',(0.00325365957418878,0.226206261649408,
-0.103465975219495));
#4037=CARTESIAN_POINT('Ctrl Pts',(0.00259721254411347,0.218631837561137,
-0.119427222507222));
#4038=CARTESIAN_POINT('Ctrl Pts',(0.00130423409826253,0.200007160814923,
-0.149820117023961));
#4039=CARTESIAN_POINT('Ctrl Pts',(0.000663878591257978,0.188910905479411,
-0.164149378457981));
#4040=CARTESIAN_POINT('Ctrl Pts',(1.73643088097285E-16,0.176431702340012,
-0.177121016283798));
#4041=CARTESIAN_POINT('Origin',(0.,0.,0.));
#4042=CARTESIAN_POINT('Origin',(1.25,0.,0.));
#4043=CARTESIAN_POINT('',(1.21059542104468,-3.19452965250883E-17,-0.231712271263013));
#4044=CARTESIAN_POINT('Ctrl Pts',(1.19230769230769,-0.176431702339996,0.177121016283814));
#4045=CARTESIAN_POINT('Ctrl Pts',(1.19300806462532,-0.191849612668746,0.160774558331048));
#4046=CARTESIAN_POINT('Ctrl Pts',(1.19367973019704,-0.205125689182219,0.142303119515423));
#4047=CARTESIAN_POINT('Ctrl Pts',(1.19506462643462,-0.22582894230562,0.102986114228364));
#4048=CARTESIAN_POINT('Ctrl Pts',(1.19576293784653,-0.233384242371612,0.0824122418334256));
#4049=CARTESIAN_POINT('Ctrl Pts',(1.19747931301168,-0.245041410388445,0.0300853365530263));
#4050=CARTESIAN_POINT('Ctrl Pts',(1.19844706236502,-0.245932069122499,-0.00222440416813934));
#4051=CARTESIAN_POINT('Ctrl Pts',(1.20046462398386,-0.235182892255447,-0.0643873612947854));
#4052=CARTESIAN_POINT('Ctrl Pts',(1.20149150338929,-0.223988844733338,-0.0937553608479174));
#4053=CARTESIAN_POINT('Ctrl Pts',(1.20299158686736,-0.199325390441111,-0.13334850517039));
#4054=CARTESIAN_POINT('Ctrl Pts',(1.20347552076373,-0.189810534390352,-0.145796315044761));
#4055=CARTESIAN_POINT('Ctrl Pts',(1.20497347546819,-0.158090059565044,-0.179671513513286));
#4056=CARTESIAN_POINT('Ctrl Pts',(1.20600776125765,-0.132861304989685,-0.197818664458464));
#4057=CARTESIAN_POINT('Ctrl Pts',(1.20752163206292,-0.0912121856103206,
-0.216863875464845));
#4058=CARTESIAN_POINT('Ctrl Pts',(1.20800374571422,-0.0769260433241823,
-0.221824752925725));
#4059=CARTESIAN_POINT('Ctrl Pts',(1.20917559028458,-0.0418898984631988,
-0.230298194607533));
#4060=CARTESIAN_POINT('Ctrl Pts',(1.20988292314206,-0.0209226399144854,
-0.232424769165628));
#4061=CARTESIAN_POINT('Ctrl Pts',(1.21059542104468,0.,-0.231712271263013));
#4062=CARTESIAN_POINT('',(1.25,-2.3550899983603E-17,-0.192307692307693));
#4063=CARTESIAN_POINT('',(1.25,-2.3550899983603E-17,-0.192307692307693));
#4064=CARTESIAN_POINT('Origin',(1.25,0.,0.));
#4065=CARTESIAN_POINT('Ctrl Pts',(1.21059542104468,1.36592399683213E-17,
-0.231712271263013));
#4066=CARTESIAN_POINT('Ctrl Pts',(1.21091422970372,0.00936187847057508,
-0.231393462603968));
#4067=CARTESIAN_POINT('Ctrl Pts',(1.21123405503336,0.0187148260565495,-0.230506285641472));
#4068=CARTESIAN_POINT('Ctrl Pts',(1.21248894694705,0.0552603564774366,-0.224773437418417));
#4069=CARTESIAN_POINT('Ctrl Pts',(1.2134608927659,0.0844632974612849,-0.215215271347541));
#4070=CARTESIAN_POINT('Ctrl Pts',(1.2156062465082,0.137571195443298,-0.182574623075864));
#4071=CARTESIAN_POINT('Ctrl Pts',(1.21663910389511,0.159411883691658,-0.162419278249508));
#4072=CARTESIAN_POINT('Ctrl Pts',(1.21812657938868,0.185417576026303,-0.126850244555348));
#4073=CARTESIAN_POINT('Ctrl Pts',(1.21861453123878,0.192829541145535,-0.114316562205726));
#4074=CARTESIAN_POINT('Ctrl Pts',(1.22012079944204,0.211018127925444,-0.0751842755412185));
#4075=CARTESIAN_POINT('Ctrl Pts',(1.22114529839969,0.217941093218666,-0.0472101400367543));
#4076=CARTESIAN_POINT('Ctrl Pts',(1.22264468149781,0.220094383240752,-0.00427920104584683));
#4077=CARTESIAN_POINT('Ctrl Pts',(1.22313489239285,0.219414000300228,0.0102669014958895));
#4078=CARTESIAN_POINT('Ctrl Pts',(1.22462677095783,0.213175374022641,0.0520221834020002));
#4079=CARTESIAN_POINT('Ctrl Pts',(1.22564061237083,0.203885414606479,0.078360422840755));
#4080=CARTESIAN_POINT('Ctrl Pts',(1.22758387324397,0.176582897129287,0.124971202779118));
#4081=CARTESIAN_POINT('Ctrl Pts',(1.22855707943068,0.158235977902039,0.1468486123846));
#4082=CARTESIAN_POINT('Ctrl Pts',(1.23081896427796,0.109432296279433,0.183579185020184));
#4083=CARTESIAN_POINT('Ctrl Pts',(1.2318509919901,0.0833305665359995,0.194809215349971));
#4084=CARTESIAN_POINT('Ctrl Pts',(1.23367485105608,0.0343722425938497,0.207414762200108));
#4085=CARTESIAN_POINT('Ctrl Pts',(1.23466246469274,0.00820751908500084,
0.209102021702675));
#4086=CARTESIAN_POINT('Ctrl Pts',(1.23659723442614,-0.0422993363619589,
0.202846821040029));
#4087=CARTESIAN_POINT('Ctrl Pts',(1.23758258679618,-0.0689894720528537,
0.195017087893256));
#4088=CARTESIAN_POINT('Ctrl Pts',(1.23930494022428,-0.107940340904042,0.172603304151221));
#4089=CARTESIAN_POINT('Ctrl Pts',(1.23990052231098,-0.1202721722785,0.163511911973936));
#4090=CARTESIAN_POINT('Ctrl Pts',(1.2410959150132,-0.142766717984709,0.142623385535512));
#4091=CARTESIAN_POINT('Ctrl Pts',(1.24169178979658,-0.152832604197366,0.130868534642851));
#4092=CARTESIAN_POINT('Ctrl Pts',(1.24227069637218,-0.161465247116114,0.118083757209179));
#4093=CARTESIAN_POINT('Ctrl Pts',(1.24227069637218,-0.197607254827647,-0.0310833167854637));
#4094=CARTESIAN_POINT('Ctrl Pts',(1.23942154345618,-0.203467118480523,-0.0121659154061055));
#4095=CARTESIAN_POINT('Ctrl Pts',(1.23700410113241,-0.205848153568335,0.00589310419535319));
#4096=CARTESIAN_POINT('Ctrl Pts',(1.23226272924224,-0.206922880547634,0.0403499972533459));
#4097=CARTESIAN_POINT('Ctrl Pts',(1.22974358257837,-0.205132233679828,0.0585742291602366));
#4098=CARTESIAN_POINT('Ctrl Pts',(1.22270436746026,-0.193441139378463,0.109182983686269));
#4099=CARTESIAN_POINT('Ctrl Pts',(1.21911142535254,-0.179219426154956,0.135189272756481));
#4100=CARTESIAN_POINT('Ctrl Pts',(1.2121574246923,-0.1470638609543,0.17961475126075));
#4101=CARTESIAN_POINT('Ctrl Pts',(1.20827684230018,-0.124371460979423,0.200562087571782));
#4102=CARTESIAN_POINT('Ctrl Pts',(1.20227607011646,-0.081821455262886,0.226459777177949));
#4103=CARTESIAN_POINT('Ctrl Pts',(1.20027995404574,-0.0656352281842199,
0.233473354511056));
#4104=CARTESIAN_POINT('Ctrl Pts',(1.19640471473702,-0.034353105992034,0.244105928891122));
#4105=CARTESIAN_POINT('Ctrl Pts',(1.19434661578403,-0.0173092098764615,
0.247961076523665));
#4106=CARTESIAN_POINT('Ctrl Pts',(1.19230769230769,-3.82458719112997E-15,
0.25));
#4107=CARTESIAN_POINT('Origin',(1.25,0.,0.));
#4108=CARTESIAN_POINT('Ctrl Pts',(0.0769230769230753,-1.84672924371704E-15,
-0.25));
#4109=CARTESIAN_POINT('Ctrl Pts',(0.0763369479979299,-0.0117730469197057,
-0.25));
#4110=CARTESIAN_POINT('Ctrl Pts',(0.0757502585786696,-0.0235573519826666,
-0.249168393810662));
#4111=CARTESIAN_POINT('Ctrl Pts',(0.0735731587395386,-0.0672868071509265,
-0.242937724116395));
#4112=CARTESIAN_POINT('Ctrl Pts',(0.0720737792798996,-0.0981203269510303,
-0.232203868314679));
#4113=CARTESIAN_POINT('Ctrl Pts',(0.06886165057668,-0.154116628623868,-0.19950962584854));
#4114=CARTESIAN_POINT('Ctrl Pts',(0.0672356696941564,-0.1787190382661,-0.177808069732648));
#4115=CARTESIAN_POINT('Ctrl Pts',(0.0641094439963716,-0.218549946620281,
-0.125799594533214));
#4116=CARTESIAN_POINT('Ctrl Pts',(0.0624897328235894,-0.233234399028882,
-0.0958730905886824));
#4117=CARTESIAN_POINT('Ctrl Pts',(0.0592466170763685,-0.249925244365045,
-0.0328023830618882));
#4118=CARTESIAN_POINT('Ctrl Pts',(0.0577404797934891,-0.252068510648677,
-0.000345284339986567));
#4119=CARTESIAN_POINT('Ctrl Pts',(0.0545609129499825,-0.243845992480203,
0.0641348105958292));
#4120=CARTESIAN_POINT('Ctrl Pts',(0.0529135520586222,-0.23334728071209,
0.095515472383735));
#4121=CARTESIAN_POINT('Ctrl Pts',(0.0497288146467089,-0.200948283481405,
0.152249354355219));
#4122=CARTESIAN_POINT('Ctrl Pts',(0.0481985181557292,-0.179433715100176,
0.177097721830992));
#4123=CARTESIAN_POINT('Ctrl Pts',(0.0449706569402476,-0.128281992490653,
0.216997574958083));
#4124=CARTESIAN_POINT('Ctrl Pts',(0.0433997839825978,-0.0991901162464494,
0.231744086710203));
#4125=CARTESIAN_POINT('Ctrl Pts',(0.0402682653276889,-0.0362901048794588,
0.249551739647349));
#4126=CARTESIAN_POINT('Ctrl Pts',(0.0386112758531801,-0.00300764091642064,
0.252158365812015));
#4127=CARTESIAN_POINT('Ctrl Pts',(0.0353807241580938,0.0618815584578334,
0.244363982676275));
#4128=CARTESIAN_POINT('Ctrl Pts',(0.0338849208683325,0.0928986833188832,
0.234335057509342));
#4129=CARTESIAN_POINT('Ctrl Pts',(0.0306797655278101,0.149637984765087,
0.202901763890371));
#4130=CARTESIAN_POINT('Ctrl Pts',(0.0290471550211053,0.174770474923521,
0.181703250033276));
#4131=CARTESIAN_POINT('Ctrl Pts',(0.0259045563696189,0.215681704039384,
0.13062220367325));
#4132=CARTESIAN_POINT('Ctrl Pts',(0.0243132249048817,0.230971950713799,
0.101157759000008));
#4133=CARTESIAN_POINT('Ctrl Pts',(0.0210734864315583,0.249092409844584,
0.0386228884356747));
#4134=CARTESIAN_POINT('Ctrl Pts',(0.0195560395994892,0.251992157857218,
0.00622234738532029));
#4135=CARTESIAN_POINT('Ctrl Pts',(0.0163876525005827,0.245266910074492,
-0.0585081264401523));
#4136=CARTESIAN_POINT('Ctrl Pts',(0.0147365750737111,0.235465685943214,
-0.0901939081124562));
#4137=CARTESIAN_POINT('Ctrl Pts',(0.0115384793604223,0.204353455998676,
-0.147628010509313));
#4138=CARTESIAN_POINT('Ctrl Pts',(0.0100226821329354,0.183472530761794,
-0.17289350173207));
#4139=CARTESIAN_POINT('Ctrl Pts',(0.0069822261533128,0.13613497691083,-0.211638998180832));
#4140=CARTESIAN_POINT('Ctrl Pts',(0.00555201944849242,0.110957639998938,
-0.22585913734661));
#4141=CARTESIAN_POINT('Ctrl Pts',(0.00281522319443184,0.0569832253433748,
-0.245092959835573));
#4142=CARTESIAN_POINT('Ctrl Pts',(0.00142377848684827,0.0285981636630313,
-0.250000000000001));
#4143=CARTESIAN_POINT('Ctrl Pts',(-2.15372066200506E-15,-1.32276079853224E-14,
-0.25));
#4144=CARTESIAN_POINT('Origin',(0.,0.,0.));
#4145=CARTESIAN_POINT('Ctrl Pts',(1.16957242228751E-16,0.17643170234001,
-0.1771210162838));
#4146=CARTESIAN_POINT('Ctrl Pts',(0.00152941942394349,0.198460927330728,
-0.155177523931002));
#4147=CARTESIAN_POINT('Ctrl Pts',(0.00297240888562371,0.216203375694183,
-0.12931699874964));
#4148=CARTESIAN_POINT('Ctrl Pts',(0.00606503519853194,0.241395060342976,
-0.0721866851334389));
#4149=CARTESIAN_POINT('Ctrl Pts',(0.0076335116651261,0.248536202425145,
-0.0413811045397089));
#4150=CARTESIAN_POINT('Ctrl Pts',(0.0106844245070119,0.251097486176463,
0.0222212927200534));
#4151=CARTESIAN_POINT('Ctrl Pts',(0.0122532004175104,0.246127858446195,
0.0544519550369844));
#4152=CARTESIAN_POINT('Ctrl Pts',(0.0154814738872129,0.22411010981401,0.115478381123301));
#4153=CARTESIAN_POINT('Ctrl Pts',(0.0170132024105293,0.207177687969062,
0.143659383441528));
#4154=CARTESIAN_POINT('Ctrl Pts',(0.0201967451992049,0.163324677435316,
0.19209057948465));
#4155=CARTESIAN_POINT('Ctrl Pts',(0.0218437465379251,0.136768293525367,
0.211821042753264));
#4156=CARTESIAN_POINT('Ctrl Pts',(0.0250242276047169,0.0780461752101362,
0.239682040913102));
#4157=CARTESIAN_POINT('Ctrl Pts',(0.0265295799521794,0.0465309456276279,
0.247736810824021));
#4158=CARTESIAN_POINT('Ctrl Pts',(0.0297729648880323,-0.0186160235634584,
0.251483976353031));
#4159=CARTESIAN_POINT('Ctrl Pts',(0.0313952747032619,-0.0516370297852242,
0.246827940979116));
#4160=CARTESIAN_POINT('Ctrl Pts',(0.0345200586128061,-0.113454599490024,
0.225130778494982));
#4161=CARTESIAN_POINT('Ctrl Pts',(0.0361454369632904,-0.141722768197996,
0.208495296921525));
#4162=CARTESIAN_POINT('Ctrl Pts',(0.0393581155598261,-0.190202841469665,
0.16543706233229));
#4163=CARTESIAN_POINT('Ctrl Pts',(0.040857969917506,-0.209991812356186,
0.139463256222975));
#4164=CARTESIAN_POINT('Ctrl Pts',(0.0440770345273707,-0.238851697444016,
0.0808544641315933));
#4165=CARTESIAN_POINT('Ctrl Pts',(0.0457325585764015,-0.247423519263737,
0.048675313750788));
#4166=CARTESIAN_POINT('Ctrl Pts',(0.0488790661379788,-0.251536903902767,
-0.0164417148334603));
#4167=CARTESIAN_POINT('Ctrl Pts',(0.0504258161433578,-0.247317587361935,
-0.0487365367063957));
#4168=CARTESIAN_POINT('Ctrl Pts',(0.0536586104027306,-0.226710092048971,
-0.110316659957216));
#4169=CARTESIAN_POINT('Ctrl Pts',(0.0552087996918953,-0.210370375456367,
-0.138965859870112));
#4170=CARTESIAN_POINT('Ctrl Pts',(0.0583781754326875,-0.167580683721742,
-0.188376464924502));
#4171=CARTESIAN_POINT('Ctrl Pts',(0.0600206197880203,-0.141535250414618,
-0.208654467748725));
#4172=CARTESIAN_POINT('Ctrl Pts',(0.0632110082290272,-0.083522790652028,
-0.237830787076305));
#4173=CARTESIAN_POINT('Ctrl Pts',(0.064709505012303,-0.0521874618748764,
-0.246608961987397));
#4174=CARTESIAN_POINT('Ctrl Pts',(0.0666420934679147,-0.0133692879402829,
-0.249732218882963));
#4175=CARTESIAN_POINT('Ctrl Pts',(0.06697509116374,-0.006680661378912,-0.25));
#4176=CARTESIAN_POINT('Ctrl Pts',(0.067307692307691,4.50754918954603E-17,
-0.25));
#4177=CARTESIAN_POINT('Origin',(-0.0230268837245496,0.,0.));
#4178=CARTESIAN_POINT('',(-0.04296875,6.46061265441566E-17,0.527549058137725));
#4179=CARTESIAN_POINT('',(-0.04296875,-6.46061265441566E-17,-0.527549058137725));
#4180=CARTESIAN_POINT('Origin',(-0.04296875,0.,0.));
#4181=CARTESIAN_POINT('Origin',(-0.04296875,0.,0.));
#4182=CARTESIAN_POINT('',(0.,-6.31961365717762E-17,-0.51603561627545));
#4183=CARTESIAN_POINT('Origin',(-0.0230268837245496,-6.31961365717762E-17,
-0.51603561627545));
#4184=CARTESIAN_POINT('Origin',(0.,0.,0.));
#4185=CARTESIAN_POINT('Origin',(-0.04296875,0.,0.));
#4186=CARTESIAN_POINT('',(-0.131042989780438,-5.67324210212148E-17,0.375));
#4187=CARTESIAN_POINT('',(-0.04296875,-6.46061265441566E-17,0.527549058137725));
#4188=CARTESIAN_POINT('',(-0.101213695721608,-0.203515969889346,0.375));
#4189=CARTESIAN_POINT('Ctrl Pts',(-0.131042989780438,-6.75405870744039E-17,
0.375));
#4190=CARTESIAN_POINT('Ctrl Pts',(-0.131042989780438,-0.0951998746558436,
0.375));
#4191=CARTESIAN_POINT('Ctrl Pts',(-0.101213695721607,-0.203515969889345,
0.375));
#4192=CARTESIAN_POINT('',(-0.101213695721608,-0.223001541474493,0.36375));
#4193=CARTESIAN_POINT('Ctrl Pts',(-0.101213695721607,-0.203515969889345,
0.375));
#4194=CARTESIAN_POINT('Ctrl Pts',(-0.100988478701358,-0.204333777651254,
0.375));
#4195=CARTESIAN_POINT('Ctrl Pts',(-0.100782973300533,-0.20515866024664,
0.374955237432186));
#4196=CARTESIAN_POINT('Ctrl Pts',(-0.099913157170633,-0.209072487111085,
0.374523678022397));
#4197=CARTESIAN_POINT('Ctrl Pts',(-0.0995589596697818,-0.212145092441014,
0.373498735885455));
#4198=CARTESIAN_POINT('Ctrl Pts',(-0.0995589596697818,-0.217386847337672,
0.370472407284844));
#4199=CARTESIAN_POINT('Ctrl Pts',(-0.0999131571706331,-0.219810775930637,
0.368323924081793));
#4200=CARTESIAN_POINT('Ctrl Pts',(-0.100782973300533,-0.22214143077498,
0.365150230296063));
#4201=CARTESIAN_POINT('Ctrl Pts',(-0.100988478701358,-0.222592637593538,
0.364458242297226));
#4202=CARTESIAN_POINT('Ctrl Pts',(-0.101213695721608,-0.223001541474493,
0.36375));
#4203=CARTESIAN_POINT('',(-0.101213695721608,-0.426517511363836,0.0112499999999999));
#4204=CARTESIAN_POINT('Ctrl Pts',(-0.101213695721608,-0.223001541474493,
0.363749999999999));
#4205=CARTESIAN_POINT('Ctrl Pts',(-0.157260192767226,-0.324759526419165,
0.1875));
#4206=CARTESIAN_POINT('Ctrl Pts',(-0.101213695721608,-0.426517511363836,
0.0112499999999999));
#4207=CARTESIAN_POINT('',(-0.101213695721608,-0.426517511363836,-0.01125));
#4208=CARTESIAN_POINT('Ctrl Pts',(-0.101213695721608,-0.426517511363836,
0.0112499999999999));
#4209=CARTESIAN_POINT('Ctrl Pts',(-0.100988478701358,-0.426926415244791,
0.010541757702774));
#4210=CARTESIAN_POINT('Ctrl Pts',(-0.100782973300533,-0.427300091021619,
0.00980500713612304));
#4211=CARTESIAN_POINT('Ctrl Pts',(-0.0999131571706328,-0.428883263041722,
0.00619975394060438));
#4212=CARTESIAN_POINT('Ctrl Pts',(-0.0995589596697817,-0.429531939778686,
0.00302632860061172));
#4213=CARTESIAN_POINT('Ctrl Pts',(-0.0995589596697817,-0.429531939778686,
-0.00302632860061188));
#4214=CARTESIAN_POINT('Ctrl Pts',(-0.0999131571706328,-0.428883263041722,
-0.00619975394060453));
#4215=CARTESIAN_POINT('Ctrl Pts',(-0.100782973300533,-0.427300091021619,
-0.00980500713612319));
#4216=CARTESIAN_POINT('Ctrl Pts',(-0.100988478701358,-0.426926415244791,
-0.0105417577027742));
#4217=CARTESIAN_POINT('Ctrl Pts',(-0.101213695721608,-0.426517511363836,
-0.0112500000000001));
#4218=CARTESIAN_POINT('',(-0.101213695721608,-0.223001541474493,-0.36375));
#4219=CARTESIAN_POINT('Ctrl Pts',(-0.101213695721608,-0.426517511363836,
-0.0112499999999999));
#4220=CARTESIAN_POINT('Ctrl Pts',(-0.157260192767226,-0.324759526419164,
-0.1875));
#4221=CARTESIAN_POINT('Ctrl Pts',(-0.101213695721608,-0.223001541474493,
-0.36375));
#4222=CARTESIAN_POINT('',(-0.101213695721608,-0.203515969889346,-0.375));
#4223=CARTESIAN_POINT('Ctrl Pts',(-0.101213695721608,-0.223001541474493,
-0.36375));
#4224=CARTESIAN_POINT('Ctrl Pts',(-0.100988478701358,-0.222592637593538,
-0.364458242297226));
#4225=CARTESIAN_POINT('Ctrl Pts',(-0.100782973300533,-0.22214143077498,
-0.365150230296063));
#4226=CARTESIAN_POINT('Ctrl Pts',(-0.0999131571706329,-0.219810775930637,
-0.368323924081793));
#4227=CARTESIAN_POINT('Ctrl Pts',(-0.0995589596697818,-0.217386847337672,
-0.370472407284844));
#4228=CARTESIAN_POINT('Ctrl Pts',(-0.0995589596697818,-0.212145092441014,
-0.373498735885456));
#4229=CARTESIAN_POINT('Ctrl Pts',(-0.0999131571706329,-0.209072487111085,
-0.374523678022397));
#4230=CARTESIAN_POINT('Ctrl Pts',(-0.100782973300533,-0.20515866024664,
-0.374955237432186));
#4231=CARTESIAN_POINT('Ctrl Pts',(-0.100988478701358,-0.204333777651254,
-0.375));
#4232=CARTESIAN_POINT('Ctrl Pts',(-0.101213695721607,-0.203515969889345,
-0.375));
#4233=CARTESIAN_POINT('',(-0.101213695721608,0.203515969889343,-0.375));
#4234=CARTESIAN_POINT('Ctrl Pts',(-0.101213695721608,0.203515969889343,
-0.375));
#4235=CARTESIAN_POINT('Ctrl Pts',(-0.157260192767226,-8.39606162372775E-16,
-0.375));
#4236=CARTESIAN_POINT('Ctrl Pts',(-0.101213695721607,-0.203515969889345,
-0.375));
#4237=CARTESIAN_POINT('',(-0.101213695721608,0.223001541474493,-0.36375));
#4238=CARTESIAN_POINT('Ctrl Pts',(-0.101213695721608,0.203515969889343,
-0.375));
#4239=CARTESIAN_POINT('Ctrl Pts',(-0.100988478701358,0.204333777651253,
-0.375));
#4240=CARTESIAN_POINT('Ctrl Pts',(-0.100782973300533,0.205158660246639,
-0.374955237432186));
#4241=CARTESIAN_POINT('Ctrl Pts',(-0.0999131571706329,0.209072487111085,
-0.374523678022397));
#4242=CARTESIAN_POINT('Ctrl Pts',(-0.0995589596697818,0.212145092441014,
-0.373498735885456));
#4243=CARTESIAN_POINT('Ctrl Pts',(-0.0995589596697818,0.217386847337672,
-0.370472407284844));
#4244=CARTESIAN_POINT('Ctrl Pts',(-0.0999131571706329,0.219810775930637,
-0.368323924081793));
#4245=CARTESIAN_POINT('Ctrl Pts',(-0.100782973300533,0.22214143077498,-0.365150230296063));
#4246=CARTESIAN_POINT('Ctrl Pts',(-0.100988478701358,0.222592637593538,
-0.364458242297226));
#4247=CARTESIAN_POINT('Ctrl Pts',(-0.101213695721608,0.223001541474493,
-0.36375));
#4248=CARTESIAN_POINT('',(-0.101213695721608,0.426517511363836,-0.0112500000000001));
#4249=CARTESIAN_POINT('Ctrl Pts',(-0.101213695721608,0.223001541474493,
-0.36375));
#4250=CARTESIAN_POINT('Ctrl Pts',(-0.157260192767226,0.324759526419164,
-0.1875));
#4251=CARTESIAN_POINT('Ctrl Pts',(-0.101213695721608,0.426517511363836,
-0.0112500000000002));
#4252=CARTESIAN_POINT('',(-0.101213695721608,0.426517511363836,0.0112499999999999));
#4253=CARTESIAN_POINT('Ctrl Pts',(-0.101213695721608,0.426517511363836,
-0.0112500000000002));
#4254=CARTESIAN_POINT('Ctrl Pts',(-0.100988478701358,0.426926415244791,
-0.0105417577027742));
#4255=CARTESIAN_POINT('Ctrl Pts',(-0.100782973300533,0.427300091021618,
-0.00980500713612318));
#4256=CARTESIAN_POINT('Ctrl Pts',(-0.099913157170633,0.428883263041722,
-0.0061997539406045));
#4257=CARTESIAN_POINT('Ctrl Pts',(-0.0995589596697818,0.429531939778686,
-0.00302632860061182));
#4258=CARTESIAN_POINT('Ctrl Pts',(-0.0995589596697818,0.429531939778686,
0.00302632860061178));
#4259=CARTESIAN_POINT('Ctrl Pts',(-0.099913157170633,0.428883263041722,
0.00619975394060446));
#4260=CARTESIAN_POINT('Ctrl Pts',(-0.100782973300533,0.427300091021618,
0.00980500713612308));
#4261=CARTESIAN_POINT('Ctrl Pts',(-0.100988478701358,0.426926415244791,
0.0105417577027741));
#4262=CARTESIAN_POINT('Ctrl Pts',(-0.101213695721608,0.426517511363836,
0.0112499999999999));
#4263=CARTESIAN_POINT('',(-0.101213695721608,0.223001541474493,0.36375));
#4264=CARTESIAN_POINT('Ctrl Pts',(-0.101213695721608,0.426517511363836,
0.0112499999999999));
#4265=CARTESIAN_POINT('Ctrl Pts',(-0.157260192767226,0.324759526419165,
0.1875));
#4266=CARTESIAN_POINT('Ctrl Pts',(-0.101213695721608,0.223001541474493,
0.36375));
#4267=CARTESIAN_POINT('',(-0.101213695721608,0.203515969889343,0.375));
#4268=CARTESIAN_POINT('Ctrl Pts',(-0.101213695721608,0.223001541474493,
0.36375));
#4269=CARTESIAN_POINT('Ctrl Pts',(-0.100988478701358,0.222592637593538,
0.364458242297226));
#4270=CARTESIAN_POINT('Ctrl Pts',(-0.100782973300533,0.22214143077498,0.365150230296063));
#4271=CARTESIAN_POINT('Ctrl Pts',(-0.099913157170633,0.219810775930637,
0.368323924081793));
#4272=CARTESIAN_POINT('Ctrl Pts',(-0.0995589596697818,0.217386847337672,
0.370472407284844));
#4273=CARTESIAN_POINT('Ctrl Pts',(-0.0995589596697818,0.212145092441014,
0.373498735885456));
#4274=CARTESIAN_POINT('Ctrl Pts',(-0.099913157170633,0.209072487111085,
0.374523678022397));
#4275=CARTESIAN_POINT('Ctrl Pts',(-0.100782973300533,0.205158660246639,
0.374955237432186));
#4276=CARTESIAN_POINT('Ctrl Pts',(-0.100988478701358,0.204333777651253,
0.375));
#4277=CARTESIAN_POINT('Ctrl Pts',(-0.101213695721608,0.203515969889343,
0.375));
#4278=CARTESIAN_POINT('Ctrl Pts',(-0.101213695721608,0.203515969889343,
0.375));
#4279=CARTESIAN_POINT('Ctrl Pts',(-0.131042989780438,0.0951998746558426,
0.375));
#4280=CARTESIAN_POINT('Ctrl Pts',(-0.131042989780438,-6.75405870744039E-17,
0.375));
#4281=CARTESIAN_POINT('Origin',(-0.503125,6.82961998416066E-17,0.));
#4282=CARTESIAN_POINT('',(-0.510294705454388,2.74214468164506E-17,-0.333767687578284));
#4283=CARTESIAN_POINT('Origin',(-0.510294705454388,6.82961998416066E-17,
0.));
#4284=CARTESIAN_POINT('',(-0.515625,2.61674819051337E-17,-0.344007088131897));
#4285=CARTESIAN_POINT('Origin',(-0.503125,2.61674819051337E-17,-0.344007088131897));
#4286=CARTESIAN_POINT('Origin',(-0.515625,6.82961998416066E-17,0.));
#4287=CARTESIAN_POINT('Origin',(-0.515625,6.82961998416066E-17,0.));
#4288=CARTESIAN_POINT('',(-0.495955294545612,2.86510612253346E-17,-0.323727123966473));
#4289=CARTESIAN_POINT('Origin',(-0.495955294545612,6.82961998416066E-17,
0.));
#4290=CARTESIAN_POINT('',(-0.515625,2.69643703703834E-17,-0.3375));
#4291=CARTESIAN_POINT('Origin',(-0.503125,6.82961998416066E-17,0.));
#4292=CARTESIAN_POINT('',(-0.490625,2.99050261366515E-17,-0.31348772341286));
#4293=CARTESIAN_POINT('Origin',(-0.490625,6.82961998416066E-17,0.));
#4294=CARTESIAN_POINT('Origin',(-0.503125,2.99050261366515E-17,-0.31348772341286));
#4295=CARTESIAN_POINT('Origin',(0.,0.,0.51603561627545));
#4296=CARTESIAN_POINT('Ctrl Pts',(1.24759615384615,0.254163583672041,0.));
#4297=CARTESIAN_POINT('Ctrl Pts',(1.24375,0.254163583672041,-0.0825827544001863));
#4298=CARTESIAN_POINT('Ctrl Pts',(1.23990384615385,0.20562265854192,-0.149393606152229));
#4299=CARTESIAN_POINT('Ctrl Pts',(1.23605769230769,0.157081733411799,-0.216204457904273));
#4300=CARTESIAN_POINT('Ctrl Pts',(1.23221153846154,0.0785408667058994,-0.241723932456223));
#4301=CARTESIAN_POINT('Ctrl Pts',(1.22836538461538,1.63639391492896E-17,
-0.267243407008173));
#4302=CARTESIAN_POINT('Ctrl Pts',(1.22451923076923,-0.0785408667058994,
-0.241723932456223));
#4303=CARTESIAN_POINT('Ctrl Pts',(1.22067307692308,-0.157081733411799,-0.216204457904273));
#4304=CARTESIAN_POINT('Ctrl Pts',(1.21682692307692,-0.20562265854192,-0.149393606152229));
#4305=CARTESIAN_POINT('Ctrl Pts',(1.21298076923077,-0.254163583672041,-0.0825827544001863));
#4306=CARTESIAN_POINT('Ctrl Pts',(1.20913461538462,-0.254163583672041,-3.11260619203785E-17));
#4307=CARTESIAN_POINT('Ctrl Pts',(1.20528846153846,-0.254163583672041,0.0825827544001862));
#4308=CARTESIAN_POINT('Ctrl Pts',(1.20144230769231,-0.20562265854192,0.149393606152229));
#4309=CARTESIAN_POINT('Ctrl Pts',(1.19759615384615,-0.157081733411799,0.216204457904273));
#4310=CARTESIAN_POINT('Ctrl Pts',(1.19375,-0.0785408667058995,0.241723932456223));
#4311=CARTESIAN_POINT('Ctrl Pts',(1.18990384615385,-4.90918174478688E-17,
0.267243407008173));
#4312=CARTESIAN_POINT('Ctrl Pts',(1.18605769230769,0.0785408667058994,0.241723932456223));
#4313=CARTESIAN_POINT('Ctrl Pts',(1.18221153846154,0.157081733411799,0.216204457904273));
#4314=CARTESIAN_POINT('Ctrl Pts',(1.17836538461538,0.20562265854192,0.149393606152229));
#4315=CARTESIAN_POINT('Ctrl Pts',(1.17451923076923,0.254163583672041,0.0825827544001864));
#4316=CARTESIAN_POINT('Ctrl Pts',(1.17067307692308,0.254163583672041,0.));
#4317=CARTESIAN_POINT('Ctrl Pts',(1.16682692307692,0.254163583672041,-0.0825827544001863));
#4318=CARTESIAN_POINT('Ctrl Pts',(1.16298076923077,0.20562265854192,-0.149393606152229));
#4319=CARTESIAN_POINT('Ctrl Pts',(1.15913461538461,0.157081733411799,-0.216204457904273));
#4320=CARTESIAN_POINT('Ctrl Pts',(1.15528846153846,0.0785408667058994,-0.241723932456223));
#4321=CARTESIAN_POINT('Ctrl Pts',(1.15144230769231,1.63639391492896E-17,
-0.267243407008173));
#4322=CARTESIAN_POINT('Ctrl Pts',(1.14759615384615,-0.0785408667058994,
-0.241723932456223));
#4323=CARTESIAN_POINT('Ctrl Pts',(1.14375,-0.157081733411799,-0.216204457904273));
#4324=CARTESIAN_POINT('Ctrl Pts',(1.13990384615385,-0.20562265854192,-0.149393606152229));
#4325=CARTESIAN_POINT('Ctrl Pts',(1.13605769230769,-0.254163583672041,-0.0825827544001863));
#4326=CARTESIAN_POINT('Ctrl Pts',(1.13221153846154,-0.254163583672041,-3.11260619203785E-17));
#4327=CARTESIAN_POINT('Ctrl Pts',(1.12836538461538,-0.254163583672041,0.0825827544001862));
#4328=CARTESIAN_POINT('Ctrl Pts',(1.12451923076923,-0.20562265854192,0.149393606152229));
#4329=CARTESIAN_POINT('Ctrl Pts',(1.12067307692308,-0.157081733411799,0.216204457904273));
#4330=CARTESIAN_POINT('Ctrl Pts',(1.11682692307692,-0.0785408667058995,
0.241723932456223));
#4331=CARTESIAN_POINT('Ctrl Pts',(1.11298076923077,-4.90918174478688E-17,
0.267243407008173));
#4332=CARTESIAN_POINT('Ctrl Pts',(1.10913461538461,0.0785408667058994,0.241723932456223));
#4333=CARTESIAN_POINT('Ctrl Pts',(1.10528846153846,0.157081733411799,0.216204457904273));
#4334=CARTESIAN_POINT('Ctrl Pts',(1.10144230769231,0.20562265854192,0.149393606152229));
#4335=CARTESIAN_POINT('Ctrl Pts',(1.09759615384615,0.254163583672041,0.0825827544001864));
#4336=CARTESIAN_POINT('Ctrl Pts',(1.09375,0.254163583672041,0.));
#4337=CARTESIAN_POINT('Ctrl Pts',(1.08990384615385,0.254163583672041,-0.0825827544001863));
#4338=CARTESIAN_POINT('Ctrl Pts',(1.08605769230769,0.20562265854192,-0.149393606152229));
#4339=CARTESIAN_POINT('Ctrl Pts',(1.08221153846154,0.157081733411799,-0.216204457904273));
#4340=CARTESIAN_POINT('Ctrl Pts',(1.07836538461538,0.0785408667058994,-0.241723932456223));
#4341=CARTESIAN_POINT('Ctrl Pts',(1.07451923076923,1.63639391492896E-17,
-0.267243407008173));
#4342=CARTESIAN_POINT('Ctrl Pts',(1.07067307692308,-0.0785408667058994,
-0.241723932456223));
#4343=CARTESIAN_POINT('Ctrl Pts',(1.06682692307692,-0.157081733411799,-0.216204457904273));
#4344=CARTESIAN_POINT('Ctrl Pts',(1.06298076923077,-0.20562265854192,-0.149393606152229));
#4345=CARTESIAN_POINT('Ctrl Pts',(1.05913461538462,-0.254163583672041,-0.0825827544001863));
#4346=CARTESIAN_POINT('Ctrl Pts',(1.05528846153846,-0.254163583672041,-3.11260619203785E-17));
#4347=CARTESIAN_POINT('Ctrl Pts',(1.05144230769231,-0.254163583672041,0.0825827544001862));
#4348=CARTESIAN_POINT('Ctrl Pts',(1.04759615384615,-0.20562265854192,0.149393606152229));
#4349=CARTESIAN_POINT('Ctrl Pts',(1.04375,-0.157081733411799,0.216204457904273));
#4350=CARTESIAN_POINT('Ctrl Pts',(1.03990384615385,-0.0785408667058995,
0.241723932456223));
#4351=CARTESIAN_POINT('Ctrl Pts',(1.03605769230769,-4.90918174478688E-17,
0.267243407008173));
#4352=CARTESIAN_POINT('Ctrl Pts',(1.03221153846154,0.0785408667058994,0.241723932456223));
#4353=CARTESIAN_POINT('Ctrl Pts',(1.02836538461538,0.157081733411799,0.216204457904273));
#4354=CARTESIAN_POINT('Ctrl Pts',(1.02451923076923,0.20562265854192,0.149393606152229));
#4355=CARTESIAN_POINT('Ctrl Pts',(1.02067307692308,0.254163583672041,0.0825827544001864));
#4356=CARTESIAN_POINT('Ctrl Pts',(1.01682692307692,0.254163583672041,0.));
#4357=CARTESIAN_POINT('Ctrl Pts',(1.01298076923077,0.254163583672041,-0.0825827544001863));
#4358=CARTESIAN_POINT('Ctrl Pts',(1.00913461538461,0.20562265854192,-0.149393606152229));
#4359=CARTESIAN_POINT('Ctrl Pts',(1.00528846153846,0.157081733411799,-0.216204457904273));
#4360=CARTESIAN_POINT('Ctrl Pts',(1.00144230769231,0.0785408667058994,-0.241723932456223));
#4361=CARTESIAN_POINT('Ctrl Pts',(0.997596153846153,1.63639391492896E-17,
-0.267243407008173));
#4362=CARTESIAN_POINT('Ctrl Pts',(0.993749999999999,-0.0785408667058994,
-0.241723932456223));
#4363=CARTESIAN_POINT('Ctrl Pts',(0.989903846153845,-0.157081733411799,
-0.216204457904273));
#4364=CARTESIAN_POINT('Ctrl Pts',(0.986057692307692,-0.20562265854192,-0.149393606152229));
#4365=CARTESIAN_POINT('Ctrl Pts',(0.982211538461538,-0.254163583672041,
-0.0825827544001863));
#4366=CARTESIAN_POINT('Ctrl Pts',(0.978365384615384,-0.254163583672041,
-3.11260619203785E-17));
#4367=CARTESIAN_POINT('Ctrl Pts',(0.97451923076923,-0.254163583672041,0.0825827544001862));
#4368=CARTESIAN_POINT('Ctrl Pts',(0.970673076923076,-0.20562265854192,0.149393606152229));
#4369=CARTESIAN_POINT('Ctrl Pts',(0.966826923076922,-0.157081733411799,
0.216204457904273));
#4370=CARTESIAN_POINT('Ctrl Pts',(0.962980769230769,-0.0785408667058995,
0.241723932456223));
#4371=CARTESIAN_POINT('Ctrl Pts',(0.959134615384615,-4.90918174478688E-17,
0.267243407008173));
#4372=CARTESIAN_POINT('Ctrl Pts',(0.955288461538461,0.0785408667058994,
0.241723932456223));
#4373=CARTESIAN_POINT('Ctrl Pts',(0.951442307692307,0.157081733411799,0.216204457904273));
#4374=CARTESIAN_POINT('Ctrl Pts',(0.947596153846153,0.20562265854192,0.149393606152229));
#4375=CARTESIAN_POINT('Ctrl Pts',(0.943749999999999,0.254163583672041,0.0825827544001864));
#4376=CARTESIAN_POINT('Ctrl Pts',(0.939903846153846,0.254163583672041,0.));
#4377=CARTESIAN_POINT('Ctrl Pts',(0.936057692307692,0.254163583672041,-0.0825827544001863));
#4378=CARTESIAN_POINT('Ctrl Pts',(0.932211538461538,0.20562265854192,-0.149393606152229));
#4379=CARTESIAN_POINT('Ctrl Pts',(0.928365384615384,0.157081733411799,-0.216204457904273));
#4380=CARTESIAN_POINT('Ctrl Pts',(0.92451923076923,0.0785408667058994,-0.241723932456223));
#4381=CARTESIAN_POINT('Ctrl Pts',(0.920673076923076,1.63639391492896E-17,
-0.267243407008173));
#4382=CARTESIAN_POINT('Ctrl Pts',(0.916826923076922,-0.0785408667058994,
-0.241723932456223));
#4383=CARTESIAN_POINT('Ctrl Pts',(0.912980769230769,-0.157081733411799,
-0.216204457904273));
#4384=CARTESIAN_POINT('Ctrl Pts',(0.909134615384615,-0.20562265854192,-0.149393606152229));
#4385=CARTESIAN_POINT('Ctrl Pts',(0.905288461538461,-0.254163583672041,
-0.0825827544001863));
#4386=CARTESIAN_POINT('Ctrl Pts',(0.901442307692307,-0.254163583672041,
-3.11260619203785E-17));
#4387=CARTESIAN_POINT('Ctrl Pts',(0.897596153846153,-0.254163583672041,
0.0825827544001862));
#4388=CARTESIAN_POINT('Ctrl Pts',(0.893749999999999,-0.20562265854192,0.149393606152229));
#4389=CARTESIAN_POINT('Ctrl Pts',(0.889903846153846,-0.157081733411799,
0.216204457904273));
#4390=CARTESIAN_POINT('Ctrl Pts',(0.886057692307692,-0.0785408667058995,
0.241723932456223));
#4391=CARTESIAN_POINT('Ctrl Pts',(0.882211538461538,-4.90918174478688E-17,
0.267243407008173));
#4392=CARTESIAN_POINT('Ctrl Pts',(0.878365384615384,0.0785408667058994,
0.241723932456223));
#4393=CARTESIAN_POINT('Ctrl Pts',(0.87451923076923,0.157081733411799,0.216204457904273));
#4394=CARTESIAN_POINT('Ctrl Pts',(0.870673076923076,0.20562265854192,0.149393606152229));
#4395=CARTESIAN_POINT('Ctrl Pts',(0.866826923076922,0.254163583672041,0.0825827544001864));
#4396=CARTESIAN_POINT('Ctrl Pts',(0.862980769230768,0.254163583672041,0.));
#4397=CARTESIAN_POINT('Ctrl Pts',(0.859134615384615,0.254163583672041,-0.0825827544001863));
#4398=CARTESIAN_POINT('Ctrl Pts',(0.855288461538461,0.20562265854192,-0.149393606152229));
#4399=CARTESIAN_POINT('Ctrl Pts',(0.851442307692307,0.157081733411799,-0.216204457904273));
#4400=CARTESIAN_POINT('Ctrl Pts',(0.847596153846153,0.0785408667058994,
-0.241723932456223));
#4401=CARTESIAN_POINT('Ctrl Pts',(0.843749999999999,1.63639391492896E-17,
-0.267243407008173));
#4402=CARTESIAN_POINT('Ctrl Pts',(0.839903846153845,-0.0785408667058994,
-0.241723932456223));
#4403=CARTESIAN_POINT('Ctrl Pts',(0.836057692307691,-0.157081733411799,
-0.216204457904273));
#4404=CARTESIAN_POINT('Ctrl Pts',(0.832211538461538,-0.20562265854192,-0.149393606152229));
#4405=CARTESIAN_POINT('Ctrl Pts',(0.828365384615384,-0.254163583672041,
-0.0825827544001863));
#4406=CARTESIAN_POINT('Ctrl Pts',(0.82451923076923,-0.254163583672041,-3.11260619203785E-17));
#4407=CARTESIAN_POINT('Ctrl Pts',(0.820673076923076,-0.254163583672041,
0.0825827544001862));
#4408=CARTESIAN_POINT('Ctrl Pts',(0.816826923076922,-0.20562265854192,0.149393606152229));
#4409=CARTESIAN_POINT('Ctrl Pts',(0.812980769230768,-0.157081733411799,
0.216204457904273));
#4410=CARTESIAN_POINT('Ctrl Pts',(0.809134615384615,-0.0785408667058995,
0.241723932456223));
#4411=CARTESIAN_POINT('Ctrl Pts',(0.805288461538461,-4.90918174478688E-17,
0.267243407008173));
#4412=CARTESIAN_POINT('Ctrl Pts',(0.801442307692307,0.0785408667058994,
0.241723932456223));
#4413=CARTESIAN_POINT('Ctrl Pts',(0.797596153846153,0.157081733411799,0.216204457904273));
#4414=CARTESIAN_POINT('Ctrl Pts',(0.793749999999999,0.20562265854192,0.149393606152229));
#4415=CARTESIAN_POINT('Ctrl Pts',(0.789903846153845,0.254163583672041,0.0825827544001864));
#4416=CARTESIAN_POINT('Ctrl Pts',(0.786057692307692,0.254163583672041,0.));
#4417=CARTESIAN_POINT('Ctrl Pts',(0.782211538461538,0.254163583672041,-0.0825827544001863));
#4418=CARTESIAN_POINT('Ctrl Pts',(0.778365384615384,0.20562265854192,-0.149393606152229));
#4419=CARTESIAN_POINT('Ctrl Pts',(0.77451923076923,0.157081733411799,-0.216204457904273));
#4420=CARTESIAN_POINT('Ctrl Pts',(0.770673076923076,0.0785408667058994,
-0.241723932456223));
#4421=CARTESIAN_POINT('Ctrl Pts',(0.766826923076922,1.63639391492896E-17,
-0.267243407008173));
#4422=CARTESIAN_POINT('Ctrl Pts',(0.762980769230769,-0.0785408667058994,
-0.241723932456223));
#4423=CARTESIAN_POINT('Ctrl Pts',(0.759134615384614,-0.157081733411799,
-0.216204457904273));
#4424=CARTESIAN_POINT('Ctrl Pts',(0.755288461538461,-0.20562265854192,-0.149393606152229));
#4425=CARTESIAN_POINT('Ctrl Pts',(0.751442307692307,-0.254163583672041,
-0.0825827544001863));
#4426=CARTESIAN_POINT('Ctrl Pts',(0.747596153846153,-0.254163583672041,
-3.11260619203785E-17));
#4427=CARTESIAN_POINT('Ctrl Pts',(0.743749999999999,-0.254163583672041,
0.0825827544001862));
#4428=CARTESIAN_POINT('Ctrl Pts',(0.739903846153845,-0.20562265854192,0.149393606152229));
#4429=CARTESIAN_POINT('Ctrl Pts',(0.736057692307692,-0.157081733411799,
0.216204457904273));
#4430=CARTESIAN_POINT('Ctrl Pts',(0.732211538461537,-0.0785408667058995,
0.241723932456223));
#4431=CARTESIAN_POINT('Ctrl Pts',(0.728365384615384,-4.90918174478688E-17,
0.267243407008173));
#4432=CARTESIAN_POINT('Ctrl Pts',(0.72451923076923,0.0785408667058994,0.241723932456223));
#4433=CARTESIAN_POINT('Ctrl Pts',(0.720673076923076,0.157081733411799,0.216204457904273));
#4434=CARTESIAN_POINT('Ctrl Pts',(0.716826923076922,0.20562265854192,0.149393606152229));
#4435=CARTESIAN_POINT('Ctrl Pts',(0.712980769230768,0.254163583672041,0.0825827544001864));
#4436=CARTESIAN_POINT('Ctrl Pts',(0.709134615384615,0.254163583672041,0.));
#4437=CARTESIAN_POINT('Ctrl Pts',(0.70528846153846,0.254163583672041,-0.0825827544001863));
#4438=CARTESIAN_POINT('Ctrl Pts',(0.701442307692307,0.20562265854192,-0.149393606152229));
#4439=CARTESIAN_POINT('Ctrl Pts',(0.697596153846153,0.157081733411799,-0.216204457904273));
#4440=CARTESIAN_POINT('Ctrl Pts',(0.693749999999999,0.0785408667058994,
-0.241723932456223));
#4441=CARTESIAN_POINT('Ctrl Pts',(0.689903846153845,1.63639391492896E-17,
-0.267243407008173));
#4442=CARTESIAN_POINT('Ctrl Pts',(0.686057692307691,-0.0785408667058994,
-0.241723932456223));
#4443=CARTESIAN_POINT('Ctrl Pts',(0.682211538461537,-0.157081733411799,
-0.216204457904273));
#4444=CARTESIAN_POINT('Ctrl Pts',(0.678365384615384,-0.20562265854192,-0.149393606152229));
#4445=CARTESIAN_POINT('Ctrl Pts',(0.67451923076923,-0.254163583672041,-0.0825827544001863));
#4446=CARTESIAN_POINT('Ctrl Pts',(0.670673076923076,-0.254163583672041,
-3.11260619203785E-17));
#4447=CARTESIAN_POINT('Ctrl Pts',(0.666826923076922,-0.254163583672041,
0.0825827544001862));
#4448=CARTESIAN_POINT('Ctrl Pts',(0.662980769230768,-0.20562265854192,0.149393606152229));
#4449=CARTESIAN_POINT('Ctrl Pts',(0.659134615384614,-0.157081733411799,
0.216204457904273));
#4450=CARTESIAN_POINT('Ctrl Pts',(0.655288461538461,-0.0785408667058995,
0.241723932456223));
#4451=CARTESIAN_POINT('Ctrl Pts',(0.651442307692307,-4.90918174478688E-17,
0.267243407008173));
#4452=CARTESIAN_POINT('Ctrl Pts',(0.647596153846153,0.0785408667058994,
0.241723932456223));
#4453=CARTESIAN_POINT('Ctrl Pts',(0.643749999999999,0.157081733411799,0.216204457904273));
#4454=CARTESIAN_POINT('Ctrl Pts',(0.639903846153845,0.20562265854192,0.149393606152229));
#4455=CARTESIAN_POINT('Ctrl Pts',(0.636057692307691,0.254163583672041,0.0825827544001864));
#4456=CARTESIAN_POINT('Ctrl Pts',(0.632211538461538,0.254163583672041,0.));
#4457=CARTESIAN_POINT('Ctrl Pts',(0.628365384615384,0.254163583672041,-0.0825827544001863));
#4458=CARTESIAN_POINT('Ctrl Pts',(0.62451923076923,0.20562265854192,-0.149393606152229));
#4459=CARTESIAN_POINT('Ctrl Pts',(0.620673076923076,0.157081733411799,-0.216204457904273));
#4460=CARTESIAN_POINT('Ctrl Pts',(0.616826923076922,0.0785408667058994,
-0.241723932456223));
#4461=CARTESIAN_POINT('Ctrl Pts',(0.612980769230768,1.63639391492896E-17,
-0.267243407008173));
#4462=CARTESIAN_POINT('Ctrl Pts',(0.609134615384614,-0.0785408667058994,
-0.241723932456223));
#4463=CARTESIAN_POINT('Ctrl Pts',(0.605288461538461,-0.157081733411799,
-0.216204457904273));
#4464=CARTESIAN_POINT('Ctrl Pts',(0.601442307692307,-0.20562265854192,-0.149393606152229));
#4465=CARTESIAN_POINT('Ctrl Pts',(0.597596153846153,-0.254163583672041,
-0.0825827544001863));
#4466=CARTESIAN_POINT('Ctrl Pts',(0.593749999999999,-0.254163583672041,
-3.11260619203785E-17));
#4467=CARTESIAN_POINT('Ctrl Pts',(0.589903846153845,-0.254163583672041,
0.0825827544001862));
#4468=CARTESIAN_POINT('Ctrl Pts',(0.586057692307691,-0.20562265854192,0.149393606152229));
#4469=CARTESIAN_POINT('Ctrl Pts',(0.582211538461537,-0.157081733411799,
0.216204457904273));
#4470=CARTESIAN_POINT('Ctrl Pts',(0.578365384615384,-0.0785408667058995,
0.241723932456223));
#4471=CARTESIAN_POINT('Ctrl Pts',(0.57451923076923,-4.90918174478688E-17,
0.267243407008173));
#4472=CARTESIAN_POINT('Ctrl Pts',(0.570673076923076,0.0785408667058994,
0.241723932456223));
#4473=CARTESIAN_POINT('Ctrl Pts',(0.566826923076922,0.157081733411799,0.216204457904273));
#4474=CARTESIAN_POINT('Ctrl Pts',(0.562980769230768,0.20562265854192,0.149393606152229));
#4475=CARTESIAN_POINT('Ctrl Pts',(0.559134615384614,0.254163583672041,0.0825827544001864));
#4476=CARTESIAN_POINT('Ctrl Pts',(0.55528846153846,0.254163583672041,0.));
#4477=CARTESIAN_POINT('Ctrl Pts',(0.551442307692307,0.254163583672041,-0.0825827544001863));
#4478=CARTESIAN_POINT('Ctrl Pts',(0.547596153846153,0.20562265854192,-0.149393606152229));
#4479=CARTESIAN_POINT('Ctrl Pts',(0.543749999999999,0.157081733411799,-0.216204457904273));
#4480=CARTESIAN_POINT('Ctrl Pts',(0.539903846153845,0.0785408667058994,
-0.241723932456223));
#4481=CARTESIAN_POINT('Ctrl Pts',(0.536057692307691,1.63639391492896E-17,
-0.267243407008173));
#4482=CARTESIAN_POINT('Ctrl Pts',(0.532211538461538,-0.0785408667058994,
-0.241723932456223));
#4483=CARTESIAN_POINT('Ctrl Pts',(0.528365384615384,-0.157081733411799,
-0.216204457904273));
#4484=CARTESIAN_POINT('Ctrl Pts',(0.52451923076923,-0.20562265854192,-0.149393606152229));
#4485=CARTESIAN_POINT('Ctrl Pts',(0.520673076923076,-0.254163583672041,
-0.0825827544001863));
#4486=CARTESIAN_POINT('Ctrl Pts',(0.516826923076922,-0.254163583672041,
-3.11260619203785E-17));
#4487=CARTESIAN_POINT('Ctrl Pts',(0.512980769230768,-0.254163583672041,
0.0825827544001862));
#4488=CARTESIAN_POINT('Ctrl Pts',(0.509134615384614,-0.20562265854192,0.149393606152229));
#4489=CARTESIAN_POINT('Ctrl Pts',(0.50528846153846,-0.157081733411799,0.216204457904273));
#4490=CARTESIAN_POINT('Ctrl Pts',(0.501442307692307,-0.0785408667058995,
0.241723932456223));
#4491=CARTESIAN_POINT('Ctrl Pts',(0.497596153846153,-4.90918174478688E-17,
0.267243407008173));
#4492=CARTESIAN_POINT('Ctrl Pts',(0.493749999999999,0.0785408667058994,
0.241723932456223));
#4493=CARTESIAN_POINT('Ctrl Pts',(0.489903846153845,0.157081733411799,0.216204457904273));
#4494=CARTESIAN_POINT('Ctrl Pts',(0.486057692307691,0.20562265854192,0.149393606152229));
#4495=CARTESIAN_POINT('Ctrl Pts',(0.482211538461537,0.254163583672041,0.0825827544001864));
#4496=CARTESIAN_POINT('Ctrl Pts',(0.478365384615384,0.254163583672041,0.));
#4497=CARTESIAN_POINT('Ctrl Pts',(0.47451923076923,0.254163583672041,-0.0825827544001863));
#4498=CARTESIAN_POINT('Ctrl Pts',(0.470673076923076,0.20562265854192,-0.149393606152229));
#4499=CARTESIAN_POINT('Ctrl Pts',(0.466826923076922,0.157081733411799,-0.216204457904273));
#4500=CARTESIAN_POINT('Ctrl Pts',(0.462980769230768,0.0785408667058994,
-0.241723932456223));
#4501=CARTESIAN_POINT('Ctrl Pts',(0.459134615384614,1.63639391492896E-17,
-0.267243407008173));
#4502=CARTESIAN_POINT('Ctrl Pts',(0.45528846153846,-0.0785408667058994,
-0.241723932456223));
#4503=CARTESIAN_POINT('Ctrl Pts',(0.451442307692307,-0.157081733411799,
-0.216204457904273));
#4504=CARTESIAN_POINT('Ctrl Pts',(0.447596153846153,-0.20562265854192,-0.149393606152229));
#4505=CARTESIAN_POINT('Ctrl Pts',(0.443749999999999,-0.254163583672041,
-0.0825827544001863));
#4506=CARTESIAN_POINT('Ctrl Pts',(0.439903846153845,-0.254163583672041,
-3.11260619203785E-17));
#4507=CARTESIAN_POINT('Ctrl Pts',(0.436057692307691,-0.254163583672041,
0.0825827544001862));
#4508=CARTESIAN_POINT('Ctrl Pts',(0.432211538461537,-0.20562265854192,0.149393606152229));
#4509=CARTESIAN_POINT('Ctrl Pts',(0.428365384615383,-0.157081733411799,
0.216204457904273));
#4510=CARTESIAN_POINT('Ctrl Pts',(0.42451923076923,-0.0785408667058995,
0.241723932456223));
#4511=CARTESIAN_POINT('Ctrl Pts',(0.420673076923076,-4.90918174478688E-17,
0.267243407008173));
#4512=CARTESIAN_POINT('Ctrl Pts',(0.416826923076922,0.0785408667058994,
0.241723932456223));
#4513=CARTESIAN_POINT('Ctrl Pts',(0.412980769230768,0.157081733411799,0.216204457904273));
#4514=CARTESIAN_POINT('Ctrl Pts',(0.409134615384614,0.20562265854192,0.149393606152229));
#4515=CARTESIAN_POINT('Ctrl Pts',(0.40528846153846,0.254163583672041,0.0825827544001864));
#4516=CARTESIAN_POINT('Ctrl Pts',(0.401442307692306,0.254163583672041,0.));
#4517=CARTESIAN_POINT('Ctrl Pts',(0.397596153846153,0.254163583672041,-0.0825827544001863));
#4518=CARTESIAN_POINT('Ctrl Pts',(0.393749999999999,0.20562265854192,-0.149393606152229));
#4519=CARTESIAN_POINT('Ctrl Pts',(0.389903846153845,0.157081733411799,-0.216204457904273));
#4520=CARTESIAN_POINT('Ctrl Pts',(0.386057692307691,0.0785408667058994,
-0.241723932456223));
#4521=CARTESIAN_POINT('Ctrl Pts',(0.382211538461537,1.63639391492896E-17,
-0.267243407008173));
#4522=CARTESIAN_POINT('Ctrl Pts',(0.378365384615383,-0.0785408667058994,
-0.241723932456223));
#4523=CARTESIAN_POINT('Ctrl Pts',(0.374519230769229,-0.157081733411799,
-0.216204457904273));
#4524=CARTESIAN_POINT('Ctrl Pts',(0.370673076923076,-0.20562265854192,-0.149393606152229));
#4525=CARTESIAN_POINT('Ctrl Pts',(0.366826923076922,-0.254163583672041,
-0.0825827544001863));
#4526=CARTESIAN_POINT('Ctrl Pts',(0.362980769230768,-0.254163583672041,
-3.11260619203785E-17));
#4527=CARTESIAN_POINT('Ctrl Pts',(0.359134615384614,-0.254163583672041,
0.0825827544001862));
#4528=CARTESIAN_POINT('Ctrl Pts',(0.35528846153846,-0.20562265854192,0.149393606152229));
#4529=CARTESIAN_POINT('Ctrl Pts',(0.351442307692306,-0.157081733411799,
0.216204457904273));
#4530=CARTESIAN_POINT('Ctrl Pts',(0.347596153846153,-0.0785408667058995,
0.241723932456223));
#4531=CARTESIAN_POINT('Ctrl Pts',(0.343749999999999,-4.90918174478688E-17,
0.267243407008173));
#4532=CARTESIAN_POINT('Ctrl Pts',(0.339903846153845,0.0785408667058994,
0.241723932456223));
#4533=CARTESIAN_POINT('Ctrl Pts',(0.336057692307691,0.157081733411799,0.216204457904273));
#4534=CARTESIAN_POINT('Ctrl Pts',(0.332211538461537,0.20562265854192,0.149393606152229));
#4535=CARTESIAN_POINT('Ctrl Pts',(0.328365384615383,0.254163583672041,0.0825827544001864));
#4536=CARTESIAN_POINT('Ctrl Pts',(0.32451923076923,0.254163583672041,0.));
#4537=CARTESIAN_POINT('Ctrl Pts',(0.320673076923076,0.254163583672041,-0.0825827544001863));
#4538=CARTESIAN_POINT('Ctrl Pts',(0.316826923076922,0.20562265854192,-0.149393606152229));
#4539=CARTESIAN_POINT('Ctrl Pts',(0.312980769230768,0.157081733411799,-0.216204457904273));
#4540=CARTESIAN_POINT('Ctrl Pts',(0.309134615384614,0.0785408667058994,
-0.241723932456223));
#4541=CARTESIAN_POINT('Ctrl Pts',(0.30528846153846,1.63639391492896E-17,
-0.267243407008173));
#4542=CARTESIAN_POINT('Ctrl Pts',(0.301442307692306,-0.0785408667058994,
-0.241723932456223));
#4543=CARTESIAN_POINT('Ctrl Pts',(0.297596153846153,-0.157081733411799,
-0.216204457904273));
#4544=CARTESIAN_POINT('Ctrl Pts',(0.293749999999999,-0.20562265854192,-0.149393606152229));
#4545=CARTESIAN_POINT('Ctrl Pts',(0.289903846153845,-0.254163583672041,
-0.0825827544001863));
#4546=CARTESIAN_POINT('Ctrl Pts',(0.286057692307691,-0.254163583672041,
-3.11260619203785E-17));
#4547=CARTESIAN_POINT('Ctrl Pts',(0.282211538461537,-0.254163583672041,
0.0825827544001862));
#4548=CARTESIAN_POINT('Ctrl Pts',(0.278365384615383,-0.20562265854192,0.149393606152229));
#4549=CARTESIAN_POINT('Ctrl Pts',(0.27451923076923,-0.157081733411799,0.216204457904273));
#4550=CARTESIAN_POINT('Ctrl Pts',(0.270673076923076,-0.0785408667058995,
0.241723932456223));
#4551=CARTESIAN_POINT('Ctrl Pts',(0.266826923076922,-4.90918174478688E-17,
0.267243407008173));
#4552=CARTESIAN_POINT('Ctrl Pts',(0.262980769230768,0.0785408667058994,
0.241723932456223));
#4553=CARTESIAN_POINT('Ctrl Pts',(0.259134615384614,0.157081733411799,0.216204457904273));
#4554=CARTESIAN_POINT('Ctrl Pts',(0.25528846153846,0.20562265854192,0.149393606152229));
#4555=CARTESIAN_POINT('Ctrl Pts',(0.251442307692306,0.254163583672041,0.0825827544001864));
#4556=CARTESIAN_POINT('Ctrl Pts',(0.247596153846152,0.254163583672041,0.));
#4557=CARTESIAN_POINT('Ctrl Pts',(0.243749999999999,0.254163583672041,-0.0825827544001863));
#4558=CARTESIAN_POINT('Ctrl Pts',(0.239903846153845,0.20562265854192,-0.149393606152229));
#4559=CARTESIAN_POINT('Ctrl Pts',(0.236057692307691,0.157081733411799,-0.216204457904273));
#4560=CARTESIAN_POINT('Ctrl Pts',(0.232211538461537,0.0785408667058994,
-0.241723932456223));
#4561=CARTESIAN_POINT('Ctrl Pts',(0.228365384615383,1.63639391492896E-17,
-0.267243407008173));
#4562=CARTESIAN_POINT('Ctrl Pts',(0.224519230769229,-0.0785408667058994,
-0.241723932456223));
#4563=CARTESIAN_POINT('Ctrl Pts',(0.220673076923076,-0.157081733411799,
-0.216204457904273));
#4564=CARTESIAN_POINT('Ctrl Pts',(0.216826923076922,-0.20562265854192,-0.149393606152229));
#4565=CARTESIAN_POINT('Ctrl Pts',(0.212980769230768,-0.254163583672041,
-0.0825827544001863));
#4566=CARTESIAN_POINT('Ctrl Pts',(0.209134615384614,-0.254163583672041,
-3.11260619203785E-17));
#4567=CARTESIAN_POINT('Ctrl Pts',(0.20528846153846,-0.254163583672041,0.0825827544001862));
#4568=CARTESIAN_POINT('Ctrl Pts',(0.201442307692306,-0.20562265854192,0.149393606152229));
#4569=CARTESIAN_POINT('Ctrl Pts',(0.197596153846152,-0.157081733411799,
0.216204457904273));
#4570=CARTESIAN_POINT('Ctrl Pts',(0.193749999999999,-0.0785408667058995,
0.241723932456223));
#4571=CARTESIAN_POINT('Ctrl Pts',(0.189903846153845,-4.90918174478688E-17,
0.267243407008173));
#4572=CARTESIAN_POINT('Ctrl Pts',(0.186057692307691,0.0785408667058994,
0.241723932456223));
#4573=CARTESIAN_POINT('Ctrl Pts',(0.182211538461537,0.157081733411799,0.216204457904273));
#4574=CARTESIAN_POINT('Ctrl Pts',(0.178365384615383,0.20562265854192,0.149393606152229));
#4575=CARTESIAN_POINT('Ctrl Pts',(0.174519230769229,0.254163583672041,0.0825827544001864));
#4576=CARTESIAN_POINT('Ctrl Pts',(0.170673076923076,0.254163583672041,0.));
#4577=CARTESIAN_POINT('Ctrl Pts',(0.166826923076922,0.254163583672041,-0.0825827544001863));
#4578=CARTESIAN_POINT('Ctrl Pts',(0.162980769230768,0.20562265854192,-0.149393606152229));
#4579=CARTESIAN_POINT('Ctrl Pts',(0.159134615384614,0.157081733411799,-0.216204457904273));
#4580=CARTESIAN_POINT('Ctrl Pts',(0.15528846153846,0.0785408667058994,-0.241723932456223));
#4581=CARTESIAN_POINT('Ctrl Pts',(0.151442307692306,1.63639391492896E-17,
-0.267243407008173));
#4582=CARTESIAN_POINT('Ctrl Pts',(0.147596153846152,-0.0785408667058994,
-0.241723932456223));
#4583=CARTESIAN_POINT('Ctrl Pts',(0.143749999999999,-0.157081733411799,
-0.216204457904273));
#4584=CARTESIAN_POINT('Ctrl Pts',(0.139903846153845,-0.20562265854192,-0.149393606152229));
#4585=CARTESIAN_POINT('Ctrl Pts',(0.136057692307691,-0.254163583672041,
-0.0825827544001863));
#4586=CARTESIAN_POINT('Ctrl Pts',(0.132211538461537,-0.254163583672041,
-3.11260619203785E-17));
#4587=CARTESIAN_POINT('Ctrl Pts',(0.128365384615383,-0.254163583672041,
0.0825827544001862));
#4588=CARTESIAN_POINT('Ctrl Pts',(0.124519230769229,-0.20562265854192,0.149393606152229));
#4589=CARTESIAN_POINT('Ctrl Pts',(0.120673076923075,-0.157081733411799,
0.216204457904273));
#4590=CARTESIAN_POINT('Ctrl Pts',(0.116826923076922,-0.0785408667058995,
0.241723932456223));
#4591=CARTESIAN_POINT('Ctrl Pts',(0.112980769230768,-4.90918174478688E-17,
0.267243407008173));
#4592=CARTESIAN_POINT('Ctrl Pts',(0.109134615384614,0.0785408667058994,
0.241723932456223));
#4593=CARTESIAN_POINT('Ctrl Pts',(0.10528846153846,0.157081733411799,0.216204457904273));
#4594=CARTESIAN_POINT('Ctrl Pts',(0.101442307692306,0.20562265854192,0.149393606152229));
#4595=CARTESIAN_POINT('Ctrl Pts',(0.0975961538461524,0.254163583672041,
0.0825827544001864));
#4596=CARTESIAN_POINT('Ctrl Pts',(0.0937499999999986,0.254163583672041,
0.));
#4597=CARTESIAN_POINT('Ctrl Pts',(0.0899038461538446,0.254163583672041,
-0.0825827544001863));
#4598=CARTESIAN_POINT('Ctrl Pts',(0.0860576923076909,0.20562265854192,-0.149393606152229));
#4599=CARTESIAN_POINT('Ctrl Pts',(0.082211538461537,0.157081733411799,-0.216204457904273));
#4600=CARTESIAN_POINT('Ctrl Pts',(0.0783653846153831,0.0785408667058994,
-0.241723932456223));
#4601=CARTESIAN_POINT('Ctrl Pts',(0.0745192307692293,1.63639391492896E-17,
-0.267243407008173));
#4602=CARTESIAN_POINT('Ctrl Pts',(0.0706730769230754,-0.0785408667058994,
-0.241723932456223));
#4603=CARTESIAN_POINT('Ctrl Pts',(0.0668269230769217,-0.157081733411799,
-0.216204457904273));
#4604=CARTESIAN_POINT('Ctrl Pts',(0.0629807692307678,-0.20562265854192,
-0.149393606152229));
#4605=CARTESIAN_POINT('Ctrl Pts',(0.0591346153846138,-0.254163583672041,
-0.0825827544001863));
#4606=CARTESIAN_POINT('Ctrl Pts',(0.0552884615384601,-0.254163583672041,
-3.11260619203785E-17));
#4607=CARTESIAN_POINT('Ctrl Pts',(0.0514423076923062,-0.254163583672041,
0.0825827544001862));
#4608=CARTESIAN_POINT('Ctrl Pts',(0.0475961538461523,-0.20562265854192,
0.149393606152229));
#4609=CARTESIAN_POINT('Ctrl Pts',(0.0437499999999985,-0.157081733411799,
0.216204457904273));
#4610=CARTESIAN_POINT('Ctrl Pts',(0.0399038461538446,-0.0785408667058995,
0.241723932456223));
#4611=CARTESIAN_POINT('Ctrl Pts',(0.0360576923076907,-4.90918174478688E-17,
0.267243407008173));
#4612=CARTESIAN_POINT('Ctrl Pts',(0.032211538461537,0.0785408667058994,
0.241723932456223));
#4613=CARTESIAN_POINT('Ctrl Pts',(0.0283653846153831,0.157081733411799,
0.216204457904273));
#4614=CARTESIAN_POINT('Ctrl Pts',(0.0245192307692293,0.20562265854192,0.149393606152229));
#4615=CARTESIAN_POINT('Ctrl Pts',(0.0206730769230754,0.254163583672041,
0.0825827544001864));
#4616=CARTESIAN_POINT('Ctrl Pts',(0.0168269230769215,0.254163583672041,
0.));
#4617=CARTESIAN_POINT('Ctrl Pts',(0.0129807692307678,0.254163583672041,
-0.0825827544001863));
#4618=CARTESIAN_POINT('Ctrl Pts',(0.00913461538461372,0.20562265854192,
-0.149393606152229));
#4619=CARTESIAN_POINT('Ctrl Pts',(0.00528846153845995,0.157081733411799,
-0.216204457904273));
#4620=CARTESIAN_POINT('Ctrl Pts',(0.00144230769230619,0.0785408667058994,
-0.241723932456223));
#4621=CARTESIAN_POINT('Ctrl Pts',(-0.00240384615384757,1.63639391492896E-17,
-0.267243407008173));
#4622=CARTESIAN_POINT('Ctrl Pts',(-0.00625000000000161,-0.0785408667058994,
-0.241723932456223));
#4623=CARTESIAN_POINT('Ctrl Pts',(-0.0100961538461554,-0.157081733411799,
-0.216204457904273));
#4624=CARTESIAN_POINT('Ctrl Pts',(-0.0139423076923091,-0.20562265854192,
-0.149393606152229));
#4625=CARTESIAN_POINT('Ctrl Pts',(-0.0177884615384632,-0.254163583672041,
-0.0825827544001863));
#4626=CARTESIAN_POINT('Ctrl Pts',(-0.0216346153846169,-0.254163583672041,
-3.11260619203785E-17));
#4627=CARTESIAN_POINT('Ctrl Pts',(-0.0254807692307707,-0.254163583672041,
0.0825827544001862));
#4628=CARTESIAN_POINT('Ctrl Pts',(-0.0293269230769247,-0.20562265854192,
0.149393606152229));
#4629=CARTESIAN_POINT('Ctrl Pts',(-0.0331730769230785,-0.157081733411799,
0.216204457904273));
#4630=CARTESIAN_POINT('Ctrl Pts',(-0.0370192307692323,-0.0785408667058995,
0.241723932456223));
#4631=CARTESIAN_POINT('Ctrl Pts',(-0.0408653846153863,-4.90918174478688E-17,
0.267243407008173));
#4632=CARTESIAN_POINT('Ctrl Pts',(-0.0447115384615401,0.0785408667058994,
0.241723932456223));
#4633=CARTESIAN_POINT('Ctrl Pts',(-0.0485576923076938,0.157081733411799,
0.216204457904273));
#4634=CARTESIAN_POINT('Ctrl Pts',(-0.0524038461538478,0.20562265854192,
0.149393606152229));
#4635=CARTESIAN_POINT('Ctrl Pts',(-0.0562500000000016,0.254163583672041,
0.0825827544001864));
#4636=CARTESIAN_POINT('Ctrl Pts',(-0.0600961538461554,0.254163583672041,
0.));
#4637=CARTESIAN_POINT('Ctrl Pts',(-0.0639423076923094,0.254163583672041,
-0.0825827544001863));
#4638=CARTESIAN_POINT('Ctrl Pts',(-0.0677884615384632,0.20562265854192,
-0.149393606152229));
#4639=CARTESIAN_POINT('Ctrl Pts',(-0.0716346153846169,0.157081733411799,
-0.216204457904273));
#4640=CARTESIAN_POINT('Ctrl Pts',(-0.075480769230771,0.0785408667058994,
-0.241723932456223));
#4641=CARTESIAN_POINT('Ctrl Pts',(-0.0793269230769248,1.63639391492896E-17,
-0.267243407008173));
#4642=CARTESIAN_POINT('Ctrl Pts',(-0.0831730769230785,-0.0785408667058994,
-0.241723932456223));
#4643=CARTESIAN_POINT('Ctrl Pts',(-0.0870192307692323,-0.157081733411799,
-0.216204457904273));
#4644=CARTESIAN_POINT('Ctrl Pts',(-0.0908653846153863,-0.20562265854192,
-0.149393606152229));
#4645=CARTESIAN_POINT('Ctrl Pts',(-0.0947115384615401,-0.254163583672041,
-0.0825827544001863));
#4646=CARTESIAN_POINT('Ctrl Pts',(-0.0985576923076938,-0.254163583672041,
-3.11260619203785E-17));
#4647=CARTESIAN_POINT('Ctrl Pts',(-0.102403846153848,-0.254163583672041,
0.0825827544001862));
#4648=CARTESIAN_POINT('Ctrl Pts',(-0.106250000000002,-0.20562265854192,
0.149393606152229));
#4649=CARTESIAN_POINT('Ctrl Pts',(-0.110096153846155,-0.157081733411799,
0.216204457904273));
#4650=CARTESIAN_POINT('Ctrl Pts',(-0.113942307692309,-0.0785408667058995,
0.241723932456223));
#4651=CARTESIAN_POINT('Ctrl Pts',(-0.117788461538463,-4.90918174478688E-17,
0.267243407008173));
#4652=CARTESIAN_POINT('Ctrl Pts',(-0.121634615384617,0.0785408667058994,
0.241723932456223));
#4653=CARTESIAN_POINT('Ctrl Pts',(-0.125480769230771,0.157081733411799,
0.216204457904273));
#4654=CARTESIAN_POINT('Ctrl Pts',(-0.129326923076925,0.20562265854192,0.149393606152229));
#4655=CARTESIAN_POINT('Ctrl Pts',(-0.133173076923079,0.254163583672041,
0.0825827544001864));
#4656=CARTESIAN_POINT('Ctrl Pts',(-0.137019230769233,0.254163583672041,
0.));
#4657=CARTESIAN_POINT('Ctrl Pts',(-0.140865384615386,0.254163583672041,
-0.0825827544001863));
#4658=CARTESIAN_POINT('Ctrl Pts',(-0.14471153846154,0.20562265854192,-0.149393606152229));
#4659=CARTESIAN_POINT('Ctrl Pts',(-0.148557692307694,0.157081733411799,
-0.216204457904273));
#4660=CARTESIAN_POINT('Ctrl Pts',(-0.152403846153848,0.0785408667058994,
-0.241723932456223));
#4661=CARTESIAN_POINT('Ctrl Pts',(-0.156250000000002,1.63639391492896E-17,
-0.267243407008173));
#4662=CARTESIAN_POINT('Ctrl Pts',(-0.160096153846156,-0.0785408667058994,
-0.241723932456223));
#4663=CARTESIAN_POINT('Ctrl Pts',(-0.163942307692309,-0.157081733411799,
-0.216204457904273));
#4664=CARTESIAN_POINT('Ctrl Pts',(-0.167788461538463,-0.20562265854192,
-0.149393606152229));
#4665=CARTESIAN_POINT('Ctrl Pts',(-0.171634615384617,-0.254163583672041,
-0.0825827544001863));
#4666=CARTESIAN_POINT('Ctrl Pts',(-0.175480769230771,-0.254163583672041,
-3.11260619203785E-17));
#4667=CARTESIAN_POINT('Ctrl Pts',(-0.179326923076925,-0.254163583672041,
0.0825827544001862));
#4668=CARTESIAN_POINT('Ctrl Pts',(-0.183173076923079,-0.20562265854192,
0.149393606152229));
#4669=CARTESIAN_POINT('Ctrl Pts',(-0.187019230769233,-0.157081733411799,
0.216204457904273));
#4670=CARTESIAN_POINT('Ctrl Pts',(-0.190865384615386,-0.0785408667058995,
0.241723932456223));
#4671=CARTESIAN_POINT('Ctrl Pts',(-0.19471153846154,-4.90918174478688E-17,
0.267243407008173));
#4672=CARTESIAN_POINT('Ctrl Pts',(-0.198557692307694,0.0785408667058994,
0.241723932456223));
#4673=CARTESIAN_POINT('Ctrl Pts',(-0.202403846153848,0.157081733411799,
0.216204457904273));
#4674=CARTESIAN_POINT('Ctrl Pts',(-0.206250000000002,0.20562265854192,0.149393606152229));
#4675=CARTESIAN_POINT('Ctrl Pts',(-0.210096153846156,0.254163583672041,
0.0825827544001864));
#4676=CARTESIAN_POINT('Ctrl Pts',(-0.213942307692309,0.254163583672041,
0.));
#4677=CARTESIAN_POINT('Ctrl Pts',(-0.217788461538463,0.254163583672041,
-0.0825827544001863));
#4678=CARTESIAN_POINT('Ctrl Pts',(-0.221634615384617,0.20562265854192,-0.149393606152229));
#4679=CARTESIAN_POINT('Ctrl Pts',(-0.225480769230771,0.157081733411799,
-0.216204457904273));
#4680=CARTESIAN_POINT('Ctrl Pts',(-0.229326923076925,0.0785408667058994,
-0.241723932456223));
#4681=CARTESIAN_POINT('Ctrl Pts',(-0.233173076923079,1.63639391492896E-17,
-0.267243407008173));
#4682=CARTESIAN_POINT('Ctrl Pts',(-0.237019230769233,-0.0785408667058994,
-0.241723932456223));
#4683=CARTESIAN_POINT('Ctrl Pts',(-0.240865384615386,-0.157081733411799,
-0.216204457904273));
#4684=CARTESIAN_POINT('Ctrl Pts',(-0.24471153846154,-0.20562265854192,-0.149393606152229));
#4685=CARTESIAN_POINT('Ctrl Pts',(-0.248557692307694,-0.254163583672041,
-0.0825827544001863));
#4686=CARTESIAN_POINT('Ctrl Pts',(-0.252403846153848,-0.254163583672041,
-3.11260619203785E-17));
#4687=CARTESIAN_POINT('Ctrl Pts',(-0.256250000000002,-0.254163583672041,
0.0825827544001862));
#4688=CARTESIAN_POINT('Ctrl Pts',(-0.260096153846156,-0.20562265854192,
0.149393606152229));
#4689=CARTESIAN_POINT('Ctrl Pts',(-0.263942307692309,-0.157081733411799,
0.216204457904273));
#4690=CARTESIAN_POINT('Ctrl Pts',(-0.267788461538463,-0.0785408667058995,
0.241723932456223));
#4691=CARTESIAN_POINT('Ctrl Pts',(-0.271634615384617,-4.90918174478688E-17,
0.267243407008173));
#4692=CARTESIAN_POINT('Ctrl Pts',(-0.275480769230771,0.0785408667058994,
0.241723932456223));
#4693=CARTESIAN_POINT('Ctrl Pts',(-0.279326923076925,0.157081733411799,
0.216204457904273));
#4694=CARTESIAN_POINT('Ctrl Pts',(-0.283173076923079,0.20562265854192,0.149393606152229));
#4695=CARTESIAN_POINT('Ctrl Pts',(-0.287019230769233,0.254163583672041,
0.0825827544001864));
#4696=CARTESIAN_POINT('Ctrl Pts',(-0.290865384615386,0.254163583672041,
0.));
#4697=CARTESIAN_POINT('Ctrl Pts',(-0.29471153846154,0.254163583672041,-0.0825827544001863));
#4698=CARTESIAN_POINT('Ctrl Pts',(-0.298557692307694,0.20562265854192,-0.149393606152229));
#4699=CARTESIAN_POINT('Ctrl Pts',(-0.302403846153848,0.157081733411799,
-0.216204457904273));
#4700=CARTESIAN_POINT('Ctrl Pts',(-0.306250000000002,0.0785408667058994,
-0.241723932456223));
#4701=CARTESIAN_POINT('Ctrl Pts',(-0.310096153846156,1.63639391492896E-17,
-0.267243407008173));
#4702=CARTESIAN_POINT('Ctrl Pts',(-0.313942307692309,-0.0785408667058994,
-0.241723932456223));
#4703=CARTESIAN_POINT('Ctrl Pts',(-0.317788461538464,-0.157081733411799,
-0.216204457904273));
#4704=CARTESIAN_POINT('Ctrl Pts',(-0.321634615384617,-0.20562265854192,
-0.149393606152229));
#4705=CARTESIAN_POINT('Ctrl Pts',(-0.325480769230771,-0.254163583672041,
-0.0825827544001863));
#4706=CARTESIAN_POINT('Ctrl Pts',(-0.329326923076925,-0.254163583672041,
-3.11260619203785E-17));
#4707=CARTESIAN_POINT('Ctrl Pts',(-0.333173076923079,-0.254163583672041,
0.0825827544001862));
#4708=CARTESIAN_POINT('Ctrl Pts',(-0.337019230769233,-0.20562265854192,
0.149393606152229));
#4709=CARTESIAN_POINT('Ctrl Pts',(-0.340865384615386,-0.157081733411799,
0.216204457904273));
#4710=CARTESIAN_POINT('Ctrl Pts',(-0.34471153846154,-0.0785408667058995,
0.241723932456223));
#4711=CARTESIAN_POINT('Ctrl Pts',(-0.348557692307694,-4.90918174478688E-17,
0.267243407008173));
#4712=CARTESIAN_POINT('Ctrl Pts',(-0.352403846153848,0.0785408667058994,
0.241723932456223));
#4713=CARTESIAN_POINT('Ctrl Pts',(-0.356250000000002,0.157081733411799,
0.216204457904273));
#4714=CARTESIAN_POINT('Ctrl Pts',(-0.360096153846156,0.20562265854192,0.149393606152229));
#4715=CARTESIAN_POINT('Ctrl Pts',(-0.363942307692309,0.254163583672041,
0.0825827544001864));
#4716=CARTESIAN_POINT('Ctrl Pts',(-0.367788461538464,0.254163583672041,
0.));
#4717=CARTESIAN_POINT('Ctrl Pts',(-0.371634615384617,0.254163583672041,
-0.0825827544001863));
#4718=CARTESIAN_POINT('Ctrl Pts',(-0.375480769230771,0.20562265854192,-0.149393606152229));
#4719=CARTESIAN_POINT('Ctrl Pts',(-0.379326923076925,0.157081733411799,
-0.216204457904273));
#4720=CARTESIAN_POINT('Ctrl Pts',(-0.383173076923079,0.0785408667058994,
-0.241723932456223));
#4721=CARTESIAN_POINT('Ctrl Pts',(-0.387019230769232,1.63639391492896E-17,
-0.267243407008173));
#4722=CARTESIAN_POINT('Ctrl Pts',(-0.390865384615387,-0.0785408667058994,
-0.241723932456223));
#4723=CARTESIAN_POINT('Ctrl Pts',(-0.39471153846154,-0.157081733411799,
-0.216204457904273));
#4724=CARTESIAN_POINT('Ctrl Pts',(-0.398557692307694,-0.20562265854192,
-0.149393606152229));
#4725=CARTESIAN_POINT('Ctrl Pts',(-0.402403846153848,-0.254163583672041,
-0.0825827544001863));
#4726=CARTESIAN_POINT('Ctrl Pts',(-0.406250000000002,-0.254163583672041,
-3.11260619203785E-17));
#4727=CARTESIAN_POINT('Ctrl Pts',(-0.410096153846156,-0.254163583672041,
0.0825827544001862));
#4728=CARTESIAN_POINT('Ctrl Pts',(-0.41394230769231,-0.20562265854192,0.149393606152229));
#4729=CARTESIAN_POINT('Ctrl Pts',(-0.417788461538463,-0.157081733411799,
0.216204457904273));
#4730=CARTESIAN_POINT('Ctrl Pts',(-0.421634615384617,-0.0785408667058995,
0.241723932456223));
#4731=CARTESIAN_POINT('Ctrl Pts',(-0.425480769230771,-4.90918174478688E-17,
0.267243407008173));
#4732=CARTESIAN_POINT('Ctrl Pts',(-0.429326923076925,0.0785408667058994,
0.241723932456223));
#4733=CARTESIAN_POINT('Ctrl Pts',(-0.433173076923079,0.157081733411799,
0.216204457904273));
#4734=CARTESIAN_POINT('Ctrl Pts',(-0.437019230769233,0.20562265854192,0.149393606152229));
#4735=CARTESIAN_POINT('Ctrl Pts',(-0.440865384615387,0.254163583672041,
0.0825827544001864));
#4736=CARTESIAN_POINT('Ctrl Pts',(-0.44471153846154,0.254163583672041,0.));
#4737=CARTESIAN_POINT('Ctrl Pts',(-0.448557692307694,0.254163583672041,
-0.0825827544001863));
#4738=CARTESIAN_POINT('Ctrl Pts',(-0.452403846153848,0.20562265854192,-0.149393606152229));
#4739=CARTESIAN_POINT('Ctrl Pts',(-0.456250000000002,0.157081733411799,
-0.216204457904273));
#4740=CARTESIAN_POINT('Ctrl Pts',(-0.460096153846156,0.0785408667058994,
-0.241723932456223));
#4741=CARTESIAN_POINT('Ctrl Pts',(-0.46394230769231,1.63639391492896E-17,
-0.267243407008173));
#4742=CARTESIAN_POINT('Ctrl Pts',(-0.467788461538464,-0.0785408667058994,
-0.241723932456223));
#4743=CARTESIAN_POINT('Ctrl Pts',(-0.471634615384617,-0.157081733411799,
-0.216204457904273));
#4744=CARTESIAN_POINT('Ctrl Pts',(-0.475480769230771,-0.20562265854192,
-0.149393606152229));
#4745=CARTESIAN_POINT('Ctrl Pts',(-0.479326923076925,-0.254163583672041,
-0.0825827544001863));
#4746=CARTESIAN_POINT('Ctrl Pts',(-0.483173076923079,-0.254163583672041,
-3.11260619203785E-17));
#4747=CARTESIAN_POINT('Ctrl Pts',(-0.487019230769233,-0.254163583672041,
0.0825827544001862));
#4748=CARTESIAN_POINT('Ctrl Pts',(-0.490865384615387,-0.20562265854192,
0.149393606152229));
#4749=CARTESIAN_POINT('Ctrl Pts',(-0.49471153846154,-0.157081733411799,
0.216204457904273));
#4750=CARTESIAN_POINT('Ctrl Pts',(-0.498557692307694,-0.0785408667058995,
0.241723932456223));
#4751=CARTESIAN_POINT('Ctrl Pts',(-0.502403846153848,-4.90918174478688E-17,
0.267243407008173));
#4752=CARTESIAN_POINT('Ctrl Pts',(-0.506250000000002,0.0785408667058994,
0.241723932456223));
#4753=CARTESIAN_POINT('Ctrl Pts',(-0.510096153846156,0.157081733411799,
0.216204457904273));
#4754=CARTESIAN_POINT('Ctrl Pts',(-0.51394230769231,0.20562265854192,0.149393606152229));
#4755=CARTESIAN_POINT('Ctrl Pts',(-0.515936454842778,0.230790072899544,
0.114753632045388));
#4756=CARTESIAN_POINT('Ctrl Pts',(-0.518032821100138,0.243219328595924,
0.0737799800919074));
#4757=CARTESIAN_POINT('Ctrl Pts',(1.27884631890804,0.200036710039937,0.));
#4758=CARTESIAN_POINT('Ctrl Pts',(1.27500016506189,0.200036710039937,-0.0649958670616061));
#4759=CARTESIAN_POINT('Ctrl Pts',(1.27115401121573,0.161833097921162,-0.11757862807858));
#4760=CARTESIAN_POINT('Ctrl Pts',(1.26730785736958,0.123629485802388,-0.170161389095555));
#4761=CARTESIAN_POINT('Ctrl Pts',(1.26346170352343,0.0618147429011941,-0.190246216581726));
#4762=CARTESIAN_POINT('Ctrl Pts',(1.25961554967727,1.28790619939536E-17,
-0.210331044067897));
#4763=CARTESIAN_POINT('Ctrl Pts',(1.25576939583112,-0.0618147429011941,
-0.190246216581726));
#4764=CARTESIAN_POINT('Ctrl Pts',(1.25192324198496,-0.123629485802388,-0.170161389095555));
#4765=CARTESIAN_POINT('Ctrl Pts',(1.24807708813881,-0.161833097921162,-0.11757862807858));
#4766=CARTESIAN_POINT('Ctrl Pts',(1.24423093429266,-0.200036710039937,-0.0649958670616062));
#4767=CARTESIAN_POINT('Ctrl Pts',(1.2403847804465,-0.200036710039937,-2.44974316662376E-17));
#4768=CARTESIAN_POINT('Ctrl Pts',(1.23653862660035,-0.200036710039937,0.0649958670616061));
#4769=CARTESIAN_POINT('Ctrl Pts',(1.2326924727542,-0.161833097921162,0.11757862807858));
#4770=CARTESIAN_POINT('Ctrl Pts',(1.22884631890804,-0.123629485802388,0.170161389095555));
#4771=CARTESIAN_POINT('Ctrl Pts',(1.22500016506189,-0.0618147429011941,
0.190246216581726));
#4772=CARTESIAN_POINT('Ctrl Pts',(1.22115401121573,-3.86371859818607E-17,
0.210331044067897));
#4773=CARTESIAN_POINT('Ctrl Pts',(1.21730785736958,0.061814742901194,0.190246216581726));
#4774=CARTESIAN_POINT('Ctrl Pts',(1.21346170352343,0.123629485802388,0.170161389095555));
#4775=CARTESIAN_POINT('Ctrl Pts',(1.20961554967727,0.161833097921162,0.11757862807858));
#4776=CARTESIAN_POINT('Ctrl Pts',(1.20576939583112,0.200036710039937,0.0649958670616062));
#4777=CARTESIAN_POINT('Ctrl Pts',(1.20192324198496,0.200036710039937,0.));
#4778=CARTESIAN_POINT('Ctrl Pts',(1.19807708813881,0.200036710039937,-0.0649958670616061));
#4779=CARTESIAN_POINT('Ctrl Pts',(1.19423093429266,0.161833097921162,-0.11757862807858));
#4780=CARTESIAN_POINT('Ctrl Pts',(1.1903847804465,0.123629485802388,-0.170161389095555));
#4781=CARTESIAN_POINT('Ctrl Pts',(1.18653862660035,0.0618147429011941,-0.190246216581726));
#4782=CARTESIAN_POINT('Ctrl Pts',(1.1826924727542,1.28790619939536E-17,
-0.210331044067897));
#4783=CARTESIAN_POINT('Ctrl Pts',(1.17884631890804,-0.0618147429011941,
-0.190246216581726));
#4784=CARTESIAN_POINT('Ctrl Pts',(1.17500016506189,-0.123629485802388,-0.170161389095555));
#4785=CARTESIAN_POINT('Ctrl Pts',(1.17115401121573,-0.161833097921162,-0.11757862807858));
#4786=CARTESIAN_POINT('Ctrl Pts',(1.16730785736958,-0.200036710039937,-0.0649958670616062));
#4787=CARTESIAN_POINT('Ctrl Pts',(1.16346170352343,-0.200036710039937,-2.44974316662376E-17));
#4788=CARTESIAN_POINT('Ctrl Pts',(1.15961554967727,-0.200036710039937,0.0649958670616061));
#4789=CARTESIAN_POINT('Ctrl Pts',(1.15576939583112,-0.161833097921162,0.11757862807858));
#4790=CARTESIAN_POINT('Ctrl Pts',(1.15192324198497,-0.123629485802388,0.170161389095555));
#4791=CARTESIAN_POINT('Ctrl Pts',(1.14807708813881,-0.0618147429011941,
0.190246216581726));
#4792=CARTESIAN_POINT('Ctrl Pts',(1.14423093429266,-3.86371859818607E-17,
0.210331044067897));
#4793=CARTESIAN_POINT('Ctrl Pts',(1.1403847804465,0.061814742901194,0.190246216581726));
#4794=CARTESIAN_POINT('Ctrl Pts',(1.13653862660035,0.123629485802388,0.170161389095555));
#4795=CARTESIAN_POINT('Ctrl Pts',(1.1326924727542,0.161833097921162,0.11757862807858));
#4796=CARTESIAN_POINT('Ctrl Pts',(1.12884631890804,0.200036710039937,0.0649958670616062));
#4797=CARTESIAN_POINT('Ctrl Pts',(1.12500016506189,0.200036710039937,0.));
#4798=CARTESIAN_POINT('Ctrl Pts',(1.12115401121573,0.200036710039937,-0.0649958670616061));
#4799=CARTESIAN_POINT('Ctrl Pts',(1.11730785736958,0.161833097921162,-0.11757862807858));
#4800=CARTESIAN_POINT('Ctrl Pts',(1.11346170352343,0.123629485802388,-0.170161389095555));
#4801=CARTESIAN_POINT('Ctrl Pts',(1.10961554967727,0.0618147429011941,-0.190246216581726));
#4802=CARTESIAN_POINT('Ctrl Pts',(1.10576939583112,1.28790619939536E-17,
-0.210331044067897));
#4803=CARTESIAN_POINT('Ctrl Pts',(1.10192324198496,-0.0618147429011941,
-0.190246216581726));
#4804=CARTESIAN_POINT('Ctrl Pts',(1.09807708813881,-0.123629485802388,-0.170161389095555));
#4805=CARTESIAN_POINT('Ctrl Pts',(1.09423093429266,-0.161833097921162,-0.11757862807858));
#4806=CARTESIAN_POINT('Ctrl Pts',(1.0903847804465,-0.200036710039937,-0.0649958670616062));
#4807=CARTESIAN_POINT('Ctrl Pts',(1.08653862660035,-0.200036710039937,-2.44974316662376E-17));
#4808=CARTESIAN_POINT('Ctrl Pts',(1.0826924727542,-0.200036710039937,0.0649958670616061));
#4809=CARTESIAN_POINT('Ctrl Pts',(1.07884631890804,-0.161833097921162,0.11757862807858));
#4810=CARTESIAN_POINT('Ctrl Pts',(1.07500016506189,-0.123629485802388,0.170161389095555));
#4811=CARTESIAN_POINT('Ctrl Pts',(1.07115401121573,-0.0618147429011941,
0.190246216581726));
#4812=CARTESIAN_POINT('Ctrl Pts',(1.06730785736958,-3.86371859818607E-17,
0.210331044067897));
#4813=CARTESIAN_POINT('Ctrl Pts',(1.06346170352343,0.061814742901194,0.190246216581726));
#4814=CARTESIAN_POINT('Ctrl Pts',(1.05961554967727,0.123629485802388,0.170161389095555));
#4815=CARTESIAN_POINT('Ctrl Pts',(1.05576939583112,0.161833097921162,0.11757862807858));
#4816=CARTESIAN_POINT('Ctrl Pts',(1.05192324198496,0.200036710039937,0.0649958670616062));
#4817=CARTESIAN_POINT('Ctrl Pts',(1.04807708813881,0.200036710039937,0.));
#4818=CARTESIAN_POINT('Ctrl Pts',(1.04423093429266,0.200036710039937,-0.0649958670616061));
#4819=CARTESIAN_POINT('Ctrl Pts',(1.0403847804465,0.161833097921162,-0.11757862807858));
#4820=CARTESIAN_POINT('Ctrl Pts',(1.03653862660035,0.123629485802388,-0.170161389095555));
#4821=CARTESIAN_POINT('Ctrl Pts',(1.0326924727542,0.0618147429011941,-0.190246216581726));
#4822=CARTESIAN_POINT('Ctrl Pts',(1.02884631890804,1.28790619939536E-17,
-0.210331044067897));
#4823=CARTESIAN_POINT('Ctrl Pts',(1.02500016506189,-0.0618147429011941,
-0.190246216581726));
#4824=CARTESIAN_POINT('Ctrl Pts',(1.02115401121573,-0.123629485802388,-0.170161389095555));
#4825=CARTESIAN_POINT('Ctrl Pts',(1.01730785736958,-0.161833097921162,-0.11757862807858));
#4826=CARTESIAN_POINT('Ctrl Pts',(1.01346170352343,-0.200036710039937,-0.0649958670616062));
#4827=CARTESIAN_POINT('Ctrl Pts',(1.00961554967727,-0.200036710039937,-2.44974316662376E-17));
#4828=CARTESIAN_POINT('Ctrl Pts',(1.00576939583112,-0.200036710039937,0.0649958670616061));
#4829=CARTESIAN_POINT('Ctrl Pts',(1.00192324198496,-0.161833097921162,0.11757862807858));
#4830=CARTESIAN_POINT('Ctrl Pts',(0.998077088138811,-0.123629485802388,
0.170161389095555));
#4831=CARTESIAN_POINT('Ctrl Pts',(0.994230934292657,-0.0618147429011941,
0.190246216581726));
#4832=CARTESIAN_POINT('Ctrl Pts',(0.990384780446503,-3.86371859818607E-17,
0.210331044067897));
#4833=CARTESIAN_POINT('Ctrl Pts',(0.986538626600349,0.061814742901194,0.190246216581726));
#4834=CARTESIAN_POINT('Ctrl Pts',(0.982692472754195,0.123629485802388,0.170161389095555));
#4835=CARTESIAN_POINT('Ctrl Pts',(0.978846318908042,0.161833097921162,0.11757862807858));
#4836=CARTESIAN_POINT('Ctrl Pts',(0.975000165061888,0.200036710039937,0.0649958670616062));
#4837=CARTESIAN_POINT('Ctrl Pts',(0.971154011215734,0.200036710039937,0.));
#4838=CARTESIAN_POINT('Ctrl Pts',(0.96730785736958,0.200036710039937,-0.0649958670616061));
#4839=CARTESIAN_POINT('Ctrl Pts',(0.963461703523426,0.161833097921162,-0.11757862807858));
#4840=CARTESIAN_POINT('Ctrl Pts',(0.959615549677272,0.123629485802388,-0.170161389095555));
#4841=CARTESIAN_POINT('Ctrl Pts',(0.955769395831118,0.0618147429011941,
-0.190246216581726));
#4842=CARTESIAN_POINT('Ctrl Pts',(0.951923241984965,1.28790619939536E-17,
-0.210331044067897));
#4843=CARTESIAN_POINT('Ctrl Pts',(0.948077088138811,-0.0618147429011941,
-0.190246216581726));
#4844=CARTESIAN_POINT('Ctrl Pts',(0.944230934292657,-0.123629485802388,
-0.170161389095555));
#4845=CARTESIAN_POINT('Ctrl Pts',(0.940384780446503,-0.161833097921162,
-0.11757862807858));
#4846=CARTESIAN_POINT('Ctrl Pts',(0.936538626600349,-0.200036710039937,
-0.0649958670616062));
#4847=CARTESIAN_POINT('Ctrl Pts',(0.932692472754195,-0.200036710039937,
-2.44974316662376E-17));
#4848=CARTESIAN_POINT('Ctrl Pts',(0.928846318908041,-0.200036710039937,
0.0649958670616061));
#4849=CARTESIAN_POINT('Ctrl Pts',(0.925000165061888,-0.161833097921162,
0.11757862807858));
#4850=CARTESIAN_POINT('Ctrl Pts',(0.921154011215734,-0.123629485802388,
0.170161389095555));
#4851=CARTESIAN_POINT('Ctrl Pts',(0.91730785736958,-0.0618147429011941,
0.190246216581726));
#4852=CARTESIAN_POINT('Ctrl Pts',(0.913461703523426,-3.86371859818607E-17,
0.210331044067897));
#4853=CARTESIAN_POINT('Ctrl Pts',(0.909615549677272,0.061814742901194,0.190246216581726));
#4854=CARTESIAN_POINT('Ctrl Pts',(0.905769395831119,0.123629485802388,0.170161389095555));
#4855=CARTESIAN_POINT('Ctrl Pts',(0.901923241984965,0.161833097921162,0.11757862807858));
#4856=CARTESIAN_POINT('Ctrl Pts',(0.89807708813881,0.200036710039937,0.0649958670616062));
#4857=CARTESIAN_POINT('Ctrl Pts',(0.894230934292657,0.200036710039937,0.));
#4858=CARTESIAN_POINT('Ctrl Pts',(0.890384780446503,0.200036710039937,-0.0649958670616061));
#4859=CARTESIAN_POINT('Ctrl Pts',(0.886538626600349,0.161833097921162,-0.11757862807858));
#4860=CARTESIAN_POINT('Ctrl Pts',(0.882692472754195,0.123629485802388,-0.170161389095555));
#4861=CARTESIAN_POINT('Ctrl Pts',(0.878846318908042,0.0618147429011941,
-0.190246216581726));
#4862=CARTESIAN_POINT('Ctrl Pts',(0.875000165061888,1.28790619939536E-17,
-0.210331044067897));
#4863=CARTESIAN_POINT('Ctrl Pts',(0.871154011215734,-0.0618147429011941,
-0.190246216581726));
#4864=CARTESIAN_POINT('Ctrl Pts',(0.86730785736958,-0.123629485802388,-0.170161389095555));
#4865=CARTESIAN_POINT('Ctrl Pts',(0.863461703523426,-0.161833097921162,
-0.11757862807858));
#4866=CARTESIAN_POINT('Ctrl Pts',(0.859615549677272,-0.200036710039937,
-0.0649958670616062));
#4867=CARTESIAN_POINT('Ctrl Pts',(0.855769395831118,-0.200036710039937,
-2.44974316662376E-17));
#4868=CARTESIAN_POINT('Ctrl Pts',(0.851923241984964,-0.200036710039937,
0.0649958670616061));
#4869=CARTESIAN_POINT('Ctrl Pts',(0.848077088138811,-0.161833097921162,
0.11757862807858));
#4870=CARTESIAN_POINT('Ctrl Pts',(0.844230934292657,-0.123629485802388,
0.170161389095555));
#4871=CARTESIAN_POINT('Ctrl Pts',(0.840384780446503,-0.0618147429011941,
0.190246216581726));
#4872=CARTESIAN_POINT('Ctrl Pts',(0.836538626600349,-3.86371859818607E-17,
0.210331044067897));
#4873=CARTESIAN_POINT('Ctrl Pts',(0.832692472754195,0.061814742901194,0.190246216581726));
#4874=CARTESIAN_POINT('Ctrl Pts',(0.828846318908041,0.123629485802388,0.170161389095555));
#4875=CARTESIAN_POINT('Ctrl Pts',(0.825000165061887,0.161833097921162,0.11757862807858));
#4876=CARTESIAN_POINT('Ctrl Pts',(0.821154011215734,0.200036710039937,0.0649958670616062));
#4877=CARTESIAN_POINT('Ctrl Pts',(0.81730785736958,0.200036710039937,0.));
#4878=CARTESIAN_POINT('Ctrl Pts',(0.813461703523426,0.200036710039937,-0.0649958670616061));
#4879=CARTESIAN_POINT('Ctrl Pts',(0.809615549677272,0.161833097921162,-0.11757862807858));
#4880=CARTESIAN_POINT('Ctrl Pts',(0.805769395831118,0.123629485802388,-0.170161389095555));
#4881=CARTESIAN_POINT('Ctrl Pts',(0.801923241984965,0.0618147429011941,
-0.190246216581726));
#4882=CARTESIAN_POINT('Ctrl Pts',(0.798077088138811,1.28790619939536E-17,
-0.210331044067897));
#4883=CARTESIAN_POINT('Ctrl Pts',(0.794230934292657,-0.0618147429011941,
-0.190246216581726));
#4884=CARTESIAN_POINT('Ctrl Pts',(0.790384780446503,-0.123629485802388,
-0.170161389095555));
#4885=CARTESIAN_POINT('Ctrl Pts',(0.786538626600349,-0.161833097921162,
-0.11757862807858));
#4886=CARTESIAN_POINT('Ctrl Pts',(0.782692472754195,-0.200036710039937,
-0.0649958670616062));
#4887=CARTESIAN_POINT('Ctrl Pts',(0.778846318908041,-0.200036710039937,
-2.44974316662376E-17));
#4888=CARTESIAN_POINT('Ctrl Pts',(0.775000165061888,-0.200036710039937,
0.0649958670616061));
#4889=CARTESIAN_POINT('Ctrl Pts',(0.771154011215734,-0.161833097921162,
0.11757862807858));
#4890=CARTESIAN_POINT('Ctrl Pts',(0.76730785736958,-0.123629485802388,0.170161389095555));
#4891=CARTESIAN_POINT('Ctrl Pts',(0.763461703523426,-0.0618147429011941,
0.190246216581726));
#4892=CARTESIAN_POINT('Ctrl Pts',(0.759615549677272,-3.86371859818607E-17,
0.210331044067897));
#4893=CARTESIAN_POINT('Ctrl Pts',(0.755769395831118,0.061814742901194,0.190246216581726));
#4894=CARTESIAN_POINT('Ctrl Pts',(0.751923241984964,0.123629485802388,0.170161389095555));
#4895=CARTESIAN_POINT('Ctrl Pts',(0.748077088138811,0.161833097921162,0.11757862807858));
#4896=CARTESIAN_POINT('Ctrl Pts',(0.744230934292657,0.200036710039937,0.0649958670616062));
#4897=CARTESIAN_POINT('Ctrl Pts',(0.740384780446503,0.200036710039937,0.));
#4898=CARTESIAN_POINT('Ctrl Pts',(0.736538626600349,0.200036710039937,-0.0649958670616061));
#4899=CARTESIAN_POINT('Ctrl Pts',(0.732692472754195,0.161833097921162,-0.11757862807858));
#4900=CARTESIAN_POINT('Ctrl Pts',(0.728846318908041,0.123629485802388,-0.170161389095555));
#4901=CARTESIAN_POINT('Ctrl Pts',(0.725000165061887,0.0618147429011941,
-0.190246216581726));
#4902=CARTESIAN_POINT('Ctrl Pts',(0.721154011215734,1.28790619939536E-17,
-0.210331044067897));
#4903=CARTESIAN_POINT('Ctrl Pts',(0.71730785736958,-0.0618147429011941,
-0.190246216581726));
#4904=CARTESIAN_POINT('Ctrl Pts',(0.713461703523426,-0.123629485802388,
-0.170161389095555));
#4905=CARTESIAN_POINT('Ctrl Pts',(0.709615549677272,-0.161833097921162,
-0.11757862807858));
#4906=CARTESIAN_POINT('Ctrl Pts',(0.705769395831118,-0.200036710039937,
-0.0649958670616062));
#4907=CARTESIAN_POINT('Ctrl Pts',(0.701923241984964,-0.200036710039937,
-2.44974316662376E-17));
#4908=CARTESIAN_POINT('Ctrl Pts',(0.698077088138811,-0.200036710039937,
0.0649958670616061));
#4909=CARTESIAN_POINT('Ctrl Pts',(0.694230934292657,-0.161833097921162,
0.11757862807858));
#4910=CARTESIAN_POINT('Ctrl Pts',(0.690384780446503,-0.123629485802388,
0.170161389095555));
#4911=CARTESIAN_POINT('Ctrl Pts',(0.686538626600349,-0.0618147429011941,
0.190246216581726));
#4912=CARTESIAN_POINT('Ctrl Pts',(0.682692472754195,-3.86371859818607E-17,
0.210331044067897));
#4913=CARTESIAN_POINT('Ctrl Pts',(0.678846318908041,0.061814742901194,0.190246216581726));
#4914=CARTESIAN_POINT('Ctrl Pts',(0.675000165061888,0.123629485802388,0.170161389095555));
#4915=CARTESIAN_POINT('Ctrl Pts',(0.671154011215734,0.161833097921162,0.11757862807858));
#4916=CARTESIAN_POINT('Ctrl Pts',(0.66730785736958,0.200036710039937,0.0649958670616062));
#4917=CARTESIAN_POINT('Ctrl Pts',(0.663461703523426,0.200036710039937,0.));
#4918=CARTESIAN_POINT('Ctrl Pts',(0.659615549677272,0.200036710039937,-0.0649958670616061));
#4919=CARTESIAN_POINT('Ctrl Pts',(0.655769395831118,0.161833097921162,-0.11757862807858));
#4920=CARTESIAN_POINT('Ctrl Pts',(0.651923241984964,0.123629485802388,-0.170161389095555));
#4921=CARTESIAN_POINT('Ctrl Pts',(0.648077088138811,0.0618147429011941,
-0.190246216581726));
#4922=CARTESIAN_POINT('Ctrl Pts',(0.644230934292657,1.28790619939536E-17,
-0.210331044067897));
#4923=CARTESIAN_POINT('Ctrl Pts',(0.640384780446503,-0.0618147429011941,
-0.190246216581726));
#4924=CARTESIAN_POINT('Ctrl Pts',(0.636538626600349,-0.123629485802388,
-0.170161389095555));
#4925=CARTESIAN_POINT('Ctrl Pts',(0.632692472754195,-0.161833097921162,
-0.11757862807858));
#4926=CARTESIAN_POINT('Ctrl Pts',(0.628846318908041,-0.200036710039937,
-0.0649958670616062));
#4927=CARTESIAN_POINT('Ctrl Pts',(0.625000165061887,-0.200036710039937,
-2.44974316662376E-17));
#4928=CARTESIAN_POINT('Ctrl Pts',(0.621154011215734,-0.200036710039937,
0.0649958670616061));
#4929=CARTESIAN_POINT('Ctrl Pts',(0.61730785736958,-0.161833097921162,0.11757862807858));
#4930=CARTESIAN_POINT('Ctrl Pts',(0.613461703523426,-0.123629485802388,
0.170161389095555));
#4931=CARTESIAN_POINT('Ctrl Pts',(0.609615549677272,-0.0618147429011941,
0.190246216581726));
#4932=CARTESIAN_POINT('Ctrl Pts',(0.605769395831118,-3.86371859818607E-17,
0.210331044067897));
#4933=CARTESIAN_POINT('Ctrl Pts',(0.601923241984964,0.061814742901194,0.190246216581726));
#4934=CARTESIAN_POINT('Ctrl Pts',(0.59807708813881,0.123629485802388,0.170161389095555));
#4935=CARTESIAN_POINT('Ctrl Pts',(0.594230934292657,0.161833097921162,0.11757862807858));
#4936=CARTESIAN_POINT('Ctrl Pts',(0.590384780446503,0.200036710039937,0.0649958670616062));
#4937=CARTESIAN_POINT('Ctrl Pts',(0.586538626600349,0.200036710039937,0.));
#4938=CARTESIAN_POINT('Ctrl Pts',(0.582692472754195,0.200036710039937,-0.0649958670616061));
#4939=CARTESIAN_POINT('Ctrl Pts',(0.578846318908041,0.161833097921162,-0.11757862807858));
#4940=CARTESIAN_POINT('Ctrl Pts',(0.575000165061887,0.123629485802388,-0.170161389095555));
#4941=CARTESIAN_POINT('Ctrl Pts',(0.571154011215734,0.0618147429011941,
-0.190246216581726));
#4942=CARTESIAN_POINT('Ctrl Pts',(0.56730785736958,1.28790619939536E-17,
-0.210331044067897));
#4943=CARTESIAN_POINT('Ctrl Pts',(0.563461703523426,-0.0618147429011941,
-0.190246216581726));
#4944=CARTESIAN_POINT('Ctrl Pts',(0.559615549677272,-0.123629485802388,
-0.170161389095555));
#4945=CARTESIAN_POINT('Ctrl Pts',(0.555769395831118,-0.161833097921162,
-0.11757862807858));
#4946=CARTESIAN_POINT('Ctrl Pts',(0.551923241984964,-0.200036710039937,
-0.0649958670616062));
#4947=CARTESIAN_POINT('Ctrl Pts',(0.548077088138811,-0.200036710039937,
-2.44974316662376E-17));
#4948=CARTESIAN_POINT('Ctrl Pts',(0.544230934292657,-0.200036710039937,
0.0649958670616061));
#4949=CARTESIAN_POINT('Ctrl Pts',(0.540384780446503,-0.161833097921162,
0.11757862807858));
#4950=CARTESIAN_POINT('Ctrl Pts',(0.536538626600349,-0.123629485802388,
0.170161389095555));
#4951=CARTESIAN_POINT('Ctrl Pts',(0.532692472754195,-0.0618147429011941,
0.190246216581726));
#4952=CARTESIAN_POINT('Ctrl Pts',(0.528846318908041,-3.86371859818607E-17,
0.210331044067897));
#4953=CARTESIAN_POINT('Ctrl Pts',(0.525000165061887,0.061814742901194,0.190246216581726));
#4954=CARTESIAN_POINT('Ctrl Pts',(0.521154011215733,0.123629485802388,0.170161389095555));
#4955=CARTESIAN_POINT('Ctrl Pts',(0.51730785736958,0.161833097921162,0.11757862807858));
#4956=CARTESIAN_POINT('Ctrl Pts',(0.513461703523426,0.200036710039937,0.0649958670616062));
#4957=CARTESIAN_POINT('Ctrl Pts',(0.509615549677272,0.200036710039937,0.));
#4958=CARTESIAN_POINT('Ctrl Pts',(0.505769395831118,0.200036710039937,-0.0649958670616061));
#4959=CARTESIAN_POINT('Ctrl Pts',(0.501923241984964,0.161833097921162,-0.11757862807858));
#4960=CARTESIAN_POINT('Ctrl Pts',(0.49807708813881,0.123629485802388,-0.170161389095555));
#4961=CARTESIAN_POINT('Ctrl Pts',(0.494230934292656,0.0618147429011941,
-0.190246216581726));
#4962=CARTESIAN_POINT('Ctrl Pts',(0.490384780446503,1.28790619939536E-17,
-0.210331044067897));
#4963=CARTESIAN_POINT('Ctrl Pts',(0.486538626600349,-0.0618147429011941,
-0.190246216581726));
#4964=CARTESIAN_POINT('Ctrl Pts',(0.482692472754195,-0.123629485802388,
-0.170161389095555));
#4965=CARTESIAN_POINT('Ctrl Pts',(0.478846318908041,-0.161833097921162,
-0.11757862807858));
#4966=CARTESIAN_POINT('Ctrl Pts',(0.475000165061887,-0.200036710039937,
-0.0649958670616062));
#4967=CARTESIAN_POINT('Ctrl Pts',(0.471154011215733,-0.200036710039937,
-2.44974316662376E-17));
#4968=CARTESIAN_POINT('Ctrl Pts',(0.46730785736958,-0.200036710039937,0.0649958670616061));
#4969=CARTESIAN_POINT('Ctrl Pts',(0.463461703523426,-0.161833097921162,
0.11757862807858));
#4970=CARTESIAN_POINT('Ctrl Pts',(0.459615549677272,-0.123629485802388,
0.170161389095555));
#4971=CARTESIAN_POINT('Ctrl Pts',(0.455769395831118,-0.0618147429011941,
0.190246216581726));
#4972=CARTESIAN_POINT('Ctrl Pts',(0.451923241984964,-3.86371859818607E-17,
0.210331044067897));
#4973=CARTESIAN_POINT('Ctrl Pts',(0.44807708813881,0.061814742901194,0.190246216581726));
#4974=CARTESIAN_POINT('Ctrl Pts',(0.444230934292656,0.123629485802388,0.170161389095555));
#4975=CARTESIAN_POINT('Ctrl Pts',(0.440384780446503,0.161833097921162,0.11757862807858));
#4976=CARTESIAN_POINT('Ctrl Pts',(0.436538626600349,0.200036710039937,0.0649958670616062));
#4977=CARTESIAN_POINT('Ctrl Pts',(0.432692472754195,0.200036710039937,0.));
#4978=CARTESIAN_POINT('Ctrl Pts',(0.428846318908041,0.200036710039937,-0.0649958670616061));
#4979=CARTESIAN_POINT('Ctrl Pts',(0.425000165061887,0.161833097921162,-0.11757862807858));
#4980=CARTESIAN_POINT('Ctrl Pts',(0.421154011215733,0.123629485802388,-0.170161389095555));
#4981=CARTESIAN_POINT('Ctrl Pts',(0.417307857369579,0.0618147429011941,
-0.190246216581726));
#4982=CARTESIAN_POINT('Ctrl Pts',(0.413461703523426,1.28790619939536E-17,
-0.210331044067897));
#4983=CARTESIAN_POINT('Ctrl Pts',(0.409615549677272,-0.0618147429011941,
-0.190246216581726));
#4984=CARTESIAN_POINT('Ctrl Pts',(0.405769395831118,-0.123629485802388,
-0.170161389095555));
#4985=CARTESIAN_POINT('Ctrl Pts',(0.401923241984964,-0.161833097921162,
-0.11757862807858));
#4986=CARTESIAN_POINT('Ctrl Pts',(0.39807708813881,-0.200036710039937,-0.0649958670616062));
#4987=CARTESIAN_POINT('Ctrl Pts',(0.394230934292656,-0.200036710039937,
-2.44974316662376E-17));
#4988=CARTESIAN_POINT('Ctrl Pts',(0.390384780446503,-0.200036710039937,
0.0649958670616061));
#4989=CARTESIAN_POINT('Ctrl Pts',(0.386538626600349,-0.161833097921162,
0.11757862807858));
#4990=CARTESIAN_POINT('Ctrl Pts',(0.382692472754195,-0.123629485802388,
0.170161389095555));
#4991=CARTESIAN_POINT('Ctrl Pts',(0.378846318908041,-0.0618147429011941,
0.190246216581726));
#4992=CARTESIAN_POINT('Ctrl Pts',(0.375000165061887,-3.86371859818607E-17,
0.210331044067897));
#4993=CARTESIAN_POINT('Ctrl Pts',(0.371154011215733,0.061814742901194,0.190246216581726));
#4994=CARTESIAN_POINT('Ctrl Pts',(0.367307857369579,0.123629485802388,0.170161389095555));
#4995=CARTESIAN_POINT('Ctrl Pts',(0.363461703523426,0.161833097921162,0.11757862807858));
#4996=CARTESIAN_POINT('Ctrl Pts',(0.359615549677272,0.200036710039937,0.0649958670616062));
#4997=CARTESIAN_POINT('Ctrl Pts',(0.355769395831118,0.200036710039937,0.));
#4998=CARTESIAN_POINT('Ctrl Pts',(0.351923241984964,0.200036710039937,-0.0649958670616061));
#4999=CARTESIAN_POINT('Ctrl Pts',(0.34807708813881,0.161833097921162,-0.11757862807858));
#5000=CARTESIAN_POINT('Ctrl Pts',(0.344230934292656,0.123629485802388,-0.170161389095555));
#5001=CARTESIAN_POINT('Ctrl Pts',(0.340384780446503,0.0618147429011941,
-0.190246216581726));
#5002=CARTESIAN_POINT('Ctrl Pts',(0.336538626600349,1.28790619939536E-17,
-0.210331044067897));
#5003=CARTESIAN_POINT('Ctrl Pts',(0.332692472754195,-0.0618147429011941,
-0.190246216581726));
#5004=CARTESIAN_POINT('Ctrl Pts',(0.328846318908041,-0.123629485802388,
-0.170161389095555));
#5005=CARTESIAN_POINT('Ctrl Pts',(0.325000165061887,-0.161833097921162,
-0.11757862807858));
#5006=CARTESIAN_POINT('Ctrl Pts',(0.321154011215733,-0.200036710039937,
-0.0649958670616062));
#5007=CARTESIAN_POINT('Ctrl Pts',(0.317307857369579,-0.200036710039937,
-2.44974316662376E-17));
#5008=CARTESIAN_POINT('Ctrl Pts',(0.313461703523426,-0.200036710039937,
0.0649958670616061));
#5009=CARTESIAN_POINT('Ctrl Pts',(0.309615549677272,-0.161833097921162,
0.11757862807858));
#5010=CARTESIAN_POINT('Ctrl Pts',(0.305769395831118,-0.123629485802388,
0.170161389095555));
#5011=CARTESIAN_POINT('Ctrl Pts',(0.301923241984964,-0.0618147429011941,
0.190246216581726));
#5012=CARTESIAN_POINT('Ctrl Pts',(0.29807708813881,-3.86371859818607E-17,
0.210331044067897));
#5013=CARTESIAN_POINT('Ctrl Pts',(0.294230934292656,0.061814742901194,0.190246216581726));
#5014=CARTESIAN_POINT('Ctrl Pts',(0.290384780446502,0.123629485802388,0.170161389095555));
#5015=CARTESIAN_POINT('Ctrl Pts',(0.286538626600349,0.161833097921162,0.11757862807858));
#5016=CARTESIAN_POINT('Ctrl Pts',(0.282692472754195,0.200036710039937,0.0649958670616062));
#5017=CARTESIAN_POINT('Ctrl Pts',(0.278846318908041,0.200036710039937,0.));
#5018=CARTESIAN_POINT('Ctrl Pts',(0.275000165061887,0.200036710039937,-0.0649958670616061));
#5019=CARTESIAN_POINT('Ctrl Pts',(0.271154011215733,0.161833097921162,-0.11757862807858));
#5020=CARTESIAN_POINT('Ctrl Pts',(0.267307857369579,0.123629485802388,-0.170161389095555));
#5021=CARTESIAN_POINT('Ctrl Pts',(0.263461703523426,0.0618147429011941,
-0.190246216581726));
#5022=CARTESIAN_POINT('Ctrl Pts',(0.259615549677272,1.28790619939536E-17,
-0.210331044067897));
#5023=CARTESIAN_POINT('Ctrl Pts',(0.255769395831118,-0.0618147429011941,
-0.190246216581726));
#5024=CARTESIAN_POINT('Ctrl Pts',(0.251923241984964,-0.123629485802388,
-0.170161389095555));
#5025=CARTESIAN_POINT('Ctrl Pts',(0.24807708813881,-0.161833097921162,-0.11757862807858));
#5026=CARTESIAN_POINT('Ctrl Pts',(0.244230934292656,-0.200036710039937,
-0.0649958670616062));
#5027=CARTESIAN_POINT('Ctrl Pts',(0.240384780446502,-0.200036710039937,
-2.44974316662376E-17));
#5028=CARTESIAN_POINT('Ctrl Pts',(0.236538626600349,-0.200036710039937,
0.0649958670616061));
#5029=CARTESIAN_POINT('Ctrl Pts',(0.232692472754195,-0.161833097921162,
0.11757862807858));
#5030=CARTESIAN_POINT('Ctrl Pts',(0.228846318908041,-0.123629485802388,
0.170161389095555));
#5031=CARTESIAN_POINT('Ctrl Pts',(0.225000165061887,-0.0618147429011941,
0.190246216581726));
#5032=CARTESIAN_POINT('Ctrl Pts',(0.221154011215733,-3.86371859818607E-17,
0.210331044067897));
#5033=CARTESIAN_POINT('Ctrl Pts',(0.217307857369579,0.061814742901194,0.190246216581726));
#5034=CARTESIAN_POINT('Ctrl Pts',(0.213461703523425,0.123629485802388,0.170161389095555));
#5035=CARTESIAN_POINT('Ctrl Pts',(0.209615549677272,0.161833097921162,0.11757862807858));
#5036=CARTESIAN_POINT('Ctrl Pts',(0.205769395831118,0.200036710039937,0.0649958670616062));
#5037=CARTESIAN_POINT('Ctrl Pts',(0.201923241984964,0.200036710039937,0.));
#5038=CARTESIAN_POINT('Ctrl Pts',(0.19807708813881,0.200036710039937,-0.0649958670616061));
#5039=CARTESIAN_POINT('Ctrl Pts',(0.194230934292656,0.161833097921162,-0.11757862807858));
#5040=CARTESIAN_POINT('Ctrl Pts',(0.190384780446502,0.123629485802388,-0.170161389095555));
#5041=CARTESIAN_POINT('Ctrl Pts',(0.186538626600349,0.0618147429011941,
-0.190246216581726));
#5042=CARTESIAN_POINT('Ctrl Pts',(0.182692472754195,1.28790619939536E-17,
-0.210331044067897));
#5043=CARTESIAN_POINT('Ctrl Pts',(0.178846318908041,-0.0618147429011941,
-0.190246216581726));
#5044=CARTESIAN_POINT('Ctrl Pts',(0.175000165061887,-0.123629485802388,
-0.170161389095555));
#5045=CARTESIAN_POINT('Ctrl Pts',(0.171154011215733,-0.161833097921162,
-0.11757862807858));
#5046=CARTESIAN_POINT('Ctrl Pts',(0.167307857369579,-0.200036710039937,
-0.0649958670616062));
#5047=CARTESIAN_POINT('Ctrl Pts',(0.163461703523425,-0.200036710039937,
-2.44974316662376E-17));
#5048=CARTESIAN_POINT('Ctrl Pts',(0.159615549677272,-0.200036710039937,
0.0649958670616061));
#5049=CARTESIAN_POINT('Ctrl Pts',(0.155769395831118,-0.161833097921162,
0.11757862807858));
#5050=CARTESIAN_POINT('Ctrl Pts',(0.151923241984964,-0.123629485802388,
0.170161389095555));
#5051=CARTESIAN_POINT('Ctrl Pts',(0.14807708813881,-0.0618147429011941,
0.190246216581726));
#5052=CARTESIAN_POINT('Ctrl Pts',(0.144230934292656,-3.86371859818607E-17,
0.210331044067897));
#5053=CARTESIAN_POINT('Ctrl Pts',(0.140384780446502,0.061814742901194,0.190246216581726));
#5054=CARTESIAN_POINT('Ctrl Pts',(0.136538626600348,0.123629485802388,0.170161389095555));
#5055=CARTESIAN_POINT('Ctrl Pts',(0.132692472754195,0.161833097921162,0.11757862807858));
#5056=CARTESIAN_POINT('Ctrl Pts',(0.128846318908041,0.200036710039937,0.0649958670616062));
#5057=CARTESIAN_POINT('Ctrl Pts',(0.125000165061887,0.200036710039937,0.));
#5058=CARTESIAN_POINT('Ctrl Pts',(0.121154011215733,0.200036710039937,-0.0649958670616061));
#5059=CARTESIAN_POINT('Ctrl Pts',(0.117307857369579,0.161833097921162,-0.11757862807858));
#5060=CARTESIAN_POINT('Ctrl Pts',(0.113461703523425,0.123629485802388,-0.170161389095555));
#5061=CARTESIAN_POINT('Ctrl Pts',(0.109615549677271,0.0618147429011941,
-0.190246216581726));
#5062=CARTESIAN_POINT('Ctrl Pts',(0.105769395831118,1.28790619939536E-17,
-0.210331044067897));
#5063=CARTESIAN_POINT('Ctrl Pts',(0.101923241984964,-0.0618147429011941,
-0.190246216581726));
#5064=CARTESIAN_POINT('Ctrl Pts',(0.0980770881388101,-0.123629485802388,
-0.170161389095555));
#5065=CARTESIAN_POINT('Ctrl Pts',(0.0942309342926562,-0.161833097921162,
-0.11757862807858));
#5066=CARTESIAN_POINT('Ctrl Pts',(0.0903847804465023,-0.200036710039937,
-0.0649958670616062));
#5067=CARTESIAN_POINT('Ctrl Pts',(0.0865386266003485,-0.200036710039937,
-2.44974316662376E-17));
#5068=CARTESIAN_POINT('Ctrl Pts',(0.0826924727541946,-0.200036710039937,
0.0649958670616061));
#5069=CARTESIAN_POINT('Ctrl Pts',(0.0788463189080407,-0.161833097921162,
0.11757862807858));
#5070=CARTESIAN_POINT('Ctrl Pts',(0.0750001650618869,-0.123629485802388,
0.170161389095555));
#5071=CARTESIAN_POINT('Ctrl Pts',(0.071154011215733,-0.0618147429011941,
0.190246216581726));
#5072=CARTESIAN_POINT('Ctrl Pts',(0.0673078573695791,-3.86371859818607E-17,
0.210331044067897));
#5073=CARTESIAN_POINT('Ctrl Pts',(0.0634617035234254,0.061814742901194,
0.190246216581726));
#5074=CARTESIAN_POINT('Ctrl Pts',(0.0596155496772715,0.123629485802388,
0.170161389095555));
#5075=CARTESIAN_POINT('Ctrl Pts',(0.0557693958311177,0.161833097921162,
0.11757862807858));
#5076=CARTESIAN_POINT('Ctrl Pts',(0.0519232419849638,0.200036710039937,
0.0649958670616062));
#5077=CARTESIAN_POINT('Ctrl Pts',(0.0480770881388099,0.200036710039937,
0.));
#5078=CARTESIAN_POINT('Ctrl Pts',(0.0442309342926561,0.200036710039937,
-0.0649958670616061));
#5079=CARTESIAN_POINT('Ctrl Pts',(0.0403847804465021,0.161833097921162,
-0.11757862807858));
#5080=CARTESIAN_POINT('Ctrl Pts',(0.0365386266003483,0.123629485802388,
-0.170161389095555));
#5081=CARTESIAN_POINT('Ctrl Pts',(0.0326924727541946,0.0618147429011941,
-0.190246216581726));
#5082=CARTESIAN_POINT('Ctrl Pts',(0.0288463189080408,1.28790619939536E-17,
-0.210331044067897));
#5083=CARTESIAN_POINT('Ctrl Pts',(0.0250001650618868,-0.0618147429011941,
-0.190246216581726));
#5084=CARTESIAN_POINT('Ctrl Pts',(0.021154011215733,-0.123629485802388,
-0.170161389095555));
#5085=CARTESIAN_POINT('Ctrl Pts',(0.0173078573695793,-0.161833097921162,
-0.11757862807858));
#5086=CARTESIAN_POINT('Ctrl Pts',(0.0134617035234252,-0.200036710039937,
-0.0649958670616062));
#5087=CARTESIAN_POINT('Ctrl Pts',(0.00961554967727146,-0.200036710039937,
-2.44974316662376E-17));
#5088=CARTESIAN_POINT('Ctrl Pts',(0.00576939583111769,-0.200036710039937,
0.0649958670616061));
#5089=CARTESIAN_POINT('Ctrl Pts',(0.00192324198496366,-0.161833097921162,
0.11757862807858));
#5090=CARTESIAN_POINT('Ctrl Pts',(-0.00192291186119011,-0.123629485802388,
0.170161389095555));
#5091=CARTESIAN_POINT('Ctrl Pts',(-0.00576906570734387,-0.0618147429011941,
0.190246216581726));
#5092=CARTESIAN_POINT('Ctrl Pts',(-0.0096152195534979,-3.86371859818607E-17,
0.210331044067897));
#5093=CARTESIAN_POINT('Ctrl Pts',(-0.0134613733996517,0.061814742901194,
0.190246216581726));
#5094=CARTESIAN_POINT('Ctrl Pts',(-0.0173075272458054,0.123629485802388,
0.170161389095555));
#5095=CARTESIAN_POINT('Ctrl Pts',(-0.0211536810919595,0.161833097921162,
0.11757862807858));
#5096=CARTESIAN_POINT('Ctrl Pts',(-0.0249998349381132,0.200036710039937,
0.0649958670616062));
#5097=CARTESIAN_POINT('Ctrl Pts',(-0.028845988784267,0.200036710039937,
0.));
#5098=CARTESIAN_POINT('Ctrl Pts',(-0.032692142630421,0.200036710039937,
-0.0649958670616061));
#5099=CARTESIAN_POINT('Ctrl Pts',(-0.0365382964765748,0.161833097921162,
-0.11757862807858));
#5100=CARTESIAN_POINT('Ctrl Pts',(-0.0403844503227285,0.123629485802388,
-0.170161389095555));
#5101=CARTESIAN_POINT('Ctrl Pts',(-0.0442306041688826,0.0618147429011941,
-0.190246216581726));
#5102=CARTESIAN_POINT('Ctrl Pts',(-0.0480767580150363,1.28790619939536E-17,
-0.210331044067897));
#5103=CARTESIAN_POINT('Ctrl Pts',(-0.0519229118611901,-0.0618147429011941,
-0.190246216581726));
#5104=CARTESIAN_POINT('Ctrl Pts',(-0.0557690657073439,-0.123629485802388,
-0.170161389095555));
#5105=CARTESIAN_POINT('Ctrl Pts',(-0.0596152195534979,-0.161833097921162,
-0.11757862807858));
#5106=CARTESIAN_POINT('Ctrl Pts',(-0.0634613733996517,-0.200036710039937,
-0.0649958670616062));
#5107=CARTESIAN_POINT('Ctrl Pts',(-0.0673075272458054,-0.200036710039937,
-2.44974316662376E-17));
#5108=CARTESIAN_POINT('Ctrl Pts',(-0.0711536810919595,-0.200036710039937,
0.0649958670616061));
#5109=CARTESIAN_POINT('Ctrl Pts',(-0.0749998349381132,-0.161833097921162,
0.11757862807858));
#5110=CARTESIAN_POINT('Ctrl Pts',(-0.078845988784267,-0.123629485802388,
0.170161389095555));
#5111=CARTESIAN_POINT('Ctrl Pts',(-0.082692142630421,-0.0618147429011941,
0.190246216581726));
#5112=CARTESIAN_POINT('Ctrl Pts',(-0.0865382964765748,-3.86371859818607E-17,
0.210331044067897));
#5113=CARTESIAN_POINT('Ctrl Pts',(-0.0903844503227286,0.061814742901194,
0.190246216581726));
#5114=CARTESIAN_POINT('Ctrl Pts',(-0.0942306041688826,0.123629485802388,
0.170161389095555));
#5115=CARTESIAN_POINT('Ctrl Pts',(-0.0980767580150364,0.161833097921162,
0.11757862807858));
#5116=CARTESIAN_POINT('Ctrl Pts',(-0.10192291186119,0.200036710039937,0.0649958670616062));
#5117=CARTESIAN_POINT('Ctrl Pts',(-0.105769065707344,0.200036710039937,
0.));
#5118=CARTESIAN_POINT('Ctrl Pts',(-0.109615219553498,0.200036710039937,
-0.0649958670616061));
#5119=CARTESIAN_POINT('Ctrl Pts',(-0.113461373399652,0.161833097921162,
-0.11757862807858));
#5120=CARTESIAN_POINT('Ctrl Pts',(-0.117307527245806,0.123629485802388,
-0.170161389095555));
#5121=CARTESIAN_POINT('Ctrl Pts',(-0.121153681091959,0.0618147429011941,
-0.190246216581726));
#5122=CARTESIAN_POINT('Ctrl Pts',(-0.124999834938113,1.28790619939536E-17,
-0.210331044067897));
#5123=CARTESIAN_POINT('Ctrl Pts',(-0.128845988784267,-0.0618147429011941,
-0.190246216581726));
#5124=CARTESIAN_POINT('Ctrl Pts',(-0.132692142630421,-0.123629485802388,
-0.170161389095555));
#5125=CARTESIAN_POINT('Ctrl Pts',(-0.136538296476575,-0.161833097921162,
-0.11757862807858));
#5126=CARTESIAN_POINT('Ctrl Pts',(-0.140384450322729,-0.200036710039937,
-0.0649958670616062));
#5127=CARTESIAN_POINT('Ctrl Pts',(-0.144230604168883,-0.200036710039937,
-2.44974316662376E-17));
#5128=CARTESIAN_POINT('Ctrl Pts',(-0.148076758015036,-0.200036710039937,
0.0649958670616061));
#5129=CARTESIAN_POINT('Ctrl Pts',(-0.15192291186119,-0.161833097921162,
0.11757862807858));
#5130=CARTESIAN_POINT('Ctrl Pts',(-0.155769065707344,-0.123629485802388,
0.170161389095555));
#5131=CARTESIAN_POINT('Ctrl Pts',(-0.159615219553498,-0.0618147429011941,
0.190246216581726));
#5132=CARTESIAN_POINT('Ctrl Pts',(-0.163461373399652,-3.86371859818607E-17,
0.210331044067897));
#5133=CARTESIAN_POINT('Ctrl Pts',(-0.167307527245806,0.061814742901194,
0.190246216581726));
#5134=CARTESIAN_POINT('Ctrl Pts',(-0.171153681091959,0.123629485802388,
0.170161389095555));
#5135=CARTESIAN_POINT('Ctrl Pts',(-0.174999834938113,0.161833097921162,
0.11757862807858));
#5136=CARTESIAN_POINT('Ctrl Pts',(-0.178845988784267,0.200036710039937,
0.0649958670616062));
#5137=CARTESIAN_POINT('Ctrl Pts',(-0.182692142630421,0.200036710039937,
0.));
#5138=CARTESIAN_POINT('Ctrl Pts',(-0.186538296476575,0.200036710039937,
-0.0649958670616061));
#5139=CARTESIAN_POINT('Ctrl Pts',(-0.190384450322729,0.161833097921162,
-0.11757862807858));
#5140=CARTESIAN_POINT('Ctrl Pts',(-0.194230604168883,0.123629485802388,
-0.170161389095555));
#5141=CARTESIAN_POINT('Ctrl Pts',(-0.198076758015036,0.0618147429011941,
-0.190246216581726));
#5142=CARTESIAN_POINT('Ctrl Pts',(-0.20192291186119,1.28790619939536E-17,
-0.210331044067897));
#5143=CARTESIAN_POINT('Ctrl Pts',(-0.205769065707344,-0.0618147429011941,
-0.190246216581726));
#5144=CARTESIAN_POINT('Ctrl Pts',(-0.209615219553498,-0.123629485802388,
-0.170161389095555));
#5145=CARTESIAN_POINT('Ctrl Pts',(-0.213461373399652,-0.161833097921162,
-0.11757862807858));
#5146=CARTESIAN_POINT('Ctrl Pts',(-0.217307527245806,-0.200036710039937,
-0.0649958670616062));
#5147=CARTESIAN_POINT('Ctrl Pts',(-0.22115368109196,-0.200036710039937,
-2.44974316662376E-17));
#5148=CARTESIAN_POINT('Ctrl Pts',(-0.224999834938113,-0.200036710039937,
0.0649958670616061));
#5149=CARTESIAN_POINT('Ctrl Pts',(-0.228845988784267,-0.161833097921162,
0.11757862807858));
#5150=CARTESIAN_POINT('Ctrl Pts',(-0.232692142630421,-0.123629485802388,
0.170161389095555));
#5151=CARTESIAN_POINT('Ctrl Pts',(-0.236538296476575,-0.0618147429011941,
0.190246216581726));
#5152=CARTESIAN_POINT('Ctrl Pts',(-0.240384450322729,-3.86371859818607E-17,
0.210331044067897));
#5153=CARTESIAN_POINT('Ctrl Pts',(-0.244230604168883,0.061814742901194,
0.190246216581726));
#5154=CARTESIAN_POINT('Ctrl Pts',(-0.248076758015036,0.123629485802388,
0.170161389095555));
#5155=CARTESIAN_POINT('Ctrl Pts',(-0.25192291186119,0.161833097921162,0.11757862807858));
#5156=CARTESIAN_POINT('Ctrl Pts',(-0.255769065707344,0.200036710039937,
0.0649958670616062));
#5157=CARTESIAN_POINT('Ctrl Pts',(-0.259615219553498,0.200036710039937,
0.));
#5158=CARTESIAN_POINT('Ctrl Pts',(-0.263461373399652,0.200036710039937,
-0.0649958670616061));
#5159=CARTESIAN_POINT('Ctrl Pts',(-0.267307527245806,0.161833097921162,
-0.11757862807858));
#5160=CARTESIAN_POINT('Ctrl Pts',(-0.271153681091959,0.123629485802388,
-0.170161389095555));
#5161=CARTESIAN_POINT('Ctrl Pts',(-0.274999834938114,0.0618147429011941,
-0.190246216581726));
#5162=CARTESIAN_POINT('Ctrl Pts',(-0.278845988784267,1.28790619939536E-17,
-0.210331044067897));
#5163=CARTESIAN_POINT('Ctrl Pts',(-0.282692142630421,-0.0618147429011941,
-0.190246216581726));
#5164=CARTESIAN_POINT('Ctrl Pts',(-0.286538296476575,-0.123629485802388,
-0.170161389095555));
#5165=CARTESIAN_POINT('Ctrl Pts',(-0.290384450322729,-0.161833097921162,
-0.11757862807858));
#5166=CARTESIAN_POINT('Ctrl Pts',(-0.294230604168883,-0.200036710039937,
-0.0649958670616062));
#5167=CARTESIAN_POINT('Ctrl Pts',(-0.298076758015037,-0.200036710039937,
-2.44974316662376E-17));
#5168=CARTESIAN_POINT('Ctrl Pts',(-0.30192291186119,-0.200036710039937,
0.0649958670616061));
#5169=CARTESIAN_POINT('Ctrl Pts',(-0.305769065707344,-0.161833097921162,
0.11757862807858));
#5170=CARTESIAN_POINT('Ctrl Pts',(-0.309615219553498,-0.123629485802388,
0.170161389095555));
#5171=CARTESIAN_POINT('Ctrl Pts',(-0.313461373399652,-0.0618147429011941,
0.190246216581726));
#5172=CARTESIAN_POINT('Ctrl Pts',(-0.317307527245806,-3.86371859818607E-17,
0.210331044067897));
#5173=CARTESIAN_POINT('Ctrl Pts',(-0.32115368109196,0.061814742901194,0.190246216581726));
#5174=CARTESIAN_POINT('Ctrl Pts',(-0.324999834938114,0.123629485802388,
0.170161389095555));
#5175=CARTESIAN_POINT('Ctrl Pts',(-0.328845988784267,0.161833097921162,
0.11757862807858));
#5176=CARTESIAN_POINT('Ctrl Pts',(-0.332692142630421,0.200036710039937,
0.0649958670616062));
#5177=CARTESIAN_POINT('Ctrl Pts',(-0.336538296476575,0.200036710039937,
0.));
#5178=CARTESIAN_POINT('Ctrl Pts',(-0.340384450322729,0.200036710039937,
-0.0649958670616061));
#5179=CARTESIAN_POINT('Ctrl Pts',(-0.344230604168883,0.161833097921162,
-0.11757862807858));
#5180=CARTESIAN_POINT('Ctrl Pts',(-0.348076758015037,0.123629485802388,
-0.170161389095555));
#5181=CARTESIAN_POINT('Ctrl Pts',(-0.35192291186119,0.0618147429011941,
-0.190246216581726));
#5182=CARTESIAN_POINT('Ctrl Pts',(-0.355769065707344,1.28790619939536E-17,
-0.210331044067897));
#5183=CARTESIAN_POINT('Ctrl Pts',(-0.359615219553498,-0.0618147429011941,
-0.190246216581726));
#5184=CARTESIAN_POINT('Ctrl Pts',(-0.363461373399652,-0.123629485802388,
-0.170161389095555));
#5185=CARTESIAN_POINT('Ctrl Pts',(-0.367307527245806,-0.161833097921162,
-0.11757862807858));
#5186=CARTESIAN_POINT('Ctrl Pts',(-0.37115368109196,-0.200036710039937,
-0.0649958670616062));
#5187=CARTESIAN_POINT('Ctrl Pts',(-0.374999834938114,-0.200036710039937,
-2.44974316662376E-17));
#5188=CARTESIAN_POINT('Ctrl Pts',(-0.378845988784267,-0.200036710039937,
0.0649958670616061));
#5189=CARTESIAN_POINT('Ctrl Pts',(-0.382692142630421,-0.161833097921162,
0.11757862807858));
#5190=CARTESIAN_POINT('Ctrl Pts',(-0.386538296476575,-0.123629485802388,
0.170161389095555));
#5191=CARTESIAN_POINT('Ctrl Pts',(-0.390384450322729,-0.0618147429011941,
0.190246216581726));
#5192=CARTESIAN_POINT('Ctrl Pts',(-0.394230604168883,-3.86371859818607E-17,
0.210331044067897));
#5193=CARTESIAN_POINT('Ctrl Pts',(-0.398076758015037,0.061814742901194,
0.190246216581726));
#5194=CARTESIAN_POINT('Ctrl Pts',(-0.40192291186119,0.123629485802388,0.170161389095555));
#5195=CARTESIAN_POINT('Ctrl Pts',(-0.405769065707344,0.161833097921162,
0.11757862807858));
#5196=CARTESIAN_POINT('Ctrl Pts',(-0.409615219553498,0.200036710039937,
0.0649958670616062));
#5197=CARTESIAN_POINT('Ctrl Pts',(-0.413461373399652,0.200036710039937,
0.));
#5198=CARTESIAN_POINT('Ctrl Pts',(-0.417307527245806,0.200036710039937,
-0.0649958670616061));
#5199=CARTESIAN_POINT('Ctrl Pts',(-0.42115368109196,0.161833097921162,-0.11757862807858));
#5200=CARTESIAN_POINT('Ctrl Pts',(-0.424999834938114,0.123629485802388,
-0.170161389095555));
#5201=CARTESIAN_POINT('Ctrl Pts',(-0.428845988784267,0.0618147429011941,
-0.190246216581726));
#5202=CARTESIAN_POINT('Ctrl Pts',(-0.432692142630421,1.28790619939536E-17,
-0.210331044067897));
#5203=CARTESIAN_POINT('Ctrl Pts',(-0.436538296476575,-0.0618147429011941,
-0.190246216581726));
#5204=CARTESIAN_POINT('Ctrl Pts',(-0.440384450322729,-0.123629485802388,
-0.170161389095555));
#5205=CARTESIAN_POINT('Ctrl Pts',(-0.444230604168883,-0.161833097921162,
-0.11757862807858));
#5206=CARTESIAN_POINT('Ctrl Pts',(-0.448076758015037,-0.200036710039937,
-0.0649958670616062));
#5207=CARTESIAN_POINT('Ctrl Pts',(-0.45192291186119,-0.200036710039937,
-2.44974316662376E-17));
#5208=CARTESIAN_POINT('Ctrl Pts',(-0.455769065707345,-0.200036710039937,
0.0649958670616061));
#5209=CARTESIAN_POINT('Ctrl Pts',(-0.459615219553498,-0.161833097921162,
0.11757862807858));
#5210=CARTESIAN_POINT('Ctrl Pts',(-0.463461373399652,-0.123629485802388,
0.170161389095555));
#5211=CARTESIAN_POINT('Ctrl Pts',(-0.467307527245806,-0.0618147429011941,
0.190246216581726));
#5212=CARTESIAN_POINT('Ctrl Pts',(-0.47115368109196,-3.86371859818607E-17,
0.210331044067897));
#5213=CARTESIAN_POINT('Ctrl Pts',(-0.474999834938114,0.061814742901194,
0.190246216581726));
#5214=CARTESIAN_POINT('Ctrl Pts',(-0.478845988784267,0.123629485802388,
0.170161389095555));
#5215=CARTESIAN_POINT('Ctrl Pts',(-0.482692142630421,0.161833097921162,
0.11757862807858));
#5216=CARTESIAN_POINT('Ctrl Pts',(-0.48468628978089,0.181640840224667,0.0903156096866843));
#5217=CARTESIAN_POINT('Ctrl Pts',(-0.48678265603825,0.191423152001311,0.0580677383878921));
#5218=CARTESIAN_POINT('Ctrl Pts',(1.28846143230611,0.200036812068914,0.));
#5219=CARTESIAN_POINT('Ctrl Pts',(1.28461527845995,0.200036812068914,-0.0649959002128306));
#5220=CARTESIAN_POINT('Ctrl Pts',(1.2807691246138,0.161833180464339,-0.117578688049709));
#5221=CARTESIAN_POINT('Ctrl Pts',(1.27692297076765,0.123629548859764,-0.170161475886587));
#5222=CARTESIAN_POINT('Ctrl Pts',(1.27307681692149,0.0618147744298822,-0.19024631361705));
#5223=CARTESIAN_POINT('Ctrl Pts',(1.26923066307534,1.28790685629355E-17,
-0.210331151347513));
#5224=CARTESIAN_POINT('Ctrl Pts',(1.26538450922919,-0.0618147744298821,
-0.19024631361705));
#5225=CARTESIAN_POINT('Ctrl Pts',(1.26153835538303,-0.123629548859764,-0.170161475886587));
#5226=CARTESIAN_POINT('Ctrl Pts',(1.25769220153688,-0.161833180464339,-0.117578688049709));
#5227=CARTESIAN_POINT('Ctrl Pts',(1.25384604769072,-0.200036812068914,-0.0649959002128307));
#5228=CARTESIAN_POINT('Ctrl Pts',(1.24999989384457,-0.200036812068914,-2.44974441611837E-17));
#5229=CARTESIAN_POINT('Ctrl Pts',(1.24615373999842,-0.200036812068914,0.0649959002128306));
#5230=CARTESIAN_POINT('Ctrl Pts',(1.24230758615226,-0.161833180464339,0.117578688049709));
#5231=CARTESIAN_POINT('Ctrl Pts',(1.23846143230611,-0.123629548859764,0.170161475886587));
#5232=CARTESIAN_POINT('Ctrl Pts',(1.23461527845995,-0.0618147744298822,
0.19024631361705));
#5233=CARTESIAN_POINT('Ctrl Pts',(1.2307691246138,-3.86372056888064E-17,
0.210331151347513));
#5234=CARTESIAN_POINT('Ctrl Pts',(1.22692297076765,0.0618147744298821,0.19024631361705));
#5235=CARTESIAN_POINT('Ctrl Pts',(1.22307681692149,0.123629548859764,0.170161475886587));
#5236=CARTESIAN_POINT('Ctrl Pts',(1.21923066307534,0.161833180464339,0.117578688049709));
#5237=CARTESIAN_POINT('Ctrl Pts',(1.21538450922919,0.200036812068914,0.0649959002128307));
#5238=CARTESIAN_POINT('Ctrl Pts',(1.21153835538303,0.200036812068914,0.));
#5239=CARTESIAN_POINT('Ctrl Pts',(1.20769220153688,0.200036812068914,-0.0649959002128306));
#5240=CARTESIAN_POINT('Ctrl Pts',(1.20384604769072,0.161833180464339,-0.117578688049709));
#5241=CARTESIAN_POINT('Ctrl Pts',(1.19999989384457,0.123629548859764,-0.170161475886587));
#5242=CARTESIAN_POINT('Ctrl Pts',(1.19615373999842,0.0618147744298822,-0.19024631361705));
#5243=CARTESIAN_POINT('Ctrl Pts',(1.19230758615226,1.28790685629355E-17,
-0.210331151347513));
#5244=CARTESIAN_POINT('Ctrl Pts',(1.18846143230611,-0.0618147744298821,
-0.19024631361705));
#5245=CARTESIAN_POINT('Ctrl Pts',(1.18461527845995,-0.123629548859764,-0.170161475886587));
#5246=CARTESIAN_POINT('Ctrl Pts',(1.1807691246138,-0.161833180464339,-0.117578688049709));
#5247=CARTESIAN_POINT('Ctrl Pts',(1.17692297076765,-0.200036812068914,-0.0649959002128307));
#5248=CARTESIAN_POINT('Ctrl Pts',(1.17307681692149,-0.200036812068914,-2.44974441611837E-17));
#5249=CARTESIAN_POINT('Ctrl Pts',(1.16923066307534,-0.200036812068914,0.0649959002128306));
#5250=CARTESIAN_POINT('Ctrl Pts',(1.16538450922919,-0.161833180464339,0.117578688049709));
#5251=CARTESIAN_POINT('Ctrl Pts',(1.16153835538303,-0.123629548859764,0.170161475886587));
#5252=CARTESIAN_POINT('Ctrl Pts',(1.15769220153688,-0.0618147744298822,
0.19024631361705));
#5253=CARTESIAN_POINT('Ctrl Pts',(1.15384604769072,-3.86372056888064E-17,
0.210331151347513));
#5254=CARTESIAN_POINT('Ctrl Pts',(1.14999989384457,0.0618147744298821,0.19024631361705));
#5255=CARTESIAN_POINT('Ctrl Pts',(1.14615373999842,0.123629548859764,0.170161475886587));
#5256=CARTESIAN_POINT('Ctrl Pts',(1.14230758615226,0.161833180464339,0.117578688049709));
#5257=CARTESIAN_POINT('Ctrl Pts',(1.13846143230611,0.200036812068914,0.0649959002128307));
#5258=CARTESIAN_POINT('Ctrl Pts',(1.13461527845995,0.200036812068914,0.));
#5259=CARTESIAN_POINT('Ctrl Pts',(1.1307691246138,0.200036812068914,-0.0649959002128306));
#5260=CARTESIAN_POINT('Ctrl Pts',(1.12692297076765,0.161833180464339,-0.117578688049709));
#5261=CARTESIAN_POINT('Ctrl Pts',(1.12307681692149,0.123629548859764,-0.170161475886587));
#5262=CARTESIAN_POINT('Ctrl Pts',(1.11923066307534,0.0618147744298822,-0.19024631361705));
#5263=CARTESIAN_POINT('Ctrl Pts',(1.11538450922918,1.28790685629355E-17,
-0.210331151347513));
#5264=CARTESIAN_POINT('Ctrl Pts',(1.11153835538303,-0.0618147744298821,
-0.19024631361705));
#5265=CARTESIAN_POINT('Ctrl Pts',(1.10769220153688,-0.123629548859764,-0.170161475886587));
#5266=CARTESIAN_POINT('Ctrl Pts',(1.10384604769072,-0.161833180464339,-0.117578688049709));
#5267=CARTESIAN_POINT('Ctrl Pts',(1.09999989384457,-0.200036812068914,-0.0649959002128307));
#5268=CARTESIAN_POINT('Ctrl Pts',(1.09615373999842,-0.200036812068914,-2.44974441611837E-17));
#5269=CARTESIAN_POINT('Ctrl Pts',(1.09230758615226,-0.200036812068914,0.0649959002128306));
#5270=CARTESIAN_POINT('Ctrl Pts',(1.08846143230611,-0.161833180464339,0.117578688049709));
#5271=CARTESIAN_POINT('Ctrl Pts',(1.08461527845995,-0.123629548859764,0.170161475886587));
#5272=CARTESIAN_POINT('Ctrl Pts',(1.0807691246138,-0.0618147744298822,0.19024631361705));
#5273=CARTESIAN_POINT('Ctrl Pts',(1.07692297076765,-3.86372056888064E-17,
0.210331151347513));
#5274=CARTESIAN_POINT('Ctrl Pts',(1.07307681692149,0.0618147744298821,0.19024631361705));
#5275=CARTESIAN_POINT('Ctrl Pts',(1.06923066307534,0.123629548859764,0.170161475886587));
#5276=CARTESIAN_POINT('Ctrl Pts',(1.06538450922918,0.161833180464339,0.117578688049709));
#5277=CARTESIAN_POINT('Ctrl Pts',(1.06153835538303,0.200036812068914,0.0649959002128307));
#5278=CARTESIAN_POINT('Ctrl Pts',(1.05769220153688,0.200036812068914,0.));
#5279=CARTESIAN_POINT('Ctrl Pts',(1.05384604769072,0.200036812068914,-0.0649959002128306));
#5280=CARTESIAN_POINT('Ctrl Pts',(1.04999989384457,0.161833180464339,-0.117578688049709));
#5281=CARTESIAN_POINT('Ctrl Pts',(1.04615373999842,0.123629548859764,-0.170161475886587));
#5282=CARTESIAN_POINT('Ctrl Pts',(1.04230758615226,0.0618147744298822,-0.19024631361705));
#5283=CARTESIAN_POINT('Ctrl Pts',(1.03846143230611,1.28790685629355E-17,
-0.210331151347513));
#5284=CARTESIAN_POINT('Ctrl Pts',(1.03461527845995,-0.0618147744298821,
-0.19024631361705));
#5285=CARTESIAN_POINT('Ctrl Pts',(1.0307691246138,-0.123629548859764,-0.170161475886587));
#5286=CARTESIAN_POINT('Ctrl Pts',(1.02692297076765,-0.161833180464339,-0.117578688049709));
#5287=CARTESIAN_POINT('Ctrl Pts',(1.02307681692149,-0.200036812068914,-0.0649959002128307));
#5288=CARTESIAN_POINT('Ctrl Pts',(1.01923066307534,-0.200036812068914,-2.44974441611837E-17));
#5289=CARTESIAN_POINT('Ctrl Pts',(1.01538450922918,-0.200036812068914,0.0649959002128306));
#5290=CARTESIAN_POINT('Ctrl Pts',(1.01153835538303,-0.161833180464339,0.117578688049709));
#5291=CARTESIAN_POINT('Ctrl Pts',(1.00769220153688,-0.123629548859764,0.170161475886587));
#5292=CARTESIAN_POINT('Ctrl Pts',(1.00384604769072,-0.0618147744298822,
0.19024631361705));
#5293=CARTESIAN_POINT('Ctrl Pts',(0.999999893844569,-3.86372056888064E-17,
0.210331151347513));
#5294=CARTESIAN_POINT('Ctrl Pts',(0.996153739998416,0.0618147744298821,
0.19024631361705));
#5295=CARTESIAN_POINT('Ctrl Pts',(0.992307586152262,0.123629548859764,0.170161475886587));
#5296=CARTESIAN_POINT('Ctrl Pts',(0.988461432306108,0.161833180464339,0.117578688049709));
#5297=CARTESIAN_POINT('Ctrl Pts',(0.984615278459954,0.200036812068914,0.0649959002128307));
#5298=CARTESIAN_POINT('Ctrl Pts',(0.9807691246138,0.200036812068914,0.));
#5299=CARTESIAN_POINT('Ctrl Pts',(0.976922970767646,0.200036812068914,-0.0649959002128306));
#5300=CARTESIAN_POINT('Ctrl Pts',(0.973076816921493,0.161833180464339,-0.117578688049709));
#5301=CARTESIAN_POINT('Ctrl Pts',(0.969230663075339,0.123629548859764,-0.170161475886587));
#5302=CARTESIAN_POINT('Ctrl Pts',(0.965384509229185,0.0618147744298822,
-0.19024631361705));
#5303=CARTESIAN_POINT('Ctrl Pts',(0.961538355383031,1.28790685629355E-17,
-0.210331151347513));
#5304=CARTESIAN_POINT('Ctrl Pts',(0.957692201536877,-0.0618147744298821,
-0.19024631361705));
#5305=CARTESIAN_POINT('Ctrl Pts',(0.953846047690723,-0.123629548859764,
-0.170161475886587));
#5306=CARTESIAN_POINT('Ctrl Pts',(0.94999989384457,-0.161833180464339,-0.117578688049709));
#5307=CARTESIAN_POINT('Ctrl Pts',(0.946153739998416,-0.200036812068914,
-0.0649959002128307));
#5308=CARTESIAN_POINT('Ctrl Pts',(0.942307586152262,-0.200036812068914,
-2.44974441611837E-17));
#5309=CARTESIAN_POINT('Ctrl Pts',(0.938461432306108,-0.200036812068914,
0.0649959002128306));
#5310=CARTESIAN_POINT('Ctrl Pts',(0.934615278459954,-0.161833180464339,
0.117578688049709));
#5311=CARTESIAN_POINT('Ctrl Pts',(0.9307691246138,-0.123629548859764,0.170161475886587));
#5312=CARTESIAN_POINT('Ctrl Pts',(0.926922970767647,-0.0618147744298822,
0.19024631361705));
#5313=CARTESIAN_POINT('Ctrl Pts',(0.923076816921493,-3.86372056888064E-17,
0.210331151347513));
#5314=CARTESIAN_POINT('Ctrl Pts',(0.919230663075339,0.0618147744298821,
0.19024631361705));
#5315=CARTESIAN_POINT('Ctrl Pts',(0.915384509229185,0.123629548859764,0.170161475886587));
#5316=CARTESIAN_POINT('Ctrl Pts',(0.911538355383031,0.161833180464339,0.117578688049709));
#5317=CARTESIAN_POINT('Ctrl Pts',(0.907692201536877,0.200036812068914,0.0649959002128307));
#5318=CARTESIAN_POINT('Ctrl Pts',(0.903846047690723,0.200036812068914,0.));
#5319=CARTESIAN_POINT('Ctrl Pts',(0.89999989384457,0.200036812068914,-0.0649959002128306));
#5320=CARTESIAN_POINT('Ctrl Pts',(0.896153739998416,0.161833180464339,-0.117578688049709));
#5321=CARTESIAN_POINT('Ctrl Pts',(0.892307586152261,0.123629548859764,-0.170161475886587));
#5322=CARTESIAN_POINT('Ctrl Pts',(0.888461432306108,0.0618147744298822,
-0.19024631361705));
#5323=CARTESIAN_POINT('Ctrl Pts',(0.884615278459954,1.28790685629355E-17,
-0.210331151347513));
#5324=CARTESIAN_POINT('Ctrl Pts',(0.8807691246138,-0.0618147744298821,-0.19024631361705));
#5325=CARTESIAN_POINT('Ctrl Pts',(0.876922970767646,-0.123629548859764,
-0.170161475886587));
#5326=CARTESIAN_POINT('Ctrl Pts',(0.873076816921492,-0.161833180464339,
-0.117578688049709));
#5327=CARTESIAN_POINT('Ctrl Pts',(0.869230663075338,-0.200036812068914,
-0.0649959002128307));
#5328=CARTESIAN_POINT('Ctrl Pts',(0.865384509229185,-0.200036812068914,
-2.44974441611837E-17));
#5329=CARTESIAN_POINT('Ctrl Pts',(0.861538355383031,-0.200036812068914,
0.0649959002128306));
#5330=CARTESIAN_POINT('Ctrl Pts',(0.857692201536877,-0.161833180464339,
0.117578688049709));
#5331=CARTESIAN_POINT('Ctrl Pts',(0.853846047690723,-0.123629548859764,
0.170161475886587));
#5332=CARTESIAN_POINT('Ctrl Pts',(0.849999893844569,-0.0618147744298822,
0.19024631361705));
#5333=CARTESIAN_POINT('Ctrl Pts',(0.846153739998415,-3.86372056888064E-17,
0.210331151347513));
#5334=CARTESIAN_POINT('Ctrl Pts',(0.842307586152262,0.0618147744298821,
0.19024631361705));
#5335=CARTESIAN_POINT('Ctrl Pts',(0.838461432306108,0.123629548859764,0.170161475886587));
#5336=CARTESIAN_POINT('Ctrl Pts',(0.834615278459954,0.161833180464339,0.117578688049709));
#5337=CARTESIAN_POINT('Ctrl Pts',(0.8307691246138,0.200036812068914,0.0649959002128307));
#5338=CARTESIAN_POINT('Ctrl Pts',(0.826922970767646,0.200036812068914,0.));
#5339=CARTESIAN_POINT('Ctrl Pts',(0.823076816921492,0.200036812068914,-0.0649959002128306));
#5340=CARTESIAN_POINT('Ctrl Pts',(0.819230663075339,0.161833180464339,-0.117578688049709));
#5341=CARTESIAN_POINT('Ctrl Pts',(0.815384509229185,0.123629548859764,-0.170161475886587));
#5342=CARTESIAN_POINT('Ctrl Pts',(0.811538355383031,0.0618147744298822,
-0.19024631361705));
#5343=CARTESIAN_POINT('Ctrl Pts',(0.807692201536877,1.28790685629355E-17,
-0.210331151347513));
#5344=CARTESIAN_POINT('Ctrl Pts',(0.803846047690723,-0.0618147744298821,
-0.19024631361705));
#5345=CARTESIAN_POINT('Ctrl Pts',(0.799999893844569,-0.123629548859764,
-0.170161475886587));
#5346=CARTESIAN_POINT('Ctrl Pts',(0.796153739998415,-0.161833180464339,
-0.117578688049709));
#5347=CARTESIAN_POINT('Ctrl Pts',(0.792307586152262,-0.200036812068914,
-0.0649959002128307));
#5348=CARTESIAN_POINT('Ctrl Pts',(0.788461432306108,-0.200036812068914,
-2.44974441611837E-17));
#5349=CARTESIAN_POINT('Ctrl Pts',(0.784615278459954,-0.200036812068914,
0.0649959002128306));
#5350=CARTESIAN_POINT('Ctrl Pts',(0.7807691246138,-0.161833180464339,0.117578688049709));
#5351=CARTESIAN_POINT('Ctrl Pts',(0.776922970767646,-0.123629548859764,
0.170161475886587));
#5352=CARTESIAN_POINT('Ctrl Pts',(0.773076816921492,-0.0618147744298822,
0.19024631361705));
#5353=CARTESIAN_POINT('Ctrl Pts',(0.769230663075338,-3.86372056888064E-17,
0.210331151347513));
#5354=CARTESIAN_POINT('Ctrl Pts',(0.765384509229185,0.0618147744298821,
0.19024631361705));
#5355=CARTESIAN_POINT('Ctrl Pts',(0.761538355383031,0.123629548859764,0.170161475886587));
#5356=CARTESIAN_POINT('Ctrl Pts',(0.757692201536877,0.161833180464339,0.117578688049709));
#5357=CARTESIAN_POINT('Ctrl Pts',(0.753846047690723,0.200036812068914,0.0649959002128307));
#5358=CARTESIAN_POINT('Ctrl Pts',(0.749999893844569,0.200036812068914,0.));
#5359=CARTESIAN_POINT('Ctrl Pts',(0.746153739998415,0.200036812068914,-0.0649959002128306));
#5360=CARTESIAN_POINT('Ctrl Pts',(0.742307586152262,0.161833180464339,-0.117578688049709));
#5361=CARTESIAN_POINT('Ctrl Pts',(0.738461432306107,0.123629548859764,-0.170161475886587));
#5362=CARTESIAN_POINT('Ctrl Pts',(0.734615278459954,0.0618147744298822,
-0.19024631361705));
#5363=CARTESIAN_POINT('Ctrl Pts',(0.7307691246138,1.28790685629355E-17,
-0.210331151347513));
#5364=CARTESIAN_POINT('Ctrl Pts',(0.726922970767646,-0.0618147744298821,
-0.19024631361705));
#5365=CARTESIAN_POINT('Ctrl Pts',(0.723076816921492,-0.123629548859764,
-0.170161475886587));
#5366=CARTESIAN_POINT('Ctrl Pts',(0.719230663075338,-0.161833180464339,
-0.117578688049709));
#5367=CARTESIAN_POINT('Ctrl Pts',(0.715384509229185,-0.200036812068914,
-0.0649959002128307));
#5368=CARTESIAN_POINT('Ctrl Pts',(0.711538355383031,-0.200036812068914,
-2.44974441611837E-17));
#5369=CARTESIAN_POINT('Ctrl Pts',(0.707692201536877,-0.200036812068914,
0.0649959002128306));
#5370=CARTESIAN_POINT('Ctrl Pts',(0.703846047690723,-0.161833180464339,
0.117578688049709));
#5371=CARTESIAN_POINT('Ctrl Pts',(0.699999893844569,-0.123629548859764,
0.170161475886587));
#5372=CARTESIAN_POINT('Ctrl Pts',(0.696153739998415,-0.0618147744298822,
0.19024631361705));
#5373=CARTESIAN_POINT('Ctrl Pts',(0.692307586152261,-3.86372056888064E-17,
0.210331151347513));
#5374=CARTESIAN_POINT('Ctrl Pts',(0.688461432306108,0.0618147744298821,
0.19024631361705));
#5375=CARTESIAN_POINT('Ctrl Pts',(0.684615278459954,0.123629548859764,0.170161475886587));
#5376=CARTESIAN_POINT('Ctrl Pts',(0.6807691246138,0.161833180464339,0.117578688049709));
#5377=CARTESIAN_POINT('Ctrl Pts',(0.676922970767646,0.200036812068914,0.0649959002128307));
#5378=CARTESIAN_POINT('Ctrl Pts',(0.673076816921492,0.200036812068914,0.));
#5379=CARTESIAN_POINT('Ctrl Pts',(0.669230663075338,0.200036812068914,-0.0649959002128306));
#5380=CARTESIAN_POINT('Ctrl Pts',(0.665384509229185,0.161833180464339,-0.117578688049709));
#5381=CARTESIAN_POINT('Ctrl Pts',(0.661538355383031,0.123629548859764,-0.170161475886587));
#5382=CARTESIAN_POINT('Ctrl Pts',(0.657692201536877,0.0618147744298822,
-0.19024631361705));
#5383=CARTESIAN_POINT('Ctrl Pts',(0.653846047690723,1.28790685629355E-17,
-0.210331151347513));
#5384=CARTESIAN_POINT('Ctrl Pts',(0.649999893844569,-0.0618147744298821,
-0.19024631361705));
#5385=CARTESIAN_POINT('Ctrl Pts',(0.646153739998415,-0.123629548859764,
-0.170161475886587));
#5386=CARTESIAN_POINT('Ctrl Pts',(0.642307586152261,-0.161833180464339,
-0.117578688049709));
#5387=CARTESIAN_POINT('Ctrl Pts',(0.638461432306108,-0.200036812068914,
-0.0649959002128307));
#5388=CARTESIAN_POINT('Ctrl Pts',(0.634615278459954,-0.200036812068914,
-2.44974441611837E-17));
#5389=CARTESIAN_POINT('Ctrl Pts',(0.6307691246138,-0.200036812068914,0.0649959002128306));
#5390=CARTESIAN_POINT('Ctrl Pts',(0.626922970767646,-0.161833180464339,
0.117578688049709));
#5391=CARTESIAN_POINT('Ctrl Pts',(0.623076816921492,-0.123629548859764,
0.170161475886587));
#5392=CARTESIAN_POINT('Ctrl Pts',(0.619230663075338,-0.0618147744298822,
0.19024631361705));
#5393=CARTESIAN_POINT('Ctrl Pts',(0.615384509229184,-3.86372056888064E-17,
0.210331151347513));
#5394=CARTESIAN_POINT('Ctrl Pts',(0.611538355383031,0.0618147744298821,
0.19024631361705));
#5395=CARTESIAN_POINT('Ctrl Pts',(0.607692201536877,0.123629548859764,0.170161475886587));
#5396=CARTESIAN_POINT('Ctrl Pts',(0.603846047690723,0.161833180464339,0.117578688049709));
#5397=CARTESIAN_POINT('Ctrl Pts',(0.599999893844569,0.200036812068914,0.0649959002128307));
#5398=CARTESIAN_POINT('Ctrl Pts',(0.596153739998415,0.200036812068914,0.));
#5399=CARTESIAN_POINT('Ctrl Pts',(0.592307586152261,0.200036812068914,-0.0649959002128306));
#5400=CARTESIAN_POINT('Ctrl Pts',(0.588461432306108,0.161833180464339,-0.117578688049709));
#5401=CARTESIAN_POINT('Ctrl Pts',(0.584615278459954,0.123629548859764,-0.170161475886587));
#5402=CARTESIAN_POINT('Ctrl Pts',(0.5807691246138,0.0618147744298822,-0.19024631361705));
#5403=CARTESIAN_POINT('Ctrl Pts',(0.576922970767646,1.28790685629355E-17,
-0.210331151347513));
#5404=CARTESIAN_POINT('Ctrl Pts',(0.573076816921492,-0.0618147744298821,
-0.19024631361705));
#5405=CARTESIAN_POINT('Ctrl Pts',(0.569230663075338,-0.123629548859764,
-0.170161475886587));
#5406=CARTESIAN_POINT('Ctrl Pts',(0.565384509229184,-0.161833180464339,
-0.117578688049709));
#5407=CARTESIAN_POINT('Ctrl Pts',(0.561538355383031,-0.200036812068914,
-0.0649959002128307));
#5408=CARTESIAN_POINT('Ctrl Pts',(0.557692201536877,-0.200036812068914,
-2.44974441611837E-17));
#5409=CARTESIAN_POINT('Ctrl Pts',(0.553846047690723,-0.200036812068914,
0.0649959002128306));
#5410=CARTESIAN_POINT('Ctrl Pts',(0.549999893844569,-0.161833180464339,
0.117578688049709));
#5411=CARTESIAN_POINT('Ctrl Pts',(0.546153739998415,-0.123629548859764,
0.170161475886587));
#5412=CARTESIAN_POINT('Ctrl Pts',(0.542307586152261,-0.0618147744298822,
0.19024631361705));
#5413=CARTESIAN_POINT('Ctrl Pts',(0.538461432306108,-3.86372056888064E-17,
0.210331151347513));
#5414=CARTESIAN_POINT('Ctrl Pts',(0.534615278459954,0.0618147744298821,
0.19024631361705));
#5415=CARTESIAN_POINT('Ctrl Pts',(0.5307691246138,0.123629548859764,0.170161475886587));
#5416=CARTESIAN_POINT('Ctrl Pts',(0.526922970767646,0.161833180464339,0.117578688049709));
#5417=CARTESIAN_POINT('Ctrl Pts',(0.523076816921492,0.200036812068914,0.0649959002128307));
#5418=CARTESIAN_POINT('Ctrl Pts',(0.519230663075338,0.200036812068914,0.));
#5419=CARTESIAN_POINT('Ctrl Pts',(0.515384509229184,0.200036812068914,-0.0649959002128306));
#5420=CARTESIAN_POINT('Ctrl Pts',(0.511538355383031,0.161833180464339,-0.117578688049709));
#5421=CARTESIAN_POINT('Ctrl Pts',(0.507692201536877,0.123629548859764,-0.170161475886587));
#5422=CARTESIAN_POINT('Ctrl Pts',(0.503846047690723,0.0618147744298822,
-0.19024631361705));
#5423=CARTESIAN_POINT('Ctrl Pts',(0.499999893844569,1.28790685629355E-17,
-0.210331151347513));
#5424=CARTESIAN_POINT('Ctrl Pts',(0.496153739998415,-0.0618147744298821,
-0.19024631361705));
#5425=CARTESIAN_POINT('Ctrl Pts',(0.492307586152261,-0.123629548859764,
-0.170161475886587));
#5426=CARTESIAN_POINT('Ctrl Pts',(0.488461432306107,-0.161833180464339,
-0.117578688049709));
#5427=CARTESIAN_POINT('Ctrl Pts',(0.484615278459954,-0.200036812068914,
-0.0649959002128307));
#5428=CARTESIAN_POINT('Ctrl Pts',(0.4807691246138,-0.200036812068914,-2.44974441611837E-17));
#5429=CARTESIAN_POINT('Ctrl Pts',(0.476922970767646,-0.200036812068914,
0.0649959002128306));
#5430=CARTESIAN_POINT('Ctrl Pts',(0.473076816921492,-0.161833180464339,
0.117578688049709));
#5431=CARTESIAN_POINT('Ctrl Pts',(0.469230663075338,-0.123629548859764,
0.170161475886587));
#5432=CARTESIAN_POINT('Ctrl Pts',(0.465384509229185,-0.0618147744298822,
0.19024631361705));
#5433=CARTESIAN_POINT('Ctrl Pts',(0.46153835538303,-3.86372056888064E-17,
0.210331151347513));
#5434=CARTESIAN_POINT('Ctrl Pts',(0.457692201536877,0.0618147744298821,
0.19024631361705));
#5435=CARTESIAN_POINT('Ctrl Pts',(0.453846047690723,0.123629548859764,0.170161475886587));
#5436=CARTESIAN_POINT('Ctrl Pts',(0.449999893844569,0.161833180464339,0.117578688049709));
#5437=CARTESIAN_POINT('Ctrl Pts',(0.446153739998415,0.200036812068914,0.0649959002128307));
#5438=CARTESIAN_POINT('Ctrl Pts',(0.442307586152261,0.200036812068914,0.));
#5439=CARTESIAN_POINT('Ctrl Pts',(0.438461432306107,0.200036812068914,-0.0649959002128306));
#5440=CARTESIAN_POINT('Ctrl Pts',(0.434615278459954,0.161833180464339,-0.117578688049709));
#5441=CARTESIAN_POINT('Ctrl Pts',(0.4307691246138,0.123629548859764,-0.170161475886587));
#5442=CARTESIAN_POINT('Ctrl Pts',(0.426922970767646,0.0618147744298822,
-0.19024631361705));
#5443=CARTESIAN_POINT('Ctrl Pts',(0.423076816921492,1.28790685629355E-17,
-0.210331151347513));
#5444=CARTESIAN_POINT('Ctrl Pts',(0.419230663075338,-0.0618147744298821,
-0.19024631361705));
#5445=CARTESIAN_POINT('Ctrl Pts',(0.415384509229184,-0.123629548859764,
-0.170161475886587));
#5446=CARTESIAN_POINT('Ctrl Pts',(0.411538355383031,-0.161833180464339,
-0.117578688049709));
#5447=CARTESIAN_POINT('Ctrl Pts',(0.407692201536876,-0.200036812068914,
-0.0649959002128307));
#5448=CARTESIAN_POINT('Ctrl Pts',(0.403846047690723,-0.200036812068914,
-2.44974441611837E-17));
#5449=CARTESIAN_POINT('Ctrl Pts',(0.399999893844569,-0.200036812068914,
0.0649959002128306));
#5450=CARTESIAN_POINT('Ctrl Pts',(0.396153739998415,-0.161833180464339,
0.117578688049709));
#5451=CARTESIAN_POINT('Ctrl Pts',(0.392307586152261,-0.123629548859764,
0.170161475886587));
#5452=CARTESIAN_POINT('Ctrl Pts',(0.388461432306107,-0.0618147744298822,
0.19024631361705));
#5453=CARTESIAN_POINT('Ctrl Pts',(0.384615278459953,-3.86372056888064E-17,
0.210331151347513));
#5454=CARTESIAN_POINT('Ctrl Pts',(0.3807691246138,0.0618147744298821,0.19024631361705));
#5455=CARTESIAN_POINT('Ctrl Pts',(0.376922970767646,0.123629548859764,0.170161475886587));
#5456=CARTESIAN_POINT('Ctrl Pts',(0.373076816921492,0.161833180464339,0.117578688049709));
#5457=CARTESIAN_POINT('Ctrl Pts',(0.369230663075338,0.200036812068914,0.0649959002128307));
#5458=CARTESIAN_POINT('Ctrl Pts',(0.365384509229184,0.200036812068914,0.));
#5459=CARTESIAN_POINT('Ctrl Pts',(0.36153835538303,0.200036812068914,-0.0649959002128306));
#5460=CARTESIAN_POINT('Ctrl Pts',(0.357692201536877,0.161833180464339,-0.117578688049709));
#5461=CARTESIAN_POINT('Ctrl Pts',(0.353846047690723,0.123629548859764,-0.170161475886587));
#5462=CARTESIAN_POINT('Ctrl Pts',(0.349999893844569,0.0618147744298822,
-0.19024631361705));
#5463=CARTESIAN_POINT('Ctrl Pts',(0.346153739998415,1.28790685629355E-17,
-0.210331151347513));
#5464=CARTESIAN_POINT('Ctrl Pts',(0.342307586152261,-0.0618147744298821,
-0.19024631361705));
#5465=CARTESIAN_POINT('Ctrl Pts',(0.338461432306107,-0.123629548859764,
-0.170161475886587));
#5466=CARTESIAN_POINT('Ctrl Pts',(0.334615278459953,-0.161833180464339,
-0.117578688049709));
#5467=CARTESIAN_POINT('Ctrl Pts',(0.330769124613799,-0.200036812068914,
-0.0649959002128307));
#5468=CARTESIAN_POINT('Ctrl Pts',(0.326922970767646,-0.200036812068914,
-2.44974441611837E-17));
#5469=CARTESIAN_POINT('Ctrl Pts',(0.323076816921492,-0.200036812068914,
0.0649959002128306));
#5470=CARTESIAN_POINT('Ctrl Pts',(0.319230663075338,-0.161833180464339,
0.117578688049709));
#5471=CARTESIAN_POINT('Ctrl Pts',(0.315384509229184,-0.123629548859764,
0.170161475886587));
#5472=CARTESIAN_POINT('Ctrl Pts',(0.31153835538303,-0.0618147744298822,
0.19024631361705));
#5473=CARTESIAN_POINT('Ctrl Pts',(0.307692201536877,-3.86372056888064E-17,
0.210331151347513));
#5474=CARTESIAN_POINT('Ctrl Pts',(0.303846047690723,0.0618147744298821,
0.19024631361705));
#5475=CARTESIAN_POINT('Ctrl Pts',(0.299999893844569,0.123629548859764,0.170161475886587));
#5476=CARTESIAN_POINT('Ctrl Pts',(0.296153739998415,0.161833180464339,0.117578688049709));
#5477=CARTESIAN_POINT('Ctrl Pts',(0.292307586152261,0.200036812068914,0.0649959002128307));
#5478=CARTESIAN_POINT('Ctrl Pts',(0.288461432306107,0.200036812068914,0.));
#5479=CARTESIAN_POINT('Ctrl Pts',(0.284615278459953,0.200036812068914,-0.0649959002128306));
#5480=CARTESIAN_POINT('Ctrl Pts',(0.2807691246138,0.161833180464339,-0.117578688049709));
#5481=CARTESIAN_POINT('Ctrl Pts',(0.276922970767646,0.123629548859764,-0.170161475886587));
#5482=CARTESIAN_POINT('Ctrl Pts',(0.273076816921492,0.0618147744298822,
-0.19024631361705));
#5483=CARTESIAN_POINT('Ctrl Pts',(0.269230663075338,1.28790685629355E-17,
-0.210331151347513));
#5484=CARTESIAN_POINT('Ctrl Pts',(0.265384509229184,-0.0618147744298821,
-0.19024631361705));
#5485=CARTESIAN_POINT('Ctrl Pts',(0.26153835538303,-0.123629548859764,-0.170161475886587));
#5486=CARTESIAN_POINT('Ctrl Pts',(0.257692201536876,-0.161833180464339,
-0.117578688049709));
#5487=CARTESIAN_POINT('Ctrl Pts',(0.253846047690723,-0.200036812068914,
-0.0649959002128307));
#5488=CARTESIAN_POINT('Ctrl Pts',(0.249999893844569,-0.200036812068914,
-2.44974441611837E-17));
#5489=CARTESIAN_POINT('Ctrl Pts',(0.246153739998415,-0.200036812068914,
0.0649959002128306));
#5490=CARTESIAN_POINT('Ctrl Pts',(0.242307586152261,-0.161833180464339,
0.117578688049709));
#5491=CARTESIAN_POINT('Ctrl Pts',(0.238461432306107,-0.123629548859764,
0.170161475886587));
#5492=CARTESIAN_POINT('Ctrl Pts',(0.234615278459953,-0.0618147744298822,
0.19024631361705));
#5493=CARTESIAN_POINT('Ctrl Pts',(0.2307691246138,-3.86372056888064E-17,
0.210331151347513));
#5494=CARTESIAN_POINT('Ctrl Pts',(0.226922970767646,0.0618147744298821,
0.19024631361705));
#5495=CARTESIAN_POINT('Ctrl Pts',(0.223076816921492,0.123629548859764,0.170161475886587));
#5496=CARTESIAN_POINT('Ctrl Pts',(0.219230663075338,0.161833180464339,0.117578688049709));
#5497=CARTESIAN_POINT('Ctrl Pts',(0.215384509229184,0.200036812068914,0.0649959002128307));
#5498=CARTESIAN_POINT('Ctrl Pts',(0.21153835538303,0.200036812068914,0.));
#5499=CARTESIAN_POINT('Ctrl Pts',(0.207692201536876,0.200036812068914,-0.0649959002128306));
#5500=CARTESIAN_POINT('Ctrl Pts',(0.203846047690723,0.161833180464339,-0.117578688049709));
#5501=CARTESIAN_POINT('Ctrl Pts',(0.199999893844569,0.123629548859764,-0.170161475886587));
#5502=CARTESIAN_POINT('Ctrl Pts',(0.196153739998415,0.0618147744298822,
-0.19024631361705));
#5503=CARTESIAN_POINT('Ctrl Pts',(0.192307586152261,1.28790685629355E-17,
-0.210331151347513));
#5504=CARTESIAN_POINT('Ctrl Pts',(0.188461432306107,-0.0618147744298821,
-0.19024631361705));
#5505=CARTESIAN_POINT('Ctrl Pts',(0.184615278459953,-0.123629548859764,
-0.170161475886587));
#5506=CARTESIAN_POINT('Ctrl Pts',(0.1807691246138,-0.161833180464339,-0.117578688049709));
#5507=CARTESIAN_POINT('Ctrl Pts',(0.176922970767646,-0.200036812068914,
-0.0649959002128307));
#5508=CARTESIAN_POINT('Ctrl Pts',(0.173076816921492,-0.200036812068914,
-2.44974441611837E-17));
#5509=CARTESIAN_POINT('Ctrl Pts',(0.169230663075338,-0.200036812068914,
0.0649959002128306));
#5510=CARTESIAN_POINT('Ctrl Pts',(0.165384509229184,-0.161833180464339,
0.117578688049709));
#5511=CARTESIAN_POINT('Ctrl Pts',(0.16153835538303,-0.123629548859764,0.170161475886587));
#5512=CARTESIAN_POINT('Ctrl Pts',(0.157692201536876,-0.0618147744298822,
0.19024631361705));
#5513=CARTESIAN_POINT('Ctrl Pts',(0.153846047690723,-3.86372056888064E-17,
0.210331151347513));
#5514=CARTESIAN_POINT('Ctrl Pts',(0.149999893844569,0.0618147744298821,
0.19024631361705));
#5515=CARTESIAN_POINT('Ctrl Pts',(0.146153739998415,0.123629548859764,0.170161475886587));
#5516=CARTESIAN_POINT('Ctrl Pts',(0.142307586152261,0.161833180464339,0.117578688049709));
#5517=CARTESIAN_POINT('Ctrl Pts',(0.138461432306107,0.200036812068914,0.0649959002128307));
#5518=CARTESIAN_POINT('Ctrl Pts',(0.134615278459953,0.200036812068914,0.));
#5519=CARTESIAN_POINT('Ctrl Pts',(0.130769124613799,0.200036812068914,-0.0649959002128306));
#5520=CARTESIAN_POINT('Ctrl Pts',(0.126922970767646,0.161833180464339,-0.117578688049709));
#5521=CARTESIAN_POINT('Ctrl Pts',(0.123076816921492,0.123629548859764,-0.170161475886587));
#5522=CARTESIAN_POINT('Ctrl Pts',(0.119230663075338,0.0618147744298822,
-0.19024631361705));
#5523=CARTESIAN_POINT('Ctrl Pts',(0.115384509229184,1.28790685629355E-17,
-0.210331151347513));
#5524=CARTESIAN_POINT('Ctrl Pts',(0.11153835538303,-0.0618147744298821,
-0.19024631361705));
#5525=CARTESIAN_POINT('Ctrl Pts',(0.107692201536876,-0.123629548859764,
-0.170161475886587));
#5526=CARTESIAN_POINT('Ctrl Pts',(0.103846047690723,-0.161833180464339,
-0.117578688049709));
#5527=CARTESIAN_POINT('Ctrl Pts',(0.0999998938445686,-0.200036812068914,
-0.0649959002128307));
#5528=CARTESIAN_POINT('Ctrl Pts',(0.0961537399984148,-0.200036812068914,
-2.44974441611837E-17));
#5529=CARTESIAN_POINT('Ctrl Pts',(0.0923075861522609,-0.200036812068914,
0.0649959002128306));
#5530=CARTESIAN_POINT('Ctrl Pts',(0.088461432306107,-0.161833180464339,
0.117578688049709));
#5531=CARTESIAN_POINT('Ctrl Pts',(0.0846152784599533,-0.123629548859764,
0.170161475886587));
#5532=CARTESIAN_POINT('Ctrl Pts',(0.0807691246137994,-0.0618147744298822,
0.19024631361705));
#5533=CARTESIAN_POINT('Ctrl Pts',(0.0769229707676455,-3.86372056888064E-17,
0.210331151347513));
#5534=CARTESIAN_POINT('Ctrl Pts',(0.0730768169214917,0.0618147744298821,
0.19024631361705));
#5535=CARTESIAN_POINT('Ctrl Pts',(0.0692306630753378,0.123629548859764,
0.170161475886587));
#5536=CARTESIAN_POINT('Ctrl Pts',(0.0653845092291841,0.161833180464339,
0.117578688049709));
#5537=CARTESIAN_POINT('Ctrl Pts',(0.0615383553830302,0.200036812068914,
0.0649959002128307));
#5538=CARTESIAN_POINT('Ctrl Pts',(0.0576922015368763,0.200036812068914,
0.));
#5539=CARTESIAN_POINT('Ctrl Pts',(0.0538460476907225,0.200036812068914,
-0.0649959002128306));
#5540=CARTESIAN_POINT('Ctrl Pts',(0.0499998938445684,0.161833180464339,
-0.117578688049709));
#5541=CARTESIAN_POINT('Ctrl Pts',(0.0461537399984147,0.123629548859764,
-0.170161475886587));
#5542=CARTESIAN_POINT('Ctrl Pts',(0.0423075861522609,0.0618147744298822,
-0.19024631361705));
#5543=CARTESIAN_POINT('Ctrl Pts',(0.0384614323061072,1.28790685629355E-17,
-0.210331151347513));
#5544=CARTESIAN_POINT('Ctrl Pts',(0.0346152784599531,-0.0618147744298821,
-0.19024631361705));
#5545=CARTESIAN_POINT('Ctrl Pts',(0.0307691246137994,-0.123629548859764,
-0.170161475886587));
#5546=CARTESIAN_POINT('Ctrl Pts',(0.0269229707676456,-0.161833180464339,
-0.117578688049709));
#5547=CARTESIAN_POINT('Ctrl Pts',(0.0230768169214916,-0.200036812068914,
-0.0649959002128307));
#5548=CARTESIAN_POINT('Ctrl Pts',(0.0192306630753378,-0.200036812068914,
-2.44974441611837E-17));
#5549=CARTESIAN_POINT('Ctrl Pts',(0.015384509229184,-0.200036812068914,
0.0649959002128306));
#5550=CARTESIAN_POINT('Ctrl Pts',(0.01153835538303,-0.161833180464339,0.117578688049709));
#5551=CARTESIAN_POINT('Ctrl Pts',(0.00769220153687624,-0.123629548859764,
0.170161475886587));
#5552=CARTESIAN_POINT('Ctrl Pts',(0.00384604769072248,-0.0618147744298822,
0.19024631361705));
#5553=CARTESIAN_POINT('Ctrl Pts',(-1.061554315583E-7,-3.86372056888064E-17,
0.210331151347513));
#5554=CARTESIAN_POINT('Ctrl Pts',(-0.00384626000158532,0.0618147744298821,
0.19024631361705));
#5555=CARTESIAN_POINT('Ctrl Pts',(-0.00769241384773909,0.123629548859764,
0.170161475886587));
#5556=CARTESIAN_POINT('Ctrl Pts',(-0.0115385676938931,0.161833180464339,
0.117578688049709));
#5557=CARTESIAN_POINT('Ctrl Pts',(-0.0153847215400469,0.200036812068914,
0.0649959002128307));
#5558=CARTESIAN_POINT('Ctrl Pts',(-0.0192308753862006,0.200036812068914,
0.));
#5559=CARTESIAN_POINT('Ctrl Pts',(-0.0230770292323547,0.200036812068914,
-0.0649959002128306));
#5560=CARTESIAN_POINT('Ctrl Pts',(-0.0269231830785084,0.161833180464339,
-0.117578688049709));
#5561=CARTESIAN_POINT('Ctrl Pts',(-0.0307693369246622,0.123629548859764,
-0.170161475886587));
#5562=CARTESIAN_POINT('Ctrl Pts',(-0.0346154907708162,0.0618147744298822,
-0.19024631361705));
#5563=CARTESIAN_POINT('Ctrl Pts',(-0.03846164461697,1.28790685629355E-17,
-0.210331151347513));
#5564=CARTESIAN_POINT('Ctrl Pts',(-0.0423077984631238,-0.0618147744298821,
-0.19024631361705));
#5565=CARTESIAN_POINT('Ctrl Pts',(-0.0461539523092775,-0.123629548859764,
-0.170161475886587));
#5566=CARTESIAN_POINT('Ctrl Pts',(-0.0500001061554316,-0.161833180464339,
-0.117578688049709));
#5567=CARTESIAN_POINT('Ctrl Pts',(-0.0538462600015853,-0.200036812068914,
-0.0649959002128307));
#5568=CARTESIAN_POINT('Ctrl Pts',(-0.0576924138477391,-0.200036812068914,
-2.44974441611837E-17));
#5569=CARTESIAN_POINT('Ctrl Pts',(-0.0615385676938931,-0.200036812068914,
0.0649959002128306));
#5570=CARTESIAN_POINT('Ctrl Pts',(-0.0653847215400469,-0.161833180464339,
0.117578688049709));
#5571=CARTESIAN_POINT('Ctrl Pts',(-0.0692308753862007,-0.123629548859764,
0.170161475886587));
#5572=CARTESIAN_POINT('Ctrl Pts',(-0.0730770292323547,-0.0618147744298822,
0.19024631361705));
#5573=CARTESIAN_POINT('Ctrl Pts',(-0.0769231830785085,-3.86372056888064E-17,
0.210331151347513));
#5574=CARTESIAN_POINT('Ctrl Pts',(-0.0807693369246622,0.0618147744298821,
0.19024631361705));
#5575=CARTESIAN_POINT('Ctrl Pts',(-0.0846154907708163,0.123629548859764,
0.170161475886587));
#5576=CARTESIAN_POINT('Ctrl Pts',(-0.08846164461697,0.161833180464339,0.117578688049709));
#5577=CARTESIAN_POINT('Ctrl Pts',(-0.0923077984631238,0.200036812068914,
0.0649959002128307));
#5578=CARTESIAN_POINT('Ctrl Pts',(-0.0961539523092778,0.200036812068914,
0.));
#5579=CARTESIAN_POINT('Ctrl Pts',(-0.100000106155432,0.200036812068914,
-0.0649959002128306));
#5580=CARTESIAN_POINT('Ctrl Pts',(-0.103846260001585,0.161833180464339,
-0.117578688049709));
#5581=CARTESIAN_POINT('Ctrl Pts',(-0.107692413847739,0.123629548859764,
-0.170161475886587));
#5582=CARTESIAN_POINT('Ctrl Pts',(-0.111538567693893,0.0618147744298822,
-0.19024631361705));
#5583=CARTESIAN_POINT('Ctrl Pts',(-0.115384721540047,1.28790685629355E-17,
-0.210331151347513));
#5584=CARTESIAN_POINT('Ctrl Pts',(-0.119230875386201,-0.0618147744298821,
-0.19024631361705));
#5585=CARTESIAN_POINT('Ctrl Pts',(-0.123077029232355,-0.123629548859764,
-0.170161475886587));
#5586=CARTESIAN_POINT('Ctrl Pts',(-0.126923183078508,-0.161833180464339,
-0.117578688049709));
#5587=CARTESIAN_POINT('Ctrl Pts',(-0.130769336924662,-0.200036812068914,
-0.0649959002128307));
#5588=CARTESIAN_POINT('Ctrl Pts',(-0.134615490770816,-0.200036812068914,
-2.44974441611837E-17));
#5589=CARTESIAN_POINT('Ctrl Pts',(-0.13846164461697,-0.200036812068914,
0.0649959002128306));
#5590=CARTESIAN_POINT('Ctrl Pts',(-0.142307798463124,-0.161833180464339,
0.117578688049709));
#5591=CARTESIAN_POINT('Ctrl Pts',(-0.146153952309278,-0.123629548859764,
0.170161475886587));
#5592=CARTESIAN_POINT('Ctrl Pts',(-0.150000106155432,-0.0618147744298822,
0.19024631361705));
#5593=CARTESIAN_POINT('Ctrl Pts',(-0.153846260001585,-3.86372056888064E-17,
0.210331151347513));
#5594=CARTESIAN_POINT('Ctrl Pts',(-0.157692413847739,0.0618147744298821,
0.19024631361705));
#5595=CARTESIAN_POINT('Ctrl Pts',(-0.161538567693893,0.123629548859764,
0.170161475886587));
#5596=CARTESIAN_POINT('Ctrl Pts',(-0.165384721540047,0.161833180464339,
0.117578688049709));
#5597=CARTESIAN_POINT('Ctrl Pts',(-0.169230875386201,0.200036812068914,
0.0649959002128307));
#5598=CARTESIAN_POINT('Ctrl Pts',(-0.173077029232355,0.200036812068914,
0.));
#5599=CARTESIAN_POINT('Ctrl Pts',(-0.176923183078508,0.200036812068914,
-0.0649959002128306));
#5600=CARTESIAN_POINT('Ctrl Pts',(-0.180769336924662,0.161833180464339,
-0.117578688049709));
#5601=CARTESIAN_POINT('Ctrl Pts',(-0.184615490770816,0.123629548859764,
-0.170161475886587));
#5602=CARTESIAN_POINT('Ctrl Pts',(-0.18846164461697,0.0618147744298822,
-0.19024631361705));
#5603=CARTESIAN_POINT('Ctrl Pts',(-0.192307798463124,1.28790685629355E-17,
-0.210331151347513));
#5604=CARTESIAN_POINT('Ctrl Pts',(-0.196153952309278,-0.0618147744298821,
-0.19024631361705));
#5605=CARTESIAN_POINT('Ctrl Pts',(-0.200000106155432,-0.123629548859764,
-0.170161475886587));
#5606=CARTESIAN_POINT('Ctrl Pts',(-0.203846260001586,-0.161833180464339,
-0.117578688049709));
#5607=CARTESIAN_POINT('Ctrl Pts',(-0.207692413847739,-0.200036812068914,
-0.0649959002128307));
#5608=CARTESIAN_POINT('Ctrl Pts',(-0.211538567693893,-0.200036812068914,
-2.44974441611837E-17));
#5609=CARTESIAN_POINT('Ctrl Pts',(-0.215384721540047,-0.200036812068914,
0.0649959002128306));
#5610=CARTESIAN_POINT('Ctrl Pts',(-0.219230875386201,-0.161833180464339,
0.117578688049709));
#5611=CARTESIAN_POINT('Ctrl Pts',(-0.223077029232355,-0.123629548859764,
0.170161475886587));
#5612=CARTESIAN_POINT('Ctrl Pts',(-0.226923183078509,-0.0618147744298822,
0.19024631361705));
#5613=CARTESIAN_POINT('Ctrl Pts',(-0.230769336924662,-3.86372056888064E-17,
0.210331151347513));
#5614=CARTESIAN_POINT('Ctrl Pts',(-0.234615490770816,0.0618147744298821,
0.19024631361705));
#5615=CARTESIAN_POINT('Ctrl Pts',(-0.23846164461697,0.123629548859764,0.170161475886587));
#5616=CARTESIAN_POINT('Ctrl Pts',(-0.242307798463124,0.161833180464339,
0.117578688049709));
#5617=CARTESIAN_POINT('Ctrl Pts',(-0.246153952309278,0.200036812068914,
0.0649959002128307));
#5618=CARTESIAN_POINT('Ctrl Pts',(-0.250000106155432,0.200036812068914,
0.));
#5619=CARTESIAN_POINT('Ctrl Pts',(-0.253846260001586,0.200036812068914,
-0.0649959002128306));
#5620=CARTESIAN_POINT('Ctrl Pts',(-0.257692413847739,0.161833180464339,
-0.117578688049709));
#5621=CARTESIAN_POINT('Ctrl Pts',(-0.261538567693893,0.123629548859764,
-0.170161475886587));
#5622=CARTESIAN_POINT('Ctrl Pts',(-0.265384721540047,0.0618147744298822,
-0.19024631361705));
#5623=CARTESIAN_POINT('Ctrl Pts',(-0.269230875386201,1.28790685629355E-17,
-0.210331151347513));
#5624=CARTESIAN_POINT('Ctrl Pts',(-0.273077029232355,-0.0618147744298821,
-0.19024631361705));
#5625=CARTESIAN_POINT('Ctrl Pts',(-0.276923183078509,-0.123629548859764,
-0.170161475886587));
#5626=CARTESIAN_POINT('Ctrl Pts',(-0.280769336924663,-0.161833180464339,
-0.117578688049709));
#5627=CARTESIAN_POINT('Ctrl Pts',(-0.284615490770816,-0.200036812068914,
-0.0649959002128307));
#5628=CARTESIAN_POINT('Ctrl Pts',(-0.28846164461697,-0.200036812068914,
-2.44974441611837E-17));
#5629=CARTESIAN_POINT('Ctrl Pts',(-0.292307798463124,-0.200036812068914,
0.0649959002128306));
#5630=CARTESIAN_POINT('Ctrl Pts',(-0.296153952309278,-0.161833180464339,
0.117578688049709));
#5631=CARTESIAN_POINT('Ctrl Pts',(-0.300000106155432,-0.123629548859764,
0.170161475886587));
#5632=CARTESIAN_POINT('Ctrl Pts',(-0.303846260001586,-0.0618147744298822,
0.19024631361705));
#5633=CARTESIAN_POINT('Ctrl Pts',(-0.307692413847739,-3.86372056888064E-17,
0.210331151347513));
#5634=CARTESIAN_POINT('Ctrl Pts',(-0.311538567693893,0.0618147744298821,
0.19024631361705));
#5635=CARTESIAN_POINT('Ctrl Pts',(-0.315384721540047,0.123629548859764,
0.170161475886587));
#5636=CARTESIAN_POINT('Ctrl Pts',(-0.319230875386201,0.161833180464339,
0.117578688049709));
#5637=CARTESIAN_POINT('Ctrl Pts',(-0.323077029232355,0.200036812068914,
0.0649959002128307));
#5638=CARTESIAN_POINT('Ctrl Pts',(-0.326923183078509,0.200036812068914,
0.));
#5639=CARTESIAN_POINT('Ctrl Pts',(-0.330769336924662,0.200036812068914,
-0.0649959002128306));
#5640=CARTESIAN_POINT('Ctrl Pts',(-0.334615490770816,0.161833180464339,
-0.117578688049709));
#5641=CARTESIAN_POINT('Ctrl Pts',(-0.33846164461697,0.123629548859764,-0.170161475886587));
#5642=CARTESIAN_POINT('Ctrl Pts',(-0.342307798463124,0.0618147744298822,
-0.19024631361705));
#5643=CARTESIAN_POINT('Ctrl Pts',(-0.346153952309278,1.28790685629355E-17,
-0.210331151347513));
#5644=CARTESIAN_POINT('Ctrl Pts',(-0.350000106155432,-0.0618147744298821,
-0.19024631361705));
#5645=CARTESIAN_POINT('Ctrl Pts',(-0.353846260001585,-0.123629548859764,
-0.170161475886587));
#5646=CARTESIAN_POINT('Ctrl Pts',(-0.357692413847739,-0.161833180464339,
-0.117578688049709));
#5647=CARTESIAN_POINT('Ctrl Pts',(-0.361538567693893,-0.200036812068914,
-0.0649959002128307));
#5648=CARTESIAN_POINT('Ctrl Pts',(-0.365384721540047,-0.200036812068914,
-2.44974441611837E-17));
#5649=CARTESIAN_POINT('Ctrl Pts',(-0.369230875386201,-0.200036812068914,
0.0649959002128306));
#5650=CARTESIAN_POINT('Ctrl Pts',(-0.373077029232355,-0.161833180464339,
0.117578688049709));
#5651=CARTESIAN_POINT('Ctrl Pts',(-0.376923183078509,-0.123629548859764,
0.170161475886587));
#5652=CARTESIAN_POINT('Ctrl Pts',(-0.380769336924663,-0.0618147744298822,
0.19024631361705));
#5653=CARTESIAN_POINT('Ctrl Pts',(-0.384615490770816,-3.86372056888064E-17,
0.210331151347513));
#5654=CARTESIAN_POINT('Ctrl Pts',(-0.38846164461697,0.0618147744298821,
0.19024631361705));
#5655=CARTESIAN_POINT('Ctrl Pts',(-0.392307798463124,0.123629548859764,
0.170161475886587));
#5656=CARTESIAN_POINT('Ctrl Pts',(-0.396153952309278,0.161833180464339,
0.117578688049709));
#5657=CARTESIAN_POINT('Ctrl Pts',(-0.400000106155432,0.200036812068914,
0.0649959002128307));
#5658=CARTESIAN_POINT('Ctrl Pts',(-0.403846260001586,0.200036812068914,
0.));
#5659=CARTESIAN_POINT('Ctrl Pts',(-0.407692413847739,0.200036812068914,
-0.0649959002128306));
#5660=CARTESIAN_POINT('Ctrl Pts',(-0.411538567693893,0.161833180464339,
-0.117578688049709));
#5661=CARTESIAN_POINT('Ctrl Pts',(-0.415384721540047,0.123629548859764,
-0.170161475886587));
#5662=CARTESIAN_POINT('Ctrl Pts',(-0.419230875386201,0.0618147744298822,
-0.19024631361705));
#5663=CARTESIAN_POINT('Ctrl Pts',(-0.423077029232355,1.28790685629355E-17,
-0.210331151347513));
#5664=CARTESIAN_POINT('Ctrl Pts',(-0.426923183078509,-0.0618147744298821,
-0.19024631361705));
#5665=CARTESIAN_POINT('Ctrl Pts',(-0.430769336924663,-0.123629548859764,
-0.170161475886587));
#5666=CARTESIAN_POINT('Ctrl Pts',(-0.434615490770817,-0.161833180464339,
-0.117578688049709));
#5667=CARTESIAN_POINT('Ctrl Pts',(-0.43846164461697,-0.200036812068914,
-0.0649959002128307));
#5668=CARTESIAN_POINT('Ctrl Pts',(-0.442307798463124,-0.200036812068914,
-2.44974441611837E-17));
#5669=CARTESIAN_POINT('Ctrl Pts',(-0.446153952309278,-0.200036812068914,
0.0649959002128306));
#5670=CARTESIAN_POINT('Ctrl Pts',(-0.450000106155432,-0.161833180464339,
0.117578688049709));
#5671=CARTESIAN_POINT('Ctrl Pts',(-0.453846260001586,-0.123629548859764,
0.170161475886587));
#5672=CARTESIAN_POINT('Ctrl Pts',(-0.45769241384774,-0.0618147744298822,
0.19024631361705));
#5673=CARTESIAN_POINT('Ctrl Pts',(-0.461538567693893,-3.86372056888064E-17,
0.210331151347513));
#5674=CARTESIAN_POINT('Ctrl Pts',(-0.465384721540047,0.0618147744298821,
0.19024631361705));
#5675=CARTESIAN_POINT('Ctrl Pts',(-0.469230875386201,0.123629548859764,
0.170161475886587));
#5676=CARTESIAN_POINT('Ctrl Pts',(-0.473077029232355,0.161833180464339,
0.117578688049709));
#5677=CARTESIAN_POINT('Ctrl Pts',(-0.475071173530494,0.181640904538779,
0.0903156947479686));
#5678=CARTESIAN_POINT('Ctrl Pts',(-0.477167536808606,0.191423222424904,
0.0580678577111273));
#5679=CARTESIAN_POINT('Ctrl Pts',(1.32211538461538,0.258327167344081,0.));
#5680=CARTESIAN_POINT('Ctrl Pts',(1.31826923076923,0.258327167344081,-0.0839355847421459));
#5681=CARTESIAN_POINT('Ctrl Pts',(1.31442307692308,0.208991068490103,-0.151840899231341));
#5682=CARTESIAN_POINT('Ctrl Pts',(1.31057692307692,0.159654969636124,-0.219746213720535));
#5683=CARTESIAN_POINT('Ctrl Pts',(1.30673076923077,0.079827484818062,-0.245683735838657));
#5684=CARTESIAN_POINT('Ctrl Pts',(1.30288461538461,1.66320052068573E-17,
-0.271621257956779));
#5685=CARTESIAN_POINT('Ctrl Pts',(1.29903846153846,-0.079827484818062,-0.245683735838657));
#5686=CARTESIAN_POINT('Ctrl Pts',(1.29519230769231,-0.159654969636124,-0.219746213720535));
#5687=CARTESIAN_POINT('Ctrl Pts',(1.29134615384615,-0.208991068490102,-0.151840899231341));
#5688=CARTESIAN_POINT('Ctrl Pts',(1.2875,-0.258327167344081,-0.083935584742146));
#5689=CARTESIAN_POINT('Ctrl Pts',(1.28365384615385,-0.258327167344081,-3.16359538620731E-17));
#5690=CARTESIAN_POINT('Ctrl Pts',(1.27980769230769,-0.258327167344081,0.0839355847421459));
#5691=CARTESIAN_POINT('Ctrl Pts',(1.27596153846154,-0.208991068490103,0.151840899231341));
#5692=CARTESIAN_POINT('Ctrl Pts',(1.27211538461538,-0.159654969636124,0.219746213720535));
#5693=CARTESIAN_POINT('Ctrl Pts',(1.26826923076923,-0.079827484818062,0.245683735838657));
#5694=CARTESIAN_POINT('Ctrl Pts',(1.26442307692308,-4.98960156205719E-17,
0.271621257956779));
#5695=CARTESIAN_POINT('Ctrl Pts',(1.26057692307692,0.0798274848180619,0.245683735838657));
#5696=CARTESIAN_POINT('Ctrl Pts',(1.25673076923077,0.159654969636124,0.219746213720535));
#5697=CARTESIAN_POINT('Ctrl Pts',(1.25288461538462,0.208991068490102,0.151840899231341));
#5698=CARTESIAN_POINT('Ctrl Pts',(1.24903846153846,0.258327167344081,0.083935584742146));
#5699=CARTESIAN_POINT('Ctrl Pts',(1.24519230769231,0.258327167344081,0.));
#5700=CARTESIAN_POINT('Ctrl Pts',(1.24134615384615,0.258327167344081,-0.0839355847421459));
#5701=CARTESIAN_POINT('Ctrl Pts',(1.2375,0.208991068490103,-0.151840899231341));
#5702=CARTESIAN_POINT('Ctrl Pts',(1.23365384615385,0.159654969636124,-0.219746213720535));
#5703=CARTESIAN_POINT('Ctrl Pts',(1.22980769230769,0.079827484818062,-0.245683735838657));
#5704=CARTESIAN_POINT('Ctrl Pts',(1.22596153846154,1.66320052068573E-17,
-0.271621257956779));
#5705=CARTESIAN_POINT('Ctrl Pts',(1.22211538461538,-0.079827484818062,-0.245683735838657));
#5706=CARTESIAN_POINT('Ctrl Pts',(1.21826923076923,-0.159654969636124,-0.219746213720535));
#5707=CARTESIAN_POINT('Ctrl Pts',(1.21442307692308,-0.208991068490102,-0.151840899231341));
#5708=CARTESIAN_POINT('Ctrl Pts',(1.21057692307692,-0.258327167344081,-0.083935584742146));
#5709=CARTESIAN_POINT('Ctrl Pts',(1.20673076923077,-0.258327167344081,-3.16359538620731E-17));
#5710=CARTESIAN_POINT('Ctrl Pts',(1.20288461538462,-0.258327167344081,0.0839355847421459));
#5711=CARTESIAN_POINT('Ctrl Pts',(1.19903846153846,-0.208991068490103,0.151840899231341));
#5712=CARTESIAN_POINT('Ctrl Pts',(1.19519230769231,-0.159654969636124,0.219746213720535));
#5713=CARTESIAN_POINT('Ctrl Pts',(1.19134615384615,-0.079827484818062,0.245683735838657));
#5714=CARTESIAN_POINT('Ctrl Pts',(1.1875,-4.98960156205719E-17,0.271621257956779));
#5715=CARTESIAN_POINT('Ctrl Pts',(1.18365384615385,0.0798274848180619,0.245683735838657));
#5716=CARTESIAN_POINT('Ctrl Pts',(1.17980769230769,0.159654969636124,0.219746213720535));
#5717=CARTESIAN_POINT('Ctrl Pts',(1.17596153846154,0.208991068490102,0.151840899231341));
#5718=CARTESIAN_POINT('Ctrl Pts',(1.17211538461538,0.258327167344081,0.083935584742146));
#5719=CARTESIAN_POINT('Ctrl Pts',(1.16826923076923,0.258327167344081,0.));
#5720=CARTESIAN_POINT('Ctrl Pts',(1.16442307692308,0.258327167344081,-0.0839355847421459));
#5721=CARTESIAN_POINT('Ctrl Pts',(1.16057692307692,0.208991068490103,-0.151840899231341));
#5722=CARTESIAN_POINT('Ctrl Pts',(1.15673076923077,0.159654969636124,-0.219746213720535));
#5723=CARTESIAN_POINT('Ctrl Pts',(1.15288461538461,0.079827484818062,-0.245683735838657));
#5724=CARTESIAN_POINT('Ctrl Pts',(1.14903846153846,1.66320052068573E-17,
-0.271621257956779));
#5725=CARTESIAN_POINT('Ctrl Pts',(1.14519230769231,-0.079827484818062,-0.245683735838657));
#5726=CARTESIAN_POINT('Ctrl Pts',(1.14134615384615,-0.159654969636124,-0.219746213720535));
#5727=CARTESIAN_POINT('Ctrl Pts',(1.1375,-0.208991068490102,-0.151840899231341));
#5728=CARTESIAN_POINT('Ctrl Pts',(1.13365384615385,-0.258327167344081,-0.083935584742146));
#5729=CARTESIAN_POINT('Ctrl Pts',(1.12980769230769,-0.258327167344081,-3.16359538620731E-17));
#5730=CARTESIAN_POINT('Ctrl Pts',(1.12596153846154,-0.258327167344081,0.0839355847421459));
#5731=CARTESIAN_POINT('Ctrl Pts',(1.12211538461538,-0.208991068490103,0.151840899231341));
#5732=CARTESIAN_POINT('Ctrl Pts',(1.11826923076923,-0.159654969636124,0.219746213720535));
#5733=CARTESIAN_POINT('Ctrl Pts',(1.11442307692308,-0.079827484818062,0.245683735838657));
#5734=CARTESIAN_POINT('Ctrl Pts',(1.11057692307692,-4.98960156205719E-17,
0.271621257956779));
#5735=CARTESIAN_POINT('Ctrl Pts',(1.10673076923077,0.0798274848180619,0.245683735838657));
#5736=CARTESIAN_POINT('Ctrl Pts',(1.10288461538461,0.159654969636124,0.219746213720535));
#5737=CARTESIAN_POINT('Ctrl Pts',(1.09903846153846,0.208991068490102,0.151840899231341));
#5738=CARTESIAN_POINT('Ctrl Pts',(1.09519230769231,0.258327167344081,0.083935584742146));
#5739=CARTESIAN_POINT('Ctrl Pts',(1.09134615384615,0.258327167344081,0.));
#5740=CARTESIAN_POINT('Ctrl Pts',(1.0875,0.258327167344081,-0.0839355847421459));
#5741=CARTESIAN_POINT('Ctrl Pts',(1.08365384615385,0.208991068490103,-0.151840899231341));
#5742=CARTESIAN_POINT('Ctrl Pts',(1.07980769230769,0.159654969636124,-0.219746213720535));
#5743=CARTESIAN_POINT('Ctrl Pts',(1.07596153846154,0.079827484818062,-0.245683735838657));
#5744=CARTESIAN_POINT('Ctrl Pts',(1.07211538461538,1.66320052068573E-17,
-0.271621257956779));
#5745=CARTESIAN_POINT('Ctrl Pts',(1.06826923076923,-0.079827484818062,-0.245683735838657));
#5746=CARTESIAN_POINT('Ctrl Pts',(1.06442307692308,-0.159654969636124,-0.219746213720535));
#5747=CARTESIAN_POINT('Ctrl Pts',(1.06057692307692,-0.208991068490102,-0.151840899231341));
#5748=CARTESIAN_POINT('Ctrl Pts',(1.05673076923077,-0.258327167344081,-0.083935584742146));
#5749=CARTESIAN_POINT('Ctrl Pts',(1.05288461538462,-0.258327167344081,-3.16359538620731E-17));
#5750=CARTESIAN_POINT('Ctrl Pts',(1.04903846153846,-0.258327167344081,0.0839355847421459));
#5751=CARTESIAN_POINT('Ctrl Pts',(1.04519230769231,-0.208991068490103,0.151840899231341));
#5752=CARTESIAN_POINT('Ctrl Pts',(1.04134615384615,-0.159654969636124,0.219746213720535));
#5753=CARTESIAN_POINT('Ctrl Pts',(1.0375,-0.079827484818062,0.245683735838657));
#5754=CARTESIAN_POINT('Ctrl Pts',(1.03365384615385,-4.98960156205719E-17,
0.271621257956779));
#5755=CARTESIAN_POINT('Ctrl Pts',(1.02980769230769,0.0798274848180619,0.245683735838657));
#5756=CARTESIAN_POINT('Ctrl Pts',(1.02596153846154,0.159654969636124,0.219746213720535));
#5757=CARTESIAN_POINT('Ctrl Pts',(1.02211538461538,0.208991068490102,0.151840899231341));
#5758=CARTESIAN_POINT('Ctrl Pts',(1.01826923076923,0.258327167344081,0.083935584742146));
#5759=CARTESIAN_POINT('Ctrl Pts',(1.01442307692308,0.258327167344081,0.));
#5760=CARTESIAN_POINT('Ctrl Pts',(1.01057692307692,0.258327167344081,-0.0839355847421459));
#5761=CARTESIAN_POINT('Ctrl Pts',(1.00673076923077,0.208991068490103,-0.151840899231341));
#5762=CARTESIAN_POINT('Ctrl Pts',(1.00288461538461,0.159654969636124,-0.219746213720535));
#5763=CARTESIAN_POINT('Ctrl Pts',(0.999038461538461,0.079827484818062,-0.245683735838657));
#5764=CARTESIAN_POINT('Ctrl Pts',(0.995192307692307,1.66320052068573E-17,
-0.271621257956779));
#5765=CARTESIAN_POINT('Ctrl Pts',(0.991346153846153,-0.079827484818062,
-0.245683735838657));
#5766=CARTESIAN_POINT('Ctrl Pts',(0.987499999999999,-0.159654969636124,
-0.219746213720535));
#5767=CARTESIAN_POINT('Ctrl Pts',(0.983653846153846,-0.208991068490102,
-0.151840899231341));
#5768=CARTESIAN_POINT('Ctrl Pts',(0.979807692307692,-0.258327167344081,
-0.083935584742146));
#5769=CARTESIAN_POINT('Ctrl Pts',(0.975961538461538,-0.258327167344081,
-3.16359538620731E-17));
#5770=CARTESIAN_POINT('Ctrl Pts',(0.972115384615384,-0.258327167344081,
0.0839355847421459));
#5771=CARTESIAN_POINT('Ctrl Pts',(0.96826923076923,-0.208991068490103,0.151840899231341));
#5772=CARTESIAN_POINT('Ctrl Pts',(0.964423076923076,-0.159654969636124,
0.219746213720535));
#5773=CARTESIAN_POINT('Ctrl Pts',(0.960576923076923,-0.079827484818062,
0.245683735838657));
#5774=CARTESIAN_POINT('Ctrl Pts',(0.956730769230769,-4.98960156205719E-17,
0.271621257956779));
#5775=CARTESIAN_POINT('Ctrl Pts',(0.952884615384615,0.0798274848180619,
0.245683735838657));
#5776=CARTESIAN_POINT('Ctrl Pts',(0.949038461538461,0.159654969636124,0.219746213720535));
#5777=CARTESIAN_POINT('Ctrl Pts',(0.945192307692307,0.208991068490102,0.151840899231341));
#5778=CARTESIAN_POINT('Ctrl Pts',(0.941346153846153,0.258327167344081,0.083935584742146));
#5779=CARTESIAN_POINT('Ctrl Pts',(0.937499999999999,0.258327167344081,0.));
#5780=CARTESIAN_POINT('Ctrl Pts',(0.933653846153846,0.258327167344081,-0.0839355847421459));
#5781=CARTESIAN_POINT('Ctrl Pts',(0.929807692307692,0.208991068490103,-0.151840899231341));
#5782=CARTESIAN_POINT('Ctrl Pts',(0.925961538461538,0.159654969636124,-0.219746213720535));
#5783=CARTESIAN_POINT('Ctrl Pts',(0.922115384615384,0.079827484818062,-0.245683735838657));
#5784=CARTESIAN_POINT('Ctrl Pts',(0.91826923076923,1.66320052068573E-17,
-0.271621257956779));
#5785=CARTESIAN_POINT('Ctrl Pts',(0.914423076923076,-0.079827484818062,
-0.245683735838657));
#5786=CARTESIAN_POINT('Ctrl Pts',(0.910576923076923,-0.159654969636124,
-0.219746213720535));
#5787=CARTESIAN_POINT('Ctrl Pts',(0.906730769230769,-0.208991068490102,
-0.151840899231341));
#5788=CARTESIAN_POINT('Ctrl Pts',(0.902884615384615,-0.258327167344081,
-0.083935584742146));
#5789=CARTESIAN_POINT('Ctrl Pts',(0.899038461538461,-0.258327167344081,
-3.16359538620731E-17));
#5790=CARTESIAN_POINT('Ctrl Pts',(0.895192307692307,-0.258327167344081,
0.0839355847421459));
#5791=CARTESIAN_POINT('Ctrl Pts',(0.891346153846153,-0.208991068490103,
0.151840899231341));
#5792=CARTESIAN_POINT('Ctrl Pts',(0.887499999999999,-0.159654969636124,
0.219746213720535));
#5793=CARTESIAN_POINT('Ctrl Pts',(0.883653846153846,-0.079827484818062,
0.245683735838657));
#5794=CARTESIAN_POINT('Ctrl Pts',(0.879807692307692,-4.98960156205719E-17,
0.271621257956779));
#5795=CARTESIAN_POINT('Ctrl Pts',(0.875961538461538,0.0798274848180619,
0.245683735838657));
#5796=CARTESIAN_POINT('Ctrl Pts',(0.872115384615384,0.159654969636124,0.219746213720535));
#5797=CARTESIAN_POINT('Ctrl Pts',(0.86826923076923,0.208991068490102,0.151840899231341));
#5798=CARTESIAN_POINT('Ctrl Pts',(0.864423076923076,0.258327167344081,0.083935584742146));
#5799=CARTESIAN_POINT('Ctrl Pts',(0.860576923076922,0.258327167344081,0.));
#5800=CARTESIAN_POINT('Ctrl Pts',(0.856730769230769,0.258327167344081,-0.0839355847421459));
#5801=CARTESIAN_POINT('Ctrl Pts',(0.852884615384615,0.208991068490103,-0.151840899231341));
#5802=CARTESIAN_POINT('Ctrl Pts',(0.849038461538461,0.159654969636124,-0.219746213720535));
#5803=CARTESIAN_POINT('Ctrl Pts',(0.845192307692307,0.079827484818062,-0.245683735838657));
#5804=CARTESIAN_POINT('Ctrl Pts',(0.841346153846153,1.66320052068573E-17,
-0.271621257956779));
#5805=CARTESIAN_POINT('Ctrl Pts',(0.837499999999999,-0.079827484818062,
-0.245683735838657));
#5806=CARTESIAN_POINT('Ctrl Pts',(0.833653846153846,-0.159654969636124,
-0.219746213720535));
#5807=CARTESIAN_POINT('Ctrl Pts',(0.829807692307692,-0.208991068490102,
-0.151840899231341));
#5808=CARTESIAN_POINT('Ctrl Pts',(0.825961538461538,-0.258327167344081,
-0.083935584742146));
#5809=CARTESIAN_POINT('Ctrl Pts',(0.822115384615384,-0.258327167344081,
-3.16359538620731E-17));
#5810=CARTESIAN_POINT('Ctrl Pts',(0.81826923076923,-0.258327167344081,0.0839355847421459));
#5811=CARTESIAN_POINT('Ctrl Pts',(0.814423076923076,-0.208991068490103,
0.151840899231341));
#5812=CARTESIAN_POINT('Ctrl Pts',(0.810576923076923,-0.159654969636124,
0.219746213720535));
#5813=CARTESIAN_POINT('Ctrl Pts',(0.806730769230769,-0.079827484818062,
0.245683735838657));
#5814=CARTESIAN_POINT('Ctrl Pts',(0.802884615384615,-4.98960156205719E-17,
0.271621257956779));
#5815=CARTESIAN_POINT('Ctrl Pts',(0.799038461538461,0.0798274848180619,
0.245683735838657));
#5816=CARTESIAN_POINT('Ctrl Pts',(0.795192307692307,0.159654969636124,0.219746213720535));
#5817=CARTESIAN_POINT('Ctrl Pts',(0.791346153846153,0.208991068490102,0.151840899231341));
#5818=CARTESIAN_POINT('Ctrl Pts',(0.7875,0.258327167344081,0.083935584742146));
#5819=CARTESIAN_POINT('Ctrl Pts',(0.783653846153845,0.258327167344081,0.));
#5820=CARTESIAN_POINT('Ctrl Pts',(0.779807692307692,0.258327167344081,-0.0839355847421459));
#5821=CARTESIAN_POINT('Ctrl Pts',(0.775961538461538,0.208991068490103,-0.151840899231341));
#5822=CARTESIAN_POINT('Ctrl Pts',(0.772115384615384,0.159654969636124,-0.219746213720535));
#5823=CARTESIAN_POINT('Ctrl Pts',(0.76826923076923,0.079827484818062,-0.245683735838657));
#5824=CARTESIAN_POINT('Ctrl Pts',(0.764423076923076,1.66320052068573E-17,
-0.271621257956779));
#5825=CARTESIAN_POINT('Ctrl Pts',(0.760576923076922,-0.079827484818062,
-0.245683735838657));
#5826=CARTESIAN_POINT('Ctrl Pts',(0.756730769230768,-0.159654969636124,
-0.219746213720535));
#5827=CARTESIAN_POINT('Ctrl Pts',(0.752884615384615,-0.208991068490102,
-0.151840899231341));
#5828=CARTESIAN_POINT('Ctrl Pts',(0.749038461538461,-0.258327167344081,
-0.083935584742146));
#5829=CARTESIAN_POINT('Ctrl Pts',(0.745192307692307,-0.258327167344081,
-3.16359538620731E-17));
#5830=CARTESIAN_POINT('Ctrl Pts',(0.741346153846153,-0.258327167344081,
0.0839355847421459));
#5831=CARTESIAN_POINT('Ctrl Pts',(0.737499999999999,-0.208991068490103,
0.151840899231341));
#5832=CARTESIAN_POINT('Ctrl Pts',(0.733653846153845,-0.159654969636124,
0.219746213720535));
#5833=CARTESIAN_POINT('Ctrl Pts',(0.729807692307692,-0.079827484818062,
0.245683735838657));
#5834=CARTESIAN_POINT('Ctrl Pts',(0.725961538461538,-4.98960156205719E-17,
0.271621257956779));
#5835=CARTESIAN_POINT('Ctrl Pts',(0.722115384615384,0.0798274848180619,
0.245683735838657));
#5836=CARTESIAN_POINT('Ctrl Pts',(0.71826923076923,0.159654969636124,0.219746213720535));
#5837=CARTESIAN_POINT('Ctrl Pts',(0.714423076923076,0.208991068490102,0.151840899231341));
#5838=CARTESIAN_POINT('Ctrl Pts',(0.710576923076922,0.258327167344081,0.083935584742146));
#5839=CARTESIAN_POINT('Ctrl Pts',(0.706730769230768,0.258327167344081,0.));
#5840=CARTESIAN_POINT('Ctrl Pts',(0.702884615384615,0.258327167344081,-0.0839355847421459));
#5841=CARTESIAN_POINT('Ctrl Pts',(0.699038461538461,0.208991068490103,-0.151840899231341));
#5842=CARTESIAN_POINT('Ctrl Pts',(0.695192307692307,0.159654969636124,-0.219746213720535));
#5843=CARTESIAN_POINT('Ctrl Pts',(0.691346153846153,0.079827484818062,-0.245683735838657));
#5844=CARTESIAN_POINT('Ctrl Pts',(0.687499999999999,1.66320052068573E-17,
-0.271621257956779));
#5845=CARTESIAN_POINT('Ctrl Pts',(0.683653846153845,-0.079827484818062,
-0.245683735838657));
#5846=CARTESIAN_POINT('Ctrl Pts',(0.679807692307692,-0.159654969636124,
-0.219746213720535));
#5847=CARTESIAN_POINT('Ctrl Pts',(0.675961538461538,-0.208991068490102,
-0.151840899231341));
#5848=CARTESIAN_POINT('Ctrl Pts',(0.672115384615384,-0.258327167344081,
-0.083935584742146));
#5849=CARTESIAN_POINT('Ctrl Pts',(0.66826923076923,-0.258327167344081,-3.16359538620731E-17));
#5850=CARTESIAN_POINT('Ctrl Pts',(0.664423076923076,-0.258327167344081,
0.0839355847421459));
#5851=CARTESIAN_POINT('Ctrl Pts',(0.660576923076922,-0.208991068490103,
0.151840899231341));
#5852=CARTESIAN_POINT('Ctrl Pts',(0.656730769230768,-0.159654969636124,
0.219746213720535));
#5853=CARTESIAN_POINT('Ctrl Pts',(0.652884615384615,-0.079827484818062,
0.245683735838657));
#5854=CARTESIAN_POINT('Ctrl Pts',(0.649038461538461,-4.98960156205719E-17,
0.271621257956779));
#5855=CARTESIAN_POINT('Ctrl Pts',(0.645192307692307,0.0798274848180619,
0.245683735838657));
#5856=CARTESIAN_POINT('Ctrl Pts',(0.641346153846153,0.159654969636124,0.219746213720535));
#5857=CARTESIAN_POINT('Ctrl Pts',(0.637499999999999,0.208991068490102,0.151840899231341));
#5858=CARTESIAN_POINT('Ctrl Pts',(0.633653846153845,0.258327167344081,0.083935584742146));
#5859=CARTESIAN_POINT('Ctrl Pts',(0.629807692307692,0.258327167344081,0.));
#5860=CARTESIAN_POINT('Ctrl Pts',(0.625961538461537,0.258327167344081,-0.0839355847421459));
#5861=CARTESIAN_POINT('Ctrl Pts',(0.622115384615384,0.208991068490103,-0.151840899231341));
#5862=CARTESIAN_POINT('Ctrl Pts',(0.61826923076923,0.159654969636124,-0.219746213720535));
#5863=CARTESIAN_POINT('Ctrl Pts',(0.614423076923076,0.079827484818062,-0.245683735838657));
#5864=CARTESIAN_POINT('Ctrl Pts',(0.610576923076922,1.66320052068573E-17,
-0.271621257956779));
#5865=CARTESIAN_POINT('Ctrl Pts',(0.606730769230769,-0.079827484818062,
-0.245683735838657));
#5866=CARTESIAN_POINT('Ctrl Pts',(0.602884615384615,-0.159654969636124,
-0.219746213720535));
#5867=CARTESIAN_POINT('Ctrl Pts',(0.599038461538461,-0.208991068490102,
-0.151840899231341));
#5868=CARTESIAN_POINT('Ctrl Pts',(0.595192307692307,-0.258327167344081,
-0.083935584742146));
#5869=CARTESIAN_POINT('Ctrl Pts',(0.591346153846153,-0.258327167344081,
-3.16359538620731E-17));
#5870=CARTESIAN_POINT('Ctrl Pts',(0.587499999999999,-0.258327167344081,
0.0839355847421459));
#5871=CARTESIAN_POINT('Ctrl Pts',(0.583653846153845,-0.208991068490103,
0.151840899231341));
#5872=CARTESIAN_POINT('Ctrl Pts',(0.579807692307691,-0.159654969636124,
0.219746213720535));
#5873=CARTESIAN_POINT('Ctrl Pts',(0.575961538461538,-0.079827484818062,
0.245683735838657));
#5874=CARTESIAN_POINT('Ctrl Pts',(0.572115384615384,-4.98960156205719E-17,
0.271621257956779));
#5875=CARTESIAN_POINT('Ctrl Pts',(0.56826923076923,0.0798274848180619,0.245683735838657));
#5876=CARTESIAN_POINT('Ctrl Pts',(0.564423076923076,0.159654969636124,0.219746213720535));
#5877=CARTESIAN_POINT('Ctrl Pts',(0.560576923076922,0.208991068490102,0.151840899231341));
#5878=CARTESIAN_POINT('Ctrl Pts',(0.556730769230768,0.258327167344081,0.083935584742146));
#5879=CARTESIAN_POINT('Ctrl Pts',(0.552884615384614,0.258327167344081,0.));
#5880=CARTESIAN_POINT('Ctrl Pts',(0.549038461538461,0.258327167344081,-0.0839355847421459));
#5881=CARTESIAN_POINT('Ctrl Pts',(0.545192307692307,0.208991068490103,-0.151840899231341));
#5882=CARTESIAN_POINT('Ctrl Pts',(0.541346153846153,0.159654969636124,-0.219746213720535));
#5883=CARTESIAN_POINT('Ctrl Pts',(0.537499999999999,0.079827484818062,-0.245683735838657));
#5884=CARTESIAN_POINT('Ctrl Pts',(0.533653846153845,1.66320052068573E-17,
-0.271621257956779));
#5885=CARTESIAN_POINT('Ctrl Pts',(0.529807692307691,-0.079827484818062,
-0.245683735838657));
#5886=CARTESIAN_POINT('Ctrl Pts',(0.525961538461538,-0.159654969636124,
-0.219746213720535));
#5887=CARTESIAN_POINT('Ctrl Pts',(0.522115384615384,-0.208991068490102,
-0.151840899231341));
#5888=CARTESIAN_POINT('Ctrl Pts',(0.51826923076923,-0.258327167344081,-0.083935584742146));
#5889=CARTESIAN_POINT('Ctrl Pts',(0.514423076923076,-0.258327167344081,
-3.16359538620731E-17));
#5890=CARTESIAN_POINT('Ctrl Pts',(0.510576923076922,-0.258327167344081,
0.0839355847421459));
#5891=CARTESIAN_POINT('Ctrl Pts',(0.506730769230768,-0.208991068490103,
0.151840899231341));
#5892=CARTESIAN_POINT('Ctrl Pts',(0.502884615384614,-0.159654969636124,
0.219746213720535));
#5893=CARTESIAN_POINT('Ctrl Pts',(0.499038461538461,-0.079827484818062,
0.245683735838657));
#5894=CARTESIAN_POINT('Ctrl Pts',(0.495192307692307,-4.98960156205719E-17,
0.271621257956779));
#5895=CARTESIAN_POINT('Ctrl Pts',(0.491346153846153,0.0798274848180619,
0.245683735838657));
#5896=CARTESIAN_POINT('Ctrl Pts',(0.487499999999999,0.159654969636124,0.219746213720535));
#5897=CARTESIAN_POINT('Ctrl Pts',(0.483653846153845,0.208991068490102,0.151840899231341));
#5898=CARTESIAN_POINT('Ctrl Pts',(0.479807692307691,0.258327167344081,0.083935584742146));
#5899=CARTESIAN_POINT('Ctrl Pts',(0.475961538461537,0.258327167344081,0.));
#5900=CARTESIAN_POINT('Ctrl Pts',(0.472115384615384,0.258327167344081,-0.0839355847421459));
#5901=CARTESIAN_POINT('Ctrl Pts',(0.46826923076923,0.208991068490103,-0.151840899231341));
#5902=CARTESIAN_POINT('Ctrl Pts',(0.464423076923076,0.159654969636124,-0.219746213720535));
#5903=CARTESIAN_POINT('Ctrl Pts',(0.460576923076922,0.079827484818062,-0.245683735838657));
#5904=CARTESIAN_POINT('Ctrl Pts',(0.456730769230768,1.66320052068573E-17,
-0.271621257956779));
#5905=CARTESIAN_POINT('Ctrl Pts',(0.452884615384614,-0.079827484818062,
-0.245683735838657));
#5906=CARTESIAN_POINT('Ctrl Pts',(0.44903846153846,-0.159654969636124,-0.219746213720535));
#5907=CARTESIAN_POINT('Ctrl Pts',(0.445192307692307,-0.208991068490102,
-0.151840899231341));
#5908=CARTESIAN_POINT('Ctrl Pts',(0.441346153846153,-0.258327167344081,
-0.083935584742146));
#5909=CARTESIAN_POINT('Ctrl Pts',(0.437499999999999,-0.258327167344081,
-3.16359538620731E-17));
#5910=CARTESIAN_POINT('Ctrl Pts',(0.433653846153845,-0.258327167344081,
0.0839355847421459));
#5911=CARTESIAN_POINT('Ctrl Pts',(0.429807692307691,-0.208991068490103,
0.151840899231341));
#5912=CARTESIAN_POINT('Ctrl Pts',(0.425961538461538,-0.159654969636124,
0.219746213720535));
#5913=CARTESIAN_POINT('Ctrl Pts',(0.422115384615384,-0.079827484818062,
0.245683735838657));
#5914=CARTESIAN_POINT('Ctrl Pts',(0.41826923076923,-4.98960156205719E-17,
0.271621257956779));
#5915=CARTESIAN_POINT('Ctrl Pts',(0.414423076923076,0.0798274848180619,
0.245683735838657));
#5916=CARTESIAN_POINT('Ctrl Pts',(0.410576923076922,0.159654969636124,0.219746213720535));
#5917=CARTESIAN_POINT('Ctrl Pts',(0.406730769230768,0.208991068490102,0.151840899231341));
#5918=CARTESIAN_POINT('Ctrl Pts',(0.402884615384614,0.258327167344081,0.083935584742146));
#5919=CARTESIAN_POINT('Ctrl Pts',(0.39903846153846,0.258327167344081,0.));
#5920=CARTESIAN_POINT('Ctrl Pts',(0.395192307692307,0.258327167344081,-0.0839355847421459));
#5921=CARTESIAN_POINT('Ctrl Pts',(0.391346153846153,0.208991068490103,-0.151840899231341));
#5922=CARTESIAN_POINT('Ctrl Pts',(0.387499999999999,0.159654969636124,-0.219746213720535));
#5923=CARTESIAN_POINT('Ctrl Pts',(0.383653846153845,0.079827484818062,-0.245683735838657));
#5924=CARTESIAN_POINT('Ctrl Pts',(0.379807692307691,1.66320052068573E-17,
-0.271621257956779));
#5925=CARTESIAN_POINT('Ctrl Pts',(0.375961538461537,-0.079827484818062,
-0.245683735838657));
#5926=CARTESIAN_POINT('Ctrl Pts',(0.372115384615384,-0.159654969636124,
-0.219746213720535));
#5927=CARTESIAN_POINT('Ctrl Pts',(0.36826923076923,-0.208991068490102,-0.151840899231341));
#5928=CARTESIAN_POINT('Ctrl Pts',(0.364423076923076,-0.258327167344081,
-0.083935584742146));
#5929=CARTESIAN_POINT('Ctrl Pts',(0.360576923076922,-0.258327167344081,
-3.16359538620731E-17));
#5930=CARTESIAN_POINT('Ctrl Pts',(0.356730769230768,-0.258327167344081,
0.0839355847421459));
#5931=CARTESIAN_POINT('Ctrl Pts',(0.352884615384614,-0.208991068490103,
0.151840899231341));
#5932=CARTESIAN_POINT('Ctrl Pts',(0.34903846153846,-0.159654969636124,0.219746213720535));
#5933=CARTESIAN_POINT('Ctrl Pts',(0.345192307692307,-0.079827484818062,
0.245683735838657));
#5934=CARTESIAN_POINT('Ctrl Pts',(0.341346153846153,-4.98960156205719E-17,
0.271621257956779));
#5935=CARTESIAN_POINT('Ctrl Pts',(0.337499999999999,0.0798274848180619,
0.245683735838657));
#5936=CARTESIAN_POINT('Ctrl Pts',(0.333653846153845,0.159654969636124,0.219746213720535));
#5937=CARTESIAN_POINT('Ctrl Pts',(0.329807692307691,0.208991068490102,0.151840899231341));
#5938=CARTESIAN_POINT('Ctrl Pts',(0.325961538461537,0.258327167344081,0.083935584742146));
#5939=CARTESIAN_POINT('Ctrl Pts',(0.322115384615383,0.258327167344081,0.));
#5940=CARTESIAN_POINT('Ctrl Pts',(0.31826923076923,0.258327167344081,-0.0839355847421459));
#5941=CARTESIAN_POINT('Ctrl Pts',(0.314423076923076,0.208991068490103,-0.151840899231341));
#5942=CARTESIAN_POINT('Ctrl Pts',(0.310576923076922,0.159654969636124,-0.219746213720535));
#5943=CARTESIAN_POINT('Ctrl Pts',(0.306730769230768,0.079827484818062,-0.245683735838657));
#5944=CARTESIAN_POINT('Ctrl Pts',(0.302884615384614,1.66320052068573E-17,
-0.271621257956779));
#5945=CARTESIAN_POINT('Ctrl Pts',(0.29903846153846,-0.079827484818062,-0.245683735838657));
#5946=CARTESIAN_POINT('Ctrl Pts',(0.295192307692306,-0.159654969636124,
-0.219746213720535));
#5947=CARTESIAN_POINT('Ctrl Pts',(0.291346153846153,-0.208991068490102,
-0.151840899231341));
#5948=CARTESIAN_POINT('Ctrl Pts',(0.287499999999999,-0.258327167344081,
-0.083935584742146));
#5949=CARTESIAN_POINT('Ctrl Pts',(0.283653846153845,-0.258327167344081,
-3.16359538620731E-17));
#5950=CARTESIAN_POINT('Ctrl Pts',(0.279807692307691,-0.258327167344081,
0.0839355847421459));
#5951=CARTESIAN_POINT('Ctrl Pts',(0.275961538461537,-0.208991068490103,
0.151840899231341));
#5952=CARTESIAN_POINT('Ctrl Pts',(0.272115384615383,-0.159654969636124,
0.219746213720535));
#5953=CARTESIAN_POINT('Ctrl Pts',(0.26826923076923,-0.079827484818062,0.245683735838657));
#5954=CARTESIAN_POINT('Ctrl Pts',(0.264423076923076,-4.98960156205719E-17,
0.271621257956779));
#5955=CARTESIAN_POINT('Ctrl Pts',(0.260576923076922,0.0798274848180619,
0.245683735838657));
#5956=CARTESIAN_POINT('Ctrl Pts',(0.256730769230768,0.159654969636124,0.219746213720535));
#5957=CARTESIAN_POINT('Ctrl Pts',(0.252884615384614,0.208991068490102,0.151840899231341));
#5958=CARTESIAN_POINT('Ctrl Pts',(0.24903846153846,0.258327167344081,0.083935584742146));
#5959=CARTESIAN_POINT('Ctrl Pts',(0.245192307692307,0.258327167344081,0.));
#5960=CARTESIAN_POINT('Ctrl Pts',(0.241346153846153,0.258327167344081,-0.0839355847421459));
#5961=CARTESIAN_POINT('Ctrl Pts',(0.237499999999999,0.208991068490103,-0.151840899231341));
#5962=CARTESIAN_POINT('Ctrl Pts',(0.233653846153845,0.159654969636124,-0.219746213720535));
#5963=CARTESIAN_POINT('Ctrl Pts',(0.229807692307691,0.079827484818062,-0.245683735838657));
#5964=CARTESIAN_POINT('Ctrl Pts',(0.225961538461537,1.66320052068573E-17,
-0.271621257956779));
#5965=CARTESIAN_POINT('Ctrl Pts',(0.222115384615383,-0.079827484818062,
-0.245683735838657));
#5966=CARTESIAN_POINT('Ctrl Pts',(0.21826923076923,-0.159654969636124,-0.219746213720535));
#5967=CARTESIAN_POINT('Ctrl Pts',(0.214423076923076,-0.208991068490102,
-0.151840899231341));
#5968=CARTESIAN_POINT('Ctrl Pts',(0.210576923076922,-0.258327167344081,
-0.083935584742146));
#5969=CARTESIAN_POINT('Ctrl Pts',(0.206730769230768,-0.258327167344081,
-3.16359538620731E-17));
#5970=CARTESIAN_POINT('Ctrl Pts',(0.202884615384614,-0.258327167344081,
0.0839355847421459));
#5971=CARTESIAN_POINT('Ctrl Pts',(0.19903846153846,-0.208991068490103,0.151840899231341));
#5972=CARTESIAN_POINT('Ctrl Pts',(0.195192307692306,-0.159654969636124,
0.219746213720535));
#5973=CARTESIAN_POINT('Ctrl Pts',(0.191346153846153,-0.079827484818062,
0.245683735838657));
#5974=CARTESIAN_POINT('Ctrl Pts',(0.187499999999999,-4.98960156205719E-17,
0.271621257956779));
#5975=CARTESIAN_POINT('Ctrl Pts',(0.183653846153845,0.0798274848180619,
0.245683735838657));
#5976=CARTESIAN_POINT('Ctrl Pts',(0.179807692307691,0.159654969636124,0.219746213720535));
#5977=CARTESIAN_POINT('Ctrl Pts',(0.175961538461537,0.208991068490102,0.151840899231341));
#5978=CARTESIAN_POINT('Ctrl Pts',(0.172115384615383,0.258327167344081,0.083935584742146));
#5979=CARTESIAN_POINT('Ctrl Pts',(0.16826923076923,0.258327167344081,0.));
#5980=CARTESIAN_POINT('Ctrl Pts',(0.164423076923076,0.258327167344081,-0.0839355847421459));
#5981=CARTESIAN_POINT('Ctrl Pts',(0.160576923076922,0.208991068490103,-0.151840899231341));
#5982=CARTESIAN_POINT('Ctrl Pts',(0.156730769230768,0.159654969636124,-0.219746213720535));
#5983=CARTESIAN_POINT('Ctrl Pts',(0.152884615384614,0.079827484818062,-0.245683735838657));
#5984=CARTESIAN_POINT('Ctrl Pts',(0.14903846153846,1.66320052068573E-17,
-0.271621257956779));
#5985=CARTESIAN_POINT('Ctrl Pts',(0.145192307692306,-0.079827484818062,
-0.245683735838657));
#5986=CARTESIAN_POINT('Ctrl Pts',(0.141346153846153,-0.159654969636124,
-0.219746213720535));
#5987=CARTESIAN_POINT('Ctrl Pts',(0.137499999999999,-0.208991068490102,
-0.151840899231341));
#5988=CARTESIAN_POINT('Ctrl Pts',(0.133653846153845,-0.258327167344081,
-0.083935584742146));
#5989=CARTESIAN_POINT('Ctrl Pts',(0.129807692307691,-0.258327167344081,
-3.16359538620731E-17));
#5990=CARTESIAN_POINT('Ctrl Pts',(0.125961538461537,-0.258327167344081,
0.0839355847421459));
#5991=CARTESIAN_POINT('Ctrl Pts',(0.122115384615383,-0.208991068490103,
0.151840899231341));
#5992=CARTESIAN_POINT('Ctrl Pts',(0.11826923076923,-0.159654969636124,0.219746213720535));
#5993=CARTESIAN_POINT('Ctrl Pts',(0.114423076923076,-0.079827484818062,
0.245683735838657));
#5994=CARTESIAN_POINT('Ctrl Pts',(0.110576923076922,-4.98960156205719E-17,
0.271621257956779));
#5995=CARTESIAN_POINT('Ctrl Pts',(0.106730769230768,0.0798274848180619,
0.245683735838657));
#5996=CARTESIAN_POINT('Ctrl Pts',(0.102884615384614,0.159654969636124,0.219746213720535));
#5997=CARTESIAN_POINT('Ctrl Pts',(0.0990384615384603,0.208991068490102,
0.151840899231341));
#5998=CARTESIAN_POINT('Ctrl Pts',(0.0951923076923064,0.258327167344081,
0.083935584742146));
#5999=CARTESIAN_POINT('Ctrl Pts',(0.0913461538461525,0.258327167344081,
0.));
#6000=CARTESIAN_POINT('Ctrl Pts',(0.0874999999999987,0.258327167344081,
-0.0839355847421459));
#6001=CARTESIAN_POINT('Ctrl Pts',(0.0836538461538447,0.208991068490103,
-0.151840899231341));
#6002=CARTESIAN_POINT('Ctrl Pts',(0.0798076923076909,0.159654969636124,
-0.219746213720535));
#6003=CARTESIAN_POINT('Ctrl Pts',(0.0759615384615372,0.079827484818062,
-0.245683735838657));
#6004=CARTESIAN_POINT('Ctrl Pts',(0.0721153846153834,1.66320052068573E-17,
-0.271621257956779));
#6005=CARTESIAN_POINT('Ctrl Pts',(0.0682692307692294,-0.079827484818062,
-0.245683735838657));
#6006=CARTESIAN_POINT('Ctrl Pts',(0.0644230769230756,-0.159654969636124,
-0.219746213720535));
#6007=CARTESIAN_POINT('Ctrl Pts',(0.0605769230769218,-0.208991068490102,
-0.151840899231341));
#6008=CARTESIAN_POINT('Ctrl Pts',(0.0567307692307678,-0.258327167344081,
-0.083935584742146));
#6009=CARTESIAN_POINT('Ctrl Pts',(0.052884615384614,-0.258327167344081,
-3.16359538620731E-17));
#6010=CARTESIAN_POINT('Ctrl Pts',(0.0490384615384603,-0.258327167344081,
0.0839355847421459));
#6011=CARTESIAN_POINT('Ctrl Pts',(0.0451923076923062,-0.208991068490103,
0.151840899231341));
#6012=CARTESIAN_POINT('Ctrl Pts',(0.0413461538461525,-0.159654969636124,
0.219746213720535));
#6013=CARTESIAN_POINT('Ctrl Pts',(0.0374999999999987,-0.079827484818062,
0.245683735838657));
#6014=CARTESIAN_POINT('Ctrl Pts',(0.0336538461538447,-4.98960156205719E-17,
0.271621257956779));
#6015=CARTESIAN_POINT('Ctrl Pts',(0.0298076923076909,0.0798274848180619,
0.245683735838657));
#6016=CARTESIAN_POINT('Ctrl Pts',(0.0259615384615372,0.159654969636124,
0.219746213720535));
#6017=CARTESIAN_POINT('Ctrl Pts',(0.0221153846153831,0.208991068490102,
0.151840899231341));
#6018=CARTESIAN_POINT('Ctrl Pts',(0.0182692307692294,0.258327167344081,
0.083935584742146));
#6019=CARTESIAN_POINT('Ctrl Pts',(0.0144230769230756,0.258327167344081,
0.));
#6020=CARTESIAN_POINT('Ctrl Pts',(0.0105769230769215,0.258327167344081,
-0.0839355847421459));
#6021=CARTESIAN_POINT('Ctrl Pts',(0.00673076923076779,0.208991068490103,
-0.151840899231341));
#6022=CARTESIAN_POINT('Ctrl Pts',(0.00288461538461402,0.159654969636124,
-0.219746213720535));
#6023=CARTESIAN_POINT('Ctrl Pts',(-0.000961538461540011,0.079827484818062,
-0.245683735838657));
#6024=CARTESIAN_POINT('Ctrl Pts',(-0.00480769230769377,1.66320052068573E-17,
-0.271621257956779));
#6025=CARTESIAN_POINT('Ctrl Pts',(-0.00865384615384754,-0.079827484818062,
-0.245683735838657));
#6026=CARTESIAN_POINT('Ctrl Pts',(-0.0125000000000013,-0.159654969636124,
-0.219746213720535));
#6027=CARTESIAN_POINT('Ctrl Pts',(-0.0163461538461553,-0.208991068490102,
-0.151840899231341));
#6028=CARTESIAN_POINT('Ctrl Pts',(-0.0201923076923091,-0.258327167344081,
-0.083935584742146));
#6029=CARTESIAN_POINT('Ctrl Pts',(-0.0240384615384629,-0.258327167344081,
-3.16359538620731E-17));
#6030=CARTESIAN_POINT('Ctrl Pts',(-0.0278846153846169,-0.258327167344081,
0.0839355847421459));
#6031=CARTESIAN_POINT('Ctrl Pts',(-0.0317307692307707,-0.208991068490103,
0.151840899231341));
#6032=CARTESIAN_POINT('Ctrl Pts',(-0.0355769230769244,-0.159654969636124,
0.219746213720535));
#6033=CARTESIAN_POINT('Ctrl Pts',(-0.0394230769230785,-0.079827484818062,
0.245683735838657));
#6034=CARTESIAN_POINT('Ctrl Pts',(-0.0432692307692322,-4.98960156205719E-17,
0.271621257956779));
#6035=CARTESIAN_POINT('Ctrl Pts',(-0.047115384615386,0.0798274848180619,
0.245683735838657));
#6036=CARTESIAN_POINT('Ctrl Pts',(-0.05096153846154,0.159654969636124,0.219746213720535));
#6037=CARTESIAN_POINT('Ctrl Pts',(-0.0548076923076938,0.208991068490102,
0.151840899231341));
#6038=CARTESIAN_POINT('Ctrl Pts',(-0.0586538461538476,0.258327167344081,
0.083935584742146));
#6039=CARTESIAN_POINT('Ctrl Pts',(-0.0625000000000016,0.258327167344081,
0.));
#6040=CARTESIAN_POINT('Ctrl Pts',(-0.0663461538461553,0.258327167344081,
-0.0839355847421459));
#6041=CARTESIAN_POINT('Ctrl Pts',(-0.0701923076923091,0.208991068490103,
-0.151840899231341));
#6042=CARTESIAN_POINT('Ctrl Pts',(-0.0740384615384631,0.159654969636124,
-0.219746213720535));
#6043=CARTESIAN_POINT('Ctrl Pts',(-0.0778846153846169,0.079827484818062,
-0.245683735838657));
#6044=CARTESIAN_POINT('Ctrl Pts',(-0.0817307692307707,1.66320052068573E-17,
-0.271621257956779));
#6045=CARTESIAN_POINT('Ctrl Pts',(-0.0855769230769247,-0.079827484818062,
-0.245683735838657));
#6046=CARTESIAN_POINT('Ctrl Pts',(-0.0894230769230785,-0.159654969636124,
-0.219746213720535));
#6047=CARTESIAN_POINT('Ctrl Pts',(-0.0932692307692322,-0.208991068490102,
-0.151840899231341));
#6048=CARTESIAN_POINT('Ctrl Pts',(-0.097115384615386,-0.258327167344081,
-0.083935584742146));
#6049=CARTESIAN_POINT('Ctrl Pts',(-0.10096153846154,-0.258327167344081,
-3.16359538620731E-17));
#6050=CARTESIAN_POINT('Ctrl Pts',(-0.104807692307694,-0.258327167344081,
0.0839355847421459));
#6051=CARTESIAN_POINT('Ctrl Pts',(-0.108653846153848,-0.208991068490103,
0.151840899231341));
#6052=CARTESIAN_POINT('Ctrl Pts',(-0.112500000000002,-0.159654969636124,
0.219746213720535));
#6053=CARTESIAN_POINT('Ctrl Pts',(-0.116346153846155,-0.079827484818062,
0.245683735838657));
#6054=CARTESIAN_POINT('Ctrl Pts',(-0.120192307692309,-4.98960156205719E-17,
0.271621257956779));
#6055=CARTESIAN_POINT('Ctrl Pts',(-0.124038461538463,0.0798274848180619,
0.245683735838657));
#6056=CARTESIAN_POINT('Ctrl Pts',(-0.127884615384617,0.159654969636124,
0.219746213720535));
#6057=CARTESIAN_POINT('Ctrl Pts',(-0.131730769230771,0.208991068490102,
0.151840899231341));
#6058=CARTESIAN_POINT('Ctrl Pts',(-0.135576923076925,0.258327167344081,
0.083935584742146));
#6059=CARTESIAN_POINT('Ctrl Pts',(-0.139423076923078,0.258327167344081,
0.));
#6060=CARTESIAN_POINT('Ctrl Pts',(-0.143269230769232,0.258327167344081,
-0.0839355847421459));
#6061=CARTESIAN_POINT('Ctrl Pts',(-0.147115384615386,0.208991068490103,
-0.151840899231341));
#6062=CARTESIAN_POINT('Ctrl Pts',(-0.15096153846154,0.159654969636124,-0.219746213720535));
#6063=CARTESIAN_POINT('Ctrl Pts',(-0.154807692307694,0.079827484818062,
-0.245683735838657));
#6064=CARTESIAN_POINT('Ctrl Pts',(-0.158653846153848,1.66320052068573E-17,
-0.271621257956779));
#6065=CARTESIAN_POINT('Ctrl Pts',(-0.162500000000002,-0.079827484818062,
-0.245683735838657));
#6066=CARTESIAN_POINT('Ctrl Pts',(-0.166346153846155,-0.159654969636124,
-0.219746213720535));
#6067=CARTESIAN_POINT('Ctrl Pts',(-0.170192307692309,-0.208991068490102,
-0.151840899231341));
#6068=CARTESIAN_POINT('Ctrl Pts',(-0.174038461538463,-0.258327167344081,
-0.083935584742146));
#6069=CARTESIAN_POINT('Ctrl Pts',(-0.177884615384617,-0.258327167344081,
-3.16359538620731E-17));
#6070=CARTESIAN_POINT('Ctrl Pts',(-0.181730769230771,-0.258327167344081,
0.0839355847421459));
#6071=CARTESIAN_POINT('Ctrl Pts',(-0.185576923076925,-0.208991068490103,
0.151840899231341));
#6072=CARTESIAN_POINT('Ctrl Pts',(-0.189423076923078,-0.159654969636124,
0.219746213720535));
#6073=CARTESIAN_POINT('Ctrl Pts',(-0.193269230769232,-0.079827484818062,
0.245683735838657));
#6074=CARTESIAN_POINT('Ctrl Pts',(-0.197115384615386,-4.98960156205719E-17,
0.271621257956779));
#6075=CARTESIAN_POINT('Ctrl Pts',(-0.20096153846154,0.0798274848180619,
0.245683735838657));
#6076=CARTESIAN_POINT('Ctrl Pts',(-0.204807692307694,0.159654969636124,
0.219746213720535));
#6077=CARTESIAN_POINT('Ctrl Pts',(-0.208653846153848,0.208991068490102,
0.151840899231341));
#6078=CARTESIAN_POINT('Ctrl Pts',(-0.212500000000002,0.258327167344081,
0.083935584742146));
#6079=CARTESIAN_POINT('Ctrl Pts',(-0.216346153846155,0.258327167344081,
0.));
#6080=CARTESIAN_POINT('Ctrl Pts',(-0.220192307692309,0.258327167344081,
-0.0839355847421459));
#6081=CARTESIAN_POINT('Ctrl Pts',(-0.224038461538463,0.208991068490103,
-0.151840899231341));
#6082=CARTESIAN_POINT('Ctrl Pts',(-0.227884615384617,0.159654969636124,
-0.219746213720535));
#6083=CARTESIAN_POINT('Ctrl Pts',(-0.231730769230771,0.079827484818062,
-0.245683735838657));
#6084=CARTESIAN_POINT('Ctrl Pts',(-0.235576923076925,1.66320052068573E-17,
-0.271621257956779));
#6085=CARTESIAN_POINT('Ctrl Pts',(-0.239423076923078,-0.079827484818062,
-0.245683735838657));
#6086=CARTESIAN_POINT('Ctrl Pts',(-0.243269230769233,-0.159654969636124,
-0.219746213720535));
#6087=CARTESIAN_POINT('Ctrl Pts',(-0.247115384615386,-0.208991068490102,
-0.151840899231341));
#6088=CARTESIAN_POINT('Ctrl Pts',(-0.25096153846154,-0.258327167344081,
-0.083935584742146));
#6089=CARTESIAN_POINT('Ctrl Pts',(-0.254807692307694,-0.258327167344081,
-3.16359538620731E-17));
#6090=CARTESIAN_POINT('Ctrl Pts',(-0.258653846153848,-0.258327167344081,
0.0839355847421459));
#6091=CARTESIAN_POINT('Ctrl Pts',(-0.262500000000002,-0.208991068490103,
0.151840899231341));
#6092=CARTESIAN_POINT('Ctrl Pts',(-0.266346153846155,-0.159654969636124,
0.219746213720535));
#6093=CARTESIAN_POINT('Ctrl Pts',(-0.270192307692309,-0.079827484818062,
0.245683735838657));
#6094=CARTESIAN_POINT('Ctrl Pts',(-0.274038461538463,-4.98960156205719E-17,
0.271621257956779));
#6095=CARTESIAN_POINT('Ctrl Pts',(-0.277884615384617,0.0798274848180619,
0.245683735838657));
#6096=CARTESIAN_POINT('Ctrl Pts',(-0.281730769230771,0.159654969636124,
0.219746213720535));
#6097=CARTESIAN_POINT('Ctrl Pts',(-0.285576923076925,0.208991068490102,
0.151840899231341));
#6098=CARTESIAN_POINT('Ctrl Pts',(-0.289423076923079,0.258327167344081,
0.083935584742146));
#6099=CARTESIAN_POINT('Ctrl Pts',(-0.293269230769233,0.258327167344081,
0.));
#6100=CARTESIAN_POINT('Ctrl Pts',(-0.297115384615386,0.258327167344081,
-0.0839355847421459));
#6101=CARTESIAN_POINT('Ctrl Pts',(-0.30096153846154,0.208991068490103,-0.151840899231341));
#6102=CARTESIAN_POINT('Ctrl Pts',(-0.304807692307694,0.159654969636124,
-0.219746213720535));
#6103=CARTESIAN_POINT('Ctrl Pts',(-0.308653846153848,0.079827484818062,
-0.245683735838657));
#6104=CARTESIAN_POINT('Ctrl Pts',(-0.312500000000002,1.66320052068573E-17,
-0.271621257956779));
#6105=CARTESIAN_POINT('Ctrl Pts',(-0.316346153846156,-0.079827484818062,
-0.245683735838657));
#6106=CARTESIAN_POINT('Ctrl Pts',(-0.320192307692309,-0.159654969636124,
-0.219746213720535));
#6107=CARTESIAN_POINT('Ctrl Pts',(-0.324038461538463,-0.208991068490102,
-0.151840899231341));
#6108=CARTESIAN_POINT('Ctrl Pts',(-0.327884615384617,-0.258327167344081,
-0.083935584742146));
#6109=CARTESIAN_POINT('Ctrl Pts',(-0.331730769230771,-0.258327167344081,
-3.16359538620731E-17));
#6110=CARTESIAN_POINT('Ctrl Pts',(-0.335576923076925,-0.258327167344081,
0.0839355847421459));
#6111=CARTESIAN_POINT('Ctrl Pts',(-0.339423076923079,-0.208991068490103,
0.151840899231341));
#6112=CARTESIAN_POINT('Ctrl Pts',(-0.343269230769233,-0.159654969636124,
0.219746213720535));
#6113=CARTESIAN_POINT('Ctrl Pts',(-0.347115384615386,-0.079827484818062,
0.245683735838657));
#6114=CARTESIAN_POINT('Ctrl Pts',(-0.35096153846154,-4.98960156205719E-17,
0.271621257956779));
#6115=CARTESIAN_POINT('Ctrl Pts',(-0.354807692307694,0.0798274848180619,
0.245683735838657));
#6116=CARTESIAN_POINT('Ctrl Pts',(-0.358653846153848,0.159654969636124,
0.219746213720535));
#6117=CARTESIAN_POINT('Ctrl Pts',(-0.362500000000002,0.208991068490102,
0.151840899231341));
#6118=CARTESIAN_POINT('Ctrl Pts',(-0.366346153846156,0.258327167344081,
0.083935584742146));
#6119=CARTESIAN_POINT('Ctrl Pts',(-0.370192307692309,0.258327167344081,
0.));
#6120=CARTESIAN_POINT('Ctrl Pts',(-0.374038461538463,0.258327167344081,
-0.0839355847421459));
#6121=CARTESIAN_POINT('Ctrl Pts',(-0.377884615384617,0.208991068490103,
-0.151840899231341));
#6122=CARTESIAN_POINT('Ctrl Pts',(-0.381730769230771,0.159654969636124,
-0.219746213720535));
#6123=CARTESIAN_POINT('Ctrl Pts',(-0.385576923076925,0.079827484818062,
-0.245683735838657));
#6124=CARTESIAN_POINT('Ctrl Pts',(-0.389423076923079,1.66320052068573E-17,
-0.271621257956779));
#6125=CARTESIAN_POINT('Ctrl Pts',(-0.393269230769233,-0.079827484818062,
-0.245683735838657));
#6126=CARTESIAN_POINT('Ctrl Pts',(-0.397115384615386,-0.159654969636124,
-0.219746213720535));
#6127=CARTESIAN_POINT('Ctrl Pts',(-0.40096153846154,-0.208991068490102,
-0.151840899231341));
#6128=CARTESIAN_POINT('Ctrl Pts',(-0.404807692307694,-0.258327167344081,
-0.083935584742146));
#6129=CARTESIAN_POINT('Ctrl Pts',(-0.408653846153848,-0.258327167344081,
-3.16359538620731E-17));
#6130=CARTESIAN_POINT('Ctrl Pts',(-0.412500000000002,-0.258327167344081,
0.0839355847421459));
#6131=CARTESIAN_POINT('Ctrl Pts',(-0.416346153846156,-0.208991068490103,
0.151840899231341));
#6132=CARTESIAN_POINT('Ctrl Pts',(-0.420192307692309,-0.159654969636124,
0.219746213720535));
#6133=CARTESIAN_POINT('Ctrl Pts',(-0.424038461538463,-0.079827484818062,
0.245683735838657));
#6134=CARTESIAN_POINT('Ctrl Pts',(-0.427884615384617,-4.98960156205719E-17,
0.271621257956779));
#6135=CARTESIAN_POINT('Ctrl Pts',(-0.431730769230771,0.0798274848180619,
0.245683735838657));
#6136=CARTESIAN_POINT('Ctrl Pts',(-0.435576923076925,0.159654969636124,
0.219746213720535));
#6137=CARTESIAN_POINT('Ctrl Pts',(-0.439423076923079,0.208991068490102,
0.151840899231341));
#6138=CARTESIAN_POINT('Ctrl Pts',(-0.441417221221218,0.234570726547842,
0.116633520348833));
#6139=CARTESIAN_POINT('Ctrl Pts',(-0.44351358449933,0.247203593685874,0.0749887235309812));
#6140=CARTESIAN_POINT('Ctrl Pts',(0.096153846153845,-0.200036995935513,
-2.44974666783478E-17));
#6141=CARTESIAN_POINT('Ctrl Pts',(0.0923076923076911,-0.200036995935513,
0.06499595995471));
#6142=CARTESIAN_POINT('Ctrl Pts',(0.0884615384615372,-0.161833329215542,
0.117578796123784));
#6143=CARTESIAN_POINT('Ctrl Pts',(0.0875183153635326,-0.152464338187067,
0.130474105988434));
#6144=CARTESIAN_POINT('Ctrl Pts',(0.0865384615384616,-0.141171470895534,
0.141723024057829));
#6145=CARTESIAN_POINT('Origin',(1.28365384615385,6.55643518479423E-16,1.37026910081256E-16));
#6146=CARTESIAN_POINT('Origin',(-0.515625,0.28875,-2.06276445231382E-17));
#6147=CARTESIAN_POINT('',(-0.515625,0.28875,-0.00925000000000002));
#6148=CARTESIAN_POINT('',(-0.515625,0.10125,-0.00925));
#6149=CARTESIAN_POINT('',(-0.515625,0.10125,-0.00925));
#6150=CARTESIAN_POINT('',(-0.515625,0.10125,0.00925));
#6151=CARTESIAN_POINT('Origin',(-0.515625,0.10125,2.54024487398449E-18));
#6152=CARTESIAN_POINT('',(-0.515625,0.28875,0.00924999999999998));
#6153=CARTESIAN_POINT('',(-0.515625,0.28875,0.00924999999999998));
#6154=CARTESIAN_POINT('Origin',(-0.515625,0.28875,-2.06276445231382E-17));
#6155=CARTESIAN_POINT('Origin',(-0.515625,-0.144375000000001,-0.250064835342756));
#6156=CARTESIAN_POINT('',(-0.515625,-0.152385734985007,-0.245439835342756));
#6157=CARTESIAN_POINT('',(-0.515625,-0.0586357349850064,-0.0830600721331742));
#6158=CARTESIAN_POINT('',(-0.515625,-0.0586357349850064,-0.0830600721331741));
#6159=CARTESIAN_POINT('',(-0.515625,-0.0426142650149944,-0.0923100721331742));
#6160=CARTESIAN_POINT('Origin',(-0.515625,-0.0506250000000004,-0.0876850721331742));
#6161=CARTESIAN_POINT('',(-0.515625,-0.136364265014995,-0.254689835342756));
#6162=CARTESIAN_POINT('',(-0.515625,-0.136364265014995,-0.254689835342756));
#6163=CARTESIAN_POINT('Origin',(-0.515625,-0.144375000000001,-0.250064835342756));
#6164=CARTESIAN_POINT('Origin',(-0.515625,-0.144374999999998,0.250064835342758));
#6165=CARTESIAN_POINT('',(-0.515625,-0.136364265014992,0.254689835342758));
#6166=CARTESIAN_POINT('',(-0.515625,-0.0426142650149931,0.0923100721331748));
#6167=CARTESIAN_POINT('',(-0.515625,-0.0426142650149931,0.0923100721331748));
#6168=CARTESIAN_POINT('',(-0.515625,-0.0586357349850053,0.083060072133175));
#6169=CARTESIAN_POINT('Origin',(-0.515625,-0.0506249999999992,0.0876850721331749));
#6170=CARTESIAN_POINT('',(-0.515625,-0.152385734985004,0.245439835342758));
#6171=CARTESIAN_POINT('',(-0.515625,-0.152385734985004,0.245439835342758));
#6172=CARTESIAN_POINT('Origin',(-0.515625,-0.144374999999998,0.250064835342758));
#6173=CARTESIAN_POINT('Origin',(-0.513625,0.10125,2.54024487398449E-18));
#6174=CARTESIAN_POINT('',(-0.513625,0.10125,-0.01125));
#6175=CARTESIAN_POINT('Origin',(-0.513625,0.10125,-0.00925));
#6176=CARTESIAN_POINT('',(-0.513625,0.10125,0.01125));
#6177=CARTESIAN_POINT('Origin',(-0.513625,0.10125,2.54024487398449E-18));
#6178=CARTESIAN_POINT('Origin',(-0.513625,0.10125,0.00925));
#6179=CARTESIAN_POINT('Origin',(-0.513625,0.28875,0.00924999999999998));
#6180=CARTESIAN_POINT('',(-0.513625,0.28875,0.01125));
#6181=CARTESIAN_POINT('Origin',(-0.513625,0.28875,0.00924999999999998));
#6182=CARTESIAN_POINT('',(-0.513625,0.10125,0.01125));
#6183=CARTESIAN_POINT('Origin',(-0.513625,0.28875,-2.06276445231382E-17));
#6184=CARTESIAN_POINT('',(-0.513625,0.28875,-0.01125));
#6185=CARTESIAN_POINT('Origin',(-0.513625,0.28875,-2.06276445231382E-17));
#6186=CARTESIAN_POINT('Origin',(-0.513625,0.28875,-0.00925000000000002));
#6187=CARTESIAN_POINT('Origin',(-0.513625,0.28875,-0.00925000000000002));
#6188=CARTESIAN_POINT('',(-0.513625,0.28875,-0.01125));
#6189=CARTESIAN_POINT('Origin',(-0.513625,-0.136364265014995,-0.254689835342756));
#6190=CARTESIAN_POINT('',(-0.513625,-0.134632214207426,-0.255689835342756));
#6191=CARTESIAN_POINT('Origin',(-0.513625,-0.136364265014995,-0.254689835342756));
#6192=CARTESIAN_POINT('',(-0.513625,-0.0408822142074255,-0.0933100721331742));
#6193=CARTESIAN_POINT('Origin',(-0.513625,-0.0426142650149944,-0.0923100721331742));
#6194=CARTESIAN_POINT('',(-0.513625,-0.0408822142074255,-0.0933100721331742));
#6195=CARTESIAN_POINT('Origin',(-0.513625,-0.144375000000001,-0.250064835342756));
#6196=CARTESIAN_POINT('',(-0.513625,-0.154117785792576,-0.244439835342756));
#6197=CARTESIAN_POINT('Origin',(-0.513625,-0.144375000000001,-0.250064835342756));
#6198=CARTESIAN_POINT('Origin',(-0.513625,-0.152385734985007,-0.245439835342756));
#6199=CARTESIAN_POINT('Origin',(-0.513625,-0.152385734985007,-0.245439835342756));
#6200=CARTESIAN_POINT('',(-0.513625,-0.0603677857925753,-0.0820600721331742));
#6201=CARTESIAN_POINT('',(-0.513625,-0.154117785792576,-0.244439835342756));
#6202=CARTESIAN_POINT('Origin',(-0.513625,-0.0586357349850064,-0.0830600721331742));
#6203=CARTESIAN_POINT('Origin',(-0.513625,-0.0506250000000004,-0.0876850721331742));
#6204=CARTESIAN_POINT('Origin',(-0.513625,-0.0506250000000004,-0.0876850721331742));
#6205=CARTESIAN_POINT('Origin',(-0.513625,-0.152385734985004,0.245439835342758));
#6206=CARTESIAN_POINT('',(-0.513625,-0.154117785792573,0.244439835342758));
#6207=CARTESIAN_POINT('Origin',(-0.513625,-0.152385734985004,0.245439835342758));
#6208=CARTESIAN_POINT('',(-0.513625,-0.0603677857925742,0.082060072133175));
#6209=CARTESIAN_POINT('Origin',(-0.513625,-0.0586357349850053,0.083060072133175));
#6210=CARTESIAN_POINT('',(-0.513625,-0.0603677857925742,0.0820600721331749));
#6211=CARTESIAN_POINT('Origin',(-0.513625,-0.144374999999998,0.250064835342758));
#6212=CARTESIAN_POINT('',(-0.513625,-0.134632214207423,0.255689835342758));
#6213=CARTESIAN_POINT('Origin',(-0.513625,-0.144374999999998,0.250064835342758));
#6214=CARTESIAN_POINT('Origin',(-0.513625,-0.136364265014992,0.254689835342758));
#6215=CARTESIAN_POINT('Origin',(-0.513625,-0.136364265014992,0.254689835342758));
#6216=CARTESIAN_POINT('',(-0.513625,-0.0408822142074242,0.0933100721331748));
#6217=CARTESIAN_POINT('',(-0.513625,-0.134632214207423,0.255689835342758));
#6218=CARTESIAN_POINT('Origin',(-0.513625,-0.0426142650149931,0.0923100721331748));
#6219=CARTESIAN_POINT('Origin',(-0.513625,-0.0506249999999992,0.0876850721331749));
#6220=CARTESIAN_POINT('Origin',(-0.513625,-0.0506249999999992,0.0876850721331749));
#6221=CARTESIAN_POINT('Origin',(-0.515625,0.10125,2.54024487398449E-18));
#6222=CARTESIAN_POINT('',(-0.490625,0.10125,0.01125));
#6223=CARTESIAN_POINT('',(-0.515625,0.10125,0.01125));
#6224=CARTESIAN_POINT('',(-0.490625,0.10125,-0.01125));
#6225=CARTESIAN_POINT('',(-0.515625,0.10125,-0.01125));
#6226=CARTESIAN_POINT('Origin',(-0.490625,0.10125,2.54024487398449E-18));
#6227=CARTESIAN_POINT('Origin',(-0.515625,0.28875,0.01125));
#6228=CARTESIAN_POINT('',(-0.490625,0.28875,0.01125));
#6229=CARTESIAN_POINT('',(-0.515625,0.28875,0.01125));
#6230=CARTESIAN_POINT('',(-0.490625,0.28875,0.01125));
#6231=CARTESIAN_POINT('Origin',(-0.515625,0.28875,-2.06276445231382E-17));
#6232=CARTESIAN_POINT('',(-0.490625,0.28875,-0.01125));
#6233=CARTESIAN_POINT('',(-0.515625,0.28875,-0.01125));
#6234=CARTESIAN_POINT('Origin',(-0.490625,0.28875,-2.06276445231382E-17));
#6235=CARTESIAN_POINT('Origin',(-0.515625,0.28875,-0.01125));
#6236=CARTESIAN_POINT('',(-0.490625,0.28875,-0.01125));
#6237=CARTESIAN_POINT('Origin',(-0.515625,-0.134632214207426,-0.255689835342756));
#6238=CARTESIAN_POINT('',(-0.490625,-0.134632214207426,-0.255689835342756));
#6239=CARTESIAN_POINT('',(-0.515625,-0.134632214207426,-0.255689835342756));
#6240=CARTESIAN_POINT('',(-0.490625,-0.0408822142074255,-0.0933100721331742));
#6241=CARTESIAN_POINT('',(-0.515625,-0.0408822142074255,-0.0933100721331742));
#6242=CARTESIAN_POINT('',(-0.490625,-0.134632214207426,-0.255689835342756));
#6243=CARTESIAN_POINT('Origin',(-0.515625,-0.144375000000001,-0.250064835342756));
#6244=CARTESIAN_POINT('',(-0.490625,-0.154117785792576,-0.244439835342756));
#6245=CARTESIAN_POINT('',(-0.515625,-0.154117785792576,-0.244439835342756));
#6246=CARTESIAN_POINT('Origin',(-0.490625,-0.144375000000001,-0.250064835342756));
#6247=CARTESIAN_POINT('Origin',(-0.515625,-0.154117785792576,-0.244439835342756));
#6248=CARTESIAN_POINT('',(-0.490625,-0.0603677857925753,-0.0820600721331742));
#6249=CARTESIAN_POINT('',(-0.515625,-0.0603677857925753,-0.0820600721331742));
#6250=CARTESIAN_POINT('',(-0.490625,-0.154117785792576,-0.244439835342756));
#6251=CARTESIAN_POINT('Origin',(-0.515625,-0.0506250000000004,-0.0876850721331742));
#6252=CARTESIAN_POINT('Origin',(-0.490625,-0.0506250000000004,-0.0876850721331742));
#6253=CARTESIAN_POINT('Origin',(-0.515625,-0.154117785792573,0.244439835342758));
#6254=CARTESIAN_POINT('',(-0.490625,-0.154117785792573,0.244439835342758));
#6255=CARTESIAN_POINT('',(-0.515625,-0.154117785792573,0.244439835342758));
#6256=CARTESIAN_POINT('',(-0.490625,-0.0603677857925742,0.082060072133175));
#6257=CARTESIAN_POINT('',(-0.515625,-0.0603677857925742,0.082060072133175));
#6258=CARTESIAN_POINT('',(-0.490625,-0.154117785792573,0.244439835342758));
#6259=CARTESIAN_POINT('Origin',(-0.515625,-0.144374999999998,0.250064835342758));
#6260=CARTESIAN_POINT('',(-0.490625,-0.134632214207423,0.255689835342758));
#6261=CARTESIAN_POINT('',(-0.515625,-0.134632214207423,0.255689835342758));
#6262=CARTESIAN_POINT('Origin',(-0.490625,-0.144374999999998,0.250064835342758));
#6263=CARTESIAN_POINT('Origin',(-0.515625,-0.134632214207423,0.255689835342758));
#6264=CARTESIAN_POINT('',(-0.490625,-0.0408822142074242,0.0933100721331748));
#6265=CARTESIAN_POINT('',(-0.515625,-0.0408822142074242,0.0933100721331748));
#6266=CARTESIAN_POINT('',(-0.490625,-0.134632214207423,0.255689835342758));
#6267=CARTESIAN_POINT('Origin',(-0.515625,-0.0506249999999992,0.0876850721331749));
#6268=CARTESIAN_POINT('Origin',(-0.490625,-0.0506249999999992,0.0876850721331749));
#6269=CARTESIAN_POINT('Origin',(-0.490625,6.82961998416066E-17,0.));
#6270=CARTESIAN_POINT('Origin',(-0.515625,0.433012701892219,3.55646946019374E-17));
#6271=CARTESIAN_POINT('',(-0.515625,-0.324759526419164,0.1875));
#6272=CARTESIAN_POINT('',(-0.515625,-1.0244429976241E-16,0.375));
#6273=CARTESIAN_POINT('Origin',(-0.515625,0.,0.));
#6274=CARTESIAN_POINT('',(-0.515625,0.324759526419164,0.1875));
#6275=CARTESIAN_POINT('Origin',(-0.515625,0.,0.));
#6276=CARTESIAN_POINT('',(-0.515625,0.324759526419164,-0.1875));
#6277=CARTESIAN_POINT('Origin',(-0.515625,0.,0.));
#6278=CARTESIAN_POINT('',(-0.515625,0.,-0.375));
#6279=CARTESIAN_POINT('Origin',(-0.515625,0.,0.));
#6280=CARTESIAN_POINT('',(-0.515625,-0.324759526419165,-0.1875));
#6281=CARTESIAN_POINT('Origin',(-0.515625,0.,0.));
#6282=CARTESIAN_POINT('Origin',(-0.515625,0.,0.));
#6283=CARTESIAN_POINT('Origin',(-0.515625,0.,0.));
#6284=CARTESIAN_POINT('',(-0.485795705941169,0.203515969889343,0.375));
#6285=CARTESIAN_POINT('Ctrl Pts',(-0.515625,-1.0842216468872E-16,0.375));
#6286=CARTESIAN_POINT('Ctrl Pts',(-0.515625,0.0951998746561841,0.375));
#6287=CARTESIAN_POINT('Ctrl Pts',(-0.485795705940941,0.203515969890174,
0.375));
#6288=CARTESIAN_POINT('',(-0.485795705941169,0.223001541474492,0.363750000000002));
#6289=CARTESIAN_POINT('Ctrl Pts',(-0.48579570594117,0.203515969889343,0.375));
#6290=CARTESIAN_POINT('Ctrl Pts',(-0.48557048892092,0.204333777651253,0.375));
#6291=CARTESIAN_POINT('Ctrl Pts',(-0.485364983520094,0.205158660246639,
0.374955237432186));
#6292=CARTESIAN_POINT('Ctrl Pts',(-0.484495167390195,0.209072487111085,
0.374523678022397));
#6293=CARTESIAN_POINT('Ctrl Pts',(-0.484140969889343,0.212145092441014,
0.373498735885456));
#6294=CARTESIAN_POINT('Ctrl Pts',(-0.484140969889343,0.217386847337672,
0.370472407284844));
#6295=CARTESIAN_POINT('Ctrl Pts',(-0.484495167390195,0.219810775930637,
0.368323924081793));
#6296=CARTESIAN_POINT('Ctrl Pts',(-0.485364983520094,0.222141430774979,
0.365150230296064));
#6297=CARTESIAN_POINT('Ctrl Pts',(-0.485570488920919,0.222592637593537,
0.364458242297227));
#6298=CARTESIAN_POINT('Ctrl Pts',(-0.485795705941169,0.223001541474492,
0.363750000000002));
#6299=CARTESIAN_POINT('Ctrl Pts',(-0.48579570594094,0.223001541474076,0.363750000000721));
#6300=CARTESIAN_POINT('Ctrl Pts',(-0.515625,0.277159589091072,0.269945509889351));
#6301=CARTESIAN_POINT('Ctrl Pts',(-0.515625,0.324759526419164,0.1875));
#6302=CARTESIAN_POINT('Origin',(-0.515625,0.,0.));
#6303=CARTESIAN_POINT('',(-0.48579570594118,0.426517511363816,0.011250000000034));
#6304=CARTESIAN_POINT('Ctrl Pts',(-0.515625,0.324759526419164,0.1875));
#6305=CARTESIAN_POINT('Ctrl Pts',(-0.515625,0.372359463747248,0.105054490110664));
#6306=CARTESIAN_POINT('Ctrl Pts',(-0.485795705940951,0.426517511364232,
0.0112499999993144));
#6307=CARTESIAN_POINT('',(-0.485795705941169,0.426517511363837,-0.0112499999999981));
#6308=CARTESIAN_POINT('Ctrl Pts',(-0.48579570594118,0.426517511363816,0.011250000000034));
#6309=CARTESIAN_POINT('Ctrl Pts',(-0.485570488920926,0.426926415244779,
0.0105417577027976));
#6310=CARTESIAN_POINT('Ctrl Pts',(-0.485364983520097,0.427300091021613,
0.00980500713613519));
#6311=CARTESIAN_POINT('Ctrl Pts',(-0.484495167390194,0.428883263041722,
0.00619975394060443));
#6312=CARTESIAN_POINT('Ctrl Pts',(-0.484140969889343,0.429531939778686,
0.00302632860061178));
#6313=CARTESIAN_POINT('Ctrl Pts',(-0.484140969889343,0.429531939778686,
-0.00302632860061182));
#6314=CARTESIAN_POINT('Ctrl Pts',(-0.484495167390194,0.428883263041722,
-0.00619975394060447));
#6315=CARTESIAN_POINT('Ctrl Pts',(-0.485364983520094,0.427300091021619,
-0.00980500713612243));
#6316=CARTESIAN_POINT('Ctrl Pts',(-0.485570488920919,0.426926415244791,
-0.0105417577027728));
#6317=CARTESIAN_POINT('Ctrl Pts',(-0.485795705941169,0.426517511363837,
-0.0112499999999981));
#6318=CARTESIAN_POINT('Ctrl Pts',(-0.48579570594094,0.426517511364253,-0.0112499999992785));
#6319=CARTESIAN_POINT('Ctrl Pts',(-0.515625,0.372359463747257,-0.105054490110649));
#6320=CARTESIAN_POINT('Ctrl Pts',(-0.515625,0.324759526419164,-0.1875));
#6321=CARTESIAN_POINT('Origin',(-0.515625,0.,0.));
#6322=CARTESIAN_POINT('',(-0.485795705941169,0.223001541474493,-0.36375));
#6323=CARTESIAN_POINT('Ctrl Pts',(-0.515625,0.324759526419164,-0.1875));
#6324=CARTESIAN_POINT('Ctrl Pts',(-0.515625,0.277159589091072,-0.26994550988935));
#6325=CARTESIAN_POINT('Ctrl Pts',(-0.485795705940941,0.223001541474077,
-0.36375000000072));
#6326=CARTESIAN_POINT('',(-0.485795705941169,0.203515969889343,-0.375));
#6327=CARTESIAN_POINT('Ctrl Pts',(-0.48579570594117,0.223001541474493,-0.36375));
#6328=CARTESIAN_POINT('Ctrl Pts',(-0.48557048892092,0.222592637593538,-0.364458242297226));
#6329=CARTESIAN_POINT('Ctrl Pts',(-0.485364983520094,0.22214143077498,-0.365150230296063));
#6330=CARTESIAN_POINT('Ctrl Pts',(-0.484495167390194,0.219810775930637,
-0.368323924081793));
#6331=CARTESIAN_POINT('Ctrl Pts',(-0.484140969889343,0.217386847337672,
-0.370472407284844));
#6332=CARTESIAN_POINT('Ctrl Pts',(-0.484140969889343,0.212145092441014,
-0.373498735885456));
#6333=CARTESIAN_POINT('Ctrl Pts',(-0.484495167390194,0.209072487111085,
-0.374523678022397));
#6334=CARTESIAN_POINT('Ctrl Pts',(-0.485364983520094,0.205158660246639,
-0.374955237432186));
#6335=CARTESIAN_POINT('Ctrl Pts',(-0.48557048892092,0.204333777651253,-0.375));
#6336=CARTESIAN_POINT('Ctrl Pts',(-0.485795705941169,0.203515969889343,
-0.375));
#6337=CARTESIAN_POINT('Ctrl Pts',(-0.485795705940941,0.203515969890173,
-0.375));
#6338=CARTESIAN_POINT('Ctrl Pts',(-0.515625,0.095199874656184,-0.375));
#6339=CARTESIAN_POINT('Ctrl Pts',(-0.515625,0.,-0.375));
#6340=CARTESIAN_POINT('Origin',(-0.515625,0.,0.));
#6341=CARTESIAN_POINT('',(-0.485795705941169,-0.203515969889345,-0.375));
#6342=CARTESIAN_POINT('Ctrl Pts',(-0.515625,0.,-0.375));
#6343=CARTESIAN_POINT('Ctrl Pts',(-0.515625,-0.095199874656185,-0.375));
#6344=CARTESIAN_POINT('Ctrl Pts',(-0.48579570594094,-0.203515969890176,
-0.375));
#6345=CARTESIAN_POINT('',(-0.485795705941169,-0.223001541474492,-0.363750000000002));
#6346=CARTESIAN_POINT('Ctrl Pts',(-0.485795705941169,-0.203515969889345,
-0.375));
#6347=CARTESIAN_POINT('Ctrl Pts',(-0.485570488920919,-0.204333777651254,
-0.375));
#6348=CARTESIAN_POINT('Ctrl Pts',(-0.485364983520094,-0.20515866024664,
-0.374955237432186));
#6349=CARTESIAN_POINT('Ctrl Pts',(-0.484495167390194,-0.209072487111085,
-0.374523678022397));
#6350=CARTESIAN_POINT('Ctrl Pts',(-0.484140969889343,-0.212145092441014,
-0.373498735885456));
#6351=CARTESIAN_POINT('Ctrl Pts',(-0.484140969889343,-0.217386847337672,
-0.370472407284844));
#6352=CARTESIAN_POINT('Ctrl Pts',(-0.484495167390194,-0.219810775930637,
-0.368323924081793));
#6353=CARTESIAN_POINT('Ctrl Pts',(-0.485364983520094,-0.222141430774979,
-0.365150230296064));
#6354=CARTESIAN_POINT('Ctrl Pts',(-0.485570488920919,-0.222592637593537,
-0.364458242297227));
#6355=CARTESIAN_POINT('Ctrl Pts',(-0.485795705941169,-0.223001541474492,
-0.363750000000002));
#6356=CARTESIAN_POINT('Ctrl Pts',(-0.48579570594094,-0.223001541474077,
-0.363750000000721));
#6357=CARTESIAN_POINT('Ctrl Pts',(-0.515625,-0.277159589091072,-0.26994550988935));
#6358=CARTESIAN_POINT('Ctrl Pts',(-0.515625,-0.324759526419165,-0.1875));
#6359=CARTESIAN_POINT('Origin',(-0.515625,0.,0.));
#6360=CARTESIAN_POINT('',(-0.485795705941169,-0.223001541474493,0.36375));
#6361=CARTESIAN_POINT('Ctrl Pts',(-0.515625,-0.324759526419165,0.1875));
#6362=CARTESIAN_POINT('Ctrl Pts',(-0.515625,-0.277159589091073,0.26994550988935));
#6363=CARTESIAN_POINT('Ctrl Pts',(-0.485795705940941,-0.223001541474078,
0.363750000000719));
#6364=CARTESIAN_POINT('',(-0.48579570594117,-0.203515969889345,0.375));
#6365=CARTESIAN_POINT('Ctrl Pts',(-0.48579570594117,-0.223001541474493,
0.36375));
#6366=CARTESIAN_POINT('Ctrl Pts',(-0.48557048892092,-0.222592637593538,
0.364458242297226));
#6367=CARTESIAN_POINT('Ctrl Pts',(-0.485364983520094,-0.22214143077498,
0.365150230296063));
#6368=CARTESIAN_POINT('Ctrl Pts',(-0.484495167390194,-0.219810775930637,
0.368323924081793));
#6369=CARTESIAN_POINT('Ctrl Pts',(-0.484140969889343,-0.217386847337672,
0.370472407284844));
#6370=CARTESIAN_POINT('Ctrl Pts',(-0.484140969889343,-0.212145092441014,
0.373498735885455));
#6371=CARTESIAN_POINT('Ctrl Pts',(-0.484495167390195,-0.209072487111085,
0.374523678022397));
#6372=CARTESIAN_POINT('Ctrl Pts',(-0.485364983520094,-0.20515866024664,
0.374955237432186));
#6373=CARTESIAN_POINT('Ctrl Pts',(-0.485570488920919,-0.204333777651254,
0.375));
#6374=CARTESIAN_POINT('Ctrl Pts',(-0.485795705941169,-0.203515969889345,
0.375));
#6375=CARTESIAN_POINT('Ctrl Pts',(-0.48579570594094,-0.203515969890177,
0.375));
#6376=CARTESIAN_POINT('Ctrl Pts',(-0.515625,-0.0951998746561857,0.375));
#6377=CARTESIAN_POINT('Ctrl Pts',(-0.515625,-1.0842216468872E-16,0.375));
#6378=CARTESIAN_POINT('Origin',(-0.515625,0.,0.));
#6379=CARTESIAN_POINT('',(-0.485795705941169,-0.426517511363836,-0.0112500000000001));
#6380=CARTESIAN_POINT('Ctrl Pts',(-0.515625,-0.324759526419165,-0.1875));
#6381=CARTESIAN_POINT('Ctrl Pts',(-0.515625,-0.372359463747257,-0.10505449011065));
#6382=CARTESIAN_POINT('Ctrl Pts',(-0.48579570594094,-0.426517511364252,
-0.0112499999992803));
#6383=CARTESIAN_POINT('',(-0.485795705941169,-0.426517511363837,0.011249999999998));
#6384=CARTESIAN_POINT('Ctrl Pts',(-0.485795705941169,-0.426517511363836,
-0.0112500000000002));
#6385=CARTESIAN_POINT('Ctrl Pts',(-0.48557048892092,-0.426926415244791,
-0.0105417577027742));
#6386=CARTESIAN_POINT('Ctrl Pts',(-0.485364983520094,-0.427300091021619,
-0.00980500713612322));
#6387=CARTESIAN_POINT('Ctrl Pts',(-0.484495167390194,-0.428883263041722,
-0.00619975394060455));
#6388=CARTESIAN_POINT('Ctrl Pts',(-0.484140969889343,-0.429531939778686,
-0.00302632860061188));
#6389=CARTESIAN_POINT('Ctrl Pts',(-0.484140969889343,-0.429531939778686,
0.00302632860061172));
#6390=CARTESIAN_POINT('Ctrl Pts',(-0.484495167390194,-0.428883263041722,
0.00619975394060441));
#6391=CARTESIAN_POINT('Ctrl Pts',(-0.485364983520094,-0.427300091021619,
0.00980500713612236));
#6392=CARTESIAN_POINT('Ctrl Pts',(-0.485570488920919,-0.426926415244791,
0.0105417577027727));
#6393=CARTESIAN_POINT('Ctrl Pts',(-0.485795705941169,-0.426517511363837,
0.011249999999998));
#6394=CARTESIAN_POINT('Ctrl Pts',(-0.48579570594094,-0.426517511364253,
0.0112499999992783));
#6395=CARTESIAN_POINT('Ctrl Pts',(-0.515625,-0.372359463747257,0.105054490110649));
#6396=CARTESIAN_POINT('Ctrl Pts',(-0.515625,-0.324759526419165,0.1875));
#6397=CARTESIAN_POINT('Origin',(-0.515625,-0.203515969889343,0.3525));
#6398=CARTESIAN_POINT('',(-0.515625,-0.223001541474493,0.36375));
#6399=CARTESIAN_POINT('',(-0.515625,-0.203515969889343,0.375));
#6400=CARTESIAN_POINT('Origin',(-0.515625,-0.21650635094611,0.375));
#6401=CARTESIAN_POINT('',(-0.515625,0.203515969889343,0.375));
#6402=CARTESIAN_POINT('Origin',(-0.515625,0.203515969889343,0.3525));
#6403=CARTESIAN_POINT('',(-0.515625,0.223001541474493,0.36375));
#6404=CARTESIAN_POINT('Origin',(-0.515625,0.21650635094611,0.375));
#6405=CARTESIAN_POINT('',(-0.515625,0.426517511363836,0.01125));
#6406=CARTESIAN_POINT('Origin',(-0.515625,0.407031939778686,-1.70740499604016E-17));
#6407=CARTESIAN_POINT('',(-0.515625,0.426517511363836,-0.01125));
#6408=CARTESIAN_POINT('Origin',(-0.515625,0.433012701892219,-3.09334444628098E-17));
#6409=CARTESIAN_POINT('',(-0.515625,0.223001541474493,-0.36375));
#6410=CARTESIAN_POINT('Origin',(-0.515625,0.203515969889343,-0.3525));
#6411=CARTESIAN_POINT('',(-0.515625,0.203515969889343,-0.375));
#6412=CARTESIAN_POINT('Origin',(-0.515625,0.21650635094611,-0.375));
#6413=CARTESIAN_POINT('',(-0.515625,-0.203515969889343,-0.375));
#6414=CARTESIAN_POINT('Origin',(-0.515625,-0.203515969889343,-0.3525));
#6415=CARTESIAN_POINT('',(-0.515625,-0.223001541474493,-0.36375));
#6416=CARTESIAN_POINT('Origin',(-0.515625,-0.21650635094611,-0.375));
#6417=CARTESIAN_POINT('',(-0.515625,-0.426517511363836,-0.01125));
#6418=CARTESIAN_POINT('Origin',(-0.515625,-0.407031939778686,-8.53702498020082E-17));
#6419=CARTESIAN_POINT('',(-0.515625,-0.426517511363836,0.0112499999999999));
#6420=CARTESIAN_POINT('Origin',(-0.515625,-0.433012701892219,-3.92119044958786E-17));
#6421=CARTESIAN_POINT('Origin',(1.25,0.,0.));
#6422=CARTESIAN_POINT('',(0.,0.,0.));
#6423=UNCERTAINTY_MEASURE_WITH_UNIT(LENGTH_MEASURE(0.000393700787401575),
#6429,'DISTANCE_ACCURACY_VALUE',
'Maximum model space distance between geometric entities at asserted c
onnectivities');
#6424=UNCERTAINTY_MEASURE_WITH_UNIT(LENGTH_MEASURE(0.000393700787401575),
#6429,'DISTANCE_ACCURACY_VALUE',
'Maximum model space distance between geometric entities at asserted c
onnectivities');
#6425=(
GEOMETRIC_REPRESENTATION_CONTEXT(3)
GLOBAL_UNCERTAINTY_ASSIGNED_CONTEXT((#6423))
GLOBAL_UNIT_ASSIGNED_CONTEXT((#6429,#6433,#6434))
REPRESENTATION_CONTEXT('','3D')
);
#6426=(
GEOMETRIC_REPRESENTATION_CONTEXT(3)
GLOBAL_UNCERTAINTY_ASSIGNED_CONTEXT((#6424))
GLOBAL_UNIT_ASSIGNED_CONTEXT((#6429,#6433,#6434))
REPRESENTATION_CONTEXT('','3D')
);
#6427=DIMENSIONAL_EXPONENTS(1.,0.,0.,0.,0.,0.,0.);
#6428=DIMENSIONAL_EXPONENTS(0.,1.,0.,0.,0.,0.,0.);
#6429=(
CONVERSION_BASED_UNIT('inch',#6432)
LENGTH_UNIT()
NAMED_UNIT(#6427)
);
#6430=(
LENGTH_UNIT()
NAMED_UNIT(*)
SI_UNIT(.MILLI.,.METRE.)
);
#6431=(
LENGTH_UNIT()
NAMED_UNIT(*)
SI_UNIT(.CENTI.,.METRE.)
);
#6432=LENGTH_MEASURE_WITH_UNIT(LENGTH_MEASURE(25.4),#6430);
#6433=(
NAMED_UNIT(*)
PLANE_ANGLE_UNIT()
SI_UNIT($,.RADIAN.)
);
#6434=(
NAMED_UNIT(*)
SI_UNIT($,.STERADIAN.)
SOLID_ANGLE_UNIT()
);
#6435=SHAPE_DEFINITION_REPRESENTATION(#6436,#6437);
#6436=PRODUCT_DEFINITION_SHAPE('',$,#6439);
#6437=SHAPE_REPRESENTATION('',(#1588),#6425);
#6438=PRODUCT_DEFINITION_CONTEXT('part definition',#6443,'design');
#6439=PRODUCT_DEFINITION('92979A467','92979A467',#6440,#6438);
#6440=PRODUCT_DEFINITION_FORMATION('ANY',$,#6445);
#6441=PRODUCT_RELATED_PRODUCT_CATEGORY('92979A467','92979A467',(#6445));
#6442=APPLICATION_PROTOCOL_DEFINITION('international standard',
'automotive_design',2009,#6443);
#6443=APPLICATION_CONTEXT(
'Core Data for Automotive Mechanical Design Process');
#6444=PRODUCT_CONTEXT('part definition',#6443,'mechanical');
#6445=PRODUCT('92979A467','92979A467',
'Flanged Hex Head 1/2"-13 Thread Size, 1-1/4" Long',(#6444));
#6446=PRESENTATION_STYLE_ASSIGNMENT((#6448));
#6447=PRESENTATION_STYLE_ASSIGNMENT((#6449));
#6448=SURFACE_STYLE_USAGE(.BOTH.,#6452);
#6449=SURFACE_STYLE_USAGE(.BOTH.,#6453);
#6450=SURFACE_STYLE_RENDERING_WITH_PROPERTIES($,#6460,(#6451));
#6451=SURFACE_STYLE_TRANSPARENT(0.);
#6452=SURFACE_SIDE_STYLE('',(#6454,#6450));
#6453=SURFACE_SIDE_STYLE('',(#6455));
#6454=SURFACE_STYLE_FILL_AREA(#6456);
#6455=SURFACE_STYLE_FILL_AREA(#6457);
#6456=FILL_AREA_STYLE('',(#6458));
#6457=FILL_AREA_STYLE('',(#6459));
#6458=FILL_AREA_STYLE_COLOUR('',#6460);
#6459=FILL_AREA_STYLE_COLOUR('',#6461);
#6460=COLOUR_RGB('',0.749019607843137,0.749019607843137,0.749019607843137);
#6461=COLOUR_RGB('',0.227450980392157,0.580392156862745,0.341176470588235);
ENDSEC;
END-ISO-10303-21;
