ISO-10303-21;
HEADER;
/* Generated by software containing ST-Developer
 * from STEP Tools, Inc. (www.steptools.com) 
 */

FILE_DESCRIPTION(
/* description */ ('1/4-20 nylon locknut'),
/* implementation_level */ '2;1');

FILE_NAME(
/* name */ '95615A120.stp',
/* time_stamp */ '2025-12-23T10:22:46-06:00',
/* author */ ('Administrator'),
/* organization */ ('Managed by Terraform'),
/* preprocessor_version */ 'ST-DEVELOPER v20',
/* originating_system */ 'Autodesk Inventor 2025',
/* authorisation */ '');

FILE_SCHEMA (('AUTOMOTIVE_DESIGN { 1 0 10303 214 3 1 1 }'));
ENDSEC;

DATA;
#10=MECHANICAL_DESIGN_GEOMETRIC_PRESENTATION_REPRESENTATION('',(#71,#72),
#2354);
#11=SHAPE_REPRESENTATION_RELATIONSHIP('SRR','None',#2365,#12);
#12=ADVANCED_BREP_SHAPE_REPRESENTATION('',(#73,#74),#2353);
#13=(
BOUNDED_SURFACE()
B_SPLINE_SURFACE(1,2,((#1875,#1876,#1877,#1878,#1879,#1880,#1881,#1882,
#1883,#1884,#1885,#1886,#1887,#1888,#1889,#1890,#1891,#1892,#1893,#1894,
#1895,#1896,#1897,#1898,#1899,#1900,#1901,#1902,#1903,#1904,#1905,#1906,
#1907,#1908,#1909,#1910,#1911,#1912,#1913,#1914,#1915,#1916,#1917,#1918,
#1919,#1920,#1921,#1922,#1923,#1924,#1925,#1926,#1927,#1928,#1929,#1930,
#1931,#1932,#1933,#1934,#1935,#1936,#1937,#1938,#1939,#1940,#1941,#1942,
#1943,#1944,#1945,#1946,#1947,#1948,#1949,#1950,#1951,#1952,#1953,#1954,
#1955,#1956,#1957,#1958,#1959,#1960,#1961,#1962,#1963,#1964,#1965,#1966,
#1967,#1968,#1969,#1970,#1971,#1972,#1973,#1974,#1975,#1976,#1977,#1978,
#1979,#1980,#1981,#1982,#1983,#1984,#1985,#1986,#1987,#1988,#1989,#1990,
#1991,#1992,#1993),(#1994,#1995,#1996,#1997,#1998,#1999,#2000,#2001,#2002,
#2003,#2004,#2005,#2006,#2007,#2008,#2009,#2010,#2011,#2012,#2013,#2014,
#2015,#2016,#2017,#2018,#2019,#2020,#2021,#2022,#2023,#2024,#2025,#2026,
#2027,#2028,#2029,#2030,#2031,#2032,#2033,#2034,#2035,#2036,#2037,#2038,
#2039,#2040,#2041,#2042,#2043,#2044,#2045,#2046,#2047,#2048,#2049,#2050,
#2051,#2052,#2053,#2054,#2055,#2056,#2057,#2058,#2059,#2060,#2061,#2062,
#2063,#2064,#2065,#2066,#2067,#2068,#2069,#2070,#2071,#2072,#2073,#2074,
#2075,#2076,#2077,#2078,#2079,#2080,#2081,#2082,#2083,#2084,#2085,#2086,
#2087,#2088,#2089,#2090,#2091,#2092,#2093,#2094,#2095,#2096,#2097,#2098,
#2099,#2100,#2101,#2102,#2103,#2104,#2105,#2106,#2107,#2108,#2109,#2110,
#2111,#2112)),.UNSPECIFIED.,.F.,.F.,.F.)
B_SPLINE_SURFACE_WITH_KNOTS((2,2),(3,2,2,2,2,2,2,2,2,2,2,2,2,2,2,2,2,2,
2,2,2,2,2,2,2,2,2,2,2,2,2,2,2,2,2,2,2,2,2,2,2,2,2,2,2,2,2,2,2,2,2,2,2,2,
2,2,2,2,2,3),(0.,1.),(0.,0.015625,0.03125,0.046875,0.0625,0.078125,0.09375,
0.109375,0.125,0.140625,0.15625,0.171875,0.1875,0.203125,0.21875,0.234375,
0.25,0.265625,0.28125,0.296875,0.3125,0.328125,0.34375,0.359375,0.375,0.390625,
0.40625,0.421875,0.4375,0.453125,0.46875,0.484375,0.5,0.515625,0.53125,
0.546875,0.5625,0.578125,0.59375,0.609375,0.625,0.640625,0.65625,0.671875,
0.6875,0.703125,0.71875,0.734375,0.75,0.765625,0.78125,0.796875,0.8125,
0.828125,0.84375,0.859375,0.875,0.890625,0.90625,0.907525349969984),
 .UNSPECIFIED.)
GEOMETRIC_REPRESENTATION_ITEM()
RATIONAL_B_SPLINE_SURFACE(((1.,0.923879532511287,1.,0.923879532511287,1.,
0.923879532511287,1.,0.923879532511287,1.,0.923879532511287,1.,0.923879532511287,
1.,0.923879532511287,1.,0.923879532511287,1.,0.923879532511287,1.,0.923879532511287,
1.,0.923879532511287,1.,0.923879532511287,1.,0.923879532511287,1.,0.923879532511287,
1.,0.923879532511287,1.,0.923879532511287,1.,0.923879532511287,1.,0.923879532511287,
1.,0.923879532511287,1.,0.923879532511287,1.,0.923879532511287,1.,0.923879532511287,
1.,0.923879532511287,1.,0.923879532511287,1.,0.923879532511287,1.,0.923879532511287,
1.,0.923879532511287,1.,0.923879532511287,1.,0.923879532511287,1.,0.923879532511287,
1.,0.923879532511287,1.,0.923879532511287,1.,0.923879532511287,1.,0.923879532511287,
1.,0.923879532511287,1.,0.923879532511287,1.,0.923879532511287,1.,0.923879532511287,
1.,0.923879532511287,1.,0.923879532511287,1.,0.923879532511287,1.,0.923879532511287,
1.,0.923879532511287,1.,0.923879532511287,1.,0.923879532511287,1.,0.923879532511287,
1.,0.923879532511287,1.,0.923879532511287,1.,0.923879532511287,1.,0.923879532511287,
1.,0.923879532511287,1.,0.923879532511287,1.,0.923879532511287,1.,0.923879532511287,
1.,0.923879532511287,1.,0.923879532511287,1.,0.923879532511287,1.,0.923879532511287,
1.,0.993786864900681,0.988587991774151),(1.,0.923879532511287,1.,0.923879532511287,
1.,0.923879532511287,1.,0.923879532511287,1.,0.923879532511287,1.,0.923879532511287,
1.,0.923879532511287,1.,0.923879532511287,1.,0.923879532511287,1.,0.923879532511287,
1.,0.923879532511287,1.,0.923879532511287,1.,0.923879532511287,1.,0.923879532511287,
1.,0.923879532511287,1.,0.923879532511287,1.,0.923879532511287,1.,0.923879532511287,
1.,0.923879532511287,1.,0.923879532511287,1.,0.923879532511287,1.,0.923879532511287,
1.,0.923879532511287,1.,0.923879532511287,1.,0.923879532511287,1.,0.923879532511287,
1.,0.923879532511287,1.,0.923879532511287,1.,0.923879532511287,1.,0.923879532511287,
1.,0.923879532511287,1.,0.923879532511287,1.,0.923879532511287,1.,0.923879532511287,
1.,0.923879532511287,1.,0.923879532511287,1.,0.923879532511287,1.,0.923879532511287,
1.,0.923879532511287,1.,0.923879532511287,1.,0.923879532511287,1.,0.923879532511287,
1.,0.923879532511287,1.,0.923879532511287,1.,0.923879532511287,1.,0.923879532511287,
1.,0.923879532511287,1.,0.923879532511287,1.,0.923879532511287,1.,0.923879532511287,
1.,0.923879532511287,1.,0.923879532511287,1.,0.923879532511287,1.,0.923879532511287,
1.,0.923879532511287,1.,0.923879532511287,1.,0.923879532511287,1.,0.923879532511287,
1.,0.993786864900681,0.988587991774151)))
REPRESENTATION_ITEM('')
SURFACE()
);
#14=(
BOUNDED_SURFACE()
B_SPLINE_SURFACE(1,2,((#2113,#2114,#2115,#2116,#2117,#2118,#2119,#2120,
#2121,#2122,#2123,#2124,#2125,#2126,#2127,#2128,#2129,#2130,#2131,#2132,
#2133,#2134,#2135,#2136,#2137,#2138,#2139,#2140,#2141,#2142,#2143,#2144,
#2145,#2146,#2147,#2148,#2149,#2150,#2151,#2152,#2153,#2154,#2155,#2156,
#2157,#2158,#2159,#2160,#2161,#2162,#2163,#2164,#2165,#2166,#2167,#2168,
#2169,#2170,#2171,#2172,#2173,#2174,#2175,#2176,#2177,#2178,#2179,#2180,
#2181,#2182,#2183,#2184,#2185,#2186,#2187,#2188,#2189,#2190,#2191,#2192,
#2193,#2194,#2195,#2196,#2197,#2198,#2199,#2200,#2201,#2202,#2203,#2204,
#2205,#2206,#2207,#2208,#2209,#2210,#2211,#2212,#2213,#2214,#2215,#2216,
#2217,#2218,#2219,#2220,#2221,#2222,#2223,#2224,#2225,#2226,#2227,#2228,
#2229,#2230,#2231),(#2232,#2233,#2234,#2235,#2236,#2237,#2238,#2239,#2240,
#2241,#2242,#2243,#2244,#2245,#2246,#2247,#2248,#2249,#2250,#2251,#2252,
#2253,#2254,#2255,#2256,#2257,#2258,#2259,#2260,#2261,#2262,#2263,#2264,
#2265,#2266,#2267,#2268,#2269,#2270,#2271,#2272,#2273,#2274,#2275,#2276,
#2277,#2278,#2279,#2280,#2281,#2282,#2283,#2284,#2285,#2286,#2287,#2288,
#2289,#2290,#2291,#2292,#2293,#2294,#2295,#2296,#2297,#2298,#2299,#2300,
#2301,#2302,#2303,#2304,#2305,#2306,#2307,#2308,#2309,#2310,#2311,#2312,
#2313,#2314,#2315,#2316,#2317,#2318,#2319,#2320,#2321,#2322,#2323,#2324,
#2325,#2326,#2327,#2328,#2329,#2330,#2331,#2332,#2333,#2334,#2335,#2336,
#2337,#2338,#2339,#2340,#2341,#2342,#2343,#2344,#2345,#2346,#2347,#2348,
#2349,#2350)),.UNSPECIFIED.,.F.,.F.,.F.)
B_SPLINE_SURFACE_WITH_KNOTS((2,2),(3,2,2,2,2,2,2,2,2,2,2,2,2,2,2,2,2,2,
2,2,2,2,2,2,2,2,2,2,2,2,2,2,2,2,2,2,2,2,2,2,2,2,2,2,2,2,2,2,2,2,2,2,2,2,
2,2,2,2,2,3),(-6.7949505087658E-6,1.),(0.,0.015625,0.03125,0.046875,0.0625,
0.078125,0.09375,0.109375,0.125,0.140625,0.15625,0.171875,0.1875,0.203125,
0.21875,0.234375,0.25,0.265625,0.28125,0.296875,0.3125,0.328125,0.34375,
0.359375,0.375,0.390625,0.40625,0.421875,0.4375,0.453125,0.46875,0.484375,
0.5,0.515625,0.53125,0.546875,0.5625,0.578125,0.59375,0.609375,0.625,0.640625,
0.65625,0.671875,0.6875,0.703125,0.71875,0.734375,0.75,0.765625,0.78125,
0.796875,0.8125,0.828125,0.84375,0.859375,0.875,0.890625,0.90625,0.907525530045165),
 .UNSPECIFIED.)
GEOMETRIC_REPRESENTATION_ITEM()
RATIONAL_B_SPLINE_SURFACE(((1.,0.923879532511287,1.,0.923879532511287,1.,
0.923879532511287,1.,0.923879532511287,1.,0.923879532511287,1.,0.923879532511287,
1.,0.923879532511287,1.,0.923879532511287,1.,0.923879532511287,1.,0.923879532511287,
1.,0.923879532511287,1.,0.923879532511287,1.,0.923879532511287,1.,0.923879532511287,
1.,0.923879532511287,1.,0.923879532511287,1.,0.923879532511287,1.,0.923879532511287,
1.,0.923879532511287,1.,0.923879532511287,1.,0.923879532511287,1.,0.923879532511287,
1.,0.923879532511287,1.,0.923879532511287,1.,0.923879532511287,1.,0.923879532511287,
1.,0.923879532511287,1.,0.923879532511287,1.,0.923879532511287,1.,0.923879532511287,
1.,0.923879532511287,1.,0.923879532511287,1.,0.923879532511287,1.,0.923879532511287,
1.,0.923879532511287,1.,0.923879532511287,1.,0.923879532511287,1.,0.923879532511287,
1.,0.923879532511287,1.,0.923879532511287,1.,0.923879532511287,1.,0.923879532511287,
1.,0.923879532511287,1.,0.923879532511287,1.,0.923879532511287,1.,0.923879532511287,
1.,0.923879532511287,1.,0.923879532511287,1.,0.923879532511287,1.,0.923879532511287,
1.,0.923879532511287,1.,0.923879532511287,1.,0.923879532511287,1.,0.923879532511287,
1.,0.923879532511287,1.,0.923879532511287,1.,0.923879532511287,1.,0.923879532511287,
1.,0.993785987626634,0.988586523667124),(1.,0.923879532511287,1.,0.923879532511287,
1.,0.923879532511287,1.,0.923879532511287,1.,0.923879532511287,1.,0.923879532511287,
1.,0.923879532511287,1.,0.923879532511287,1.,0.923879532511287,1.,0.923879532511287,
1.,0.923879532511287,1.,0.923879532511287,1.,0.923879532511287,1.,0.923879532511287,
1.,0.923879532511287,1.,0.923879532511287,1.,0.923879532511287,1.,0.923879532511287,
1.,0.923879532511287,1.,0.923879532511287,1.,0.923879532511287,1.,0.923879532511287,
1.,0.923879532511287,1.,0.923879532511287,1.,0.923879532511287,1.,0.923879532511287,
1.,0.923879532511287,1.,0.923879532511287,1.,0.923879532511287,1.,0.923879532511287,
1.,0.923879532511287,1.,0.923879532511287,1.,0.923879532511287,1.,0.923879532511287,
1.,0.923879532511287,1.,0.923879532511287,1.,0.923879532511287,1.,0.923879532511287,
1.,0.923879532511287,1.,0.923879532511287,1.,0.923879532511287,1.,0.923879532511287,
1.,0.923879532511287,1.,0.923879532511287,1.,0.923879532511287,1.,0.923879532511287,
1.,0.923879532511287,1.,0.923879532511287,1.,0.923879532511287,1.,0.923879532511287,
1.,0.923879532511287,1.,0.923879532511287,1.,0.923879532511287,1.,0.923879532511287,
1.,0.923879532511287,1.,0.923879532511287,1.,0.923879532511287,1.,0.923879532511287,
1.,0.993785987626634,0.988586523667124)))
REPRESENTATION_ITEM('')
SURFACE()
);
#15=TOROIDAL_SURFACE('',#784,0.182309604518804,0.0371903954811956);
#16=CONICAL_SURFACE('',#766,0.15,0.785398163397448);
#17=CONICAL_SURFACE('',#767,0.15,0.785398163397448);
#18=CONICAL_SURFACE('',#786,0.253456768174246,1.13446401379631);
#19=CONICAL_SURFACE('',#793,0.2195,1.04008118717795);
#20=CONICAL_SURFACE('',#795,0.2195,1.04008118717795);
#21=CONICAL_SURFACE('',#797,0.2195,1.04008118717795);
#22=CONICAL_SURFACE('',#798,0.2195,1.04008118717795);
#23=CONICAL_SURFACE('',#800,0.2195,1.04008118717795);
#24=CONICAL_SURFACE('',#802,0.2195,1.04008118717795);
#25=B_SPLINE_CURVE_WITH_KNOTS('',3,(#1025,#1026,#1027,#1028,#1029,#1030,
#1031,#1032,#1033,#1034,#1035,#1036,#1037,#1038,#1039,#1040,#1041,#1042,
#1043,#1044,#1045,#1046,#1047,#1048,#1049,#1050,#1051,#1052,#1053,#1054,
#1055,#1056),.UNSPECIFIED.,.F.,.F.,(4,2,2,2,2,2,2,2,2,2,2,2,2,2,2,4),(-1.30946859041184,
-1.29327250394791,-1.19953825466874,-1.10908218480654,-1.01525896914579,
-0.924734323239467,-0.830820461627844,-0.740224021150842,-0.646217843447533,
-0.555546535976804,-0.461446387392981,-0.370697283447739,-0.276501529943241,
-0.185671839354304,-0.0913788724767437,-1.00000010094803E-6),
 .UNSPECIFIED.);
#26=B_SPLINE_CURVE_WITH_KNOTS('',3,(#1079,#1080,#1081,#1082,#1083,#1084,
#1085,#1086,#1087,#1088,#1089,#1090,#1091,#1092,#1093,#1094,#1095,#1096,
#1097,#1098,#1099,#1100,#1101,#1102,#1103,#1104,#1105,#1106,#1107,#1108,
#1109,#1110,#1111,#1112,#1113,#1114),.UNSPECIFIED.,.F.,.F.,(4,2,2,2,2,2,
2,2,2,2,2,2,2,2,2,2,2,4),(-2.78502205407562,-2.76175975024562,-2.66867781258913,
-2.57863637576504,-2.48547842353002,-2.39539956683218,-2.30216409441807,
-2.21204340494046,-2.11872886067475,-2.02856206831982,-1.93516686083059,
-1.84494984242947,-1.75147234755533,-1.66120112973882,-1.56763969775912,
-1.47731045866673,-1.38366342165652,-1.30946859041184),.UNSPECIFIED.);
#27=B_SPLINE_CURVE_WITH_KNOTS('',3,(#1154,#1155,#1156,#1157,#1158,#1159,
#1160,#1161,#1162,#1163,#1164,#1165,#1166,#1167,#1168,#1169,#1170,#1171,
#1172,#1173,#1174,#1175,#1176,#1177,#1178,#1179,#1180,#1181,#1182,#1183,
#1184,#1185,#1186,#1187,#1188,#1189),.UNSPECIFIED.,.F.,.F.,(4,2,2,2,2,2,
2,2,2,2,2,2,2,2,2,2,2,4),(-5.68900929480863,-5.63881453303878,-5.58851223738244,
-5.498240393432,-5.40630021467102,-5.31596822061764,-5.22408153275318,-5.13368481585755,
-5.04184994873705,-4.95138408975544,-4.85959920353351,-4.76905994703203,
-4.67732301942186,-4.58670628245201,-4.49501509874773,-4.40431697782882,
-4.31266912395004,-4.25637968869762),.UNSPECIFIED.);
#28=B_SPLINE_CURVE_WITH_KNOTS('',3,(#1195,#1196,#1197,#1198,#1199,#1200,
#1201,#1202,#1203,#1204,#1205,#1206),.UNSPECIFIED.,.F.,.F.,(4,2,2,2,2,4),
(8.58089941263927,8.58614697645708,8.71557895996022,8.84014881530078,8.96969372553952,
9.08979277944272),.UNSPECIFIED.);
#29=B_SPLINE_CURVE_WITH_KNOTS('',3,(#1209,#1210,#1211,#1212,#1213,#1214,
#1215,#1216,#1217,#1218,#1219,#1220,#1221,#1222,#1223,#1224),
 .UNSPECIFIED.,.F.,.F.,(4,2,2,2,2,2,2,4),(1.00000004014944E-6,0.0744868732869825,
0.150357602163286,0.275441002630939,0.399237044571244,0.524486167270071,
0.648263915370281,0.751323353031656),.UNSPECIFIED.);
#30=B_SPLINE_CURVE_WITH_KNOTS('',3,(#1229,#1230,#1231,#1232,#1233,#1234,
#1235,#1236,#1237,#1238,#1239,#1240,#1241,#1242,#1243,#1244,#1245,#1246,
#1247,#1248,#1249,#1250,#1251,#1252,#1253,#1254,#1255,#1256,#1257,#1258,
#1259,#1260,#1261,#1262,#1263,#1264),.UNSPECIFIED.,.F.,.F.,(4,2,2,2,2,2,
2,2,2,2,2,2,2,2,2,2,2,4),(6.55257503971599,6.56183824669256,6.69038674458394,
6.81414337712357,6.9428002593497,7.06665420684727,7.195420102706,7.31937282376315,
7.4482483469662,7.57230118317435,7.70128693048362,7.82544111651204,7.95453766670266,
8.07879433960976,8.2080022527268,8.33236246052843,8.46168227740386,8.58089941263927),
 .UNSPECIFIED.);
#31=B_SPLINE_CURVE_WITH_KNOTS('',3,(#1265,#1266,#1267,#1268,#1269,#1270,
#1271,#1272,#1273,#1274,#1275,#1276,#1277,#1278,#1279,#1280,#1281,#1282,
#1283,#1284,#1285,#1286,#1287,#1288,#1289,#1290,#1291,#1292,#1293,#1294,
#1295,#1296,#1297,#1298,#1299,#1300),.UNSPECIFIED.,.F.,.F.,(4,2,2,2,2,2,
2,2,2,2,2,2,2,2,2,2,2,4),(0.751323353031656,0.773678699874643,0.897443920515606,
1.02302411398641,1.1467822204541,1.272527087948,1.39628360917339,1.52219234753922,
1.64595274017819,1.77202437135312,1.89579399904421,2.02202739878165,2.14581151389577,
2.27220543854534,2.39600916642759,2.52256227762939,2.64639060328278,2.75967138219626),
 .UNSPECIFIED.);
#32=B_SPLINE_CURVE_WITH_KNOTS('',3,(#1305,#1306,#1307,#1308,#1309,#1310,
#1311,#1312,#1313,#1314,#1315,#1316,#1317,#1318,#1319,#1320,#1321,#1322,
#1323,#1324,#1325,#1326,#1327,#1328,#1329,#1330,#1331,#1332,#1333,#1334,
#1335,#1336,#1337,#1338,#1339,#1340),.UNSPECIFIED.,.F.,.F.,(4,2,2,2,2,2,
2,2,2,2,2,2,2,2,2,2,2,4),(4.53445115587071,4.55050043647894,4.6782056270119,
4.80125425926887,4.92906253199408,5.05219112193318,5.18010313387676,5.30331453516874,
5.43133095331486,5.55462779372107,5.68274929033197,5.80613398768363,5.93436123601701,
6.05783601368731,6.18616968414418,6.30973658588998,6.43817734260778,6.55257503971599),
 .UNSPECIFIED.);
#33=B_SPLINE_CURVE_WITH_KNOTS('',3,(#1341,#1342,#1343,#1344,#1345,#1346,
#1347,#1348,#1349,#1350,#1351,#1352,#1353,#1354,#1355,#1356,#1357,#1358,
#1359,#1360,#1361,#1362,#1363,#1364,#1365,#1366,#1367,#1368,#1369,#1370,
#1371,#1372,#1373,#1374,#1375,#1376),.UNSPECIFIED.,.F.,.F.,(4,2,2,2,2,2,
2,2,2,2,2,2,2,2,2,2,2,4),(2.75967138219626,2.77310149050104,2.89695924762039,
3.02382644849577,3.14771831072796,3.27474032927273,3.3986708035556,3.52584612625279,
3.64981954806884,3.77714665796486,3.901167188336,4.02864457723772,4.1527162012836,
4.2803423801857,4.40446890706845,4.53224241494677,4.66068280323737,4.77650381558745),
 .UNSPECIFIED.);
#34=B_SPLINE_CURVE_WITH_KNOTS('',3,(#1381,#1382,#1383,#1384,#1385,#1386,
#1387,#1388,#1389,#1390,#1391,#1392,#1393,#1394,#1395,#1396,#1397,#1398,
#1399,#1400,#1401,#1402,#1403,#1404,#1405,#1406,#1407,#1408,#1409,#1410,
#1411,#1412,#1413,#1414,#1415,#1416),.UNSPECIFIED.,.F.,.F.,(4,2,2,2,2,2,
2,2,2,2,2,2,2,2,2,2,2,4),(2.52382661354903,2.55022629009234,2.67431755941676,
2.79972649334348,2.92379531561761,3.04937034850457,3.17342233788809,3.29916330362805,
3.42320407065426,3.54911054116284,3.67314566564254,3.79921698368274,3.92325198977162,
4.04948730058769,4.17352763420259,4.29992591561421,4.42752866599994,4.53445115587071),
 .UNSPECIFIED.);
#35=B_SPLINE_CURVE_WITH_KNOTS('',3,(#1417,#1418,#1419,#1420,#1421,#1422,
#1423,#1424,#1425,#1426,#1427,#1428,#1429,#1430,#1431,#1432,#1433,#1434,
#1435,#1436,#1437,#1438,#1439,#1440,#1441,#1442,#1443,#1444,#1445,#1446,
#1447,#1448,#1449,#1450,#1451,#1452),.UNSPECIFIED.,.F.,.F.,(4,2,2,2,2,2,
2,2,2,2,2,2,2,2,2,2,2,4),(4.77650381558745,4.78432597429022,4.9128753866135,
5.03661764110118,5.16527668384613,5.28911932020061,5.41788858242305,5.54183279588306,
5.670712848382,5.79475974000812,5.92375113468353,6.04790171964538,6.17700498910386,
6.30126020427956,6.43047586165607,6.55483657258598,6.68416511155184,6.80421128047574),
 .UNSPECIFIED.);
#36=B_SPLINE_CURVE_WITH_KNOTS('',3,(#1458,#1459,#1460,#1461,#1462,#1463,
#1464,#1465,#1466,#1467),.UNSPECIFIED.,.F.,.F.,(4,2,2,2,4),(8.84451528362695,
8.84701870170407,8.97738185800424,9.04810528044791,9.11726418200566),
 .UNSPECIFIED.);
#37=B_SPLINE_CURVE_WITH_KNOTS('',3,(#1470,#1471,#1472,#1473,#1474,#1475,
#1476,#1477,#1478,#1479,#1480,#1481),.UNSPECIFIED.,.F.,.F.,(4,2,2,2,2,4),
(9.99999999191388E-7,0.092204265351544,0.18633608156704,0.310155428437618,
0.434686610451407,0.517689775415248),.UNSPECIFIED.);
#38=B_SPLINE_CURVE_WITH_KNOTS('',3,(#1486,#1487,#1488,#1489),
 .UNSPECIFIED.,.F.,.F.,(4,4),(-0.0380550799905385,0.),.UNSPECIFIED.);
#39=B_SPLINE_CURVE_WITH_KNOTS('',3,(#1490,#1491,#1492,#1493,#1494,#1495,
#1496,#1497,#1498,#1499),.UNSPECIFIED.,.F.,.F.,(4,2,2,2,4),(-0.331900451201309,
-0.279204235064932,-0.218697779304036,-0.128935686465443,-0.124620008254541),
 .UNSPECIFIED.);
#40=B_SPLINE_CURVE_WITH_KNOTS('',3,(#1501,#1502,#1503,#1504,#1505,#1506,
#1507,#1508),.UNSPECIFIED.,.F.,.F.,(4,2,2,4),(-0.124620008254541,-0.0720745755204079,
-0.0427251059290546,-9.99979674676243E-7),.UNSPECIFIED.);
#41=B_SPLINE_CURVE_WITH_KNOTS('',3,(#1512,#1513,#1514,#1515,#1516,#1517,
#1518,#1519,#1520,#1521,#1522,#1523,#1524,#1525,#1526,#1527,#1528,#1529,
#1530,#1531,#1532,#1533,#1534,#1535,#1536,#1537,#1538,#1539,#1540,#1541,
#1542,#1543,#1544,#1545,#1546,#1547,#1548,#1549,#1550,#1551,#1552,#1553,
#1554,#1555),.UNSPECIFIED.,.F.,.F.,(4,2,2,2,2,2,2,2,2,2,2,2,2,2,2,2,2,2,
2,2,2,4),(-4.25877568198573,-4.00440610892272,-3.75970879455853,-3.27697559120278,
-2.74720161363165,-2.30136839400362,-1.91717171902332,-1.59748025823949,
-1.32505030151361,-1.10055459494828,-0.931363751015213,-0.799754042907501,
-0.766582575816978,-0.700167681894316,-0.577195395256582,-0.514137961560567,
-0.450654589643617,-0.334394915391954,-0.274605057021145,-0.164082577538787,
-0.0821858034826305,-0.0380550799905384),.UNSPECIFIED.);
#42=B_SPLINE_CURVE_WITH_KNOTS('',3,(#1557,#1558,#1559,#1560,#1561,#1562,
#1563,#1564,#1565,#1566,#1567,#1568,#1569,#1570,#1571,#1572,#1573,#1574,
#1575,#1576,#1577,#1578,#1579,#1580,#1581,#1582,#1583,#1584,#1585,#1586,
#1587,#1588,#1589,#1590,#1591,#1592),.UNSPECIFIED.,.F.,.F.,(4,2,2,2,2,2,
2,2,2,2,2,2,2,2,2,2,2,4),(0.517689775415248,0.558652429796305,0.683115769199479,
0.807232250652161,0.931631775098056,1.05590234394216,1.18024258837953,1.30467031694511,
1.42895605792321,1.55354352032119,1.67777974799159,1.80252904027585,1.92672092826819,
2.05163369288885,2.17578656679365,2.30086402050898,2.42498332567748,2.52382661354903),
 .UNSPECIFIED.);
#43=B_SPLINE_CURVE_WITH_KNOTS('',3,(#1593,#1594,#1595,#1596,#1597,#1598,
#1599,#1600,#1601,#1602,#1603,#1604,#1605,#1606,#1607,#1608,#1609,#1610,
#1611,#1612,#1613,#1614,#1615,#1616,#1617,#1618,#1619,#1620,#1621,#1622,
#1623,#1624,#1625,#1626,#1627,#1628),.UNSPECIFIED.,.F.,.F.,(4,2,2,2,2,2,
2,2,2,2,2,2,2,2,2,2,2,4),(6.80421128047574,6.80863211879031,6.93807401371935,
7.06264805862768,7.19220376489494,7.3168855349184,7.44655548930808,7.57134562277799,
7.70113024397952,7.82602933447991,7.95592902365381,8.08093762398973,8.21095276538649,
8.336071391189,8.4662023528069,8.59143148580713,8.72167862007657,8.84451528362695),
 .UNSPECIFIED.);
#44=B_SPLINE_CURVE_WITH_KNOTS('',3,(#1777,#1778,#1779,#1780,#1781,#1782,
#1783,#1784,#1785,#1786,#1787,#1788,#1789,#1790,#1791,#1792,#1793,#1794,
#1795,#1796),.UNSPECIFIED.,.F.,.F.,(4,2,2,2,2,2,2,2,2,4),(1.00000005878028E-6,
0.0830938573844529,0.162124123165654,0.251505811766102,0.287377120310524,
0.359329508664956,0.394314372765893,0.452294816008242,0.480518315992641,
0.508641750981339),.UNSPECIFIED.);
#45=B_SPLINE_CURVE_WITH_KNOTS('',3,(#1797,#1798,#1799,#1800,#1801,#1802,
#1803,#1804,#1805,#1806,#1807,#1808,#1809,#1810,#1811,#1812,#1813,#1814),
 .UNSPECIFIED.,.F.,.F.,(4,2,2,2,2,2,2,2,4),(0.,0.0614209112445798,0.123709773621911,
0.240601161739788,0.383227655907427,0.561382477892769,0.757036640998848,
0.858499733384667,0.967320867633477),.UNSPECIFIED.);
#46=B_SPLINE_CURVE_WITH_KNOTS('',3,(#1822,#1823,#1824,#1825,#1826,#1827,
#1828,#1829,#1830,#1831,#1832,#1833,#1834,#1835,#1836,#1837,#1838,#1839,
#1840,#1841,#1842,#1843,#1844,#1845,#1846,#1847,#1848,#1849,#1850,#1851,
#1852,#1853,#1854,#1855,#1856,#1857),.UNSPECIFIED.,.F.,.F.,(4,2,2,2,2,2,
2,2,2,2,2,2,2,2,2,2,2,4),(-4.25637968869762,-4.22188587654083,-4.13027867205745,
-4.03940675262067,-3.94783743984394,-3.85687354698762,-3.76533910399106,
-3.67428008803024,-3.58277729763832,-3.49162019826466,-3.40014565669895,
-3.30888770044257,-3.21743782858449,-3.12607642503376,-3.03464748198184,
-2.94318021890416,-2.8517683174648,-2.78502205407562),.UNSPECIFIED.);
#47=(
BOUNDED_CURVE()
B_SPLINE_CURVE(2,(#1017,#1018,#1019),.UNSPECIFIED.,.F.,.F.)
B_SPLINE_CURVE_WITH_KNOTS((3,3),(0.8125,0.81356592632028),.UNSPECIFIED.)
CURVE()
GEOMETRIC_REPRESENTATION_ITEM()
RATIONAL_B_SPLINE_CURVE((1.,0.994807116172271,0.990322741982959))
REPRESENTATION_ITEM('')
);
#48=(
BOUNDED_CURVE()
B_SPLINE_CURVE(2,(#1058,#1059,#1060,#1061,#1062,#1063,#1064,#1065,#1066,
#1067,#1068,#1069,#1070,#1071,#1072,#1073,#1074),.UNSPECIFIED.,.F.,.F.)
B_SPLINE_CURVE_WITH_KNOTS((3,2,2,2,2,2,2,2,3),(0.6875,0.703125,0.71875,
0.734375,0.75,0.765625,0.78125,0.796875,0.8125),.UNSPECIFIED.)
CURVE()
GEOMETRIC_REPRESENTATION_ITEM()
RATIONAL_B_SPLINE_CURVE((1.,0.923879532511287,1.,0.923879532511287,1.,0.923879532511287,
1.,0.923879532511287,1.,0.923879532511287,1.,0.923879532511287,1.,0.923879532511287,
1.,0.923879532511287,1.))
REPRESENTATION_ITEM('')
);
#49=(
BOUNDED_CURVE()
B_SPLINE_CURVE(2,(#1115,#1116,#1117,#1118,#1119,#1120,#1121,#1122,#1123,
#1124,#1125,#1126,#1127,#1128,#1129,#1130,#1131),.UNSPECIFIED.,.F.,.F.)
B_SPLINE_CURVE_WITH_KNOTS((3,2,2,2,2,2,2,2,3),(0.5625,0.578125,0.59375,
0.609375,0.625,0.640625,0.65625,0.671875,0.6875),.UNSPECIFIED.)
CURVE()
GEOMETRIC_REPRESENTATION_ITEM()
RATIONAL_B_SPLINE_CURVE((1.,0.923879532511287,1.,0.923879532511287,1.,0.923879532511287,
1.,0.923879532511287,1.,0.923879532511287,1.,0.923879532511287,1.,0.923879532511287,
1.,0.923879532511287,1.))
REPRESENTATION_ITEM('')
);
#50=(
BOUNDED_CURVE()
B_SPLINE_CURVE(2,(#1137,#1138,#1139,#1140,#1141,#1142,#1143,#1144,#1145,
#1146,#1147,#1148,#1149,#1150,#1151),.UNSPECIFIED.,.F.,.F.)
B_SPLINE_CURVE_WITH_KNOTS((3,2,2,2,2,2,2,3),(0.331307101903045,0.34375,
0.359375,0.375,0.390625,0.40625,0.421875,0.4375),.UNSPECIFIED.)
CURVE()
GEOMETRIC_REPRESENTATION_ITEM()
RATIONAL_B_SPLINE_CURVE((0.975309662972949,0.939381809916503,1.,0.923879532511287,
1.,0.923879532511287,1.,0.923879532511287,1.,0.923879532511287,1.,0.923879532511287,
1.,0.923879532511287,1.))
REPRESENTATION_ITEM('')
);
#51=(
BOUNDED_CURVE()
B_SPLINE_CURVE(2,(#1665,#1666,#1667),.UNSPECIFIED.,.F.,.F.)
B_SPLINE_CURVE_WITH_KNOTS((3,3),(-2.58658257560567,-1.42733677531364),
 .UNSPECIFIED.)
CURVE()
GEOMETRIC_REPRESENTATION_ITEM()
RATIONAL_B_SPLINE_CURVE((2.16539297162632,2.37749296656922,2.16539297162632))
REPRESENTATION_ITEM('')
);
#52=(
BOUNDED_CURVE()
B_SPLINE_CURVE(2,(#1670,#1671,#1672),.UNSPECIFIED.,.F.,.F.)
B_SPLINE_CURVE_WITH_KNOTS((3,3),(-2.58658257560567,-1.42733677531362),
 .UNSPECIFIED.)
CURVE()
GEOMETRIC_REPRESENTATION_ITEM()
RATIONAL_B_SPLINE_CURVE((2.16539297162633,2.37749296656923,2.16539297162632))
REPRESENTATION_ITEM('')
);
#53=(
BOUNDED_CURVE()
B_SPLINE_CURVE(2,(#1674,#1675,#1676),.UNSPECIFIED.,.F.,.F.)
B_SPLINE_CURVE_WITH_KNOTS((3,3),(-2.58658257560567,-1.42733677531362),
 .UNSPECIFIED.)
CURVE()
GEOMETRIC_REPRESENTATION_ITEM()
RATIONAL_B_SPLINE_CURVE((2.16539297162632,2.37749296656923,2.16539297162632))
REPRESENTATION_ITEM('')
);
#54=(
BOUNDED_CURVE()
B_SPLINE_CURVE(2,(#1680,#1681,#1682),.UNSPECIFIED.,.F.,.F.)
B_SPLINE_CURVE_WITH_KNOTS((3,3),(1.42733677531364,2.00695967545966),
 .UNSPECIFIED.)
CURVE()
GEOMETRIC_REPRESENTATION_ITEM()
RATIONAL_B_SPLINE_CURVE((2.16539297162632,2.27144296909777,2.27144296909777))
REPRESENTATION_ITEM('')
);
#55=(
BOUNDED_CURVE()
B_SPLINE_CURVE(2,(#1687,#1688,#1689),.UNSPECIFIED.,.F.,.F.)
B_SPLINE_CURVE_WITH_KNOTS((3,3),(2.00695967545966,2.58658257560567),
 .UNSPECIFIED.)
CURVE()
GEOMETRIC_REPRESENTATION_ITEM()
RATIONAL_B_SPLINE_CURVE((2.27144296909777,2.27144296909777,2.16539297162632))
REPRESENTATION_ITEM('')
);
#56=(
BOUNDED_CURVE()
B_SPLINE_CURVE(2,(#1693,#1694,#1695),.UNSPECIFIED.,.F.,.F.)
B_SPLINE_CURVE_WITH_KNOTS((3,3),(1.42733677531364,2.58658257560569),
 .UNSPECIFIED.)
CURVE()
GEOMETRIC_REPRESENTATION_ITEM()
RATIONAL_B_SPLINE_CURVE((2.16539297162632,2.37749296656922,2.16539297162631))
REPRESENTATION_ITEM('')
);
#57=(
BOUNDED_CURVE()
B_SPLINE_CURVE(2,(#1699,#1700,#1701),.UNSPECIFIED.,.F.,.F.)
B_SPLINE_CURVE_WITH_KNOTS((3,3),(1.42733677531364,2.58658257560569),
 .UNSPECIFIED.)
CURVE()
GEOMETRIC_REPRESENTATION_ITEM()
RATIONAL_B_SPLINE_CURVE((2.16539297162633,2.37749296656923,2.16539297162632))
REPRESENTATION_ITEM('')
);
#58=(
BOUNDED_CURVE()
B_SPLINE_CURVE(2,(#1707,#1708,#1709),.UNSPECIFIED.,.F.,.F.)
B_SPLINE_CURVE_WITH_KNOTS((3,3),(1.76859845673589,2.30310573945082),
 .UNSPECIFIED.)
CURVE()
GEOMETRIC_REPRESENTATION_ITEM()
RATIONAL_B_SPLINE_CURVE((2.04567484106493,2.04567484106493,1.95016559224212))
REPRESENTATION_ITEM('')
);
#59=(
BOUNDED_CURVE()
B_SPLINE_CURVE(2,(#1710,#1711,#1712),.UNSPECIFIED.,.F.,.F.)
B_SPLINE_CURVE_WITH_KNOTS((3,3),(1.19648358865808,1.72106710280748),
 .UNSPECIFIED.)
CURVE()
GEOMETRIC_REPRESENTATION_ITEM()
RATIONAL_B_SPLINE_CURVE((1.91637848735023,2.01023301463505,2.01023301463505))
REPRESENTATION_ITEM('')
);
#60=(
BOUNDED_CURVE()
B_SPLINE_CURVE(2,(#1717,#1718,#1719),.UNSPECIFIED.,.F.,.F.)
B_SPLINE_CURVE_WITH_KNOTS((3,3),(1.72106710280748,2.24565061695688),
 .UNSPECIFIED.)
CURVE()
GEOMETRIC_REPRESENTATION_ITEM()
RATIONAL_B_SPLINE_CURVE((2.01023301463505,2.01023301463505,1.91637848735023))
REPRESENTATION_ITEM('')
);
#61=(
BOUNDED_CURVE()
B_SPLINE_CURVE(2,(#1720,#1721,#1722),.UNSPECIFIED.,.F.,.F.)
B_SPLINE_CURVE_WITH_KNOTS((3,3),(1.23409117402095,1.76859845673589),
 .UNSPECIFIED.)
CURVE()
GEOMETRIC_REPRESENTATION_ITEM()
RATIONAL_B_SPLINE_CURVE((1.95016559224212,2.04567484106493,2.04567484106493))
REPRESENTATION_ITEM('')
);
#62=(
BOUNDED_CURVE()
B_SPLINE_CURVE(2,(#1724,#1725,#1726),.UNSPECIFIED.,.F.,.F.)
B_SPLINE_CURVE_WITH_KNOTS((3,3),(1.76859845673589,2.30310573945082),
 .UNSPECIFIED.)
CURVE()
GEOMETRIC_REPRESENTATION_ITEM()
RATIONAL_B_SPLINE_CURVE((2.04567484106493,2.04567484106493,1.95016559224212))
REPRESENTATION_ITEM('')
);
#63=(
BOUNDED_CURVE()
B_SPLINE_CURVE(2,(#1727,#1728,#1729),.UNSPECIFIED.,.F.,.F.)
B_SPLINE_CURVE_WITH_KNOTS((3,3),(1.23409117402096,1.76859845673589),
 .UNSPECIFIED.)
CURVE()
GEOMETRIC_REPRESENTATION_ITEM()
RATIONAL_B_SPLINE_CURVE((1.95016559224212,2.04567484106493,2.04567484106493))
REPRESENTATION_ITEM('')
);
#64=(
BOUNDED_CURVE()
B_SPLINE_CURVE(2,(#1734,#1735,#1736),.UNSPECIFIED.,.F.,.F.)
B_SPLINE_CURVE_WITH_KNOTS((3,3),(1.76859845673589,2.30310573945082),
 .UNSPECIFIED.)
CURVE()
GEOMETRIC_REPRESENTATION_ITEM()
RATIONAL_B_SPLINE_CURVE((2.04567484106493,2.04567484106493,1.95016559224212))
REPRESENTATION_ITEM('')
);
#65=(
BOUNDED_CURVE()
B_SPLINE_CURVE(2,(#1737,#1738,#1739),.UNSPECIFIED.,.F.,.F.)
B_SPLINE_CURVE_WITH_KNOTS((3,3),(1.23409117402096,1.76859845673589),
 .UNSPECIFIED.)
CURVE()
GEOMETRIC_REPRESENTATION_ITEM()
RATIONAL_B_SPLINE_CURVE((1.95016559224212,2.04567484106493,2.04567484106493))
REPRESENTATION_ITEM('')
);
#66=(
BOUNDED_CURVE()
B_SPLINE_CURVE(2,(#1744,#1745,#1746),.UNSPECIFIED.,.F.,.F.)
B_SPLINE_CURVE_WITH_KNOTS((3,3),(1.76859845673589,2.30310573945082),
 .UNSPECIFIED.)
CURVE()
GEOMETRIC_REPRESENTATION_ITEM()
RATIONAL_B_SPLINE_CURVE((2.04567484106493,2.04567484106493,1.95016559224212))
REPRESENTATION_ITEM('')
);
#67=(
BOUNDED_CURVE()
B_SPLINE_CURVE(2,(#1747,#1748,#1749),.UNSPECIFIED.,.F.,.F.)
B_SPLINE_CURVE_WITH_KNOTS((3,3),(1.19648358865809,1.72106710280748),
 .UNSPECIFIED.)
CURVE()
GEOMETRIC_REPRESENTATION_ITEM()
RATIONAL_B_SPLINE_CURVE((1.91637848735022,2.01023301463505,2.01023301463505))
REPRESENTATION_ITEM('')
);
#68=(
BOUNDED_CURVE()
B_SPLINE_CURVE(2,(#1754,#1755,#1756),.UNSPECIFIED.,.F.,.F.)
B_SPLINE_CURVE_WITH_KNOTS((3,3),(1.72106710280748,2.24565061695688),
 .UNSPECIFIED.)
CURVE()
GEOMETRIC_REPRESENTATION_ITEM()
RATIONAL_B_SPLINE_CURVE((2.01023301463505,2.01023301463505,1.91637848735022))
REPRESENTATION_ITEM('')
);
#69=(
BOUNDED_CURVE()
B_SPLINE_CURVE(2,(#1757,#1758,#1759),.UNSPECIFIED.,.F.,.F.)
B_SPLINE_CURVE_WITH_KNOTS((3,3),(1.23409117402096,1.76859845673589),
 .UNSPECIFIED.)
CURVE()
GEOMETRIC_REPRESENTATION_ITEM()
RATIONAL_B_SPLINE_CURVE((1.95016559224212,2.04567484106493,2.04567484106493))
REPRESENTATION_ITEM('')
);
#70=(
BOUNDED_CURVE()
B_SPLINE_CURVE(2,(#1858,#1859,#1860,#1861,#1862,#1863,#1864,#1865,#1866,
#1867,#1868,#1869,#1870,#1871,#1872,#1873,#1874),.UNSPECIFIED.,.F.,.F.)
B_SPLINE_CURVE_WITH_KNOTS((3,2,2,2,2,2,2,2,3),(0.4375,0.453125,0.46875,
0.484375,0.5,0.515625,0.53125,0.546875,0.5625),.UNSPECIFIED.)
CURVE()
GEOMETRIC_REPRESENTATION_ITEM()
RATIONAL_B_SPLINE_CURVE((1.,0.923879532511287,1.,0.923879532511287,1.,0.923879532511287,
1.,0.923879532511287,1.,0.923879532511287,1.,0.923879532511287,1.,0.923879532511287,
1.,0.923879532511287,1.))
REPRESENTATION_ITEM('')
);
#71=STYLED_ITEM('',(#2374),#73);
#72=STYLED_ITEM('',(#2374),#74);
#73=MANIFOLD_SOLID_BREP('Solid1',#721);
#74=MANIFOLD_SOLID_BREP('Solid2',#722);
#75=FACE_BOUND('',#135,.T.);
#76=FACE_BOUND('',#137,.T.);
#77=FACE_BOUND('',#168,.T.);
#78=FACE_BOUND('',#170,.T.);
#79=PLANE('',#750);
#80=PLANE('',#751);
#81=PLANE('',#804);
#82=PLANE('',#805);
#83=PLANE('',#806);
#84=PLANE('',#807);
#85=PLANE('',#808);
#86=PLANE('',#809);
#87=PLANE('',#810);
#88=PLANE('',#811);
#89=FACE_OUTER_BOUND('',#132,.T.);
#90=FACE_OUTER_BOUND('',#133,.T.);
#91=FACE_OUTER_BOUND('',#134,.T.);
#92=FACE_OUTER_BOUND('',#136,.T.);
#93=FACE_OUTER_BOUND('',#138,.T.);
#94=FACE_OUTER_BOUND('',#139,.T.);
#95=FACE_OUTER_BOUND('',#140,.T.);
#96=FACE_OUTER_BOUND('',#141,.T.);
#97=FACE_OUTER_BOUND('',#142,.T.);
#98=FACE_OUTER_BOUND('',#143,.T.);
#99=FACE_OUTER_BOUND('',#144,.T.);
#100=FACE_OUTER_BOUND('',#145,.T.);
#101=FACE_OUTER_BOUND('',#146,.T.);
#102=FACE_OUTER_BOUND('',#147,.T.);
#103=FACE_OUTER_BOUND('',#148,.T.);
#104=FACE_OUTER_BOUND('',#149,.T.);
#105=FACE_OUTER_BOUND('',#150,.T.);
#106=FACE_OUTER_BOUND('',#151,.T.);
#107=FACE_OUTER_BOUND('',#152,.T.);
#108=FACE_OUTER_BOUND('',#153,.T.);
#109=FACE_OUTER_BOUND('',#154,.T.);
#110=FACE_OUTER_BOUND('',#155,.T.);
#111=FACE_OUTER_BOUND('',#156,.T.);
#112=FACE_OUTER_BOUND('',#157,.T.);
#113=FACE_OUTER_BOUND('',#158,.T.);
#114=FACE_OUTER_BOUND('',#159,.T.);
#115=FACE_OUTER_BOUND('',#160,.T.);
#116=FACE_OUTER_BOUND('',#161,.T.);
#117=FACE_OUTER_BOUND('',#162,.T.);
#118=FACE_OUTER_BOUND('',#163,.T.);
#119=FACE_OUTER_BOUND('',#164,.T.);
#120=FACE_OUTER_BOUND('',#165,.T.);
#121=FACE_OUTER_BOUND('',#166,.T.);
#122=FACE_OUTER_BOUND('',#167,.T.);
#123=FACE_OUTER_BOUND('',#169,.T.);
#124=FACE_OUTER_BOUND('',#171,.T.);
#125=FACE_OUTER_BOUND('',#172,.T.);
#126=FACE_OUTER_BOUND('',#173,.T.);
#127=FACE_OUTER_BOUND('',#174,.T.);
#128=FACE_OUTER_BOUND('',#175,.T.);
#129=FACE_OUTER_BOUND('',#176,.T.);
#130=FACE_OUTER_BOUND('',#177,.T.);
#131=FACE_OUTER_BOUND('',#178,.T.);
#132=EDGE_LOOP('',(#443,#444,#445,#446));
#133=EDGE_LOOP('',(#447,#448,#449,#450));
#134=EDGE_LOOP('',(#451));
#135=EDGE_LOOP('',(#452));
#136=EDGE_LOOP('',(#453));
#137=EDGE_LOOP('',(#454));
#138=EDGE_LOOP('',(#455,#456,#457));
#139=EDGE_LOOP('',(#458,#459,#460,#461,#462));
#140=EDGE_LOOP('',(#463,#464,#465,#466));
#141=EDGE_LOOP('',(#467,#468,#469,#470));
#142=EDGE_LOOP('',(#471,#472,#473,#474));
#143=EDGE_LOOP('',(#475,#476,#477,#478));
#144=EDGE_LOOP('',(#479,#480,#481,#482));
#145=EDGE_LOOP('',(#483,#484,#485,#486));
#146=EDGE_LOOP('',(#487,#488,#489,#490));
#147=EDGE_LOOP('',(#491,#492,#493,#494));
#148=EDGE_LOOP('',(#495,#496,#497,#498,#499,#500,#501));
#149=EDGE_LOOP('',(#502,#503,#504,#505));
#150=EDGE_LOOP('',(#506,#507,#508,#509));
#151=EDGE_LOOP('',(#510,#511,#512,#513));
#152=EDGE_LOOP('',(#514,#515,#516,#517,#518,#519,#520,#521,#522));
#153=EDGE_LOOP('',(#523,#524,#525,#526));
#154=EDGE_LOOP('',(#527,#528,#529,#530,#531,#532,#533,#534,#535,#536,#537,
#538,#539,#540,#541,#542));
#155=EDGE_LOOP('',(#543,#544,#545,#546));
#156=EDGE_LOOP('',(#547,#548,#549,#550));
#157=EDGE_LOOP('',(#551,#552,#553,#554));
#158=EDGE_LOOP('',(#555,#556,#557,#558));
#159=EDGE_LOOP('',(#559,#560,#561,#562));
#160=EDGE_LOOP('',(#563,#564,#565,#566));
#161=EDGE_LOOP('',(#567,#568,#569,#570,#571));
#162=EDGE_LOOP('',(#572,#573,#574,#575,#576));
#163=EDGE_LOOP('',(#577,#578,#579,#580,#581));
#164=EDGE_LOOP('',(#582,#583,#584,#585,#586));
#165=EDGE_LOOP('',(#587,#588,#589,#590,#591));
#166=EDGE_LOOP('',(#592,#593,#594,#595,#596,#597));
#167=EDGE_LOOP('',(#598));
#168=EDGE_LOOP('',(#599,#600,#601,#602,#603));
#169=EDGE_LOOP('',(#604));
#170=EDGE_LOOP('',(#605));
#171=EDGE_LOOP('',(#606,#607,#608,#609));
#172=EDGE_LOOP('',(#610,#611,#612,#613));
#173=EDGE_LOOP('',(#614,#615,#616,#617));
#174=EDGE_LOOP('',(#618,#619,#620,#621));
#175=EDGE_LOOP('',(#622,#623,#624,#625));
#176=EDGE_LOOP('',(#626,#627,#628,#629));
#177=EDGE_LOOP('',(#630,#631,#632,#633,#634,#635,#636,#637,#638,#639,#640,
#641,#642));
#178=EDGE_LOOP('',(#643,#644,#645,#646,#647,#648,#649,#650,#651,#652,#653,
#654,#655,#656));
#179=LINE('',#1001,#207);
#180=LINE('',#1007,#208);
#181=LINE('',#1014,#209);
#182=LINE('',#1023,#210);
#183=LINE('',#1078,#211);
#184=LINE('',#1135,#212);
#185=LINE('',#1193,#213);
#186=LINE('',#1228,#214);
#187=LINE('',#1304,#215);
#188=LINE('',#1380,#216);
#189=LINE('',#1456,#217);
#190=LINE('',#1485,#218);
#191=LINE('',#1510,#219);
#192=LINE('',#1634,#220);
#193=LINE('',#1637,#221);
#194=LINE('',#1642,#222);
#195=LINE('',#1653,#223);
#196=LINE('',#1684,#224);
#197=LINE('',#1761,#225);
#198=LINE('',#1763,#226);
#199=LINE('',#1765,#227);
#200=LINE('',#1766,#228);
#201=LINE('',#1768,#229);
#202=LINE('',#1769,#230);
#203=LINE('',#1771,#231);
#204=LINE('',#1772,#232);
#205=LINE('',#1774,#233);
#206=LINE('',#1775,#234);
#207=VECTOR('',#824,0.156012023679042);
#208=VECTOR('',#831,0.0925240473580834);
#209=VECTOR('',#840,0.0925240473580834);
#210=VECTOR('',#845,0.0925240473580834);
#211=VECTOR('',#850,0.0925240473580834);
#212=VECTOR('',#853,0.0925240473580834);
#213=VECTOR('',#858,0.125);
#214=VECTOR('',#863,0.125);
#215=VECTOR('',#866,0.125);
#216=VECTOR('',#869,0.125);
#217=VECTOR('',#872,0.125);
#218=VECTOR('',#877,0.15);
#219=VECTOR('',#880,0.15);
#220=VECTOR('',#889,39.3700787401575);
#221=VECTOR('',#892,39.3700787401575);
#222=VECTOR('',#897,0.156012023679042);
#223=VECTOR('',#908,0.2195);
#224=VECTOR('',#927,0.253456768174246);
#225=VECTOR('',#960,39.3700787401575);
#226=VECTOR('',#963,39.3700787401575);
#227=VECTOR('',#966,39.3700787401575);
#228=VECTOR('',#967,39.3700787401575);
#229=VECTOR('',#970,39.3700787401575);
#230=VECTOR('',#971,39.3700787401575);
#231=VECTOR('',#974,39.3700787401575);
#232=VECTOR('',#975,39.3700787401575);
#233=VECTOR('',#978,39.3700787401575);
#234=VECTOR('',#979,39.3700787401575);
#235=CIRCLE('',#745,0.156012023679042);
#236=CIRCLE('',#746,0.156012023679042);
#237=CIRCLE('',#748,0.0925240473580833);
#238=CIRCLE('',#749,0.0925240473580834);
#239=CIRCLE('',#753,0.0925240473580834);
#240=CIRCLE('',#755,0.0925240473580834);
#241=CIRCLE('',#758,0.0925240473580834);
#242=CIRCLE('',#760,0.125);
#243=CIRCLE('',#765,0.125);
#244=CIRCLE('',#768,0.15);
#245=CIRCLE('',#771,0.241);
#246=CIRCLE('',#772,0.241);
#247=CIRCLE('',#774,0.156012023679042);
#248=CIRCLE('',#775,0.156012023679042);
#249=CIRCLE('',#777,0.2195);
#250=CIRCLE('',#778,0.2195);
#251=CIRCLE('',#779,0.2195);
#252=CIRCLE('',#780,0.2195);
#253=CIRCLE('',#781,0.2195);
#254=CIRCLE('',#782,0.2195);
#255=CIRCLE('',#783,0.2195);
#256=CIRCLE('',#785,0.0371903954811956);
#257=CIRCLE('',#787,0.241);
#258=CIRCLE('',#788,0.241);
#259=CIRCLE('',#789,0.21072);
#260=CIRCLE('',#790,0.241);
#261=CIRCLE('',#791,0.241);
#262=CIRCLE('',#792,0.241);
#263=CIRCLE('',#794,0.241);
#264=CIRCLE('',#796,0.241);
#265=CIRCLE('',#799,0.241);
#266=CIRCLE('',#801,0.241);
#267=CIRCLE('',#803,0.241);
#268=VERTEX_POINT('',#998);
#269=VERTEX_POINT('',#1000);
#270=VERTEX_POINT('',#1004);
#271=VERTEX_POINT('',#1006);
#272=VERTEX_POINT('',#1012);
#273=VERTEX_POINT('',#1013);
#274=VERTEX_POINT('',#1015);
#275=VERTEX_POINT('',#1021);
#276=VERTEX_POINT('',#1022);
#277=VERTEX_POINT('',#1024);
#278=VERTEX_POINT('',#1076);
#279=VERTEX_POINT('',#1077);
#280=VERTEX_POINT('',#1133);
#281=VERTEX_POINT('',#1134);
#282=VERTEX_POINT('',#1136);
#283=VERTEX_POINT('',#1152);
#284=VERTEX_POINT('',#1191);
#285=VERTEX_POINT('',#1192);
#286=VERTEX_POINT('',#1194);
#287=VERTEX_POINT('',#1207);
#288=VERTEX_POINT('',#1226);
#289=VERTEX_POINT('',#1227);
#290=VERTEX_POINT('',#1302);
#291=VERTEX_POINT('',#1303);
#292=VERTEX_POINT('',#1378);
#293=VERTEX_POINT('',#1379);
#294=VERTEX_POINT('',#1454);
#295=VERTEX_POINT('',#1455);
#296=VERTEX_POINT('',#1457);
#297=VERTEX_POINT('',#1468);
#298=VERTEX_POINT('',#1483);
#299=VERTEX_POINT('',#1484);
#300=VERTEX_POINT('',#1509);
#301=VERTEX_POINT('',#1630);
#302=VERTEX_POINT('',#1631);
#303=VERTEX_POINT('',#1633);
#304=VERTEX_POINT('',#1635);
#305=VERTEX_POINT('',#1639);
#306=VERTEX_POINT('',#1641);
#307=VERTEX_POINT('',#1645);
#308=VERTEX_POINT('',#1646);
#309=VERTEX_POINT('',#1648);
#310=VERTEX_POINT('',#1650);
#311=VERTEX_POINT('',#1652);
#312=VERTEX_POINT('',#1655);
#313=VERTEX_POINT('',#1657);
#314=VERTEX_POINT('',#1663);
#315=VERTEX_POINT('',#1664);
#316=VERTEX_POINT('',#1668);
#317=VERTEX_POINT('',#1673);
#318=VERTEX_POINT('',#1677);
#319=VERTEX_POINT('',#1679);
#320=VERTEX_POINT('',#1683);
#321=VERTEX_POINT('',#1686);
#322=VERTEX_POINT('',#1690);
#323=VERTEX_POINT('',#1692);
#324=VERTEX_POINT('',#1696);
#325=VERTEX_POINT('',#1698);
#326=VERTEX_POINT('',#1704);
#327=VERTEX_POINT('',#1705);
#328=VERTEX_POINT('',#1714);
#329=VERTEX_POINT('',#1715);
#330=VERTEX_POINT('',#1731);
#331=VERTEX_POINT('',#1732);
#332=VERTEX_POINT('',#1741);
#333=VERTEX_POINT('',#1742);
#334=VERTEX_POINT('',#1751);
#335=VERTEX_POINT('',#1752);
#336=EDGE_CURVE('',#268,#268,#235,.T.);
#337=EDGE_CURVE('',#268,#269,#179,.T.);
#338=EDGE_CURVE('',#269,#269,#236,.T.);
#339=EDGE_CURVE('',#270,#270,#237,.T.);
#340=EDGE_CURVE('',#270,#271,#180,.T.);
#341=EDGE_CURVE('',#271,#271,#238,.T.);
#342=EDGE_CURVE('',#272,#273,#181,.T.);
#343=EDGE_CURVE('',#273,#274,#239,.T.);
#344=EDGE_CURVE('',#272,#274,#47,.T.);
#345=EDGE_CURVE('',#275,#276,#182,.T.);
#346=EDGE_CURVE('',#276,#277,#25,.T.);
#347=EDGE_CURVE('',#277,#273,#240,.T.);
#348=EDGE_CURVE('',#275,#272,#48,.T.);
#349=EDGE_CURVE('',#278,#279,#183,.T.);
#350=EDGE_CURVE('',#279,#276,#26,.T.);
#351=EDGE_CURVE('',#278,#275,#49,.T.);
#352=EDGE_CURVE('',#280,#281,#184,.T.);
#353=EDGE_CURVE('',#282,#280,#50,.T.);
#354=EDGE_CURVE('',#283,#282,#241,.T.);
#355=EDGE_CURVE('',#283,#281,#27,.T.);
#356=EDGE_CURVE('',#284,#285,#185,.T.);
#357=EDGE_CURVE('',#286,#285,#28,.F.);
#358=EDGE_CURVE('',#287,#286,#242,.T.);
#359=EDGE_CURVE('',#287,#284,#29,.T.);
#360=EDGE_CURVE('',#288,#289,#186,.T.);
#361=EDGE_CURVE('',#285,#289,#30,.F.);
#362=EDGE_CURVE('',#284,#288,#31,.T.);
#363=EDGE_CURVE('',#290,#291,#187,.T.);
#364=EDGE_CURVE('',#289,#291,#32,.F.);
#365=EDGE_CURVE('',#288,#290,#33,.T.);
#366=EDGE_CURVE('',#292,#293,#188,.T.);
#367=EDGE_CURVE('',#291,#293,#34,.F.);
#368=EDGE_CURVE('',#290,#292,#35,.T.);
#369=EDGE_CURVE('',#294,#295,#189,.T.);
#370=EDGE_CURVE('',#294,#296,#36,.T.);
#371=EDGE_CURVE('',#297,#296,#243,.T.);
#372=EDGE_CURVE('',#295,#297,#37,.F.);
#373=EDGE_CURVE('',#298,#299,#190,.T.);
#374=EDGE_CURVE('',#298,#283,#38,.T.);
#375=EDGE_CURVE('',#282,#299,#39,.T.);
#376=EDGE_CURVE('',#299,#287,#40,.T.);
#377=EDGE_CURVE('',#286,#300,#191,.T.);
#378=EDGE_CURVE('',#300,#300,#244,.T.);
#379=EDGE_CURVE('',#286,#298,#41,.T.);
#380=EDGE_CURVE('',#293,#295,#42,.F.);
#381=EDGE_CURVE('',#292,#294,#43,.T.);
#382=EDGE_CURVE('',#301,#302,#245,.T.);
#383=EDGE_CURVE('',#302,#303,#192,.T.);
#384=EDGE_CURVE('',#303,#304,#246,.T.);
#385=EDGE_CURVE('',#304,#301,#193,.T.);
#386=EDGE_CURVE('',#305,#305,#247,.T.);
#387=EDGE_CURVE('',#305,#306,#194,.T.);
#388=EDGE_CURVE('',#306,#306,#248,.T.);
#389=EDGE_CURVE('',#307,#308,#249,.T.);
#390=EDGE_CURVE('',#309,#307,#250,.T.);
#391=EDGE_CURVE('',#310,#309,#251,.T.);
#392=EDGE_CURVE('',#310,#311,#195,.T.);
#393=EDGE_CURVE('',#311,#311,#252,.T.);
#394=EDGE_CURVE('',#312,#310,#253,.T.);
#395=EDGE_CURVE('',#313,#312,#254,.T.);
#396=EDGE_CURVE('',#308,#313,#255,.T.);
#397=EDGE_CURVE('',#311,#305,#256,.T.);
#398=EDGE_CURVE('',#314,#315,#51,.T.);
#399=EDGE_CURVE('',#316,#314,#257,.T.);
#400=EDGE_CURVE('',#304,#316,#52,.T.);
#401=EDGE_CURVE('',#317,#303,#53,.T.);
#402=EDGE_CURVE('',#318,#317,#258,.T.);
#403=EDGE_CURVE('',#319,#318,#54,.F.);
#404=EDGE_CURVE('',#319,#320,#196,.T.);
#405=EDGE_CURVE('',#320,#320,#259,.T.);
#406=EDGE_CURVE('',#321,#319,#55,.F.);
#407=EDGE_CURVE('',#322,#321,#260,.T.);
#408=EDGE_CURVE('',#323,#322,#56,.T.);
#409=EDGE_CURVE('',#324,#323,#261,.T.);
#410=EDGE_CURVE('',#325,#324,#57,.T.);
#411=EDGE_CURVE('',#315,#325,#262,.T.);
#412=EDGE_CURVE('',#326,#327,#263,.T.);
#413=EDGE_CURVE('',#312,#326,#58,.T.);
#414=EDGE_CURVE('',#327,#310,#59,.T.);
#415=EDGE_CURVE('',#328,#329,#264,.T.);
#416=EDGE_CURVE('',#310,#328,#60,.T.);
#417=EDGE_CURVE('',#329,#309,#61,.T.);
#418=EDGE_CURVE('',#309,#301,#62,.T.);
#419=EDGE_CURVE('',#302,#307,#63,.T.);
#420=EDGE_CURVE('',#330,#331,#265,.T.);
#421=EDGE_CURVE('',#313,#330,#64,.T.);
#422=EDGE_CURVE('',#331,#312,#65,.T.);
#423=EDGE_CURVE('',#332,#333,#266,.T.);
#424=EDGE_CURVE('',#307,#332,#66,.T.);
#425=EDGE_CURVE('',#333,#308,#67,.T.);
#426=EDGE_CURVE('',#334,#335,#267,.T.);
#427=EDGE_CURVE('',#308,#334,#68,.T.);
#428=EDGE_CURVE('',#335,#313,#69,.T.);
#429=EDGE_CURVE('',#317,#332,#197,.T.);
#430=EDGE_CURVE('',#329,#316,#198,.T.);
#431=EDGE_CURVE('',#327,#315,#199,.T.);
#432=EDGE_CURVE('',#314,#328,#200,.T.);
#433=EDGE_CURVE('',#331,#324,#201,.T.);
#434=EDGE_CURVE('',#325,#326,#202,.T.);
#435=EDGE_CURVE('',#335,#322,#203,.T.);
#436=EDGE_CURVE('',#323,#330,#204,.T.);
#437=EDGE_CURVE('',#333,#318,#205,.T.);
#438=EDGE_CURVE('',#321,#334,#206,.T.);
#439=EDGE_CURVE('',#297,#277,#44,.T.);
#440=EDGE_CURVE('',#274,#296,#45,.T.);
#441=EDGE_CURVE('',#281,#279,#46,.T.);
#442=EDGE_CURVE('',#280,#278,#70,.T.);
#443=ORIENTED_EDGE('',*,*,#336,.F.);
#444=ORIENTED_EDGE('',*,*,#337,.T.);
#445=ORIENTED_EDGE('',*,*,#338,.T.);
#446=ORIENTED_EDGE('',*,*,#337,.F.);
#447=ORIENTED_EDGE('',*,*,#339,.F.);
#448=ORIENTED_EDGE('',*,*,#340,.T.);
#449=ORIENTED_EDGE('',*,*,#341,.T.);
#450=ORIENTED_EDGE('',*,*,#340,.F.);
#451=ORIENTED_EDGE('',*,*,#336,.T.);
#452=ORIENTED_EDGE('',*,*,#341,.F.);
#453=ORIENTED_EDGE('',*,*,#338,.F.);
#454=ORIENTED_EDGE('',*,*,#339,.T.);
#455=ORIENTED_EDGE('',*,*,#342,.T.);
#456=ORIENTED_EDGE('',*,*,#343,.T.);
#457=ORIENTED_EDGE('',*,*,#344,.F.);
#458=ORIENTED_EDGE('',*,*,#345,.T.);
#459=ORIENTED_EDGE('',*,*,#346,.T.);
#460=ORIENTED_EDGE('',*,*,#347,.T.);
#461=ORIENTED_EDGE('',*,*,#342,.F.);
#462=ORIENTED_EDGE('',*,*,#348,.F.);
#463=ORIENTED_EDGE('',*,*,#349,.T.);
#464=ORIENTED_EDGE('',*,*,#350,.T.);
#465=ORIENTED_EDGE('',*,*,#345,.F.);
#466=ORIENTED_EDGE('',*,*,#351,.F.);
#467=ORIENTED_EDGE('',*,*,#352,.F.);
#468=ORIENTED_EDGE('',*,*,#353,.F.);
#469=ORIENTED_EDGE('',*,*,#354,.F.);
#470=ORIENTED_EDGE('',*,*,#355,.T.);
#471=ORIENTED_EDGE('',*,*,#356,.T.);
#472=ORIENTED_EDGE('',*,*,#357,.F.);
#473=ORIENTED_EDGE('',*,*,#358,.F.);
#474=ORIENTED_EDGE('',*,*,#359,.T.);
#475=ORIENTED_EDGE('',*,*,#360,.T.);
#476=ORIENTED_EDGE('',*,*,#361,.F.);
#477=ORIENTED_EDGE('',*,*,#356,.F.);
#478=ORIENTED_EDGE('',*,*,#362,.T.);
#479=ORIENTED_EDGE('',*,*,#363,.T.);
#480=ORIENTED_EDGE('',*,*,#364,.F.);
#481=ORIENTED_EDGE('',*,*,#360,.F.);
#482=ORIENTED_EDGE('',*,*,#365,.T.);
#483=ORIENTED_EDGE('',*,*,#366,.T.);
#484=ORIENTED_EDGE('',*,*,#367,.F.);
#485=ORIENTED_EDGE('',*,*,#363,.F.);
#486=ORIENTED_EDGE('',*,*,#368,.T.);
#487=ORIENTED_EDGE('',*,*,#369,.F.);
#488=ORIENTED_EDGE('',*,*,#370,.T.);
#489=ORIENTED_EDGE('',*,*,#371,.F.);
#490=ORIENTED_EDGE('',*,*,#372,.F.);
#491=ORIENTED_EDGE('',*,*,#373,.F.);
#492=ORIENTED_EDGE('',*,*,#374,.T.);
#493=ORIENTED_EDGE('',*,*,#354,.T.);
#494=ORIENTED_EDGE('',*,*,#375,.T.);
#495=ORIENTED_EDGE('',*,*,#373,.T.);
#496=ORIENTED_EDGE('',*,*,#376,.T.);
#497=ORIENTED_EDGE('',*,*,#358,.T.);
#498=ORIENTED_EDGE('',*,*,#377,.T.);
#499=ORIENTED_EDGE('',*,*,#378,.F.);
#500=ORIENTED_EDGE('',*,*,#377,.F.);
#501=ORIENTED_EDGE('',*,*,#379,.T.);
#502=ORIENTED_EDGE('',*,*,#369,.T.);
#503=ORIENTED_EDGE('',*,*,#380,.F.);
#504=ORIENTED_EDGE('',*,*,#366,.F.);
#505=ORIENTED_EDGE('',*,*,#381,.T.);
#506=ORIENTED_EDGE('',*,*,#382,.T.);
#507=ORIENTED_EDGE('',*,*,#383,.T.);
#508=ORIENTED_EDGE('',*,*,#384,.T.);
#509=ORIENTED_EDGE('',*,*,#385,.T.);
#510=ORIENTED_EDGE('',*,*,#386,.F.);
#511=ORIENTED_EDGE('',*,*,#387,.T.);
#512=ORIENTED_EDGE('',*,*,#388,.T.);
#513=ORIENTED_EDGE('',*,*,#387,.F.);
#514=ORIENTED_EDGE('',*,*,#389,.F.);
#515=ORIENTED_EDGE('',*,*,#390,.F.);
#516=ORIENTED_EDGE('',*,*,#391,.F.);
#517=ORIENTED_EDGE('',*,*,#392,.T.);
#518=ORIENTED_EDGE('',*,*,#393,.T.);
#519=ORIENTED_EDGE('',*,*,#392,.F.);
#520=ORIENTED_EDGE('',*,*,#394,.F.);
#521=ORIENTED_EDGE('',*,*,#395,.F.);
#522=ORIENTED_EDGE('',*,*,#396,.F.);
#523=ORIENTED_EDGE('',*,*,#393,.F.);
#524=ORIENTED_EDGE('',*,*,#397,.T.);
#525=ORIENTED_EDGE('',*,*,#386,.T.);
#526=ORIENTED_EDGE('',*,*,#397,.F.);
#527=ORIENTED_EDGE('',*,*,#398,.F.);
#528=ORIENTED_EDGE('',*,*,#399,.F.);
#529=ORIENTED_EDGE('',*,*,#400,.F.);
#530=ORIENTED_EDGE('',*,*,#384,.F.);
#531=ORIENTED_EDGE('',*,*,#401,.F.);
#532=ORIENTED_EDGE('',*,*,#402,.F.);
#533=ORIENTED_EDGE('',*,*,#403,.F.);
#534=ORIENTED_EDGE('',*,*,#404,.T.);
#535=ORIENTED_EDGE('',*,*,#405,.F.);
#536=ORIENTED_EDGE('',*,*,#404,.F.);
#537=ORIENTED_EDGE('',*,*,#406,.F.);
#538=ORIENTED_EDGE('',*,*,#407,.F.);
#539=ORIENTED_EDGE('',*,*,#408,.F.);
#540=ORIENTED_EDGE('',*,*,#409,.F.);
#541=ORIENTED_EDGE('',*,*,#410,.F.);
#542=ORIENTED_EDGE('',*,*,#411,.F.);
#543=ORIENTED_EDGE('',*,*,#412,.F.);
#544=ORIENTED_EDGE('',*,*,#413,.F.);
#545=ORIENTED_EDGE('',*,*,#394,.T.);
#546=ORIENTED_EDGE('',*,*,#414,.F.);
#547=ORIENTED_EDGE('',*,*,#415,.F.);
#548=ORIENTED_EDGE('',*,*,#416,.F.);
#549=ORIENTED_EDGE('',*,*,#391,.T.);
#550=ORIENTED_EDGE('',*,*,#417,.F.);
#551=ORIENTED_EDGE('',*,*,#382,.F.);
#552=ORIENTED_EDGE('',*,*,#418,.F.);
#553=ORIENTED_EDGE('',*,*,#390,.T.);
#554=ORIENTED_EDGE('',*,*,#419,.F.);
#555=ORIENTED_EDGE('',*,*,#420,.F.);
#556=ORIENTED_EDGE('',*,*,#421,.F.);
#557=ORIENTED_EDGE('',*,*,#395,.T.);
#558=ORIENTED_EDGE('',*,*,#422,.F.);
#559=ORIENTED_EDGE('',*,*,#423,.F.);
#560=ORIENTED_EDGE('',*,*,#424,.F.);
#561=ORIENTED_EDGE('',*,*,#389,.T.);
#562=ORIENTED_EDGE('',*,*,#425,.F.);
#563=ORIENTED_EDGE('',*,*,#426,.F.);
#564=ORIENTED_EDGE('',*,*,#427,.F.);
#565=ORIENTED_EDGE('',*,*,#396,.T.);
#566=ORIENTED_EDGE('',*,*,#428,.F.);
#567=ORIENTED_EDGE('',*,*,#383,.F.);
#568=ORIENTED_EDGE('',*,*,#419,.T.);
#569=ORIENTED_EDGE('',*,*,#424,.T.);
#570=ORIENTED_EDGE('',*,*,#429,.F.);
#571=ORIENTED_EDGE('',*,*,#401,.T.);
#572=ORIENTED_EDGE('',*,*,#430,.F.);
#573=ORIENTED_EDGE('',*,*,#417,.T.);
#574=ORIENTED_EDGE('',*,*,#418,.T.);
#575=ORIENTED_EDGE('',*,*,#385,.F.);
#576=ORIENTED_EDGE('',*,*,#400,.T.);
#577=ORIENTED_EDGE('',*,*,#431,.F.);
#578=ORIENTED_EDGE('',*,*,#414,.T.);
#579=ORIENTED_EDGE('',*,*,#416,.T.);
#580=ORIENTED_EDGE('',*,*,#432,.F.);
#581=ORIENTED_EDGE('',*,*,#398,.T.);
#582=ORIENTED_EDGE('',*,*,#433,.F.);
#583=ORIENTED_EDGE('',*,*,#422,.T.);
#584=ORIENTED_EDGE('',*,*,#413,.T.);
#585=ORIENTED_EDGE('',*,*,#434,.F.);
#586=ORIENTED_EDGE('',*,*,#410,.T.);
#587=ORIENTED_EDGE('',*,*,#435,.F.);
#588=ORIENTED_EDGE('',*,*,#428,.T.);
#589=ORIENTED_EDGE('',*,*,#421,.T.);
#590=ORIENTED_EDGE('',*,*,#436,.F.);
#591=ORIENTED_EDGE('',*,*,#408,.T.);
#592=ORIENTED_EDGE('',*,*,#437,.F.);
#593=ORIENTED_EDGE('',*,*,#425,.T.);
#594=ORIENTED_EDGE('',*,*,#427,.T.);
#595=ORIENTED_EDGE('',*,*,#438,.F.);
#596=ORIENTED_EDGE('',*,*,#406,.T.);
#597=ORIENTED_EDGE('',*,*,#403,.T.);
#598=ORIENTED_EDGE('',*,*,#388,.F.);
#599=ORIENTED_EDGE('',*,*,#347,.F.);
#600=ORIENTED_EDGE('',*,*,#439,.F.);
#601=ORIENTED_EDGE('',*,*,#371,.T.);
#602=ORIENTED_EDGE('',*,*,#440,.F.);
#603=ORIENTED_EDGE('',*,*,#343,.F.);
#604=ORIENTED_EDGE('',*,*,#405,.T.);
#605=ORIENTED_EDGE('',*,*,#378,.T.);
#606=ORIENTED_EDGE('',*,*,#415,.T.);
#607=ORIENTED_EDGE('',*,*,#430,.T.);
#608=ORIENTED_EDGE('',*,*,#399,.T.);
#609=ORIENTED_EDGE('',*,*,#432,.T.);
#610=ORIENTED_EDGE('',*,*,#423,.T.);
#611=ORIENTED_EDGE('',*,*,#437,.T.);
#612=ORIENTED_EDGE('',*,*,#402,.T.);
#613=ORIENTED_EDGE('',*,*,#429,.T.);
#614=ORIENTED_EDGE('',*,*,#426,.T.);
#615=ORIENTED_EDGE('',*,*,#435,.T.);
#616=ORIENTED_EDGE('',*,*,#407,.T.);
#617=ORIENTED_EDGE('',*,*,#438,.T.);
#618=ORIENTED_EDGE('',*,*,#420,.T.);
#619=ORIENTED_EDGE('',*,*,#433,.T.);
#620=ORIENTED_EDGE('',*,*,#409,.T.);
#621=ORIENTED_EDGE('',*,*,#436,.T.);
#622=ORIENTED_EDGE('',*,*,#412,.T.);
#623=ORIENTED_EDGE('',*,*,#431,.T.);
#624=ORIENTED_EDGE('',*,*,#411,.T.);
#625=ORIENTED_EDGE('',*,*,#434,.T.);
#626=ORIENTED_EDGE('',*,*,#352,.T.);
#627=ORIENTED_EDGE('',*,*,#441,.T.);
#628=ORIENTED_EDGE('',*,*,#349,.F.);
#629=ORIENTED_EDGE('',*,*,#442,.F.);
#630=ORIENTED_EDGE('',*,*,#357,.T.);
#631=ORIENTED_EDGE('',*,*,#361,.T.);
#632=ORIENTED_EDGE('',*,*,#364,.T.);
#633=ORIENTED_EDGE('',*,*,#367,.T.);
#634=ORIENTED_EDGE('',*,*,#380,.T.);
#635=ORIENTED_EDGE('',*,*,#372,.T.);
#636=ORIENTED_EDGE('',*,*,#439,.T.);
#637=ORIENTED_EDGE('',*,*,#346,.F.);
#638=ORIENTED_EDGE('',*,*,#350,.F.);
#639=ORIENTED_EDGE('',*,*,#441,.F.);
#640=ORIENTED_EDGE('',*,*,#355,.F.);
#641=ORIENTED_EDGE('',*,*,#374,.F.);
#642=ORIENTED_EDGE('',*,*,#379,.F.);
#643=ORIENTED_EDGE('',*,*,#353,.T.);
#644=ORIENTED_EDGE('',*,*,#442,.T.);
#645=ORIENTED_EDGE('',*,*,#351,.T.);
#646=ORIENTED_EDGE('',*,*,#348,.T.);
#647=ORIENTED_EDGE('',*,*,#344,.T.);
#648=ORIENTED_EDGE('',*,*,#440,.T.);
#649=ORIENTED_EDGE('',*,*,#370,.F.);
#650=ORIENTED_EDGE('',*,*,#381,.F.);
#651=ORIENTED_EDGE('',*,*,#368,.F.);
#652=ORIENTED_EDGE('',*,*,#365,.F.);
#653=ORIENTED_EDGE('',*,*,#362,.F.);
#654=ORIENTED_EDGE('',*,*,#359,.F.);
#655=ORIENTED_EDGE('',*,*,#376,.F.);
#656=ORIENTED_EDGE('',*,*,#375,.F.);
#657=CYLINDRICAL_SURFACE('',#744,0.156012023679042);
#658=CYLINDRICAL_SURFACE('',#747,0.0925240473580834);
#659=CYLINDRICAL_SURFACE('',#752,0.0925240473580834);
#660=CYLINDRICAL_SURFACE('',#754,0.0925240473580834);
#661=CYLINDRICAL_SURFACE('',#756,0.0925240473580834);
#662=CYLINDRICAL_SURFACE('',#757,0.0925240473580834);
#663=CYLINDRICAL_SURFACE('',#759,0.125);
#664=CYLINDRICAL_SURFACE('',#761,0.125);
#665=CYLINDRICAL_SURFACE('',#762,0.125);
#666=CYLINDRICAL_SURFACE('',#763,0.125);
#667=CYLINDRICAL_SURFACE('',#764,0.125);
#668=CYLINDRICAL_SURFACE('',#769,0.125);
#669=CYLINDRICAL_SURFACE('',#770,0.241);
#670=CYLINDRICAL_SURFACE('',#773,0.156012023679042);
#671=CYLINDRICAL_SURFACE('',#776,0.2195);
#672=CYLINDRICAL_SURFACE('',#812,0.241);
#673=CYLINDRICAL_SURFACE('',#813,0.241);
#674=CYLINDRICAL_SURFACE('',#814,0.241);
#675=CYLINDRICAL_SURFACE('',#815,0.241);
#676=CYLINDRICAL_SURFACE('',#816,0.241);
#677=CYLINDRICAL_SURFACE('',#817,0.0925240473580834);
#678=ADVANCED_FACE('',(#89),#657,.T.);
#679=ADVANCED_FACE('',(#90),#658,.F.);
#680=ADVANCED_FACE('',(#91,#75),#79,.F.);
#681=ADVANCED_FACE('',(#92,#76),#80,.F.);
#682=ADVANCED_FACE('',(#93),#659,.F.);
#683=ADVANCED_FACE('',(#94),#660,.F.);
#684=ADVANCED_FACE('',(#95),#661,.F.);
#685=ADVANCED_FACE('',(#96),#662,.F.);
#686=ADVANCED_FACE('',(#97),#663,.F.);
#687=ADVANCED_FACE('',(#98),#664,.F.);
#688=ADVANCED_FACE('',(#99),#665,.F.);
#689=ADVANCED_FACE('',(#100),#666,.F.);
#690=ADVANCED_FACE('',(#101),#667,.F.);
#691=ADVANCED_FACE('',(#102),#16,.F.);
#692=ADVANCED_FACE('',(#103),#17,.F.);
#693=ADVANCED_FACE('',(#104),#668,.F.);
#694=ADVANCED_FACE('',(#105),#669,.T.);
#695=ADVANCED_FACE('',(#106),#670,.F.);
#696=ADVANCED_FACE('',(#107),#671,.T.);
#697=ADVANCED_FACE('',(#108),#15,.T.);
#698=ADVANCED_FACE('',(#109),#18,.T.);
#699=ADVANCED_FACE('',(#110),#19,.T.);
#700=ADVANCED_FACE('',(#111),#20,.T.);
#701=ADVANCED_FACE('',(#112),#21,.T.);
#702=ADVANCED_FACE('',(#113),#22,.T.);
#703=ADVANCED_FACE('',(#114),#23,.T.);
#704=ADVANCED_FACE('',(#115),#24,.T.);
#705=ADVANCED_FACE('',(#116),#81,.F.);
#706=ADVANCED_FACE('',(#117),#82,.F.);
#707=ADVANCED_FACE('',(#118),#83,.F.);
#708=ADVANCED_FACE('',(#119),#84,.F.);
#709=ADVANCED_FACE('',(#120),#85,.F.);
#710=ADVANCED_FACE('',(#121),#86,.F.);
#711=ADVANCED_FACE('',(#122,#77),#87,.F.);
#712=ADVANCED_FACE('',(#123,#78),#88,.F.);
#713=ADVANCED_FACE('',(#124),#672,.T.);
#714=ADVANCED_FACE('',(#125),#673,.T.);
#715=ADVANCED_FACE('',(#126),#674,.T.);
#716=ADVANCED_FACE('',(#127),#675,.T.);
#717=ADVANCED_FACE('',(#128),#676,.T.);
#718=ADVANCED_FACE('',(#129),#677,.F.);
#719=ADVANCED_FACE('',(#130),#13,.F.);
#720=ADVANCED_FACE('',(#131),#14,.F.);
#721=CLOSED_SHELL('',(#678,#679,#680,#681));
#722=CLOSED_SHELL('',(#682,#683,#684,#685,#686,#687,#688,#689,#690,#691,
#692,#693,#694,#695,#696,#697,#698,#699,#700,#701,#702,#703,#704,#705,#706,
#707,#708,#709,#710,#711,#712,#713,#714,#715,#716,#717,#718,#719,#720));
#723=DERIVED_UNIT_ELEMENT(#725,1.);
#724=DERIVED_UNIT_ELEMENT(#2359,-3.);
#725=(
CONVERSION_BASED_UNIT('gram',#727)
MASS_UNIT()
NAMED_UNIT(#2356)
);
#726=(
MASS_UNIT()
NAMED_UNIT(*)
SI_UNIT(.KILO.,.GRAM.)
);
#727=MASS_MEASURE_WITH_UNIT(MASS_MEASURE(0.001),#726);
#728=DERIVED_UNIT((#723,#724));
#729=MEASURE_REPRESENTATION_ITEM('density measure',
POSITIVE_RATIO_MEASURE(1.),#728);
#730=PROPERTY_DEFINITION_REPRESENTATION(#735,#732);
#731=PROPERTY_DEFINITION_REPRESENTATION(#736,#733);
#732=REPRESENTATION('material name',(#734),#2353);
#733=REPRESENTATION('density',(#729),#2353);
#734=DESCRIPTIVE_REPRESENTATION_ITEM('Generic','Generic');
#735=PROPERTY_DEFINITION('material property','material name',#2367);
#736=PROPERTY_DEFINITION('material property','density of part',#2367);
#737=DATE_TIME_ROLE('creation_date');
#738=APPLIED_DATE_AND_TIME_ASSIGNMENT(#739,#737,(#2367));
#739=DATE_AND_TIME(#740,#741);
#740=CALENDAR_DATE(2023,19,7);
#741=LOCAL_TIME(16,36,29.,#742);
#742=COORDINATED_UNIVERSAL_TIME_OFFSET(0,0,.BEHIND.);
#743=AXIS2_PLACEMENT_3D('',#996,#818,#819);
#744=AXIS2_PLACEMENT_3D('',#997,#820,#821);
#745=AXIS2_PLACEMENT_3D('',#999,#822,#823);
#746=AXIS2_PLACEMENT_3D('',#1002,#825,#826);
#747=AXIS2_PLACEMENT_3D('',#1003,#827,#828);
#748=AXIS2_PLACEMENT_3D('',#1005,#829,#830);
#749=AXIS2_PLACEMENT_3D('',#1008,#832,#833);
#750=AXIS2_PLACEMENT_3D('',#1009,#834,#835);
#751=AXIS2_PLACEMENT_3D('',#1010,#836,#837);
#752=AXIS2_PLACEMENT_3D('',#1011,#838,#839);
#753=AXIS2_PLACEMENT_3D('',#1016,#841,#842);
#754=AXIS2_PLACEMENT_3D('',#1020,#843,#844);
#755=AXIS2_PLACEMENT_3D('',#1057,#846,#847);
#756=AXIS2_PLACEMENT_3D('',#1075,#848,#849);
#757=AXIS2_PLACEMENT_3D('',#1132,#851,#852);
#758=AXIS2_PLACEMENT_3D('',#1153,#854,#855);
#759=AXIS2_PLACEMENT_3D('',#1190,#856,#857);
#760=AXIS2_PLACEMENT_3D('',#1208,#859,#860);
#761=AXIS2_PLACEMENT_3D('',#1225,#861,#862);
#762=AXIS2_PLACEMENT_3D('',#1301,#864,#865);
#763=AXIS2_PLACEMENT_3D('',#1377,#867,#868);
#764=AXIS2_PLACEMENT_3D('',#1453,#870,#871);
#765=AXIS2_PLACEMENT_3D('',#1469,#873,#874);
#766=AXIS2_PLACEMENT_3D('',#1482,#875,#876);
#767=AXIS2_PLACEMENT_3D('',#1500,#878,#879);
#768=AXIS2_PLACEMENT_3D('',#1511,#881,#882);
#769=AXIS2_PLACEMENT_3D('',#1556,#883,#884);
#770=AXIS2_PLACEMENT_3D('',#1629,#885,#886);
#771=AXIS2_PLACEMENT_3D('',#1632,#887,#888);
#772=AXIS2_PLACEMENT_3D('',#1636,#890,#891);
#773=AXIS2_PLACEMENT_3D('',#1638,#893,#894);
#774=AXIS2_PLACEMENT_3D('',#1640,#895,#896);
#775=AXIS2_PLACEMENT_3D('',#1643,#898,#899);
#776=AXIS2_PLACEMENT_3D('',#1644,#900,#901);
#777=AXIS2_PLACEMENT_3D('',#1647,#902,#903);
#778=AXIS2_PLACEMENT_3D('',#1649,#904,#905);
#779=AXIS2_PLACEMENT_3D('',#1651,#906,#907);
#780=AXIS2_PLACEMENT_3D('',#1654,#909,#910);
#781=AXIS2_PLACEMENT_3D('',#1656,#911,#912);
#782=AXIS2_PLACEMENT_3D('',#1658,#913,#914);
#783=AXIS2_PLACEMENT_3D('',#1659,#915,#916);
#784=AXIS2_PLACEMENT_3D('',#1660,#917,#918);
#785=AXIS2_PLACEMENT_3D('',#1661,#919,#920);
#786=AXIS2_PLACEMENT_3D('',#1662,#921,#922);
#787=AXIS2_PLACEMENT_3D('',#1669,#923,#924);
#788=AXIS2_PLACEMENT_3D('',#1678,#925,#926);
#789=AXIS2_PLACEMENT_3D('',#1685,#928,#929);
#790=AXIS2_PLACEMENT_3D('',#1691,#930,#931);
#791=AXIS2_PLACEMENT_3D('',#1697,#932,#933);
#792=AXIS2_PLACEMENT_3D('',#1702,#934,#935);
#793=AXIS2_PLACEMENT_3D('',#1703,#936,#937);
#794=AXIS2_PLACEMENT_3D('',#1706,#938,#939);
#795=AXIS2_PLACEMENT_3D('',#1713,#940,#941);
#796=AXIS2_PLACEMENT_3D('',#1716,#942,#943);
#797=AXIS2_PLACEMENT_3D('',#1723,#944,#945);
#798=AXIS2_PLACEMENT_3D('',#1730,#946,#947);
#799=AXIS2_PLACEMENT_3D('',#1733,#948,#949);
#800=AXIS2_PLACEMENT_3D('',#1740,#950,#951);
#801=AXIS2_PLACEMENT_3D('',#1743,#952,#953);
#802=AXIS2_PLACEMENT_3D('',#1750,#954,#955);
#803=AXIS2_PLACEMENT_3D('',#1753,#956,#957);
#804=AXIS2_PLACEMENT_3D('',#1760,#958,#959);
#805=AXIS2_PLACEMENT_3D('',#1762,#961,#962);
#806=AXIS2_PLACEMENT_3D('',#1764,#964,#965);
#807=AXIS2_PLACEMENT_3D('',#1767,#968,#969);
#808=AXIS2_PLACEMENT_3D('',#1770,#972,#973);
#809=AXIS2_PLACEMENT_3D('',#1773,#976,#977);
#810=AXIS2_PLACEMENT_3D('',#1776,#980,#981);
#811=AXIS2_PLACEMENT_3D('',#1815,#982,#983);
#812=AXIS2_PLACEMENT_3D('',#1816,#984,#985);
#813=AXIS2_PLACEMENT_3D('',#1817,#986,#987);
#814=AXIS2_PLACEMENT_3D('',#1818,#988,#989);
#815=AXIS2_PLACEMENT_3D('',#1819,#990,#991);
#816=AXIS2_PLACEMENT_3D('',#1820,#992,#993);
#817=AXIS2_PLACEMENT_3D('',#1821,#994,#995);
#818=DIRECTION('axis',(0.,0.,1.));
#819=DIRECTION('refdir',(1.,0.,0.));
#820=DIRECTION('center_axis',(1.22464679914735E-16,-1.,0.));
#821=DIRECTION('ref_axis',(1.,1.22464679914735E-16,0.));
#822=DIRECTION('center_axis',(1.22464679914735E-16,-1.,0.));
#823=DIRECTION('ref_axis',(1.,1.22464679914735E-16,0.));
#824=DIRECTION('',(-1.22464679914735E-16,1.,0.));
#825=DIRECTION('center_axis',(1.22464679914735E-16,-1.,0.));
#826=DIRECTION('ref_axis',(1.,1.22464679914735E-16,0.));
#827=DIRECTION('center_axis',(1.22464679914735E-16,-1.,0.));
#828=DIRECTION('ref_axis',(1.,1.22464679914735E-16,0.));
#829=DIRECTION('center_axis',(1.22464679914735E-16,-1.,0.));
#830=DIRECTION('ref_axis',(1.,1.22464679914735E-16,0.));
#831=DIRECTION('',(1.22464679914735E-16,-1.,0.));
#832=DIRECTION('center_axis',(1.22464679914735E-16,-1.,0.));
#833=DIRECTION('ref_axis',(1.,1.22464679914735E-16,0.));
#834=DIRECTION('center_axis',(-1.22464679914735E-16,1.,0.));
#835=DIRECTION('ref_axis',(-1.,-1.22464679914735E-16,0.));
#836=DIRECTION('center_axis',(1.22464679914735E-16,-1.,0.));
#837=DIRECTION('ref_axis',(1.,1.22464679914735E-16,0.));
#838=DIRECTION('center_axis',(0.,1.,0.));
#839=DIRECTION('ref_axis',(1.,0.,4.24350713973592E-16));
#840=DIRECTION('',(0.,1.,0.));
#841=DIRECTION('center_axis',(-1.22464679914735E-16,1.,0.));
#842=DIRECTION('ref_axis',(1.,0.,4.24350713973592E-16));
#843=DIRECTION('center_axis',(0.,1.,0.));
#844=DIRECTION('ref_axis',(1.,0.,4.24350713973592E-16));
#845=DIRECTION('',(0.,1.,0.));
#846=DIRECTION('center_axis',(-1.22464679914735E-16,1.,0.));
#847=DIRECTION('ref_axis',(1.,0.,4.24350713973592E-16));
#848=DIRECTION('center_axis',(0.,1.,0.));
#849=DIRECTION('ref_axis',(1.,0.,4.24350713973592E-16));
#850=DIRECTION('',(0.,1.,0.));
#851=DIRECTION('center_axis',(0.,1.,0.));
#852=DIRECTION('ref_axis',(1.,0.,4.24350713973592E-16));
#853=DIRECTION('',(0.,1.,0.));
#854=DIRECTION('center_axis',(0.,1.,0.));
#855=DIRECTION('ref_axis',(-0.58704418961728,0.,0.809554889699637));
#856=DIRECTION('center_axis',(0.,-1.,0.));
#857=DIRECTION('ref_axis',(0.,0.,-1.));
#858=DIRECTION('',(0.,-1.,0.));
#859=DIRECTION('center_axis',(-2.27171981241834E-17,1.,0.));
#860=DIRECTION('ref_axis',(1.,2.27171981241834E-17,1.77635683940025E-15));
#861=DIRECTION('center_axis',(0.,-1.,0.));
#862=DIRECTION('ref_axis',(0.,0.,-1.));
#863=DIRECTION('',(0.,-1.,0.));
#864=DIRECTION('center_axis',(0.,-1.,0.));
#865=DIRECTION('ref_axis',(0.,0.,-1.));
#866=DIRECTION('',(0.,-1.,0.));
#867=DIRECTION('center_axis',(0.,-1.,0.));
#868=DIRECTION('ref_axis',(0.,0.,-1.));
#869=DIRECTION('',(0.,-1.,0.));
#870=DIRECTION('center_axis',(0.,-1.,0.));
#871=DIRECTION('ref_axis',(0.,0.,-1.));
#872=DIRECTION('',(0.,-1.,0.));
#873=DIRECTION('center_axis',(0.,-1.,0.));
#874=DIRECTION('ref_axis',(0.,0.,-1.));
#875=DIRECTION('center_axis',(2.27171981241834E-17,-1.,0.));
#876=DIRECTION('ref_axis',(1.,2.27171981241834E-17,0.));
#877=DIRECTION('',(-0.707106781186548,-0.707106781186548,-8.65956056235494E-17));
#878=DIRECTION('center_axis',(2.27171981241834E-17,-1.,0.));
#879=DIRECTION('ref_axis',(1.,2.27171981241834E-17,0.));
#880=DIRECTION('',(-0.707106781186548,-0.707106781186548,-8.65956056235494E-17));
#881=DIRECTION('center_axis',(-2.27171981241834E-17,1.,0.));
#882=DIRECTION('ref_axis',(-1.,-2.27171981241834E-17,0.));
#883=DIRECTION('center_axis',(0.,-1.,0.));
#884=DIRECTION('ref_axis',(0.,0.,-1.));
#885=DIRECTION('center_axis',(0.,-1.,0.));
#886=DIRECTION('ref_axis',(0.,0.,-1.));
#887=DIRECTION('center_axis',(1.22464679914735E-16,-1.,0.));
#888=DIRECTION('ref_axis',(1.,1.22464679914735E-16,0.));
#889=DIRECTION('',(0.,-1.,0.));
#890=DIRECTION('center_axis',(-1.22464679914735E-16,1.,0.));
#891=DIRECTION('ref_axis',(-1.,-1.22464679914735E-16,0.));
#892=DIRECTION('',(0.,1.,0.));
#893=DIRECTION('center_axis',(1.22464679914735E-16,-1.,0.));
#894=DIRECTION('ref_axis',(1.,1.22464679914735E-16,0.));
#895=DIRECTION('center_axis',(1.22464679914735E-16,-1.,0.));
#896=DIRECTION('ref_axis',(1.,1.22464679914735E-16,0.));
#897=DIRECTION('',(1.22464679914735E-16,-1.,0.));
#898=DIRECTION('center_axis',(1.22464679914735E-16,-1.,0.));
#899=DIRECTION('ref_axis',(1.,1.22464679914735E-16,0.));
#900=DIRECTION('center_axis',(1.22464679914735E-16,-1.,0.));
#901=DIRECTION('ref_axis',(1.,1.22464679914735E-16,0.));
#902=DIRECTION('center_axis',(1.22464679914735E-16,-1.,0.));
#903=DIRECTION('ref_axis',(1.,1.22464679914735E-16,0.));
#904=DIRECTION('center_axis',(1.22464679914735E-16,-1.,0.));
#905=DIRECTION('ref_axis',(1.,1.22464679914735E-16,0.));
#906=DIRECTION('center_axis',(1.22464679914735E-16,-1.,0.));
#907=DIRECTION('ref_axis',(1.,1.22464679914735E-16,0.));
#908=DIRECTION('',(-1.22464679914735E-16,1.,0.));
#909=DIRECTION('center_axis',(1.22464679914735E-16,-1.,0.));
#910=DIRECTION('ref_axis',(1.,1.22464679914735E-16,0.));
#911=DIRECTION('center_axis',(1.22464679914735E-16,-1.,0.));
#912=DIRECTION('ref_axis',(1.,1.22464679914735E-16,0.));
#913=DIRECTION('center_axis',(1.22464679914735E-16,-1.,0.));
#914=DIRECTION('ref_axis',(1.,1.22464679914735E-16,0.));
#915=DIRECTION('center_axis',(1.22464679914735E-16,-1.,0.));
#916=DIRECTION('ref_axis',(1.,1.22464679914735E-16,0.));
#917=DIRECTION('center_axis',(1.22464679914735E-16,-1.,0.));
#918=DIRECTION('ref_axis',(1.,1.26449091642956E-16,0.));
#919=DIRECTION('center_axis',(1.22464679914735E-16,1.49975978266186E-32,
-1.));
#920=DIRECTION('ref_axis',(-1.,-9.95662138920916E-17,-1.22464679914735E-16));
#921=DIRECTION('center_axis',(-1.22464679914735E-16,1.,0.));
#922=DIRECTION('ref_axis',(-1.,-1.22464679914735E-16,0.));
#923=DIRECTION('center_axis',(-1.22464679914735E-16,1.,0.));
#924=DIRECTION('ref_axis',(-1.,-1.22464679914735E-16,0.));
#925=DIRECTION('center_axis',(-1.22464679914735E-16,1.,0.));
#926=DIRECTION('ref_axis',(-1.,-1.22464679914735E-16,0.));
#927=DIRECTION('',(-0.906307787036649,-0.422618261740701,1.10990693043675E-16));
#928=DIRECTION('center_axis',(1.22464679914735E-16,-1.,0.));
#929=DIRECTION('ref_axis',(1.,1.22464679914735E-16,0.));
#930=DIRECTION('center_axis',(-1.22464679914735E-16,1.,0.));
#931=DIRECTION('ref_axis',(-1.,-1.22464679914735E-16,0.));
#932=DIRECTION('center_axis',(-1.22464679914735E-16,1.,0.));
#933=DIRECTION('ref_axis',(-1.,-1.22464679914735E-16,0.));
#934=DIRECTION('center_axis',(-1.22464679914735E-16,1.,0.));
#935=DIRECTION('ref_axis',(-1.,-1.22464679914735E-16,0.));
#936=DIRECTION('center_axis',(1.22464679914735E-16,-1.,0.));
#937=DIRECTION('ref_axis',(1.,1.22464679914735E-16,0.));
#938=DIRECTION('center_axis',(1.22464679914735E-16,-1.,0.));
#939=DIRECTION('ref_axis',(1.,1.22464679914735E-16,0.));
#940=DIRECTION('center_axis',(1.22464679914735E-16,-1.,0.));
#941=DIRECTION('ref_axis',(1.,1.22464679914735E-16,0.));
#942=DIRECTION('center_axis',(1.22464679914735E-16,-1.,0.));
#943=DIRECTION('ref_axis',(1.,1.22464679914735E-16,0.));
#944=DIRECTION('center_axis',(1.22464679914735E-16,-1.,0.));
#945=DIRECTION('ref_axis',(1.,1.22464679914735E-16,0.));
#946=DIRECTION('center_axis',(1.22464679914735E-16,-1.,0.));
#947=DIRECTION('ref_axis',(1.,1.22464679914735E-16,0.));
#948=DIRECTION('center_axis',(1.22464679914735E-16,-1.,0.));
#949=DIRECTION('ref_axis',(1.,1.22464679914735E-16,0.));
#950=DIRECTION('center_axis',(1.22464679914735E-16,-1.,0.));
#951=DIRECTION('ref_axis',(1.,1.22464679914735E-16,0.));
#952=DIRECTION('center_axis',(1.22464679914735E-16,-1.,0.));
#953=DIRECTION('ref_axis',(1.,1.22464679914735E-16,0.));
#954=DIRECTION('center_axis',(1.22464679914735E-16,-1.,0.));
#955=DIRECTION('ref_axis',(1.,1.22464679914735E-16,0.));
#956=DIRECTION('center_axis',(1.22464679914735E-16,-1.,0.));
#957=DIRECTION('ref_axis',(1.,1.22464679914735E-16,0.));
#958=DIRECTION('center_axis',(-0.5,0.,0.866025403784439));
#959=DIRECTION('ref_axis',(0.866025403784439,0.,0.5));
#960=DIRECTION('',(0.,1.,0.));
#961=DIRECTION('center_axis',(0.499999999999999,0.,0.866025403784439));
#962=DIRECTION('ref_axis',(0.866025403784439,0.,-0.499999999999999));
#963=DIRECTION('',(0.,-1.,0.));
#964=DIRECTION('center_axis',(1.,0.,0.));
#965=DIRECTION('ref_axis',(0.,0.,-1.));
#966=DIRECTION('',(0.,-1.,0.));
#967=DIRECTION('',(0.,1.,0.));
#968=DIRECTION('center_axis',(0.499999999999999,0.,-0.866025403784439));
#969=DIRECTION('ref_axis',(-0.866025403784439,0.,-0.499999999999999));
#970=DIRECTION('',(0.,-1.,0.));
#971=DIRECTION('',(0.,1.,0.));
#972=DIRECTION('center_axis',(-0.5,0.,-0.866025403784439));
#973=DIRECTION('ref_axis',(-0.866025403784439,0.,0.5));
#974=DIRECTION('',(0.,-1.,0.));
#975=DIRECTION('',(0.,1.,0.));
#976=DIRECTION('center_axis',(-1.,0.,0.));
#977=DIRECTION('ref_axis',(0.,0.,1.));
#978=DIRECTION('',(0.,-1.,0.));
#979=DIRECTION('',(0.,1.,0.));
#980=DIRECTION('center_axis',(1.22464679914735E-16,-1.,0.));
#981=DIRECTION('ref_axis',(1.,1.22464679914735E-16,0.));
#982=DIRECTION('center_axis',(0.,1.,0.));
#983=DIRECTION('ref_axis',(0.,0.,1.));
#984=DIRECTION('center_axis',(0.,-1.,0.));
#985=DIRECTION('ref_axis',(0.,0.,-1.));
#986=DIRECTION('center_axis',(0.,-1.,0.));
#987=DIRECTION('ref_axis',(0.,0.,-1.));
#988=DIRECTION('center_axis',(0.,-1.,0.));
#989=DIRECTION('ref_axis',(0.,0.,-1.));
#990=DIRECTION('center_axis',(0.,-1.,0.));
#991=DIRECTION('ref_axis',(1.45473230946492E-15,0.,1.));
#992=DIRECTION('center_axis',(0.,-1.,0.));
#993=DIRECTION('ref_axis',(0.,0.,-1.));
#994=DIRECTION('center_axis',(0.,1.,0.));
#995=DIRECTION('ref_axis',(1.,0.,4.24350713973592E-16));
#996=CARTESIAN_POINT('',(0.,0.,0.));
#997=CARTESIAN_POINT('Origin',(0.,-0.1565,0.));
#998=CARTESIAN_POINT('',(-0.156012023679042,0.0939,-1.91059625427039E-17));
#999=CARTESIAN_POINT('Origin',(-3.06651558506497E-17,0.0939,0.));
#1000=CARTESIAN_POINT('',(-0.156012023679042,0.137782185358568,-1.91059625427039E-17));
#1001=CARTESIAN_POINT('',(-0.156012023679042,-0.1565,-1.91059625427039E-17));
#1002=CARTESIAN_POINT('Origin',(-3.60391736345458E-17,0.137782185358568,
0.));
#1003=CARTESIAN_POINT('Origin',(0.,-0.1565,0.));
#1004=CARTESIAN_POINT('',(-0.0925240473580834,0.137782185358568,-1.13309278441235E-17));
#1005=CARTESIAN_POINT('Origin',(-3.60391736345458E-17,0.137782185358568,
0.));
#1006=CARTESIAN_POINT('',(-0.0925240473580834,0.0938999999999999,-1.13309278441235E-17));
#1007=CARTESIAN_POINT('',(-0.0925240473580834,-0.1565,-1.13309278441235E-17));
#1008=CARTESIAN_POINT('Origin',(-3.06651558506497E-17,0.0939,0.));
#1009=CARTESIAN_POINT('Origin',(-4.18193612649757E-33,0.0939,0.0925240473580834));
#1010=CARTESIAN_POINT('Origin',(0.,0.137782185358568,0.0925240473580833));
#1011=CARTESIAN_POINT('Origin',(-2.18547839493141E-17,-0.228375,-6.19245012443761E-17));
#1012=CARTESIAN_POINT('',(-0.0925240473580834,0.0935000000000001,-3.92626455561291E-17));
#1013=CARTESIAN_POINT('',(-0.0925240473580834,0.093900000000003,-8.98562189563817E-17));
#1014=CARTESIAN_POINT('',(-0.0925240473580834,-0.228375,-8.98562189563817E-17));
#1015=CARTESIAN_POINT('',(-0.0923966966081254,0.093900000000003,0.00485281314567957));
#1016=CARTESIAN_POINT('Origin',(-2.18547839493141E-17,0.0939,-6.19245012443761E-17));
#1017=CARTESIAN_POINT('Ctrl Pts',(-0.0925240473580834,0.0935000000000001,
1.13309278441235E-17));
#1018=CARTESIAN_POINT('Ctrl Pts',(-0.0925240473580834,0.0936979856184104,
0.00242807758445568));
#1019=CARTESIAN_POINT('Ctrl Pts',(-0.0923966966081255,0.093900000000003,
0.00485281314567957));
#1020=CARTESIAN_POINT('Origin',(-2.18547839493141E-17,-0.228375,-6.19245012443761E-17));
#1021=CARTESIAN_POINT('',(-0.0925240473580834,0.0435000000000001,-3.92626455561291E-17));
#1022=CARTESIAN_POINT('',(-0.0925240473580834,0.049750000000004,2.38532781390943E-14));
#1023=CARTESIAN_POINT('',(-0.0925240473580834,-0.228375,-8.98562189563817E-17));
#1024=CARTESIAN_POINT('',(-0.068765787813959,0.0939,-0.0619028736477268));
#1025=CARTESIAN_POINT('Ctrl Pts',(-0.0925240473580834,0.0497500000000039,
4.77964124971451E-14));
#1026=CARTESIAN_POINT('Ctrl Pts',(-0.0925240473580823,0.049923172916884,
0.00212377687377849));
#1027=CARTESIAN_POINT('Ctrl Pts',(-0.0924509268469599,0.050098977401563,
0.00424953954799126));
#1028=CARTESIAN_POINT('Ctrl Pts',(-0.0914554389408777,0.0513081588463876,
0.0186664860192248));
#1029=CARTESIAN_POINT('Ctrl Pts',(-0.0881596084441101,0.0523977937712601,
0.0306644917632439));
#1030=CARTESIAN_POINT('Ctrl Pts',(-0.077260376528013,0.0545281617185597,
0.052276520478446));
#1031=CARTESIAN_POINT('Ctrl Pts',(-0.0699136329740977,0.0555101005870702,
0.0617576010887359));
#1032=CARTESIAN_POINT('Ctrl Pts',(-0.0517052733195752,0.0575336792745984,
0.0777122331638593));
#1033=CARTESIAN_POINT('Ctrl Pts',(-0.0409061751488286,0.0586232285955762,
0.0838999480500355));
#1034=CARTESIAN_POINT('Ctrl Pts',(-0.0179351090257391,0.0607544793638747,
0.0915443117192488));
#1035=CARTESIAN_POINT('Ctrl Pts',(-0.00603934330476934,0.0617384876721118,
0.0930884839153931));
#1036=CARTESIAN_POINT('Ctrl Pts',(0.0181265310677101,0.0637604317266548,
0.091564962385514));
#1037=CARTESIAN_POINT('Ctrl Pts',(0.0301507427914186,0.0648498905809361,
0.0883376117647194));
#1038=CARTESIAN_POINT('Ctrl Pts',(0.0518335909839574,0.0669819724286393,
0.0775586085506166));
#1039=CARTESIAN_POINT('Ctrl Pts',(0.0613583313362562,0.0679679951434948,
0.0702646273510897));
#1040=CARTESIAN_POINT('Ctrl Pts',(0.077421931199871,0.0699883789200291,
0.0521405857297425));
#1041=CARTESIAN_POINT('Ctrl Pts',(0.0836731684714125,0.0710777436828306,
0.0413700627971867));
#1042=CARTESIAN_POINT('Ctrl Pts',(0.0914458182273237,0.0732106073100662,
0.0184323545560243));
#1043=CARTESIAN_POINT('Ctrl Pts',(0.0930547138923477,0.0741985851185404,
0.00654269258754192));
#1044=CARTESIAN_POINT('Ctrl Pts',(0.0916609039581379,0.0762174816728743,
-0.0176395358221739));
#1045=CARTESIAN_POINT('Ctrl Pts',(0.0884954100773588,0.0773067498264736,
-0.0296870307107326));
#1046=CARTESIAN_POINT('Ctrl Pts',(0.0778249434382424,0.0794403483422132,
-0.0514334365032499));
#1047=CARTESIAN_POINT('Ctrl Pts',(0.0705784499365779,0.0804302185084564,
-0.0609974869841364));
#1048=CARTESIAN_POINT('Ctrl Pts',(0.0525305187159489,0.0824476993600039,
-0.0771588846913378));
#1049=CARTESIAN_POINT('Ctrl Pts',(0.0417859940677648,0.0835368693684512,
-0.0834671211460558));
#1050=CARTESIAN_POINT('Ctrl Pts',(0.0188785696678792,0.0856711582449591,
-0.0913550809082722));
#1051=CARTESIAN_POINT('Ctrl Pts',(0.00699438049598928,0.0866628554014634,
-0.0930221173889926));
#1052=CARTESIAN_POINT('Ctrl Pts',(-0.0172022201545218,0.0886789903306276,
-0.0917447704695874));
#1053=CARTESIAN_POINT('Ctrl Pts',(-0.0292703389216793,0.0897680615211216,
-0.0886348986598074));
#1054=CARTESIAN_POINT('Ctrl Pts',(-0.0511283010118347,0.0919083580778469,
-0.078035439191779));
#1055=CARTESIAN_POINT('Ctrl Pts',(-0.0607703058354774,0.09290572117719,
-0.0707847814624022));
#1056=CARTESIAN_POINT('Ctrl Pts',(-0.0687657878139591,0.0939,-0.0619028736477268));
#1057=CARTESIAN_POINT('Origin',(-2.18547839493141E-17,0.0939,-6.19245012443761E-17));
#1058=CARTESIAN_POINT('Ctrl Pts',(-0.0925240473580834,0.0435000000000001,
1.13309278441235E-17));
#1059=CARTESIAN_POINT('Ctrl Pts',(-0.0925240473580834,0.046625,0.0383247152613687));
#1060=CARTESIAN_POINT('Ctrl Pts',(-0.065424381309726,0.0497500000000001,
0.0654243813097261));
#1061=CARTESIAN_POINT('Ctrl Pts',(-0.0383247152613687,0.052875,0.0925240473580834));
#1062=CARTESIAN_POINT('Ctrl Pts',(5.66546392206175E-18,0.0560000000000001,
0.0925240473580834));
#1063=CARTESIAN_POINT('Ctrl Pts',(0.0383247152613687,0.059125,0.0925240473580834));
#1064=CARTESIAN_POINT('Ctrl Pts',(0.0654243813097261,0.0622500000000001,
0.065424381309726));
#1065=CARTESIAN_POINT('Ctrl Pts',(0.0925240473580834,0.0653750000000001,
0.0383247152613687));
#1066=CARTESIAN_POINT('Ctrl Pts',(0.0925240473580834,0.0685000000000001,
-2.2661855688247E-17));
#1067=CARTESIAN_POINT('Ctrl Pts',(0.0925240473580834,0.071625,-0.0383247152613687));
#1068=CARTESIAN_POINT('Ctrl Pts',(0.065424381309726,0.0747500000000001,
-0.0654243813097261));
#1069=CARTESIAN_POINT('Ctrl Pts',(0.0383247152613687,0.077875,-0.0925240473580834));
#1070=CARTESIAN_POINT('Ctrl Pts',(-1.69963917661852E-17,0.0810000000000001,
-0.0925240473580834));
#1071=CARTESIAN_POINT('Ctrl Pts',(-0.0383247152613687,0.084125,-0.0925240473580834));
#1072=CARTESIAN_POINT('Ctrl Pts',(-0.0654243813097261,0.0872500000000001,
-0.065424381309726));
#1073=CARTESIAN_POINT('Ctrl Pts',(-0.0925240473580834,0.090375,-0.0383247152613687));
#1074=CARTESIAN_POINT('Ctrl Pts',(-0.0925240473580834,0.0935000000000001,
1.13309278441235E-17));
#1075=CARTESIAN_POINT('Origin',(-2.18547839493141E-17,-0.228375,-6.19245012443761E-17));
#1076=CARTESIAN_POINT('',(-0.0925240473580834,-0.00649999999999995,-3.92626455561291E-17));
#1077=CARTESIAN_POINT('',(-0.0925240473580834,-0.000249999999994881,3.11555078261572E-14));
#1078=CARTESIAN_POINT('',(-0.0925240473580834,-0.228375,-8.98562189563817E-17));
#1079=CARTESIAN_POINT('Ctrl Pts',(-0.0925240473580834,-0.000249999999994884,
6.24008718712707E-14));
#1080=CARTESIAN_POINT('Ctrl Pts',(-0.0925240473580814,-4.92203799360223E-7,
0.00305994087836078));
#1081=CARTESIAN_POINT('Ctrl Pts',(-0.0923722637154468,0.000254394963435022,
0.00612298302977597));
#1082=CARTESIAN_POINT('Ctrl Pts',(-0.0908490133663001,0.00155177788404492,
0.021403018001814));
#1083=CARTESIAN_POINT('Ctrl Pts',(-0.0872078028464197,0.00264172917449948,
0.0332618425347589));
#1084=CARTESIAN_POINT('Ctrl Pts',(-0.0757008112380741,0.00476288232175437,
0.0545091194746384));
#1085=CARTESIAN_POINT('Ctrl Pts',(-0.0680846564770379,0.00572712231602584,
0.0637675744171134));
#1086=CARTESIAN_POINT('Ctrl Pts',(-0.0494500185323654,0.00776650373955397,
0.0791609622529056));
#1087=CARTESIAN_POINT('Ctrl Pts',(-0.0385102531230608,0.00885646911326144,
0.0850213947463602));
#1088=CARTESIAN_POINT('Ctrl Pts',(-0.0153737043978457,0.0109790046887649,
0.0920082113016961));
#1089=CARTESIAN_POINT('Ctrl Pts',(-0.00344637060441941,0.0119454809997954,
0.0932198784303532));
#1090=CARTESIAN_POINT('Ctrl Pts',(0.0206295721380194,0.0139826265929542,
0.091029160218325));
#1091=CARTESIAN_POINT('Ctrl Pts',(0.0325288183914792,0.0150725864869343,
0.0874852816337643));
#1092=CARTESIAN_POINT('Ctrl Pts',(0.053880195837938,0.0171964343888394,
0.0761498254060546));
#1093=CARTESIAN_POINT('Ctrl Pts',(0.0632018196766,0.0181651626004587,0.0686101814967116));
#1094=CARTESIAN_POINT('Ctrl Pts',(0.0787553975922001,0.0202001442488443,
0.0500958548971106));
#1095=CARTESIAN_POINT('Ctrl Pts',(0.0847092486645152,0.021290081356885,
0.0391951313777085));
#1096=CARTESIAN_POINT('Ctrl Pts',(0.0918832007584426,0.0234151734245989,
0.01610474414305));
#1097=CARTESIAN_POINT('Ctrl Pts',(0.0931896375017108,0.024386156580599,
0.00418644607880148));
#1098=CARTESIAN_POINT('Ctrl Pts',(0.0911891980679033,0.0264190480481661,
-0.0199161405055712));
#1099=CARTESIAN_POINT('Ctrl Pts',(0.0877352986928669,0.0275089472220043,
-0.0318519127016609));
#1100=CARTESIAN_POINT('Ctrl Pts',(0.0765582267632007,0.0296352173979721,
-0.0532986016208327));
#1101=CARTESIAN_POINT('Ctrl Pts',(0.0690888929569394,0.0306084470438926,
-0.0626783144670106));
#1102=CARTESIAN_POINT('Ctrl Pts',(0.0506856591547428,0.032639323463412,
-0.0783785477559801));
#1103=CARTESIAN_POINT('Ctrl Pts',(0.0398214527291151,0.0337291715990496,
-0.0844179246235532));
#1104=CARTESIAN_POINT('Ctrl Pts',(0.0167740729742716,0.0358565560569834,
-0.0917635783493376));
#1105=CARTESIAN_POINT('Ctrl Pts',(0.00486402818732547,0.0368320133156566,
-0.0931568668687817));
#1106=CARTESIAN_POINT('Ctrl Pts',(-0.0192622669170585,0.0388609507057411,
-0.0913307359862504));
#1107=CARTESIAN_POINT('Ctrl Pts',(-0.0312308788368644,0.0399507366186406,
-0.0879594721129419));
#1108=CARTESIAN_POINT('Ctrl Pts',(-0.0527643333854437,0.0420791738606302,
-0.0769277091123839));
#1109=CARTESIAN_POINT('Ctrl Pts',(-0.062197144454176,0.0430568305200249,
-0.0695226061574196));
#1110=CARTESIAN_POINT('Ctrl Pts',(-0.0780308792322829,0.0450839053326581,
-0.0512212930430851));
#1111=CARTESIAN_POINT('Ctrl Pts',(-0.08414810487488,0.0461736196252883,
-0.0403909740743336));
#1112=CARTESIAN_POINT('Ctrl Pts',(-0.0909901452593468,0.0481156518616386,
-0.0194081336002026));
#1113=CARTESIAN_POINT('Ctrl Pts',(-0.0925240473580885,0.0489566894949848,
-0.00972908774994243));
#1114=CARTESIAN_POINT('Ctrl Pts',(-0.0925240473580834,0.049750000000004,
4.78701723929789E-14));
#1115=CARTESIAN_POINT('Ctrl Pts',(-0.0925240473580834,-0.00649999999999995,
1.13309278441235E-17));
#1116=CARTESIAN_POINT('Ctrl Pts',(-0.0925240473580834,-0.00337499999999993,
0.0383247152613687));
#1117=CARTESIAN_POINT('Ctrl Pts',(-0.065424381309726,-0.000249999999999949,
0.0654243813097261));
#1118=CARTESIAN_POINT('Ctrl Pts',(-0.0383247152613687,0.00287500000000007,
0.0925240473580834));
#1119=CARTESIAN_POINT('Ctrl Pts',(5.66546392206175E-18,0.00600000000000005,
0.0925240473580834));
#1120=CARTESIAN_POINT('Ctrl Pts',(0.0383247152613687,0.00912500000000007,
0.0925240473580834));
#1121=CARTESIAN_POINT('Ctrl Pts',(0.0654243813097261,0.0122500000000001,
0.065424381309726));
#1122=CARTESIAN_POINT('Ctrl Pts',(0.0925240473580834,0.0153750000000001,
0.0383247152613687));
#1123=CARTESIAN_POINT('Ctrl Pts',(0.0925240473580834,0.0185000000000001,
-2.2661855688247E-17));
#1124=CARTESIAN_POINT('Ctrl Pts',(0.0925240473580834,0.021625,-0.0383247152613687));
#1125=CARTESIAN_POINT('Ctrl Pts',(0.065424381309726,0.0247500000000001,
-0.0654243813097261));
#1126=CARTESIAN_POINT('Ctrl Pts',(0.0383247152613687,0.027875,-0.0925240473580834));
#1127=CARTESIAN_POINT('Ctrl Pts',(-1.69963917661852E-17,0.0310000000000001,
-0.0925240473580834));
#1128=CARTESIAN_POINT('Ctrl Pts',(-0.0383247152613687,0.034125,-0.0925240473580834));
#1129=CARTESIAN_POINT('Ctrl Pts',(-0.0654243813097261,0.0372500000000001,
-0.065424381309726));
#1130=CARTESIAN_POINT('Ctrl Pts',(-0.0925240473580834,0.040375,-0.0383247152613687));
#1131=CARTESIAN_POINT('Ctrl Pts',(-0.0925240473580834,0.0435000000000001,
1.13309278441235E-17));
#1132=CARTESIAN_POINT('Origin',(-2.18547839493141E-17,-0.228375,-6.19245012443761E-17));
#1133=CARTESIAN_POINT('',(-0.0925240473580834,-0.0564999999999999,-3.92626455561291E-17));
#1134=CARTESIAN_POINT('',(-0.0925240473580834,-0.0502499999999983,1.03804867963431E-14));
#1135=CARTESIAN_POINT('',(-0.0925240473580834,-0.228375,-8.98562189563817E-17));
#1136=CARTESIAN_POINT('',(-0.0543157044014367,-0.0990240473580834,0.0749032949535373));
#1137=CARTESIAN_POINT('Ctrl Pts',(-0.0543157044014367,-0.0990240473580834,
0.0749032949535373));
#1138=CARTESIAN_POINT('Ctrl Pts',(-0.0300160579325956,-0.0964475114922487,
0.0925240473580834));
#1139=CARTESIAN_POINT('Ctrl Pts',(5.66546392206175E-18,-0.0939999999999999,
0.0925240473580834));
#1140=CARTESIAN_POINT('Ctrl Pts',(0.0383247152613687,-0.090875,0.0925240473580834));
#1141=CARTESIAN_POINT('Ctrl Pts',(0.0654243813097261,-0.08775,0.065424381309726));
#1142=CARTESIAN_POINT('Ctrl Pts',(0.0925240473580834,-0.084625,0.0383247152613687));
#1143=CARTESIAN_POINT('Ctrl Pts',(0.0925240473580834,-0.0814999999999999,
-2.2661855688247E-17));
#1144=CARTESIAN_POINT('Ctrl Pts',(0.0925240473580834,-0.078375,-0.0383247152613687));
#1145=CARTESIAN_POINT('Ctrl Pts',(0.065424381309726,-0.07525,-0.0654243813097261));
#1146=CARTESIAN_POINT('Ctrl Pts',(0.0383247152613687,-0.0721249999999999,
-0.0925240473580834));
#1147=CARTESIAN_POINT('Ctrl Pts',(-1.69963917661852E-17,-0.069,-0.0925240473580834));
#1148=CARTESIAN_POINT('Ctrl Pts',(-0.0383247152613687,-0.065875,-0.0925240473580834));
#1149=CARTESIAN_POINT('Ctrl Pts',(-0.0654243813097261,-0.0627499999999999,
-0.065424381309726));
#1150=CARTESIAN_POINT('Ctrl Pts',(-0.0925240473580834,-0.0596249999999999,
-0.0383247152613687));
#1151=CARTESIAN_POINT('Ctrl Pts',(-0.0925240473580834,-0.0564999999999999,
1.13309278441235E-17));
#1152=CARTESIAN_POINT('',(-0.0913716307020421,-0.0990240473580834,0.0145576248876835));
#1153=CARTESIAN_POINT('Origin',(1.74838271594513E-16,-0.0990240473580834,
1.31128703695885E-16));
#1154=CARTESIAN_POINT('Ctrl Pts',(-0.0913716307020421,-0.0990240473580834,
0.0145576248876833));
#1155=CARTESIAN_POINT('Ctrl Pts',(-0.0903268475796602,-0.0984540500779028,
0.0211152562567108));
#1156=CARTESIAN_POINT('Ctrl Pts',(-0.0885793729621841,-0.0978711277258227,
0.0275403351822244));
#1157=CARTESIAN_POINT('Ctrl Pts',(-0.0837347143773173,-0.0966982080587736,
0.0399181918158263));
#1158=CARTESIAN_POINT('Ctrl Pts',(-0.0806484148050448,-0.0961115441777658,
0.0458345970574479));
#1159=CARTESIAN_POINT('Ctrl Pts',(-0.0703242051473917,-0.0945017181527055,
0.0613009290863176));
#1160=CARTESIAN_POINT('Ctrl Pts',(-0.0618358552952105,-0.0935577703287718,
0.0698543144301638));
#1161=CARTESIAN_POINT('Ctrl Pts',(-0.0418910927363868,-0.0914743330969768,
0.0833891725950575));
#1162=CARTESIAN_POINT('Ctrl Pts',(-0.0305789927162987,-0.0903905500730229,
0.0881676646945939));
#1163=CARTESIAN_POINT('Ctrl Pts',(-0.00696368295682124,-0.0883006564240695,
0.0930321976573567));
#1164=CARTESIAN_POINT('Ctrl Pts',(0.00509403602795584,-0.0873558844950708,
0.0931532864987763));
#1165=CARTESIAN_POINT('Ctrl Pts',(0.0287954199544697,-0.0852750651405723,
0.0887652239014085));
#1166=CARTESIAN_POINT('Ctrl Pts',(0.0401946374888984,-0.0841920196539071,
0.0842188888657239));
#1167=CARTESIAN_POINT('Ctrl Pts',(0.0604171349263472,-0.0820995666689661,
0.0710876063408138));
#1168=CARTESIAN_POINT('Ctrl Pts',(0.069087093783471,-0.0811537317003573,
0.06269492361549));
#1169=CARTESIAN_POINT('Ctrl Pts',(0.0828646458463196,-0.0790755563747683,
0.0429152196989685));
#1170=CARTESIAN_POINT('Ctrl Pts',(0.0877770382690366,-0.0779932861704352,
0.0316771360907363));
#1171=CARTESIAN_POINT('Ctrl Pts',(0.092940263139893,-0.0758983294770041,
0.00812345585441462));
#1172=CARTESIAN_POINT('Ctrl Pts',(0.0932110015482117,-0.0749511983445007,
-0.00394902201942758));
#1173=CARTESIAN_POINT('Ctrl Pts',(0.089109878326221,-0.0728756864506058,
-0.0277041699135555));
#1174=CARTESIAN_POINT('Ctrl Pts',(0.0847099305951181,-0.0717942267212027,
-0.0391445754723273));
#1175=CARTESIAN_POINT('Ctrl Pts',(0.071832627629322,-0.0696968271215739,
-0.0595329395195402));
#1176=CARTESIAN_POINT('Ctrl Pts',(0.0635348272667766,-0.0687481746860246,
-0.0683185614403638));
#1177=CARTESIAN_POINT('Ctrl Pts',(0.0439194302603123,-0.0666753387193739,
-0.0823346993620993));
#1178=CARTESIAN_POINT('Ctrl Pts',(0.0327559126281373,-0.065594721787833,
-0.0873781603786662));
#1179=CARTESIAN_POINT('Ctrl Pts',(0.00926505043838338,-0.0634949446926706,
-0.0928357624144934));
#1180=CARTESIAN_POINT('Ctrl Pts',(-0.00282201704288445,-0.0625445558248102,
-0.0932542706663845));
#1181=CARTESIAN_POINT('Ctrl Pts',(-0.0266283502875596,-0.0604744012884172,
-0.0894353388196309));
#1182=CARTESIAN_POINT('Ctrl Pts',(-0.0381074077266723,-0.0593946563317039,
-0.0851794754493166));
#1183=CARTESIAN_POINT('Ctrl Pts',(-0.0586570315812055,-0.0572925711675374,
-0.0725527593309593));
#1184=CARTESIAN_POINT('Ctrl Pts',(-0.0675563432198845,-0.0563402425853553,
-0.0643482184708651));
#1185=CARTESIAN_POINT('Ctrl Pts',(-0.0818048627853043,-0.0542727679784539,
-0.0448948283203198));
#1186=CARTESIAN_POINT('Ctrl Pts',(-0.0869754135436284,-0.053193920796887,
-0.0338056570352465));
#1187=CARTESIAN_POINT('Ctrl Pts',(-0.0916341863700018,-0.0514874820722655,
-0.0148077748896711));
#1188=CARTESIAN_POINT('Ctrl Pts',(-0.0925240473580851,-0.0508542481833235,
-0.007410444663384));
#1189=CARTESIAN_POINT('Ctrl Pts',(-0.0925240473580834,-0.0502499999999982,
2.09041008475189E-14));
#1190=CARTESIAN_POINT('Origin',(0.,-0.1565,0.));
#1191=CARTESIAN_POINT('',(1.05327991310596E-14,-0.112749999999999,0.125));
#1192=CARTESIAN_POINT('',(-2.58745395899919E-16,-0.119,0.125));
#1193=CARTESIAN_POINT('',(-1.53080849893419E-17,-0.1565,0.125));
#1194=CARTESIAN_POINT('',(-0.125,-0.1315,1.53080849893419E-17));
#1195=CARTESIAN_POINT('Ctrl Pts',(-5.02182706810496E-16,-0.119,0.125));
#1196=CARTESIAN_POINT('Ctrl Pts',(-0.000677017125626424,-0.119040861598166,
0.125));
#1197=CARTESIAN_POINT('Ctrl Pts',(-0.00135425554009924,-0.119081874057796,
0.124994499779951));
#1198=CARTESIAN_POINT('Ctrl Pts',(-0.0187396678304676,-0.120138241656027,
0.124711893989594));
#1199=CARTESIAN_POINT('Ctrl Pts',(-0.0352223531792342,-0.12122353721536,
0.121092794129596));
#1200=CARTESIAN_POINT('Ctrl Pts',(-0.065211156845317,-0.123364662411618,
0.107847162809248));
#1201=CARTESIAN_POINT('Ctrl Pts',(-0.0785243845512437,-0.124388537519993,
0.0985757380625411));
#1202=CARTESIAN_POINT('Ctrl Pts',(-0.101351928682915,-0.126379299147475,
0.0750471978153374));
#1203=CARTESIAN_POINT('Ctrl Pts',(-0.11046468467074,-0.12746450428467,0.0608415575047798));
#1204=CARTESIAN_POINT('Ctrl Pts',(-0.122124597841779,-0.129567348216778,
0.0308301926269774));
#1205=CARTESIAN_POINT('Ctrl Pts',(-0.125,-0.130565724985333,0.0154795752824507));
#1206=CARTESIAN_POINT('Ctrl Pts',(-0.125,-0.1315,3.82458719112997E-17));
#1207=CARTESIAN_POINT('',(-0.0883883476483184,-0.1315,-0.0883883476483184));
#1208=CARTESIAN_POINT('Origin',(-5.67929953104585E-19,-0.1315,0.));
#1209=CARTESIAN_POINT('Ctrl Pts',(-0.0883883476483187,-0.1315,-0.0883883476483181));
#1210=CARTESIAN_POINT('Ctrl Pts',(-0.0952878051393909,-0.130911094466524,
-0.0814888901572458));
#1211=CARTESIAN_POINT('Ctrl Pts',(-0.101357920702626,-0.13029546648657,
-0.0738031560017797));
#1212=CARTESIAN_POINT('Ctrl Pts',(-0.111683476732822,-0.129024074120656,
-0.0570150229061537));
#1213=CARTESIAN_POINT('Ctrl Pts',(-0.115864113264469,-0.128372567119361,
-0.0479521778199147));
#1214=CARTESIAN_POINT('Ctrl Pts',(-0.123975060282052,-0.126657229100067,
-0.0228911912124389));
#1215=CARTESIAN_POINT('Ctrl Pts',(-0.125905269505712,-0.125662033686462,
-0.00645182273631354));
#1216=CARTESIAN_POINT('Ctrl Pts',(-0.123324234406345,-0.123634934521609,
0.0260651561748649));
#1217=CARTESIAN_POINT('Ctrl Pts',(-0.118903543053152,-0.122572663813454,
0.0418343232304825));
#1218=CARTESIAN_POINT('Ctrl Pts',(-0.104200311128806,-0.120446618480611,
0.070969517600053));
#1219=CARTESIAN_POINT('Ctrl Pts',(-0.0939928364649901,-0.119447425599911,
0.0840217565639654));
#1220=CARTESIAN_POINT('Ctrl Pts',(-0.0692659588004956,-0.117422814559958,
0.105310234749347));
#1221=CARTESIAN_POINT('Ctrl Pts',(-0.0550342257767925,-0.116361654220883,
0.113398205430483));
#1222=CARTESIAN_POINT('Ctrl Pts',(-0.0268538639533758,-0.114425132966396,
0.122825643903288));
#1223=CARTESIAN_POINT('Ctrl Pts',(-0.0134621917049677,-0.113562515144834,
0.125));
#1224=CARTESIAN_POINT('Ctrl Pts',(2.10639139551483E-14,-0.112749999999999,
0.125));
#1225=CARTESIAN_POINT('Origin',(0.,-0.1565,0.));
#1226=CARTESIAN_POINT('',(3.3962290588024E-15,-0.0627499999999996,0.125));
#1227=CARTESIAN_POINT('',(-1.02350051985767E-15,-0.069,0.125));
#1228=CARTESIAN_POINT('',(-1.53080849893419E-17,-0.1565,0.125));
#1229=CARTESIAN_POINT('Ctrl Pts',(-2.03169295472599E-15,-0.0690000000000001,
0.125));
#1230=CARTESIAN_POINT('Ctrl Pts',(-0.00120118538370811,-0.0690724979511067,
0.125));
#1231=CARTESIAN_POINT('Ctrl Pts',(-0.00240302071708264,-0.0691454679823365,
0.124982685912375));
#1232=CARTESIAN_POINT('Ctrl Pts',(-0.0202872897431953,-0.0702377795174598,
0.124466669343417));
#1233=CARTESIAN_POINT('Ctrl Pts',(-0.0367030356870391,-0.0713239898436154,
0.120649372791292));
#1234=CARTESIAN_POINT('Ctrl Pts',(-0.0664966905644765,-0.0734620046948398,
0.107057024420087));
#1235=CARTESIAN_POINT('Ctrl Pts',(-0.0796864244412804,-0.074474275621244,
0.0976365153709986));
#1236=CARTESIAN_POINT('Ctrl Pts',(-0.102213002597542,-0.076472136967564,
0.0738656789417107));
#1237=CARTESIAN_POINT('Ctrl Pts',(-0.111150935610434,-0.0775582146463755,
0.0595731678410572));
#1238=CARTESIAN_POINT('Ctrl Pts',(-0.122667131048964,-0.079696727381454,
0.0289112930515517));
#1239=CARTESIAN_POINT('Ctrl Pts',(-0.125362637362984,-0.0807107638805102,
0.0129262828703215));
#1240=CARTESIAN_POINT('Ctrl Pts',(-0.124543175619028,-0.0827075185441835,
-0.0198175994584942));
#1241=CARTESIAN_POINT('Ctrl Pts',(-0.120785959744116,-0.0837934685241854,
-0.0362539180773658));
#1242=CARTESIAN_POINT('Ctrl Pts',(-0.107298732686102,-0.0859324434925872,
-0.0661070233706751));
#1243=CARTESIAN_POINT('Ctrl Pts',(-0.0979235181298761,-0.0869481495359453,
-0.0793342669822569));
#1244=CARTESIAN_POINT('Ctrl Pts',(-0.0742261688818738,-0.0889438669257912,
-0.101952500629272));
#1245=CARTESIAN_POINT('Ctrl Pts',(-0.0599598665713305,-0.090029694388207,
-0.110943698602878));
#1246=CARTESIAN_POINT('Ctrl Pts',(-0.0293282746617544,-0.0921690983502739,
-0.122568652460379));
#1247=CARTESIAN_POINT('Ctrl Pts',(-0.0133484054328225,-0.0931863805901145,
-0.125318874963434));
#1248=CARTESIAN_POINT('Ctrl Pts',(0.0194073857169762,-0.0951811266472481,
-0.124608507918193));
#1249=CARTESIAN_POINT('Ctrl Pts',(0.0358614884666182,-0.0962668369229509,
-0.120903814904945));
#1250=CARTESIAN_POINT('Ctrl Pts',(0.0657663556114578,-0.0984066389104472,
-0.107508471247132));
#1251=CARTESIAN_POINT('Ctrl Pts',(0.0790263369620741,-0.09942540699684,
-0.098172780064862));
#1252=CARTESIAN_POINT('Ctrl Pts',(0.101724394190126,-0.101419244244813,
-0.074539646037243));
#1253=CARTESIAN_POINT('Ctrl Pts',(0.110761963834249,-0.102504842743158,
-0.0602963451024639));
#1254=CARTESIAN_POINT('Ctrl Pts',(0.122481716019766,-0.104645013923827,
-0.029691308252037));
#1255=CARTESIAN_POINT('Ctrl Pts',(0.125279623181902,-0.105665180747596,
-0.0137159145447387));
#1256=CARTESIAN_POINT('Ctrl Pts',(0.124664283029364,-0.10765816836165,0.0190501031939163));
#1257=CARTESIAN_POINT('Ctrl Pts',(0.121005373789594,-0.108743660510118,
0.0355195561531167));
#1258=CARTESIAN_POINT('Ctrl Pts',(0.107690114654611,-0.110884174056915,
0.0654693848939695));
#1259=CARTESIAN_POINT('Ctrl Pts',(0.0983888211969182,-0.111905655926761,
0.0787578635899698));
#1260=CARTESIAN_POINT('Ctrl Pts',(0.0748116425231508,-0.113897849818769,
0.101525274753567));
#1261=CARTESIAN_POINT('Ctrl Pts',(0.0605884591671258,-0.114983241012356,
0.110603120338815));
#1262=CARTESIAN_POINT('Ctrl Pts',(0.0306389811875346,-0.117079805411602,
0.122161260384352));
#1263=CARTESIAN_POINT('Ctrl Pts',(0.0153808288629275,-0.118071684858964,
0.125));
#1264=CARTESIAN_POINT('Ctrl Pts',(-4.97196334846896E-16,-0.119,0.125));
#1265=CARTESIAN_POINT('Ctrl Pts',(2.10809063471086E-14,-0.112749999999999,
0.125));
#1266=CARTESIAN_POINT('Ctrl Pts',(0.00292017471762567,-0.112573751864806,
0.125));
#1267=CARTESIAN_POINT('Ctrl Pts',(0.0058433609511781,-0.11239476381463,
0.124897673842647));
#1268=CARTESIAN_POINT('Ctrl Pts',(0.0249351421868375,-0.111208925257511,
0.123555768746887));
#1269=CARTESIAN_POINT('Ctrl Pts',(0.0407298555273642,-0.110148845456062,
0.119284387849409));
#1270=CARTESIAN_POINT('Ctrl Pts',(0.0700177636019561,-0.108020237075456,
0.104847317512362));
#1271=CARTESIAN_POINT('Ctrl Pts',(0.0831877493688052,-0.107013208779877,
0.0947373107863627));
#1272=CARTESIAN_POINT('Ctrl Pts',(0.10470045861217,-0.104993291889175,0.0701810878785236));
#1273=CARTESIAN_POINT('Ctrl Pts',(0.11290587636246,-0.10393426045108,0.056033275810093));
#1274=CARTESIAN_POINT('Ctrl Pts',(0.123544690843894,-0.101804495193545,
0.0251529108821883));
#1275=CARTESIAN_POINT('Ctrl Pts',(0.125779312764861,-0.100793659947672,
0.00868485102896673));
#1276=CARTESIAN_POINT('Ctrl Pts',(0.123756903781901,-0.0987759469651553,
-0.0239080030350268));
#1277=CARTESIAN_POINT('Ctrl Pts',(0.119621082619877,-0.0977179297988641,
-0.0397246921982259));
#1278=CARTESIAN_POINT('Ctrl Pts',(0.105426399838575,-0.0955870851530723,
-0.0691500521405194));
#1279=CARTESIAN_POINT('Ctrl Pts',(0.095405129688281,-0.0945725341072206,
-0.0824269937252976));
#1280=CARTESIAN_POINT('Ctrl Pts',(0.0710041795745445,-0.092556929231077,
-0.104142084071687));
#1281=CARTESIAN_POINT('Ctrl Pts',(0.0569330887015231,-0.0914998907339805,
-0.112453005532524));
#1282=CARTESIAN_POINT('Ctrl Pts',(0.026123861940223,-0.0893680399830856,
-0.123346982474984));
#1283=CARTESIAN_POINT('Ctrl Pts',(0.00964362028611263,-0.0883498748338746,
-0.125713234469168));
#1284=CARTESIAN_POINT('Ctrl Pts',(-0.0229804213524545,-0.086336282703883,
-0.123930953052735));
#1285=CARTESIAN_POINT('Ctrl Pts',(-0.0388159438116075,-0.085280186144658,
-0.11991742377188));
#1286=CARTESIAN_POINT('Ctrl Pts',(-0.0683643300753325,-0.0831473984175065,
-0.105942029549922));
#1287=CARTESIAN_POINT('Ctrl Pts',(-0.0817378100377751,-0.0821257295581345,
-0.0960010315469491));
#1288=CARTESIAN_POINT('Ctrl Pts',(-0.103634519028189,-0.0801140557559821,
-0.0717404425052195));
#1289=CARTESIAN_POINT('Ctrl Pts',(-0.112039708108333,-0.079058863629684,
-0.0577389902316422));
#1290=CARTESIAN_POINT('Ctrl Pts',(-0.123162983214234,-0.0769252039856134,
-0.0269947711560168));
#1291=CARTESIAN_POINT('Ctrl Pts',(-0.125647813685904,-0.07590014876451,
-0.0105036842179221));
#1292=CARTESIAN_POINT('Ctrl Pts',(-0.124081105703831,-0.0738903002569972,
0.0221476244927185));
#1293=CARTESIAN_POINT('Ctrl Pts',(-0.120177268468488,-0.0728359746106136,
0.0379992414401413));
#1294=CARTESIAN_POINT('Ctrl Pts',(-0.10639908936311,-0.070701504151419,
0.0676571972972218));
#1295=CARTESIAN_POINT('Ctrl Pts',(-0.0965302860182301,-0.0696731852539204,
0.0811173155288506));
#1296=CARTESIAN_POINT('Ctrl Pts',(-0.0723958361399673,-0.0676650707796381,
0.103176178283648));
#1297=CARTESIAN_POINT('Ctrl Pts',(-0.0584571879062047,-0.0666115735067873,
0.111665195590592));
#1298=CARTESIAN_POINT('Ctrl Pts',(-0.0294168287762681,-0.0645908077985998,
0.122386195050434));
#1299=CARTESIAN_POINT('Ctrl Pts',(-0.0147594773615684,-0.0636408132604955,
0.125));
#1300=CARTESIAN_POINT('Ctrl Pts',(6.78864226425569E-15,-0.0627499999999996,
0.125));
#1301=CARTESIAN_POINT('Origin',(0.,-0.1565,0.));
#1302=CARTESIAN_POINT('',(6.79510900369174E-16,-0.0127499999999999,0.125));
#1303=CARTESIAN_POINT('',(-4.93044412707775E-15,-0.0190000000000005,0.125));
#1304=CARTESIAN_POINT('',(-1.53080849893419E-17,-0.1565,0.125));
#1305=CARTESIAN_POINT('Ctrl Pts',(-9.84558016916616E-15,-0.0190000000000005,
0.125));
#1306=CARTESIAN_POINT('Ctrl Pts',(-0.00208878436728791,-0.0191260692887094,
0.125));
#1307=CARTESIAN_POINT('Ctrl Pts',(-0.00417928803193209,-0.0192535512346708,
0.124947644460919));
#1308=CARTESIAN_POINT('Ctrl Pts',(-0.022902096491363,-0.0204070790708745,
0.124007389121245));
#1309=CARTESIAN_POINT('Ctrl Pts',(-0.0391991973429173,-0.0214944623725771,
0.119856738956324));
#1310=CARTESIAN_POINT('Ctrl Pts',(-0.0686582495293727,-0.0236268742432658,
0.105680707451974));
#1311=CARTESIAN_POINT('Ctrl Pts',(-0.0816386077072384,-0.0246214211255044,
0.0960071496157229));
#1312=CARTESIAN_POINT('Ctrl Pts',(-0.103649747556464,-0.0266310452790672,
0.0718279190774321));
#1313=CARTESIAN_POINT('Ctrl Pts',(-0.112287793026456,-0.0277182793348583,
0.0573920310081957));
#1314=CARTESIAN_POINT('Ctrl Pts',(-0.123194189613402,-0.0298515781746303,
0.0265639559099939));
#1315=CARTESIAN_POINT('Ctrl Pts',(-0.125582676125332,-0.0308486855744614,
0.0105499783835079));
#1316=CARTESIAN_POINT('Ctrl Pts',(-0.124150059837906,-0.0328565264453381,
-0.0221236093127289));
#1317=CARTESIAN_POINT('Ctrl Pts',(-0.120098457921045,-0.0339436096354956,
-0.03845676488107));
#1318=CARTESIAN_POINT('Ctrl Pts',(-0.106095942240649,-0.0360777354330333,
-0.0680160869449242));
#1319=CARTESIAN_POINT('Ctrl Pts',(-0.0964978919799889,-0.0370773091800348,
-0.0810588867598985));
#1320=CARTESIAN_POINT('Ctrl Pts',(-0.0724401270405216,-0.0390834620727645,
-0.103224420071838));
#1321=CARTESIAN_POINT('Ctrl Pts',(-0.0580464722949693,-0.0401703942012884,
-0.111952348713966));
#1322=CARTESIAN_POINT('Ctrl Pts',(-0.0272674556856516,-0.0423052904468749,
-0.123041079202705));
#1323=CARTESIAN_POINT('Ctrl Pts',(-0.011262166793046,-0.0433072327808246,
-0.125521412953532));
#1324=CARTESIAN_POINT('Ctrl Pts',(0.0214330701980326,-0.0453117903211519,
-0.124272395909304));
#1325=CARTESIAN_POINT('Ctrl Pts',(0.0377976875591759,-0.0463985724120473,
-0.120308793449806));
#1326=CARTESIAN_POINT('Ctrl Pts',(0.0674454873788457,-0.0485341859839873,
-0.106460370991377));
#1327=CARTESIAN_POINT('Ctrl Pts',(0.0805435969746432,-0.0495383967706537,
-0.0969291738707937));
#1328=CARTESIAN_POINT('Ctrl Pts',(0.102845411364286,-0.0515414486486099,
-0.072979237697057));
#1329=CARTESIAN_POINT('Ctrl Pts',(0.111652641409801,-0.0526280827575536,
-0.0586233684183823));
#1330=CARTESIAN_POINT('Ctrl Pts',(0.122902545936901,-0.0547643637963326,
-0.0278881682767997));
#1331=CARTESIAN_POINT('Ctrl Pts',(0.125464033332051,-0.0557707416092646,
-0.0118905397371477));
#1332=CARTESIAN_POINT('Ctrl Pts',(0.124377122594705,-0.0577723743767493,
0.0208233846616569));
#1333=CARTESIAN_POINT('Ctrl Pts',(0.120491326104407,-0.0588588634187775,
0.037215374917867));
#1334=CARTESIAN_POINT('Ctrl Pts',(0.106779101355351,-0.0609957651923879,
0.0669409333000415));
#1335=CARTESIAN_POINT('Ctrl Pts',(0.0973068384352392,-0.0620042082637646,
0.0800878196125906));
#1336=CARTESIAN_POINT('Ctrl Pts',(0.0734521745162692,-0.0640045051821037,
0.102509443187126));
#1337=CARTESIAN_POINT('Ctrl Pts',(0.0591299167124156,-0.0650908527754959,
0.111386357888946));
#1338=CARTESIAN_POINT('Ctrl Pts',(0.029561539357872,-0.0671497921586678,
0.122359555589119));
#1339=CARTESIAN_POINT('Ctrl Pts',(0.0148342622639781,-0.0681046730713626,
0.125));
#1340=CARTESIAN_POINT('Ctrl Pts',(-1.99151718738125E-15,-0.0690000000000001,
0.125));
#1341=CARTESIAN_POINT('Ctrl Pts',(6.80776620259415E-15,-0.0627499999999996,
0.125));
#1342=CARTESIAN_POINT('Ctrl Pts',(0.00174982359222661,-0.0626443888037972,
0.125));
#1343=CARTESIAN_POINT('Ctrl Pts',(0.0035009732130781,-0.062537779018531,
0.124963257753048));
#1344=CARTESIAN_POINT('Ctrl Pts',(0.0214038179914803,-0.0614384238737232,
0.124210342629807));
#1345=CARTESIAN_POINT('Ctrl Pts',(0.0372691612142105,-0.0603857169780233,
0.120404393581816));
#1346=CARTESIAN_POINT('Ctrl Pts',(0.0670242744484069,-0.0582497930462766,
0.106802634231872));
#1347=CARTESIAN_POINT('Ctrl Pts',(0.0805617485287274,-0.0572153289091955,
0.0969984215752909));
#1348=CARTESIAN_POINT('Ctrl Pts',(0.102764727306941,-0.0552104174102125,
0.0729767351408396));
#1349=CARTESIAN_POINT('Ctrl Pts',(0.111327976910303,-0.0541584632375571,
0.0590944018521794));
#1350=CARTESIAN_POINT('Ctrl Pts',(0.122838594553746,-0.0520218894593889,
0.0284623423542555));
#1351=CARTESIAN_POINT('Ctrl Pts',(0.125524382216854,-0.0509845475576982,
0.0119531761978875));
#1352=CARTESIAN_POINT('Ctrl Pts',(0.124321388313865,-0.0489811099953086,
-0.02074256780043));
#1353=CARTESIAN_POINT('Ctrl Pts',(0.120602397532867,-0.0479298714358698,
-0.0366196021249683));
#1354=CARTESIAN_POINT('Ctrl Pts',(0.107157705158743,-0.0457926945540229,
-0.0664605341877295));
#1355=CARTESIAN_POINT('Ctrl Pts',(0.0974110091068914,-0.0447526054473844,
-0.0800667614156274));
#1356=CARTESIAN_POINT('Ctrl Pts',(0.0734896566521303,-0.0427505604532163,
-0.102397307655781));
#1357=CARTESIAN_POINT('Ctrl Pts',(0.0596575615196119,-0.0417000011144509,
-0.111026049541445));
#1358=CARTESIAN_POINT('Ctrl Pts',(0.0290731687461893,-0.0395622646982361,
-0.122698250359515));
#1359=CARTESIAN_POINT('Ctrl Pts',(0.0125565578544631,-0.0385195582338906,
-0.125468117085962));
#1360=CARTESIAN_POINT('Ctrl Pts',(-0.0201571210671364,-0.0365188273749992,
-0.124416690057929));
#1361=CARTESIAN_POINT('Ctrl Pts',(-0.0360441056913185,-0.0354689117272809,
-0.120774637894099));
#1362=CARTESIAN_POINT('Ctrl Pts',(-0.0659605845346906,-0.0333306563461775,
-0.107469191612062));
#1363=CARTESIAN_POINT('Ctrl Pts',(-0.0796276717682093,-0.032285460849646,
-0.0977734983483941));
#1364=CARTESIAN_POINT('Ctrl Pts',(-0.102070734066843,-0.0302859687301045,
-0.0739410489827744));
#1365=CARTESIAN_POINT('Ctrl Pts',(-0.110757070296052,-0.0292366622268489,
-0.0601535678668512));
#1366=CARTESIAN_POINT('Ctrl Pts',(-0.122571909923046,-0.0270979256230096,
-0.0296116863714462));
#1367=CARTESIAN_POINT('Ctrl Pts',(-0.125416122653732,-0.0260503672089658,
-0.0130885544662203));
#1368=CARTESIAN_POINT('Ctrl Pts',(-0.124498416810634,-0.0240520415365175,
0.0196406631499647));
#1369=CARTESIAN_POINT('Ctrl Pts',(-0.120924197126529,-0.023003310710824,
0.0355361141331505));
#1370=CARTESIAN_POINT('Ctrl Pts',(-0.107741735961891,-0.0208641279686037,
0.0655189001021952));
#1371=CARTESIAN_POINT('Ctrl Pts',(-0.0980911009769091,-0.0198143299634781,
0.0792396677876858));
#1372=CARTESIAN_POINT('Ctrl Pts',(-0.0739359557073925,-0.0177833704276195,
0.102162369910775));
#1373=CARTESIAN_POINT('Ctrl Pts',(-0.059648533720192,-0.0166973404344005,
0.11111068170616));
#1374=CARTESIAN_POINT('Ctrl Pts',(-0.0299437974287298,-0.0146250167235199,
0.122290052919796));
#1375=CARTESIAN_POINT('Ctrl Pts',(-0.0150281061715813,-0.0136570264434053,
0.125));
#1376=CARTESIAN_POINT('Ctrl Pts',(1.26757746906022E-15,-0.0127499999999999,
0.125));
#1377=CARTESIAN_POINT('Origin',(0.,-0.1565,0.));
#1378=CARTESIAN_POINT('',(-7.65404249467095E-18,0.03725,0.125));
#1379=CARTESIAN_POINT('',(-1.25815698293336E-14,0.0309999999999985,0.125));
#1380=CARTESIAN_POINT('',(-1.53080849893419E-17,-0.1565,0.125));
#1381=CARTESIAN_POINT('Ctrl Pts',(-2.51478315736778E-14,0.0309999999999985,
0.125));
#1382=CARTESIAN_POINT('Ctrl Pts',(-0.00344239732386437,0.0307922329423413,
0.124999999999999));
#1383=CARTESIAN_POINT('Ctrl Pts',(-0.00688854675931016,0.0305806845370303,
0.124857804492573));
#1384=CARTESIAN_POINT('Ctrl Pts',(-0.0265051664966773,0.0293560506876841,
0.123231159936595));
#1385=CARTESIAN_POINT('Ctrl Pts',(-0.0422639960687757,0.0282929491867774,
0.118752279980411));
#1386=CARTESIAN_POINT('Ctrl Pts',(-0.0713392991158728,0.0261679310254478,
0.103945544473636));
#1387=CARTESIAN_POINT('Ctrl Pts',(-0.0843456642944576,0.0251716630142217,
0.0937001549444367));
#1388=CARTESIAN_POINT('Ctrl Pts',(-0.105546372908702,0.0231452382450101,
0.0689068710829294));
#1389=CARTESIAN_POINT('Ctrl Pts',(-0.11358821682852,0.0220832672272221,
0.0546425999644066));
#1390=CARTESIAN_POINT('Ctrl Pts',(-0.123834382429227,0.0199568590803513,
0.0236552169755595));
#1391=CARTESIAN_POINT('Ctrl Pts',(-0.125867091153173,0.0189566046164956,
0.00720611207632623));
#1392=CARTESIAN_POINT('Ctrl Pts',(-0.123474663081832,0.0169326431264552,
-0.0253370037253453));
#1393=CARTESIAN_POINT('Ctrl Pts',(-0.119150204486617,0.0158717747548167,
-0.0411227970223013));
#1394=CARTESIAN_POINT('Ctrl Pts',(-0.10461842158893,0.0137440655130126,
-0.0703565764502906));
#1395=CARTESIAN_POINT('Ctrl Pts',(-0.0944737355818519,0.0127398768799298,
-0.0834846985325691));
#1396=CARTESIAN_POINT('Ctrl Pts',(-0.0698568040744132,0.0107182846595236,
-0.104917857439548));
#1397=CARTESIAN_POINT('Ctrl Pts',(-0.0556790889455497,0.00965848843353843,
-0.11308167433139));
#1398=CARTESIAN_POINT('Ctrl Pts',(-0.0247711338243133,0.00752956286997926,
-0.123620292434849));
#1399=CARTESIAN_POINT('Ctrl Pts',(-0.0083078878757741,0.00652150832102909,
-0.125803317256791));
#1400=CARTESIAN_POINT('Ctrl Pts',(0.0242724754927685,0.00450219015326069,
-0.123686545657434));
#1401=CARTESIAN_POINT('Ctrl Pts',(0.0400815019080777,0.0034434333449918,
-0.119502639306433));
#1402=CARTESIAN_POINT('Ctrl Pts',(0.0694582355060157,0.00131337203866199,
-0.105221895723604));
#1403=CARTESIAN_POINT('Ctrl Pts',(0.0826972318038955,0.000301533772145363,
-0.0951691210216976));
#1404=CARTESIAN_POINT('Ctrl Pts',(0.104340663057191,-0.00171560611803474,
-0.070713055794448));
#1405=CARTESIAN_POINT('Ctrl Pts',(0.112614282631767,-0.00277335804307481,
-0.0566146935130387));
#1406=CARTESIAN_POINT('Ctrl Pts',(0.123417869576054,-0.00490447873093151,
-0.025780122069074));
#1407=CARTESIAN_POINT('Ctrl Pts',(0.125737453799522,-0.00592000655798177,
-0.00930418262546999));
#1408=CARTESIAN_POINT('Ctrl Pts',(0.123870137446287,-0.00793506390652972,
0.0233089129249038));
#1409=CARTESIAN_POINT('Ctrl Pts',(0.119813313919282,-0.00899184688914725,
0.0391378753552754));
#1410=CARTESIAN_POINT('Ctrl Pts',(0.105760217312213,-0.0111239547927839,
0.0686428125524549));
#1411=CARTESIAN_POINT('Ctrl Pts',(0.0957907759465562,-0.0121430679812329,
0.0819821096897347));
#1412=CARTESIAN_POINT('Ctrl Pts',(0.0711357078348168,-0.014184686255288,
0.104124240835347));
#1413=CARTESIAN_POINT('Ctrl Pts',(0.0566529214345423,-0.0152722155415521,
0.112660872937413));
#1414=CARTESIAN_POINT('Ctrl Pts',(0.0277482885833527,-0.0172671568855795,
0.122676570053752));
#1415=CARTESIAN_POINT('Ctrl Pts',(0.0139157654977883,-0.0181601092551109,
0.125000000000001));
#1416=CARTESIAN_POINT('Ctrl Pts',(-9.85923940913432E-15,-0.0190000000000005,
0.125));
#1417=CARTESIAN_POINT('Ctrl Pts',(1.37432988572769E-15,-0.0127499999999999,
0.125));
#1418=CARTESIAN_POINT('Ctrl Pts',(0.00101494736655469,-0.0126887425075642,
0.125));
#1419=CARTESIAN_POINT('Ctrl Pts',(0.00203037068493143,-0.0126271472542698,
0.124987638615751));
#1420=CARTESIAN_POINT('Ctrl Pts',(0.019737683540627,-0.011547625716322,
0.124556011947255));
#1421=CARTESIAN_POINT('Ctrl Pts',(0.0361774801875214,-0.0104617215334977,
0.120809024661883));
#1422=CARTESIAN_POINT('Ctrl Pts',(0.0660406811861254,-0.00832258460692114,
0.107339692465548));
#1423=CARTESIAN_POINT('Ctrl Pts',(0.0792743042012242,-0.00730628655020806,
0.0979721802149898));
#1424=CARTESIAN_POINT('Ctrl Pts',(0.101908105133302,-0.00531093488028185,
0.0742873385936289));
#1425=CARTESIAN_POINT('Ctrl Pts',(0.110908347848871,-0.00422515126240963,
0.0600255091780642));
#1426=CARTESIAN_POINT('Ctrl Pts',(0.122551783562409,-0.00208559702034756,
0.0293990827834405));
#1427=CARTESIAN_POINT('Ctrl Pts',(0.12531130323305,-0.00106775645156986,
0.0134200864975009));
#1428=CARTESIAN_POINT('Ctrl Pts',(0.124619467320387,0.00092664733881769,
-0.0193377096376019));
#1429=CARTESIAN_POINT('Ctrl Pts',(0.120923700125177,0.00201231575924163,
-0.0357948161011585));
#1430=CARTESIAN_POINT('Ctrl Pts',(0.107543970079445,0.00415225715183143,
-0.0657084603550862));
#1431=CARTESIAN_POINT('Ctrl Pts',(0.0982149888840225,0.00517155105334273,
-0.0789740003250983));
#1432=CARTESIAN_POINT('Ctrl Pts',(0.0745927651726415,0.00716506824392153,
-0.101685595090801));
#1433=CARTESIAN_POINT('Ctrl Pts',(0.0603533813668868,0.00825062688942211,
-0.110731027407123));
#1434=CARTESIAN_POINT('Ctrl Pts',(0.0297528648793489,0.0103909273547604,
-0.122466864100798));
#1435=CARTESIAN_POINT('Ctrl Pts',(0.013778230044151,0.0114115887229515,
-0.125272861244596));
#1436=CARTESIAN_POINT('Ctrl Pts',(-0.018989508685961,0.0134042772748139,
-0.124673638420653));
#1437=CARTESIAN_POINT('Ctrl Pts',(-0.0354615521739935,0.0144897315662962,
-0.121022497550182));
#1438=CARTESIAN_POINT('Ctrl Pts',(-0.0654189951647398,0.0166303649848735,
-0.107720825969392));
#1439=CARTESIAN_POINT('Ctrl Pts',(-0.0787123055148904,0.0176523114219696,
-0.0984253639944235));
#1440=CARTESIAN_POINT('Ctrl Pts',(-0.101491463415712,0.0196442260674951,
-0.0748576776857405));
#1441=CARTESIAN_POINT('Ctrl Pts',(-0.110576129397584,0.0207295813769711,
-0.0606379139779229));
#1442=CARTESIAN_POINT('Ctrl Pts',(-0.122392272532215,0.0228705234639397,
-0.0300600307721272));
#1443=CARTESIAN_POINT('Ctrl Pts',(-0.125238658278201,0.0238936761409387,
-0.0140891827529764));
#1444=CARTESIAN_POINT('Ctrl Pts',(-0.124719879914102,0.025884868485241,
0.0186870871848791));
#1445=CARTESIAN_POINT('Ctrl Pts',(-0.121107525505107,0.0269701300969113,
0.0351720041276383));
#1446=CARTESIAN_POINT('Ctrl Pts',(-0.107873691649999,0.0291113582840587,
0.065167400872731));
#1447=CARTESIAN_POINT('Ctrl Pts',(-0.0986073242987057,0.0301356419942636,
0.0784848194410633));
#1448=CARTESIAN_POINT('Ctrl Pts',(-0.0750870241465521,0.0321261606255051,
0.101322537072287));
#1449=CARTESIAN_POINT('Ctrl Pts',(-0.0608843610364848,0.0332113337042345,
0.110441198319308));
#1450=CARTESIAN_POINT('Ctrl Pts',(-0.0308584832801787,0.0353155245774501,
0.122119951946478));
#1451=CARTESIAN_POINT('Ctrl Pts',(-0.0154922523285252,0.0363149598579192,
0.125));
#1452=CARTESIAN_POINT('Ctrl Pts',(7.64917438225994E-17,0.03725,0.125));
#1453=CARTESIAN_POINT('Origin',(0.,-0.1565,0.));
#1454=CARTESIAN_POINT('',(5.51784613596071E-17,0.08725,0.125));
#1455=CARTESIAN_POINT('',(-8.11099815370129E-15,0.0809999999999991,0.125));
#1456=CARTESIAN_POINT('',(-1.53080849893419E-17,-0.1565,0.125));
#1457=CARTESIAN_POINT('',(0.092902588269635,0.0939000000000033,0.0836307903394597));
#1458=CARTESIAN_POINT('Ctrl Pts',(0.,0.08725,0.125));
#1459=CARTESIAN_POINT('Ctrl Pts',(0.000321063388277742,0.087269377889659,
0.125));
#1460=CARTESIAN_POINT('Ctrl Pts',(0.000642178761477794,0.0872887898414077,
0.124998763019861));
#1461=CARTESIAN_POINT('Ctrl Pts',(0.017687461549619,0.0883208478383282,
0.124867396024667));
#1462=CARTESIAN_POINT('Ctrl Pts',(0.0342142718247147,0.0894054282881552,
0.121383427540503));
#1463=CARTESIAN_POINT('Ctrl Pts',(0.057890772520973,0.0910900857661807,
0.111157257509943));
#1464=CARTESIAN_POINT('Ctrl Pts',(0.065802241958018,0.0916798988415933,
0.106664711305873));
#1465=CARTESIAN_POINT('Ctrl Pts',(0.0803509650829616,0.0928205224235601,
0.0961634927106525));
#1466=CARTESIAN_POINT('Ctrl Pts',(0.0869687225818399,0.0933538073371643,
0.0902225190389383));
#1467=CARTESIAN_POINT('Ctrl Pts',(0.0929025882696469,0.0939000000000044,
0.0836307903394464));
#1468=CARTESIAN_POINT('',(0.124827949120263,0.0939000000000033,-0.00655615119021836));
#1469=CARTESIAN_POINT('Origin',(0.,0.0939,0.));
#1470=CARTESIAN_POINT('Ctrl Pts',(0.124827949120262,0.0939000000000047,
-0.00655615119024098));
#1471=CARTESIAN_POINT('Ctrl Pts',(0.125461394448416,0.0931562370710435,
0.00550453485845989));
#1472=CARTESIAN_POINT('Ctrl Pts',(0.124343868519514,0.0924217397524062,
0.017593422174935));
#1473=CARTESIAN_POINT('Ctrl Pts',(0.118614508099184,0.0908462241059614,
0.0413242413246501));
#1474=CARTESIAN_POINT('Ctrl Pts',(0.113961904743041,0.090036179534772,0.0528183278147257));
#1475=CARTESIAN_POINT('Ctrl Pts',(0.0994689242833909,0.0881889230524044,
0.0774214862762617));
#1476=CARTESIAN_POINT('Ctrl Pts',(0.0885940314213825,0.0872305762610586,
0.0896618617604822));
#1477=CARTESIAN_POINT('Ctrl Pts',(0.0626986770292059,0.0851751481824217,
0.109362069129907));
#1478=CARTESIAN_POINT('Ctrl Pts',(0.0479053037466472,0.084101270447004,
0.116602816134614));
#1479=CARTESIAN_POINT('Ctrl Pts',(0.0216322642482394,0.0823407928450576,
0.123593191930651));
#1480=CARTESIAN_POINT('Ctrl Pts',(0.0108288022694115,0.0816535760325768,
0.125000000000001));
#1481=CARTESIAN_POINT('Ctrl Pts',(-1.63255236101376E-14,0.0809999999999991,
0.125));
#1482=CARTESIAN_POINT('Origin',(0.,-0.1565,0.));
#1483=CARTESIAN_POINT('',(-0.0933012701892167,-0.0998012701892167,5.02398011683753E-14));
#1484=CARTESIAN_POINT('',(-0.110212341227517,-0.116712341227517,-3.61026885423258E-12));
#1485=CARTESIAN_POINT('',(-0.15,-0.1565,-1.83697019872103E-17));
#1486=CARTESIAN_POINT('Ctrl Pts',(-0.0933012701892167,-0.0998012701892168,
1.00486930674949E-13));
#1487=CARTESIAN_POINT('Ctrl Pts',(-0.0930540045616117,-0.0995540045616119,
0.00482340514961735));
#1488=CARTESIAN_POINT('Ctrl Pts',(-0.0924226807789921,-0.0992950226548145,
0.0096828991793129));
#1489=CARTESIAN_POINT('Ctrl Pts',(-0.0913716307020421,-0.0990240473580834,
0.0145576248876835));
#1490=CARTESIAN_POINT('Ctrl Pts',(-0.0543157044014368,-0.0990240473580835,
0.0749032949535374));
#1491=CARTESIAN_POINT('Ctrl Pts',(-0.0634885385328591,-0.101029867481834,
0.0707293483831236));
#1492=CARTESIAN_POINT('Ctrl Pts',(-0.0709379201687374,-0.102658180556414,
0.0653868549757293));
#1493=CARTESIAN_POINT('Ctrl Pts',(-0.0838158676664178,-0.105863023465389,
0.0541169168863322));
#1494=CARTESIAN_POINT('Ctrl Pts',(-0.0898475830842761,-0.107585972521538,
0.0471875691148108));
#1495=CARTESIAN_POINT('Ctrl Pts',(-0.102315276495377,-0.111784761387092,
0.0281863251783139));
#1496=CARTESIAN_POINT('Ctrl Pts',(-0.107413664821193,-0.114180317596843,
0.0154352107843193));
#1497=CARTESIAN_POINT('Ctrl Pts',(-0.109980560893051,-0.116487368045391,
0.00138401598763072));
#1498=CARTESIAN_POINT('Ctrl Pts',(-0.110097754851105,-0.116597754851058,
0.000707486405902507));
#1499=CARTESIAN_POINT('Ctrl Pts',(-0.110212341227517,-0.116712341227517,
-7.2205152025765E-12));
#1500=CARTESIAN_POINT('Origin',(0.,-0.1565,0.));
#1501=CARTESIAN_POINT('Ctrl Pts',(-0.110212341227517,-0.116712341227517,
-7.22052284542207E-12));
#1502=CARTESIAN_POINT('Ctrl Pts',(-0.111607491469223,-0.118107491469787,
-0.00861402438885913));
#1503=CARTESIAN_POINT('Ctrl Pts',(-0.112768224408511,-0.120253403264189,
-0.0217720504454353));
#1504=CARTESIAN_POINT('Ctrl Pts',(-0.108661421152776,-0.124343337912146,
-0.0464543987873452));
#1505=CARTESIAN_POINT('Ctrl Pts',(-0.106168803816424,-0.1257876202797,-0.0551031164557296));
#1506=CARTESIAN_POINT('Ctrl Pts',(-0.0976608293638498,-0.129229038696096,
-0.0754414084317406));
#1507=CARTESIAN_POINT('Ctrl Pts',(-0.091719595964652,-0.130715169111072,
-0.0839471808446943));
#1508=CARTESIAN_POINT('Ctrl Pts',(-0.0883883476483181,-0.1315,-0.088388347648319));
#1509=CARTESIAN_POINT('',(-0.15,-0.1565,-1.83697019872103E-17));
#1510=CARTESIAN_POINT('',(-0.15,-0.1565,-1.83697019872103E-17));
#1511=CARTESIAN_POINT('Origin',(0.,-0.1565,0.));
#1512=CARTESIAN_POINT('Ctrl Pts',(-0.12500000000001,-0.13150000000001,-2.73177969746442E-13));
#1513=CARTESIAN_POINT('Ctrl Pts',(-0.124738318026449,-0.131238318026434,
0.00683890005225755));
#1514=CARTESIAN_POINT('Ctrl Pts',(-0.123932758602828,-0.130976741562795,
0.013407835218464));
#1515=CARTESIAN_POINT('Ctrl Pts',(-0.121301422938737,-0.130444914016321,
0.0262605363976885));
#1516=CARTESIAN_POINT('Ctrl Pts',(-0.119518667781799,-0.130178975876415,
0.0324511610667943));
#1517=CARTESIAN_POINT('Ctrl Pts',(-0.1128033613029,-0.129379825969163,0.0503546372611694));
#1518=CARTESIAN_POINT('Ctrl Pts',(-0.106534010642779,-0.1288429322967,0.061473952902854));
#1519=CARTESIAN_POINT('Ctrl Pts',(-0.0900490322707318,-0.127743570673474,
0.0823697752232593));
#1520=CARTESIAN_POINT('Ctrl Pts',(-0.0781251967499651,-0.127120622164321,
0.09368571604591));
#1521=CARTESIAN_POINT('Ctrl Pts',(-0.0487285291962543,-0.125689635613553,
0.10984660925346));
#1522=CARTESIAN_POINT('Ctrl Pts',(-0.0339937414494397,-0.125016866634547,
0.114565480666889));
#1523=CARTESIAN_POINT('Ctrl Pts',(-0.00564920699445295,-0.123798165679905,
0.117903118475952));
#1524=CARTESIAN_POINT('Ctrl Pts',(0.0102922141415222,-0.123173982059765,
0.117574644188621));
#1525=CARTESIAN_POINT('Ctrl Pts',(0.0416417747110176,-0.121734216671191,
0.108463420818721));
#1526=CARTESIAN_POINT('Ctrl Pts',(0.0549454125828823,-0.121061110128922,
0.101610395075073));
#1527=CARTESIAN_POINT('Ctrl Pts',(0.0764968092875056,-0.119847431272246,
0.084588533662033));
#1528=CARTESIAN_POINT('Ctrl Pts',(0.0872008232239783,-0.119223304172979,
0.0734969958696891));
#1529=CARTESIAN_POINT('Ctrl Pts',(0.102410543193316,-0.117781469860742,
0.0458132419686039));
#1530=CARTESIAN_POINT('Ctrl Pts',(0.106806200015334,-0.117110653681594,
0.0320991182269227));
#1531=CARTESIAN_POINT('Ctrl Pts',(0.109751190397696,-0.115964389511481,
0.00724873277503286));
#1532=CARTESIAN_POINT('Ctrl Pts',(0.109982665735741,-0.115336149765473,
-0.00777671168351222));
#1533=CARTESIAN_POINT('Ctrl Pts',(0.101345733787837,-0.11385191027326,-0.037972023015538));
#1534=CARTESIAN_POINT('Ctrl Pts',(0.0950586424940948,-0.113182196503736,
-0.0503322362448493));
#1535=CARTESIAN_POINT('Ctrl Pts',(0.0844763743786831,-0.112363741936609,
-0.0638971176929718));
#1536=CARTESIAN_POINT('Ctrl Pts',(0.0822147978467824,-0.112200508299005,
-0.0665228869523901));
#1537=CARTESIAN_POINT('Ctrl Pts',(0.0750548770999114,-0.111716915600526,
-0.0740631402925375));
#1538=CARTESIAN_POINT('Ctrl Pts',(0.069767501804654,-0.111403749660692,
-0.0786530636263953));
#1539=CARTESIAN_POINT('Ctrl Pts',(0.0533999944276714,-0.110450221354836,
-0.0901227989506606));
#1540=CARTESIAN_POINT('Ctrl Pts',(0.041462498309953,-0.109799486457076,
-0.0954965816609469));
#1541=CARTESIAN_POINT('Ctrl Pts',(0.0223710650695557,-0.108816471975895,
-0.100061767534584));
#1542=CARTESIAN_POINT('Ctrl Pts',(0.0157649688497502,-0.108485886244511,
-0.100979015224893));
#1543=CARTESIAN_POINT('Ctrl Pts',(0.00242285429798984,-0.10783760210548,
-0.101529369834866));
#1544=CARTESIAN_POINT('Ctrl Pts',(-0.00436846353909968,-0.107522849664596,
-0.101156089284827));
#1545=CARTESIAN_POINT('Ctrl Pts',(-0.0233552318726801,-0.106574398911272,
-0.0981007975627474));
#1546=CARTESIAN_POINT('Ctrl Pts',(-0.0351535797203576,-0.105927607197679,
-0.0938314181723744));
#1547=CARTESIAN_POINT('Ctrl Pts',(-0.0513562815586591,-0.104945890264011,
-0.0842313762815534));
#1548=CARTESIAN_POINT('Ctrl Pts',(-0.0565306115611867,-0.104614451938977,
-0.0804459219728396));
#1549=CARTESIAN_POINT('Ctrl Pts',(-0.0701285141796783,-0.103689904520101,
-0.0683177845068986));
#1550=CARTESIAN_POINT('Ctrl Pts',(-0.0782361101244519,-0.103068508630434,
-0.0582579801884408));
#1551=CARTESIAN_POINT('Ctrl Pts',(-0.0885612682263174,-0.101781320661293,
-0.0365982127893288));
#1552=CARTESIAN_POINT('Ctrl Pts',(-0.091442894069921,-0.101222869326192,
-0.0267323195642794));
#1553=CARTESIAN_POINT('Ctrl Pts',(-0.0933791263190164,-0.100380137163857,
-0.0111362714197847));
#1554=CARTESIAN_POINT('Ctrl Pts',(-0.0935880130799087,-0.100088013079909,
-0.00559348725063023));
#1555=CARTESIAN_POINT('Ctrl Pts',(-0.0933012701892168,-0.0998012701892167,
1.00467124776995E-13));
#1556=CARTESIAN_POINT('Origin',(0.,-0.1565,0.));
#1557=CARTESIAN_POINT('Ctrl Pts',(-1.63173280661566E-14,0.0809999999999991,
0.125));
#1558=CARTESIAN_POINT('Ctrl Pts',(-0.0053440808923318,0.0806774561857829,
0.124999999999999));
#1559=CARTESIAN_POINT('Ctrl Pts',(-0.0106932950587766,0.0803460356243689,
0.124657322932097));
#1560=CARTESIAN_POINT('Ctrl Pts',(-0.0321853544747511,0.0789794633600495,
0.121880853684694));
#1561=CARTESIAN_POINT('Ctrl Pts',(-0.0477907897901978,0.0779067778866758,
0.116648288335036));
#1562=CARTESIAN_POINT('Ctrl Pts',(-0.076070941313267,0.075796494286185,
0.100511269668363));
#1563=CARTESIAN_POINT('Ctrl Pts',(-0.0884834362773699,0.074831457992549,
0.0897773748591924));
#1564=CARTESIAN_POINT('Ctrl Pts',(-0.108526656268402,0.0727823322273749,
0.0641285210953757));
#1565=CARTESIAN_POINT('Ctrl Pts',(-0.115952505314606,0.071710853089428,
0.0494515608529505));
#1566=CARTESIAN_POINT('Ctrl Pts',(-0.124749679692242,0.0695983523654148,
0.0180944117743586));
#1567=CARTESIAN_POINT('Ctrl Pts',(-0.126043367091343,0.0686297076068773,
0.00171688919668829));
#1568=CARTESIAN_POINT('Ctrl Pts',(-0.122279751735152,0.0665836638677295,
-0.0306241329177647));
#1569=CARTESIAN_POINT('Ctrl Pts',(-0.11725480910875,0.0655133993201483,
-0.0462754571691731));
#1570=CARTESIAN_POINT('Ctrl Pts',(-0.101482451641847,0.0633987919479445,
-0.0747782949022235));
#1571=CARTESIAN_POINT('Ctrl Pts',(-0.0908827619051767,0.0624264004147186,
-0.0873543797886707));
#1572=CARTESIAN_POINT('Ctrl Pts',(-0.0654688161048579,0.0603833816525256,
-0.107720437651846));
#1573=CARTESIAN_POINT('Ctrl Pts',(-0.0509038837599999,0.0593143342863965,
-0.115319475095007));
#1574=CARTESIAN_POINT('Ctrl Pts',(-0.0196456375904729,0.0571977299175494,
-0.124519568010421));
#1575=CARTESIAN_POINT('Ctrl Pts',(-0.00324801115588115,0.0562214813307892,
-0.126017860648288));
#1576=CARTESIAN_POINT('Ctrl Pts',(0.0291521625661634,0.0541814231394555,
-0.122636471817946));
#1577=CARTESIAN_POINT('Ctrl Pts',(0.0448441481412233,0.0531135901112888,
-0.117806955087152));
#1578=CARTESIAN_POINT('Ctrl Pts',(0.0735540423881474,0.0509950968641261,
-0.102379041265866));
#1579=CARTESIAN_POINT('Ctrl Pts',(0.0862840915743031,0.0500149083811821,
-0.0919058820146282));
#1580=CARTESIAN_POINT('Ctrl Pts',(0.106951197846296,0.0479777397512714,
-0.0667135627134935));
#1581=CARTESIAN_POINT('Ctrl Pts',(0.114710795736774,0.0469111130764807,
-0.0522552440108023));
#1582=CARTESIAN_POINT('Ctrl Pts',(0.12428746657651,0.0447908369139236,-0.0210921452547018));
#1583=CARTESIAN_POINT('Ctrl Pts',(0.125977587535114,0.043806652158311,-0.00467584930068087));
#1584=CARTESIAN_POINT('Ctrl Pts',(0.122952767610843,0.0417722962634106,
0.0277775413574054));
#1585=CARTESIAN_POINT('Ctrl Pts',(0.118305467613035,0.0407068631627049,
0.0435052402744369));
#1586=CARTESIAN_POINT('Ctrl Pts',(0.103199836032794,0.0385849073588838,
0.0724059977136503));
#1587=CARTESIAN_POINT('Ctrl Pts',(0.0928449041388231,0.037596695131118,
0.0852796215244649));
#1588=CARTESIAN_POINT('Ctrl Pts',(0.0678597198804615,0.0355650701311204,
0.106225050829438));
#1589=CARTESIAN_POINT('Ctrl Pts',(0.0535018062331825,0.0345008134182034,
0.114132249491477));
#1590=CARTESIAN_POINT('Ctrl Pts',(0.0257188364208226,0.0326020941819345,
0.123006996418232));
#1591=CARTESIAN_POINT('Ctrl Pts',(0.0128887135828932,0.0317779026783341,
0.125000000000002));
#1592=CARTESIAN_POINT('Ctrl Pts',(-2.51630518696415E-14,0.0309999999999985,
0.125));
#1593=CARTESIAN_POINT('Ctrl Pts',(0.,0.03725,0.125));
#1594=CARTESIAN_POINT('Ctrl Pts',(0.00057052001981277,0.0372844339292359,
0.125));
#1595=CARTESIAN_POINT('Ctrl Pts',(0.00114119929274445,0.037318975118119,
0.124996094085904));
#1596=CARTESIAN_POINT('Ctrl Pts',(0.0184249590431695,0.0383680608064567,
0.12475935375068));
#1597=CARTESIAN_POINT('Ctrl Pts',(0.034920959294268,0.0394531503727417,
0.121180638630406));
#1598=CARTESIAN_POINT('Ctrl Pts',(0.0649491881102077,0.0415948893665098,
0.108005636141189));
#1599=CARTESIAN_POINT('Ctrl Pts',(0.0782874947639477,0.0426212240461251,
0.0987644741276761));
#1600=CARTESIAN_POINT('Ctrl Pts',(0.101175879829493,0.0446105295365816,
0.0752852610886378));
#1601=CARTESIAN_POINT('Ctrl Pts',(0.110323946841828,0.0456955404471773,
0.0610974651349892));
#1602=CARTESIAN_POINT('Ctrl Pts',(0.122270031207432,0.0478375070423983,
0.0305564307408588));
#1603=CARTESIAN_POINT('Ctrl Pts',(0.125181758910442,0.0488647688412809,
0.0145917030655862));
#1604=CARTESIAN_POINT('Ctrl Pts',(0.124793053981239,0.0508535294704125,
-0.0181981550769663));
#1605=CARTESIAN_POINT('Ctrl Pts',(0.121243460363184,0.0519384664038528,
-0.0347036889454679));
#1606=CARTESIAN_POINT('Ctrl Pts',(0.108119385522178,0.0540806438338155,
-0.0647602769327174));
#1607=CARTESIAN_POINT('Ctrl Pts',(0.0989000228697168,0.0551087718604544,
-0.078116650948521));
#1608=CARTESIAN_POINT('Ctrl Pts',(0.0754563710548185,0.0570970253531062,
-0.101048808491491));
#1609=CARTESIAN_POINT('Ctrl Pts',(0.0612814723514777,0.0581818927994241,
-0.110222273649323));
#1610=CARTESIAN_POINT('Ctrl Pts',(0.0307552949409366,0.06032426551012,-0.122220470565202));
#1611=CARTESIAN_POINT('Ctrl Pts',(0.0147930195166967,0.0613532022797515,
-0.125158400465017));
#1612=CARTESIAN_POINT('Ctrl Pts',(-0.0180022134049637,0.0633409839562598,
-0.124821829505361));
#1613=CARTESIAN_POINT('Ctrl Pts',(-0.034515941718985,0.0644257862102824,
-0.121297406205523));
#1614=CARTESIAN_POINT('Ctrl Pts',(-0.0645969937924647,0.0665683397763664,
-0.108217347448432));
#1615=CARTESIAN_POINT('Ctrl Pts',(-0.0779689723917242,0.0675980311069396,
-0.0990168110396574));
#1616=CARTESIAN_POINT('Ctrl Pts',(-0.100938896265269,0.0695853740070504,
-0.0756038897422948));
#1617=CARTESIAN_POINT('Ctrl Pts',(-0.110134270045837,0.0706701151647104,
-0.0614401583066183));
#1618=CARTESIAN_POINT('Ctrl Pts',(-0.122177446916749,0.0728128362106666,
-0.030926840795924));
#1619=CARTESIAN_POINT('Ctrl Pts',(-0.125137991481177,0.073843231107774,
-0.0149666809812299));
#1620=CARTESIAN_POINT('Ctrl Pts',(-0.124846404435267,0.075830166112501,
0.0178331567702051));
#1621=CARTESIAN_POINT('Ctrl Pts',(-0.121343706430203,0.0769148500696688,
0.0343539239895017));
#1622=CARTESIAN_POINT('Ctrl Pts',(-0.108301638184119,0.0790577261959692,
0.0644560566005333));
#1623=CARTESIAN_POINT('Ctrl Pts',(-0.0991173399580742,0.0800887767297143,
0.0778414955809638));
#1624=CARTESIAN_POINT('Ctrl Pts',(-0.07573093888036,0.0820753326804203,
0.10084396695227));
#1625=CARTESIAN_POINT('Ctrl Pts',(-0.0615768610388819,0.0831599631338198,
0.11005821840046));
#1626=CARTESIAN_POINT('Ctrl Pts',(-0.0313734204315082,0.0852819923841173,
0.122021832467684));
#1627=CARTESIAN_POINT('Ctrl Pts',(-0.0157537440815616,0.0862991774345035,
0.125));
#1628=CARTESIAN_POINT('Ctrl Pts',(8.19554398099279E-17,0.08725,0.125));
#1629=CARTESIAN_POINT('Origin',(-4.18193612649757E-33,0.1565,0.));
#1630=CARTESIAN_POINT('',(-0.0235782964076951,0.0558821216755089,-0.23984383239623));
#1631=CARTESIAN_POINT('',(0.0235782964076957,0.0558821216755089,-0.23984383239623));
#1632=CARTESIAN_POINT('Origin',(-2.60093085506036E-17,0.0558821216755089,
0.));
#1633=CARTESIAN_POINT('',(0.0235782964076908,-0.142380204111072,-0.239843832396233));
#1634=CARTESIAN_POINT('',(0.0235782964076957,0.1565,-0.23984383239623));
#1635=CARTESIAN_POINT('',(-0.0235782964076952,-0.142380204111067,-0.23984383239623));
#1636=CARTESIAN_POINT('Origin',(-1.72917628399962E-18,-0.142380204111067,
0.));
#1637=CARTESIAN_POINT('',(-0.0235782964076951,0.1565,-0.23984383239623));
#1638=CARTESIAN_POINT('Origin',(0.,-0.1565,0.));
#1639=CARTESIAN_POINT('',(-0.156012023679042,0.145607185358568,-1.91059625427039E-17));
#1640=CARTESIAN_POINT('Origin',(-3.69974597548786E-17,0.145607185358568,
0.));
#1641=CARTESIAN_POINT('',(-0.156012023679042,0.0938999999999999,-1.91059625427039E-17));
#1642=CARTESIAN_POINT('',(-0.156012023679042,-0.1565,-1.91059625427039E-17));
#1643=CARTESIAN_POINT('Origin',(-3.06651558506497E-17,0.0939,0.));
#1644=CARTESIAN_POINT('Origin',(0.,-0.1565,0.));
#1645=CARTESIAN_POINT('',(0.10975,0.0685,-0.190092576130684));
#1646=CARTESIAN_POINT('',(0.2195,0.0685,0.));
#1647=CARTESIAN_POINT('Origin',(-2.75545529808155E-17,0.0685,0.));
#1648=CARTESIAN_POINT('',(-0.10975,0.0685,-0.190092576130684));
#1649=CARTESIAN_POINT('Origin',(-2.75545529808155E-17,0.0685,0.));
#1650=CARTESIAN_POINT('',(-0.2195,0.0685,0.));
#1651=CARTESIAN_POINT('Origin',(-2.75545529808155E-17,0.0685,0.));
#1652=CARTESIAN_POINT('',(-0.2195,0.119309604518804,-2.68809972412844E-17));
#1653=CARTESIAN_POINT('',(-0.2195,-0.1565,-2.68809972412844E-17));
#1654=CARTESIAN_POINT('Origin',(-3.37769349348051E-17,0.119309604518804,
0.));
#1655=CARTESIAN_POINT('',(-0.10975,0.0685,0.190092576130684));
#1656=CARTESIAN_POINT('Origin',(-2.75545529808155E-17,0.0685,0.));
#1657=CARTESIAN_POINT('',(0.10975,0.0685,0.190092576130684));
#1658=CARTESIAN_POINT('Origin',(-2.75545529808155E-17,0.0685,0.));
#1659=CARTESIAN_POINT('Origin',(-2.75545529808155E-17,0.0685,0.));
#1660=CARTESIAN_POINT('Origin',(-3.37769349348051E-17,0.119309604518804,
0.));
#1661=CARTESIAN_POINT('Origin',(-0.182309604518804,0.119309604518804,-2.23264873627774E-17));
#1662=CARTESIAN_POINT('Origin',(-2.44053520415111E-18,-0.136571517715554,
0.));
#1663=CARTESIAN_POINT('',(-0.2195,-0.142380204111067,-0.0995025125310913));
#1664=CARTESIAN_POINT('',(-0.2195,-0.142380204111068,0.0995025125310925));
#1665=CARTESIAN_POINT('Ctrl Pts',(-0.2195,-0.142380204111067,-0.0995025125310916));
#1666=CARTESIAN_POINT('Ctrl Pts',(-0.2195,-0.161537032104752,3.60822483003176E-16));
#1667=CARTESIAN_POINT('Ctrl Pts',(-0.2195,-0.142380204111066,0.0995025125310925));
#1668=CARTESIAN_POINT('',(-0.195921703592309,-0.142380204111072,-0.140341319865136));
#1669=CARTESIAN_POINT('Origin',(-1.72917628399962E-18,-0.142380204111067,
0.));
#1670=CARTESIAN_POINT('Ctrl Pts',(-0.0235782964076948,-0.142380204111067,
-0.23984383239623));
#1671=CARTESIAN_POINT('Ctrl Pts',(-0.109750000000001,-0.161537032104752,
-0.190092576130684));
#1672=CARTESIAN_POINT('Ctrl Pts',(-0.195921703592308,-0.142380204111066,
-0.140341319865137));
#1673=CARTESIAN_POINT('',(0.195921703592304,-0.142380204111066,-0.140341319865139));
#1674=CARTESIAN_POINT('Ctrl Pts',(0.195921703592305,-0.142380204111067,
-0.140341319865139));
#1675=CARTESIAN_POINT('Ctrl Pts',(0.109749999999998,-0.161537032104752,
-0.190092576130685));
#1676=CARTESIAN_POINT('Ctrl Pts',(0.0235782964076914,-0.142380204111066,
-0.239843832396232));
#1677=CARTESIAN_POINT('',(0.2195,-0.142380204111067,-0.0995025125310911));
#1678=CARTESIAN_POINT('Origin',(-1.72917628399962E-18,-0.142380204111067,
0.));
#1679=CARTESIAN_POINT('',(0.2195,-0.152405818761399,-5.19266666585655E-17));
#1680=CARTESIAN_POINT('Ctrl Pts',(0.2195,-0.142380204111067,-0.0995025125310913));
#1681=CARTESIAN_POINT('Ctrl Pts',(0.2195,-0.152405818761399,-0.0474284505984247));
#1682=CARTESIAN_POINT('Ctrl Pts',(0.2195,-0.152405818761399,-7.69723360758467E-17));
#1683=CARTESIAN_POINT('',(0.21072,-0.1565,-2.5805757351633E-17));
#1684=CARTESIAN_POINT('',(0.253456768174246,-0.136571517715554,-3.10395019866823E-17));
#1685=CARTESIAN_POINT('Origin',(0.,-0.1565,0.));
#1686=CARTESIAN_POINT('',(0.2195,-0.142380204111066,0.0995025125310911));
#1687=CARTESIAN_POINT('Ctrl Pts',(0.2195,-0.152405818761399,-7.69723360758467E-17));
#1688=CARTESIAN_POINT('Ctrl Pts',(0.2195,-0.152405818761399,0.0474284505984248));
#1689=CARTESIAN_POINT('Ctrl Pts',(0.2195,-0.142380204111066,0.0995025125310918));
#1690=CARTESIAN_POINT('',(0.195921703592309,-0.142380204111072,0.140341319865136));
#1691=CARTESIAN_POINT('Origin',(-1.72917628399962E-18,-0.142380204111067,
0.));
#1692=CARTESIAN_POINT('',(0.0235782964076955,-0.142380204111067,0.23984383239623));
#1693=CARTESIAN_POINT('Ctrl Pts',(0.0235782964076951,-0.142380204111066,
0.23984383239623));
#1694=CARTESIAN_POINT('Ctrl Pts',(0.109750000000001,-0.161537032104752,
0.190092576130683));
#1695=CARTESIAN_POINT('Ctrl Pts',(0.195921703592308,-0.142380204111066,
0.140341319865136));
#1696=CARTESIAN_POINT('',(-0.0235782964076905,-0.142380204111072,0.239843832396233));
#1697=CARTESIAN_POINT('Origin',(-1.72917628399962E-18,-0.142380204111067,
0.));
#1698=CARTESIAN_POINT('',(-0.195921703592304,-0.142380204111067,0.140341319865139));
#1699=CARTESIAN_POINT('Ctrl Pts',(-0.195921703592305,-0.142380204111066,
0.140341319865138));
#1700=CARTESIAN_POINT('Ctrl Pts',(-0.109749999999998,-0.161537032104752,
0.190092576130685));
#1701=CARTESIAN_POINT('Ctrl Pts',(-0.0235782964076913,-0.142380204111066,
0.239843832396232));
#1702=CARTESIAN_POINT('Origin',(-1.72917628399962E-18,-0.142380204111067,
0.));
#1703=CARTESIAN_POINT('Origin',(-2.75545529808155E-17,0.0685,0.));
#1704=CARTESIAN_POINT('',(-0.195921703592304,0.0558821216755089,0.140341319865139));
#1705=CARTESIAN_POINT('',(-0.2195,0.055882121675509,0.0995025125310913));
#1706=CARTESIAN_POINT('Origin',(-2.60093085506036E-17,0.0558821216755089,
0.));
#1707=CARTESIAN_POINT('Ctrl Pts',(-0.10975,0.0685,0.190092576130684));
#1708=CARTESIAN_POINT('Ctrl Pts',(-0.150824243080375,0.0685,0.16637835083147));
#1709=CARTESIAN_POINT('Ctrl Pts',(-0.195921703592315,0.0558821216755061,
0.140341319865133));
#1710=CARTESIAN_POINT('Ctrl Pts',(-0.2195,0.0558821216755067,0.0995025125311005));
#1711=CARTESIAN_POINT('Ctrl Pts',(-0.2195,0.0685,0.0474284505984287));
#1712=CARTESIAN_POINT('Ctrl Pts',(-0.2195,0.0685000000000001,2.4852858223106E-16));
#1713=CARTESIAN_POINT('Origin',(-2.75545529808155E-17,0.0685,0.));
#1714=CARTESIAN_POINT('',(-0.2195,0.055882121675509,-0.0995025125310913));
#1715=CARTESIAN_POINT('',(-0.195921703592304,0.0558821216755089,-0.140341319865139));
#1716=CARTESIAN_POINT('Origin',(-2.60093085506036E-17,0.0558821216755089,
0.));
#1717=CARTESIAN_POINT('Ctrl Pts',(-0.2195,0.0685000000000001,2.4852858223106E-16));
#1718=CARTESIAN_POINT('Ctrl Pts',(-0.2195,0.0685000000000001,-0.0474284505984288));
#1719=CARTESIAN_POINT('Ctrl Pts',(-0.2195,0.0558821216755066,-0.0995025125311012));
#1720=CARTESIAN_POINT('Ctrl Pts',(-0.195921703592315,0.055882121675506,
-0.140341319865133));
#1721=CARTESIAN_POINT('Ctrl Pts',(-0.150824243080375,0.0685,-0.166378350831469));
#1722=CARTESIAN_POINT('Ctrl Pts',(-0.10975,0.0685000000000001,-0.190092576130684));
#1723=CARTESIAN_POINT('Origin',(-2.75545529808155E-17,0.0685,0.));
#1724=CARTESIAN_POINT('Ctrl Pts',(-0.10975,0.0685000000000001,-0.190092576130684));
#1725=CARTESIAN_POINT('Ctrl Pts',(-0.0686757569196243,0.0685000000000002,
-0.213806801429899));
#1726=CARTESIAN_POINT('Ctrl Pts',(-0.0235782964076847,0.0558821216755061,
-0.239843832396236));
#1727=CARTESIAN_POINT('Ctrl Pts',(0.0235782964076854,0.0558821216755061,
-0.239843832396236));
#1728=CARTESIAN_POINT('Ctrl Pts',(0.0686757569196247,0.0685,-0.213806801429899));
#1729=CARTESIAN_POINT('Ctrl Pts',(0.10975,0.0685,-0.190092576130684));
#1730=CARTESIAN_POINT('Origin',(-2.75545529808155E-17,0.0685,0.));
#1731=CARTESIAN_POINT('',(0.0235782964076957,0.0558821216755089,0.23984383239623));
#1732=CARTESIAN_POINT('',(-0.0235782964076951,0.0558821216755089,0.23984383239623));
#1733=CARTESIAN_POINT('Origin',(-2.60093085506036E-17,0.0558821216755089,
0.));
#1734=CARTESIAN_POINT('Ctrl Pts',(0.10975,0.0685,0.190092576130684));
#1735=CARTESIAN_POINT('Ctrl Pts',(0.0686757569196247,0.0685,0.213806801429899));
#1736=CARTESIAN_POINT('Ctrl Pts',(0.0235782964076854,0.0558821216755061,
0.239843832396236));
#1737=CARTESIAN_POINT('Ctrl Pts',(-0.0235782964076849,0.0558821216755061,
0.239843832396236));
#1738=CARTESIAN_POINT('Ctrl Pts',(-0.0686757569196243,0.0685,0.213806801429899));
#1739=CARTESIAN_POINT('Ctrl Pts',(-0.10975,0.0685,0.190092576130684));
#1740=CARTESIAN_POINT('Origin',(-2.75545529808155E-17,0.0685,0.));
#1741=CARTESIAN_POINT('',(0.195921703592304,0.055882121675509,-0.140341319865139));
#1742=CARTESIAN_POINT('',(0.2195,0.055882121675509,-0.0995025125310911));
#1743=CARTESIAN_POINT('Origin',(-2.60093085506036E-17,0.0558821216755089,
0.));
#1744=CARTESIAN_POINT('Ctrl Pts',(0.10975,0.0685,-0.190092576130684));
#1745=CARTESIAN_POINT('Ctrl Pts',(0.150824243080375,0.0684999999999999,
-0.166378350831469));
#1746=CARTESIAN_POINT('Ctrl Pts',(0.195921703592314,0.0558821216755061,
-0.140341319865133));
#1747=CARTESIAN_POINT('Ctrl Pts',(0.2195,0.0558821216755067,-0.0995025125311005));
#1748=CARTESIAN_POINT('Ctrl Pts',(0.2195,0.0685,-0.0474284505984286));
#1749=CARTESIAN_POINT('Ctrl Pts',(0.2195,0.0685,5.52285738291247E-17));
#1750=CARTESIAN_POINT('Origin',(-2.75545529808155E-17,0.0685,0.));
#1751=CARTESIAN_POINT('',(0.2195,0.055882121675509,0.0995025125310911));
#1752=CARTESIAN_POINT('',(0.195921703592304,0.055882121675509,0.140341319865139));
#1753=CARTESIAN_POINT('Origin',(-2.60093085506036E-17,0.0558821216755089,
0.));
#1754=CARTESIAN_POINT('Ctrl Pts',(0.2195,0.0685,5.52285738291247E-17));
#1755=CARTESIAN_POINT('Ctrl Pts',(0.2195,0.0685,0.0474284505984288));
#1756=CARTESIAN_POINT('Ctrl Pts',(0.2195,0.0558821216755066,0.0995025125311008));
#1757=CARTESIAN_POINT('Ctrl Pts',(0.195921703592315,0.0558821216755061,
0.140341319865133));
#1758=CARTESIAN_POINT('Ctrl Pts',(0.150824243080376,0.0684999999999999,
0.166378350831469));
#1759=CARTESIAN_POINT('Ctrl Pts',(0.10975,0.0685,0.190092576130684));
#1760=CARTESIAN_POINT('Origin',(0.2195,0.1565,-0.126728384087123));
#1761=CARTESIAN_POINT('',(0.195921703592304,0.1565,-0.140341319865139));
#1762=CARTESIAN_POINT('Origin',(1.36592399683213E-16,0.1565,-0.253456768174246));
#1763=CARTESIAN_POINT('',(-0.195921703592304,0.1565,-0.140341319865139));
#1764=CARTESIAN_POINT('Origin',(-0.2195,0.1565,-0.126728384087123));
#1765=CARTESIAN_POINT('',(-0.2195,0.1565,0.0995025125310913));
#1766=CARTESIAN_POINT('',(-0.2195,0.1565,-0.0995025125310913));
#1767=CARTESIAN_POINT('Origin',(-0.2195,0.1565,0.126728384087123));
#1768=CARTESIAN_POINT('',(-0.0235782964076951,0.1565,0.23984383239623));
#1769=CARTESIAN_POINT('',(-0.195921703592304,0.1565,0.140341319865139));
#1770=CARTESIAN_POINT('Origin',(1.36592399683213E-16,0.1565,0.253456768174246));
#1771=CARTESIAN_POINT('',(0.195921703592304,0.1565,0.140341319865139));
#1772=CARTESIAN_POINT('',(0.0235782964076957,0.1565,0.23984383239623));
#1773=CARTESIAN_POINT('Origin',(0.2195,0.1565,0.126728384087123));
#1774=CARTESIAN_POINT('',(0.2195,0.1565,-0.0995025125310911));
#1775=CARTESIAN_POINT('',(0.2195,0.1565,0.0995025125310911));
#1776=CARTESIAN_POINT('Origin',(0.,0.0939,-0.0925240473580834));
#1777=CARTESIAN_POINT('Ctrl Pts',(0.124827949120257,0.0939,-0.00655615119021781));
#1778=CARTESIAN_POINT('Ctrl Pts',(0.123104243882318,0.0939,-0.0173236509911661));
#1779=CARTESIAN_POINT('Ctrl Pts',(0.119919785230525,0.0939,-0.0278042696635733));
#1780=CARTESIAN_POINT('Ctrl Pts',(0.11101937192254,0.0939,-0.0471288219711601));
#1781=CARTESIAN_POINT('Ctrl Pts',(0.10547375354718,0.0939,-0.0559429256754389));
#1782=CARTESIAN_POINT('Ctrl Pts',(0.0913771575928248,0.0939,-0.0729648412325585));
#1783=CARTESIAN_POINT('Ctrl Pts',(0.0803337330639579,0.0939,-0.0836786643605938));
#1784=CARTESIAN_POINT('Ctrl Pts',(0.0587910177776546,0.0939,-0.0952570983366131));
#1785=CARTESIAN_POINT('Ctrl Pts',(0.0523161088495164,0.0939,-0.0979694948734966));
#1786=CARTESIAN_POINT('Ctrl Pts',(0.0322029214044406,0.0939,-0.10419192904908));
#1787=CARTESIAN_POINT('Ctrl Pts',(0.0181087099896338,0.0939,-0.105698854205729));
#1788=CARTESIAN_POINT('Ctrl Pts',(-0.00269431003467383,0.0939,-0.103886373030511));
#1789=CARTESIAN_POINT('Ctrl Pts',(-0.00926184663122362,0.0939,-0.102667607925123));
#1790=CARTESIAN_POINT('Ctrl Pts',(-0.0266053562391272,0.0939,-0.0975010872753728));
#1791=CARTESIAN_POINT('Ctrl Pts',(-0.0367812655955343,0.0939,-0.0924350630715632));
#1792=CARTESIAN_POINT('Ctrl Pts',(-0.0502908135426982,0.0939,-0.0824817203607322));
#1793=CARTESIAN_POINT('Ctrl Pts',(-0.0544303750352762,0.0938999999999999,
-0.0788557566804214));
#1794=CARTESIAN_POINT('Ctrl Pts',(-0.0620429845416983,0.0938999999999999,
-0.070959253528688));
#1795=CARTESIAN_POINT('Ctrl Pts',(-0.0656584862524127,0.0939,-0.0665456760282987));
#1796=CARTESIAN_POINT('Ctrl Pts',(-0.068765787813959,0.0939,-0.0619028736477268));
#1797=CARTESIAN_POINT('Ctrl Pts',(-0.0923966966081306,0.0939,0.00485281314567914));
#1798=CARTESIAN_POINT('Ctrl Pts',(-0.093126355823797,0.0939,0.0128802227029586));
#1799=CARTESIAN_POINT('Ctrl Pts',(-0.092845411426161,0.0939,0.0209651470475154));
#1800=CARTESIAN_POINT('Ctrl Pts',(-0.0902548800868275,0.0939,0.0369915983140114));
#1801=CARTESIAN_POINT('Ctrl Pts',(-0.0879278080785788,0.0939000000006166,
0.0448604476149209));
#1802=CARTESIAN_POINT('Ctrl Pts',(-0.0784581672977741,0.0939000000006166,
0.0663832697040049));
#1803=CARTESIAN_POINT('Ctrl Pts',(-0.0697610521218285,0.0938999999999999,
0.0769823736446793));
#1804=CARTESIAN_POINT('Ctrl Pts',(-0.0518129576954033,0.0938999999999999,
0.0940440134740279));
#1805=CARTESIAN_POINT('Ctrl Pts',(-0.0402567664978204,0.0938999999999999,
0.101452531309916));
#1806=CARTESIAN_POINT('Ctrl Pts',(-0.0118356765771404,0.0938999999999999,
0.112816459039484));
#1807=CARTESIAN_POINT('Ctrl Pts',(0.00318289916833329,0.0939,0.114463642631325));
#1808=CARTESIAN_POINT('Ctrl Pts',(0.0293431679842527,0.0939,0.113991283808964));
#1809=CARTESIAN_POINT('Ctrl Pts',(0.0428845682440235,0.0939,0.11136429751055));
#1810=CARTESIAN_POINT('Ctrl Pts',(0.0623100755463497,0.0939,0.103939421408765));
#1811=CARTESIAN_POINT('Ctrl Pts',(0.0687012773717211,0.0939,0.100811100692648));
#1812=CARTESIAN_POINT('Ctrl Pts',(0.0812864834148853,0.0939,0.0931791664030204));
#1813=CARTESIAN_POINT('Ctrl Pts',(0.0873144363816932,0.0939,0.0886479259365594));
#1814=CARTESIAN_POINT('Ctrl Pts',(0.0929025882696387,0.0939,0.083630790339464));
#1815=CARTESIAN_POINT('Origin',(0.,-0.1565,0.));
#1816=CARTESIAN_POINT('Origin',(-4.18193612649757E-33,0.1565,0.));
#1817=CARTESIAN_POINT('Origin',(-4.18193612649757E-33,0.1565,0.));
#1818=CARTESIAN_POINT('Origin',(-4.18193612649757E-33,0.1565,0.));
#1819=CARTESIAN_POINT('Origin',(-4.18193612649757E-33,0.1565,0.));
#1820=CARTESIAN_POINT('Origin',(-4.18193612649757E-33,0.1565,0.));
#1821=CARTESIAN_POINT('Origin',(-2.18547839493141E-17,-0.228375,-6.19245012443761E-17));
#1822=CARTESIAN_POINT('Ctrl Pts',(-0.0925240473580834,-0.0502499999999982,
2.08986371515316E-14));
#1823=CARTESIAN_POINT('Ctrl Pts',(-0.0925240473580824,-0.0498797207662697,
0.00454107078397054));
#1824=CARTESIAN_POINT('Ctrl Pts',(-0.0921898043615709,-0.0494979013793271,
0.00908522097298385));
#1825=CARTESIAN_POINT('Ctrl Pts',(-0.0897395819860868,-0.0480703391663148,
0.025577798540341));
#1826=CARTESIAN_POINT('Ctrl Pts',(-0.0856241976528418,-0.0469924120019017,
0.0370927510626972));
#1827=CARTESIAN_POINT('Ctrl Pts',(-0.0732424232177193,-0.0448859320001382,
0.057797730972265));
#1828=CARTESIAN_POINT('Ctrl Pts',(-0.0651287394721875,-0.0439291693845722,
0.0668077700447092));
#1829=CARTESIAN_POINT('Ctrl Pts',(-0.0458336000524415,-0.0418670225008579,
0.0812805990666878));
#1830=CARTESIAN_POINT('Ctrl Pts',(-0.0348178027869393,-0.0407900339066573,
0.0865732618900281));
#1831=CARTESIAN_POINT('Ctrl Pts',(-0.0114534653445401,-0.0386814721221324,
0.0925964160915651));
#1832=CARTESIAN_POINT('Ctrl Pts',(0.000661670171211921,-0.0377222459904124,
0.0932997282044778));
#1833=CARTESIAN_POINT('Ctrl Pts',(0.0245613762695982,-0.0356627334838612,
0.0900213043428905));
#1834=CARTESIAN_POINT('Ctrl Pts',(0.0361093388926282,-0.0345866982450076,
0.0860416289976092));
#1835=CARTESIAN_POINT('Ctrl Pts',(0.056962681055019,-0.032476134096476,
0.0738971105529211));
#1836=CARTESIAN_POINT('Ctrl Pts',(0.0660796027129213,-0.0315143022455251,
0.0658711843374141));
#1837=CARTESIAN_POINT('Ctrl Pts',(0.0807670811460346,-0.0294573959117782,
0.0467292252422155));
#1838=CARTESIAN_POINT('Ctrl Pts',(0.0861760536838014,-0.0283823250174746,
0.035785123534668));
#1839=CARTESIAN_POINT('Ctrl Pts',(0.0924659701279426,-0.0262698389534718,
0.0124831556251334));
#1840=CARTESIAN_POINT('Ctrl Pts',(0.0933040897378535,-0.0253052765702367,
0.000354802688032458));
#1841=CARTESIAN_POINT('Ctrl Pts',(0.0902798908517566,-0.0232509421781701,
-0.0235867029188675));
#1842=CARTESIAN_POINT('Ctrl Pts',(0.086430161241788,-0.0221768428427299,
-0.0351647490847683));
#1843=CARTESIAN_POINT('Ctrl Pts',(0.0745134452713003,-0.0200625158033764,
-0.0561585978716938));
#1844=CARTESIAN_POINT('Ctrl Pts',(0.0665715803447782,-0.0190951157810105,
-0.0653778057299161));
#1845=CARTESIAN_POINT('Ctrl Pts',(0.0475765973281229,-0.0170433134402537,
-0.0802689983366696));
#1846=CARTESIAN_POINT('Ctrl Pts',(0.0367018787206081,-0.015970189170195,
-0.0857878414383113));
#1847=CARTESIAN_POINT('Ctrl Pts',(0.01346084974901,-0.0138541020849537,
-0.0923314954319708));
#1848=CARTESIAN_POINT('Ctrl Pts',(0.00131996164118969,-0.0128837750865857,
-0.093298150045444));
#1849=CARTESIAN_POINT('Ctrl Pts',(-0.0226599805578468,-0.0108344596562061,
-0.0905153451889951));
#1850=CARTESIAN_POINT('Ctrl Pts',(-0.0342652182426853,-0.00976231035949719,
-0.0867889978651256));
#1851=CARTESIAN_POINT('Ctrl Pts',(-0.055391091340337,-0.00764454368533658,
-0.0750891771173429));
#1852=CARTESIAN_POINT('Ctrl Pts',(-0.0647073842187451,-0.00667121797230935,
-0.0672271930022786));
#1853=CARTESIAN_POINT('Ctrl Pts',(-0.0797904062452035,-0.00462433950255051,
-0.0483720542382006));
#1854=CARTESIAN_POINT('Ctrl Pts',(-0.0854122339165882,-0.00355316163540218,
-0.0375638637440203));
#1855=CARTESIAN_POINT('Ctrl Pts',(-0.0912749474467529,-0.0017213666777495,
-0.01752731274627));
#1856=CARTESIAN_POINT('Ctrl Pts',(-0.0925240473580894,-0.000965909877375048,
-0.00877985350502698));
#1857=CARTESIAN_POINT('Ctrl Pts',(-0.0925240473580834,-0.000249999999994876,
6.24008718712791E-14));
#1858=CARTESIAN_POINT('Ctrl Pts',(-0.0925240473580834,-0.0564999999999999,
1.13309278441235E-17));
#1859=CARTESIAN_POINT('Ctrl Pts',(-0.0925240473580834,-0.0533749999999999,
0.0383247152613687));
#1860=CARTESIAN_POINT('Ctrl Pts',(-0.065424381309726,-0.0502499999999999,
0.0654243813097261));
#1861=CARTESIAN_POINT('Ctrl Pts',(-0.0383247152613687,-0.0471249999999999,
0.0925240473580834));
#1862=CARTESIAN_POINT('Ctrl Pts',(5.66546392206175E-18,-0.0439999999999999,
0.0925240473580834));
#1863=CARTESIAN_POINT('Ctrl Pts',(0.0383247152613687,-0.0408749999999999,
0.0925240473580834));
#1864=CARTESIAN_POINT('Ctrl Pts',(0.0654243813097261,-0.0377499999999999,
0.065424381309726));
#1865=CARTESIAN_POINT('Ctrl Pts',(0.0925240473580834,-0.0346249999999999,
0.0383247152613687));
#1866=CARTESIAN_POINT('Ctrl Pts',(0.0925240473580834,-0.0315,-2.2661855688247E-17));
#1867=CARTESIAN_POINT('Ctrl Pts',(0.0925240473580834,-0.028375,-0.0383247152613687));
#1868=CARTESIAN_POINT('Ctrl Pts',(0.065424381309726,-0.02525,-0.0654243813097261));
#1869=CARTESIAN_POINT('Ctrl Pts',(0.0383247152613687,-0.0221249999999999,
-0.0925240473580834));
#1870=CARTESIAN_POINT('Ctrl Pts',(-1.69963917661852E-17,-0.019,-0.0925240473580834));
#1871=CARTESIAN_POINT('Ctrl Pts',(-0.0383247152613687,-0.0158749999999999,
-0.0925240473580834));
#1872=CARTESIAN_POINT('Ctrl Pts',(-0.0654243813097261,-0.01275,-0.065424381309726));
#1873=CARTESIAN_POINT('Ctrl Pts',(-0.0925240473580834,-0.00962499999999994,
-0.0383247152613687));
#1874=CARTESIAN_POINT('Ctrl Pts',(-0.0925240473580834,-0.00649999999999995,
1.13309278441235E-17));
#1875=CARTESIAN_POINT('Ctrl Pts',(0.130412658773653,-0.203375,-3.19418890270899E-17));
#1876=CARTESIAN_POINT('Ctrl Pts',(0.130412658773653,-0.20025,-0.0540186919691816));
#1877=CARTESIAN_POINT('Ctrl Pts',(0.092215675371417,-0.197125,-0.0922156753714171));
#1878=CARTESIAN_POINT('Ctrl Pts',(0.0540186919691816,-0.194,-0.130412658773653));
#1879=CARTESIAN_POINT('Ctrl Pts',(-2.39564167703174E-17,-0.190875,-0.130412658773653));
#1880=CARTESIAN_POINT('Ctrl Pts',(-0.0540186919691816,-0.18775,-0.130412658773653));
#1881=CARTESIAN_POINT('Ctrl Pts',(-0.0922156753714171,-0.184625,-0.0922156753714171));
#1882=CARTESIAN_POINT('Ctrl Pts',(-0.130412658773653,-0.1815,-0.0540186919691815));
#1883=CARTESIAN_POINT('Ctrl Pts',(-0.130412658773653,-0.178375,1.5970944513545E-17));
#1884=CARTESIAN_POINT('Ctrl Pts',(-0.130412658773653,-0.17525,0.0540186919691815));
#1885=CARTESIAN_POINT('Ctrl Pts',(-0.0922156753714171,-0.172125,0.0922156753714171));
#1886=CARTESIAN_POINT('Ctrl Pts',(-0.0540186919691815,-0.169,0.130412658773653));
#1887=CARTESIAN_POINT('Ctrl Pts',(7.98547225677248E-18,-0.165875,0.130412658773653));
#1888=CARTESIAN_POINT('Ctrl Pts',(0.0540186919691815,-0.16275,0.130412658773653));
#1889=CARTESIAN_POINT('Ctrl Pts',(0.0922156753714171,-0.159625,0.0922156753714171));
#1890=CARTESIAN_POINT('Ctrl Pts',(0.130412658773653,-0.1565,0.0540186919691815));
#1891=CARTESIAN_POINT('Ctrl Pts',(0.130412658773653,-0.153375,-3.19418890270899E-17));
#1892=CARTESIAN_POINT('Ctrl Pts',(0.130412658773653,-0.15025,-0.0540186919691816));
#1893=CARTESIAN_POINT('Ctrl Pts',(0.092215675371417,-0.147125,-0.0922156753714171));
#1894=CARTESIAN_POINT('Ctrl Pts',(0.0540186919691816,-0.144,-0.130412658773653));
#1895=CARTESIAN_POINT('Ctrl Pts',(-2.39564167703174E-17,-0.140875,-0.130412658773653));
#1896=CARTESIAN_POINT('Ctrl Pts',(-0.0540186919691816,-0.13775,-0.130412658773653));
#1897=CARTESIAN_POINT('Ctrl Pts',(-0.0922156753714171,-0.134625,-0.0922156753714171));
#1898=CARTESIAN_POINT('Ctrl Pts',(-0.130412658773653,-0.1315,-0.0540186919691815));
#1899=CARTESIAN_POINT('Ctrl Pts',(-0.130412658773653,-0.128375,1.5970944513545E-17));
#1900=CARTESIAN_POINT('Ctrl Pts',(-0.130412658773653,-0.12525,0.0540186919691815));
#1901=CARTESIAN_POINT('Ctrl Pts',(-0.0922156753714171,-0.122125,0.0922156753714171));
#1902=CARTESIAN_POINT('Ctrl Pts',(-0.0540186919691815,-0.119,0.130412658773653));
#1903=CARTESIAN_POINT('Ctrl Pts',(7.98547225677248E-18,-0.115875,0.130412658773653));
#1904=CARTESIAN_POINT('Ctrl Pts',(0.0540186919691815,-0.11275,0.130412658773653));
#1905=CARTESIAN_POINT('Ctrl Pts',(0.0922156753714171,-0.109625,0.0922156753714171));
#1906=CARTESIAN_POINT('Ctrl Pts',(0.130412658773653,-0.1065,0.0540186919691815));
#1907=CARTESIAN_POINT('Ctrl Pts',(0.130412658773653,-0.103375,-3.19418890270899E-17));
#1908=CARTESIAN_POINT('Ctrl Pts',(0.130412658773653,-0.10025,-0.0540186919691816));
#1909=CARTESIAN_POINT('Ctrl Pts',(0.092215675371417,-0.0971249999999999,
-0.0922156753714171));
#1910=CARTESIAN_POINT('Ctrl Pts',(0.0540186919691816,-0.0939999999999999,
-0.130412658773653));
#1911=CARTESIAN_POINT('Ctrl Pts',(-2.39564167703174E-17,-0.090875,-0.130412658773653));
#1912=CARTESIAN_POINT('Ctrl Pts',(-0.0540186919691816,-0.08775,-0.130412658773653));
#1913=CARTESIAN_POINT('Ctrl Pts',(-0.0922156753714171,-0.084625,-0.0922156753714171));
#1914=CARTESIAN_POINT('Ctrl Pts',(-0.130412658773653,-0.0815,-0.0540186919691815));
#1915=CARTESIAN_POINT('Ctrl Pts',(-0.130412658773653,-0.078375,1.5970944513545E-17));
#1916=CARTESIAN_POINT('Ctrl Pts',(-0.130412658773653,-0.07525,0.0540186919691815));
#1917=CARTESIAN_POINT('Ctrl Pts',(-0.0922156753714171,-0.072125,0.0922156753714171));
#1918=CARTESIAN_POINT('Ctrl Pts',(-0.0540186919691815,-0.069,0.130412658773653));
#1919=CARTESIAN_POINT('Ctrl Pts',(7.98547225677248E-18,-0.065875,0.130412658773653));
#1920=CARTESIAN_POINT('Ctrl Pts',(0.0540186919691815,-0.06275,0.130412658773653));
#1921=CARTESIAN_POINT('Ctrl Pts',(0.0922156753714171,-0.059625,0.0922156753714171));
#1922=CARTESIAN_POINT('Ctrl Pts',(0.130412658773653,-0.0565,0.0540186919691815));
#1923=CARTESIAN_POINT('Ctrl Pts',(0.130412658773653,-0.053375,-3.19418890270899E-17));
#1924=CARTESIAN_POINT('Ctrl Pts',(0.130412658773653,-0.05025,-0.0540186919691816));
#1925=CARTESIAN_POINT('Ctrl Pts',(0.092215675371417,-0.047125,-0.0922156753714171));
#1926=CARTESIAN_POINT('Ctrl Pts',(0.0540186919691816,-0.0439999999999999,
-0.130412658773653));
#1927=CARTESIAN_POINT('Ctrl Pts',(-2.39564167703174E-17,-0.040875,-0.130412658773653));
#1928=CARTESIAN_POINT('Ctrl Pts',(-0.0540186919691816,-0.03775,-0.130412658773653));
#1929=CARTESIAN_POINT('Ctrl Pts',(-0.0922156753714171,-0.034625,-0.0922156753714171));
#1930=CARTESIAN_POINT('Ctrl Pts',(-0.130412658773653,-0.0315,-0.0540186919691815));
#1931=CARTESIAN_POINT('Ctrl Pts',(-0.130412658773653,-0.028375,1.5970944513545E-17));
#1932=CARTESIAN_POINT('Ctrl Pts',(-0.130412658773653,-0.02525,0.0540186919691815));
#1933=CARTESIAN_POINT('Ctrl Pts',(-0.0922156753714171,-0.022125,0.0922156753714171));
#1934=CARTESIAN_POINT('Ctrl Pts',(-0.0540186919691815,-0.019,0.130412658773653));
#1935=CARTESIAN_POINT('Ctrl Pts',(7.98547225677248E-18,-0.015875,0.130412658773653));
#1936=CARTESIAN_POINT('Ctrl Pts',(0.0540186919691815,-0.01275,0.130412658773653));
#1937=CARTESIAN_POINT('Ctrl Pts',(0.0922156753714171,-0.00962499999999995,
0.0922156753714171));
#1938=CARTESIAN_POINT('Ctrl Pts',(0.130412658773653,-0.00649999999999995,
0.0540186919691815));
#1939=CARTESIAN_POINT('Ctrl Pts',(0.130412658773653,-0.00337499999999997,
-3.19418890270899E-17));
#1940=CARTESIAN_POINT('Ctrl Pts',(0.130412658773653,-0.000249999999999967,
-0.0540186919691816));
#1941=CARTESIAN_POINT('Ctrl Pts',(0.092215675371417,0.00287500000000003,
-0.0922156753714171));
#1942=CARTESIAN_POINT('Ctrl Pts',(0.0540186919691816,0.00600000000000005,
-0.130412658773653));
#1943=CARTESIAN_POINT('Ctrl Pts',(-2.39564167703174E-17,0.00912500000000003,
-0.130412658773653));
#1944=CARTESIAN_POINT('Ctrl Pts',(-0.0540186919691816,0.0122500000000001,
-0.130412658773653));
#1945=CARTESIAN_POINT('Ctrl Pts',(-0.0922156753714171,0.015375,-0.0922156753714171));
#1946=CARTESIAN_POINT('Ctrl Pts',(-0.130412658773653,0.0185000000000001,
-0.0540186919691815));
#1947=CARTESIAN_POINT('Ctrl Pts',(-0.130412658773653,0.021625,1.5970944513545E-17));
#1948=CARTESIAN_POINT('Ctrl Pts',(-0.130412658773653,0.02475,0.0540186919691815));
#1949=CARTESIAN_POINT('Ctrl Pts',(-0.0922156753714171,0.027875,0.0922156753714171));
#1950=CARTESIAN_POINT('Ctrl Pts',(-0.0540186919691815,0.0310000000000001,
0.130412658773653));
#1951=CARTESIAN_POINT('Ctrl Pts',(7.98547225677248E-18,0.034125,0.130412658773653));
#1952=CARTESIAN_POINT('Ctrl Pts',(0.0540186919691815,0.0372500000000001,
0.130412658773653));
#1953=CARTESIAN_POINT('Ctrl Pts',(0.0922156753714171,0.040375,0.0922156753714171));
#1954=CARTESIAN_POINT('Ctrl Pts',(0.130412658773653,0.0435000000000001,
0.0540186919691815));
#1955=CARTESIAN_POINT('Ctrl Pts',(0.130412658773653,0.046625,-3.19418890270899E-17));
#1956=CARTESIAN_POINT('Ctrl Pts',(0.130412658773653,0.04975,-0.0540186919691816));
#1957=CARTESIAN_POINT('Ctrl Pts',(0.092215675371417,0.052875,-0.0922156753714171));
#1958=CARTESIAN_POINT('Ctrl Pts',(0.0540186919691816,0.056,-0.130412658773653));
#1959=CARTESIAN_POINT('Ctrl Pts',(-2.39564167703174E-17,0.059125,-0.130412658773653));
#1960=CARTESIAN_POINT('Ctrl Pts',(-0.0540186919691816,0.06225,-0.130412658773653));
#1961=CARTESIAN_POINT('Ctrl Pts',(-0.0922156753714171,0.065375,-0.0922156753714171));
#1962=CARTESIAN_POINT('Ctrl Pts',(-0.130412658773653,0.0685,-0.0540186919691815));
#1963=CARTESIAN_POINT('Ctrl Pts',(-0.130412658773653,0.071625,1.5970944513545E-17));
#1964=CARTESIAN_POINT('Ctrl Pts',(-0.130412658773653,0.07475,0.0540186919691815));
#1965=CARTESIAN_POINT('Ctrl Pts',(-0.0922156753714171,0.077875,0.0922156753714171));
#1966=CARTESIAN_POINT('Ctrl Pts',(-0.0540186919691815,0.081,0.130412658773653));
#1967=CARTESIAN_POINT('Ctrl Pts',(7.98547225677248E-18,0.0841250000000001,
0.130412658773653));
#1968=CARTESIAN_POINT('Ctrl Pts',(0.0540186919691815,0.08725,0.130412658773653));
#1969=CARTESIAN_POINT('Ctrl Pts',(0.0922156753714171,0.090375,0.0922156753714171));
#1970=CARTESIAN_POINT('Ctrl Pts',(0.130412658773653,0.0935,0.0540186919691815));
#1971=CARTESIAN_POINT('Ctrl Pts',(0.130412658773653,0.0966250000000001,
-3.19418890270899E-17));
#1972=CARTESIAN_POINT('Ctrl Pts',(0.130412658773653,0.09975,-0.0540186919691816));
#1973=CARTESIAN_POINT('Ctrl Pts',(0.092215675371417,0.102875,-0.0922156753714171));
#1974=CARTESIAN_POINT('Ctrl Pts',(0.0540186919691816,0.106,-0.130412658773653));
#1975=CARTESIAN_POINT('Ctrl Pts',(-2.39564167703174E-17,0.109125,-0.130412658773653));
#1976=CARTESIAN_POINT('Ctrl Pts',(-0.0540186919691816,0.11225,-0.130412658773653));
#1977=CARTESIAN_POINT('Ctrl Pts',(-0.0922156753714171,0.115375,-0.0922156753714171));
#1978=CARTESIAN_POINT('Ctrl Pts',(-0.130412658773653,0.1185,-0.0540186919691815));
#1979=CARTESIAN_POINT('Ctrl Pts',(-0.130412658773653,0.121625,1.5970944513545E-17));
#1980=CARTESIAN_POINT('Ctrl Pts',(-0.130412658773653,0.12475,0.0540186919691815));
#1981=CARTESIAN_POINT('Ctrl Pts',(-0.0922156753714171,0.127875,0.0922156753714171));
#1982=CARTESIAN_POINT('Ctrl Pts',(-0.0540186919691815,0.131,0.130412658773653));
#1983=CARTESIAN_POINT('Ctrl Pts',(7.98547225677248E-18,0.134125,0.130412658773653));
#1984=CARTESIAN_POINT('Ctrl Pts',(0.0540186919691815,0.13725,0.130412658773653));
#1985=CARTESIAN_POINT('Ctrl Pts',(0.0922156753714171,0.140375,0.0922156753714171));
#1986=CARTESIAN_POINT('Ctrl Pts',(0.130412658773653,0.1435,0.0540186919691815));
#1987=CARTESIAN_POINT('Ctrl Pts',(0.130412658773653,0.146625,-3.19418890270899E-17));
#1988=CARTESIAN_POINT('Ctrl Pts',(0.130412658773653,0.14975,-0.0540186919691816));
#1989=CARTESIAN_POINT('Ctrl Pts',(0.092215675371417,0.152875,-0.0922156753714171));
#1990=CARTESIAN_POINT('Ctrl Pts',(0.0540186919691816,0.156,-0.130412658773653));
#1991=CARTESIAN_POINT('Ctrl Pts',(-2.39564167703174E-17,0.159125,-0.130412658773653));
#1992=CARTESIAN_POINT('Ctrl Pts',(-0.00409897724793005,0.159362127250454,
-0.130412658773653));
#1993=CARTESIAN_POINT('Ctrl Pts',(-0.00818986375680862,0.159604954709379,
-0.130155244612186));
#1994=CARTESIAN_POINT('Ctrl Pts',(0.0925240473580834,-0.22525,-2.2661855688247E-17));
#1995=CARTESIAN_POINT('Ctrl Pts',(0.0925240473580834,-0.222125,-0.0383247152613687));
#1996=CARTESIAN_POINT('Ctrl Pts',(0.065424381309726,-0.219,-0.0654243813097261));
#1997=CARTESIAN_POINT('Ctrl Pts',(0.0383247152613687,-0.215875,-0.0925240473580834));
#1998=CARTESIAN_POINT('Ctrl Pts',(-1.69963917661852E-17,-0.21275,-0.0925240473580834));
#1999=CARTESIAN_POINT('Ctrl Pts',(-0.0383247152613687,-0.209625,-0.0925240473580834));
#2000=CARTESIAN_POINT('Ctrl Pts',(-0.0654243813097261,-0.2065,-0.065424381309726));
#2001=CARTESIAN_POINT('Ctrl Pts',(-0.0925240473580834,-0.203375,-0.0383247152613687));
#2002=CARTESIAN_POINT('Ctrl Pts',(-0.0925240473580834,-0.20025,1.13309278441235E-17));
#2003=CARTESIAN_POINT('Ctrl Pts',(-0.0925240473580834,-0.197125,0.0383247152613687));
#2004=CARTESIAN_POINT('Ctrl Pts',(-0.065424381309726,-0.194,0.0654243813097261));
#2005=CARTESIAN_POINT('Ctrl Pts',(-0.0383247152613687,-0.190875,0.0925240473580834));
#2006=CARTESIAN_POINT('Ctrl Pts',(5.66546392206175E-18,-0.18775,0.0925240473580834));
#2007=CARTESIAN_POINT('Ctrl Pts',(0.0383247152613687,-0.184625,0.0925240473580834));
#2008=CARTESIAN_POINT('Ctrl Pts',(0.0654243813097261,-0.1815,0.065424381309726));
#2009=CARTESIAN_POINT('Ctrl Pts',(0.0925240473580834,-0.178375,0.0383247152613687));
#2010=CARTESIAN_POINT('Ctrl Pts',(0.0925240473580834,-0.17525,-2.2661855688247E-17));
#2011=CARTESIAN_POINT('Ctrl Pts',(0.0925240473580834,-0.172125,-0.0383247152613687));
#2012=CARTESIAN_POINT('Ctrl Pts',(0.065424381309726,-0.169,-0.0654243813097261));
#2013=CARTESIAN_POINT('Ctrl Pts',(0.0383247152613687,-0.165875,-0.0925240473580834));
#2014=CARTESIAN_POINT('Ctrl Pts',(-1.69963917661852E-17,-0.16275,-0.0925240473580834));
#2015=CARTESIAN_POINT('Ctrl Pts',(-0.0383247152613687,-0.159625,-0.0925240473580834));
#2016=CARTESIAN_POINT('Ctrl Pts',(-0.0654243813097261,-0.1565,-0.065424381309726));
#2017=CARTESIAN_POINT('Ctrl Pts',(-0.0925240473580834,-0.153375,-0.0383247152613687));
#2018=CARTESIAN_POINT('Ctrl Pts',(-0.0925240473580834,-0.15025,1.13309278441235E-17));
#2019=CARTESIAN_POINT('Ctrl Pts',(-0.0925240473580834,-0.147125,0.0383247152613687));
#2020=CARTESIAN_POINT('Ctrl Pts',(-0.065424381309726,-0.144,0.0654243813097261));
#2021=CARTESIAN_POINT('Ctrl Pts',(-0.0383247152613687,-0.140875,0.0925240473580834));
#2022=CARTESIAN_POINT('Ctrl Pts',(5.66546392206175E-18,-0.13775,0.0925240473580834));
#2023=CARTESIAN_POINT('Ctrl Pts',(0.0383247152613687,-0.134625,0.0925240473580834));
#2024=CARTESIAN_POINT('Ctrl Pts',(0.0654243813097261,-0.1315,0.065424381309726));
#2025=CARTESIAN_POINT('Ctrl Pts',(0.0925240473580834,-0.128375,0.0383247152613687));
#2026=CARTESIAN_POINT('Ctrl Pts',(0.0925240473580834,-0.12525,-2.2661855688247E-17));
#2027=CARTESIAN_POINT('Ctrl Pts',(0.0925240473580834,-0.122125,-0.0383247152613687));
#2028=CARTESIAN_POINT('Ctrl Pts',(0.065424381309726,-0.119,-0.0654243813097261));
#2029=CARTESIAN_POINT('Ctrl Pts',(0.0383247152613687,-0.115875,-0.0925240473580834));
#2030=CARTESIAN_POINT('Ctrl Pts',(-1.69963917661852E-17,-0.11275,-0.0925240473580834));
#2031=CARTESIAN_POINT('Ctrl Pts',(-0.0383247152613687,-0.109625,-0.0925240473580834));
#2032=CARTESIAN_POINT('Ctrl Pts',(-0.0654243813097261,-0.1065,-0.065424381309726));
#2033=CARTESIAN_POINT('Ctrl Pts',(-0.0925240473580834,-0.103375,-0.0383247152613687));
#2034=CARTESIAN_POINT('Ctrl Pts',(-0.0925240473580834,-0.10025,1.13309278441235E-17));
#2035=CARTESIAN_POINT('Ctrl Pts',(-0.0925240473580834,-0.097125,0.0383247152613687));
#2036=CARTESIAN_POINT('Ctrl Pts',(-0.065424381309726,-0.094,0.0654243813097261));
#2037=CARTESIAN_POINT('Ctrl Pts',(-0.0383247152613687,-0.090875,0.0925240473580834));
#2038=CARTESIAN_POINT('Ctrl Pts',(5.66546392206175E-18,-0.08775,0.0925240473580834));
#2039=CARTESIAN_POINT('Ctrl Pts',(0.0383247152613687,-0.084625,0.0925240473580834));
#2040=CARTESIAN_POINT('Ctrl Pts',(0.0654243813097261,-0.0815,0.065424381309726));
#2041=CARTESIAN_POINT('Ctrl Pts',(0.0925240473580834,-0.078375,0.0383247152613687));
#2042=CARTESIAN_POINT('Ctrl Pts',(0.0925240473580834,-0.07525,-2.2661855688247E-17));
#2043=CARTESIAN_POINT('Ctrl Pts',(0.0925240473580834,-0.072125,-0.0383247152613687));
#2044=CARTESIAN_POINT('Ctrl Pts',(0.065424381309726,-0.069,-0.0654243813097261));
#2045=CARTESIAN_POINT('Ctrl Pts',(0.0383247152613687,-0.065875,-0.0925240473580834));
#2046=CARTESIAN_POINT('Ctrl Pts',(-1.69963917661852E-17,-0.06275,-0.0925240473580834));
#2047=CARTESIAN_POINT('Ctrl Pts',(-0.0383247152613687,-0.059625,-0.0925240473580834));
#2048=CARTESIAN_POINT('Ctrl Pts',(-0.0654243813097261,-0.0565,-0.065424381309726));
#2049=CARTESIAN_POINT('Ctrl Pts',(-0.0925240473580834,-0.053375,-0.0383247152613687));
#2050=CARTESIAN_POINT('Ctrl Pts',(-0.0925240473580834,-0.05025,1.13309278441235E-17));
#2051=CARTESIAN_POINT('Ctrl Pts',(-0.0925240473580834,-0.047125,0.0383247152613687));
#2052=CARTESIAN_POINT('Ctrl Pts',(-0.065424381309726,-0.044,0.0654243813097261));
#2053=CARTESIAN_POINT('Ctrl Pts',(-0.0383247152613687,-0.040875,0.0925240473580834));
#2054=CARTESIAN_POINT('Ctrl Pts',(5.66546392206175E-18,-0.03775,0.0925240473580834));
#2055=CARTESIAN_POINT('Ctrl Pts',(0.0383247152613687,-0.034625,0.0925240473580834));
#2056=CARTESIAN_POINT('Ctrl Pts',(0.0654243813097261,-0.0315,0.065424381309726));
#2057=CARTESIAN_POINT('Ctrl Pts',(0.0925240473580834,-0.028375,0.0383247152613687));
#2058=CARTESIAN_POINT('Ctrl Pts',(0.0925240473580834,-0.02525,-2.2661855688247E-17));
#2059=CARTESIAN_POINT('Ctrl Pts',(0.0925240473580834,-0.022125,-0.0383247152613687));
#2060=CARTESIAN_POINT('Ctrl Pts',(0.065424381309726,-0.019,-0.0654243813097261));
#2061=CARTESIAN_POINT('Ctrl Pts',(0.0383247152613687,-0.015875,-0.0925240473580834));
#2062=CARTESIAN_POINT('Ctrl Pts',(-1.69963917661852E-17,-0.01275,-0.0925240473580834));
#2063=CARTESIAN_POINT('Ctrl Pts',(-0.0383247152613687,-0.00962499999999997,
-0.0925240473580834));
#2064=CARTESIAN_POINT('Ctrl Pts',(-0.0654243813097261,-0.00649999999999998,
-0.065424381309726));
#2065=CARTESIAN_POINT('Ctrl Pts',(-0.0925240473580834,-0.00337499999999997,
-0.0383247152613687));
#2066=CARTESIAN_POINT('Ctrl Pts',(-0.0925240473580834,-0.000249999999999984,
1.13309278441235E-17));
#2067=CARTESIAN_POINT('Ctrl Pts',(-0.0925240473580834,0.00287500000000003,
0.0383247152613687));
#2068=CARTESIAN_POINT('Ctrl Pts',(-0.065424381309726,0.00600000000000002,
0.0654243813097261));
#2069=CARTESIAN_POINT('Ctrl Pts',(-0.0383247152613687,0.00912500000000004,
0.0925240473580834));
#2070=CARTESIAN_POINT('Ctrl Pts',(5.66546392206175E-18,0.01225,0.0925240473580834));
#2071=CARTESIAN_POINT('Ctrl Pts',(0.0383247152613687,0.015375,0.0925240473580834));
#2072=CARTESIAN_POINT('Ctrl Pts',(0.0654243813097261,0.0185,0.065424381309726));
#2073=CARTESIAN_POINT('Ctrl Pts',(0.0925240473580834,0.021625,0.0383247152613687));
#2074=CARTESIAN_POINT('Ctrl Pts',(0.0925240473580834,0.02475,-2.2661855688247E-17));
#2075=CARTESIAN_POINT('Ctrl Pts',(0.0925240473580834,0.027875,-0.0383247152613687));
#2076=CARTESIAN_POINT('Ctrl Pts',(0.065424381309726,0.031,-0.0654243813097261));
#2077=CARTESIAN_POINT('Ctrl Pts',(0.0383247152613687,0.034125,-0.0925240473580834));
#2078=CARTESIAN_POINT('Ctrl Pts',(-1.69963917661852E-17,0.03725,-0.0925240473580834));
#2079=CARTESIAN_POINT('Ctrl Pts',(-0.0383247152613687,0.040375,-0.0925240473580834));
#2080=CARTESIAN_POINT('Ctrl Pts',(-0.0654243813097261,0.0435,-0.065424381309726));
#2081=CARTESIAN_POINT('Ctrl Pts',(-0.0925240473580834,0.046625,-0.0383247152613687));
#2082=CARTESIAN_POINT('Ctrl Pts',(-0.0925240473580834,0.04975,1.13309278441235E-17));
#2083=CARTESIAN_POINT('Ctrl Pts',(-0.0925240473580834,0.052875,0.0383247152613687));
#2084=CARTESIAN_POINT('Ctrl Pts',(-0.065424381309726,0.056,0.0654243813097261));
#2085=CARTESIAN_POINT('Ctrl Pts',(-0.0383247152613687,0.059125,0.0925240473580834));
#2086=CARTESIAN_POINT('Ctrl Pts',(5.66546392206175E-18,0.06225,0.0925240473580834));
#2087=CARTESIAN_POINT('Ctrl Pts',(0.0383247152613687,0.065375,0.0925240473580834));
#2088=CARTESIAN_POINT('Ctrl Pts',(0.0654243813097261,0.0685,0.065424381309726));
#2089=CARTESIAN_POINT('Ctrl Pts',(0.0925240473580834,0.071625,0.0383247152613687));
#2090=CARTESIAN_POINT('Ctrl Pts',(0.0925240473580834,0.07475,-2.2661855688247E-17));
#2091=CARTESIAN_POINT('Ctrl Pts',(0.0925240473580834,0.077875,-0.0383247152613687));
#2092=CARTESIAN_POINT('Ctrl Pts',(0.065424381309726,0.081,-0.0654243813097261));
#2093=CARTESIAN_POINT('Ctrl Pts',(0.0383247152613687,0.084125,-0.0925240473580834));
#2094=CARTESIAN_POINT('Ctrl Pts',(-1.69963917661852E-17,0.08725,-0.0925240473580834));
#2095=CARTESIAN_POINT('Ctrl Pts',(-0.0383247152613687,0.090375,-0.0925240473580834));
#2096=CARTESIAN_POINT('Ctrl Pts',(-0.0654243813097261,0.0935,-0.065424381309726));
#2097=CARTESIAN_POINT('Ctrl Pts',(-0.0925240473580834,0.096625,-0.0383247152613687));
#2098=CARTESIAN_POINT('Ctrl Pts',(-0.0925240473580834,0.09975,1.13309278441235E-17));
#2099=CARTESIAN_POINT('Ctrl Pts',(-0.0925240473580834,0.102875,0.0383247152613687));
#2100=CARTESIAN_POINT('Ctrl Pts',(-0.065424381309726,0.106,0.0654243813097261));
#2101=CARTESIAN_POINT('Ctrl Pts',(-0.0383247152613687,0.109125,0.0925240473580834));
#2102=CARTESIAN_POINT('Ctrl Pts',(5.66546392206175E-18,0.11225,0.0925240473580834));
#2103=CARTESIAN_POINT('Ctrl Pts',(0.0383247152613687,0.115375,0.0925240473580834));
#2104=CARTESIAN_POINT('Ctrl Pts',(0.0654243813097261,0.1185,0.065424381309726));
#2105=CARTESIAN_POINT('Ctrl Pts',(0.0925240473580834,0.121625,0.0383247152613687));
#2106=CARTESIAN_POINT('Ctrl Pts',(0.0925240473580834,0.12475,-2.2661855688247E-17));
#2107=CARTESIAN_POINT('Ctrl Pts',(0.0925240473580834,0.127875,-0.0383247152613687));
#2108=CARTESIAN_POINT('Ctrl Pts',(0.065424381309726,0.131,-0.0654243813097261));
#2109=CARTESIAN_POINT('Ctrl Pts',(0.0383247152613687,0.134125,-0.0925240473580834));
#2110=CARTESIAN_POINT('Ctrl Pts',(-1.69963917661852E-17,0.13725,-0.0925240473580834));
#2111=CARTESIAN_POINT('Ctrl Pts',(-0.00290810699339724,0.137487127250454,
-0.0925240473580834));
#2112=CARTESIAN_POINT('Ctrl Pts',(-0.00581047383909562,0.137729954709379,
-0.0923414193809368));
#2113=CARTESIAN_POINT('Ctrl Pts',(0.0925238082962182,-0.231499861977568,
-2.26617971349774E-17));
#2114=CARTESIAN_POINT('Ctrl Pts',(0.0925238082962182,-0.228374861977568,
-0.038324616238702));
#2115=CARTESIAN_POINT('Ctrl Pts',(0.0654242122674601,-0.225249861977568,
-0.0654242122674601));
#2116=CARTESIAN_POINT('Ctrl Pts',(0.0383246162387019,-0.222124861977568,
-0.0925238082962182));
#2117=CARTESIAN_POINT('Ctrl Pts',(-1.69963478512331E-17,-0.218999861977568,
-0.0925238082962182));
#2118=CARTESIAN_POINT('Ctrl Pts',(-0.0383246162387019,-0.215874861977568,
-0.0925238082962182));
#2119=CARTESIAN_POINT('Ctrl Pts',(-0.0654242122674601,-0.212749861977568,
-0.0654242122674601));
#2120=CARTESIAN_POINT('Ctrl Pts',(-0.0925238082962183,-0.209624861977568,
-0.0383246162387019));
#2121=CARTESIAN_POINT('Ctrl Pts',(-0.0925238082962182,-0.206499861977568,
1.13308985674887E-17));
#2122=CARTESIAN_POINT('Ctrl Pts',(-0.0925238082962182,-0.203374861977568,
0.0383246162387019));
#2123=CARTESIAN_POINT('Ctrl Pts',(-0.0654242122674601,-0.200249861977568,
0.0654242122674601));
#2124=CARTESIAN_POINT('Ctrl Pts',(-0.0383246162387019,-0.197124861977568,
0.0925238082962182));
#2125=CARTESIAN_POINT('Ctrl Pts',(5.66544928374435E-18,-0.193999861977568,
0.0925238082962182));
#2126=CARTESIAN_POINT('Ctrl Pts',(0.0383246162387019,-0.190874861977568,
0.0925238082962182));
#2127=CARTESIAN_POINT('Ctrl Pts',(0.0654242122674601,-0.187749861977568,
0.0654242122674601));
#2128=CARTESIAN_POINT('Ctrl Pts',(0.0925238082962182,-0.184624861977568,
0.0383246162387019));
#2129=CARTESIAN_POINT('Ctrl Pts',(0.0925238082962182,-0.181499861977568,
-2.26617971349774E-17));
#2130=CARTESIAN_POINT('Ctrl Pts',(0.0925238082962182,-0.178374861977568,
-0.038324616238702));
#2131=CARTESIAN_POINT('Ctrl Pts',(0.0654242122674601,-0.175249861977568,
-0.0654242122674601));
#2132=CARTESIAN_POINT('Ctrl Pts',(0.0383246162387019,-0.172124861977568,
-0.0925238082962182));
#2133=CARTESIAN_POINT('Ctrl Pts',(-1.69963478512331E-17,-0.168999861977568,
-0.0925238082962182));
#2134=CARTESIAN_POINT('Ctrl Pts',(-0.0383246162387019,-0.165874861977568,
-0.0925238082962182));
#2135=CARTESIAN_POINT('Ctrl Pts',(-0.0654242122674601,-0.162749861977568,
-0.0654242122674601));
#2136=CARTESIAN_POINT('Ctrl Pts',(-0.0925238082962183,-0.159624861977568,
-0.0383246162387019));
#2137=CARTESIAN_POINT('Ctrl Pts',(-0.0925238082962182,-0.156499861977568,
1.13308985674887E-17));
#2138=CARTESIAN_POINT('Ctrl Pts',(-0.0925238082962182,-0.153374861977568,
0.0383246162387019));
#2139=CARTESIAN_POINT('Ctrl Pts',(-0.0654242122674601,-0.150249861977568,
0.0654242122674601));
#2140=CARTESIAN_POINT('Ctrl Pts',(-0.0383246162387019,-0.147124861977568,
0.0925238082962182));
#2141=CARTESIAN_POINT('Ctrl Pts',(5.66544928374435E-18,-0.143999861977568,
0.0925238082962182));
#2142=CARTESIAN_POINT('Ctrl Pts',(0.0383246162387019,-0.140874861977568,
0.0925238082962182));
#2143=CARTESIAN_POINT('Ctrl Pts',(0.0654242122674601,-0.137749861977568,
0.0654242122674601));
#2144=CARTESIAN_POINT('Ctrl Pts',(0.0925238082962182,-0.134624861977568,
0.0383246162387019));
#2145=CARTESIAN_POINT('Ctrl Pts',(0.0925238082962182,-0.131499861977568,
-2.26617971349774E-17));
#2146=CARTESIAN_POINT('Ctrl Pts',(0.0925238082962182,-0.128374861977568,
-0.038324616238702));
#2147=CARTESIAN_POINT('Ctrl Pts',(0.0654242122674601,-0.125249861977568,
-0.0654242122674601));
#2148=CARTESIAN_POINT('Ctrl Pts',(0.0383246162387019,-0.122124861977568,
-0.0925238082962182));
#2149=CARTESIAN_POINT('Ctrl Pts',(-1.69963478512331E-17,-0.118999861977568,
-0.0925238082962182));
#2150=CARTESIAN_POINT('Ctrl Pts',(-0.0383246162387019,-0.115874861977568,
-0.0925238082962182));
#2151=CARTESIAN_POINT('Ctrl Pts',(-0.0654242122674601,-0.112749861977568,
-0.0654242122674601));
#2152=CARTESIAN_POINT('Ctrl Pts',(-0.0925238082962183,-0.109624861977568,
-0.0383246162387019));
#2153=CARTESIAN_POINT('Ctrl Pts',(-0.0925238082962182,-0.106499861977568,
1.13308985674887E-17));
#2154=CARTESIAN_POINT('Ctrl Pts',(-0.0925238082962182,-0.103374861977568,
0.0383246162387019));
#2155=CARTESIAN_POINT('Ctrl Pts',(-0.0654242122674601,-0.100249861977568,
0.0654242122674601));
#2156=CARTESIAN_POINT('Ctrl Pts',(-0.0383246162387019,-0.0971248619775677,
0.0925238082962182));
#2157=CARTESIAN_POINT('Ctrl Pts',(5.66544928374435E-18,-0.0939998619775678,
0.0925238082962182));
#2158=CARTESIAN_POINT('Ctrl Pts',(0.0383246162387019,-0.0908748619775678,
0.0925238082962182));
#2159=CARTESIAN_POINT('Ctrl Pts',(0.0654242122674601,-0.0877498619775677,
0.0654242122674601));
#2160=CARTESIAN_POINT('Ctrl Pts',(0.0925238082962182,-0.0846248619775677,
0.0383246162387019));
#2161=CARTESIAN_POINT('Ctrl Pts',(0.0925238082962182,-0.0814998619775677,
-2.26617971349774E-17));
#2162=CARTESIAN_POINT('Ctrl Pts',(0.0925238082962182,-0.0783748619775678,
-0.038324616238702));
#2163=CARTESIAN_POINT('Ctrl Pts',(0.0654242122674601,-0.0752498619775677,
-0.0654242122674601));
#2164=CARTESIAN_POINT('Ctrl Pts',(0.0383246162387019,-0.0721248619775677,
-0.0925238082962182));
#2165=CARTESIAN_POINT('Ctrl Pts',(-1.69963478512331E-17,-0.0689998619775678,
-0.0925238082962182));
#2166=CARTESIAN_POINT('Ctrl Pts',(-0.0383246162387019,-0.0658748619775677,
-0.0925238082962182));
#2167=CARTESIAN_POINT('Ctrl Pts',(-0.0654242122674601,-0.0627498619775677,
-0.0654242122674601));
#2168=CARTESIAN_POINT('Ctrl Pts',(-0.0925238082962183,-0.0596248619775677,
-0.0383246162387019));
#2169=CARTESIAN_POINT('Ctrl Pts',(-0.0925238082962182,-0.0564998619775677,
1.13308985674887E-17));
#2170=CARTESIAN_POINT('Ctrl Pts',(-0.0925238082962182,-0.0533748619775678,
0.0383246162387019));
#2171=CARTESIAN_POINT('Ctrl Pts',(-0.0654242122674601,-0.0502498619775677,
0.0654242122674601));
#2172=CARTESIAN_POINT('Ctrl Pts',(-0.0383246162387019,-0.0471248619775677,
0.0925238082962182));
#2173=CARTESIAN_POINT('Ctrl Pts',(5.66544928374435E-18,-0.0439998619775677,
0.0925238082962182));
#2174=CARTESIAN_POINT('Ctrl Pts',(0.0383246162387019,-0.0408748619775677,
0.0925238082962182));
#2175=CARTESIAN_POINT('Ctrl Pts',(0.0654242122674601,-0.0377498619775677,
0.0654242122674601));
#2176=CARTESIAN_POINT('Ctrl Pts',(0.0925238082962182,-0.0346248619775677,
0.0383246162387019));
#2177=CARTESIAN_POINT('Ctrl Pts',(0.0925238082962182,-0.0314998619775678,
-2.26617971349774E-17));
#2178=CARTESIAN_POINT('Ctrl Pts',(0.0925238082962182,-0.0283748619775678,
-0.038324616238702));
#2179=CARTESIAN_POINT('Ctrl Pts',(0.0654242122674601,-0.0252498619775678,
-0.0654242122674601));
#2180=CARTESIAN_POINT('Ctrl Pts',(0.0383246162387019,-0.0221248619775677,
-0.0925238082962182));
#2181=CARTESIAN_POINT('Ctrl Pts',(-1.69963478512331E-17,-0.0189998619775677,
-0.0925238082962182));
#2182=CARTESIAN_POINT('Ctrl Pts',(-0.0383246162387019,-0.0158748619775677,
-0.0925238082962182));
#2183=CARTESIAN_POINT('Ctrl Pts',(-0.0654242122674601,-0.0127498619775677,
-0.0654242122674601));
#2184=CARTESIAN_POINT('Ctrl Pts',(-0.0925238082962183,-0.00962486197756772,
-0.0383246162387019));
#2185=CARTESIAN_POINT('Ctrl Pts',(-0.0925238082962182,-0.00649986197756774,
1.13308985674887E-17));
#2186=CARTESIAN_POINT('Ctrl Pts',(-0.0925238082962182,-0.00337486197756772,
0.0383246162387019));
#2187=CARTESIAN_POINT('Ctrl Pts',(-0.0654242122674601,-0.00024986197756774,
0.0654242122674601));
#2188=CARTESIAN_POINT('Ctrl Pts',(-0.0383246162387019,0.00287513802243228,
0.0925238082962182));
#2189=CARTESIAN_POINT('Ctrl Pts',(5.66544928374435E-18,0.00600013802243226,
0.0925238082962182));
#2190=CARTESIAN_POINT('Ctrl Pts',(0.0383246162387019,0.00912513802243228,
0.0925238082962182));
#2191=CARTESIAN_POINT('Ctrl Pts',(0.0654242122674601,0.0122501380224323,
0.0654242122674601));
#2192=CARTESIAN_POINT('Ctrl Pts',(0.0925238082962182,0.0153751380224323,
0.0383246162387019));
#2193=CARTESIAN_POINT('Ctrl Pts',(0.0925238082962182,0.0185001380224323,
-2.26617971349774E-17));
#2194=CARTESIAN_POINT('Ctrl Pts',(0.0925238082962182,0.0216251380224322,
-0.038324616238702));
#2195=CARTESIAN_POINT('Ctrl Pts',(0.0654242122674601,0.0247501380224323,
-0.0654242122674601));
#2196=CARTESIAN_POINT('Ctrl Pts',(0.0383246162387019,0.0278751380224323,
-0.0925238082962182));
#2197=CARTESIAN_POINT('Ctrl Pts',(-1.69963478512331E-17,0.0310001380224323,
-0.0925238082962182));
#2198=CARTESIAN_POINT('Ctrl Pts',(-0.0383246162387019,0.0341251380224323,
-0.0925238082962182));
#2199=CARTESIAN_POINT('Ctrl Pts',(-0.0654242122674601,0.0372501380224323,
-0.0654242122674601));
#2200=CARTESIAN_POINT('Ctrl Pts',(-0.0925238082962183,0.0403751380224323,
-0.0383246162387019));
#2201=CARTESIAN_POINT('Ctrl Pts',(-0.0925238082962182,0.0435001380224323,
1.13308985674887E-17));
#2202=CARTESIAN_POINT('Ctrl Pts',(-0.0925238082962182,0.0466251380224322,
0.0383246162387019));
#2203=CARTESIAN_POINT('Ctrl Pts',(-0.0654242122674601,0.0497501380224323,
0.0654242122674601));
#2204=CARTESIAN_POINT('Ctrl Pts',(-0.0383246162387019,0.0528751380224323,
0.0925238082962182));
#2205=CARTESIAN_POINT('Ctrl Pts',(5.66544928374435E-18,0.0560001380224323,
0.0925238082962182));
#2206=CARTESIAN_POINT('Ctrl Pts',(0.0383246162387019,0.0591251380224323,
0.0925238082962182));
#2207=CARTESIAN_POINT('Ctrl Pts',(0.0654242122674601,0.0622501380224323,
0.0654242122674601));
#2208=CARTESIAN_POINT('Ctrl Pts',(0.0925238082962182,0.0653751380224323,
0.0383246162387019));
#2209=CARTESIAN_POINT('Ctrl Pts',(0.0925238082962182,0.0685001380224323,
-2.26617971349774E-17));
#2210=CARTESIAN_POINT('Ctrl Pts',(0.0925238082962182,0.0716251380224323,
-0.038324616238702));
#2211=CARTESIAN_POINT('Ctrl Pts',(0.0654242122674601,0.0747501380224323,
-0.0654242122674601));
#2212=CARTESIAN_POINT('Ctrl Pts',(0.0383246162387019,0.0778751380224322,
-0.0925238082962182));
#2213=CARTESIAN_POINT('Ctrl Pts',(-1.69963478512331E-17,0.0810001380224323,
-0.0925238082962182));
#2214=CARTESIAN_POINT('Ctrl Pts',(-0.0383246162387019,0.0841251380224323,
-0.0925238082962182));
#2215=CARTESIAN_POINT('Ctrl Pts',(-0.0654242122674601,0.0872501380224323,
-0.0654242122674601));
#2216=CARTESIAN_POINT('Ctrl Pts',(-0.0925238082962183,0.0903751380224323,
-0.0383246162387019));
#2217=CARTESIAN_POINT('Ctrl Pts',(-0.0925238082962182,0.0935001380224323,
1.13308985674887E-17));
#2218=CARTESIAN_POINT('Ctrl Pts',(-0.0925238082962182,0.0966251380224323,
0.0383246162387019));
#2219=CARTESIAN_POINT('Ctrl Pts',(-0.0654242122674601,0.0997501380224323,
0.0654242122674601));
#2220=CARTESIAN_POINT('Ctrl Pts',(-0.0383246162387019,0.102875138022432,
0.0925238082962182));
#2221=CARTESIAN_POINT('Ctrl Pts',(5.66544928374435E-18,0.106000138022432,
0.0925238082962182));
#2222=CARTESIAN_POINT('Ctrl Pts',(0.0383246162387019,0.109125138022432,
0.0925238082962182));
#2223=CARTESIAN_POINT('Ctrl Pts',(0.0654242122674601,0.112250138022432,
0.0654242122674601));
#2224=CARTESIAN_POINT('Ctrl Pts',(0.0925238082962182,0.115375138022432,
0.0383246162387019));
#2225=CARTESIAN_POINT('Ctrl Pts',(0.0925238082962182,0.118500138022432,
-2.26617971349774E-17));
#2226=CARTESIAN_POINT('Ctrl Pts',(0.0925238082962182,0.121625138022432,
-0.038324616238702));
#2227=CARTESIAN_POINT('Ctrl Pts',(0.0654242122674601,0.124750138022432,
-0.0654242122674601));
#2228=CARTESIAN_POINT('Ctrl Pts',(0.0383246162387019,0.127875138022432,
-0.0925238082962182));
#2229=CARTESIAN_POINT('Ctrl Pts',(-1.69963478512331E-17,0.131000138022432,
-0.0925238082962182));
#2230=CARTESIAN_POINT('Ctrl Pts',(-0.00290851266099194,0.131237298963823,
-0.0925238082962182));
#2231=CARTESIAN_POINT('Ctrl Pts',(-0.00581128274371252,0.131480161665447,
-0.0923411289432177));
#2232=CARTESIAN_POINT('Ctrl Pts',(0.127706329386826,-0.2518125,-3.12790295028869E-17));
#2233=CARTESIAN_POINT('Ctrl Pts',(0.127706329386826,-0.2486875,-0.0528976936329093));
#2234=CARTESIAN_POINT('Ctrl Pts',(0.0903020115098677,-0.2455625,-0.0903020115098677));
#2235=CARTESIAN_POINT('Ctrl Pts',(0.0528976936329092,-0.2424375,-0.127706329386826));
#2236=CARTESIAN_POINT('Ctrl Pts',(-2.34592721271651E-17,-0.2393125,-0.127706329386826));
#2237=CARTESIAN_POINT('Ctrl Pts',(-0.0528976936329093,-0.2361875,-0.127706329386826));
#2238=CARTESIAN_POINT('Ctrl Pts',(-0.0903020115098677,-0.2330625,-0.0903020115098677));
#2239=CARTESIAN_POINT('Ctrl Pts',(-0.127706329386826,-0.2299375,-0.0528976936329092));
#2240=CARTESIAN_POINT('Ctrl Pts',(-0.127706329386826,-0.2268125,1.56395147514434E-17));
#2241=CARTESIAN_POINT('Ctrl Pts',(-0.127706329386826,-0.2236875,0.0528976936329092));
#2242=CARTESIAN_POINT('Ctrl Pts',(-0.0903020115098677,-0.2205625,0.0903020115098677));
#2243=CARTESIAN_POINT('Ctrl Pts',(-0.0528976936329092,-0.2174375,0.127706329386826));
#2244=CARTESIAN_POINT('Ctrl Pts',(7.81975737572172E-18,-0.2143125,0.127706329386826));
#2245=CARTESIAN_POINT('Ctrl Pts',(0.0528976936329092,-0.2111875,0.127706329386826));
#2246=CARTESIAN_POINT('Ctrl Pts',(0.0903020115098677,-0.2080625,0.0903020115098677));
#2247=CARTESIAN_POINT('Ctrl Pts',(0.127706329386826,-0.2049375,0.0528976936329092));
#2248=CARTESIAN_POINT('Ctrl Pts',(0.127706329386826,-0.2018125,-3.12790295028869E-17));
#2249=CARTESIAN_POINT('Ctrl Pts',(0.127706329386826,-0.1986875,-0.0528976936329093));
#2250=CARTESIAN_POINT('Ctrl Pts',(0.0903020115098677,-0.1955625,-0.0903020115098677));
#2251=CARTESIAN_POINT('Ctrl Pts',(0.0528976936329092,-0.1924375,-0.127706329386826));
#2252=CARTESIAN_POINT('Ctrl Pts',(-2.34592721271651E-17,-0.1893125,-0.127706329386826));
#2253=CARTESIAN_POINT('Ctrl Pts',(-0.0528976936329093,-0.1861875,-0.127706329386826));
#2254=CARTESIAN_POINT('Ctrl Pts',(-0.0903020115098677,-0.1830625,-0.0903020115098677));
#2255=CARTESIAN_POINT('Ctrl Pts',(-0.127706329386826,-0.1799375,-0.0528976936329092));
#2256=CARTESIAN_POINT('Ctrl Pts',(-0.127706329386826,-0.1768125,1.56395147514434E-17));
#2257=CARTESIAN_POINT('Ctrl Pts',(-0.127706329386826,-0.1736875,0.0528976936329092));
#2258=CARTESIAN_POINT('Ctrl Pts',(-0.0903020115098677,-0.1705625,0.0903020115098677));
#2259=CARTESIAN_POINT('Ctrl Pts',(-0.0528976936329092,-0.1674375,0.127706329386826));
#2260=CARTESIAN_POINT('Ctrl Pts',(7.81975737572172E-18,-0.1643125,0.127706329386826));
#2261=CARTESIAN_POINT('Ctrl Pts',(0.0528976936329092,-0.1611875,0.127706329386826));
#2262=CARTESIAN_POINT('Ctrl Pts',(0.0903020115098677,-0.1580625,0.0903020115098677));
#2263=CARTESIAN_POINT('Ctrl Pts',(0.127706329386826,-0.1549375,0.0528976936329092));
#2264=CARTESIAN_POINT('Ctrl Pts',(0.127706329386826,-0.1518125,-3.12790295028869E-17));
#2265=CARTESIAN_POINT('Ctrl Pts',(0.127706329386826,-0.1486875,-0.0528976936329093));
#2266=CARTESIAN_POINT('Ctrl Pts',(0.0903020115098677,-0.1455625,-0.0903020115098677));
#2267=CARTESIAN_POINT('Ctrl Pts',(0.0528976936329092,-0.1424375,-0.127706329386826));
#2268=CARTESIAN_POINT('Ctrl Pts',(-2.34592721271651E-17,-0.1393125,-0.127706329386826));
#2269=CARTESIAN_POINT('Ctrl Pts',(-0.0528976936329093,-0.1361875,-0.127706329386826));
#2270=CARTESIAN_POINT('Ctrl Pts',(-0.0903020115098677,-0.1330625,-0.0903020115098677));
#2271=CARTESIAN_POINT('Ctrl Pts',(-0.127706329386826,-0.1299375,-0.0528976936329092));
#2272=CARTESIAN_POINT('Ctrl Pts',(-0.127706329386826,-0.1268125,1.56395147514434E-17));
#2273=CARTESIAN_POINT('Ctrl Pts',(-0.127706329386826,-0.1236875,0.0528976936329092));
#2274=CARTESIAN_POINT('Ctrl Pts',(-0.0903020115098677,-0.1205625,0.0903020115098677));
#2275=CARTESIAN_POINT('Ctrl Pts',(-0.0528976936329092,-0.1174375,0.127706329386826));
#2276=CARTESIAN_POINT('Ctrl Pts',(7.81975737572172E-18,-0.1143125,0.127706329386826));
#2277=CARTESIAN_POINT('Ctrl Pts',(0.0528976936329092,-0.1111875,0.127706329386826));
#2278=CARTESIAN_POINT('Ctrl Pts',(0.0903020115098677,-0.1080625,0.0903020115098677));
#2279=CARTESIAN_POINT('Ctrl Pts',(0.127706329386826,-0.1049375,0.0528976936329092));
#2280=CARTESIAN_POINT('Ctrl Pts',(0.127706329386826,-0.1018125,-3.12790295028869E-17));
#2281=CARTESIAN_POINT('Ctrl Pts',(0.127706329386826,-0.0986875,-0.0528976936329093));
#2282=CARTESIAN_POINT('Ctrl Pts',(0.0903020115098677,-0.0955625,-0.0903020115098677));
#2283=CARTESIAN_POINT('Ctrl Pts',(0.0528976936329092,-0.0924375,-0.127706329386826));
#2284=CARTESIAN_POINT('Ctrl Pts',(-2.34592721271651E-17,-0.0893125,-0.127706329386826));
#2285=CARTESIAN_POINT('Ctrl Pts',(-0.0528976936329093,-0.0861875,-0.127706329386826));
#2286=CARTESIAN_POINT('Ctrl Pts',(-0.0903020115098677,-0.0830625,-0.0903020115098677));
#2287=CARTESIAN_POINT('Ctrl Pts',(-0.127706329386826,-0.0799375,-0.0528976936329092));
#2288=CARTESIAN_POINT('Ctrl Pts',(-0.127706329386826,-0.0768125,1.56395147514434E-17));
#2289=CARTESIAN_POINT('Ctrl Pts',(-0.127706329386826,-0.0736875,0.0528976936329092));
#2290=CARTESIAN_POINT('Ctrl Pts',(-0.0903020115098677,-0.0705625,0.0903020115098677));
#2291=CARTESIAN_POINT('Ctrl Pts',(-0.0528976936329092,-0.0674375,0.127706329386826));
#2292=CARTESIAN_POINT('Ctrl Pts',(7.81975737572172E-18,-0.0643125,0.127706329386826));
#2293=CARTESIAN_POINT('Ctrl Pts',(0.0528976936329092,-0.0611875,0.127706329386826));
#2294=CARTESIAN_POINT('Ctrl Pts',(0.0903020115098677,-0.0580625,0.0903020115098677));
#2295=CARTESIAN_POINT('Ctrl Pts',(0.127706329386826,-0.0549375,0.0528976936329092));
#2296=CARTESIAN_POINT('Ctrl Pts',(0.127706329386826,-0.0518125,-3.12790295028869E-17));
#2297=CARTESIAN_POINT('Ctrl Pts',(0.127706329386826,-0.0486875,-0.0528976936329093));
#2298=CARTESIAN_POINT('Ctrl Pts',(0.0903020115098677,-0.0455625,-0.0903020115098677));
#2299=CARTESIAN_POINT('Ctrl Pts',(0.0528976936329092,-0.0424375,-0.127706329386826));
#2300=CARTESIAN_POINT('Ctrl Pts',(-2.34592721271651E-17,-0.0393125,-0.127706329386826));
#2301=CARTESIAN_POINT('Ctrl Pts',(-0.0528976936329093,-0.0361875,-0.127706329386826));
#2302=CARTESIAN_POINT('Ctrl Pts',(-0.0903020115098677,-0.0330625,-0.0903020115098677));
#2303=CARTESIAN_POINT('Ctrl Pts',(-0.127706329386826,-0.0299375,-0.0528976936329092));
#2304=CARTESIAN_POINT('Ctrl Pts',(-0.127706329386826,-0.0268125,1.56395147514434E-17));
#2305=CARTESIAN_POINT('Ctrl Pts',(-0.127706329386826,-0.0236875,0.0528976936329092));
#2306=CARTESIAN_POINT('Ctrl Pts',(-0.0903020115098677,-0.0205625,0.0903020115098677));
#2307=CARTESIAN_POINT('Ctrl Pts',(-0.0528976936329092,-0.0174375,0.127706329386826));
#2308=CARTESIAN_POINT('Ctrl Pts',(7.81975737572172E-18,-0.0143125,0.127706329386826));
#2309=CARTESIAN_POINT('Ctrl Pts',(0.0528976936329092,-0.0111875,0.127706329386826));
#2310=CARTESIAN_POINT('Ctrl Pts',(0.0903020115098677,-0.00806249999999998,
0.0903020115098677));
#2311=CARTESIAN_POINT('Ctrl Pts',(0.127706329386826,-0.00493749999999996,
0.0528976936329092));
#2312=CARTESIAN_POINT('Ctrl Pts',(0.127706329386826,-0.00181249999999998,
-3.12790295028869E-17));
#2313=CARTESIAN_POINT('Ctrl Pts',(0.127706329386826,0.00131250000000001,
-0.0528976936329093));
#2314=CARTESIAN_POINT('Ctrl Pts',(0.0903020115098677,0.00443750000000003,
-0.0903020115098677));
#2315=CARTESIAN_POINT('Ctrl Pts',(0.0528976936329092,0.00756250000000001,
-0.127706329386826));
#2316=CARTESIAN_POINT('Ctrl Pts',(-2.34592721271651E-17,0.0106875,-0.127706329386826));
#2317=CARTESIAN_POINT('Ctrl Pts',(-0.0528976936329093,0.0138125,-0.127706329386826));
#2318=CARTESIAN_POINT('Ctrl Pts',(-0.0903020115098677,0.0169375,-0.0903020115098677));
#2319=CARTESIAN_POINT('Ctrl Pts',(-0.127706329386826,0.0200625,-0.0528976936329092));
#2320=CARTESIAN_POINT('Ctrl Pts',(-0.127706329386826,0.0231875,1.56395147514434E-17));
#2321=CARTESIAN_POINT('Ctrl Pts',(-0.127706329386826,0.0263125,0.0528976936329092));
#2322=CARTESIAN_POINT('Ctrl Pts',(-0.0903020115098677,0.0294375,0.0903020115098677));
#2323=CARTESIAN_POINT('Ctrl Pts',(-0.0528976936329092,0.0325625,0.127706329386826));
#2324=CARTESIAN_POINT('Ctrl Pts',(7.81975737572172E-18,0.0356875,0.127706329386826));
#2325=CARTESIAN_POINT('Ctrl Pts',(0.0528976936329092,0.0388125,0.127706329386826));
#2326=CARTESIAN_POINT('Ctrl Pts',(0.0903020115098677,0.0419375,0.0903020115098677));
#2327=CARTESIAN_POINT('Ctrl Pts',(0.127706329386826,0.0450625,0.0528976936329092));
#2328=CARTESIAN_POINT('Ctrl Pts',(0.127706329386826,0.0481875,-3.12790295028869E-17));
#2329=CARTESIAN_POINT('Ctrl Pts',(0.127706329386826,0.0513125,-0.0528976936329093));
#2330=CARTESIAN_POINT('Ctrl Pts',(0.0903020115098677,0.0544375,-0.0903020115098677));
#2331=CARTESIAN_POINT('Ctrl Pts',(0.0528976936329092,0.0575625,-0.127706329386826));
#2332=CARTESIAN_POINT('Ctrl Pts',(-2.34592721271651E-17,0.0606875,-0.127706329386826));
#2333=CARTESIAN_POINT('Ctrl Pts',(-0.0528976936329093,0.0638125,-0.127706329386826));
#2334=CARTESIAN_POINT('Ctrl Pts',(-0.0903020115098677,0.0669375,-0.0903020115098677));
#2335=CARTESIAN_POINT('Ctrl Pts',(-0.127706329386826,0.0700625,-0.0528976936329092));
#2336=CARTESIAN_POINT('Ctrl Pts',(-0.127706329386826,0.0731875,1.56395147514434E-17));
#2337=CARTESIAN_POINT('Ctrl Pts',(-0.127706329386826,0.0763125,0.0528976936329092));
#2338=CARTESIAN_POINT('Ctrl Pts',(-0.0903020115098677,0.0794375,0.0903020115098677));
#2339=CARTESIAN_POINT('Ctrl Pts',(-0.0528976936329092,0.0825625,0.127706329386826));
#2340=CARTESIAN_POINT('Ctrl Pts',(7.81975737572172E-18,0.0856875,0.127706329386826));
#2341=CARTESIAN_POINT('Ctrl Pts',(0.0528976936329092,0.0888125,0.127706329386826));
#2342=CARTESIAN_POINT('Ctrl Pts',(0.0903020115098677,0.0919375,0.0903020115098677));
#2343=CARTESIAN_POINT('Ctrl Pts',(0.127706329386826,0.0950625,0.0528976936329092));
#2344=CARTESIAN_POINT('Ctrl Pts',(0.127706329386826,0.0981875,-3.12790295028869E-17));
#2345=CARTESIAN_POINT('Ctrl Pts',(0.127706329386826,0.1013125,-0.0528976936329093));
#2346=CARTESIAN_POINT('Ctrl Pts',(0.0903020115098677,0.1044375,-0.0903020115098677));
#2347=CARTESIAN_POINT('Ctrl Pts',(0.0528976936329092,0.1075625,-0.127706329386826));
#2348=CARTESIAN_POINT('Ctrl Pts',(-2.34592721271651E-17,0.1106875,-0.127706329386826));
#2349=CARTESIAN_POINT('Ctrl Pts',(-0.00401448538219728,0.110924660941391,
-0.127706329386826));
#2350=CARTESIAN_POINT('Ctrl Pts',(-0.00802104454944776,0.111167523643014,
-0.127454185532655));
#2351=UNCERTAINTY_MEASURE_WITH_UNIT(LENGTH_MEASURE(0.000393700787401575),
#2357,'DISTANCE_ACCURACY_VALUE',
'Maximum model space distance between geometric entities at asserted c
onnectivities');
#2352=UNCERTAINTY_MEASURE_WITH_UNIT(LENGTH_MEASURE(0.000393700787401575),
#2357,'DISTANCE_ACCURACY_VALUE',
'Maximum model space distance between geometric entities at asserted c
onnectivities');
#2353=(
GEOMETRIC_REPRESENTATION_CONTEXT(3)
GLOBAL_UNCERTAINTY_ASSIGNED_CONTEXT((#2351))
GLOBAL_UNIT_ASSIGNED_CONTEXT((#2357,#2361,#2362))
REPRESENTATION_CONTEXT('','3D')
);
#2354=(
GEOMETRIC_REPRESENTATION_CONTEXT(3)
GLOBAL_UNCERTAINTY_ASSIGNED_CONTEXT((#2352))
GLOBAL_UNIT_ASSIGNED_CONTEXT((#2357,#2361,#2362))
REPRESENTATION_CONTEXT('','3D')
);
#2355=DIMENSIONAL_EXPONENTS(1.,0.,0.,0.,0.,0.,0.);
#2356=DIMENSIONAL_EXPONENTS(0.,1.,0.,0.,0.,0.,0.);
#2357=(
CONVERSION_BASED_UNIT('inch',#2360)
LENGTH_UNIT()
NAMED_UNIT(#2355)
);
#2358=(
LENGTH_UNIT()
NAMED_UNIT(*)
SI_UNIT(.MILLI.,.METRE.)
);
#2359=(
LENGTH_UNIT()
NAMED_UNIT(*)
SI_UNIT(.CENTI.,.METRE.)
);
#2360=LENGTH_MEASURE_WITH_UNIT(LENGTH_MEASURE(25.4),#2358);
#2361=(
NAMED_UNIT(*)
PLANE_ANGLE_UNIT()
SI_UNIT($,.RADIAN.)
);
#2362=(
NAMED_UNIT(*)
SI_UNIT($,.STERADIAN.)
SOLID_ANGLE_UNIT()
);
#2363=SHAPE_DEFINITION_REPRESENTATION(#2364,#2365);
#2364=PRODUCT_DEFINITION_SHAPE('',$,#2367);
#2365=SHAPE_REPRESENTATION('',(#743),#2353);
#2366=PRODUCT_DEFINITION_CONTEXT('part definition',#2371,'design');
#2367=PRODUCT_DEFINITION('95615A120','95615A120',#2368,#2366);
#2368=PRODUCT_DEFINITION_FORMATION('ANY',$,#2373);
#2369=PRODUCT_RELATED_PRODUCT_CATEGORY('95615A120','95615A120',(#2373));
#2370=APPLICATION_PROTOCOL_DEFINITION('international standard',
'automotive_design',2009,#2371);
#2371=APPLICATION_CONTEXT(
'Core Data for Automotive Mechanical Design Process');
#2372=PRODUCT_CONTEXT('part definition',#2371,'mechanical');
#2373=PRODUCT('95615A120','95615A120','1/4-20 nylon locknut',(#2372));
#2374=PRESENTATION_STYLE_ASSIGNMENT((#2375));
#2375=SURFACE_STYLE_USAGE(.BOTH.,#2378);
#2376=SURFACE_STYLE_RENDERING_WITH_PROPERTIES($,#2382,(#2377));
#2377=SURFACE_STYLE_TRANSPARENT(0.);
#2378=SURFACE_SIDE_STYLE('',(#2379,#2376));
#2379=SURFACE_STYLE_FILL_AREA(#2380);
#2380=FILL_AREA_STYLE('',(#2381));
#2381=FILL_AREA_STYLE_COLOUR('',#2382);
#2382=COLOUR_RGB('',0.749019607843137,0.749019607843137,0.749019607843137);
ENDSEC;
END-ISO-10303-21;
