ISO-10303-21;
HEADER;
/* Generated by software containing ST-Developer
 * from STEP Tools, Inc. (www.steptools.com) 
 */

FILE_DESCRIPTION(
/* description */ ('Back Left Corner Tube'),
/* implementation_level */ '2;1');

FILE_NAME(
/* name */ 'TA-1006.stp',
/* time_stamp */ '2025-12-23T10:23:12-06:00',
/* author */ ('titus'),
/* organization */ (''),
/* preprocessor_version */ 'ST-DEVELOPER v20',
/* originating_system */ 'Autodesk Inventor 2025',
/* authorisation */ '');

FILE_SCHEMA (('AUTOMOTIVE_DESIGN { 1 0 10303 214 3 1 1 }'));
ENDSEC;

DATA;
#10=MECHANICAL_DESIGN_GEOMETRIC_PRESENTATION_REPRESENTATION('',(#2128,#2129,
#2130,#2131,#2132,#2133,#2134,#2135,#2136,#2137,#2138,#2139,#2140,#2141,
#2142,#2143,#2144,#2145,#2146,#2147,#2148,#2149,#2150,#2151,#2152,#2153,
#2154,#2155,#2156,#2157,#2158,#2159,#2160,#2161,#2162,#2163,#2164,#2165,
#2166,#2167,#2168,#2169,#2170,#2171,#2172,#2173,#2174,#2175,#2176,#2177,
#2178,#2179,#2180,#2181,#2182,#2183,#2184,#2185,#2186,#2187,#2188,#2189,
#2190,#2191,#2192,#2193,#2194,#2195,#2196,#2197,#2198,#2199,#2200,#2201,
#2202,#2203,#2204,#2205,#2206,#2207,#2208,#2209,#2210,#2211,#2212,#2213,
#2214,#2215,#2216,#2217,#2218,#2219,#2220,#2221,#2222,#2223,#2224,#2225,
#2226,#2227,#2228,#2229,#2230,#2231,#2232,#2233,#2234,#2235,#2236,#2237,
#2238,#2239,#2240,#2241,#2242),#4057);
#11=SHAPE_REPRESENTATION_RELATIONSHIP('SRR','None',#4068,#12);
#12=ADVANCED_BREP_SHAPE_REPRESENTATION('',(#13),#4056);
#13=MANIFOLD_SOLID_BREP('Corner Post',#2357);
#14=FACE_BOUND('',#178,.T.);
#15=FACE_BOUND('',#179,.T.);
#16=FACE_BOUND('',#180,.T.);
#17=FACE_BOUND('',#223,.T.);
#18=FACE_BOUND('',#224,.T.);
#19=FACE_BOUND('',#225,.T.);
#20=FACE_BOUND('',#234,.T.);
#21=FACE_BOUND('',#235,.T.);
#22=FACE_BOUND('',#236,.T.);
#23=FACE_BOUND('',#279,.T.);
#24=FACE_BOUND('',#280,.T.);
#25=FACE_BOUND('',#281,.T.);
#26=FACE_BOUND('',#301,.T.);
#27=FACE_BOUND('',#303,.T.);
#28=PLANE('',#2382);
#29=PLANE('',#2458);
#30=PLANE('',#2471);
#31=PLANE('',#2484);
#32=PLANE('',#2487);
#33=PLANE('',#2492);
#34=PLANE('',#2493);
#35=PLANE('',#2494);
#36=PLANE('',#2495);
#37=PLANE('',#2496);
#38=PLANE('',#2497);
#39=PLANE('',#2498);
#40=PLANE('',#2499);
#41=PLANE('',#2500);
#42=PLANE('',#2504);
#43=PLANE('',#2580);
#44=PLANE('',#2593);
#45=PLANE('',#2606);
#46=PLANE('',#2609);
#47=PLANE('',#2614);
#48=PLANE('',#2615);
#49=PLANE('',#2616);
#50=PLANE('',#2617);
#51=PLANE('',#2618);
#52=PLANE('',#2619);
#53=PLANE('',#2620);
#54=PLANE('',#2621);
#55=PLANE('',#2622);
#56=PLANE('',#2626);
#57=PLANE('',#2630);
#58=PLANE('',#2640);
#59=PLANE('',#2644);
#60=PLANE('',#2651);
#61=PLANE('',#2652);
#62=FACE_OUTER_BOUND('',#176,.T.);
#63=FACE_OUTER_BOUND('',#177,.T.);
#64=FACE_OUTER_BOUND('',#181,.T.);
#65=FACE_OUTER_BOUND('',#182,.T.);
#66=FACE_OUTER_BOUND('',#183,.T.);
#67=FACE_OUTER_BOUND('',#184,.T.);
#68=FACE_OUTER_BOUND('',#185,.T.);
#69=FACE_OUTER_BOUND('',#186,.T.);
#70=FACE_OUTER_BOUND('',#187,.T.);
#71=FACE_OUTER_BOUND('',#188,.T.);
#72=FACE_OUTER_BOUND('',#189,.T.);
#73=FACE_OUTER_BOUND('',#190,.T.);
#74=FACE_OUTER_BOUND('',#191,.T.);
#75=FACE_OUTER_BOUND('',#192,.T.);
#76=FACE_OUTER_BOUND('',#193,.T.);
#77=FACE_OUTER_BOUND('',#194,.T.);
#78=FACE_OUTER_BOUND('',#195,.T.);
#79=FACE_OUTER_BOUND('',#196,.T.);
#80=FACE_OUTER_BOUND('',#197,.T.);
#81=FACE_OUTER_BOUND('',#198,.T.);
#82=FACE_OUTER_BOUND('',#199,.T.);
#83=FACE_OUTER_BOUND('',#200,.T.);
#84=FACE_OUTER_BOUND('',#201,.T.);
#85=FACE_OUTER_BOUND('',#202,.T.);
#86=FACE_OUTER_BOUND('',#203,.T.);
#87=FACE_OUTER_BOUND('',#204,.T.);
#88=FACE_OUTER_BOUND('',#205,.T.);
#89=FACE_OUTER_BOUND('',#206,.T.);
#90=FACE_OUTER_BOUND('',#207,.T.);
#91=FACE_OUTER_BOUND('',#208,.T.);
#92=FACE_OUTER_BOUND('',#209,.T.);
#93=FACE_OUTER_BOUND('',#210,.T.);
#94=FACE_OUTER_BOUND('',#211,.T.);
#95=FACE_OUTER_BOUND('',#212,.T.);
#96=FACE_OUTER_BOUND('',#213,.T.);
#97=FACE_OUTER_BOUND('',#214,.T.);
#98=FACE_OUTER_BOUND('',#215,.T.);
#99=FACE_OUTER_BOUND('',#216,.T.);
#100=FACE_OUTER_BOUND('',#217,.T.);
#101=FACE_OUTER_BOUND('',#218,.T.);
#102=FACE_OUTER_BOUND('',#219,.T.);
#103=FACE_OUTER_BOUND('',#220,.T.);
#104=FACE_OUTER_BOUND('',#221,.T.);
#105=FACE_OUTER_BOUND('',#222,.T.);
#106=FACE_OUTER_BOUND('',#226,.T.);
#107=FACE_OUTER_BOUND('',#227,.T.);
#108=FACE_OUTER_BOUND('',#228,.T.);
#109=FACE_OUTER_BOUND('',#229,.T.);
#110=FACE_OUTER_BOUND('',#230,.T.);
#111=FACE_OUTER_BOUND('',#231,.T.);
#112=FACE_OUTER_BOUND('',#232,.T.);
#113=FACE_OUTER_BOUND('',#233,.T.);
#114=FACE_OUTER_BOUND('',#237,.T.);
#115=FACE_OUTER_BOUND('',#238,.T.);
#116=FACE_OUTER_BOUND('',#239,.T.);
#117=FACE_OUTER_BOUND('',#240,.T.);
#118=FACE_OUTER_BOUND('',#241,.T.);
#119=FACE_OUTER_BOUND('',#242,.T.);
#120=FACE_OUTER_BOUND('',#243,.T.);
#121=FACE_OUTER_BOUND('',#244,.T.);
#122=FACE_OUTER_BOUND('',#245,.T.);
#123=FACE_OUTER_BOUND('',#246,.T.);
#124=FACE_OUTER_BOUND('',#247,.T.);
#125=FACE_OUTER_BOUND('',#248,.T.);
#126=FACE_OUTER_BOUND('',#249,.T.);
#127=FACE_OUTER_BOUND('',#250,.T.);
#128=FACE_OUTER_BOUND('',#251,.T.);
#129=FACE_OUTER_BOUND('',#252,.T.);
#130=FACE_OUTER_BOUND('',#253,.T.);
#131=FACE_OUTER_BOUND('',#254,.T.);
#132=FACE_OUTER_BOUND('',#255,.T.);
#133=FACE_OUTER_BOUND('',#256,.T.);
#134=FACE_OUTER_BOUND('',#257,.T.);
#135=FACE_OUTER_BOUND('',#258,.T.);
#136=FACE_OUTER_BOUND('',#259,.T.);
#137=FACE_OUTER_BOUND('',#260,.T.);
#138=FACE_OUTER_BOUND('',#261,.T.);
#139=FACE_OUTER_BOUND('',#262,.T.);
#140=FACE_OUTER_BOUND('',#263,.T.);
#141=FACE_OUTER_BOUND('',#264,.T.);
#142=FACE_OUTER_BOUND('',#265,.T.);
#143=FACE_OUTER_BOUND('',#266,.T.);
#144=FACE_OUTER_BOUND('',#267,.T.);
#145=FACE_OUTER_BOUND('',#268,.T.);
#146=FACE_OUTER_BOUND('',#269,.T.);
#147=FACE_OUTER_BOUND('',#270,.T.);
#148=FACE_OUTER_BOUND('',#271,.T.);
#149=FACE_OUTER_BOUND('',#272,.T.);
#150=FACE_OUTER_BOUND('',#273,.T.);
#151=FACE_OUTER_BOUND('',#274,.T.);
#152=FACE_OUTER_BOUND('',#275,.T.);
#153=FACE_OUTER_BOUND('',#276,.T.);
#154=FACE_OUTER_BOUND('',#277,.T.);
#155=FACE_OUTER_BOUND('',#278,.T.);
#156=FACE_OUTER_BOUND('',#282,.T.);
#157=FACE_OUTER_BOUND('',#283,.T.);
#158=FACE_OUTER_BOUND('',#284,.T.);
#159=FACE_OUTER_BOUND('',#285,.T.);
#160=FACE_OUTER_BOUND('',#286,.T.);
#161=FACE_OUTER_BOUND('',#287,.T.);
#162=FACE_OUTER_BOUND('',#288,.T.);
#163=FACE_OUTER_BOUND('',#289,.T.);
#164=FACE_OUTER_BOUND('',#290,.T.);
#165=FACE_OUTER_BOUND('',#291,.T.);
#166=FACE_OUTER_BOUND('',#292,.T.);
#167=FACE_OUTER_BOUND('',#293,.T.);
#168=FACE_OUTER_BOUND('',#294,.T.);
#169=FACE_OUTER_BOUND('',#295,.T.);
#170=FACE_OUTER_BOUND('',#296,.T.);
#171=FACE_OUTER_BOUND('',#297,.T.);
#172=FACE_OUTER_BOUND('',#298,.T.);
#173=FACE_OUTER_BOUND('',#299,.T.);
#174=FACE_OUTER_BOUND('',#300,.T.);
#175=FACE_OUTER_BOUND('',#302,.T.);
#176=EDGE_LOOP('',(#1376,#1377,#1378,#1379));
#177=EDGE_LOOP('',(#1380,#1381,#1382,#1383));
#178=EDGE_LOOP('',(#1384,#1385,#1386,#1387,#1388,#1389,#1390,#1391,#1392,
#1393,#1394,#1395,#1396,#1397,#1398,#1399));
#179=EDGE_LOOP('',(#1400,#1401,#1402,#1403,#1404,#1405,#1406,#1407,#1408,
#1409,#1410,#1411,#1412,#1413,#1414,#1415));
#180=EDGE_LOOP('',(#1416,#1417,#1418,#1419,#1420,#1421,#1422,#1423,#1424,
#1425,#1426,#1427,#1428,#1429,#1430,#1431));
#181=EDGE_LOOP('',(#1432,#1433,#1434,#1435));
#182=EDGE_LOOP('',(#1436,#1437,#1438,#1439));
#183=EDGE_LOOP('',(#1440,#1441,#1442,#1443));
#184=EDGE_LOOP('',(#1444,#1445,#1446,#1447));
#185=EDGE_LOOP('',(#1448,#1449,#1450,#1451));
#186=EDGE_LOOP('',(#1452,#1453,#1454,#1455));
#187=EDGE_LOOP('',(#1456,#1457,#1458,#1459));
#188=EDGE_LOOP('',(#1460,#1461,#1462,#1463));
#189=EDGE_LOOP('',(#1464,#1465,#1466,#1467));
#190=EDGE_LOOP('',(#1468,#1469,#1470,#1471));
#191=EDGE_LOOP('',(#1472,#1473,#1474,#1475));
#192=EDGE_LOOP('',(#1476,#1477,#1478,#1479));
#193=EDGE_LOOP('',(#1480,#1481,#1482,#1483));
#194=EDGE_LOOP('',(#1484,#1485,#1486,#1487));
#195=EDGE_LOOP('',(#1488,#1489,#1490,#1491));
#196=EDGE_LOOP('',(#1492,#1493,#1494,#1495));
#197=EDGE_LOOP('',(#1496,#1497,#1498,#1499));
#198=EDGE_LOOP('',(#1500,#1501,#1502,#1503));
#199=EDGE_LOOP('',(#1504,#1505,#1506,#1507));
#200=EDGE_LOOP('',(#1508,#1509,#1510,#1511));
#201=EDGE_LOOP('',(#1512,#1513,#1514,#1515));
#202=EDGE_LOOP('',(#1516,#1517,#1518,#1519));
#203=EDGE_LOOP('',(#1520,#1521,#1522,#1523));
#204=EDGE_LOOP('',(#1524,#1525,#1526,#1527));
#205=EDGE_LOOP('',(#1528,#1529,#1530,#1531));
#206=EDGE_LOOP('',(#1532,#1533,#1534,#1535));
#207=EDGE_LOOP('',(#1536,#1537,#1538,#1539));
#208=EDGE_LOOP('',(#1540,#1541,#1542,#1543));
#209=EDGE_LOOP('',(#1544,#1545,#1546,#1547));
#210=EDGE_LOOP('',(#1548,#1549,#1550,#1551));
#211=EDGE_LOOP('',(#1552,#1553,#1554,#1555));
#212=EDGE_LOOP('',(#1556,#1557,#1558,#1559));
#213=EDGE_LOOP('',(#1560,#1561,#1562,#1563));
#214=EDGE_LOOP('',(#1564,#1565,#1566,#1567));
#215=EDGE_LOOP('',(#1568,#1569,#1570,#1571));
#216=EDGE_LOOP('',(#1572,#1573,#1574,#1575));
#217=EDGE_LOOP('',(#1576,#1577,#1578,#1579));
#218=EDGE_LOOP('',(#1580,#1581,#1582,#1583));
#219=EDGE_LOOP('',(#1584,#1585,#1586,#1587));
#220=EDGE_LOOP('',(#1588,#1589,#1590,#1591));
#221=EDGE_LOOP('',(#1592,#1593,#1594,#1595));
#222=EDGE_LOOP('',(#1596,#1597,#1598,#1599));
#223=EDGE_LOOP('',(#1600,#1601,#1602,#1603,#1604,#1605,#1606,#1607,#1608,
#1609,#1610,#1611,#1612,#1613,#1614,#1615));
#224=EDGE_LOOP('',(#1616,#1617,#1618,#1619,#1620,#1621,#1622,#1623,#1624,
#1625,#1626,#1627,#1628,#1629,#1630,#1631));
#225=EDGE_LOOP('',(#1632,#1633,#1634,#1635,#1636,#1637,#1638,#1639,#1640,
#1641,#1642,#1643,#1644,#1645,#1646,#1647));
#226=EDGE_LOOP('',(#1648,#1649,#1650,#1651));
#227=EDGE_LOOP('',(#1652,#1653,#1654,#1655));
#228=EDGE_LOOP('',(#1656,#1657,#1658,#1659));
#229=EDGE_LOOP('',(#1660,#1661,#1662,#1663));
#230=EDGE_LOOP('',(#1664,#1665,#1666,#1667));
#231=EDGE_LOOP('',(#1668,#1669,#1670,#1671));
#232=EDGE_LOOP('',(#1672,#1673,#1674,#1675));
#233=EDGE_LOOP('',(#1676,#1677,#1678,#1679));
#234=EDGE_LOOP('',(#1680,#1681,#1682,#1683,#1684,#1685,#1686,#1687,#1688,
#1689,#1690,#1691,#1692,#1693,#1694,#1695));
#235=EDGE_LOOP('',(#1696,#1697,#1698,#1699,#1700,#1701,#1702,#1703,#1704,
#1705,#1706,#1707,#1708,#1709,#1710,#1711));
#236=EDGE_LOOP('',(#1712,#1713,#1714,#1715,#1716,#1717,#1718,#1719,#1720,
#1721,#1722,#1723,#1724,#1725,#1726,#1727));
#237=EDGE_LOOP('',(#1728,#1729,#1730,#1731));
#238=EDGE_LOOP('',(#1732,#1733,#1734,#1735));
#239=EDGE_LOOP('',(#1736,#1737,#1738,#1739));
#240=EDGE_LOOP('',(#1740,#1741,#1742,#1743));
#241=EDGE_LOOP('',(#1744,#1745,#1746,#1747));
#242=EDGE_LOOP('',(#1748,#1749,#1750,#1751));
#243=EDGE_LOOP('',(#1752,#1753,#1754,#1755));
#244=EDGE_LOOP('',(#1756,#1757,#1758,#1759));
#245=EDGE_LOOP('',(#1760,#1761,#1762,#1763));
#246=EDGE_LOOP('',(#1764,#1765,#1766,#1767));
#247=EDGE_LOOP('',(#1768,#1769,#1770,#1771));
#248=EDGE_LOOP('',(#1772,#1773,#1774,#1775));
#249=EDGE_LOOP('',(#1776,#1777,#1778,#1779));
#250=EDGE_LOOP('',(#1780,#1781,#1782,#1783));
#251=EDGE_LOOP('',(#1784,#1785,#1786,#1787));
#252=EDGE_LOOP('',(#1788,#1789,#1790,#1791));
#253=EDGE_LOOP('',(#1792,#1793,#1794,#1795));
#254=EDGE_LOOP('',(#1796,#1797,#1798,#1799));
#255=EDGE_LOOP('',(#1800,#1801,#1802,#1803));
#256=EDGE_LOOP('',(#1804,#1805,#1806,#1807));
#257=EDGE_LOOP('',(#1808,#1809,#1810,#1811));
#258=EDGE_LOOP('',(#1812,#1813,#1814,#1815));
#259=EDGE_LOOP('',(#1816,#1817,#1818,#1819));
#260=EDGE_LOOP('',(#1820,#1821,#1822,#1823));
#261=EDGE_LOOP('',(#1824,#1825,#1826,#1827));
#262=EDGE_LOOP('',(#1828,#1829,#1830,#1831));
#263=EDGE_LOOP('',(#1832,#1833,#1834,#1835));
#264=EDGE_LOOP('',(#1836,#1837,#1838,#1839));
#265=EDGE_LOOP('',(#1840,#1841,#1842,#1843));
#266=EDGE_LOOP('',(#1844,#1845,#1846,#1847));
#267=EDGE_LOOP('',(#1848,#1849,#1850,#1851));
#268=EDGE_LOOP('',(#1852,#1853,#1854,#1855));
#269=EDGE_LOOP('',(#1856,#1857,#1858,#1859));
#270=EDGE_LOOP('',(#1860,#1861,#1862,#1863));
#271=EDGE_LOOP('',(#1864,#1865,#1866,#1867));
#272=EDGE_LOOP('',(#1868,#1869,#1870,#1871));
#273=EDGE_LOOP('',(#1872,#1873,#1874,#1875));
#274=EDGE_LOOP('',(#1876,#1877,#1878,#1879));
#275=EDGE_LOOP('',(#1880,#1881,#1882,#1883));
#276=EDGE_LOOP('',(#1884,#1885,#1886,#1887));
#277=EDGE_LOOP('',(#1888,#1889,#1890,#1891));
#278=EDGE_LOOP('',(#1892,#1893,#1894,#1895));
#279=EDGE_LOOP('',(#1896,#1897,#1898,#1899,#1900,#1901,#1902,#1903,#1904,
#1905,#1906,#1907,#1908,#1909,#1910,#1911));
#280=EDGE_LOOP('',(#1912,#1913,#1914,#1915,#1916,#1917,#1918,#1919,#1920,
#1921,#1922,#1923,#1924,#1925,#1926,#1927));
#281=EDGE_LOOP('',(#1928,#1929,#1930,#1931,#1932,#1933,#1934,#1935,#1936,
#1937,#1938,#1939,#1940,#1941,#1942,#1943));
#282=EDGE_LOOP('',(#1944,#1945,#1946,#1947));
#283=EDGE_LOOP('',(#1948,#1949,#1950,#1951));
#284=EDGE_LOOP('',(#1952,#1953,#1954,#1955));
#285=EDGE_LOOP('',(#1956,#1957,#1958,#1959));
#286=EDGE_LOOP('',(#1960,#1961,#1962,#1963));
#287=EDGE_LOOP('',(#1964,#1965,#1966,#1967));
#288=EDGE_LOOP('',(#1968,#1969,#1970,#1971));
#289=EDGE_LOOP('',(#1972,#1973,#1974,#1975));
#290=EDGE_LOOP('',(#1976,#1977,#1978,#1979));
#291=EDGE_LOOP('',(#1980,#1981,#1982,#1983));
#292=EDGE_LOOP('',(#1984,#1985,#1986,#1987));
#293=EDGE_LOOP('',(#1988,#1989,#1990,#1991));
#294=EDGE_LOOP('',(#1992,#1993,#1994,#1995));
#295=EDGE_LOOP('',(#1996,#1997,#1998,#1999));
#296=EDGE_LOOP('',(#2000,#2001,#2002,#2003));
#297=EDGE_LOOP('',(#2004,#2005,#2006,#2007));
#298=EDGE_LOOP('',(#2008,#2009,#2010,#2011));
#299=EDGE_LOOP('',(#2012,#2013,#2014,#2015));
#300=EDGE_LOOP('',(#2016,#2017,#2018,#2019,#2020,#2021,#2022,#2023));
#301=EDGE_LOOP('',(#2024,#2025,#2026,#2027,#2028,#2029,#2030,#2031));
#302=EDGE_LOOP('',(#2032,#2033,#2034,#2035,#2036,#2037,#2038,#2039));
#303=EDGE_LOOP('',(#2040,#2041,#2042,#2043,#2044,#2045,#2046,#2047));
#304=LINE('',#3385,#480);
#305=LINE('',#3388,#481);
#306=LINE('',#3392,#482);
#307=LINE('',#3394,#483);
#308=LINE('',#3396,#484);
#309=LINE('',#3397,#485);
#310=LINE('',#3403,#486);
#311=LINE('',#3411,#487);
#312=LINE('',#3419,#488);
#313=LINE('',#3426,#489);
#314=LINE('',#3435,#490);
#315=LINE('',#3443,#491);
#316=LINE('',#3451,#492);
#317=LINE('',#3458,#493);
#318=LINE('',#3467,#494);
#319=LINE('',#3475,#495);
#320=LINE('',#3483,#496);
#321=LINE('',#3490,#497);
#322=LINE('',#3494,#498);
#323=LINE('',#3498,#499);
#324=LINE('',#3501,#500);
#325=LINE('',#3504,#501);
#326=LINE('',#3508,#502);
#327=LINE('',#3512,#503);
#328=LINE('',#3515,#504);
#329=LINE('',#3518,#505);
#330=LINE('',#3522,#506);
#331=LINE('',#3526,#507);
#332=LINE('',#3529,#508);
#333=LINE('',#3532,#509);
#334=LINE('',#3536,#510);
#335=LINE('',#3540,#511);
#336=LINE('',#3543,#512);
#337=LINE('',#3546,#513);
#338=LINE('',#3550,#514);
#339=LINE('',#3554,#515);
#340=LINE('',#3557,#516);
#341=LINE('',#3560,#517);
#342=LINE('',#3564,#518);
#343=LINE('',#3568,#519);
#344=LINE('',#3573,#520);
#345=LINE('',#3574,#521);
#346=LINE('',#3577,#522);
#347=LINE('',#3581,#523);
#348=LINE('',#3584,#524);
#349=LINE('',#3587,#525);
#350=LINE('',#3590,#526);
#351=LINE('',#3594,#527);
#352=LINE('',#3598,#528);
#353=LINE('',#3603,#529);
#354=LINE('',#3604,#530);
#355=LINE('',#3607,#531);
#356=LINE('',#3611,#532);
#357=LINE('',#3614,#533);
#358=LINE('',#3617,#534);
#359=LINE('',#3620,#535);
#360=LINE('',#3624,#536);
#361=LINE('',#3628,#537);
#362=LINE('',#3633,#538);
#363=LINE('',#3634,#539);
#364=LINE('',#3637,#540);
#365=LINE('',#3641,#541);
#366=LINE('',#3645,#542);
#367=LINE('',#3646,#543);
#368=LINE('',#3649,#544);
#369=LINE('',#3652,#545);
#370=LINE('',#3654,#546);
#371=LINE('',#3658,#547);
#372=LINE('',#3662,#548);
#373=LINE('',#3664,#549);
#374=LINE('',#3668,#550);
#375=LINE('',#3670,#551);
#376=LINE('',#3672,#552);
#377=LINE('',#3673,#553);
#378=LINE('',#3674,#554);
#379=LINE('',#3675,#555);
#380=LINE('',#3676,#556);
#381=LINE('',#3677,#557);
#382=LINE('',#3678,#558);
#383=LINE('',#3679,#559);
#384=LINE('',#3691,#560);
#385=LINE('',#3694,#561);
#386=LINE('',#3698,#562);
#387=LINE('',#3700,#563);
#388=LINE('',#3702,#564);
#389=LINE('',#3703,#565);
#390=LINE('',#3709,#566);
#391=LINE('',#3717,#567);
#392=LINE('',#3725,#568);
#393=LINE('',#3732,#569);
#394=LINE('',#3741,#570);
#395=LINE('',#3749,#571);
#396=LINE('',#3757,#572);
#397=LINE('',#3764,#573);
#398=LINE('',#3773,#574);
#399=LINE('',#3781,#575);
#400=LINE('',#3789,#576);
#401=LINE('',#3796,#577);
#402=LINE('',#3800,#578);
#403=LINE('',#3804,#579);
#404=LINE('',#3807,#580);
#405=LINE('',#3810,#581);
#406=LINE('',#3814,#582);
#407=LINE('',#3818,#583);
#408=LINE('',#3821,#584);
#409=LINE('',#3824,#585);
#410=LINE('',#3828,#586);
#411=LINE('',#3832,#587);
#412=LINE('',#3835,#588);
#413=LINE('',#3838,#589);
#414=LINE('',#3842,#590);
#415=LINE('',#3846,#591);
#416=LINE('',#3849,#592);
#417=LINE('',#3852,#593);
#418=LINE('',#3856,#594);
#419=LINE('',#3860,#595);
#420=LINE('',#3863,#596);
#421=LINE('',#3866,#597);
#422=LINE('',#3870,#598);
#423=LINE('',#3874,#599);
#424=LINE('',#3879,#600);
#425=LINE('',#3880,#601);
#426=LINE('',#3883,#602);
#427=LINE('',#3887,#603);
#428=LINE('',#3890,#604);
#429=LINE('',#3893,#605);
#430=LINE('',#3896,#606);
#431=LINE('',#3900,#607);
#432=LINE('',#3904,#608);
#433=LINE('',#3909,#609);
#434=LINE('',#3910,#610);
#435=LINE('',#3913,#611);
#436=LINE('',#3917,#612);
#437=LINE('',#3920,#613);
#438=LINE('',#3923,#614);
#439=LINE('',#3926,#615);
#440=LINE('',#3930,#616);
#441=LINE('',#3934,#617);
#442=LINE('',#3939,#618);
#443=LINE('',#3940,#619);
#444=LINE('',#3943,#620);
#445=LINE('',#3947,#621);
#446=LINE('',#3951,#622);
#447=LINE('',#3952,#623);
#448=LINE('',#3955,#624);
#449=LINE('',#3958,#625);
#450=LINE('',#3960,#626);
#451=LINE('',#3964,#627);
#452=LINE('',#3968,#628);
#453=LINE('',#3970,#629);
#454=LINE('',#3974,#630);
#455=LINE('',#3976,#631);
#456=LINE('',#3978,#632);
#457=LINE('',#3979,#633);
#458=LINE('',#3980,#634);
#459=LINE('',#3981,#635);
#460=LINE('',#3982,#636);
#461=LINE('',#3983,#637);
#462=LINE('',#3984,#638);
#463=LINE('',#3985,#639);
#464=LINE('',#3997,#640);
#465=LINE('',#4000,#641);
#466=LINE('',#4002,#642);
#467=LINE('',#4003,#643);
#468=LINE('',#4009,#644);
#469=LINE('',#4012,#645);
#470=LINE('',#4014,#646);
#471=LINE('',#4015,#647);
#472=LINE('',#4027,#648);
#473=LINE('',#4030,#649);
#474=LINE('',#4032,#650);
#475=LINE('',#4033,#651);
#476=LINE('',#4039,#652);
#477=LINE('',#4042,#653);
#478=LINE('',#4044,#654);
#479=LINE('',#4045,#655);
#480=VECTOR('',#2659,0.393700787401575);
#481=VECTOR('',#2662,0.393700787401575);
#482=VECTOR('',#2665,0.393700787401575);
#483=VECTOR('',#2666,0.393700787401575);
#484=VECTOR('',#2667,0.393700787401575);
#485=VECTOR('',#2668,0.393700787401575);
#486=VECTOR('',#2673,0.393700787401575);
#487=VECTOR('',#2680,0.393700787401575);
#488=VECTOR('',#2687,0.393700787401575);
#489=VECTOR('',#2694,0.393700787401575);
#490=VECTOR('',#2701,0.393700787401575);
#491=VECTOR('',#2708,0.393700787401575);
#492=VECTOR('',#2715,0.393700787401575);
#493=VECTOR('',#2722,0.393700787401575);
#494=VECTOR('',#2729,0.393700787401575);
#495=VECTOR('',#2736,0.393700787401575);
#496=VECTOR('',#2743,0.393700787401575);
#497=VECTOR('',#2750,0.393700787401575);
#498=VECTOR('',#2755,0.393700787401575);
#499=VECTOR('',#2760,0.393700787401575);
#500=VECTOR('',#2763,0.393700787401575);
#501=VECTOR('',#2766,0.393700787401575);
#502=VECTOR('',#2771,0.393700787401575);
#503=VECTOR('',#2776,0.393700787401575);
#504=VECTOR('',#2779,0.393700787401575);
#505=VECTOR('',#2782,0.393700787401575);
#506=VECTOR('',#2787,0.393700787401575);
#507=VECTOR('',#2792,0.393700787401575);
#508=VECTOR('',#2795,0.393700787401575);
#509=VECTOR('',#2798,0.393700787401575);
#510=VECTOR('',#2803,0.393700787401575);
#511=VECTOR('',#2808,0.393700787401575);
#512=VECTOR('',#2811,0.393700787401575);
#513=VECTOR('',#2814,0.393700787401575);
#514=VECTOR('',#2819,0.393700787401575);
#515=VECTOR('',#2824,0.393700787401575);
#516=VECTOR('',#2827,0.393700787401575);
#517=VECTOR('',#2830,0.393700787401575);
#518=VECTOR('',#2835,0.393700787401575);
#519=VECTOR('',#2840,0.393700787401575);
#520=VECTOR('',#2845,0.393700787401575);
#521=VECTOR('',#2846,0.393700787401575);
#522=VECTOR('',#2849,0.393700787401575);
#523=VECTOR('',#2854,0.393700787401575);
#524=VECTOR('',#2859,0.393700787401575);
#525=VECTOR('',#2862,0.393700787401575);
#526=VECTOR('',#2865,0.393700787401575);
#527=VECTOR('',#2870,0.393700787401575);
#528=VECTOR('',#2875,0.393700787401575);
#529=VECTOR('',#2880,0.393700787401575);
#530=VECTOR('',#2881,0.393700787401575);
#531=VECTOR('',#2884,0.393700787401575);
#532=VECTOR('',#2889,0.393700787401575);
#533=VECTOR('',#2894,0.393700787401575);
#534=VECTOR('',#2897,0.393700787401575);
#535=VECTOR('',#2900,0.393700787401575);
#536=VECTOR('',#2905,0.393700787401575);
#537=VECTOR('',#2910,0.393700787401575);
#538=VECTOR('',#2915,0.393700787401575);
#539=VECTOR('',#2916,0.393700787401575);
#540=VECTOR('',#2919,0.393700787401575);
#541=VECTOR('',#2924,0.393700787401575);
#542=VECTOR('',#2929,0.393700787401575);
#543=VECTOR('',#2930,0.393700787401575);
#544=VECTOR('',#2933,0.393700787401575);
#545=VECTOR('',#2936,0.393700787401575);
#546=VECTOR('',#2939,0.393700787401575);
#547=VECTOR('',#2944,0.393700787401575);
#548=VECTOR('',#2951,0.393700787401575);
#549=VECTOR('',#2954,0.393700787401575);
#550=VECTOR('',#2957,0.393700787401575);
#551=VECTOR('',#2958,0.393700787401575);
#552=VECTOR('',#2959,0.393700787401575);
#553=VECTOR('',#2960,0.393700787401575);
#554=VECTOR('',#2961,0.393700787401575);
#555=VECTOR('',#2962,0.393700787401575);
#556=VECTOR('',#2963,0.393700787401575);
#557=VECTOR('',#2964,0.393700787401575);
#558=VECTOR('',#2965,0.393700787401575);
#559=VECTOR('',#2966,0.393700787401575);
#560=VECTOR('',#2983,0.393700787401575);
#561=VECTOR('',#2986,0.393700787401575);
#562=VECTOR('',#2989,0.393700787401575);
#563=VECTOR('',#2990,0.393700787401575);
#564=VECTOR('',#2991,0.393700787401575);
#565=VECTOR('',#2992,0.393700787401575);
#566=VECTOR('',#2997,0.393700787401575);
#567=VECTOR('',#3004,0.393700787401575);
#568=VECTOR('',#3011,0.393700787401575);
#569=VECTOR('',#3018,0.393700787401575);
#570=VECTOR('',#3025,0.393700787401575);
#571=VECTOR('',#3032,0.393700787401575);
#572=VECTOR('',#3039,0.393700787401575);
#573=VECTOR('',#3046,0.393700787401575);
#574=VECTOR('',#3053,0.393700787401575);
#575=VECTOR('',#3060,0.393700787401575);
#576=VECTOR('',#3067,0.393700787401575);
#577=VECTOR('',#3074,0.393700787401575);
#578=VECTOR('',#3079,0.393700787401575);
#579=VECTOR('',#3084,0.393700787401575);
#580=VECTOR('',#3087,0.393700787401575);
#581=VECTOR('',#3090,0.393700787401575);
#582=VECTOR('',#3095,0.393700787401575);
#583=VECTOR('',#3100,0.393700787401575);
#584=VECTOR('',#3103,0.393700787401575);
#585=VECTOR('',#3106,0.393700787401575);
#586=VECTOR('',#3111,0.393700787401575);
#587=VECTOR('',#3116,0.393700787401575);
#588=VECTOR('',#3119,0.393700787401575);
#589=VECTOR('',#3122,0.393700787401575);
#590=VECTOR('',#3127,0.393700787401575);
#591=VECTOR('',#3132,0.393700787401575);
#592=VECTOR('',#3135,0.393700787401575);
#593=VECTOR('',#3138,0.393700787401575);
#594=VECTOR('',#3143,0.393700787401575);
#595=VECTOR('',#3148,0.393700787401575);
#596=VECTOR('',#3151,0.393700787401575);
#597=VECTOR('',#3154,0.393700787401575);
#598=VECTOR('',#3159,0.393700787401575);
#599=VECTOR('',#3164,0.393700787401575);
#600=VECTOR('',#3169,0.393700787401575);
#601=VECTOR('',#3170,0.393700787401575);
#602=VECTOR('',#3173,0.393700787401575);
#603=VECTOR('',#3178,0.393700787401575);
#604=VECTOR('',#3183,0.393700787401575);
#605=VECTOR('',#3186,0.393700787401575);
#606=VECTOR('',#3189,0.393700787401575);
#607=VECTOR('',#3194,0.393700787401575);
#608=VECTOR('',#3199,0.393700787401575);
#609=VECTOR('',#3204,0.393700787401575);
#610=VECTOR('',#3205,0.393700787401575);
#611=VECTOR('',#3208,0.393700787401575);
#612=VECTOR('',#3213,0.393700787401575);
#613=VECTOR('',#3218,0.393700787401575);
#614=VECTOR('',#3221,0.393700787401575);
#615=VECTOR('',#3224,0.393700787401575);
#616=VECTOR('',#3229,0.393700787401575);
#617=VECTOR('',#3234,0.393700787401575);
#618=VECTOR('',#3239,0.393700787401575);
#619=VECTOR('',#3240,0.393700787401575);
#620=VECTOR('',#3243,0.393700787401575);
#621=VECTOR('',#3248,0.393700787401575);
#622=VECTOR('',#3253,0.393700787401575);
#623=VECTOR('',#3254,0.393700787401575);
#624=VECTOR('',#3257,0.393700787401575);
#625=VECTOR('',#3260,0.393700787401575);
#626=VECTOR('',#3263,0.393700787401575);
#627=VECTOR('',#3268,0.393700787401575);
#628=VECTOR('',#3275,0.393700787401575);
#629=VECTOR('',#3278,0.393700787401575);
#630=VECTOR('',#3281,0.393700787401575);
#631=VECTOR('',#3282,0.393700787401575);
#632=VECTOR('',#3283,0.393700787401575);
#633=VECTOR('',#3284,0.393700787401575);
#634=VECTOR('',#3285,0.393700787401575);
#635=VECTOR('',#3286,0.393700787401575);
#636=VECTOR('',#3287,0.393700787401575);
#637=VECTOR('',#3288,0.393700787401575);
#638=VECTOR('',#3289,0.393700787401575);
#639=VECTOR('',#3290,0.393700787401575);
#640=VECTOR('',#3309,0.393700787401575);
#641=VECTOR('',#3312,0.393700787401575);
#642=VECTOR('',#3313,0.393700787401575);
#643=VECTOR('',#3314,0.393700787401575);
#644=VECTOR('',#3321,0.393700787401575);
#645=VECTOR('',#3324,0.393700787401575);
#646=VECTOR('',#3325,0.393700787401575);
#647=VECTOR('',#3326,0.393700787401575);
#648=VECTOR('',#3345,0.393700787401575);
#649=VECTOR('',#3348,0.393700787401575);
#650=VECTOR('',#3349,0.393700787401575);
#651=VECTOR('',#3350,0.393700787401575);
#652=VECTOR('',#3357,0.393700787401575);
#653=VECTOR('',#3360,0.393700787401575);
#654=VECTOR('',#3361,0.393700787401575);
#655=VECTOR('',#3362,0.393700787401575);
#656=CIRCLE('',#2380,0.02);
#657=CIRCLE('',#2381,0.02);
#658=CIRCLE('',#2383,0.0400000393700783);
#659=CIRCLE('',#2384,0.02);
#660=CIRCLE('',#2385,0.02);
#661=CIRCLE('',#2386,0.0400000393700783);
#662=CIRCLE('',#2387,0.02);
#663=CIRCLE('',#2388,0.02);
#664=CIRCLE('',#2389,0.0400000393700783);
#665=CIRCLE('',#2390,0.02);
#666=CIRCLE('',#2391,0.02);
#667=CIRCLE('',#2392,0.0400000393700783);
#668=CIRCLE('',#2393,0.02);
#669=CIRCLE('',#2394,0.02);
#670=CIRCLE('',#2395,0.0400000393700786);
#671=CIRCLE('',#2396,0.02);
#672=CIRCLE('',#2397,0.02);
#673=CIRCLE('',#2398,0.0400000393700786);
#674=CIRCLE('',#2399,0.02);
#675=CIRCLE('',#2400,0.02);
#676=CIRCLE('',#2401,0.0400000393700786);
#677=CIRCLE('',#2402,0.02);
#678=CIRCLE('',#2403,0.02);
#679=CIRCLE('',#2404,0.0400000393700786);
#680=CIRCLE('',#2405,0.02);
#681=CIRCLE('',#2406,0.02);
#682=CIRCLE('',#2407,0.0400000393700783);
#683=CIRCLE('',#2408,0.02);
#684=CIRCLE('',#2409,0.02);
#685=CIRCLE('',#2410,0.0400000393700783);
#686=CIRCLE('',#2411,0.02);
#687=CIRCLE('',#2412,0.02);
#688=CIRCLE('',#2413,0.0400000393700783);
#689=CIRCLE('',#2414,0.02);
#690=CIRCLE('',#2415,0.02);
#691=CIRCLE('',#2416,0.0400000393700783);
#692=CIRCLE('',#2417,0.02);
#693=CIRCLE('',#2419,0.0400000393700783);
#694=CIRCLE('',#2421,0.02);
#695=CIRCLE('',#2423,0.02);
#696=CIRCLE('',#2425,0.0400000393700786);
#697=CIRCLE('',#2427,0.02);
#698=CIRCLE('',#2429,0.02);
#699=CIRCLE('',#2431,0.0400000393700786);
#700=CIRCLE('',#2433,0.02);
#701=CIRCLE('',#2435,0.02);
#702=CIRCLE('',#2437,0.0400000393700783);
#703=CIRCLE('',#2439,0.02);
#704=CIRCLE('',#2441,0.02);
#705=CIRCLE('',#2443,0.0400000393700783);
#706=CIRCLE('',#2445,0.02);
#707=CIRCLE('',#2447,0.02);
#708=CIRCLE('',#2449,0.0400000393700783);
#709=CIRCLE('',#2451,0.02);
#710=CIRCLE('',#2453,0.02);
#711=CIRCLE('',#2455,0.0400000393700783);
#712=CIRCLE('',#2457,0.02);
#713=CIRCLE('',#2460,0.02);
#714=CIRCLE('',#2462,0.0400000393700786);
#715=CIRCLE('',#2464,0.02);
#716=CIRCLE('',#2466,0.02);
#717=CIRCLE('',#2468,0.0400000393700786);
#718=CIRCLE('',#2470,0.02);
#719=CIRCLE('',#2473,0.02);
#720=CIRCLE('',#2475,0.0400000393700783);
#721=CIRCLE('',#2477,0.02);
#722=CIRCLE('',#2479,0.02);
#723=CIRCLE('',#2481,0.0400000393700783);
#724=CIRCLE('',#2483,0.02);
#725=CIRCLE('',#2486,0.02);
#726=CIRCLE('',#2489,0.02);
#727=CIRCLE('',#2491,0.0400000393700783);
#728=CIRCLE('',#2502,0.02);
#729=CIRCLE('',#2503,0.02);
#730=CIRCLE('',#2505,0.0400000393700787);
#731=CIRCLE('',#2506,0.02);
#732=CIRCLE('',#2507,0.02);
#733=CIRCLE('',#2508,0.0400000393700787);
#734=CIRCLE('',#2509,0.02);
#735=CIRCLE('',#2510,0.02);
#736=CIRCLE('',#2511,0.0400000393700787);
#737=CIRCLE('',#2512,0.02);
#738=CIRCLE('',#2513,0.02);
#739=CIRCLE('',#2514,0.0400000393700787);
#740=CIRCLE('',#2515,0.02);
#741=CIRCLE('',#2516,0.02);
#742=CIRCLE('',#2517,0.0400000393700787);
#743=CIRCLE('',#2518,0.02);
#744=CIRCLE('',#2519,0.02);
#745=CIRCLE('',#2520,0.0400000393700787);
#746=CIRCLE('',#2521,0.02);
#747=CIRCLE('',#2522,0.02);
#748=CIRCLE('',#2523,0.0400000393700787);
#749=CIRCLE('',#2524,0.02);
#750=CIRCLE('',#2525,0.02);
#751=CIRCLE('',#2526,0.0400000393700787);
#752=CIRCLE('',#2527,0.02);
#753=CIRCLE('',#2528,0.02);
#754=CIRCLE('',#2529,0.0400000393700787);
#755=CIRCLE('',#2530,0.02);
#756=CIRCLE('',#2531,0.02);
#757=CIRCLE('',#2532,0.0400000393700787);
#758=CIRCLE('',#2533,0.02);
#759=CIRCLE('',#2534,0.02);
#760=CIRCLE('',#2535,0.0400000393700787);
#761=CIRCLE('',#2536,0.02);
#762=CIRCLE('',#2537,0.02);
#763=CIRCLE('',#2538,0.0400000393700787);
#764=CIRCLE('',#2539,0.02);
#765=CIRCLE('',#2541,0.0400000393700787);
#766=CIRCLE('',#2543,0.02);
#767=CIRCLE('',#2545,0.02);
#768=CIRCLE('',#2547,0.0400000393700787);
#769=CIRCLE('',#2549,0.02);
#770=CIRCLE('',#2551,0.02);
#771=CIRCLE('',#2553,0.0400000393700787);
#772=CIRCLE('',#2555,0.02);
#773=CIRCLE('',#2557,0.02);
#774=CIRCLE('',#2559,0.0400000393700787);
#775=CIRCLE('',#2561,0.02);
#776=CIRCLE('',#2563,0.02);
#777=CIRCLE('',#2565,0.0400000393700787);
#778=CIRCLE('',#2567,0.02);
#779=CIRCLE('',#2569,0.02);
#780=CIRCLE('',#2571,0.0400000393700787);
#781=CIRCLE('',#2573,0.02);
#782=CIRCLE('',#2575,0.02);
#783=CIRCLE('',#2577,0.0400000393700787);
#784=CIRCLE('',#2579,0.02);
#785=CIRCLE('',#2582,0.02);
#786=CIRCLE('',#2584,0.0400000393700787);
#787=CIRCLE('',#2586,0.02);
#788=CIRCLE('',#2588,0.02);
#789=CIRCLE('',#2590,0.0400000393700787);
#790=CIRCLE('',#2592,0.02);
#791=CIRCLE('',#2595,0.02);
#792=CIRCLE('',#2597,0.0400000393700787);
#793=CIRCLE('',#2599,0.02);
#794=CIRCLE('',#2601,0.02);
#795=CIRCLE('',#2603,0.0400000393700787);
#796=CIRCLE('',#2605,0.02);
#797=CIRCLE('',#2608,0.02);
#798=CIRCLE('',#2611,0.02);
#799=CIRCLE('',#2613,0.0400000393700787);
#800=CIRCLE('',#2624,0.0829999999999999);
#801=CIRCLE('',#2625,0.0829999999999999);
#802=CIRCLE('',#2628,0.0829999999999999);
#803=CIRCLE('',#2629,0.0829999999999999);
#804=CIRCLE('',#2632,0.0829999999999999);
#805=CIRCLE('',#2633,0.0829999999999999);
#806=CIRCLE('',#2635,0.0829999999999999);
#807=CIRCLE('',#2636,0.0829999999999999);
#808=CIRCLE('',#2638,0.188);
#809=CIRCLE('',#2639,0.188);
#810=CIRCLE('',#2642,0.188);
#811=CIRCLE('',#2643,0.188);
#812=CIRCLE('',#2646,0.188);
#813=CIRCLE('',#2647,0.188);
#814=CIRCLE('',#2649,0.188);
#815=CIRCLE('',#2650,0.188);
#816=VERTEX_POINT('',#3381);
#817=VERTEX_POINT('',#3382);
#818=VERTEX_POINT('',#3384);
#819=VERTEX_POINT('',#3386);
#820=VERTEX_POINT('',#3390);
#821=VERTEX_POINT('',#3391);
#822=VERTEX_POINT('',#3393);
#823=VERTEX_POINT('',#3395);
#824=VERTEX_POINT('',#3398);
#825=VERTEX_POINT('',#3400);
#826=VERTEX_POINT('',#3402);
#827=VERTEX_POINT('',#3404);
#828=VERTEX_POINT('',#3406);
#829=VERTEX_POINT('',#3408);
#830=VERTEX_POINT('',#3410);
#831=VERTEX_POINT('',#3412);
#832=VERTEX_POINT('',#3414);
#833=VERTEX_POINT('',#3416);
#834=VERTEX_POINT('',#3418);
#835=VERTEX_POINT('',#3420);
#836=VERTEX_POINT('',#3422);
#837=VERTEX_POINT('',#3424);
#838=VERTEX_POINT('',#3427);
#839=VERTEX_POINT('',#3428);
#840=VERTEX_POINT('',#3430);
#841=VERTEX_POINT('',#3432);
#842=VERTEX_POINT('',#3434);
#843=VERTEX_POINT('',#3436);
#844=VERTEX_POINT('',#3438);
#845=VERTEX_POINT('',#3440);
#846=VERTEX_POINT('',#3442);
#847=VERTEX_POINT('',#3444);
#848=VERTEX_POINT('',#3446);
#849=VERTEX_POINT('',#3448);
#850=VERTEX_POINT('',#3450);
#851=VERTEX_POINT('',#3452);
#852=VERTEX_POINT('',#3454);
#853=VERTEX_POINT('',#3456);
#854=VERTEX_POINT('',#3459);
#855=VERTEX_POINT('',#3460);
#856=VERTEX_POINT('',#3462);
#857=VERTEX_POINT('',#3464);
#858=VERTEX_POINT('',#3466);
#859=VERTEX_POINT('',#3468);
#860=VERTEX_POINT('',#3470);
#861=VERTEX_POINT('',#3472);
#862=VERTEX_POINT('',#3474);
#863=VERTEX_POINT('',#3476);
#864=VERTEX_POINT('',#3478);
#865=VERTEX_POINT('',#3480);
#866=VERTEX_POINT('',#3482);
#867=VERTEX_POINT('',#3484);
#868=VERTEX_POINT('',#3486);
#869=VERTEX_POINT('',#3488);
#870=VERTEX_POINT('',#3492);
#871=VERTEX_POINT('',#3496);
#872=VERTEX_POINT('',#3500);
#873=VERTEX_POINT('',#3502);
#874=VERTEX_POINT('',#3506);
#875=VERTEX_POINT('',#3510);
#876=VERTEX_POINT('',#3514);
#877=VERTEX_POINT('',#3516);
#878=VERTEX_POINT('',#3520);
#879=VERTEX_POINT('',#3524);
#880=VERTEX_POINT('',#3528);
#881=VERTEX_POINT('',#3530);
#882=VERTEX_POINT('',#3534);
#883=VERTEX_POINT('',#3538);
#884=VERTEX_POINT('',#3542);
#885=VERTEX_POINT('',#3544);
#886=VERTEX_POINT('',#3548);
#887=VERTEX_POINT('',#3552);
#888=VERTEX_POINT('',#3556);
#889=VERTEX_POINT('',#3558);
#890=VERTEX_POINT('',#3562);
#891=VERTEX_POINT('',#3566);
#892=VERTEX_POINT('',#3570);
#893=VERTEX_POINT('',#3571);
#894=VERTEX_POINT('',#3576);
#895=VERTEX_POINT('',#3580);
#896=VERTEX_POINT('',#3586);
#897=VERTEX_POINT('',#3588);
#898=VERTEX_POINT('',#3592);
#899=VERTEX_POINT('',#3596);
#900=VERTEX_POINT('',#3600);
#901=VERTEX_POINT('',#3601);
#902=VERTEX_POINT('',#3606);
#903=VERTEX_POINT('',#3610);
#904=VERTEX_POINT('',#3616);
#905=VERTEX_POINT('',#3618);
#906=VERTEX_POINT('',#3622);
#907=VERTEX_POINT('',#3626);
#908=VERTEX_POINT('',#3630);
#909=VERTEX_POINT('',#3631);
#910=VERTEX_POINT('',#3636);
#911=VERTEX_POINT('',#3640);
#912=VERTEX_POINT('',#3644);
#913=VERTEX_POINT('',#3648);
#914=VERTEX_POINT('',#3650);
#915=VERTEX_POINT('',#3656);
#916=VERTEX_POINT('',#3666);
#917=VERTEX_POINT('',#3667);
#918=VERTEX_POINT('',#3669);
#919=VERTEX_POINT('',#3671);
#920=VERTEX_POINT('',#3687);
#921=VERTEX_POINT('',#3688);
#922=VERTEX_POINT('',#3690);
#923=VERTEX_POINT('',#3692);
#924=VERTEX_POINT('',#3696);
#925=VERTEX_POINT('',#3697);
#926=VERTEX_POINT('',#3699);
#927=VERTEX_POINT('',#3701);
#928=VERTEX_POINT('',#3704);
#929=VERTEX_POINT('',#3706);
#930=VERTEX_POINT('',#3708);
#931=VERTEX_POINT('',#3710);
#932=VERTEX_POINT('',#3712);
#933=VERTEX_POINT('',#3714);
#934=VERTEX_POINT('',#3716);
#935=VERTEX_POINT('',#3718);
#936=VERTEX_POINT('',#3720);
#937=VERTEX_POINT('',#3722);
#938=VERTEX_POINT('',#3724);
#939=VERTEX_POINT('',#3726);
#940=VERTEX_POINT('',#3728);
#941=VERTEX_POINT('',#3730);
#942=VERTEX_POINT('',#3733);
#943=VERTEX_POINT('',#3734);
#944=VERTEX_POINT('',#3736);
#945=VERTEX_POINT('',#3738);
#946=VERTEX_POINT('',#3740);
#947=VERTEX_POINT('',#3742);
#948=VERTEX_POINT('',#3744);
#949=VERTEX_POINT('',#3746);
#950=VERTEX_POINT('',#3748);
#951=VERTEX_POINT('',#3750);
#952=VERTEX_POINT('',#3752);
#953=VERTEX_POINT('',#3754);
#954=VERTEX_POINT('',#3756);
#955=VERTEX_POINT('',#3758);
#956=VERTEX_POINT('',#3760);
#957=VERTEX_POINT('',#3762);
#958=VERTEX_POINT('',#3765);
#959=VERTEX_POINT('',#3766);
#960=VERTEX_POINT('',#3768);
#961=VERTEX_POINT('',#3770);
#962=VERTEX_POINT('',#3772);
#963=VERTEX_POINT('',#3774);
#964=VERTEX_POINT('',#3776);
#965=VERTEX_POINT('',#3778);
#966=VERTEX_POINT('',#3780);
#967=VERTEX_POINT('',#3782);
#968=VERTEX_POINT('',#3784);
#969=VERTEX_POINT('',#3786);
#970=VERTEX_POINT('',#3788);
#971=VERTEX_POINT('',#3790);
#972=VERTEX_POINT('',#3792);
#973=VERTEX_POINT('',#3794);
#974=VERTEX_POINT('',#3798);
#975=VERTEX_POINT('',#3802);
#976=VERTEX_POINT('',#3806);
#977=VERTEX_POINT('',#3808);
#978=VERTEX_POINT('',#3812);
#979=VERTEX_POINT('',#3816);
#980=VERTEX_POINT('',#3820);
#981=VERTEX_POINT('',#3822);
#982=VERTEX_POINT('',#3826);
#983=VERTEX_POINT('',#3830);
#984=VERTEX_POINT('',#3834);
#985=VERTEX_POINT('',#3836);
#986=VERTEX_POINT('',#3840);
#987=VERTEX_POINT('',#3844);
#988=VERTEX_POINT('',#3848);
#989=VERTEX_POINT('',#3850);
#990=VERTEX_POINT('',#3854);
#991=VERTEX_POINT('',#3858);
#992=VERTEX_POINT('',#3862);
#993=VERTEX_POINT('',#3864);
#994=VERTEX_POINT('',#3868);
#995=VERTEX_POINT('',#3872);
#996=VERTEX_POINT('',#3876);
#997=VERTEX_POINT('',#3877);
#998=VERTEX_POINT('',#3882);
#999=VERTEX_POINT('',#3886);
#1000=VERTEX_POINT('',#3892);
#1001=VERTEX_POINT('',#3894);
#1002=VERTEX_POINT('',#3898);
#1003=VERTEX_POINT('',#3902);
#1004=VERTEX_POINT('',#3906);
#1005=VERTEX_POINT('',#3907);
#1006=VERTEX_POINT('',#3912);
#1007=VERTEX_POINT('',#3916);
#1008=VERTEX_POINT('',#3922);
#1009=VERTEX_POINT('',#3924);
#1010=VERTEX_POINT('',#3928);
#1011=VERTEX_POINT('',#3932);
#1012=VERTEX_POINT('',#3936);
#1013=VERTEX_POINT('',#3937);
#1014=VERTEX_POINT('',#3942);
#1015=VERTEX_POINT('',#3946);
#1016=VERTEX_POINT('',#3950);
#1017=VERTEX_POINT('',#3954);
#1018=VERTEX_POINT('',#3956);
#1019=VERTEX_POINT('',#3962);
#1020=VERTEX_POINT('',#3972);
#1021=VERTEX_POINT('',#3973);
#1022=VERTEX_POINT('',#3975);
#1023=VERTEX_POINT('',#3977);
#1024=VERTEX_POINT('',#3993);
#1025=VERTEX_POINT('',#3995);
#1026=VERTEX_POINT('',#3999);
#1027=VERTEX_POINT('',#4001);
#1028=VERTEX_POINT('',#4005);
#1029=VERTEX_POINT('',#4007);
#1030=VERTEX_POINT('',#4011);
#1031=VERTEX_POINT('',#4013);
#1032=VERTEX_POINT('',#4023);
#1033=VERTEX_POINT('',#4025);
#1034=VERTEX_POINT('',#4029);
#1035=VERTEX_POINT('',#4031);
#1036=VERTEX_POINT('',#4035);
#1037=VERTEX_POINT('',#4037);
#1038=VERTEX_POINT('',#4041);
#1039=VERTEX_POINT('',#4043);
#1040=EDGE_CURVE('',#816,#817,#656,.T.);
#1041=EDGE_CURVE('',#817,#818,#304,.T.);
#1042=EDGE_CURVE('',#818,#819,#657,.T.);
#1043=EDGE_CURVE('',#819,#816,#305,.T.);
#1044=EDGE_CURVE('',#820,#821,#306,.T.);
#1045=EDGE_CURVE('',#821,#822,#307,.T.);
#1046=EDGE_CURVE('',#823,#822,#308,.T.);
#1047=EDGE_CURVE('',#820,#823,#309,.T.);
#1048=EDGE_CURVE('',#816,#824,#658,.T.);
#1049=EDGE_CURVE('',#825,#824,#659,.T.);
#1050=EDGE_CURVE('',#825,#826,#310,.T.);
#1051=EDGE_CURVE('',#827,#826,#660,.T.);
#1052=EDGE_CURVE('',#827,#828,#661,.T.);
#1053=EDGE_CURVE('',#829,#828,#662,.T.);
#1054=EDGE_CURVE('',#829,#830,#311,.T.);
#1055=EDGE_CURVE('',#831,#830,#663,.T.);
#1056=EDGE_CURVE('',#831,#832,#664,.T.);
#1057=EDGE_CURVE('',#833,#832,#665,.T.);
#1058=EDGE_CURVE('',#833,#834,#312,.T.);
#1059=EDGE_CURVE('',#835,#834,#666,.T.);
#1060=EDGE_CURVE('',#835,#836,#667,.T.);
#1061=EDGE_CURVE('',#837,#836,#668,.T.);
#1062=EDGE_CURVE('',#837,#817,#313,.T.);
#1063=EDGE_CURVE('',#838,#839,#669,.T.);
#1064=EDGE_CURVE('',#838,#840,#670,.T.);
#1065=EDGE_CURVE('',#841,#840,#671,.T.);
#1066=EDGE_CURVE('',#841,#842,#314,.T.);
#1067=EDGE_CURVE('',#843,#842,#672,.T.);
#1068=EDGE_CURVE('',#843,#844,#673,.T.);
#1069=EDGE_CURVE('',#845,#844,#674,.T.);
#1070=EDGE_CURVE('',#845,#846,#315,.T.);
#1071=EDGE_CURVE('',#847,#846,#675,.T.);
#1072=EDGE_CURVE('',#847,#848,#676,.T.);
#1073=EDGE_CURVE('',#849,#848,#677,.T.);
#1074=EDGE_CURVE('',#849,#850,#316,.T.);
#1075=EDGE_CURVE('',#851,#850,#678,.T.);
#1076=EDGE_CURVE('',#851,#852,#679,.T.);
#1077=EDGE_CURVE('',#853,#852,#680,.T.);
#1078=EDGE_CURVE('',#853,#839,#317,.T.);
#1079=EDGE_CURVE('',#854,#855,#681,.T.);
#1080=EDGE_CURVE('',#854,#856,#682,.T.);
#1081=EDGE_CURVE('',#857,#856,#683,.T.);
#1082=EDGE_CURVE('',#857,#858,#318,.T.);
#1083=EDGE_CURVE('',#859,#858,#684,.T.);
#1084=EDGE_CURVE('',#859,#860,#685,.T.);
#1085=EDGE_CURVE('',#861,#860,#686,.T.);
#1086=EDGE_CURVE('',#861,#862,#319,.T.);
#1087=EDGE_CURVE('',#863,#862,#687,.T.);
#1088=EDGE_CURVE('',#863,#864,#688,.T.);
#1089=EDGE_CURVE('',#865,#864,#689,.T.);
#1090=EDGE_CURVE('',#865,#866,#320,.T.);
#1091=EDGE_CURVE('',#867,#866,#690,.T.);
#1092=EDGE_CURVE('',#867,#868,#691,.T.);
#1093=EDGE_CURVE('',#869,#868,#692,.T.);
#1094=EDGE_CURVE('',#869,#855,#321,.T.);
#1095=EDGE_CURVE('',#870,#819,#693,.T.);
#1096=EDGE_CURVE('',#824,#870,#322,.T.);
#1097=EDGE_CURVE('',#870,#871,#694,.T.);
#1098=EDGE_CURVE('',#871,#825,#323,.T.);
#1099=EDGE_CURVE('',#839,#872,#324,.T.);
#1100=EDGE_CURVE('',#872,#873,#695,.T.);
#1101=EDGE_CURVE('',#873,#838,#325,.T.);
#1102=EDGE_CURVE('',#874,#873,#696,.T.);
#1103=EDGE_CURVE('',#840,#874,#326,.T.);
#1104=EDGE_CURVE('',#874,#875,#697,.T.);
#1105=EDGE_CURVE('',#875,#841,#327,.T.);
#1106=EDGE_CURVE('',#850,#876,#328,.T.);
#1107=EDGE_CURVE('',#876,#877,#698,.T.);
#1108=EDGE_CURVE('',#877,#851,#329,.T.);
#1109=EDGE_CURVE('',#878,#877,#699,.T.);
#1110=EDGE_CURVE('',#852,#878,#330,.T.);
#1111=EDGE_CURVE('',#878,#879,#700,.T.);
#1112=EDGE_CURVE('',#879,#853,#331,.T.);
#1113=EDGE_CURVE('',#855,#880,#332,.T.);
#1114=EDGE_CURVE('',#880,#881,#701,.T.);
#1115=EDGE_CURVE('',#881,#854,#333,.T.);
#1116=EDGE_CURVE('',#882,#881,#702,.T.);
#1117=EDGE_CURVE('',#856,#882,#334,.T.);
#1118=EDGE_CURVE('',#882,#883,#703,.T.);
#1119=EDGE_CURVE('',#883,#857,#335,.T.);
#1120=EDGE_CURVE('',#866,#884,#336,.T.);
#1121=EDGE_CURVE('',#884,#885,#704,.T.);
#1122=EDGE_CURVE('',#885,#867,#337,.T.);
#1123=EDGE_CURVE('',#886,#885,#705,.T.);
#1124=EDGE_CURVE('',#868,#886,#338,.T.);
#1125=EDGE_CURVE('',#886,#887,#706,.T.);
#1126=EDGE_CURVE('',#887,#869,#339,.T.);
#1127=EDGE_CURVE('',#862,#888,#340,.T.);
#1128=EDGE_CURVE('',#888,#889,#707,.T.);
#1129=EDGE_CURVE('',#889,#863,#341,.T.);
#1130=EDGE_CURVE('',#890,#889,#708,.T.);
#1131=EDGE_CURVE('',#864,#890,#342,.T.);
#1132=EDGE_CURVE('',#890,#891,#709,.T.);
#1133=EDGE_CURVE('',#891,#865,#343,.T.);
#1134=EDGE_CURVE('',#892,#893,#710,.T.);
#1135=EDGE_CURVE('',#893,#861,#344,.T.);
#1136=EDGE_CURVE('',#860,#892,#345,.T.);
#1137=EDGE_CURVE('',#894,#859,#346,.T.);
#1138=EDGE_CURVE('',#892,#894,#711,.T.);
#1139=EDGE_CURVE('',#858,#895,#347,.T.);
#1140=EDGE_CURVE('',#895,#894,#712,.T.);
#1141=EDGE_CURVE('',#895,#883,#348,.T.);
#1142=EDGE_CURVE('',#846,#896,#349,.T.);
#1143=EDGE_CURVE('',#896,#897,#713,.T.);
#1144=EDGE_CURVE('',#897,#847,#350,.T.);
#1145=EDGE_CURVE('',#898,#897,#714,.T.);
#1146=EDGE_CURVE('',#848,#898,#351,.T.);
#1147=EDGE_CURVE('',#898,#899,#715,.T.);
#1148=EDGE_CURVE('',#899,#849,#352,.T.);
#1149=EDGE_CURVE('',#900,#901,#716,.T.);
#1150=EDGE_CURVE('',#901,#845,#353,.T.);
#1151=EDGE_CURVE('',#844,#900,#354,.T.);
#1152=EDGE_CURVE('',#902,#843,#355,.T.);
#1153=EDGE_CURVE('',#900,#902,#717,.T.);
#1154=EDGE_CURVE('',#842,#903,#356,.T.);
#1155=EDGE_CURVE('',#903,#902,#718,.T.);
#1156=EDGE_CURVE('',#903,#875,#357,.T.);
#1157=EDGE_CURVE('',#834,#904,#358,.T.);
#1158=EDGE_CURVE('',#904,#905,#719,.T.);
#1159=EDGE_CURVE('',#905,#835,#359,.T.);
#1160=EDGE_CURVE('',#906,#905,#720,.T.);
#1161=EDGE_CURVE('',#836,#906,#360,.T.);
#1162=EDGE_CURVE('',#906,#907,#721,.T.);
#1163=EDGE_CURVE('',#907,#837,#361,.T.);
#1164=EDGE_CURVE('',#908,#909,#722,.T.);
#1165=EDGE_CURVE('',#909,#833,#362,.T.);
#1166=EDGE_CURVE('',#832,#908,#363,.T.);
#1167=EDGE_CURVE('',#910,#831,#364,.T.);
#1168=EDGE_CURVE('',#908,#910,#723,.T.);
#1169=EDGE_CURVE('',#830,#911,#365,.T.);
#1170=EDGE_CURVE('',#911,#910,#724,.T.);
#1171=EDGE_CURVE('',#912,#829,#366,.T.);
#1172=EDGE_CURVE('',#911,#912,#367,.T.);
#1173=EDGE_CURVE('',#826,#913,#368,.T.);
#1174=EDGE_CURVE('',#913,#914,#725,.T.);
#1175=EDGE_CURVE('',#914,#827,#369,.T.);
#1176=EDGE_CURVE('',#913,#871,#370,.T.);
#1177=EDGE_CURVE('',#915,#912,#726,.T.);
#1178=EDGE_CURVE('',#828,#915,#371,.T.);
#1179=EDGE_CURVE('',#915,#914,#727,.T.);
#1180=EDGE_CURVE('',#884,#891,#372,.T.);
#1181=EDGE_CURVE('',#876,#899,#373,.T.);
#1182=EDGE_CURVE('',#916,#917,#374,.T.);
#1183=EDGE_CURVE('',#917,#918,#375,.T.);
#1184=EDGE_CURVE('',#919,#918,#376,.T.);
#1185=EDGE_CURVE('',#916,#919,#377,.T.);
#1186=EDGE_CURVE('',#818,#907,#378,.T.);
#1187=EDGE_CURVE('',#904,#909,#379,.T.);
#1188=EDGE_CURVE('',#872,#879,#380,.T.);
#1189=EDGE_CURVE('',#896,#901,#381,.T.);
#1190=EDGE_CURVE('',#880,#887,#382,.T.);
#1191=EDGE_CURVE('',#888,#893,#383,.T.);
#1192=EDGE_CURVE('',#920,#921,#728,.T.);
#1193=EDGE_CURVE('',#921,#922,#384,.T.);
#1194=EDGE_CURVE('',#922,#923,#729,.T.);
#1195=EDGE_CURVE('',#923,#920,#385,.T.);
#1196=EDGE_CURVE('',#924,#925,#386,.T.);
#1197=EDGE_CURVE('',#925,#926,#387,.T.);
#1198=EDGE_CURVE('',#927,#926,#388,.T.);
#1199=EDGE_CURVE('',#924,#927,#389,.T.);
#1200=EDGE_CURVE('',#920,#928,#730,.T.);
#1201=EDGE_CURVE('',#929,#928,#731,.T.);
#1202=EDGE_CURVE('',#929,#930,#390,.T.);
#1203=EDGE_CURVE('',#931,#930,#732,.T.);
#1204=EDGE_CURVE('',#931,#932,#733,.T.);
#1205=EDGE_CURVE('',#933,#932,#734,.T.);
#1206=EDGE_CURVE('',#933,#934,#391,.T.);
#1207=EDGE_CURVE('',#935,#934,#735,.T.);
#1208=EDGE_CURVE('',#935,#936,#736,.T.);
#1209=EDGE_CURVE('',#937,#936,#737,.T.);
#1210=EDGE_CURVE('',#937,#938,#392,.T.);
#1211=EDGE_CURVE('',#939,#938,#738,.T.);
#1212=EDGE_CURVE('',#939,#940,#739,.T.);
#1213=EDGE_CURVE('',#941,#940,#740,.T.);
#1214=EDGE_CURVE('',#941,#921,#393,.T.);
#1215=EDGE_CURVE('',#942,#943,#741,.T.);
#1216=EDGE_CURVE('',#942,#944,#742,.T.);
#1217=EDGE_CURVE('',#945,#944,#743,.T.);
#1218=EDGE_CURVE('',#945,#946,#394,.T.);
#1219=EDGE_CURVE('',#947,#946,#744,.T.);
#1220=EDGE_CURVE('',#947,#948,#745,.T.);
#1221=EDGE_CURVE('',#949,#948,#746,.T.);
#1222=EDGE_CURVE('',#949,#950,#395,.T.);
#1223=EDGE_CURVE('',#951,#950,#747,.T.);
#1224=EDGE_CURVE('',#951,#952,#748,.T.);
#1225=EDGE_CURVE('',#953,#952,#749,.T.);
#1226=EDGE_CURVE('',#953,#954,#396,.T.);
#1227=EDGE_CURVE('',#955,#954,#750,.T.);
#1228=EDGE_CURVE('',#955,#956,#751,.T.);
#1229=EDGE_CURVE('',#957,#956,#752,.T.);
#1230=EDGE_CURVE('',#957,#943,#397,.T.);
#1231=EDGE_CURVE('',#958,#959,#753,.T.);
#1232=EDGE_CURVE('',#958,#960,#754,.T.);
#1233=EDGE_CURVE('',#961,#960,#755,.T.);
#1234=EDGE_CURVE('',#961,#962,#398,.T.);
#1235=EDGE_CURVE('',#963,#962,#756,.T.);
#1236=EDGE_CURVE('',#963,#964,#757,.T.);
#1237=EDGE_CURVE('',#965,#964,#758,.T.);
#1238=EDGE_CURVE('',#965,#966,#399,.T.);
#1239=EDGE_CURVE('',#967,#966,#759,.T.);
#1240=EDGE_CURVE('',#967,#968,#760,.T.);
#1241=EDGE_CURVE('',#969,#968,#761,.T.);
#1242=EDGE_CURVE('',#969,#970,#400,.T.);
#1243=EDGE_CURVE('',#971,#970,#762,.T.);
#1244=EDGE_CURVE('',#971,#972,#763,.T.);
#1245=EDGE_CURVE('',#973,#972,#764,.T.);
#1246=EDGE_CURVE('',#973,#959,#401,.T.);
#1247=EDGE_CURVE('',#974,#923,#765,.T.);
#1248=EDGE_CURVE('',#928,#974,#402,.T.);
#1249=EDGE_CURVE('',#974,#975,#766,.T.);
#1250=EDGE_CURVE('',#975,#929,#403,.T.);
#1251=EDGE_CURVE('',#943,#976,#404,.T.);
#1252=EDGE_CURVE('',#976,#977,#767,.T.);
#1253=EDGE_CURVE('',#977,#942,#405,.T.);
#1254=EDGE_CURVE('',#978,#977,#768,.T.);
#1255=EDGE_CURVE('',#944,#978,#406,.T.);
#1256=EDGE_CURVE('',#978,#979,#769,.T.);
#1257=EDGE_CURVE('',#979,#945,#407,.T.);
#1258=EDGE_CURVE('',#954,#980,#408,.T.);
#1259=EDGE_CURVE('',#980,#981,#770,.T.);
#1260=EDGE_CURVE('',#981,#955,#409,.T.);
#1261=EDGE_CURVE('',#982,#981,#771,.T.);
#1262=EDGE_CURVE('',#956,#982,#410,.T.);
#1263=EDGE_CURVE('',#982,#983,#772,.T.);
#1264=EDGE_CURVE('',#983,#957,#411,.T.);
#1265=EDGE_CURVE('',#959,#984,#412,.T.);
#1266=EDGE_CURVE('',#984,#985,#773,.T.);
#1267=EDGE_CURVE('',#985,#958,#413,.T.);
#1268=EDGE_CURVE('',#986,#985,#774,.T.);
#1269=EDGE_CURVE('',#960,#986,#414,.T.);
#1270=EDGE_CURVE('',#986,#987,#775,.T.);
#1271=EDGE_CURVE('',#987,#961,#415,.T.);
#1272=EDGE_CURVE('',#970,#988,#416,.T.);
#1273=EDGE_CURVE('',#988,#989,#776,.T.);
#1274=EDGE_CURVE('',#989,#971,#417,.T.);
#1275=EDGE_CURVE('',#990,#989,#777,.T.);
#1276=EDGE_CURVE('',#972,#990,#418,.T.);
#1277=EDGE_CURVE('',#990,#991,#778,.T.);
#1278=EDGE_CURVE('',#991,#973,#419,.T.);
#1279=EDGE_CURVE('',#966,#992,#420,.T.);
#1280=EDGE_CURVE('',#992,#993,#779,.T.);
#1281=EDGE_CURVE('',#993,#967,#421,.T.);
#1282=EDGE_CURVE('',#994,#993,#780,.T.);
#1283=EDGE_CURVE('',#968,#994,#422,.T.);
#1284=EDGE_CURVE('',#994,#995,#781,.T.);
#1285=EDGE_CURVE('',#995,#969,#423,.T.);
#1286=EDGE_CURVE('',#996,#997,#782,.T.);
#1287=EDGE_CURVE('',#997,#965,#424,.T.);
#1288=EDGE_CURVE('',#964,#996,#425,.T.);
#1289=EDGE_CURVE('',#998,#963,#426,.T.);
#1290=EDGE_CURVE('',#996,#998,#783,.T.);
#1291=EDGE_CURVE('',#962,#999,#427,.T.);
#1292=EDGE_CURVE('',#999,#998,#784,.T.);
#1293=EDGE_CURVE('',#999,#987,#428,.T.);
#1294=EDGE_CURVE('',#950,#1000,#429,.T.);
#1295=EDGE_CURVE('',#1000,#1001,#785,.T.);
#1296=EDGE_CURVE('',#1001,#951,#430,.T.);
#1297=EDGE_CURVE('',#1002,#1001,#786,.T.);
#1298=EDGE_CURVE('',#952,#1002,#431,.T.);
#1299=EDGE_CURVE('',#1002,#1003,#787,.T.);
#1300=EDGE_CURVE('',#1003,#953,#432,.T.);
#1301=EDGE_CURVE('',#1004,#1005,#788,.T.);
#1302=EDGE_CURVE('',#1005,#949,#433,.T.);
#1303=EDGE_CURVE('',#948,#1004,#434,.T.);
#1304=EDGE_CURVE('',#1006,#947,#435,.T.);
#1305=EDGE_CURVE('',#1004,#1006,#789,.T.);
#1306=EDGE_CURVE('',#946,#1007,#436,.T.);
#1307=EDGE_CURVE('',#1007,#1006,#790,.T.);
#1308=EDGE_CURVE('',#1007,#979,#437,.T.);
#1309=EDGE_CURVE('',#938,#1008,#438,.T.);
#1310=EDGE_CURVE('',#1008,#1009,#791,.T.);
#1311=EDGE_CURVE('',#1009,#939,#439,.T.);
#1312=EDGE_CURVE('',#1010,#1009,#792,.T.);
#1313=EDGE_CURVE('',#940,#1010,#440,.T.);
#1314=EDGE_CURVE('',#1010,#1011,#793,.T.);
#1315=EDGE_CURVE('',#1011,#941,#441,.T.);
#1316=EDGE_CURVE('',#1012,#1013,#794,.T.);
#1317=EDGE_CURVE('',#1013,#937,#442,.T.);
#1318=EDGE_CURVE('',#936,#1012,#443,.T.);
#1319=EDGE_CURVE('',#1014,#935,#444,.T.);
#1320=EDGE_CURVE('',#1012,#1014,#795,.T.);
#1321=EDGE_CURVE('',#934,#1015,#445,.T.);
#1322=EDGE_CURVE('',#1015,#1014,#796,.T.);
#1323=EDGE_CURVE('',#1016,#933,#446,.T.);
#1324=EDGE_CURVE('',#1015,#1016,#447,.T.);
#1325=EDGE_CURVE('',#930,#1017,#448,.T.);
#1326=EDGE_CURVE('',#1017,#1018,#797,.T.);
#1327=EDGE_CURVE('',#1018,#931,#449,.T.);
#1328=EDGE_CURVE('',#1017,#975,#450,.T.);
#1329=EDGE_CURVE('',#1019,#1016,#798,.T.);
#1330=EDGE_CURVE('',#932,#1019,#451,.T.);
#1331=EDGE_CURVE('',#1019,#1018,#799,.T.);
#1332=EDGE_CURVE('',#988,#995,#452,.T.);
#1333=EDGE_CURVE('',#980,#1003,#453,.T.);
#1334=EDGE_CURVE('',#1020,#1021,#454,.T.);
#1335=EDGE_CURVE('',#1021,#1022,#455,.T.);
#1336=EDGE_CURVE('',#1023,#1022,#456,.T.);
#1337=EDGE_CURVE('',#1020,#1023,#457,.T.);
#1338=EDGE_CURVE('',#922,#1011,#458,.T.);
#1339=EDGE_CURVE('',#1008,#1013,#459,.T.);
#1340=EDGE_CURVE('',#976,#983,#460,.T.);
#1341=EDGE_CURVE('',#1000,#1005,#461,.T.);
#1342=EDGE_CURVE('',#984,#991,#462,.T.);
#1343=EDGE_CURVE('',#992,#997,#463,.T.);
#1344=EDGE_CURVE('',#1024,#820,#800,.T.);
#1345=EDGE_CURVE('',#1025,#823,#801,.T.);
#1346=EDGE_CURVE('',#1024,#1025,#464,.T.);
#1347=EDGE_CURVE('',#1026,#1024,#465,.T.);
#1348=EDGE_CURVE('',#1027,#1025,#466,.T.);
#1349=EDGE_CURVE('',#1026,#1027,#467,.T.);
#1350=EDGE_CURVE('',#1028,#1026,#802,.T.);
#1351=EDGE_CURVE('',#1029,#1027,#803,.T.);
#1352=EDGE_CURVE('',#1028,#1029,#468,.T.);
#1353=EDGE_CURVE('',#1030,#1028,#469,.T.);
#1354=EDGE_CURVE('',#1031,#1029,#470,.T.);
#1355=EDGE_CURVE('',#1030,#1031,#471,.T.);
#1356=EDGE_CURVE('',#925,#1030,#804,.T.);
#1357=EDGE_CURVE('',#926,#1031,#805,.T.);
#1358=EDGE_CURVE('',#821,#924,#806,.T.);
#1359=EDGE_CURVE('',#822,#927,#807,.T.);
#1360=EDGE_CURVE('',#1032,#1020,#808,.T.);
#1361=EDGE_CURVE('',#1033,#1023,#809,.T.);
#1362=EDGE_CURVE('',#1032,#1033,#472,.T.);
#1363=EDGE_CURVE('',#1034,#1032,#473,.T.);
#1364=EDGE_CURVE('',#1035,#1033,#474,.T.);
#1365=EDGE_CURVE('',#1034,#1035,#475,.T.);
#1366=EDGE_CURVE('',#1036,#1034,#810,.T.);
#1367=EDGE_CURVE('',#1037,#1035,#811,.T.);
#1368=EDGE_CURVE('',#1036,#1037,#476,.T.);
#1369=EDGE_CURVE('',#1038,#1036,#477,.T.);
#1370=EDGE_CURVE('',#1039,#1037,#478,.T.);
#1371=EDGE_CURVE('',#1038,#1039,#479,.T.);
#1372=EDGE_CURVE('',#917,#1038,#812,.T.);
#1373=EDGE_CURVE('',#918,#1039,#813,.T.);
#1374=EDGE_CURVE('',#1021,#916,#814,.T.);
#1375=EDGE_CURVE('',#1022,#919,#815,.T.);
#1376=ORIENTED_EDGE('',*,*,#1040,.T.);
#1377=ORIENTED_EDGE('',*,*,#1041,.T.);
#1378=ORIENTED_EDGE('',*,*,#1042,.T.);
#1379=ORIENTED_EDGE('',*,*,#1043,.T.);
#1380=ORIENTED_EDGE('',*,*,#1044,.T.);
#1381=ORIENTED_EDGE('',*,*,#1045,.T.);
#1382=ORIENTED_EDGE('',*,*,#1046,.F.);
#1383=ORIENTED_EDGE('',*,*,#1047,.F.);
#1384=ORIENTED_EDGE('',*,*,#1040,.F.);
#1385=ORIENTED_EDGE('',*,*,#1048,.T.);
#1386=ORIENTED_EDGE('',*,*,#1049,.F.);
#1387=ORIENTED_EDGE('',*,*,#1050,.T.);
#1388=ORIENTED_EDGE('',*,*,#1051,.F.);
#1389=ORIENTED_EDGE('',*,*,#1052,.T.);
#1390=ORIENTED_EDGE('',*,*,#1053,.F.);
#1391=ORIENTED_EDGE('',*,*,#1054,.T.);
#1392=ORIENTED_EDGE('',*,*,#1055,.F.);
#1393=ORIENTED_EDGE('',*,*,#1056,.T.);
#1394=ORIENTED_EDGE('',*,*,#1057,.F.);
#1395=ORIENTED_EDGE('',*,*,#1058,.T.);
#1396=ORIENTED_EDGE('',*,*,#1059,.F.);
#1397=ORIENTED_EDGE('',*,*,#1060,.T.);
#1398=ORIENTED_EDGE('',*,*,#1061,.F.);
#1399=ORIENTED_EDGE('',*,*,#1062,.T.);
#1400=ORIENTED_EDGE('',*,*,#1063,.F.);
#1401=ORIENTED_EDGE('',*,*,#1064,.T.);
#1402=ORIENTED_EDGE('',*,*,#1065,.F.);
#1403=ORIENTED_EDGE('',*,*,#1066,.T.);
#1404=ORIENTED_EDGE('',*,*,#1067,.F.);
#1405=ORIENTED_EDGE('',*,*,#1068,.T.);
#1406=ORIENTED_EDGE('',*,*,#1069,.F.);
#1407=ORIENTED_EDGE('',*,*,#1070,.T.);
#1408=ORIENTED_EDGE('',*,*,#1071,.F.);
#1409=ORIENTED_EDGE('',*,*,#1072,.T.);
#1410=ORIENTED_EDGE('',*,*,#1073,.F.);
#1411=ORIENTED_EDGE('',*,*,#1074,.T.);
#1412=ORIENTED_EDGE('',*,*,#1075,.F.);
#1413=ORIENTED_EDGE('',*,*,#1076,.T.);
#1414=ORIENTED_EDGE('',*,*,#1077,.F.);
#1415=ORIENTED_EDGE('',*,*,#1078,.T.);
#1416=ORIENTED_EDGE('',*,*,#1079,.F.);
#1417=ORIENTED_EDGE('',*,*,#1080,.T.);
#1418=ORIENTED_EDGE('',*,*,#1081,.F.);
#1419=ORIENTED_EDGE('',*,*,#1082,.T.);
#1420=ORIENTED_EDGE('',*,*,#1083,.F.);
#1421=ORIENTED_EDGE('',*,*,#1084,.T.);
#1422=ORIENTED_EDGE('',*,*,#1085,.F.);
#1423=ORIENTED_EDGE('',*,*,#1086,.T.);
#1424=ORIENTED_EDGE('',*,*,#1087,.F.);
#1425=ORIENTED_EDGE('',*,*,#1088,.T.);
#1426=ORIENTED_EDGE('',*,*,#1089,.F.);
#1427=ORIENTED_EDGE('',*,*,#1090,.T.);
#1428=ORIENTED_EDGE('',*,*,#1091,.F.);
#1429=ORIENTED_EDGE('',*,*,#1092,.T.);
#1430=ORIENTED_EDGE('',*,*,#1093,.F.);
#1431=ORIENTED_EDGE('',*,*,#1094,.T.);
#1432=ORIENTED_EDGE('',*,*,#1043,.F.);
#1433=ORIENTED_EDGE('',*,*,#1095,.F.);
#1434=ORIENTED_EDGE('',*,*,#1096,.F.);
#1435=ORIENTED_EDGE('',*,*,#1048,.F.);
#1436=ORIENTED_EDGE('',*,*,#1097,.T.);
#1437=ORIENTED_EDGE('',*,*,#1098,.T.);
#1438=ORIENTED_EDGE('',*,*,#1049,.T.);
#1439=ORIENTED_EDGE('',*,*,#1096,.T.);
#1440=ORIENTED_EDGE('',*,*,#1063,.T.);
#1441=ORIENTED_EDGE('',*,*,#1099,.T.);
#1442=ORIENTED_EDGE('',*,*,#1100,.T.);
#1443=ORIENTED_EDGE('',*,*,#1101,.T.);
#1444=ORIENTED_EDGE('',*,*,#1101,.F.);
#1445=ORIENTED_EDGE('',*,*,#1102,.F.);
#1446=ORIENTED_EDGE('',*,*,#1103,.F.);
#1447=ORIENTED_EDGE('',*,*,#1064,.F.);
#1448=ORIENTED_EDGE('',*,*,#1104,.T.);
#1449=ORIENTED_EDGE('',*,*,#1105,.T.);
#1450=ORIENTED_EDGE('',*,*,#1065,.T.);
#1451=ORIENTED_EDGE('',*,*,#1103,.T.);
#1452=ORIENTED_EDGE('',*,*,#1075,.T.);
#1453=ORIENTED_EDGE('',*,*,#1106,.T.);
#1454=ORIENTED_EDGE('',*,*,#1107,.T.);
#1455=ORIENTED_EDGE('',*,*,#1108,.T.);
#1456=ORIENTED_EDGE('',*,*,#1108,.F.);
#1457=ORIENTED_EDGE('',*,*,#1109,.F.);
#1458=ORIENTED_EDGE('',*,*,#1110,.F.);
#1459=ORIENTED_EDGE('',*,*,#1076,.F.);
#1460=ORIENTED_EDGE('',*,*,#1111,.T.);
#1461=ORIENTED_EDGE('',*,*,#1112,.T.);
#1462=ORIENTED_EDGE('',*,*,#1077,.T.);
#1463=ORIENTED_EDGE('',*,*,#1110,.T.);
#1464=ORIENTED_EDGE('',*,*,#1079,.T.);
#1465=ORIENTED_EDGE('',*,*,#1113,.T.);
#1466=ORIENTED_EDGE('',*,*,#1114,.T.);
#1467=ORIENTED_EDGE('',*,*,#1115,.T.);
#1468=ORIENTED_EDGE('',*,*,#1115,.F.);
#1469=ORIENTED_EDGE('',*,*,#1116,.F.);
#1470=ORIENTED_EDGE('',*,*,#1117,.F.);
#1471=ORIENTED_EDGE('',*,*,#1080,.F.);
#1472=ORIENTED_EDGE('',*,*,#1118,.T.);
#1473=ORIENTED_EDGE('',*,*,#1119,.T.);
#1474=ORIENTED_EDGE('',*,*,#1081,.T.);
#1475=ORIENTED_EDGE('',*,*,#1117,.T.);
#1476=ORIENTED_EDGE('',*,*,#1091,.T.);
#1477=ORIENTED_EDGE('',*,*,#1120,.T.);
#1478=ORIENTED_EDGE('',*,*,#1121,.T.);
#1479=ORIENTED_EDGE('',*,*,#1122,.T.);
#1480=ORIENTED_EDGE('',*,*,#1122,.F.);
#1481=ORIENTED_EDGE('',*,*,#1123,.F.);
#1482=ORIENTED_EDGE('',*,*,#1124,.F.);
#1483=ORIENTED_EDGE('',*,*,#1092,.F.);
#1484=ORIENTED_EDGE('',*,*,#1125,.T.);
#1485=ORIENTED_EDGE('',*,*,#1126,.T.);
#1486=ORIENTED_EDGE('',*,*,#1093,.T.);
#1487=ORIENTED_EDGE('',*,*,#1124,.T.);
#1488=ORIENTED_EDGE('',*,*,#1087,.T.);
#1489=ORIENTED_EDGE('',*,*,#1127,.T.);
#1490=ORIENTED_EDGE('',*,*,#1128,.T.);
#1491=ORIENTED_EDGE('',*,*,#1129,.T.);
#1492=ORIENTED_EDGE('',*,*,#1129,.F.);
#1493=ORIENTED_EDGE('',*,*,#1130,.F.);
#1494=ORIENTED_EDGE('',*,*,#1131,.F.);
#1495=ORIENTED_EDGE('',*,*,#1088,.F.);
#1496=ORIENTED_EDGE('',*,*,#1132,.T.);
#1497=ORIENTED_EDGE('',*,*,#1133,.T.);
#1498=ORIENTED_EDGE('',*,*,#1089,.T.);
#1499=ORIENTED_EDGE('',*,*,#1131,.T.);
#1500=ORIENTED_EDGE('',*,*,#1134,.T.);
#1501=ORIENTED_EDGE('',*,*,#1135,.T.);
#1502=ORIENTED_EDGE('',*,*,#1085,.T.);
#1503=ORIENTED_EDGE('',*,*,#1136,.T.);
#1504=ORIENTED_EDGE('',*,*,#1136,.F.);
#1505=ORIENTED_EDGE('',*,*,#1084,.F.);
#1506=ORIENTED_EDGE('',*,*,#1137,.F.);
#1507=ORIENTED_EDGE('',*,*,#1138,.F.);
#1508=ORIENTED_EDGE('',*,*,#1083,.T.);
#1509=ORIENTED_EDGE('',*,*,#1139,.T.);
#1510=ORIENTED_EDGE('',*,*,#1140,.T.);
#1511=ORIENTED_EDGE('',*,*,#1137,.T.);
#1512=ORIENTED_EDGE('',*,*,#1119,.F.);
#1513=ORIENTED_EDGE('',*,*,#1141,.F.);
#1514=ORIENTED_EDGE('',*,*,#1139,.F.);
#1515=ORIENTED_EDGE('',*,*,#1082,.F.);
#1516=ORIENTED_EDGE('',*,*,#1071,.T.);
#1517=ORIENTED_EDGE('',*,*,#1142,.T.);
#1518=ORIENTED_EDGE('',*,*,#1143,.T.);
#1519=ORIENTED_EDGE('',*,*,#1144,.T.);
#1520=ORIENTED_EDGE('',*,*,#1144,.F.);
#1521=ORIENTED_EDGE('',*,*,#1145,.F.);
#1522=ORIENTED_EDGE('',*,*,#1146,.F.);
#1523=ORIENTED_EDGE('',*,*,#1072,.F.);
#1524=ORIENTED_EDGE('',*,*,#1147,.T.);
#1525=ORIENTED_EDGE('',*,*,#1148,.T.);
#1526=ORIENTED_EDGE('',*,*,#1073,.T.);
#1527=ORIENTED_EDGE('',*,*,#1146,.T.);
#1528=ORIENTED_EDGE('',*,*,#1149,.T.);
#1529=ORIENTED_EDGE('',*,*,#1150,.T.);
#1530=ORIENTED_EDGE('',*,*,#1069,.T.);
#1531=ORIENTED_EDGE('',*,*,#1151,.T.);
#1532=ORIENTED_EDGE('',*,*,#1151,.F.);
#1533=ORIENTED_EDGE('',*,*,#1068,.F.);
#1534=ORIENTED_EDGE('',*,*,#1152,.F.);
#1535=ORIENTED_EDGE('',*,*,#1153,.F.);
#1536=ORIENTED_EDGE('',*,*,#1067,.T.);
#1537=ORIENTED_EDGE('',*,*,#1154,.T.);
#1538=ORIENTED_EDGE('',*,*,#1155,.T.);
#1539=ORIENTED_EDGE('',*,*,#1152,.T.);
#1540=ORIENTED_EDGE('',*,*,#1105,.F.);
#1541=ORIENTED_EDGE('',*,*,#1156,.F.);
#1542=ORIENTED_EDGE('',*,*,#1154,.F.);
#1543=ORIENTED_EDGE('',*,*,#1066,.F.);
#1544=ORIENTED_EDGE('',*,*,#1059,.T.);
#1545=ORIENTED_EDGE('',*,*,#1157,.T.);
#1546=ORIENTED_EDGE('',*,*,#1158,.T.);
#1547=ORIENTED_EDGE('',*,*,#1159,.T.);
#1548=ORIENTED_EDGE('',*,*,#1159,.F.);
#1549=ORIENTED_EDGE('',*,*,#1160,.F.);
#1550=ORIENTED_EDGE('',*,*,#1161,.F.);
#1551=ORIENTED_EDGE('',*,*,#1060,.F.);
#1552=ORIENTED_EDGE('',*,*,#1162,.T.);
#1553=ORIENTED_EDGE('',*,*,#1163,.T.);
#1554=ORIENTED_EDGE('',*,*,#1061,.T.);
#1555=ORIENTED_EDGE('',*,*,#1161,.T.);
#1556=ORIENTED_EDGE('',*,*,#1164,.T.);
#1557=ORIENTED_EDGE('',*,*,#1165,.T.);
#1558=ORIENTED_EDGE('',*,*,#1057,.T.);
#1559=ORIENTED_EDGE('',*,*,#1166,.T.);
#1560=ORIENTED_EDGE('',*,*,#1166,.F.);
#1561=ORIENTED_EDGE('',*,*,#1056,.F.);
#1562=ORIENTED_EDGE('',*,*,#1167,.F.);
#1563=ORIENTED_EDGE('',*,*,#1168,.F.);
#1564=ORIENTED_EDGE('',*,*,#1055,.T.);
#1565=ORIENTED_EDGE('',*,*,#1169,.T.);
#1566=ORIENTED_EDGE('',*,*,#1170,.T.);
#1567=ORIENTED_EDGE('',*,*,#1167,.T.);
#1568=ORIENTED_EDGE('',*,*,#1169,.F.);
#1569=ORIENTED_EDGE('',*,*,#1054,.F.);
#1570=ORIENTED_EDGE('',*,*,#1171,.F.);
#1571=ORIENTED_EDGE('',*,*,#1172,.F.);
#1572=ORIENTED_EDGE('',*,*,#1051,.T.);
#1573=ORIENTED_EDGE('',*,*,#1173,.T.);
#1574=ORIENTED_EDGE('',*,*,#1174,.T.);
#1575=ORIENTED_EDGE('',*,*,#1175,.T.);
#1576=ORIENTED_EDGE('',*,*,#1098,.F.);
#1577=ORIENTED_EDGE('',*,*,#1176,.F.);
#1578=ORIENTED_EDGE('',*,*,#1173,.F.);
#1579=ORIENTED_EDGE('',*,*,#1050,.F.);
#1580=ORIENTED_EDGE('',*,*,#1177,.T.);
#1581=ORIENTED_EDGE('',*,*,#1171,.T.);
#1582=ORIENTED_EDGE('',*,*,#1053,.T.);
#1583=ORIENTED_EDGE('',*,*,#1178,.T.);
#1584=ORIENTED_EDGE('',*,*,#1175,.F.);
#1585=ORIENTED_EDGE('',*,*,#1179,.F.);
#1586=ORIENTED_EDGE('',*,*,#1178,.F.);
#1587=ORIENTED_EDGE('',*,*,#1052,.F.);
#1588=ORIENTED_EDGE('',*,*,#1120,.F.);
#1589=ORIENTED_EDGE('',*,*,#1090,.F.);
#1590=ORIENTED_EDGE('',*,*,#1133,.F.);
#1591=ORIENTED_EDGE('',*,*,#1180,.F.);
#1592=ORIENTED_EDGE('',*,*,#1106,.F.);
#1593=ORIENTED_EDGE('',*,*,#1074,.F.);
#1594=ORIENTED_EDGE('',*,*,#1148,.F.);
#1595=ORIENTED_EDGE('',*,*,#1181,.F.);
#1596=ORIENTED_EDGE('',*,*,#1182,.T.);
#1597=ORIENTED_EDGE('',*,*,#1183,.T.);
#1598=ORIENTED_EDGE('',*,*,#1184,.F.);
#1599=ORIENTED_EDGE('',*,*,#1185,.F.);
#1600=ORIENTED_EDGE('',*,*,#1042,.F.);
#1601=ORIENTED_EDGE('',*,*,#1186,.T.);
#1602=ORIENTED_EDGE('',*,*,#1162,.F.);
#1603=ORIENTED_EDGE('',*,*,#1160,.T.);
#1604=ORIENTED_EDGE('',*,*,#1158,.F.);
#1605=ORIENTED_EDGE('',*,*,#1187,.T.);
#1606=ORIENTED_EDGE('',*,*,#1164,.F.);
#1607=ORIENTED_EDGE('',*,*,#1168,.T.);
#1608=ORIENTED_EDGE('',*,*,#1170,.F.);
#1609=ORIENTED_EDGE('',*,*,#1172,.T.);
#1610=ORIENTED_EDGE('',*,*,#1177,.F.);
#1611=ORIENTED_EDGE('',*,*,#1179,.T.);
#1612=ORIENTED_EDGE('',*,*,#1174,.F.);
#1613=ORIENTED_EDGE('',*,*,#1176,.T.);
#1614=ORIENTED_EDGE('',*,*,#1097,.F.);
#1615=ORIENTED_EDGE('',*,*,#1095,.T.);
#1616=ORIENTED_EDGE('',*,*,#1100,.F.);
#1617=ORIENTED_EDGE('',*,*,#1188,.T.);
#1618=ORIENTED_EDGE('',*,*,#1111,.F.);
#1619=ORIENTED_EDGE('',*,*,#1109,.T.);
#1620=ORIENTED_EDGE('',*,*,#1107,.F.);
#1621=ORIENTED_EDGE('',*,*,#1181,.T.);
#1622=ORIENTED_EDGE('',*,*,#1147,.F.);
#1623=ORIENTED_EDGE('',*,*,#1145,.T.);
#1624=ORIENTED_EDGE('',*,*,#1143,.F.);
#1625=ORIENTED_EDGE('',*,*,#1189,.T.);
#1626=ORIENTED_EDGE('',*,*,#1149,.F.);
#1627=ORIENTED_EDGE('',*,*,#1153,.T.);
#1628=ORIENTED_EDGE('',*,*,#1155,.F.);
#1629=ORIENTED_EDGE('',*,*,#1156,.T.);
#1630=ORIENTED_EDGE('',*,*,#1104,.F.);
#1631=ORIENTED_EDGE('',*,*,#1102,.T.);
#1632=ORIENTED_EDGE('',*,*,#1114,.F.);
#1633=ORIENTED_EDGE('',*,*,#1190,.T.);
#1634=ORIENTED_EDGE('',*,*,#1125,.F.);
#1635=ORIENTED_EDGE('',*,*,#1123,.T.);
#1636=ORIENTED_EDGE('',*,*,#1121,.F.);
#1637=ORIENTED_EDGE('',*,*,#1180,.T.);
#1638=ORIENTED_EDGE('',*,*,#1132,.F.);
#1639=ORIENTED_EDGE('',*,*,#1130,.T.);
#1640=ORIENTED_EDGE('',*,*,#1128,.F.);
#1641=ORIENTED_EDGE('',*,*,#1191,.T.);
#1642=ORIENTED_EDGE('',*,*,#1134,.F.);
#1643=ORIENTED_EDGE('',*,*,#1138,.T.);
#1644=ORIENTED_EDGE('',*,*,#1140,.F.);
#1645=ORIENTED_EDGE('',*,*,#1141,.T.);
#1646=ORIENTED_EDGE('',*,*,#1118,.F.);
#1647=ORIENTED_EDGE('',*,*,#1116,.T.);
#1648=ORIENTED_EDGE('',*,*,#1041,.F.);
#1649=ORIENTED_EDGE('',*,*,#1062,.F.);
#1650=ORIENTED_EDGE('',*,*,#1163,.F.);
#1651=ORIENTED_EDGE('',*,*,#1186,.F.);
#1652=ORIENTED_EDGE('',*,*,#1127,.F.);
#1653=ORIENTED_EDGE('',*,*,#1086,.F.);
#1654=ORIENTED_EDGE('',*,*,#1135,.F.);
#1655=ORIENTED_EDGE('',*,*,#1191,.F.);
#1656=ORIENTED_EDGE('',*,*,#1113,.F.);
#1657=ORIENTED_EDGE('',*,*,#1094,.F.);
#1658=ORIENTED_EDGE('',*,*,#1126,.F.);
#1659=ORIENTED_EDGE('',*,*,#1190,.F.);
#1660=ORIENTED_EDGE('',*,*,#1142,.F.);
#1661=ORIENTED_EDGE('',*,*,#1070,.F.);
#1662=ORIENTED_EDGE('',*,*,#1150,.F.);
#1663=ORIENTED_EDGE('',*,*,#1189,.F.);
#1664=ORIENTED_EDGE('',*,*,#1099,.F.);
#1665=ORIENTED_EDGE('',*,*,#1078,.F.);
#1666=ORIENTED_EDGE('',*,*,#1112,.F.);
#1667=ORIENTED_EDGE('',*,*,#1188,.F.);
#1668=ORIENTED_EDGE('',*,*,#1157,.F.);
#1669=ORIENTED_EDGE('',*,*,#1058,.F.);
#1670=ORIENTED_EDGE('',*,*,#1165,.F.);
#1671=ORIENTED_EDGE('',*,*,#1187,.F.);
#1672=ORIENTED_EDGE('',*,*,#1192,.T.);
#1673=ORIENTED_EDGE('',*,*,#1193,.T.);
#1674=ORIENTED_EDGE('',*,*,#1194,.T.);
#1675=ORIENTED_EDGE('',*,*,#1195,.T.);
#1676=ORIENTED_EDGE('',*,*,#1196,.T.);
#1677=ORIENTED_EDGE('',*,*,#1197,.T.);
#1678=ORIENTED_EDGE('',*,*,#1198,.F.);
#1679=ORIENTED_EDGE('',*,*,#1199,.F.);
#1680=ORIENTED_EDGE('',*,*,#1192,.F.);
#1681=ORIENTED_EDGE('',*,*,#1200,.T.);
#1682=ORIENTED_EDGE('',*,*,#1201,.F.);
#1683=ORIENTED_EDGE('',*,*,#1202,.T.);
#1684=ORIENTED_EDGE('',*,*,#1203,.F.);
#1685=ORIENTED_EDGE('',*,*,#1204,.T.);
#1686=ORIENTED_EDGE('',*,*,#1205,.F.);
#1687=ORIENTED_EDGE('',*,*,#1206,.T.);
#1688=ORIENTED_EDGE('',*,*,#1207,.F.);
#1689=ORIENTED_EDGE('',*,*,#1208,.T.);
#1690=ORIENTED_EDGE('',*,*,#1209,.F.);
#1691=ORIENTED_EDGE('',*,*,#1210,.T.);
#1692=ORIENTED_EDGE('',*,*,#1211,.F.);
#1693=ORIENTED_EDGE('',*,*,#1212,.T.);
#1694=ORIENTED_EDGE('',*,*,#1213,.F.);
#1695=ORIENTED_EDGE('',*,*,#1214,.T.);
#1696=ORIENTED_EDGE('',*,*,#1215,.F.);
#1697=ORIENTED_EDGE('',*,*,#1216,.T.);
#1698=ORIENTED_EDGE('',*,*,#1217,.F.);
#1699=ORIENTED_EDGE('',*,*,#1218,.T.);
#1700=ORIENTED_EDGE('',*,*,#1219,.F.);
#1701=ORIENTED_EDGE('',*,*,#1220,.T.);
#1702=ORIENTED_EDGE('',*,*,#1221,.F.);
#1703=ORIENTED_EDGE('',*,*,#1222,.T.);
#1704=ORIENTED_EDGE('',*,*,#1223,.F.);
#1705=ORIENTED_EDGE('',*,*,#1224,.T.);
#1706=ORIENTED_EDGE('',*,*,#1225,.F.);
#1707=ORIENTED_EDGE('',*,*,#1226,.T.);
#1708=ORIENTED_EDGE('',*,*,#1227,.F.);
#1709=ORIENTED_EDGE('',*,*,#1228,.T.);
#1710=ORIENTED_EDGE('',*,*,#1229,.F.);
#1711=ORIENTED_EDGE('',*,*,#1230,.T.);
#1712=ORIENTED_EDGE('',*,*,#1231,.F.);
#1713=ORIENTED_EDGE('',*,*,#1232,.T.);
#1714=ORIENTED_EDGE('',*,*,#1233,.F.);
#1715=ORIENTED_EDGE('',*,*,#1234,.T.);
#1716=ORIENTED_EDGE('',*,*,#1235,.F.);
#1717=ORIENTED_EDGE('',*,*,#1236,.T.);
#1718=ORIENTED_EDGE('',*,*,#1237,.F.);
#1719=ORIENTED_EDGE('',*,*,#1238,.T.);
#1720=ORIENTED_EDGE('',*,*,#1239,.F.);
#1721=ORIENTED_EDGE('',*,*,#1240,.T.);
#1722=ORIENTED_EDGE('',*,*,#1241,.F.);
#1723=ORIENTED_EDGE('',*,*,#1242,.T.);
#1724=ORIENTED_EDGE('',*,*,#1243,.F.);
#1725=ORIENTED_EDGE('',*,*,#1244,.T.);
#1726=ORIENTED_EDGE('',*,*,#1245,.F.);
#1727=ORIENTED_EDGE('',*,*,#1246,.T.);
#1728=ORIENTED_EDGE('',*,*,#1195,.F.);
#1729=ORIENTED_EDGE('',*,*,#1247,.F.);
#1730=ORIENTED_EDGE('',*,*,#1248,.F.);
#1731=ORIENTED_EDGE('',*,*,#1200,.F.);
#1732=ORIENTED_EDGE('',*,*,#1249,.T.);
#1733=ORIENTED_EDGE('',*,*,#1250,.T.);
#1734=ORIENTED_EDGE('',*,*,#1201,.T.);
#1735=ORIENTED_EDGE('',*,*,#1248,.T.);
#1736=ORIENTED_EDGE('',*,*,#1215,.T.);
#1737=ORIENTED_EDGE('',*,*,#1251,.T.);
#1738=ORIENTED_EDGE('',*,*,#1252,.T.);
#1739=ORIENTED_EDGE('',*,*,#1253,.T.);
#1740=ORIENTED_EDGE('',*,*,#1253,.F.);
#1741=ORIENTED_EDGE('',*,*,#1254,.F.);
#1742=ORIENTED_EDGE('',*,*,#1255,.F.);
#1743=ORIENTED_EDGE('',*,*,#1216,.F.);
#1744=ORIENTED_EDGE('',*,*,#1256,.T.);
#1745=ORIENTED_EDGE('',*,*,#1257,.T.);
#1746=ORIENTED_EDGE('',*,*,#1217,.T.);
#1747=ORIENTED_EDGE('',*,*,#1255,.T.);
#1748=ORIENTED_EDGE('',*,*,#1227,.T.);
#1749=ORIENTED_EDGE('',*,*,#1258,.T.);
#1750=ORIENTED_EDGE('',*,*,#1259,.T.);
#1751=ORIENTED_EDGE('',*,*,#1260,.T.);
#1752=ORIENTED_EDGE('',*,*,#1260,.F.);
#1753=ORIENTED_EDGE('',*,*,#1261,.F.);
#1754=ORIENTED_EDGE('',*,*,#1262,.F.);
#1755=ORIENTED_EDGE('',*,*,#1228,.F.);
#1756=ORIENTED_EDGE('',*,*,#1263,.T.);
#1757=ORIENTED_EDGE('',*,*,#1264,.T.);
#1758=ORIENTED_EDGE('',*,*,#1229,.T.);
#1759=ORIENTED_EDGE('',*,*,#1262,.T.);
#1760=ORIENTED_EDGE('',*,*,#1231,.T.);
#1761=ORIENTED_EDGE('',*,*,#1265,.T.);
#1762=ORIENTED_EDGE('',*,*,#1266,.T.);
#1763=ORIENTED_EDGE('',*,*,#1267,.T.);
#1764=ORIENTED_EDGE('',*,*,#1267,.F.);
#1765=ORIENTED_EDGE('',*,*,#1268,.F.);
#1766=ORIENTED_EDGE('',*,*,#1269,.F.);
#1767=ORIENTED_EDGE('',*,*,#1232,.F.);
#1768=ORIENTED_EDGE('',*,*,#1270,.T.);
#1769=ORIENTED_EDGE('',*,*,#1271,.T.);
#1770=ORIENTED_EDGE('',*,*,#1233,.T.);
#1771=ORIENTED_EDGE('',*,*,#1269,.T.);
#1772=ORIENTED_EDGE('',*,*,#1243,.T.);
#1773=ORIENTED_EDGE('',*,*,#1272,.T.);
#1774=ORIENTED_EDGE('',*,*,#1273,.T.);
#1775=ORIENTED_EDGE('',*,*,#1274,.T.);
#1776=ORIENTED_EDGE('',*,*,#1274,.F.);
#1777=ORIENTED_EDGE('',*,*,#1275,.F.);
#1778=ORIENTED_EDGE('',*,*,#1276,.F.);
#1779=ORIENTED_EDGE('',*,*,#1244,.F.);
#1780=ORIENTED_EDGE('',*,*,#1277,.T.);
#1781=ORIENTED_EDGE('',*,*,#1278,.T.);
#1782=ORIENTED_EDGE('',*,*,#1245,.T.);
#1783=ORIENTED_EDGE('',*,*,#1276,.T.);
#1784=ORIENTED_EDGE('',*,*,#1239,.T.);
#1785=ORIENTED_EDGE('',*,*,#1279,.T.);
#1786=ORIENTED_EDGE('',*,*,#1280,.T.);
#1787=ORIENTED_EDGE('',*,*,#1281,.T.);
#1788=ORIENTED_EDGE('',*,*,#1281,.F.);
#1789=ORIENTED_EDGE('',*,*,#1282,.F.);
#1790=ORIENTED_EDGE('',*,*,#1283,.F.);
#1791=ORIENTED_EDGE('',*,*,#1240,.F.);
#1792=ORIENTED_EDGE('',*,*,#1284,.T.);
#1793=ORIENTED_EDGE('',*,*,#1285,.T.);
#1794=ORIENTED_EDGE('',*,*,#1241,.T.);
#1795=ORIENTED_EDGE('',*,*,#1283,.T.);
#1796=ORIENTED_EDGE('',*,*,#1286,.T.);
#1797=ORIENTED_EDGE('',*,*,#1287,.T.);
#1798=ORIENTED_EDGE('',*,*,#1237,.T.);
#1799=ORIENTED_EDGE('',*,*,#1288,.T.);
#1800=ORIENTED_EDGE('',*,*,#1288,.F.);
#1801=ORIENTED_EDGE('',*,*,#1236,.F.);
#1802=ORIENTED_EDGE('',*,*,#1289,.F.);
#1803=ORIENTED_EDGE('',*,*,#1290,.F.);
#1804=ORIENTED_EDGE('',*,*,#1235,.T.);
#1805=ORIENTED_EDGE('',*,*,#1291,.T.);
#1806=ORIENTED_EDGE('',*,*,#1292,.T.);
#1807=ORIENTED_EDGE('',*,*,#1289,.T.);
#1808=ORIENTED_EDGE('',*,*,#1271,.F.);
#1809=ORIENTED_EDGE('',*,*,#1293,.F.);
#1810=ORIENTED_EDGE('',*,*,#1291,.F.);
#1811=ORIENTED_EDGE('',*,*,#1234,.F.);
#1812=ORIENTED_EDGE('',*,*,#1223,.T.);
#1813=ORIENTED_EDGE('',*,*,#1294,.T.);
#1814=ORIENTED_EDGE('',*,*,#1295,.T.);
#1815=ORIENTED_EDGE('',*,*,#1296,.T.);
#1816=ORIENTED_EDGE('',*,*,#1296,.F.);
#1817=ORIENTED_EDGE('',*,*,#1297,.F.);
#1818=ORIENTED_EDGE('',*,*,#1298,.F.);
#1819=ORIENTED_EDGE('',*,*,#1224,.F.);
#1820=ORIENTED_EDGE('',*,*,#1299,.T.);
#1821=ORIENTED_EDGE('',*,*,#1300,.T.);
#1822=ORIENTED_EDGE('',*,*,#1225,.T.);
#1823=ORIENTED_EDGE('',*,*,#1298,.T.);
#1824=ORIENTED_EDGE('',*,*,#1301,.T.);
#1825=ORIENTED_EDGE('',*,*,#1302,.T.);
#1826=ORIENTED_EDGE('',*,*,#1221,.T.);
#1827=ORIENTED_EDGE('',*,*,#1303,.T.);
#1828=ORIENTED_EDGE('',*,*,#1303,.F.);
#1829=ORIENTED_EDGE('',*,*,#1220,.F.);
#1830=ORIENTED_EDGE('',*,*,#1304,.F.);
#1831=ORIENTED_EDGE('',*,*,#1305,.F.);
#1832=ORIENTED_EDGE('',*,*,#1219,.T.);
#1833=ORIENTED_EDGE('',*,*,#1306,.T.);
#1834=ORIENTED_EDGE('',*,*,#1307,.T.);
#1835=ORIENTED_EDGE('',*,*,#1304,.T.);
#1836=ORIENTED_EDGE('',*,*,#1257,.F.);
#1837=ORIENTED_EDGE('',*,*,#1308,.F.);
#1838=ORIENTED_EDGE('',*,*,#1306,.F.);
#1839=ORIENTED_EDGE('',*,*,#1218,.F.);
#1840=ORIENTED_EDGE('',*,*,#1211,.T.);
#1841=ORIENTED_EDGE('',*,*,#1309,.T.);
#1842=ORIENTED_EDGE('',*,*,#1310,.T.);
#1843=ORIENTED_EDGE('',*,*,#1311,.T.);
#1844=ORIENTED_EDGE('',*,*,#1311,.F.);
#1845=ORIENTED_EDGE('',*,*,#1312,.F.);
#1846=ORIENTED_EDGE('',*,*,#1313,.F.);
#1847=ORIENTED_EDGE('',*,*,#1212,.F.);
#1848=ORIENTED_EDGE('',*,*,#1314,.T.);
#1849=ORIENTED_EDGE('',*,*,#1315,.T.);
#1850=ORIENTED_EDGE('',*,*,#1213,.T.);
#1851=ORIENTED_EDGE('',*,*,#1313,.T.);
#1852=ORIENTED_EDGE('',*,*,#1316,.T.);
#1853=ORIENTED_EDGE('',*,*,#1317,.T.);
#1854=ORIENTED_EDGE('',*,*,#1209,.T.);
#1855=ORIENTED_EDGE('',*,*,#1318,.T.);
#1856=ORIENTED_EDGE('',*,*,#1318,.F.);
#1857=ORIENTED_EDGE('',*,*,#1208,.F.);
#1858=ORIENTED_EDGE('',*,*,#1319,.F.);
#1859=ORIENTED_EDGE('',*,*,#1320,.F.);
#1860=ORIENTED_EDGE('',*,*,#1207,.T.);
#1861=ORIENTED_EDGE('',*,*,#1321,.T.);
#1862=ORIENTED_EDGE('',*,*,#1322,.T.);
#1863=ORIENTED_EDGE('',*,*,#1319,.T.);
#1864=ORIENTED_EDGE('',*,*,#1321,.F.);
#1865=ORIENTED_EDGE('',*,*,#1206,.F.);
#1866=ORIENTED_EDGE('',*,*,#1323,.F.);
#1867=ORIENTED_EDGE('',*,*,#1324,.F.);
#1868=ORIENTED_EDGE('',*,*,#1203,.T.);
#1869=ORIENTED_EDGE('',*,*,#1325,.T.);
#1870=ORIENTED_EDGE('',*,*,#1326,.T.);
#1871=ORIENTED_EDGE('',*,*,#1327,.T.);
#1872=ORIENTED_EDGE('',*,*,#1250,.F.);
#1873=ORIENTED_EDGE('',*,*,#1328,.F.);
#1874=ORIENTED_EDGE('',*,*,#1325,.F.);
#1875=ORIENTED_EDGE('',*,*,#1202,.F.);
#1876=ORIENTED_EDGE('',*,*,#1329,.T.);
#1877=ORIENTED_EDGE('',*,*,#1323,.T.);
#1878=ORIENTED_EDGE('',*,*,#1205,.T.);
#1879=ORIENTED_EDGE('',*,*,#1330,.T.);
#1880=ORIENTED_EDGE('',*,*,#1327,.F.);
#1881=ORIENTED_EDGE('',*,*,#1331,.F.);
#1882=ORIENTED_EDGE('',*,*,#1330,.F.);
#1883=ORIENTED_EDGE('',*,*,#1204,.F.);
#1884=ORIENTED_EDGE('',*,*,#1272,.F.);
#1885=ORIENTED_EDGE('',*,*,#1242,.F.);
#1886=ORIENTED_EDGE('',*,*,#1285,.F.);
#1887=ORIENTED_EDGE('',*,*,#1332,.F.);
#1888=ORIENTED_EDGE('',*,*,#1258,.F.);
#1889=ORIENTED_EDGE('',*,*,#1226,.F.);
#1890=ORIENTED_EDGE('',*,*,#1300,.F.);
#1891=ORIENTED_EDGE('',*,*,#1333,.F.);
#1892=ORIENTED_EDGE('',*,*,#1334,.T.);
#1893=ORIENTED_EDGE('',*,*,#1335,.T.);
#1894=ORIENTED_EDGE('',*,*,#1336,.F.);
#1895=ORIENTED_EDGE('',*,*,#1337,.F.);
#1896=ORIENTED_EDGE('',*,*,#1194,.F.);
#1897=ORIENTED_EDGE('',*,*,#1338,.T.);
#1898=ORIENTED_EDGE('',*,*,#1314,.F.);
#1899=ORIENTED_EDGE('',*,*,#1312,.T.);
#1900=ORIENTED_EDGE('',*,*,#1310,.F.);
#1901=ORIENTED_EDGE('',*,*,#1339,.T.);
#1902=ORIENTED_EDGE('',*,*,#1316,.F.);
#1903=ORIENTED_EDGE('',*,*,#1320,.T.);
#1904=ORIENTED_EDGE('',*,*,#1322,.F.);
#1905=ORIENTED_EDGE('',*,*,#1324,.T.);
#1906=ORIENTED_EDGE('',*,*,#1329,.F.);
#1907=ORIENTED_EDGE('',*,*,#1331,.T.);
#1908=ORIENTED_EDGE('',*,*,#1326,.F.);
#1909=ORIENTED_EDGE('',*,*,#1328,.T.);
#1910=ORIENTED_EDGE('',*,*,#1249,.F.);
#1911=ORIENTED_EDGE('',*,*,#1247,.T.);
#1912=ORIENTED_EDGE('',*,*,#1252,.F.);
#1913=ORIENTED_EDGE('',*,*,#1340,.T.);
#1914=ORIENTED_EDGE('',*,*,#1263,.F.);
#1915=ORIENTED_EDGE('',*,*,#1261,.T.);
#1916=ORIENTED_EDGE('',*,*,#1259,.F.);
#1917=ORIENTED_EDGE('',*,*,#1333,.T.);
#1918=ORIENTED_EDGE('',*,*,#1299,.F.);
#1919=ORIENTED_EDGE('',*,*,#1297,.T.);
#1920=ORIENTED_EDGE('',*,*,#1295,.F.);
#1921=ORIENTED_EDGE('',*,*,#1341,.T.);
#1922=ORIENTED_EDGE('',*,*,#1301,.F.);
#1923=ORIENTED_EDGE('',*,*,#1305,.T.);
#1924=ORIENTED_EDGE('',*,*,#1307,.F.);
#1925=ORIENTED_EDGE('',*,*,#1308,.T.);
#1926=ORIENTED_EDGE('',*,*,#1256,.F.);
#1927=ORIENTED_EDGE('',*,*,#1254,.T.);
#1928=ORIENTED_EDGE('',*,*,#1266,.F.);
#1929=ORIENTED_EDGE('',*,*,#1342,.T.);
#1930=ORIENTED_EDGE('',*,*,#1277,.F.);
#1931=ORIENTED_EDGE('',*,*,#1275,.T.);
#1932=ORIENTED_EDGE('',*,*,#1273,.F.);
#1933=ORIENTED_EDGE('',*,*,#1332,.T.);
#1934=ORIENTED_EDGE('',*,*,#1284,.F.);
#1935=ORIENTED_EDGE('',*,*,#1282,.T.);
#1936=ORIENTED_EDGE('',*,*,#1280,.F.);
#1937=ORIENTED_EDGE('',*,*,#1343,.T.);
#1938=ORIENTED_EDGE('',*,*,#1286,.F.);
#1939=ORIENTED_EDGE('',*,*,#1290,.T.);
#1940=ORIENTED_EDGE('',*,*,#1292,.F.);
#1941=ORIENTED_EDGE('',*,*,#1293,.T.);
#1942=ORIENTED_EDGE('',*,*,#1270,.F.);
#1943=ORIENTED_EDGE('',*,*,#1268,.T.);
#1944=ORIENTED_EDGE('',*,*,#1193,.F.);
#1945=ORIENTED_EDGE('',*,*,#1214,.F.);
#1946=ORIENTED_EDGE('',*,*,#1315,.F.);
#1947=ORIENTED_EDGE('',*,*,#1338,.F.);
#1948=ORIENTED_EDGE('',*,*,#1279,.F.);
#1949=ORIENTED_EDGE('',*,*,#1238,.F.);
#1950=ORIENTED_EDGE('',*,*,#1287,.F.);
#1951=ORIENTED_EDGE('',*,*,#1343,.F.);
#1952=ORIENTED_EDGE('',*,*,#1265,.F.);
#1953=ORIENTED_EDGE('',*,*,#1246,.F.);
#1954=ORIENTED_EDGE('',*,*,#1278,.F.);
#1955=ORIENTED_EDGE('',*,*,#1342,.F.);
#1956=ORIENTED_EDGE('',*,*,#1294,.F.);
#1957=ORIENTED_EDGE('',*,*,#1222,.F.);
#1958=ORIENTED_EDGE('',*,*,#1302,.F.);
#1959=ORIENTED_EDGE('',*,*,#1341,.F.);
#1960=ORIENTED_EDGE('',*,*,#1251,.F.);
#1961=ORIENTED_EDGE('',*,*,#1230,.F.);
#1962=ORIENTED_EDGE('',*,*,#1264,.F.);
#1963=ORIENTED_EDGE('',*,*,#1340,.F.);
#1964=ORIENTED_EDGE('',*,*,#1309,.F.);
#1965=ORIENTED_EDGE('',*,*,#1210,.F.);
#1966=ORIENTED_EDGE('',*,*,#1317,.F.);
#1967=ORIENTED_EDGE('',*,*,#1339,.F.);
#1968=ORIENTED_EDGE('',*,*,#1344,.T.);
#1969=ORIENTED_EDGE('',*,*,#1047,.T.);
#1970=ORIENTED_EDGE('',*,*,#1345,.F.);
#1971=ORIENTED_EDGE('',*,*,#1346,.F.);
#1972=ORIENTED_EDGE('',*,*,#1347,.T.);
#1973=ORIENTED_EDGE('',*,*,#1346,.T.);
#1974=ORIENTED_EDGE('',*,*,#1348,.F.);
#1975=ORIENTED_EDGE('',*,*,#1349,.F.);
#1976=ORIENTED_EDGE('',*,*,#1350,.T.);
#1977=ORIENTED_EDGE('',*,*,#1349,.T.);
#1978=ORIENTED_EDGE('',*,*,#1351,.F.);
#1979=ORIENTED_EDGE('',*,*,#1352,.F.);
#1980=ORIENTED_EDGE('',*,*,#1353,.T.);
#1981=ORIENTED_EDGE('',*,*,#1352,.T.);
#1982=ORIENTED_EDGE('',*,*,#1354,.F.);
#1983=ORIENTED_EDGE('',*,*,#1355,.F.);
#1984=ORIENTED_EDGE('',*,*,#1356,.T.);
#1985=ORIENTED_EDGE('',*,*,#1355,.T.);
#1986=ORIENTED_EDGE('',*,*,#1357,.F.);
#1987=ORIENTED_EDGE('',*,*,#1197,.F.);
#1988=ORIENTED_EDGE('',*,*,#1358,.T.);
#1989=ORIENTED_EDGE('',*,*,#1199,.T.);
#1990=ORIENTED_EDGE('',*,*,#1359,.F.);
#1991=ORIENTED_EDGE('',*,*,#1045,.F.);
#1992=ORIENTED_EDGE('',*,*,#1360,.T.);
#1993=ORIENTED_EDGE('',*,*,#1337,.T.);
#1994=ORIENTED_EDGE('',*,*,#1361,.F.);
#1995=ORIENTED_EDGE('',*,*,#1362,.F.);
#1996=ORIENTED_EDGE('',*,*,#1363,.T.);
#1997=ORIENTED_EDGE('',*,*,#1362,.T.);
#1998=ORIENTED_EDGE('',*,*,#1364,.F.);
#1999=ORIENTED_EDGE('',*,*,#1365,.F.);
#2000=ORIENTED_EDGE('',*,*,#1366,.T.);
#2001=ORIENTED_EDGE('',*,*,#1365,.T.);
#2002=ORIENTED_EDGE('',*,*,#1367,.F.);
#2003=ORIENTED_EDGE('',*,*,#1368,.F.);
#2004=ORIENTED_EDGE('',*,*,#1369,.T.);
#2005=ORIENTED_EDGE('',*,*,#1368,.T.);
#2006=ORIENTED_EDGE('',*,*,#1370,.F.);
#2007=ORIENTED_EDGE('',*,*,#1371,.F.);
#2008=ORIENTED_EDGE('',*,*,#1372,.T.);
#2009=ORIENTED_EDGE('',*,*,#1371,.T.);
#2010=ORIENTED_EDGE('',*,*,#1373,.F.);
#2011=ORIENTED_EDGE('',*,*,#1183,.F.);
#2012=ORIENTED_EDGE('',*,*,#1374,.T.);
#2013=ORIENTED_EDGE('',*,*,#1185,.T.);
#2014=ORIENTED_EDGE('',*,*,#1375,.F.);
#2015=ORIENTED_EDGE('',*,*,#1335,.F.);
#2016=ORIENTED_EDGE('',*,*,#1336,.T.);
#2017=ORIENTED_EDGE('',*,*,#1375,.T.);
#2018=ORIENTED_EDGE('',*,*,#1184,.T.);
#2019=ORIENTED_EDGE('',*,*,#1373,.T.);
#2020=ORIENTED_EDGE('',*,*,#1370,.T.);
#2021=ORIENTED_EDGE('',*,*,#1367,.T.);
#2022=ORIENTED_EDGE('',*,*,#1364,.T.);
#2023=ORIENTED_EDGE('',*,*,#1361,.T.);
#2024=ORIENTED_EDGE('',*,*,#1359,.T.);
#2025=ORIENTED_EDGE('',*,*,#1198,.T.);
#2026=ORIENTED_EDGE('',*,*,#1357,.T.);
#2027=ORIENTED_EDGE('',*,*,#1354,.T.);
#2028=ORIENTED_EDGE('',*,*,#1351,.T.);
#2029=ORIENTED_EDGE('',*,*,#1348,.T.);
#2030=ORIENTED_EDGE('',*,*,#1345,.T.);
#2031=ORIENTED_EDGE('',*,*,#1046,.T.);
#2032=ORIENTED_EDGE('',*,*,#1334,.F.);
#2033=ORIENTED_EDGE('',*,*,#1360,.F.);
#2034=ORIENTED_EDGE('',*,*,#1363,.F.);
#2035=ORIENTED_EDGE('',*,*,#1366,.F.);
#2036=ORIENTED_EDGE('',*,*,#1369,.F.);
#2037=ORIENTED_EDGE('',*,*,#1372,.F.);
#2038=ORIENTED_EDGE('',*,*,#1182,.F.);
#2039=ORIENTED_EDGE('',*,*,#1374,.F.);
#2040=ORIENTED_EDGE('',*,*,#1358,.F.);
#2041=ORIENTED_EDGE('',*,*,#1044,.F.);
#2042=ORIENTED_EDGE('',*,*,#1344,.F.);
#2043=ORIENTED_EDGE('',*,*,#1347,.F.);
#2044=ORIENTED_EDGE('',*,*,#1350,.F.);
#2045=ORIENTED_EDGE('',*,*,#1353,.F.);
#2046=ORIENTED_EDGE('',*,*,#1356,.F.);
#2047=ORIENTED_EDGE('',*,*,#1196,.F.);
#2048=CYLINDRICAL_SURFACE('',#2379,0.02);
#2049=CYLINDRICAL_SURFACE('',#2418,0.0400000393700783);
#2050=CYLINDRICAL_SURFACE('',#2420,0.02);
#2051=CYLINDRICAL_SURFACE('',#2422,0.02);
#2052=CYLINDRICAL_SURFACE('',#2424,0.0400000393700786);
#2053=CYLINDRICAL_SURFACE('',#2426,0.02);
#2054=CYLINDRICAL_SURFACE('',#2428,0.02);
#2055=CYLINDRICAL_SURFACE('',#2430,0.0400000393700786);
#2056=CYLINDRICAL_SURFACE('',#2432,0.02);
#2057=CYLINDRICAL_SURFACE('',#2434,0.02);
#2058=CYLINDRICAL_SURFACE('',#2436,0.0400000393700783);
#2059=CYLINDRICAL_SURFACE('',#2438,0.02);
#2060=CYLINDRICAL_SURFACE('',#2440,0.02);
#2061=CYLINDRICAL_SURFACE('',#2442,0.0400000393700783);
#2062=CYLINDRICAL_SURFACE('',#2444,0.02);
#2063=CYLINDRICAL_SURFACE('',#2446,0.02);
#2064=CYLINDRICAL_SURFACE('',#2448,0.0400000393700783);
#2065=CYLINDRICAL_SURFACE('',#2450,0.02);
#2066=CYLINDRICAL_SURFACE('',#2452,0.02);
#2067=CYLINDRICAL_SURFACE('',#2454,0.0400000393700783);
#2068=CYLINDRICAL_SURFACE('',#2456,0.02);
#2069=CYLINDRICAL_SURFACE('',#2459,0.02);
#2070=CYLINDRICAL_SURFACE('',#2461,0.0400000393700786);
#2071=CYLINDRICAL_SURFACE('',#2463,0.02);
#2072=CYLINDRICAL_SURFACE('',#2465,0.02);
#2073=CYLINDRICAL_SURFACE('',#2467,0.0400000393700786);
#2074=CYLINDRICAL_SURFACE('',#2469,0.02);
#2075=CYLINDRICAL_SURFACE('',#2472,0.02);
#2076=CYLINDRICAL_SURFACE('',#2474,0.0400000393700783);
#2077=CYLINDRICAL_SURFACE('',#2476,0.02);
#2078=CYLINDRICAL_SURFACE('',#2478,0.02);
#2079=CYLINDRICAL_SURFACE('',#2480,0.0400000393700783);
#2080=CYLINDRICAL_SURFACE('',#2482,0.02);
#2081=CYLINDRICAL_SURFACE('',#2485,0.02);
#2082=CYLINDRICAL_SURFACE('',#2488,0.02);
#2083=CYLINDRICAL_SURFACE('',#2490,0.0400000393700783);
#2084=CYLINDRICAL_SURFACE('',#2501,0.02);
#2085=CYLINDRICAL_SURFACE('',#2540,0.0400000393700787);
#2086=CYLINDRICAL_SURFACE('',#2542,0.02);
#2087=CYLINDRICAL_SURFACE('',#2544,0.02);
#2088=CYLINDRICAL_SURFACE('',#2546,0.0400000393700787);
#2089=CYLINDRICAL_SURFACE('',#2548,0.02);
#2090=CYLINDRICAL_SURFACE('',#2550,0.02);
#2091=CYLINDRICAL_SURFACE('',#2552,0.0400000393700787);
#2092=CYLINDRICAL_SURFACE('',#2554,0.02);
#2093=CYLINDRICAL_SURFACE('',#2556,0.02);
#2094=CYLINDRICAL_SURFACE('',#2558,0.0400000393700787);
#2095=CYLINDRICAL_SURFACE('',#2560,0.02);
#2096=CYLINDRICAL_SURFACE('',#2562,0.02);
#2097=CYLINDRICAL_SURFACE('',#2564,0.0400000393700787);
#2098=CYLINDRICAL_SURFACE('',#2566,0.02);
#2099=CYLINDRICAL_SURFACE('',#2568,0.02);
#2100=CYLINDRICAL_SURFACE('',#2570,0.0400000393700787);
#2101=CYLINDRICAL_SURFACE('',#2572,0.02);
#2102=CYLINDRICAL_SURFACE('',#2574,0.02);
#2103=CYLINDRICAL_SURFACE('',#2576,0.0400000393700787);
#2104=CYLINDRICAL_SURFACE('',#2578,0.02);
#2105=CYLINDRICAL_SURFACE('',#2581,0.02);
#2106=CYLINDRICAL_SURFACE('',#2583,0.0400000393700787);
#2107=CYLINDRICAL_SURFACE('',#2585,0.02);
#2108=CYLINDRICAL_SURFACE('',#2587,0.02);
#2109=CYLINDRICAL_SURFACE('',#2589,0.0400000393700787);
#2110=CYLINDRICAL_SURFACE('',#2591,0.02);
#2111=CYLINDRICAL_SURFACE('',#2594,0.02);
#2112=CYLINDRICAL_SURFACE('',#2596,0.0400000393700787);
#2113=CYLINDRICAL_SURFACE('',#2598,0.02);
#2114=CYLINDRICAL_SURFACE('',#2600,0.02);
#2115=CYLINDRICAL_SURFACE('',#2602,0.0400000393700787);
#2116=CYLINDRICAL_SURFACE('',#2604,0.02);
#2117=CYLINDRICAL_SURFACE('',#2607,0.02);
#2118=CYLINDRICAL_SURFACE('',#2610,0.02);
#2119=CYLINDRICAL_SURFACE('',#2612,0.0400000393700787);
#2120=CYLINDRICAL_SURFACE('',#2623,0.0829999999999999);
#2121=CYLINDRICAL_SURFACE('',#2627,0.0829999999999999);
#2122=CYLINDRICAL_SURFACE('',#2631,0.0829999999999999);
#2123=CYLINDRICAL_SURFACE('',#2634,0.0829999999999999);
#2124=CYLINDRICAL_SURFACE('',#2637,0.188);
#2125=CYLINDRICAL_SURFACE('',#2641,0.188);
#2126=CYLINDRICAL_SURFACE('',#2645,0.188);
#2127=CYLINDRICAL_SURFACE('',#2648,0.188);
#2128=STYLED_ITEM('',(#4077),#2243);
#2129=STYLED_ITEM('',(#4077),#2244);
#2130=STYLED_ITEM('',(#4077),#2245);
#2131=STYLED_ITEM('',(#4077),#2246);
#2132=STYLED_ITEM('',(#4077),#2247);
#2133=STYLED_ITEM('',(#4077),#2248);
#2134=STYLED_ITEM('',(#4077),#2249);
#2135=STYLED_ITEM('',(#4077),#2250);
#2136=STYLED_ITEM('',(#4077),#2251);
#2137=STYLED_ITEM('',(#4077),#2252);
#2138=STYLED_ITEM('',(#4077),#2253);
#2139=STYLED_ITEM('',(#4077),#2254);
#2140=STYLED_ITEM('',(#4077),#2255);
#2141=STYLED_ITEM('',(#4077),#2256);
#2142=STYLED_ITEM('',(#4077),#2257);
#2143=STYLED_ITEM('',(#4077),#2258);
#2144=STYLED_ITEM('',(#4077),#2259);
#2145=STYLED_ITEM('',(#4077),#2260);
#2146=STYLED_ITEM('',(#4077),#2261);
#2147=STYLED_ITEM('',(#4077),#2262);
#2148=STYLED_ITEM('',(#4077),#2263);
#2149=STYLED_ITEM('',(#4077),#2264);
#2150=STYLED_ITEM('',(#4077),#2265);
#2151=STYLED_ITEM('',(#4077),#2266);
#2152=STYLED_ITEM('',(#4077),#2267);
#2153=STYLED_ITEM('',(#4077),#2268);
#2154=STYLED_ITEM('',(#4077),#2269);
#2155=STYLED_ITEM('',(#4077),#2270);
#2156=STYLED_ITEM('',(#4077),#2271);
#2157=STYLED_ITEM('',(#4077),#2272);
#2158=STYLED_ITEM('',(#4077),#2273);
#2159=STYLED_ITEM('',(#4077),#2274);
#2160=STYLED_ITEM('',(#4077),#2275);
#2161=STYLED_ITEM('',(#4077),#2276);
#2162=STYLED_ITEM('',(#4077),#2277);
#2163=STYLED_ITEM('',(#4077),#2278);
#2164=STYLED_ITEM('',(#4077),#2279);
#2165=STYLED_ITEM('',(#4077),#2280);
#2166=STYLED_ITEM('',(#4077),#2281);
#2167=STYLED_ITEM('',(#4077),#2282);
#2168=STYLED_ITEM('',(#4077),#2283);
#2169=STYLED_ITEM('',(#4077),#2284);
#2170=STYLED_ITEM('',(#4077),#2285);
#2171=STYLED_ITEM('',(#4077),#2286);
#2172=STYLED_ITEM('',(#4077),#2287);
#2173=STYLED_ITEM('',(#4077),#2288);
#2174=STYLED_ITEM('',(#4077),#2289);
#2175=STYLED_ITEM('',(#4077),#2290);
#2176=STYLED_ITEM('',(#4077),#2291);
#2177=STYLED_ITEM('',(#4077),#2292);
#2178=STYLED_ITEM('',(#4077),#2293);
#2179=STYLED_ITEM('',(#4077),#2294);
#2180=STYLED_ITEM('',(#4077),#2295);
#2181=STYLED_ITEM('',(#4077),#2296);
#2182=STYLED_ITEM('',(#4077),#2297);
#2183=STYLED_ITEM('',(#4077),#2298);
#2184=STYLED_ITEM('',(#4077),#2299);
#2185=STYLED_ITEM('',(#4077),#2300);
#2186=STYLED_ITEM('',(#4077),#2301);
#2187=STYLED_ITEM('',(#4077),#2302);
#2188=STYLED_ITEM('',(#4077),#2303);
#2189=STYLED_ITEM('',(#4077),#2304);
#2190=STYLED_ITEM('',(#4077),#2305);
#2191=STYLED_ITEM('',(#4077),#2306);
#2192=STYLED_ITEM('',(#4077),#2307);
#2193=STYLED_ITEM('',(#4077),#2308);
#2194=STYLED_ITEM('',(#4077),#2309);
#2195=STYLED_ITEM('',(#4077),#2310);
#2196=STYLED_ITEM('',(#4077),#2311);
#2197=STYLED_ITEM('',(#4077),#2312);
#2198=STYLED_ITEM('',(#4077),#2313);
#2199=STYLED_ITEM('',(#4077),#2314);
#2200=STYLED_ITEM('',(#4077),#2315);
#2201=STYLED_ITEM('',(#4077),#2316);
#2202=STYLED_ITEM('',(#4077),#2317);
#2203=STYLED_ITEM('',(#4077),#2318);
#2204=STYLED_ITEM('',(#4077),#2319);
#2205=STYLED_ITEM('',(#4077),#2320);
#2206=STYLED_ITEM('',(#4077),#2321);
#2207=STYLED_ITEM('',(#4077),#2322);
#2208=STYLED_ITEM('',(#4077),#2323);
#2209=STYLED_ITEM('',(#4077),#2324);
#2210=STYLED_ITEM('',(#4077),#2325);
#2211=STYLED_ITEM('',(#4077),#2326);
#2212=STYLED_ITEM('',(#4077),#2327);
#2213=STYLED_ITEM('',(#4077),#2328);
#2214=STYLED_ITEM('',(#4077),#2329);
#2215=STYLED_ITEM('',(#4077),#2330);
#2216=STYLED_ITEM('',(#4077),#2331);
#2217=STYLED_ITEM('',(#4077),#2332);
#2218=STYLED_ITEM('',(#4077),#2333);
#2219=STYLED_ITEM('',(#4077),#2334);
#2220=STYLED_ITEM('',(#4077),#2335);
#2221=STYLED_ITEM('',(#4077),#2336);
#2222=STYLED_ITEM('',(#4077),#2337);
#2223=STYLED_ITEM('',(#4077),#2338);
#2224=STYLED_ITEM('',(#4077),#2339);
#2225=STYLED_ITEM('',(#4077),#2340);
#2226=STYLED_ITEM('',(#4077),#2341);
#2227=STYLED_ITEM('',(#4077),#2342);
#2228=STYLED_ITEM('',(#4077),#2343);
#2229=STYLED_ITEM('',(#4077),#2344);
#2230=STYLED_ITEM('',(#4077),#2345);
#2231=STYLED_ITEM('',(#4077),#2346);
#2232=STYLED_ITEM('',(#4077),#2347);
#2233=STYLED_ITEM('',(#4077),#2348);
#2234=STYLED_ITEM('',(#4077),#2349);
#2235=STYLED_ITEM('',(#4077),#2350);
#2236=STYLED_ITEM('',(#4077),#2351);
#2237=STYLED_ITEM('',(#4077),#2352);
#2238=STYLED_ITEM('',(#4077),#2353);
#2239=STYLED_ITEM('',(#4077),#2354);
#2240=STYLED_ITEM('',(#4077),#2355);
#2241=STYLED_ITEM('',(#4077),#2356);
#2242=STYLED_ITEM('',(#4077),#13);
#2243=ADVANCED_FACE('',(#62),#2048,.T.);
#2244=ADVANCED_FACE('',(#63,#14,#15,#16),#28,.T.);
#2245=ADVANCED_FACE('',(#64),#2049,.F.);
#2246=ADVANCED_FACE('',(#65),#2050,.T.);
#2247=ADVANCED_FACE('',(#66),#2051,.T.);
#2248=ADVANCED_FACE('',(#67),#2052,.F.);
#2249=ADVANCED_FACE('',(#68),#2053,.T.);
#2250=ADVANCED_FACE('',(#69),#2054,.T.);
#2251=ADVANCED_FACE('',(#70),#2055,.F.);
#2252=ADVANCED_FACE('',(#71),#2056,.T.);
#2253=ADVANCED_FACE('',(#72),#2057,.T.);
#2254=ADVANCED_FACE('',(#73),#2058,.F.);
#2255=ADVANCED_FACE('',(#74),#2059,.T.);
#2256=ADVANCED_FACE('',(#75),#2060,.T.);
#2257=ADVANCED_FACE('',(#76),#2061,.F.);
#2258=ADVANCED_FACE('',(#77),#2062,.T.);
#2259=ADVANCED_FACE('',(#78),#2063,.T.);
#2260=ADVANCED_FACE('',(#79),#2064,.F.);
#2261=ADVANCED_FACE('',(#80),#2065,.T.);
#2262=ADVANCED_FACE('',(#81),#2066,.T.);
#2263=ADVANCED_FACE('',(#82),#2067,.F.);
#2264=ADVANCED_FACE('',(#83),#2068,.T.);
#2265=ADVANCED_FACE('',(#84),#29,.F.);
#2266=ADVANCED_FACE('',(#85),#2069,.T.);
#2267=ADVANCED_FACE('',(#86),#2070,.F.);
#2268=ADVANCED_FACE('',(#87),#2071,.T.);
#2269=ADVANCED_FACE('',(#88),#2072,.T.);
#2270=ADVANCED_FACE('',(#89),#2073,.F.);
#2271=ADVANCED_FACE('',(#90),#2074,.T.);
#2272=ADVANCED_FACE('',(#91),#30,.F.);
#2273=ADVANCED_FACE('',(#92),#2075,.T.);
#2274=ADVANCED_FACE('',(#93),#2076,.F.);
#2275=ADVANCED_FACE('',(#94),#2077,.T.);
#2276=ADVANCED_FACE('',(#95),#2078,.T.);
#2277=ADVANCED_FACE('',(#96),#2079,.F.);
#2278=ADVANCED_FACE('',(#97),#2080,.T.);
#2279=ADVANCED_FACE('',(#98),#31,.F.);
#2280=ADVANCED_FACE('',(#99),#2081,.T.);
#2281=ADVANCED_FACE('',(#100),#32,.F.);
#2282=ADVANCED_FACE('',(#101),#2082,.T.);
#2283=ADVANCED_FACE('',(#102),#2083,.F.);
#2284=ADVANCED_FACE('',(#103),#33,.F.);
#2285=ADVANCED_FACE('',(#104),#34,.F.);
#2286=ADVANCED_FACE('',(#105,#17,#18,#19),#35,.T.);
#2287=ADVANCED_FACE('',(#106),#36,.F.);
#2288=ADVANCED_FACE('',(#107),#37,.F.);
#2289=ADVANCED_FACE('',(#108),#38,.F.);
#2290=ADVANCED_FACE('',(#109),#39,.F.);
#2291=ADVANCED_FACE('',(#110),#40,.F.);
#2292=ADVANCED_FACE('',(#111),#41,.F.);
#2293=ADVANCED_FACE('',(#112),#2084,.T.);
#2294=ADVANCED_FACE('',(#113,#20,#21,#22),#42,.T.);
#2295=ADVANCED_FACE('',(#114),#2085,.F.);
#2296=ADVANCED_FACE('',(#115),#2086,.T.);
#2297=ADVANCED_FACE('',(#116),#2087,.T.);
#2298=ADVANCED_FACE('',(#117),#2088,.F.);
#2299=ADVANCED_FACE('',(#118),#2089,.T.);
#2300=ADVANCED_FACE('',(#119),#2090,.T.);
#2301=ADVANCED_FACE('',(#120),#2091,.F.);
#2302=ADVANCED_FACE('',(#121),#2092,.T.);
#2303=ADVANCED_FACE('',(#122),#2093,.T.);
#2304=ADVANCED_FACE('',(#123),#2094,.F.);
#2305=ADVANCED_FACE('',(#124),#2095,.T.);
#2306=ADVANCED_FACE('',(#125),#2096,.T.);
#2307=ADVANCED_FACE('',(#126),#2097,.F.);
#2308=ADVANCED_FACE('',(#127),#2098,.T.);
#2309=ADVANCED_FACE('',(#128),#2099,.T.);
#2310=ADVANCED_FACE('',(#129),#2100,.F.);
#2311=ADVANCED_FACE('',(#130),#2101,.T.);
#2312=ADVANCED_FACE('',(#131),#2102,.T.);
#2313=ADVANCED_FACE('',(#132),#2103,.F.);
#2314=ADVANCED_FACE('',(#133),#2104,.T.);
#2315=ADVANCED_FACE('',(#134),#43,.F.);
#2316=ADVANCED_FACE('',(#135),#2105,.T.);
#2317=ADVANCED_FACE('',(#136),#2106,.F.);
#2318=ADVANCED_FACE('',(#137),#2107,.T.);
#2319=ADVANCED_FACE('',(#138),#2108,.T.);
#2320=ADVANCED_FACE('',(#139),#2109,.F.);
#2321=ADVANCED_FACE('',(#140),#2110,.T.);
#2322=ADVANCED_FACE('',(#141),#44,.F.);
#2323=ADVANCED_FACE('',(#142),#2111,.T.);
#2324=ADVANCED_FACE('',(#143),#2112,.F.);
#2325=ADVANCED_FACE('',(#144),#2113,.T.);
#2326=ADVANCED_FACE('',(#145),#2114,.T.);
#2327=ADVANCED_FACE('',(#146),#2115,.F.);
#2328=ADVANCED_FACE('',(#147),#2116,.T.);
#2329=ADVANCED_FACE('',(#148),#45,.F.);
#2330=ADVANCED_FACE('',(#149),#2117,.T.);
#2331=ADVANCED_FACE('',(#150),#46,.F.);
#2332=ADVANCED_FACE('',(#151),#2118,.T.);
#2333=ADVANCED_FACE('',(#152),#2119,.F.);
#2334=ADVANCED_FACE('',(#153),#47,.F.);
#2335=ADVANCED_FACE('',(#154),#48,.F.);
#2336=ADVANCED_FACE('',(#155,#23,#24,#25),#49,.T.);
#2337=ADVANCED_FACE('',(#156),#50,.F.);
#2338=ADVANCED_FACE('',(#157),#51,.F.);
#2339=ADVANCED_FACE('',(#158),#52,.F.);
#2340=ADVANCED_FACE('',(#159),#53,.F.);
#2341=ADVANCED_FACE('',(#160),#54,.F.);
#2342=ADVANCED_FACE('',(#161),#55,.F.);
#2343=ADVANCED_FACE('',(#162),#2120,.F.);
#2344=ADVANCED_FACE('',(#163),#56,.T.);
#2345=ADVANCED_FACE('',(#164),#2121,.F.);
#2346=ADVANCED_FACE('',(#165),#57,.T.);
#2347=ADVANCED_FACE('',(#166),#2122,.F.);
#2348=ADVANCED_FACE('',(#167),#2123,.F.);
#2349=ADVANCED_FACE('',(#168),#2124,.T.);
#2350=ADVANCED_FACE('',(#169),#58,.T.);
#2351=ADVANCED_FACE('',(#170),#2125,.T.);
#2352=ADVANCED_FACE('',(#171),#59,.T.);
#2353=ADVANCED_FACE('',(#172),#2126,.T.);
#2354=ADVANCED_FACE('',(#173),#2127,.T.);
#2355=ADVANCED_FACE('',(#174,#26),#60,.T.);
#2356=ADVANCED_FACE('',(#175,#27),#61,.F.);
#2357=CLOSED_SHELL('',(#2243,#2244,#2245,#2246,#2247,#2248,#2249,#2250,
#2251,#2252,#2253,#2254,#2255,#2256,#2257,#2258,#2259,#2260,#2261,#2262,
#2263,#2264,#2265,#2266,#2267,#2268,#2269,#2270,#2271,#2272,#2273,#2274,
#2275,#2276,#2277,#2278,#2279,#2280,#2281,#2282,#2283,#2284,#2285,#2286,
#2287,#2288,#2289,#2290,#2291,#2292,#2293,#2294,#2295,#2296,#2297,#2298,
#2299,#2300,#2301,#2302,#2303,#2304,#2305,#2306,#2307,#2308,#2309,#2310,
#2311,#2312,#2313,#2314,#2315,#2316,#2317,#2318,#2319,#2320,#2321,#2322,
#2323,#2324,#2325,#2326,#2327,#2328,#2329,#2330,#2331,#2332,#2333,#2334,
#2335,#2336,#2337,#2338,#2339,#2340,#2341,#2342,#2343,#2344,#2345,#2346,
#2347,#2348,#2349,#2350,#2351,#2352,#2353,#2354,#2355,#2356));
#2358=DERIVED_UNIT_ELEMENT(#2360,1.);
#2359=DERIVED_UNIT_ELEMENT(#4062,-3.);
#2360=(
CONVERSION_BASED_UNIT('gram',#2362)
MASS_UNIT()
NAMED_UNIT(#4059)
);
#2361=(
MASS_UNIT()
NAMED_UNIT(*)
SI_UNIT(.KILO.,.GRAM.)
);
#2362=MASS_MEASURE_WITH_UNIT(MASS_MEASURE(0.001),#2361);
#2363=DERIVED_UNIT((#2358,#2359));
#2364=MEASURE_REPRESENTATION_ITEM('density measure',
POSITIVE_RATIO_MEASURE(7.85),#2363);
#2365=PROPERTY_DEFINITION_REPRESENTATION(#2370,#2367);
#2366=PROPERTY_DEFINITION_REPRESENTATION(#2371,#2368);
#2367=REPRESENTATION('material name',(#2369),#4056);
#2368=REPRESENTATION('density',(#2364),#4056);
#2369=DESCRIPTIVE_REPRESENTATION_ITEM('Steel, Mild','Steel, Mild');
#2370=PROPERTY_DEFINITION('material property','material name',#4070);
#2371=PROPERTY_DEFINITION('material property','density of part',#4070);
#2372=DATE_TIME_ROLE('creation_date');
#2373=APPLIED_DATE_AND_TIME_ASSIGNMENT(#2374,#2372,(#4070));
#2374=DATE_AND_TIME(#2375,#2376);
#2375=CALENDAR_DATE(2025,18,9);
#2376=LOCAL_TIME(0,0,0.,#2377);
#2377=COORDINATED_UNIVERSAL_TIME_OFFSET(0,0,.BEHIND.);
#2378=AXIS2_PLACEMENT_3D('',#3379,#2653,#2654);
#2379=AXIS2_PLACEMENT_3D('',#3380,#2655,#2656);
#2380=AXIS2_PLACEMENT_3D('',#3383,#2657,#2658);
#2381=AXIS2_PLACEMENT_3D('',#3387,#2660,#2661);
#2382=AXIS2_PLACEMENT_3D('',#3389,#2663,#2664);
#2383=AXIS2_PLACEMENT_3D('',#3399,#2669,#2670);
#2384=AXIS2_PLACEMENT_3D('',#3401,#2671,#2672);
#2385=AXIS2_PLACEMENT_3D('',#3405,#2674,#2675);
#2386=AXIS2_PLACEMENT_3D('',#3407,#2676,#2677);
#2387=AXIS2_PLACEMENT_3D('',#3409,#2678,#2679);
#2388=AXIS2_PLACEMENT_3D('',#3413,#2681,#2682);
#2389=AXIS2_PLACEMENT_3D('',#3415,#2683,#2684);
#2390=AXIS2_PLACEMENT_3D('',#3417,#2685,#2686);
#2391=AXIS2_PLACEMENT_3D('',#3421,#2688,#2689);
#2392=AXIS2_PLACEMENT_3D('',#3423,#2690,#2691);
#2393=AXIS2_PLACEMENT_3D('',#3425,#2692,#2693);
#2394=AXIS2_PLACEMENT_3D('',#3429,#2695,#2696);
#2395=AXIS2_PLACEMENT_3D('',#3431,#2697,#2698);
#2396=AXIS2_PLACEMENT_3D('',#3433,#2699,#2700);
#2397=AXIS2_PLACEMENT_3D('',#3437,#2702,#2703);
#2398=AXIS2_PLACEMENT_3D('',#3439,#2704,#2705);
#2399=AXIS2_PLACEMENT_3D('',#3441,#2706,#2707);
#2400=AXIS2_PLACEMENT_3D('',#3445,#2709,#2710);
#2401=AXIS2_PLACEMENT_3D('',#3447,#2711,#2712);
#2402=AXIS2_PLACEMENT_3D('',#3449,#2713,#2714);
#2403=AXIS2_PLACEMENT_3D('',#3453,#2716,#2717);
#2404=AXIS2_PLACEMENT_3D('',#3455,#2718,#2719);
#2405=AXIS2_PLACEMENT_3D('',#3457,#2720,#2721);
#2406=AXIS2_PLACEMENT_3D('',#3461,#2723,#2724);
#2407=AXIS2_PLACEMENT_3D('',#3463,#2725,#2726);
#2408=AXIS2_PLACEMENT_3D('',#3465,#2727,#2728);
#2409=AXIS2_PLACEMENT_3D('',#3469,#2730,#2731);
#2410=AXIS2_PLACEMENT_3D('',#3471,#2732,#2733);
#2411=AXIS2_PLACEMENT_3D('',#3473,#2734,#2735);
#2412=AXIS2_PLACEMENT_3D('',#3477,#2737,#2738);
#2413=AXIS2_PLACEMENT_3D('',#3479,#2739,#2740);
#2414=AXIS2_PLACEMENT_3D('',#3481,#2741,#2742);
#2415=AXIS2_PLACEMENT_3D('',#3485,#2744,#2745);
#2416=AXIS2_PLACEMENT_3D('',#3487,#2746,#2747);
#2417=AXIS2_PLACEMENT_3D('',#3489,#2748,#2749);
#2418=AXIS2_PLACEMENT_3D('',#3491,#2751,#2752);
#2419=AXIS2_PLACEMENT_3D('',#3493,#2753,#2754);
#2420=AXIS2_PLACEMENT_3D('',#3495,#2756,#2757);
#2421=AXIS2_PLACEMENT_3D('',#3497,#2758,#2759);
#2422=AXIS2_PLACEMENT_3D('',#3499,#2761,#2762);
#2423=AXIS2_PLACEMENT_3D('',#3503,#2764,#2765);
#2424=AXIS2_PLACEMENT_3D('',#3505,#2767,#2768);
#2425=AXIS2_PLACEMENT_3D('',#3507,#2769,#2770);
#2426=AXIS2_PLACEMENT_3D('',#3509,#2772,#2773);
#2427=AXIS2_PLACEMENT_3D('',#3511,#2774,#2775);
#2428=AXIS2_PLACEMENT_3D('',#3513,#2777,#2778);
#2429=AXIS2_PLACEMENT_3D('',#3517,#2780,#2781);
#2430=AXIS2_PLACEMENT_3D('',#3519,#2783,#2784);
#2431=AXIS2_PLACEMENT_3D('',#3521,#2785,#2786);
#2432=AXIS2_PLACEMENT_3D('',#3523,#2788,#2789);
#2433=AXIS2_PLACEMENT_3D('',#3525,#2790,#2791);
#2434=AXIS2_PLACEMENT_3D('',#3527,#2793,#2794);
#2435=AXIS2_PLACEMENT_3D('',#3531,#2796,#2797);
#2436=AXIS2_PLACEMENT_3D('',#3533,#2799,#2800);
#2437=AXIS2_PLACEMENT_3D('',#3535,#2801,#2802);
#2438=AXIS2_PLACEMENT_3D('',#3537,#2804,#2805);
#2439=AXIS2_PLACEMENT_3D('',#3539,#2806,#2807);
#2440=AXIS2_PLACEMENT_3D('',#3541,#2809,#2810);
#2441=AXIS2_PLACEMENT_3D('',#3545,#2812,#2813);
#2442=AXIS2_PLACEMENT_3D('',#3547,#2815,#2816);
#2443=AXIS2_PLACEMENT_3D('',#3549,#2817,#2818);
#2444=AXIS2_PLACEMENT_3D('',#3551,#2820,#2821);
#2445=AXIS2_PLACEMENT_3D('',#3553,#2822,#2823);
#2446=AXIS2_PLACEMENT_3D('',#3555,#2825,#2826);
#2447=AXIS2_PLACEMENT_3D('',#3559,#2828,#2829);
#2448=AXIS2_PLACEMENT_3D('',#3561,#2831,#2832);
#2449=AXIS2_PLACEMENT_3D('',#3563,#2833,#2834);
#2450=AXIS2_PLACEMENT_3D('',#3565,#2836,#2837);
#2451=AXIS2_PLACEMENT_3D('',#3567,#2838,#2839);
#2452=AXIS2_PLACEMENT_3D('',#3569,#2841,#2842);
#2453=AXIS2_PLACEMENT_3D('',#3572,#2843,#2844);
#2454=AXIS2_PLACEMENT_3D('',#3575,#2847,#2848);
#2455=AXIS2_PLACEMENT_3D('',#3578,#2850,#2851);
#2456=AXIS2_PLACEMENT_3D('',#3579,#2852,#2853);
#2457=AXIS2_PLACEMENT_3D('',#3582,#2855,#2856);
#2458=AXIS2_PLACEMENT_3D('',#3583,#2857,#2858);
#2459=AXIS2_PLACEMENT_3D('',#3585,#2860,#2861);
#2460=AXIS2_PLACEMENT_3D('',#3589,#2863,#2864);
#2461=AXIS2_PLACEMENT_3D('',#3591,#2866,#2867);
#2462=AXIS2_PLACEMENT_3D('',#3593,#2868,#2869);
#2463=AXIS2_PLACEMENT_3D('',#3595,#2871,#2872);
#2464=AXIS2_PLACEMENT_3D('',#3597,#2873,#2874);
#2465=AXIS2_PLACEMENT_3D('',#3599,#2876,#2877);
#2466=AXIS2_PLACEMENT_3D('',#3602,#2878,#2879);
#2467=AXIS2_PLACEMENT_3D('',#3605,#2882,#2883);
#2468=AXIS2_PLACEMENT_3D('',#3608,#2885,#2886);
#2469=AXIS2_PLACEMENT_3D('',#3609,#2887,#2888);
#2470=AXIS2_PLACEMENT_3D('',#3612,#2890,#2891);
#2471=AXIS2_PLACEMENT_3D('',#3613,#2892,#2893);
#2472=AXIS2_PLACEMENT_3D('',#3615,#2895,#2896);
#2473=AXIS2_PLACEMENT_3D('',#3619,#2898,#2899);
#2474=AXIS2_PLACEMENT_3D('',#3621,#2901,#2902);
#2475=AXIS2_PLACEMENT_3D('',#3623,#2903,#2904);
#2476=AXIS2_PLACEMENT_3D('',#3625,#2906,#2907);
#2477=AXIS2_PLACEMENT_3D('',#3627,#2908,#2909);
#2478=AXIS2_PLACEMENT_3D('',#3629,#2911,#2912);
#2479=AXIS2_PLACEMENT_3D('',#3632,#2913,#2914);
#2480=AXIS2_PLACEMENT_3D('',#3635,#2917,#2918);
#2481=AXIS2_PLACEMENT_3D('',#3638,#2920,#2921);
#2482=AXIS2_PLACEMENT_3D('',#3639,#2922,#2923);
#2483=AXIS2_PLACEMENT_3D('',#3642,#2925,#2926);
#2484=AXIS2_PLACEMENT_3D('',#3643,#2927,#2928);
#2485=AXIS2_PLACEMENT_3D('',#3647,#2931,#2932);
#2486=AXIS2_PLACEMENT_3D('',#3651,#2934,#2935);
#2487=AXIS2_PLACEMENT_3D('',#3653,#2937,#2938);
#2488=AXIS2_PLACEMENT_3D('',#3655,#2940,#2941);
#2489=AXIS2_PLACEMENT_3D('',#3657,#2942,#2943);
#2490=AXIS2_PLACEMENT_3D('',#3659,#2945,#2946);
#2491=AXIS2_PLACEMENT_3D('',#3660,#2947,#2948);
#2492=AXIS2_PLACEMENT_3D('',#3661,#2949,#2950);
#2493=AXIS2_PLACEMENT_3D('',#3663,#2952,#2953);
#2494=AXIS2_PLACEMENT_3D('',#3665,#2955,#2956);
#2495=AXIS2_PLACEMENT_3D('',#3680,#2967,#2968);
#2496=AXIS2_PLACEMENT_3D('',#3681,#2969,#2970);
#2497=AXIS2_PLACEMENT_3D('',#3682,#2971,#2972);
#2498=AXIS2_PLACEMENT_3D('',#3683,#2973,#2974);
#2499=AXIS2_PLACEMENT_3D('',#3684,#2975,#2976);
#2500=AXIS2_PLACEMENT_3D('',#3685,#2977,#2978);
#2501=AXIS2_PLACEMENT_3D('',#3686,#2979,#2980);
#2502=AXIS2_PLACEMENT_3D('',#3689,#2981,#2982);
#2503=AXIS2_PLACEMENT_3D('',#3693,#2984,#2985);
#2504=AXIS2_PLACEMENT_3D('',#3695,#2987,#2988);
#2505=AXIS2_PLACEMENT_3D('',#3705,#2993,#2994);
#2506=AXIS2_PLACEMENT_3D('',#3707,#2995,#2996);
#2507=AXIS2_PLACEMENT_3D('',#3711,#2998,#2999);
#2508=AXIS2_PLACEMENT_3D('',#3713,#3000,#3001);
#2509=AXIS2_PLACEMENT_3D('',#3715,#3002,#3003);
#2510=AXIS2_PLACEMENT_3D('',#3719,#3005,#3006);
#2511=AXIS2_PLACEMENT_3D('',#3721,#3007,#3008);
#2512=AXIS2_PLACEMENT_3D('',#3723,#3009,#3010);
#2513=AXIS2_PLACEMENT_3D('',#3727,#3012,#3013);
#2514=AXIS2_PLACEMENT_3D('',#3729,#3014,#3015);
#2515=AXIS2_PLACEMENT_3D('',#3731,#3016,#3017);
#2516=AXIS2_PLACEMENT_3D('',#3735,#3019,#3020);
#2517=AXIS2_PLACEMENT_3D('',#3737,#3021,#3022);
#2518=AXIS2_PLACEMENT_3D('',#3739,#3023,#3024);
#2519=AXIS2_PLACEMENT_3D('',#3743,#3026,#3027);
#2520=AXIS2_PLACEMENT_3D('',#3745,#3028,#3029);
#2521=AXIS2_PLACEMENT_3D('',#3747,#3030,#3031);
#2522=AXIS2_PLACEMENT_3D('',#3751,#3033,#3034);
#2523=AXIS2_PLACEMENT_3D('',#3753,#3035,#3036);
#2524=AXIS2_PLACEMENT_3D('',#3755,#3037,#3038);
#2525=AXIS2_PLACEMENT_3D('',#3759,#3040,#3041);
#2526=AXIS2_PLACEMENT_3D('',#3761,#3042,#3043);
#2527=AXIS2_PLACEMENT_3D('',#3763,#3044,#3045);
#2528=AXIS2_PLACEMENT_3D('',#3767,#3047,#3048);
#2529=AXIS2_PLACEMENT_3D('',#3769,#3049,#3050);
#2530=AXIS2_PLACEMENT_3D('',#3771,#3051,#3052);
#2531=AXIS2_PLACEMENT_3D('',#3775,#3054,#3055);
#2532=AXIS2_PLACEMENT_3D('',#3777,#3056,#3057);
#2533=AXIS2_PLACEMENT_3D('',#3779,#3058,#3059);
#2534=AXIS2_PLACEMENT_3D('',#3783,#3061,#3062);
#2535=AXIS2_PLACEMENT_3D('',#3785,#3063,#3064);
#2536=AXIS2_PLACEMENT_3D('',#3787,#3065,#3066);
#2537=AXIS2_PLACEMENT_3D('',#3791,#3068,#3069);
#2538=AXIS2_PLACEMENT_3D('',#3793,#3070,#3071);
#2539=AXIS2_PLACEMENT_3D('',#3795,#3072,#3073);
#2540=AXIS2_PLACEMENT_3D('',#3797,#3075,#3076);
#2541=AXIS2_PLACEMENT_3D('',#3799,#3077,#3078);
#2542=AXIS2_PLACEMENT_3D('',#3801,#3080,#3081);
#2543=AXIS2_PLACEMENT_3D('',#3803,#3082,#3083);
#2544=AXIS2_PLACEMENT_3D('',#3805,#3085,#3086);
#2545=AXIS2_PLACEMENT_3D('',#3809,#3088,#3089);
#2546=AXIS2_PLACEMENT_3D('',#3811,#3091,#3092);
#2547=AXIS2_PLACEMENT_3D('',#3813,#3093,#3094);
#2548=AXIS2_PLACEMENT_3D('',#3815,#3096,#3097);
#2549=AXIS2_PLACEMENT_3D('',#3817,#3098,#3099);
#2550=AXIS2_PLACEMENT_3D('',#3819,#3101,#3102);
#2551=AXIS2_PLACEMENT_3D('',#3823,#3104,#3105);
#2552=AXIS2_PLACEMENT_3D('',#3825,#3107,#3108);
#2553=AXIS2_PLACEMENT_3D('',#3827,#3109,#3110);
#2554=AXIS2_PLACEMENT_3D('',#3829,#3112,#3113);
#2555=AXIS2_PLACEMENT_3D('',#3831,#3114,#3115);
#2556=AXIS2_PLACEMENT_3D('',#3833,#3117,#3118);
#2557=AXIS2_PLACEMENT_3D('',#3837,#3120,#3121);
#2558=AXIS2_PLACEMENT_3D('',#3839,#3123,#3124);
#2559=AXIS2_PLACEMENT_3D('',#3841,#3125,#3126);
#2560=AXIS2_PLACEMENT_3D('',#3843,#3128,#3129);
#2561=AXIS2_PLACEMENT_3D('',#3845,#3130,#3131);
#2562=AXIS2_PLACEMENT_3D('',#3847,#3133,#3134);
#2563=AXIS2_PLACEMENT_3D('',#3851,#3136,#3137);
#2564=AXIS2_PLACEMENT_3D('',#3853,#3139,#3140);
#2565=AXIS2_PLACEMENT_3D('',#3855,#3141,#3142);
#2566=AXIS2_PLACEMENT_3D('',#3857,#3144,#3145);
#2567=AXIS2_PLACEMENT_3D('',#3859,#3146,#3147);
#2568=AXIS2_PLACEMENT_3D('',#3861,#3149,#3150);
#2569=AXIS2_PLACEMENT_3D('',#3865,#3152,#3153);
#2570=AXIS2_PLACEMENT_3D('',#3867,#3155,#3156);
#2571=AXIS2_PLACEMENT_3D('',#3869,#3157,#3158);
#2572=AXIS2_PLACEMENT_3D('',#3871,#3160,#3161);
#2573=AXIS2_PLACEMENT_3D('',#3873,#3162,#3163);
#2574=AXIS2_PLACEMENT_3D('',#3875,#3165,#3166);
#2575=AXIS2_PLACEMENT_3D('',#3878,#3167,#3168);
#2576=AXIS2_PLACEMENT_3D('',#3881,#3171,#3172);
#2577=AXIS2_PLACEMENT_3D('',#3884,#3174,#3175);
#2578=AXIS2_PLACEMENT_3D('',#3885,#3176,#3177);
#2579=AXIS2_PLACEMENT_3D('',#3888,#3179,#3180);
#2580=AXIS2_PLACEMENT_3D('',#3889,#3181,#3182);
#2581=AXIS2_PLACEMENT_3D('',#3891,#3184,#3185);
#2582=AXIS2_PLACEMENT_3D('',#3895,#3187,#3188);
#2583=AXIS2_PLACEMENT_3D('',#3897,#3190,#3191);
#2584=AXIS2_PLACEMENT_3D('',#3899,#3192,#3193);
#2585=AXIS2_PLACEMENT_3D('',#3901,#3195,#3196);
#2586=AXIS2_PLACEMENT_3D('',#3903,#3197,#3198);
#2587=AXIS2_PLACEMENT_3D('',#3905,#3200,#3201);
#2588=AXIS2_PLACEMENT_3D('',#3908,#3202,#3203);
#2589=AXIS2_PLACEMENT_3D('',#3911,#3206,#3207);
#2590=AXIS2_PLACEMENT_3D('',#3914,#3209,#3210);
#2591=AXIS2_PLACEMENT_3D('',#3915,#3211,#3212);
#2592=AXIS2_PLACEMENT_3D('',#3918,#3214,#3215);
#2593=AXIS2_PLACEMENT_3D('',#3919,#3216,#3217);
#2594=AXIS2_PLACEMENT_3D('',#3921,#3219,#3220);
#2595=AXIS2_PLACEMENT_3D('',#3925,#3222,#3223);
#2596=AXIS2_PLACEMENT_3D('',#3927,#3225,#3226);
#2597=AXIS2_PLACEMENT_3D('',#3929,#3227,#3228);
#2598=AXIS2_PLACEMENT_3D('',#3931,#3230,#3231);
#2599=AXIS2_PLACEMENT_3D('',#3933,#3232,#3233);
#2600=AXIS2_PLACEMENT_3D('',#3935,#3235,#3236);
#2601=AXIS2_PLACEMENT_3D('',#3938,#3237,#3238);
#2602=AXIS2_PLACEMENT_3D('',#3941,#3241,#3242);
#2603=AXIS2_PLACEMENT_3D('',#3944,#3244,#3245);
#2604=AXIS2_PLACEMENT_3D('',#3945,#3246,#3247);
#2605=AXIS2_PLACEMENT_3D('',#3948,#3249,#3250);
#2606=AXIS2_PLACEMENT_3D('',#3949,#3251,#3252);
#2607=AXIS2_PLACEMENT_3D('',#3953,#3255,#3256);
#2608=AXIS2_PLACEMENT_3D('',#3957,#3258,#3259);
#2609=AXIS2_PLACEMENT_3D('',#3959,#3261,#3262);
#2610=AXIS2_PLACEMENT_3D('',#3961,#3264,#3265);
#2611=AXIS2_PLACEMENT_3D('',#3963,#3266,#3267);
#2612=AXIS2_PLACEMENT_3D('',#3965,#3269,#3270);
#2613=AXIS2_PLACEMENT_3D('',#3966,#3271,#3272);
#2614=AXIS2_PLACEMENT_3D('',#3967,#3273,#3274);
#2615=AXIS2_PLACEMENT_3D('',#3969,#3276,#3277);
#2616=AXIS2_PLACEMENT_3D('',#3971,#3279,#3280);
#2617=AXIS2_PLACEMENT_3D('',#3986,#3291,#3292);
#2618=AXIS2_PLACEMENT_3D('',#3987,#3293,#3294);
#2619=AXIS2_PLACEMENT_3D('',#3988,#3295,#3296);
#2620=AXIS2_PLACEMENT_3D('',#3989,#3297,#3298);
#2621=AXIS2_PLACEMENT_3D('',#3990,#3299,#3300);
#2622=AXIS2_PLACEMENT_3D('',#3991,#3301,#3302);
#2623=AXIS2_PLACEMENT_3D('',#3992,#3303,#3304);
#2624=AXIS2_PLACEMENT_3D('',#3994,#3305,#3306);
#2625=AXIS2_PLACEMENT_3D('',#3996,#3307,#3308);
#2626=AXIS2_PLACEMENT_3D('',#3998,#3310,#3311);
#2627=AXIS2_PLACEMENT_3D('',#4004,#3315,#3316);
#2628=AXIS2_PLACEMENT_3D('',#4006,#3317,#3318);
#2629=AXIS2_PLACEMENT_3D('',#4008,#3319,#3320);
#2630=AXIS2_PLACEMENT_3D('',#4010,#3322,#3323);
#2631=AXIS2_PLACEMENT_3D('',#4016,#3327,#3328);
#2632=AXIS2_PLACEMENT_3D('',#4017,#3329,#3330);
#2633=AXIS2_PLACEMENT_3D('',#4018,#3331,#3332);
#2634=AXIS2_PLACEMENT_3D('',#4019,#3333,#3334);
#2635=AXIS2_PLACEMENT_3D('',#4020,#3335,#3336);
#2636=AXIS2_PLACEMENT_3D('',#4021,#3337,#3338);
#2637=AXIS2_PLACEMENT_3D('',#4022,#3339,#3340);
#2638=AXIS2_PLACEMENT_3D('',#4024,#3341,#3342);
#2639=AXIS2_PLACEMENT_3D('',#4026,#3343,#3344);
#2640=AXIS2_PLACEMENT_3D('',#4028,#3346,#3347);
#2641=AXIS2_PLACEMENT_3D('',#4034,#3351,#3352);
#2642=AXIS2_PLACEMENT_3D('',#4036,#3353,#3354);
#2643=AXIS2_PLACEMENT_3D('',#4038,#3355,#3356);
#2644=AXIS2_PLACEMENT_3D('',#4040,#3358,#3359);
#2645=AXIS2_PLACEMENT_3D('',#4046,#3363,#3364);
#2646=AXIS2_PLACEMENT_3D('',#4047,#3365,#3366);
#2647=AXIS2_PLACEMENT_3D('',#4048,#3367,#3368);
#2648=AXIS2_PLACEMENT_3D('',#4049,#3369,#3370);
#2649=AXIS2_PLACEMENT_3D('',#4050,#3371,#3372);
#2650=AXIS2_PLACEMENT_3D('',#4051,#3373,#3374);
#2651=AXIS2_PLACEMENT_3D('',#4052,#3375,#3376);
#2652=AXIS2_PLACEMENT_3D('',#4053,#3377,#3378);
#2653=DIRECTION('axis',(0.,0.,1.));
#2654=DIRECTION('refdir',(1.,0.,0.));
#2655=DIRECTION('center_axis',(-1.,0.,0.));
#2656=DIRECTION('ref_axis',(0.,-0.577350363899358,-0.816496513957824));
#2657=DIRECTION('center_axis',(1.,0.,0.));
#2658=DIRECTION('ref_axis',(0.,-0.577350363899358,-0.816496513957824));
#2659=DIRECTION('',(1.,0.,0.));
#2660=DIRECTION('center_axis',(-1.,0.,0.));
#2661=DIRECTION('ref_axis',(0.,-0.577350363899358,-0.816496513957824));
#2662=DIRECTION('',(-1.,0.,0.));
#2663=DIRECTION('center_axis',(-1.,0.,0.));
#2664=DIRECTION('ref_axis',(0.,-1.,0.));
#2665=DIRECTION('',(0.,-1.,0.));
#2666=DIRECTION('',(0.,0.,1.));
#2667=DIRECTION('',(0.,-1.,0.));
#2668=DIRECTION('',(0.,0.,1.));
#2669=DIRECTION('center_axis',(1.,0.,0.));
#2670=DIRECTION('ref_axis',(0.,0.,-1.));
#2671=DIRECTION('center_axis',(1.,0.,0.));
#2672=DIRECTION('ref_axis',(0.,0.816496513957788,0.577350363899408));
#2673=DIRECTION('',(0.,0.,-1.));
#2674=DIRECTION('center_axis',(1.,0.,0.));
#2675=DIRECTION('ref_axis',(0.,0.81649651395795,-0.57735036389918));
#2676=DIRECTION('center_axis',(1.,0.,0.));
#2677=DIRECTION('ref_axis',(0.,0.,-1.));
#2678=DIRECTION('center_axis',(1.,0.,0.));
#2679=DIRECTION('ref_axis',(0.,-0.577350363899197,0.816496513957938));
#2680=DIRECTION('',(0.,1.,0.));
#2681=DIRECTION('center_axis',(1.,0.,0.));
#2682=DIRECTION('ref_axis',(0.,0.577350363899225,0.816496513957918));
#2683=DIRECTION('center_axis',(1.,0.,0.));
#2684=DIRECTION('ref_axis',(0.,0.,-1.));
#2685=DIRECTION('center_axis',(1.,0.,0.));
#2686=DIRECTION('ref_axis',(0.,-0.81649651395795,-0.57735036389918));
#2687=DIRECTION('',(0.,0.,1.));
#2688=DIRECTION('center_axis',(1.,0.,0.));
#2689=DIRECTION('ref_axis',(0.,-0.816496513957788,0.577350363899408));
#2690=DIRECTION('center_axis',(1.,0.,0.));
#2691=DIRECTION('ref_axis',(0.,0.,-1.));
#2692=DIRECTION('center_axis',(1.,0.,0.));
#2693=DIRECTION('ref_axis',(0.,0.577350363899387,-0.816496513957804));
#2694=DIRECTION('',(0.,-1.,0.));
#2695=DIRECTION('center_axis',(1.,0.,0.));
#2696=DIRECTION('ref_axis',(0.,0.816496513957905,-0.577350363899243));
#2697=DIRECTION('center_axis',(1.,0.,0.));
#2698=DIRECTION('ref_axis',(0.,0.,-1.));
#2699=DIRECTION('center_axis',(1.,0.,0.));
#2700=DIRECTION('ref_axis',(0.,-0.577350363899257,0.816496513957895));
#2701=DIRECTION('',(0.,1.,0.));
#2702=DIRECTION('center_axis',(1.,0.,0.));
#2703=DIRECTION('ref_axis',(0.,0.577350363899257,0.816496513957895));
#2704=DIRECTION('center_axis',(1.,0.,0.));
#2705=DIRECTION('ref_axis',(0.,0.,-1.));
#2706=DIRECTION('center_axis',(1.,0.,0.));
#2707=DIRECTION('ref_axis',(0.,-0.81649651395792,-0.577350363899223));
#2708=DIRECTION('',(0.,0.,1.));
#2709=DIRECTION('center_axis',(1.,0.,0.));
#2710=DIRECTION('ref_axis',(0.,-0.81649651395791,0.577350363899237));
#2711=DIRECTION('center_axis',(1.,0.,0.));
#2712=DIRECTION('ref_axis',(0.,0.,-1.));
#2713=DIRECTION('center_axis',(1.,0.,0.));
#2714=DIRECTION('ref_axis',(0.,0.577350363899237,-0.81649651395791));
#2715=DIRECTION('',(0.,-1.,0.));
#2716=DIRECTION('center_axis',(1.,0.,0.));
#2717=DIRECTION('ref_axis',(0.,-0.577350363899237,-0.81649651395791));
#2718=DIRECTION('center_axis',(1.,0.,0.));
#2719=DIRECTION('ref_axis',(0.,0.,-1.));
#2720=DIRECTION('center_axis',(1.,0.,0.));
#2721=DIRECTION('ref_axis',(0.,0.816496513957895,0.577350363899257));
#2722=DIRECTION('',(0.,0.,-1.));
#2723=DIRECTION('center_axis',(1.,0.,0.));
#2724=DIRECTION('ref_axis',(0.,0.816496513957855,-0.577350363899314));
#2725=DIRECTION('center_axis',(1.,0.,0.));
#2726=DIRECTION('ref_axis',(0.,0.,-1.));
#2727=DIRECTION('center_axis',(1.,0.,0.));
#2728=DIRECTION('ref_axis',(0.,-0.577350363899249,0.816496513957901));
#2729=DIRECTION('',(0.,1.,0.));
#2730=DIRECTION('center_axis',(1.,0.,0.));
#2731=DIRECTION('ref_axis',(0.,0.577350363899277,0.816496513957881));
#2732=DIRECTION('center_axis',(1.,0.,0.));
#2733=DIRECTION('ref_axis',(0.,0.,-1.));
#2734=DIRECTION('center_axis',(1.,0.,0.));
#2735=DIRECTION('ref_axis',(0.,-0.816496513957869,-0.577350363899294));
#2736=DIRECTION('',(0.,0.,1.));
#2737=DIRECTION('center_axis',(1.,0.,0.));
#2738=DIRECTION('ref_axis',(0.,-0.816496513957869,0.577350363899294));
#2739=DIRECTION('center_axis',(1.,0.,0.));
#2740=DIRECTION('ref_axis',(0.,0.,-1.));
#2741=DIRECTION('center_axis',(1.,0.,0.));
#2742=DIRECTION('ref_axis',(0.,0.577350363899277,-0.816496513957881));
#2743=DIRECTION('',(0.,-1.,0.));
#2744=DIRECTION('center_axis',(1.,0.,0.));
#2745=DIRECTION('ref_axis',(0.,-0.577350363899249,-0.816496513957901));
#2746=DIRECTION('center_axis',(1.,0.,0.));
#2747=DIRECTION('ref_axis',(0.,0.,-1.));
#2748=DIRECTION('center_axis',(1.,0.,0.));
#2749=DIRECTION('ref_axis',(0.,0.816496513957855,0.577350363899314));
#2750=DIRECTION('',(0.,0.,-1.));
#2751=DIRECTION('center_axis',(1.,0.,0.));
#2752=DIRECTION('ref_axis',(0.,-0.707106781186529,0.707106781186566));
#2753=DIRECTION('center_axis',(-1.,0.,0.));
#2754=DIRECTION('ref_axis',(0.,0.,-1.));
#2755=DIRECTION('',(1.,0.,0.));
#2756=DIRECTION('center_axis',(1.,0.,0.));
#2757=DIRECTION('ref_axis',(0.,0.816496513957788,0.577350363899408));
#2758=DIRECTION('center_axis',(-1.,0.,0.));
#2759=DIRECTION('ref_axis',(0.,0.816496513957788,0.577350363899408));
#2760=DIRECTION('',(-1.,0.,0.));
#2761=DIRECTION('center_axis',(-1.,0.,0.));
#2762=DIRECTION('ref_axis',(0.,0.816496513957905,-0.577350363899243));
#2763=DIRECTION('',(1.,0.,0.));
#2764=DIRECTION('center_axis',(-1.,0.,0.));
#2765=DIRECTION('ref_axis',(0.,0.816496513957905,-0.577350363899243));
#2766=DIRECTION('',(-1.,0.,0.));
#2767=DIRECTION('center_axis',(1.,0.,0.));
#2768=DIRECTION('ref_axis',(0.,0.,-1.));
#2769=DIRECTION('center_axis',(-1.,0.,0.));
#2770=DIRECTION('ref_axis',(0.,0.,-1.));
#2771=DIRECTION('',(1.,0.,0.));
#2772=DIRECTION('center_axis',(1.,0.,0.));
#2773=DIRECTION('ref_axis',(0.,-0.577350363899257,0.816496513957895));
#2774=DIRECTION('center_axis',(-1.,0.,0.));
#2775=DIRECTION('ref_axis',(0.,-0.577350363899257,0.816496513957895));
#2776=DIRECTION('',(-1.,0.,0.));
#2777=DIRECTION('center_axis',(-1.,0.,0.));
#2778=DIRECTION('ref_axis',(0.,-0.577350363899237,-0.81649651395791));
#2779=DIRECTION('',(1.,0.,0.));
#2780=DIRECTION('center_axis',(-1.,0.,0.));
#2781=DIRECTION('ref_axis',(0.,-0.577350363899237,-0.81649651395791));
#2782=DIRECTION('',(-1.,0.,0.));
#2783=DIRECTION('center_axis',(1.,0.,0.));
#2784=DIRECTION('ref_axis',(0.,-0.707106781186548,0.707106781186548));
#2785=DIRECTION('center_axis',(-1.,0.,0.));
#2786=DIRECTION('ref_axis',(0.,0.,-1.));
#2787=DIRECTION('',(1.,0.,0.));
#2788=DIRECTION('center_axis',(1.,0.,0.));
#2789=DIRECTION('ref_axis',(0.,0.816496513957895,0.577350363899257));
#2790=DIRECTION('center_axis',(-1.,0.,0.));
#2791=DIRECTION('ref_axis',(0.,0.816496513957895,0.577350363899257));
#2792=DIRECTION('',(-1.,0.,0.));
#2793=DIRECTION('center_axis',(-1.,0.,0.));
#2794=DIRECTION('ref_axis',(0.,0.816496513957855,-0.577350363899314));
#2795=DIRECTION('',(1.,0.,0.));
#2796=DIRECTION('center_axis',(-1.,0.,0.));
#2797=DIRECTION('ref_axis',(0.,0.816496513957855,-0.577350363899314));
#2798=DIRECTION('',(-1.,0.,0.));
#2799=DIRECTION('center_axis',(1.,0.,0.));
#2800=DIRECTION('ref_axis',(0.,0.,-1.));
#2801=DIRECTION('center_axis',(-1.,0.,0.));
#2802=DIRECTION('ref_axis',(0.,0.,-1.));
#2803=DIRECTION('',(1.,0.,0.));
#2804=DIRECTION('center_axis',(1.,0.,0.));
#2805=DIRECTION('ref_axis',(0.,-0.577350363899249,0.816496513957901));
#2806=DIRECTION('center_axis',(-1.,0.,0.));
#2807=DIRECTION('ref_axis',(0.,-0.577350363899249,0.816496513957901));
#2808=DIRECTION('',(-1.,0.,0.));
#2809=DIRECTION('center_axis',(-1.,0.,0.));
#2810=DIRECTION('ref_axis',(0.,-0.577350363899249,-0.816496513957901));
#2811=DIRECTION('',(1.,0.,0.));
#2812=DIRECTION('center_axis',(-1.,0.,0.));
#2813=DIRECTION('ref_axis',(0.,-0.577350363899249,-0.816496513957901));
#2814=DIRECTION('',(-1.,0.,0.));
#2815=DIRECTION('center_axis',(1.,0.,0.));
#2816=DIRECTION('ref_axis',(0.,-0.707106781186549,0.707106781186546));
#2817=DIRECTION('center_axis',(-1.,0.,0.));
#2818=DIRECTION('ref_axis',(0.,0.,-1.));
#2819=DIRECTION('',(1.,0.,0.));
#2820=DIRECTION('center_axis',(1.,0.,0.));
#2821=DIRECTION('ref_axis',(0.,0.816496513957855,0.577350363899314));
#2822=DIRECTION('center_axis',(-1.,0.,0.));
#2823=DIRECTION('ref_axis',(0.,0.816496513957855,0.577350363899314));
#2824=DIRECTION('',(-1.,0.,0.));
#2825=DIRECTION('center_axis',(-1.,0.,0.));
#2826=DIRECTION('ref_axis',(0.,-0.816496513957869,0.577350363899294));
#2827=DIRECTION('',(1.,0.,0.));
#2828=DIRECTION('center_axis',(-1.,0.,0.));
#2829=DIRECTION('ref_axis',(0.,-0.816496513957869,0.577350363899294));
#2830=DIRECTION('',(-1.,0.,0.));
#2831=DIRECTION('center_axis',(1.,0.,0.));
#2832=DIRECTION('ref_axis',(0.,0.707106781186549,0.707106781186546));
#2833=DIRECTION('center_axis',(-1.,0.,0.));
#2834=DIRECTION('ref_axis',(0.,0.,-1.));
#2835=DIRECTION('',(1.,0.,0.));
#2836=DIRECTION('center_axis',(1.,0.,0.));
#2837=DIRECTION('ref_axis',(0.,0.577350363899277,-0.816496513957881));
#2838=DIRECTION('center_axis',(-1.,0.,0.));
#2839=DIRECTION('ref_axis',(0.,0.577350363899277,-0.816496513957881));
#2840=DIRECTION('',(-1.,0.,0.));
#2841=DIRECTION('center_axis',(1.,0.,0.));
#2842=DIRECTION('ref_axis',(0.,-0.816496513957869,-0.577350363899294));
#2843=DIRECTION('center_axis',(-1.,0.,0.));
#2844=DIRECTION('ref_axis',(0.,-0.816496513957869,-0.577350363899294));
#2845=DIRECTION('',(-1.,0.,0.));
#2846=DIRECTION('',(1.,0.,0.));
#2847=DIRECTION('center_axis',(1.,0.,0.));
#2848=DIRECTION('ref_axis',(0.,0.,-1.));
#2849=DIRECTION('',(-1.,0.,0.));
#2850=DIRECTION('center_axis',(-1.,0.,0.));
#2851=DIRECTION('ref_axis',(0.,0.,-1.));
#2852=DIRECTION('center_axis',(-1.,0.,0.));
#2853=DIRECTION('ref_axis',(0.,0.577350363899277,0.816496513957881));
#2854=DIRECTION('',(1.,0.,0.));
#2855=DIRECTION('center_axis',(-1.,0.,0.));
#2856=DIRECTION('ref_axis',(0.,0.577350363899277,0.816496513957881));
#2857=DIRECTION('center_axis',(0.,0.,-1.));
#2858=DIRECTION('ref_axis',(0.,1.,0.));
#2859=DIRECTION('',(0.,-1.,0.));
#2860=DIRECTION('center_axis',(-1.,0.,0.));
#2861=DIRECTION('ref_axis',(0.,-0.81649651395791,0.577350363899237));
#2862=DIRECTION('',(1.,0.,0.));
#2863=DIRECTION('center_axis',(-1.,0.,0.));
#2864=DIRECTION('ref_axis',(0.,-0.81649651395791,0.577350363899237));
#2865=DIRECTION('',(-1.,0.,0.));
#2866=DIRECTION('center_axis',(1.,0.,0.));
#2867=DIRECTION('ref_axis',(0.,0.707106781186548,0.707106781186548));
#2868=DIRECTION('center_axis',(-1.,0.,0.));
#2869=DIRECTION('ref_axis',(0.,0.,-1.));
#2870=DIRECTION('',(1.,0.,0.));
#2871=DIRECTION('center_axis',(1.,0.,0.));
#2872=DIRECTION('ref_axis',(0.,0.577350363899237,-0.81649651395791));
#2873=DIRECTION('center_axis',(-1.,0.,0.));
#2874=DIRECTION('ref_axis',(0.,0.577350363899237,-0.81649651395791));
#2875=DIRECTION('',(-1.,0.,0.));
#2876=DIRECTION('center_axis',(1.,0.,0.));
#2877=DIRECTION('ref_axis',(0.,-0.81649651395792,-0.577350363899223));
#2878=DIRECTION('center_axis',(-1.,0.,0.));
#2879=DIRECTION('ref_axis',(0.,-0.81649651395792,-0.577350363899223));
#2880=DIRECTION('',(-1.,0.,0.));
#2881=DIRECTION('',(1.,0.,0.));
#2882=DIRECTION('center_axis',(1.,0.,0.));
#2883=DIRECTION('ref_axis',(0.,0.,-1.));
#2884=DIRECTION('',(-1.,0.,0.));
#2885=DIRECTION('center_axis',(-1.,0.,0.));
#2886=DIRECTION('ref_axis',(0.,0.,-1.));
#2887=DIRECTION('center_axis',(-1.,0.,0.));
#2888=DIRECTION('ref_axis',(0.,0.577350363899257,0.816496513957895));
#2889=DIRECTION('',(1.,0.,0.));
#2890=DIRECTION('center_axis',(-1.,0.,0.));
#2891=DIRECTION('ref_axis',(0.,0.577350363899257,0.816496513957895));
#2892=DIRECTION('center_axis',(0.,0.,-1.));
#2893=DIRECTION('ref_axis',(0.,1.,0.));
#2894=DIRECTION('',(0.,-1.,0.));
#2895=DIRECTION('center_axis',(-1.,0.,0.));
#2896=DIRECTION('ref_axis',(0.,-0.816496513957788,0.577350363899408));
#2897=DIRECTION('',(1.,0.,0.));
#2898=DIRECTION('center_axis',(-1.,0.,0.));
#2899=DIRECTION('ref_axis',(0.,-0.816496513957788,0.577350363899408));
#2900=DIRECTION('',(-1.,0.,0.));
#2901=DIRECTION('center_axis',(1.,0.,0.));
#2902=DIRECTION('ref_axis',(0.,0.70710678118653,0.707106781186565));
#2903=DIRECTION('center_axis',(-1.,0.,0.));
#2904=DIRECTION('ref_axis',(0.,0.,-1.));
#2905=DIRECTION('',(1.,0.,0.));
#2906=DIRECTION('center_axis',(1.,0.,0.));
#2907=DIRECTION('ref_axis',(0.,0.577350363899387,-0.816496513957804));
#2908=DIRECTION('center_axis',(-1.,0.,0.));
#2909=DIRECTION('ref_axis',(0.,0.577350363899387,-0.816496513957804));
#2910=DIRECTION('',(-1.,0.,0.));
#2911=DIRECTION('center_axis',(1.,0.,0.));
#2912=DIRECTION('ref_axis',(0.,-0.81649651395795,-0.57735036389918));
#2913=DIRECTION('center_axis',(-1.,0.,0.));
#2914=DIRECTION('ref_axis',(0.,-0.81649651395795,-0.57735036389918));
#2915=DIRECTION('',(-1.,0.,0.));
#2916=DIRECTION('',(1.,0.,0.));
#2917=DIRECTION('center_axis',(1.,0.,0.));
#2918=DIRECTION('ref_axis',(0.,0.,-1.));
#2919=DIRECTION('',(-1.,0.,0.));
#2920=DIRECTION('center_axis',(-1.,0.,0.));
#2921=DIRECTION('ref_axis',(0.,0.,-1.));
#2922=DIRECTION('center_axis',(-1.,0.,0.));
#2923=DIRECTION('ref_axis',(0.,0.577350363899225,0.816496513957918));
#2924=DIRECTION('',(1.,0.,0.));
#2925=DIRECTION('center_axis',(-1.,0.,0.));
#2926=DIRECTION('ref_axis',(0.,0.577350363899225,0.816496513957918));
#2927=DIRECTION('center_axis',(0.,0.,-1.));
#2928=DIRECTION('ref_axis',(0.,1.,0.));
#2929=DIRECTION('',(-1.,0.,0.));
#2930=DIRECTION('',(0.,-1.,0.));
#2931=DIRECTION('center_axis',(-1.,0.,0.));
#2932=DIRECTION('ref_axis',(0.,0.81649651395795,-0.57735036389918));
#2933=DIRECTION('',(1.,0.,0.));
#2934=DIRECTION('center_axis',(-1.,0.,0.));
#2935=DIRECTION('ref_axis',(0.,0.81649651395795,-0.57735036389918));
#2936=DIRECTION('',(-1.,0.,0.));
#2937=DIRECTION('center_axis',(0.,-1.,0.));
#2938=DIRECTION('ref_axis',(0.,0.,-1.));
#2939=DIRECTION('',(0.,0.,1.));
#2940=DIRECTION('center_axis',(1.,0.,0.));
#2941=DIRECTION('ref_axis',(0.,-0.577350363899197,0.816496513957938));
#2942=DIRECTION('center_axis',(-1.,0.,0.));
#2943=DIRECTION('ref_axis',(0.,-0.577350363899197,0.816496513957938));
#2944=DIRECTION('',(1.,0.,0.));
#2945=DIRECTION('center_axis',(1.,0.,0.));
#2946=DIRECTION('ref_axis',(0.,0.,-1.));
#2947=DIRECTION('center_axis',(-1.,0.,0.));
#2948=DIRECTION('ref_axis',(0.,0.,-1.));
#2949=DIRECTION('center_axis',(0.,0.,1.));
#2950=DIRECTION('ref_axis',(0.,-1.,0.));
#2951=DIRECTION('',(0.,1.,0.));
#2952=DIRECTION('center_axis',(0.,0.,1.));
#2953=DIRECTION('ref_axis',(0.,-1.,0.));
#2954=DIRECTION('',(0.,1.,0.));
#2955=DIRECTION('center_axis',(1.,0.,0.));
#2956=DIRECTION('ref_axis',(0.,1.,0.));
#2957=DIRECTION('',(0.,1.,0.));
#2958=DIRECTION('',(0.,0.,1.));
#2959=DIRECTION('',(0.,1.,0.));
#2960=DIRECTION('',(0.,0.,1.));
#2961=DIRECTION('',(0.,1.,0.));
#2962=DIRECTION('',(0.,0.,-1.));
#2963=DIRECTION('',(0.,0.,1.));
#2964=DIRECTION('',(0.,0.,-1.));
#2965=DIRECTION('',(0.,0.,1.));
#2966=DIRECTION('',(0.,0.,-1.));
#2967=DIRECTION('center_axis',(0.,0.,1.));
#2968=DIRECTION('ref_axis',(0.,-1.,0.));
#2969=DIRECTION('center_axis',(0.,1.,0.));
#2970=DIRECTION('ref_axis',(0.,0.,1.));
#2971=DIRECTION('center_axis',(0.,-1.,0.));
#2972=DIRECTION('ref_axis',(0.,0.,-1.));
#2973=DIRECTION('center_axis',(0.,1.,0.));
#2974=DIRECTION('ref_axis',(0.,0.,1.));
#2975=DIRECTION('center_axis',(0.,-1.,0.));
#2976=DIRECTION('ref_axis',(0.,0.,-1.));
#2977=DIRECTION('center_axis',(0.,1.,0.));
#2978=DIRECTION('ref_axis',(0.,0.,1.));
#2979=DIRECTION('center_axis',(0.,1.,0.));
#2980=DIRECTION('ref_axis',(0.577350363899358,0.,0.816496513957824));
#2981=DIRECTION('center_axis',(0.,-1.,0.));
#2982=DIRECTION('ref_axis',(0.577350363899358,0.,0.816496513957824));
#2983=DIRECTION('',(0.,-1.,0.));
#2984=DIRECTION('center_axis',(0.,1.,0.));
#2985=DIRECTION('ref_axis',(0.577350363899358,0.,0.816496513957824));
#2986=DIRECTION('',(0.,1.,0.));
#2987=DIRECTION('center_axis',(0.,1.,0.));
#2988=DIRECTION('ref_axis',(-1.,0.,0.));
#2989=DIRECTION('',(-1.,0.,0.));
#2990=DIRECTION('',(0.,0.,1.));
#2991=DIRECTION('',(-1.,0.,0.));
#2992=DIRECTION('',(0.,0.,1.));
#2993=DIRECTION('center_axis',(0.,-1.,0.));
#2994=DIRECTION('ref_axis',(-1.,0.,0.));
#2995=DIRECTION('center_axis',(0.,-1.,0.));
#2996=DIRECTION('ref_axis',(-0.816496513957788,0.,-0.577350363899408));
#2997=DIRECTION('',(0.,0.,1.));
#2998=DIRECTION('center_axis',(0.,-1.,0.));
#2999=DIRECTION('ref_axis',(-0.816496513957788,0.,0.577350363899408));
#3000=DIRECTION('center_axis',(0.,-1.,0.));
#3001=DIRECTION('ref_axis',(-1.,0.,0.));
#3002=DIRECTION('center_axis',(0.,-1.,0.));
#3003=DIRECTION('ref_axis',(0.577350363899358,0.,-0.816496513957824));
#3004=DIRECTION('',(-1.,0.,0.));
#3005=DIRECTION('center_axis',(0.,-1.,0.));
#3006=DIRECTION('ref_axis',(-0.577350363899358,0.,-0.816496513957824));
#3007=DIRECTION('center_axis',(0.,-1.,0.));
#3008=DIRECTION('ref_axis',(-1.,0.,0.));
#3009=DIRECTION('center_axis',(0.,-1.,0.));
#3010=DIRECTION('ref_axis',(0.816496513957788,0.,0.577350363899408));
#3011=DIRECTION('',(0.,0.,-1.));
#3012=DIRECTION('center_axis',(0.,-1.,0.));
#3013=DIRECTION('ref_axis',(0.816496513957788,0.,-0.577350363899408));
#3014=DIRECTION('center_axis',(0.,-1.,0.));
#3015=DIRECTION('ref_axis',(-1.,0.,0.));
#3016=DIRECTION('center_axis',(0.,-1.,0.));
#3017=DIRECTION('ref_axis',(-0.577350363899358,0.,0.816496513957824));
#3018=DIRECTION('',(1.,0.,0.));
#3019=DIRECTION('center_axis',(0.,-1.,0.));
#3020=DIRECTION('ref_axis',(-0.816496513957895,0.,0.577350363899257));
#3021=DIRECTION('center_axis',(0.,-1.,0.));
#3022=DIRECTION('ref_axis',(-1.,0.,0.));
#3023=DIRECTION('center_axis',(0.,-1.,0.));
#3024=DIRECTION('ref_axis',(0.577350363899237,0.,-0.81649651395791));
#3025=DIRECTION('',(-1.,0.,0.));
#3026=DIRECTION('center_axis',(0.,-1.,0.));
#3027=DIRECTION('ref_axis',(-0.577350363899237,0.,-0.81649651395791));
#3028=DIRECTION('center_axis',(0.,-1.,0.));
#3029=DIRECTION('ref_axis',(-1.,0.,0.));
#3030=DIRECTION('center_axis',(0.,-1.,0.));
#3031=DIRECTION('ref_axis',(0.816496513957895,0.,0.577350363899257));
#3032=DIRECTION('',(0.,0.,-1.));
#3033=DIRECTION('center_axis',(0.,-1.,0.));
#3034=DIRECTION('ref_axis',(0.816496513957905,0.,-0.577350363899243));
#3035=DIRECTION('center_axis',(0.,-1.,0.));
#3036=DIRECTION('ref_axis',(-1.,0.,0.));
#3037=DIRECTION('center_axis',(0.,-1.,0.));
#3038=DIRECTION('ref_axis',(-0.577350363899257,0.,0.816496513957895));
#3039=DIRECTION('',(1.,0.,0.));
#3040=DIRECTION('center_axis',(0.,-1.,0.));
#3041=DIRECTION('ref_axis',(0.577350363899257,0.,0.816496513957895));
#3042=DIRECTION('center_axis',(0.,-1.,0.));
#3043=DIRECTION('ref_axis',(-1.,0.,0.));
#3044=DIRECTION('center_axis',(0.,-1.,0.));
#3045=DIRECTION('ref_axis',(-0.816496513957905,0.,-0.577350363899243));
#3046=DIRECTION('',(0.,0.,1.));
#3047=DIRECTION('center_axis',(0.,-1.,0.));
#3048=DIRECTION('ref_axis',(-0.81649651395795,0.,0.57735036389918));
#3049=DIRECTION('center_axis',(0.,-1.,0.));
#3050=DIRECTION('ref_axis',(-1.,0.,0.));
#3051=DIRECTION('center_axis',(0.,-1.,0.));
#3052=DIRECTION('ref_axis',(0.577350363899249,0.,-0.816496513957901));
#3053=DIRECTION('',(-1.,0.,0.));
#3054=DIRECTION('center_axis',(0.,-1.,0.));
#3055=DIRECTION('ref_axis',(-0.577350363899249,0.,-0.816496513957901));
#3056=DIRECTION('center_axis',(0.,-1.,0.));
#3057=DIRECTION('ref_axis',(-1.,0.,0.));
#3058=DIRECTION('center_axis',(0.,-1.,0.));
#3059=DIRECTION('ref_axis',(0.81649651395795,0.,0.57735036389918));
#3060=DIRECTION('',(0.,0.,-1.));
#3061=DIRECTION('center_axis',(0.,-1.,0.));
#3062=DIRECTION('ref_axis',(0.81649651395795,0.,-0.57735036389918));
#3063=DIRECTION('center_axis',(0.,-1.,0.));
#3064=DIRECTION('ref_axis',(-1.,0.,0.));
#3065=DIRECTION('center_axis',(0.,-1.,0.));
#3066=DIRECTION('ref_axis',(-0.577350363899249,0.,0.816496513957901));
#3067=DIRECTION('',(1.,0.,0.));
#3068=DIRECTION('center_axis',(0.,-1.,0.));
#3069=DIRECTION('ref_axis',(0.577350363899249,0.,0.816496513957901));
#3070=DIRECTION('center_axis',(0.,-1.,0.));
#3071=DIRECTION('ref_axis',(-1.,0.,0.));
#3072=DIRECTION('center_axis',(0.,-1.,0.));
#3073=DIRECTION('ref_axis',(-0.81649651395795,0.,-0.57735036389918));
#3074=DIRECTION('',(0.,0.,1.));
#3075=DIRECTION('center_axis',(0.,-1.,0.));
#3076=DIRECTION('ref_axis',(0.70710678118653,0.,-0.707106781186565));
#3077=DIRECTION('center_axis',(0.,1.,0.));
#3078=DIRECTION('ref_axis',(-1.,0.,0.));
#3079=DIRECTION('',(0.,-1.,0.));
#3080=DIRECTION('center_axis',(0.,-1.,0.));
#3081=DIRECTION('ref_axis',(-0.816496513957788,0.,-0.577350363899408));
#3082=DIRECTION('center_axis',(0.,1.,0.));
#3083=DIRECTION('ref_axis',(-0.816496513957788,0.,-0.577350363899408));
#3084=DIRECTION('',(0.,1.,0.));
#3085=DIRECTION('center_axis',(0.,1.,0.));
#3086=DIRECTION('ref_axis',(-0.816496513957895,0.,0.577350363899257));
#3087=DIRECTION('',(0.,-1.,0.));
#3088=DIRECTION('center_axis',(0.,1.,0.));
#3089=DIRECTION('ref_axis',(-0.816496513957895,0.,0.577350363899257));
#3090=DIRECTION('',(0.,1.,0.));
#3091=DIRECTION('center_axis',(0.,-1.,0.));
#3092=DIRECTION('ref_axis',(0.707106781186548,0.,0.707106781186547));
#3093=DIRECTION('center_axis',(0.,1.,0.));
#3094=DIRECTION('ref_axis',(-1.,0.,0.));
#3095=DIRECTION('',(0.,-1.,0.));
#3096=DIRECTION('center_axis',(0.,-1.,0.));
#3097=DIRECTION('ref_axis',(0.577350363899237,0.,-0.81649651395791));
#3098=DIRECTION('center_axis',(0.,1.,0.));
#3099=DIRECTION('ref_axis',(0.577350363899237,0.,-0.81649651395791));
#3100=DIRECTION('',(0.,1.,0.));
#3101=DIRECTION('center_axis',(0.,1.,0.));
#3102=DIRECTION('ref_axis',(0.577350363899257,0.,0.816496513957895));
#3103=DIRECTION('',(0.,-1.,0.));
#3104=DIRECTION('center_axis',(0.,1.,0.));
#3105=DIRECTION('ref_axis',(0.577350363899257,0.,0.816496513957895));
#3106=DIRECTION('',(0.,1.,0.));
#3107=DIRECTION('center_axis',(0.,-1.,0.));
#3108=DIRECTION('ref_axis',(0.707106781186543,0.,-0.707106781186552));
#3109=DIRECTION('center_axis',(0.,1.,0.));
#3110=DIRECTION('ref_axis',(-1.,0.,0.));
#3111=DIRECTION('',(0.,-1.,0.));
#3112=DIRECTION('center_axis',(0.,-1.,0.));
#3113=DIRECTION('ref_axis',(-0.816496513957905,0.,-0.577350363899243));
#3114=DIRECTION('center_axis',(0.,1.,0.));
#3115=DIRECTION('ref_axis',(-0.816496513957905,0.,-0.577350363899243));
#3116=DIRECTION('',(0.,1.,0.));
#3117=DIRECTION('center_axis',(0.,1.,0.));
#3118=DIRECTION('ref_axis',(-0.81649651395795,0.,0.57735036389918));
#3119=DIRECTION('',(0.,-1.,0.));
#3120=DIRECTION('center_axis',(0.,1.,0.));
#3121=DIRECTION('ref_axis',(-0.81649651395795,0.,0.57735036389918));
#3122=DIRECTION('',(0.,1.,0.));
#3123=DIRECTION('center_axis',(0.,-1.,0.));
#3124=DIRECTION('ref_axis',(0.707106781186563,0.,0.707106781186532));
#3125=DIRECTION('center_axis',(0.,1.,0.));
#3126=DIRECTION('ref_axis',(-1.,0.,0.));
#3127=DIRECTION('',(0.,-1.,0.));
#3128=DIRECTION('center_axis',(0.,-1.,0.));
#3129=DIRECTION('ref_axis',(0.577350363899249,0.,-0.816496513957901));
#3130=DIRECTION('center_axis',(0.,1.,0.));
#3131=DIRECTION('ref_axis',(0.577350363899249,0.,-0.816496513957901));
#3132=DIRECTION('',(0.,1.,0.));
#3133=DIRECTION('center_axis',(0.,1.,0.));
#3134=DIRECTION('ref_axis',(0.577350363899249,0.,0.816496513957901));
#3135=DIRECTION('',(0.,-1.,0.));
#3136=DIRECTION('center_axis',(0.,1.,0.));
#3137=DIRECTION('ref_axis',(0.577350363899249,0.,0.816496513957901));
#3138=DIRECTION('',(0.,1.,0.));
#3139=DIRECTION('center_axis',(0.,-1.,0.));
#3140=DIRECTION('ref_axis',(0.707106781186563,0.,-0.707106781186532));
#3141=DIRECTION('center_axis',(0.,1.,0.));
#3142=DIRECTION('ref_axis',(-1.,0.,0.));
#3143=DIRECTION('',(0.,-1.,0.));
#3144=DIRECTION('center_axis',(0.,-1.,0.));
#3145=DIRECTION('ref_axis',(-0.81649651395795,0.,-0.57735036389918));
#3146=DIRECTION('center_axis',(0.,1.,0.));
#3147=DIRECTION('ref_axis',(-0.81649651395795,0.,-0.57735036389918));
#3148=DIRECTION('',(0.,1.,0.));
#3149=DIRECTION('center_axis',(0.,1.,0.));
#3150=DIRECTION('ref_axis',(0.81649651395795,0.,-0.57735036389918));
#3151=DIRECTION('',(0.,-1.,0.));
#3152=DIRECTION('center_axis',(0.,1.,0.));
#3153=DIRECTION('ref_axis',(0.81649651395795,0.,-0.57735036389918));
#3154=DIRECTION('',(0.,1.,0.));
#3155=DIRECTION('center_axis',(0.,-1.,0.));
#3156=DIRECTION('ref_axis',(-1.,0.,0.));
#3157=DIRECTION('center_axis',(0.,1.,0.));
#3158=DIRECTION('ref_axis',(-1.,0.,0.));
#3159=DIRECTION('',(0.,-1.,0.));
#3160=DIRECTION('center_axis',(0.,-1.,0.));
#3161=DIRECTION('ref_axis',(-0.577350363899249,0.,0.816496513957901));
#3162=DIRECTION('center_axis',(0.,1.,0.));
#3163=DIRECTION('ref_axis',(-0.577350363899249,0.,0.816496513957901));
#3164=DIRECTION('',(0.,1.,0.));
#3165=DIRECTION('center_axis',(0.,-1.,0.));
#3166=DIRECTION('ref_axis',(0.81649651395795,0.,0.57735036389918));
#3167=DIRECTION('center_axis',(0.,1.,0.));
#3168=DIRECTION('ref_axis',(0.81649651395795,0.,0.57735036389918));
#3169=DIRECTION('',(0.,1.,0.));
#3170=DIRECTION('',(0.,-1.,0.));
#3171=DIRECTION('center_axis',(0.,-1.,0.));
#3172=DIRECTION('ref_axis',(-1.,0.,0.));
#3173=DIRECTION('',(0.,1.,0.));
#3174=DIRECTION('center_axis',(0.,1.,0.));
#3175=DIRECTION('ref_axis',(-1.,0.,0.));
#3176=DIRECTION('center_axis',(0.,1.,0.));
#3177=DIRECTION('ref_axis',(-0.577350363899249,0.,-0.816496513957901));
#3178=DIRECTION('',(0.,-1.,0.));
#3179=DIRECTION('center_axis',(0.,1.,0.));
#3180=DIRECTION('ref_axis',(-0.577350363899249,0.,-0.816496513957901));
#3181=DIRECTION('center_axis',(0.,0.,1.));
#3182=DIRECTION('ref_axis',(-1.,0.,0.));
#3183=DIRECTION('',(1.,0.,0.));
#3184=DIRECTION('center_axis',(0.,1.,0.));
#3185=DIRECTION('ref_axis',(0.816496513957905,0.,-0.577350363899243));
#3186=DIRECTION('',(0.,-1.,0.));
#3187=DIRECTION('center_axis',(0.,1.,0.));
#3188=DIRECTION('ref_axis',(0.816496513957905,0.,-0.577350363899243));
#3189=DIRECTION('',(0.,1.,0.));
#3190=DIRECTION('center_axis',(0.,-1.,0.));
#3191=DIRECTION('ref_axis',(-1.,0.,0.));
#3192=DIRECTION('center_axis',(0.,1.,0.));
#3193=DIRECTION('ref_axis',(-1.,0.,0.));
#3194=DIRECTION('',(0.,-1.,0.));
#3195=DIRECTION('center_axis',(0.,-1.,0.));
#3196=DIRECTION('ref_axis',(-0.577350363899257,0.,0.816496513957895));
#3197=DIRECTION('center_axis',(0.,1.,0.));
#3198=DIRECTION('ref_axis',(-0.577350363899257,0.,0.816496513957895));
#3199=DIRECTION('',(0.,1.,0.));
#3200=DIRECTION('center_axis',(0.,-1.,0.));
#3201=DIRECTION('ref_axis',(0.816496513957895,0.,0.577350363899257));
#3202=DIRECTION('center_axis',(0.,1.,0.));
#3203=DIRECTION('ref_axis',(0.816496513957895,0.,0.577350363899257));
#3204=DIRECTION('',(0.,1.,0.));
#3205=DIRECTION('',(0.,-1.,0.));
#3206=DIRECTION('center_axis',(0.,-1.,0.));
#3207=DIRECTION('ref_axis',(-1.,0.,0.));
#3208=DIRECTION('',(0.,1.,0.));
#3209=DIRECTION('center_axis',(0.,1.,0.));
#3210=DIRECTION('ref_axis',(-1.,0.,0.));
#3211=DIRECTION('center_axis',(0.,1.,0.));
#3212=DIRECTION('ref_axis',(-0.577350363899237,0.,-0.81649651395791));
#3213=DIRECTION('',(0.,-1.,0.));
#3214=DIRECTION('center_axis',(0.,1.,0.));
#3215=DIRECTION('ref_axis',(-0.577350363899237,0.,-0.81649651395791));
#3216=DIRECTION('center_axis',(0.,0.,1.));
#3217=DIRECTION('ref_axis',(-1.,0.,0.));
#3218=DIRECTION('',(1.,0.,0.));
#3219=DIRECTION('center_axis',(0.,1.,0.));
#3220=DIRECTION('ref_axis',(0.816496513957788,0.,-0.577350363899408));
#3221=DIRECTION('',(0.,-1.,0.));
#3222=DIRECTION('center_axis',(0.,1.,0.));
#3223=DIRECTION('ref_axis',(0.816496513957788,0.,-0.577350363899408));
#3224=DIRECTION('',(0.,1.,0.));
#3225=DIRECTION('center_axis',(0.,-1.,0.));
#3226=DIRECTION('ref_axis',(-1.,0.,0.));
#3227=DIRECTION('center_axis',(0.,1.,0.));
#3228=DIRECTION('ref_axis',(-1.,0.,0.));
#3229=DIRECTION('',(0.,-1.,0.));
#3230=DIRECTION('center_axis',(0.,-1.,0.));
#3231=DIRECTION('ref_axis',(-0.577350363899358,0.,0.816496513957824));
#3232=DIRECTION('center_axis',(0.,1.,0.));
#3233=DIRECTION('ref_axis',(-0.577350363899358,0.,0.816496513957824));
#3234=DIRECTION('',(0.,1.,0.));
#3235=DIRECTION('center_axis',(0.,-1.,0.));
#3236=DIRECTION('ref_axis',(0.816496513957788,0.,0.577350363899408));
#3237=DIRECTION('center_axis',(0.,1.,0.));
#3238=DIRECTION('ref_axis',(0.816496513957788,0.,0.577350363899408));
#3239=DIRECTION('',(0.,1.,0.));
#3240=DIRECTION('',(0.,-1.,0.));
#3241=DIRECTION('center_axis',(0.,-1.,0.));
#3242=DIRECTION('ref_axis',(-1.,0.,0.));
#3243=DIRECTION('',(0.,1.,0.));
#3244=DIRECTION('center_axis',(0.,1.,0.));
#3245=DIRECTION('ref_axis',(-1.,0.,0.));
#3246=DIRECTION('center_axis',(0.,1.,0.));
#3247=DIRECTION('ref_axis',(-0.577350363899358,0.,-0.816496513957824));
#3248=DIRECTION('',(0.,-1.,0.));
#3249=DIRECTION('center_axis',(0.,1.,0.));
#3250=DIRECTION('ref_axis',(-0.577350363899358,0.,-0.816496513957824));
#3251=DIRECTION('center_axis',(0.,0.,1.));
#3252=DIRECTION('ref_axis',(-1.,0.,0.));
#3253=DIRECTION('',(0.,1.,0.));
#3254=DIRECTION('',(1.,0.,0.));
#3255=DIRECTION('center_axis',(0.,1.,0.));
#3256=DIRECTION('ref_axis',(-0.816496513957788,0.,0.577350363899408));
#3257=DIRECTION('',(0.,-1.,0.));
#3258=DIRECTION('center_axis',(0.,1.,0.));
#3259=DIRECTION('ref_axis',(-0.816496513957788,0.,0.577350363899408));
#3260=DIRECTION('',(0.,1.,0.));
#3261=DIRECTION('center_axis',(1.,0.,0.));
#3262=DIRECTION('ref_axis',(0.,0.,1.));
#3263=DIRECTION('',(0.,0.,-1.));
#3264=DIRECTION('center_axis',(0.,-1.,0.));
#3265=DIRECTION('ref_axis',(0.577350363899358,0.,-0.816496513957824));
#3266=DIRECTION('center_axis',(0.,1.,0.));
#3267=DIRECTION('ref_axis',(0.577350363899358,0.,-0.816496513957824));
#3268=DIRECTION('',(0.,-1.,0.));
#3269=DIRECTION('center_axis',(0.,-1.,0.));
#3270=DIRECTION('ref_axis',(0.70710678118653,0.,0.707106781186565));
#3271=DIRECTION('center_axis',(0.,1.,0.));
#3272=DIRECTION('ref_axis',(-1.,0.,0.));
#3273=DIRECTION('center_axis',(0.,0.,-1.));
#3274=DIRECTION('ref_axis',(1.,0.,0.));
#3275=DIRECTION('',(-1.,0.,0.));
#3276=DIRECTION('center_axis',(0.,0.,-1.));
#3277=DIRECTION('ref_axis',(1.,0.,0.));
#3278=DIRECTION('',(-1.,0.,0.));
#3279=DIRECTION('center_axis',(0.,-1.,0.));
#3280=DIRECTION('ref_axis',(1.,0.,0.));
#3281=DIRECTION('',(1.,0.,0.));
#3282=DIRECTION('',(0.,0.,1.));
#3283=DIRECTION('',(1.,0.,0.));
#3284=DIRECTION('',(0.,0.,1.));
#3285=DIRECTION('',(-1.,0.,0.));
#3286=DIRECTION('',(0.,0.,1.));
#3287=DIRECTION('',(0.,0.,-1.));
#3288=DIRECTION('',(0.,0.,1.));
#3289=DIRECTION('',(0.,0.,-1.));
#3290=DIRECTION('',(0.,0.,1.));
#3291=DIRECTION('center_axis',(0.,0.,-1.));
#3292=DIRECTION('ref_axis',(1.,0.,0.));
#3293=DIRECTION('center_axis',(-1.,0.,0.));
#3294=DIRECTION('ref_axis',(0.,0.,-1.));
#3295=DIRECTION('center_axis',(1.,0.,0.));
#3296=DIRECTION('ref_axis',(0.,0.,1.));
#3297=DIRECTION('center_axis',(-1.,0.,0.));
#3298=DIRECTION('ref_axis',(0.,0.,-1.));
#3299=DIRECTION('center_axis',(1.,0.,0.));
#3300=DIRECTION('ref_axis',(0.,0.,1.));
#3301=DIRECTION('center_axis',(-1.,0.,0.));
#3302=DIRECTION('ref_axis',(0.,0.,-1.));
#3303=DIRECTION('center_axis',(0.,0.,1.));
#3304=DIRECTION('ref_axis',(-1.,0.,0.));
#3305=DIRECTION('center_axis',(0.,0.,-1.));
#3306=DIRECTION('ref_axis',(-1.,0.,0.));
#3307=DIRECTION('center_axis',(0.,0.,-1.));
#3308=DIRECTION('ref_axis',(-1.,0.,0.));
#3309=DIRECTION('',(0.,0.,1.));
#3310=DIRECTION('center_axis',(0.,-1.,0.));
#3311=DIRECTION('ref_axis',(1.,0.,0.));
#3312=DIRECTION('',(1.,0.,0.));
#3313=DIRECTION('',(1.,0.,0.));
#3314=DIRECTION('',(0.,0.,1.));
#3315=DIRECTION('center_axis',(0.,0.,1.));
#3316=DIRECTION('ref_axis',(0.,-1.,0.));
#3317=DIRECTION('center_axis',(0.,0.,-1.));
#3318=DIRECTION('ref_axis',(0.,-1.,0.));
#3319=DIRECTION('center_axis',(0.,0.,-1.));
#3320=DIRECTION('ref_axis',(0.,-1.,0.));
#3321=DIRECTION('',(0.,0.,1.));
#3322=DIRECTION('center_axis',(1.,0.,0.));
#3323=DIRECTION('ref_axis',(0.,1.,0.));
#3324=DIRECTION('',(0.,1.,0.));
#3325=DIRECTION('',(0.,1.,0.));
#3326=DIRECTION('',(0.,0.,1.));
#3327=DIRECTION('center_axis',(0.,0.,1.));
#3328=DIRECTION('ref_axis',(1.,0.,0.));
#3329=DIRECTION('center_axis',(0.,0.,-1.));
#3330=DIRECTION('ref_axis',(1.,0.,0.));
#3331=DIRECTION('center_axis',(0.,0.,-1.));
#3332=DIRECTION('ref_axis',(1.,0.,0.));
#3333=DIRECTION('center_axis',(0.,0.,1.));
#3334=DIRECTION('ref_axis',(0.,1.,0.));
#3335=DIRECTION('center_axis',(0.,0.,-1.));
#3336=DIRECTION('ref_axis',(0.,1.,0.));
#3337=DIRECTION('center_axis',(0.,0.,-1.));
#3338=DIRECTION('ref_axis',(0.,1.,0.));
#3339=DIRECTION('center_axis',(0.,0.,1.));
#3340=DIRECTION('ref_axis',(-1.,0.,0.));
#3341=DIRECTION('center_axis',(0.,0.,1.));
#3342=DIRECTION('ref_axis',(-1.,0.,0.));
#3343=DIRECTION('center_axis',(0.,0.,1.));
#3344=DIRECTION('ref_axis',(-1.,0.,0.));
#3345=DIRECTION('',(0.,0.,1.));
#3346=DIRECTION('center_axis',(-1.,0.,0.));
#3347=DIRECTION('ref_axis',(0.,-1.,0.));
#3348=DIRECTION('',(0.,-1.,0.));
#3349=DIRECTION('',(0.,-1.,0.));
#3350=DIRECTION('',(0.,0.,1.));
#3351=DIRECTION('center_axis',(0.,0.,1.));
#3352=DIRECTION('ref_axis',(0.,1.,0.));
#3353=DIRECTION('center_axis',(0.,0.,1.));
#3354=DIRECTION('ref_axis',(0.,1.,0.));
#3355=DIRECTION('center_axis',(0.,0.,1.));
#3356=DIRECTION('ref_axis',(0.,1.,0.));
#3357=DIRECTION('',(0.,0.,1.));
#3358=DIRECTION('center_axis',(0.,1.,0.));
#3359=DIRECTION('ref_axis',(-1.,0.,0.));
#3360=DIRECTION('',(-1.,0.,0.));
#3361=DIRECTION('',(-1.,0.,0.));
#3362=DIRECTION('',(0.,0.,1.));
#3363=DIRECTION('center_axis',(0.,0.,1.));
#3364=DIRECTION('ref_axis',(1.,0.,0.));
#3365=DIRECTION('center_axis',(0.,0.,1.));
#3366=DIRECTION('ref_axis',(1.,0.,0.));
#3367=DIRECTION('center_axis',(0.,0.,1.));
#3368=DIRECTION('ref_axis',(1.,0.,0.));
#3369=DIRECTION('center_axis',(0.,0.,1.));
#3370=DIRECTION('ref_axis',(0.,-1.,0.));
#3371=DIRECTION('center_axis',(0.,0.,1.));
#3372=DIRECTION('ref_axis',(0.,-1.,0.));
#3373=DIRECTION('center_axis',(0.,0.,1.));
#3374=DIRECTION('ref_axis',(0.,-1.,0.));
#3375=DIRECTION('center_axis',(0.,0.,1.));
#3376=DIRECTION('ref_axis',(1.,0.,0.));
#3377=DIRECTION('center_axis',(0.,0.,1.));
#3378=DIRECTION('ref_axis',(1.,0.,0.));
#3379=CARTESIAN_POINT('',(0.,0.,0.));
#3380=CARTESIAN_POINT('Origin',(-4.105,4.73406858425271,30.9720472441002));
#3381=CARTESIAN_POINT('',(-4.105,4.71521240187446,30.965380581808));
#3382=CARTESIAN_POINT('',(-4.105,4.73406858425271,30.9520472441002));
#3383=CARTESIAN_POINT('Origin',(-4.105,4.73406858425271,30.9720472441002));
#3384=CARTESIAN_POINT('',(-4.,4.73406858425271,30.9520472441002));
#3385=CARTESIAN_POINT('',(-4.105,4.73406858425271,30.9520472441002));
#3386=CARTESIAN_POINT('',(-4.,4.71521240187446,30.965380581808));
#3387=CARTESIAN_POINT('Origin',(-4.,4.73406858425271,30.9720472441002));
#3388=CARTESIAN_POINT('',(-4.105,4.71521240187446,30.965380581808));
#3389=CARTESIAN_POINT('Origin',(-4.105,5.312,0.946850393700787));
#3390=CARTESIAN_POINT('',(-4.105,5.312,0.946850393700787));
#3391=CARTESIAN_POINT('',(-4.105,4.188,0.946850393700787));
#3392=CARTESIAN_POINT('',(-4.105,5.312,0.946850393700787));
#3393=CARTESIAN_POINT('',(-4.105,4.188,32.5718503937008));
#3394=CARTESIAN_POINT('',(-4.105,4.188,0.946850393700787));
#3395=CARTESIAN_POINT('',(-4.105,5.312,32.5718503937008));
#3396=CARTESIAN_POINT('',(-4.105,5.312,32.5718503937008));
#3397=CARTESIAN_POINT('',(-4.105,5.312,0.946850393700787));
#3398=CARTESIAN_POINT('',(-4.105,4.66416666229173,30.9143348422252));
#3399=CARTESIAN_POINT('Origin',(-4.105,4.67749999999951,30.9520472441002));
#3400=CARTESIAN_POINT('',(-4.105,4.67749999999951,30.895478659847));
#3401=CARTESIAN_POINT('Origin',(-4.105,4.65749999999951,30.895478659847));
#3402=CARTESIAN_POINT('',(-4.105,4.67749999999951,29.9986158283549));
#3403=CARTESIAN_POINT('',(-4.105,4.67749999999951,15.9494488189005));
#3404=CARTESIAN_POINT('',(-4.105,4.66416666229173,29.9797596459767));
#3405=CARTESIAN_POINT('Origin',(-4.105,4.65749999999951,29.9986158283549));
#3406=CARTESIAN_POINT('',(-4.105,4.71521240187446,29.9287139063939));
#3407=CARTESIAN_POINT('Origin',(-4.105,4.67749999999951,29.9420472441017));
#3408=CARTESIAN_POINT('',(-4.105,4.73406858425271,29.9420472441017));
#3409=CARTESIAN_POINT('Origin',(-4.105,4.73406858425271,29.9220472441017));
#3410=CARTESIAN_POINT('',(-4.105,4.76593141574669,29.9420472441017));
#3411=CARTESIAN_POINT('',(-4.105,4.99474999999975,29.9420472441017));
#3412=CARTESIAN_POINT('',(-4.105,4.78478759812493,29.9287139063939));
#3413=CARTESIAN_POINT('Origin',(-4.105,4.76593141574669,29.9220472441017));
#3414=CARTESIAN_POINT('',(-4.105,4.83583333770767,29.9797596459767));
#3415=CARTESIAN_POINT('Origin',(-4.105,4.82249999999989,29.9420472441017));
#3416=CARTESIAN_POINT('',(-4.105,4.82249999999989,29.9986158283549));
#3417=CARTESIAN_POINT('Origin',(-4.105,4.84249999999989,29.9986158283549));
#3418=CARTESIAN_POINT('',(-4.105,4.82249999999989,30.895478659847));
#3419=CARTESIAN_POINT('',(-4.105,4.82249999999989,15.4444488189012));
#3420=CARTESIAN_POINT('',(-4.105,4.83583333770767,30.9143348422252));
#3421=CARTESIAN_POINT('Origin',(-4.105,4.84249999999989,30.895478659847));
#3422=CARTESIAN_POINT('',(-4.105,4.78478759812493,30.965380581808));
#3423=CARTESIAN_POINT('Origin',(-4.105,4.82249999999989,30.9520472441002));
#3424=CARTESIAN_POINT('',(-4.105,4.76593141574669,30.9520472441002));
#3425=CARTESIAN_POINT('Origin',(-4.105,4.76593141574669,30.9720472441002));
#3426=CARTESIAN_POINT('',(-4.105,5.06724999999994,30.9520472441002));
#3427=CARTESIAN_POINT('',(-4.105,4.66416666229173,2.6045627955749));
#3428=CARTESIAN_POINT('',(-4.105,4.67749999999951,2.62341897795315));
#3429=CARTESIAN_POINT('Origin',(-4.105,4.65749999999951,2.62341897795315));
#3430=CARTESIAN_POINT('',(-4.105,4.71521240187446,2.55351705599217));
#3431=CARTESIAN_POINT('Origin',(-4.105,4.67749999999951,2.56685039369995));
#3432=CARTESIAN_POINT('',(-4.105,4.73406858425271,2.56685039369995));
#3433=CARTESIAN_POINT('Origin',(-4.105,4.73406858425271,2.54685039369995));
#3434=CARTESIAN_POINT('',(-4.105,4.76593141574669,2.56685039369995));
#3435=CARTESIAN_POINT('',(-4.105,4.99474999999975,2.56685039369995));
#3436=CARTESIAN_POINT('',(-4.105,4.78478759812493,2.55351705599217));
#3437=CARTESIAN_POINT('Origin',(-4.105,4.76593141574669,2.54685039369995));
#3438=CARTESIAN_POINT('',(-4.105,4.83583333770767,2.6045627955749));
#3439=CARTESIAN_POINT('Origin',(-4.105,4.82249999999989,2.56685039369995));
#3440=CARTESIAN_POINT('',(-4.105,4.82249999999989,2.62341897795315));
#3441=CARTESIAN_POINT('Origin',(-4.105,4.84249999999989,2.62341897795315));
#3442=CARTESIAN_POINT('',(-4.105,4.82249999999989,3.52028180944809));
#3443=CARTESIAN_POINT('',(-4.105,4.82249999999989,1.75685039370037));
#3444=CARTESIAN_POINT('',(-4.105,4.83583333770767,3.53913799182633));
#3445=CARTESIAN_POINT('Origin',(-4.105,4.84249999999989,3.52028180944809));
#3446=CARTESIAN_POINT('',(-4.105,4.78478759812493,3.59018373140907));
#3447=CARTESIAN_POINT('Origin',(-4.105,4.82249999999989,3.57685039370128));
#3448=CARTESIAN_POINT('',(-4.105,4.76593141574669,3.57685039370128));
#3449=CARTESIAN_POINT('Origin',(-4.105,4.76593141574669,3.59685039370128));
#3450=CARTESIAN_POINT('',(-4.105,4.73406858425271,3.57685039370128));
#3451=CARTESIAN_POINT('',(-4.105,5.06724999999994,3.57685039370128));
#3452=CARTESIAN_POINT('',(-4.105,4.71521240187446,3.59018373140907));
#3453=CARTESIAN_POINT('Origin',(-4.105,4.73406858425271,3.59685039370128));
#3454=CARTESIAN_POINT('',(-4.105,4.66416666229173,3.53913799182633));
#3455=CARTESIAN_POINT('Origin',(-4.105,4.67749999999951,3.57685039370128));
#3456=CARTESIAN_POINT('',(-4.105,4.67749999999951,3.52028180944809));
#3457=CARTESIAN_POINT('Origin',(-4.105,4.65749999999951,3.52028180944809));
#3458=CARTESIAN_POINT('',(-4.105,4.67749999999951,2.26185039370104));
#3459=CARTESIAN_POINT('',(-4.105,4.66416666229173,16.2921612207758));
#3460=CARTESIAN_POINT('',(-4.105,4.67749999999951,16.311017403154));
#3461=CARTESIAN_POINT('Origin',(-4.105,4.65749999999951,16.311017403154));
#3462=CARTESIAN_POINT('',(-4.105,4.71521240187446,16.241115481193));
#3463=CARTESIAN_POINT('Origin',(-4.105,4.67749999999951,16.2544488189008));
#3464=CARTESIAN_POINT('',(-4.105,4.73406858425271,16.2544488189008));
#3465=CARTESIAN_POINT('Origin',(-4.105,4.73406858425271,16.2344488189008));
#3466=CARTESIAN_POINT('',(-4.105,4.76593141574669,16.2544488189008));
#3467=CARTESIAN_POINT('',(-4.105,4.99474999999975,16.2544488189008));
#3468=CARTESIAN_POINT('',(-4.105,4.78478759812493,16.241115481193));
#3469=CARTESIAN_POINT('Origin',(-4.105,4.76593141574669,16.2344488189008));
#3470=CARTESIAN_POINT('',(-4.105,4.83583333770767,16.2921612207758));
#3471=CARTESIAN_POINT('Origin',(-4.105,4.82249999999989,16.2544488189008));
#3472=CARTESIAN_POINT('',(-4.105,4.82249999999989,16.311017403154));
#3473=CARTESIAN_POINT('Origin',(-4.105,4.84249999999989,16.311017403154));
#3474=CARTESIAN_POINT('',(-4.105,4.82249999999989,17.207880234649));
#3475=CARTESIAN_POINT('',(-4.105,4.82249999999989,8.60064960630081));
#3476=CARTESIAN_POINT('',(-4.105,4.83583333770767,17.2267364170272));
#3477=CARTESIAN_POINT('Origin',(-4.105,4.84249999999989,17.207880234649));
#3478=CARTESIAN_POINT('',(-4.105,4.78478759812493,17.2777821566099));
#3479=CARTESIAN_POINT('Origin',(-4.105,4.82249999999989,17.2644488189022));
#3480=CARTESIAN_POINT('',(-4.105,4.76593141574669,17.2644488189022));
#3481=CARTESIAN_POINT('Origin',(-4.105,4.76593141574669,17.2844488189022));
#3482=CARTESIAN_POINT('',(-4.105,4.73406858425271,17.2644488189022));
#3483=CARTESIAN_POINT('',(-4.105,5.06724999999994,17.2644488189022));
#3484=CARTESIAN_POINT('',(-4.105,4.71521240187446,17.2777821566099));
#3485=CARTESIAN_POINT('Origin',(-4.105,4.73406858425271,17.2844488189022));
#3486=CARTESIAN_POINT('',(-4.105,4.66416666229173,17.2267364170272));
#3487=CARTESIAN_POINT('Origin',(-4.105,4.67749999999951,17.2644488189022));
#3488=CARTESIAN_POINT('',(-4.105,4.67749999999951,17.207880234649));
#3489=CARTESIAN_POINT('Origin',(-4.105,4.65749999999951,17.207880234649));
#3490=CARTESIAN_POINT('',(-4.105,4.67749999999951,9.10564960630147));
#3491=CARTESIAN_POINT('Origin',(-4.105,4.67749999999951,30.9520472441002));
#3492=CARTESIAN_POINT('',(-4.,4.66416666229173,30.9143348422252));
#3493=CARTESIAN_POINT('Origin',(-4.,4.67749999999951,30.9520472441002));
#3494=CARTESIAN_POINT('',(-4.105,4.66416666229173,30.9143348422252));
#3495=CARTESIAN_POINT('Origin',(-4.105,4.65749999999951,30.895478659847));
#3496=CARTESIAN_POINT('',(-4.,4.67749999999951,30.895478659847));
#3497=CARTESIAN_POINT('Origin',(-4.,4.65749999999951,30.895478659847));
#3498=CARTESIAN_POINT('',(-4.105,4.67749999999951,30.895478659847));
#3499=CARTESIAN_POINT('Origin',(-4.105,4.65749999999951,2.62341897795315));
#3500=CARTESIAN_POINT('',(-4.,4.67749999999951,2.62341897795315));
#3501=CARTESIAN_POINT('',(-4.105,4.67749999999951,2.62341897795315));
#3502=CARTESIAN_POINT('',(-4.,4.66416666229173,2.6045627955749));
#3503=CARTESIAN_POINT('Origin',(-4.,4.65749999999951,2.62341897795315));
#3504=CARTESIAN_POINT('',(-4.105,4.66416666229173,2.6045627955749));
#3505=CARTESIAN_POINT('Origin',(-4.105,4.67749999999951,2.56685039369995));
#3506=CARTESIAN_POINT('',(-4.,4.71521240187446,2.55351705599217));
#3507=CARTESIAN_POINT('Origin',(-4.,4.67749999999951,2.56685039369995));
#3508=CARTESIAN_POINT('',(-4.105,4.71521240187446,2.55351705599217));
#3509=CARTESIAN_POINT('Origin',(-4.105,4.73406858425271,2.54685039369995));
#3510=CARTESIAN_POINT('',(-4.,4.73406858425271,2.56685039369995));
#3511=CARTESIAN_POINT('Origin',(-4.,4.73406858425271,2.54685039369995));
#3512=CARTESIAN_POINT('',(-4.105,4.73406858425271,2.56685039369995));
#3513=CARTESIAN_POINT('Origin',(-4.105,4.73406858425271,3.59685039370128));
#3514=CARTESIAN_POINT('',(-4.,4.73406858425271,3.57685039370128));
#3515=CARTESIAN_POINT('',(-4.105,4.73406858425271,3.57685039370128));
#3516=CARTESIAN_POINT('',(-4.,4.71521240187446,3.59018373140907));
#3517=CARTESIAN_POINT('Origin',(-4.,4.73406858425271,3.59685039370128));
#3518=CARTESIAN_POINT('',(-4.105,4.71521240187446,3.59018373140907));
#3519=CARTESIAN_POINT('Origin',(-4.105,4.67749999999951,3.57685039370128));
#3520=CARTESIAN_POINT('',(-4.,4.66416666229173,3.53913799182633));
#3521=CARTESIAN_POINT('Origin',(-4.,4.67749999999951,3.57685039370128));
#3522=CARTESIAN_POINT('',(-4.105,4.66416666229173,3.53913799182633));
#3523=CARTESIAN_POINT('Origin',(-4.105,4.65749999999951,3.52028180944809));
#3524=CARTESIAN_POINT('',(-4.,4.67749999999951,3.52028180944809));
#3525=CARTESIAN_POINT('Origin',(-4.,4.65749999999951,3.52028180944809));
#3526=CARTESIAN_POINT('',(-4.105,4.67749999999951,3.52028180944809));
#3527=CARTESIAN_POINT('Origin',(-4.105,4.65749999999951,16.311017403154));
#3528=CARTESIAN_POINT('',(-4.,4.67749999999951,16.311017403154));
#3529=CARTESIAN_POINT('',(-4.105,4.67749999999951,16.311017403154));
#3530=CARTESIAN_POINT('',(-4.,4.66416666229173,16.2921612207758));
#3531=CARTESIAN_POINT('Origin',(-4.,4.65749999999951,16.311017403154));
#3532=CARTESIAN_POINT('',(-4.105,4.66416666229173,16.2921612207758));
#3533=CARTESIAN_POINT('Origin',(-4.105,4.67749999999951,16.2544488189008));
#3534=CARTESIAN_POINT('',(-4.,4.71521240187446,16.241115481193));
#3535=CARTESIAN_POINT('Origin',(-4.,4.67749999999951,16.2544488189008));
#3536=CARTESIAN_POINT('',(-4.105,4.71521240187446,16.241115481193));
#3537=CARTESIAN_POINT('Origin',(-4.105,4.73406858425271,16.2344488189008));
#3538=CARTESIAN_POINT('',(-4.,4.73406858425271,16.2544488189008));
#3539=CARTESIAN_POINT('Origin',(-4.,4.73406858425271,16.2344488189008));
#3540=CARTESIAN_POINT('',(-4.105,4.73406858425271,16.2544488189008));
#3541=CARTESIAN_POINT('Origin',(-4.105,4.73406858425271,17.2844488189022));
#3542=CARTESIAN_POINT('',(-4.,4.73406858425271,17.2644488189022));
#3543=CARTESIAN_POINT('',(-4.105,4.73406858425271,17.2644488189022));
#3544=CARTESIAN_POINT('',(-4.,4.71521240187446,17.2777821566099));
#3545=CARTESIAN_POINT('Origin',(-4.,4.73406858425271,17.2844488189022));
#3546=CARTESIAN_POINT('',(-4.105,4.71521240187446,17.2777821566099));
#3547=CARTESIAN_POINT('Origin',(-4.105,4.67749999999951,17.2644488189022));
#3548=CARTESIAN_POINT('',(-4.,4.66416666229173,17.2267364170272));
#3549=CARTESIAN_POINT('Origin',(-4.,4.67749999999951,17.2644488189022));
#3550=CARTESIAN_POINT('',(-4.105,4.66416666229173,17.2267364170272));
#3551=CARTESIAN_POINT('Origin',(-4.105,4.65749999999951,17.207880234649));
#3552=CARTESIAN_POINT('',(-4.,4.67749999999951,17.207880234649));
#3553=CARTESIAN_POINT('Origin',(-4.,4.65749999999951,17.207880234649));
#3554=CARTESIAN_POINT('',(-4.105,4.67749999999951,17.207880234649));
#3555=CARTESIAN_POINT('Origin',(-4.105,4.84249999999989,17.207880234649));
#3556=CARTESIAN_POINT('',(-4.,4.82249999999989,17.207880234649));
#3557=CARTESIAN_POINT('',(-4.105,4.82249999999989,17.207880234649));
#3558=CARTESIAN_POINT('',(-4.,4.83583333770767,17.2267364170272));
#3559=CARTESIAN_POINT('Origin',(-4.,4.84249999999989,17.207880234649));
#3560=CARTESIAN_POINT('',(-4.105,4.83583333770767,17.2267364170272));
#3561=CARTESIAN_POINT('Origin',(-4.105,4.82249999999989,17.2644488189022));
#3562=CARTESIAN_POINT('',(-4.,4.78478759812493,17.2777821566099));
#3563=CARTESIAN_POINT('Origin',(-4.,4.82249999999989,17.2644488189022));
#3564=CARTESIAN_POINT('',(-4.105,4.78478759812493,17.2777821566099));
#3565=CARTESIAN_POINT('Origin',(-4.105,4.76593141574669,17.2844488189022));
#3566=CARTESIAN_POINT('',(-4.,4.76593141574669,17.2644488189022));
#3567=CARTESIAN_POINT('Origin',(-4.,4.76593141574669,17.2844488189022));
#3568=CARTESIAN_POINT('',(-4.105,4.76593141574669,17.2644488189022));
#3569=CARTESIAN_POINT('Origin',(-4.105,4.84249999999989,16.311017403154));
#3570=CARTESIAN_POINT('',(-4.,4.83583333770767,16.2921612207758));
#3571=CARTESIAN_POINT('',(-4.,4.82249999999989,16.311017403154));
#3572=CARTESIAN_POINT('Origin',(-4.,4.84249999999989,16.311017403154));
#3573=CARTESIAN_POINT('',(-4.105,4.82249999999989,16.311017403154));
#3574=CARTESIAN_POINT('',(-4.105,4.83583333770767,16.2921612207758));
#3575=CARTESIAN_POINT('Origin',(-4.105,4.82249999999989,16.2544488189008));
#3576=CARTESIAN_POINT('',(-4.,4.78478759812493,16.241115481193));
#3577=CARTESIAN_POINT('',(-4.105,4.78478759812493,16.241115481193));
#3578=CARTESIAN_POINT('Origin',(-4.,4.82249999999989,16.2544488189008));
#3579=CARTESIAN_POINT('Origin',(-4.105,4.76593141574669,16.2344488189008));
#3580=CARTESIAN_POINT('',(-4.,4.76593141574669,16.2544488189008));
#3581=CARTESIAN_POINT('',(-4.105,4.76593141574669,16.2544488189008));
#3582=CARTESIAN_POINT('Origin',(-4.,4.76593141574669,16.2344488189008));
#3583=CARTESIAN_POINT('Origin',(-4.105,4.67749999999951,16.2544488189008));
#3584=CARTESIAN_POINT('',(-4.,4.43274999999975,16.2544488189008));
#3585=CARTESIAN_POINT('Origin',(-4.105,4.84249999999989,3.52028180944809));
#3586=CARTESIAN_POINT('',(-4.,4.82249999999989,3.52028180944809));
#3587=CARTESIAN_POINT('',(-4.105,4.82249999999989,3.52028180944809));
#3588=CARTESIAN_POINT('',(-4.,4.83583333770767,3.53913799182633));
#3589=CARTESIAN_POINT('Origin',(-4.,4.84249999999989,3.52028180944809));
#3590=CARTESIAN_POINT('',(-4.105,4.83583333770767,3.53913799182633));
#3591=CARTESIAN_POINT('Origin',(-4.105,4.82249999999989,3.57685039370128));
#3592=CARTESIAN_POINT('',(-4.,4.78478759812493,3.59018373140907));
#3593=CARTESIAN_POINT('Origin',(-4.,4.82249999999989,3.57685039370128));
#3594=CARTESIAN_POINT('',(-4.105,4.78478759812493,3.59018373140907));
#3595=CARTESIAN_POINT('Origin',(-4.105,4.76593141574669,3.59685039370128));
#3596=CARTESIAN_POINT('',(-4.,4.76593141574669,3.57685039370128));
#3597=CARTESIAN_POINT('Origin',(-4.,4.76593141574669,3.59685039370128));
#3598=CARTESIAN_POINT('',(-4.105,4.76593141574669,3.57685039370128));
#3599=CARTESIAN_POINT('Origin',(-4.105,4.84249999999989,2.62341897795315));
#3600=CARTESIAN_POINT('',(-4.,4.83583333770767,2.6045627955749));
#3601=CARTESIAN_POINT('',(-4.,4.82249999999989,2.62341897795315));
#3602=CARTESIAN_POINT('Origin',(-4.,4.84249999999989,2.62341897795315));
#3603=CARTESIAN_POINT('',(-4.105,4.82249999999989,2.62341897795315));
#3604=CARTESIAN_POINT('',(-4.105,4.83583333770767,2.6045627955749));
#3605=CARTESIAN_POINT('Origin',(-4.105,4.82249999999989,2.56685039369995));
#3606=CARTESIAN_POINT('',(-4.,4.78478759812493,2.55351705599217));
#3607=CARTESIAN_POINT('',(-4.105,4.78478759812493,2.55351705599217));
#3608=CARTESIAN_POINT('Origin',(-4.,4.82249999999989,2.56685039369995));
#3609=CARTESIAN_POINT('Origin',(-4.105,4.76593141574669,2.54685039369995));
#3610=CARTESIAN_POINT('',(-4.,4.76593141574669,2.56685039369995));
#3611=CARTESIAN_POINT('',(-4.105,4.76593141574669,2.56685039369995));
#3612=CARTESIAN_POINT('Origin',(-4.,4.76593141574669,2.54685039369995));
#3613=CARTESIAN_POINT('Origin',(-4.105,4.67749999999951,2.56685039369995));
#3614=CARTESIAN_POINT('',(-4.,4.43274999999975,2.56685039369995));
#3615=CARTESIAN_POINT('Origin',(-4.105,4.84249999999989,30.895478659847));
#3616=CARTESIAN_POINT('',(-4.,4.82249999999989,30.895478659847));
#3617=CARTESIAN_POINT('',(-4.105,4.82249999999989,30.895478659847));
#3618=CARTESIAN_POINT('',(-4.,4.83583333770767,30.9143348422252));
#3619=CARTESIAN_POINT('Origin',(-4.,4.84249999999989,30.895478659847));
#3620=CARTESIAN_POINT('',(-4.105,4.83583333770767,30.9143348422252));
#3621=CARTESIAN_POINT('Origin',(-4.105,4.82249999999989,30.9520472441002));
#3622=CARTESIAN_POINT('',(-4.,4.78478759812493,30.965380581808));
#3623=CARTESIAN_POINT('Origin',(-4.,4.82249999999989,30.9520472441002));
#3624=CARTESIAN_POINT('',(-4.105,4.78478759812493,30.965380581808));
#3625=CARTESIAN_POINT('Origin',(-4.105,4.76593141574669,30.9720472441002));
#3626=CARTESIAN_POINT('',(-4.,4.76593141574669,30.9520472441002));
#3627=CARTESIAN_POINT('Origin',(-4.,4.76593141574669,30.9720472441002));
#3628=CARTESIAN_POINT('',(-4.105,4.76593141574669,30.9520472441002));
#3629=CARTESIAN_POINT('Origin',(-4.105,4.84249999999989,29.9986158283549));
#3630=CARTESIAN_POINT('',(-4.,4.83583333770767,29.9797596459767));
#3631=CARTESIAN_POINT('',(-4.,4.82249999999989,29.9986158283549));
#3632=CARTESIAN_POINT('Origin',(-4.,4.84249999999989,29.9986158283549));
#3633=CARTESIAN_POINT('',(-4.105,4.82249999999989,29.9986158283549));
#3634=CARTESIAN_POINT('',(-4.105,4.83583333770767,29.9797596459767));
#3635=CARTESIAN_POINT('Origin',(-4.105,4.82249999999989,29.9420472441017));
#3636=CARTESIAN_POINT('',(-4.,4.78478759812493,29.9287139063939));
#3637=CARTESIAN_POINT('',(-4.105,4.78478759812493,29.9287139063939));
#3638=CARTESIAN_POINT('Origin',(-4.,4.82249999999989,29.9420472441017));
#3639=CARTESIAN_POINT('Origin',(-4.105,4.76593141574669,29.9220472441017));
#3640=CARTESIAN_POINT('',(-4.,4.76593141574669,29.9420472441017));
#3641=CARTESIAN_POINT('',(-4.105,4.76593141574669,29.9420472441017));
#3642=CARTESIAN_POINT('Origin',(-4.,4.76593141574669,29.9220472441017));
#3643=CARTESIAN_POINT('Origin',(-4.105,4.67749999999951,29.9420472441017));
#3644=CARTESIAN_POINT('',(-4.,4.73406858425271,29.9420472441017));
#3645=CARTESIAN_POINT('',(-4.105,4.73406858425271,29.9420472441017));
#3646=CARTESIAN_POINT('',(-4.,4.43274999999975,29.9420472441017));
#3647=CARTESIAN_POINT('Origin',(-4.105,4.65749999999951,29.9986158283549));
#3648=CARTESIAN_POINT('',(-4.,4.67749999999951,29.9986158283549));
#3649=CARTESIAN_POINT('',(-4.105,4.67749999999951,29.9986158283549));
#3650=CARTESIAN_POINT('',(-4.,4.66416666229173,29.9797596459767));
#3651=CARTESIAN_POINT('Origin',(-4.,4.65749999999951,29.9986158283549));
#3652=CARTESIAN_POINT('',(-4.105,4.66416666229173,29.9797596459767));
#3653=CARTESIAN_POINT('Origin',(-4.105,4.67749999999951,30.9520472441002));
#3654=CARTESIAN_POINT('',(-4.,4.67749999999951,15.9494488189005));
#3655=CARTESIAN_POINT('Origin',(-4.105,4.73406858425271,29.9220472441017));
#3656=CARTESIAN_POINT('',(-4.,4.71521240187446,29.9287139063939));
#3657=CARTESIAN_POINT('Origin',(-4.,4.73406858425271,29.9220472441017));
#3658=CARTESIAN_POINT('',(-4.105,4.71521240187446,29.9287139063939));
#3659=CARTESIAN_POINT('Origin',(-4.105,4.67749999999951,29.9420472441017));
#3660=CARTESIAN_POINT('Origin',(-4.,4.67749999999951,29.9420472441017));
#3661=CARTESIAN_POINT('Origin',(-4.105,4.82249999999989,17.2644488189022));
#3662=CARTESIAN_POINT('',(-4.,4.50524999999994,17.2644488189022));
#3663=CARTESIAN_POINT('Origin',(-4.105,4.82249999999989,3.57685039370128));
#3664=CARTESIAN_POINT('',(-4.,4.50524999999994,3.57685039370128));
#3665=CARTESIAN_POINT('Origin',(-4.,4.188,0.946850393700787));
#3666=CARTESIAN_POINT('',(-4.,4.188,0.946850393700787));
#3667=CARTESIAN_POINT('',(-4.,5.312,0.946850393700787));
#3668=CARTESIAN_POINT('',(-4.,4.188,0.946850393700787));
#3669=CARTESIAN_POINT('',(-4.,5.312,32.5718503937008));
#3670=CARTESIAN_POINT('',(-4.,5.312,0.946850393700787));
#3671=CARTESIAN_POINT('',(-4.,4.188,32.5718503937008));
#3672=CARTESIAN_POINT('',(-4.,4.188,32.5718503937008));
#3673=CARTESIAN_POINT('',(-4.,4.188,0.946850393700787));
#3674=CARTESIAN_POINT('',(-4.,4.50524999999994,30.9520472441002));
#3675=CARTESIAN_POINT('',(-4.,4.82249999999989,15.4444488189012));
#3676=CARTESIAN_POINT('',(-4.,4.67749999999951,2.26185039370104));
#3677=CARTESIAN_POINT('',(-4.,4.82249999999989,1.75685039370037));
#3678=CARTESIAN_POINT('',(-4.,4.67749999999951,9.10564960630147));
#3679=CARTESIAN_POINT('',(-4.,4.82249999999989,8.60064960630081));
#3680=CARTESIAN_POINT('Origin',(-4.105,4.82249999999989,30.9520472441002));
#3681=CARTESIAN_POINT('Origin',(-4.105,4.82249999999989,16.2544488189008));
#3682=CARTESIAN_POINT('Origin',(-4.105,4.67749999999951,17.2644488189022));
#3683=CARTESIAN_POINT('Origin',(-4.105,4.82249999999989,2.56685039369995));
#3684=CARTESIAN_POINT('Origin',(-4.105,4.67749999999951,3.57685039370128));
#3685=CARTESIAN_POINT('Origin',(-4.105,4.82249999999989,29.9420472441017));
#3686=CARTESIAN_POINT('Origin',(-4.73406858425331,4.105,29.9220472441017));
#3687=CARTESIAN_POINT('',(-4.71521240187507,4.105,29.9287139063939));
#3688=CARTESIAN_POINT('',(-4.73406858425331,4.105,29.9420472441017));
#3689=CARTESIAN_POINT('Origin',(-4.73406858425331,4.105,29.9220472441017));
#3690=CARTESIAN_POINT('',(-4.73406858425331,4.,29.9420472441017));
#3691=CARTESIAN_POINT('',(-4.73406858425331,4.105,29.9420472441017));
#3692=CARTESIAN_POINT('',(-4.71521240187507,4.,29.9287139063939));
#3693=CARTESIAN_POINT('Origin',(-4.73406858425331,4.,29.9220472441017));
#3694=CARTESIAN_POINT('',(-4.71521240187507,4.105,29.9287139063939));
#3695=CARTESIAN_POINT('Origin',(-4.188,4.105,0.946850393700787));
#3696=CARTESIAN_POINT('',(-4.188,4.105,0.946850393700787));
#3697=CARTESIAN_POINT('',(-5.312,4.105,0.946850393700787));
#3698=CARTESIAN_POINT('',(-4.188,4.105,0.946850393700787));
#3699=CARTESIAN_POINT('',(-5.312,4.105,32.5718503937008));
#3700=CARTESIAN_POINT('',(-5.312,4.105,0.946850393700787));
#3701=CARTESIAN_POINT('',(-4.188,4.105,32.5718503937008));
#3702=CARTESIAN_POINT('',(-4.188,4.105,32.5718503937008));
#3703=CARTESIAN_POINT('',(-4.188,4.105,0.946850393700787));
#3704=CARTESIAN_POINT('',(-4.66416666229233,4.105,29.9797596459767));
#3705=CARTESIAN_POINT('Origin',(-4.67750000000011,4.105,29.9420472441017));
#3706=CARTESIAN_POINT('',(-4.67750000000011,4.105,29.9986158283549));
#3707=CARTESIAN_POINT('Origin',(-4.65750000000011,4.105,29.9986158283549));
#3708=CARTESIAN_POINT('',(-4.67750000000011,4.105,30.895478659847));
#3709=CARTESIAN_POINT('',(-4.67750000000011,4.105,15.4444488189012));
#3710=CARTESIAN_POINT('',(-4.66416666229233,4.105,30.9143348422252));
#3711=CARTESIAN_POINT('Origin',(-4.65750000000011,4.105,30.895478659847));
#3712=CARTESIAN_POINT('',(-4.71521240187507,4.105,30.965380581808));
#3713=CARTESIAN_POINT('Origin',(-4.67750000000011,4.105,30.9520472441002));
#3714=CARTESIAN_POINT('',(-4.73406858425331,4.105,30.9520472441002));
#3715=CARTESIAN_POINT('Origin',(-4.73406858425331,4.105,30.9720472441002));
#3716=CARTESIAN_POINT('',(-4.76593141574729,4.105,30.9520472441002));
#3717=CARTESIAN_POINT('',(-4.43275000000006,4.105,30.9520472441002));
#3718=CARTESIAN_POINT('',(-4.78478759812554,4.105,30.965380581808));
#3719=CARTESIAN_POINT('Origin',(-4.76593141574729,4.105,30.9720472441002));
#3720=CARTESIAN_POINT('',(-4.83583333770827,4.105,30.9143348422252));
#3721=CARTESIAN_POINT('Origin',(-4.82250000000049,4.105,30.9520472441002));
#3722=CARTESIAN_POINT('',(-4.82250000000049,4.105,30.895478659847));
#3723=CARTESIAN_POINT('Origin',(-4.84250000000049,4.105,30.895478659847));
#3724=CARTESIAN_POINT('',(-4.82250000000049,4.105,29.9986158283549));
#3725=CARTESIAN_POINT('',(-4.82250000000049,4.105,15.9494488189005));
#3726=CARTESIAN_POINT('',(-4.83583333770827,4.105,29.9797596459767));
#3727=CARTESIAN_POINT('Origin',(-4.84250000000049,4.105,29.9986158283549));
#3728=CARTESIAN_POINT('',(-4.78478759812554,4.105,29.9287139063939));
#3729=CARTESIAN_POINT('Origin',(-4.82250000000049,4.105,29.9420472441017));
#3730=CARTESIAN_POINT('',(-4.76593141574729,4.105,29.9420472441017));
#3731=CARTESIAN_POINT('Origin',(-4.76593141574729,4.105,29.9220472441017));
#3732=CARTESIAN_POINT('',(-4.50525000000024,4.105,29.9420472441017));
#3733=CARTESIAN_POINT('',(-4.66416666229233,4.105,3.53913799182633));
#3734=CARTESIAN_POINT('',(-4.67750000000011,4.105,3.52028180944809));
#3735=CARTESIAN_POINT('Origin',(-4.65750000000011,4.105,3.52028180944809));
#3736=CARTESIAN_POINT('',(-4.71521240187507,4.105,3.59018373140907));
#3737=CARTESIAN_POINT('Origin',(-4.67750000000011,4.105,3.57685039370128));
#3738=CARTESIAN_POINT('',(-4.73406858425331,4.105,3.57685039370128));
#3739=CARTESIAN_POINT('Origin',(-4.73406858425331,4.105,3.59685039370128));
#3740=CARTESIAN_POINT('',(-4.76593141574729,4.105,3.57685039370128));
#3741=CARTESIAN_POINT('',(-4.43275000000006,4.105,3.57685039370128));
#3742=CARTESIAN_POINT('',(-4.78478759812554,4.105,3.59018373140907));
#3743=CARTESIAN_POINT('Origin',(-4.76593141574729,4.105,3.59685039370128));
#3744=CARTESIAN_POINT('',(-4.83583333770827,4.105,3.53913799182633));
#3745=CARTESIAN_POINT('Origin',(-4.82250000000049,4.105,3.57685039370128));
#3746=CARTESIAN_POINT('',(-4.82250000000049,4.105,3.52028180944809));
#3747=CARTESIAN_POINT('Origin',(-4.84250000000049,4.105,3.52028180944809));
#3748=CARTESIAN_POINT('',(-4.82250000000049,4.105,2.62341897795314));
#3749=CARTESIAN_POINT('',(-4.82250000000049,4.105,2.26185039370104));
#3750=CARTESIAN_POINT('',(-4.83583333770827,4.105,2.6045627955749));
#3751=CARTESIAN_POINT('Origin',(-4.84250000000049,4.105,2.62341897795314));
#3752=CARTESIAN_POINT('',(-4.78478759812553,4.105,2.55351705599216));
#3753=CARTESIAN_POINT('Origin',(-4.82250000000049,4.105,2.56685039369995));
#3754=CARTESIAN_POINT('',(-4.76593141574729,4.105,2.56685039369995));
#3755=CARTESIAN_POINT('Origin',(-4.76593141574729,4.105,2.54685039369995));
#3756=CARTESIAN_POINT('',(-4.73406858425331,4.105,2.56685039369995));
#3757=CARTESIAN_POINT('',(-4.50525000000024,4.105,2.56685039369995));
#3758=CARTESIAN_POINT('',(-4.71521240187507,4.105,2.55351705599216));
#3759=CARTESIAN_POINT('Origin',(-4.73406858425331,4.105,2.54685039369995));
#3760=CARTESIAN_POINT('',(-4.66416666229233,4.105,2.6045627955749));
#3761=CARTESIAN_POINT('Origin',(-4.67750000000011,4.105,2.56685039369995));
#3762=CARTESIAN_POINT('',(-4.67750000000011,4.105,2.62341897795314));
#3763=CARTESIAN_POINT('Origin',(-4.65750000000011,4.105,2.62341897795314));
#3764=CARTESIAN_POINT('',(-4.67750000000011,4.105,1.75685039370037));
#3765=CARTESIAN_POINT('',(-4.66416666229233,4.105,17.2267364170272));
#3766=CARTESIAN_POINT('',(-4.67750000000011,4.105,17.207880234649));
#3767=CARTESIAN_POINT('Origin',(-4.65750000000011,4.105,17.207880234649));
#3768=CARTESIAN_POINT('',(-4.71521240187507,4.105,17.2777821566099));
#3769=CARTESIAN_POINT('Origin',(-4.67750000000011,4.105,17.2644488189022));
#3770=CARTESIAN_POINT('',(-4.73406858425331,4.105,17.2644488189022));
#3771=CARTESIAN_POINT('Origin',(-4.73406858425331,4.105,17.2844488189022));
#3772=CARTESIAN_POINT('',(-4.76593141574729,4.105,17.2644488189022));
#3773=CARTESIAN_POINT('',(-4.43275000000006,4.105,17.2644488189022));
#3774=CARTESIAN_POINT('',(-4.78478759812554,4.105,17.2777821566099));
#3775=CARTESIAN_POINT('Origin',(-4.76593141574729,4.105,17.2844488189022));
#3776=CARTESIAN_POINT('',(-4.83583333770827,4.105,17.2267364170272));
#3777=CARTESIAN_POINT('Origin',(-4.82250000000049,4.105,17.2644488189022));
#3778=CARTESIAN_POINT('',(-4.82250000000049,4.105,17.207880234649));
#3779=CARTESIAN_POINT('Origin',(-4.84250000000049,4.105,17.207880234649));
#3780=CARTESIAN_POINT('',(-4.82250000000049,4.105,16.311017403154));
#3781=CARTESIAN_POINT('',(-4.82250000000049,4.105,9.10564960630147));
#3782=CARTESIAN_POINT('',(-4.83583333770827,4.105,16.2921612207758));
#3783=CARTESIAN_POINT('Origin',(-4.84250000000049,4.105,16.311017403154));
#3784=CARTESIAN_POINT('',(-4.78478759812554,4.105,16.241115481193));
#3785=CARTESIAN_POINT('Origin',(-4.82250000000049,4.105,16.2544488189008));
#3786=CARTESIAN_POINT('',(-4.76593141574729,4.105,16.2544488189008));
#3787=CARTESIAN_POINT('Origin',(-4.76593141574729,4.105,16.2344488189008));
#3788=CARTESIAN_POINT('',(-4.73406858425331,4.105,16.2544488189008));
#3789=CARTESIAN_POINT('',(-4.50525000000024,4.105,16.2544488189008));
#3790=CARTESIAN_POINT('',(-4.71521240187507,4.105,16.241115481193));
#3791=CARTESIAN_POINT('Origin',(-4.73406858425331,4.105,16.2344488189008));
#3792=CARTESIAN_POINT('',(-4.66416666229233,4.105,16.2921612207758));
#3793=CARTESIAN_POINT('Origin',(-4.67750000000011,4.105,16.2544488189008));
#3794=CARTESIAN_POINT('',(-4.67750000000011,4.105,16.311017403154));
#3795=CARTESIAN_POINT('Origin',(-4.65750000000011,4.105,16.311017403154));
#3796=CARTESIAN_POINT('',(-4.67750000000011,4.105,8.60064960630081));
#3797=CARTESIAN_POINT('Origin',(-4.67750000000011,4.105,29.9420472441017));
#3798=CARTESIAN_POINT('',(-4.66416666229233,4.,29.9797596459767));
#3799=CARTESIAN_POINT('Origin',(-4.67750000000011,4.,29.9420472441017));
#3800=CARTESIAN_POINT('',(-4.66416666229233,4.105,29.9797596459767));
#3801=CARTESIAN_POINT('Origin',(-4.65750000000011,4.105,29.9986158283549));
#3802=CARTESIAN_POINT('',(-4.67750000000011,4.,29.9986158283549));
#3803=CARTESIAN_POINT('Origin',(-4.65750000000011,4.,29.9986158283549));
#3804=CARTESIAN_POINT('',(-4.67750000000011,4.105,29.9986158283549));
#3805=CARTESIAN_POINT('Origin',(-4.65750000000011,4.105,3.52028180944809));
#3806=CARTESIAN_POINT('',(-4.67750000000011,4.,3.52028180944809));
#3807=CARTESIAN_POINT('',(-4.67750000000011,4.105,3.52028180944809));
#3808=CARTESIAN_POINT('',(-4.66416666229233,4.,3.53913799182633));
#3809=CARTESIAN_POINT('Origin',(-4.65750000000011,4.,3.52028180944809));
#3810=CARTESIAN_POINT('',(-4.66416666229233,4.105,3.53913799182633));
#3811=CARTESIAN_POINT('Origin',(-4.67750000000011,4.105,3.57685039370128));
#3812=CARTESIAN_POINT('',(-4.71521240187507,4.,3.59018373140907));
#3813=CARTESIAN_POINT('Origin',(-4.67750000000011,4.,3.57685039370128));
#3814=CARTESIAN_POINT('',(-4.71521240187507,4.105,3.59018373140907));
#3815=CARTESIAN_POINT('Origin',(-4.73406858425331,4.105,3.59685039370128));
#3816=CARTESIAN_POINT('',(-4.73406858425331,4.,3.57685039370128));
#3817=CARTESIAN_POINT('Origin',(-4.73406858425331,4.,3.59685039370128));
#3818=CARTESIAN_POINT('',(-4.73406858425331,4.105,3.57685039370128));
#3819=CARTESIAN_POINT('Origin',(-4.73406858425331,4.105,2.54685039369995));
#3820=CARTESIAN_POINT('',(-4.73406858425331,4.,2.56685039369995));
#3821=CARTESIAN_POINT('',(-4.73406858425331,4.105,2.56685039369995));
#3822=CARTESIAN_POINT('',(-4.71521240187507,4.,2.55351705599216));
#3823=CARTESIAN_POINT('Origin',(-4.73406858425331,4.,2.54685039369995));
#3824=CARTESIAN_POINT('',(-4.71521240187507,4.105,2.55351705599216));
#3825=CARTESIAN_POINT('Origin',(-4.67750000000011,4.105,2.56685039369995));
#3826=CARTESIAN_POINT('',(-4.66416666229233,4.,2.6045627955749));
#3827=CARTESIAN_POINT('Origin',(-4.67750000000011,4.,2.56685039369995));
#3828=CARTESIAN_POINT('',(-4.66416666229233,4.105,2.6045627955749));
#3829=CARTESIAN_POINT('Origin',(-4.65750000000011,4.105,2.62341897795314));
#3830=CARTESIAN_POINT('',(-4.67750000000011,4.,2.62341897795314));
#3831=CARTESIAN_POINT('Origin',(-4.65750000000011,4.,2.62341897795314));
#3832=CARTESIAN_POINT('',(-4.67750000000011,4.105,2.62341897795314));
#3833=CARTESIAN_POINT('Origin',(-4.65750000000011,4.105,17.207880234649));
#3834=CARTESIAN_POINT('',(-4.67750000000011,4.,17.207880234649));
#3835=CARTESIAN_POINT('',(-4.67750000000011,4.105,17.207880234649));
#3836=CARTESIAN_POINT('',(-4.66416666229233,4.,17.2267364170272));
#3837=CARTESIAN_POINT('Origin',(-4.65750000000011,4.,17.207880234649));
#3838=CARTESIAN_POINT('',(-4.66416666229233,4.105,17.2267364170272));
#3839=CARTESIAN_POINT('Origin',(-4.67750000000011,4.105,17.2644488189022));
#3840=CARTESIAN_POINT('',(-4.71521240187507,4.,17.2777821566099));
#3841=CARTESIAN_POINT('Origin',(-4.67750000000011,4.,17.2644488189022));
#3842=CARTESIAN_POINT('',(-4.71521240187507,4.105,17.2777821566099));
#3843=CARTESIAN_POINT('Origin',(-4.73406858425331,4.105,17.2844488189022));
#3844=CARTESIAN_POINT('',(-4.73406858425331,4.,17.2644488189022));
#3845=CARTESIAN_POINT('Origin',(-4.73406858425331,4.,17.2844488189022));
#3846=CARTESIAN_POINT('',(-4.73406858425331,4.105,17.2644488189022));
#3847=CARTESIAN_POINT('Origin',(-4.73406858425331,4.105,16.2344488189008));
#3848=CARTESIAN_POINT('',(-4.73406858425331,4.,16.2544488189008));
#3849=CARTESIAN_POINT('',(-4.73406858425331,4.105,16.2544488189008));
#3850=CARTESIAN_POINT('',(-4.71521240187507,4.,16.241115481193));
#3851=CARTESIAN_POINT('Origin',(-4.73406858425331,4.,16.2344488189008));
#3852=CARTESIAN_POINT('',(-4.71521240187507,4.105,16.241115481193));
#3853=CARTESIAN_POINT('Origin',(-4.67750000000011,4.105,16.2544488189008));
#3854=CARTESIAN_POINT('',(-4.66416666229233,4.,16.2921612207758));
#3855=CARTESIAN_POINT('Origin',(-4.67750000000011,4.,16.2544488189008));
#3856=CARTESIAN_POINT('',(-4.66416666229233,4.105,16.2921612207758));
#3857=CARTESIAN_POINT('Origin',(-4.65750000000011,4.105,16.311017403154));
#3858=CARTESIAN_POINT('',(-4.67750000000011,4.,16.311017403154));
#3859=CARTESIAN_POINT('Origin',(-4.65750000000011,4.,16.311017403154));
#3860=CARTESIAN_POINT('',(-4.67750000000011,4.105,16.311017403154));
#3861=CARTESIAN_POINT('Origin',(-4.84250000000049,4.105,16.311017403154));
#3862=CARTESIAN_POINT('',(-4.82250000000049,4.,16.311017403154));
#3863=CARTESIAN_POINT('',(-4.82250000000049,4.105,16.311017403154));
#3864=CARTESIAN_POINT('',(-4.83583333770827,4.,16.2921612207758));
#3865=CARTESIAN_POINT('Origin',(-4.84250000000049,4.,16.311017403154));
#3866=CARTESIAN_POINT('',(-4.83583333770827,4.105,16.2921612207758));
#3867=CARTESIAN_POINT('Origin',(-4.82250000000049,4.105,16.2544488189008));
#3868=CARTESIAN_POINT('',(-4.78478759812554,4.,16.241115481193));
#3869=CARTESIAN_POINT('Origin',(-4.82250000000049,4.,16.2544488189008));
#3870=CARTESIAN_POINT('',(-4.78478759812554,4.105,16.241115481193));
#3871=CARTESIAN_POINT('Origin',(-4.76593141574729,4.105,16.2344488189008));
#3872=CARTESIAN_POINT('',(-4.76593141574729,4.,16.2544488189008));
#3873=CARTESIAN_POINT('Origin',(-4.76593141574729,4.,16.2344488189008));
#3874=CARTESIAN_POINT('',(-4.76593141574729,4.105,16.2544488189008));
#3875=CARTESIAN_POINT('Origin',(-4.84250000000049,4.105,17.207880234649));
#3876=CARTESIAN_POINT('',(-4.83583333770827,4.,17.2267364170272));
#3877=CARTESIAN_POINT('',(-4.82250000000049,4.,17.207880234649));
#3878=CARTESIAN_POINT('Origin',(-4.84250000000049,4.,17.207880234649));
#3879=CARTESIAN_POINT('',(-4.82250000000049,4.105,17.207880234649));
#3880=CARTESIAN_POINT('',(-4.83583333770827,4.105,17.2267364170272));
#3881=CARTESIAN_POINT('Origin',(-4.82250000000049,4.105,17.2644488189022));
#3882=CARTESIAN_POINT('',(-4.78478759812554,4.,17.2777821566099));
#3883=CARTESIAN_POINT('',(-4.78478759812554,4.105,17.2777821566099));
#3884=CARTESIAN_POINT('Origin',(-4.82250000000049,4.,17.2644488189022));
#3885=CARTESIAN_POINT('Origin',(-4.76593141574729,4.105,17.2844488189022));
#3886=CARTESIAN_POINT('',(-4.76593141574729,4.,17.2644488189022));
#3887=CARTESIAN_POINT('',(-4.76593141574729,4.105,17.2644488189022));
#3888=CARTESIAN_POINT('Origin',(-4.76593141574729,4.,17.2844488189022));
#3889=CARTESIAN_POINT('Origin',(-4.67750000000011,4.105,17.2644488189022));
#3890=CARTESIAN_POINT('',(-4.99475000000006,4.,17.2644488189022));
#3891=CARTESIAN_POINT('Origin',(-4.84250000000049,4.105,2.62341897795314));
#3892=CARTESIAN_POINT('',(-4.82250000000049,4.,2.62341897795314));
#3893=CARTESIAN_POINT('',(-4.82250000000049,4.105,2.62341897795314));
#3894=CARTESIAN_POINT('',(-4.83583333770827,4.,2.6045627955749));
#3895=CARTESIAN_POINT('Origin',(-4.84250000000049,4.,2.62341897795314));
#3896=CARTESIAN_POINT('',(-4.83583333770827,4.105,2.6045627955749));
#3897=CARTESIAN_POINT('Origin',(-4.82250000000049,4.105,2.56685039369995));
#3898=CARTESIAN_POINT('',(-4.78478759812553,4.,2.55351705599216));
#3899=CARTESIAN_POINT('Origin',(-4.82250000000049,4.,2.56685039369995));
#3900=CARTESIAN_POINT('',(-4.78478759812553,4.105,2.55351705599216));
#3901=CARTESIAN_POINT('Origin',(-4.76593141574729,4.105,2.54685039369995));
#3902=CARTESIAN_POINT('',(-4.76593141574729,4.,2.56685039369995));
#3903=CARTESIAN_POINT('Origin',(-4.76593141574729,4.,2.54685039369995));
#3904=CARTESIAN_POINT('',(-4.76593141574729,4.105,2.56685039369995));
#3905=CARTESIAN_POINT('Origin',(-4.84250000000049,4.105,3.52028180944809));
#3906=CARTESIAN_POINT('',(-4.83583333770827,4.,3.53913799182633));
#3907=CARTESIAN_POINT('',(-4.82250000000049,4.,3.52028180944809));
#3908=CARTESIAN_POINT('Origin',(-4.84250000000049,4.,3.52028180944809));
#3909=CARTESIAN_POINT('',(-4.82250000000049,4.105,3.52028180944809));
#3910=CARTESIAN_POINT('',(-4.83583333770827,4.105,3.53913799182633));
#3911=CARTESIAN_POINT('Origin',(-4.82250000000049,4.105,3.57685039370128));
#3912=CARTESIAN_POINT('',(-4.78478759812554,4.,3.59018373140907));
#3913=CARTESIAN_POINT('',(-4.78478759812554,4.105,3.59018373140907));
#3914=CARTESIAN_POINT('Origin',(-4.82250000000049,4.,3.57685039370128));
#3915=CARTESIAN_POINT('Origin',(-4.76593141574729,4.105,3.59685039370128));
#3916=CARTESIAN_POINT('',(-4.76593141574729,4.,3.57685039370128));
#3917=CARTESIAN_POINT('',(-4.76593141574729,4.105,3.57685039370128));
#3918=CARTESIAN_POINT('Origin',(-4.76593141574729,4.,3.59685039370128));
#3919=CARTESIAN_POINT('Origin',(-4.67750000000011,4.105,3.57685039370128));
#3920=CARTESIAN_POINT('',(-4.99475000000006,4.,3.57685039370128));
#3921=CARTESIAN_POINT('Origin',(-4.84250000000049,4.105,29.9986158283549));
#3922=CARTESIAN_POINT('',(-4.82250000000049,4.,29.9986158283549));
#3923=CARTESIAN_POINT('',(-4.82250000000049,4.105,29.9986158283549));
#3924=CARTESIAN_POINT('',(-4.83583333770827,4.,29.9797596459767));
#3925=CARTESIAN_POINT('Origin',(-4.84250000000049,4.,29.9986158283549));
#3926=CARTESIAN_POINT('',(-4.83583333770827,4.105,29.9797596459767));
#3927=CARTESIAN_POINT('Origin',(-4.82250000000049,4.105,29.9420472441017));
#3928=CARTESIAN_POINT('',(-4.78478759812554,4.,29.9287139063939));
#3929=CARTESIAN_POINT('Origin',(-4.82250000000049,4.,29.9420472441017));
#3930=CARTESIAN_POINT('',(-4.78478759812553,4.105,29.9287139063939));
#3931=CARTESIAN_POINT('Origin',(-4.76593141574729,4.105,29.9220472441017));
#3932=CARTESIAN_POINT('',(-4.76593141574729,4.,29.9420472441017));
#3933=CARTESIAN_POINT('Origin',(-4.76593141574729,4.,29.9220472441017));
#3934=CARTESIAN_POINT('',(-4.76593141574729,4.105,29.9420472441017));
#3935=CARTESIAN_POINT('Origin',(-4.84250000000049,4.105,30.895478659847));
#3936=CARTESIAN_POINT('',(-4.83583333770827,4.,30.9143348422252));
#3937=CARTESIAN_POINT('',(-4.82250000000049,4.,30.895478659847));
#3938=CARTESIAN_POINT('Origin',(-4.84250000000049,4.,30.895478659847));
#3939=CARTESIAN_POINT('',(-4.82250000000049,4.105,30.895478659847));
#3940=CARTESIAN_POINT('',(-4.83583333770827,4.105,30.9143348422252));
#3941=CARTESIAN_POINT('Origin',(-4.82250000000049,4.105,30.9520472441002));
#3942=CARTESIAN_POINT('',(-4.78478759812554,4.,30.965380581808));
#3943=CARTESIAN_POINT('',(-4.78478759812553,4.105,30.965380581808));
#3944=CARTESIAN_POINT('Origin',(-4.82250000000049,4.,30.9520472441002));
#3945=CARTESIAN_POINT('Origin',(-4.76593141574729,4.105,30.9720472441002));
#3946=CARTESIAN_POINT('',(-4.76593141574729,4.,30.9520472441002));
#3947=CARTESIAN_POINT('',(-4.76593141574729,4.105,30.9520472441002));
#3948=CARTESIAN_POINT('Origin',(-4.76593141574729,4.,30.9720472441002));
#3949=CARTESIAN_POINT('Origin',(-4.67750000000011,4.105,30.9520472441002));
#3950=CARTESIAN_POINT('',(-4.73406858425331,4.,30.9520472441002));
#3951=CARTESIAN_POINT('',(-4.73406858425331,4.105,30.9520472441002));
#3952=CARTESIAN_POINT('',(-4.99475000000006,4.,30.9520472441002));
#3953=CARTESIAN_POINT('Origin',(-4.65750000000011,4.105,30.895478659847));
#3954=CARTESIAN_POINT('',(-4.67750000000011,4.,30.895478659847));
#3955=CARTESIAN_POINT('',(-4.67750000000011,4.105,30.895478659847));
#3956=CARTESIAN_POINT('',(-4.66416666229233,4.,30.9143348422252));
#3957=CARTESIAN_POINT('Origin',(-4.65750000000011,4.,30.895478659847));
#3958=CARTESIAN_POINT('',(-4.66416666229233,4.105,30.9143348422252));
#3959=CARTESIAN_POINT('Origin',(-4.67750000000011,4.105,29.9420472441017));
#3960=CARTESIAN_POINT('',(-4.67750000000011,4.,15.4444488189012));
#3961=CARTESIAN_POINT('Origin',(-4.73406858425331,4.105,30.9720472441002));
#3962=CARTESIAN_POINT('',(-4.71521240187507,4.,30.965380581808));
#3963=CARTESIAN_POINT('Origin',(-4.73406858425331,4.,30.9720472441002));
#3964=CARTESIAN_POINT('',(-4.71521240187507,4.105,30.965380581808));
#3965=CARTESIAN_POINT('Origin',(-4.67750000000011,4.105,30.9520472441002));
#3966=CARTESIAN_POINT('Origin',(-4.67750000000011,4.,30.9520472441002));
#3967=CARTESIAN_POINT('Origin',(-4.82250000000049,4.105,16.2544488189008));
#3968=CARTESIAN_POINT('',(-5.06725000000024,4.,16.2544488189008));
#3969=CARTESIAN_POINT('Origin',(-4.82250000000049,4.105,2.56685039369995));
#3970=CARTESIAN_POINT('',(-5.06725000000024,4.,2.56685039369995));
#3971=CARTESIAN_POINT('Origin',(-5.312,4.,0.946850393700787));
#3972=CARTESIAN_POINT('',(-5.312,4.,0.946850393700787));
#3973=CARTESIAN_POINT('',(-4.188,4.,0.946850393700787));
#3974=CARTESIAN_POINT('',(-5.312,4.,0.946850393700787));
#3975=CARTESIAN_POINT('',(-4.188,4.,32.5718503937008));
#3976=CARTESIAN_POINT('',(-4.188,4.,0.946850393700787));
#3977=CARTESIAN_POINT('',(-5.312,4.,32.5718503937008));
#3978=CARTESIAN_POINT('',(-5.312,4.,32.5718503937008));
#3979=CARTESIAN_POINT('',(-5.312,4.,0.946850393700787));
#3980=CARTESIAN_POINT('',(-5.06725000000024,4.,29.9420472441017));
#3981=CARTESIAN_POINT('',(-4.82250000000049,4.,15.9494488189005));
#3982=CARTESIAN_POINT('',(-4.67750000000011,4.,1.75685039370037));
#3983=CARTESIAN_POINT('',(-4.82250000000049,4.,2.26185039370104));
#3984=CARTESIAN_POINT('',(-4.67750000000011,4.,8.60064960630081));
#3985=CARTESIAN_POINT('',(-4.82250000000049,4.,9.10564960630147));
#3986=CARTESIAN_POINT('Origin',(-4.82250000000049,4.105,29.9420472441017));
#3987=CARTESIAN_POINT('Origin',(-4.82250000000049,4.105,17.2644488189022));
#3988=CARTESIAN_POINT('Origin',(-4.67750000000011,4.105,16.2544488189008));
#3989=CARTESIAN_POINT('Origin',(-4.82250000000049,4.105,3.57685039370128));
#3990=CARTESIAN_POINT('Origin',(-4.67750000000011,4.105,2.56685039369995));
#3991=CARTESIAN_POINT('Origin',(-4.82250000000049,4.105,30.9520472441002));
#3992=CARTESIAN_POINT('Origin',(-4.188,5.312,0.946850393700787));
#3993=CARTESIAN_POINT('',(-4.188,5.395,0.946850393700787));
#3994=CARTESIAN_POINT('Origin',(-4.188,5.312,0.946850393700787));
#3995=CARTESIAN_POINT('',(-4.188,5.395,32.5718503937008));
#3996=CARTESIAN_POINT('Origin',(-4.188,5.312,32.5718503937008));
#3997=CARTESIAN_POINT('',(-4.188,5.395,0.946850393700787));
#3998=CARTESIAN_POINT('Origin',(-5.312,5.395,0.946850393700787));
#3999=CARTESIAN_POINT('',(-5.312,5.395,0.946850393700787));
#4000=CARTESIAN_POINT('',(-5.312,5.395,0.946850393700787));
#4001=CARTESIAN_POINT('',(-5.312,5.395,32.5718503937008));
#4002=CARTESIAN_POINT('',(-5.312,5.395,32.5718503937008));
#4003=CARTESIAN_POINT('',(-5.312,5.395,0.946850393700787));
#4004=CARTESIAN_POINT('Origin',(-5.312,5.312,0.946850393700787));
#4005=CARTESIAN_POINT('',(-5.395,5.312,0.946850393700787));
#4006=CARTESIAN_POINT('Origin',(-5.312,5.312,0.946850393700787));
#4007=CARTESIAN_POINT('',(-5.395,5.312,32.5718503937008));
#4008=CARTESIAN_POINT('Origin',(-5.312,5.312,32.5718503937008));
#4009=CARTESIAN_POINT('',(-5.395,5.312,0.946850393700787));
#4010=CARTESIAN_POINT('Origin',(-5.395,4.188,0.946850393700787));
#4011=CARTESIAN_POINT('',(-5.395,4.188,0.946850393700787));
#4012=CARTESIAN_POINT('',(-5.395,4.188,0.946850393700787));
#4013=CARTESIAN_POINT('',(-5.395,4.188,32.5718503937008));
#4014=CARTESIAN_POINT('',(-5.395,4.188,32.5718503937008));
#4015=CARTESIAN_POINT('',(-5.395,4.188,0.946850393700787));
#4016=CARTESIAN_POINT('Origin',(-5.312,4.188,0.946850393700787));
#4017=CARTESIAN_POINT('Origin',(-5.312,4.188,0.946850393700787));
#4018=CARTESIAN_POINT('Origin',(-5.312,4.188,32.5718503937008));
#4019=CARTESIAN_POINT('Origin',(-4.188,4.188,0.946850393700787));
#4020=CARTESIAN_POINT('Origin',(-4.188,4.188,0.946850393700787));
#4021=CARTESIAN_POINT('Origin',(-4.188,4.188,32.5718503937008));
#4022=CARTESIAN_POINT('Origin',(-5.312,4.188,0.946850393700787));
#4023=CARTESIAN_POINT('',(-5.5,4.188,0.946850393700787));
#4024=CARTESIAN_POINT('Origin',(-5.312,4.188,0.946850393700787));
#4025=CARTESIAN_POINT('',(-5.5,4.188,32.5718503937008));
#4026=CARTESIAN_POINT('Origin',(-5.312,4.188,32.5718503937008));
#4027=CARTESIAN_POINT('',(-5.5,4.188,0.946850393700787));
#4028=CARTESIAN_POINT('Origin',(-5.5,5.312,0.946850393700787));
#4029=CARTESIAN_POINT('',(-5.5,5.312,0.946850393700787));
#4030=CARTESIAN_POINT('',(-5.5,5.312,0.946850393700787));
#4031=CARTESIAN_POINT('',(-5.5,5.312,32.5718503937008));
#4032=CARTESIAN_POINT('',(-5.5,5.312,32.5718503937008));
#4033=CARTESIAN_POINT('',(-5.5,5.312,0.946850393700787));
#4034=CARTESIAN_POINT('Origin',(-5.312,5.312,0.946850393700787));
#4035=CARTESIAN_POINT('',(-5.312,5.5,0.946850393700787));
#4036=CARTESIAN_POINT('Origin',(-5.312,5.312,0.946850393700787));
#4037=CARTESIAN_POINT('',(-5.312,5.5,32.5718503937008));
#4038=CARTESIAN_POINT('Origin',(-5.312,5.312,32.5718503937008));
#4039=CARTESIAN_POINT('',(-5.312,5.5,0.946850393700787));
#4040=CARTESIAN_POINT('Origin',(-4.188,5.5,0.946850393700787));
#4041=CARTESIAN_POINT('',(-4.188,5.5,0.946850393700787));
#4042=CARTESIAN_POINT('',(-4.188,5.5,0.946850393700787));
#4043=CARTESIAN_POINT('',(-4.188,5.5,32.5718503937008));
#4044=CARTESIAN_POINT('',(-4.188,5.5,32.5718503937008));
#4045=CARTESIAN_POINT('',(-4.188,5.5,0.946850393700787));
#4046=CARTESIAN_POINT('Origin',(-4.188,5.312,0.946850393700787));
#4047=CARTESIAN_POINT('Origin',(-4.188,5.312,0.946850393700787));
#4048=CARTESIAN_POINT('Origin',(-4.188,5.312,32.5718503937008));
#4049=CARTESIAN_POINT('Origin',(-4.188,4.188,0.946850393700787));
#4050=CARTESIAN_POINT('Origin',(-4.188,4.188,0.946850393700787));
#4051=CARTESIAN_POINT('Origin',(-4.188,4.188,32.5718503937008));
#4052=CARTESIAN_POINT('Origin',(-4.75,4.75,32.5718503937008));
#4053=CARTESIAN_POINT('Origin',(-4.75,4.75,0.946850393700787));
#4054=UNCERTAINTY_MEASURE_WITH_UNIT(LENGTH_MEASURE(0.000393700787401575),
#4060,'DISTANCE_ACCURACY_VALUE',
'Maximum model space distance between geometric entities at asserted c
onnectivities');
#4055=UNCERTAINTY_MEASURE_WITH_UNIT(LENGTH_MEASURE(0.000393700787401575),
#4060,'DISTANCE_ACCURACY_VALUE',
'Maximum model space distance between geometric entities at asserted c
onnectivities');
#4056=(
GEOMETRIC_REPRESENTATION_CONTEXT(3)
GLOBAL_UNCERTAINTY_ASSIGNED_CONTEXT((#4054))
GLOBAL_UNIT_ASSIGNED_CONTEXT((#4060,#4064,#4065))
REPRESENTATION_CONTEXT('','3D')
);
#4057=(
GEOMETRIC_REPRESENTATION_CONTEXT(3)
GLOBAL_UNCERTAINTY_ASSIGNED_CONTEXT((#4055))
GLOBAL_UNIT_ASSIGNED_CONTEXT((#4060,#4064,#4065))
REPRESENTATION_CONTEXT('','3D')
);
#4058=DIMENSIONAL_EXPONENTS(1.,0.,0.,0.,0.,0.,0.);
#4059=DIMENSIONAL_EXPONENTS(0.,1.,0.,0.,0.,0.,0.);
#4060=(
CONVERSION_BASED_UNIT('inch',#4063)
LENGTH_UNIT()
NAMED_UNIT(#4058)
);
#4061=(
LENGTH_UNIT()
NAMED_UNIT(*)
SI_UNIT(.MILLI.,.METRE.)
);
#4062=(
LENGTH_UNIT()
NAMED_UNIT(*)
SI_UNIT(.CENTI.,.METRE.)
);
#4063=LENGTH_MEASURE_WITH_UNIT(LENGTH_MEASURE(25.4),#4061);
#4064=(
NAMED_UNIT(*)
PLANE_ANGLE_UNIT()
SI_UNIT($,.RADIAN.)
);
#4065=(
NAMED_UNIT(*)
SI_UNIT($,.STERADIAN.)
SOLID_ANGLE_UNIT()
);
#4066=SHAPE_DEFINITION_REPRESENTATION(#4067,#4068);
#4067=PRODUCT_DEFINITION_SHAPE('',$,#4070);
#4068=SHAPE_REPRESENTATION('',(#2378),#4056);
#4069=PRODUCT_DEFINITION_CONTEXT('part definition',#4074,'design');
#4070=PRODUCT_DEFINITION('TA-1006','Corner Post',#4071,#4069);
#4071=PRODUCT_DEFINITION_FORMATION('',$,#4076);
#4072=PRODUCT_RELATED_PRODUCT_CATEGORY('Corner Post','Corner Post',(#4076));
#4073=APPLICATION_PROTOCOL_DEFINITION('international standard',
'automotive_design',2009,#4074);
#4074=APPLICATION_CONTEXT(
'Core Data for Automotive Mechanical Design Process');
#4075=PRODUCT_CONTEXT('part definition',#4074,'mechanical');
#4076=PRODUCT('TA-1006','Corner Post','Back Left Corner Tube',(#4075));
#4077=PRESENTATION_STYLE_ASSIGNMENT((#4078));
#4078=SURFACE_STYLE_USAGE(.BOTH.,#4081);
#4079=SURFACE_STYLE_RENDERING_WITH_PROPERTIES($,#4085,(#4080));
#4080=SURFACE_STYLE_TRANSPARENT(0.);
#4081=SURFACE_SIDE_STYLE('',(#4082,#4079));
#4082=SURFACE_STYLE_FILL_AREA(#4083);
#4083=FILL_AREA_STYLE('',(#4084));
#4084=FILL_AREA_STYLE_COLOUR('',#4085);
#4085=COLOUR_RGB('',0.749019607843137,0.749019607843137,0.749019607843137);
ENDSEC;
END-ISO-10303-21;
