ISO-10303-21;
HEADER;
FILE_DESCRIPTION (( 'STEP AP203' ),
    '1' );
FILE_NAME ('92979A467_Zinc-Plated Grade 5 Steel Flanged Hex Head Screws.STEP',
    '2025-09-19T12:43:58',
    ( 'Administrator' ),
    ( 'Managed by Terraform' ),
    'SwSTEP 2.0',
    'SolidWorks 2017',
    '' );
FILE_SCHEMA (( 'CONFIG_CONTROL_DESIGN' ));
ENDSEC;

DATA;
#1 = CARTESIAN_POINT ( 'NONE',  ( 0.4307692307692299000, 0.1236296624955716700, -0.1701616322928578600 ) ) ;
#2 = CARTESIAN_POINT ( 'NONE',  ( 1.250000000000000000, 0.0000000000000000000, 0.0000000000000000000 ) ) ;
#3 = CARTESIAN_POINT ( 'NONE',  ( 0.9134615384615382100, -3.863724120272764700E-017, 0.2103313446762957200 ) ) ;
#4 = CARTESIAN_POINT ( 'NONE',  ( 0.2211538461538450600, 1.312677245723006800E-017, -0.2499999999999999700 ) ) ;
#5 = CARTESIAN_POINT ( 'NONE',  ( -0.1750000000000012700, 0.1618333292155423300, 0.1175787961237840100 ) ) ;
#6 = CARTESIAN_POINT ( 'NONE',  ( -0.4250000000000016000, 0.1236296624955716700, -0.1701616322928578600 ) ) ;
#7 = CARTESIAN_POINT ( 'NONE',  ( 0.4114902199405050000, 0.03959611008113501200, 0.2499999999999996900 ) ) ;
#8 = CARTESIAN_POINT ( 'NONE',  ( -0.4949486444173013500, 0.2396196108409984200, -0.3349666595335083500 ) ) ;
#9 = CARTESIAN_POINT ( 'NONE',  ( -0.3278846153846172700, -0.2583271673440810700, -0.08393558474214601900 ) ) ;
#10 = CARTESIAN_POINT ( 'NONE',  ( -0.02019230769230910200, -0.2583271673440810700, -0.08393558474214601900 ) ) ;
#11 = CARTESIAN_POINT ( 'NONE',  ( -0.4949486444173011900, -0.4098994419973303000, -0.04003334046649165100 ) ) ;
#12 = CARTESIAN_POINT ( 'NONE',  ( -0.5156250000000000000, 0.4265175113638358700, -0.01125000000000003600 ) ) ;
#13 = CARTESIAN_POINT ( 'NONE',  ( 0.2980769230769221800, -3.863724120272764700E-017, 0.2103313446762957200 ) ) ;
#14 = CARTESIAN_POINT ( 'NONE',  ( 0.8038461538461531000, 0.07725424859373679300, 0.2377641290737883800 ) ) ;
#15 = CARTESIAN_POINT ( 'NONE',  ( 0.2360576923076910800, 0.1570817334117988200, -0.2162044579042725600 ) ) ;
#16 = DIRECTION ( 'NONE',  ( -1.000000000000000000, -0.0000000000000000000, -0.0000000000000000000 ) ) ;
#17 = EDGE_CURVE ( 'NONE', #1135, #3008, #465, .T. ) ;
#18 = CARTESIAN_POINT ( 'NONE',  ( 0.9307692307692303500, -0.1236296624955716700, 0.1701616322928578600 ) ) ;
#19 = CARTESIAN_POINT ( 'NONE',  ( 0.3884615384615375800, -0.06181483124778584100, 0.1902464884845768100 ) ) ;
#20 = CARTESIAN_POINT ( 'NONE',  ( 1.245192307692307700, 0.2583271673440810700, 0.0000000000000000000 ) ) ;
#21 = EDGE_CURVE ( 'NONE', #5567, #472, #7257, .T. ) ;
#22 = CARTESIAN_POINT ( 'NONE',  ( 0.3173076923076914600, -0.2000369959355130500, -2.449746667834781800E-017 ) ) ;
#23 = CIRCLE ( 'NONE', #796, 0.3337676875782844000 ) ;
#24 = CARTESIAN_POINT ( 'NONE',  ( 0.6442307692307687200, 1.287908040090921300E-017, -0.2103313446762957200 ) ) ;
#25 = CARTESIAN_POINT ( 'NONE',  ( -0.5136250000000000000, 0.1012499999999999900, 2.540244873984488400E-018 ) ) ;
#26 = CARTESIAN_POINT ( 'NONE',  ( 0.2192307692307681700, 0.1618333292155423300, 0.1175787961237840100 ) ) ;
#27 = CARTESIAN_POINT ( 'NONE',  ( 0.03649021994050436600, 0.03959611008113501200, 0.2499999999999996900 ) ) ;
#28 = CARTESIAN_POINT ( 'NONE',  ( 0.6903846153846148200, -0.1236296624955716700, 0.1701616322928578600 ) ) ;
#29 = CARTESIAN_POINT ( 'NONE',  ( 1.250000000000000000, 2.355089998360297400E-017, -0.1923076923076925100 ) ) ;
#30 = AXIS2_PLACEMENT_3D ( 'NONE', #2384, #1833, #168 ) ;
#31 = FACE_OUTER_BOUND ( 'NONE', #6308, .T. ) ;
#32 = CARTESIAN_POINT ( 'NONE',  ( -0.4519230769230784800, -0.2000369959355130500, -2.449746667834781800E-017 ) ) ;
#33 = ORIENTED_EDGE ( 'NONE', *, *, #3235, .F. ) ;
#34 = CARTESIAN_POINT ( 'NONE',  ( 0.03081747236718505900, -0.03959611008113411700, 0.2500000000000000000 ) ) ;
#35 = CARTESIAN_POINT ( 'NONE',  ( 1.250000000000000000, 3.061616997868383000E-017, -0.2500000000000000000 ) ) ;
#36 = ORIENTED_EDGE ( 'NONE', *, *, #785, .F. ) ;
#37 = CARTESIAN_POINT ( 'NONE',  ( -0.4240384615384635300, -0.07982748481806203900, 0.2456837358386569100 ) ) ;
#38 = CARTESIAN_POINT ( 'NONE',  ( -0.1317307692307706800, 0.2089910684901024900, 0.1518408992313406700 ) ) ;
#39 = CARTESIAN_POINT ( 'NONE',  ( 0.1096153846153834800, 0.06181483124778582700, -0.1902464884845768100 ) ) ;
#40 = DIRECTION ( 'NONE',  ( -1.000000000000000000, -0.0000000000000000000, 0.0000000000000000000 ) ) ;
#41 = CARTESIAN_POINT ( 'NONE',  ( 0.2552884615384603000, 0.2056226585419196300, 0.1493936061522294900 ) ) ;
#42 = ORIENTED_EDGE ( 'NONE', *, *, #224, .F. ) ;
#43 = CARTESIAN_POINT ( 'NONE',  ( -0.5156250000000000000, -0.2230015414744929100, -0.3637499999999999600 ) ) ;
#44 = ADVANCED_FACE ( 'NONE', ( #31 ), #298, .T. ) ;
#45 = CARTESIAN_POINT ( 'NONE',  ( 0.8115384615384611000, 0.06181483124778582700, -0.1902464884845768100 ) ) ;
#46 = CARTESIAN_POINT ( 'NONE',  ( 0.3192307692307683700, -0.1618333292155423300, 0.1175787961237839400 ) ) ;
#47 = CARTESIAN_POINT ( 'NONE',  ( 1.199038461538461500, -0.2089910684901025400, 0.1518408992313405900 ) ) ;
#48 = CARTESIAN_POINT ( 'NONE',  ( 0.3057692307692298500, -0.1236296624955716800, 0.1701616322928578300 ) ) ;
#49 = CARTESIAN_POINT ( 'NONE',  ( 0.6211538461538456100, -0.2000369959355130200, 0.06499595995470997000 ) ) ;
#50 = CARTESIAN_POINT ( 'NONE',  ( 1.250000000000000000, 0.0000000000000000000, 0.0000000000000000000 ) ) ;
#51 = VERTEX_POINT ( 'NONE', #567 ) ;
#52 = DIRECTION ( 'NONE',  ( 1.000000000000000000, -0.0000000000000000000, -0.0000000000000000000 ) ) ;
#53 = CARTESIAN_POINT ( 'NONE',  ( 0.2961538461538452100, 0.1618333292155423300, 0.1175787961237840100 ) ) ;
#54 = CARTESIAN_POINT ( 'NONE',  ( 0.7365384615384610300, -0.2500000000000001100, 0.08122992405822653000 ) ) ;
#55 = CARTESIAN_POINT ( 'NONE',  ( 0.5711538461538455700, 0.06181483124778582700, -0.1902464884845768100 ) ) ;
#56 = CARTESIAN_POINT ( 'NONE',  ( -0.4906249999999999800, -0.1443750000000011700, -0.2500648353427560300 ) ) ;
#57 = PERSON_AND_ORGANIZATION ( #4554, #5705 ) ;
#58 = CARTESIAN_POINT ( 'NONE',  ( -0.3634615384615399500, -0.1236296624955716100, -0.1701616322928578600 ) ) ;
#59 = EDGE_CURVE ( 'NONE', #144, #6322, #1716, .T. ) ;
#60 = ORIENTED_EDGE ( 'NONE', *, *, #5492, .T. ) ;
#61 = DIRECTION ( 'NONE',  ( 0.0000000000000000000, 0.0000000000000000000, 1.000000000000000000 ) ) ;
#62 = DIRECTION ( 'NONE',  ( -1.000000000000000000, 0.0000000000000000000, 0.0000000000000000000 ) ) ;
#63 = CARTESIAN_POINT ( 'NONE',  ( 1.203846153846153800, 0.1618333292155423300, -0.1175787961237839500 ) ) ;
#64 = VECTOR ( 'NONE', #4686, 39.37007874015748100 ) ;
#65 = DIRECTION ( 'NONE',  ( 0.0000000000000000000, 0.8660254037844477000, 0.4999999999999845100 ) ) ;
#66 = CARTESIAN_POINT ( 'NONE',  ( -0.3048076923076940600, 0.1596549696361239700, -0.2197462137205352100 ) ) ;
#67 = CARTESIAN_POINT ( 'NONE',  ( 0.04519230769230624100, -0.2089910684901025400, 0.1518408992313405900 ) ) ;
#68 = CARTESIAN_POINT ( 'NONE',  ( 0.9615384615384610100, 4.638126268221290200E-016, 0.2500000000000000000 ) ) ;
#69 = ORIENTED_EDGE ( 'NONE', *, *, #7154, .T. ) ;
#70 = CARTESIAN_POINT ( 'NONE',  ( 0.1634615384615373800, -0.2000369959355130500, -2.449746667834781800E-017 ) ) ;
#71 = CARTESIAN_POINT ( 'NONE',  ( 0.2673076923076912500, -0.1545084971874737300, 0.2126627020880099700 ) ) ;
#72 = CARTESIAN_POINT ( 'NONE',  ( 0.02067307692307542000, 0.2541635836720405100, 0.08258275440018635100 ) ) ;
#73 = DIRECTION ( 'NONE',  ( 0.0000000000000000000, -1.000000000000000000, 1.252096997096120600E-016 ) ) ;
#74 = CIRCLE ( 'NONE', #968, 0.01125000000000000000 ) ;
#75 = CARTESIAN_POINT ( 'NONE',  ( 0.8961538461538457500, 0.1618333292155423300, -0.1175787961237839500 ) ) ;
#76 = CARTESIAN_POINT ( 'NONE',  ( 0.2269230769230758400, 0.06181483124778577900, 0.1902464884845768400 ) ) ;
#77 = CARTESIAN_POINT ( 'NONE',  ( 1.110576923076922900, -4.989601562057195500E-017, 0.2716212579567785500 ) ) ;
#78 = ORIENTED_EDGE ( 'NONE', *, *, #1744, .T. ) ;
#79 = CARTESIAN_POINT ( 'NONE',  ( 0.2634615384615375300, 0.06181483124778582700, -0.1902464884845768100 ) ) ;
#80 = CARTESIAN_POINT ( 'NONE',  ( -0.1985576923076941300, 0.07854086670589938100, 0.2417239324562226500 ) ) ;
#81 =( BOUNDED_CURVE ( )  B_SPLINE_CURVE ( 2, ( #6959, #5924, #1286, #2968, #1807, #5252, #195, #5877, #686, #6465, #2428, #1265, #7059 ),
 .UNSPECIFIED., .F., .F. ) 
 B_SPLINE_CURVE_WITH_KNOTS ( ( 3, 2, 2, 2, 2, 2, 3 ),
 ( 0.8566564852283387000, 0.8588303982718169500, 0.8631782243587734500, 0.8675260504457299500, 0.8718738765326865500, 0.8762217026196430500, 0.8783956156631213000 ),
 .UNSPECIFIED. ) 
 CURVE ( )  GEOMETRIC_REPRESENTATION_ITEM ( )  RATIONAL_B_SPLINE_CURVE ( ( 0.9755282581475767100, 0.9755282581475772700, 1.000000000000000000, 0.9510565162951534200, 1.000000000000000000, 0.9510565162951534200, 1.000000000000000000, 0.9510565162951534200, 1.000000000000000000, 0.9510565162951534200, 1.000000000000000000, 0.9755282581475767100, 0.9755282581475767100 ) ) 
 REPRESENTATION_ITEM ( '' )  );
#82 = FACE_OUTER_BOUND ( 'NONE', #6679, .T. ) ;
#83 = CARTESIAN_POINT ( 'NONE',  ( 0.1269230769230758300, 0.1618333292155423300, -0.1175787961237839500 ) ) ;
#84 = CARTESIAN_POINT ( 'NONE',  ( 0.6365384615384611600, -0.1236296624955716100, -0.1701616322928578600 ) ) ;
#85 = CARTESIAN_POINT ( 'NONE',  ( 1.228846153846153700, -0.1236296624955716800, 0.1701616322928578300 ) ) ;
#86 = EDGE_LOOP ( 'NONE', ( #784, #3464, #3545, #4714 ) ) ;
#87 = CARTESIAN_POINT ( 'NONE',  ( 1.257692307692307700, -0.1618333292155423300, -0.1175787961237840000 ) ) ;
#88 = ADVANCED_FACE ( 'NONE', ( #5944 ), #7125, .T. ) ;
#89 = CIRCLE ( 'NONE', #994, 0.01125000000000000000 ) ;
#90 = DIRECTION ( 'NONE',  ( 0.0000000000000000000, 0.4999999999999919500, -0.8660254037844432600 ) ) ;
#91 = DIRECTION ( 'NONE',  ( 1.000000000000000000, 0.0000000000000000000, 0.0000000000000000000 ) ) ;
#92 = CARTESIAN_POINT ( 'NONE',  ( -0.4906249999999999800, 6.829619984160658000E-017, 0.3134877234128604100 ) ) ;
#93 = CARTESIAN_POINT ( 'NONE',  ( -0.5128151445830500000, -0.3591911952020461800, 0.1278626002786653100 ) ) ;
#94 = CARTESIAN_POINT ( 'NONE',  ( -0.1278846153846169300, 0.1596549696361239700, 0.2197462137205352700 ) ) ;
#95 = CARTESIAN_POINT ( 'NONE',  ( 0.3846153846153834700, 1.750236327630675500E-017, -0.2499999999999999700 ) ) ;
#96 = ORIENTED_EDGE ( 'NONE', *, *, #3287, .T. ) ;
#97 = CARTESIAN_POINT ( 'NONE',  ( 0.1249999999999989500, 0.2000369959355130500, 0.0000000000000000000 ) ) ;
#98 = CARTESIAN_POINT ( 'NONE',  ( 0.2826923076923066900, -0.2500000000000000600, -0.08122992405822662700 ) ) ;
#99 = CARTESIAN_POINT ( 'NONE',  ( 0.1629807692307677900, 0.2056226585419196600, -0.1493936061522294400 ) ) ;
#100 = DIRECTION ( 'NONE',  ( 1.000000000000000000, 0.0000000000000000000, 0.0000000000000000000 ) ) ;
#101 = CARTESIAN_POINT ( 'NONE',  ( 0.8538461538461534800, -0.1236296624955716700, 0.1701616322928578600 ) ) ;
#102 = CARTESIAN_POINT ( 'NONE',  ( 0.01923076923076799700, -0.2000369959355130500, -2.449746667834781800E-017 ) ) ;
#103 = CARTESIAN_POINT ( 'NONE',  ( 0.9067307692307686700, -0.2089910684901024900, -0.1518408992313406400 ) ) ;
#104 = CARTESIAN_POINT ( 'NONE',  ( 0.2519230769230759700, -0.1236296624955716100, -0.1701616322928578600 ) ) ;
#105 = CARTESIAN_POINT ( 'NONE',  ( -0.1793269230769247700, -0.2541635836720405600, 0.08258275440018624000 ) ) ;
#106 = CARTESIAN_POINT ( 'NONE',  ( -0.4959552945456119900, 6.829619984160658000E-017, 0.3237271239664728500 ) ) ;
#107 = AXIS2_PLACEMENT_3D ( 'NONE', #2209, #7305, #488 ) ;
#108 = CARTESIAN_POINT ( 'NONE',  ( 0.1346153846153834700, 0.2000369959355130500, 0.0000000000000000000 ) ) ;
#109 = CARTESIAN_POINT ( 'NONE',  ( 0.4634615384615375900, 0.2022542485937368600, -0.1469463130731182800 ) ) ;
#110 = CARTESIAN_POINT ( 'NONE',  ( 0.5942307692307686700, 0.1618333292155423300, 0.1175787961237840100 ) ) ;
#111 = DIRECTION ( 'NONE',  ( 0.0000000000000000000, -0.8660254037844364900, 0.5000000000000037700 ) ) ;
#112 = CARTESIAN_POINT ( 'NONE',  ( 1.215384615384615300, 0.2000369959355130000, 0.06499595995471008100 ) ) ;
#113 = CARTESIAN_POINT ( 'NONE',  ( 1.193749042718828400, -0.2064804550161730700, 0.1404183248036198200 ) ) ;
#114 = CARTESIAN_POINT ( 'NONE',  ( 1.273076923076923200, 0.06181483124778582700, -0.1902464884845768100 ) ) ;
#115 = DIRECTION ( 'NONE',  ( 1.000000000000000000, -0.0000000000000000000, -0.0000000000000000000 ) ) ;
#116 = CARTESIAN_POINT ( 'NONE',  ( -0.5136250000000000000, 0.1012499999999999900, -0.009249999999999997800 ) ) ;
#117 = ORIENTED_EDGE ( 'NONE', *, *, #1723, .F. ) ;
#118 = CARTESIAN_POINT ( 'NONE',  ( 0.3288461538461529000, -0.1236296624955716100, -0.1701616322928578600 ) ) ;
#119 = CARTESIAN_POINT ( 'NONE',  ( 0.6826923076923071500, 1.019512660844868800E-015, -0.2500000000000000000 ) ) ;
#120 = CARTESIAN_POINT ( 'NONE',  ( 0.02836538461538308200, 0.1570817334117987900, 0.2162044579042725600 ) ) ;
#121 = CARTESIAN_POINT ( 'NONE',  ( -0.5127814584506406000, 0.06922003150077209200, 0.3749999999999998300 ) ) ;
#122 = EDGE_CURVE ( 'NONE', #4524, #2443, #5079, .T. ) ;
#123 = ADVANCED_FACE ( 'NONE', ( #1186 ), #7092, .T. ) ;
#124 = CARTESIAN_POINT ( 'NONE',  ( 0.5307692307692301000, 0.1236296624955716000, 0.1701616322928579100 ) ) ;
#125 = CARTESIAN_POINT ( 'NONE',  ( 0.1730769230769219300, -0.2000369959355130500, -2.449746667834781800E-017 ) ) ;
#126 = CARTESIAN_POINT ( 'NONE',  ( 0.9951923076923071500, 1.663200520685731400E-017, -0.2716212579567785500 ) ) ;
#127 = CARTESIAN_POINT ( 'NONE',  ( 0.4749999999999993100, -0.2000369959355130000, -0.06499595995471003900 ) ) ;
#128 = CARTESIAN_POINT ( 'NONE',  ( -0.1254807692307710100, 0.1570817334117987900, 0.2162044579042725600 ) ) ;
#129 = ORIENTED_EDGE ( 'NONE', *, *, #5397, .T. ) ;
#130 = ORIENTED_EDGE ( 'NONE', *, *, #2597, .T. ) ;
#131 = CARTESIAN_POINT ( 'NONE',  ( -0.5156250000000000000, 0.2035159698893431200, 0.3749999999999998900 ) ) ;
#132 = CARTESIAN_POINT ( 'NONE',  ( 0.1615384615384603800, -0.1236296624955716800, 0.1701616322928578300 ) ) ;
#133 = CARTESIAN_POINT ( 'NONE',  ( 0.9115384615384609600, -0.2022542485937368100, -0.1469463130731182800 ) ) ;
#134 = CARTESIAN_POINT ( 'NONE',  ( 1.178846153846153900, -0.06181483124778579900, -0.1902464884845768400 ) ) ;
#135 = CARTESIAN_POINT ( 'NONE',  ( -0.4288461538461553800, 0.06181483124778582700, -0.1902464884845768100 ) ) ;
#136 = ORIENTED_EDGE ( 'NONE', *, *, #3716, .T. ) ;
#137 = VERTEX_POINT ( 'NONE', #3514 ) ;
#138 = CARTESIAN_POINT ( 'NONE',  ( 1.250000000000000000, 0.0000000000000000000, 0.2500000000000000000 ) ) ;
#139 = CARTESIAN_POINT ( 'NONE',  ( 1.250000000000000000, 3.061616997868383000E-017, -0.2500000000000000000 ) ) ;
#140 = CARTESIAN_POINT ( 'NONE',  ( 1.276923076923077000, 0.1236296624955716700, -0.1701616322928578600 ) ) ;
#141 = DIRECTION ( 'NONE',  ( 0.0000000000000000000, 0.0000000000000000000, 1.000000000000000000 ) ) ;
#142 = CARTESIAN_POINT ( 'NONE',  ( 0.04494675624261412800, 0.1434025032152036700, 0.1728166478609196000 ) ) ;
#143 = CARTESIAN_POINT ( 'NONE',  ( 0.8076923076923070400, -4.375590819076688800E-017, 0.2499999999999999700 ) ) ;
#144 = VERTEX_POINT ( 'NONE', #4017 ) ;
#145 = CARTESIAN_POINT ( 'NONE',  ( 1.223701260848566200, 0.2171548064661507900, 0.02616256048404213800 ) ) ;
#146 = CARTESIAN_POINT ( 'NONE',  ( 0.2634615384615375300, 0.06181483124778582700, -0.1902464884845768100 ) ) ;
#147 = CARTESIAN_POINT ( 'NONE',  ( 0.6807209891712744400, -0.03959611008113504700, -0.2499999999999996900 ) ) ;
#148 = CARTESIAN_POINT ( 'NONE',  ( 0.8096153846153840700, -0.2022542485937368600, 0.1469463130731182600 ) ) ;
#149 = CARTESIAN_POINT ( 'NONE',  ( 0.3749999999999990600, 1.312677245723006800E-017, -0.2499999999999999700 ) ) ;
#150 = CARTESIAN_POINT ( 'NONE',  ( 0.6307692307692299700, -0.2000369959355130800, 0.06499595995470997000 ) ) ;
#151 = CARTESIAN_POINT ( 'NONE',  ( 0.1923076923076912900, 1.287908040090921300E-017, -0.2103313446762957200 ) ) ;
#152 = CARTESIAN_POINT ( 'NONE',  ( 0.9721153846153840500, -0.2583271673440811200, 0.08393558474214593600 ) ) ;
#153 = CARTESIAN_POINT ( 'NONE',  ( 0.1365384615384605000, 0.1236296624955716000, 0.1701616322928579100 ) ) ;
#154 = CARTESIAN_POINT ( 'NONE',  ( -0.03701923076923225400, -0.07854086670589945100, 0.2417239324562225900 ) ) ;
#155 = APPROVAL_PERSON_ORGANIZATION ( #2471, #4245, #7276 ) ;
#156 = CARTESIAN_POINT ( 'NONE',  ( 0.08653846153846317400, -0.1589973172480178300, 0.1220894766544693300 ) ) ;
#157 = ORIENTED_EDGE ( 'NONE', *, *, #2846, .F. ) ;
#158 = CARTESIAN_POINT ( 'NONE',  ( 0.1807692307692297400, -0.1618333292155423300, -0.1175787961237840000 ) ) ;
#159 = CARTESIAN_POINT ( 'NONE',  ( 0.8923076923076915800, -0.1545084971874737300, 0.2126627020880099400 ) ) ;
#160 = CARTESIAN_POINT ( 'NONE',  ( 1.198076923076923000, 0.2000369959355130000, -0.06499595995470999800 ) ) ;
#161 = CARTESIAN_POINT ( 'NONE',  ( 1.115384615384615200, 1.287908040090921300E-017, -0.2103313446762957200 ) ) ;
#162 = VECTOR ( 'NONE', #4871, 39.37007874015747400 ) ;
#163 = ADVANCED_FACE ( 'NONE', ( #4065 ), #4703, .T. ) ;
#164 =( GEOMETRIC_REPRESENTATION_CONTEXT ( 3 ) GLOBAL_UNCERTAINTY_ASSIGNED_CONTEXT ( ( #3969 ) ) GLOBAL_UNIT_ASSIGNED_CONTEXT ( ( #3228, #347, #7252 ) ) REPRESENTATION_CONTEXT ( 'NONE', 'WORKASPACE' ) );
#165 = ORIENTED_EDGE ( 'NONE', *, *, #6342, .F. ) ;
#166 = DIRECTION ( 'NONE',  ( 0.0000000000000000000, -0.8660254037844431500, -0.4999999999999919000 ) ) ;
#167 = CARTESIAN_POINT ( 'NONE',  ( 1.042307692307692200, 0.06181483124778582700, -0.1902464884845768100 ) ) ;
#168 = DIRECTION ( 'NONE',  ( 0.0000000000000000000, -0.8660254037844429300, -0.4999999999999925100 ) ) ;
#169 = CARTESIAN_POINT ( 'NONE',  ( 0.9114902199405056100, -0.03959611008113406200, -0.2500000000000000600 ) ) ;
#170 = CIRCLE ( 'NONE', #5915, 0.3749999999999999400 ) ;
#171 = CARTESIAN_POINT ( 'NONE',  ( 1.224472284872406600, 0.2131015986218267000, 0.04740932467220922200 ) ) ;
#172 = ORIENTED_EDGE ( 'NONE', *, *, #1317, .F. ) ;
#173 = EDGE_CURVE ( 'NONE', #2450, #1378, #6206, .T. ) ;
#174 = CARTESIAN_POINT ( 'NONE',  ( 0.4019230769230761600, -0.1618333292155423300, -0.1175787961237840000 ) ) ;
#175 = CARTESIAN_POINT ( 'NONE',  ( 0.009767935918206759000, 0.2351883345331915500, 0.06739682030412866300 ) ) ;
#176 = CARTESIAN_POINT ( 'NONE',  ( 1.239903846153845900, 0.2056226585419196600, -0.1493936061522294400 ) ) ;
#177 =( BOUNDED_CURVE ( )  B_SPLINE_CURVE ( 2, ( #5187, #1738, #2335, #3502, #5330, #7013, #2414, #4233, #740, #3000, #762, #3647, #3101 ),
 .UNSPECIFIED., .F., .F. ) 
 B_SPLINE_CURVE_WITH_KNOTS ( ( 3, 2, 2, 2, 2, 2, 3 ),
 ( 0.4653521406186287300, 0.4675260536621069800, 0.4718738797490635900, 0.4762217058360200800, 0.4805695319229765800, 0.4849173580099330700, 0.4870912710534113200 ),
 .UNSPECIFIED. ) 
 CURVE ( )  GEOMETRIC_REPRESENTATION_ITEM ( )  RATIONAL_B_SPLINE_CURVE ( ( 0.9755282581475768200, 0.9755282581475768200, 1.000000000000000000, 0.9510565162951535300, 1.000000000000000000, 0.9510565162951535300, 1.000000000000000000, 0.9510565162951535300, 1.000000000000000000, 0.9510565162951535300, 1.000000000000000000, 0.9755282581475773800, 0.9755282581475768200 ) ) 
 REPRESENTATION_ITEM ( '' )  );
#178 = CARTESIAN_POINT ( 'NONE',  ( 0.6461538461538456300, -0.1236296624955716100, -0.1701616322928578600 ) ) ;
#179 = CYLINDRICAL_SURFACE ( 'NONE', #2535, 0.02249999999999996400 ) ;
#180 = CARTESIAN_POINT ( 'NONE',  ( 0.2192307692307681700, 0.1618333292155423300, 0.1175787961237840100 ) ) ;
#181 = CARTESIAN_POINT ( 'NONE',  ( 1.002884615384614900, 0.1596549696361239700, -0.2197462137205352100 ) ) ;
#182 = CARTESIAN_POINT ( 'NONE',  ( 0.1557692307692297200, -0.1618333292155423300, 0.1175787961237839400 ) ) ;
#183 = CARTESIAN_POINT ( 'NONE',  ( -0.1177884615384631900, -4.909181744786878600E-017, 0.2672434070081726200 ) ) ;
#184 = AXIS2_PLACEMENT_3D ( 'NONE', #5983, #3229, #2540 ) ;
#185 = CARTESIAN_POINT ( 'NONE',  ( -0.5156250000000000000, 0.2035159698893430900, 0.3524999999999998700 ) ) ;
#186 = CARTESIAN_POINT ( 'NONE',  ( 0.08846153846153723100, -0.1618333292155423300, 0.1175787961237839400 ) ) ;
#187 = CARTESIAN_POINT ( 'NONE',  ( 0.5692307692307681000, 0.1545084971874736400, 0.2126627020880099400 ) ) ;
#188 = LINE ( 'NONE', #6025, #6355 ) ;
#189 = CARTESIAN_POINT ( 'NONE',  ( 1.067307692307692100, -3.863724120272764700E-017, 0.2103313446762957200 ) ) ;
#190 = CARTESIAN_POINT ( 'NONE',  ( 1.015384615384614900, -0.2000369959355130200, 0.06499595995470997000 ) ) ;
#191 = CARTESIAN_POINT ( 'NONE',  ( 0.5846153846153836500, -0.1545084971874737300, 0.2126627020880099400 ) ) ;
#192 = CARTESIAN_POINT ( 'NONE',  ( -0.4847309133354106300, 0.2210683046861550400, 0.3670984643404613400 ) ) ;
#193 = CARTESIAN_POINT ( 'NONE',  ( 1.107692307692307300, -0.1236296624955716100, -0.1701616322928578600 ) ) ;
#194 = DIRECTION ( 'NONE',  ( -1.000000000000000000, -0.0000000000000000000, -0.0000000000000000000 ) ) ;
#195 = CARTESIAN_POINT ( 'NONE',  ( 1.086538461538461200, 0.2500000000000000000, 0.0000000000000000000 ) ) ;
#196 = CARTESIAN_POINT ( 'NONE',  ( -0.2009615384615400500, 0.07982748481806195600, 0.2456837358386569400 ) ) ;
#197 = CARTESIAN_POINT ( 'NONE',  ( 1.213013636533306600, 0.07027747803327340200, -0.2183779055955008800 ) ) ;
#198 = CARTESIAN_POINT ( 'NONE',  ( 0.3403846153846145600, 0.06181483124778582700, -0.1902464884845768100 ) ) ;
#199 = CARTESIAN_POINT ( 'NONE',  ( 1.089903846153845700, 0.2541635836720405100, -0.08258275440018626700 ) ) ;
#200 = CARTESIAN_POINT ( 'NONE',  ( 0.1134132968635814400, 0.03959611008113401300, 0.2499999999999999200 ) ) ;
#201 = ADVANCED_FACE ( 'NONE', ( #1809 ), #4243, .F. ) ;
#202 = CARTESIAN_POINT ( 'NONE',  ( 0.6576923076923071300, 0.06181483124778582700, -0.1902464884845768100 ) ) ;
#203 = CARTESIAN_POINT ( 'NONE',  ( -0.06923076923077047000, -0.1236296624955716800, 0.1701616322928578300 ) ) ;
#204 = CARTESIAN_POINT ( 'NONE',  ( 0.9913461538461534300, -0.07982748481806198300, -0.2456837358386569400 ) ) ;
#205 = CARTESIAN_POINT ( 'NONE',  ( 0.05961538461538347400, 0.1236296624955716000, 0.1701616322928579100 ) ) ;
#206 = CARTESIAN_POINT ( 'NONE',  ( -0.3139423076923094600, -0.07854086670589939500, -0.2417239324562226500 ) ) ;
#207 = EDGE_CURVE ( 'NONE', #7195, #5690, #5590, .T. ) ;
#208 = CARTESIAN_POINT ( 'NONE',  ( 0.4557692307692298700, 0.07725424859373684900, -0.2377641290737883800 ) ) ;
#209 = CARTESIAN_POINT ( 'NONE',  ( 1.171153846153846200, -0.1618333292155423300, -0.1175787961237840000 ) ) ;
#210 = VECTOR ( 'NONE', #6395, 39.37007874015748100 ) ;
#211 = CARTESIAN_POINT ( 'NONE',  ( 1.130769230769230500, 0.2000369959355130000, -0.06499595995470999800 ) ) ;
#212 = CARTESIAN_POINT ( 'NONE',  ( 0.5923076923076913100, -0.2500000000000000600, 0.08122992405822651600 ) ) ;
#213 = CARTESIAN_POINT ( 'NONE',  ( -0.5156250000000000000, -0.1443749999999976400, 0.2500648353427579700 ) ) ;
#214 = CARTESIAN_POINT ( 'NONE',  ( 1.173076923076922900, -0.2000369959355130500, -2.449746667834781800E-017 ) ) ;
#215 = EDGE_CURVE ( 'NONE', #1857, #1500, #2585, .T. ) ;
#216 = DIRECTION ( 'NONE',  ( 0.0000000000000000000, 0.0000000000000000000, 1.000000000000000000 ) ) ;
#217 = ORIENTED_EDGE ( 'NONE', *, *, #5600, .F. ) ;
#218 = CARTESIAN_POINT ( 'NONE',  ( 0.02667174522048229900, 0.2333856943791467500, -0.02828985495079997700 ) ) ;
#219 = CARTESIAN_POINT ( 'NONE',  ( 1.232318559938635000, 0.07101488744424468100, 0.1981445553881577600 ) ) ;
#220 = CARTESIAN_POINT ( 'NONE',  ( 0.3365384615384607300, 1.287908040090921300E-017, -0.2103313446762957200 ) ) ;
#221 = CARTESIAN_POINT ( 'NONE',  ( 1.186057692307692000, 0.07854086670589938100, 0.2417239324562226500 ) ) ;
#222 = EDGE_LOOP ( 'NONE', ( #413, #4968, #3089, #3660 ) ) ;
#223 = CARTESIAN_POINT ( 'NONE',  ( 1.250000000000000000, 3.061616997868383000E-017, -0.2500000000000000000 ) ) ;
#224 = EDGE_CURVE ( 'NONE', #5515, #2559, #2693, .T. ) ;
#225 = ORIENTED_EDGE ( 'NONE', *, *, #7324, .F. ) ;
#226 = CARTESIAN_POINT ( 'NONE',  ( 0.6884615384615377900, 0.06181483124778577900, 0.1902464884845768400 ) ) ;
#227 = CARTESIAN_POINT ( 'NONE',  ( -0.2115384615384629800, -0.2000369959355130500, -2.449746667834781800E-017 ) ) ;
#228 = CARTESIAN_POINT ( 'NONE',  ( 0.5682692307692298600, 0.07982748481806195600, 0.2456837358386569400 ) ) ;
#229 = CARTESIAN_POINT ( 'NONE',  ( -0.005769230769231873700, -0.06181483124778584100, 0.1902464884845768100 ) ) ;
#230 = CARTESIAN_POINT ( 'NONE',  ( -0.3177884615384635200, -0.1570817334117988200, -0.2162044579042725600 ) ) ;
#231 = VERTEX_POINT ( 'NONE', #4776 ) ;
#232 = CARTESIAN_POINT ( 'NONE',  ( 0.3057692307692297900, 0.1545084971874737300, -0.2126627020880100000 ) ) ;
#233 = CARTESIAN_POINT ( 'NONE',  ( 0.3692307692307680900, -0.2499999999999999200, -0.08122992405822658500 ) ) ;
#234 = CARTESIAN_POINT ( 'NONE',  ( 1.128846153846153800, 0.2000369959355130000, 0.06499595995471008100 ) ) ;
#235 = AXIS2_PLACEMENT_3D ( 'NONE', #2663, #3274, #6681 ) ;
#236 = CARTESIAN_POINT ( 'NONE',  ( 0.9730769230769228400, 0.1618333292155423300, -0.1175787961237839500 ) ) ;
#237 = ADVANCED_FACE ( 'NONE', ( #821 ), #7029, .F. ) ;
#238 = VERTEX_POINT ( 'NONE', #608 ) ;
#239 = CARTESIAN_POINT ( 'NONE',  ( 1.130769230769230300, -0.2500000000000000600, 0.08122992405822651600 ) ) ;
#240 = CARTESIAN_POINT ( 'NONE',  ( 0.6961538461538453500, 0.07725424859373684900, -0.2377641290737883600 ) ) ;
#241 = CARTESIAN_POINT ( 'NONE',  ( 1.130769230769230500, 0.2000369959355130000, -0.06499595995470999800 ) ) ;
#242 = DIRECTION ( 'NONE',  ( 0.0000000000000000000, -1.252096997096120600E-016, -1.000000000000000000 ) ) ;
#243 = CARTESIAN_POINT ( 'NONE',  ( 0.7961056045558899700, 0.03959611008113302800, 0.2500000000000002800 ) ) ;
#244 = CARTESIAN_POINT ( 'NONE',  ( 1.076923076923076900, -3.863724120272764700E-017, 0.2103313446762957200 ) ) ;
#245 = ORIENTED_EDGE ( 'NONE', *, *, #2690, .F. ) ;
#246 = CARTESIAN_POINT ( 'NONE',  ( 1.226562074269802900, 0.1913733272361741200, 0.1006376498603903400 ) ) ;
#247 = CARTESIAN_POINT ( 'NONE',  ( 0.03269230769230657700, 0.06181483124778582700, -0.1902464884845768100 ) ) ;
#248 = CARTESIAN_POINT ( 'NONE',  ( 1.212980769230769000, -0.2541635836720405100, -0.08258275440018630900 ) ) ;
#249 = CARTESIAN_POINT ( 'NONE',  ( 0.2884615384615374400, 0.2000369959355130500, 0.0000000000000000000 ) ) ;
#250 = CARTESIAN_POINT ( 'NONE',  ( -0.1230769230769245300, -0.1236296624955716100, -0.1701616322928578600 ) ) ;
#251 = CARTESIAN_POINT ( 'NONE',  ( 0.7836538461538455900, 0.2583271673440810700, 0.0000000000000000000 ) ) ;
#252 = ORIENTED_EDGE ( 'NONE', *, *, #2028, .T. ) ;
#253 = CARTESIAN_POINT ( 'NONE',  ( 0.09807692307692204800, -0.1236296624955716100, -0.1701616322928578600 ) ) ;
#254 = CARTESIAN_POINT ( 'NONE',  ( -0.2716346153846173100, -4.909181744786878600E-017, 0.2672434070081726200 ) ) ;
#255 = VECTOR ( 'NONE', #4206, 39.37007874015748100 ) ;
#256 = CARTESIAN_POINT ( 'NONE',  ( 0.3173076923076911800, 0.2500000000000000000, 0.0000000000000000000 ) ) ;
#257 = CARTESIAN_POINT ( 'NONE',  ( 0.3653846153846143100, -0.2499999999999999700, -3.061616997868382400E-017 ) ) ;
#258 = CARTESIAN_POINT ( 'NONE',  ( 0.8096153846153841800, 0.1618333292155423300, -0.1175787961237839500 ) ) ;
#259 = ORIENTED_EDGE ( 'NONE', *, *, #4915, .T. ) ;
#260 = CARTESIAN_POINT ( 'NONE',  ( 0.9961538461538459500, 0.06181483124778577900, 0.1902464884845768400 ) ) ;
#261 = DIRECTION ( 'NONE',  ( 0.0000000000000000000, 0.4999999999999919000, -0.8660254037844432600 ) ) ;
#262 = VERTEX_POINT ( 'NONE', #710 ) ;
#263 = CARTESIAN_POINT ( 'NONE',  ( 1.123076923076922900, 0.1236296624955716700, -0.1701616322928578600 ) ) ;
#264 = CARTESIAN_POINT ( 'NONE',  ( -0.5051095143185525500, -0.1194135731214520100, -0.3749999999999999400 ) ) ;
#265 = CARTESIAN_POINT ( 'NONE',  ( 0.005637990861090186000, 0.07484432716359509800, -0.2356201501173320900 ) ) ;
#266 = DIRECTION ( 'NONE',  ( -1.000000000000000000, -0.0000000000000000000, -0.0000000000000000000 ) ) ;
#267 =( BOUNDED_CURVE ( )  B_SPLINE_CURVE ( 2, ( #7152, #7080, #2025, #3117, #4803, #1407, #880, #1928, #6511, #2548, #828, #243, #4850 ),
 .UNSPECIFIED., .F., .F. ) 
 B_SPLINE_CURVE_WITH_KNOTS ( ( 3, 2, 2, 2, 2, 2, 3 ),
 ( 0.6827434417500777300, 0.6849173547935560900, 0.6892651808805125800, 0.6936130069674690800, 0.6979608330544255800, 0.7023086591413820700, 0.7044825721848604300 ),
 .UNSPECIFIED. ) 
 CURVE ( )  GEOMETRIC_REPRESENTATION_ITEM ( )  RATIONAL_B_SPLINE_CURVE ( ( 0.9755282581475767100, 0.9755282581475754900, 1.000000000000000000, 0.9510565162951534200, 1.000000000000000000, 0.9510565162951534200, 1.000000000000000000, 0.9510565162951534200, 1.000000000000000000, 0.9510565162951534200, 1.000000000000000000, 0.9755282581475761500, 0.9755282581475767100 ) ) 
 REPRESENTATION_ITEM ( '' )  );
#268 = EDGE_CURVE ( 'NONE', #7186, #3385, #4867, .T. ) ;
#269 = LINE ( 'NONE', #3720, #1958 ) ;
#270 = CARTESIAN_POINT ( 'NONE',  ( 0.05631113970000484900, 0.1292703594505489300, -0.1754639722828543700 ) ) ;
#271 = CARTESIAN_POINT ( 'NONE',  ( 0.2134615384615375400, 0.1236296624955716000, 0.1701616322928579100 ) ) ;
#272 = CARTESIAN_POINT ( 'NONE',  ( 0.8475961538461531700, 0.07854086670589942300, -0.2417239324562225900 ) ) ;
#273 = ADVANCED_FACE ( 'NONE', ( #3791 ), #7083, .F. ) ;
#274 = CARTESIAN_POINT ( 'NONE',  ( 0.3923076923076914100, -0.1236296624955716700, 0.1701616322928578600 ) ) ;
#275 = CARTESIAN_POINT ( 'NONE',  ( -0.06153846153846294400, -0.2000369959355130200, 0.06499595995470997000 ) ) ;
#276 = CARTESIAN_POINT ( 'NONE',  ( 0.5721153846153836900, -4.989601562057195500E-017, 0.2716212579567785500 ) ) ;
#277 = CARTESIAN_POINT ( 'NONE',  ( -0.02500000000000123700, 0.2000369959355130000, 0.06499595995471008100 ) ) ;
#278 = CARTESIAN_POINT ( 'NONE',  ( -0.3870192307692325000, 1.636393914928959700E-017, -0.2672434070081726200 ) ) ;
#279 = CARTESIAN_POINT ( 'NONE',  ( 0.3365384615384605600, -4.813149900984358400E-017, 0.2499999999999999700 ) ) ;
#280 = DIRECTION ( 'NONE',  ( 1.000000000000000000, -0.0000000000000000000, 0.0000000000000000000 ) ) ;
#281 = CARTESIAN_POINT ( 'NONE',  ( 0.7980769230769226800, 1.287908040090921300E-017, -0.2103313446762957200 ) ) ;
#282 = CARTESIAN_POINT ( 'NONE',  ( 0.8269230769230765400, 0.2000369959355130500, 0.0000000000000000000 ) ) ;
#283 = CARTESIAN_POINT ( 'NONE',  ( 1.086538461538461500, -0.2000369959355130500, -2.449746667834781800E-017 ) ) ;
#284 = CARTESIAN_POINT ( 'NONE',  ( -0.4857957059411803200, 0.4265175113638162700, 0.01125000000003396900 ) ) ;
#285 = CARTESIAN_POINT ( 'NONE',  ( 0.9076923076923071300, 0.2000369959355130000, 0.06499595995471008100 ) ) ;
#286 = DIRECTION ( 'NONE',  ( -1.000000000000000000, -0.0000000000000000000, -0.0000000000000000000 ) ) ;
#287 = CARTESIAN_POINT ( 'NONE',  ( 1.234615384615384700, -0.06181483124778584100, 0.1902464884845768100 ) ) ;
#288 = ORIENTED_EDGE ( 'NONE', *, *, #5826, .F. ) ;
#289 = CARTESIAN_POINT ( 'NONE',  ( 0.3923076923076911400, 0.1545084971874737000, -0.2126627020880099400 ) ) ;
#290 = FACE_OUTER_BOUND ( 'NONE', #6663, .T. ) ;
#291 = CARTESIAN_POINT ( 'NONE',  ( 0.2519230769230759700, -0.1236296624955716100, -0.1701616322928578600 ) ) ;
#292 = CARTESIAN_POINT ( 'NONE',  ( 0.9283653846153839800, 0.1570817334117988200, -0.2162044579042725600 ) ) ;
#293 = DIRECTION ( 'NONE',  ( 0.0000000000000000000, 0.5000000000000042200, 0.8660254037844362700 ) ) ;
#294 = CARTESIAN_POINT ( 'NONE',  ( 0.4153846153846143500, -0.1236296624955716100, -0.1701616322928578600 ) ) ;
#295 = CARTESIAN_POINT ( 'NONE',  ( -0.03076923076923201300, 0.1236296624955716700, -0.1701616322928578600 ) ) ;
#296 = CARTESIAN_POINT ( 'NONE',  ( 0.6759615384615377300, -0.2089910684901024900, -0.1518408992313406400 ) ) ;
#297 = CARTESIAN_POINT ( 'NONE',  ( -0.4100961538461556600, -0.2541635836720405600, 0.08258275440018624000 ) ) ;
#298 = CYLINDRICAL_SURFACE ( 'NONE', #2370, 0.2500000000000000000 ) ;
#299 = EDGE_CURVE ( 'NONE', #1228, #2617, #1813, .T. ) ;
#300 = CARTESIAN_POINT ( 'NONE',  ( 0.08653846153846139800, -0.1797156956628673000, 0.08882766837481592700 ) ) ;
#301 = AXIS2_PLACEMENT_3D ( 'NONE', #5647, #5049, #1647 ) ;
#302 = DIRECTION ( 'NONE',  ( 0.0000000000000000000, 0.0000000000000000000, 1.000000000000000000 ) ) ;
#303 = CARTESIAN_POINT ( 'NONE',  ( 0.7557692307692304200, 0.06181483124778577900, 0.1902464884845768400 ) ) ;
#304 = CARTESIAN_POINT ( 'NONE',  ( 0.8346153846153842000, 0.1618333292155423300, 0.1175787961237840100 ) ) ;
#305 = CARTESIAN_POINT ( 'NONE',  ( -0.05769230769230890300, -0.2000369959355130500, -2.449746667834781800E-017 ) ) ;
#306 = EDGE_LOOP ( 'NONE', ( #3538, #6482, #5680, #5093 ) ) ;
#307 = EDGE_LOOP ( 'NONE', ( #2213, #5986, #7034, #6396 ) ) ;
#308 = CARTESIAN_POINT ( 'NONE',  ( 1.094230769230769300, -0.1618333292155423300, -0.1175787961237840000 ) ) ;
#309 = CARTESIAN_POINT ( 'NONE',  ( -0.4949486444173091200, 0.4098994419973139300, 0.04003334046652003800 ) ) ;
#310 = CARTESIAN_POINT ( 'NONE',  ( 0.7730769230769225500, -0.06181483124778584100, 0.1902464884845768100 ) ) ;
#311 = EDGE_CURVE ( 'NONE', #6742, #1143, #5949, .T. ) ;
#312 = CARTESIAN_POINT ( 'NONE',  ( 0.03260877318158642700, 0.2267421461864838300, 0.04759614135806986700 ) ) ;
#313 = CARTESIAN_POINT ( 'NONE',  ( 1.084615384615384300, -0.1236296624955716700, 0.1701616322928578600 ) ) ;
#314 = ORIENTED_EDGE ( 'NONE', *, *, #1060, .T. ) ;
#315 = ORIENTED_EDGE ( 'NONE', *, *, #2550, .F. ) ;
#316 = B_SPLINE_CURVE_WITH_KNOTS ( 'NONE', 3,
 ( #1472, #6047, #2014, #4941, #1496, #2061, #5486, #2611 ),
 .UNSPECIFIED., .F., .F.,
 ( 4, 2, 2, 4 ),
 ( 0.005564589980275968900, 0.006865634521519493200, 0.008166679062763016600, 0.01076876814525006500 ),
 .UNSPECIFIED. ) ;
#317 = DIRECTION ( 'NONE',  ( -0.0000000000000000000, -1.000000000000000000, 0.0000000000000000000 ) ) ;
#318 = CARTESIAN_POINT ( 'NONE',  ( 0.1673076923076913000, -0.2000369959355130000, -0.06499595995471003900 ) ) ;
#319 = CARTESIAN_POINT ( 'NONE',  ( 1.020673076923076300, 0.2541635836720405100, 0.08258275440018635100 ) ) ;
#320 = ORIENTED_EDGE ( 'NONE', *, *, #1690, .T. ) ;
#321 = CARTESIAN_POINT ( 'NONE',  ( 0.4730769230769222800, -0.1618333292155423300, 0.1175787961237839400 ) ) ;
#322 = CARTESIAN_POINT ( 'NONE',  ( 0.1153846153846139800, -4.375590819076688800E-017, 0.2499999999999999700 ) ) ;
#323 = CARTESIAN_POINT ( 'NONE',  ( -0.3769230769230786400, -0.1236296624955716800, 0.1701616322928578300 ) ) ;
#324 = CARTESIAN_POINT ( 'NONE',  ( 0.3221153846153834700, 0.2583271673440810700, 0.0000000000000000000 ) ) ;
#325 = CARTESIAN_POINT ( 'NONE',  ( 1.278846153846154000, 0.2000369959355130500, 0.0000000000000000000 ) ) ;
#326 = CARTESIAN_POINT ( 'NONE',  ( 0.7442307692307687000, 0.2000369959355130000, 0.06499595995471008100 ) ) ;
#327 = CARTESIAN_POINT ( 'NONE',  ( 0.8769230769230766900, -0.1236296624955716100, -0.1701616322928578600 ) ) ;
#328 = CARTESIAN_POINT ( 'NONE',  ( -0.1115384615384629600, 0.06181483124778582700, -0.1902464884845768100 ) ) ;
#329 = LINE ( 'NONE', #3943, #6241 ) ;
#330 = CARTESIAN_POINT ( 'NONE',  ( 1.001923076923076700, -0.1618333292155423300, 0.1175787961237839400 ) ) ;
#331 = ORIENTED_EDGE ( 'NONE', *, *, #3148, .F. ) ;
#332 = CARTESIAN_POINT ( 'NONE',  ( 0.1365384615384603900, -0.1545084971874737000, -0.2126627020880100000 ) ) ;
#333 = CARTESIAN_POINT ( 'NONE',  ( 0.9230769230769229100, -3.863724120272764700E-017, 0.2103313446762957200 ) ) ;
#334 = DIRECTION ( 'NONE',  ( 0.0000000000000000000, 0.0000000000000000000, 1.000000000000000000 ) ) ;
#335 = CARTESIAN_POINT ( 'NONE',  ( 1.242270696372179700, -0.1976072548276477900, -0.03108331678546405800 ) ) ;
#336 = CARTESIAN_POINT ( 'NONE',  ( 1.126923076923076700, 0.1618333292155423300, -0.1175787961237839500 ) ) ;
#337 = VERTEX_POINT ( 'NONE', #1307 ) ;
#338 = CARTESIAN_POINT ( 'NONE',  ( 0.06730769230769111100, -3.863724120272764700E-017, 0.2103313446762957200 ) ) ;
#339 = CARTESIAN_POINT ( 'NONE',  ( 1.009134615384614800, 0.2056226585419196600, -0.1493936061522294400 ) ) ;
#340 = CARTESIAN_POINT ( 'NONE',  ( 0.3807692307692299200, 0.06181483124778577900, 0.1902464884845768400 ) ) ;
#341 = CONICAL_SURFACE ( 'NONE', #3698, 0.3749999999999999400, 1.047197551196600100 ) ;
#342 = CARTESIAN_POINT ( 'NONE',  ( -0.3961538461538476900, 0.1618333292155423300, 0.1175787961237840100 ) ) ;
#343 = CARTESIAN_POINT ( 'NONE',  ( 0.4721153846153836600, 0.2583271673440810700, -0.08393558474214596300 ) ) ;
#344 = CARTESIAN_POINT ( 'NONE',  ( -0.5180328211001382600, 0.2432193285959241000, 0.07377998009190735200 ) ) ;
#345 = ORIENTED_EDGE ( 'NONE', *, *, #6843, .F. ) ;
#346 = DIRECTION ( 'NONE',  ( -1.000000000000000000, -0.0000000000000000000, -0.0000000000000000000 ) ) ;
#347 =( NAMED_UNIT ( * ) PLANE_ANGLE_UNIT ( ) SI_UNIT ( $, .RADIAN. ) );
#348 = CARTESIAN_POINT ( 'NONE',  ( 0.1826923076923065400, -4.813149900984358400E-017, 0.2499999999999999700 ) ) ;
#349 = DIRECTION ( 'NONE',  ( 0.0000000000000000000, 0.0000000000000000000, 1.000000000000000000 ) ) ;
#350 = CIRCLE ( 'NONE', #1652, 0.5160356162754504700 ) ;
#351 = CARTESIAN_POINT ( 'NONE',  ( 0.9673076923076918700, 0.2000369959355130000, -0.06499595995470999800 ) ) ;
#352 = CARTESIAN_POINT ( 'NONE',  ( 0.8807692307692303000, -0.06181483124778579900, -0.1902464884845768400 ) ) ;
#353 = CARTESIAN_POINT ( 'NONE',  ( -0.2653846153846170500, 0.06181483124778582700, -0.1902464884845768100 ) ) ;
#354 = CARTESIAN_POINT ( 'NONE',  ( 1.136538461538461300, 0.1236296624955716000, 0.1701616322928579100 ) ) ;
#355 = CYLINDRICAL_SURFACE ( 'NONE', #893, 0.2500000000000000000 ) ;
#356 = CARTESIAN_POINT ( 'NONE',  ( -0.5102143365883345900, 0.3677234469890858800, 0.1130843066805423400 ) ) ;
#357 = CARTESIAN_POINT ( 'NONE',  ( 0.7115384615384609000, -0.2000369959355130500, -2.449746667834781800E-017 ) ) ;
#358 = CARTESIAN_POINT ( 'NONE',  ( 1.001923076923076700, -0.1618333292155423300, 0.1175787961237839400 ) ) ;
#359 = CARTESIAN_POINT ( 'NONE',  ( 0.6346153846153835800, 0.2499999999999999700, 0.0000000000000000000 ) ) ;
#360 = CARTESIAN_POINT ( 'NONE',  ( 1.023076923076922800, -0.2000369959355130000, -0.06499595995471003900 ) ) ;
#361 = CARTESIAN_POINT ( 'NONE',  ( -0.5156250000000000000, -0.06036778579257532500, -0.08206007213317415000 ) ) ;
#362 = CARTESIAN_POINT ( 'NONE',  ( -0.001923076923078110800, -0.1236296624955716800, 0.1701616322928578300 ) ) ;
#363 = CARTESIAN_POINT ( 'NONE',  ( 0.9014423076923069300, -0.2541635836720405100, -3.112606192037848400E-017 ) ) ;
#364 = DIRECTION ( 'NONE',  ( -1.000000000000000000, -0.0000000000000000000, -0.0000000000000000000 ) ) ;
#365 = CARTESIAN_POINT ( 'NONE',  ( 0.3605769230769220700, -0.2583271673440810700, -3.163595386207315100E-017 ) ) ;
#366 = CARTESIAN_POINT ( 'NONE',  ( -0.4847312943244362300, 0.2210689964095924600, -0.3670972662403239100 ) ) ;
#367 = PERSON_AND_ORGANIZATION_ROLE ( 'creator' ) ;
#368 = CARTESIAN_POINT ( 'NONE',  ( -0.5156250000000000000, -0.2035159698893430600, -0.3749999999999999400 ) ) ;
#369 = CARTESIAN_POINT ( 'NONE',  ( 0.6288461538461532800, -0.2000369959355130000, -0.06499595995471003900 ) ) ;
#370 = CARTESIAN_POINT ( 'NONE',  ( 0.8115384615384611000, 0.06181483124778582700, -0.1902464884845768100 ) ) ;
#371 = CARTESIAN_POINT ( 'NONE',  ( -0.2307692307692323100, -3.863724120272764700E-017, 0.2103313446762957200 ) ) ;
#372 = CARTESIAN_POINT ( 'NONE',  ( 1.113461538461538100, 0.1236296624955716700, -0.1701616322928578600 ) ) ;
#373 = CARTESIAN_POINT ( 'NONE',  ( 0.7692307692307682700, 1.750236327630675500E-017, -0.2499999999999999700 ) ) ;
#374 = CARTESIAN_POINT ( 'NONE',  ( 0.7884615384615379900, -0.2000369959355130500, -2.449746667834781800E-017 ) ) ;
#375 = CARTESIAN_POINT ( 'NONE',  ( 0.9788461538461535900, 0.1618333292155423300, 0.1175787961237840100 ) ) ;
#376 = CARTESIAN_POINT ( 'NONE',  ( -0.1012136957216080200, 0.2230015414744929700, 0.3637499999999998000 ) ) ;
#377 = LINE ( 'NONE', #685, #210 ) ;
#378 = CARTESIAN_POINT ( 'NONE',  ( -0.1012136957216080200, 0.4265175113638358700, 0.01124999999999992800 ) ) ;
#379 = CARTESIAN_POINT ( 'NONE',  ( 1.042307692307692200, 0.06181483124778582700, -0.1902464884845768100 ) ) ;
#380 = CARTESIAN_POINT ( 'NONE',  ( 0.07436668468481090500, 0.1069879339141702600, 0.1778273564925431400 ) ) ;
#381 = AXIS2_PLACEMENT_3D ( 'NONE', #2839, #3421, #2892 ) ;
#382 = CARTESIAN_POINT ( 'NONE',  ( -0.02115384615384747300, 0.1618333292155423300, 0.1175787961237840100 ) ) ;
#383 = CARTESIAN_POINT ( 'NONE',  ( 0.6975961538461530300, 0.1570817334117988200, -0.2162044579042725600 ) ) ;
#384 = ORIENTED_EDGE ( 'NONE', *, *, #4108, .T. ) ;
#385 = CARTESIAN_POINT ( 'NONE',  ( -0.4000000000000017400, 0.2000369959355130000, 0.06499595995471008100 ) ) ;
#386 = CARTESIAN_POINT ( 'NONE',  ( 0.5374999999999990900, 0.07982748481806199700, -0.2456837358386569100 ) ) ;
#387 = ORIENTED_EDGE ( 'NONE', *, *, #4927, .T. ) ;
#388 =( BOUNDED_CURVE ( )  B_SPLINE_CURVE ( 2, ( #7082, #6983, #3144, #289, #905, #6065, #2627, #1460, #4305, #4378, #7127, #2601, #2552 ),
 .UNSPECIFIED., .F., .F. ) 
 B_SPLINE_CURVE_WITH_KNOTS ( ( 3, 2, 2, 2, 2, 2, 3 ),
 ( 0.5088304014881939200, 0.5110043145316722800, 0.5153521406186287700, 0.5196999667055852700, 0.5240477927925417700, 0.5283956188794982600, 0.5305695319229766200 ),
 .UNSPECIFIED. ) 
 CURVE ( )  GEOMETRIC_REPRESENTATION_ITEM ( )  RATIONAL_B_SPLINE_CURVE ( ( 0.9755282581475768200, 0.9755282581475754900, 1.000000000000000000, 0.9510565162951535300, 1.000000000000000000, 0.9510565162951535300, 1.000000000000000000, 0.9510565162951535300, 1.000000000000000000, 0.9510565162951535300, 1.000000000000000000, 0.9755282581475761500, 0.9755282581475768200 ) ) 
 REPRESENTATION_ITEM ( '' )  );
#389 = EDGE_LOOP ( 'NONE', ( #3979, #1014, #6066, #3622 ) ) ;
#390 = DIRECTION ( 'NONE',  ( 1.000000000000000000, 0.0000000000000000000, 0.0000000000000000000 ) ) ;
#391 = DIRECTION ( 'NONE',  ( 0.0000000000000000000, -1.224646799147351700E-016, 1.000000000000000000 ) ) ;
#392 = CARTESIAN_POINT ( 'NONE',  ( 0.7192307692307686700, -0.1618333292155423300, -0.1175787961237840000 ) ) ;
#393 = CARTESIAN_POINT ( 'NONE',  ( -0.2000000000000013700, -0.1236296624955716100, -0.1701616322928578600 ) ) ;
#394 = CARTESIAN_POINT ( 'NONE',  ( 0.9057692307692304400, 0.1236296624955716000, 0.1701616322928579100 ) ) ;
#395 = ORIENTED_EDGE ( 'NONE', *, *, #4252, .F. ) ;
#396 = EDGE_CURVE ( 'NONE', #6931, #1923, #4350, .T. ) ;
#397 = CARTESIAN_POINT ( 'NONE',  ( 0.1462020877518006000, 0.03959611008113507500, -0.2499999999999996900 ) ) ;
#398 = CARTESIAN_POINT ( 'NONE',  ( 0.6192307692307685900, -0.06181483124778584100, 0.1902464884845768100 ) ) ;
#399 = EDGE_CURVE ( 'NONE', #5970, #137, #2503, .T. ) ;
#400 = CARTESIAN_POINT ( 'NONE',  ( 1.113461538461538300, 0.1236296624955716500, -0.1701616322928578600 ) ) ;
#401 = CARTESIAN_POINT ( 'NONE',  ( 0.6134615384615377300, 0.1545084971874737300, -0.2126627020880100000 ) ) ;
#402 = ORIENTED_EDGE ( 'NONE', *, *, #4641, .F. ) ;
#403 = CARTESIAN_POINT ( 'NONE',  ( 0.06161604878448413000, 0.2013137724282713900, -0.07512535499427976100 ) ) ;
#404 = CARTESIAN_POINT ( 'NONE',  ( -0.1096153846153859300, 0.2000369959355130000, -0.06499595995470999800 ) ) ;
#405 = CARTESIAN_POINT ( 'NONE',  ( 0.7975961538461531200, 0.1570817334117987900, 0.2162044579042725600 ) ) ;
#406 = CALENDAR_DATE ( 2025, 19, 9 ) ;
#407 = AXIS2_PLACEMENT_3D ( 'NONE', #6981, #6958, #5852 ) ;
#408 = CARTESIAN_POINT ( 'NONE',  ( 0.1346153846153834700, 0.2000369959355130500, 0.0000000000000000000 ) ) ;
#409 = CARTESIAN_POINT ( 'NONE',  ( 0.8846153846153839200, -4.375590819076688800E-017, 0.2499999999999999700 ) ) ;
#410 = CARTESIAN_POINT ( 'NONE',  ( 0.2269230769230756700, -0.07725424859373682100, -0.2377641290737883800 ) ) ;
#411 = CARTESIAN_POINT ( 'NONE',  ( 0.3644230769230757900, -0.2583271673440810700, -0.08393558474214601900 ) ) ;
#412 = CARTESIAN_POINT ( 'NONE',  ( 0.2923076923076909900, -0.2499999999999999200, -0.08122992405822658500 ) ) ;
#413 = ORIENTED_EDGE ( 'NONE', *, *, #3766, .T. ) ;
#414 = CIRCLE ( 'NONE', #6295, 0.3749999999999999400 ) ;
#415 = DATE_TIME_ROLE ( 'classification_date' ) ;
#416 = CARTESIAN_POINT ( 'NONE',  ( 0.08229437039670768600, -0.06464758309339219100, 0.1923401920167173400 ) ) ;
#417 = DIRECTION ( 'NONE',  ( -0.8660254037844380400, -6.123233995736778400E-017, 0.5000000000000010000 ) ) ;
#418 = VERTEX_POINT ( 'NONE', #1788 ) ;
#419 = CARTESIAN_POINT ( 'NONE',  ( 0.5115384615384607200, 0.1618333292155423300, -0.1175787961237839500 ) ) ;
#420 = CARTESIAN_POINT ( 'NONE',  ( -0.4538461538461555100, -0.1236296624955716800, 0.1701616322928578300 ) ) ;
#421 = CARTESIAN_POINT ( 'NONE',  ( 0.7596153846153842500, -3.863724120272764700E-017, 0.2103313446762957200 ) ) ;
#422 = LINE ( 'NONE', #2429, #255 ) ;
#423 = CARTESIAN_POINT ( 'NONE',  ( -0.5156250000000000000, 0.1012499999999999900, 2.540244873984488400E-018 ) ) ;
#424 = CARTESIAN_POINT ( 'NONE',  ( 1.144230769230769200, 1.312677245723006800E-017, -0.2499999999999999700 ) ) ;
#425 = ORIENTED_EDGE ( 'NONE', *, *, #6843, .T. ) ;
#426 = CARTESIAN_POINT ( 'NONE',  ( 0.6269230769230762500, -0.1618333292155423300, 0.1175787961237839400 ) ) ;
#427 = CARTESIAN_POINT ( 'NONE',  ( 0.4846153846153834500, 0.2499999999999999200, 0.08122992405822664100 ) ) ;
#428 = CARTESIAN_POINT ( 'NONE',  ( 1.017307692307692200, -0.1618333292155423300, -0.1175787961237840000 ) ) ;
#429 = CARTESIAN_POINT ( 'NONE',  ( 1.155817472367185700, 0.03959611008113407500, -0.2499999999999999200 ) ) ;
#430 = DIRECTION ( 'NONE',  ( -1.000000000000000000, 0.0000000000000000000, 0.0000000000000000000 ) ) ;
#431 = ADVANCED_FACE ( 'NONE', ( #6016 ), #3691, .T. ) ;
#432 = FACE_OUTER_BOUND ( 'NONE', #5337, .T. ) ;
#433 = CARTESIAN_POINT ( 'NONE',  ( -0.1403846153846166100, -0.2000369959355130000, -0.06499595995471003900 ) ) ;
#434 = CARTESIAN_POINT ( 'NONE',  ( 0.7437499999999990200, -0.2541635836720405600, 0.08258275440018624000 ) ) ;
#435 = ORIENTED_EDGE ( 'NONE', *, *, #4403, .T. ) ;
#436 = CARTESIAN_POINT ( 'NONE',  ( 0.1923076923076912900, 1.287908040090921200E-017, -0.2103313446762957200 ) ) ;
#437 = EDGE_CURVE ( 'NONE', #4533, #5248, #7251, .T. ) ;
#438 = CARTESIAN_POINT ( 'NONE',  ( 0.2153846153846140900, -0.2499999999999999200, -0.08122992405822658500 ) ) ;
#439 = CARTESIAN_POINT ( 'NONE',  ( 0.1336538461538448500, -0.2583271673440810700, -0.08393558474214601900 ) ) ;
#440 = AXIS2_PLACEMENT_3D ( 'NONE', #4608, #3963, #6291 ) ;
#441 = CARTESIAN_POINT ( 'NONE',  ( 0.4173076923076914900, 0.06181483124778582700, -0.1902464884845768100 ) ) ;
#442 = CARTESIAN_POINT ( 'NONE',  ( 1.103846153846153500, 0.2022542485937368100, 0.1469463130731183400 ) ) ;
#443 = DIRECTION ( 'NONE',  ( 0.0000000000000000000, -1.000000000000000000, 1.252096997096120600E-016 ) ) ;
#444 = CARTESIAN_POINT ( 'NONE',  ( 0.6653846153846148000, 0.1618333292155423300, -0.1175787961237839500 ) ) ;
#445 = CARTESIAN_POINT ( 'NONE',  ( -0.4461538461538480100, -0.2000369959355130200, 0.06499595995470997000 ) ) ;
#446 = EDGE_CURVE ( 'NONE', #2087, #2195, #6493, .T. ) ;
#447 = CARTESIAN_POINT ( 'NONE',  ( 0.9634615384615382600, 0.1618333292155423300, -0.1175787961237839500 ) ) ;
#448 = CARTESIAN_POINT ( 'NONE',  ( 0.1596153846153834100, 0.2500000000000000600, -0.08122992405822657100 ) ) ;
#449 = CARTESIAN_POINT ( 'NONE',  ( 0.6538461538461531900, 1.287908040090921300E-017, -0.2103313446762957200 ) ) ;
#450 = CARTESIAN_POINT ( 'NONE',  ( 0.5653363737866590200, 0.03959611008113402700, 0.2500000000000000600 ) ) ;
#451 = CARTESIAN_POINT ( 'NONE',  ( 1.171153846153846200, -0.1618333292155423300, -0.1175787961237840000 ) ) ;
#452 = CARTESIAN_POINT ( 'NONE',  ( 1.184615384615384200, 0.1545084971874736400, 0.2126627020880099400 ) ) ;
#453 = AXIS2_PLACEMENT_3D ( 'NONE', #6979, #1153, #61 ) ;
#454 = CARTESIAN_POINT ( 'NONE',  ( -0.3134615384615400100, -0.06181483124778584100, 0.1902464884845768100 ) ) ;
#455 = CARTESIAN_POINT ( 'NONE',  ( 0.6014423076923067800, -0.2056226585419196300, -0.1493936061522294400 ) ) ;
#456 = CARTESIAN_POINT ( 'NONE',  ( 0.05288461538461403800, -0.2583271673440810700, -3.163595386207315100E-017 ) ) ;
#457 = CARTESIAN_POINT ( 'NONE',  ( 0.03880055587013359800, -0.2179648015499240100, -0.06721167343572834200 ) ) ;
#458 = CYLINDRICAL_SURFACE ( 'NONE', #4656, 0.001999999999999999600 ) ;
#459 = ADVANCED_FACE ( 'NONE', ( #6468 ), #458, .T. ) ;
#460 = CARTESIAN_POINT ( 'NONE',  ( 0.3211538461538452300, -0.2000369959355130000, -0.06499595995471003900 ) ) ;
#461 = CARTESIAN_POINT ( 'NONE',  ( 0.3514423076923064400, -0.1570817334117988500, 0.2162044579042725600 ) ) ;
#462 = CARTESIAN_POINT ( 'NONE',  ( -0.5156250000000000000, -0.3247595264191645600, -0.1875000000000000300 ) ) ;
#463 = CARTESIAN_POINT ( 'NONE',  ( 0.6846153846153840700, 0.1236296624955716000, 0.1701616322928579100 ) ) ;
#464 = CARTESIAN_POINT ( 'NONE',  ( -0.4423076923076939600, -0.2000369959355130500, -2.449746667834781800E-017 ) ) ;
#465 = CIRCLE ( 'NONE', #6108, 0.009249999999999999500 ) ;
#466 = CARTESIAN_POINT ( 'NONE',  ( 0.9249999999999998200, -0.1618333292155423300, 0.1175787961237839400 ) ) ;
#467 = CARTESIAN_POINT ( 'NONE',  ( -0.1256631592448514400, -0.3676071743396047100, 0.1132856968169742000 ) ) ;
#468 = CARTESIAN_POINT ( 'NONE',  ( 0.6730769230769224600, 0.2000369959355130500, 0.0000000000000000000 ) ) ;
#469 = CARTESIAN_POINT ( 'NONE',  ( 0.8288461538461535700, 0.1236296624955716000, 0.1701616322928579100 ) ) ;
#470 = CARTESIAN_POINT ( 'NONE',  ( 0.06237000895911210700, -0.05365777224893857100, 0.2076040155595566500 ) ) ;
#471 = ORIENTED_EDGE ( 'NONE', *, *, #7014, .T. ) ;
#472 = VERTEX_POINT ( 'NONE', #2657 ) ;
#473 = CARTESIAN_POINT ( 'NONE',  ( -0.1057692307692321700, 0.2000369959355130500, 0.0000000000000000000 ) ) ;
#474 = AXIS2_PLACEMENT_3D ( 'NONE', #2372, #3556, #4165 ) ;
#475 = CARTESIAN_POINT ( 'NONE',  ( -0.2480769230769243600, 0.1236296624955716000, 0.1701616322928579100 ) ) ;
#476 = CARTESIAN_POINT ( 'NONE',  ( 0.5822115384615375000, -0.1570817334117988500, 0.2162044579042725600 ) ) ;
#477 = ORIENTED_EDGE ( 'NONE', *, *, #6477, .F. ) ;
#478 =( BOUNDED_CURVE ( )  B_SPLINE_CURVE ( 2, ( #3387, #2715, #6311, #628, #2320, #3458, #4012, #6839, #6337, #1776, #5769, #27, #6266 ),
 .UNSPECIFIED., .F., .F. ) 
 B_SPLINE_CURVE_WITH_KNOTS ( ( 3, 2, 2, 2, 2, 2, 3 ),
 ( 0.2914390971403678600, 0.2936130101838461100, 0.2979608362708027200, 0.3023086623577592200, 0.3066564884447157100, 0.3110043145316722100, 0.3131782275751504600 ),
 .UNSPECIFIED. ) 
 CURVE ( )  GEOMETRIC_REPRESENTATION_ITEM ( )  RATIONAL_B_SPLINE_CURVE ( ( 0.9755282581475768200, 0.9755282581475768200, 1.000000000000000000, 0.9510565162951535300, 1.000000000000000000, 0.9510565162951535300, 1.000000000000000000, 0.9510565162951535300, 1.000000000000000000, 0.9510565162951535300, 1.000000000000000000, 0.9755282581475773800, 0.9755282581475768200 ) ) 
 REPRESENTATION_ITEM ( '' )  );
#479 = CARTESIAN_POINT ( 'NONE',  ( -0.5156250000000000000, 0.2035159698893429800, -0.3749999999999999400 ) ) ;
#480 = ORIENTED_EDGE ( 'NONE', *, *, #2408, .F. ) ;
#481 = DIRECTION ( 'NONE',  ( -1.000000000000000000, -0.0000000000000000000, -0.0000000000000000000 ) ) ;
#482 = CARTESIAN_POINT ( 'NONE',  ( 0.2259615384615373500, 1.663200520685731400E-017, -0.2716212579567785500 ) ) ;
#483 = CARTESIAN_POINT ( 'NONE',  ( 0.9307692307692300200, 0.1545084971874737000, -0.2126627020880099400 ) ) ;
#484 = CARTESIAN_POINT ( 'NONE',  ( 0.5403846153846148000, -0.1618333292155423300, 0.1175787961237839400 ) ) ;
#485 = DIRECTION ( 'NONE',  ( 0.0000000000000000000, 0.8660254037844477000, 0.4999999999999845100 ) ) ;
#486 = CARTESIAN_POINT ( 'NONE',  ( 0.4245192307692297100, -0.07854086670589945100, 0.2417239324562225900 ) ) ;
#487 = ORIENTED_EDGE ( 'NONE', *, *, #4435, .T. ) ;
#488 = DIRECTION ( 'NONE',  ( 0.0000000000000000000, 0.0000000000000000000, 1.000000000000000000 ) ) ;
#489 = CARTESIAN_POINT ( 'NONE',  ( 0.7115384615384609000, -0.2000369959355130500, -2.449746667834781800E-017 ) ) ;
#490 = CARTESIAN_POINT ( 'NONE',  ( -0.4692307692307708400, 0.1236296624955716000, 0.1701616322928579100 ) ) ;
#491 = CARTESIAN_POINT ( 'NONE',  ( 0.6480769230769225500, 0.06181483124778582700, -0.1902464884845768100 ) ) ;
#492 = CARTESIAN_POINT ( 'NONE',  ( 0.8096153846153841800, 0.1618333292155423300, -0.1175787961237839500 ) ) ;
#493 = EDGE_CURVE ( 'NONE', #5362, #2988, #1270, .T. ) ;
#494 = CIRCLE ( 'NONE', #6069, 0.002000000000000000500 ) ;
#495 = CARTESIAN_POINT ( 'NONE',  ( -0.4857957059411695500, -0.2230015414744930000, 0.3637499999999996800 ) ) ;
#496 = CARTESIAN_POINT ( 'NONE',  ( 0.5807692307692301500, 0.06181483124778582700, -0.1902464884845768100 ) ) ;
#497 = CARTESIAN_POINT ( 'NONE',  ( 0.8403846153846151700, -0.06181483124778584100, 0.1902464884845768100 ) ) ;
#498 = CARTESIAN_POINT ( 'NONE',  ( -0.5156250000000000000, 0.0000000000000000000, 0.0000000000000000000 ) ) ;
#499 = CALENDAR_DATE ( 2025, 19, 9 ) ;
#500 = CARTESIAN_POINT ( 'NONE',  ( -0.2826923076923090700, -0.06181483124778579900, -0.1902464884845768400 ) ) ;
#501 = VERTEX_POINT ( 'NONE', #2606 ) ;
#502 = CARTESIAN_POINT ( 'NONE',  ( -0.3826923076923093900, -0.1618333292155423300, 0.1175787961237839400 ) ) ;
#503 = CARTESIAN_POINT ( 'NONE',  ( 0.5399038461538452300, 0.07854086670589942300, -0.2417239324562225900 ) ) ;
#504 = DIRECTION ( 'NONE',  ( -1.000000000000000000, -0.0000000000000000000, -0.0000000000000000000 ) ) ;
#505 = FACE_OUTER_BOUND ( 'NONE', #4265, .T. ) ;
#506 = DIRECTION ( 'NONE',  ( 0.0000000000000000000, 0.0000000000000000000, 1.000000000000000000 ) ) ;
#507 = CARTESIAN_POINT ( 'NONE',  ( -0.1256631592448513900, -0.2819118784987239600, -0.2617143031830256900 ) ) ;
#508 = CARTESIAN_POINT ( 'NONE',  ( 0.06826923076922936100, -0.07982748481806198300, -0.2456837358386569400 ) ) ;
#509 = CARTESIAN_POINT ( 'NONE',  ( 0.02983900647976030600, -0.1815971189983829300, 0.1463994275256145200 ) ) ;
#510 = VERTEX_POINT ( 'NONE', #3175 ) ;
#511 = CARTESIAN_POINT ( 'NONE',  ( 0.5057692307692300800, 0.2000369959355130000, -0.06499595995471001100 ) ) ;
#512 = CARTESIAN_POINT ( 'NONE',  ( 0.5230769230769222200, -0.2499999999999999200, -0.08122992405822658500 ) ) ;
#513 = CARTESIAN_POINT ( 'NONE',  ( 0.4552884615384604800, -0.07854086670589939500, -0.2417239324562226500 ) ) ;
#514 = CARTESIAN_POINT ( 'NONE',  ( 1.040384615384615000, -0.2022542485937368600, 0.1469463130731182600 ) ) ;
#515 = FACE_OUTER_BOUND ( 'NONE', #3339, .T. ) ;
#516 = CARTESIAN_POINT ( 'NONE',  ( 0.4230769230769223000, 1.287908040090921300E-017, -0.2103313446762957200 ) ) ;
#517 = CARTESIAN_POINT ( 'NONE',  ( -0.4653846153846170600, 0.06181483124778577900, 0.1902464884845768400 ) ) ;
#518 = ORIENTED_EDGE ( 'NONE', *, *, #2262, .T. ) ;
#519 = CARTESIAN_POINT ( 'NONE',  ( 0.5519230769230764100, -0.2000369959355130000, -0.06499595995471003900 ) ) ;
#520 = CARTESIAN_POINT ( 'NONE',  ( 0.6326923076923071100, -0.1618333292155423300, -0.1175787961237840000 ) ) ;
#521 = VECTOR ( 'NONE', #3230, 39.37007874015748100 ) ;
#522 = CARTESIAN_POINT ( 'NONE',  ( 0.4346153846153838500, 0.1618333292155423300, -0.1175787961237839500 ) ) ;
#523 = CARTESIAN_POINT ( 'NONE',  ( -0.4857957059411695000, 0.2035159698893430900, 0.3749999999999998900 ) ) ;
#524 = CARTESIAN_POINT ( 'NONE',  ( 0.7596153846153842500, -3.863724120272764700E-017, 0.2103313446762957200 ) ) ;
#525 = DIRECTION ( 'NONE',  ( 1.000000000000000000, 0.0000000000000000000, 0.0000000000000000000 ) ) ;
#526 = CARTESIAN_POINT ( 'NONE',  ( -0.2096153846153859500, -0.1236296624955716100, -0.1701616322928578600 ) ) ;
#527 = CARTESIAN_POINT ( 'NONE',  ( -0.3596153846153862800, -0.06181483124778579900, -0.1902464884845768400 ) ) ;
#528 = CARTESIAN_POINT ( 'NONE',  ( -0.5156250000000000000, 0.3247595264191644500, -0.1874999999999999200 ) ) ;
#529 = CARTESIAN_POINT ( 'NONE',  ( -0.5156250000000000000, 0.2887499999999999500, -0.009250000000000020400 ) ) ;
#530 = CARTESIAN_POINT ( 'NONE',  ( -0.3855769230769248200, 0.07982748481806199700, -0.2456837358386569100 ) ) ;
#531 = CARTESIAN_POINT ( 'NONE',  ( 0.1682692307692295300, 0.2583271673440810700, 0.0000000000000000000 ) ) ;
#532 = CARTESIAN_POINT ( 'NONE',  ( 0.04615294163722499100, -0.1018775301867323500, -0.1989077512871591200 ) ) ;
#533 = CARTESIAN_POINT ( 'NONE',  ( 0.3403846153846145600, 0.06181483124778582700, -0.1902464884845768100 ) ) ;
#534 = CARTESIAN_POINT ( 'NONE',  ( 0.7923076923076914900, 0.2499999999999999200, 0.08122992405822664100 ) ) ;
#535 = CARTESIAN_POINT ( 'NONE',  ( 0.3975961538461526600, 0.2541635836720405100, -0.08258275440018626700 ) ) ;
#536 = EDGE_CURVE ( 'NONE', #5515, #6817, #2078, .T. ) ;
#537 = CARTESIAN_POINT ( 'NONE',  ( 0.2807692307692297700, 0.1618333292155423300, -0.1175787961237839500 ) ) ;
#538 = CARTESIAN_POINT ( 'NONE',  ( 1.060576923076922900, -0.2089910684901024900, -0.1518408992313406400 ) ) ;
#539 = EDGE_CURVE ( 'NONE', #2168, #5734, #2075, .T. ) ;
#540 = CARTESIAN_POINT ( 'NONE',  ( 0.4865384615384608600, -0.06181483124778579900, -0.1902464884845768400 ) ) ;
#541 = CARTESIAN_POINT ( 'NONE',  ( 0.7173076923076918700, -0.06181483124778579900, -0.1902464884845768400 ) ) ;
#542 = CARTESIAN_POINT ( 'NONE',  ( -0.1177893756334066200, 0.1371776909275778700, 0.3749999999999998300 ) ) ;
#543 = CARTESIAN_POINT ( 'NONE',  ( 0.3807692307692299200, 0.06181483124778577900, 0.1902464884845768400 ) ) ;
#544 = CARTESIAN_POINT ( 'NONE',  ( 0.7211538461538455900, -4.813149900984358400E-017, 0.2499999999999999700 ) ) ;
#545 = CARTESIAN_POINT ( 'NONE',  ( 0.7865384615384610800, -0.1618333292155423300, -0.1175787961237840000 ) ) ;
#546 = DIRECTION ( 'NONE',  ( 0.0000000000000000000, 0.0000000000000000000, 1.000000000000000000 ) ) ;
#547 = AXIS2_PLACEMENT_3D ( 'NONE', #6199, #1016, #485 ) ;
#548 = CARTESIAN_POINT ( 'NONE',  ( -0.3211538461538475700, 0.06181483124778577900, 0.1902464884845768400 ) ) ;
#549 = CARTESIAN_POINT ( 'NONE',  ( -0.3557692307692321700, 1.287908040090921300E-017, -0.2103313446762957200 ) ) ;
#550 = CARTESIAN_POINT ( 'NONE',  ( 0.06403730150246690600, 0.2124885346475874600, -0.02059516306332267700 ) ) ;
#551 = FACE_OUTER_BOUND ( 'NONE', #1336, .T. ) ;
#552 = PLANE ( 'NONE',  #1205 ) ;
#553 = CARTESIAN_POINT ( 'NONE',  ( 0.2307692307692294500, 1.750236327630675500E-017, -0.2499999999999999700 ) ) ;
#554 = CARTESIAN_POINT ( 'NONE',  ( -0.4355769230769247500, 0.1596549696361239700, 0.2197462137205352700 ) ) ;
#555 = CARTESIAN_POINT ( 'NONE',  ( -0.1740384615384632000, -0.2583271673440810700, -0.08393558474214601900 ) ) ;
#556 = CARTESIAN_POINT ( 'NONE',  ( -0.5156250000000000000, -0.1541177857925726300, 0.2444398353427580700 ) ) ;
#557 = ORIENTED_EDGE ( 'NONE', *, *, #7324, .T. ) ;
#558 = CARTESIAN_POINT ( 'NONE',  ( -0.5156250000000000000, 0.2165063509461096200, 0.3749999999999998900 ) ) ;
#559 = CARTESIAN_POINT ( 'NONE',  ( 0.4437499999999989200, -0.2541635836720405100, -0.08258275440018630900 ) ) ;
#560 = CARTESIAN_POINT ( 'NONE',  ( 0.7538461538461530600, -0.2499999999999999200, -0.08122992405822658500 ) ) ;
#561 = CARTESIAN_POINT ( 'NONE',  ( 0.8730769230769226400, -0.1618333292155423300, -0.1175787961237840000 ) ) ;
#562 = CARTESIAN_POINT ( 'NONE',  ( 0.3692307692307684200, 0.2000369959355130000, 0.06499595995471008100 ) ) ;
#563 = CARTESIAN_POINT ( 'NONE',  ( 1.275961538461538400, -0.2089910684901025400, 0.1518408992313405900 ) ) ;
#564 = CARTESIAN_POINT ( 'NONE',  ( 0.5903846153846147300, 0.2000369959355130000, 0.06499595995471008100 ) ) ;
#565 = CARTESIAN_POINT ( 'NONE',  ( 0.6480769230769225500, 0.06181483124778582700, -0.1902464884845768100 ) ) ;
#566 = ORIENTED_EDGE ( 'NONE', *, *, #4060, .F. ) ;
#567 = CARTESIAN_POINT ( 'NONE',  ( 1.105769230769230800, -4.813149900984358400E-017, 0.2499999999999999700 ) ) ;
#568 = VERTEX_POINT ( 'NONE', #2034 ) ;
#569 = CARTESIAN_POINT ( 'NONE',  ( 1.053846153846153400, -0.2500000000000000600, 0.08122992405822651600 ) ) ;
#570 = CARTESIAN_POINT ( 'NONE',  ( 0.2269230769230758400, 0.06181483124778577900, 0.1902464884845768400 ) ) ;
#571 = DIRECTION ( 'NONE',  ( 0.0000000000000000000, -0.8660254037844381500, 0.5000000000000011100 ) ) ;
#572 = CARTESIAN_POINT ( 'NONE',  ( 0.8788461538461536100, 0.06181483124778582700, -0.1902464884845768100 ) ) ;
#573 = CARTESIAN_POINT ( 'NONE',  ( 1.250000000000000000, 0.0000000000000000000, 0.2500000000000000000 ) ) ;
#574 = CARTESIAN_POINT ( 'NONE',  ( -0.07884615384615500900, -0.1236296624955716800, 0.1701616322928578300 ) ) ;
#575 = ORIENTED_EDGE ( 'NONE', *, *, #4005, .F. ) ;
#576 = EDGE_CURVE ( 'NONE', #7349, #5815, #1804, .T. ) ;
#577 = AXIS2_PLACEMENT_3D ( 'NONE', #7007, #735, #3019 ) ;
#578 = CARTESIAN_POINT ( 'NONE',  ( 1.206284984026253300, -0.1248263475693551100, -0.2006597934272394100 ) ) ;
#579 = CARTESIAN_POINT ( 'NONE',  ( 0.9826923076923074200, -0.1545084971874737000, -0.2126627020880100000 ) ) ;
#580 = CARTESIAN_POINT ( 'NONE',  ( 0.4134615384615373800, 1.982142641041740300E-015, 0.2499999999999999700 ) ) ;
#581 = CARTESIAN_POINT ( 'NONE',  ( -0.2625000000000016200, -0.2089910684901025400, 0.1518408992313405900 ) ) ;
#582 = CARTESIAN_POINT ( 'NONE',  ( -0.01634615384615533500, -0.2089910684901024900, -0.1518408992313406400 ) ) ;
#583 = CARTESIAN_POINT ( 'NONE',  ( -0.5024485553286418500, -0.3931444666511973400, -0.06905380904555798200 ) ) ;
#584 = FACE_OUTER_BOUND ( 'NONE', #306, .T. ) ;
#585 = TOROIDAL_SURFACE ( 'NONE', #1158, 0.5160356162754504700, 0.02302688372454955700 ) ;
#586 = EDGE_CURVE ( 'NONE', #6322, #3701, #5272, .T. ) ;
#587 = CARTESIAN_POINT ( 'NONE',  ( 0.1365384615384605000, 0.1236296624955716000, 0.1701616322928579100 ) ) ;
#588 = CARTESIAN_POINT ( 'NONE',  ( 0.5673076923076915100, -4.813149900984358400E-017, 0.2499999999999999700 ) ) ;
#589 = CARTESIAN_POINT ( 'NONE',  ( 0.1399038461538448000, -0.2056226585419196300, -0.1493936061522294400 ) ) ;
#590 = CARTESIAN_POINT ( 'NONE',  ( 0.7461538461538451700, -0.2500000000000000600, 0.08122992405822651600 ) ) ;
#591 = VERTEX_POINT ( 'NONE', #6140 ) ;
#592 = CARTESIAN_POINT ( 'NONE',  ( 0.8692307692307685900, -0.2000369959355130000, -0.06499595995471003900 ) ) ;
#593 = CARTESIAN_POINT ( 'NONE',  ( 0.4307692307692299000, 0.1236296624955716700, -0.1701616322928578600 ) ) ;
#594 = CARTESIAN_POINT ( 'NONE',  ( 1.064423076923076500, -0.1596549696361239700, -0.2197462137205352100 ) ) ;
#595 = CARTESIAN_POINT ( 'NONE',  ( 0.3749999999999991100, -3.863724120272764700E-017, 0.2103313446762957200 ) ) ;
#596 = CARTESIAN_POINT ( 'NONE',  ( 0.6365384615384611600, -0.1236296624955716100, -0.1701616322928578600 ) ) ;
#597 = VECTOR ( 'NONE', #4176, 39.37007874015748100 ) ;
#598 = AXIS2_PLACEMENT_3D ( 'NONE', #2612, #6704, #349 ) ;
#599 = CARTESIAN_POINT ( 'NONE',  ( 1.073076923076922800, -0.07725424859373682100, -0.2377641290737883800 ) ) ;
#600 = VERTEX_POINT ( 'NONE', #1557 ) ;
#601 = CARTESIAN_POINT ( 'NONE',  ( 0.2615384615384605000, -0.1236296624955716100, -0.1701616322928578600 ) ) ;
#602 = CARTESIAN_POINT ( 'NONE',  ( 0.7249999999999994200, -0.07725424859373689100, 0.2377641290737883800 ) ) ;
#603 = CARTESIAN_POINT ( 'NONE',  ( 0.7057692307692301500, -0.2000369959355130000, -0.06499595995471003900 ) ) ;
#604 = CARTESIAN_POINT ( 'NONE',  ( 1.261538461538461500, -0.1236296624955716100, -0.1701616322928578600 ) ) ;
#605 = B_SPLINE_CURVE_WITH_KNOTS ( 'NONE', 3,
 ( #991, #6141, #6775, #4508, #1062, #3297, #1628, #5112, #507, #4534, #2700, #5676 ),
 .UNSPECIFIED., .F., .F.,
 ( 4, 2, 2, 2, 2, 4 ),
 ( 0.0003400754393376995900, 0.002947248615815791600, 0.005554421792293883600, 0.006858008380532929500, 0.008161594968771977000, 0.01076876814525006900 ),
 .UNSPECIFIED. ) ;
#606 = FACE_OUTER_BOUND ( 'NONE', #5951, .T. ) ;
#607 = ADVANCED_FACE ( 'NONE', ( #6544 ), #2154, .T. ) ;
#608 = CARTESIAN_POINT ( 'NONE',  ( 0.9903846153846152000, 5.206953074701259500E-016, -0.2500000000000000600 ) ) ;
#609 = ORIENTED_EDGE ( 'NONE', *, *, #7198, .F. ) ;
#610 = CARTESIAN_POINT ( 'NONE',  ( 0.009615384615383340900, 0.2500000000000000000, 0.0000000000000000000 ) ) ;
#611 = CARTESIAN_POINT ( 'NONE',  ( -0.5122212709119201600, 0.2903174528909418000, -0.2471554212689043900 ) ) ;
#612 = CARTESIAN_POINT ( 'NONE',  ( -0.4414172212212176300, 0.2345707265478422200, 0.1166335203488330400 ) ) ;
#613 = CARTESIAN_POINT ( 'NONE',  ( -0.04711538461538598800, 0.07982748481806195600, 0.2456837358386569400 ) ) ;
#614 = ORIENTED_EDGE ( 'NONE', *, *, #1365, .F. ) ;
#615 = CARTESIAN_POINT ( 'NONE',  ( 0.1826923076923067700, 1.287908040090921200E-017, -0.2103313446762957200 ) ) ;
#616 = CARTESIAN_POINT ( 'NONE',  ( 0.01381678729127516200, 0.1819278721910852800, 0.1600602163288539800 ) ) ;
#617 = CARTESIAN_POINT ( 'NONE',  ( 0.05913461538461385600, -0.2541635836720405100, -0.08258275440018630900 ) ) ;
#618 = CARTESIAN_POINT ( 'NONE',  ( -0.09956090325609187600, 0.2113143342614217700, -0.3739742722955632400 ) ) ;
#619 = CARTESIAN_POINT ( 'NONE',  ( 0.8038461538461534300, -0.06181483124778579900, -0.1902464884845768400 ) ) ;
#620 = CARTESIAN_POINT ( 'NONE',  ( 0.4615384615384606200, -3.863724120272764700E-017, 0.2103313446762957200 ) ) ;
#621 = CARTESIAN_POINT ( 'NONE',  ( 1.168269230769230400, 0.2583271673440810700, 0.0000000000000000000 ) ) ;
#622 = CARTESIAN_POINT ( 'NONE',  ( 0.2942307692307683500, 0.06181483124778577900, 0.1902464884845768400 ) ) ;
#623 = CARTESIAN_POINT ( 'NONE',  ( 0.6826923076923071500, -3.863724120272764700E-017, 0.2103313446762957200 ) ) ;
#624 =( BOUNDED_CURVE ( )  B_SPLINE_CURVE ( 2, ( #5646, #1053, #1619, #2743, #1003, #5075, #2192, #6212, #3333, #7343, #2771, #3311, #7263 ),
 .UNSPECIFIED., .F., .F. ) 
 B_SPLINE_CURVE_WITH_KNOTS ( ( 3, 2, 2, 2, 2, 2, 3 ),
 ( 0.9001347460979038900, 0.9023086591413821400, 0.9066564852283386400, 0.9110043113152952500, 0.9153521374022517400, 0.9196999634892082400, 0.9218738765326864900 ),
 .UNSPECIFIED. ) 
 CURVE ( )  GEOMETRIC_REPRESENTATION_ITEM ( )  RATIONAL_B_SPLINE_CURVE ( ( 0.9755282581475767100, 0.9755282581475767100, 1.000000000000000000, 0.9510565162951534200, 1.000000000000000000, 0.9510565162951534200, 1.000000000000000000, 0.9510565162951534200, 1.000000000000000000, 0.9510565162951534200, 1.000000000000000000, 0.9755282581475767100, 0.9755282581475767100 ) ) 
 REPRESENTATION_ITEM ( '' )  );
#625 = CARTESIAN_POINT ( 'NONE',  ( -0.5136250000000000000, -0.05062500000000041300, -0.08768507213317419700 ) ) ;
#626 = AXIS2_PLACEMENT_3D ( 'NONE', #2636, #7164, #6076 ) ;
#627 = CARTESIAN_POINT ( 'NONE',  ( 0.2923076923076913200, 0.2000369959355130000, 0.06499595995471008100 ) ) ;
#628 = CARTESIAN_POINT ( 'NONE',  ( 0.007692307692306116700, 0.1545084971874737000, -0.2126627020880099400 ) ) ;
#629 = CARTESIAN_POINT ( 'NONE',  ( 0.5673076923076916200, 1.287908040090921200E-017, -0.2103313446762957200 ) ) ;
#630 = CARTESIAN_POINT ( 'NONE',  ( 1.236538461538461800, -0.2000369959355130200, 0.06499595995470997000 ) ) ;
#631 = CARTESIAN_POINT ( 'NONE',  ( 1.253846153846153600, -0.2000369959355130000, -0.06499595995471003900 ) ) ;
#632 = CARTESIAN_POINT ( 'NONE',  ( 0.01298076923076775700, 0.2541635836720405100, -0.08258275440018626700 ) ) ;
#633 = CARTESIAN_POINT ( 'NONE',  ( -0.4826923076923094200, 0.1618333292155423300, 0.1175787961237840100 ) ) ;
#634 = CARTESIAN_POINT ( 'NONE',  ( 0.01346153846153710600, 0.2500000000000000600, 0.08122992405822665500 ) ) ;
#635 = CARTESIAN_POINT ( 'NONE',  ( 1.261538461538461500, -0.1236296624955716100, -0.1701616322928578600 ) ) ;
#636 = CARTESIAN_POINT ( 'NONE',  ( -0.5156250000000000000, -0.05062500000000041300, -0.08768507213317419700 ) ) ;
#637 = CARTESIAN_POINT ( 'NONE',  ( -0.3201923076923095000, -0.1596549696361239700, -0.2197462137205352100 ) ) ;
#638 = CARTESIAN_POINT ( 'NONE',  ( -0.05096153846154002900, 0.1596549696361239700, 0.2197462137205352700 ) ) ;
#639 = CARTESIAN_POINT ( 'NONE',  ( -0.5136250000000000000, -0.1541177857925761000, -0.2444398353427559600 ) ) ;
#640 = CARTESIAN_POINT ( 'NONE',  ( 0.2942307692307683500, 0.06181483124778577900, 0.1902464884845768400 ) ) ;
#641 = CARTESIAN_POINT ( 'NONE',  ( 0.01841791997653269300, 0.08247127800721845700, 0.2250290492287848600 ) ) ;
#642 = CARTESIAN_POINT ( 'NONE',  ( 0.1014423076923062200, 0.2056226585419196300, 0.1493936061522294900 ) ) ;
#643 = CARTESIAN_POINT ( 'NONE',  ( 0.7307692307692298400, 9.626299801968717100E-016, 0.2500000000000000000 ) ) ;
#644 = EDGE_CURVE ( 'NONE', #1821, #1404, #1602, .T. ) ;
#645 = ADVANCED_FACE ( 'NONE', ( #1620 ), #6197, .T. ) ;
#646 = CARTESIAN_POINT ( 'NONE',  ( 0.9269230769230766300, -0.06181483124778584100, 0.1902464884845768100 ) ) ;
#647 = CARTESIAN_POINT ( 'NONE',  ( 0.1153846153846142700, 1.287908040090921300E-017, -0.2103313446762957200 ) ) ;
#648 = CARTESIAN_POINT ( 'NONE',  ( 0.8144230769230763600, -0.2089910684901025400, 0.1518408992313405900 ) ) ;
#649 = CARTESIAN_POINT ( 'NONE',  ( 0.3480769230769222300, 0.1618333292155423300, -0.1175787961237839500 ) ) ;
#650 = LINE ( 'NONE', #2201, #5765 ) ;
#651 = CARTESIAN_POINT ( 'NONE',  ( -0.06009615384615538100, 0.2541635836720405100, 0.0000000000000000000 ) ) ;
#652 = CARTESIAN_POINT ( 'NONE',  ( 0.03846153846153736000, 1.287908040090921300E-017, -0.2103313446762957200 ) ) ;
#653 = CARTESIAN_POINT ( 'NONE',  ( 0.6211538461538456100, -0.2000369959355130800, 0.06499595995470997000 ) ) ;
#654 = CARTESIAN_POINT ( 'NONE',  ( 1.225000000000000100, -0.06181483124778584100, 0.1902464884845768100 ) ) ;
#655 = ORIENTED_EDGE ( 'NONE', *, *, #4682, .T. ) ;
#656 = CARTESIAN_POINT ( 'NONE',  ( -0.4634615384615399800, -0.1236296624955716800, 0.1701616322928578300 ) ) ;
#657 = CARTESIAN_POINT ( 'NONE',  ( 1.207847854137879400, -0.08162117550570788200, -0.2201126854736109000 ) ) ;
#658 = CARTESIAN_POINT ( 'NONE',  ( 0.0000000000000000000, 0.1764317023400091300, -0.1771210162838008100 ) ) ;
#659 = ORIENTED_EDGE ( 'NONE', *, *, #5786, .F. ) ;
#660 = ORIENTED_EDGE ( 'NONE', *, *, #985, .T. ) ;
#661 = CARTESIAN_POINT ( 'NONE',  ( 0.04749065372768231800, 0.1178638874747841700, 0.1894254458926309900 ) ) ;
#662 = CARTESIAN_POINT ( 'NONE',  ( -0.0009615384615400115700, 0.07982748481806199700, -0.2456837358386569100 ) ) ;
#663 = CARTESIAN_POINT ( 'NONE',  ( 0.09807692307692204800, -0.1236296624955716100, -0.1701616322928578600 ) ) ;
#664 = CARTESIAN_POINT ( 'NONE',  ( 0.01931051050839604700, 0.05945486369563382500, 0.2316425274654369000 ) ) ;
#665 = CARTESIAN_POINT ( 'NONE',  ( 0.1745192307692292900, 0.2541635836720405100, 0.08258275440018635100 ) ) ;
#666 = ORIENTED_EDGE ( 'NONE', *, *, #5447, .T. ) ;
#667 = CARTESIAN_POINT ( 'NONE',  ( 0.7672594507097356700, -0.03959611008113404100, -0.2499999999999999200 ) ) ;
#668 = VERTEX_POINT ( 'NONE', #3341 ) ;
#669 = CARTESIAN_POINT ( 'NONE',  ( 0.8576923076923072000, -0.1618333292155423300, 0.1175787961237839400 ) ) ;
#670 = CARTESIAN_POINT ( 'NONE',  ( 0.09615384615384503500, -0.2000369959355130500, -2.449746667834781800E-017 ) ) ;
#671 = CARTESIAN_POINT ( 'NONE',  ( 0.9644230769230766100, -0.1596549696361239900, 0.2197462137205351800 ) ) ;
#672 = CARTESIAN_POINT ( 'NONE',  ( 0.2480769230769220800, -0.1618333292155423300, -0.1175787961237840000 ) ) ;
#673 = CARTESIAN_POINT ( 'NONE',  ( -0.1062500000000016300, -0.2056226585419196600, 0.1493936061522294100 ) ) ;
#674 = VERTEX_POINT ( 'NONE', #409 ) ;
#675 = DIRECTION ( 'NONE',  ( -0.0000000000000000000, 1.000000000000000000, 1.224646799147353200E-016 ) ) ;
#676 = CARTESIAN_POINT ( 'NONE',  ( 0.04615384615384487300, 0.1236296624955716700, -0.1701616322928578600 ) ) ;
#677 = CARTESIAN_POINT ( 'NONE',  ( 0.4788461538461529200, 0.2022542485937368100, 0.1469463130731183400 ) ) ;
#678 = DIRECTION ( 'NONE',  ( -1.000000000000000000, -0.0000000000000000000, -0.0000000000000000000 ) ) ;
#679 = CARTESIAN_POINT ( 'NONE',  ( -0.4596153846153863100, -0.1618333292155423300, 0.1175787961237839400 ) ) ;
#680 = EDGE_CURVE ( 'NONE', #1410, #937, #650, .T. ) ;
#681 = ADVANCED_FACE ( 'NONE', ( #1535, #3606, #6713, #2883 ), #4436, .T. ) ;
#682 = LINE ( 'NONE', #879, #4095 ) ;
#683 = DIRECTION ( 'NONE',  ( 0.0000000000000000000, 0.0000000000000000000, 1.000000000000000000 ) ) ;
#684 = CARTESIAN_POINT ( 'NONE',  ( 1.226923076923077000, 0.06181483124778577900, 0.1902464884845768400 ) ) ;
#685 = CARTESIAN_POINT ( 'NONE',  ( -0.5156250000000000000, 0.2887499999999999500, 0.01124999999999997900 ) ) ;
#686 = CARTESIAN_POINT ( 'NONE',  ( 1.094230769230768900, 0.2022542485937368100, 0.1469463130731183400 ) ) ;
#687 = CARTESIAN_POINT ( 'NONE',  ( 0.8346153846153839800, -0.2022542485937368100, -0.1469463130731182800 ) ) ;
#688 = ORIENTED_EDGE ( 'NONE', *, *, #2841, .T. ) ;
#689 = EDGE_CURVE ( 'NONE', #1228, #2173, #5227, .T. ) ;
#690 = CARTESIAN_POINT ( 'NONE',  ( 0.4903846153846145300, 1.287908040090921300E-017, -0.2103313446762957200 ) ) ;
#691 = CARTESIAN_POINT ( 'NONE',  ( 0.2865384615384604600, -0.2022542485937368100, -0.1469463130731182800 ) ) ;
#692 = CARTESIAN_POINT ( 'NONE',  ( 0.2437499999999986900, 0.2541635836720405100, -0.08258275440018626700 ) ) ;
#693 = LINE ( 'NONE', #6762, #2391 ) ;
#694 = CARTESIAN_POINT ( 'NONE',  ( 0.5461538461538454300, -0.1236296624955716700, 0.1701616322928578600 ) ) ;
#695 = CARTESIAN_POINT ( 'NONE',  ( -0.007692307692308892300, 0.1236296624955716000, 0.1701616322928579100 ) ) ;
#696 = CARTESIAN_POINT ( 'NONE',  ( 0.8528846153846148000, 0.2089910684901025400, -0.1518408992313406100 ) ) ;
#697 = ORIENTED_EDGE ( 'NONE', *, *, #2200, .F. ) ;
#698 = CARTESIAN_POINT ( 'NONE',  ( 0.3980769230769222700, -0.2000369959355130000, -0.06499595995471003900 ) ) ;
#699 = CARTESIAN_POINT ( 'NONE',  ( -0.09855769230769383100, -0.2541635836720405100, -3.112606192037848400E-017 ) ) ;
#700 = AXIS2_PLACEMENT_3D ( 'NONE', #6049, #280, #1991 ) ;
#701 = FACE_OUTER_BOUND ( 'NONE', #1463, .T. ) ;
#702 = CARTESIAN_POINT ( 'NONE',  ( 0.08653846153846314600, -0.1735457286224733300, 0.1003387625931468400 ) ) ;
#703 = CARTESIAN_POINT ( 'NONE',  ( 0.04999999999999865000, 0.1618333292155423300, -0.1175787961237839500 ) ) ;
#704 = CARTESIAN_POINT ( 'NONE',  ( 0.4826923076923069800, 0.1545084971874737000, 0.2126627020880100200 ) ) ;
#705 = CARTESIAN_POINT ( 'NONE',  ( 1.121153846153846200, 0.2000369959355130000, -0.06499595995470999800 ) ) ;
#706 = ORIENTED_EDGE ( 'NONE', *, *, #3618, .T. ) ;
#707 = CARTESIAN_POINT ( 'NONE',  ( 1.280769230769230700, 0.1618333292155423300, -0.1175787961237839500 ) ) ;
#708 = B_SPLINE_CURVE_WITH_KNOTS ( 'NONE', 3,
 ( #4709, #5349, #5279, #93, #5853, #3070 ),
 .UNSPECIFIED., .F., .F.,
 ( 4, 2, 4 ),
 ( 0.0003400754393376402300, 0.002952332709806804300, 0.005564589980275968900 ),
 .UNSPECIFIED. ) ;
#709 = FACE_OUTER_BOUND ( 'NONE', #2826, .T. ) ;
#710 = CARTESIAN_POINT ( 'NONE',  ( 0.0000000000000000000, 6.390113155796642300E-017, -0.5160356162754504700 ) ) ;
#711 = CARTESIAN_POINT ( 'NONE',  ( 0.0009798538250695679400, 0.1905451757486466000, -0.1630624692425805000 ) ) ;
#712 = CARTESIAN_POINT ( 'NONE',  ( 1.230769230769230400, -3.863724120272764700E-017, 0.2103313446762957200 ) ) ;
#713 = CARTESIAN_POINT ( 'NONE',  ( -0.5128151445830500000, -0.2903278576362825500, -0.2471373997213346400 ) ) ;
#714 = CARTESIAN_POINT ( 'NONE',  ( 0.04366152187356676900, 0.1554965857176309800, 0.1630491061783167200 ) ) ;
#715 = CARTESIAN_POINT ( 'NONE',  ( -0.4906249999999999800, 0.2887499999999999500, 0.01124999999999997900 ) ) ;
#716 = CARTESIAN_POINT ( 'NONE',  ( 1.228861709198275000, 0.1511162755966381200, 0.1509141382169030000 ) ) ;
#717 = CARTESIAN_POINT ( 'NONE',  ( 0.4711538461538454200, -0.2000369959355130500, -2.449746667834781800E-017 ) ) ;
#718 = CARTESIAN_POINT ( 'NONE',  ( 0.6557692307692299900, -0.2022542485937368600, 0.1469463130731182600 ) ) ;
#719 = CARTESIAN_POINT ( 'NONE',  ( 1.189903846153845800, -4.909181744786878600E-017, 0.2672434070081726200 ) ) ;
#720 =( BOUNDED_CURVE ( )  B_SPLINE_CURVE ( 2, ( #4765, #5932, #7086, #5305, #6987, #2489, #1320, #5910, #2464, #3596, #6494, #200, #3052 ),
 .UNSPECIFIED., .F., .F. ) 
 B_SPLINE_CURVE_WITH_KNOTS ( ( 3, 2, 2, 2, 2, 2, 3 ),
 ( 0.3349173580099331600, 0.3370912710534114100, 0.3414390971403679100, 0.3457869232273244100, 0.3501347493142809000, 0.3544825754012375100, 0.3566564884447157600 ),
 .UNSPECIFIED. ) 
 CURVE ( )  GEOMETRIC_REPRESENTATION_ITEM ( )  RATIONAL_B_SPLINE_CURVE ( ( 0.9755282581475768200, 0.9755282581475773800, 1.000000000000000000, 0.9510565162951535300, 1.000000000000000000, 0.9510565162951535300, 1.000000000000000000, 0.9510565162951535300, 1.000000000000000000, 0.9510565162951535300, 1.000000000000000000, 0.9755282581475768200, 0.9755282581475768200 ) ) 
 REPRESENTATION_ITEM ( '' )  );
#721 = ADVANCED_FACE ( 'NONE', ( #290 ), #3073, .T. ) ;
#722 = CARTESIAN_POINT ( 'NONE',  ( 0.5192307692307685000, 0.2000369959355130500, 0.0000000000000000000 ) ) ;
#723 = CARTESIAN_POINT ( 'NONE',  ( 0.09230769230769110500, -0.2000369959355130200, 0.06499595995470997000 ) ) ;
#724 = CARTESIAN_POINT ( 'NONE',  ( 1.029807692307692000, 0.07982748481806195600, 0.2456837358386569400 ) ) ;
#725 = CARTESIAN_POINT ( 'NONE',  ( 0.2096153846153836500, 0.1618333292155423300, 0.1175787961237840100 ) ) ;
#726 = CARTESIAN_POINT ( 'NONE',  ( -0.1139423076923094400, -0.07854086670589945100, 0.2417239324562225900 ) ) ;
#727 = CARTESIAN_POINT ( 'NONE',  ( -0.1256631592448514400, 0.3676071743396044400, -0.1132856968169745600 ) ) ;
#728 = CARTESIAN_POINT ( 'NONE',  ( 0.02307692307692175300, -0.2000369959355130000, -0.06499595995471003900 ) ) ;
#729 = CARTESIAN_POINT ( 'NONE',  ( 1.140384615384615300, 0.06181483124778577900, 0.1902464884845768400 ) ) ;
#730 = CARTESIAN_POINT ( 'NONE',  ( 1.211538461538461500, 0.2000369959355130500, 0.0000000000000000000 ) ) ;
#731 = CARTESIAN_POINT ( 'NONE',  ( 1.228846153846153700, -0.1236296624955716700, 0.1701616322928578600 ) ) ;
#732 = DIRECTION ( 'NONE',  ( -1.000000000000000000, -0.0000000000000000000, -0.0000000000000000000 ) ) ;
#733 = CARTESIAN_POINT ( 'NONE',  ( 1.111538461538461400, -0.06181483124778579900, -0.1902464884845768400 ) ) ;
#734 = CARTESIAN_POINT ( 'NONE',  ( 1.250000000000000000, 0.0000000000000000000, 0.0000000000000000000 ) ) ;
#735 = DIRECTION ( 'NONE',  ( -1.000000000000000000, 0.0000000000000000000, -0.0000000000000000000 ) ) ;
#736 = CARTESIAN_POINT ( 'NONE',  ( -0.1282015138195912200, 0.06920405852137528900, -0.3749999999999999400 ) ) ;
#737 = LINE ( 'NONE', #3018, #5138 ) ;
#738 = CARTESIAN_POINT ( 'NONE',  ( 0.3826923076923068300, -0.1236296624955716800, 0.1701616322928578300 ) ) ;
#739 = CARTESIAN_POINT ( 'NONE',  ( 1.109134615384614900, 0.07854086670589938100, 0.2417239324562226500 ) ) ;
#740 = CARTESIAN_POINT ( 'NONE',  ( 0.3346153846153833200, 0.2022542485937368100, 0.1469463130731183400 ) ) ;
#741 = CARTESIAN_POINT ( 'NONE',  ( 0.7192307692307686700, -0.1618333292155423300, -0.1175787961237840000 ) ) ;
#742 = CARTESIAN_POINT ( 'NONE',  ( -0.1961538461538476500, -0.06181483124778579900, -0.1902464884845768400 ) ) ;
#743 = CARTESIAN_POINT ( 'NONE',  ( 0.8567307692307687400, 0.2583271673440810700, -0.08393558474214596300 ) ) ;
#744 = CARTESIAN_POINT ( 'NONE',  ( 0.1288461538461528100, 0.2000369959355130000, 0.06499595995471008100 ) ) ;
#745 = CARTESIAN_POINT ( 'NONE',  ( -0.1447115384615400800, 0.2056226585419196600, -0.1493936061522294400 ) ) ;
#746 = VERTEX_POINT ( 'NONE', #6222 ) ;
#747 = CARTESIAN_POINT ( 'NONE',  ( 1.044230769230769100, 0.2000369959355130000, -0.06499595995470999800 ) ) ;
#748 = AXIS2_PLACEMENT_3D ( 'NONE', #2837, #1136, #6470 ) ;
#749 = CARTESIAN_POINT ( 'NONE',  ( 1.003846153846153600, -0.06181483124778584100, 0.1902464884845768100 ) ) ;
#750 = ORIENTED_EDGE ( 'NONE', *, *, #2408, .T. ) ;
#751 = VERTEX_POINT ( 'NONE', #6774 ) ;
#752 = DIRECTION ( 'NONE',  ( 0.0000000000000000000, -1.224646799147351700E-016, 1.000000000000000000 ) ) ;
#753 = CARTESIAN_POINT ( 'NONE',  ( -0.4841390361425060300, 0.2181827546466433800, 0.3700169712675083200 ) ) ;
#754 = CARTESIAN_POINT ( 'NONE',  ( 1.119230769230769000, 0.06181483124778582700, -0.1902464884845768100 ) ) ;
#755 = PLANE ( 'NONE',  #2323 ) ;
#756 = CARTESIAN_POINT ( 'NONE',  ( 0.8423076923076914200, -0.07725424859373682100, -0.2377641290737883800 ) ) ;
#757 = ORIENTED_EDGE ( 'NONE', *, *, #4682, .F. ) ;
#758 = CARTESIAN_POINT ( 'NONE',  ( 1.218165284804049000, 0.1857986299193991900, -0.1255807248582388700 ) ) ;
#759 = CARTESIAN_POINT ( 'NONE',  ( 0.3519230769230761200, 0.2000369959355130000, -0.06499595995470999800 ) ) ;
#760 = CARTESIAN_POINT ( 'NONE',  ( 0.1518748353251199400, -0.03959611008113404100, -0.2499999999999999200 ) ) ;
#761 = CARTESIAN_POINT ( 'NONE',  ( 0.8345671430174287400, -0.03959611008113406200, -0.2500000000000000600 ) ) ;
#762 = CARTESIAN_POINT ( 'NONE',  ( 0.3423076923076911500, 0.07725424859373679300, 0.2377641290737883800 ) ) ;
#763 = VECTOR ( 'NONE', #3373, 39.37007874015748100 ) ;
#764 = CARTESIAN_POINT ( 'NONE',  ( 0.6730769230769224600, 0.2000369959355130500, 0.0000000000000000000 ) ) ;
#765 = CARTESIAN_POINT ( 'NONE',  ( -0.1692307692307707700, 0.2000369959355130000, 0.06499595995471008100 ) ) ;
#766 = CARTESIAN_POINT ( 'NONE',  ( 0.6259615384615375700, 0.2583271673440810700, -0.08393558474214596300 ) ) ;
#767 = CARTESIAN_POINT ( 'NONE',  ( 0.03653846153846033300, 0.1236296624955716700, -0.1701616322928578600 ) ) ;
#768 = CARTESIAN_POINT ( 'NONE',  ( -0.3254807692307710200, -0.2541635836720405100, -0.08258275440018630900 ) ) ;
#769 = CALENDAR_DATE ( 2025, 19, 9 ) ;
#770 = PLANE ( 'NONE',  #3982 ) ;
#771 = EDGE_LOOP ( 'NONE', ( #1111, #4754 ) ) ;
#772 = CARTESIAN_POINT ( 'NONE',  ( 0.9788461538461535900, 0.1618333292155423300, 0.1175787961237840100 ) ) ;
#773 = CARTESIAN_POINT ( 'NONE',  ( 1.157692307692307600, -0.06181483124778584100, 0.1902464884845768100 ) ) ;
#774 = FACE_OUTER_BOUND ( 'NONE', #7129, .T. ) ;
#775 = CARTESIAN_POINT ( 'NONE',  ( 1.117355933905647400, -0.03959611008113410300, 0.2499999999999999200 ) ) ;
#776 = EDGE_LOOP ( 'NONE', ( #4397, #1770, #6503, #843 ) ) ;
#777 = CARTESIAN_POINT ( 'NONE',  ( -0.1001489031158495900, 0.2073824434660151700, 0.3749999999999998300 ) ) ;
#778 = CARTESIAN_POINT ( 'NONE',  ( 1.146153846153845900, 0.1236296624955716000, 0.1701616322928579100 ) ) ;
#779 = CARTESIAN_POINT ( 'NONE',  ( 0.004553727093227500800, 0.06037567900932852600, -0.2403717348683935800 ) ) ;
#780 = CARTESIAN_POINT ( 'NONE',  ( 1.250000000000000000, 2.708353498114340400E-017, -0.1923076923076925100 ) ) ;
#781 = CYLINDRICAL_SURFACE ( 'NONE', #5204, 0.2500000000000000000 ) ;
#782 = EDGE_CURVE ( 'NONE', #937, #3008, #3516, .T. ) ;
#783 = CARTESIAN_POINT ( 'NONE',  ( 1.219913075900498400, 0.2078403367981520300, -0.08041261728441236000 ) ) ;
#784 = ORIENTED_EDGE ( 'NONE', *, *, #1060, .F. ) ;
#785 = EDGE_CURVE ( 'NONE', #5734, #591, #4696, .T. ) ;
#786 = CARTESIAN_POINT ( 'NONE',  ( 0.1788461538461528500, -0.06181483124778579900, -0.1902464884845768400 ) ) ;
#787 = CARTESIAN_POINT ( 'NONE',  ( 1.147596153846153700, -0.07854086670589939500, -0.2417239324562226500 ) ) ;
#788 = CARTESIAN_POINT ( 'NONE',  ( -0.5156250000000000000, 0.2230015414744929400, 0.3637499999999998500 ) ) ;
#789 = CARTESIAN_POINT ( 'NONE',  ( 0.5499999999999993800, -0.1618333292155423300, 0.1175787961237839400 ) ) ;
#790 = LINE ( 'NONE', #368, #521 ) ;
#791 = CARTESIAN_POINT ( 'NONE',  ( -0.02692307692307825300, 0.1618333292155423300, -0.1175787961237839500 ) ) ;
#792 = CARTESIAN_POINT ( 'NONE',  ( 0.5451923076923067500, 0.2089910684901025400, -0.1518408992313406100 ) ) ;
#793 = CARTESIAN_POINT ( 'NONE',  ( -0.001923076923078110800, -0.1236296624955716800, 0.1701616322928578300 ) ) ;
#794 = CARTESIAN_POINT ( 'NONE',  ( -0.3600961538461557300, 0.2056226585419196300, 0.1493936061522294900 ) ) ;
#795 = VERTEX_POINT ( 'NONE', #6169 ) ;
#796 = AXIS2_PLACEMENT_3D ( 'NONE', #2990, #6464, #141 ) ;
#797 = CARTESIAN_POINT ( 'NONE',  ( 0.3096153846153835200, 0.2022542485937368600, -0.1469463130731182800 ) ) ;
#798 = CARTESIAN_POINT ( 'NONE',  ( 0.6903363737866589100, -0.03959611008113404100, -0.2499999999999999200 ) ) ;
#799 = CYLINDRICAL_SURFACE ( 'NONE', #4360, 0.02249999999999996400 ) ;
#800 = CARTESIAN_POINT ( 'NONE',  ( 1.082692307692307600, -0.2000369959355130200, 0.06499595995470997000 ) ) ;
#801 = CARTESIAN_POINT ( 'NONE',  ( 1.176923076923076700, -0.2000369959355130000, -0.06499595995471003900 ) ) ;
#802 = CARTESIAN_POINT ( 'NONE',  ( 1.134615384615384100, -0.2499999999999999700, -3.061616997868382400E-017 ) ) ;
#803 = CARTESIAN_POINT ( 'NONE',  ( 1.165384615384615500, -0.1618333292155423300, 0.1175787961237839400 ) ) ;
#804 = CARTESIAN_POINT ( 'NONE',  ( 0.5673076923076915100, -4.813149900984358400E-017, 0.2499999999999999700 ) ) ;
#805 = CARTESIAN_POINT ( 'NONE',  ( 0.03631547908290944800, 0.2105909214046844400, 0.09036717848187059100 ) ) ;
#806 = CARTESIAN_POINT ( 'NONE',  ( 1.161538461538461400, -0.1236296624955716700, 0.1701616322928578600 ) ) ;
#807 =( BOUNDED_CURVE ( )  B_SPLINE_CURVE ( 2, ( #819, #7116, #4865, #2541, #4316, #3758, #257, #233, #4894, #3135, #1424, #2589, #5438 ),
 .UNSPECIFIED., .F., .F. ) 
 B_SPLINE_CURVE_WITH_KNOTS ( ( 3, 2, 2, 2, 2, 2, 3 ),
 ( 0.4870912710534113200, 0.4892651840968896800, 0.4936130101838461800, 0.4979608362708026800, 0.5023086623577591700, 0.5066564884447157800, 0.5088304014881939200 ),
 .UNSPECIFIED. ) 
 CURVE ( )  GEOMETRIC_REPRESENTATION_ITEM ( )  RATIONAL_B_SPLINE_CURVE ( ( 0.9755282581475768200, 0.9755282581475761500, 1.000000000000000000, 0.9510565162951535300, 1.000000000000000000, 0.9510565162951535300, 1.000000000000000000, 0.9510565162951535300, 1.000000000000000000, 0.9510565162951535300, 1.000000000000000000, 0.9755282581475780400, 0.9755282581475768200 ) ) 
 REPRESENTATION_ITEM ( '' )  );
#808 = CARTESIAN_POINT ( 'NONE',  ( -0.1276680061935342400, 0.2904508736010749700, 0.2469243298201720100 ) ) ;
#809 = CARTESIAN_POINT ( 'NONE',  ( 0.2442307692307682800, -0.2000369959355130000, -0.06499595995471003900 ) ) ;
#810 = CARTESIAN_POINT ( 'NONE',  ( 0.8975961538461529900, -0.2541635836720405600, 0.08258275440018624000 ) ) ;
#811 = CARTESIAN_POINT ( 'NONE',  ( 1.233230621712438900, -0.2065653518160376900, 0.03331052065986536000 ) ) ;
#812 = CARTESIAN_POINT ( 'NONE',  ( 0.3999999999999991300, -0.2000369959355130800, 0.06499595995470997000 ) ) ;
#813 = CARTESIAN_POINT ( 'NONE',  ( -0.2423076923076939200, 0.1618333292155423300, 0.1175787961237840100 ) ) ;
#814 = CARTESIAN_POINT ( 'NONE',  ( 0.7182692307692301000, 0.1596549696361239700, 0.2197462137205352700 ) ) ;
#815 = CARTESIAN_POINT ( 'NONE',  ( 0.07499999999999891500, -0.1236296624955716800, 0.1701616322928578300 ) ) ;
#816 = CARTESIAN_POINT ( 'NONE',  ( -0.3524038461538479500, 0.07854086670589938100, 0.2417239324562226500 ) ) ;
#817 = EDGE_CURVE ( 'NONE', #6410, #337, #6794, .T. ) ;
#818 = CARTESIAN_POINT ( 'NONE',  ( -0.5156250000000000000, 0.0000000000000000000, 0.0000000000000000000 ) ) ;
#819 = CARTESIAN_POINT ( 'NONE',  ( 0.3461538461538448100, 1.986518231860816500E-015, 0.2499999999999999700 ) ) ;
#820 = CARTESIAN_POINT ( 'NONE',  ( 0.8673076923076920000, -0.1236296624955716100, -0.1701616322928578600 ) ) ;
#821 = FACE_OUTER_BOUND ( 'NONE', #3844, .T. ) ;
#822 = CARTESIAN_POINT ( 'NONE',  ( 1.203846153846153800, 0.1618333292155423300, -0.1175787961237839500 ) ) ;
#823 = ADVANCED_FACE ( 'NONE', ( #1714 ), #1004, .T. ) ;
#824 = CARTESIAN_POINT ( 'NONE',  ( 0.2134615384615373100, -0.1545084971874737000, -0.2126627020880100000 ) ) ;
#825 = CARTESIAN_POINT ( 'NONE',  ( 1.073076923076922800, 0.06181483124778577900, 0.1902464884845768400 ) ) ;
#826 = EDGE_CURVE ( 'NONE', #2626, #2253, #4057, .T. ) ;
#827 = CLOSED_SHELL ( 'NONE', ( #4596, #1802, #5273, #1950, #5027, #6935, #163, #2893, #5872, #3321, #5760, #3851, #2745, #3540, #4557, #3609, #607, #4786, #44, #645, #6858, #1282, #5381, #823, #2703, #3054, #1204, #6315, #3161, #7275, #4683, #4605, #1766, #6008, #721, #7318, #4857, #6460, #201, #1389, #995, #88, #6390, #7119, #6680, #6353, #5235, #1911, #2436, #2936, #459, #2974, #123, #3885, #5584, #1165, #1027, #6808, #2281, #5799, #1247, #431, #3503, #2801, #5838, #4429, #7051, #237, #4067, #5203, #2477, #681, #1548, #273, #6714, #5622, #6898, #4463, #5306, #4029, #4716, #4109, #3684, #2326, #4223, #2145, #3088, #6173, #2363, #3124, #5058, #3577, #1724, #4642, #1586, #5417, #3284, #6133, #4184, #3463 ) ) ;
#828 = CARTESIAN_POINT ( 'NONE',  ( 0.7942307692307688500, 0.07725424859373679300, 0.2377641290737884100 ) ) ;
#829 = CARTESIAN_POINT ( 'NONE',  ( 1.211538461538461500, 0.2000369959355130500, 0.0000000000000000000 ) ) ;
#830 = CARTESIAN_POINT ( 'NONE',  ( 0.05808754131385539300, 0.1592879133162177800, -0.1467388414180805500 ) ) ;
#831 = CARTESIAN_POINT ( 'NONE',  ( 0.1096153846153834800, 0.06181483124778582700, -0.1902464884845768100 ) ) ;
#832 = CARTESIAN_POINT ( 'NONE',  ( 0.8437499999999993300, 1.636393914928959700E-017, -0.2672434070081726200 ) ) ;
#833 = VERTEX_POINT ( 'NONE', #5111 ) ;
#834 = CARTESIAN_POINT ( 'NONE',  ( 0.2807692307692296100, -0.2022542485937368600, 0.1469463130731182300 ) ) ;
#835 = ORIENTED_EDGE ( 'NONE', *, *, #2460, .T. ) ;
#836 = CARTESIAN_POINT ( 'NONE',  ( 0.3961538461538452500, -0.1618333292155423300, 0.1175787961237839400 ) ) ;
#837 = CARTESIAN_POINT ( 'NONE',  ( -0.05000000000000137700, -0.1618333292155423300, -0.1175787961237840000 ) ) ;
#838 = CARTESIAN_POINT ( 'NONE',  ( 0.5605769230769222000, 0.2089910684901024900, 0.1518408992313406700 ) ) ;
#839 = CARTESIAN_POINT ( 'NONE',  ( -0.04423076923077060000, 0.06181483124778582700, -0.1902464884845768100 ) ) ;
#840 = CARTESIAN_POINT ( 'NONE',  ( -0.2831730769230788600, 0.2056226585419196300, 0.1493936061522294900 ) ) ;
#841 = ORIENTED_EDGE ( 'NONE', *, *, #2310, .F. ) ;
#842 = DIRECTION ( 'NONE',  ( 0.0000000000000000000, 0.0000000000000000000, 1.000000000000000000 ) ) ;
#843 = ORIENTED_EDGE ( 'NONE', *, *, #2724, .F. ) ;
#844 = DIRECTION ( 'NONE',  ( 0.0000000000000000000, 0.0000000000000000000, 1.000000000000000000 ) ) ;
#845 = CARTESIAN_POINT ( 'NONE',  ( 0.6923076923076915100, 1.750236327630675500E-017, -0.2499999999999999700 ) ) ;
#846 = CARTESIAN_POINT ( 'NONE',  ( 0.7865384615384610800, -0.1618333292155423300, -0.1175787961237840000 ) ) ;
#847 = CARTESIAN_POINT ( 'NONE',  ( 0.9153846153846149100, 0.1236296624955716000, 0.1701616322928579100 ) ) ;
#848 = CARTESIAN_POINT ( 'NONE',  ( 0.02692307692307579700, -0.1618333292155423300, -0.1175787961237840000 ) ) ;
#849 =( BOUNDED_CURVE ( )  B_SPLINE_CURVE ( 2, ( #3312, #3360, #7370, #5721, #5076, #2267, #5669, #3959, #6287, #6740, #4551, #6814, #2221 ),
 .UNSPECIFIED., .F., .F. ) 
 B_SPLINE_CURVE_WITH_KNOTS ( ( 3, 2, 2, 2, 2, 2, 3 ),
 ( 0.6392651808805125400, 0.6414390939239909000, 0.6457869200109474000, 0.6501347460979038900, 0.6544825721848603900, 0.6588303982718168900, 0.6610043113152952500 ),
 .UNSPECIFIED. ) 
 CURVE ( )  GEOMETRIC_REPRESENTATION_ITEM ( )  RATIONAL_B_SPLINE_CURVE ( ( 0.9755282581475767100, 0.9755282581475761500, 1.000000000000000000, 0.9510565162951534200, 1.000000000000000000, 0.9510565162951534200, 1.000000000000000000, 0.9510565162951534200, 1.000000000000000000, 0.9510565162951534200, 1.000000000000000000, 0.9755282581475754900, 0.9755282581475767100 ) ) 
 REPRESENTATION_ITEM ( '' )  );
#850 = CARTESIAN_POINT ( 'NONE',  ( 1.124999999999999800, 0.2000369959355130500, 0.0000000000000000000 ) ) ;
#851 = ORIENTED_EDGE ( 'NONE', *, *, #1828, .F. ) ;
#852 = CARTESIAN_POINT ( 'NONE',  ( 0.9269230769230766300, -0.06181483124778584100, 0.1902464884845768100 ) ) ;
#853 = CARTESIAN_POINT ( 'NONE',  ( -0.5156250000000000000, 0.0000000000000000000, -0.3749999999999999400 ) ) ;
#854 = CARTESIAN_POINT ( 'NONE',  ( 1.007692307692307200, 0.1545084971874737000, -0.2126627020880099400 ) ) ;
#855 = CIRCLE ( 'NONE', #1697, 0.3440070881318968400 ) ;
#856 = CARTESIAN_POINT ( 'NONE',  ( 0.05252461594767871700, 0.04810282252991846000, -0.2144572955521005800 ) ) ;
#857 = CARTESIAN_POINT ( 'NONE',  ( 0.1326923076923066100, 0.1618333292155423300, 0.1175787961237840100 ) ) ;
#858 = CARTESIAN_POINT ( 'NONE',  ( 0.8860576923076916000, -0.07854086670589945100, 0.2417239324562225900 ) ) ;
#859 = CARTESIAN_POINT ( 'NONE',  ( 1.211878153112129000, -0.1440828197369945500, 0.1800095293936128400 ) ) ;
#860 = CIRCLE ( 'NONE', #2727, 0.3134877234128604100 ) ;
#861 = CARTESIAN_POINT ( 'NONE',  ( 0.4884615384615377300, -0.1618333292155423300, -0.1175787961237840000 ) ) ;
#862 = CARTESIAN_POINT ( 'NONE',  ( -0.4500000000000017300, -0.1618333292155423300, 0.1175787961237839400 ) ) ;
#863 = CARTESIAN_POINT ( 'NONE',  ( 0.6605769230769222800, -0.2089910684901025400, 0.1518408992313405900 ) ) ;
#864 = VERTEX_POINT ( 'NONE', #6292 ) ;
#865 = CARTESIAN_POINT ( 'NONE',  ( -0.4177884615384634400, -0.1570817334117988500, 0.2162044579042725600 ) ) ;
#866 = CYLINDRICAL_SURFACE ( 'NONE', #6243, 0.01125000000000001000 ) ;
#867 = CARTESIAN_POINT ( 'NONE',  ( 1.250000000000000000, 0.0000000000000000000, 0.0000000000000000000 ) ) ;
#868 = CARTESIAN_POINT ( 'NONE',  ( 0.0000000000000000000, 0.0000000000000000000, 0.0000000000000000000 ) ) ;
#869 = CARTESIAN_POINT ( 'NONE',  ( 0.6558174723671855700, -0.03959611008113214000, 0.2500000000000006100 ) ) ;
#870 = CARTESIAN_POINT ( 'NONE',  ( 0.8403846153846151700, -0.06181483124778584100, 0.1902464884845768100 ) ) ;
#871 = ORIENTED_EDGE ( 'NONE', *, *, #6305, .F. ) ;
#872 = CARTESIAN_POINT ( 'NONE',  ( 0.7730769230769225500, -0.06181483124778584100, 0.1902464884845768100 ) ) ;
#873 = CARTESIAN_POINT ( 'NONE',  ( -0.1269230769230782800, -0.1618333292155423300, -0.1175787961237840000 ) ) ;
#874 = CARTESIAN_POINT ( 'NONE',  ( 1.209615384615384800, 0.1618333292155423300, 0.1175787961237840100 ) ) ;
#875 = CIRCLE ( 'NONE', #7268, 0.02302688372454953600 ) ;
#876 = CARTESIAN_POINT ( 'NONE',  ( 0.1846153846153833200, 0.1545084971874736400, 0.2126627020880099400 ) ) ;
#877 = ORIENTED_EDGE ( 'NONE', *, *, #4742, .F. ) ;
#878 = CARTESIAN_POINT ( 'NONE',  ( 0.8730769230769226400, -0.1618333292155423300, -0.1175787961237840000 ) ) ;
#879 = CARTESIAN_POINT ( 'NONE',  ( 1.250000000000000000, 0.0000000000000000000, 0.2500000000000000000 ) ) ;
#880 = CARTESIAN_POINT ( 'NONE',  ( 0.7788461538461533000, 0.2500000000000000000, 0.0000000000000000000 ) ) ;
#881 = CARTESIAN_POINT ( 'NONE',  ( 1.073076923076922800, 0.06181483124778577900, 0.1902464884845768400 ) ) ;
#882 = EDGE_CURVE ( 'NONE', #6572, #975, #4784, .T. ) ;
#883 = B_SPLINE_CURVE_WITH_KNOTS ( 'NONE', 3,
 ( #3204, #3779, #4388, #6024, #3756, #894, #4916, #808, #1863, #2459, #4208, #5300 ),
 .UNSPECIFIED., .F., .F.,
 ( 4, 2, 2, 2, 2, 4 ),
 ( 0.0003400754393376995900, 0.002947248615815792400, 0.005554421792293885400, 0.006858008380532929500, 0.008161594968771977000, 0.01076876814525006700 ),
 .UNSPECIFIED. ) ;
#884 = FACE_OUTER_BOUND ( 'NONE', #2704, .T. ) ;
#885 = CARTESIAN_POINT ( 'NONE',  ( 0.05281583450279293100, 0.05491373423642852100, -0.2126410467861530600 ) ) ;
#886 = CARTESIAN_POINT ( 'NONE',  ( 0.1365384615384605000, 0.1236296624955716000, 0.1701616322928579100 ) ) ;
#887 = CARTESIAN_POINT ( 'NONE',  ( 0.9745192307692303000, -0.2541635836720405600, 0.08258275440018624000 ) ) ;
#888 = CARTESIAN_POINT ( 'NONE',  ( 0.4230769230769223000, 1.287908040090921200E-017, -0.2103313446762957200 ) ) ;
#889 = CARTESIAN_POINT ( 'NONE',  ( -0.1310429897804383000, 4.592425495698781600E-017, 0.3749999999999998300 ) ) ;
#890 = CARTESIAN_POINT ( 'NONE',  ( -0.3346153846153861500, 0.1618333292155423300, -0.1175787961237839500 ) ) ;
#891 = CARTESIAN_POINT ( 'NONE',  ( 0.3182692307692296900, 0.2583271673440810700, -0.08393558474214596300 ) ) ;
#892 = CARTESIAN_POINT ( 'NONE',  ( 1.271153846153846100, 0.1618333292155423300, -0.1175787961237839500 ) ) ;
#893 = AXIS2_PLACEMENT_3D ( 'NONE', #6372, #3469, #7261 ) ;
#894 = CARTESIAN_POINT ( 'NONE',  ( -0.1310536239416980600, 0.3163209861191121900, 0.2021159805414079700 ) ) ;
#895 = PERSON_AND_ORGANIZATION_ROLE ( 'classification_officer' ) ;
#896 = CARTESIAN_POINT ( 'NONE',  ( 1.242270696372179700, -0.1614652471161084300, 0.1180837572091881600 ) ) ;
#897 = CARTESIAN_POINT ( 'NONE',  ( 0.7403846153846149700, 0.2000369959355130500, 0.0000000000000000000 ) ) ;
#898 = CARTESIAN_POINT ( 'NONE',  ( 0.8615384615384611400, -0.2000369959355130200, 0.06499595995470997000 ) ) ;
#899 = CARTESIAN_POINT ( 'NONE',  ( -0.2230769230769245300, -0.1236296624955716800, 0.1701616322928578300 ) ) ;
#900 = CARTESIAN_POINT ( 'NONE',  ( 1.140384615384615300, 0.06181483124778577900, 0.1902464884845768400 ) ) ;
#901 = DIRECTION ( 'NONE',  ( -1.000000000000000000, -0.0000000000000000000, -0.0000000000000000000 ) ) ;
#902 = CARTESIAN_POINT ( 'NONE',  ( 0.7192307692307686700, -0.1618333292155423300, -0.1175787961237840000 ) ) ;
#903 = CARTESIAN_POINT ( 'NONE',  ( -0.5156250000000000000, 0.3247595264191644500, -0.1874999999999999200 ) ) ;
#904 = CARTESIAN_POINT ( 'NONE',  ( -0.5136250000000000000, -0.1363642650149915500, 0.2546898353427579100 ) ) ;
#905 = CARTESIAN_POINT ( 'NONE',  ( 0.3961538461538450200, 0.2022542485937368600, -0.1469463130731182600 ) ) ;
#906 = AXIS2_PLACEMENT_3D ( 'NONE', #4678, #1227, #5243 ) ;
#907 = CARTESIAN_POINT ( 'NONE',  ( -0.04807692307692434900, 1.287908040090921300E-017, -0.2103313446762957200 ) ) ;
#908 = CARTESIAN_POINT ( 'NONE',  ( 1.055288461538461000, -0.2541635836720405100, -3.112606192037848400E-017 ) ) ;
#909 = CARTESIAN_POINT ( 'NONE',  ( 0.3346153846153836500, -0.1618333292155423300, -0.1175787961237840000 ) ) ;
#910 = CARTESIAN_POINT ( 'NONE',  ( 0.1499999999999986300, -0.07725424859373682100, -0.2377641290737883800 ) ) ;
#911 = CARTESIAN_POINT ( 'NONE',  ( -0.4307692307692322900, -0.1236296624955716100, -0.1701616322928578600 ) ) ;
#912 = CARTESIAN_POINT ( 'NONE',  ( 0.4759615384615375500, 0.2583271673440810700, 0.0000000000000000000 ) ) ;
#913 = EDGE_LOOP ( 'NONE', ( #659, #3886, #7372, #4170 ) ) ;
#914 = DIRECTION ( 'NONE',  ( -0.7071067811865495700, 0.0000000000000000000, 0.7071067811865454600 ) ) ;
#915 = AXIS2_PLACEMENT_3D ( 'NONE', #5654, #481, #5581 ) ;
#916 = DIRECTION ( 'NONE',  ( -1.000000000000000000, 0.0000000000000000000, 0.0000000000000000000 ) ) ;
#917 = CARTESIAN_POINT ( 'NONE',  ( 1.128846153846153800, -0.2500000000000000600, -0.08122992405822662700 ) ) ;
#918 = CARTESIAN_POINT ( 'NONE',  ( 0.8903846153846152200, 0.2000369959355130000, -0.06499595995470999800 ) ) ;
#919 = CARTESIAN_POINT ( 'NONE',  ( 0.9230769230769229100, -3.863724120272764700E-017, 0.2103313446762957200 ) ) ;
#920 = CARTESIAN_POINT ( 'NONE',  ( -0.2769230769230786000, -0.1236296624955716100, -0.1701616322928578600 ) ) ;
#921 = ORIENTED_EDGE ( 'NONE', *, *, #5551, .T. ) ;
#922 = ORIENTED_EDGE ( 'NONE', *, *, #5295, .T. ) ;
#923 = CARTESIAN_POINT ( 'NONE',  ( 1.128846153846153800, 0.2000369959355130000, 0.06499595995471008100 ) ) ;
#924 = EDGE_CURVE ( 'NONE', #3754, #6322, #3249, .T. ) ;
#925 = CARTESIAN_POINT ( 'NONE',  ( 0.1288461538461526100, -0.2500000000000000600, -0.08122992405822662700 ) ) ;
#926 = CARTESIAN_POINT ( 'NONE',  ( 0.7538461538461532800, 0.2000369959355130000, 0.06499595995471008100 ) ) ;
#927 = EDGE_CURVE ( 'NONE', #6157, #2625, #2748, .T. ) ;
#928 = CARTESIAN_POINT ( 'NONE',  ( 1.132692307692307700, 0.1618333292155423300, 0.1175787961237840100 ) ) ;
#929 = DIRECTION ( 'NONE',  ( -1.000000000000000000, 0.0000000000000000000, 0.0000000000000000000 ) ) ;
#930 = CARTESIAN_POINT ( 'NONE',  ( -0.5156250000000000000, -0.1523857349850037400, 0.2454398353427580400 ) ) ;
#931 = CARTESIAN_POINT ( 'NONE',  ( 1.057692307692307500, 0.2000369959355130500, 0.0000000000000000000 ) ) ;
#932 = ORIENTED_EDGE ( 'NONE', *, *, #446, .F. ) ;
#933 = EDGE_LOOP ( 'NONE', ( #5478, #5444, #851, #3255 ) ) ;
#934 = CARTESIAN_POINT ( 'NONE',  ( 0.9942307692307688100, 0.07725424859373684900, -0.2377641290737883800 ) ) ;
#935 = CARTESIAN_POINT ( 'NONE',  ( -0.005769230769231873700, -0.06181483124778584100, 0.1902464884845768100 ) ) ;
#936 = CARTESIAN_POINT ( 'NONE',  ( 0.8168269230769222800, -0.2056226585419196600, 0.1493936061522294100 ) ) ;
#937 = VERTEX_POINT ( 'NONE', #6345 ) ;
#938 = CARTESIAN_POINT ( 'NONE',  ( 0.09230769230769111900, -0.2000369959355130800, 0.06499595995470997000 ) ) ;
#939 = CARTESIAN_POINT ( 'NONE',  ( 0.1307692307692294200, -0.2500000000000000600, 0.08122992405822651600 ) ) ;
#940 = CARTESIAN_POINT ( 'NONE',  ( -0.3576923076923092500, -0.1618333292155423300, -0.1175787961237840000 ) ) ;
#941 = CARTESIAN_POINT ( 'NONE',  ( 0.4451923076923067800, -0.2089910684901024900, -0.1518408992313406400 ) ) ;
#942 =( BOUNDED_CURVE ( )  B_SPLINE_CURVE ( 2, ( #2474, #1824, #208, #1877, #109, #1230, #1798, #5820, #677, #704, #5269, #1852, #6385 ),
 .UNSPECIFIED., .F., .T. ) 
 B_SPLINE_CURVE_WITH_KNOTS ( ( 3, 2, 2, 2, 2, 2, 3 ),
 ( 0.5088303982718169700, 0.5110043113152951100, 0.5153521374022517200, 0.5196999634892082200, 0.5240477895761648200, 0.5283956156631213200, 0.5305695287065994600 ),
 .UNSPECIFIED. ) 
 CURVE ( )  GEOMETRIC_REPRESENTATION_ITEM ( )  RATIONAL_B_SPLINE_CURVE ( ( 0.9755282581475767100, 0.9755282581475779300, 1.000000000000000000, 0.9510565162951534200, 1.000000000000000000, 0.9510565162951534200, 1.000000000000000000, 0.9510565162951534200, 1.000000000000000000, 0.9510565162951534200, 1.000000000000000000, 0.9755282581475779300, 0.9755282581475767100 ) ) 
 REPRESENTATION_ITEM ( '' )  );
#943 = PERSON_AND_ORGANIZATION_ROLE ( 'creator' ) ;
#944 = CARTESIAN_POINT ( 'NONE',  ( 0.3442307692307682900, -0.1545084971874737300, 0.2126627020880099700 ) ) ;
#945 = VECTOR ( 'NONE', #3947, 39.37007874015748100 ) ;
#946 = CARTESIAN_POINT ( 'NONE',  ( 0.7019230769230764300, -0.2000369959355130500, -2.449746667834781800E-017 ) ) ;
#947 = CARTESIAN_POINT ( 'NONE',  ( 0.9538461538461532300, -0.1236296624955716100, -0.1701616322928578600 ) ) ;
#948 = CARTESIAN_POINT ( 'NONE',  ( -0.2192307692307707800, -0.1618333292155423300, 0.1175787961237839400 ) ) ;
#949 = APPROVAL_PERSON_ORGANIZATION ( #5089, #3369, #4440 ) ;
#950 = CARTESIAN_POINT ( 'NONE',  ( 1.174999999999999800, -0.1236296624955716100, -0.1701616322928578600 ) ) ;
#951 = EDGE_LOOP ( 'NONE', ( #2029, #288, #2907, #1243 ) ) ;
#952 = CARTESIAN_POINT ( 'NONE',  ( 0.1730769230769217700, 0.2499999999999999700, 0.0000000000000000000 ) ) ;
#953 = CARTESIAN_POINT ( 'NONE',  ( 0.7846153846153840500, -0.2000369959355130200, 0.06499595995470997000 ) ) ;
#954 = CARTESIAN_POINT ( 'NONE',  ( 0.9711538461538459200, 0.2000369959355130500, 0.0000000000000000000 ) ) ;
#955 = CARTESIAN_POINT ( 'NONE',  ( 0.6037979122481975700, -0.03959611008113406200, -0.2500000000000000600 ) ) ;
#956 = CARTESIAN_POINT ( 'NONE',  ( 1.026923076923076400, 0.2022542485937368100, 0.1469463130731183400 ) ) ;
#957 = FACE_OUTER_BOUND ( 'NONE', #6134, .T. ) ;
#958 = CARTESIAN_POINT ( 'NONE',  ( -0.04296874999999996500, 0.0000000000000000000, 0.0000000000000000000 ) ) ;
#959 = ORIENTED_EDGE ( 'NONE', *, *, #6015, .T. ) ;
#960 = CARTESIAN_POINT ( 'NONE',  ( 0.009615384615383451900, -0.2000369959355130500, -2.449746667834781800E-017 ) ) ;
#961 = CARTESIAN_POINT ( 'NONE',  ( 0.6629807692307683200, -0.2056226585419196600, 0.1493936061522294100 ) ) ;
#962 = CARTESIAN_POINT ( 'NONE',  ( 0.2423076923076913100, -0.1618333292155423300, 0.1175787961237839400 ) ) ;
#963 = FACE_OUTER_BOUND ( 'NONE', #5865, .T. ) ;
#964 = EDGE_CURVE ( 'NONE', #746, #2559, #6633, .T. ) ;
#965 = CARTESIAN_POINT ( 'NONE',  ( -0.09955702592294447800, -0.2113527196257174400, -0.3739602938254146800 ) ) ;
#966 = CARTESIAN_POINT ( 'NONE',  ( -0.4269230769230786300, -0.06181483124778579900, -0.1902464884845768400 ) ) ;
#967 = CARTESIAN_POINT ( 'NONE',  ( 0.4413461538461528300, -0.2583271673440810700, -0.08393558474214601900 ) ) ;
#968 = AXIS2_PLACEMENT_3D ( 'NONE', #4229, #3046, #1313 ) ;
#969 = ORIENTED_EDGE ( 'NONE', *, *, #576, .F. ) ;
#970 = APPLICATION_CONTEXT ( 'configuration controlled 3d designs of mechanical parts and assemblies' ) ;
#971 = CARTESIAN_POINT ( 'NONE',  ( 0.08172724035863235300, -0.05217297334880388600, 0.1964347330285207700 ) ) ;
#972 = LINE ( 'NONE', #43, #3041 ) ;
#973 = CARTESIAN_POINT ( 'NONE',  ( 0.6076923076923070900, 0.1236296624955716000, 0.1701616322928579100 ) ) ;
#974 = CARTESIAN_POINT ( 'NONE',  ( -0.3846153846153861900, -3.863724120272764700E-017, 0.2103313446762957200 ) ) ;
#975 = VERTEX_POINT ( 'NONE', #529 ) ;
#976 = EDGE_CURVE ( 'NONE', #6041, #2021, #6897, .T. ) ;
#977 = CARTESIAN_POINT ( 'NONE',  ( 0.7826923076923073500, -0.2000369959355130000, -0.06499595995471003900 ) ) ;
#978 = LINE ( 'NONE', #3156, #3226 ) ;
#979 = ORIENTED_EDGE ( 'NONE', *, *, #785, .T. ) ;
#980 = CARTESIAN_POINT ( 'NONE',  ( 0.8788461538461535000, -0.07725424859373689100, 0.2377641290737883800 ) ) ;
#981 = CARTESIAN_POINT ( 'NONE',  ( 0.5307692307692301000, 0.1236296624955716000, 0.1701616322928579100 ) ) ;
#982 = CARTESIAN_POINT ( 'NONE',  ( 1.101923076923077000, -0.06181483124778579900, -0.1902464884845768400 ) ) ;
#983 = CARTESIAN_POINT ( 'NONE',  ( -0.4949705097974044800, 0.4098597432269057200, -0.04010210075386504100 ) ) ;
#984 = DIRECTION ( 'NONE',  ( 0.0000000000000000000, 0.0000000000000000000, 1.000000000000000000 ) ) ;
#985 = EDGE_CURVE ( 'NONE', #4890, #2431, #2247, .T. ) ;
#986 = CARTESIAN_POINT ( 'NONE',  ( 0.07806132373112109600, 0.02776015140488803300, 0.2035260055663560300 ) ) ;
#987 = CARTESIAN_POINT ( 'NONE',  ( -0.1173076923076937400, 0.1236296624955716700, -0.1701616322928578600 ) ) ;
#988 = CARTESIAN_POINT ( 'NONE',  ( 0.6322115384615375500, 0.2541635836720405100, 0.0000000000000000000 ) ) ;
#989 = CARTESIAN_POINT ( 'NONE',  ( 0.1730769230769219300, -0.2000369959355130500, -2.449746667834781800E-017 ) ) ;
#990 = CARTESIAN_POINT ( 'NONE',  ( -0.4906249999999999800, 0.2887499999999999500, -2.062764452313822400E-017 ) ) ;
#991 = CARTESIAN_POINT ( 'NONE',  ( -0.1012136957216079500, -0.4265175113638359200, -0.01125000000000000300 ) ) ;
#992 = CARTESIAN_POINT ( 'NONE',  ( 0.4913461538461528800, 0.07982748481806195600, 0.2456837358386569400 ) ) ;
#993 = CARTESIAN_POINT ( 'NONE',  ( 0.2769230769230756600, -0.1545084971874737300, 0.2126627020880099400 ) ) ;
#994 = AXIS2_PLACEMENT_3D ( 'NONE', #2702, #5583, #1413 ) ;
#995 = ADVANCED_FACE ( 'NONE', ( #5316, #7250 ), #4099, .T. ) ;
#996 = CARTESIAN_POINT ( 'NONE',  ( 1.076923076923076400, 1.750236327630675500E-017, -0.2499999999999999700 ) ) ;
#997 = CARTESIAN_POINT ( 'NONE',  ( 0.5884615384615378100, 0.1618333292155423300, -0.1175787961237839500 ) ) ;
#998 = CARTESIAN_POINT ( 'NONE',  ( -0.4615384615384632300, -3.863724120272764700E-017, 0.2103313446762957200 ) ) ;
#999 = CARTESIAN_POINT ( 'NONE',  ( 0.7557692307692304200, 0.06181483124778577900, 0.1902464884845768400 ) ) ;
#1000 = CARTESIAN_POINT ( 'NONE',  ( 0.1519230769230757200, 0.1545084971874737300, -0.2126627020880100000 ) ) ;
#1001 = CARTESIAN_POINT ( 'NONE',  ( 0.5384615384615377700, -3.863724120272764700E-017, 0.2103313446762957200 ) ) ;
#1002 = CARTESIAN_POINT ( 'NONE',  ( 1.151923076923077000, -0.1236296624955716700, 0.1701616322928578600 ) ) ;
#1003 = CARTESIAN_POINT ( 'NONE',  ( 1.155769230769230400, 0.2022542485937368600, -0.1469463130731182800 ) ) ;
#1004 = CYLINDRICAL_SURFACE ( 'NONE', #1464, 0.2500000000000000000 ) ;
#1005 = CARTESIAN_POINT ( 'NONE',  ( 0.6153846153846146400, 1.023888251663945400E-015, -0.2499999999999999700 ) ) ;
#1006 = AXIS2_PLACEMENT_3D ( 'NONE', #5884, #4715, #4740 ) ;
#1007 = CARTESIAN_POINT ( 'NONE',  ( -0.1288461538461553000, -0.06181483124778579900, -0.1902464884845768400 ) ) ;
#1008 = CARTESIAN_POINT ( 'NONE',  ( 0.8091346153846147300, -0.07854086670589945100, 0.2417239324562225900 ) ) ;
#1009 = ORIENTED_EDGE ( 'NONE', *, *, #6963, .F. ) ;
#1010 = CARTESIAN_POINT ( 'NONE',  ( 0.2192307692307681700, 0.1618333292155423300, 0.1175787961237840100 ) ) ;
#1011 = CARTESIAN_POINT ( 'NONE',  ( 0.08749999999999870400, 0.2583271673440810700, -0.08393558474214596300 ) ) ;
#1012 = CARTESIAN_POINT ( 'NONE',  ( 1.220097697606342900, -0.1826985347795592500, 0.1275178789112548200 ) ) ;
#1013 = ORIENTED_EDGE ( 'NONE', *, *, #985, .F. ) ;
#1014 = ORIENTED_EDGE ( 'NONE', *, *, #4254, .T. ) ;
#1015 = CARTESIAN_POINT ( 'NONE',  ( 0.3173076923076914600, -0.2000369959355130500, -2.449746667834781800E-017 ) ) ;
#1016 = DIRECTION ( 'NONE',  ( -0.0000000000000000000, 0.4999999999999919500, -0.8660254037844432600 ) ) ;
#1017 = CARTESIAN_POINT ( 'NONE',  ( 0.4846153846153838900, -0.2000369959355130000, -0.06499595995471003900 ) ) ;
#1018 = CARTESIAN_POINT ( 'NONE',  ( -0.4771674306531763500, 0.1914233983742032200, 0.05806791108500072900 ) ) ;
#1019 = CARTESIAN_POINT ( 'NONE',  ( 0.9096153846153843800, 0.06181483124778577900, 0.1902464884845768400 ) ) ;
#1020 = ORIENTED_EDGE ( 'NONE', *, *, #3521, .F. ) ;
#1021 = EDGE_CURVE ( 'NONE', #937, #2168, #737, .T. ) ;
#1022 = CARTESIAN_POINT ( 'NONE',  ( 0.8730769230769224200, 0.2022542485937368100, 0.1469463130731183400 ) ) ;
#1023 = CARTESIAN_POINT ( 'NONE',  ( 0.5423076923076914900, -0.06181483124778584100, 0.1902464884845768100 ) ) ;
#1024 = CARTESIAN_POINT ( 'NONE',  ( 0.4999999999999988300, -4.375590819076688800E-017, 0.2499999999999999700 ) ) ;
#1025 = CARTESIAN_POINT ( 'NONE',  ( 1.071153846153846100, -0.06181483124778584100, 0.1902464884845768100 ) ) ;
#1026 = CARTESIAN_POINT ( 'NONE',  ( 0.6442307692307686100, 9.582543893777949700E-016, 0.2500000000000000000 ) ) ;
#1027 = ADVANCED_FACE ( 'NONE', ( #4961 ), #3426, .T. ) ;
#1028 = ORIENTED_EDGE ( 'NONE', *, *, #299, .F. ) ;
#1029 = B_SPLINE_CURVE_WITH_KNOTS ( 'NONE', 3,
 ( #1067, #5837, #618, #1163, #4081, #6376 ),
 .UNSPECIFIED., .F., .F.,
 ( 4, 2, 4 ),
 ( 0.0000000000000000000, 0.0003014487848383047000, 0.0006028975696766094000 ),
 .UNSPECIFIED. ) ;
#1030 = CARTESIAN_POINT ( 'NONE',  ( -0.3865384615384630500, -0.1236296624955716800, 0.1701616322928578300 ) ) ;
#1031 = CARTESIAN_POINT ( 'NONE',  ( 0.7745192307692300200, 0.1570817334117988200, -0.2162044579042725600 ) ) ;
#1032 = AXIS2_PLACEMENT_3D ( 'NONE', #5682, #40, #6780 ) ;
#1033 =( BOUNDED_CURVE ( )  B_SPLINE_CURVE ( 2, ( #2669, #397, #4995, #1000, #1542, #448, #2114, #6127, #1717, #6837, #6889, #2902, #5140 ),
 .UNSPECIFIED., .F., .F. ) 
 B_SPLINE_CURVE_WITH_KNOTS ( ( 3, 2, 2, 2, 2, 2, 3 ),
 ( 0.3349173547935561100, 0.3370912678370343600, 0.3414390939239908600, 0.3457869200109473500, 0.3501347460979038500, 0.3544825721848604600, 0.3566564852283387000 ),
 .UNSPECIFIED. ) 
 CURVE ( )  GEOMETRIC_REPRESENTATION_ITEM ( )  RATIONAL_B_SPLINE_CURVE ( ( 0.9755282581475767100, 0.9755282581475772700, 1.000000000000000000, 0.9510565162951534200, 1.000000000000000000, 0.9510565162951534200, 1.000000000000000000, 0.9510565162951534200, 1.000000000000000000, 0.9510565162951534200, 1.000000000000000000, 0.9755282581475767100, 0.9755282581475767100 ) ) 
 REPRESENTATION_ITEM ( '' )  );
#1034 = CARTESIAN_POINT ( 'NONE',  ( 0.08751831536353256400, -0.1524643381870673900, 0.1304741059884334800 ) ) ;
#1035 = DIRECTION ( 'NONE',  ( 0.0000000000000000000, 0.0000000000000000000, 1.000000000000000000 ) ) ;
#1036 = DIRECTION ( 'NONE',  ( -1.000000000000000000, 0.0000000000000000000, 0.0000000000000000000 ) ) ;
#1037 = CARTESIAN_POINT ( 'NONE',  ( 0.1451923076923064000, -0.07982748481806198300, -0.2456837358386569400 ) ) ;
#1038 = CARTESIAN_POINT ( 'NONE',  ( 0.9269230769230761800, 0.07725424859373684900, -0.2377641290737883600 ) ) ;
#1039 = VECTOR ( 'NONE', #3092, 39.37007874015748100 ) ;
#1040 = LINE ( 'NONE', #1905, #597 ) ;
#1041 = CARTESIAN_POINT ( 'NONE',  ( 0.3096153846153837900, -0.1618333292155423300, 0.1175787961237839400 ) ) ;
#1042 = CARTESIAN_POINT ( 'NONE',  ( 0.4937499999999989100, 0.07854086670589938100, 0.2417239324562226500 ) ) ;
#1043 = VERTEX_POINT ( 'NONE', #1311 ) ;
#1044 = CARTESIAN_POINT ( 'NONE',  ( 0.5846153846153839800, 0.1236296624955716700, -0.1701616322928578600 ) ) ;
#1045 = CARTESIAN_POINT ( 'NONE',  ( 1.314423076923076700, 0.2089910684901025400, -0.1518408992313406100 ) ) ;
#1046 = CARTESIAN_POINT ( 'NONE',  ( 0.9134615384615383200, -3.863724120272764700E-017, 0.2103313446762957200 ) ) ;
#1047 = CIRCLE ( 'NONE', #6994, 0.3237271239664728500 ) ;
#1048 = CARTESIAN_POINT ( 'NONE',  ( -0.1178958386746250800, -0.3930789920582149500, 0.06916721436720826800 ) ) ;
#1049 = ORIENTED_EDGE ( 'NONE', *, *, #4781, .T. ) ;
#1050 = CARTESIAN_POINT ( 'NONE',  ( 0.5153846153846145500, 0.2000369959355130000, -0.06499595995470999800 ) ) ;
#1051 = CARTESIAN_POINT ( 'NONE',  ( 0.4980286814789664000, 0.03959611008113401300, 0.2499999999999999200 ) ) ;
#1052 = CARTESIAN_POINT ( 'NONE',  ( 0.7365384615384610300, 0.2000369959355130000, -0.06499595995471001100 ) ) ;
#1053 = CARTESIAN_POINT ( 'NONE',  ( 1.146202087751801500, 0.03959611008113408200, -0.2500000000000000000 ) ) ;
#1054 = CARTESIAN_POINT ( 'NONE',  ( -0.1288461538461553000, -0.06181483124778579900, -0.1902464884845768400 ) ) ;
#1055 = VECTOR ( 'NONE', #2910, 39.37007874015748100 ) ;
#1056 = CARTESIAN_POINT ( 'NONE',  ( -0.3788461538461553300, -0.2000369959355130200, 0.06499595995470997000 ) ) ;
#1057 = CARTESIAN_POINT ( 'NONE',  ( 0.5206730769230759600, -0.2541635836720405100, -0.08258275440018630900 ) ) ;
#1058 = EDGE_LOOP ( 'NONE', ( #6640, #1745, #4295 ) ) ;
#1059 = CARTESIAN_POINT ( 'NONE',  ( 0.3980769230769222200, 0.2500000000000000600, 0.08122992405822665500 ) ) ;
#1060 = EDGE_CURVE ( 'NONE', #1410, #5734, #377, .T. ) ;
#1061 = CARTESIAN_POINT ( 'NONE',  ( 0.8519230769230765600, 0.2500000000000000600, -0.08122992405822657100 ) ) ;
#1062 = CARTESIAN_POINT ( 'NONE',  ( -0.1310213437548372100, -0.3422432272705370800, -0.1572173418210873800 ) ) ;
#1063 = CARTESIAN_POINT ( 'NONE',  ( 0.1721153846153834500, 0.2583271673440810700, 0.08393558474214604700 ) ) ;
#1064 = CARTESIAN_POINT ( 'NONE',  ( 0.4903846153846145900, 1.287908040090921200E-017, -0.2103313446762957200 ) ) ;
#1065 = CARTESIAN_POINT ( 'NONE',  ( 0.5364902199405049400, -0.03959611008113404100, -0.2499999999999999200 ) ) ;
#1066 = CARTESIAN_POINT ( 'NONE',  ( 0.3937499999999989300, 0.2056226585419196600, -0.1493936061522294400 ) ) ;
#1067 = CARTESIAN_POINT ( 'NONE',  ( -0.1012136957216079700, 0.2035159698893429800, -0.3749999999999999400 ) ) ;
#1068 = CARTESIAN_POINT ( 'NONE',  ( 0.2961538461538452100, 0.1618333292155423300, 0.1175787961237840100 ) ) ;
#1069 = CARTESIAN_POINT ( 'NONE',  ( -0.3000000000000014900, -0.1236296624955716800, 0.1701616322928578300 ) ) ;
#1070 = EDGE_CURVE ( 'NONE', #5018, #3643, #1899, .T. ) ;
#1071 = CARTESIAN_POINT ( 'NONE',  ( 0.6211538461538456100, -0.2000369959355130200, 0.06499595995470997000 ) ) ;
#1072 = CARTESIAN_POINT ( 'NONE',  ( 0.9519230769230767600, 1.287908040090921300E-017, -0.2103313446762957200 ) ) ;
#1073 = CARTESIAN_POINT ( 'NONE',  ( -0.4857957059411689400, 0.4265175113638369800, -0.01124999999999813800 ) ) ;
#1074 = CARTESIAN_POINT ( 'NONE',  ( 0.5192307692307685000, 0.2000369959355130500, 0.0000000000000000000 ) ) ;
#1075 = CARTESIAN_POINT ( 'NONE',  ( 0.4653846153846142900, 0.07725424859373684900, -0.2377641290737883600 ) ) ;
#1076 = CARTESIAN_POINT ( 'NONE',  ( 0.9480769230769228200, -0.06181483124778579900, -0.1902464884845768400 ) ) ;
#1077 = CARTESIAN_POINT ( 'NONE',  ( 0.08031254937520776500, -0.1925166321096674600, 0.06773990920650854700 ) ) ;
#1078 = AXIS2_PLACEMENT_3D ( 'NONE', #1903, #194, #1432 ) ;
#1079 = CARTESIAN_POINT ( 'NONE',  ( -0.1019230769230781400, 0.2000369959355130000, 0.06499595995471008100 ) ) ;
#1080 = CARTESIAN_POINT ( 'NONE',  ( -0.4750000000000016400, 0.06181483124778577900, 0.1902464884845768400 ) ) ;
#1081 = CARTESIAN_POINT ( 'NONE',  ( 0.5860576923076913400, -0.2056226585419196600, 0.1493936061522294100 ) ) ;
#1082 = DIRECTION ( 'NONE',  ( 0.0000000000000000000, -0.4999999999999998300, -0.8660254037844386000 ) ) ;
#1083 = CARTESIAN_POINT ( 'NONE',  ( 0.5019230769230760300, -0.2022542485937368600, 0.1469463130731182600 ) ) ;
#1084 = CARTESIAN_POINT ( 'NONE',  ( 1.250000000000000000, 0.0000000000000000000, 0.2500000000000000000 ) ) ;
#1085 = CARTESIAN_POINT ( 'NONE',  ( 0.1644230769230756500, 0.2583271673440810700, -0.08393558474214596300 ) ) ;
#1086 = CARTESIAN_POINT ( 'NONE',  ( 0.02569111597172768800, -0.1012781055254103800, 0.2127701122755626400 ) ) ;
#1087 = CARTESIAN_POINT ( 'NONE',  ( 0.5288461538461531900, -3.863724120272764700E-017, 0.2103313446762957200 ) ) ;
#1088 = CARTESIAN_POINT ( 'NONE',  ( 0.5269230769230759400, -0.2022542485937368100, -0.1469463130731182800 ) ) ;
#1089 = CARTESIAN_POINT ( 'NONE',  ( 0.4129807692307681500, 0.1570817334117987900, 0.2162044579042725600 ) ) ;
#1090 = CARTESIAN_POINT ( 'NONE',  ( 0.3230769230769221000, -0.2000369959355130200, 0.06499595995470997000 ) ) ;
#1091 = CARTESIAN_POINT ( 'NONE',  ( 1.118269230769230100, -0.1596549696361239900, 0.2197462137205351800 ) ) ;
#1092 = CARTESIAN_POINT ( 'NONE',  ( 0.5288461538461531900, -3.863724120272764700E-017, 0.2103313446762957200 ) ) ;
#1093 = VERTEX_POINT ( 'NONE', #1264 ) ;
#1094 = CARTESIAN_POINT ( 'NONE',  ( 0.6288461538461532800, -0.2000369959355130000, -0.06499595995471003900 ) ) ;
#1095 = CARTESIAN_POINT ( 'NONE',  ( 0.3653846153846144800, 0.2000369959355130500, 0.0000000000000000000 ) ) ;
#1096 = CARTESIAN_POINT ( 'NONE',  ( 0.8480769230769226200, -0.1618333292155423300, 0.1175787961237839400 ) ) ;
#1097 = CARTESIAN_POINT ( 'NONE',  ( 1.250000000000000000, 0.0000000000000000000, 0.0000000000000000000 ) ) ;
#1098 = ORIENTED_EDGE ( 'NONE', *, *, #7198, .T. ) ;
#1099 = ORIENTED_EDGE ( 'NONE', *, *, #6666, .T. ) ;
#1100 = CARTESIAN_POINT ( 'NONE',  ( -0.1403846153846166100, -0.2000369959355130000, -0.06499595995471003900 ) ) ;
#1101 = CARTESIAN_POINT ( 'NONE',  ( -0.3365384615384631700, 0.2000369959355130500, 0.0000000000000000000 ) ) ;
#1102 = EDGE_LOOP ( 'NONE', ( #4660, #1028, #6118, #6404 ) ) ;
#1103 = CARTESIAN_POINT ( 'NONE',  ( -0.2048076923076938000, 0.1596549696361239700, 0.2197462137205352700 ) ) ;
#1104 = CARTESIAN_POINT ( 'NONE',  ( -0.5024485553286420800, 0.2563745861871316000, -0.3059461909544420900 ) ) ;
#1105 = EDGE_LOOP ( 'NONE', ( #1300, #1471, #2457, #4433 ) ) ;
#1106 = CARTESIAN_POINT ( 'NONE',  ( -0.2201923076923094100, 0.2583271673440810700, -0.08393558474214596300 ) ) ;
#1107 = CARTESIAN_POINT ( 'NONE',  ( 0.2028846153846141600, -0.2583271673440811200, 0.08393558474214593600 ) ) ;
#1108 = CARTESIAN_POINT ( 'NONE',  ( 0.03697610878565847600, -0.2279405040422645400, -0.02344669943667273100 ) ) ;
#1109 = CARTESIAN_POINT ( 'NONE',  ( 0.2634615384615375300, 0.06181483124778582700, -0.1902464884845768100 ) ) ;
#1110 = CARTESIAN_POINT ( 'NONE',  ( 0.4168269230769218700, 0.07854086670589938100, 0.2417239324562226500 ) ) ;
#1111 = ORIENTED_EDGE ( 'NONE', *, *, #576, .T. ) ;
#1112 = CARTESIAN_POINT ( 'NONE',  ( 0.4653846153846146200, -0.06181483124778584100, 0.1902464884845768100 ) ) ;
#1113 = CARTESIAN_POINT ( 'NONE',  ( 1.037499999999999600, -0.07982748481806203900, 0.2456837358386569100 ) ) ;
#1114 = CARTESIAN_POINT ( 'NONE',  ( 0.4903846153846145300, 1.287908040090921300E-017, -0.2103313446762957200 ) ) ;
#1115 = CARTESIAN_POINT ( 'NONE',  ( 0.7365384615384611400, 0.2000369959355130000, -0.06499595995470999800 ) ) ;
#1116 = CONICAL_SURFACE ( 'NONE', #4936, 0.2500000000000000000, 0.5235987755983000400 ) ;
#1117 = CARTESIAN_POINT ( 'NONE',  ( 1.061538461538461100, -0.2499999999999999200, -0.08122992405822658500 ) ) ;
#1118 = CARTESIAN_POINT ( 'NONE',  ( 0.2692307692307682200, 1.287908040090921300E-017, -0.2103313446762957200 ) ) ;
#1119 = CARTESIAN_POINT ( 'NONE',  ( 0.9615384615384610100, 4.638126268221290200E-016, 0.2500000000000000000 ) ) ;
#1120 = CARTESIAN_POINT ( 'NONE',  ( 0.8096153846153841800, 0.1618333292155423300, -0.1175787961237839500 ) ) ;
#1121 = CARTESIAN_POINT ( 'NONE',  ( 0.08158567590819326700, -0.1959691784693868300, 0.05429410852564587500 ) ) ;
#1122 = SHAPE_DEFINITION_REPRESENTATION ( #2635, #6942 ) ;
#1123 = CARTESIAN_POINT ( 'NONE',  ( -0.1634615384615397100, -3.863724120272764700E-017, 0.2103313446762957200 ) ) ;
#1124 = EDGE_LOOP ( 'NONE', ( #5109, #4819, #655, #6671 ) ) ;
#1125 = CARTESIAN_POINT ( 'NONE',  ( -0.3673076923076937800, -0.1618333292155423300, -0.1175787961237840000 ) ) ;
#1126 = AXIS2_PLACEMENT_3D ( 'NONE', #1962, #1560, #6826 ) ;
#1127 = CARTESIAN_POINT ( 'NONE',  ( 0.07157624166110131100, 0.1557620808731093600, 0.1390398326322470100 ) ) ;
#1128 = CARTESIAN_POINT ( 'NONE',  ( 0.3788461538461528900, 0.07725424859373684900, -0.2377641290737883800 ) ) ;
#1129 = FACE_OUTER_BOUND ( 'NONE', #222, .T. ) ;
#1130 = CARTESIAN_POINT ( 'NONE',  ( 0.2499999999999986700, 0.2499999999999999700, 0.0000000000000000000 ) ) ;
#1131 = CARTESIAN_POINT ( 'NONE',  ( -0.3432692307692326000, -0.1596549696361239900, 0.2197462137205351800 ) ) ;
#1132 = CARTESIAN_POINT ( 'NONE',  ( -0.1855769230769247500, -0.2089910684901025400, 0.1518408992313405900 ) ) ;
#1133 = CARTESIAN_POINT ( 'NONE',  ( 0.04184729181491257700, -0.1828833108367749500, -0.1333434481577531200 ) ) ;
#1134 = ORIENTED_EDGE ( 'NONE', *, *, #6910, .T. ) ;
#1135 = VERTEX_POINT ( 'NONE', #1860 ) ;
#1136 = DIRECTION ( 'NONE',  ( 0.0000000000000000000, 3.154466349054403200E-016, -1.000000000000000000 ) ) ;
#1137 = CARTESIAN_POINT ( 'NONE',  ( 0.2399038461538448300, 0.2056226585419196600, -0.1493936061522294400 ) ) ;
#1138 = DIRECTION ( 'NONE',  ( 0.0000000000000000000, 0.4999999999999919000, -0.8660254037844432600 ) ) ;
#1139 = FACE_OUTER_BOUND ( 'NONE', #2009, .T. ) ;
#1140 = CARTESIAN_POINT ( 'NONE',  ( 0.7923076923076918200, -0.2000369959355130000, -0.06499595995471003900 ) ) ;
#1141 = CARTESIAN_POINT ( 'NONE',  ( 0.2499999999999989700, -0.2000369959355130500, -2.449746667834781800E-017 ) ) ;
#1142 = CARTESIAN_POINT ( 'NONE',  ( 1.210576923076923000, -0.2583271673440810700, -0.08393558474214601900 ) ) ;
#1143 = VERTEX_POINT ( 'NONE', #2409 ) ;
#1144 = CARTESIAN_POINT ( 'NONE',  ( 0.5673076923076916200, 1.287908040090921300E-017, -0.2103313446762957200 ) ) ;
#1145 = CARTESIAN_POINT ( 'NONE',  ( 0.6865384615384611000, -0.06181483124778584100, 0.1902464884845768100 ) ) ;
#1146 = LINE ( 'NONE', #2708, #6682 ) ;
#1147 = CARTESIAN_POINT ( 'NONE',  ( 0.2153846153846142900, 0.2000369959355130000, 0.06499595995471008100 ) ) ;
#1148 = CARTESIAN_POINT ( 'NONE',  ( 0.7231251646748783100, -0.03959611008113608800, 0.2499999999999993900 ) ) ;
#1149 = CARTESIAN_POINT ( 'NONE',  ( 0.8211538461538457900, 0.2000369959355130000, 0.06499595995471006700 ) ) ;
#1150 = CARTESIAN_POINT ( 'NONE',  ( 1.234979059360647800, 3.875198253007075700E-013, 0.2073286329470441200 ) ) ;
#1151 = ORIENTED_EDGE ( 'NONE', *, *, #680, .F. ) ;
#1152 = CARTESIAN_POINT ( 'NONE',  ( -0.1365384615384628300, -0.1618333292155423300, -0.1175787961237840000 ) ) ;
#1153 = DIRECTION ( 'NONE',  ( -1.000000000000000000, -0.0000000000000000000, -0.0000000000000000000 ) ) ;
#1154 = CARTESIAN_POINT ( 'NONE',  ( -0.5156250000000000000, 0.3247595264191644500, 0.1874999999999999200 ) ) ;
#1155 = CARTESIAN_POINT ( 'NONE',  ( 0.2653846153846141100, 0.07725424859373679300, 0.2377641290737883800 ) ) ;
#1156 = CARTESIAN_POINT ( 'NONE',  ( -0.3163461538461556600, -0.07982748481806198300, -0.2456837358386569400 ) ) ;
#1157 = CARTESIAN_POINT ( 'NONE',  ( -0.1663461538461553400, -0.1596549696361239700, -0.2197462137205352100 ) ) ;
#1158 = AXIS2_PLACEMENT_3D ( 'NONE', #2227, #2755, #3396 ) ;
#1159 = CARTESIAN_POINT ( 'NONE',  ( 0.5308174723671856800, 0.03959611008113507500, -0.2499999999999996900 ) ) ;
#1160 = ORIENTED_EDGE ( 'NONE', *, *, #3096, .F. ) ;
#1161 = CARTESIAN_POINT ( 'NONE',  ( 0.1673076923076913000, -0.2000369959355130000, -0.06499595995471003900 ) ) ;
#1162 = CARTESIAN_POINT ( 'NONE',  ( 0.1552884615384601300, 0.07854086670589942300, -0.2417239324562225900 ) ) ;
#1163 = CARTESIAN_POINT ( 'NONE',  ( -0.09955702592294461700, 0.2181827546466443300, -0.3700169712675075400 ) ) ;
#1164 = EDGE_CURVE ( 'NONE', #418, #3614, #7202, .T. ) ;
#1165 = ADVANCED_FACE ( 'NONE', ( #551 ), #4427, .T. ) ;
#1166 = CARTESIAN_POINT ( 'NONE',  ( 0.9730769230769228400, 0.1618333292155423300, -0.1175787961237839500 ) ) ;
#1167 = CARTESIAN_POINT ( 'NONE',  ( 0.4423076923076915100, 0.2000369959355130500, 0.0000000000000000000 ) ) ;
#1168 = CARTESIAN_POINT ( 'NONE',  ( 1.052884615384615200, -0.2583271673440810700, -3.163595386207315100E-017 ) ) ;
#1169 = EDGE_CURVE ( 'NONE', #751, #1779, #23, .T. ) ;
#1170 = CARTESIAN_POINT ( 'NONE',  ( 0.3865384615384607200, -0.1618333292155423300, 0.1175787961237839400 ) ) ;
#1171 = CARTESIAN_POINT ( 'NONE',  ( 0.7442307692307687000, 0.2000369959355130000, 0.06499595995471008100 ) ) ;
#1172 =( BOUNDED_CURVE ( )  B_SPLINE_CURVE ( 2, ( #5716, #4606, #980, #7008, #1861, #5324, #5925, #1906, #1929, #3544, #4177, #169, #4710 ),
 .UNSPECIFIED., .F., .F. ) 
 B_SPLINE_CURVE_WITH_KNOTS ( ( 3, 2, 2, 2, 2, 2, 3 ),
 ( 0.7479608330544256200, 0.7501347460979038700, 0.7544825721848603700, 0.7588303982718169700, 0.7631782243587734700, 0.7675260504457299700, 0.7696999634892082200 ),
 .UNSPECIFIED. ) 
 CURVE ( )  GEOMETRIC_REPRESENTATION_ITEM ( )  RATIONAL_B_SPLINE_CURVE ( ( 0.9755282581475767100, 0.9755282581475767100, 1.000000000000000000, 0.9510565162951534200, 1.000000000000000000, 0.9510565162951534200, 1.000000000000000000, 0.9510565162951534200, 1.000000000000000000, 0.9510565162951534200, 1.000000000000000000, 0.9755282581475767100, 0.9755282581475767100 ) ) 
 REPRESENTATION_ITEM ( '' )  );
#1173 = CARTESIAN_POINT ( 'NONE',  ( 0.9961538461538457200, -0.07725424859373682100, -0.2377641290737883800 ) ) ;
#1174 = CARTESIAN_POINT ( 'NONE',  ( 0.2730769230769221100, 0.06181483124778582700, -0.1902464884845768100 ) ) ;
#1175 = CARTESIAN_POINT ( 'NONE',  ( 0.7576440660943516400, -0.03959611008113603200, -0.2499999999999993900 ) ) ;
#1176 = CARTESIAN_POINT ( 'NONE',  ( 0.6519230769230763800, 0.1236296624955716500, -0.1701616322928578600 ) ) ;
#1177 = CARTESIAN_POINT ( 'NONE',  ( 1.271153846153846100, 0.1618333292155423300, -0.1175787961237839500 ) ) ;
#1178 = AXIS2_PLACEMENT_3D ( 'NONE', #3069, #3667, #5394 ) ;
#1179 = CARTESIAN_POINT ( 'NONE',  ( -0.4250000000000016000, 0.1236296624955716700, -0.1701616322928578600 ) ) ;
#1180 = CARTESIAN_POINT ( 'NONE',  ( -0.5031249999999999300, 1.066873735465616000E-016, -0.3134877234128604100 ) ) ;
#1181 = CARTESIAN_POINT ( 'NONE',  ( 0.02115384615384490600, 0.1545084971874737000, 0.2126627020880100200 ) ) ;
#1182 = CARTESIAN_POINT ( 'NONE',  ( -0.4857957059411694400, 0.2230015414744928600, -0.3637499999999999600 ) ) ;
#1183 = CARTESIAN_POINT ( 'NONE',  ( -0.3240384615384632200, -0.2089910684901024900, -0.1518408992313406400 ) ) ;
#1184 = CARTESIAN_POINT ( 'NONE',  ( -0.1432692307692322300, 0.2583271673440810700, -0.08393558474214596300 ) ) ;
#1185 = CARTESIAN_POINT ( 'NONE',  ( 0.5365384615384608500, 0.1545084971874737300, -0.2126627020880100000 ) ) ;
#1186 = FACE_OUTER_BOUND ( 'NONE', #307, .T. ) ;
#1187 = CARTESIAN_POINT ( 'NONE',  ( 0.1596153846153836300, -0.2000369959355130800, 0.06499595995470997000 ) ) ;
#1188 = CARTESIAN_POINT ( 'NONE',  ( 0.01976457935361250500, 0.04778314734357049000, 0.2340593128247401800 ) ) ;
#1189 = CARTESIAN_POINT ( 'NONE',  ( 0.1360576923076909100, -0.2541635836720405100, -0.08258275440018630900 ) ) ;
#1190 = CARTESIAN_POINT ( 'NONE',  ( 0.7769230769230763800, -0.1236296624955716700, 0.1701616322928578600 ) ) ;
#1191 = CARTESIAN_POINT ( 'NONE',  ( 0.04230769230769112300, 0.06181483124778582700, -0.1902464884845768100 ) ) ;
#1192 = CARTESIAN_POINT ( 'NONE',  ( 1.152884615384615100, 0.07982748481806199700, -0.2456837358386569100 ) ) ;
#1193 = CARTESIAN_POINT ( 'NONE',  ( 0.4788461538461532000, -0.1618333292155423300, -0.1175787961237840000 ) ) ;
#1194 = CARTESIAN_POINT ( 'NONE',  ( 0.6096153846153840000, -0.06181483124778584100, 0.1902464884845768100 ) ) ;
#1195 = EDGE_LOOP ( 'NONE', ( #3263, #96, #4070, #750 ) ) ;
#1196 = ORIENTED_EDGE ( 'NONE', *, *, #5492, .F. ) ;
#1197 = CARTESIAN_POINT ( 'NONE',  ( -0.1310536239416980900, 0.3331980667192166500, -0.1728840194585921400 ) ) ;
#1198 = CARTESIAN_POINT ( 'NONE',  ( 0.1076923076923065900, -0.1236296624955716100, -0.1701616322928578600 ) ) ;
#1199 = CARTESIAN_POINT ( 'NONE',  ( 0.6749999999999994900, 0.1236296624955716000, 0.1701616322928579100 ) ) ;
#1200 = DIRECTION ( 'NONE',  ( 0.0000000000000000000, 0.0000000000000000000, 1.000000000000000000 ) ) ;
#1201 = CARTESIAN_POINT ( 'NONE',  ( 1.246153846153846200, -0.2000369959355130200, 0.06499595995470997000 ) ) ;
#1202 = ORIENTED_EDGE ( 'NONE', *, *, #3132, .T. ) ;
#1203 = EDGE_CURVE ( 'NONE', #510, #4524, #3382, .T. ) ;
#1204 = ADVANCED_FACE ( 'NONE', ( #2340 ), #1449, .T. ) ;
#1205 = AXIS2_PLACEMENT_3D ( 'NONE', #2753, #3340, #1082 ) ;
#1206 = CARTESIAN_POINT ( 'NONE',  ( 1.199737755011898200, -0.2391924926125413600, -0.04204646394763407500 ) ) ;
#1207 = CARTESIAN_POINT ( 'NONE',  ( -0.5156250000000000000, 0.0000000000000000000, 0.0000000000000000000 ) ) ;
#1208 = CARTESIAN_POINT ( 'NONE',  ( 1.196153846153846100, 0.06181483124778582700, -0.1902464884845768100 ) ) ;
#1209 = DIRECTION ( 'NONE',  ( 0.0000000000000000000, 0.0000000000000000000, -1.000000000000000000 ) ) ;
#1210 = CARTESIAN_POINT ( 'NONE',  ( -0.2855769230769247800, 0.2089910684901024900, 0.1518408992313406700 ) ) ;
#1211 = CARTESIAN_POINT ( 'NONE',  ( 0.03365384615384466700, -4.989601562057195500E-017, 0.2716212579567785500 ) ) ;
#1212 = CARTESIAN_POINT ( 'NONE',  ( 0.9230769230769223500, 5.250708982892026900E-016, -0.2500000000000000000 ) ) ;
#1213 = ORIENTED_EDGE ( 'NONE', *, *, #6806, .F. ) ;
#1214 = EDGE_CURVE ( 'NONE', #6410, #7217, #4326, .T. ) ;
#1215 = CARTESIAN_POINT ( 'NONE',  ( 0.2519230769230759700, -0.1236296624955716100, -0.1701616322928578600 ) ) ;
#1216 = CARTESIAN_POINT ( 'NONE',  ( 0.01796191266501267000, 0.09387977472429029400, 0.2207989119938517400 ) ) ;
#1217 = CARTESIAN_POINT ( 'NONE',  ( 0.06298076923076777200, -0.2056226585419196300, -0.1493936061522294400 ) ) ;
#1218 = DIRECTION ( 'NONE',  ( 0.0000000000000000000, 0.0000000000000000000, -1.000000000000000000 ) ) ;
#1219 = CIRCLE ( 'NONE', #3630, 0.2500000000000000000 ) ;
#1220 = CARTESIAN_POINT ( 'NONE',  ( 0.9230769230769228000, -3.863724120272764700E-017, 0.2103313446762957200 ) ) ;
#1221 = CARTESIAN_POINT ( 'NONE',  ( 0.1576923076923066000, -0.06181483124778584100, 0.1902464884845768100 ) ) ;
#1222 = CARTESIAN_POINT ( 'NONE',  ( 0.8105769230769226400, -0.1596549696361239900, 0.2197462137205351800 ) ) ;
#1223 = CARTESIAN_POINT ( 'NONE',  ( 0.2826923076923066900, 0.2000369959355130000, 0.06499595995471008100 ) ) ;
#1224 = CARTESIAN_POINT ( 'NONE',  ( 0.009134615384613719800, 0.2056226585419196600, -0.1493936061522294400 ) ) ;
#1225 = VECTOR ( 'NONE', #6364, 39.37007874015748100 ) ;
#1226 = EDGE_CURVE ( 'NONE', #864, #2168, #7344, .T. ) ;
#1227 = DIRECTION ( 'NONE',  ( -1.000000000000000000, -0.0000000000000000000, 0.0000000000000000000 ) ) ;
#1228 = VERTEX_POINT ( 'NONE', #2482 ) ;
#1229 = CARTESIAN_POINT ( 'NONE',  ( 0.03076923076922956000, -0.1236296624955716100, -0.1701616322928578600 ) ) ;
#1230 = CARTESIAN_POINT ( 'NONE',  ( 0.4673076923076914200, 0.2500000000000000600, -0.08122992405822657100 ) ) ;
#1231 = CARTESIAN_POINT ( 'NONE',  ( 0.6711538461538457700, 0.1618333292155423300, 0.1175787961237840100 ) ) ;
#1232 = ORIENTED_EDGE ( 'NONE', *, *, #924, .T. ) ;
#1233 = DIRECTION ( 'NONE',  ( 0.0000000000000000000, 0.8660254037844429300, 0.4999999999999928400 ) ) ;
#1234 = CARTESIAN_POINT ( 'NONE',  ( -0.4788461538461554200, 0.1236296624955716000, 0.1701616322928579100 ) ) ;
#1235 = LINE ( 'NONE', #6512, #3742 ) ;
#1236 = CARTESIAN_POINT ( 'NONE',  ( 1.202811930074897400, -0.2029369259587657200, -0.1293423379567610600 ) ) ;
#1237 = ORIENTED_EDGE ( 'NONE', *, *, #2841, .F. ) ;
#1238 = CARTESIAN_POINT ( 'NONE',  ( -0.1001492841048748500, 0.2210689964095924900, 0.3670972662403237900 ) ) ;
#1239 = CARTESIAN_POINT ( 'NONE',  ( -0.5156250000000000000, -0.1443750000000011700, -0.2500648353427560300 ) ) ;
#1240 = CARTESIAN_POINT ( 'NONE',  ( 0.05251773426468308400, 0.06083762557585951900, 0.2116341223788705500 ) ) ;
#1241 = CARTESIAN_POINT ( 'NONE',  ( -0.02788461538461690200, -0.2583271673440811200, 0.08393558474214593600 ) ) ;
#1242 = VECTOR ( 'NONE', #2350, 39.37007874015748100 ) ;
#1243 = ORIENTED_EDGE ( 'NONE', *, *, #59, .T. ) ;
#1244 = CARTESIAN_POINT ( 'NONE',  ( 0.4442307692307685400, 0.1236296624955716000, 0.1701616322928579100 ) ) ;
#1245 = CARTESIAN_POINT ( 'NONE',  ( 0.2980769230769220200, 1.312677245723006800E-017, -0.2499999999999999700 ) ) ;
#1246 = CARTESIAN_POINT ( 'NONE',  ( 0.1822115384615371500, 0.1570817334117987900, 0.2162044579042725600 ) ) ;
#1247 = ADVANCED_FACE ( 'NONE', ( #4511 ), #755, .F. ) ;
#1248 = CARTESIAN_POINT ( 'NONE',  ( 0.8423076923076918700, 0.06181483124778577900, 0.1902464884845768400 ) ) ;
#1249 = CIRCLE ( 'NONE', #1375, 0.2500000000000000000 ) ;
#1250 = CARTESIAN_POINT ( 'NONE',  ( 0.06153846153846034800, 0.2000369959355130000, 0.06499595995471008100 ) ) ;
#1251 = CARTESIAN_POINT ( 'NONE',  ( 0.9682692307692304400, -0.2089910684901025400, 0.1518408992313405900 ) ) ;
#1252 = CARTESIAN_POINT ( 'NONE',  ( 0.2442307692307682800, -0.2000369959355130000, -0.06499595995471003900 ) ) ;
#1253 = CARTESIAN_POINT ( 'NONE',  ( -0.1293269230769247500, 0.2056226585419196300, 0.1493936061522294900 ) ) ;
#1254 = CARTESIAN_POINT ( 'NONE',  ( -0.1012136957216080700, 0.4265175113638358100, -0.01125000000000011800 ) ) ;
#1255 = CARTESIAN_POINT ( 'NONE',  ( 0.01153846153846019600, -0.1618333292155423300, 0.1175787961237839400 ) ) ;
#1256 = DIRECTION ( 'NONE',  ( 0.0000000000000000000, -0.8660254037844381500, 0.5000000000000011100 ) ) ;
#1257 = EDGE_LOOP ( 'NONE', ( #2371, #3201, #7365, #4564 ) ) ;
#1258 = CARTESIAN_POINT ( 'NONE',  ( 1.263461538461538600, 0.06181483124778582700, -0.1902464884845768100 ) ) ;
#1259 = CARTESIAN_POINT ( 'NONE',  ( -0.3673076923076937800, -0.1618333292155423300, -0.1175787961237840000 ) ) ;
#1260 = CARTESIAN_POINT ( 'NONE',  ( 1.250000000000000000, 0.0000000000000000000, 0.0000000000000000000 ) ) ;
#1261 = ORIENTED_EDGE ( 'NONE', *, *, #4641, .T. ) ;
#1262 = CARTESIAN_POINT ( 'NONE',  ( 1.250000000000000000, 3.061616997868383000E-017, -0.2500000000000000000 ) ) ;
#1263 = CARTESIAN_POINT ( 'NONE',  ( 0.06533637378665853300, -0.03959611008113406200, -0.2500000000000000600 ) ) ;
#1264 = CARTESIAN_POINT ( 'NONE',  ( 0.1442307692307681100, 2.043400912508814200E-015, -0.2500000000000000000 ) ) ;
#1265 = CARTESIAN_POINT ( 'NONE',  ( 1.103797912248198200, 0.03959611008113402700, 0.2500000000000000600 ) ) ;
#1266 = CARTESIAN_POINT ( 'NONE',  ( 0.8192307692307683200, -0.2022542485937368600, 0.1469463130731182300 ) ) ;
#1267 = CARTESIAN_POINT ( 'NONE',  ( 0.4865384615384608600, -0.06181483124778579900, -0.1902464884845768400 ) ) ;
#1268 = CARTESIAN_POINT ( 'NONE',  ( -0.5023709607820774400, 0.1371779771414909400, -0.3749999999999999400 ) ) ;
#1269 = CARTESIAN_POINT ( 'NONE',  ( 1.224519230769230500, -0.07854086670589939500, -0.2417239324562226500 ) ) ;
#1270 =( BOUNDED_CURVE ( )  B_SPLINE_CURVE ( 2, ( #2059, #7037, #4181, #7159, #1491, #5534, #2084, #5355, #1909, #3750, #4330, #5327, #5908 ),
 .UNSPECIFIED., .F., .F. ) 
 B_SPLINE_CURVE_WITH_KNOTS ( ( 3, 2, 2, 2, 2, 2, 3 ),
 ( 0.7696999634892082200, 0.7718738765326864600, 0.7762217026196429600, 0.7805695287065995700, 0.7849173547935560700, 0.7892651808805125600, 0.7914390939239908100 ),
 .UNSPECIFIED. ) 
 CURVE ( )  GEOMETRIC_REPRESENTATION_ITEM ( )  RATIONAL_B_SPLINE_CURVE ( ( 0.9755282581475767100, 0.9755282581475767100, 1.000000000000000000, 0.9510565162951534200, 1.000000000000000000, 0.9510565162951534200, 1.000000000000000000, 0.9510565162951534200, 1.000000000000000000, 0.9510565162951534200, 1.000000000000000000, 0.9755282581475767100, 0.9755282581475767100 ) ) 
 REPRESENTATION_ITEM ( '' )  );
#1271 = EDGE_CURVE ( 'NONE', #7186, #1827, #3932, .T. ) ;
#1272 = CARTESIAN_POINT ( 'NONE',  ( 0.5730769230769224800, -0.06181483124778579900, -0.1902464884845768400 ) ) ;
#1273 = CARTESIAN_POINT ( 'NONE',  ( 0.1346153846153834700, 0.2000369959355130500, 0.0000000000000000000 ) ) ;
#1274 = CARTESIAN_POINT ( 'NONE',  ( 0.9374999999999994400, 0.2583271673440810700, 0.0000000000000000000 ) ) ;
#1275 = CARTESIAN_POINT ( 'NONE',  ( 0.4134615384615377100, 1.287908040090921300E-017, -0.2103313446762957200 ) ) ;
#1276 = CARTESIAN_POINT ( 'NONE',  ( -0.06778846153846318500, 0.2056226585419196600, -0.1493936061522294400 ) ) ;
#1277 = CARTESIAN_POINT ( 'NONE',  ( -0.007692307692308892300, 0.1236296624955716000, 0.1701616322928579100 ) ) ;
#1278 = CARTESIAN_POINT ( 'NONE',  ( 0.9153846153846145800, -0.1545084971874736700, -0.2126627020880099400 ) ) ;
#1279 = CARTESIAN_POINT ( 'NONE',  ( 1.194230769230769200, 0.1618333292155423300, -0.1175787961237839500 ) ) ;
#1280 = ORIENTED_EDGE ( 'NONE', *, *, #2497, .F. ) ;
#1281 = CARTESIAN_POINT ( 'NONE',  ( -0.3865384615384630500, -0.1236296624955716800, 0.1701616322928578300 ) ) ;
#1282 = ADVANCED_FACE ( 'NONE', ( #6496 ), #2729, .T. ) ;
#1283 = ORIENTED_EDGE ( 'NONE', *, *, #1933, .T. ) ;
#1284 = PLANE ( 'NONE',  #3801 ) ;
#1285 = ORIENTED_EDGE ( 'NONE', *, *, #2028, .F. ) ;
#1286 = CARTESIAN_POINT ( 'NONE',  ( 1.071153846153845900, 0.07725424859373684900, -0.2377641290737883800 ) ) ;
#1287 = CARTESIAN_POINT ( 'NONE',  ( 0.8307692307692301500, -0.2499999999999999200, -0.08122992405822658500 ) ) ;
#1288 = CARTESIAN_POINT ( 'NONE',  ( 1.231260009809807000, 0.09792021299835095000, 0.1875145315160024200 ) ) ;
#1289 = CARTESIAN_POINT ( 'NONE',  ( 0.5019230769230761400, 0.1618333292155423300, -0.1175787961237839500 ) ) ;
#1290 = CARTESIAN_POINT ( 'NONE',  ( 0.006211660011032486500, 0.2451832058815393000, -0.02734005819311344600 ) ) ;
#1291 = CARTESIAN_POINT ( 'NONE',  ( 1.143749999999999800, -0.1570817334117988200, -0.2162044579042725600 ) ) ;
#1292 = ORIENTED_EDGE ( 'NONE', *, *, #1314, .F. ) ;
#1293 = CARTESIAN_POINT ( 'NONE',  ( -0.5128538321214094500, -0.06851514357636025200, 0.3749999999999998300 ) ) ;
#1294 = ORIENTED_EDGE ( 'NONE', *, *, #5067, .T. ) ;
#1295 = CARTESIAN_POINT ( 'NONE',  ( 0.7346153846153840000, 0.06181483124778582700, -0.1902464884845768100 ) ) ;
#1296 = CARTESIAN_POINT ( 'NONE',  ( 0.06538461538461425000, 0.1618333292155423300, 0.1175787961237840100 ) ) ;
#1297 = CARTESIAN_POINT ( 'NONE',  ( 0.9336538461538457200, 0.2583271673440810700, -0.08393558474214596300 ) ) ;
#1298 = CARTESIAN_POINT ( 'NONE',  ( 0.1057692307692296900, 1.287908040090921300E-017, -0.2103313446762957200 ) ) ;
#1299 = CARTESIAN_POINT ( 'NONE',  ( -0.02548076923077069500, -0.2541635836720405600, 0.08258275440018624000 ) ) ;
#1300 = ORIENTED_EDGE ( 'NONE', *, *, #6666, .F. ) ;
#1301 = DIRECTION ( 'NONE',  ( 1.000000000000000000, 0.0000000000000000000, -0.0000000000000000000 ) ) ;
#1302 = CARTESIAN_POINT ( 'NONE',  ( 0.1923076923076912900, 1.287908040090921300E-017, -0.2103313446762957200 ) ) ;
#1303 = CARTESIAN_POINT ( 'NONE',  ( 0.5769230769230759800, 9.626299801968717100E-016, 0.2500000000000000000 ) ) ;
#1304 = CARTESIAN_POINT ( 'NONE',  ( 1.113461538461538100, 0.1236296624955716700, -0.1701616322928578600 ) ) ;
#1305 = CARTESIAN_POINT ( 'NONE',  ( 1.099999999999999600, -0.2000369959355130000, -0.06499595995471003900 ) ) ;
#1306 = LINE ( 'NONE', #2278, #4905 ) ;
#1307 = CARTESIAN_POINT ( 'NONE',  ( 0.2692307692307679400, -4.375590819076688800E-017, 0.2499999999999999700 ) ) ;
#1308 = CARTESIAN_POINT ( 'NONE',  ( 0.2191825276328125400, -0.03959611008113406200, -0.2500000000000000600 ) ) ;
#1309 = CARTESIAN_POINT ( 'NONE',  ( 1.023076923076922600, -0.2000369959355130000, -0.06499595995471003900 ) ) ;
#1310 = PERSON_AND_ORGANIZATION ( #4554, #5705 ) ;
#1311 = CARTESIAN_POINT ( 'NONE',  ( 0.0000000000000000000, -3.061616997868383000E-017, 0.2500000000000000000 ) ) ;
#1312 = CARTESIAN_POINT ( 'NONE',  ( 0.04876321027871899400, 0.1043061447169304400, 0.1964016091809538100 ) ) ;
#1313 = DIRECTION ( 'NONE',  ( 0.0000000000000000000, 0.0000000000000000000, 1.000000000000000000 ) ) ;
#1314 = EDGE_CURVE ( 'NONE', #4249, #2260, #3770, .T. ) ;
#1315 = ORIENTED_EDGE ( 'NONE', *, *, #4000, .T. ) ;
#1316 = CARTESIAN_POINT ( 'NONE',  ( 1.223444306533790100, 0.2181608591460512700, 0.01894293486531240000 ) ) ;
#1317 = EDGE_CURVE ( 'NONE', #5776, #3744, #855, .T. ) ;
#1318 = CARTESIAN_POINT ( 'NONE',  ( 0.3749999999999991100, -3.863724120272764700E-017, 0.2103313446762957200 ) ) ;
#1319 = CARTESIAN_POINT ( 'NONE',  ( 1.101442307692307200, 0.2056226585419196300, 0.1493936061522294900 ) ) ;
#1320 = CARTESIAN_POINT ( 'NONE',  ( 0.09615384615384471600, 0.2499999999999999700, 0.0000000000000000000 ) ) ;
#1321 = VECTOR ( 'NONE', #5499, 39.37007874015748100 ) ;
#1322 = CARTESIAN_POINT ( 'NONE',  ( 0.6538461538461533000, 1.287908040090921200E-017, -0.2103313446762957200 ) ) ;
#1323 = CARTESIAN_POINT ( 'NONE',  ( -0.1884615384615398500, 0.06181483124778582700, -0.1902464884845768100 ) ) ;
#1324 = CARTESIAN_POINT ( 'NONE',  ( 0.9836538461538457700, -0.2089910684901024900, -0.1518408992313406400 ) ) ;
#1325 = ORIENTED_EDGE ( 'NONE', *, *, #3476, .T. ) ;
#1326 = CARTESIAN_POINT ( 'NONE',  ( 0.04807692307692190000, 0.2000369959355130500, 0.0000000000000000000 ) ) ;
#1327 = CARTESIAN_POINT ( 'NONE',  ( -0.1870192307692325500, -0.1570817334117988500, 0.2162044579042725600 ) ) ;
#1328 = AXIS2_PLACEMENT_3D ( 'NONE', #2150, #3918, #6721 ) ;
#1329 = CARTESIAN_POINT ( 'NONE',  ( -0.5136250000000000000, -0.1363642650149951600, -0.2546898353427560200 ) ) ;
#1330 = DIRECTION ( 'NONE',  ( 0.0000000000000000000, 0.0000000000000000000, 1.000000000000000000 ) ) ;
#1331 = CARTESIAN_POINT ( 'NONE',  ( 1.021153846153846100, -0.1236296624955716100, -0.1701616322928578600 ) ) ;
#1332 = ORIENTED_EDGE ( 'NONE', *, *, #311, .T. ) ;
#1333 = CARTESIAN_POINT ( 'NONE',  ( 1.080769230769230700, -0.06181483124778584100, 0.1902464884845768100 ) ) ;
#1334 = FACE_OUTER_BOUND ( 'NONE', #5893, .T. ) ;
#1335 = CARTESIAN_POINT ( 'NONE',  ( -0.5156250000000000000, -0.1541177857925726300, 0.2444398353427580700 ) ) ;
#1336 = EDGE_LOOP ( 'NONE', ( #3083, #1213, #7128, #697 ) ) ;
#1337 = CARTESIAN_POINT ( 'NONE',  ( 1.030769230769230700, -0.1236296624955716100, -0.1701616322928578600 ) ) ;
#1338 = DIRECTION ( 'NONE',  ( 0.0000000000000000000, -0.8660254037844357100, 0.5000000000000048800 ) ) ;
#1339 = FACE_OUTER_BOUND ( 'NONE', #5906, .T. ) ;
#1340 = CARTESIAN_POINT ( 'NONE',  ( 1.222943348118301200, 0.2194343219337503100, 0.004594286816876383800 ) ) ;
#1341 = CARTESIAN_POINT ( 'NONE',  ( 0.3634615384615375600, 0.1618333292155423300, 0.1175787961237840100 ) ) ;
#1342 = CARTESIAN_POINT ( 'NONE',  ( 0.1461538461538447200, -0.1545084971874736700, -0.2126627020880099400 ) ) ;
#1343 = CARTESIAN_POINT ( 'NONE',  ( 1.236057692307692000, 0.1570817334117988200, -0.2162044579042725600 ) ) ;
#1344 = CARTESIAN_POINT ( 'NONE',  ( 0.4134615384615373800, 1.982142641041740300E-015, 0.2499999999999999700 ) ) ;
#1345 = CARTESIAN_POINT ( 'NONE',  ( 0.6923076923076917400, -3.863724120272764700E-017, 0.2103313446762957200 ) ) ;
#1346 = CARTESIAN_POINT ( 'NONE',  ( -0.1769230769230782700, 0.2000369959355130000, -0.06499595995470999800 ) ) ;
#1347 = CARTESIAN_POINT ( 'NONE',  ( 0.5798076923076914700, -0.1596549696361239900, 0.2197462137205351800 ) ) ;
#1348 = CARTESIAN_POINT ( 'NONE',  ( 0.02884615384615280700, 1.287908040090921300E-017, -0.2103313446762957200 ) ) ;
#1349 = CARTESIAN_POINT ( 'NONE',  ( -0.2485576923076941200, -0.2541635836720405100, -0.08258275440018630900 ) ) ;
#1350 = EDGE_CURVE ( 'NONE', #4201, #5368, #5704, .T. ) ;
#1351 = DIRECTION ( 'NONE',  ( 0.0000000000000000000, 0.5000000000000041100, 0.8660254037844362700 ) ) ;
#1352 = AXIS2_PLACEMENT_3D ( 'NONE', #1434, #3689, #7174 ) ;
#1353 = CARTESIAN_POINT ( 'NONE',  ( 0.6730769230769222400, -0.2499999999999999700, -3.061616997868382400E-017 ) ) ;
#1354 = CARTESIAN_POINT ( 'NONE',  ( 0.9826923076923073100, 0.1236296624955716000, 0.1701616322928579100 ) ) ;
#1355 = CARTESIAN_POINT ( 'NONE',  ( 0.9769230769230764500, 0.2000369959355130000, -0.06499595995470999800 ) ) ;
#1356 = CARTESIAN_POINT ( 'NONE',  ( 1.115384615384614800, -4.375590819076688800E-017, 0.2499999999999999700 ) ) ;
#1357 = CARTESIAN_POINT ( 'NONE',  ( 0.1980769230769220100, -0.2500000000000001100, 0.08122992405822653000 ) ) ;
#1358 = CARTESIAN_POINT ( 'NONE',  ( 1.034615384615384500, -0.06181483124778579900, -0.1902464884845768400 ) ) ;
#1359 = CARTESIAN_POINT ( 'NONE',  ( 0.0000000000000000000, 0.0000000000000000000, -0.2500000000000000000 ) ) ;
#1360 = CARTESIAN_POINT ( 'NONE',  ( 0.0000000000000000000, 0.0000000000000000000, 0.0000000000000000000 ) ) ;
#1361 = CARTESIAN_POINT ( 'NONE',  ( 1.232822252462214600, 0.05722416059444392100, 0.2020268676127843800 ) ) ;
#1362 = CARTESIAN_POINT ( 'NONE',  ( 0.1057692307692296900, 1.287908040090921300E-017, -0.2103313446762957200 ) ) ;
#1363 = CARTESIAN_POINT ( 'NONE',  ( 0.8057692307692304600, -0.1545084971874737300, 0.2126627020880099700 ) ) ;
#1364 = CARTESIAN_POINT ( 'NONE',  ( -0.5136250000000000000, -0.1541177857925726300, 0.2444398353427580700 ) ) ;
#1365 = EDGE_CURVE ( 'NONE', #3563, #3290, #5343, .T. ) ;
#1366 = CARTESIAN_POINT ( 'NONE',  ( 0.5423076923076914900, -0.06181483124778584100, 0.1902464884845768100 ) ) ;
#1367 = CARTESIAN_POINT ( 'NONE',  ( -0.05769230769230890300, -0.2000369959355130500, -2.449746667834781800E-017 ) ) ;
#1368 = CARTESIAN_POINT ( 'NONE',  ( 0.6374999999999992900, 0.2089910684901024900, 0.1518408992313406700 ) ) ;
#1369 = CARTESIAN_POINT ( 'NONE',  ( 0.03269230769230657700, 0.06181483124778582700, -0.1902464884845768100 ) ) ;
#1370 = CARTESIAN_POINT ( 'NONE',  ( -0.2947115384615403600, 0.2541635836720405100, -0.08258275440018626700 ) ) ;
#1371 = ORIENTED_EDGE ( 'NONE', *, *, #4581, .T. ) ;
#1372 = CARTESIAN_POINT ( 'NONE',  ( 0.3249999999999990100, 0.2022542485937368100, 0.1469463130731183400 ) ) ;
#1373 = CARTESIAN_POINT ( 'NONE',  ( 1.109615384615384400, -0.07725424859373689100, 0.2377641290737883800 ) ) ;
#1374 = CARTESIAN_POINT ( 'NONE',  ( 1.059615384615384600, 0.1236296624955716000, 0.1701616322928579100 ) ) ;
#1375 = AXIS2_PLACEMENT_3D ( 'NONE', #4522, #2769, #6765 ) ;
#1376 = CARTESIAN_POINT ( 'NONE',  ( 1.076923076923076600, -3.863724120272764700E-017, 0.2103313446762957200 ) ) ;
#1377 = ORIENTED_EDGE ( 'NONE', *, *, #5023, .T. ) ;
#1378 = VERTEX_POINT ( 'NONE', #4802 ) ;
#1379 = CARTESIAN_POINT ( 'NONE',  ( 0.7269230769230762300, 0.07725424859373679300, 0.2377641290737883800 ) ) ;
#1380 = CARTESIAN_POINT ( 'NONE',  ( 1.007692307692307700, -0.1236296624955716800, 0.1701616322928578300 ) ) ;
#1381 = CARTESIAN_POINT ( 'NONE',  ( -0.5156250000000000000, 0.0000000000000000000, -0.3749999999999999400 ) ) ;
#1382 = CARTESIAN_POINT ( 'NONE',  ( 0.01604458523484300600, 0.1846424041605197200, -0.1552182712728807900 ) ) ;
#1383 = CARTESIAN_POINT ( 'NONE',  ( 1.149999999999999900, 0.06181483124778577900, 0.1902464884845768400 ) ) ;
#1384 = ORIENTED_EDGE ( 'NONE', *, *, #4647, .T. ) ;
#1385 = CARTESIAN_POINT ( 'NONE',  ( -0.1310429897804382100, 0.03437400777819708100, -0.3750000000000000600 ) ) ;
#1386 = CARTESIAN_POINT ( 'NONE',  ( 0.1134615384615373500, 0.1236296624955716700, -0.1701616322928578600 ) ) ;
#1387 = CARTESIAN_POINT ( 'NONE',  ( 1.074519230769230200, 1.636393914928959700E-017, -0.2672434070081726200 ) ) ;
#1388 = CARTESIAN_POINT ( 'NONE',  ( 1.224356739259552900, -0.1952191970454570100, 0.09724994918612914200 ) ) ;
#1389 = ADVANCED_FACE ( 'NONE', ( #3014 ), #4988, .F. ) ;
#1390 = ORIENTED_EDGE ( 'NONE', *, *, #5547, .F. ) ;
#1391 = CARTESIAN_POINT ( 'NONE',  ( 0.2999999999999989300, 0.1236296624955716000, 0.1701616322928579100 ) ) ;
#1392 = CARTESIAN_POINT ( 'NONE',  ( -0.2500000000000014400, 0.2000369959355130500, 0.0000000000000000000 ) ) ;
#1393 = CARTESIAN_POINT ( 'NONE',  ( 0.6644230769230758900, -0.2583271673440811200, 0.08393558474214593600 ) ) ;
#1394 = AXIS2_PLACEMENT_3D ( 'NONE', #818, #2498, #842 ) ;
#1395 = CARTESIAN_POINT ( 'NONE',  ( 0.04423076923076813700, 0.2000369959355130000, -0.06499595995470999800 ) ) ;
#1396 = CARTESIAN_POINT ( 'NONE',  ( -0.4754807692307713700, -0.2056226585419196300, -0.1493936061522294400 ) ) ;
#1397 = DIRECTION ( 'NONE',  ( 0.0000000000000000000, -0.8660254037844381500, 0.5000000000000011100 ) ) ;
#1398 = ORIENTED_EDGE ( 'NONE', *, *, #2687, .F. ) ;
#1399 = DIRECTION ( 'NONE',  ( 1.000000000000000000, 0.0000000000000000000, -0.0000000000000000000 ) ) ;
#1400 = CARTESIAN_POINT ( 'NONE',  ( 0.8788461538461536100, 0.06181483124778582700, -0.1902464884845768100 ) ) ;
#1401 = CARTESIAN_POINT ( 'NONE',  ( 0.7884615384615379900, -0.2000369959355130500, -2.449746667834781800E-017 ) ) ;
#1402 =( BOUNDED_CURVE ( )  B_SPLINE_CURVE ( 2, ( #1344, #3076, #4183, #3025, #1840, #1868, #5380, #4133, #6517, #5357, #3674, #5859, #3623 ),
 .UNSPECIFIED., .F., .F. ) 
 B_SPLINE_CURVE_WITH_KNOTS ( ( 3, 2, 2, 2, 2, 2, 3 ),
 ( 0.4870912678370342700, 0.4892651808805126300, 0.4936130069674691300, 0.4979608330544256200, 0.5023086591413821200, 0.5066564852283386200, 0.5088303982718169700 ),
 .UNSPECIFIED. ) 
 CURVE ( )  GEOMETRIC_REPRESENTATION_ITEM ( )  RATIONAL_B_SPLINE_CURVE ( ( 0.9755282581475767100, 0.9755282581475761500, 1.000000000000000000, 0.9510565162951534200, 1.000000000000000000, 0.9510565162951534200, 1.000000000000000000, 0.9510565162951534200, 1.000000000000000000, 0.9510565162951534200, 1.000000000000000000, 0.9755282581475754900, 0.9755282581475767100 ) ) 
 REPRESENTATION_ITEM ( '' )  );
#1403 = FACE_OUTER_BOUND ( 'NONE', #4334, .T. ) ;
#1404 = VERTEX_POINT ( 'NONE', #3116 ) ;
#1405 = CARTESIAN_POINT ( 'NONE',  ( 1.011538461538461300, -0.1618333292155423300, 0.1175787961237839400 ) ) ;
#1406 = CARTESIAN_POINT ( 'NONE',  ( -0.5128538321214090000, -0.06851514357636015500, -0.3749999999999998300 ) ) ;
#1407 = CARTESIAN_POINT ( 'NONE',  ( 0.7749999999999996900, 0.2500000000000000600, -0.08122992405822657100 ) ) ;
#1408 = CARTESIAN_POINT ( 'NONE',  ( 1.061538461538461100, 0.2000369959355130000, 0.06499595995471006700 ) ) ;
#1409 = EDGE_CURVE ( 'NONE', #2999, #2988, #6050, .T. ) ;
#1410 = VERTEX_POINT ( 'NONE', #4873 ) ;
#1411 = CARTESIAN_POINT ( 'NONE',  ( 0.01730769230769125000, -0.1618333292155423300, -0.1175787961237840000 ) ) ;
#1412 = CARTESIAN_POINT ( 'NONE',  ( 0.8399038461538453900, -0.07854086670589939500, -0.2417239324562226500 ) ) ;
#1413 = DIRECTION ( 'NONE',  ( 0.0000000000000000000, 0.8660254037844364900, -0.5000000000000037700 ) ) ;
#1414 = CARTESIAN_POINT ( 'NONE',  ( 0.4846153846153838400, -0.2000369959355130000, -0.06499595995471003900 ) ) ;
#1415 = VECTOR ( 'NONE', #4843, 39.37007874015747400 ) ;
#1416 = CARTESIAN_POINT ( 'NONE',  ( -0.2000000000000013700, -0.1236296624955716100, -0.1701616322928578600 ) ) ;
#1417 = CARTESIAN_POINT ( 'NONE',  ( 0.6567307692307685600, -0.1596549696361239900, 0.2197462137205351800 ) ) ;
#1418 = CARTESIAN_POINT ( 'NONE',  ( -0.06730769230769345600, -0.2000369959355130500, -2.449746667834781800E-017 ) ) ;
#1419 = CARTESIAN_POINT ( 'NONE',  ( -0.2677884615384632500, -0.07854086670589945100, 0.2417239324562225900 ) ) ;
#1420 = ORIENTED_EDGE ( 'NONE', *, *, #1545, .F. ) ;
#1421 = AXIS2_PLACEMENT_3D ( 'NONE', #6183, #2117, #5045 ) ;
#1422 = CARTESIAN_POINT ( 'NONE',  ( 0.1057692307692294100, 1.982142641041740300E-015, 0.2499999999999999700 ) ) ;
#1423 = CARTESIAN_POINT ( 'NONE',  ( 1.250000000000000000, 0.0000000000000000000, 0.0000000000000000000 ) ) ;
#1424 = CARTESIAN_POINT ( 'NONE',  ( 0.3807692307692296400, -0.07725424859373682100, -0.2377641290737883800 ) ) ;
#1425 = FACE_OUTER_BOUND ( 'NONE', #7000, .T. ) ;
#1426 = CARTESIAN_POINT ( 'NONE',  ( 0.9711538461538459200, 0.2000369959355130500, 0.0000000000000000000 ) ) ;
#1427 = CARTESIAN_POINT ( 'NONE',  ( 0.8153846153846150400, 0.1236296624955716700, -0.1701616322928578600 ) ) ;
#1428 = CARTESIAN_POINT ( 'NONE',  ( -0.1653846153846167400, 0.1618333292155423300, 0.1175787961237840100 ) ) ;
#1429 = CARTESIAN_POINT ( 'NONE',  ( 1.121153846153846200, 0.2000369959355130000, -0.06499595995470999800 ) ) ;
#1430 = CARTESIAN_POINT ( 'NONE',  ( -0.4906249999999999800, -0.06036778579257532500, -0.08206007213317415000 ) ) ;
#1431 = CARTESIAN_POINT ( 'NONE',  ( 0.8576923076923072000, -0.1618333292155423300, 0.1175787961237839400 ) ) ;
#1432 = DIRECTION ( 'NONE',  ( 0.0000000000000000000, 0.0000000000000000000, 1.000000000000000000 ) ) ;
#1433 = CARTESIAN_POINT ( 'NONE',  ( 0.009047073150643713700, 0.1162428028308060100, -0.2155493337436660800 ) ) ;
#1434 = CARTESIAN_POINT ( 'NONE',  ( 1.250000000000000000, 0.0000000000000000000, 0.0000000000000000000 ) ) ;
#1435 = CARTESIAN_POINT ( 'NONE',  ( 1.013461538461538200, 0.2500000000000000600, 0.08122992405822665500 ) ) ;
#1436 = CARTESIAN_POINT ( 'NONE',  ( 0.1557692307692297200, -0.1618333292155423300, 0.1175787961237839400 ) ) ;
#1437 = CARTESIAN_POINT ( 'NONE',  ( 1.070673076923076600, -0.07854086670589939500, -0.2417239324562226500 ) ) ;
#1438 = DIRECTION ( 'NONE',  ( 0.0000000000000000000, 0.0000000000000000000, -1.000000000000000000 ) ) ;
#1439 = CARTESIAN_POINT ( 'NONE',  ( 0.3653846153846144800, 0.2000369959355130500, 0.0000000000000000000 ) ) ;
#1440 = CARTESIAN_POINT ( 'NONE',  ( -0.3076923076923092600, -3.863724120272764700E-017, 0.2103313446762957200 ) ) ;
#1441 = CARTESIAN_POINT ( 'NONE',  ( 0.6951923076923070000, 0.1596549696361239700, -0.2197462137205352100 ) ) ;
#1442 = CARTESIAN_POINT ( 'NONE',  ( -0.4293269230769251000, 0.07854086670589938100, 0.2417239324562226500 ) ) ;
#1443 = EDGE_CURVE ( 'NONE', #2173, #5792, #4632, .T. ) ;
#1444 = DIRECTION ( 'NONE',  ( 0.0000000000000000000, 0.0000000000000000000, 1.000000000000000000 ) ) ;
#1445 = AXIS2_PLACEMENT_3D ( 'NONE', #4362, #4417, #4942 ) ;
#1446 = CARTESIAN_POINT ( 'NONE',  ( -0.1001489031158497600, -0.2210683046861571200, 0.3670984643404589000 ) ) ;
#1447 = CARTESIAN_POINT ( 'NONE',  ( 0.6615384615384605200, -0.1545084971874737300, 0.2126627020880099400 ) ) ;
#1448 = CARTESIAN_POINT ( 'NONE',  ( 0.7749999999999995800, -0.2000369959355130200, 0.06499595995470997000 ) ) ;
#1449 = CYLINDRICAL_SURFACE ( 'NONE', #1848, 0.2500000000000000000 ) ;
#1450 = CARTESIAN_POINT ( 'NONE',  ( 0.9576923076923074000, -0.06181483124778579900, -0.1902464884845768400 ) ) ;
#1451 = CARTESIAN_POINT ( 'NONE',  ( -0.05000000000000137700, -0.1618333292155423300, -0.1175787961237840000 ) ) ;
#1452 = CARTESIAN_POINT ( 'NONE',  ( 1.228846153846153700, -0.1236296624955716800, 0.1701616322928578300 ) ) ;
#1453 = CARTESIAN_POINT ( 'NONE',  ( 0.1884615384615371000, 0.07725424859373679300, 0.2377641290737883800 ) ) ;
#1454 = CARTESIAN_POINT ( 'NONE',  ( 0.7615384615384609400, 0.1236296624955716000, 0.1701616322928579100 ) ) ;
#1455 = EDGE_CURVE ( 'NONE', #2260, #418, #3288, .T. ) ;
#1456 = CARTESIAN_POINT ( 'NONE',  ( 0.5826923076923069500, -0.2500000000000001100, 0.08122992405822653000 ) ) ;
#1457 = VERTEX_POINT ( 'NONE', #376 ) ;
#1458 = CARTESIAN_POINT ( 'NONE',  ( 0.01773620278560662400, 0.1974085513770078000, -0.1362812123589516600 ) ) ;
#1459 = CARTESIAN_POINT ( 'NONE',  ( 1.219230769230769300, 0.1618333292155423300, 0.1175787961237840100 ) ) ;
#1460 = CARTESIAN_POINT ( 'NONE',  ( 0.4076923076923065200, 0.2499999999999999200, 0.08122992405822664100 ) ) ;
#1461 = CARTESIAN_POINT ( 'NONE',  ( 0.1249999999999989500, 0.2000369959355130500, 0.0000000000000000000 ) ) ;
#1462 = CARTESIAN_POINT ( 'NONE',  ( 0.9591346153846146400, -4.909181744786878600E-017, 0.2672434070081726200 ) ) ;
#1463 = EDGE_LOOP ( 'NONE', ( #1506, #320, #921, #1420 ) ) ;
#1464 = AXIS2_PLACEMENT_3D ( 'NONE', #7325, #3846, #2884 ) ;
#1465 = ORIENTED_EDGE ( 'NONE', *, *, #7061, .F. ) ;
#1466 = CARTESIAN_POINT ( 'NONE',  ( 0.3230769230769221000, -0.2000369959355130800, 0.06499595995470997000 ) ) ;
#1467 = CARTESIAN_POINT ( 'NONE',  ( -0.4906249999999999800, 0.2887499999999999500, 0.01124999999999997900 ) ) ;
#1468 = CARTESIAN_POINT ( 'NONE',  ( -0.4115384615384633000, 0.1618333292155423300, -0.1175787961237839500 ) ) ;
#1469 = CARTESIAN_POINT ( 'NONE',  ( 0.3067307692307681400, 0.07982748481806199700, -0.2456837358386569100 ) ) ;
#1470 = CARTESIAN_POINT ( 'NONE',  ( 1.248076923076923100, -0.1618333292155423300, -0.1175787961237840000 ) ) ;
#1471 = ORIENTED_EDGE ( 'NONE', *, *, #5786, .T. ) ;
#1472 = CARTESIAN_POINT ( 'NONE',  ( -0.5156250000000000000, -0.3247595264191644500, 0.1874999999999999700 ) ) ;
#1473 = ORIENTED_EDGE ( 'NONE', *, *, #2415, .F. ) ;
#1474 = CARTESIAN_POINT ( 'NONE',  ( -0.04296874999999996500, 0.0000000000000000000, -0.5275490581377251200 ) ) ;
#1475 = DIRECTION ( 'NONE',  ( -1.000000000000000000, -0.0000000000000000000, -0.0000000000000000000 ) ) ;
#1476 = CARTESIAN_POINT ( 'NONE',  ( 0.7365384615384611400, 0.2000369959355130000, -0.06499595995470999800 ) ) ;
#1477 = CARTESIAN_POINT ( 'NONE',  ( 0.7423076923076918900, 0.1618333292155423300, -0.1175787961237839500 ) ) ;
#1478 = CARTESIAN_POINT ( 'NONE',  ( -0.1538461538461551900, -3.863724120272764700E-017, 0.2103313446762957200 ) ) ;
#1479 = CARTESIAN_POINT ( 'NONE',  ( 1.178846153846153900, -0.06181483124778579900, -0.1902464884845768400 ) ) ;
#1480 = ORIENTED_EDGE ( 'NONE', *, *, #122, .F. ) ;
#1481 = CARTESIAN_POINT ( 'NONE',  ( 0.1558174723671850200, 0.03959611008113407500, -0.2499999999999999200 ) ) ;
#1482 = CARTESIAN_POINT ( 'NONE',  ( 0.7076923076923071800, -0.2000369959355130200, 0.06499595995470997000 ) ) ;
#1483 = CARTESIAN_POINT ( 'NONE',  ( 0.5999999999999989800, -0.2499999999999999200, -0.08122992405822658500 ) ) ;
#1484 = CARTESIAN_POINT ( 'NONE',  ( 1.034615384615384000, 0.07725424859373679300, 0.2377641290737883800 ) ) ;
#1485 = CARTESIAN_POINT ( 'NONE',  ( 1.250000000000000000, 0.0000000000000000000, 0.2500000000000000000 ) ) ;
#1486 = LINE ( 'NONE', #5487, #2379 ) ;
#1487 = CARTESIAN_POINT ( 'NONE',  ( 1.026874835325120700, 0.03959611008113599800, 0.2499999999999993900 ) ) ;
#1488 = CARTESIAN_POINT ( 'NONE',  ( -0.07500000000000124600, -0.1618333292155423300, 0.1175787961237839400 ) ) ;
#1489 = CARTESIAN_POINT ( 'NONE',  ( 0.9706730769230763600, -0.2056226585419196600, 0.1493936061522294100 ) ) ;
#1490 = CARTESIAN_POINT ( 'NONE',  ( 0.2730769230769221100, 0.06181483124778582700, -0.1902464884845768100 ) ) ;
#1491 = CARTESIAN_POINT ( 'NONE',  ( 0.9249999999999996000, 0.2022542485937368600, -0.1469463130731182800 ) ) ;
#1492 = CARTESIAN_POINT ( 'NONE',  ( 0.3259615384615372500, 0.2583271673440810700, 0.08393558474214604700 ) ) ;
#1493 = ORIENTED_EDGE ( 'NONE', *, *, #689, .F. ) ;
#1494 =( BOUNDED_CURVE ( )  B_SPLINE_CURVE ( 2, ( #4600, #3011, #4772, #159, #5340, #2447, #4220, #5245, #133, #1278, #3604, #6413, #4701 ),
 .UNSPECIFIED., .F., .T. ) 
 B_SPLINE_CURVE_WITH_KNOTS ( ( 3, 2, 2, 2, 2, 2, 3 ),
 ( 0.7914390971403678600, 0.7936130101838461100, 0.7979608362708026100, 0.8023086623577592200, 0.8066564884447157100, 0.8110043145316722100, 0.8131782275751504600 ),
 .UNSPECIFIED. ) 
 CURVE ( )  GEOMETRIC_REPRESENTATION_ITEM ( )  RATIONAL_B_SPLINE_CURVE ( ( 0.9755282581475768200, 0.9755282581475768200, 1.000000000000000000, 0.9510565162951535300, 1.000000000000000000, 0.9510565162951535300, 1.000000000000000000, 0.9510565162951535300, 1.000000000000000000, 0.9510565162951535300, 1.000000000000000000, 0.9755282581475773800, 0.9755282581475768200 ) ) 
 REPRESENTATION_ITEM ( '' )  );
#1495 = VECTOR ( 'NONE', #6821, 39.37007874015748100 ) ;
#1496 = CARTESIAN_POINT ( 'NONE',  ( -0.5102143365883322600, -0.2817956058492346300, 0.2619156933194717900 ) ) ;
#1497 = APPROVAL_ROLE ( '' ) ;
#1498 = CARTESIAN_POINT ( 'NONE',  ( 0.5384615384615374400, 1.750236327630675500E-017, -0.2499999999999999700 ) ) ;
#1499 = CARTESIAN_POINT ( 'NONE',  ( 0.9057692307692304400, 0.1236296624955716000, 0.1701616322928579100 ) ) ;
#1500 = VERTEX_POINT ( 'NONE', #5497 ) ;
#1501 = CARTESIAN_POINT ( 'NONE',  ( 0.9346153846153844000, -0.1618333292155423300, 0.1175787961237839400 ) ) ;
#1502 = CARTESIAN_POINT ( 'NONE',  ( -0.07307692307692451000, -0.06181483124778584100, 0.1902464884845768100 ) ) ;
#1503 = CARTESIAN_POINT ( 'NONE',  ( 1.236538461538461800, -0.2000369959355130200, 0.06499595995470997000 ) ) ;
#1504 = FACE_OUTER_BOUND ( 'NONE', #3987, .T. ) ;
#1505 = CARTESIAN_POINT ( 'NONE',  ( -0.5156250000000000000, 0.0000000000000000000, 0.0000000000000000000 ) ) ;
#1506 = ORIENTED_EDGE ( 'NONE', *, *, #5397, .F. ) ;
#1507 = CARTESIAN_POINT ( 'NONE',  ( 0.7653846153846150000, 0.06181483124778577900, 0.1902464884845768400 ) ) ;
#1508 = CARTESIAN_POINT ( 'NONE',  ( 1.044230769230768900, 0.2000369959355130000, -0.06499595995471001100 ) ) ;
#1509 = CARTESIAN_POINT ( 'NONE',  ( 0.5865384615384607900, -0.2500000000000000000, -3.061616997868382400E-017 ) ) ;
#1510 = CARTESIAN_POINT ( 'NONE',  ( 1.003846153846153600, -0.06181483124778584100, 0.1902464884845768100 ) ) ;
#1511 = EDGE_CURVE ( 'NONE', #5549, #5567, #3143, .T. ) ;
#1512 = CYLINDRICAL_SURFACE ( 'NONE', #107, 0.2500000000000000000 ) ;
#1513 = DIRECTION ( 'NONE',  ( 1.000000000000000000, 0.0000000000000000000, 0.0000000000000000000 ) ) ;
#1514 = CARTESIAN_POINT ( 'NONE',  ( -0.2211538461538475300, -0.2000369959355130500, -2.449746667834781800E-017 ) ) ;
#1515 = CARTESIAN_POINT ( 'NONE',  ( 0.7206730769230760300, 0.1570817334117987900, 0.2162044579042725600 ) ) ;
#1516 = CARTESIAN_POINT ( 'NONE',  ( 0.1999999999999989600, 0.1236296624955716500, -0.1701616322928578600 ) ) ;
#1517 = CARTESIAN_POINT ( 'NONE',  ( -0.2884615384615401600, -0.2000369959355130500, -2.449746667834781800E-017 ) ) ;
#1518 = CARTESIAN_POINT ( 'NONE',  ( 0.3490384615384604600, -0.1596549696361239900, 0.2197462137205351800 ) ) ;
#1519 = APPROVAL_STATUS ( 'not_yet_approved' ) ;
#1520 = CARTESIAN_POINT ( 'NONE',  ( 0.3711538461538451700, -0.07725424859373683500, -0.2377641290737884100 ) ) ;
#1521 = DIRECTION ( 'NONE',  ( -1.000000000000000000, -0.0000000000000000000, -0.0000000000000000000 ) ) ;
#1522 = CARTESIAN_POINT ( 'NONE',  ( 0.5980769230769222800, 0.1236296624955716000, 0.1701616322928579100 ) ) ;
#1523 = CARTESIAN_POINT ( 'NONE',  ( 0.5346153846153838300, 0.06181483124778577900, 0.1902464884845768400 ) ) ;
#1524 = CARTESIAN_POINT ( 'NONE',  ( -0.1153846153846167200, 1.287908040090921300E-017, -0.2103313446762957200 ) ) ;
#1525 = CARTESIAN_POINT ( 'NONE',  ( 1.101923076923077000, -0.06181483124778579900, -0.1902464884845768400 ) ) ;
#1526 = CARTESIAN_POINT ( 'NONE',  ( 0.5999999999999992000, 0.2000369959355130000, 0.06499595995471008100 ) ) ;
#1527 = CARTESIAN_POINT ( 'NONE',  ( 0.9596153846153842000, 0.1236296624955716500, -0.1701616322928578600 ) ) ;
#1528 = CARTESIAN_POINT ( 'NONE',  ( -0.4857957059411695500, -0.2035159698893451400, -0.3749999999999999400 ) ) ;
#1529 = DIRECTION ( 'NONE',  ( 0.0000000000000000000, 0.0000000000000000000, -1.000000000000000000 ) ) ;
#1530 = CARTESIAN_POINT ( 'NONE',  ( -0.01730769230769343300, 0.1236296624955716000, 0.1701616322928579100 ) ) ;
#1531 = CARTESIAN_POINT ( 'NONE',  ( 0.8014423076923069500, 0.07854086670589938100, 0.2417239324562226500 ) ) ;
#1532 = CARTESIAN_POINT ( 'NONE',  ( 0.1153846153846142500, 1.287908040090921200E-017, -0.2103313446762957200 ) ) ;
#1533 = CARTESIAN_POINT ( 'NONE',  ( -0.2846153846153861000, -0.2000369959355130000, -0.06499595995471003900 ) ) ;
#1534 = CARTESIAN_POINT ( 'NONE',  ( 0.5259615384615375900, -0.1596549696361239700, -0.2197462137205352100 ) ) ;
#1535 = FACE_BOUND ( 'NONE', #2983, .T. ) ;
#1536 = CC_DESIGN_PERSON_AND_ORGANIZATION_ASSIGNMENT ( #1310, #4389, ( #4775 ) ) ;
#1537 = CARTESIAN_POINT ( 'NONE',  ( 0.6499999999999993600, -0.06181483124778579900, -0.1902464884845768400 ) ) ;
#1538 = CARTESIAN_POINT ( 'NONE',  ( -0.3961538461538476900, 0.1618333292155423300, 0.1175787961237840100 ) ) ;
#1539 = ORIENTED_EDGE ( 'NONE', *, *, #4309, .F. ) ;
#1540 = CARTESIAN_POINT ( 'NONE',  ( 0.9211538461538457700, -0.1236296624955716800, 0.1701616322928578300 ) ) ;
#1541 = EDGE_CURVE ( 'NONE', #2901, #5281, #682, .T. ) ;
#1542 = CARTESIAN_POINT ( 'NONE',  ( 0.1557692307692296300, 0.2022542485937368600, -0.1469463130731182800 ) ) ;
#1543 = CARTESIAN_POINT ( 'NONE',  ( 0.5230769230769222200, 0.2000369959355130000, 0.06499595995471008100 ) ) ;
#1544 = CARTESIAN_POINT ( 'NONE',  ( 1.250000000000000000, 3.061616997868383000E-017, -0.2500000000000000000 ) ) ;
#1545 = EDGE_CURVE ( 'NONE', #3171, #1737, #4729, .T. ) ;
#1546 = CARTESIAN_POINT ( 'NONE',  ( 1.136538461538461300, 0.1236296624955716000, 0.1701616322928579100 ) ) ;
#1547 = CARTESIAN_POINT ( 'NONE',  ( 0.6538461538461530800, -4.375590819076688800E-017, 0.2499999999999999700 ) ) ;
#1548 = ADVANCED_FACE ( 'NONE', ( #3193 ), #7027, .F. ) ;
#1549 = ORIENTED_EDGE ( 'NONE', *, *, #6963, .T. ) ;
#1550 = ORIENTED_EDGE ( 'NONE', *, *, #1164, .F. ) ;
#1551 = B_SPLINE_CURVE_WITH_KNOTS ( 'NONE', 3,
 ( #5619, #7368, #3957, #2164, #6129, #2689, #6689, #3281, #1571, #5595 ),
 .UNSPECIFIED., .F., .F.,
 ( 4, 2, 2, 2, 4 ),
 ( 0.03193555079357975100, 0.03314996621444139800, 0.03436438163530304600, 0.03557879705616468600, 0.03679321247702633400 ),
 .UNSPECIFIED. ) ;
#1552 = CARTESIAN_POINT ( 'NONE',  ( 0.06491914827908668000, 0.2126330720082310600, 0.0003348268654626269500 ) ) ;
#1553 = CARTESIAN_POINT ( 'NONE',  ( -0.05576923076923188900, -0.1236296624955716100, -0.1701616322928578600 ) ) ;
#1554 = CARTESIAN_POINT ( 'NONE',  ( 0.7783653846153838500, 0.2056226585419196600, -0.1493936061522294400 ) ) ;
#1555 = EDGE_LOOP ( 'NONE', ( #3572, #4884, #5855, #2479 ) ) ;
#1556 = CARTESIAN_POINT ( 'NONE',  ( 0.1692307692307681300, -0.2000369959355130800, 0.06499595995470997000 ) ) ;
#1557 = CARTESIAN_POINT ( 'NONE',  ( 0.0000000000000000000, 0.0000000000000000000, -0.2500000000000000000 ) ) ;
#1558 = CARTESIAN_POINT ( 'NONE',  ( 0.2230769230769217800, -0.1545084971874736700, -0.2126627020880099400 ) ) ;
#1559 = CARTESIAN_POINT ( 'NONE',  ( 0.4644230769230758800, 0.1596549696361239700, -0.2197462137205352100 ) ) ;
#1560 = DIRECTION ( 'NONE',  ( 1.000000000000000000, 0.0000000000000000000, 0.0000000000000000000 ) ) ;
#1561 = CARTESIAN_POINT ( 'NONE',  ( 0.4634615384615377600, -0.1618333292155423300, 0.1175787961237839400 ) ) ;
#1562 = ORIENTED_EDGE ( 'NONE', *, *, #6102, .T. ) ;
#1563 = CARTESIAN_POINT ( 'NONE',  ( 0.0000000000000000000, 0.0000000000000000000, 0.0000000000000000000 ) ) ;
#1564 = CARTESIAN_POINT ( 'NONE',  ( 0.5538461538461531000, -0.2000369959355130200, 0.06499595995470997000 ) ) ;
#1565 = CARTESIAN_POINT ( 'NONE',  ( -0.3076923076923092600, -3.863724120272764700E-017, 0.2103313446762957200 ) ) ;
#1566 = CALENDAR_DATE ( 2025, 19, 9 ) ;
#1567 = CARTESIAN_POINT ( 'NONE',  ( 0.7865384615384610800, -0.1618333292155423300, -0.1175787961237840000 ) ) ;
#1568 = ORIENTED_EDGE ( 'NONE', *, *, #6562, .T. ) ;
#1569 = DIRECTION ( 'NONE',  ( -1.000000000000000000, -0.0000000000000000000, -0.0000000000000000000 ) ) ;
#1570 = CARTESIAN_POINT ( 'NONE',  ( 0.5038461538461530600, 0.06181483124778582700, -0.1902464884845768100 ) ) ;
#1571 = CARTESIAN_POINT ( 'NONE',  ( 1.241665644328374500, -0.1524427235145969200, 0.1314459404039597900 ) ) ;
#1572 = CARTESIAN_POINT ( 'NONE',  ( 1.140384615384615300, 0.06181483124778577900, 0.1902464884845768400 ) ) ;
#1573 = CARTESIAN_POINT ( 'NONE',  ( 1.250000000000000000, 3.061616997868383000E-017, -0.2500000000000000000 ) ) ;
#1574 = LINE ( 'NONE', #6132, #5898 ) ;
#1575 = ORIENTED_EDGE ( 'NONE', *, *, #927, .T. ) ;
#1576 = ORIENTED_EDGE ( 'NONE', *, *, #5735, .T. ) ;
#1577 = CARTESIAN_POINT ( 'NONE',  ( -0.1711538461538475200, 0.1236296624955716000, 0.1701616322928579100 ) ) ;
#1578 = CARTESIAN_POINT ( 'NONE',  ( 0.7399038461538454100, -0.2056226585419196600, 0.1493936061522294100 ) ) ;
#1579 =( BOUNDED_CURVE ( )  B_SPLINE_CURVE ( 2, ( #1969, #6502, #6563, #232, #797, #3703, #256, #4817, #1372, #2517, #3133, #3109, #279 ),
 .UNSPECIFIED., .F., .F. ) 
 B_SPLINE_CURVE_WITH_KNOTS ( ( 3, 2, 2, 2, 2, 2, 3 ),
 ( 0.4218738765326864900, 0.4240477895761647400, 0.4283956156631212300, 0.4327434417500778400, 0.4370912678370343400, 0.4414390939239908300, 0.4436130069674690800 ),
 .UNSPECIFIED. ) 
 CURVE ( )  GEOMETRIC_REPRESENTATION_ITEM ( )  RATIONAL_B_SPLINE_CURVE ( ( 0.9755282581475767100, 0.9755282581475767100, 1.000000000000000000, 0.9510565162951534200, 1.000000000000000000, 0.9510565162951534200, 1.000000000000000000, 0.9510565162951534200, 1.000000000000000000, 0.9510565162951534200, 1.000000000000000000, 0.9755282581475767100, 0.9755282581475767100 ) ) 
 REPRESENTATION_ITEM ( '' )  );
#1580 = CARTESIAN_POINT ( 'NONE',  ( 0.1192307692307680200, 0.06181483124778582700, -0.1902464884845768100 ) ) ;
#1581 = TOROIDAL_SURFACE ( 'NONE', #2245, 0.5160356162754504700, 0.02302688372454955700 ) ;
#1582 = EDGE_CURVE ( 'NONE', #1043, #600, #1219, .T. ) ;
#1583 = CARTESIAN_POINT ( 'NONE',  ( 0.2192307692307678400, -0.2022542485937368100, -0.1469463130731182800 ) ) ;
#1584 = CARTESIAN_POINT ( 'NONE',  ( 0.09134615384615249500, 0.2583271673440810700, 0.0000000000000000000 ) ) ;
#1585 = ORIENTED_EDGE ( 'NONE', *, *, #3656, .T. ) ;
#1586 = ADVANCED_FACE ( 'NONE', ( #3906 ), #4277, .T. ) ;
#1587 = CARTESIAN_POINT ( 'NONE',  ( 0.4826923076923069200, -0.1236296624955716100, -0.1701616322928578600 ) ) ;
#1588 = CARTESIAN_POINT ( 'NONE',  ( 1.113413296863582100, 0.03959611008113401300, 0.2499999999999999200 ) ) ;
#1589 = CARTESIAN_POINT ( 'NONE',  ( 0.3245192307692295100, 0.2541635836720405100, 0.0000000000000000000 ) ) ;
#1590 = CARTESIAN_POINT ( 'NONE',  ( 0.05769230769230566200, 1.717419396487600100E-015, 0.2166913306236763500 ) ) ;
#1591 = CYLINDRICAL_SURFACE ( 'NONE', #4089, 0.2500000000000000000 ) ;
#1592 = CARTESIAN_POINT ( 'NONE',  ( 0.6269230769230762500, -0.1618333292155423300, 0.1175787961237839400 ) ) ;
#1593 = CARTESIAN_POINT ( 'NONE',  ( 1.310576923076922600, 0.1596549696361239700, -0.2197462137205352100 ) ) ;
#1594 = ORIENTED_EDGE ( 'NONE', *, *, #586, .T. ) ;
#1595 = EDGE_CURVE ( 'NONE', #5567, #6157, #3817, .T. ) ;
#1596 = CARTESIAN_POINT ( 'NONE',  ( 0.8788461538461536100, 0.06181483124778582700, -0.1902464884845768100 ) ) ;
#1597 = FACE_OUTER_BOUND ( 'NONE', #933, .T. ) ;
#1598 = CARTESIAN_POINT ( 'NONE',  ( 0.4846153846153838900, -0.2000369959355130000, -0.06499595995471003900 ) ) ;
#1599 = CARTESIAN_POINT ( 'NONE',  ( 1.198076923076923000, 0.2000369959355130000, -0.06499595995471001100 ) ) ;
#1600 = CARTESIAN_POINT ( 'NONE',  ( 1.192307692307692300, -3.941163767995332100E-015, 0.2500000000000000600 ) ) ;
#1601 = EDGE_CURVE ( 'NONE', #5601, #7293, #2551, .T. ) ;
#1602 = B_SPLINE_CURVE_WITH_KNOTS ( 'NONE', 3,
 ( #5032, #2175, #2777, #965, #1627, #4984 ),
 .UNSPECIFIED., .F., .F.,
 ( 4, 2, 4 ),
 ( 0.0000000000000000000, 0.0003014487848382759700, 0.0006028975696765519400 ),
 .UNSPECIFIED. ) ;
#1603 = CARTESIAN_POINT ( 'NONE',  ( -0.3480769230769247300, 0.1236296624955716700, -0.1701616322928578600 ) ) ;
#1604 = CARTESIAN_POINT ( 'NONE',  ( 0.6706730769230759800, -0.2541635836720405100, -3.112606192037848400E-017 ) ) ;
#1605 = CARTESIAN_POINT ( 'NONE',  ( 0.1538461538461527200, -3.863724120272764700E-017, 0.2103313446762957200 ) ) ;
#1606 = CARTESIAN_POINT ( 'NONE',  ( 0.8557692307692302800, 0.2500000000000000000, 0.0000000000000000000 ) ) ;
#1607 = CARTESIAN_POINT ( 'NONE',  ( -0.4906249999999999800, 1.073143560022200600E-016, -0.3134877234128604100 ) ) ;
#1608 = CARTESIAN_POINT ( 'NONE',  ( 0.1374999999999987300, -0.2089910684901024900, -0.1518408992313406400 ) ) ;
#1609 = CARTESIAN_POINT ( 'NONE',  ( 0.9346153846153840700, 0.2022542485937368600, -0.1469463130731182600 ) ) ;
#1610 = CARTESIAN_POINT ( 'NONE',  ( 0.3519230769230760600, 0.2000369959355130000, -0.06499595995471001100 ) ) ;
#1611 = CARTESIAN_POINT ( 'NONE',  ( 0.3519230769230758900, -0.2500000000000001100, 0.08122992405822653000 ) ) ;
#1612 = CARTESIAN_POINT ( 'NONE',  ( 0.2706730769230756300, -0.07854086670589945100, 0.2417239324562225900 ) ) ;
#1613 = CARTESIAN_POINT ( 'NONE',  ( 0.5576923076923069300, -0.2000369959355130500, -2.449746667834781800E-017 ) ) ;
#1614 = CARTESIAN_POINT ( 'NONE',  ( 1.299038461538461400, -0.07982748481806198300, -0.2456837358386569400 ) ) ;
#1615 = CARTESIAN_POINT ( 'NONE',  ( 0.8365384615384611200, -3.863724120272764700E-017, 0.2103313446762957200 ) ) ;
#1616 = CARTESIAN_POINT ( 'NONE',  ( -0.1012136957216079300, -0.4265175113638359800, 0.01124999999999989900 ) ) ;
#1617 = CARTESIAN_POINT ( 'NONE',  ( 0.6846153846153840700, 0.1236296624955716000, 0.1701616322928579100 ) ) ;
#1618 = CARTESIAN_POINT ( 'NONE',  ( 0.7711538461538457500, -0.1618333292155423300, 0.1175787961237839400 ) ) ;
#1619 = CARTESIAN_POINT ( 'NONE',  ( 1.148076923076922800, 0.07725424859373684900, -0.2377641290737883800 ) ) ;
#1620 = FACE_OUTER_BOUND ( 'NONE', #1058, .T. ) ;
#1621 = CARTESIAN_POINT ( 'NONE',  ( -0.2057692307692322000, -0.06181483124778579900, -0.1902464884845768400 ) ) ;
#1622 = AXIS2_PLACEMENT_3D ( 'NONE', #4825, #1925, #261 ) ;
#1623 = CARTESIAN_POINT ( 'NONE',  ( -0.2634615384615399700, 0.2000369959355130000, -0.06499595995470999800 ) ) ;
#1624 = CARTESIAN_POINT ( 'NONE',  ( 0.5129807692307680700, -0.2541635836720405600, 0.08258275440018624000 ) ) ;
#1625 = ORIENTED_EDGE ( 'NONE', *, *, #2586, .F. ) ;
#1626 = CARTESIAN_POINT ( 'NONE',  ( 0.05384615384615237100, -0.2500000000000000600, 0.08122992405822651600 ) ) ;
#1627 = CARTESIAN_POINT ( 'NONE',  ( -0.1001489031158494400, -0.2073824434660159800, -0.3749999999999998300 ) ) ;
#1628 = CARTESIAN_POINT ( 'NONE',  ( -0.1303645440264213100, -0.3076376211678681900, -0.2171560098176254200 ) ) ;
#1629 = CARTESIAN_POINT ( 'NONE',  ( 0.2836538461538450400, -0.2583271673440810700, -3.163595386207315100E-017 ) ) ;
#1630 = CARTESIAN_POINT ( 'NONE',  ( 0.04242906919126787600, -0.1734233191717535800, -0.1449299784869173300 ) ) ;
#1631 = ORIENTED_EDGE ( 'NONE', *, *, #5579, .T. ) ;
#1632 = ORIENTED_EDGE ( 'NONE', *, *, #21, .F. ) ;
#1633 = CARTESIAN_POINT ( 'NONE',  ( 0.4557692307692300900, -0.06181483124778584100, 0.1902464884845768100 ) ) ;
#1634 = CARTESIAN_POINT ( 'NONE',  ( 0.3552884615384603300, -0.2056226585419196600, 0.1493936061522294100 ) ) ;
#1635 = DIRECTION ( 'NONE',  ( -1.000000000000000000, -0.0000000000000000000, -0.0000000000000000000 ) ) ;
#1636 = CARTESIAN_POINT ( 'NONE',  ( 0.3038461538461528800, 0.06181483124778577900, 0.1902464884845768400 ) ) ;
#1637 = CARTESIAN_POINT ( 'NONE',  ( 1.279807692307692400, -0.2583271673440811200, 0.08393558474214593600 ) ) ;
#1638 = CARTESIAN_POINT ( 'NONE',  ( 0.5403846153846148000, -0.1618333292155423300, 0.1175787961237839400 ) ) ;
#1639 = CARTESIAN_POINT ( 'NONE',  ( 0.7980769230769226800, 1.287908040090921300E-017, -0.2103313446762957200 ) ) ;
#1640 = VERTEX_POINT ( 'NONE', #5525 ) ;
#1641 = EDGE_CURVE ( 'NONE', #5537, #510, #624, .T. ) ;
#1642 = ORIENTED_EDGE ( 'NONE', *, *, #6575, .T. ) ;
#1643 = DIRECTION ( 'NONE',  ( 0.0000000000000000000, 0.8660254037844364900, -0.5000000000000037700 ) ) ;
#1644 = CARTESIAN_POINT ( 'NONE',  ( 0.3269230769230759800, -0.2000369959355130500, -2.449746667834781800E-017 ) ) ;
#1645 = DIRECTION ( 'NONE',  ( -1.000000000000000000, -0.0000000000000000000, -0.0000000000000000000 ) ) ;
#1646 = CARTESIAN_POINT ( 'NONE',  ( 0.8249999999999996200, 0.1618333292155423300, 0.1175787961237840100 ) ) ;
#1647 = DIRECTION ( 'NONE',  ( 0.0000000000000000000, 0.0000000000000000000, 1.000000000000000000 ) ) ;
#1648 = CARTESIAN_POINT ( 'NONE',  ( -0.2596153846153859700, 0.2000369959355130500, 0.0000000000000000000 ) ) ;
#1649 = VERTEX_POINT ( 'NONE', #5597 ) ;
#1650 = CARTESIAN_POINT ( 'NONE',  ( -0.3326923076923090600, 0.2000369959355130000, 0.06499595995471008100 ) ) ;
#1651 = CARTESIAN_POINT ( 'NONE',  ( 0.5629807692307683400, 0.2056226585419196300, 0.1493936061522294900 ) ) ;
#1652 = AXIS2_PLACEMENT_3D ( 'NONE', #3805, #1475, #6612 ) ;
#1653 = CARTESIAN_POINT ( 'NONE',  ( 0.5173076923076914700, -0.2022542485937368100, -0.1469463130731182800 ) ) ;
#1654 = CARTESIAN_POINT ( 'NONE',  ( 0.4230769230769218500, 9.626299801968717100E-016, 0.2500000000000000000 ) ) ;
#1655 = CARTESIAN_POINT ( 'NONE',  ( 0.1182692307692295000, -0.1596549696361239900, 0.2197462137205351800 ) ) ;
#1656 = LINE ( 'NONE', #3191, #6657 ) ;
#1657 = CARTESIAN_POINT ( 'NONE',  ( 0.4326923076923069300, 0.2000369959355130500, 0.0000000000000000000 ) ) ;
#1658 = CARTESIAN_POINT ( 'NONE',  ( 0.3860576923076911000, 0.07854086670589942300, -0.2417239324562225900 ) ) ;
#1659 = DIRECTION ( 'NONE',  ( 0.0000000000000000000, -0.4999999999999998900, 0.8660254037844386000 ) ) ;
#1660 = ORIENTED_EDGE ( 'NONE', *, *, #5164, .T. ) ;
#1661 = CARTESIAN_POINT ( 'NONE',  ( 0.3153846153846144300, -0.1236296624955716800, 0.1701616322928578300 ) ) ;
#1662 = CARTESIAN_POINT ( 'NONE',  ( 1.072115384615384400, 1.663200520685731400E-017, -0.2716212579567785500 ) ) ;
#1663 = CARTESIAN_POINT ( 'NONE',  ( 0.5211538461538455200, 0.1236296624955716000, 0.1701616322928579100 ) ) ;
#1664 = CARTESIAN_POINT ( 'NONE',  ( 0.5365384615384607400, -0.1236296624955716800, 0.1701616322928578300 ) ) ;
#1665 = VECTOR ( 'NONE', #4530, 39.37007874015748100 ) ;
#1666 = CARTESIAN_POINT ( 'NONE',  ( 1.038461538461537900, -4.375590819076688800E-017, 0.2499999999999999700 ) ) ;
#1667 = AXIS2_PLACEMENT_3D ( 'NONE', #958, #3437, #1529 ) ;
#1668 = ORIENTED_EDGE ( 'NONE', *, *, #7336, .T. ) ;
#1669 = CARTESIAN_POINT ( 'NONE',  ( 0.4423076923076915100, 0.2000369959355130500, 0.0000000000000000000 ) ) ;
#1670 = CARTESIAN_POINT ( 'NONE',  ( 0.05048076923074639600, -5.180524506154035900E-013, -0.2208549142957290700 ) ) ;
#1671 = CARTESIAN_POINT ( 'NONE',  ( 0.9326923076923073800, -0.2000369959355130500, -2.449746667834781800E-017 ) ) ;
#1672 = CARTESIAN_POINT ( 'NONE',  ( 0.06350677015189704100, -0.06674830887119756500, 0.2030780238800019800 ) ) ;
#1673 = CARTESIAN_POINT ( 'NONE',  ( -0.1826923076923090700, 0.2000369959355130500, 0.0000000000000000000 ) ) ;
#1674 = DIMENSIONAL_EXPONENTS ( 1.000000000000000000, 0.0000000000000000000, 0.0000000000000000000, 0.0000000000000000000, 0.0000000000000000000, 0.0000000000000000000, 0.0000000000000000000 ) ;
#1675 = CIRCLE ( 'NONE', #906, 0.01125000000000001300 ) ;
#1676 = CARTESIAN_POINT ( 'NONE',  ( -0.3442307692307706700, 0.1618333292155423300, -0.1175787961237839500 ) ) ;
#1677 = ORIENTED_EDGE ( 'NONE', *, *, #4000, .F. ) ;
#1678 = CARTESIAN_POINT ( 'NONE',  ( 0.04230769230769080400, -0.07725424859373686300, 0.2377641290737883600 ) ) ;
#1679 = CARTESIAN_POINT ( 'NONE',  ( 0.5096153846153836900, -0.2500000000000000000, -3.061616997868382400E-017 ) ) ;
#1680 = CARTESIAN_POINT ( 'NONE',  ( -0.2663461538461554000, -0.1596549696361239900, 0.2197462137205351800 ) ) ;
#1681 = CARTESIAN_POINT ( 'NONE',  ( 0.1413461538461525900, -0.1596549696361239700, -0.2197462137205352100 ) ) ;
#1682 = CARTESIAN_POINT ( 'NONE',  ( 0.04920790421699371800, -0.03019173184670855700, -0.2200338512519990900 ) ) ;
#1683 = VECTOR ( 'NONE', #2135, 39.37007874015748100 ) ;
#1684 = CARTESIAN_POINT ( 'NONE',  ( 0.1173076923076912800, 0.1618333292155423300, -0.1175787961237839500 ) ) ;
#1685 = CARTESIAN_POINT ( 'NONE',  ( 0.4091346153846142100, 0.2056226585419196300, 0.1493936061522294900 ) ) ;
#1686 = EDGE_CURVE ( 'NONE', #7293, #591, #1656, .T. ) ;
#1687 = CYLINDRICAL_SURFACE ( 'NONE', #3588, 0.2500000000000000000 ) ;
#1688 = CARTESIAN_POINT ( 'NONE',  ( 0.4346153846153838500, 0.1618333292155423300, -0.1175787961237839500 ) ) ;
#1689 = CARTESIAN_POINT ( 'NONE',  ( 1.129807692307692100, -0.2583271673440810700, -3.163595386207315100E-017 ) ) ;
#1690 = EDGE_CURVE ( 'NONE', #2195, #1093, #6936, .T. ) ;
#1691 = CARTESIAN_POINT ( 'NONE',  ( 0.5249999999999993600, 0.06181483124778577900, 0.1902464884845768400 ) ) ;
#1692 = CARTESIAN_POINT ( 'NONE',  ( 0.5903846153846147300, 0.2000369959355130000, 0.06499595995471008100 ) ) ;
#1693 = CARTESIAN_POINT ( 'NONE',  ( 0.9730769230769225100, -0.2022542485937368600, 0.1469463130731182300 ) ) ;
#1694 = CARTESIAN_POINT ( 'NONE',  ( 0.3384615384615375400, -0.1236296624955716100, -0.1701616322928578600 ) ) ;
#1695 = CARTESIAN_POINT ( 'NONE',  ( 0.9403846153846151500, -0.1618333292155423300, -0.1175787961237840000 ) ) ;
#1696 = CARTESIAN_POINT ( 'NONE',  ( 0.05769230769230566200, 1.717419396487600100E-015, 0.2166913306236763500 ) ) ;
#1697 = AXIS2_PLACEMENT_3D ( 'NONE', #6487, #5421, #3712 ) ;
#1698 = CARTESIAN_POINT ( 'NONE',  ( -0.08653846153846279900, -3.863724120272764700E-017, 0.2103313446762957200 ) ) ;
#1699 = CARTESIAN_POINT ( 'NONE',  ( -0.2980769230769246800, -0.2000369959355130500, -2.449746667834781800E-017 ) ) ;
#1700 = CARTESIAN_POINT ( 'NONE',  ( -0.5156250000000003300, 0.3074427840171947700, 0.2174934776617937200 ) ) ;
#1701 = CARTESIAN_POINT ( 'NONE',  ( 0.2615384615384602200, 0.1545084971874736400, 0.2126627020880099400 ) ) ;
#1702 = CARTESIAN_POINT ( 'NONE',  ( -0.2278846153846169600, 0.1596549696361239700, -0.2197462137205352100 ) ) ;
#1703 = CARTESIAN_POINT ( 'NONE',  ( -0.09711538461538597700, -0.2583271673440810700, -0.08393558474214601900 ) ) ;
#1704 = CARTESIAN_POINT ( 'NONE',  ( 0.03521368205826167600, -0.2291355903145365900, 0.02163868507530282400 ) ) ;
#1705 = VERTEX_POINT ( 'NONE', #4451 ) ;
#1706 = CARTESIAN_POINT ( 'NONE',  ( 0.0000000000000000000, 0.1764317023400091300, -0.1771210162838008100 ) ) ;
#1707 = DIRECTION ( 'NONE',  ( 0.0000000000000000000, -0.8660254037844434800, -0.4999999999999917300 ) ) ;
#1708 = CARTESIAN_POINT ( 'NONE',  ( 0.1975961538461524800, -0.1570817334117988500, 0.2162044579042725600 ) ) ;
#1709 = CARTESIAN_POINT ( 'NONE',  ( -0.4948730081594577300, 0.1705544814411006600, 0.3749999999999998900 ) ) ;
#1710 = CARTESIAN_POINT ( 'NONE',  ( 0.7653846153846150000, 0.06181483124778577900, 0.1902464884845768400 ) ) ;
#1711 = CARTESIAN_POINT ( 'NONE',  ( 0.2423076923076913100, -0.1618333292155423300, 0.1175787961237839400 ) ) ;
#1712 = CARTESIAN_POINT ( 'NONE',  ( 1.156730769230769100, 0.1596549696361239700, -0.2197462137205352100 ) ) ;
#1713 = CARTESIAN_POINT ( 'NONE',  ( 0.5365384615384607400, -0.1236296624955716800, 0.1701616322928578300 ) ) ;
#1714 = FACE_OUTER_BOUND ( 'NONE', #7320, .T. ) ;
#1715 = CARTESIAN_POINT ( 'NONE',  ( 0.7134615384615379300, -0.1236296624955716100, -0.1701616322928578600 ) ) ;
#1716 =( BOUNDED_CURVE ( )  B_SPLINE_CURVE ( 2, ( #4807, #3646, #1887, #1363, #148, #1867, #2998, #4256, #6986, #2463, #3595, #761, #5931 ),
 .UNSPECIFIED., .F., .T. ) 
 B_SPLINE_CURVE_WITH_KNOTS ( ( 3, 2, 2, 2, 2, 2, 3 ),
 ( 0.7044825721848604300, 0.7066564852283386800, 0.7110043113152951800, 0.7153521374022517900, 0.7196999634892082800, 0.7240477895761647800, 0.7262217026196430300 ),
 .UNSPECIFIED. ) 
 CURVE ( )  GEOMETRIC_REPRESENTATION_ITEM ( )  RATIONAL_B_SPLINE_CURVE ( ( 0.9755282581475767100, 0.9755282581475772700, 1.000000000000000000, 0.9510565162951534200, 1.000000000000000000, 0.9510565162951534200, 1.000000000000000000, 0.9510565162951534200, 1.000000000000000000, 0.9510565162951534200, 1.000000000000000000, 0.9755282581475767100, 0.9755282581475767100 ) ) 
 REPRESENTATION_ITEM ( '' )  );
#1717 = CARTESIAN_POINT ( 'NONE',  ( 0.1711538461538449600, 0.2022542485937368100, 0.1469463130731183400 ) ) ;
#1718 = CARTESIAN_POINT ( 'NONE',  ( 0.4192307692307683500, -0.06181483124778579900, -0.1902464884845768400 ) ) ;
#1719 = CARTESIAN_POINT ( 'NONE',  ( 0.7326923076923070900, -0.2022542485937368600, 0.1469463130731182600 ) ) ;
#1720 = CARTESIAN_POINT ( 'NONE',  ( 0.7903846153846148000, -0.1236296624955716100, -0.1701616322928578600 ) ) ;
#1721 = ORIENTED_EDGE ( 'NONE', *, *, #5958, .T. ) ;
#1722 = CARTESIAN_POINT ( 'NONE',  ( -0.3288461538461553400, 0.1618333292155423300, 0.1175787961237840100 ) ) ;
#1723 = EDGE_CURVE ( 'NONE', #1500, #501, #5176, .T. ) ;
#1724 = ADVANCED_FACE ( 'NONE', ( #584 ), #3816, .T. ) ;
#1725 = CARTESIAN_POINT ( 'NONE',  ( 1.205098683877361200, -0.1542358424211166000, -0.1806104507417274900 ) ) ;
#1726 = CARTESIAN_POINT ( 'NONE',  ( 0.06701291535107289900, 0.2061252814985973500, 0.04853854724780169000 ) ) ;
#1727 = ORIENTED_EDGE ( 'NONE', *, *, #3366, .T. ) ;
#1728 = CARTESIAN_POINT ( 'NONE',  ( 0.06153846153846001500, -0.2499999999999999200, -0.08122992405822658500 ) ) ;
#1729 = CARTESIAN_POINT ( 'NONE',  ( 0.5057692307692300800, -0.2500000000000001100, 0.08122992405822653000 ) ) ;
#1730 = ORIENTED_EDGE ( 'NONE', *, *, #1968, .T. ) ;
#1731 = CARTESIAN_POINT ( 'NONE',  ( -0.4317307692307710300, 0.07982748481806195600, 0.2456837358386569400 ) ) ;
#1732 = CARTESIAN_POINT ( 'NONE',  ( -0.1894230769230785000, -0.1596549696361239900, 0.2197462137205351800 ) ) ;
#1733 = CARTESIAN_POINT ( 'NONE',  ( 0.6153846153846146400, 1.023888251663945400E-015, -0.2499999999999999700 ) ) ;
#1734 = CARTESIAN_POINT ( 'NONE',  ( 0.1519230769230758000, -0.1236296624955716700, 0.1701616322928578600 ) ) ;
#1735 = DIRECTION ( 'NONE',  ( 0.0000000000000000000, -0.8660254037844387100, -0.4999999999999998900 ) ) ;
#1736 = CARTESIAN_POINT ( 'NONE',  ( 0.08990384615384464100, 0.2541635836720405100, -0.08258275440018626700 ) ) ;
#1737 = VERTEX_POINT ( 'NONE', #348 ) ;
#1738 = CARTESIAN_POINT ( 'NONE',  ( 0.3096636262133389800, 0.03959611008113407500, -0.2499999999999999200 ) ) ;
#1739 = CARTESIAN_POINT ( 'NONE',  ( 0.8769230769230765800, -0.1236296624955716100, -0.1701616322928578600 ) ) ;
#1740 = CARTESIAN_POINT ( 'NONE',  ( 0.2923076923076913200, 0.2000369959355130000, 0.06499595995471008100 ) ) ;
#1741 = CARTESIAN_POINT ( 'NONE',  ( 1.149038461538461000, 1.663200520685731400E-017, -0.2716212579567785500 ) ) ;
#1742 = CARTESIAN_POINT ( 'NONE',  ( 0.3634615384615375600, 0.1618333292155423300, 0.1175787961237840100 ) ) ;
#1743 = CARTESIAN_POINT ( 'NONE',  ( 0.7249999999999995300, 0.06181483124778582700, -0.1902464884845768100 ) ) ;
#1744 = EDGE_CURVE ( 'NONE', #6335, #4201, #3550, .T. ) ;
#1745 = ORIENTED_EDGE ( 'NONE', *, *, #7005, .T. ) ;
#1746 = CARTESIAN_POINT ( 'NONE',  ( 1.040432856982570500, -0.03959611008113410300, 0.2499999999999999200 ) ) ;
#1747 = CARTESIAN_POINT ( 'NONE',  ( 0.3769230769230760300, 0.1236296624955716000, 0.1701616322928579100 ) ) ;
#1748 = CARTESIAN_POINT ( 'NONE',  ( 0.5865384615384609000, 0.2000369959355130500, 0.0000000000000000000 ) ) ;
#1749 = CARTESIAN_POINT ( 'NONE',  ( -0.5156250000000000000, 0.0000000000000000000, 0.0000000000000000000 ) ) ;
#1750 = CARTESIAN_POINT ( 'NONE',  ( -0.3326923076923090600, 0.2000369959355130000, 0.06499595995471008100 ) ) ;
#1751 = B_SPLINE_CURVE_WITH_KNOTS ( 'NONE', 3,
 ( #2720, #6290, #5297, #5850, #6418, #5276 ),
 .UNSPECIFIED., .F., .F.,
 ( 4, 2, 4 ),
 ( 0.0000000000000000000, 0.0003014487848382803100, 0.0006028975696765606200 ),
 .UNSPECIFIED. ) ;
#1752 = ORIENTED_EDGE ( 'NONE', *, *, #5219, .T. ) ;
#1753 = CARTESIAN_POINT ( 'NONE',  ( 1.198251980887569600, -0.2442900982108921800, 0.004988843384653111200 ) ) ;
#1754 = CARTESIAN_POINT ( 'NONE',  ( 1.207692307692307400, 0.2000369959355130000, -0.06499595995470999800 ) ) ;
#1755 = LINE ( 'NONE', #2345, #6751 ) ;
#1756 = CARTESIAN_POINT ( 'NONE',  ( 0.2576923076923064400, 0.2022542485937368100, 0.1469463130731183400 ) ) ;
#1757 = CARTESIAN_POINT ( 'NONE',  ( -0.3701923076923094900, 0.2583271673440810700, 0.0000000000000000000 ) ) ;
#1758 = CARTESIAN_POINT ( 'NONE',  ( -0.05480769230769378500, 0.2089910684901024900, 0.1518408992313406700 ) ) ;
#1759 = CARTESIAN_POINT ( 'NONE',  ( 0.5442307692307686300, 0.2500000000000000600, -0.08122992405822657100 ) ) ;
#1760 = ORIENTED_EDGE ( 'NONE', *, *, #6910, .F. ) ;
#1761 = CARTESIAN_POINT ( 'NONE',  ( 0.1057692307692297000, 1.287908040090921200E-017, -0.2103313446762957200 ) ) ;
#1762 = CARTESIAN_POINT ( 'NONE',  ( 0.2596153846153835800, -4.813149900984358400E-017, 0.2499999999999999700 ) ) ;
#1763 = CARTESIAN_POINT ( 'NONE',  ( 0.08605769230769089200, 0.2056226585419196600, -0.1493936061522294400 ) ) ;
#1764 = CARTESIAN_POINT ( 'NONE',  ( 0.7653846153846145500, -0.07725424859373682100, -0.2377641290737883800 ) ) ;
#1765 = FACE_BOUND ( 'NONE', #1941, .T. ) ;
#1766 = ADVANCED_FACE ( 'NONE', ( #5437 ), #6750, .T. ) ;
#1767 = CARTESIAN_POINT ( 'NONE',  ( 0.8153846153846150400, 0.1236296624955716500, -0.1701616322928578600 ) ) ;
#1768 = CARTESIAN_POINT ( 'NONE',  ( 0.1846153846153835200, -0.1236296624955716100, -0.1701616322928578600 ) ) ;
#1769 = CARTESIAN_POINT ( 'NONE',  ( 1.187499999999999800, -4.989601562057195500E-017, 0.2716212579567785500 ) ) ;
#1770 = ORIENTED_EDGE ( 'NONE', *, *, #207, .T. ) ;
#1771 = CARTESIAN_POINT ( 'NONE',  ( 0.4173076923076914900, 0.06181483124778582700, -0.1902464884845768100 ) ) ;
#1772 = CARTESIAN_POINT ( 'NONE',  ( 0.5865384615384609000, 0.2000369959355130500, 0.0000000000000000000 ) ) ;
#1773 = LINE ( 'NONE', #3602, #3759 ) ;
#1774 = CARTESIAN_POINT ( 'NONE',  ( -0.5156250000000000000, -0.1363642650149915500, 0.2546898353427579100 ) ) ;
#1775 = CARTESIAN_POINT ( 'NONE',  ( 0.09615384615384503500, -0.2000369959355130500, -2.449746667834781800E-017 ) ) ;
#1776 = CARTESIAN_POINT ( 'NONE',  ( 0.03076923076922923700, 0.1545084971874736400, 0.2126627020880099400 ) ) ;
#1777 = CARTESIAN_POINT ( 'NONE',  ( 0.6442307692307687200, 1.287908040090921200E-017, -0.2103313446762957200 ) ) ;
#1778 = CARTESIAN_POINT ( 'NONE',  ( 0.2519230769230759200, 0.1545084971874737000, 0.2126627020880100200 ) ) ;
#1779 = VERTEX_POINT ( 'NONE', #6635 ) ;
#1780 = CARTESIAN_POINT ( 'NONE',  ( -0.3826923076923093900, -0.1618333292155423300, 0.1175787961237839400 ) ) ;
#1781 = CYLINDRICAL_SURFACE ( 'NONE', #598, 0.2500000000000000000 ) ;
#1782 = CARTESIAN_POINT ( 'NONE',  ( 1.202047085033114900, -0.2155551087714474600, -0.1086995198581174000 ) ) ;
#1783 = CARTESIAN_POINT ( 'NONE',  ( 0.06346153846153711200, -0.07725424859373683500, -0.2377641290737884100 ) ) ;
#1784 = CARTESIAN_POINT ( 'NONE',  ( -0.3471153846153863200, -0.07982748481806203900, 0.2456837358386569100 ) ) ;
#1785 = CARTESIAN_POINT ( 'NONE',  ( -0.1125000000000016100, -0.1596549696361239900, 0.2197462137205351800 ) ) ;
#1786 = VERTEX_POINT ( 'NONE', #2043 ) ;
#1787 = CARTESIAN_POINT ( 'NONE',  ( 0.2480769230769220800, -0.1618333292155423300, -0.1175787961237840000 ) ) ;
#1788 = CARTESIAN_POINT ( 'NONE',  ( -0.4857957059411688300, -0.2230015414744918000, -0.3637500000000019100 ) ) ;
#1789 = CARTESIAN_POINT ( 'NONE',  ( 0.03605769230769074300, -4.909181744786878600E-017, 0.2672434070081726200 ) ) ;
#1790 = CARTESIAN_POINT ( 'NONE',  ( 0.7692307692307682700, 1.750236327630675500E-017, -0.2499999999999999700 ) ) ;
#1791 = EDGE_CURVE ( 'NONE', #6817, #4842, #4878, .T. ) ;
#1792 = CARTESIAN_POINT ( 'NONE',  ( 0.7961538461538456600, -0.1618333292155423300, -0.1175787961237840000 ) ) ;
#1793 = CARTESIAN_POINT ( 'NONE',  ( 0.08076923076922956600, -0.06181483124778584100, 0.1902464884845768100 ) ) ;
#1794 = CARTESIAN_POINT ( 'NONE',  ( 0.7990384615384610300, 0.07982748481806195600, 0.2456837358386569400 ) ) ;
#1795 = CARTESIAN_POINT ( 'NONE',  ( 0.3519230769230761200, 0.2000369959355130000, -0.06499595995470999800 ) ) ;
#1796 = CARTESIAN_POINT ( 'NONE',  ( -0.1370192307692325600, 0.2541635836720405100, 0.0000000000000000000 ) ) ;
#1797 = CARTESIAN_POINT ( 'NONE',  ( 0.1846153846153835200, -0.1236296624955716100, -0.1701616322928578600 ) ) ;
#1798 = CARTESIAN_POINT ( 'NONE',  ( 0.4711538461538453100, 0.2500000000000000000, 0.0000000000000000000 ) ) ;
#1799 = CARTESIAN_POINT ( 'NONE',  ( 0.6173076923076916700, -0.1618333292155423300, 0.1175787961237839400 ) ) ;
#1800 = DIRECTION ( 'NONE',  ( 0.0000000000000000000, 0.8660254037844357100, -0.5000000000000048800 ) ) ;
#1801 = CARTESIAN_POINT ( 'NONE',  ( 1.234615384615384700, -0.06181483124778584100, 0.1902464884845768100 ) ) ;
#1802 = ADVANCED_FACE ( 'NONE', ( #4547 ), #1116, .T. ) ;
#1803 = DIRECTION ( 'NONE',  ( 0.0000000000000000000, 1.000000000000000000, 1.224646799147353200E-016 ) ) ;
#1804 = CIRCLE ( 'NONE', #4413, 0.1923076923076925100 ) ;
#1805 = CARTESIAN_POINT ( 'NONE',  ( 0.04423076923076802600, -0.2500000000000001100, 0.08122992405822653000 ) ) ;
#1806 = CARTESIAN_POINT ( 'NONE',  ( 0.0000000000000000000, 0.0000000000000000000, 0.5160356162754504700 ) ) ;
#1807 = CARTESIAN_POINT ( 'NONE',  ( 1.078846153846153600, 0.2022542485937368600, -0.1469463130731182800 ) ) ;
#1808 = CARTESIAN_POINT ( 'NONE',  ( -0.1394230769230784800, 0.2583271673440810700, 0.0000000000000000000 ) ) ;
#1809 = FACE_OUTER_BOUND ( 'NONE', #5725, .T. ) ;
#1810 = CARTESIAN_POINT ( 'NONE',  ( 0.4173076923076914900, 0.06181483124778582700, -0.1902464884845768100 ) ) ;
#1811 = CARTESIAN_POINT ( 'NONE',  ( 0.01658455268133717000, 0.1260762059540270800, 0.2050642332952265500 ) ) ;
#1812 = CARTESIAN_POINT ( 'NONE',  ( 0.1783653846153832600, 0.2056226585419196300, 0.1493936061522294900 ) ) ;
#1813 =( BOUNDED_CURVE ( )  B_SPLINE_CURVE ( 2, ( #5941, #2478, #6507, #191, #6484, #212, #7054, #1483, #4224, #4823, #3636, #4799, #2504 ),
 .UNSPECIFIED., .F., .T. ) 
 B_SPLINE_CURVE_WITH_KNOTS ( ( 3, 2, 2, 2, 2, 2, 3 ),
 ( 0.6175260536621070000, 0.6196999667055853600, 0.6240477927925418600, 0.6283956188794983500, 0.6327434449664548500, 0.6370912710534113500, 0.6392651840968897000 ),
 .UNSPECIFIED. ) 
 CURVE ( )  GEOMETRIC_REPRESENTATION_ITEM ( )  RATIONAL_B_SPLINE_CURVE ( ( 0.9755282581475768200, 0.9755282581475761500, 1.000000000000000000, 0.9510565162951535300, 1.000000000000000000, 0.9510565162951535300, 1.000000000000000000, 0.9510565162951535300, 1.000000000000000000, 0.9510565162951535300, 1.000000000000000000, 0.9755282581475754900, 0.9755282581475768200 ) ) 
 REPRESENTATION_ITEM ( '' )  );
#1814 = CARTESIAN_POINT ( 'NONE',  ( 0.7615384615384608300, -0.1545084971874736700, -0.2126627020880099400 ) ) ;
#1815 = CARTESIAN_POINT ( 'NONE',  ( 0.7999999999999993800, -0.1236296624955716100, -0.1701616322928578600 ) ) ;
#1816 = CARTESIAN_POINT ( 'NONE',  ( 0.007692307692306431600, -0.1236296624955716800, 0.1701616322928578300 ) ) ;
#1817 = CARTESIAN_POINT ( 'NONE',  ( 0.8182692307692299700, -0.2583271673440811200, 0.08393558474214593600 ) ) ;
#1818 = CARTESIAN_POINT ( 'NONE',  ( 0.4365384615384607600, 0.2000369959355130000, 0.06499595995471008100 ) ) ;
#1819 = CARTESIAN_POINT ( 'NONE',  ( -0.06394230769230940800, 0.2541635836720405100, -0.08258275440018626700 ) ) ;
#1820 = ORIENTED_EDGE ( 'NONE', *, *, #6015, .F. ) ;
#1821 = VERTEX_POINT ( 'NONE', #5412 ) ;
#1822 = DIRECTION ( 'NONE',  ( -1.000000000000000000, -0.0000000000000000000, -0.0000000000000000000 ) ) ;
#1823 = CARTESIAN_POINT ( 'NONE',  ( -1.365923996832131200E-015, -3.863724120272764700E-017, 0.2103313446762957200 ) ) ;
#1824 = CARTESIAN_POINT ( 'NONE',  ( 0.4538943954441088100, 0.03959611008113605300, -0.2499999999999993900 ) ) ;
#1825 = CARTESIAN_POINT ( 'NONE',  ( 1.248076923076923100, -0.1618333292155423300, -0.1175787961237840000 ) ) ;
#1826 = CARTESIAN_POINT ( 'NONE',  ( -0.3403846153846169500, 0.2000369959355130000, -0.06499595995470999800 ) ) ;
#1827 = VERTEX_POINT ( 'NONE', #6003 ) ;
#1828 = EDGE_CURVE ( 'NONE', #975, #7293, #494, .T. ) ;
#1829 = ORIENTED_EDGE ( 'NONE', *, *, #1836, .F. ) ;
#1830 = CC_DESIGN_PERSON_AND_ORGANIZATION_ASSIGNMENT ( #6323, #367, ( #4390 ) ) ;
#1831 = DIRECTION ( 'NONE',  ( 0.0000000000000000000, 0.0000000000000000000, 1.000000000000000000 ) ) ;
#1832 = CARTESIAN_POINT ( 'NONE',  ( -0.5156250000000000000, -0.1523857349850037400, 0.2454398353427580400 ) ) ;
#1833 = DIRECTION ( 'NONE',  ( -1.000000000000000000, -0.0000000000000000000, 0.0000000000000000000 ) ) ;
#1834 = CARTESIAN_POINT ( 'NONE',  ( 0.8384615384615379300, -0.1545084971874736700, -0.2126627020880099400 ) ) ;
#1835 = ORIENTED_EDGE ( 'NONE', *, *, #6617, .T. ) ;
#1836 = EDGE_CURVE ( 'NONE', #4842, #5514, #5260, .T. ) ;
#1837 = CARTESIAN_POINT ( 'NONE',  ( 0.2711538461538451900, 0.1618333292155423300, -0.1175787961237839500 ) ) ;
#1838 = CARTESIAN_POINT ( 'NONE',  ( 0.007088763863304988800, 0.2461725057534756300, -0.003474361016220169300 ) ) ;
#1839 = CARTESIAN_POINT ( 'NONE',  ( 1.178365384615384300, 0.2056226585419196300, 0.1493936061522294900 ) ) ;
#1840 = CARTESIAN_POINT ( 'NONE',  ( 0.4249999999999990500, -0.2022542485937368600, 0.1469463130731182600 ) ) ;
#1841 = VECTOR ( 'NONE', #6012, 39.37007874015748100 ) ;
#1842 = CARTESIAN_POINT ( 'NONE',  ( 0.6807692307692302400, 0.1618333292155423300, 0.1175787961237840100 ) ) ;
#1843 = CARTESIAN_POINT ( 'NONE',  ( 0.2038461538461527300, 0.1618333292155423300, -0.1175787961237839500 ) ) ;
#1844 = CARTESIAN_POINT ( 'NONE',  ( 0.8413461538461530800, 1.663200520685731400E-017, -0.2716212579567785500 ) ) ;
#1845 = CARTESIAN_POINT ( 'NONE',  ( 0.3711538461538453900, 0.06181483124778577900, 0.1902464884845768400 ) ) ;
#1846 = CARTESIAN_POINT ( 'NONE',  ( -0.002403846153847569900, 1.636393914928959700E-017, -0.2672434070081726200 ) ) ;
#1847 = CYLINDRICAL_SURFACE ( 'NONE', #915, 0.2500000000000000000 ) ;
#1848 = AXIS2_PLACEMENT_3D ( 'NONE', #734, #5903, #3045 ) ;
#1849 = CARTESIAN_POINT ( 'NONE',  ( -0.1178958386746251100, 0.3930789920582147800, -0.06916721436720864300 ) ) ;
#1850 = ORIENTED_EDGE ( 'NONE', *, *, #2586, .T. ) ;
#1851 = CARTESIAN_POINT ( 'NONE',  ( -0.02307692307692449400, 0.2000369959355130000, -0.06499595995470999800 ) ) ;
#1852 = CARTESIAN_POINT ( 'NONE',  ( 0.4884132968635818700, 0.03959611008113599800, 0.2499999999999993900 ) ) ;
#1853 = CARTESIAN_POINT ( 'NONE',  ( 1.090384615384615100, -0.2000369959355130000, -0.06499595995471003900 ) ) ;
#1854 = CARTESIAN_POINT ( 'NONE',  ( 1.026923076923076800, -0.1618333292155423300, -0.1175787961237840000 ) ) ;
#1855 = FACE_OUTER_BOUND ( 'NONE', #3890, .T. ) ;
#1856 = CARTESIAN_POINT ( 'NONE',  ( 1.153846153846153500, 1.750236327630675500E-017, -0.2499999999999999700 ) ) ;
#1857 = VERTEX_POINT ( 'NONE', #6611 ) ;
#1858 = CARTESIAN_POINT ( 'NONE',  ( 0.7153846153846145100, 0.2499999999999999200, 0.08122992405822664100 ) ) ;
#1859 = CARTESIAN_POINT ( 'NONE',  ( 1.092307692307692200, -0.2000369959355130200, 0.06499595995470997000 ) ) ;
#1860 = CARTESIAN_POINT ( 'NONE',  ( -0.5156250000000000000, 0.1012499999999999900, -0.009249999999999997800 ) ) ;
#1861 = CARTESIAN_POINT ( 'NONE',  ( 0.8865384615384610500, -0.2022542485937368600, 0.1469463130731182600 ) ) ;
#1862 = FACE_OUTER_BOUND ( 'NONE', #5710, .T. ) ;
#1863 = CARTESIAN_POINT ( 'NONE',  ( -0.1256631592448514700, 0.2819118784987240100, 0.2617143031830255800 ) ) ;
#1864 = ORIENTED_EDGE ( 'NONE', *, *, #6715, .T. ) ;
#1865 = CARTESIAN_POINT ( 'NONE',  ( 0.4749999999999993100, -0.2000369959355130000, -0.06499595995471003900 ) ) ;
#1866 = CARTESIAN_POINT ( 'NONE',  ( 0.01159052192039430500, 0.2166617018944520000, 0.1113656025442486300 ) ) ;
#1867 = CARTESIAN_POINT ( 'NONE',  ( 0.8134615384615380100, -0.2500000000000001100, 0.08122992405822653000 ) ) ;
#1868 = CARTESIAN_POINT ( 'NONE',  ( 0.4288461538461530400, -0.2500000000000001100, 0.08122992405822653000 ) ) ;
#1869 = CARTESIAN_POINT ( 'NONE',  ( 0.5961538461538454800, 0.2000369959355130500, 0.0000000000000000000 ) ) ;
#1870 = CYLINDRICAL_SURFACE ( 'NONE', #3221, 0.2500000000000000000 ) ;
#1871 = CARTESIAN_POINT ( 'NONE',  ( 0.2076923076923065700, 0.2000369959355130000, -0.06499595995470999800 ) ) ;
#1872 = CARTESIAN_POINT ( 'NONE',  ( 1.018269230769230300, 0.2583271673440810700, 0.08393558474214604700 ) ) ;
#1873 = CARTESIAN_POINT ( 'NONE',  ( 0.2249999999999990900, -0.06181483124778584100, 0.1902464884845768100 ) ) ;
#1874 = CARTESIAN_POINT ( 'NONE',  ( -0.01394230769230913300, -0.2056226585419196300, -0.1493936061522294400 ) ) ;
#1875 = CARTESIAN_POINT ( 'NONE',  ( -0.02302688372454955700, 6.319613657177623000E-017, -0.5160356162754504700 ) ) ;
#1876 = CARTESIAN_POINT ( 'NONE',  ( -0.01538461538461669200, 0.2000369959355130000, 0.06499595995471008100 ) ) ;
#1877 = CARTESIAN_POINT ( 'NONE',  ( 0.4596153846153837600, 0.1545084971874737300, -0.2126627020880100000 ) ) ;
#1878 = CARTESIAN_POINT ( 'NONE',  ( 1.032692307692307600, 0.06181483124778582700, -0.1902464884845768100 ) ) ;
#1879 = CARTESIAN_POINT ( 'NONE',  ( 1.142307692307692200, 0.1618333292155423300, 0.1175787961237840100 ) ) ;
#1880 = CARTESIAN_POINT ( 'NONE',  ( 1.146153846153845600, -0.1545084971874736700, -0.2126627020880099400 ) ) ;
#1881 = CARTESIAN_POINT ( 'NONE',  ( -0.4857957059411695000, 0.2035159698893430900, 0.3749999999999998900 ) ) ;
#1882 = CARTESIAN_POINT ( 'NONE',  ( 1.015384615384614900, -0.2000369959355130200, 0.06499595995470997000 ) ) ;
#1883 = CARTESIAN_POINT ( 'NONE',  ( 1.184663626213339900, -0.03959611008113411700, 0.2500000000000000000 ) ) ;
#1884 = CARTESIAN_POINT ( 'NONE',  ( -0.4906249999999999800, 6.829619984160658000E-017, 0.0000000000000000000 ) ) ;
#1885 = CARTESIAN_POINT ( 'NONE',  ( 0.4365384615384607600, 0.2000369959355130000, 0.06499595995471008100 ) ) ;
#1886 = CARTESIAN_POINT ( 'NONE',  ( -0.1179466864029383200, -0.1363778192168449700, 0.3749999999999997800 ) ) ;
#1887 = CARTESIAN_POINT ( 'NONE',  ( 0.8019230769230762900, -0.07725424859373689100, 0.2377641290737883800 ) ) ;
#1888 = EDGE_CURVE ( 'NONE', #5690, #1779, #1486, .T. ) ;
#1889 = CARTESIAN_POINT ( 'NONE',  ( 0.6769230769230764100, 0.2000369959355130000, 0.06499595995471006700 ) ) ;
#1890 = CARTESIAN_POINT ( 'NONE',  ( -0.2230769230769245300, -0.1236296624955716800, 0.1701616322928578300 ) ) ;
#1891 = CARTESIAN_POINT ( 'NONE',  ( 0.9567307692307688300, -4.989601562057195500E-017, 0.2716212579567785500 ) ) ;
#1892 = CARTESIAN_POINT ( 'NONE',  ( 0.1980769230769221000, 0.2000369959355130000, -0.06499595995470999800 ) ) ;
#1893 = CARTESIAN_POINT ( 'NONE',  ( -0.1485576923076940800, 0.1570817334117988200, -0.2162044579042725600 ) ) ;
#1894 = ORIENTED_EDGE ( 'NONE', *, *, #3858, .F. ) ;
#1895 = CARTESIAN_POINT ( 'NONE',  ( -0.5156250000000000000, -0.1363642650149951600, -0.2546898353427560200 ) ) ;
#1896 = CARTESIAN_POINT ( 'NONE',  ( -0.5156250000000000000, 0.4070319397786859600, -1.707404996040164500E-017 ) ) ;
#1897 = CARTESIAN_POINT ( 'NONE',  ( 1.013461538461538200, -0.2000369959355130000, -0.06499595995471003900 ) ) ;
#1898 = AXIS2_PLACEMENT_3D ( 'NONE', #1896, #4119, #5846 ) ;
#1899 = CIRCLE ( 'NONE', #407, 0.009249999999999989100 ) ;
#1900 = CARTESIAN_POINT ( 'NONE',  ( 1.046153846153846000, 0.1236296624955716700, -0.1701616322928578600 ) ) ;
#1901 = CARTESIAN_POINT ( 'NONE',  ( -0.4841429134756534700, 0.2113143342614211800, 0.3739742722955631300 ) ) ;
#1902 = CARTESIAN_POINT ( 'NONE',  ( 0.9961538461538459500, 0.06181483124778577900, 0.1902464884845768400 ) ) ;
#1903 = CARTESIAN_POINT ( 'NONE',  ( 1.250000000000000000, 0.0000000000000000000, 0.0000000000000000000 ) ) ;
#1904 = VERTEX_POINT ( 'NONE', #1498 ) ;
#1905 = CARTESIAN_POINT ( 'NONE',  ( 1.250000000000000000, 3.061616997868383000E-017, -0.2500000000000000000 ) ) ;
#1906 = CARTESIAN_POINT ( 'NONE',  ( 0.8980769230769226600, -0.2500000000000000600, -0.08122992405822662700 ) ) ;
#1907 = CARTESIAN_POINT ( 'NONE',  ( 1.229128484434555400, 0.1456960981213381600, 0.1557875632708553000 ) ) ;
#1908 = CARTESIAN_POINT ( 'NONE',  ( 0.3211538461538451800, -0.2000369959355130000, -0.06499595995471003900 ) ) ;
#1909 = CARTESIAN_POINT ( 'NONE',  ( 0.9403846153846150400, 0.2022542485937368100, 0.1469463130731183400 ) ) ;
#1910 = ORIENTED_EDGE ( 'NONE', *, *, #1317, .T. ) ;
#1911 = ADVANCED_FACE ( 'NONE', ( #6579 ), #2098, .T. ) ;
#1912 = ORIENTED_EDGE ( 'NONE', *, *, #1169, .F. ) ;
#1913 = CARTESIAN_POINT ( 'NONE',  ( 0.6230769230769225300, -0.1236296624955716700, 0.1701616322928578600 ) ) ;
#1914 = CARTESIAN_POINT ( 'NONE',  ( -0.1115384615384629600, 0.06181483124778582700, -0.1902464884845768100 ) ) ;
#1915 = CARTESIAN_POINT ( 'NONE',  ( 0.5836538461538454100, -0.2089910684901025400, 0.1518408992313405900 ) ) ;
#1916 = CARTESIAN_POINT ( 'NONE',  ( 0.01730769230769125000, -0.1618333292155423300, -0.1175787961237840000 ) ) ;
#1917 = CARTESIAN_POINT ( 'NONE',  ( -0.3562500000000019500, 0.1570817334117987900, 0.2162044579042725600 ) ) ;
#1918 = EDGE_LOOP ( 'NONE', ( #402, #1325, #4196, #6220, #1315 ) ) ;
#1919 = CARTESIAN_POINT ( 'NONE',  ( 1.250000000000000000, 0.0000000000000000000, 0.0000000000000000000 ) ) ;
#1920 = CARTESIAN_POINT ( 'NONE',  ( 1.017307692307692200, -0.1618333292155423300, -0.1175787961237840000 ) ) ;
#1921 = CARTESIAN_POINT ( 'NONE',  ( 1.119230769230769000, 0.06181483124778582700, -0.1902464884845768100 ) ) ;
#1922 = AXIS2_PLACEMENT_3D ( 'NONE', #3410, #3910, #546 ) ;
#1923 = VERTEX_POINT ( 'NONE', #4292 ) ;
#1924 = CARTESIAN_POINT ( 'NONE',  ( 1.123076923076922600, -0.1545084971874737300, 0.2126627020880099400 ) ) ;
#1925 = DIRECTION ( 'NONE',  ( 0.0000000000000000000, -0.8660254037844433700, -0.4999999999999919500 ) ) ;
#1926 = CARTESIAN_POINT ( 'NONE',  ( 0.9769230769230764500, 0.2000369959355130000, -0.06499595995470999800 ) ) ;
#1927 = LOCAL_TIME ( 7, 43, 58.00000000000000000, #5171 ) ;
#1928 = CARTESIAN_POINT ( 'NONE',  ( 0.7826923076923073500, 0.2500000000000000600, 0.08122992405822665500 ) ) ;
#1929 = CARTESIAN_POINT ( 'NONE',  ( 0.9019230769230763800, -0.2022542485937368100, -0.1469463130731182800 ) ) ;
#1930 = EDGE_CURVE ( 'NONE', #6931, #600, #5528, .T. ) ;
#1931 = VERTEX_POINT ( 'NONE', #3728 ) ;
#1932 = CARTESIAN_POINT ( 'NONE',  ( 1.211574152522517900, 0.02864868000705913000, -0.2293948952038067600 ) ) ;
#1933 = EDGE_CURVE ( 'NONE', #231, #746, #4364, .T. ) ;
#1934 = CARTESIAN_POINT ( 'NONE',  ( 0.1442307692307681600, -3.863724120272764700E-017, 0.2103313446762957200 ) ) ;
#1935 = CARTESIAN_POINT ( 'NONE',  ( 1.162980769230769000, 0.2056226585419196600, -0.1493936061522294400 ) ) ;
#1936 = DIRECTION ( 'NONE',  ( 1.000000000000000000, 0.0000000000000000000, 0.0000000000000000000 ) ) ;
#1937 = CIRCLE ( 'NONE', #5539, 0.01125000000000001000 ) ;
#1938 = CARTESIAN_POINT ( 'NONE',  ( 0.7423076923076918900, 0.1618333292155423300, -0.1175787961237839500 ) ) ;
#1939 = CARTESIAN_POINT ( 'NONE',  ( -0.07692307692307827300, -3.863724120272764700E-017, 0.2103313446762957200 ) ) ;
#1940 = CARTESIAN_POINT ( 'NONE',  ( 0.6298076923076915100, 0.2583271673440810700, 0.0000000000000000000 ) ) ;
#1941 = EDGE_LOOP ( 'NONE', ( #1098, #1910 ) ) ;
#1942 = CARTESIAN_POINT ( 'NONE',  ( 0.2365384615384605600, -0.2000369959355130200, 0.06499595995470997000 ) ) ;
#1943 = CARTESIAN_POINT ( 'NONE',  ( -0.4254807692307710500, -4.909181744786878600E-017, 0.2672434070081726200 ) ) ;
#1944 = CARTESIAN_POINT ( 'NONE',  ( -0.5156250000000000000, 0.1012499999999999900, -0.01124999999999999800 ) ) ;
#1945 = CARTESIAN_POINT ( 'NONE',  ( 1.117307692307692100, -0.2022542485937368600, 0.1469463130731182600 ) ) ;
#1946 = CARTESIAN_POINT ( 'NONE',  ( 1.028846153846153500, 1.287908040090921300E-017, -0.2103313446762957200 ) ) ;
#1947 = ORIENTED_EDGE ( 'NONE', *, *, #3911, .T. ) ;
#1948 = CARTESIAN_POINT ( 'NONE',  ( 1.049999999999999800, 0.1618333292155423300, -0.1175787961237839500 ) ) ;
#1949 =( BOUNDED_CURVE ( )  B_SPLINE_CURVE ( 2, ( #6246, #4020, #1678, #6273, #4558, #1626, #2803, #1728, #5177, #2198, #2248, #2776, #2174 ),
 .UNSPECIFIED., .F., .F. ) 
 B_SPLINE_CURVE_WITH_KNOTS ( ( 3, 2, 2, 2, 2, 2, 3 ),
 ( 0.3131782275751504600, 0.3153521406186288200, 0.3196999667055853100, 0.3240477927925418100, 0.3283956188794983100, 0.3327434449664548000, 0.3349173580099331600 ),
 .UNSPECIFIED. ) 
 CURVE ( )  GEOMETRIC_REPRESENTATION_ITEM ( )  RATIONAL_B_SPLINE_CURVE ( ( 0.9755282581475768200, 0.9755282581475761500, 1.000000000000000000, 0.9510565162951535300, 1.000000000000000000, 0.9510565162951535300, 1.000000000000000000, 0.9510565162951535300, 1.000000000000000000, 0.9510565162951535300, 1.000000000000000000, 0.9755282581475761500, 0.9755282581475768200 ) ) 
 REPRESENTATION_ITEM ( '' )  );
#1950 = ADVANCED_FACE ( 'NONE', ( #5087 ), #6236, .T. ) ;
#1951 = CIRCLE ( 'NONE', #3080, 0.01124999999999999800 ) ;
#1952 = CARTESIAN_POINT ( 'NONE',  ( -0.4857957059411688300, -0.4265175113638370900, 0.01124999999999797900 ) ) ;
#1953 = ORIENTED_EDGE ( 'NONE', *, *, #3269, .T. ) ;
#1954 = CARTESIAN_POINT ( 'NONE',  ( 1.176923076923076700, -0.2000369959355130000, -0.06499595995471003900 ) ) ;
#1955 = CARTESIAN_POINT ( 'NONE',  ( -0.5019382090275013000, -0.1363289194126434400, -0.3749999999999999400 ) ) ;
#1956 = CARTESIAN_POINT ( 'NONE',  ( 0.02545471930478038200, 0.2317077374650065000, -0.04372826865287510900 ) ) ;
#1957 = CARTESIAN_POINT ( 'NONE',  ( 1.226923076923077000, 0.06181483124778577900, 0.1902464884845768400 ) ) ;
#1958 = VECTOR ( 'NONE', #293, 39.37007874015747400 ) ;
#1959 = CARTESIAN_POINT ( 'NONE',  ( 1.215959960098534900, 0.1444011998922613300, -0.1748915906660770700 ) ) ;
#1960 = CARTESIAN_POINT ( 'NONE',  ( 0.2288461538461528100, -0.1236296624955716800, 0.1701616322928578300 ) ) ;
#1961 = CARTESIAN_POINT ( 'NONE',  ( 0.8783653846153839400, 0.07854086670589938100, 0.2417239324562226500 ) ) ;
#1962 = CARTESIAN_POINT ( 'NONE',  ( -0.5156250000000000000, -0.05062499999999918500, 0.08768507213317487700 ) ) ;
#1963 = CARTESIAN_POINT ( 'NONE',  ( 0.4461538461538453500, 0.2000369959355130000, 0.06499595995471006700 ) ) ;
#1964 = CARTESIAN_POINT ( 'NONE',  ( -0.2538461538461554400, 0.2000369959355130000, -0.06499595995470999800 ) ) ;
#1965 = CARTESIAN_POINT ( 'NONE',  ( 0.7759615384615379300, 0.2089910684901025400, -0.1518408992313406100 ) ) ;
#1966 = CARTESIAN_POINT ( 'NONE',  ( 0.2057692307692297600, 0.2000369959355130000, 0.06499595995471008100 ) ) ;
#1967 = CARTESIAN_POINT ( 'NONE',  ( -0.3793269230769251200, 0.1570817334117988200, -0.2162044579042725600 ) ) ;
#1968 = EDGE_CURVE ( 'NONE', #4201, #5498, #6416, .T. ) ;
#1969 = CARTESIAN_POINT ( 'NONE',  ( 0.2980769230769220200, 1.312677245723006800E-017, -0.2499999999999999700 ) ) ;
#1970 = DIRECTION ( 'NONE',  ( 0.0000000000000000000, -0.8660254037844435900, -0.4999999999999914500 ) ) ;
#1971 = DIRECTION ( 'NONE',  ( 1.000000000000000000, -0.0000000000000000000, 0.0000000000000000000 ) ) ;
#1972 = CARTESIAN_POINT ( 'NONE',  ( 0.8557692307692305000, -0.2000369959355130500, -2.449746667834781800E-017 ) ) ;
#1973 = CARTESIAN_POINT ( 'NONE',  ( 0.7961538461538456600, -0.1618333292155423300, -0.1175787961237840000 ) ) ;
#1974 = DIRECTION ( 'NONE',  ( 1.000000000000000000, 0.0000000000000000000, 0.0000000000000000000 ) ) ;
#1975 = CARTESIAN_POINT ( 'NONE',  ( 0.8192307692307687600, 0.1618333292155423300, -0.1175787961237839500 ) ) ;
#1976 = EDGE_CURVE ( 'NONE', #5281, #3970, #6700, .T. ) ;
#1977 = CARTESIAN_POINT ( 'NONE',  ( 0.4384615384615374000, -0.2500000000000000600, 0.08122992405822651600 ) ) ;
#1978 = CARTESIAN_POINT ( 'NONE',  ( 0.02006784613637740300, 0.2120290294771769400, -0.1092847995075261600 ) ) ;
#1979 = CARTESIAN_POINT ( 'NONE',  ( 1.115384615384615200, 1.287908040090921200E-017, -0.2103313446762957200 ) ) ;
#1980 = CARTESIAN_POINT ( 'NONE',  ( 0.05982893034175487000, 0.1840219026712139000, -0.1129269491609853100 ) ) ;
#1981 = CARTESIAN_POINT ( 'NONE',  ( 0.1596153846153836300, -0.2000369959355130200, 0.06499595995470997000 ) ) ;
#1982 = CARTESIAN_POINT ( 'NONE',  ( 0.8360576923076914500, -0.1570817334117988200, -0.2162044579042725600 ) ) ;
#1983 = CARTESIAN_POINT ( 'NONE',  ( 0.2692307692307679400, -4.375590819076688800E-017, 0.2499999999999999700 ) ) ;
#1984 = AXIS2_PLACEMENT_3D ( 'NONE', #1260, #2297, #5250 ) ;
#1985 = CARTESIAN_POINT ( 'NONE',  ( 0.2576923076923066100, -0.1618333292155423300, -0.1175787961237840000 ) ) ;
#1986 = CARTESIAN_POINT ( 'NONE',  ( -0.1538461538461551900, -3.863724120272764700E-017, 0.2103313446762957200 ) ) ;
#1987 = CARTESIAN_POINT ( 'NONE',  ( 0.6105769230769221300, 1.663200520685731400E-017, -0.2716212579567785500 ) ) ;
#1988 = CARTESIAN_POINT ( 'NONE',  ( -0.07500000000000124600, -0.1618333292155423300, 0.1175787961237839400 ) ) ;
#1989 = CARTESIAN_POINT ( 'NONE',  ( -0.3754807692307710600, 0.2056226585419196600, -0.1493936061522294400 ) ) ;
#1990 = ORIENTED_EDGE ( 'NONE', *, *, #6301, .F. ) ;
#1991 = DIRECTION ( 'NONE',  ( 0.0000000000000000000, 0.0000000000000000000, -1.000000000000000000 ) ) ;
#1992 = CARTESIAN_POINT ( 'NONE',  ( -0.4959552945456119900, 6.829619984160658000E-017, 0.0000000000000000000 ) ) ;
#1993 = CARTESIAN_POINT ( 'NONE',  ( 0.9096153846153843800, 0.06181483124778577900, 0.1902464884845768400 ) ) ;
#1994 = CARTESIAN_POINT ( 'NONE',  ( 0.8076923076923071500, 1.287908040090921300E-017, -0.2103313446762957200 ) ) ;
#1995 = CARTESIAN_POINT ( 'NONE',  ( -0.04230769230769358000, -0.06181483124778579900, -0.1902464884845768400 ) ) ;
#1996 = ORIENTED_EDGE ( 'NONE', *, *, #4043, .F. ) ;
#1997 = ORIENTED_EDGE ( 'NONE', *, *, #6444, .T. ) ;
#1998 = CARTESIAN_POINT ( 'NONE',  ( 1.028846153846153500, 1.287908040090921300E-017, -0.2103313446762957200 ) ) ;
#1999 = CARTESIAN_POINT ( 'NONE',  ( -0.5122212709119217100, 0.3592015999473801600, 0.1278445787311071600 ) ) ;
#2000 = CARTESIAN_POINT ( 'NONE',  ( 0.9346153846153844000, -0.1618333292155423300, 0.1175787961237839400 ) ) ;
#2001 = CARTESIAN_POINT ( 'NONE',  ( -0.4903731663612698700, -0.1868943013438778300, -0.3749999999999999400 ) ) ;
#2002 = CARTESIAN_POINT ( 'NONE',  ( 0.02184946427878601800, 0.2209394625919783000, -0.08815209380348879000 ) ) ;
#2003 = CARTESIAN_POINT ( 'NONE',  ( 1.192307692307692100, 1.287908040090921200E-017, -0.2103313446762957200 ) ) ;
#2004 = ORIENTED_EDGE ( 'NONE', *, *, #3481, .F. ) ;
#2005 = VERTEX_POINT ( 'NONE', #7211 ) ;
#2006 = CARTESIAN_POINT ( 'NONE',  ( 0.05452305729520756600, 0.09380128776068878700, -0.1978495409510835400 ) ) ;
#2007 = CARTESIAN_POINT ( 'NONE',  ( 0.1480769230769220500, -0.06181483124778584100, 0.1902464884845768100 ) ) ;
#2008 = CARTESIAN_POINT ( 'NONE',  ( 0.8552884615384608300, 0.2056226585419196600, -0.1493936061522294400 ) ) ;
#2009 = EDGE_LOOP ( 'NONE', ( #4154, #2566, #5504, #7012 ) ) ;
#2010 = CARTESIAN_POINT ( 'NONE',  ( 0.3499999999999991500, 0.06181483124778582700, -0.1902464884845768100 ) ) ;
#2011 = CARTESIAN_POINT ( 'NONE',  ( -0.3884615384615401900, 0.06181483124778577900, 0.1902464884845768400 ) ) ;
#2012 = CARTESIAN_POINT ( 'NONE',  ( 0.6336538461538454600, 0.2583271673440810700, 0.08393558474214604700 ) ) ;
#2013 = CARTESIAN_POINT ( 'NONE',  ( -0.2562500000000016400, -0.2541635836720405600, 0.08258275440018624000 ) ) ;
#2014 = CARTESIAN_POINT ( 'NONE',  ( -0.5149278400744986600, -0.3074694192865778400, 0.2174473440219491000 ) ) ;
#2015 = CARTESIAN_POINT ( 'NONE',  ( -0.09956090325609179300, -0.2113143342614236800, 0.3739742722955621800 ) ) ;
#2016 = CARTESIAN_POINT ( 'NONE',  ( 0.8442307692307689000, -0.1236296624955716800, 0.1701616322928578300 ) ) ;
#2017 = CARTESIAN_POINT ( 'NONE',  ( 0.9269230769230766300, -0.06181483124778584100, 0.1902464884845768100 ) ) ;
#2018 = CARTESIAN_POINT ( 'NONE',  ( -0.1307692307692320300, -0.2000369959355130000, -0.06499595995471003900 ) ) ;
#2019 = CIRCLE ( 'NONE', #5013, 0.3134877234128604100 ) ;
#2020 = CARTESIAN_POINT ( 'NONE',  ( 1.082692307692307600, -0.2000369959355130200, 0.06499595995470997000 ) ) ;
#2021 = VERTEX_POINT ( 'NONE', #4864 ) ;
#2022 = CARTESIAN_POINT ( 'NONE',  ( 0.3365384615384605600, -4.813149900984358400E-017, 0.2499999999999999700 ) ) ;
#2023 = CARTESIAN_POINT ( 'NONE',  ( 0.8307692307692302600, 0.2000369959355130000, 0.06499595995471008100 ) ) ;
#2024 = CARTESIAN_POINT ( 'NONE',  ( -0.4841390361425060300, -0.2181827546466439700, -0.3700169712675079300 ) ) ;
#2025 = CARTESIAN_POINT ( 'NONE',  ( 0.7634615384615379700, 0.07725424859373684900, -0.2377641290737883800 ) ) ;
#2026 = DIRECTION ( 'NONE',  ( -1.000000000000000000, -0.0000000000000000000, -0.0000000000000000000 ) ) ;
#2027 = VECTOR ( 'NONE', #7207, 39.37007874015748100 ) ;
#2028 = EDGE_CURVE ( 'NONE', #2093, #1857, #7350, .T. ) ;
#2029 = ORIENTED_EDGE ( 'NONE', *, *, #924, .F. ) ;
#2030 = CARTESIAN_POINT ( 'NONE',  ( 0.1942307692307681800, 0.1618333292155423300, -0.1175787961237839500 ) ) ;
#2031 = CARTESIAN_POINT ( 'NONE',  ( 0.9437499999999993100, 0.2541635836720405100, 0.08258275440018635100 ) ) ;
#2032 = CARTESIAN_POINT ( 'NONE',  ( 0.3423076923076913100, -0.06181483124778579900, -0.1902464884845768400 ) ) ;
#2033 = CYLINDRICAL_SURFACE ( 'NONE', #4237, 0.02249999999999996400 ) ;
#2034 = CARTESIAN_POINT ( 'NONE',  ( 0.0000000000000000000, 0.0000000000000000000, 0.5160356162754504700 ) ) ;
#2035 = CARTESIAN_POINT ( 'NONE',  ( -0.4346153846153864600, -0.1618333292155423300, -0.1175787961237840000 ) ) ;
#2036 = CARTESIAN_POINT ( 'NONE',  ( 0.3951923076923067900, 0.2583271673440810700, -0.08393558474214596300 ) ) ;
#2037 = CARTESIAN_POINT ( 'NONE',  ( -0.4908653846153867000, -0.2056226585419196600, 0.1493936061522294100 ) ) ;
#2038 = VERTEX_POINT ( 'NONE', #7234 ) ;
#2039 = AXIS2_PLACEMENT_3D ( 'NONE', #6828, #3419, #2866 ) ;
#2040 =( BOUNDED_CURVE ( )  B_SPLINE_CURVE ( 2, ( #5073, #2793, #1075, #7341, #2141, #6789, #2190, #427, #5022, #3331, #4500, #1051, #1024 ),
 .UNSPECIFIED., .F., .F. ) 
 B_SPLINE_CURVE_WITH_KNOTS ( ( 3, 2, 2, 2, 2, 2, 3 ),
 ( 0.5523086623577592200, 0.5544825754012374700, 0.5588304014881939600, 0.5631782275751504600, 0.5675260536621069600, 0.5718738797490635600, 0.5740477927925418100 ),
 .UNSPECIFIED. ) 
 CURVE ( )  GEOMETRIC_REPRESENTATION_ITEM ( )  RATIONAL_B_SPLINE_CURVE ( ( 0.9755282581475768200, 0.9755282581475768200, 1.000000000000000000, 0.9510565162951535300, 1.000000000000000000, 0.9510565162951535300, 1.000000000000000000, 0.9510565162951535300, 1.000000000000000000, 0.9510565162951535300, 1.000000000000000000, 0.9755282581475768200, 0.9755282581475768200 ) ) 
 REPRESENTATION_ITEM ( '' )  );
#2041 = DIRECTION ( 'NONE',  ( -1.000000000000000000, -0.0000000000000000000, -0.0000000000000000000 ) ) ;
#2042 = PERSON_AND_ORGANIZATION_ROLE ( 'design_owner' ) ;
#2043 = CARTESIAN_POINT ( 'NONE',  ( 0.3076923076923064300, 1.750236327630675500E-017, -0.2499999999999999700 ) ) ;
#2044 = CARTESIAN_POINT ( 'NONE',  ( 0.4134615384615373800, 1.982142641041740300E-015, 0.2499999999999999700 ) ) ;
#2045 = CYLINDRICAL_SURFACE ( 'NONE', #2146, 0.002000000000000001800 ) ;
#2046 = CARTESIAN_POINT ( 'NONE',  ( 0.9288461538461536500, -0.2000369959355130200, 0.06499595995470997000 ) ) ;
#2047 = CARTESIAN_POINT ( 'NONE',  ( 0.7346153846153840000, 0.06181483124778582700, -0.1902464884845768100 ) ) ;
#2048 = CARTESIAN_POINT ( 'NONE',  ( -0.2461538461538476900, 0.2000369959355130000, 0.06499595995471008100 ) ) ;
#2049 = CARTESIAN_POINT ( 'NONE',  ( 1.205769230769230700, 0.2000369959355130000, 0.06499595995471008100 ) ) ;
#2050 = CARTESIAN_POINT ( 'NONE',  ( -0.5156250000000000000, -0.04261426501499308800, 0.09231007213317479800 ) ) ;
#2051 = CARTESIAN_POINT ( 'NONE',  ( 0.9115384615384613000, 0.1618333292155423300, 0.1175787961237840100 ) ) ;
#2052 = CARTESIAN_POINT ( 'NONE',  ( 0.6230769230769222000, 0.1545084971874737000, -0.2126627020880099400 ) ) ;
#2053 = CARTESIAN_POINT ( 'NONE',  ( 1.138461538461538400, 0.2000369959355130000, 0.06499595995471006700 ) ) ;
#2054 = CARTESIAN_POINT ( 'NONE',  ( 1.021153846153845900, 0.1545084971874737000, 0.2126627020880100200 ) ) ;
#2055 = AXIS2_PLACEMENT_3D ( 'NONE', #2674, #6670, #3841 ) ;
#2056 = CARTESIAN_POINT ( 'NONE',  ( -0.1980769230769244000, 0.06181483124778582700, -0.1902464884845768100 ) ) ;
#2057 = CARTESIAN_POINT ( 'NONE',  ( 1.012980769230768600, 0.2541635836720405100, -0.08258275440018626700 ) ) ;
#2058 = CARTESIAN_POINT ( 'NONE',  ( 0.3730769230769221400, 0.1618333292155423300, 0.1175787961237840100 ) ) ;
#2059 = CARTESIAN_POINT ( 'NONE',  ( 0.9134615384615381000, 5.206953074701259500E-016, -0.2500000000000000600 ) ) ;
#2060 = CARTESIAN_POINT ( 'NONE',  ( 0.3028846153846142500, 1.663200520685731400E-017, -0.2716212579567785500 ) ) ;
#2061 = CARTESIAN_POINT ( 'NONE',  ( -0.5024485553286420800, -0.2563745861871316000, 0.3059461909544418100 ) ) ;
#2062 = AXIS2_PLACEMENT_3D ( 'NONE', #116, #4128, #6420 ) ;
#2063 = CARTESIAN_POINT ( 'NONE',  ( -0.1012136957216082000, -0.2035159698893456400, 0.3749999999999997800 ) ) ;
#2064 = DIRECTION ( 'NONE',  ( 0.0000000000000000000, 0.0000000000000000000, 1.000000000000000000 ) ) ;
#2065 = CARTESIAN_POINT ( 'NONE',  ( 0.8634615384615381700, -0.1618333292155423300, -0.1175787961237840000 ) ) ;
#2066 = CARTESIAN_POINT ( 'NONE',  ( 0.7846153846153840500, -0.2000369959355130200, 0.06499595995470997000 ) ) ;
#2067 = CARTESIAN_POINT ( 'NONE',  ( -0.1576923076923092100, 0.06181483124778577900, 0.1902464884845768400 ) ) ;
#2068 = CARTESIAN_POINT ( 'NONE',  ( 1.217307692307692400, 0.06181483124778577900, 0.1902464884845768400 ) ) ;
#2069 = EDGE_CURVE ( 'NONE', #1640, #2038, #7201, .T. ) ;
#2070 = CARTESIAN_POINT ( 'NONE',  ( 1.250000000000000000, 0.0000000000000000000, 0.0000000000000000000 ) ) ;
#2071 = CARTESIAN_POINT ( 'NONE',  ( 0.8692307692307685900, -0.2000369959355130000, -0.06499595995471003900 ) ) ;
#2072 = EDGE_CURVE ( 'NONE', #5174, #4831, #2170, .T. ) ;
#2073 = CARTESIAN_POINT ( 'NONE',  ( 1.148076923076923000, -0.06181483124778584100, 0.1902464884845768100 ) ) ;
#2074 = CARTESIAN_POINT ( 'NONE',  ( -0.4841390361425031400, 0.4295354742723657100, -0.003943322557885400200 ) ) ;
#2075 = LINE ( 'NONE', #1467, #3334 ) ;
#2076 = CARTESIAN_POINT ( 'NONE',  ( 0.6057692307692300600, 1.312677245723006800E-017, -0.2499999999999999700 ) ) ;
#2077 = CARTESIAN_POINT ( 'NONE',  ( 1.053846153846153700, 0.2000369959355130000, -0.06499595995471001100 ) ) ;
#2078 = B_SPLINE_CURVE_WITH_KNOTS ( 'NONE', 3,
 ( #889, #6072, #7229, #1886, #2462, #2632 ),
 .UNSPECIFIED., .F., .F.,
 ( 4, 2, 4 ),
 ( 0.03037211274201652100, 0.03298599513163973100, 0.03559987752126294500 ),
 .UNSPECIFIED. ) ;
#2079 = CARTESIAN_POINT ( 'NONE',  ( 0.06762672616270820600, 0.2021667782126036800, 0.06186995338439423000 ) ) ;
#2080 = CARTESIAN_POINT ( 'NONE',  ( -0.2250000000000012800, -0.2000369959355130200, 0.06499595995470997000 ) ) ;
#2081 = CARTESIAN_POINT ( 'NONE',  ( 0.7245192307692300800, 0.07854086670589938100, 0.2417239324562226500 ) ) ;
#2082 = ORIENTED_EDGE ( 'NONE', *, *, #5687, .F. ) ;
#2083 = CARTESIAN_POINT ( 'NONE',  ( 0.09999999999999879800, -0.2000369959355130000, -0.06499595995471003900 ) ) ;
#2084 = CARTESIAN_POINT ( 'NONE',  ( 0.9326923076923073800, 0.2500000000000000000, 0.0000000000000000000 ) ) ;
#2085 = CARTESIAN_POINT ( 'NONE',  ( -0.3307692307692322600, 0.2000369959355130000, -0.06499595995470999800 ) ) ;
#2086 = CARTESIAN_POINT ( 'NONE',  ( 0.4374999999999991100, -0.2583271673440810700, -3.163595386207315100E-017 ) ) ;
#2087 = VERTEX_POINT ( 'NONE', #4442 ) ;
#2088 = EDGE_LOOP ( 'NONE', ( #3305, #2888 ) ) ;
#2089 = CARTESIAN_POINT ( 'NONE',  ( 1.080769230769230500, 0.07725424859373684900, -0.2377641290737883600 ) ) ;
#2090 = CARTESIAN_POINT ( 'NONE',  ( 0.6769230769230762900, 0.2000369959355130000, 0.06499595995471008100 ) ) ;
#2091 = CARTESIAN_POINT ( 'NONE',  ( -0.06538461538461670700, -0.1618333292155423300, 0.1175787961237839400 ) ) ;
#2092 = CARTESIAN_POINT ( 'NONE',  ( 1.078846153846153800, -0.1618333292155423300, 0.1175787961237839400 ) ) ;
#2093 = VERTEX_POINT ( 'NONE', #996 ) ;
#2094 = CARTESIAN_POINT ( 'NONE',  ( -0.5136250000000000000, -0.1346322142074226300, 0.2556898353427579100 ) ) ;
#2095 = CARTESIAN_POINT ( 'NONE',  ( 0.5884615384615378100, 0.1618333292155423300, -0.1175787961237839500 ) ) ;
#2096 = CARTESIAN_POINT ( 'NONE',  ( 1.094230769230769300, -0.1618333292155423300, -0.1175787961237840000 ) ) ;
#2097 = CARTESIAN_POINT ( 'NONE',  ( -0.4847312943244311800, -0.2073810600191435000, -0.3750000000000001100 ) ) ;
#2098 = TOROIDAL_SURFACE ( 'NONE', #184, 0.009249999999999999500, 0.002000000000000000000 ) ;
#2099 = CARTESIAN_POINT ( 'NONE',  ( 0.07126942757427143200, 0.1605009984163292000, 0.1338193812972934000 ) ) ;
#2100 = CARTESIAN_POINT ( 'NONE',  ( -0.07115384615384748300, -0.2000369959355130200, 0.06499595995470997000 ) ) ;
#2101 = CARTESIAN_POINT ( 'NONE',  ( 0.6591346153846142600, -0.1570817334117988500, 0.2162044579042725600 ) ) ;
#2102 = FACE_OUTER_BOUND ( 'NONE', #6402, .T. ) ;
#2103 = DIRECTION ( 'NONE',  ( 0.0000000000000000000, 0.0000000000000000000, 1.000000000000000000 ) ) ;
#2104 = EDGE_CURVE ( 'NONE', #1705, #1904, #6036, .T. ) ;
#2105 = CARTESIAN_POINT ( 'NONE',  ( 1.250000000000000000, 0.0000000000000000000, 0.0000000000000000000 ) ) ;
#2106 = CARTESIAN_POINT ( 'NONE',  ( -0.3500000000000017500, -0.06181483124778579900, -0.1902464884845768400 ) ) ;
#2107 = CARTESIAN_POINT ( 'NONE',  ( 0.3798076923076911800, 1.663200520685731400E-017, -0.2716212579567785500 ) ) ;
#2108 = VERTEX_POINT ( 'NONE', #6121 ) ;
#2109 = CARTESIAN_POINT ( 'NONE',  ( 0.08653846153846155000, -0.1411714708955339200, 0.1417230240578286600 ) ) ;
#2110 = ORIENTED_EDGE ( 'NONE', *, *, #207, .F. ) ;
#2111 = CARTESIAN_POINT ( 'NONE',  ( 0.5730769230769224800, -0.06181483124778579900, -0.1902464884845768400 ) ) ;
#2112 = CARTESIAN_POINT ( 'NONE',  ( -0.3807692307692323600, -0.06181483124778584100, 0.1902464884845768100 ) ) ;
#2113 = CARTESIAN_POINT ( 'NONE',  ( 0.9711538461538459200, 0.2000369959355130500, 0.0000000000000000000 ) ) ;
#2114 = CARTESIAN_POINT ( 'NONE',  ( 0.1634615384615373000, 0.2500000000000000000, 0.0000000000000000000 ) ) ;
#2115 = EDGE_LOOP ( 'NONE', ( #5698, #6057, #3020, #3717 ) ) ;
#2116 = CARTESIAN_POINT ( 'NONE',  ( 0.6769230769230762900, 0.2000369959355130000, 0.06499595995471008100 ) ) ;
#2117 = DIRECTION ( 'NONE',  ( 0.0000000000000000000, -1.000000000000000000, 0.0000000000000000000 ) ) ;
#2118 = CARTESIAN_POINT ( 'NONE',  ( 1.105769230769230600, 1.287908040090921200E-017, -0.2103313446762957200 ) ) ;
#2119 = DIRECTION ( 'NONE',  ( 1.000000000000000000, 0.0000000000000000000, 0.0000000000000000000 ) ) ;
#2120 = CARTESIAN_POINT ( 'NONE',  ( 0.6192307692307684700, 0.07725424859373684900, -0.2377641290737883600 ) ) ;
#2121 = EDGE_CURVE ( 'NONE', #1786, #5248, #6836, .T. ) ;
#2122 = B_SPLINE_CURVE_WITH_KNOTS ( 'NONE', 3,
 ( #896, #3252, #3782, #2733, #6256, #5039 ),
 .UNSPECIFIED., .F., .F.,
 ( 4, 2, 4 ),
 ( 2.970951359658113700E-017, 0.001999828632912281100, 0.003999657265824531000 ),
 .UNSPECIFIED. ) ;
#2123 = CONICAL_SURFACE ( 'NONE', #7163, 0.2500000000000000000, 0.5235987755983000400 ) ;
#2124 = CARTESIAN_POINT ( 'NONE',  ( 0.9788461538461534800, -0.2022542485937368100, -0.1469463130731182800 ) ) ;
#2125 = CARTESIAN_POINT ( 'NONE',  ( -0.06730769230769345600, -0.2000369959355130500, -2.449746667834781800E-017 ) ) ;
#2126 = CARTESIAN_POINT ( 'NONE',  ( 0.7514423076923069100, -0.2541635836720405100, -0.08258275440018630900 ) ) ;
#2127 = EDGE_LOOP ( 'NONE', ( #7056, #6388, #4370, #1990 ) ) ;
#2128 =( BOUNDED_CURVE ( )  B_SPLINE_CURVE ( 2, ( #4141, #5895, #6947, #6457, #3037, #6435, #2374, #3586, #2422, #187, #4752, #6996, #1303 ),
 .UNSPECIFIED., .F., .T. ) 
 B_SPLINE_CURVE_WITH_KNOTS ( ( 3, 2, 2, 2, 2, 2, 3 ),
 ( 0.5957869232273244100, 0.5979608362708026500, 0.6023086623577591500, 0.6066564884447156500, 0.6110043145316722500, 0.6153521406186287500, 0.6175260536621070000 ),
 .UNSPECIFIED. ) 
 CURVE ( )  GEOMETRIC_REPRESENTATION_ITEM ( )  RATIONAL_B_SPLINE_CURVE ( ( 0.9755282581475768200, 0.9755282581475768200, 1.000000000000000000, 0.9510565162951535300, 1.000000000000000000, 0.9510565162951535300, 1.000000000000000000, 0.9510565162951535300, 1.000000000000000000, 0.9510565162951535300, 1.000000000000000000, 0.9755282581475773800, 0.9755282581475768200 ) ) 
 REPRESENTATION_ITEM ( '' )  );
#2129 = CARTESIAN_POINT ( 'NONE',  ( 0.2230769230769220600, 0.1236296624955716000, 0.1701616322928579100 ) ) ;
#2130 = DIRECTION ( 'NONE',  ( 0.0000000000000000000, 0.0000000000000000000, -1.000000000000000000 ) ) ;
#2131 = CARTESIAN_POINT ( 'NONE',  ( 0.3528846153846144100, -0.2089910684901025400, 0.1518408992313405900 ) ) ;
#2132 = CARTESIAN_POINT ( 'NONE',  ( 1.237721987734151400, -0.2052204311286434700, 0.0006572405074810977400 ) ) ;
#2133 = CYLINDRICAL_SURFACE ( 'NONE', #2800, 0.002000000000000001800 ) ;
#2134 = CARTESIAN_POINT ( 'NONE',  ( 0.4442307692307685400, 0.1236296624955716000, 0.1701616322928579100 ) ) ;
#2135 = DIRECTION ( 'NONE',  ( -1.000000000000000000, -0.0000000000000000000, -0.0000000000000000000 ) ) ;
#2136 = CARTESIAN_POINT ( 'NONE',  ( 0.4999999999999991700, 1.287908040090921300E-017, -0.2103313446762957200 ) ) ;
#2137 = CARTESIAN_POINT ( 'NONE',  ( -0.3192307692307708200, 0.1618333292155423300, 0.1175787961237840100 ) ) ;
#2138 = CARTESIAN_POINT ( 'NONE',  ( 0.9288461538461536500, -0.2000369959355130200, 0.06499595995470997000 ) ) ;
#2139 = CARTESIAN_POINT ( 'NONE',  ( 0.8692307692307684700, 0.2499999999999999200, 0.08122992405822664100 ) ) ;
#2140 = CARTESIAN_POINT ( 'NONE',  ( 0.4923076923076913900, -0.1236296624955716100, -0.1701616322928578600 ) ) ;
#2141 = CARTESIAN_POINT ( 'NONE',  ( 0.4730769230769220100, 0.2022542485937368600, -0.1469463130731182600 ) ) ;
#2142 = CARTESIAN_POINT ( 'NONE',  ( 0.9942307692307690300, -0.06181483124778584100, 0.1902464884845768100 ) ) ;
#2143 = DIRECTION ( 'NONE',  ( -1.000000000000000000, -0.0000000000000000000, -0.0000000000000000000 ) ) ;
#2144 = CARTESIAN_POINT ( 'NONE',  ( -0.5031249999999999300, 6.829619984160658000E-017, 0.0000000000000000000 ) ) ;
#2145 = ADVANCED_FACE ( 'NONE', ( #5886 ), #4538, .F. ) ;
#2146 = AXIS2_PLACEMENT_3D ( 'NONE', #5759, #2921, #2435 ) ;
#2147 = CARTESIAN_POINT ( 'NONE',  ( -0.02884615384615500000, 0.2000369959355130500, 0.0000000000000000000 ) ) ;
#2148 = CARTESIAN_POINT ( 'NONE',  ( 0.8129807692307683400, -0.1570817334117988500, 0.2162044579042725600 ) ) ;
#2149 = CARTESIAN_POINT ( 'NONE',  ( -0.4959552945456119900, 6.829619984160658000E-017, 0.0000000000000000000 ) ) ;
#2150 = CARTESIAN_POINT ( 'NONE',  ( 1.250000000000000000, 0.0000000000000000000, 0.0000000000000000000 ) ) ;
#2151 = DIRECTION ( 'NONE',  ( 1.000000000000000000, -0.0000000000000000000, 0.0000000000000000000 ) ) ;
#2152 = CARTESIAN_POINT ( 'NONE',  ( 0.09519230769230639700, 0.2583271673440810700, 0.08393558474214604700 ) ) ;
#2153 = DIRECTION ( 'NONE',  ( 1.000000000000000000, 0.0000000000000000000, -0.0000000000000000000 ) ) ;
#2154 = CYLINDRICAL_SURFACE ( 'NONE', #6454, 0.2500000000000000000 ) ;
#2155 = CARTESIAN_POINT ( 'NONE',  ( 0.4134615384615377100, 1.287908040090921200E-017, -0.2103313446762957200 ) ) ;
#2156 = CARTESIAN_POINT ( 'NONE',  ( 0.2975961538461526200, -0.1570817334117988200, -0.2162044579042725600 ) ) ;
#2157 = CARTESIAN_POINT ( 'NONE',  ( 0.03846153846153682600, 1.986518231860816500E-015, 0.2499999999999999700 ) ) ;
#2158 = CARTESIAN_POINT ( 'NONE',  ( 0.6961538461538455700, -0.06181483124778584100, 0.1902464884845768100 ) ) ;
#2159 = CARTESIAN_POINT ( 'NONE',  ( -0.2846153846153861000, -0.2000369959355130000, -0.06499595995471003900 ) ) ;
#2160 = EDGE_LOOP ( 'NONE', ( #6328, #7226, #4462, #1151 ) ) ;
#2161 = CARTESIAN_POINT ( 'NONE',  ( 0.8749999999999995600, 1.287908040090921300E-017, -0.2103313446762957200 ) ) ;
#2162 = EDGE_CURVE ( 'NONE', #5418, #5823, #2361, .T. ) ;
#2163 = CARTESIAN_POINT ( 'NONE',  ( 0.4692307692307682900, -0.1236296624955716800, 0.1701616322928578300 ) ) ;
#2164 = CARTESIAN_POINT ( 'NONE',  ( 1.237389636567120900, -0.06264728193950354400, 0.1957679355740497300 ) ) ;
#2165 = CARTESIAN_POINT ( 'NONE',  ( 1.024999999999999900, -0.06181483124778579900, -0.1902464884845768400 ) ) ;
#2166 = CARTESIAN_POINT ( 'NONE',  ( 0.06003643264400220600, -0.02707955395407118200, 0.2140647380802308500 ) ) ;
#2167 = ORIENTED_EDGE ( 'NONE', *, *, #1443, .F. ) ;
#2168 = VERTEX_POINT ( 'NONE', #6801 ) ;
#2169 = CARTESIAN_POINT ( 'NONE',  ( -0.1134615384615397000, 0.1618333292155423300, -0.1175787961237839500 ) ) ;
#2170 = B_SPLINE_CURVE_WITH_KNOTS ( 'NONE', 3,
 ( #4491, #3923, #6753, #7253, #5540, #971, #416, #2707, #7331, #7278, #4987, #2109 ),
 .UNSPECIFIED., .F., .F.,
 ( 4, 2, 2, 2, 2, 4 ),
 ( 0.04983182239941986300, 0.05033351901605888400, 0.05083521563269791100, 0.05183860886597595900, 0.05284200209925400700, 0.05384539533253205500 ),
 .UNSPECIFIED. ) ;
#2171 = CARTESIAN_POINT ( 'NONE',  ( -0.3519230769230784500, 0.06181483124778582700, -0.1902464884845768100 ) ) ;
#2172 = CARTESIAN_POINT ( 'NONE',  ( 0.6129807692307682700, 1.636393914928959700E-017, -0.2672434070081726200 ) ) ;
#2173 = VERTEX_POINT ( 'NONE', #588 ) ;
#2174 = CARTESIAN_POINT ( 'NONE',  ( 0.07692307692307555300, 2.047776503327890300E-015, -0.2499999999999999700 ) ) ;
#2175 = CARTESIAN_POINT ( 'NONE',  ( -0.1001492841048748900, -0.2210689964095927100, -0.3670972662403236300 ) ) ;
#2176 = EDGE_LOOP ( 'NONE', ( #4723, #6773, #2182, #1752 ) ) ;
#2177 = CARTESIAN_POINT ( 'NONE',  ( 0.2644230769230757600, -4.989601562057195500E-017, 0.2716212579567785500 ) ) ;
#2178 = CARTESIAN_POINT ( 'NONE',  ( 0.9423076923076917400, 0.2499999999999999700, 0.0000000000000000000 ) ) ;
#2179 = CARTESIAN_POINT ( 'NONE',  ( 0.5480769230769224600, -0.2000369959355130500, -2.449746667834781800E-017 ) ) ;
#2180 = CARTESIAN_POINT ( 'NONE',  ( 1.084615384615384100, 0.1545084971874737000, -0.2126627020880099400 ) ) ;
#2181 = CARTESIAN_POINT ( 'NONE',  ( 0.3091346153846142300, 0.07854086670589942300, -0.2417239324562225900 ) ) ;
#2182 = ORIENTED_EDGE ( 'NONE', *, *, #1545, .T. ) ;
#2183 = CARTESIAN_POINT ( 'NONE',  ( 0.6999999999999992900, -0.1236296624955716800, 0.1701616322928578300 ) ) ;
#2184 = CARTESIAN_POINT ( 'NONE',  ( 1.291346153846153700, -0.2089910684901024900, -0.1518408992313406400 ) ) ;
#2185 = CARTESIAN_POINT ( 'NONE',  ( 0.7173076923076918700, -0.06181483124778579900, -0.1902464884845768400 ) ) ;
#2186 = CARTESIAN_POINT ( 'NONE',  ( 0.9903846153846150900, -3.863724120272764700E-017, 0.2103313446762957200 ) ) ;
#2187 = VECTOR ( 'NONE', #3182, 39.37007874015748100 ) ;
#2188 = CARTESIAN_POINT ( 'NONE',  ( 0.8576923076923070900, 0.2022542485937368600, -0.1469463130731182600 ) ) ;
#2189 = CARTESIAN_POINT ( 'NONE',  ( 0.4769230769230762300, -0.2000369959355130200, 0.06499595995470997000 ) ) ;
#2190 = CARTESIAN_POINT ( 'NONE',  ( 0.4807692307692297300, 0.2499999999999999700, 0.0000000000000000000 ) ) ;
#2191 = CARTESIAN_POINT ( 'NONE',  ( 0.7211538461538457000, 1.287908040090921200E-017, -0.2103313446762957200 ) ) ;
#2192 = CARTESIAN_POINT ( 'NONE',  ( 1.163461538461538100, 0.2500000000000000000, 0.0000000000000000000 ) ) ;
#2193 = APPROVAL_DATE_TIME ( #3734, #3369 ) ;
#2194 = CARTESIAN_POINT ( 'NONE',  ( -0.1980769230769244000, 0.06181483124778582700, -0.1902464884845768100 ) ) ;
#2195 = VERTEX_POINT ( 'NONE', #3472 ) ;
#2196 = CARTESIAN_POINT ( 'NONE',  ( -0.2442307692307706400, 0.06181483124778577900, 0.1902464884845768400 ) ) ;
#2197 = CARTESIAN_POINT ( 'NONE',  ( 0.5514423076923068400, 0.2541635836720405100, -0.08258275440018626700 ) ) ;
#2198 = CARTESIAN_POINT ( 'NONE',  ( 0.06923076923076781900, -0.1545084971874736700, -0.2126627020880099400 ) ) ;
#2199 = CONICAL_SURFACE ( 'NONE', #2399, 0.2500000000000000000, 0.5235987755983000400 ) ;
#2200 = EDGE_CURVE ( 'NONE', #3929, #2450, #2819, .T. ) ;
#2201 = CARTESIAN_POINT ( 'NONE',  ( -0.5136250000000000000, 0.1012499999999999800, 0.01125000000000000100 ) ) ;
#2202 = CARTESIAN_POINT ( 'NONE',  ( 0.2490384615384603200, 0.2583271673440810700, 0.08393558474214604700 ) ) ;
#2203 = SECURITY_CLASSIFICATION ( '', '', #4335 ) ;
#2204 = CARTESIAN_POINT ( 'NONE',  ( 0.02222672534553033600, -0.01506528466390591100, 0.2371673941385909200 ) ) ;
#2205 = ORIENTED_EDGE ( 'NONE', *, *, #7014, .F. ) ;
#2206 = CARTESIAN_POINT ( 'NONE',  ( 0.5442307692307685200, -0.2000369959355130800, 0.06499595995470997000 ) ) ;
#2207 = CARTESIAN_POINT ( 'NONE',  ( -0.4857957059411695000, 0.2035159698893429800, -0.3749999999999999400 ) ) ;
#2208 = CARTESIAN_POINT ( 'NONE',  ( 0.3629807692307681100, -0.2541635836720405100, -3.112606192037848400E-017 ) ) ;
#2209 = CARTESIAN_POINT ( 'NONE',  ( 1.250000000000000000, 0.0000000000000000000, 0.0000000000000000000 ) ) ;
#2210 = VECTOR ( 'NONE', #5477, 39.37007874015748100 ) ;
#2211 = CARTESIAN_POINT ( 'NONE',  ( 0.2692307692307682200, 1.287908040090921300E-017, -0.2103313446762957200 ) ) ;
#2212 = CARTESIAN_POINT ( 'NONE',  ( -0.3615384615384632500, -0.2000369959355130000, -0.06499595995471003900 ) ) ;
#2213 = ORIENTED_EDGE ( 'NONE', *, *, #4289, .F. ) ;
#2214 = EDGE_CURVE ( 'NONE', #2093, #3346, #1306, .T. ) ;
#2215 = CARTESIAN_POINT ( 'NONE',  ( 0.6903846153846148200, -0.1236296624955716800, 0.1701616322928578300 ) ) ;
#2216 = CARTESIAN_POINT ( 'NONE',  ( 0.8557692307692305000, -0.2000369959355130500, -2.449746667834781800E-017 ) ) ;
#2217 = CARTESIAN_POINT ( 'NONE',  ( -0.1012136957216079900, 0.2035159698893430600, 0.3749999999999998900 ) ) ;
#2218 = CARTESIAN_POINT ( 'NONE',  ( 0.4499999999999991800, 0.1618333292155423300, 0.1175787961237840100 ) ) ;
#2219 = DIRECTION ( 'NONE',  ( 0.0000000000000000000, -0.5000000000000041100, -0.8660254037844362700 ) ) ;
#2220 = CARTESIAN_POINT ( 'NONE',  ( 0.9211538461538457700, -0.1236296624955716700, 0.1701616322928578600 ) ) ;
#2221 = CARTESIAN_POINT ( 'NONE',  ( 0.7211538461538455900, -4.813149900984358400E-017, 0.2499999999999999700 ) ) ;
#2222 = CARTESIAN_POINT ( 'NONE',  ( -0.2942307692307706800, -0.2000369959355130000, -0.06499595995471003900 ) ) ;
#2223 = CARTESIAN_POINT ( 'NONE',  ( -0.2942307692307706800, -0.2000369959355130000, -0.06499595995471003900 ) ) ;
#2224 = CARTESIAN_POINT ( 'NONE',  ( 0.5475961538461529000, 0.2056226585419196600, -0.1493936061522294400 ) ) ;
#2225 = CARTESIAN_POINT ( 'NONE',  ( 0.4096153846153837700, 0.07725424859373679300, 0.2377641290737884100 ) ) ;
#2226 = DIRECTION ( 'NONE',  ( 0.0000000000000000000, 0.0000000000000000000, 1.000000000000000000 ) ) ;
#2227 = CARTESIAN_POINT ( 'NONE',  ( -0.02302688372454955700, 0.0000000000000000000, 0.0000000000000000000 ) ) ;
#2228 = CARTESIAN_POINT ( 'NONE',  ( 0.2413461538461526300, 0.2583271673440810700, -0.08393558474214596300 ) ) ;
#2229 = CARTESIAN_POINT ( 'NONE',  ( 0.02163461538459158700, 5.801464599289210000E-013, 0.2375092489838920000 ) ) ;
#2230 = ORIENTED_EDGE ( 'NONE', *, *, #437, .F. ) ;
#2231 = CARTESIAN_POINT ( 'NONE',  ( 0.4211538461538453800, 0.1236296624955716500, -0.1701616322928578600 ) ) ;
#2232 = DIRECTION ( 'NONE',  ( -1.000000000000000000, -0.0000000000000000000, 0.0000000000000000000 ) ) ;
#2233 = CARTESIAN_POINT ( 'NONE',  ( 0.4514423076923065900, -0.1570817334117988200, -0.2162044579042725600 ) ) ;
#2234 = CARTESIAN_POINT ( 'NONE',  ( 1.051923076923076700, -0.2500000000000000600, -0.08122992405822662700 ) ) ;
#2235 = CARTESIAN_POINT ( 'NONE',  ( 0.3807692307692299200, 0.06181483124778577900, 0.1902464884845768400 ) ) ;
#2236 = CARTESIAN_POINT ( 'NONE',  ( 1.075961538461538200, 0.07982748481806199700, -0.2456837358386569100 ) ) ;
#2237 = CARTESIAN_POINT ( 'NONE',  ( 0.5096153846153840300, 0.2000369959355130500, 0.0000000000000000000 ) ) ;
#2238 = CARTESIAN_POINT ( 'NONE',  ( 0.5288461538461531900, -3.863724120272764700E-017, 0.2103313446762957200 ) ) ;
#2239 = CARTESIAN_POINT ( 'NONE',  ( 0.9923076923076917800, -0.1545084971874736700, -0.2126627020880099400 ) ) ;
#2240 = CARTESIAN_POINT ( 'NONE',  ( 0.3615384615384605900, 0.2000369959355130000, -0.06499595995470999800 ) ) ;
#2241 = DIRECTION ( 'NONE',  ( -1.000000000000000000, -0.0000000000000000000, -0.0000000000000000000 ) ) ;
#2242 = CARTESIAN_POINT ( 'NONE',  ( 0.9442307692307687600, -0.1236296624955716100, -0.1701616322928578600 ) ) ;
#2243 = CARTESIAN_POINT ( 'NONE',  ( 0.08653846153846049500, -0.2000369959355130500, -2.449746667834781800E-017 ) ) ;
#2244 = CARTESIAN_POINT ( 'NONE',  ( -0.2211538461538475300, -0.2000369959355130500, -2.449746667834781800E-017 ) ) ;
#2245 = AXIS2_PLACEMENT_3D ( 'NONE', #6664, #6687, #2767 ) ;
#2246 = CARTESIAN_POINT ( 'NONE',  ( -0.2365384615384628600, -0.06181483124778584100, 0.1902464884845768100 ) ) ;
#2247 = CIRCLE ( 'NONE', #3868, 0.009250000000000004700 ) ;
#2248 = CARTESIAN_POINT ( 'NONE',  ( 0.07307692307692159600, -0.07725424859373682100, -0.2377641290737883800 ) ) ;
#2249 = CARTESIAN_POINT ( 'NONE',  ( -0.5156250000000000000, 0.3247595264191644500, -0.1874999999999999200 ) ) ;
#2250 = CARTESIAN_POINT ( 'NONE',  ( -0.3932692307692325900, -0.07982748481806198300, -0.2456837358386569400 ) ) ;
#2251 = CARTESIAN_POINT ( 'NONE',  ( 0.2374999999999987700, 0.2089910684901025400, -0.1518408992313406100 ) ) ;
#2252 = CARTESIAN_POINT ( 'NONE',  ( 1.205787108093815600, -0.1066646857655779600, 0.2112589587794579400 ) ) ;
#2253 = VERTEX_POINT ( 'NONE', #2890 ) ;
#2254 = CARTESIAN_POINT ( 'NONE',  ( 0.3019230769230760200, -0.06181483124778584100, 0.1902464884845768100 ) ) ;
#2255 = CARTESIAN_POINT ( 'NONE',  ( 0.3706730769230757700, -0.2056226585419196300, -0.1493936061522294400 ) ) ;
#2256 = CARTESIAN_POINT ( 'NONE',  ( 0.4153846153846143500, -0.1236296624955716100, -0.1701616322928578600 ) ) ;
#2257 = CARTESIAN_POINT ( 'NONE',  ( 1.122115384615384400, -0.2089910684901025400, 0.1518408992313405900 ) ) ;
#2258 = CARTESIAN_POINT ( 'NONE',  ( 0.7288461538461533700, 0.1236296624955716700, -0.1701616322928578600 ) ) ;
#2259 = CARTESIAN_POINT ( 'NONE',  ( 0.7057692307692301500, -0.2000369959355130000, -0.06499595995471003900 ) ) ;
#2260 = VERTEX_POINT ( 'NONE', #2783 ) ;
#2261 =( BOUNDED_CURVE ( )  B_SPLINE_CURVE ( 2, ( #4072, #34, #4097, #5228, #4127, #1805, #2407, #3466, #2382, #4707, #1783, #1263, #3565 ),
 .UNSPECIFIED., .F., .F. ) 
 B_SPLINE_CURVE_WITH_KNOTS ( ( 3, 2, 2, 2, 2, 2, 3 ),
 ( 0.2696999634892082200, 0.2718738765326864600, 0.2762217026196429600, 0.2805695287065995700, 0.2849173547935560700, 0.2892651808805125600, 0.2914390939239908100 ),
 .UNSPECIFIED. ) 
 CURVE ( )  GEOMETRIC_REPRESENTATION_ITEM ( )  RATIONAL_B_SPLINE_CURVE ( ( 0.9755282581475767100, 0.9755282581475767100, 1.000000000000000000, 0.9510565162951534200, 1.000000000000000000, 0.9510565162951534200, 1.000000000000000000, 0.9510565162951534200, 1.000000000000000000, 0.9510565162951534200, 1.000000000000000000, 0.9755282581475767100, 0.9755282581475767100 ) ) 
 REPRESENTATION_ITEM ( '' )  );
#2262 = EDGE_CURVE ( 'NONE', #2038, #2005, #3635, .T. ) ;
#2263 = ORIENTED_EDGE ( 'NONE', *, *, #3766, .F. ) ;
#2264 = CARTESIAN_POINT ( 'NONE',  ( 1.042307692307691900, -0.07725424859373686300, 0.2377641290737883600 ) ) ;
#2265 = CARTESIAN_POINT ( 'NONE',  ( 0.2461538461538450300, -0.2000369959355130200, 0.06499595995470997000 ) ) ;
#2266 = CARTESIAN_POINT ( 'NONE',  ( 0.8519230769230765600, -0.2000369959355130800, 0.06499595995470997000 ) ) ;
#2267 = CARTESIAN_POINT ( 'NONE',  ( 0.6980769230769224800, 0.2500000000000000600, -0.08122992405822657100 ) ) ;
#2268 = CARTESIAN_POINT ( 'NONE',  ( -0.2634615384615399700, 0.2000369959355130000, -0.06499595995470999800 ) ) ;
#2269 = EDGE_LOOP ( 'NONE', ( #1332, #1134, #1642, #7179, #959, #2960, #3131, #129, #69, #4073, #5254, #6260, #3715, #2705, #4164, #3208, #3001, #3110, #2360, #5267, #4977, #1660, #2845, #6515, #2544, #5059, #2402, #1850, #1631, #1099, #6476, #252, #3362, #6244, #6120 ) ) ;
#2270 = CARTESIAN_POINT ( 'NONE',  ( -0.3711538461538478900, -0.2000369959355130000, -0.06499595995471003900 ) ) ;
#2271 = DIRECTION ( 'NONE',  ( 1.000000000000000000, 0.0000000000000000000, 0.0000000000000000000 ) ) ;
#2272 = CARTESIAN_POINT ( 'NONE',  ( -0.2355769230769246800, 1.663200520685731400E-017, -0.2716212579567785500 ) ) ;
#2273 = CARTESIAN_POINT ( 'NONE',  ( -0.1201923076923091200, -4.989601562057195500E-017, 0.2716212579567785500 ) ) ;
#2274 = CARTESIAN_POINT ( 'NONE',  ( 0.04984858943828113900, -0.01495691844283749200, -0.2212199034690501300 ) ) ;
#2275 = VECTOR ( 'NONE', #286, 39.37007874015748100 ) ;
#2276 = LOCAL_TIME ( 7, 43, 58.00000000000000000, #6055 ) ;
#2277 = CARTESIAN_POINT ( 'NONE',  ( 0.0008915089813099670400, 0.1931897689878399000, -0.1597016691677788900 ) ) ;
#2278 = CARTESIAN_POINT ( 'NONE',  ( 1.250000000000000000, 3.061616997868383000E-017, -0.2500000000000000000 ) ) ;
#2279 = CARTESIAN_POINT ( 'NONE',  ( 0.1706730769230756000, 0.2541635836720405100, 0.0000000000000000000 ) ) ;
#2280 = CARTESIAN_POINT ( 'NONE',  ( -0.4857957059411695000, 0.2035159698893430900, 0.3749999999999998900 ) ) ;
#2281 = ADVANCED_FACE ( 'NONE', ( #2523 ), #4588, .T. ) ;
#2282 = ORIENTED_EDGE ( 'NONE', *, *, #2497, .T. ) ;
#2283 = CARTESIAN_POINT ( 'NONE',  ( 0.7538461538461533900, 0.2000369959355130000, 0.06499595995471006700 ) ) ;
#2284 = CARTESIAN_POINT ( 'NONE',  ( 0.2384615384615374200, -0.1236296624955716800, 0.1701616322928578300 ) ) ;
#2285 = CARTESIAN_POINT ( 'NONE',  ( 1.268269230769230700, -0.07982748481806203900, 0.2456837358386569100 ) ) ;
#2286 = CARTESIAN_POINT ( 'NONE',  ( 0.6980769230769227100, -0.2000369959355130200, 0.06499595995470997000 ) ) ;
#2287 = CARTESIAN_POINT ( 'NONE',  ( 0.5480769230769224600, -0.2000369959355130500, -2.449746667834781800E-017 ) ) ;
#2288 = LINE ( 'NONE', #29, #5266 ) ;
#2289 = CARTESIAN_POINT ( 'NONE',  ( 0.9999999999999995600, 5.250708982892026900E-016, -0.2500000000000000000 ) ) ;
#2290 = AXIS2_PLACEMENT_3D ( 'NONE', #6327, #6300, #2362 ) ;
#2291 = EDGE_LOOP ( 'NONE', ( #4354, #1576, #314, #979 ) ) ;
#2292 = CARTESIAN_POINT ( 'NONE',  ( 0.3346153846153836500, -0.1618333292155423300, -0.1175787961237840000 ) ) ;
#2293 = CARTESIAN_POINT ( 'NONE',  ( -0.4857957059411688300, -0.4265175113638370900, 0.01124999999999797900 ) ) ;
#2294 = CARTESIAN_POINT ( 'NONE',  ( 0.7673076923076918000, -0.1236296624955716700, 0.1701616322928578600 ) ) ;
#2295 = CARTESIAN_POINT ( 'NONE',  ( -0.3557692307692321700, 1.287908040090921300E-017, -0.2103313446762957200 ) ) ;
#2296 = FACE_OUTER_BOUND ( 'NONE', #3470, .T. ) ;
#2297 = DIRECTION ( 'NONE',  ( -1.000000000000000000, -0.0000000000000000000, -0.0000000000000000000 ) ) ;
#2298 = ORIENTED_EDGE ( 'NONE', *, *, #6191, .T. ) ;
#2299 = CARTESIAN_POINT ( 'NONE',  ( 1.238461538461538500, -0.1236296624955716800, 0.1701616322928578300 ) ) ;
#2300 = CARTESIAN_POINT ( 'NONE',  ( 0.2461538461538448600, 0.2499999999999999200, -0.08122992405822653000 ) ) ;
#2301 = CARTESIAN_POINT ( 'NONE',  ( -0.3355769230769246600, -0.2583271673440811200, 0.08393558474214593600 ) ) ;
#2302 = CARTESIAN_POINT ( 'NONE',  ( -0.09326923076923224200, -0.2089910684901024900, -0.1518408992313406400 ) ) ;
#2303 = DIRECTION ( 'NONE',  ( 0.0000000000000000000, 0.8660254037844477000, 0.4999999999999845100 ) ) ;
#2304 = FACE_OUTER_BOUND ( 'NONE', #3345, .T. ) ;
#2305 = ORIENTED_EDGE ( 'NONE', *, *, #5723, .T. ) ;
#2306 = CARTESIAN_POINT ( 'NONE',  ( 0.1326923076923066100, 0.1618333292155423300, 0.1175787961237840100 ) ) ;
#2307 = CARTESIAN_POINT ( 'NONE',  ( 0.7846153846153838300, 0.2499999999999999200, -0.08122992405822653000 ) ) ;
#2308 = CARTESIAN_POINT ( 'NONE',  ( 0.1668269230769217100, 0.2541635836720405100, -0.08258275440018626700 ) ) ;
#2309 = CARTESIAN_POINT ( 'NONE',  ( 0.8749999999999996700, -4.813149900984358400E-017, 0.2499999999999999700 ) ) ;
#2310 = EDGE_CURVE ( 'NONE', #6931, #1043, #2465, .T. ) ;
#2311 = CARTESIAN_POINT ( 'NONE',  ( 0.8384615384615381500, 0.1236296624955716000, 0.1701616322928579100 ) ) ;
#2312 = TOROIDAL_SURFACE ( 'NONE', #5513, 0.009249999999999999500, 0.002000000000000000000 ) ;
#2313 = CARTESIAN_POINT ( 'NONE',  ( 0.3384615384615375400, -0.1236296624955716100, -0.1701616322928578600 ) ) ;
#2314 = CARTESIAN_POINT ( 'NONE',  ( 1.102884615384615000, 0.1596549696361239700, 0.2197462137205352700 ) ) ;
#2315 = EDGE_CURVE ( 'NONE', #5807, #4249, #5649, .T. ) ;
#2316 = CARTESIAN_POINT ( 'NONE',  ( 0.4596153846153837600, -0.1236296624955716800, 0.1701616322928578300 ) ) ;
#2317 = CARTESIAN_POINT ( 'NONE',  ( 0.7288461538461533700, 0.1236296624955716700, -0.1701616322928578600 ) ) ;
#2318 = CARTESIAN_POINT ( 'NONE',  ( 1.074951758402043800, -0.03959611008113404100, -0.2499999999999999200 ) ) ;
#2319 = CARTESIAN_POINT ( 'NONE',  ( 0.4269230769230760200, 0.06181483124778582700, -0.1902464884845768100 ) ) ;
#2320 = CARTESIAN_POINT ( 'NONE',  ( 0.01153846153845988100, 0.2022542485937368600, -0.1469463130731182600 ) ) ;
#2321 = CARTESIAN_POINT ( 'NONE',  ( 0.5980769230769224000, 0.1236296624955716000, 0.1701616322928579100 ) ) ;
#2322 = CARTESIAN_POINT ( 'NONE',  ( 1.259615384615384600, 1.287908040090921300E-017, -0.2103313446762957200 ) ) ;
#2323 = AXIS2_PLACEMENT_3D ( 'NONE', #2522, #242, #5991 ) ;
#2324 = CARTESIAN_POINT ( 'NONE',  ( 1.273076923076923200, 0.06181483124778582700, -0.1902464884845768100 ) ) ;
#2325 = B_SPLINE_CURVE_WITH_KNOTS ( 'NONE', 3,
 ( #2328, #1238, #5251, #2381, #777, #3637 ),
 .UNSPECIFIED., .F., .F.,
 ( 4, 2, 4 ),
 ( 1.987375409620156700E-018, 0.0003014487848383069800, 0.0006028975696766119000 ),
 .UNSPECIFIED. ) ;
#2326 = ADVANCED_FACE ( 'NONE', ( #4673 ), #2717, .F. ) ;
#2327 = CARTESIAN_POINT ( 'NONE',  ( 1.205497460361643300, -0.1446675009839771800, -0.1878553992693717800 ) ) ;
#2328 = CARTESIAN_POINT ( 'NONE',  ( -0.1012136957216080200, 0.2230015414744929700, 0.3637499999999998000 ) ) ;
#2329 = CARTESIAN_POINT ( 'NONE',  ( 1.223076923076923200, 0.1236296624955716000, 0.1701616322928579100 ) ) ;
#2330 = CARTESIAN_POINT ( 'NONE',  ( -0.2471153846153863200, -0.2089910684901024900, -0.1518408992313406400 ) ) ;
#2331 = CARTESIAN_POINT ( 'NONE',  ( -0.004807692307693774700, 1.663200520685731400E-017, -0.2716212579567785500 ) ) ;
#2332 = CARTESIAN_POINT ( 'NONE',  ( 0.07692307692307555300, 2.047776503327890300E-015, -0.2499999999999999700 ) ) ;
#2333 = CARTESIAN_POINT ( 'NONE',  ( 0.2865384615384606900, 0.1618333292155423300, 0.1175787961237840100 ) ) ;
#2334 = CARTESIAN_POINT ( 'NONE',  ( 0.2129807692307678900, -0.2541635836720405100, -0.08258275440018630900 ) ) ;
#2335 = CARTESIAN_POINT ( 'NONE',  ( 0.3115384615384603200, 0.07725424859373684900, -0.2377641290737883600 ) ) ;
#2336 = CARTESIAN_POINT ( 'NONE',  ( 0.8346153846153842000, 0.1618333292155423300, 0.1175787961237840100 ) ) ;
#2337 = CARTESIAN_POINT ( 'NONE',  ( 0.1038461538461527000, -0.1618333292155423300, -0.1175787961237840000 ) ) ;
#2338 = CARTESIAN_POINT ( 'NONE',  ( 1.125961538461538000, -0.2583271673440811200, 0.08393558474214593600 ) ) ;
#2339 = CARTESIAN_POINT ( 'NONE',  ( 0.3249999999999991200, -0.1618333292155423300, -0.1175787961237840000 ) ) ;
#2340 = FACE_OUTER_BOUND ( 'NONE', #2630, .T. ) ;
#2341 = CARTESIAN_POINT ( 'NONE',  ( 0.5749999999999992900, 0.1236296624955716700, -0.1701616322928578600 ) ) ;
#2342 = CARTESIAN_POINT ( 'NONE',  ( 0.1115384615384603700, -0.06181483124778579900, -0.1902464884845768400 ) ) ;
#2343 = DIRECTION ( 'NONE',  ( -0.0000000000000000000, -0.5000000000000042200, -0.8660254037844362700 ) ) ;
#2344 = CARTESIAN_POINT ( 'NONE',  ( 0.6826923076923071500, -3.863724120272764700E-017, 0.2103313446762957200 ) ) ;
#2345 = CARTESIAN_POINT ( 'NONE',  ( -0.5156250000000000000, -0.1346322142074262700, -0.2556898353427560200 ) ) ;
#2346 = ORIENTED_EDGE ( 'NONE', *, *, #1203, .F. ) ;
#2347 = CARTESIAN_POINT ( 'NONE',  ( -0.4134615384615400500, 0.2000369959355130500, 0.0000000000000000000 ) ) ;
#2348 = EDGE_CURVE ( 'NONE', #1404, #231, #6217, .T. ) ;
#2349 = CARTESIAN_POINT ( 'NONE',  ( 1.209785996310148700, -0.02383221967944518200, -0.2315970979590678500 ) ) ;
#2350 = DIRECTION ( 'NONE',  ( -1.000000000000000000, -0.0000000000000000000, -0.0000000000000000000 ) ) ;
#2351 = ORIENTED_EDGE ( 'NONE', *, *, #5447, .F. ) ;
#2352 = DIRECTION ( 'NONE',  ( -1.000000000000000000, -0.0000000000000000000, -0.0000000000000000000 ) ) ;
#2353 = ORIENTED_EDGE ( 'NONE', *, *, #6204, .T. ) ;
#2354 = CARTESIAN_POINT ( 'NONE',  ( -0.2509615384615400700, -0.2583271673440810700, -0.08393558474214601900 ) ) ;
#2355 = CARTESIAN_POINT ( 'NONE',  ( -0.1086538461538475600, -0.2089910684901025400, 0.1518408992313405900 ) ) ;
#2356 = DIRECTION ( 'NONE',  ( 0.0000000000000000000, 0.4999999999999919500, -0.8660254037844432600 ) ) ;
#2357 = CARTESIAN_POINT ( 'NONE',  ( 0.1749999999999989100, -0.1236296624955716100, -0.1701616322928578600 ) ) ;
#2358 = CARTESIAN_POINT ( 'NONE',  ( 0.02068844152236387600, 0.02411604335114046400, 0.2371311223333787400 ) ) ;
#2359 = CARTESIAN_POINT ( 'NONE',  ( 0.09759615384615244500, 0.2541635836720405100, 0.08258275440018635100 ) ) ;
#2360 = ORIENTED_EDGE ( 'NONE', *, *, #299, .T. ) ;
#2361 =( BOUNDED_CURVE ( )  B_SPLINE_CURVE ( 2, ( #6855, #3445, #7402, #4589, #5737, #2307, #5659, #534, #7357, #2810, #14, #5757, #6325 ),
 .UNSPECIFIED., .F., .F. ) 
 B_SPLINE_CURVE_WITH_KNOTS ( ( 3, 2, 2, 2, 2, 2, 3 ),
 ( 0.7262217058360200800, 0.7283956188794983300, 0.7327434449664548300, 0.7370912710534114300, 0.7414390971403679300, 0.7457869232273244300, 0.7479608362708026800 ),
 .UNSPECIFIED. ) 
 CURVE ( )  GEOMETRIC_REPRESENTATION_ITEM ( )  RATIONAL_B_SPLINE_CURVE ( ( 0.9755282581475768200, 0.9755282581475768200, 1.000000000000000000, 0.9510565162951535300, 1.000000000000000000, 0.9510565162951535300, 1.000000000000000000, 0.9510565162951535300, 1.000000000000000000, 0.9510565162951535300, 1.000000000000000000, 0.9755282581475768200, 0.9755282581475768200 ) ) 
 REPRESENTATION_ITEM ( '' )  );
#2362 = DIRECTION ( 'NONE',  ( 0.0000000000000000000, -0.8660254037844430400, -0.4999999999999925100 ) ) ;
#2363 = ADVANCED_FACE ( 'NONE', ( #4124 ), #799, .T. ) ;
#2364 = ORIENTED_EDGE ( 'NONE', *, *, #2121, .F. ) ;
#2365 = CARTESIAN_POINT ( 'NONE',  ( 0.9576923076923074000, -0.06181483124778579900, -0.1902464884845768400 ) ) ;
#2366 = CARTESIAN_POINT ( 'NONE',  ( 0.05769230769230644700, 0.2000369959355130500, 0.0000000000000000000 ) ) ;
#2367 = CARTESIAN_POINT ( 'NONE',  ( 0.8874999999999994000, -0.1596549696361239900, 0.2197462137205351800 ) ) ;
#2368 = CARTESIAN_POINT ( 'NONE',  ( 0.3096153846153837900, -0.1618333292155423300, 0.1175787961237839400 ) ) ;
#2369 = CARTESIAN_POINT ( 'NONE',  ( -0.2216346153846172600, 0.2056226585419196600, -0.1493936061522294400 ) ) ;
#2370 = AXIS2_PLACEMENT_3D ( 'NONE', #50, #4059, #7028 ) ;
#2371 = ORIENTED_EDGE ( 'NONE', *, *, #5723, .F. ) ;
#2372 = CARTESIAN_POINT ( 'NONE',  ( -0.5156250000000000000, 0.0000000000000000000, 0.0000000000000000000 ) ) ;
#2373 = CARTESIAN_POINT ( 'NONE',  ( 0.1730769230769219300, -0.2000369959355130500, -2.449746667834781800E-017 ) ) ;
#2374 = CARTESIAN_POINT ( 'NONE',  ( 0.5576923076923066000, 0.2499999999999999700, 0.0000000000000000000 ) ) ;
#2375 = CARTESIAN_POINT ( 'NONE',  ( 0.6096153846153840000, -0.06181483124778584100, 0.1902464884845768100 ) ) ;
#2376 = CARTESIAN_POINT ( 'NONE',  ( 0.2403846153846143400, 0.2500000000000000000, 0.0000000000000000000 ) ) ;
#2377 = CARTESIAN_POINT ( 'NONE',  ( 1.226923076923077000, 0.06181483124778577900, 0.1902464884845768400 ) ) ;
#2378 = B_SPLINE_CURVE_WITH_KNOTS ( 'NONE', 3,
 ( #6736, #3907, #7339, #4520, #3329, #4423, #5548, #4447, #467, #1048, #5071, #1616 ),
 .UNSPECIFIED., .F., .F.,
 ( 4, 2, 2, 2, 2, 4 ),
 ( 0.0003400754393377007300, 0.002947248615815791100, 0.005554421792293881000, 0.006858008380532926900, 0.008161594968771973500, 0.01076876814525006700 ),
 .UNSPECIFIED. ) ;
#2379 = VECTOR ( 'NONE', #5465, 39.37007874015748100 ) ;
#2380 = CARTESIAN_POINT ( 'NONE',  ( 1.195242975443489900, -0.2281250703042843300, 0.09782642064777265200 ) ) ;
#2381 = CARTESIAN_POINT ( 'NONE',  ( -0.09955702592294464500, 0.2113527196257159500, 0.3739602938254152400 ) ) ;
#2382 = CARTESIAN_POINT ( 'NONE',  ( 0.05576923076922959300, -0.2022542485937368100, -0.1469463130731182800 ) ) ;
#2383 = FACE_OUTER_BOUND ( 'NONE', #389, .T. ) ;
#2384 = CARTESIAN_POINT ( 'NONE',  ( -0.5136250000000000000, -0.1443749999999976400, 0.2500648353427579700 ) ) ;
#2385 = DIRECTION ( 'NONE',  ( 0.0000000000000000000, 0.0000000000000000000, 1.000000000000000000 ) ) ;
#2386 = CARTESIAN_POINT ( 'NONE',  ( 0.04134615384615246400, -0.1596549696361239900, 0.2197462137205351800 ) ) ;
#2387 = ORIENTED_EDGE ( 'NONE', *, *, #6952, .T. ) ;
#2388 = CARTESIAN_POINT ( 'NONE',  ( 0.2942307692307683500, 0.06181483124778577900, 0.1902464884845768400 ) ) ;
#2389 = DIRECTION ( 'NONE',  ( 1.000000000000000000, -0.0000000000000000000, -0.0000000000000000000 ) ) ;
#2390 = CARTESIAN_POINT ( 'NONE',  ( 0.07451923076922932500, 1.636393914928959700E-017, -0.2672434070081726200 ) ) ;
#2391 = VECTOR ( 'NONE', #1569, 39.37007874015748100 ) ;
#2392 = CARTESIAN_POINT ( 'NONE',  ( 0.9692307692307691200, 0.1236296624955716500, -0.1701616322928578600 ) ) ;
#2393 = CARTESIAN_POINT ( 'NONE',  ( -0.003846153846155129200, 0.06181483124778577900, 0.1902464884845768400 ) ) ;
#2394 = CARTESIAN_POINT ( 'NONE',  ( 0.7951923076923069800, 0.1596549696361239700, 0.2197462137205352700 ) ) ;
#2395 = ORIENTED_EDGE ( 'NONE', *, *, #4976, .F. ) ;
#2396 = CARTESIAN_POINT ( 'NONE',  ( 0.4288461538461529300, 0.2000369959355130000, -0.06499595995470999800 ) ) ;
#2397 = CARTESIAN_POINT ( 'NONE',  ( -0.1524038461538478900, 0.07854086670589942300, -0.2417239324562225900 ) ) ;
#2398 = LINE ( 'NONE', #6382, #7134 ) ;
#2399 = AXIS2_PLACEMENT_3D ( 'NONE', #4174, #732, #7170 ) ;
#2400 = CARTESIAN_POINT ( 'NONE',  ( 0.2076923076923065700, 0.2000369959355130000, -0.06499595995470999800 ) ) ;
#2401 = CARTESIAN_POINT ( 'NONE',  ( 1.244230769230769300, -0.2000369959355130000, -0.06499595995471003900 ) ) ;
#2402 = ORIENTED_EDGE ( 'NONE', *, *, #2995, .T. ) ;
#2403 = CARTESIAN_POINT ( 'NONE',  ( -0.3442307692307706700, 0.1618333292155423300, -0.1175787961237839500 ) ) ;
#2404 = CIRCLE ( 'NONE', #2928, 0.02302688372454953600 ) ;
#2405 = CARTESIAN_POINT ( 'NONE',  ( 1.208609367673126700, -0.05880235167785971600, -0.2264892607981216800 ) ) ;
#2406 = CARTESIAN_POINT ( 'NONE',  ( -0.5156250000000000000, -0.1363642650149951600, -0.2546898353427560200 ) ) ;
#2407 = CARTESIAN_POINT ( 'NONE',  ( 0.04807692307692178900, -0.2500000000000000000, -3.061616997868382400E-017 ) ) ;
#2408 = EDGE_CURVE ( 'NONE', #5423, #2616, #89, .T. ) ;
#2409 = CARTESIAN_POINT ( 'NONE',  ( 0.08653846153846049500, -0.2000369959355130500, -2.449746667834781800E-017 ) ) ;
#2410 = CARTESIAN_POINT ( 'NONE',  ( 0.8441825276328128700, -0.03959611008113404100, -0.2499999999999999200 ) ) ;
#2411 = CARTESIAN_POINT ( 'NONE',  ( 1.213250444999883800, 0.07708973087100182100, -0.2158149095429851800 ) ) ;
#2412 = CARTESIAN_POINT ( 'NONE',  ( 0.2673076923076914100, 0.1236296624955716700, -0.1701616322928578600 ) ) ;
#2413 = CARTESIAN_POINT ( 'NONE',  ( 0.6462020877518011000, -0.03959611008113411700, 0.2500000000000000000 ) ) ;
#2414 = CARTESIAN_POINT ( 'NONE',  ( 0.3269230769230756500, 0.2499999999999999700, 0.0000000000000000000 ) ) ;
#2415 = EDGE_CURVE ( 'NONE', #337, #1786, #4728, .T. ) ;
#2416 = CARTESIAN_POINT ( 'NONE',  ( 0.5807692307692301500, 0.06181483124778582700, -0.1902464884845768100 ) ) ;
#2417 = CARTESIAN_POINT ( 'NONE',  ( 0.1615384615384603800, -0.1236296624955716800, 0.1701616322928578300 ) ) ;
#2418 = CARTESIAN_POINT ( 'NONE',  ( 0.9298076923076917800, 0.2089910684901025400, -0.1518408992313406100 ) ) ;
#2419 = CARTESIAN_POINT ( 'NONE',  ( 0.1826923076923067700, 1.287908040090921300E-017, -0.2103313446762957200 ) ) ;
#2420 = CARTESIAN_POINT ( 'NONE',  ( -0.006250000000001606700, -0.07854086670589939500, -0.2417239324562226500 ) ) ;
#2421 = CARTESIAN_POINT ( 'NONE',  ( -0.02692307692307825300, 0.1618333292155423300, -0.1175787961237839500 ) ) ;
#2422 = CARTESIAN_POINT ( 'NONE',  ( 0.5653846153846144900, 0.2022542485937368100, 0.1469463130731183400 ) ) ;
#2423 = CARTESIAN_POINT ( 'NONE',  ( 1.209615384615384800, 0.1618333292155423300, 0.1175787961237840100 ) ) ;
#2424 = CARTESIAN_POINT ( 'NONE',  ( 1.169230769230769100, -0.2000369959355130200, 0.06499595995470997000 ) ) ;
#2425 = CARTESIAN_POINT ( 'NONE',  ( 0.001725195444777699200, 0.2071723765778866700, -0.1402346522789969500 ) ) ;
#2426 = CARTESIAN_POINT ( 'NONE',  ( 0.06730769230769109700, 1.312677245723006800E-017, -0.2499999999999999700 ) ) ;
#2427 = CARTESIAN_POINT ( 'NONE',  ( 1.080769230769230700, -0.06181483124778584100, 0.1902464884845768100 ) ) ;
#2428 = CARTESIAN_POINT ( 'NONE',  ( 1.101923076923076800, 0.07725424859373679300, 0.2377641290737884100 ) ) ;
#2429 = CARTESIAN_POINT ( 'NONE',  ( 1.250000000000000000, 3.061616997868383000E-017, -0.2500000000000000000 ) ) ;
#2430 = CARTESIAN_POINT ( 'NONE',  ( 1.213970322923273000, 0.09689853417654159500, -0.2072567135273368800 ) ) ;
#2431 = VERTEX_POINT ( 'NONE', #3123 ) ;
#2432 = CARTESIAN_POINT ( 'NONE',  ( 0.4211538461538454300, 0.1236296624955716700, -0.1701616322928578600 ) ) ;
#2433 = CARTESIAN_POINT ( 'NONE',  ( 0.2615867031364161300, -0.03959611008113411700, 0.2500000000000000000 ) ) ;
#2434 = CARTESIAN_POINT ( 'NONE',  ( 1.132211538461538100, -0.2541635836720405100, -3.112606192037848400E-017 ) ) ;
#2435 = DIRECTION ( 'NONE',  ( 0.0000000000000000000, 0.8660254037844381500, -0.5000000000000011100 ) ) ;
#2436 = ADVANCED_FACE ( 'NONE', ( #6172 ), #4761, .T. ) ;
#2437 = CARTESIAN_POINT ( 'NONE',  ( 0.5153846153846145500, 0.2000369959355130000, -0.06499595995471001100 ) ) ;
#2438 = CARTESIAN_POINT ( 'NONE',  ( 0.1423076923076911400, 0.1618333292155423300, 0.1175787961237840100 ) ) ;
#2439 = CARTESIAN_POINT ( 'NONE',  ( 0.8721153846153841800, 0.1596549696361239700, 0.2197462137205352700 ) ) ;
#2440 = AXIS2_PLACEMENT_3D ( 'NONE', #4126, #2939, #6926 ) ;
#2441 = CARTESIAN_POINT ( 'NONE',  ( 0.1596153846153836300, -0.2000369959355130200, 0.06499595995470997000 ) ) ;
#2442 = CARTESIAN_POINT ( 'NONE',  ( -0.04855769230769382100, 0.1570817334117987900, 0.2162044579042725600 ) ) ;
#2443 = VERTEX_POINT ( 'NONE', #3871 ) ;
#2444 = ORIENTED_EDGE ( 'NONE', *, *, #4212, .F. ) ;
#2445 = CARTESIAN_POINT ( 'NONE',  ( -0.5136250000000000000, -0.05062499999999918500, 0.08768507213317487700 ) ) ;
#2446 = CARTESIAN_POINT ( 'NONE',  ( 0.1307692307692295600, 0.2000369959355130000, -0.06499595995470999800 ) ) ;
#2447 = CARTESIAN_POINT ( 'NONE',  ( 0.8999999999999992500, -0.2500000000000000600, 0.08122992405822651600 ) ) ;
#2448 = CARTESIAN_POINT ( 'NONE',  ( 1.182692307692307500, 1.287908040090921300E-017, -0.2103313446762957200 ) ) ;
#2449 = CARTESIAN_POINT ( 'NONE',  ( 1.065384615384615200, 0.1618333292155423300, 0.1175787961237840100 ) ) ;
#2450 = VERTEX_POINT ( 'NONE', #3147 ) ;
#2451 = ORIENTED_EDGE ( 'NONE', *, *, #4927, .F. ) ;
#2452 = DIRECTION ( 'NONE',  ( -1.000000000000000000, -0.0000000000000000000, -0.0000000000000000000 ) ) ;
#2453 = CARTESIAN_POINT ( 'NONE',  ( 1.169230769230769100, -0.2000369959355130200, 0.06499595995470997000 ) ) ;
#2454 = DIRECTION ( 'NONE',  ( 0.0000000000000000000, 0.4999999999999918400, -0.8660254037844433700 ) ) ;
#2455 = DIRECTION ( 'NONE',  ( -1.000000000000000000, 0.0000000000000000000, 0.0000000000000000000 ) ) ;
#2456 = CARTESIAN_POINT ( 'NONE',  ( 0.8115384615384609900, -0.07725424859373686300, 0.2377641290737883600 ) ) ;
#2457 = ORIENTED_EDGE ( 'NONE', *, *, #4742, .T. ) ;
#2458 = EDGE_CURVE ( 'NONE', #3643, #4890, #269, .T. ) ;
#2459 = CARTESIAN_POINT ( 'NONE',  ( -0.1178958386746251100, 0.2564400607801139400, 0.3058327856327914800 ) ) ;
#2460 = EDGE_CURVE ( 'NONE', #6742, #501, #6769, .T. ) ;
#2461 = CARTESIAN_POINT ( 'NONE',  ( 0.4249999999999992700, 0.1618333292155423300, -0.1175787961237839500 ) ) ;
#2462 = CARTESIAN_POINT ( 'NONE',  ( -0.1103657968700538000, -0.1702828716595807300, 0.3749999999999998300 ) ) ;
#2463 = CARTESIAN_POINT ( 'NONE',  ( 0.8288461538461534600, -0.1545084971874737000, -0.2126627020880100000 ) ) ;
#2464 = CARTESIAN_POINT ( 'NONE',  ( 0.1038461538461523700, 0.2022542485937368100, 0.1469463130731183400 ) ) ;
#2465 = CIRCLE ( 'NONE', #2039, 0.2500000000000000000 ) ;
#2466 = CARTESIAN_POINT ( 'NONE',  ( 0.6269230769230762500, -0.1618333292155423300, 0.1175787961237839400 ) ) ;
#2467 = CARTESIAN_POINT ( 'NONE',  ( -0.08461538461538607700, 0.1236296624955716000, 0.1701616322928579100 ) ) ;
#2468 = CARTESIAN_POINT ( 'NONE',  ( 0.8451923076923071300, 0.07982748481806199700, -0.2456837358386569100 ) ) ;
#2469 = CARTESIAN_POINT ( 'NONE',  ( 0.2211538461538452000, -3.863724120272764700E-017, 0.2103313446762957200 ) ) ;
#2470 = CARTESIAN_POINT ( 'NONE',  ( -0.1562500000000016700, 1.636393914928959700E-017, -0.2672434070081726200 ) ) ;
#2471 = PERSON_AND_ORGANIZATION ( #4554, #5705 ) ;
#2472 = CARTESIAN_POINT ( 'NONE',  ( 0.08653846153846139800, -0.1949182096336742900, 0.04543336405243279800 ) ) ;
#2473 = ORIENTED_EDGE ( 'NONE', *, *, #1021, .F. ) ;
#2474 = CARTESIAN_POINT ( 'NONE',  ( 0.4519230769230760400, 1.312677245723006800E-017, -0.2499999999999999700 ) ) ;
#2475 = CARTESIAN_POINT ( 'NONE',  ( 1.001923076923076700, -0.1618333292155423300, 0.1175787961237839400 ) ) ;
#2476 = CARTESIAN_POINT ( 'NONE',  ( 0.9923076923076917800, 0.1236296624955716000, 0.1701616322928579100 ) ) ;
#2477 = ADVANCED_FACE ( 'NONE', ( #1339 ), #5993, .T. ) ;
#2478 = CARTESIAN_POINT ( 'NONE',  ( 0.5788943954441084800, -0.03959611008113311100, 0.2500000000000002200 ) ) ;
#2479 = ORIENTED_EDGE ( 'NONE', *, *, #3616, .T. ) ;
#2480 = CARTESIAN_POINT ( 'NONE',  ( 0.1846636262133390900, -0.03959611008113411700, 0.2500000000000000000 ) ) ;
#2481 = CARTESIAN_POINT ( 'NONE',  ( 0.9846153846153844500, 0.2000369959355130000, 0.06499595995471008100 ) ) ;
#2482 = CARTESIAN_POINT ( 'NONE',  ( 0.5769230769230759800, 9.626299801968717100E-016, 0.2500000000000000000 ) ) ;
#2483 = DIRECTION ( 'NONE',  ( 0.0000000000000000000, 0.0000000000000000000, 1.000000000000000000 ) ) ;
#2484 = CARTESIAN_POINT ( 'NONE',  ( -0.5156250000000000000, 1.104249177780794800E-016, -0.3440070881318968400 ) ) ;
#2485 = CARTESIAN_POINT ( 'NONE',  ( 1.227583988094823200, 0.1755043735034266000, 0.1245391475656591600 ) ) ;
#2486 = ORIENTED_EDGE ( 'NONE', *, *, #6060, .F. ) ;
#2487 = CARTESIAN_POINT ( 'NONE',  ( 0.4634615384615377600, -0.1618333292155423300, 0.1175787961237839400 ) ) ;
#2488 = CARTESIAN_POINT ( 'NONE',  ( 0.1384615384615370500, -0.2499999999999999200, -0.08122992405822658500 ) ) ;
#2489 = CARTESIAN_POINT ( 'NONE',  ( 0.09230769230769081400, 0.2499999999999999200, -0.08122992405822653000 ) ) ;
#2490 = CARTESIAN_POINT ( 'NONE',  ( 0.6038461538461532600, 0.1618333292155423300, 0.1175787961237840100 ) ) ;
#2491 = VECTOR ( 'NONE', #73, 39.37007874015748100 ) ;
#2492 = CARTESIAN_POINT ( 'NONE',  ( -0.1307692307692320300, -0.2000369959355130000, -0.06499595995471003900 ) ) ;
#2493 = CARTESIAN_POINT ( 'NONE',  ( 0.5874999999999990200, -0.2583271673440811200, 0.08393558474214593600 ) ) ;
#2494 = CARTESIAN_POINT ( 'NONE',  ( 0.009615384615383451900, -0.2000369959355130500, -2.449746667834781800E-017 ) ) ;
#2495 = CARTESIAN_POINT ( 'NONE',  ( -0.3677884615384635100, 0.2541635836720405100, 0.0000000000000000000 ) ) ;
#2496 = ORIENTED_EDGE ( 'NONE', *, *, #1455, .F. ) ;
#2497 = EDGE_CURVE ( 'NONE', #3929, #2864, #3136, .T. ) ;
#2498 = DIRECTION ( 'NONE',  ( 1.000000000000000000, 0.0000000000000000000, 0.0000000000000000000 ) ) ;
#2499 = AXIS2_PLACEMENT_3D ( 'NONE', #3990, #3365, #2828 ) ;
#2500 = CIRCLE ( 'NONE', #235, 0.01125000000000000000 ) ;
#2501 = CARTESIAN_POINT ( 'NONE',  ( 1.221153846153846000, -3.863724120272764700E-017, 0.2103313446762957200 ) ) ;
#2502 = CARTESIAN_POINT ( 'NONE',  ( 1.188461538461538500, -0.06181483124778579900, -0.1902464884845768400 ) ) ;
#2503 =( BOUNDED_CURVE ( )  B_SPLINE_CURVE ( 2, ( #5835, #2413, #3547, #4670, #718, #4156, #3574, #6446, #5211, #6400, #3023, #147, #119 ),
 .UNSPECIFIED., .F., .T. ) 
 B_SPLINE_CURVE_WITH_KNOTS ( ( 3, 2, 2, 2, 2, 2, 3 ),
 ( 0.6175260504457299500, 0.6196999634892081900, 0.6240477895761646900, 0.6283956156631213000, 0.6327434417500778000, 0.6370912678370342900, 0.6392651808805125400 ),
 .UNSPECIFIED. ) 
 CURVE ( )  GEOMETRIC_REPRESENTATION_ITEM ( )  RATIONAL_B_SPLINE_CURVE ( ( 0.9755282581475767100, 0.9755282581475767100, 1.000000000000000000, 0.9510565162951534200, 1.000000000000000000, 0.9510565162951534200, 1.000000000000000000, 0.9510565162951534200, 1.000000000000000000, 0.9510565162951534200, 1.000000000000000000, 0.9755282581475772700, 0.9755282581475767100 ) ) 
 REPRESENTATION_ITEM ( '' )  );
#2504 = CARTESIAN_POINT ( 'NONE',  ( 0.6153846153846146400, 1.023888251663945400E-015, -0.2499999999999999700 ) ) ;
#2505 = CARTESIAN_POINT ( 'NONE',  ( 0.7287979122481973400, 0.03959611008113599100, 0.2499999999999992800 ) ) ;
#2506 = CARTESIAN_POINT ( 'NONE',  ( 0.9615384615384613400, 1.287908040090921300E-017, -0.2103313446762957200 ) ) ;
#2507 = CARTESIAN_POINT ( 'NONE',  ( 0.002302397679500211600, 0.03070605336493930800, -0.2472361007538439700 ) ) ;
#2508 = DIRECTION ( 'NONE',  ( 0.0000000000000000000, 0.0000000000000000000, -1.000000000000000000 ) ) ;
#2509 = CARTESIAN_POINT ( 'NONE',  ( 1.210595421044649500, -8.965870001691379400E-013, -0.2317122712630434700 ) ) ;
#2510 = CARTESIAN_POINT ( 'NONE',  ( 0.1403846153846144100, 0.06181483124778577900, 0.1902464884845768400 ) ) ;
#2511 = CARTESIAN_POINT ( 'NONE',  ( 1.105288461538461100, 0.1570817334117987900, 0.2162044579042725600 ) ) ;
#2512 = CARTESIAN_POINT ( 'NONE',  ( 0.4653846153846146200, -0.06181483124778584100, 0.1902464884845768100 ) ) ;
#2513 = CARTESIAN_POINT ( 'NONE',  ( -0.04230769230769358000, -0.06181483124778579900, -0.1902464884845768400 ) ) ;
#2514 = CARTESIAN_POINT ( 'NONE',  ( 0.7567307692307684300, -0.1596549696361239700, -0.2197462137205352100 ) ) ;
#2515 = CARTESIAN_POINT ( 'NONE',  ( 0.1519230769230758000, -0.1236296624955716800, 0.1701616322928578300 ) ) ;
#2516 = CARTESIAN_POINT ( 'NONE',  ( -0.3716346153846173400, 0.2541635836720405100, -0.08258275440018626700 ) ) ;
#2517 = CARTESIAN_POINT ( 'NONE',  ( 0.3288461538461528400, 0.1545084971874737000, 0.2126627020880100200 ) ) ;
#2518 = CARTESIAN_POINT ( 'NONE',  ( 1.190384615384615400, 0.1236296624955716700, -0.1701616322928578600 ) ) ;
#2519 = CARTESIAN_POINT ( 'NONE',  ( 1.192307692307692100, 1.287908040090921300E-017, -0.2103313446762957200 ) ) ;
#2520 = CARTESIAN_POINT ( 'NONE',  ( 0.2211538461538450600, 1.312677245723006800E-017, -0.2499999999999999700 ) ) ;
#2521 = CARTESIAN_POINT ( 'NONE',  ( 0.9692307692307690100, 0.1236296624955716700, -0.1701616322928578600 ) ) ;
#2522 = CARTESIAN_POINT ( 'NONE',  ( -0.5156250000000000000, 0.2887499999999999500, 0.01124999999999997900 ) ) ;
#2523 = FACE_OUTER_BOUND ( 'NONE', #6252, .T. ) ;
#2524 = DIRECTION ( 'NONE',  ( -0.0000000000000000000, 0.5000000000000042200, 0.8660254037844362700 ) ) ;
#2525 = CARTESIAN_POINT ( 'NONE',  ( 1.207692307692307600, 0.2000369959355130000, -0.06499595995471001100 ) ) ;
#2526 = DIRECTION ( 'NONE',  ( 0.0000000000000000000, 0.0000000000000000000, 1.000000000000000000 ) ) ;
#2527 = CARTESIAN_POINT ( 'NONE',  ( 0.2480769230769220800, -0.1618333292155423300, -0.1175787961237840000 ) ) ;
#2528 = CARTESIAN_POINT ( 'NONE',  ( 0.8706730769230762700, 0.2056226585419196300, 0.1493936061522294900 ) ) ;
#2529 = ORIENTED_EDGE ( 'NONE', *, *, #437, .T. ) ;
#2530 = CARTESIAN_POINT ( 'NONE',  ( 1.213949414196802800, -0.1550081521783564500, 0.1678853567825841800 ) ) ;
#2531 = ORIENTED_EDGE ( 'NONE', *, *, #1828, .T. ) ;
#2532 = CARTESIAN_POINT ( 'NONE',  ( 0.4307692307692299600, 0.1236296624955716500, -0.1701616322928578600 ) ) ;
#2533 = CARTESIAN_POINT ( 'NONE',  ( -0.2615384615384630000, 0.1236296624955716700, -0.1701616322928578600 ) ) ;
#2534 = CARTESIAN_POINT ( 'NONE',  ( 0.7413461538461532100, -0.2583271673440811200, 0.08393558474214593600 ) ) ;
#2535 = AXIS2_PLACEMENT_3D ( 'NONE', #5234, #100, #1218 ) ;
#2536 = CARTESIAN_POINT ( 'NONE',  ( -0.05961538461538592300, -0.1618333292155423300, -0.1175787961237840000 ) ) ;
#2537 = CARTESIAN_POINT ( 'NONE',  ( -0.4216346153846173300, -0.07854086670589945100, 0.2417239324562225900 ) ) ;
#2538 = ORIENTED_EDGE ( 'NONE', *, *, #4302, .T. ) ;
#2539 = DIRECTION ( 'NONE',  ( 0.0000000000000000000, 0.5000000000000040000, 0.8660254037844362700 ) ) ;
#2540 = DIRECTION ( 'NONE',  ( 0.0000000000000000000, 0.0000000000000000000, 1.000000000000000000 ) ) ;
#2541 = CARTESIAN_POINT ( 'NONE',  ( 0.3538461538461527000, -0.1545084971874737300, 0.2126627020880099400 ) ) ;
#2542 = CARTESIAN_POINT ( 'NONE',  ( 0.9519230769230767600, 1.287908040090921300E-017, -0.2103313446762957200 ) ) ;
#2543 = CARTESIAN_POINT ( 'NONE',  ( 0.7615384615384609400, 0.1236296624955716000, 0.1701616322928579100 ) ) ;
#2544 = ORIENTED_EDGE ( 'NONE', *, *, #5826, .T. ) ;
#2545 = CARTESIAN_POINT ( 'NONE',  ( -0.5149278400744989900, 0.3420496335517475600, 0.1575526559780566500 ) ) ;
#2546 = CARTESIAN_POINT ( 'NONE',  ( 0.9423076923076919600, -0.2000369959355130500, -2.449746667834781800E-017 ) ) ;
#2547 = CARTESIAN_POINT ( 'NONE',  ( 0.4461538461538451200, -0.2499999999999999200, -0.08122992405822658500 ) ) ;
#2548 = CARTESIAN_POINT ( 'NONE',  ( 0.7903846153846148000, 0.1545084971874737000, 0.2126627020880100200 ) ) ;
#2549 = CARTESIAN_POINT ( 'NONE',  ( 1.146153846153845900, 0.1236296624955716000, 0.1701616322928579100 ) ) ;
#2550 = EDGE_CURVE ( 'NONE', #1923, #2945, #6162, .T. ) ;
#2551 = LINE ( 'NONE', #4928, #7115 ) ;
#2552 = CARTESIAN_POINT ( 'NONE',  ( 0.4230769230769218500, 9.626299801968717100E-016, 0.2500000000000000000 ) ) ;
#2553 = CARTESIAN_POINT ( 'NONE',  ( 0.1980769230769221000, 0.2000369959355130000, -0.06499595995470999800 ) ) ;
#2554 = CARTESIAN_POINT ( 'NONE',  ( 1.062980769230768900, -0.2056226585419196300, -0.1493936061522294400 ) ) ;
#2555 = CARTESIAN_POINT ( 'NONE',  ( -0.1179466864029382500, -0.1363778192168449100, -0.3749999999999999400 ) ) ;
#2556 = CARTESIAN_POINT ( 'NONE',  ( 0.4423076923076915100, 0.2000369959355130500, 0.0000000000000000000 ) ) ;
#2557 = CARTESIAN_POINT ( 'NONE',  ( -0.09230769230769356200, 0.2000369959355130000, 0.06499595995471008100 ) ) ;
#2558 = CARTESIAN_POINT ( 'NONE',  ( 0.7336538461538452100, -0.1596549696361239900, 0.2197462137205351800 ) ) ;
#2559 = VERTEX_POINT ( 'NONE', #7400 ) ;
#2560 = CARTESIAN_POINT ( 'NONE',  ( -0.05576923076923188900, -0.1236296624955716100, -0.1701616322928578600 ) ) ;
#2561 = CARTESIAN_POINT ( 'NONE',  ( -0.3908653846153866700, -0.07854086670589939500, -0.2417239324562226500 ) ) ;
#2562 = AXIS2_PLACEMENT_3D ( 'NONE', #2, #2241, #2822 ) ;
#2563 = CARTESIAN_POINT ( 'NONE',  ( 1.192307692307692300, -0.1764317023399903700, 0.1771210162838194600 ) ) ;
#2564 = CARTESIAN_POINT ( 'NONE',  ( 0.6653846153846145800, -0.2022542485937368600, 0.1469463130731182300 ) ) ;
#2565 = CARTESIAN_POINT ( 'NONE',  ( 0.8173076923076919600, 0.2000369959355130500, 0.0000000000000000000 ) ) ;
#2566 = ORIENTED_EDGE ( 'NONE', *, *, #5875, .T. ) ;
#2567 = CARTESIAN_POINT ( 'NONE',  ( 0.8730769230769226400, -0.1618333292155423300, -0.1175787961237840000 ) ) ;
#2568 = CARTESIAN_POINT ( 'NONE',  ( -0.1038461538461551600, 0.1618333292155423300, -0.1175787961237839500 ) ) ;
#2569 = CARTESIAN_POINT ( 'NONE',  ( 1.021153846153846100, -0.1236296624955716100, -0.1701616322928578600 ) ) ;
#2570 = CYLINDRICAL_SURFACE ( 'NONE', #5625, 0.2500000000000000000 ) ;
#2571 = CARTESIAN_POINT ( 'NONE',  ( 0.1769230769230754300, 0.2499999999999999200, 0.08122992405822664100 ) ) ;
#2572 = EDGE_LOOP ( 'NONE', ( #315, #6189, #5100, #1020 ) ) ;
#2573 = CARTESIAN_POINT ( 'NONE',  ( 0.8538461538461533700, -0.1236296624955716800, 0.1701616322928578300 ) ) ;
#2574 = CARTESIAN_POINT ( 'NONE',  ( -0.5136250000000000000, -0.04088221420742550000, -0.09331007213317421600 ) ) ;
#2575 = CARTESIAN_POINT ( 'NONE',  ( 1.092307692307692200, -0.2000369959355130800, 0.06499595995470997000 ) ) ;
#2576 = FACE_OUTER_BOUND ( 'NONE', #4163, .T. ) ;
#2577 = CARTESIAN_POINT ( 'NONE',  ( 1.028846153846153500, 4.594370360030522900E-016, 0.2500000000000000600 ) ) ;
#2578 = CARTESIAN_POINT ( 'NONE',  ( 0.2557692307692299200, -0.06181483124778579900, -0.1902464884845768400 ) ) ;
#2579 = CARTESIAN_POINT ( 'NONE',  ( 0.9822115384615377500, -0.2541635836720405100, -0.08258275440018630900 ) ) ;
#2580 = CARTESIAN_POINT ( 'NONE',  ( -0.5136250000000000000, 0.2887499999999999500, 0.009249999999999978700 ) ) ;
#2581 = CARTESIAN_POINT ( 'NONE',  ( 0.3769230769230760300, 0.1236296624955716000, 0.1701616322928579100 ) ) ;
#2582 = CARTESIAN_POINT ( 'NONE',  ( -0.2692307692307707700, 1.287908040090921300E-017, -0.2103313446762957200 ) ) ;
#2583 = CARTESIAN_POINT ( 'NONE',  ( 0.7298076923076916000, -0.07982748481806203900, 0.2456837358386569100 ) ) ;
#2584 = CARTESIAN_POINT ( 'NONE',  ( 1.267307692307692500, 0.1236296624955716700, -0.1701616322928578600 ) ) ;
#2585 =( BOUNDED_CURVE ( )  B_SPLINE_CURVE ( 2, ( #1356, #775, #3066, #1924, #4200, #239, #802, #3590, #4173, #1880, #3042, #4146, #1856 ),
 .UNSPECIFIED., .F., .T. ) 
 B_SPLINE_CURVE_WITH_KNOTS ( ( 3, 2, 2, 2, 2, 2, 3 ),
 ( 0.9218738797490635400, 0.9240477927925417900, 0.9283956188794982900, 0.9327434449664548900, 0.9370912710534113900, 0.9414390971403678900, 0.9436130101838461300 ),
 .UNSPECIFIED. ) 
 CURVE ( )  GEOMETRIC_REPRESENTATION_ITEM ( )  RATIONAL_B_SPLINE_CURVE ( ( 0.9755282581475768200, 0.9755282581475768200, 1.000000000000000000, 0.9510565162951535300, 1.000000000000000000, 0.9510565162951535300, 1.000000000000000000, 0.9510565162951535300, 1.000000000000000000, 0.9510565162951535300, 1.000000000000000000, 0.9755282581475768200, 0.9755282581475768200 ) ) 
 REPRESENTATION_ITEM ( '' )  );
#2586 = EDGE_CURVE ( 'NONE', #2675, #2999, #5043, .T. ) ;
#2587 = CARTESIAN_POINT ( 'NONE',  ( -0.4847309133354111300, 0.2073824434660151200, -0.3750000000000000600 ) ) ;
#2588 = AXIS2_PLACEMENT_3D ( 'NONE', #2806, #2151, #6797 ) ;
#2589 = CARTESIAN_POINT ( 'NONE',  ( 0.3826440660943507500, -0.03959611008113601100, -0.2499999999999992800 ) ) ;
#2590 = CARTESIAN_POINT ( 'NONE',  ( 0.8019230769230765200, 0.06181483124778582700, -0.1902464884845768100 ) ) ;
#2591 = EDGE_LOOP ( 'NONE', ( #3913, #6647, #487, #7044 ) ) ;
#2592 = CARTESIAN_POINT ( 'NONE',  ( 0.9076923076923071300, 0.2000369959355130000, 0.06499595995471008100 ) ) ;
#2593 = CARTESIAN_POINT ( 'NONE',  ( -0.1846153846153861000, 0.1236296624955716700, -0.1701616322928578600 ) ) ;
#2594 = CARTESIAN_POINT ( 'NONE',  ( 1.198076923076923000, 0.2000369959355130000, -0.06499595995470999800 ) ) ;
#2595 = CARTESIAN_POINT ( 'NONE',  ( 0.1249999999999988200, -0.2500000000000000000, -3.061616997868382400E-017 ) ) ;
#2596 = CARTESIAN_POINT ( 'NONE',  ( 0.7384615384615377300, 0.1236296624955716700, -0.1701616322928578600 ) ) ;
#2597 = EDGE_CURVE ( 'NONE', #3614, #7354, #7291, .T. ) ;
#2598 = CARTESIAN_POINT ( 'NONE',  ( -0.4857957059411689400, 0.4265175113638369800, -0.01124999999999813800 ) ) ;
#2599 = CARTESIAN_POINT ( 'NONE',  ( 1.015384615384614700, 0.2499999999999999200, -0.08122992405822653000 ) ) ;
#2600 = CARTESIAN_POINT ( 'NONE',  ( 1.176923076923076700, -0.2000369959355130000, -0.06499595995471003900 ) ) ;
#2601 = CARTESIAN_POINT ( 'NONE',  ( 0.4211056045558893600, 0.03959611008113302800, 0.2500000000000002200 ) ) ;
#2602 = CARTESIAN_POINT ( 'NONE',  ( 0.1211538461538450600, 0.2000369959355130000, -0.06499595995470999800 ) ) ;
#2603 = CARTESIAN_POINT ( 'NONE',  ( 0.9052884615384611000, -0.2541635836720405100, -0.08258275440018630900 ) ) ;
#2604 = AXIS2_PLACEMENT_3D ( 'NONE', #2830, #3942, #2226 ) ;
#2605 = CARTESIAN_POINT ( 'NONE',  ( 0.4538461538461530700, 0.1236296624955716000, 0.1701616322928579100 ) ) ;
#2606 = CARTESIAN_POINT ( 'NONE',  ( 1.192307692307692300, -3.941163767995332100E-015, 0.2500000000000000600 ) ) ;
#2607 = CARTESIAN_POINT ( 'NONE',  ( -0.4576923076923095600, -0.06181483124778584100, 0.1902464884845768100 ) ) ;
#2608 = CARTESIAN_POINT ( 'NONE',  ( 0.3721153846153836300, -0.1596549696361239700, -0.2197462137205352100 ) ) ;
#2609 = CARTESIAN_POINT ( 'NONE',  ( -0.5100961538461558100, 0.1570817334117987900, 0.2162044579042725600 ) ) ;
#2610 = ORIENTED_EDGE ( 'NONE', *, *, #3566, .F. ) ;
#2611 = CARTESIAN_POINT ( 'NONE',  ( -0.4857957059411695500, -0.2230015414744930000, 0.3637499999999996800 ) ) ;
#2612 = CARTESIAN_POINT ( 'NONE',  ( 1.250000000000000000, 0.0000000000000000000, 0.0000000000000000000 ) ) ;
#2613 = CARTESIAN_POINT ( 'NONE',  ( 0.9211538461538457700, -0.1236296624955716800, 0.1701616322928578300 ) ) ;
#2614 = CARTESIAN_POINT ( 'NONE',  ( 0.7307692307692303900, 1.287908040090921300E-017, -0.2103313446762957200 ) ) ;
#2615 = CARTESIAN_POINT ( 'NONE',  ( -0.2576923076923092200, 0.1618333292155423300, -0.1175787961237839500 ) ) ;
#2616 = VERTEX_POINT ( 'NONE', #5806 ) ;
#2617 = VERTEX_POINT ( 'NONE', #1733 ) ;
#2618 = CARTESIAN_POINT ( 'NONE',  ( 1.040384615384615200, 0.1618333292155423300, -0.1175787961237839500 ) ) ;
#2619 = CARTESIAN_POINT ( 'NONE',  ( 0.1326923076923064700, -0.2022542485937368100, -0.1469463130731182800 ) ) ;
#2620 = CARTESIAN_POINT ( 'NONE',  ( 0.8269230769230765400, 0.2000369959355130500, 0.0000000000000000000 ) ) ;
#2621 = CARTESIAN_POINT ( 'NONE',  ( 1.225000000000000100, -0.06181483124778584100, 0.1902464884845768100 ) ) ;
#2622 = DIRECTION ( 'NONE',  ( 0.0000000000000000000, 1.000000000000000000, -1.252096997096120600E-016 ) ) ;
#2623 = CARTESIAN_POINT ( 'NONE',  ( 1.030769230769230200, 0.1545084971874736400, 0.2126627020880099400 ) ) ;
#2624 = CARTESIAN_POINT ( 'NONE',  ( 1.119230769230769000, 0.06181483124778582700, -0.1902464884845768100 ) ) ;
#2625 = VERTEX_POINT ( 'NONE', #6930 ) ;
#2626 = VERTEX_POINT ( 'NONE', #639 ) ;
#2627 = CARTESIAN_POINT ( 'NONE',  ( 0.4038461538461528000, 0.2499999999999999700, 0.0000000000000000000 ) ) ;
#2628 = CARTESIAN_POINT ( 'NONE',  ( -0.05961538461538592300, -0.1618333292155423300, -0.1175787961237840000 ) ) ;
#2629 = CARTESIAN_POINT ( 'NONE',  ( 1.039903846153845700, -0.07854086670589945100, 0.2417239324562225900 ) ) ;
#2630 = EDGE_LOOP ( 'NONE', ( #575, #331, #4010, #2805 ) ) ;
#2631 = CARTESIAN_POINT ( 'NONE',  ( 0.1461538461538450200, 0.1236296624955716000, 0.1701616322928579100 ) ) ;
#2632 = CARTESIAN_POINT ( 'NONE',  ( -0.1012136957216082000, -0.2035159698893456400, 0.3749999999999997800 ) ) ;
#2633 = CARTESIAN_POINT ( 'NONE',  ( -0.3153846153846171000, 0.1236296624955716000, 0.1701616322928579100 ) ) ;
#2634 = CARTESIAN_POINT ( 'NONE',  ( 0.3990384615384605100, 0.2583271673440810700, 0.0000000000000000000 ) ) ;
#2635 = PRODUCT_DEFINITION_SHAPE ( 'NONE', 'NONE',  #4390 ) ;
#2636 = CARTESIAN_POINT ( 'NONE',  ( 0.0000000000000000000, 0.0000000000000000000, 0.0000000000000000000 ) ) ;
#2637 = VECTOR ( 'NONE', #4374, 39.37007874015748100 ) ;
#2638 = CARTESIAN_POINT ( 'NONE',  ( 1.144230769230769200, 1.312677245723006800E-017, -0.2499999999999999700 ) ) ;
#2639 = CARTESIAN_POINT ( 'NONE',  ( 0.6749999999999994900, 0.1236296624955716000, 0.1701616322928579100 ) ) ;
#2640 = CARTESIAN_POINT ( 'NONE',  ( 0.8307692307692302600, 0.2000369959355130000, 0.06499595995471008100 ) ) ;
#2641 = CARTESIAN_POINT ( 'NONE',  ( -0.04615384615384732900, -0.1236296624955716100, -0.1701616322928578600 ) ) ;
#2642 = LOCAL_TIME ( 7, 43, 58.00000000000000000, #6660 ) ;
#2643 = CARTESIAN_POINT ( 'NONE',  ( 1.221153846153846000, -3.863724120272764700E-017, 0.2103313446762957200 ) ) ;
#2644 = VERTEX_POINT ( 'NONE', #2332 ) ;
#2645 = CARTESIAN_POINT ( 'NONE',  ( 0.1211538461538449300, -0.2500000000000001100, 0.08122992405822653000 ) ) ;
#2646 = CARTESIAN_POINT ( 'NONE',  ( 0.9192307692307689600, 0.06181483124778577900, 0.1902464884845768400 ) ) ;
#2647 = CARTESIAN_POINT ( 'NONE',  ( 1.186538461538461500, 0.06181483124778582700, -0.1902464884845768100 ) ) ;
#2648 = CARTESIAN_POINT ( 'NONE',  ( 0.6173076923076915600, 0.2022542485937368600, -0.1469463130731182800 ) ) ;
#2649 = CARTESIAN_POINT ( 'NONE',  ( 1.015384615384615100, -0.2000369959355130800, 0.06499595995470997000 ) ) ;
#2650 = LINE ( 'NONE', #930, #1321 ) ;
#2651 = EDGE_CURVE ( 'NONE', #1705, #6041, #4489, .T. ) ;
#2652 = CARTESIAN_POINT ( 'NONE',  ( 0.07622400665455243700, 0.06869707601993339800, 0.1946935948844096500 ) ) ;
#2653 = ORIENTED_EDGE ( 'NONE', *, *, #6853, .T. ) ;
#2654 = CARTESIAN_POINT ( 'NONE',  ( -0.1942307692307705900, 0.1236296624955716700, -0.1701616322928578600 ) ) ;
#2655 = CARTESIAN_POINT ( 'NONE',  ( 0.7937499999999992900, 0.2056226585419196300, 0.1493936061522294900 ) ) ;
#2656 = CARTESIAN_POINT ( 'NONE',  ( 0.1038461538461527000, -0.1618333292155423300, -0.1175787961237840000 ) ) ;
#2657 = CARTESIAN_POINT ( 'NONE',  ( -0.1012136957216080700, 0.4265175113638358100, -0.01125000000000011800 ) ) ;
#2658 = CARTESIAN_POINT ( 'NONE',  ( 0.4874999999999989900, 0.1596549696361239700, 0.2197462137205352700 ) ) ;
#2659 = VERTEX_POINT ( 'NONE', #95 ) ;
#2660 = AXIS2_PLACEMENT_3D ( 'NONE', #4612, #2356, #2303 ) ;
#2661 = APPLICATION_CONTEXT ( 'configuration controlled 3d designs of mechanical parts and assemblies' ) ;
#2662 = CARTESIAN_POINT ( 'NONE',  ( -0.5156250000000000000, -0.04088221420742420300, 0.09331007213317478500 ) ) ;
#2663 = CARTESIAN_POINT ( 'NONE',  ( -0.5136250000000000000, -0.05062500000000041300, -0.08768507213317419700 ) ) ;
#2664 = LINE ( 'NONE', #131, #3579 ) ;
#2665 = CARTESIAN_POINT ( 'NONE',  ( 0.5961538461538454800, 0.2000369959355130500, 0.0000000000000000000 ) ) ;
#2666 = CARTESIAN_POINT ( 'NONE',  ( -0.08076923076923203700, 0.06181483124778577900, 0.1902464884845768400 ) ) ;
#2667 = ORIENTED_EDGE ( 'NONE', *, *, #4544, .F. ) ;
#2668 = CARTESIAN_POINT ( 'NONE',  ( 1.067307692307692100, -3.863724120272764700E-017, 0.2103313446762957200 ) ) ;
#2669 = CARTESIAN_POINT ( 'NONE',  ( 0.1442307692307680800, 2.043400912508814200E-015, -0.2500000000000000000 ) ) ;
#2670 = CARTESIAN_POINT ( 'NONE',  ( 0.6038461538461532600, 0.1618333292155423300, 0.1175787961237840100 ) ) ;
#2671 = CARTESIAN_POINT ( 'NONE',  ( 1.155769230769230900, -0.1618333292155423300, 0.1175787961237839400 ) ) ;
#2672 = CARTESIAN_POINT ( 'NONE',  ( -0.4857957059411803200, 0.4265175113638162700, 0.01125000000003396900 ) ) ;
#2673 = CARTESIAN_POINT ( 'NONE',  ( 0.6288461538461532800, 0.2500000000000000600, 0.08122992405822665500 ) ) ;
#2674 = CARTESIAN_POINT ( 'NONE',  ( 1.250000000000000000, 0.0000000000000000000, 0.0000000000000000000 ) ) ;
#2675 = VERTEX_POINT ( 'NONE', #1212 ) ;
#2676 = CARTESIAN_POINT ( 'NONE',  ( -0.09807692307692438000, 0.1618333292155423300, 0.1175787961237840100 ) ) ;
#2677 = CARTESIAN_POINT ( 'NONE',  ( 0.8283653846153838900, -0.2541635836720405100, -0.08258275440018630900 ) ) ;
#2678 = CARTESIAN_POINT ( 'NONE',  ( -0.1012136957216080200, 0.4265175113638358700, 0.01124999999999992800 ) ) ;
#2679 = CARTESIAN_POINT ( 'NONE',  ( -0.3692307692307708100, -0.2000369959355130200, 0.06499595995470997000 ) ) ;
#2680 = CARTESIAN_POINT ( 'NONE',  ( 0.3836538461538451800, 0.07982748481806199700, -0.2456837358386569100 ) ) ;
#2681 = AXIS2_PLACEMENT_3D ( 'NONE', #4974, #430, #3261 ) ;
#2682 = CARTESIAN_POINT ( 'NONE',  ( 1.115384615384614800, -4.375590819076688800E-017, 0.2499999999999999700 ) ) ;
#2683 = CARTESIAN_POINT ( 'NONE',  ( -0.4945705971708913600, -0.1700713430060671900, 0.3749999999999997800 ) ) ;
#2684 = CARTESIAN_POINT ( 'NONE',  ( 0.5499999999999993800, -0.1618333292155423300, 0.1175787961237839400 ) ) ;
#2685 = CARTESIAN_POINT ( 'NONE',  ( -0.2923076923076939300, -0.2000369959355130200, 0.06499595995470997000 ) ) ;
#2686 = CARTESIAN_POINT ( 'NONE',  ( 0.7711538461538457500, -0.1618333292155423300, 0.1175787961237839400 ) ) ;
#2687 = EDGE_CURVE ( 'NONE', #3929, #6335, #7232, .T. ) ;
#2688 = CARTESIAN_POINT ( 'NONE',  ( 0.6653846153846148000, 0.1618333292155423300, -0.1175787961237839500 ) ) ;
#2689 = CARTESIAN_POINT ( 'NONE',  ( 1.239181467422029200, -0.1053207081567982000, 0.1744142776424197900 ) ) ;
#2690 = EDGE_CURVE ( 'NONE', #2021, #2173, #4171, .T. ) ;
#2691 = CARTESIAN_POINT ( 'NONE',  ( 1.098076923076923000, -0.1236296624955716100, -0.1701616322928578600 ) ) ;
#2692 = CARTESIAN_POINT ( 'NONE',  ( -0.04296874999999996500, 0.0000000000000000000, 0.0000000000000000000 ) ) ;
#2693 = LINE ( 'NONE', #6316, #5399 ) ;
#2694 = CARTESIAN_POINT ( 'NONE',  ( 0.6173559339056470300, 0.03959611008113604600, -0.2499999999999992500 ) ) ;
#2695 = CARTESIAN_POINT ( 'NONE',  ( -0.4949705097974042600, 0.2396593096114230400, 0.3348978992461347200 ) ) ;
#2696 = CARTESIAN_POINT ( 'NONE',  ( -0.1442307692307706300, -0.2000369959355130500, -2.449746667834781800E-017 ) ) ;
#2697 = CARTESIAN_POINT ( 'NONE',  ( 0.7129807692307684700, 0.2541635836720405100, 0.08258275440018635100 ) ) ;
#2698 = CARTESIAN_POINT ( 'NONE',  ( 0.1384615384615373600, 0.2000369959355130000, 0.06499595995471006700 ) ) ;
#2699 = CARTESIAN_POINT ( 'NONE',  ( -0.4906249999999999800, 6.829619984160658000E-017, 0.0000000000000000000 ) ) ;
#2700 = CARTESIAN_POINT ( 'NONE',  ( -0.1103845176744509000, -0.2396520800701181200, -0.3349104211789906700 ) ) ;
#2701 = CARTESIAN_POINT ( 'NONE',  ( 0.5336538461538451500, 1.663200520685731400E-017, -0.2716212579567785500 ) ) ;
#2702 = CARTESIAN_POINT ( 'NONE',  ( -0.4906249999999999800, -0.05062500000000041300, -0.08768507213317419700 ) ) ;
#2703 = ADVANCED_FACE ( 'NONE', ( #4400 ), #355, .T. ) ;
#2704 = EDGE_LOOP ( 'NONE', ( #6600, #7097, #4668 ) ) ;
#2705 = ORIENTED_EDGE ( 'NONE', *, *, #4698, .T. ) ;
#2706 = CARTESIAN_POINT ( 'NONE',  ( 0.3365384615384606800, 1.287908040090921200E-017, -0.2103313446762957200 ) ) ;
#2707 = CARTESIAN_POINT ( 'NONE',  ( 0.08347435023919924600, -0.08872467976721037900, 0.1817321134935218400 ) ) ;
#2708 = CARTESIAN_POINT ( 'NONE',  ( 1.250000000000000000, 0.0000000000000000000, 0.2500000000000000000 ) ) ;
#2709 = CARTESIAN_POINT ( 'NONE',  ( 0.4884615384615377300, -0.1618333292155423300, -0.1175787961237840000 ) ) ;
#2710 = CARTESIAN_POINT ( 'NONE',  ( -0.3384615384615402000, 0.1236296624955716700, -0.1701616322928578600 ) ) ;
#2711 = CARTESIAN_POINT ( 'NONE',  ( 0.8480769230769226200, -0.1618333292155423300, 0.1175787961237839400 ) ) ;
#2712 = ORIENTED_EDGE ( 'NONE', *, *, #5160, .T. ) ;
#2713 = DIRECTION ( 'NONE',  ( 0.0000000000000000000, 0.0000000000000000000, 1.000000000000000000 ) ) ;
#2714 = CARTESIAN_POINT ( 'NONE',  ( 0.6999999999999992900, -0.1236296624955716800, 0.1701616322928578300 ) ) ;
#2715 = CARTESIAN_POINT ( 'NONE',  ( 0.001971318521031079500, 0.03959611008113407500, -0.2499999999999999200 ) ) ;
#2716 = CARTESIAN_POINT ( 'NONE',  ( 1.121153846153846200, 0.2000369959355130000, -0.06499595995471001100 ) ) ;
#2717 = PLANE ( 'NONE',  #748 ) ;
#2718 =( BOUNDED_CURVE ( )  B_SPLINE_CURVE ( 2, ( #7323, #3414, #1128, #5149, #3941, #2859, #3916, #1059, #5674, #6847, #2225, #7, #580 ),
 .UNSPECIFIED., .F., .F. ) 
 B_SPLINE_CURVE_WITH_KNOTS ( ( 3, 2, 2, 2, 2, 2, 3 ),
 ( 0.4653521374022516800, 0.4675260504457299200, 0.4718738765326865300, 0.4762217026196430300, 0.4805695287065995200, 0.4849173547935560200, 0.4870912678370342700 ),
 .UNSPECIFIED. ) 
 CURVE ( )  GEOMETRIC_REPRESENTATION_ITEM ( )  RATIONAL_B_SPLINE_CURVE ( ( 0.9755282581475767100, 0.9755282581475767100, 1.000000000000000000, 0.9510565162951534200, 1.000000000000000000, 0.9510565162951534200, 1.000000000000000000, 0.9510565162951534200, 1.000000000000000000, 0.9510565162951534200, 1.000000000000000000, 0.9755282581475772700, 0.9755282581475767100 ) ) 
 REPRESENTATION_ITEM ( '' )  );
#2719 = VERTEX_POINT ( 'NONE', #3861 ) ;
#2720 = CARTESIAN_POINT ( 'NONE',  ( -0.4857957059411695500, -0.2230015414744930000, 0.3637499999999996800 ) ) ;
#2721 = CARTESIAN_POINT ( 'NONE',  ( -0.1826923076923090700, 0.2000369959355130500, 0.0000000000000000000 ) ) ;
#2722 = CARTESIAN_POINT ( 'NONE',  ( 0.6937499999999990900, 0.07854086670589942300, -0.2417239324562225900 ) ) ;
#2723 = CARTESIAN_POINT ( 'NONE',  ( 0.1115384615384603700, -0.06181483124778579900, -0.1902464884845768400 ) ) ;
#2724 = EDGE_CURVE ( 'NONE', #6343, #4347, #5642, .T. ) ;
#2725 = DIRECTION ( 'NONE',  ( 0.0000000000000000000, 0.0000000000000000000, -1.000000000000000000 ) ) ;
#2726 = CARTESIAN_POINT ( 'NONE',  ( 0.09903846153846028500, 0.2089910684901024900, 0.1518408992313406700 ) ) ;
#2727 = AXIS2_PLACEMENT_3D ( 'NONE', #1884, #2455, #2483 ) ;
#2728 = CARTESIAN_POINT ( 'NONE',  ( 0.2961538461538449400, -0.2022542485937368100, -0.1469463130731182800 ) ) ;
#2729 = CYLINDRICAL_SURFACE ( 'NONE', #1078, 0.2500000000000000000 ) ;
#2730 = CARTESIAN_POINT ( 'NONE',  ( 0.3557692307692298900, 0.2000369959355130500, 0.0000000000000000000 ) ) ;
#2731 = CARTESIAN_POINT ( 'NONE',  ( 1.076923076923076400, 1.750236327630675500E-017, -0.2499999999999999700 ) ) ;
#2732 = CARTESIAN_POINT ( 'NONE',  ( 0.4283653846153833700, -0.1570817334117988500, 0.2162044579042725600 ) ) ;
#2733 = CARTESIAN_POINT ( 'NONE',  ( 1.242270696372179700, -0.2005971357473132800, 0.02157402399926545300 ) ) ;
#2734 = ORIENTED_EDGE ( 'NONE', *, *, #2651, .T. ) ;
#2735 = CARTESIAN_POINT ( 'NONE',  ( 0.6538461538461531900, 1.287908040090921300E-017, -0.2103313446762957200 ) ) ;
#2736 = CARTESIAN_POINT ( 'NONE',  ( 1.302884615384614800, 1.663200520685731400E-017, -0.2716212579567785500 ) ) ;
#2737 = EDGE_CURVE ( 'NONE', #1904, #2021, #5376, .T. ) ;
#2738 = CARTESIAN_POINT ( 'NONE',  ( 0.8711538461538458300, -0.06181483124778579900, -0.1902464884845768400 ) ) ;
#2739 = CARTESIAN_POINT ( 'NONE',  ( 0.8499999999999994200, 0.07725424859373684900, -0.2377641290737883600 ) ) ;
#2740 = VERTEX_POINT ( 'NONE', #523 ) ;
#2741 = CARTESIAN_POINT ( 'NONE',  ( 0.4653846153846146200, -0.06181483124778584100, 0.1902464884845768100 ) ) ;
#2742 = CARTESIAN_POINT ( 'NONE',  ( 1.009615384615384600, -0.2000369959355130500, -2.449746667834781800E-017 ) ) ;
#2743 = CARTESIAN_POINT ( 'NONE',  ( 1.151923076923076800, 0.1545084971874737300, -0.2126627020880100000 ) ) ;
#2744 = CARTESIAN_POINT ( 'NONE',  ( 0.07245915661031887600, -0.1497092198789839700, 0.1447972321382628700 ) ) ;
#2745 = ADVANCED_FACE ( 'NONE', ( #7062 ), #2952, .T. ) ;
#2746 = EDGE_CURVE ( 'NONE', #1827, #1705, #2040, .T. ) ;
#2747 = CARTESIAN_POINT ( 'NONE',  ( -0.1711538461538475200, 0.1236296624955716000, 0.1701616322928579100 ) ) ;
#2748 = B_SPLINE_CURVE_WITH_KNOTS ( 'NONE', 3,
 ( #2249, #2860, #4047, #611, #3439, #1104, #8, #1182 ),
 .UNSPECIFIED., .F., .F.,
 ( 4, 2, 2, 4 ),
 ( 0.005564589980275966300, 0.006865634521519493200, 0.008166679062763020100, 0.01076876814525007000 ),
 .UNSPECIFIED. ) ;
#2749 = CONICAL_SURFACE ( 'NONE', #1667, 0.5275490581377251200, 1.047197551196603800 ) ;
#2750 = CARTESIAN_POINT ( 'NONE',  ( -0.4480769230769247600, -0.2000369959355130000, -0.06499595995471003900 ) ) ;
#2751 = CARTESIAN_POINT ( 'NONE',  ( 0.6360576923076914900, 0.2541635836720405100, 0.08258275440018635100 ) ) ;
#2752 = ORIENTED_EDGE ( 'NONE', *, *, #4144, .T. ) ;
#2753 = CARTESIAN_POINT ( 'NONE',  ( -0.5156250000000000000, 0.4330127018922191300, -3.093344446280977200E-017 ) ) ;
#2754 = DIRECTION ( 'NONE',  ( -1.000000000000000000, -0.0000000000000000000, -0.0000000000000000000 ) ) ;
#2755 = DIRECTION ( 'NONE',  ( -1.000000000000000000, -0.0000000000000000000, -0.0000000000000000000 ) ) ;
#2756 = CARTESIAN_POINT ( 'NONE',  ( 0.1221153846153832800, -0.2089910684901025400, 0.1518408992313405900 ) ) ;
#2757 = CARTESIAN_POINT ( 'NONE',  ( 0.04797392604202776300, -0.05967523574114024600, -0.2146661314797798100 ) ) ;
#2758 = CYLINDRICAL_SURFACE ( 'NONE', #2562, 0.2500000000000000000 ) ;
#2759 = CARTESIAN_POINT ( 'NONE',  ( 0.4249999999999992700, 0.1618333292155423300, -0.1175787961237839500 ) ) ;
#2760 = CARTESIAN_POINT ( 'NONE',  ( 1.096153846153845800, 0.2499999999999999700, 0.0000000000000000000 ) ) ;
#2761 = CARTESIAN_POINT ( 'NONE',  ( 0.3822115384615372700, 1.636393914928959700E-017, -0.2672434070081726200 ) ) ;
#2762 = CARTESIAN_POINT ( 'NONE',  ( 0.08269230769230648300, 0.2500000000000000600, -0.08122992405822657100 ) ) ;
#2763 = CARTESIAN_POINT ( 'NONE',  ( 0.6346153846153840300, -0.2000369959355130500, -2.449746667834781800E-017 ) ) ;
#2764 = CARTESIAN_POINT ( 'NONE',  ( 1.283653846153846000, -0.2583271673440810700, -3.163595386207315100E-017 ) ) ;
#2765 = CARTESIAN_POINT ( 'NONE',  ( 0.6519230769230763800, 0.1236296624955716700, -0.1701616322928578600 ) ) ;
#2766 = CARTESIAN_POINT ( 'NONE',  ( 0.8134615384615380100, 0.2000369959355130000, -0.06499595995470999800 ) ) ;
#2767 = DIRECTION ( 'NONE',  ( 0.0000000000000000000, 0.0000000000000000000, 1.000000000000000000 ) ) ;
#2768 = CARTESIAN_POINT ( 'NONE',  ( 0.6230769230769225300, -0.1236296624955716800, 0.1701616322928578300 ) ) ;
#2769 = DIRECTION ( 'NONE',  ( -1.000000000000000000, 0.0000000000000000000, 0.0000000000000000000 ) ) ;
#2770 = CARTESIAN_POINT ( 'NONE',  ( 0.8980769230769226600, 0.2000369959355130000, 0.06499595995471006700 ) ) ;
#2771 = CARTESIAN_POINT ( 'NONE',  ( 1.178846153846153700, 0.07725424859373679300, 0.2377641290737884100 ) ) ;
#2772 = CARTESIAN_POINT ( 'NONE',  ( -0.2403846153846169200, -3.863724120272764700E-017, 0.2103313446762957200 ) ) ;
#2773 = AXIS2_PLACEMENT_3D ( 'NONE', #1505, #5522, #4371 ) ;
#2774 = CARTESIAN_POINT ( 'NONE',  ( -0.3903846153846169400, -0.06181483124778584100, 0.1902464884845768100 ) ) ;
#2775 = CARTESIAN_POINT ( 'NONE',  ( 0.5437499999999989600, 0.1570817334117988200, -0.2162044579042725600 ) ) ;
#2776 = CARTESIAN_POINT ( 'NONE',  ( 0.07495175840204297600, -0.03959611008113304900, -0.2500000000000002200 ) ) ;
#2777 = CARTESIAN_POINT ( 'NONE',  ( -0.09956090325609191800, -0.2182140530390462000, -0.3699907178019686800 ) ) ;
#2778 = DIRECTION ( 'NONE',  ( 0.0000000000000000000, 0.0000000000000000000, 1.000000000000000000 ) ) ;
#2779 = CARTESIAN_POINT ( 'NONE',  ( 0.1528846153846140600, 0.07982748481806199700, -0.2456837358386569100 ) ) ;
#2780 = CARTESIAN_POINT ( 'NONE',  ( 0.04003130125905442900, -0.2065950318172918000, -0.09498216488669243600 ) ) ;
#2781 = VECTOR ( 'NONE', #2940, 39.37007874015748100 ) ;
#2782 = CARTESIAN_POINT ( 'NONE',  ( 0.4596153846153837600, -0.1236296624955716700, 0.1701616322928578600 ) ) ;
#2783 = CARTESIAN_POINT ( 'NONE',  ( -0.4857957059411695500, -0.2035159698893451400, -0.3749999999999999400 ) ) ;
#2784 = CARTESIAN_POINT ( 'NONE',  ( 0.3899038461538449900, 0.1570817334117988200, -0.2162044579042725600 ) ) ;
#2785 = CARTESIAN_POINT ( 'NONE',  ( 0.4076923076923067400, -0.2000369959355130000, -0.06499595995471003900 ) ) ;
#2786 = CARTESIAN_POINT ( 'NONE',  ( -0.4384615384615400700, -0.2000369959355130000, -0.06499595995471003900 ) ) ;
#2787 = CARTESIAN_POINT ( 'NONE',  ( 0.7134615384615379300, -0.1236296624955716100, -0.1701616322928578600 ) ) ;
#2788 = ORIENTED_EDGE ( 'NONE', *, *, #2104, .F. ) ;
#2789 = CARTESIAN_POINT ( 'NONE',  ( 0.9442307692307687600, -0.1236296624955716100, -0.1701616322928578600 ) ) ;
#2790 = EDGE_CURVE ( 'NONE', #4524, #501, #1249, .T. ) ;
#2791 = CARTESIAN_POINT ( 'NONE',  ( 0.9807692307692303900, -0.2499999999999999700, -3.061616997868382400E-017 ) ) ;
#2792 = CARTESIAN_POINT ( 'NONE',  ( 0.3884615384615375800, -0.06181483124778584100, 0.1902464884845768100 ) ) ;
#2793 = CARTESIAN_POINT ( 'NONE',  ( 0.4635097800594928400, 0.03959611008113407500, -0.2499999999999999200 ) ) ;
#2794 = CARTESIAN_POINT ( 'NONE',  ( 0.7480769230769226400, 0.1618333292155423300, 0.1175787961237840100 ) ) ;
#2795 = CARTESIAN_POINT ( 'NONE',  ( 0.07484729720183391800, -0.1663609818478997400, 0.1230100965636028300 ) ) ;
#2796 = ORIENTED_EDGE ( 'NONE', *, *, #539, .F. ) ;
#2797 = ORIENTED_EDGE ( 'NONE', *, *, #5502, .F. ) ;
#2798 = CARTESIAN_POINT ( 'NONE',  ( -0.3096153846153859600, -0.1236296624955716800, 0.1701616322928578300 ) ) ;
#2799 = CARTESIAN_POINT ( 'NONE',  ( -0.2673076923076938000, 0.1618333292155423300, -0.1175787961237839500 ) ) ;
#2800 = AXIS2_PLACEMENT_3D ( 'NONE', #5221, #6362, #571 ) ;
#2801 = ADVANCED_FACE ( 'NONE', ( #3670 ), #3358, .F. ) ;
#2802 = EDGE_LOOP ( 'NONE', ( #3180, #4708, #2282, #5989 ) ) ;
#2803 = CARTESIAN_POINT ( 'NONE',  ( 0.05769230769230626600, -0.2499999999999999700, -3.061616997868382400E-017 ) ) ;
#2804 = CARTESIAN_POINT ( 'NONE',  ( 0.5288461538461531900, 1.019512660844868800E-015, -0.2500000000000000000 ) ) ;
#2805 = ORIENTED_EDGE ( 'NONE', *, *, #399, .T. ) ;
#2806 = CARTESIAN_POINT ( 'NONE',  ( -0.5156250000000000000, 6.829619984160658000E-017, 0.0000000000000000000 ) ) ;
#2807 = CARTESIAN_POINT ( 'NONE',  ( 0.1951923076923064200, -0.1596549696361239900, 0.2197462137205351800 ) ) ;
#2808 = CARTESIAN_POINT ( 'NONE',  ( 0.03461719596107759600, -0.2275986188506532700, 0.03651219943529163100 ) ) ;
#2809 = CARTESIAN_POINT ( 'NONE',  ( 0.3903846153846146100, -0.2000369959355130800, 0.06499595995470997000 ) ) ;
#2810 = CARTESIAN_POINT ( 'NONE',  ( 0.7999999999999993800, 0.1545084971874736400, 0.2126627020880099400 ) ) ;
#2811 = CARTESIAN_POINT ( 'NONE',  ( 0.3745192307692294900, -0.1570817334117988200, -0.2162044579042725600 ) ) ;
#2812 = EDGE_LOOP ( 'NONE', ( #6830, #969, #1371, #688, #6815, #835, #5319, #6955 ) ) ;
#2813 = CARTESIAN_POINT ( 'NONE',  ( 0.09038461538461414800, 0.2500000000000000600, 0.08122992405822665500 ) ) ;
#2814 = CARTESIAN_POINT ( 'NONE',  ( 0.3615384615384605900, 0.2000369959355130000, -0.06499595995470999800 ) ) ;
#2815 = CARTESIAN_POINT ( 'NONE',  ( 1.079807692307691800, 0.1596549696361239700, -0.2197462137205352100 ) ) ;
#2816 = CARTESIAN_POINT ( 'NONE',  ( 0.5019230769230761400, 0.1618333292155423300, -0.1175787961237839500 ) ) ;
#2817 = CARTESIAN_POINT ( 'NONE',  ( 0.5211538461538455200, 0.1236296624955716000, 0.1701616322928579100 ) ) ;
#2818 =( BOUNDED_CURVE ( )  B_SPLINE_CURVE ( 2, ( #5922, #2480, #3067, #3016, #5345, #1357, #5942, #7055, #5965, #824, #3611, #1308, #2520 ),
 .UNSPECIFIED., .F., .F. ) 
 B_SPLINE_CURVE_WITH_KNOTS ( ( 3, 2, 2, 2, 2, 2, 3 ),
 ( 0.3566564852283387000, 0.3588303982718169500, 0.3631782243587734500, 0.3675260504457299500, 0.3718738765326864400, 0.3762217026196430500, 0.3783956156631213000 ),
 .UNSPECIFIED. ) 
 CURVE ( )  GEOMETRIC_REPRESENTATION_ITEM ( )  RATIONAL_B_SPLINE_CURVE ( ( 0.9755282581475767100, 0.9755282581475767100, 1.000000000000000000, 0.9510565162951534200, 1.000000000000000000, 0.9510565162951534200, 1.000000000000000000, 0.9510565162951534200, 1.000000000000000000, 0.9510565162951534200, 1.000000000000000000, 0.9755282581475767100, 0.9755282581475767100 ) ) 
 REPRESENTATION_ITEM ( '' )  );
#2819 = LINE ( 'NONE', #4566, #945 ) ;
#2820 = DIRECTION ( 'NONE',  ( -0.0000000000000000000, 0.0000000000000000000, 1.000000000000000000 ) ) ;
#2821 = CARTESIAN_POINT ( 'NONE',  ( 0.3076923076923068200, -3.863724120272764700E-017, 0.2103313446762957200 ) ) ;
#2822 = DIRECTION ( 'NONE',  ( 0.0000000000000000000, 0.0000000000000000000, 1.000000000000000000 ) ) ;
#2823 = CARTESIAN_POINT ( 'NONE',  ( 0.7288461538461533700, 0.1236296624955716500, -0.1701616322928578600 ) ) ;
#2824 = COORDINATED_UNIVERSAL_TIME_OFFSET ( 6, 0, .BEHIND. ) ;
#2825 = CARTESIAN_POINT ( 'NONE',  ( -0.1519230769230781600, -0.1618333292155423300, 0.1175787961237839400 ) ) ;
#2826 = EDGE_LOOP ( 'NONE', ( #6726, #2444, #7388, #1677 ) ) ;
#2827 = CARTESIAN_POINT ( 'NONE',  ( -0.2557692307692321900, 0.2000369959355130000, 0.06499595995471008100 ) ) ;
#2828 = DIRECTION ( 'NONE',  ( 0.0000000000000000000, 0.0000000000000000000, 1.000000000000000000 ) ) ;
#2829 = VECTOR ( 'NONE', #2524, 39.37007874015747400 ) ;
#2830 = CARTESIAN_POINT ( 'NONE',  ( -0.04296874999999996500, 0.0000000000000000000, 0.0000000000000000000 ) ) ;
#2831 = CARTESIAN_POINT ( 'NONE',  ( -0.3894230769230787000, 1.663200520685731400E-017, -0.2716212579567785500 ) ) ;
#2832 = CARTESIAN_POINT ( 'NONE',  ( 0.06057692307692183500, -0.2089910684901024900, -0.1518408992313406400 ) ) ;
#2833 = AXIS2_PLACEMENT_3D ( 'NONE', #1097, #7317, #3389 ) ;
#2834 = CARTESIAN_POINT ( 'NONE',  ( 1.192307692307692300, -3.941163767995332100E-015, 0.2500000000000000600 ) ) ;
#2835 = ORIENTED_EDGE ( 'NONE', *, *, #3328, .F. ) ;
#2836 = CARTESIAN_POINT ( 'NONE',  ( 0.08653846153846049500, -0.2000369959355130500, -2.449746667834781800E-017 ) ) ;
#2837 = CARTESIAN_POINT ( 'NONE',  ( -0.5156250000000000000, -0.2165063509461097000, 0.3749999999999997800 ) ) ;
#2838 = CARTESIAN_POINT ( 'NONE',  ( 0.3437499999999987800, -4.909181744786878600E-017, 0.2672434070081726200 ) ) ;
#2839 = CARTESIAN_POINT ( 'NONE',  ( -0.5136250000000000000, -0.04261426501499437200, -0.09231007213317422900 ) ) ;
#2840 = FACE_OUTER_BOUND ( 'NONE', #4420, .T. ) ;
#2841 = EDGE_CURVE ( 'NONE', #7121, #5679, #1551, .T. ) ;
#2842 = CARTESIAN_POINT ( 'NONE',  ( 0.9769230769230764500, 0.2000369959355130000, -0.06499595995471001100 ) ) ;
#2843 = CARTESIAN_POINT ( 'NONE',  ( 0.4499999999999991800, 0.1618333292155423300, 0.1175787961237840100 ) ) ;
#2844 = CARTESIAN_POINT ( 'NONE',  ( 1.249038461538461300, 0.2583271673440810700, 0.08393558474214604700 ) ) ;
#2845 = ORIENTED_EDGE ( 'NONE', *, *, #3755, .T. ) ;
#2846 = EDGE_CURVE ( 'NONE', #600, #3563, #478, .T. ) ;
#2847 = CARTESIAN_POINT ( 'NONE',  ( 0.6442307692307687200, 1.287908040090921300E-017, -0.2103313446762957200 ) ) ;
#2848 = CARTESIAN_POINT ( 'NONE',  ( 0.5634615384615379000, -0.06181483124778579900, -0.1902464884845768400 ) ) ;
#2849 = VECTOR ( 'NONE', #7404, 39.37007874015748100 ) ;
#2850 = DIRECTION ( 'NONE',  ( -1.000000000000000000, 0.0000000000000000000, -0.0000000000000000000 ) ) ;
#2851 = CARTESIAN_POINT ( 'NONE',  ( 0.2346153846153836400, -0.06181483124778584100, 0.1902464884845768100 ) ) ;
#2852 = CARTESIAN_POINT ( 'NONE',  ( 0.9519230769230765400, -4.813149900984358400E-017, 0.2499999999999999700 ) ) ;
#2853 = CARTESIAN_POINT ( 'NONE',  ( 0.8596153846153841100, -0.2000369959355130000, -0.06499595995471003900 ) ) ;
#2854 = ORIENTED_EDGE ( 'NONE', *, *, #5928, .F. ) ;
#2855 = CARTESIAN_POINT ( 'NONE',  ( -0.1211538461538475000, 0.06181483124778582700, -0.1902464884845768100 ) ) ;
#2856 = LINE ( 'NONE', #4038, #6269 ) ;
#2857 = CARTESIAN_POINT ( 'NONE',  ( -0.4019230769230784900, 0.1236296624955716000, 0.1701616322928579100 ) ) ;
#2858 = CARTESIAN_POINT ( 'NONE',  ( -0.1012136957216080400, -0.2230015414744929700, 0.3637499999999998000 ) ) ;
#2859 = CARTESIAN_POINT ( 'NONE',  ( 0.3903846153846145500, 0.2500000000000000600, -0.08122992405822657100 ) ) ;
#2860 = CARTESIAN_POINT ( 'NONE',  ( -0.5156250000000004400, 0.3161348578503767600, -0.2024383641595828300 ) ) ;
#2861 = CARTESIAN_POINT ( 'NONE',  ( -0.3586538461538478200, 0.1596549696361239700, 0.2197462137205352700 ) ) ;
#2862 = CARTESIAN_POINT ( 'NONE',  ( 0.01442307692307558600, 0.2583271673440810700, 0.0000000000000000000 ) ) ;
#2863 = CARTESIAN_POINT ( 'NONE',  ( 0.03100232932790750200, -0.1981322715315423100, 0.1211224626934063900 ) ) ;
#2864 = VERTEX_POINT ( 'NONE', #3431 ) ;
#2865 = CARTESIAN_POINT ( 'NONE',  ( 0.2249999999999990900, -0.06181483124778584100, 0.1902464884845768100 ) ) ;
#2866 = DIRECTION ( 'NONE',  ( 0.0000000000000000000, 0.0000000000000000000, -1.000000000000000000 ) ) ;
#2867 = CARTESIAN_POINT ( 'NONE',  ( 0.1591346153846140100, 0.1570817334117988200, -0.2162044579042725600 ) ) ;
#2868 = CARTESIAN_POINT ( 'NONE',  ( -0.5156250000000000000, 0.1012499999999999800, -0.009249999999999997800 ) ) ;
#2869 = CARTESIAN_POINT ( 'NONE',  ( 0.7461538461538456100, 0.2000369959355130000, -0.06499595995471001100 ) ) ;
#2870 = CARTESIAN_POINT ( 'NONE',  ( 0.2307692307692297300, -3.863724120272764700E-017, 0.2103313446762957200 ) ) ;
#2871 = CARTESIAN_POINT ( 'NONE',  ( 1.233653846153846200, 0.1596549696361239700, -0.2197462137205352100 ) ) ;
#2872 = CARTESIAN_POINT ( 'NONE',  ( 0.3788461538461530600, -0.06181483124778584100, 0.1902464884845768100 ) ) ;
#2873 = CARTESIAN_POINT ( 'NONE',  ( 0.7403846153846149700, 0.2000369959355130500, 0.0000000000000000000 ) ) ;
#2874 = CARTESIAN_POINT ( 'NONE',  ( 0.9615384615384610100, 4.638126268221290200E-016, 0.2500000000000000000 ) ) ;
#2875 = CARTESIAN_POINT ( 'NONE',  ( 0.4461538461538454000, 0.2000369959355130000, 0.06499595995471008100 ) ) ;
#2876 = CARTESIAN_POINT ( 'NONE',  ( 0.7307692307692298400, 9.626299801968717100E-016, 0.2500000000000000000 ) ) ;
#2877 = CARTESIAN_POINT ( 'NONE',  ( 0.7403846153846149700, 0.2000369959355130500, 0.0000000000000000000 ) ) ;
#2878 = DIRECTION ( 'NONE',  ( -0.0000000000000000000, 0.4999999999999919500, -0.8660254037844432600 ) ) ;
#2879 = CARTESIAN_POINT ( 'NONE',  ( -0.3250000000000015700, 0.1236296624955716000, 0.1701616322928579100 ) ) ;
#2880 = EDGE_CURVE ( 'NONE', #1779, #751, #4031, .T. ) ;
#2881 = CARTESIAN_POINT ( 'NONE',  ( -0.5136250000000000000, -0.05863573498500528800, 0.08306007213317495600 ) ) ;
#2882 = CARTESIAN_POINT ( 'NONE',  ( -0.5156250000000000000, -0.1346322142074226300, 0.2556898353427579100 ) ) ;
#2883 = FACE_BOUND ( 'NONE', #4483, .T. ) ;
#2884 = DIRECTION ( 'NONE',  ( 0.0000000000000000000, 0.0000000000000000000, 1.000000000000000000 ) ) ;
#2885 = CARTESIAN_POINT ( 'NONE',  ( -0.4435135844993303200, 0.2472035936858744700, 0.07498872353098122400 ) ) ;
#2886 = CARTESIAN_POINT ( 'NONE',  ( -0.1971153846153862700, -4.989601562057195500E-017, 0.2716212579567785500 ) ) ;
#2887 = CARTESIAN_POINT ( 'NONE',  ( -0.4857957059411694400, -0.4265175113638359200, -0.01125000000000010500 ) ) ;
#2888 = ORIENTED_EDGE ( 'NONE', *, *, #7242, .T. ) ;
#2889 = CARTESIAN_POINT ( 'NONE',  ( 0.1288461538461528100, 0.2000369959355130000, 0.06499595995471006700 ) ) ;
#2890 = CARTESIAN_POINT ( 'NONE',  ( -0.4906249999999999800, -0.1541177857925761000, -0.2444398353427559600 ) ) ;
#2891 = CARTESIAN_POINT ( 'NONE',  ( 0.1245192307692293400, -0.2056226585419196600, 0.1493936061522294100 ) ) ;
#2892 = DIRECTION ( 'NONE',  ( 0.0000000000000000000, -0.8660254037844369300, 0.5000000000000027800 ) ) ;
#2893 = ADVANCED_FACE ( 'NONE', ( #6526 ), #2758, .T. ) ;
#2894 = CARTESIAN_POINT ( 'NONE',  ( 0.8807692307692303000, -0.06181483124778579900, -0.1902464884845768400 ) ) ;
#2895 = CARTESIAN_POINT ( 'NONE',  ( 0.3999999999999991300, -0.2000369959355130200, 0.06499595995470997000 ) ) ;
#2896 = CARTESIAN_POINT ( 'NONE',  ( 1.225961538461538100, 1.663200520685731400E-017, -0.2716212579567785500 ) ) ;
#2897 = CARTESIAN_POINT ( 'NONE',  ( 0.4480769230769222600, 0.06181483124778577900, 0.1902464884845768400 ) ) ;
#2898 = CARTESIAN_POINT ( 'NONE',  ( 0.6519230769230763800, 0.1236296624955716700, -0.1701616322928578600 ) ) ;
#2899 = ORIENTED_EDGE ( 'NONE', *, *, #2315, .T. ) ;
#2900 = EDGE_CURVE ( 'NONE', #5060, #2626, #2856, .T. ) ;
#2901 = VERTEX_POINT ( 'NONE', #6812 ) ;
#2902 = CARTESIAN_POINT ( 'NONE',  ( 0.1807209891712740200, 0.03959611008113402700, 0.2500000000000000600 ) ) ;
#2903 = CARTESIAN_POINT ( 'NONE',  ( 0.4115384615384606900, -0.1618333292155423300, -0.1175787961237840000 ) ) ;
#2904 = CARTESIAN_POINT ( 'NONE',  ( 0.6288461538461532800, -0.2000369959355130000, -0.06499595995471003900 ) ) ;
#2905 = DIRECTION ( 'NONE',  ( -0.7071067811865495700, 8.659560562354908200E-017, -0.7071067811865454600 ) ) ;
#2906 = CARTESIAN_POINT ( 'NONE',  ( -0.3711538461538478900, -0.2000369959355130000, -0.06499595995471003900 ) ) ;
#2907 = ORIENTED_EDGE ( 'NONE', *, *, #7108, .T. ) ;
#2908 = B_SPLINE_CURVE_WITH_KNOTS ( 'NONE', 3,
 ( #6573, #6546, #2545, #1999, #356, #3189, #309, #284 ),
 .UNSPECIFIED., .F., .F.,
 ( 4, 2, 2, 4 ),
 ( 0.005564589980275972400, 0.006865634521519239900, 0.008166679062762508300, 0.01076876814524904300 ),
 .UNSPECIFIED. ) ;
#2909 = CARTESIAN_POINT ( 'NONE',  ( 1.210190269861370900, -0.01189734354052063600, -0.2321174224462761200 ) ) ;
#2910 = DIRECTION ( 'NONE',  ( -1.000000000000000000, -0.0000000000000000000, -0.0000000000000000000 ) ) ;
#2911 = CARTESIAN_POINT ( 'NONE',  ( 1.288461538461538500, 0.2000369959355130500, 0.0000000000000000000 ) ) ;
#2912 = CARTESIAN_POINT ( 'NONE',  ( 0.2346153846153833400, 0.07725424859373684900, -0.2377641290737883600 ) ) ;
#2913 = CARTESIAN_POINT ( 'NONE',  ( -0.2932692307692325600, 0.2583271673440810700, 0.0000000000000000000 ) ) ;
#2914 = CARTESIAN_POINT ( 'NONE',  ( -0.1625000000000016200, -0.07982748481806198300, -0.2456837358386569400 ) ) ;
#2915 = CARTESIAN_POINT ( 'NONE',  ( 0.5519230769230761800, 0.2500000000000000600, 0.08122992405822665500 ) ) ;
#2916 = VERTEX_POINT ( 'NONE', #2293 ) ;
#2917 = CARTESIAN_POINT ( 'NONE',  ( 0.2442307692307683100, -0.2000369959355130000, -0.06499595995471003900 ) ) ;
#2918 = CARTESIAN_POINT ( 'NONE',  ( 0.01519079984019139500, 0.1556900352791423500, 0.1846532626293823600 ) ) ;
#2919 = CARTESIAN_POINT ( 'NONE',  ( 0.2206730769230756100, -0.1570817334117988200, -0.2162044579042725600 ) ) ;
#2920 =( BOUNDED_CURVE ( )  B_SPLINE_CURVE ( 2, ( #5555, #4454, #6109, #5575, #3313, #7243, #7292, #5147, #2124, #579, #6693, #5175, #5726 ),
 .UNSPECIFIED., .F., .F. ) 
 B_SPLINE_CURVE_WITH_KNOTS ( ( 3, 2, 2, 2, 2, 2, 3 ),
 ( 0.7914390939239908100, 0.7936130069674690600, 0.7979608330544256700, 0.8023086591413821600, 0.8066564852283386600, 0.8110043113152951600, 0.8131782243587735200 ),
 .UNSPECIFIED. ) 
 CURVE ( )  GEOMETRIC_REPRESENTATION_ITEM ( )  RATIONAL_B_SPLINE_CURVE ( ( 0.9755282581475767100, 0.9755282581475767100, 1.000000000000000000, 0.9510565162951534200, 1.000000000000000000, 0.9510565162951534200, 1.000000000000000000, 0.9510565162951534200, 1.000000000000000000, 0.9510565162951534200, 1.000000000000000000, 0.9755282581475754900, 0.9755282581475767100 ) ) 
 REPRESENTATION_ITEM ( '' )  );
#2921 = DIRECTION ( 'NONE',  ( 0.0000000000000000000, -0.5000000000000042200, -0.8660254037844362700 ) ) ;
#2922 = ORIENTED_EDGE ( 'NONE', *, *, #4289, .T. ) ;
#2923 = CARTESIAN_POINT ( 'NONE',  ( 0.7576923076923072200, 0.1618333292155423300, 0.1175787961237840100 ) ) ;
#2924 = CARTESIAN_POINT ( 'NONE',  ( 0.2230769230769220300, 0.1236296624955716000, 0.1701616322928579100 ) ) ;
#2925 = CARTESIAN_POINT ( 'NONE',  ( 1.222115384615384500, -0.07982748481806198300, -0.2456837358386569400 ) ) ;
#2926 = CARTESIAN_POINT ( 'NONE',  ( 0.2788461538461528600, 0.2000369959355130500, 0.0000000000000000000 ) ) ;
#2927 = CARTESIAN_POINT ( 'NONE',  ( -0.1947115384615400500, -4.909181744786878600E-017, 0.2672434070081726200 ) ) ;
#2928 = AXIS2_PLACEMENT_3D ( 'NONE', #1875, #675, #5793 ) ;
#2929 = ORIENTED_EDGE ( 'NONE', *, *, #3891, .F. ) ;
#2930 = CARTESIAN_POINT ( 'NONE',  ( 0.1999999999999989800, 0.1236296624955716700, -0.1701616322928578600 ) ) ;
#2931 = CARTESIAN_POINT ( 'NONE',  ( 0.7596153846153840300, 1.312677245723006800E-017, -0.2499999999999999700 ) ) ;
#2932 = CARTESIAN_POINT ( 'NONE',  ( 0.6557692307692302200, 0.1618333292155423300, -0.1175787961237839500 ) ) ;
#2933 = CARTESIAN_POINT ( 'NONE',  ( 1.232692307692307800, -0.1618333292155423300, 0.1175787961237839400 ) ) ;
#2934 = CARTESIAN_POINT ( 'NONE',  ( -0.4326923076923094300, 1.287908040090921300E-017, -0.2103313446762957200 ) ) ;
#2935 = LINE ( 'NONE', #3811, #162 ) ;
#2936 = ADVANCED_FACE ( 'NONE', ( #1597 ), #2312, .T. ) ;
#2937 = CARTESIAN_POINT ( 'NONE',  ( -0.5136250000000000000, -0.1443750000000011700, -0.2500648353427560300 ) ) ;
#2938 = VERTEX_POINT ( 'NONE', #2876 ) ;
#2939 = DIRECTION ( 'NONE',  ( 1.000000000000000000, -0.0000000000000000000, 0.0000000000000000000 ) ) ;
#2940 = DIRECTION ( 'NONE',  ( -1.000000000000000000, -0.0000000000000000000, -0.0000000000000000000 ) ) ;
#2941 = CARTESIAN_POINT ( 'NONE',  ( -0.4278846153846173100, -4.989601562057195500E-017, 0.2716212579567785500 ) ) ;
#2942 = CARTESIAN_POINT ( 'NONE',  ( -0.08942307692307847900, -0.1596549696361239700, -0.2197462137205352100 ) ) ;
#2943 = CARTESIAN_POINT ( 'NONE',  ( 0.9595671430174284000, 0.03959611008113302800, 0.2500000000000002200 ) ) ;
#2944 = CIRCLE ( 'NONE', #4480, 0.01250000000000000200 ) ;
#2945 = VERTEX_POINT ( 'NONE', #1670 ) ;
#2946 = CARTESIAN_POINT ( 'NONE',  ( 0.2788461538461528600, 0.2000369959355130500, 0.0000000000000000000 ) ) ;
#2947 = DIRECTION ( 'NONE',  ( 0.0000000000000000000, 0.0000000000000000000, -1.000000000000000000 ) ) ;
#2948 = CARTESIAN_POINT ( 'NONE',  ( 0.2014423076923063900, -0.2056226585419196600, 0.1493936061522294100 ) ) ;
#2949 = CARTESIAN_POINT ( 'NONE',  ( 0.7423076923076915600, -0.2022542485937368600, 0.1469463130731182300 ) ) ;
#2950 = EDGE_CURVE ( 'NONE', #6393, #6112, #5501, .T. ) ;
#2951 = CARTESIAN_POINT ( 'NONE',  ( 0.9884615384615381700, 0.1618333292155423300, 0.1175787961237840100 ) ) ;
#2952 = CYLINDRICAL_SURFACE ( 'NONE', #6271, 0.2500000000000000000 ) ;
#2953 = CARTESIAN_POINT ( 'NONE',  ( 0.03461538461538332000, -0.06181483124778579900, -0.1902464884845768400 ) ) ;
#2954 = CARTESIAN_POINT ( 'NONE',  ( 0.8644230769230761800, 0.2583271673440810700, 0.08393558474214604700 ) ) ;
#2955 = CARTESIAN_POINT ( 'NONE',  ( 0.2711538461538451900, 0.1618333292155423300, -0.1175787961237839500 ) ) ;
#2956 = CARTESIAN_POINT ( 'NONE',  ( -0.2254807692307709800, 0.1570817334117988200, -0.2162044579042725600 ) ) ;
#2957 = DIRECTION ( 'NONE',  ( 0.0000000000000000000, -0.8660254037844434800, -0.4999999999999917300 ) ) ;
#2958 = CARTESIAN_POINT ( 'NONE',  ( 0.1538461538461527200, -3.863724120272764700E-017, 0.2103313446762957200 ) ) ;
#2959 = CARTESIAN_POINT ( 'NONE',  ( 0.6980769230769226000, -0.2000369959355130800, 0.06499595995470997000 ) ) ;
#2960 = ORIENTED_EDGE ( 'NONE', *, *, #3891, .T. ) ;
#2961 = CARTESIAN_POINT ( 'NONE',  ( 0.2288461538461528100, 0.1545084971874737300, -0.2126627020880100000 ) ) ;
#2962 = AXIS2_PLACEMENT_3D ( 'NONE', #4195, #7024, #1256 ) ;
#2963 = CARTESIAN_POINT ( 'NONE',  ( 1.223076923076923200, 0.1236296624955716000, 0.1701616322928579100 ) ) ;
#2964 = B_SPLINE_CURVE_WITH_KNOTS ( 'NONE', 3,
 ( #5392, #4246, #7077, #3043, #4225, #1952 ),
 .UNSPECIFIED., .F., .F.,
 ( 4, 2, 4 ),
 ( 7.589415207398530100E-019, 0.0003014487848382758600, 0.0006028975696765509700 ),
 .UNSPECIFIED. ) ;
#2965 = CARTESIAN_POINT ( 'NONE',  ( 1.199353467972555300, -0.2413522425856707300, -0.03024926516136676500 ) ) ;
#2966 = EDGE_LOOP ( 'NONE', ( #7003, #1947, #6916, #5241 ) ) ;
#2967 = DIRECTION ( 'NONE',  ( 1.000000000000000000, -0.0000000000000000000, 0.0000000000000000000 ) ) ;
#2968 = CARTESIAN_POINT ( 'NONE',  ( 1.075000000000000000, 0.1545084971874737300, -0.2126627020880100000 ) ) ;
#2969 = CARTESIAN_POINT ( 'NONE',  ( -0.1586538461538478700, 1.663200520685731400E-017, -0.2716212579567785500 ) ) ;
#2970 = CARTESIAN_POINT ( 'NONE',  ( 0.4326923076923069300, 0.2000369959355130500, 0.0000000000000000000 ) ) ;
#2971 = CARTESIAN_POINT ( 'NONE',  ( -0.5156250000000000000, -1.024442997624098700E-016, 0.3749999999999998300 ) ) ;
#2972 = CARTESIAN_POINT ( 'NONE',  ( 0.06682692307692167400, -0.1570817334117988200, -0.2162044579042725600 ) ) ;
#2973 = CARTESIAN_POINT ( 'NONE',  ( 0.7327405492902625600, -0.03959611008113214000, 0.2500000000000006100 ) ) ;
#2974 = ADVANCED_FACE ( 'NONE', ( #1425 ), #2133, .T. ) ;
#2975 = CARTESIAN_POINT ( 'NONE',  ( 0.5346153846153838300, 0.06181483124778577900, 0.1902464884845768400 ) ) ;
#2976 = CARTESIAN_POINT ( 'NONE',  ( 0.1769230769230758200, -0.2000369959355130000, -0.06499595995471003900 ) ) ;
#2977 = CARTESIAN_POINT ( 'NONE',  ( 0.8913461538461532300, -0.2089910684901025400, 0.1518408992313405900 ) ) ;
#2978 = CARTESIAN_POINT ( 'NONE',  ( 0.2557692307692299200, -0.06181483124778579900, -0.1902464884845768400 ) ) ;
#2979 = CARTESIAN_POINT ( 'NONE',  ( -0.1831730769230785200, -0.2056226585419196600, 0.1493936061522294100 ) ) ;
#2980 = DIRECTION ( 'NONE',  ( 0.0000000000000000000, -0.4999999999999919000, 0.8660254037844432600 ) ) ;
#2981 = CARTESIAN_POINT ( 'NONE',  ( 0.003846153846152670200, -0.06181483124778584100, 0.1902464884845768100 ) ) ;
#2982 = CARTESIAN_POINT ( 'NONE',  ( 1.167307692307692400, -0.2000369959355130000, -0.06499595995471003900 ) ) ;
#2983 = EDGE_LOOP ( 'NONE', ( #4809, #4026, #395, #6230 ) ) ;
#2984 = CARTESIAN_POINT ( 'NONE',  ( -0.4826923076923094200, 0.1618333292155423300, 0.1175787961237840100 ) ) ;
#2985 = EDGE_CURVE ( 'NONE', #3643, #2626, #7144, .T. ) ;
#2986 = AXIS2_PLACEMENT_3D ( 'NONE', #904, #7199, #3792 ) ;
#2987 = CARTESIAN_POINT ( 'NONE',  ( 1.197512643549836200, -0.2434058228255152300, 0.02859321032022757100 ) ) ;
#2988 = VERTEX_POINT ( 'NONE', #2852 ) ;
#2989 = DIRECTION ( 'NONE',  ( 0.0000000000000000000, 0.8660254037844362700, -0.5000000000000041100 ) ) ;
#2990 = CARTESIAN_POINT ( 'NONE',  ( -0.5102947054543880400, 6.829619984160658000E-017, 0.0000000000000000000 ) ) ;
#2991 = ORIENTED_EDGE ( 'NONE', *, *, #3755, .F. ) ;
#2992 = DIRECTION ( 'NONE',  ( -1.000000000000000000, -0.0000000000000000000, -0.0000000000000000000 ) ) ;
#2993 = CARTESIAN_POINT ( 'NONE',  ( 0.8461538461538454800, 5.250708982892026900E-016, -0.2500000000000000000 ) ) ;
#2994 = CARTESIAN_POINT ( 'NONE',  ( -0.1012136957216079700, 0.2035159698893429800, -0.3749999999999999400 ) ) ;
#2995 = EDGE_CURVE ( 'NONE', #674, #2675, #1494, .T. ) ;
#2996 = CARTESIAN_POINT ( 'NONE',  ( 0.2980769230769221800, -3.863724120272764700E-017, 0.2103313446762957200 ) ) ;
#2997 = CARTESIAN_POINT ( 'NONE',  ( -0.5156250000000000000, 0.2887499999999999500, -2.062764452313822400E-017 ) ) ;
#2998 = CARTESIAN_POINT ( 'NONE',  ( 0.8173076923076917400, -0.2500000000000000000, -3.061616997868382400E-017 ) ) ;
#2999 = VERTEX_POINT ( 'NONE', #1119 ) ;
#3000 = CARTESIAN_POINT ( 'NONE',  ( 0.3384615384615372000, 0.1545084971874736400, 0.2126627020880099400 ) ) ;
#3001 = ORIENTED_EDGE ( 'NONE', *, *, #2104, .T. ) ;
#3002 = CARTESIAN_POINT ( 'NONE',  ( 0.5846153846153839800, 0.1236296624955716500, -0.1701616322928578600 ) ) ;
#3003 = CARTESIAN_POINT ( 'NONE',  ( 0.003846153846152670200, -0.06181483124778584100, 0.1902464884845768100 ) ) ;
#3004 = CARTESIAN_POINT ( 'NONE',  ( 0.9798076923076919400, -0.2583271673440810700, -0.08393558474214601900 ) ) ;
#3005 = CARTESIAN_POINT ( 'NONE',  ( 0.1634615384615373800, -0.2000369959355130500, -2.449746667834781800E-017 ) ) ;
#3006 = CARTESIAN_POINT ( 'NONE',  ( -0.02163461538461693100, -0.2541635836720405100, -3.112606192037848400E-017 ) ) ;
#3007 = AXIS2_PLACEMENT_3D ( 'NONE', #3134, #3205, #1970 ) ;
#3008 = VERTEX_POINT ( 'NONE', #5719 ) ;
#3009 = CARTESIAN_POINT ( 'NONE',  ( -0.1103845176744510400, 0.4098669727682105500, -0.04008957882100968500 ) ) ;
#3010 = CARTESIAN_POINT ( 'NONE',  ( -0.03461538461538605400, 0.06181483124778582700, -0.1902464884845768100 ) ) ;
#3011 = CARTESIAN_POINT ( 'NONE',  ( 0.8865867031364165200, -0.03959611008113410300, 0.2499999999999999200 ) ) ;
#3012 = CARTESIAN_POINT ( 'NONE',  ( 1.144230769230769400, -3.863724120272764700E-017, 0.2103313446762957200 ) ) ;
#3013 = CARTESIAN_POINT ( 'NONE',  ( 1.088461538461538400, -0.1618333292155423300, 0.1175787961237839400 ) ) ;
#3014 = FACE_OUTER_BOUND ( 'NONE', #776, .T. ) ;
#3015 = CARTESIAN_POINT ( 'NONE',  ( 1.232692307692307800, -0.1618333292155423300, 0.1175787961237839400 ) ) ;
#3016 = CARTESIAN_POINT ( 'NONE',  ( 0.1903846153846142100, -0.1545084971874737300, 0.2126627020880099700 ) ) ;
#3017 = CARTESIAN_POINT ( 'NONE',  ( 1.096153846153846000, -0.2000369959355130500, -2.449746667834781800E-017 ) ) ;
#3018 = CARTESIAN_POINT ( 'NONE',  ( -0.5156250000000000000, 0.1012499999999999900, 0.01125000000000000100 ) ) ;
#3019 = DIRECTION ( 'NONE',  ( 0.0000000000000000000, 0.0000000000000000000, 1.000000000000000000 ) ) ;
#3020 = ORIENTED_EDGE ( 'NONE', *, *, #7284, .F. ) ;
#3021 = CARTESIAN_POINT ( 'NONE',  ( 1.218412917110793800, 0.1895713462519444900, -0.1193459896897804000 ) ) ;
#3022 = CARTESIAN_POINT ( 'NONE',  ( 0.3942307692307685000, -0.2000369959355130500, -2.449746667834781800E-017 ) ) ;
#3023 = CARTESIAN_POINT ( 'NONE',  ( 0.6788461538461531000, -0.07725424859373683500, -0.2377641290737884100 ) ) ;
#3024 = CARTESIAN_POINT ( 'NONE',  ( 1.193749999999999600, -0.07854086670589945100, 0.2417239324562225900 ) ) ;
#3025 = CARTESIAN_POINT ( 'NONE',  ( 0.4211538461538453200, -0.1545084971874737300, 0.2126627020880099700 ) ) ;
#3026 = FACE_OUTER_BOUND ( 'NONE', #4892, .T. ) ;
#3027 = CARTESIAN_POINT ( 'NONE',  ( 0.5538461538461531000, -0.2000369959355130800, 0.06499595995470997000 ) ) ;
#3028 = CARTESIAN_POINT ( 'NONE',  ( 0.1230769230769219200, 0.1236296624955716700, -0.1701616322928578600 ) ) ;
#3029 = CARTESIAN_POINT ( 'NONE',  ( 0.8759615384615379000, 0.07982748481806195600, 0.2456837358386569400 ) ) ;
#3030 = VERTEX_POINT ( 'NONE', #4167 ) ;
#3031 = CARTESIAN_POINT ( 'NONE',  ( 0.05576923076922970400, 0.1618333292155423300, 0.1175787961237840100 ) ) ;
#3032 = CARTESIAN_POINT ( 'NONE',  ( -0.01778846153846316500, -0.2541635836720405100, -0.08258275440018630900 ) ) ;
#3033 = VECTOR ( 'NONE', #3727, 39.37007874015748100 ) ;
#3034 = CARTESIAN_POINT ( 'NONE',  ( -0.1103706431570067500, 0.2396268895049334100, -0.3349540525177617800 ) ) ;
#3035 = AXIS2_PLACEMENT_3D ( 'NONE', #6368, #2352, #6876 ) ;
#3036 = CARTESIAN_POINT ( 'NONE',  ( 0.05384615384615268300, 0.2000369959355130000, -0.06499595995470999800 ) ) ;
#3037 = CARTESIAN_POINT ( 'NONE',  ( 0.5499999999999990500, 0.2022542485937368600, -0.1469463130731182600 ) ) ;
#3038 = CARTESIAN_POINT ( 'NONE',  ( 1.205769230769230700, 0.2000369959355130000, 0.06499595995471008100 ) ) ;
#3039 = ORIENTED_EDGE ( 'NONE', *, *, #6575, .F. ) ;
#3040 = CARTESIAN_POINT ( 'NONE',  ( 1.042307692307692200, 0.06181483124778582700, -0.1902464884845768100 ) ) ;
#3041 = VECTOR ( 'NONE', #4052, 39.37007874015748100 ) ;
#3042 = CARTESIAN_POINT ( 'NONE',  ( 1.149999999999999700, -0.07725424859373682100, -0.2377641290737883800 ) ) ;
#3043 = CARTESIAN_POINT ( 'NONE',  ( -0.4841390361425060300, -0.4295354742723607700, 0.003943322557906019100 ) ) ;
#3044 = CARTESIAN_POINT ( 'NONE',  ( 1.157692307692307600, -0.06181483124778584100, 0.1902464884845768100 ) ) ;
#3045 = DIRECTION ( 'NONE',  ( 0.0000000000000000000, 0.0000000000000000000, 1.000000000000000000 ) ) ;
#3046 = DIRECTION ( 'NONE',  ( 1.000000000000000000, -0.0000000000000000000, -0.0000000000000000000 ) ) ;
#3047 = FACE_OUTER_BOUND ( 'NONE', #3624, .T. ) ;
#3048 = CARTESIAN_POINT ( 'NONE',  ( 1.217442506241139800, 0.1737214058096757400, -0.1435010349980924100 ) ) ;
#3049 = CARTESIAN_POINT ( 'NONE',  ( 0.3480769230769222300, 0.1618333292155423300, -0.1175787961237839500 ) ) ;
#3050 = CARTESIAN_POINT ( 'NONE',  ( 0.1173559339056464800, -0.03959611008113410300, 0.2499999999999999200 ) ) ;
#3051 = CARTESIAN_POINT ( 'NONE',  ( 1.243749999999999900, 0.2541635836720405100, -0.08258275440018626700 ) ) ;
#3052 = CARTESIAN_POINT ( 'NONE',  ( 0.1153846153846139800, -4.375590819076688800E-017, 0.2499999999999999700 ) ) ;
#3053 = EDGE_CURVE ( 'NONE', #1904, #1228, #2128, .T. ) ;
#3054 = ADVANCED_FACE ( 'NONE', ( #2576 ), #1687, .T. ) ;
#3055 = CARTESIAN_POINT ( 'NONE',  ( 0.6192307692307685900, -0.06181483124778584100, 0.1902464884845768100 ) ) ;
#3056 = CARTESIAN_POINT ( 'NONE',  ( -0.2269230769230783100, -0.06181483124778584100, 0.1902464884845768100 ) ) ;
#3057 = CARTESIAN_POINT ( 'NONE',  ( 1.025961538461538100, 0.1596549696361239700, 0.2197462137205352700 ) ) ;
#3058 = CARTESIAN_POINT ( 'NONE',  ( 0.1096153846153834800, 0.06181483124778582700, -0.1902464884845768100 ) ) ;
#3059 = CARTESIAN_POINT ( 'NONE',  ( -0.2908653846153863600, 0.2541635836720405100, 0.0000000000000000000 ) ) ;
#3060 = DIRECTION ( 'NONE',  ( -1.000000000000000000, -0.0000000000000000000, -0.0000000000000000000 ) ) ;
#3061 = DIRECTION ( 'NONE',  ( -1.000000000000000000, -0.0000000000000000000, -0.0000000000000000000 ) ) ;
#3062 = CARTESIAN_POINT ( 'NONE',  ( 0.9942307692307690300, -0.06181483124778584100, 0.1902464884845768100 ) ) ;
#3063 = AXIS2_PLACEMENT_3D ( 'NONE', #6892, #3408, #3487 ) ;
#3064 = CARTESIAN_POINT ( 'NONE',  ( 0.9807692307692305000, 0.2000369959355130500, 0.0000000000000000000 ) ) ;
#3065 =( BOUNDED_CURVE ( )  B_SPLINE_CURVE ( 2, ( #5830, #4147, #240, #3685, #4848, #3090, #4758, #1858, #4777, #6509, #1379, #2505, #3664 ),
 .UNSPECIFIED., .F., .F. ) 
 B_SPLINE_CURVE_WITH_KNOTS ( ( 3, 2, 2, 2, 2, 2, 3 ),
 ( 0.6827434449664547800, 0.6849173580099330300, 0.6892651840968896400, 0.6936130101838461300, 0.6979608362708027400, 0.7023086623577592400, 0.7044825754012373800 ),
 .UNSPECIFIED. ) 
 CURVE ( )  GEOMETRIC_REPRESENTATION_ITEM ( )  RATIONAL_B_SPLINE_CURVE ( ( 0.9755282581475768200, 0.9755282581475768200, 1.000000000000000000, 0.9510565162951535300, 1.000000000000000000, 0.9510565162951535300, 1.000000000000000000, 0.9510565162951535300, 1.000000000000000000, 0.9510565162951535300, 1.000000000000000000, 0.9755282581475780400, 0.9755282581475768200 ) ) 
 REPRESENTATION_ITEM ( '' )  );
#3066 = CARTESIAN_POINT ( 'NONE',  ( 1.119230769230768800, -0.07725424859373686300, 0.2377641290737883600 ) ) ;
#3067 = CARTESIAN_POINT ( 'NONE',  ( 0.1865384615384604000, -0.07725424859373689100, 0.2377641290737883800 ) ) ;
#3068 = CARTESIAN_POINT ( 'NONE',  ( 1.192307692307692100, 1.287908040090921300E-017, -0.2103313446762957200 ) ) ;
#3069 = CARTESIAN_POINT ( 'NONE',  ( -0.4906249999999999800, 0.1012499999999999900, 2.540244873984488400E-018 ) ) ;
#3070 = CARTESIAN_POINT ( 'NONE',  ( -0.5156250000000000000, -0.3247595264191644500, 0.1874999999999999700 ) ) ;
#3071 = CARTESIAN_POINT ( 'NONE',  ( 1.250000000000000000, 0.0000000000000000000, 0.0000000000000000000 ) ) ;
#3072 = CARTESIAN_POINT ( 'NONE',  ( -0.5156250000000000000, 0.0000000000000000000, 0.0000000000000000000 ) ) ;
#3073 = CYLINDRICAL_SURFACE ( 'NONE', #1328, 0.2500000000000000000 ) ;
#3074 = CARTESIAN_POINT ( 'NONE',  ( 0.3096153846153837900, -0.1618333292155423300, 0.1175787961237839400 ) ) ;
#3075 = CARTESIAN_POINT ( 'NONE',  ( 1.209134615384615200, -0.2541635836720405100, -3.112606192037848400E-017 ) ) ;
#3076 = CARTESIAN_POINT ( 'NONE',  ( 0.4154328569825699900, -0.03959611008113311800, 0.2500000000000002800 ) ) ;
#3077 = CARTESIAN_POINT ( 'NONE',  ( 0.5923076923076916500, 0.2000369959355130000, -0.06499595995471001100 ) ) ;
#3078 = CARTESIAN_POINT ( 'NONE',  ( -0.1423076923076936100, -0.1618333292155423300, 0.1175787961237839400 ) ) ;
#3079 = CARTESIAN_POINT ( 'NONE',  ( 0.5913461538461530800, -0.2583271673440810700, -3.163595386207315100E-017 ) ) ;
#3080 = AXIS2_PLACEMENT_3D ( 'NONE', #2445, #1301, #2957 ) ;
#3081 = CARTESIAN_POINT ( 'NONE',  ( 0.001923076923075652300, -0.1618333292155423300, 0.1175787961237839400 ) ) ;
#3082 = CARTESIAN_POINT ( 'NONE',  ( -0.3947115384615404500, -0.1570817334117988200, -0.2162044579042725600 ) ) ;
#3083 = ORIENTED_EDGE ( 'NONE', *, *, #2687, .T. ) ;
#3084 = CARTESIAN_POINT ( 'NONE',  ( 1.250000000000000000, 0.0000000000000000000, 0.0000000000000000000 ) ) ;
#3085 = CARTESIAN_POINT ( 'NONE',  ( 1.136538461538461300, 0.1236296624955716000, 0.1701616322928579100 ) ) ;
#3086 = CARTESIAN_POINT ( 'NONE',  ( 1.146153846153845900, 0.1236296624955716000, 0.1701616322928579100 ) ) ;
#3087 = VERTEX_POINT ( 'NONE', #6976 ) ;
#3088 = ADVANCED_FACE ( 'NONE', ( #6084 ), #5563, .T. ) ;
#3089 = ORIENTED_EDGE ( 'NONE', *, *, #4816, .T. ) ;
#3090 = CARTESIAN_POINT ( 'NONE',  ( 0.7076923076923067300, 0.2499999999999999200, -0.08122992405822653000 ) ) ;
#3091 = CARTESIAN_POINT ( 'NONE',  ( 0.9576923076923074000, -0.06181483124778579900, -0.1902464884845768400 ) ) ;
#3092 = DIRECTION ( 'NONE',  ( -1.000000000000000000, -0.0000000000000000000, -0.0000000000000000000 ) ) ;
#3093 = CARTESIAN_POINT ( 'NONE',  ( -0.1001489031158495200, -0.4284507481521721000, -0.007901535659540720100 ) ) ;
#3094 = CARTESIAN_POINT ( 'NONE',  ( 0.8230769230769223700, -0.2500000000000000600, 0.08122992405822651600 ) ) ;
#3095 = ORIENTED_EDGE ( 'NONE', *, *, #5202, .T. ) ;
#3096 = EDGE_CURVE ( 'NONE', #668, #6041, #942, .T. ) ;
#3097 = CARTESIAN_POINT ( 'NONE',  ( 1.211087268977437500, 0.01444321050208845000, -0.2312204233303116200 ) ) ;
#3098 = EDGE_CURVE ( 'NONE', #5690, #4347, #3491, .T. ) ;
#3099 = CARTESIAN_POINT ( 'NONE',  ( 0.04423076923076813700, 0.2000369959355130000, -0.06499595995470999800 ) ) ;
#3100 = CARTESIAN_POINT ( 'NONE',  ( 0.003508883373985950700, 0.2293542156834906000, -0.09731906647542876200 ) ) ;
#3101 = CARTESIAN_POINT ( 'NONE',  ( 0.3461538461538448100, 1.986518231860816500E-015, 0.2499999999999999700 ) ) ;
#3102 = ORIENTED_EDGE ( 'NONE', *, *, #224, .T. ) ;
#3103 = CARTESIAN_POINT ( 'NONE',  ( 0.3846153846153836400, -3.863724120272764700E-017, 0.2103313446762957200 ) ) ;
#3104 = CARTESIAN_POINT ( 'NONE',  ( -0.03461538461538605400, 0.06181483124778582700, -0.1902464884845768100 ) ) ;
#3105 = CARTESIAN_POINT ( 'NONE',  ( 0.6144230769230761800, 0.07982748481806199700, -0.2456837358386569100 ) ) ;
#3106 = CARTESIAN_POINT ( 'NONE',  ( 0.1480769230769220500, -0.06181483124778584100, 0.1902464884845768100 ) ) ;
#3107 = CARTESIAN_POINT ( 'NONE',  ( -0.4677884615384635400, -0.07854086670589939500, -0.2417239324562226500 ) ) ;
#3108 = LINE ( 'NONE', #1084, #6584 ) ;
#3109 = CARTESIAN_POINT ( 'NONE',  ( 0.3345671430174280700, 0.03959611008113402700, 0.2500000000000000600 ) ) ;
#3110 = ORIENTED_EDGE ( 'NONE', *, *, #3053, .T. ) ;
#3111 = CARTESIAN_POINT ( 'NONE',  ( 0.8711538461538458300, -0.06181483124778579900, -0.1902464884845768400 ) ) ;
#3112 = CARTESIAN_POINT ( 'NONE',  ( 1.126923076923076700, 0.1618333292155423300, -0.1175787961237839500 ) ) ;
#3113 = LINE ( 'NONE', #2574, #2829 ) ;
#3114 = EDGE_LOOP ( 'NONE', ( #4994, #932, #6144, #922 ) ) ;
#3115 = CARTESIAN_POINT ( 'NONE',  ( 1.115384615384615200, 1.287908040090921300E-017, -0.2103313446762957200 ) ) ;
#3116 = CARTESIAN_POINT ( 'NONE',  ( -0.1012136957216081000, -0.2035159698893455000, -0.3749999999999999400 ) ) ;
#3117 = CARTESIAN_POINT ( 'NONE',  ( 0.7673076923076916900, 0.1545084971874737300, -0.2126627020880100000 ) ) ;
#3118 = CARTESIAN_POINT ( 'NONE',  ( 1.069230769230769000, 0.1236296624955716000, 0.1701616322928579100 ) ) ;
#3119 = FACE_OUTER_BOUND ( 'NONE', #6037, .T. ) ;
#3120 = ORIENTED_EDGE ( 'NONE', *, *, #3716, .F. ) ;
#3121 = CARTESIAN_POINT ( 'NONE',  ( 0.1019230769230758100, -0.06181483124778579900, -0.1902464884845768400 ) ) ;
#3122 = CARTESIAN_POINT ( 'NONE',  ( 0.8629807692307685000, 0.2541635836720405100, 0.0000000000000000000 ) ) ;
#3123 = CARTESIAN_POINT ( 'NONE',  ( -0.5156250000000000000, -0.04261426501499437200, -0.09231007213317422900 ) ) ;
#3124 = ADVANCED_FACE ( 'NONE', ( #3850 ), #3183, .F. ) ;
#3125 = CARTESIAN_POINT ( 'NONE',  ( 0.2692307692307682200, 1.287908040090921200E-017, -0.2103313446762957200 ) ) ;
#3126 = CYLINDRICAL_SURFACE ( 'NONE', #6136, 0.2500000000000000000 ) ;
#3127 = CARTESIAN_POINT ( 'NONE',  ( -0.06538461538461670700, -0.1618333292155423300, 0.1175787961237839400 ) ) ;
#3128 = CARTESIAN_POINT ( 'NONE',  ( 0.6451923076923069500, 0.07982748481806195600, 0.2456837358386569400 ) ) ;
#3129 = CARTESIAN_POINT ( 'NONE',  ( -0.03269230769230903300, 0.2000369959355130000, -0.06499595995470999800 ) ) ;
#3130 = CARTESIAN_POINT ( 'NONE',  ( -0.4370192307692326600, 0.2056226585419196300, 0.1493936061522294900 ) ) ;
#3131 = ORIENTED_EDGE ( 'NONE', *, *, #446, .T. ) ;
#3132 = EDGE_CURVE ( 'NONE', #2916, #3030, #978, .T. ) ;
#3133 = CARTESIAN_POINT ( 'NONE',  ( 0.3326923076923066800, 0.07725424859373679300, 0.2377641290737884100 ) ) ;
#3134 = CARTESIAN_POINT ( 'NONE',  ( -0.5156250000000000000, -0.1443749999999976400, 0.2500648353427579700 ) ) ;
#3135 = CARTESIAN_POINT ( 'NONE',  ( 0.3769230769230756400, -0.1545084971874736700, -0.2126627020880099400 ) ) ;
#3136 = LINE ( 'NONE', #556, #7311 ) ;
#3137 = CARTESIAN_POINT ( 'NONE',  ( 0.9403846153846151500, -0.1618333292155423300, -0.1175787961237840000 ) ) ;
#3138 = CARTESIAN_POINT ( 'NONE',  ( 0.8999999999999998000, 0.2000369959355130000, -0.06499595995470999800 ) ) ;
#3139 = CARTESIAN_POINT ( 'NONE',  ( 0.6538461538461530800, -4.375590819076688800E-017, 0.2499999999999999700 ) ) ;
#3140 = CARTESIAN_POINT ( 'NONE',  ( 0.8807692307692303000, -0.06181483124778579900, -0.1902464884845768400 ) ) ;
#3141 = CARTESIAN_POINT ( 'NONE',  ( 0.4230769230769218500, 9.626299801968717100E-016, 0.2500000000000000000 ) ) ;
#3142 = CARTESIAN_POINT ( 'NONE',  ( 1.130769230769230500, 0.2000369959355130000, -0.06499595995471001100 ) ) ;
#3143 = B_SPLINE_CURVE_WITH_KNOTS ( 'NONE', 3,
 ( #2672, #4950, #4323, #2074, #3790, #6668 ),
 .UNSPECIFIED., .F., .F.,
 ( 4, 2, 4 ),
 ( 2.161513319455197600E-016, 0.0003014487848384659800, 0.0006028975696767158700 ),
 .UNSPECIFIED. ) ;
#3144 = CARTESIAN_POINT ( 'NONE',  ( 0.3884615384615372500, 0.07725424859373684900, -0.2377641290737883600 ) ) ;
#3145 = CARTESIAN_POINT ( 'NONE',  ( 0.2249999999999990900, -0.06181483124778584100, 0.1902464884845768100 ) ) ;
#3146 = CARTESIAN_POINT ( 'NONE',  ( 1.024519230769230300, 0.2056226585419196300, 0.1493936061522294900 ) ) ;
#3147 = CARTESIAN_POINT ( 'NONE',  ( -0.5136250000000000000, -0.06036778579257417300, 0.08206007213317496900 ) ) ;
#3148 = EDGE_CURVE ( 'NONE', #5352, #1649, #7039, .T. ) ;
#3149 = CARTESIAN_POINT ( 'NONE',  ( 0.2961538461538452100, 0.1618333292155423300, 0.1175787961237840100 ) ) ;
#3150 = CARTESIAN_POINT ( 'NONE',  ( -0.1461538461538476100, -0.1236296624955716800, 0.1701616322928578300 ) ) ;
#3151 = CARTESIAN_POINT ( 'NONE',  ( 0.6874999999999991100, 1.663200520685731400E-017, -0.2716212579567785500 ) ) ;
#3152 = CARTESIAN_POINT ( 'NONE',  ( -0.009615384615385910000, -3.863724120272764700E-017, 0.2103313446762957200 ) ) ;
#3153 = CARTESIAN_POINT ( 'NONE',  ( -0.3331730769230787400, -0.2541635836720405600, 0.08258275440018624000 ) ) ;
#3154 =( BOUNDED_CURVE ( )  B_SPLINE_CURVE ( 2, ( #1005, #2694, #2120, #2052, #3864, #6692, #359, #5026, #4406, #3283, #4428, #3240, #1547 ),
 .UNSPECIFIED., .F., .F. ) 
 B_SPLINE_CURVE_WITH_KNOTS ( ( 3, 2, 2, 2, 2, 2, 3 ),
 ( 0.6392651840968897000, 0.6414390971403678400, 0.6457869232273243400, 0.6501347493142809500, 0.6544825754012374400, 0.6588304014881940500, 0.6610043145316721900 ),
 .UNSPECIFIED. ) 
 CURVE ( )  GEOMETRIC_REPRESENTATION_ITEM ( )  RATIONAL_B_SPLINE_CURVE ( ( 0.9755282581475768200, 0.9755282581475780400, 1.000000000000000000, 0.9510565162951535300, 1.000000000000000000, 0.9510565162951535300, 1.000000000000000000, 0.9510565162951535300, 1.000000000000000000, 0.9510565162951535300, 1.000000000000000000, 0.9755282581475780400, 0.9755282581475768200 ) ) 
 REPRESENTATION_ITEM ( '' )  );
#3155 = CARTESIAN_POINT ( 'NONE',  ( -0.09955702592294483900, -0.2181827546466453300, 0.3700169712675066600 ) ) ;
#3156 = CARTESIAN_POINT ( 'NONE',  ( -0.5156250000000000000, -0.4265175113638359800, 0.01124999999999989200 ) ) ;
#3157 = CARTESIAN_POINT ( 'NONE',  ( 0.7711538461538457500, -0.1618333292155423300, 0.1175787961237839400 ) ) ;
#3158 = VECTOR ( 'NONE', #4609, 39.37007874015748100 ) ;
#3159 = CARTESIAN_POINT ( 'NONE',  ( 0.8538461538461533700, -0.1236296624955716800, 0.1701616322928578300 ) ) ;
#3160 = CARTESIAN_POINT ( 'NONE',  ( -0.1346153846153860800, -0.2000369959355130500, -2.449746667834781800E-017 ) ) ;
#3161 = ADVANCED_FACE ( 'NONE', ( #5918 ), #6872, .T. ) ;
#3162 = CARTESIAN_POINT ( 'NONE',  ( 1.013461538461538200, -0.2000369959355130000, -0.06499595995471003900 ) ) ;
#3163 = CARTESIAN_POINT ( 'NONE',  ( 0.1807692307692294300, 0.2022542485937368100, 0.1469463130731183400 ) ) ;
#3164 = CARTESIAN_POINT ( 'NONE',  ( 0.7999999999999993800, -0.1236296624955716100, -0.1701616322928578600 ) ) ;
#3165 = CARTESIAN_POINT ( 'NONE',  ( 1.250000000000000000, 0.0000000000000000000, 0.2500000000000000000 ) ) ;
#3166 = CARTESIAN_POINT ( 'NONE',  ( -0.09955702592294461700, -0.4295354742723605000, -0.003943322557907702600 ) ) ;
#3167 = CARTESIAN_POINT ( 'NONE',  ( 1.180769230769230600, -0.1618333292155423300, -0.1175787961237840000 ) ) ;
#3168 = CARTESIAN_POINT ( 'NONE',  ( -0.5031249999999999300, 6.829619984160658000E-017, 0.3440070881318968400 ) ) ;
#3169 = CARTESIAN_POINT ( 'NONE',  ( 0.2365384615384605600, -0.2000369959355130200, 0.06499595995470997000 ) ) ;
#3170 = CARTESIAN_POINT ( 'NONE',  ( 0.8822115384615379900, -4.909181744786878600E-017, 0.2672434070081726200 ) ) ;
#3171 = VERTEX_POINT ( 'NONE', #7143 ) ;
#3172 = CARTESIAN_POINT ( 'NONE',  ( -0.1282733604971122200, -0.06850284281503102300, -0.3750000000000000600 ) ) ;
#3173 = ORIENTED_EDGE ( 'NONE', *, *, #6761, .T. ) ;
#3174 = CARTESIAN_POINT ( 'NONE',  ( 0.2923076923076913200, 0.2000369959355130000, 0.06499595995471006700 ) ) ;
#3175 = CARTESIAN_POINT ( 'NONE',  ( 1.182692307692307500, -4.813149900984358400E-017, 0.2499999999999999700 ) ) ;
#3176 = CARTESIAN_POINT ( 'NONE',  ( -0.4192307692307708500, 0.06181483124778582700, -0.1902464884845768100 ) ) ;
#3177 = CARTESIAN_POINT ( 'NONE',  ( 0.5528846153846145300, 0.2583271673440810700, 0.0000000000000000000 ) ) ;
#3178 = AXIS2_PLACEMENT_3D ( 'NONE', #25, #52, #5099 ) ;
#3179 = CARTESIAN_POINT ( 'NONE',  ( 1.259615384615384600, 1.287908040090921300E-017, -0.2103313446762957200 ) ) ;
#3180 = ORIENTED_EDGE ( 'NONE', *, *, #5020, .F. ) ;
#3181 = ORIENTED_EDGE ( 'NONE', *, *, #1214, .T. ) ;
#3182 = DIRECTION ( 'NONE',  ( 0.4999999999999947800, 0.0000000000000000000, -0.8660254037844417100 ) ) ;
#3183 = PLANE ( 'NONE',  #3825 ) ;
#3184 = CARTESIAN_POINT ( 'NONE',  ( 0.7634615384615379700, -0.06181483124778584100, 0.1902464884845768100 ) ) ;
#3185 = CARTESIAN_POINT ( 'NONE',  ( 0.9423076923076919600, -0.2000369959355130500, -2.449746667834781800E-017 ) ) ;
#3186 = CARTESIAN_POINT ( 'NONE',  ( -0.2076923076923092300, -0.2000369959355130000, -0.06499595995471003900 ) ) ;
#3187 = CARTESIAN_POINT ( 'NONE',  ( 1.055769230769230600, 0.1618333292155423300, 0.1175787961237840100 ) ) ;
#3188 = ORIENTED_EDGE ( 'NONE', *, *, #3238, .F. ) ;
#3189 = CARTESIAN_POINT ( 'NONE',  ( -0.5024485553286470700, 0.3931444666511842400, 0.06905380904558085200 ) ) ;
#3190 = CARTESIAN_POINT ( 'NONE',  ( 0.7269230769230763400, -0.06181483124778579900, -0.1902464884845768400 ) ) ;
#3191 = CARTESIAN_POINT ( 'NONE',  ( -0.5156250000000000000, 0.2887499999999999500, -0.01125000000000002000 ) ) ;
#3192 = CARTESIAN_POINT ( 'NONE',  ( 0.01489206225247033000, 0.1749878776495238100, -0.1670041379680861100 ) ) ;
#3193 = FACE_OUTER_BOUND ( 'NONE', #6564, .T. ) ;
#3194 = CARTESIAN_POINT ( 'NONE',  ( 1.017307692307692000, 0.2022542485937368100, 0.1469463130731183400 ) ) ;
#3195 = CARTESIAN_POINT ( 'NONE',  ( 0.09038461538461425900, -0.2000369959355130000, -0.06499595995471003900 ) ) ;
#3196 = CARTESIAN_POINT ( 'NONE',  ( 1.059134615384615100, -0.2541635836720405100, -0.08258275440018630900 ) ) ;
#3197 = CARTESIAN_POINT ( 'NONE',  ( 0.3538461538461529200, 0.1236296624955716500, -0.1701616322928578600 ) ) ;
#3198 = CARTESIAN_POINT ( 'NONE',  ( -0.5136250000000000000, 0.2887499999999999500, -0.009250000000000022100 ) ) ;
#3199 = CARTESIAN_POINT ( 'NONE',  ( -0.4692307692307708400, 0.1236296624955716000, 0.1701616322928579100 ) ) ;
#3200 = CARTESIAN_POINT ( 'NONE',  ( 0.5067307692307683200, -0.2089910684901025400, 0.1518408992313405900 ) ) ;
#3201 = ORIENTED_EDGE ( 'NONE', *, *, #1271, .F. ) ;
#3202 = CARTESIAN_POINT ( 'NONE',  ( -0.5024038461538482500, -4.909181744786878600E-017, 0.2672434070081726200 ) ) ;
#3203 = FACE_OUTER_BOUND ( 'NONE', #2812, .T. ) ;
#3204 = CARTESIAN_POINT ( 'NONE',  ( -0.1012136957216080200, 0.4265175113638358700, 0.01124999999999992800 ) ) ;
#3205 = DIRECTION ( 'NONE',  ( -1.000000000000000000, -0.0000000000000000000, 0.0000000000000000000 ) ) ;
#3206 = CARTESIAN_POINT ( 'NONE',  ( -0.4906249999999999800, -0.1346322142074226300, 0.2556898353427579100 ) ) ;
#3207 = CARTESIAN_POINT ( 'NONE',  ( 0.7480769230769226400, 0.1618333292155423300, 0.1175787961237840100 ) ) ;
#3208 = ORIENTED_EDGE ( 'NONE', *, *, #2746, .T. ) ;
#3209 = CARTESIAN_POINT ( 'NONE',  ( 0.7230769230769225100, -0.1236296624955716100, -0.1701616322928578600 ) ) ;
#3210 = CARTESIAN_POINT ( 'NONE',  ( -0.2615384615384630000, 0.1236296624955716700, -0.1701616322928578600 ) ) ;
#3211 = CARTESIAN_POINT ( 'NONE',  ( 1.232692307692307800, -0.1618333292155423300, 0.1175787961237839400 ) ) ;
#3212 = LINE ( 'NONE', #361, #2210 ) ;
#3213 = CARTESIAN_POINT ( 'NONE',  ( 0.1903363737866584100, 0.03959611008113401300, 0.2499999999999999200 ) ) ;
#3214 = ORIENTED_EDGE ( 'NONE', *, *, #536, .F. ) ;
#3215 = CARTESIAN_POINT ( 'NONE',  ( 0.9384615384615381300, -0.2000369959355130200, 0.06499595995470997000 ) ) ;
#3216 = CARTESIAN_POINT ( 'NONE',  ( 1.217307692307692400, 0.06181483124778577900, 0.1902464884845768400 ) ) ;
#3217 = DIRECTION ( 'NONE',  ( -1.000000000000000000, 0.0000000000000000000, -0.0000000000000000000 ) ) ;
#3218 = CARTESIAN_POINT ( 'NONE',  ( 1.038461538461538100, 1.287908040090921200E-017, -0.2103313446762957200 ) ) ;
#3219 = VECTOR ( 'NONE', #1138, 39.37007874015748100 ) ;
#3220 = CARTESIAN_POINT ( 'NONE',  ( 0.05165100658870875500, 0.02762325218165307500, -0.2188855363646521300 ) ) ;
#3221 = AXIS2_PLACEMENT_3D ( 'NONE', #3375, #1635, #5064 ) ;
#3222 = CARTESIAN_POINT ( 'NONE',  ( -0.009615384615385910000, -3.863724120272764700E-017, 0.2103313446762957200 ) ) ;
#3223 = CARTESIAN_POINT ( 'NONE',  ( 0.9322115384615379300, 0.2056226585419196600, -0.1493936061522294400 ) ) ;
#3224 = CARTESIAN_POINT ( 'NONE',  ( -0.2769230769230786000, -0.1236296624955716100, -0.1701616322928578600 ) ) ;
#3225 = CARTESIAN_POINT ( 'NONE',  ( 0.2951923076923065300, -0.1596549696361239700, -0.2197462137205352100 ) ) ;
#3226 = VECTOR ( 'NONE', #1971, 39.37007874015748100 ) ;
#3227 = CARTESIAN_POINT ( 'NONE',  ( 1.250000000000000000, 0.0000000000000000000, 0.1923076923076925100 ) ) ;
#3228 =( CONVERSION_BASED_UNIT ( 'INCH', #3371 ) LENGTH_UNIT ( ) NAMED_UNIT ( #1674 ) );
#3229 = DIRECTION ( 'NONE',  ( -1.000000000000000000, 0.0000000000000000000, 0.0000000000000000000 ) ) ;
#3230 = DIRECTION ( 'NONE',  ( -1.000000000000000000, -0.0000000000000000000, 0.0000000000000000000 ) ) ;
#3231 = CARTESIAN_POINT ( 'NONE',  ( 0.6557692307692302200, 0.1618333292155423300, -0.1175787961237839500 ) ) ;
#3232 = CARTESIAN_POINT ( 'NONE',  ( 0.8923076923076916900, 0.1236296624955716700, -0.1701616322928578600 ) ) ;
#3233 = CARTESIAN_POINT ( 'NONE',  ( -0.2038461538461554500, -0.1618333292155423300, -0.1175787961237840000 ) ) ;
#3234 = CARTESIAN_POINT ( 'NONE',  ( 1.144230769230769400, -3.863724120272764700E-017, 0.2103313446762957200 ) ) ;
#3235 = EDGE_CURVE ( 'NONE', #2901, #2659, #807, .T. ) ;
#3236 = CARTESIAN_POINT ( 'NONE',  ( -0.5136250000000000000, 0.2887499999999999500, 0.009249999999999978700 ) ) ;
#3237 = CARTESIAN_POINT ( 'NONE',  ( 0.9038461538461534100, 0.2000369959355130500, 0.0000000000000000000 ) ) ;
#3238 = EDGE_CURVE ( 'NONE', #5192, #6817, #188, .T. ) ;
#3239 = CARTESIAN_POINT ( 'NONE',  ( 0.9903846153846150900, -3.863724120272764700E-017, 0.2103313446762957200 ) ) ;
#3240 = CARTESIAN_POINT ( 'NONE',  ( 0.6518748353251202500, 0.03959611008113599100, 0.2499999999999992800 ) ) ;
#3241 = CARTESIAN_POINT ( 'NONE',  ( 1.049999999999999800, 0.1618333292155423300, -0.1175787961237839500 ) ) ;
#3242 = CARTESIAN_POINT ( 'NONE',  ( 0.07037684828371437700, 0.1734832888681540600, 0.1174157692922922900 ) ) ;
#3243 = CARTESIAN_POINT ( 'NONE',  ( -0.05192307692307812600, -0.06181483124778579900, -0.1902464884845768400 ) ) ;
#3244 = ORIENTED_EDGE ( 'NONE', *, *, #4212, .T. ) ;
#3245 = CARTESIAN_POINT ( 'NONE',  ( 0.7552884615384607400, -0.2056226585419196300, -0.1493936061522294400 ) ) ;
#3246 = CARTESIAN_POINT ( 'NONE',  ( 0.09615384615384503500, -0.2000369959355130500, -2.449746667834781800E-017 ) ) ;
#3247 = CARTESIAN_POINT ( 'NONE',  ( 0.1942790108287235400, -0.03959611008113410300, 0.2499999999999999200 ) ) ;
#3248 = CARTESIAN_POINT ( 'NONE',  ( 0.3298076923076912500, 0.2089910684901024900, 0.1518408992313406700 ) ) ;
#3249 = LINE ( 'NONE', #35, #3158 ) ;
#3250 = APPLICATION_PROTOCOL_DEFINITION ( 'international standard', 'config_control_design', 1994, #2661 ) ;
#3251 = CARTESIAN_POINT ( 'NONE',  ( 0.3730286814789665100, -0.03959611008113406200, -0.2500000000000000600 ) ) ;
#3252 = CARTESIAN_POINT ( 'NONE',  ( 1.242270696372179700, -0.1769755802015290400, 0.09687525382413753100 ) ) ;
#3253 = CARTESIAN_POINT ( 'NONE',  ( 0.7153846153846146200, -0.2000369959355130000, -0.06499595995471003900 ) ) ;
#3254 = CARTESIAN_POINT ( 'NONE',  ( -0.1923076923076938400, 1.287908040090921300E-017, -0.2103313446762957200 ) ) ;
#3255 = ORIENTED_EDGE ( 'NONE', *, *, #882, .F. ) ;
#3256 = CARTESIAN_POINT ( 'NONE',  ( 0.9557692307692304800, 0.06181483124778582700, -0.1902464884845768100 ) ) ;
#3257 = CARTESIAN_POINT ( 'NONE',  ( 0.8481251646748778600, 0.03959611008113407500, -0.2499999999999999200 ) ) ;
#3258 = CARTESIAN_POINT ( 'NONE',  ( 0.6923076923076916200, -3.863724120272764700E-017, 0.2103313446762957200 ) ) ;
#3259 = CARTESIAN_POINT ( 'NONE',  ( 0.9673076923076918700, 0.2000369959355130000, -0.06499595995471001100 ) ) ;
#3260 = DIRECTION ( 'NONE',  ( -1.000000000000000000, -0.0000000000000000000, -0.0000000000000000000 ) ) ;
#3261 = DIRECTION ( 'NONE',  ( 0.0000000000000000000, 0.0000000000000000000, 1.000000000000000000 ) ) ;
#3262 = ORIENTED_EDGE ( 'NONE', *, *, #4783, .F. ) ;
#3263 = ORIENTED_EDGE ( 'NONE', *, *, #6191, .F. ) ;
#3264 = CARTESIAN_POINT ( 'NONE',  ( 0.06947924952977659100, 0.1849953398973541400, 0.1001043906563110300 ) ) ;
#3265 = CARTESIAN_POINT ( 'NONE',  ( -0.1019230769230781400, 0.2000369959355130000, 0.06499595995471008100 ) ) ;
#3266 = CARTESIAN_POINT ( 'NONE',  ( 0.7475961538461530800, -0.2541635836720405100, -3.112606192037848400E-017 ) ) ;
#3267 = EDGE_LOOP ( 'NONE', ( #4259, #6917, #841 ) ) ;
#3268 = CARTESIAN_POINT ( 'NONE',  ( 0.2384615384615374200, -0.1236296624955716700, 0.1701616322928578600 ) ) ;
#3269 = EDGE_CURVE ( 'NONE', #51, #5537, #5402, .T. ) ;
#3270 = CARTESIAN_POINT ( 'NONE',  ( 0.8596153846153842300, 0.2500000000000000600, 0.08122992405822665500 ) ) ;
#3271 = CARTESIAN_POINT ( 'NONE',  ( -0.3230769230769244800, 0.2000369959355130000, 0.06499595995471008100 ) ) ;
#3272 = CARTESIAN_POINT ( 'NONE',  ( 0.4028846153846142900, 0.2583271673440810700, 0.08393558474214604700 ) ) ;
#3273 = ORIENTED_EDGE ( 'NONE', *, *, #4498, .F. ) ;
#3274 = DIRECTION ( 'NONE',  ( 1.000000000000000000, -0.0000000000000000000, 0.0000000000000000000 ) ) ;
#3275 = CARTESIAN_POINT ( 'NONE',  ( 0.5269230769230761600, 0.1618333292155423300, 0.1175787961237840100 ) ) ;
#3276 = CARTESIAN_POINT ( 'NONE',  ( -0.4500000000000017300, -0.1618333292155423300, 0.1175787961237839400 ) ) ;
#3277 = LOCAL_TIME ( 7, 43, 58.00000000000000000, #5532 ) ;
#3278 = CARTESIAN_POINT ( 'NONE',  ( 0.7673076923076918000, -0.1236296624955716800, 0.1701616322928578300 ) ) ;
#3279 = ORIENTED_EDGE ( 'NONE', *, *, #536, .T. ) ;
#3280 = CARTESIAN_POINT ( 'NONE',  ( 0.6461538461538456300, -0.1236296624955716100, -0.1701616322928578600 ) ) ;
#3281 = CARTESIAN_POINT ( 'NONE',  ( 1.241052887574754800, -0.1420341119728529300, 0.1434656299648388900 ) ) ;
#3282 = CARTESIAN_POINT ( 'NONE',  ( 1.036538461538461400, 0.1236296624955716500, -0.1701616322928578600 ) ) ;
#3283 = CARTESIAN_POINT ( 'NONE',  ( 0.6461538461538451900, 0.1545084971874736400, 0.2126627020880099400 ) ) ;
#3284 = ADVANCED_FACE ( 'NONE', ( #3047 ), #5741, .T. ) ;
#3285 =( BOUNDED_CURVE ( )  B_SPLINE_CURVE ( 2, ( #5709, #3949, #7380, #5684, #514, #7333, #6201, #2234, #3402, #3974, #5118, #4541, #3925 ),
 .UNSPECIFIED., .F., .F. ) 
 B_SPLINE_CURVE_WITH_KNOTS ( ( 3, 2, 2, 2, 2, 2, 3 ),
 ( 0.8349173547935560000, 0.8370912678370343600, 0.8414390939239908600, 0.8457869200109473500, 0.8501347460979038500, 0.8544825721848603500, 0.8566564852283387000 ),
 .UNSPECIFIED. ) 
 CURVE ( )  GEOMETRIC_REPRESENTATION_ITEM ( )  RATIONAL_B_SPLINE_CURVE ( ( 0.9755282581475767100, 0.9755282581475754900, 1.000000000000000000, 0.9510565162951534200, 1.000000000000000000, 0.9510565162951534200, 1.000000000000000000, 0.9510565162951534200, 1.000000000000000000, 0.9510565162951534200, 1.000000000000000000, 0.9755282581475761500, 0.9755282581475767100 ) ) 
 REPRESENTATION_ITEM ( '' )  );
#3286 = CYLINDRICAL_SURFACE ( 'NONE', #3994, 0.01125000000000000000 ) ;
#3287 = EDGE_CURVE ( 'NONE', #833, #5060, #2500, .T. ) ;
#3288 = B_SPLINE_CURVE_WITH_KNOTS ( 'NONE', 3,
 ( #1528, #2097, #6107, #2024, #3739, #6644 ),
 .UNSPECIFIED., .F., .F.,
 ( 4, 2, 4 ),
 ( 2.507860637005088100E-017, 0.0003014487848382871400, 0.0006028975696765491200 ),
 .UNSPECIFIED. ) ;
#3289 = CARTESIAN_POINT ( 'NONE',  ( 0.07249610320927571400, 0.1409585881435973000, 0.1537810118641655100 ) ) ;
#3290 = VERTEX_POINT ( 'NONE', #3854 ) ;
#3291 = VERTEX_POINT ( 'NONE', #6636 ) ;
#3292 = CARTESIAN_POINT ( 'NONE',  ( -0.1480769230769244100, -0.2000369959355130200, 0.06499595995470997000 ) ) ;
#3293 = CARTESIAN_POINT ( 'NONE',  ( 0.6245192307692298800, 0.2056226585419196600, -0.1493936061522294400 ) ) ;
#3294 = CARTESIAN_POINT ( 'NONE',  ( 0.1230769230769219200, 0.1236296624955716500, -0.1701616322928578600 ) ) ;
#3295 = LINE ( 'NONE', #5110, #6154 ) ;
#3296 = DIRECTION ( 'NONE',  ( -1.000000000000000000, 0.0000000000000000000, 0.0000000000000000000 ) ) ;
#3297 = CARTESIAN_POINT ( 'NONE',  ( -0.1310536239416980900, -0.3163209861191123000, -0.2021159805414080300 ) ) ;
#3298 = CARTESIAN_POINT ( 'NONE',  ( 0.3336538461538450200, 0.1596549696361239700, 0.2197462137205352700 ) ) ;
#3299 = CARTESIAN_POINT ( 'NONE',  ( 0.2999999999999987100, -0.1545084971874736700, -0.2126627020880099400 ) ) ;
#3300 = ORIENTED_EDGE ( 'NONE', *, *, #1164, .T. ) ;
#3301 = CARTESIAN_POINT ( 'NONE',  ( 0.4096153846153838300, -0.06181483124778579900, -0.1902464884845768400 ) ) ;
#3302 = FACE_OUTER_BOUND ( 'NONE', #771, .T. ) ;
#3303 = CARTESIAN_POINT ( 'NONE',  ( 0.6692307692307684100, 0.2000369959355130000, -0.06499595995470999800 ) ) ;
#3304 = CARTESIAN_POINT ( 'NONE',  ( -0.3500000000000017500, -0.06181483124778579900, -0.1902464884845768400 ) ) ;
#3305 = ORIENTED_EDGE ( 'NONE', *, *, #6486, .T. ) ;
#3306 = CARTESIAN_POINT ( 'NONE',  ( 0.8980769230769226600, 0.2000369959355130000, 0.06499595995471008100 ) ) ;
#3307 = CARTESIAN_POINT ( 'NONE',  ( 0.8653846153846147500, 0.2499999999999999700, 0.0000000000000000000 ) ) ;
#3308 = CARTESIAN_POINT ( 'NONE',  ( 0.4961538461538453900, -0.06181483124778579900, -0.1902464884845768400 ) ) ;
#3309 = CARTESIAN_POINT ( 'NONE',  ( 0.5673076923076915100, -4.813149900984358400E-017, 0.2499999999999999700 ) ) ;
#3310 = CARTESIAN_POINT ( 'NONE',  ( 1.067307692307692100, -3.863724120272764700E-017, 0.2103313446762957200 ) ) ;
#3311 = CARTESIAN_POINT ( 'NONE',  ( 1.180720989171275100, 0.03959611008113402700, 0.2500000000000000600 ) ) ;
#3312 = CARTESIAN_POINT ( 'NONE',  ( 0.6826923076923071500, 1.019512660844868800E-015, -0.2500000000000000000 ) ) ;
#3313 = CARTESIAN_POINT ( 'NONE',  ( 0.9634615384615382600, -0.2022542485937368600, 0.1469463130731182600 ) ) ;
#3314 = AXIS2_PLACEMENT_3D ( 'NONE', #6443, #4762, #5353 ) ;
#3315 = CARTESIAN_POINT ( 'NONE',  ( -0.1250000000000012500, 1.287908040090921300E-017, -0.2103313446762957200 ) ) ;
#3316 = CARTESIAN_POINT ( 'NONE',  ( 0.7822115384615376800, 0.2541635836720405100, -0.08258275440018626700 ) ) ;
#3317 = CARTESIAN_POINT ( 'NONE',  ( 1.250000000000000000, 3.061616997868383000E-017, -0.2500000000000000000 ) ) ;
#3318 = DIRECTION ( 'NONE',  ( 0.0000000000000000000, 0.0000000000000000000, 1.000000000000000000 ) ) ;
#3319 = DIRECTION ( 'NONE',  ( -0.0000000000000000000, 0.5000000000000040000, 0.8660254037844362700 ) ) ;
#3320 = CARTESIAN_POINT ( 'NONE',  ( 0.2759615384615373700, -0.2089910684901025400, 0.1518408992313405900 ) ) ;
#3321 = ADVANCED_FACE ( 'NONE', ( #4845 ), #1781, .T. ) ;
#3322 = CARTESIAN_POINT ( 'NONE',  ( 0.4749999999999993100, -0.2000369959355130000, -0.06499595995471003900 ) ) ;
#3323 = CARTESIAN_POINT ( 'NONE',  ( 0.3014423076923064000, -0.07854086670589939500, -0.2417239324562226500 ) ) ;
#3324 = CARTESIAN_POINT ( 'NONE',  ( 0.09807692307692181300, 0.1545084971874737000, 0.2126627020880100200 ) ) ;
#3325 = CARTESIAN_POINT ( 'NONE',  ( 0.4961538461538453900, -0.06181483124778579900, -0.1902464884845768400 ) ) ;
#3326 = CARTESIAN_POINT ( 'NONE',  ( -0.3153846153846171000, 0.1236296624955716000, 0.1701616322928579100 ) ) ;
#3327 = CARTESIAN_POINT ( 'NONE',  ( 0.9480769230769228200, -0.06181483124778579900, -0.1902464884845768400 ) ) ;
#3328 = EDGE_CURVE ( 'NONE', #262, #568, #350, .T. ) ;
#3329 = CARTESIAN_POINT ( 'NONE',  ( -0.1310213437548372600, -0.3072758255677918200, 0.2177826581789124300 ) ) ;
#3330 = CARTESIAN_POINT ( 'NONE',  ( 0.4576923076923068400, 0.06181483124778577900, 0.1902464884845768400 ) ) ;
#3331 = CARTESIAN_POINT ( 'NONE',  ( 0.4923076923076912200, 0.1545084971874736400, 0.2126627020880099400 ) ) ;
#3332 = CARTESIAN_POINT ( 'NONE',  ( 1.005769230769230500, -0.2000369959355130800, 0.06499595995470997000 ) ) ;
#3333 = CARTESIAN_POINT ( 'NONE',  ( 1.171153846153846000, 0.2022542485937368100, 0.1469463130731183400 ) ) ;
#3334 = VECTOR ( 'NONE', #3620, 39.37007874015748100 ) ;
#3335 = CARTESIAN_POINT ( 'NONE',  ( 0.06581900101501388100, -0.09146683359650316400, 0.1917342753123170200 ) ) ;
#3336 = CARTESIAN_POINT ( 'NONE',  ( -0.1096153846153859300, 0.2000369959355130000, -0.06499595995470999800 ) ) ;
#3337 = CARTESIAN_POINT ( 'NONE',  ( -0.4557692307692325900, -0.2000369959355130200, 0.06499595995470997000 ) ) ;
#3338 = CARTESIAN_POINT ( 'NONE',  ( 0.8322115384615377300, -0.2056226585419196300, -0.1493936061522294400 ) ) ;
#3339 = EDGE_LOOP ( 'NONE', ( #4797, #3736, #6734, #1864 ) ) ;
#3340 = DIRECTION ( 'NONE',  ( 0.0000000000000000000, -0.8660254037844387100, 0.4999999999999998900 ) ) ;
#3341 = CARTESIAN_POINT ( 'NONE',  ( 0.4519230769230760400, 1.312677245723006800E-017, -0.2499999999999999700 ) ) ;
#3342 = CARTESIAN_POINT ( 'NONE',  ( -0.4857957059411694400, -0.4265175113638359200, -0.01125000000000010500 ) ) ;
#3343 = CARTESIAN_POINT ( 'NONE',  ( 0.2682692307692297100, -0.07982748481806203900, 0.2456837358386569100 ) ) ;
#3344 = CARTESIAN_POINT ( 'NONE',  ( 0.03189138496833354700, -0.2084586858951773500, 0.1011603953573089500 ) ) ;
#3345 = EDGE_LOOP ( 'NONE', ( #6373, #5003, #3300, #1009 ) ) ;
#3346 = VERTEX_POINT ( 'NONE', #5488 ) ;
#3347 = CARTESIAN_POINT ( 'NONE',  ( 0.5134615384615376400, 0.2000369959355130000, 0.06499595995471006700 ) ) ;
#3348 = CARTESIAN_POINT ( 'NONE',  ( 1.078894395444108800, 0.03959611008113407500, -0.2499999999999999200 ) ) ;
#3349 = CARTESIAN_POINT ( 'NONE',  ( 0.3591346153846142200, -0.2541635836720405600, 0.08258275440018624000 ) ) ;
#3350 = DIRECTION ( 'NONE',  ( 0.0000000000000000000, 0.8660254037844387100, 0.4999999999999999400 ) ) ;
#3351 = CARTESIAN_POINT ( 'NONE',  ( 0.6153846153846147500, -3.863724120272764700E-017, 0.2103313446762957200 ) ) ;
#3352 = CARTESIAN_POINT ( 'NONE',  ( -0.3923076923076939100, 0.1236296624955716000, 0.1701616322928579100 ) ) ;
#3353 = CARTESIAN_POINT ( 'NONE',  ( 0.5480769230769224600, -0.2000369959355130500, -2.449746667834781800E-017 ) ) ;
#3354 = CARTESIAN_POINT ( 'NONE',  ( 0.9865384615384613600, 0.06181483124778577900, 0.1902464884845768400 ) ) ;
#3355 = ORIENTED_EDGE ( 'NONE', *, *, #2069, .T. ) ;
#3356 = ORIENTED_EDGE ( 'NONE', *, *, #3566, .T. ) ;
#3357 = CARTESIAN_POINT ( 'NONE',  ( 0.5461538461538454300, -0.1236296624955716800, 0.1701616322928578300 ) ) ;
#3358 = PLANE ( 'NONE',  #4889 ) ;
#3359 = CARTESIAN_POINT ( 'NONE',  ( 0.8711538461538458300, -0.06181483124778579900, -0.1902464884845768400 ) ) ;
#3360 = CARTESIAN_POINT ( 'NONE',  ( 0.6846636262133394300, 0.03959611008113308300, -0.2500000000000002800 ) ) ;
#3361 = CARTESIAN_POINT ( 'NONE',  ( -0.2673076923076938000, 0.1618333292155423300, -0.1175787961237839500 ) ) ;
#3362 = ORIENTED_EDGE ( 'NONE', *, *, #215, .T. ) ;
#3363 = CARTESIAN_POINT ( 'NONE',  ( -0.2750000000000015800, 0.06181483124778582700, -0.1902464884845768100 ) ) ;
#3364 = CARTESIAN_POINT ( 'NONE',  ( 0.5745192307692299500, -4.909181744786878600E-017, 0.2672434070081726200 ) ) ;
#3365 = DIRECTION ( 'NONE',  ( -1.000000000000000000, 0.0000000000000000000, 0.0000000000000000000 ) ) ;
#3366 = EDGE_CURVE ( 'NONE', #1404, #2260, #790, .T. ) ;
#3367 = CARTESIAN_POINT ( 'NONE',  ( -0.5136250000000000000, 0.2887499999999999500, -0.01125000000000002000 ) ) ;
#3368 = CARTESIAN_POINT ( 'NONE',  ( 0.1067307692307679500, 0.07982748481806195600, 0.2456837358386569400 ) ) ;
#3369 = APPROVAL ( #1519, 'UNSPECIFIED' ) ;
#3370 = CARTESIAN_POINT ( 'NONE',  ( 0.04646629082019630000, -0.09496977950558342700, -0.2020973902912550600 ) ) ;
#3371 = LENGTH_MEASURE_WITH_UNIT ( LENGTH_MEASURE( 0.02539999999999999900 ), #5564 );
#3372 = CARTESIAN_POINT ( 'NONE',  ( 0.4365384615384607600, 0.2000369959355130000, 0.06499595995471006700 ) ) ;
#3373 = DIRECTION ( 'NONE',  ( -1.000000000000000000, -0.0000000000000000000, -0.0000000000000000000 ) ) ;
#3374 = CARTESIAN_POINT ( 'NONE',  ( 0.4206730769230758200, -4.909181744786878600E-017, 0.2672434070081726200 ) ) ;
#3375 = CARTESIAN_POINT ( 'NONE',  ( 1.250000000000000000, 0.0000000000000000000, 0.0000000000000000000 ) ) ;
#3376 = ORIENTED_EDGE ( 'NONE', *, *, #5687, .T. ) ;
#3377 = CARTESIAN_POINT ( 'NONE',  ( 0.2653846153846144400, -0.06181483124778579900, -0.1902464884845768400 ) ) ;
#3378 = CARTESIAN_POINT ( 'NONE',  ( -0.4230769230769249000, 1.287908040090921300E-017, -0.2103313446762957200 ) ) ;
#3379 = EDGE_CURVE ( 'NONE', #337, #4533, #1146, .T. ) ;
#3380 = CARTESIAN_POINT ( 'NONE',  ( 0.6019230769230763400, 0.06181483124778577900, 0.1902464884845768400 ) ) ;
#3381 = CARTESIAN_POINT ( 'NONE',  ( 0.6173076923076916700, -0.1618333292155423300, 0.1175787961237839400 ) ) ;
#3382 =( BOUNDED_CURVE ( )  B_SPLINE_CURVE ( 2, ( #5278, #1883, #3567, #4733, #4149 ),
 .UNSPECIFIED., .F., .F. ) 
 B_SPLINE_CURVE_WITH_KNOTS ( ( 3, 2, 3 ),
 ( 0.9218738765326864900, 0.9240477895761647400, 0.9272884645488220800 ),
 .UNSPECIFIED. ) 
 CURVE ( )  GEOMETRIC_REPRESENTATION_ITEM ( )  RATIONAL_B_SPLINE_CURVE ( ( 0.9755282581475767100, 0.9755282581475767100, 1.000000000000000000, 0.9635197177750992600, 0.9814209748469864300 ) ) 
 REPRESENTATION_ITEM ( '' )  );
#3383 = VECTOR ( 'NONE', #6795, 39.37007874015748100 ) ;
#3384 = CARTESIAN_POINT ( 'NONE',  ( -0.1282015138195912700, 0.06920405852137530300, 0.3749999999999997800 ) ) ;
#3385 = VERTEX_POINT ( 'NONE', #2044 ) ;
#3386 = CARTESIAN_POINT ( 'NONE',  ( 0.3576923076923068100, 0.1618333292155423300, -0.1175787961237839500 ) ) ;
#3387 = CARTESIAN_POINT ( 'NONE',  ( 0.0000000000000000000, 0.0000000000000000000, -0.2500000000000000000 ) ) ;
#3388 = CARTESIAN_POINT ( 'NONE',  ( 0.7096153846153842000, -0.1618333292155423300, -0.1175787961237840000 ) ) ;
#3389 = DIRECTION ( 'NONE',  ( 0.0000000000000000000, 0.0000000000000000000, -1.000000000000000000 ) ) ;
#3390 = AXIS2_PLACEMENT_3D ( 'NONE', #2997, #2389, #2947 ) ;
#3391 = CARTESIAN_POINT ( 'NONE',  ( -0.08269230769230905000, -0.06181483124778584100, 0.1902464884845768100 ) ) ;
#3392 = B_SPLINE_CURVE_WITH_KNOTS ( 'NONE', 3,
 ( #2217, #4625, #542, #3384, #7366, #4575 ),
 .UNSPECIFIED., .F., .F.,
 ( 4, 2, 4 ),
 ( 0.02514320236120481600, 0.02775765755161066800, 0.03037211274201652100 ),
 .UNSPECIFIED. ) ;
#3393 = LINE ( 'NONE', #6392, #1242 ) ;
#3394 = CARTESIAN_POINT ( 'NONE',  ( -0.4326923076923094300, 1.287908040090921300E-017, -0.2103313446762957200 ) ) ;
#3395 = ORIENTED_EDGE ( 'NONE', *, *, #1976, .F. ) ;
#3396 = DIRECTION ( 'NONE',  ( 0.0000000000000000000, 0.0000000000000000000, 1.000000000000000000 ) ) ;
#3397 = CARTESIAN_POINT ( 'NONE',  ( 0.1990384615384603000, -0.2089910684901025400, 0.1518408992313405900 ) ) ;
#3398 = CARTESIAN_POINT ( 'NONE',  ( 0.03638120625420907000, -0.2293338271057602200, -0.008256809472617560000 ) ) ;
#3399 = LINE ( 'NONE', #2868, #2491 ) ;
#3400 = CARTESIAN_POINT ( 'NONE',  ( 0.3788461538461530600, -0.06181483124778584100, 0.1902464884845768100 ) ) ;
#3401 = CARTESIAN_POINT ( 'NONE',  ( 0.5052884615384604100, -0.1570817334117988500, 0.2162044579042725600 ) ) ;
#3402 = CARTESIAN_POINT ( 'NONE',  ( 1.055769230769230600, -0.2022542485937368100, -0.1469463130731182800 ) ) ;
#3403 = CARTESIAN_POINT ( 'NONE',  ( 0.3499999999999991500, 0.06181483124778582700, -0.1902464884845768100 ) ) ;
#3404 = CARTESIAN_POINT ( 'NONE',  ( 1.083653846153845900, 0.2089910684901025400, -0.1518408992313406100 ) ) ;
#3405 = CARTESIAN_POINT ( 'NONE',  ( 0.4942307692307685300, 0.06181483124778582700, -0.1902464884845768100 ) ) ;
#3406 = CARTESIAN_POINT ( 'NONE',  ( 0.6403846153846147700, -0.06181483124778579900, -0.1902464884845768400 ) ) ;
#3407 = CARTESIAN_POINT ( 'NONE',  ( 0.2846153846153836000, 0.2000369959355130000, -0.06499595995470999800 ) ) ;
#3408 = DIRECTION ( 'NONE',  ( -1.000000000000000000, -0.0000000000000000000, -0.0000000000000000000 ) ) ;
#3409 = CARTESIAN_POINT ( 'NONE',  ( 0.8826923076923073300, 0.1236296624955716500, -0.1701616322928578600 ) ) ;
#3410 = CARTESIAN_POINT ( 'NONE',  ( 1.250000000000000000, 0.0000000000000000000, 0.0000000000000000000 ) ) ;
#3411 = CARTESIAN_POINT ( 'NONE',  ( -0.1942307692307705900, 0.1236296624955716700, -0.1701616322928578600 ) ) ;
#3412 = AXIS2_PLACEMENT_3D ( 'NONE', #213, #7002, #166 ) ;
#3413 = CARTESIAN_POINT ( 'NONE',  ( -0.2519230769230784700, 0.1618333292155423300, 0.1175787961237840100 ) ) ;
#3414 = CARTESIAN_POINT ( 'NONE',  ( 0.3769713185210316100, 0.03959611008113408200, -0.2500000000000000000 ) ) ;
#3415 = CARTESIAN_POINT ( 'NONE',  ( 0.5211538461538453000, -0.1545084971874737000, -0.2126627020880100000 ) ) ;
#3416 = CARTESIAN_POINT ( 'NONE',  ( -0.4048076923076942000, -0.2583271673440810700, -0.08393558474214601900 ) ) ;
#3417 = CARTESIAN_POINT ( 'NONE',  ( 0.2721153846153834800, -0.1596549696361239900, 0.2197462137205351800 ) ) ;
#3418 = CARTESIAN_POINT ( 'NONE',  ( -0.5156250000000000000, -0.3247595264191645600, -0.1875000000000000300 ) ) ;
#3419 = DIRECTION ( 'NONE',  ( 1.000000000000000000, 0.0000000000000000000, 0.0000000000000000000 ) ) ;
#3420 = CARTESIAN_POINT ( 'NONE',  ( 0.4975961538461529100, -4.909181744786878600E-017, 0.2672434070081726200 ) ) ;
#3421 = DIRECTION ( 'NONE',  ( 0.0000000000000000000, 0.5000000000000040000, 0.8660254037844362700 ) ) ;
#3422 = CARTESIAN_POINT ( 'NONE',  ( 0.9807692307692305000, 0.2000369959355130500, 0.0000000000000000000 ) ) ;
#3423 = CARTESIAN_POINT ( 'NONE',  ( 0.4576923076923068400, 0.06181483124778577900, 0.1902464884845768400 ) ) ;
#3424 = CARTESIAN_POINT ( 'NONE',  ( 1.106730769230768900, 0.07982748481806195600, 0.2456837358386569400 ) ) ;
#3425 = CARTESIAN_POINT ( 'NONE',  ( 0.6403846153846147700, -0.06181483124778579900, -0.1902464884845768400 ) ) ;
#3426 = TOROIDAL_SURFACE ( 'NONE', #30, 0.009249999999999999500, 0.002000000000000000000 ) ;
#3427 = CARTESIAN_POINT ( 'NONE',  ( 0.5403846153846148000, -0.1618333292155423300, 0.1175787961237839400 ) ) ;
#3428 = EDGE_CURVE ( 'NONE', #1923, #1043, #6439, .T. ) ;
#3429 = CARTESIAN_POINT ( 'NONE',  ( 0.9769230769230763400, -0.2500000000000000600, 0.08122992405822651600 ) ) ;
#3430 = CARTESIAN_POINT ( 'NONE',  ( 0.2307692307692297300, -3.863724120272764700E-017, 0.2103313446762957200 ) ) ;
#3431 = CARTESIAN_POINT ( 'NONE',  ( -0.4906249999999999800, -0.1541177857925726300, 0.2444398353427580700 ) ) ;
#3432 = CARTESIAN_POINT ( 'NONE',  ( 0.8134615384615380100, 0.2000369959355130000, -0.06499595995471001100 ) ) ;
#3433 = CARTESIAN_POINT ( 'NONE',  ( -0.5136250000000000000, -0.04261426501499308800, 0.09231007213317479800 ) ) ;
#3434 = ORIENTED_EDGE ( 'NONE', *, *, #1226, .T. ) ;
#3435 = CARTESIAN_POINT ( 'NONE',  ( -0.09423076923077058900, 0.1236296624955716000, 0.1701616322928579100 ) ) ;
#3436 = CARTESIAN_POINT ( 'NONE',  ( -0.4211538461538478800, 0.1618333292155423300, -0.1175787961237839500 ) ) ;
#3437 = DIRECTION ( 'NONE',  ( 1.000000000000000000, 0.0000000000000000000, 0.0000000000000000000 ) ) ;
#3438 = ORIENTED_EDGE ( 'NONE', *, *, #5833, .F. ) ;
#3439 = CARTESIAN_POINT ( 'NONE',  ( -0.5102143365883323700, 0.2817956058492345200, -0.2619156933194719000 ) ) ;
#3440 = ORIENTED_EDGE ( 'NONE', *, *, #4060, .T. ) ;
#3441 = CARTESIAN_POINT ( 'NONE',  ( -0.4086538461538479200, -0.2583271673440810700, -3.163595386207315100E-017 ) ) ;
#3442 = CARTESIAN_POINT ( 'NONE',  ( 0.03749999999999871500, -0.07982748481806203900, 0.2456837358386569100 ) ) ;
#3443 = CARTESIAN_POINT ( 'NONE',  ( 0.05048076923074639600, -5.180524506154035900E-013, -0.2208549142957290700 ) ) ;
#3444 = CARTESIAN_POINT ( 'NONE',  ( 0.1865384615384605100, 0.06181483124778582700, -0.1902464884845768100 ) ) ;
#3445 = CARTESIAN_POINT ( 'NONE',  ( 0.7712020877518009900, 0.03959611008113407500, -0.2499999999999999200 ) ) ;
#3446 = CARTESIAN_POINT ( 'NONE',  ( 0.2629807692307679600, 0.07854086670589938100, 0.2417239324562226500 ) ) ;
#3447 = VERTEX_POINT ( 'NONE', #3206 ) ;
#3448 = CARTESIAN_POINT ( 'NONE',  ( 1.250000000000000000, 0.0000000000000000000, 0.0000000000000000000 ) ) ;
#3449 = CARTESIAN_POINT ( 'NONE',  ( 0.8076923076923071500, 1.287908040090921200E-017, -0.2103313446762957200 ) ) ;
#3450 = CARTESIAN_POINT ( 'NONE',  ( 0.4269230769230760200, 0.06181483124778582700, -0.1902464884845768100 ) ) ;
#3451 = CARTESIAN_POINT ( 'NONE',  ( 1.137499999999999700, -0.2089910684901024900, -0.1518408992313406400 ) ) ;
#3452 = CARTESIAN_POINT ( 'NONE',  ( 0.3211538461538451800, -0.2000369959355130000, -0.06499595995471003900 ) ) ;
#3453 = CARTESIAN_POINT ( 'NONE',  ( 0.6711538461538457700, 0.1618333292155423300, 0.1175787961237840100 ) ) ;
#3454 = ORIENTED_EDGE ( 'NONE', *, *, #4531, .T. ) ;
#3455 = CARTESIAN_POINT ( 'NONE',  ( 0.9653846153846148400, -0.07725424859373686300, 0.2377641290737883600 ) ) ;
#3456 = AXIS2_PLACEMENT_3D ( 'NONE', #6918, #3584, #5291 ) ;
#3457 = CARTESIAN_POINT ( 'NONE',  ( 0.2884615384615374400, 0.2000369959355130500, 0.0000000000000000000 ) ) ;
#3458 = CARTESIAN_POINT ( 'NONE',  ( 0.01538461538461391600, 0.2499999999999999200, -0.08122992405822653000 ) ) ;
#3459 = CARTESIAN_POINT ( 'NONE',  ( 0.7019230769230764300, -0.2000369959355130500, -2.449746667834781800E-017 ) ) ;
#3460 = CARTESIAN_POINT ( 'NONE',  ( 0.2596153846153835800, -4.813149900984358400E-017, 0.2499999999999999700 ) ) ;
#3461 = DATE_AND_TIME ( #4457, #4992 ) ;
#3462 = CARTESIAN_POINT ( 'NONE',  ( -0.4403846153846168700, -0.1236296624955716100, -0.1701616322928578600 ) ) ;
#3463 = ADVANCED_FACE ( 'NONE', ( #884 ), #2123, .T. ) ;
#3464 = ORIENTED_EDGE ( 'NONE', *, *, #680, .T. ) ;
#3465 = CARTESIAN_POINT ( 'NONE',  ( 1.250000000000000000, 3.061616997868383000E-017, -0.2500000000000000000 ) ) ;
#3466 = CARTESIAN_POINT ( 'NONE',  ( 0.05192307692307555200, -0.2500000000000000600, -0.08122992405822662700 ) ) ;
#3467 = FACE_OUTER_BOUND ( 'NONE', #1102, .T. ) ;
#3468 = CARTESIAN_POINT ( 'NONE',  ( -0.1048076923076937800, -0.2583271673440811200, 0.08393558474214593600 ) ) ;
#3469 = DIRECTION ( 'NONE',  ( -1.000000000000000000, -0.0000000000000000000, -0.0000000000000000000 ) ) ;
#3470 = EDGE_LOOP ( 'NONE', ( #3173, #4103, #666, #4286, #1549, #1377 ) ) ;
#3471 = CARTESIAN_POINT ( 'NONE',  ( 0.1134615384615373600, 0.1236296624955716500, -0.1701616322928578600 ) ) ;
#3472 = CARTESIAN_POINT ( 'NONE',  ( 0.1538461538461524900, 1.750236327630675500E-017, -0.2499999999999999700 ) ) ;
#3473 = CARTESIAN_POINT ( 'NONE',  ( 0.1899038461538448100, -4.909181744786878600E-017, 0.2672434070081726200 ) ) ;
#3474 = CARTESIAN_POINT ( 'NONE',  ( 0.7576923076923068900, -0.2022542485937368100, -0.1469463130731182800 ) ) ;
#3475 = LINE ( 'NONE', #6104, #4741 ) ;
#3476 = EDGE_CURVE ( 'NONE', #6820, #5549, #6866, .T. ) ;
#3477 = CARTESIAN_POINT ( 'NONE',  ( 0.8192307692307687600, 0.1618333292155423300, -0.1175787961237839500 ) ) ;
#3478 = CARTESIAN_POINT ( 'NONE',  ( 0.3461538461538452000, 1.287908040090921300E-017, -0.2103313446762957200 ) ) ;
#3479 = CARTESIAN_POINT ( 'NONE',  ( 1.179807692307692100, 0.1596549696361239700, 0.2197462137205352700 ) ) ;
#3480 = ORIENTED_EDGE ( 'NONE', *, *, #3481, .T. ) ;
#3481 = EDGE_CURVE ( 'NONE', #5776, #1779, #7053, .T. ) ;
#3482 = CARTESIAN_POINT ( 'NONE',  ( 0.3326923076923067900, -0.06181483124778579900, -0.1902464884845768400 ) ) ;
#3483 = CARTESIAN_POINT ( 'NONE',  ( 0.6749999999999994900, 0.1236296624955716000, 0.1701616322928579100 ) ) ;
#3484 = VECTOR ( 'NONE', #4808, 39.37007874015748100 ) ;
#3485 = CARTESIAN_POINT ( 'NONE',  ( 0.9846153846153841100, -0.2499999999999999200, -0.08122992405822658500 ) ) ;
#3486 = CARTESIAN_POINT ( 'NONE',  ( 0.2999999999999989300, 0.1236296624955716000, 0.1701616322928579100 ) ) ;
#3487 = DIRECTION ( 'NONE',  ( 0.0000000000000000000, 0.0000000000000000000, 1.000000000000000000 ) ) ;
#3488 = CARTESIAN_POINT ( 'NONE',  ( 0.5749999999999992900, 0.1236296624955716500, -0.1701616322928578600 ) ) ;
#3489 = ORIENTED_EDGE ( 'NONE', *, *, #3098, .T. ) ;
#3490 = CARTESIAN_POINT ( 'NONE',  ( -0.4846864519904482400, 0.1816410714965252200, 0.09031577776288679500 ) ) ;
#3491 = CIRCLE ( 'NONE', #7397, 0.3237271239664728500 ) ;
#3492 = CARTESIAN_POINT ( 'NONE',  ( 1.192307692307692300, -0.1764317023399903700, 0.1771210162838194600 ) ) ;
#3493 = CARTESIAN_POINT ( 'NONE',  ( 1.250000000000000000, 0.0000000000000000000, 0.0000000000000000000 ) ) ;
#3494 = CARTESIAN_POINT ( 'NONE',  ( 1.253846153846153600, -0.2000369959355130000, -0.06499595995471003900 ) ) ;
#3495 = CARTESIAN_POINT ( 'NONE',  ( 0.4980769230769222500, -0.1545084971874737300, 0.2126627020880099700 ) ) ;
#3496 = CARTESIAN_POINT ( 'NONE',  ( -0.2894230769230785000, 0.2583271673440810700, 0.08393558474214604700 ) ) ;
#3497 = CARTESIAN_POINT ( 'NONE',  ( -0.04326923076923223200, -4.989601562057195500E-017, 0.2716212579567785500 ) ) ;
#3498 = CARTESIAN_POINT ( 'NONE',  ( 0.5326923076923068000, 0.07725424859373684900, -0.2377641290737883800 ) ) ;
#3499 = CARTESIAN_POINT ( 'NONE',  ( 0.2211538461538452000, -3.863724120272764700E-017, 0.2103313446762957200 ) ) ;
#3500 = CARTESIAN_POINT ( 'NONE',  ( 0.007514205268348934600, 0.2458073005062583500, 0.008435147944666933700 ) ) ;
#3501 = CARTESIAN_POINT ( 'NONE',  ( 0.08221153846153699000, 0.1570817334117988200, -0.2162044579042725600 ) ) ;
#3502 = CARTESIAN_POINT ( 'NONE',  ( 0.3153846153846141000, 0.1545084971874737000, -0.2126627020880099400 ) ) ;
#3503 = ADVANCED_FACE ( 'NONE', ( #6079 ), #6148, .F. ) ;
#3504 = CARTESIAN_POINT ( 'NONE',  ( 0.8884615384615380800, 0.06181483124778582700, -0.1902464884845768100 ) ) ;
#3505 = CARTESIAN_POINT ( 'NONE',  ( 0.07307692307692191500, 0.06181483124778577900, 0.1902464884845768400 ) ) ;
#3506 = CARTESIAN_POINT ( 'NONE',  ( 1.045192307692307300, -0.2089910684901025400, 0.1518408992313405900 ) ) ;
#3507 = CARTESIAN_POINT ( 'NONE',  ( 0.2673076923076914100, 0.1236296624955716700, -0.1701616322928578600 ) ) ;
#3508 = CARTESIAN_POINT ( 'NONE',  ( -0.05625000000000160400, 0.2541635836720405100, 0.08258275440018635100 ) ) ;
#3509 = CARTESIAN_POINT ( 'NONE',  ( 0.04230769230769112300, 0.06181483124778582700, -0.1902464884845768100 ) ) ;
#3510 = CARTESIAN_POINT ( 'NONE',  ( 0.6480769230769225500, 0.06181483124778582700, -0.1902464884845768100 ) ) ;
#3511 = CARTESIAN_POINT ( 'NONE',  ( 1.255769230769230700, -0.06181483124778579900, -0.1902464884845768400 ) ) ;
#3512 = CARTESIAN_POINT ( 'NONE',  ( -0.3980769230769247200, 0.06181483124778577900, 0.1902464884845768400 ) ) ;
#3513 = EDGE_CURVE ( 'NONE', #5679, #6742, #2122, .T. ) ;
#3514 = CARTESIAN_POINT ( 'NONE',  ( 0.6826923076923071500, 1.019512660844868800E-015, -0.2500000000000000000 ) ) ;
#3515 = DIRECTION ( 'NONE',  ( 1.000000000000000000, 0.0000000000000000000, 0.0000000000000000000 ) ) ;
#3516 = CIRCLE ( 'NONE', #5312, 0.001999999999999999600 ) ;
#3517 = CARTESIAN_POINT ( 'NONE',  ( -0.5156250000000000000, -0.3247595264191645600, -0.1875000000000000300 ) ) ;
#3518 = CARTESIAN_POINT ( 'NONE',  ( -0.3548076923076941600, 0.07982748481806195600, 0.2456837358386569400 ) ) ;
#3519 = CARTESIAN_POINT ( 'NONE',  ( 0.02980769230769091100, 0.07982748481806195600, 0.2456837358386569400 ) ) ;
#3520 = CARTESIAN_POINT ( 'NONE',  ( 1.250000000000000000, 0.0000000000000000000, 0.2500000000000000000 ) ) ;
#3521 = EDGE_CURVE ( 'NONE', #2945, #600, #3840, .T. ) ;
#3522 = EDGE_LOOP ( 'NONE', ( #6735, #1835, #2298, #7140 ) ) ;
#3523 = CARTESIAN_POINT ( 'NONE',  ( 0.1211538461538450300, 0.2000369959355130000, -0.06499595995471001100 ) ) ;
#3524 = CARTESIAN_POINT ( 'NONE',  ( 0.2749999999999988600, -0.2500000000000001100, 0.08122992405822653000 ) ) ;
#3525 = CARTESIAN_POINT ( 'NONE',  ( 0.2168269230769217000, -0.2056226585419196300, -0.1493936061522294400 ) ) ;
#3526 = CARTESIAN_POINT ( 'NONE',  ( 0.7384615384615377300, -0.1545084971874737300, 0.2126627020880099400 ) ) ;
#3527 = CARTESIAN_POINT ( 'NONE',  ( 0.9615384615384612300, 1.287908040090921200E-017, -0.2103313446762957200 ) ) ;
#3528 = CARTESIAN_POINT ( 'NONE',  ( 0.02307692307692175300, -0.2000369959355130000, -0.06499595995471003900 ) ) ;
#3529 = CARTESIAN_POINT ( 'NONE',  ( 0.9990384615384611000, 0.07982748481806199700, -0.2456837358386569100 ) ) ;
#3530 = CARTESIAN_POINT ( 'NONE',  ( 0.3403846153846145600, 0.06181483124778582700, -0.1902464884845768100 ) ) ;
#3531 = CARTESIAN_POINT ( 'NONE',  ( -0.2331730769230788400, 1.636393914928959700E-017, -0.2672434070081726200 ) ) ;
#3532 = ORIENTED_EDGE ( 'NONE', *, *, #5833, .T. ) ;
#3533 = EDGE_LOOP ( 'NONE', ( #4387, #2305, #5427, #4001 ) ) ;
#3534 = CARTESIAN_POINT ( 'NONE',  ( -0.5156250000000000000, 0.0000000000000000000, -0.3749999999999999400 ) ) ;
#3535 = CARTESIAN_POINT ( 'NONE',  ( 0.1423076923076911400, 0.1618333292155423300, 0.1175787961237840100 ) ) ;
#3536 = CARTESIAN_POINT ( 'NONE',  ( 0.6057692307692302800, -3.863724120272764700E-017, 0.2103313446762957200 ) ) ;
#3537 = CARTESIAN_POINT ( 'NONE',  ( -0.3519230769230784500, 0.06181483124778582700, -0.1902464884845768100 ) ) ;
#3538 = ORIENTED_EDGE ( 'NONE', *, *, #5202, .F. ) ;
#3539 = B_SPLINE_CURVE_WITH_KNOTS ( 'NONE', 3,
 ( #3568, #5299, #3688, #3166, #3093, #4275 ),
 .UNSPECIFIED., .F., .F.,
 ( 4, 2, 4 ),
 ( 0.0000000000000000000, 0.0003014487848383040000, 0.0006028975696766079900 ),
 .UNSPECIFIED. ) ;
#3540 = ADVANCED_FACE ( 'NONE', ( #6264 ), #1870, .T. ) ;
#3541 = VERTEX_POINT ( 'NONE', #1590 ) ;
#3542 = CARTESIAN_POINT ( 'NONE',  ( 1.234615384615384700, -0.06181483124778584100, 0.1902464884845768100 ) ) ;
#3543 = CARTESIAN_POINT ( 'NONE',  ( -0.5136250000000000000, -0.1346322142074262700, -0.2556898353427560200 ) ) ;
#3544 = CARTESIAN_POINT ( 'NONE',  ( 0.9057692307692306600, -0.1545084971874737000, -0.2126627020880100000 ) ) ;
#3545 = ORIENTED_EDGE ( 'NONE', *, *, #1021, .T. ) ;
#3546 = CARTESIAN_POINT ( 'NONE',  ( 0.4826923076923068700, -0.1236296624955716100, -0.1701616322928578600 ) ) ;
#3547 = CARTESIAN_POINT ( 'NONE',  ( 0.6480769230769223300, -0.07725424859373689100, 0.2377641290737883800 ) ) ;
#3548 = CARTESIAN_POINT ( 'NONE',  ( 0.05528846153846010700, -0.2541635836720405100, -3.112606192037848400E-017 ) ) ;
#3549 = CARTESIAN_POINT ( 'NONE',  ( -0.5156250000000000000, 0.03438526787985378400, 0.3749999999999998300 ) ) ;
#3550 = CIRCLE ( 'NONE', #3007, 0.009249999999999997800 ) ;
#3551 = CARTESIAN_POINT ( 'NONE',  ( 0.5576923076923069300, -0.2000369959355130500, -2.449746667834781800E-017 ) ) ;
#3552 = CARTESIAN_POINT ( 'NONE',  ( 0.2153846153846142900, 0.2000369959355130000, 0.06499595995471008100 ) ) ;
#3553 = CARTESIAN_POINT ( 'NONE',  ( 0.7874999999999995300, 0.2583271673440810700, 0.08393558474214604700 ) ) ;
#3554 = CARTESIAN_POINT ( 'NONE',  ( 0.4557692307692300900, -0.06181483124778584100, 0.1902464884845768100 ) ) ;
#3555 = CARTESIAN_POINT ( 'NONE',  ( -0.08701923076923227800, -0.1570817334117988200, -0.2162044579042725600 ) ) ;
#3556 = DIRECTION ( 'NONE',  ( 1.000000000000000000, 0.0000000000000000000, 0.0000000000000000000 ) ) ;
#3557 = AXIS2_PLACEMENT_3D ( 'NONE', #7312, #6156, #2713 ) ;
#3558 = ORIENTED_EDGE ( 'NONE', *, *, #493, .T. ) ;
#3559 = CARTESIAN_POINT ( 'NONE',  ( 0.1769230769230758200, -0.2000369959355130000, -0.06499595995471003900 ) ) ;
#3560 = CARTESIAN_POINT ( 'NONE',  ( 1.148076923076923000, -0.06181483124778584100, 0.1902464884845768100 ) ) ;
#3561 = CARTESIAN_POINT ( 'NONE',  ( -0.4480769230769247600, -0.2000369959355130000, -0.06499595995471003900 ) ) ;
#3562 = LINE ( 'NONE', #5728, #3383 ) ;
#3563 = VERTEX_POINT ( 'NONE', #2157 ) ;
#3564 = CARTESIAN_POINT ( 'NONE',  ( -0.5156250000000000000, -0.2035159698893430600, -0.3524999999999999800 ) ) ;
#3565 = CARTESIAN_POINT ( 'NONE',  ( 0.06730769230769109700, 1.312677245723006800E-017, -0.2499999999999999700 ) ) ;
#3566 = EDGE_CURVE ( 'NONE', #5183, #4474, #5592, .T. ) ;
#3567 = CARTESIAN_POINT ( 'NONE',  ( 1.186538461538461300, -0.07725424859373689100, 0.2377641290737883800 ) ) ;
#3568 = CARTESIAN_POINT ( 'NONE',  ( -0.1012136957216079300, -0.4265175113638359800, 0.01124999999999989900 ) ) ;
#3569 = DIRECTION ( 'NONE',  ( -1.000000000000000000, -0.0000000000000000000, -0.0000000000000000000 ) ) ;
#3570 = VECTOR ( 'NONE', #3632, 39.37007874015748100 ) ;
#3571 = CARTESIAN_POINT ( 'NONE',  ( 1.228077412006431100, 0.1664533630475778800, 0.1356317203375470000 ) ) ;
#3572 = ORIENTED_EDGE ( 'NONE', *, *, #2214, .F. ) ;
#3573 = CARTESIAN_POINT ( 'NONE',  ( 0.4403846153846146000, 0.1618333292155423300, 0.1175787961237840100 ) ) ;
#3574 = CARTESIAN_POINT ( 'NONE',  ( 0.6634615384615377700, -0.2500000000000000000, -3.061616997868382400E-017 ) ) ;
#3575 = CARTESIAN_POINT ( 'NONE',  ( 1.247596153846153500, 0.2541635836720405100, 0.0000000000000000000 ) ) ;
#3576 = AXIS2_PLACEMENT_3D ( 'NONE', #2881, #90, #6954 ) ;
#3577 = ADVANCED_FACE ( 'NONE', ( #432 ), #6231, .F. ) ;
#3578 = CARTESIAN_POINT ( 'NONE',  ( 0.6423076923076916900, -0.1618333292155423300, -0.1175787961237840000 ) ) ;
#3579 = VECTOR ( 'NONE', #4724, 39.37007874015748100 ) ;
#3580 = CARTESIAN_POINT ( 'NONE',  ( -0.01538461538461669200, 0.2000369959355130000, 0.06499595995471008100 ) ) ;
#3581 = CARTESIAN_POINT ( 'NONE',  ( 0.8221153846153840300, -0.2583271673440810700, -3.163595386207315100E-017 ) ) ;
#3582 = CARTESIAN_POINT ( 'NONE',  ( 0.1673076923076913000, -0.2000369959355130000, -0.06499595995471003900 ) ) ;
#3583 = CARTESIAN_POINT ( 'NONE',  ( -0.04086538461538628100, -4.909181744786878600E-017, 0.2672434070081726200 ) ) ;
#3584 = DIRECTION ( 'NONE',  ( 1.000000000000000000, 0.0000000000000000000, 0.0000000000000000000 ) ) ;
#3585 = CARTESIAN_POINT ( 'NONE',  ( 0.09999999999999881200, -0.2000369959355130000, -0.06499595995471003900 ) ) ;
#3586 = CARTESIAN_POINT ( 'NONE',  ( 0.5615384615384604300, 0.2499999999999999200, 0.08122992405822664100 ) ) ;
#3587 = CARTESIAN_POINT ( 'NONE',  ( 1.040384615384615200, 0.1618333292155423300, -0.1175787961237839500 ) ) ;
#3588 = AXIS2_PLACEMENT_3D ( 'NONE', #5314, #3061, #1330 ) ;
#3589 = CARTESIAN_POINT ( 'NONE',  ( 1.207692307692307400, 0.2000369959355130000, -0.06499595995470999800 ) ) ;
#3590 = CARTESIAN_POINT ( 'NONE',  ( 1.138461538461538000, -0.2499999999999999200, -0.08122992405822658500 ) ) ;
#3591 = PLANE ( 'NONE',  #1622 ) ;
#3592 = CARTESIAN_POINT ( 'NONE',  ( 1.184615384615384400, -0.1236296624955716100, -0.1701616322928578600 ) ) ;
#3593 = CARTESIAN_POINT ( 'NONE',  ( 1.212536814629428000, 0.05653895336982704000, -0.2228229623230334200 ) ) ;
#3594 = CARTESIAN_POINT ( 'NONE',  ( 0.3903846153846146600, -0.2000369959355130200, 0.06499595995470997000 ) ) ;
#3595 = CARTESIAN_POINT ( 'NONE',  ( 0.8326923076923071800, -0.07725424859373683500, -0.2377641290737884100 ) ) ;
#3596 = CARTESIAN_POINT ( 'NONE',  ( 0.1076923076923062700, 0.1545084971874736400, 0.2126627020880099400 ) ) ;
#3597 = CARTESIAN_POINT ( 'NONE',  ( 0.5038461538461530600, 0.06181483124778582700, -0.1902464884845768100 ) ) ;
#3598 = CARTESIAN_POINT ( 'NONE',  ( 0.1692307692307681300, -0.2000369959355130200, 0.06499595995470997000 ) ) ;
#3599 = CARTESIAN_POINT ( 'NONE',  ( 0.8951923076923072900, -0.2583271673440811200, 0.08393558474214593600 ) ) ;
#3600 = CARTESIAN_POINT ( 'NONE',  ( 0.1711538461538451800, -0.1618333292155423300, -0.1175787961237840000 ) ) ;
#3601 = CARTESIAN_POINT ( 'NONE',  ( -0.01009615384615537000, -0.1570817334117988200, -0.2162044579042725600 ) ) ;
#3602 = CARTESIAN_POINT ( 'NONE',  ( -0.5156250000000000000, 0.2230015414744928600, -0.3637499999999999600 ) ) ;
#3603 = CARTESIAN_POINT ( 'NONE',  ( 0.06923076923076799900, 0.1236296624955716000, 0.1701616322928579100 ) ) ;
#3604 = CARTESIAN_POINT ( 'NONE',  ( 0.9192307692307686300, -0.07725424859373682100, -0.2377641290737883800 ) ) ;
#3605 = CARTESIAN_POINT ( 'NONE',  ( 1.094230769230769300, -0.1618333292155423300, -0.1175787961237840000 ) ) ;
#3606 = FACE_BOUND ( 'NONE', #6314, .T. ) ;
#3607 = CARTESIAN_POINT ( 'NONE',  ( 1.019230769230769200, -0.2000369959355130500, -2.449746667834781800E-017 ) ) ;
#3608 =( BOUNDED_CURVE ( )  B_SPLINE_CURVE ( 2, ( #1666, #1746, #2264, #4548, #4009, #569, #5123, #1117, #6867, #4036, #599, #2318, #6334 ),
 .UNSPECIFIED., .F., .F. ) 
 B_SPLINE_CURVE_WITH_KNOTS ( ( 3, 2, 2, 2, 2, 2, 3 ),
 ( 0.8783956188794983500, 0.8805695319229766000, 0.8849173580099331000, 0.8892651840968895900, 0.8936130101838462000, 0.8979608362708027000, 0.9001347493142809500 ),
 .UNSPECIFIED. ) 
 CURVE ( )  GEOMETRIC_REPRESENTATION_ITEM ( )  RATIONAL_B_SPLINE_CURVE ( ( 0.9755282581475768200, 0.9755282581475768200, 1.000000000000000000, 0.9510565162951535300, 1.000000000000000000, 0.9510565162951535300, 1.000000000000000000, 0.9510565162951535300, 1.000000000000000000, 0.9510565162951535300, 1.000000000000000000, 0.9755282581475768200, 0.9755282581475768200 ) ) 
 REPRESENTATION_ITEM ( '' )  );
#3609 = ADVANCED_FACE ( 'NONE', ( #5467 ), #1512, .T. ) ;
#3610 = CARTESIAN_POINT ( 'NONE',  ( 1.201923076923076900, 0.2000369959355130500, 0.0000000000000000000 ) ) ;
#3611 = CARTESIAN_POINT ( 'NONE',  ( 0.2173076923076911700, -0.07725424859373683500, -0.2377641290737884100 ) ) ;
#3612 = CARTESIAN_POINT ( 'NONE',  ( 1.138461538461538400, 0.2000369959355130000, 0.06499595995471008100 ) ) ;
#3613 = CARTESIAN_POINT ( 'NONE',  ( 0.4595671430174278500, -0.03959611008113404100, -0.2499999999999999200 ) ) ;
#3614 = VERTEX_POINT ( 'NONE', #462 ) ;
#3615 = CARTESIAN_POINT ( 'NONE',  ( 0.04001357560680756500, 0.1867865909076119000, 0.1297215521952024000 ) ) ;
#3616 = EDGE_CURVE ( 'NONE', #6873, #3346, #3285, .T. ) ;
#3617 = CARTESIAN_POINT ( 'NONE',  ( -0.1102905322569988900, 0.1705561724282537700, -0.3749999999999999400 ) ) ;
#3618 = EDGE_CURVE ( 'NONE', #833, #2431, #4932, .T. ) ;
#3619 = CARTESIAN_POINT ( 'NONE',  ( 0.3442307692307683400, 0.1236296624955716700, -0.1701616322928578600 ) ) ;
#3620 = DIRECTION ( 'NONE',  ( -0.0000000000000000000, 1.000000000000000000, -1.252096997096120900E-016 ) ) ;
#3621 = CARTESIAN_POINT ( 'NONE',  ( 1.116826923076922600, -0.07854086670589945100, 0.2417239324562225900 ) ) ;
#3622 = ORIENTED_EDGE ( 'NONE', *, *, #3513, .F. ) ;
#3623 = CARTESIAN_POINT ( 'NONE',  ( 0.4519230769230760400, 1.312677245723006800E-017, -0.2499999999999999700 ) ) ;
#3624 = EDGE_LOOP ( 'NONE', ( #614, #157, #4899, #1294 ) ) ;
#3625 = CARTESIAN_POINT ( 'NONE',  ( 0.6115384615384609200, 0.06181483124778577900, 0.1902464884845768400 ) ) ;
#3626 = CARTESIAN_POINT ( 'NONE',  ( -0.08076923076923203700, 0.06181483124778577900, 0.1902464884845768400 ) ) ;
#3627 = CARTESIAN_POINT ( 'NONE',  ( 0.8259615384615379700, -0.2583271673440810700, -0.08393558474214601900 ) ) ;
#3628 = CARTESIAN_POINT ( 'NONE',  ( 0.07884615384615269200, -0.1618333292155423300, 0.1175787961237839400 ) ) ;
#3629 = CARTESIAN_POINT ( 'NONE',  ( -0.2985576923076941300, 0.2056226585419196600, -0.1493936061522294400 ) ) ;
#3630 = AXIS2_PLACEMENT_3D ( 'NONE', #5573, #2119, #6131 ) ;
#3631 = EDGE_LOOP ( 'NONE', ( #2531, #5078, #4120, #3120 ) ) ;
#3632 = DIRECTION ( 'NONE',  ( 1.000000000000000000, -0.0000000000000000000, -0.0000000000000000000 ) ) ;
#3633 = CARTESIAN_POINT ( 'NONE',  ( 0.9865384615384613600, 0.06181483124778577900, 0.1902464884845768400 ) ) ;
#3634 = CARTESIAN_POINT ( 'NONE',  ( 1.161538461538461400, -0.1236296624955716800, 0.1701616322928578300 ) ) ;
#3635 = CIRCLE ( 'NONE', #5652, 0.01124999999999999800 ) ;
#3636 = CARTESIAN_POINT ( 'NONE',  ( 0.6115384615384605900, -0.07725424859373682100, -0.2377641290737883800 ) ) ;
#3637 = CARTESIAN_POINT ( 'NONE',  ( -0.1012136957216079900, 0.2035159698893430600, 0.3749999999999998900 ) ) ;
#3638 = CARTESIAN_POINT ( 'NONE',  ( 0.9884615384615381700, 0.1618333292155423300, 0.1175787961237840100 ) ) ;
#3639 = FACE_OUTER_BOUND ( 'NONE', #1257, .T. ) ;
#3640 = CARTESIAN_POINT ( 'NONE',  ( 0.4538461538461527900, -0.1545084971874736700, -0.2126627020880099400 ) ) ;
#3641 = CARTESIAN_POINT ( 'NONE',  ( 0.03817853702541410700, 0.1994899143790822300, 0.1105756835067996000 ) ) ;
#3642 = DIRECTION ( 'NONE',  ( 1.000000000000000000, -0.0000000000000000000, -0.0000000000000000000 ) ) ;
#3643 = VERTEX_POINT ( 'NONE', #6782 ) ;
#3644 = CARTESIAN_POINT ( 'NONE',  ( 1.219159231871767900, 0.1995184688967516800, -0.1001934292606962000 ) ) ;
#3645 = CARTESIAN_POINT ( 'NONE',  ( 0.3673076923076915000, 0.1236296624955716000, 0.1701616322928579100 ) ) ;
#3646 = CARTESIAN_POINT ( 'NONE',  ( 0.8000482415979551800, -0.03959611008113510900, 0.2499999999999996900 ) ) ;
#3647 = CARTESIAN_POINT ( 'NONE',  ( 0.3441825276328124300, 0.03959611008113501200, 0.2499999999999996900 ) ) ;
#3648 = LINE ( 'NONE', #6901, #64 ) ;
#3649 = CARTESIAN_POINT ( 'NONE',  ( 0.7038461538461532300, -0.1618333292155423300, 0.1175787961237839400 ) ) ;
#3650 = CARTESIAN_POINT ( 'NONE',  ( -0.1653846153846167400, 0.1618333292155423300, 0.1175787961237840100 ) ) ;
#3651 = CARTESIAN_POINT ( 'NONE',  ( 0.7682692307692300400, 0.07982748481806199700, -0.2456837358386569100 ) ) ;
#3652 = ORIENTED_EDGE ( 'NONE', *, *, #882, .T. ) ;
#3653 = CARTESIAN_POINT ( 'NONE',  ( 0.1173076923076912800, 0.1618333292155423300, -0.1175787961237839500 ) ) ;
#3654 = CARTESIAN_POINT ( 'NONE',  ( -0.4331730769230788800, 0.1570817334117987900, 0.2162044579042725600 ) ) ;
#3655 = VECTOR ( 'NONE', #266, 39.37007874015748100 ) ;
#3656 = EDGE_CURVE ( 'NONE', #3087, #795, #1029, .T. ) ;
#3657 = CARTESIAN_POINT ( 'NONE',  ( 0.08653846153846143900, -0.1987350741759119600, 0.02625199282441233500 ) ) ;
#3658 = AXIS2_PLACEMENT_3D ( 'NONE', #625, #2850, #1643 ) ;
#3659 = CARTESIAN_POINT ( 'NONE',  ( 1.132692307692307700, 0.1618333292155423300, 0.1175787961237840100 ) ) ;
#3660 = ORIENTED_EDGE ( 'NONE', *, *, #7387, .F. ) ;
#3661 = CARTESIAN_POINT ( 'NONE',  ( 0.9884615384615381700, 0.1618333292155423300, 0.1175787961237840100 ) ) ;
#3662 = LINE ( 'NONE', #4591, #3219 ) ;
#3663 = CARTESIAN_POINT ( 'NONE',  ( 1.240384615384615400, -0.2000369959355130500, -2.449746667834781800E-017 ) ) ;
#3664 = CARTESIAN_POINT ( 'NONE',  ( 0.7307692307692298400, 9.626299801968717100E-016, 0.2500000000000000000 ) ) ;
#3665 = ORIENTED_EDGE ( 'NONE', *, *, #2950, .T. ) ;
#3666 = CARTESIAN_POINT ( 'NONE',  ( 0.9499999999999997300, -0.1618333292155423300, -0.1175787961237840000 ) ) ;
#3667 = DIRECTION ( 'NONE',  ( -1.000000000000000000, 0.0000000000000000000, 0.0000000000000000000 ) ) ;
#3668 = CARTESIAN_POINT ( 'NONE',  ( 0.03755505216809115100, 0.2034429434012389200, 0.1039154493742831300 ) ) ;
#3669 = CARTESIAN_POINT ( 'NONE',  ( 1.103846153846153700, -0.1618333292155423300, -0.1175787961237840000 ) ) ;
#3670 = FACE_OUTER_BOUND ( 'NONE', #3522, .T. ) ;
#3671 = CARTESIAN_POINT ( 'NONE',  ( 1.224989884941884300, 0.2090349724547963800, 0.06112977667685587400 ) ) ;
#3672 = CARTESIAN_POINT ( 'NONE',  ( 0.03653846153846033300, 0.1236296624955716700, -0.1701616322928578600 ) ) ;
#3673 = CARTESIAN_POINT ( 'NONE',  ( 1.093749999999999600, 0.2541635836720405100, 0.0000000000000000000 ) ) ;
#3674 = CARTESIAN_POINT ( 'NONE',  ( 0.4480769230769221500, -0.07725424859373683500, -0.2377641290737884100 ) ) ;
#3675 = EDGE_CURVE ( 'NONE', #5498, #3929, #5912, .T. ) ;
#3676 = CARTESIAN_POINT ( 'NONE',  ( 0.3307692307692297100, -0.2000369959355130000, -0.06499595995471003900 ) ) ;
#3677 = CARTESIAN_POINT ( 'NONE',  ( -0.1192307692307707500, -0.06181483124778579900, -0.1902464884845768400 ) ) ;
#3678 = CARTESIAN_POINT ( 'NONE',  ( 0.7605769230769224800, -0.07982748481806198300, -0.2456837358386569400 ) ) ;
#3679 = CARTESIAN_POINT ( 'NONE',  ( 0.1249999999999989500, 0.2000369959355130500, 0.0000000000000000000 ) ) ;
#3680 = CARTESIAN_POINT ( 'NONE',  ( -0.4716346153846172600, -0.1570817334117988200, -0.2162044579042725600 ) ) ;
#3681 = CARTESIAN_POINT ( 'NONE',  ( 0.6769230769230760700, -0.2499999999999999200, -0.08122992405822658500 ) ) ;
#3682 = CARTESIAN_POINT ( 'NONE',  ( 0.8134615384615380100, 0.2000369959355130000, -0.06499595995470999800 ) ) ;
#3683 = CARTESIAN_POINT ( 'NONE',  ( 1.107692307692307300, -0.1236296624955716100, -0.1701616322928578600 ) ) ;
#3684 = ADVANCED_FACE ( 'NONE', ( #5554 ), #179, .T. ) ;
#3685 = CARTESIAN_POINT ( 'NONE',  ( 0.6999999999999991800, 0.1545084971874737000, -0.2126627020880099400 ) ) ;
#3686 = CARTESIAN_POINT ( 'NONE',  ( 1.038461538461537900, 1.287908040090921300E-017, -0.2103313446762957200 ) ) ;
#3687 = CARTESIAN_POINT ( 'NONE',  ( 0.4346153846153835200, -0.2022542485937368600, 0.1469463130731182300 ) ) ;
#3688 = CARTESIAN_POINT ( 'NONE',  ( -0.09956090325609186200, -0.4295283873004677200, 0.003983554493593785000 ) ) ;
#3689 = DIRECTION ( 'NONE',  ( -1.000000000000000000, -0.0000000000000000000, -0.0000000000000000000 ) ) ;
#3690 = DIRECTION ( 'NONE',  ( 0.0000000000000000000, 0.0000000000000000000, -1.000000000000000000 ) ) ;
#3691 = CYLINDRICAL_SURFACE ( 'NONE', #3390, 0.01125000000000000000 ) ;
#3692 = CARTESIAN_POINT ( 'NONE',  ( 0.2173076923076913100, 0.06181483124778577900, 0.1902464884845768400 ) ) ;
#3693 = CARTESIAN_POINT ( 'NONE',  ( 0.8514423076923068900, 0.1570817334117988200, -0.2162044579042725600 ) ) ;
#3694 = CARTESIAN_POINT ( 'NONE',  ( 1.207798176662846500, -0.1199114672474732900, 0.2016969733231389300 ) ) ;
#3695 = CARTESIAN_POINT ( 'NONE',  ( 0.2653846153846144400, -0.06181483124778579900, -0.1902464884845768400 ) ) ;
#3696 = CARTESIAN_POINT ( 'NONE',  ( -0.02307692307692449400, 0.2000369959355130000, -0.06499595995470999800 ) ) ;
#3697 = CARTESIAN_POINT ( 'NONE',  ( 0.5990384615384607400, -0.2089910684901024900, -0.1518408992313406400 ) ) ;
#3698 = AXIS2_PLACEMENT_3D ( 'NONE', #3072, #1513, #2526 ) ;
#3699 = CARTESIAN_POINT ( 'NONE',  ( -0.01346153846153967300, 0.06181483124778577900, 0.1902464884845768400 ) ) ;
#3700 = CARTESIAN_POINT ( 'NONE',  ( -0.2370192307692325900, -0.07854086670589939500, -0.2417239324562226500 ) ) ;
#3701 = VERTEX_POINT ( 'NONE', #2309 ) ;
#3702 =( BOUNDED_CURVE ( )  B_SPLINE_CURVE ( 2, ( #658, #711, #5751, #6317, #610, #634, #6875, #1181, #5775, #4731, #4685 ),
 .UNSPECIFIED., .F., .F. ) 
 B_SPLINE_CURVE_WITH_KNOTS ( ( 3, 2, 2, 2, 2, 3 ),
 ( 0.2533754210705619300, 0.2544825721848603700, 0.2588303982718169700, 0.2631782243587734700, 0.2675260504457299700, 0.2696999634892082200 ),
 .UNSPECIFIED. ) 
 CURVE ( )  GEOMETRIC_REPRESENTATION_ITEM ( )  RATIONAL_B_SPLINE_CURVE ( ( 0.9814209748469944200, 0.9875367985200622600, 1.000000000000000000, 0.9510565162951534200, 1.000000000000000000, 0.9510565162951534200, 1.000000000000000000, 0.9510565162951534200, 1.000000000000000000, 0.9755282581475767100, 0.9755282581475767100 ) ) 
 REPRESENTATION_ITEM ( '' )  );
#3703 = CARTESIAN_POINT ( 'NONE',  ( 0.3134615384615375100, 0.2500000000000000600, -0.08122992405822657100 ) ) ;
#3704 = CARTESIAN_POINT ( 'NONE',  ( -0.1012136957216080400, -0.2230015414744929700, 0.3637499999999998000 ) ) ;
#3705 = CARTESIAN_POINT ( 'NONE',  ( 0.6576923076923069100, -0.07725424859373686300, 0.2377641290737883600 ) ) ;
#3706 = CARTESIAN_POINT ( 'NONE',  ( 0.8249999999999996200, 0.1618333292155423300, 0.1175787961237840100 ) ) ;
#3707 = CARTESIAN_POINT ( 'NONE',  ( 0.7576923076923072200, 0.1618333292155423300, 0.1175787961237840100 ) ) ;
#3708 = ORIENTED_EDGE ( 'NONE', *, *, #3476, .F. ) ;
#3709 = ORIENTED_EDGE ( 'NONE', *, *, #5926, .F. ) ;
#3710 = CARTESIAN_POINT ( 'NONE',  ( 1.109615384615384400, 0.06181483124778582700, -0.1902464884845768100 ) ) ;
#3711 = CARTESIAN_POINT ( 'NONE',  ( 0.8499999999999996400, -0.06181483124778584100, 0.1902464884845768100 ) ) ;
#3712 = DIRECTION ( 'NONE',  ( 0.0000000000000000000, 0.0000000000000000000, 1.000000000000000000 ) ) ;
#3713 = CARTESIAN_POINT ( 'NONE',  ( 1.003846153846153200, 0.07725424859373684900, -0.2377641290737883600 ) ) ;
#3714 = CARTESIAN_POINT ( 'NONE',  ( 1.223076923076923000, 0.1236296624955716000, 0.1701616322928579100 ) ) ;
#3715 = ORIENTED_EDGE ( 'NONE', *, *, #3235, .T. ) ;
#3716 = EDGE_CURVE ( 'NONE', #975, #1135, #3399, .T. ) ;
#3717 = ORIENTED_EDGE ( 'NONE', *, *, #2458, .F. ) ;
#3718 = CARTESIAN_POINT ( 'NONE',  ( 0.05961538461538347400, 0.1236296624955716000, 0.1701616322928579100 ) ) ;
#3719 = CARTESIAN_POINT ( 'NONE',  ( 0.9514423076923070900, 0.1570817334117987900, 0.2162044579042725600 ) ) ;
#3720 = CARTESIAN_POINT ( 'NONE',  ( -0.5156250000000000000, -0.05863573498500643900, -0.08306007213317413700 ) ) ;
#3721 = ORIENTED_EDGE ( 'NONE', *, *, #396, .T. ) ;
#3722 = CARTESIAN_POINT ( 'NONE',  ( 0.4692307692307683400, -0.1236296624955716700, 0.1701616322928578600 ) ) ;
#3723 = CARTESIAN_POINT ( 'NONE',  ( -0.1153846153846167200, 1.287908040090921300E-017, -0.2103313446762957200 ) ) ;
#3724 = CARTESIAN_POINT ( 'NONE',  ( 0.6913461538461531700, 0.07982748481806199700, -0.2456837358386569100 ) ) ;
#3725 = CARTESIAN_POINT ( 'NONE',  ( -0.3639423076923094500, 0.2541635836720405100, 0.08258275440018635100 ) ) ;
#3726 = AXIS2_PLACEMENT_3D ( 'NONE', #1919, #5984, #6004 ) ;
#3727 = DIRECTION ( 'NONE',  ( -1.000000000000000000, -0.0000000000000000000, -0.0000000000000000000 ) ) ;
#3728 = CARTESIAN_POINT ( 'NONE',  ( -0.1012136957216079900, 0.2035159698893430600, 0.3749999999999998900 ) ) ;
#3729 = VECTOR ( 'NONE', #390, 39.37007874015748100 ) ;
#3730 = CARTESIAN_POINT ( 'NONE',  ( 0.6846153846153837400, -0.1545084971874736700, -0.2126627020880099400 ) ) ;
#3731 = CARTESIAN_POINT ( 'NONE',  ( 0.7596153846153842500, -3.863724120272764700E-017, 0.2103313446762957200 ) ) ;
#3732 = CARTESIAN_POINT ( 'NONE',  ( 0.8423076923076918700, 0.06181483124778577900, 0.1902464884845768400 ) ) ;
#3733 = CARTESIAN_POINT ( 'NONE',  ( -0.1692307692307707700, 0.2000369959355130000, 0.06499595995471008100 ) ) ;
#3734 = DATE_AND_TIME ( #406, #1927 ) ;
#3735 = CARTESIAN_POINT ( 'NONE',  ( 1.132692307692307700, 0.1618333292155423300, 0.1175787961237840100 ) ) ;
#3736 = ORIENTED_EDGE ( 'NONE', *, *, #2900, .T. ) ;
#3737 = CARTESIAN_POINT ( 'NONE',  ( 0.1422594507097355300, -0.03959611008113306200, -0.2500000000000002800 ) ) ;
#3738 = CARTESIAN_POINT ( 'NONE',  ( 0.7769230769230762700, -0.1236296624955716800, 0.1701616322928578300 ) ) ;
#3739 = CARTESIAN_POINT ( 'NONE',  ( -0.4847309133354106800, -0.2210683046861552600, -0.3670984643404611200 ) ) ;
#3740 = CARTESIAN_POINT ( 'NONE',  ( 0.03569688316666436900, 0.2138062192427024300, 0.08345426976903609600 ) ) ;
#3741 = CARTESIAN_POINT ( 'NONE',  ( 1.096153846153846000, -0.2000369959355130500, -2.449746667834781800E-017 ) ) ;
#3742 = VECTOR ( 'NONE', #3569, 39.37007874015748100 ) ;
#3743 = CARTESIAN_POINT ( 'NONE',  ( 0.05510998996716856600, 0.1060146081344411600, -0.1912105257857710200 ) ) ;
#3744 = VERTEX_POINT ( 'NONE', #5739 ) ;
#3745 = CARTESIAN_POINT ( 'NONE',  ( 0.2403846153846144200, -0.2000369959355130500, -2.449746667834781800E-017 ) ) ;
#3746 = CARTESIAN_POINT ( 'NONE',  ( 1.047596153846153300, -0.2056226585419196600, 0.1493936061522294100 ) ) ;
#3747 =( BOUNDED_CURVE ( )  B_SPLINE_CURVE ( 2, ( #6653, #3247, #7299, #5009, #4486, #7326, #3893, #438, #1583, #1558, #410, #4459, #5033 ),
 .UNSPECIFIED., .F., .F. ) 
 B_SPLINE_CURVE_WITH_KNOTS ( ( 3, 2, 2, 2, 2, 2, 3 ),
 ( 0.4001347493142809500, 0.4023086623577591900, 0.4066564884447156900, 0.4110043145316721900, 0.4153521406186288000, 0.4196999667055852900, 0.4218738797490635400 ),
 .UNSPECIFIED. ) 
 CURVE ( )  GEOMETRIC_REPRESENTATION_ITEM ( )  RATIONAL_B_SPLINE_CURVE ( ( 0.9755282581475768200, 0.9755282581475768200, 1.000000000000000000, 0.9510565162951535300, 1.000000000000000000, 0.9510565162951535300, 1.000000000000000000, 0.9510565162951535300, 1.000000000000000000, 0.9510565162951535300, 1.000000000000000000, 0.9755282581475768200, 0.9755282581475768200 ) ) 
 REPRESENTATION_ITEM ( '' )  );
#3748 = CARTESIAN_POINT ( 'NONE',  ( 0.4769230769230761700, -0.2000369959355130800, 0.06499595995470997000 ) ) ;
#3749 = FACE_OUTER_BOUND ( 'NONE', #2572, .T. ) ;
#3750 = CARTESIAN_POINT ( 'NONE',  ( 0.9442307692307688700, 0.1545084971874737000, 0.2126627020880100200 ) ) ;
#3751 = CARTESIAN_POINT ( 'NONE',  ( -0.3423076923076939200, 0.06181483124778582700, -0.1902464884845768100 ) ) ;
#3752 = CARTESIAN_POINT ( 'NONE',  ( 0.7644230769230763200, 1.663200520685731400E-017, -0.2716212579567785500 ) ) ;
#3753 = CARTESIAN_POINT ( 'NONE',  ( 1.255769230769230700, -0.06181483124778579900, -0.1902464884845768400 ) ) ;
#3754 = VERTEX_POINT ( 'NONE', #5159 ) ;
#3755 = EDGE_CURVE ( 'NONE', #2938, #5418, #4071, .T. ) ;
#3756 = CARTESIAN_POINT ( 'NONE',  ( -0.1310213437548372600, 0.3422432272705369600, 0.1572173418210872900 ) ) ;
#3757 = AXIS2_PLACEMENT_3D ( 'NONE', #2144, #3217, #984 ) ;
#3758 = CARTESIAN_POINT ( 'NONE',  ( 0.3615384615384604800, -0.2500000000000000600, 0.08122992405822651600 ) ) ;
#3759 = VECTOR ( 'NONE', #1822, 39.37007874015748100 ) ;
#3760 = CARTESIAN_POINT ( 'NONE',  ( 0.8326923076923072900, 0.06181483124778577900, 0.1902464884845768400 ) ) ;
#3761 = CARTESIAN_POINT ( 'NONE',  ( 0.9499999999999997300, -0.1618333292155423300, -0.1175787961237840000 ) ) ;
#3762 = CARTESIAN_POINT ( 'NONE',  ( -0.2153846153846166700, -0.2000369959355130200, 0.06499595995470997000 ) ) ;
#3763 = CARTESIAN_POINT ( 'NONE',  ( 1.032692307692307600, 0.06181483124778582700, -0.1902464884845768100 ) ) ;
#3764 = CARTESIAN_POINT ( 'NONE',  ( 0.1538461538461524900, 1.750236327630675500E-017, -0.2499999999999999700 ) ) ;
#3765 = CARTESIAN_POINT ( 'NONE',  ( 0.7230769230769225100, -0.1236296624955716100, -0.1701616322928578600 ) ) ;
#3766 = EDGE_CURVE ( 'NONE', #5144, #2740, #7346, .T. ) ;
#3767 = CARTESIAN_POINT ( 'NONE',  ( -0.5128151445830500000, 0.3591911952020461800, -0.1278626002786653900 ) ) ;
#3768 = DIRECTION ( 'NONE',  ( -1.000000000000000000, 0.0000000000000000000, 0.0000000000000000000 ) ) ;
#3769 = CARTESIAN_POINT ( 'NONE',  ( 1.169230769230769100, -0.2000369959355130800, 0.06499595995470997000 ) ) ;
#3770 = B_SPLINE_CURVE_WITH_KNOTS ( 'NONE', 3,
 ( #1381, #4204, #1406, #264, #1955, #5448, #2001, #7100 ),
 .UNSPECIFIED., .F., .F.,
 ( 4, 2, 2, 4 ),
 ( 0.03769405927058474400, 0.04030542446130024000, 0.04161110705665799200, 0.04291678965201573700 ),
 .UNSPECIFIED. ) ;
#3771 = CARTESIAN_POINT ( 'NONE',  ( 1.001923076923076700, 0.2022542485937368600, -0.1469463130731182800 ) ) ;
#3772 = CARTESIAN_POINT ( 'NONE',  ( 0.07115384615384502700, -0.06181483124778584100, 0.1902464884845768100 ) ) ;
#3773 = CARTESIAN_POINT ( 'NONE',  ( 1.078365384615384200, 0.07854086670589942300, -0.2417239324562225900 ) ) ;
#3774 = CARTESIAN_POINT ( 'NONE',  ( 0.3884615384615375800, -0.06181483124778584100, 0.1902464884845768100 ) ) ;
#3775 = CARTESIAN_POINT ( 'NONE',  ( 0.8385097800594936100, 0.03959611008113408200, -0.2500000000000000000 ) ) ;
#3776 = CARTESIAN_POINT ( 'NONE',  ( -0.3038461538461554900, -0.06181483124778584100, 0.1902464884845768100 ) ) ;
#3777 = CARTESIAN_POINT ( 'NONE',  ( 0.5298076923076914200, -0.07982748481806198300, -0.2456837358386569400 ) ) ;
#3778 = CARTESIAN_POINT ( 'NONE',  ( -0.5062500000000019800, 0.07854086670589938100, 0.2417239324562226500 ) ) ;
#3779 = CARTESIAN_POINT ( 'NONE',  ( -0.1103706431570068300, 0.4098921633333952900, 0.04004594748223823400 ) ) ;
#3780 = APPLICATION_PROTOCOL_DEFINITION ( 'international standard', 'config_control_design', 1994, #970 ) ;
#3781 = CARTESIAN_POINT ( 'NONE',  ( 1.250000000000000000, 0.0000000000000000000, 0.0000000000000000000 ) ) ;
#3782 = CARTESIAN_POINT ( 'NONE',  ( 1.242270696372179900, -0.1882284688372712100, 0.07262708104228982100 ) ) ;
#3783 = CARTESIAN_POINT ( 'NONE',  ( 0.9480769230769228200, -0.06181483124778579900, -0.1902464884845768400 ) ) ;
#3784 = CARTESIAN_POINT ( 'NONE',  ( 0.9192307692307689600, 0.06181483124778577900, 0.1902464884845768400 ) ) ;
#3785 = CARTESIAN_POINT ( 'NONE',  ( -0.2423076923076939200, 0.1618333292155423300, 0.1175787961237840100 ) ) ;
#3786 = CARTESIAN_POINT ( 'NONE',  ( 1.163461538461538500, -0.2000369959355130500, -2.449746667834781800E-017 ) ) ;
#3787 = CARTESIAN_POINT ( 'NONE',  ( 0.1057692307692294100, 1.982142641041740300E-015, 0.2499999999999999700 ) ) ;
#3788 = CARTESIAN_POINT ( 'NONE',  ( 0.7807692307692303300, -0.1618333292155423300, 0.1175787961237839400 ) ) ;
#3789 = CARTESIAN_POINT ( 'NONE',  ( 1.159615384615384500, -0.2000369959355130800, 0.06499595995470997000 ) ) ;
#3790 = CARTESIAN_POINT ( 'NONE',  ( -0.4847309133354079600, 0.4284507481521777100, -0.007901535659529725400 ) ) ;
#3791 = FACE_OUTER_BOUND ( 'NONE', #5463, .T. ) ;
#3792 = DIRECTION ( 'NONE',  ( 0.0000000000000000000, -0.8660254037844477000, -0.4999999999999845100 ) ) ;
#3793 = CARTESIAN_POINT ( 'NONE',  ( 1.026923076923076800, -0.1618333292155423300, -0.1175787961237840000 ) ) ;
#3794 = CARTESIAN_POINT ( 'NONE',  ( -0.2096153846153859500, -0.1236296624955716100, -0.1701616322928578600 ) ) ;
#3795 = CARTESIAN_POINT ( 'NONE',  ( 0.9360576923076916500, 0.2541635836720405100, -0.08258275440018626700 ) ) ;
#3796 = ORIENTED_EDGE ( 'NONE', *, *, #6403, .F. ) ;
#3797 = ORIENTED_EDGE ( 'NONE', *, *, #6697, .F. ) ;
#3798 = CARTESIAN_POINT ( 'NONE',  ( 0.2461538461538450300, -0.2000369959355130800, 0.06499595995470997000 ) ) ;
#3799 = CARTESIAN_POINT ( 'NONE',  ( -0.2923076923076939300, -0.2000369959355130200, 0.06499595995470997000 ) ) ;
#3800 = CARTESIAN_POINT ( 'NONE',  ( 0.3874999999999989600, 0.1596549696361239700, -0.2197462137205352100 ) ) ;
#3801 = AXIS2_PLACEMENT_3D ( 'NONE', #1239, #6394, #2989 ) ;
#3802 = ORIENTED_EDGE ( 'NONE', *, *, #1541, .T. ) ;
#3803 = MECHANICAL_CONTEXT ( 'NONE', #2661, 'mechanical' ) ;
#3804 = ORIENTED_EDGE ( 'NONE', *, *, #4976, .T. ) ;
#3805 = CARTESIAN_POINT ( 'NONE',  ( 0.0000000000000000000, 0.0000000000000000000, 0.0000000000000000000 ) ) ;
#3806 = CARTESIAN_POINT ( 'NONE',  ( 0.6596153846153839400, 0.2000369959355130000, -0.06499595995470999800 ) ) ;
#3807 = CARTESIAN_POINT ( 'NONE',  ( 0.8384615384615382600, 0.1236296624955716000, 0.1701616322928579100 ) ) ;
#3808 = CARTESIAN_POINT ( 'NONE',  ( -0.2807692307692323800, -0.1618333292155423300, -0.1175787961237840000 ) ) ;
#3809 = CARTESIAN_POINT ( 'NONE',  ( 1.167307692307692400, -0.2000369959355130000, -0.06499595995471003900 ) ) ;
#3810 = ORIENTED_EDGE ( 'NONE', *, *, #215, .F. ) ;
#3811 = CARTESIAN_POINT ( 'NONE',  ( -0.4906249999999999800, -0.1346322142074262700, -0.2556898353427560200 ) ) ;
#3812 = CARTESIAN_POINT ( 'NONE',  ( 0.7923076923076919400, -0.2000369959355130000, -0.06499595995471003900 ) ) ;
#3813 = CARTESIAN_POINT ( 'NONE',  ( 0.9826923076923074200, 0.1236296624955716000, 0.1701616322928579100 ) ) ;
#3814 = CARTESIAN_POINT ( 'NONE',  ( 0.9999999999999995600, -3.863724120272764700E-017, 0.2103313446762957200 ) ) ;
#3815 = EDGE_CURVE ( 'NONE', #3447, #2038, #3662, .T. ) ;
#3816 = CYLINDRICAL_SURFACE ( 'NONE', #700, 0.02249999999999999900 ) ;
#3817 = B_SPLINE_CURVE_WITH_KNOTS ( 'NONE', 3,
 ( #2598, #983, #7172, #3767, #4345, #903 ),
 .UNSPECIFIED., .F., .F.,
 ( 4, 2, 4 ),
 ( 0.0003400754393376435900, 0.002952332709806804700, 0.005564589980275966300 ),
 .UNSPECIFIED. ) ;
#3818 = CARTESIAN_POINT ( 'NONE',  ( 0.07869379468860107600, 0.01384979056378267400, 0.2045661164529830300 ) ) ;
#3819 = CARTESIAN_POINT ( 'NONE',  ( -0.1326923076923090300, -0.1236296624955716100, -0.1701616322928578600 ) ) ;
#3820 = CARTESIAN_POINT ( 'NONE',  ( 0.7283653846153836900, -4.909181744786878600E-017, 0.2672434070081726200 ) ) ;
#3821 = DIRECTION ( 'NONE',  ( 0.0000000000000000000, 0.0000000000000000000, -1.000000000000000000 ) ) ;
#3822 = CARTESIAN_POINT ( 'NONE',  ( -0.3923076923076939100, 0.1236296624955716000, 0.1701616322928579100 ) ) ;
#3823 = CARTESIAN_POINT ( 'NONE',  ( 0.4490384615384605000, -0.1596549696361239700, -0.2197462137205352100 ) ) ;
#3824 = EDGE_LOOP ( 'NONE', ( #4798, #217, #6075, #7271 ) ) ;
#3825 = AXIS2_PLACEMENT_3D ( 'NONE', #4794, #5413, #1399 ) ;
#3826 = FACE_OUTER_BOUND ( 'NONE', #4735, .T. ) ;
#3827 = CARTESIAN_POINT ( 'NONE',  ( 0.3365384615384605600, -4.813149900984358400E-017, 0.2499999999999999700 ) ) ;
#3828 = VERTEX_POINT ( 'NONE', #6909 ) ;
#3829 = CARTESIAN_POINT ( 'NONE',  ( 0.5653846153846146000, -0.1618333292155423300, -0.1175787961237840000 ) ) ;
#3830 = CARTESIAN_POINT ( 'NONE',  ( -0.03846153846153981700, 1.287908040090921300E-017, -0.2103313446762957200 ) ) ;
#3831 = CARTESIAN_POINT ( 'NONE',  ( 0.7942307692307688500, -0.06181483124778579900, -0.1902464884845768400 ) ) ;
#3832 = CYLINDRICAL_SURFACE ( 'NONE', #7373, 0.2500000000000000000 ) ;
#3833 = CARTESIAN_POINT ( 'NONE',  ( -0.4857957059411803200, 0.4265175113638162700, 0.01125000000003396900 ) ) ;
#3834 = ORIENTED_EDGE ( 'NONE', *, *, #1350, .F. ) ;
#3835 = CARTESIAN_POINT ( 'NONE',  ( 0.5346153846153838300, 0.06181483124778577900, 0.1902464884845768400 ) ) ;
#3836 = CARTESIAN_POINT ( 'NONE',  ( 1.124999999999999800, 0.2000369959355130500, 0.0000000000000000000 ) ) ;
#3837 = DIRECTION ( 'NONE',  ( 1.000000000000000000, 0.0000000000000000000, 0.0000000000000000000 ) ) ;
#3838 = CARTESIAN_POINT ( 'NONE',  ( 0.6365384615384609400, 0.1545084971874737000, 0.2126627020880100200 ) ) ;
#3839 =( BOUNDED_CURVE ( )  B_SPLINE_CURVE ( 2, ( #6708, #3257, #2739, #5643, #2188, #5593, #3307, #2139, #1022, #3859, #3880, #6208, #3934 ),
 .UNSPECIFIED., .F., .F. ) 
 B_SPLINE_CURVE_WITH_KNOTS ( ( 3, 2, 2, 2, 2, 2, 3 ),
 ( 0.7696999667055852700, 0.7718738797490635200, 0.7762217058360201300, 0.7805695319229766200, 0.7849173580099331200, 0.7892651840968896200, 0.7914390971403678600 ),
 .UNSPECIFIED. ) 
 CURVE ( )  GEOMETRIC_REPRESENTATION_ITEM ( )  RATIONAL_B_SPLINE_CURVE ( ( 0.9755282581475768200, 0.9755282581475768200, 1.000000000000000000, 0.9510565162951535300, 1.000000000000000000, 0.9510565162951535300, 1.000000000000000000, 0.9510565162951535300, 1.000000000000000000, 0.9510565162951535300, 1.000000000000000000, 0.9755282581475768200, 0.9755282581475768200 ) ) 
 REPRESENTATION_ITEM ( '' )  );
#3840 = LINE ( 'NONE', #4514, #2849 ) ;
#3841 = DIRECTION ( 'NONE',  ( 0.0000000000000000000, 0.0000000000000000000, 1.000000000000000000 ) ) ;
#3842 = CARTESIAN_POINT ( 'NONE',  ( -0.1057692307692321700, 0.2000369959355130500, 0.0000000000000000000 ) ) ;
#3843 = CARTESIAN_POINT ( 'NONE',  ( 0.6399038461538453200, 0.2056226585419196300, 0.1493936061522294900 ) ) ;
#3844 = EDGE_LOOP ( 'NONE', ( #1280, #6429, #6924, #384 ) ) ;
#3845 = CARTESIAN_POINT ( 'NONE',  ( 0.1499999999999989400, 0.06181483124778577900, 0.1902464884845768400 ) ) ;
#3846 = DIRECTION ( 'NONE',  ( -1.000000000000000000, -0.0000000000000000000, -0.0000000000000000000 ) ) ;
#3847 = CARTESIAN_POINT ( 'NONE',  ( -0.4230769230769249000, 1.287908040090921300E-017, -0.2103313446762957200 ) ) ;
#3848 = CARTESIAN_POINT ( 'NONE',  ( 0.5221153846153837600, -0.2089910684901024900, -0.1518408992313406400 ) ) ;
#3849 = CARTESIAN_POINT ( 'NONE',  ( -0.1310429897804382400, -0.03436647677952857400, -0.3749999999999999400 ) ) ;
#3850 = FACE_OUTER_BOUND ( 'NONE', #5634, .T. ) ;
#3851 = ADVANCED_FACE ( 'NONE', ( #1334 ), #5015, .T. ) ;
#3852 = DATE_TIME_ROLE ( 'creation_date' ) ;
#3853 = CARTESIAN_POINT ( 'NONE',  ( 0.5019713185210313800, -0.03959611008113410300, 0.2499999999999999200 ) ) ;
#3854 = CARTESIAN_POINT ( 'NONE',  ( 0.02884615384615249800, -4.813149900984358400E-017, 0.2499999999999999700 ) ) ;
#3855 = CARTESIAN_POINT ( 'NONE',  ( 0.5153846153846145500, 0.2000369959355130000, -0.06499595995470999800 ) ) ;
#3856 = CARTESIAN_POINT ( 'NONE',  ( -0.2884615384615401600, -0.2000369959355130500, -2.449746667834781800E-017 ) ) ;
#3857 = CARTESIAN_POINT ( 'NONE',  ( 0.7634615384615379700, -0.06181483124778584100, 0.1902464884845768100 ) ) ;
#3858 = EDGE_CURVE ( 'NONE', #418, #1821, #972, .T. ) ;
#3859 = CARTESIAN_POINT ( 'NONE',  ( 0.8769230769230761400, 0.1545084971874736400, 0.2126627020880099400 ) ) ;
#3860 = CARTESIAN_POINT ( 'NONE',  ( 0.6346153846153840300, -0.2000369959355130500, -2.449746667834781800E-017 ) ) ;
#3861 = CARTESIAN_POINT ( 'NONE',  ( 0.9999999999999995600, 5.250708982892026900E-016, -0.2500000000000000000 ) ) ;
#3862 = EDGE_CURVE ( 'NONE', #1786, #2901, #177, .T. ) ;
#3863 = CARTESIAN_POINT ( 'NONE',  ( 1.082692307692307600, -0.2000369959355130800, 0.06499595995470997000 ) ) ;
#3864 = CARTESIAN_POINT ( 'NONE',  ( 0.6269230769230761400, 0.2022542485937368600, -0.1469463130731182600 ) ) ;
#3865 = CARTESIAN_POINT ( 'NONE',  ( 0.06223297754962763000, 0.2054881178887499000, -0.06158942258872784900 ) ) ;
#3866 = CARTESIAN_POINT ( 'NONE',  ( -0.1673076923076937400, 0.06181483124778577900, 0.1902464884845768400 ) ) ;
#3867 = CARTESIAN_POINT ( 'NONE',  ( 0.6168269230769222200, 0.07854086670589942300, -0.2417239324562225900 ) ) ;
#3868 = AXIS2_PLACEMENT_3D ( 'NONE', #636, #4664, #5831 ) ;
#3869 = CARTESIAN_POINT ( 'NONE',  ( 0.1423076923076911400, 0.1618333292155423300, 0.1175787961237840100 ) ) ;
#3870 = CARTESIAN_POINT ( 'NONE',  ( 0.2336538461538450200, 0.1596549696361239700, -0.2197462137205352100 ) ) ;
#3871 = CARTESIAN_POINT ( 'NONE',  ( 1.210595421044649500, -8.965870001691379400E-013, -0.2317122712630434700 ) ) ;
#3872 = APPROVAL_STATUS ( 'not_yet_approved' ) ;
#3873 = CARTESIAN_POINT ( 'NONE',  ( 0.3288461538461529600, -0.1236296624955716100, -0.1701616322928578600 ) ) ;
#3874 = CARTESIAN_POINT ( 'NONE',  ( 0.5115384615384606100, -0.2022542485937368600, 0.1469463130731182300 ) ) ;
#3875 = DIRECTION ( 'NONE',  ( 0.0000000000000000000, 0.0000000000000000000, -1.000000000000000000 ) ) ;
#3876 = CARTESIAN_POINT ( 'NONE',  ( 0.7076923076923071800, -0.2000369959355130200, 0.06499595995470997000 ) ) ;
#3877 = CARTESIAN_POINT ( 'NONE',  ( -0.4192307692307708500, 0.06181483124778582700, -0.1902464884845768100 ) ) ;
#3878 = ORIENTED_EDGE ( 'NONE', *, *, #6625, .T. ) ;
#3879 = CARTESIAN_POINT ( 'NONE',  ( 0.9673076923076918700, 0.2000369959355130000, -0.06499595995470999800 ) ) ;
#3880 = CARTESIAN_POINT ( 'NONE',  ( 0.8807692307692301900, 0.07725424859373679300, 0.2377641290737883800 ) ) ;
#3881 = CARTESIAN_POINT ( 'NONE',  ( 0.6692307692307684100, 0.2000369959355130000, -0.06499595995470999800 ) ) ;
#3882 = CARTESIAN_POINT ( 'NONE',  ( 1.174999999999999800, -0.1236296624955716100, -0.1701616322928578600 ) ) ;
#3883 = CARTESIAN_POINT ( 'NONE',  ( 1.180769230769230600, 0.2022542485937368100, 0.1469463130731183400 ) ) ;
#3884 = CARTESIAN_POINT ( 'NONE',  ( 0.06943852556593557700, -0.1255651208391714800, 0.1687735869121142500 ) ) ;
#3885 = ADVANCED_FACE ( 'NONE', ( #6969 ), #2045, .T. ) ;
#3886 = ORIENTED_EDGE ( 'NONE', *, *, #5579, .F. ) ;
#3887 = ORIENTED_EDGE ( 'NONE', *, *, #2690, .T. ) ;
#3888 = CARTESIAN_POINT ( 'NONE',  ( -0.03653846153846279600, 0.1618333292155423300, -0.1175787961237839500 ) ) ;
#3889 = CARTESIAN_POINT ( 'NONE',  ( 0.6668269230769221500, -0.2541635836720405600, 0.08258275440018624000 ) ) ;
#3890 = EDGE_LOOP ( 'NONE', ( #5626, #4919, #706, #1013 ) ) ;
#3891 = EDGE_CURVE ( 'NONE', #2644, #2087, #720, .T. ) ;
#3892 = CARTESIAN_POINT ( 'NONE',  ( 0.8730286814789669500, 0.03959611008113402700, 0.2500000000000000600 ) ) ;
#3893 = CARTESIAN_POINT ( 'NONE',  ( 0.2115384615384601800, -0.2499999999999999700, -3.061616997868382400E-017 ) ) ;
#3894 = CARTESIAN_POINT ( 'NONE',  ( 0.07211538461538340200, 1.663200520685731400E-017, -0.2716212579567785500 ) ) ;
#3895 = CC_DESIGN_DATE_AND_TIME_ASSIGNMENT ( #5892, #3852, ( #4390 ) ) ;
#3896 = CARTESIAN_POINT ( 'NONE',  ( 0.9230769230769223500, 5.250708982892026900E-016, -0.2500000000000000000 ) ) ;
#3897 = CARTESIAN_POINT ( 'NONE',  ( 0.3442307692307683400, 0.1236296624955716500, -0.1701616322928578600 ) ) ;
#3898 = CARTESIAN_POINT ( 'NONE',  ( 1.111538461538460900, 0.07725424859373679300, 0.2377641290737883800 ) ) ;
#3899 = CARTESIAN_POINT ( 'NONE',  ( 0.5014423076923065800, -0.07854086670589945100, 0.2417239324562225900 ) ) ;
#3900 = ORIENTED_EDGE ( 'NONE', *, *, #6477, .T. ) ;
#3901 = CARTESIAN_POINT ( 'NONE',  ( -0.5156250000000000000, -0.2165063509461096500, -0.3749999999999999400 ) ) ;
#3902 = CARTESIAN_POINT ( 'NONE',  ( 0.4769230769230762300, -0.2000369959355130200, 0.06499595995470997000 ) ) ;
#3903 = CARTESIAN_POINT ( 'NONE',  ( -0.3269230769230785900, 0.2000369959355130500, 0.0000000000000000000 ) ) ;
#3904 = EDGE_CURVE ( 'NONE', #3385, #668, #1402, .T. ) ;
#3905 = CARTESIAN_POINT ( 'NONE',  ( 0.8596153846153841100, -0.2000369959355130000, -0.06499595995471003900 ) ) ;
#3906 = FACE_OUTER_BOUND ( 'NONE', #5866, .T. ) ;
#3907 = CARTESIAN_POINT ( 'NONE',  ( -0.1103706431570068700, -0.2396268895049335800, 0.3349540525177615000 ) ) ;
#3908 = CARTESIAN_POINT ( 'NONE',  ( 0.5923076923076916500, 0.2000369959355130000, -0.06499595995470999800 ) ) ;
#3909 = CARTESIAN_POINT ( 'NONE',  ( 0.9249999999999998200, -0.1618333292155423300, 0.1175787961237839400 ) ) ;
#3910 = DIRECTION ( 'NONE',  ( -1.000000000000000000, -0.0000000000000000000, -0.0000000000000000000 ) ) ;
#3911 = EDGE_CURVE ( 'NONE', #5418, #6112, #3933, .T. ) ;
#3912 = CARTESIAN_POINT ( 'NONE',  ( -0.09038461538461657600, 0.06181483124778577900, 0.1902464884845768400 ) ) ;
#3913 = ORIENTED_EDGE ( 'NONE', *, *, #4144, .F. ) ;
#3914 = CARTESIAN_POINT ( 'NONE',  ( -0.4634615384615399800, -0.1236296624955716800, 0.1701616322928578300 ) ) ;
#3915 = CARTESIAN_POINT ( 'NONE',  ( 0.7591346153846145800, -0.1570817334117988200, -0.2162044579042725600 ) ) ;
#3916 = CARTESIAN_POINT ( 'NONE',  ( 0.3942307692307682200, 0.2500000000000000000, 0.0000000000000000000 ) ) ;
#3917 = FACE_OUTER_BOUND ( 'NONE', #7266, .T. ) ;
#3918 = DIRECTION ( 'NONE',  ( -1.000000000000000000, -0.0000000000000000000, -0.0000000000000000000 ) ) ;
#3919 = CARTESIAN_POINT ( 'NONE',  ( 0.2567307692307681000, 0.1596549696361239700, 0.2197462137205352700 ) ) ;
#3920 = CARTESIAN_POINT ( 'NONE',  ( 0.9499999999999992900, 0.2022542485937368100, 0.1469463130731183400 ) ) ;
#3921 = ORIENTED_EDGE ( 'NONE', *, *, #6301, .T. ) ;
#3922 = CARTESIAN_POINT ( 'NONE',  ( 0.3673076923076915000, 0.1236296624955716000, 0.1701616322928579100 ) ) ;
#3923 = CARTESIAN_POINT ( 'NONE',  ( 0.07962677967731213200, -0.006559413842715048000, 0.2040274573186007000 ) ) ;
#3924 = CARTESIAN_POINT ( 'NONE',  ( 0.4360576923076911500, -0.2541635836720405600, 0.08258275440018624000 ) ) ;
#3925 = CARTESIAN_POINT ( 'NONE',  ( 1.067307692307691800, 5.206953074701259500E-016, -0.2500000000000000600 ) ) ;
#3926 = LINE ( 'NONE', #3465, #1055 ) ;
#3927 = CARTESIAN_POINT ( 'NONE',  ( 0.6615384615384608500, 0.1236296624955716700, -0.1701616322928578600 ) ) ;
#3928 = CARTESIAN_POINT ( 'NONE',  ( -0.4000000000000017400, 0.2000369959355130000, 0.06499595995471008100 ) ) ;
#3929 = VERTEX_POINT ( 'NONE', #1364 ) ;
#3930 = CARTESIAN_POINT ( 'NONE',  ( 0.6634615384615378800, 0.2000369959355130500, 0.0000000000000000000 ) ) ;
#3931 = CARTESIAN_POINT ( 'NONE',  ( 0.9826923076923073100, 0.1236296624955716000, 0.1701616322928579100 ) ) ;
#3932 =( BOUNDED_CURVE ( )  B_SPLINE_CURVE ( 2, ( #3141, #4779, #5348, #6548, #3687, #1977, #4827, #2547, #4227, #3640, #4248, #3613, #5373 ),
 .UNSPECIFIED., .F., .F. ) 
 B_SPLINE_CURVE_WITH_KNOTS ( ( 3, 2, 2, 2, 2, 2, 3 ),
 ( 0.5305695319229766200, 0.5327434449664548700, 0.5370912710534113700, 0.5414390971403679800, 0.5457869232273244700, 0.5501347493142809700, 0.5523086623577592200 ),
 .UNSPECIFIED. ) 
 CURVE ( )  GEOMETRIC_REPRESENTATION_ITEM ( )  RATIONAL_B_SPLINE_CURVE ( ( 0.9755282581475768200, 0.9755282581475773800, 1.000000000000000000, 0.9510565162951535300, 1.000000000000000000, 0.9510565162951535300, 1.000000000000000000, 0.9510565162951535300, 1.000000000000000000, 0.9510565162951535300, 1.000000000000000000, 0.9755282581475768200, 0.9755282581475768200 ) ) 
 REPRESENTATION_ITEM ( '' )  );
#3933 = LINE ( 'NONE', #223, #3484 ) ;
#3934 = CARTESIAN_POINT ( 'NONE',  ( 0.8846153846153839200, -4.375590819076688800E-017, 0.2499999999999999700 ) ) ;
#3935 = CARTESIAN_POINT ( 'NONE',  ( 0.5615384615384608800, -0.2000369959355130000, -0.06499595995471003900 ) ) ;
#3936 = CARTESIAN_POINT ( 'NONE',  ( -0.5156250000000000000, -0.1346322142074262700, -0.2556898353427560200 ) ) ;
#3937 = CARTESIAN_POINT ( 'NONE',  ( 0.7788461538461534100, -0.2000369959355130500, -2.449746667834781800E-017 ) ) ;
#3938 = CARTESIAN_POINT ( 'NONE',  ( -0.2788461538461553500, 1.287908040090921300E-017, -0.2103313446762957200 ) ) ;
#3939 = CARTESIAN_POINT ( 'NONE',  ( -0.4173076923076938200, 0.2000369959355130000, -0.06499595995470999800 ) ) ;
#3940 = CARTESIAN_POINT ( 'NONE',  ( 0.5552884615384604500, 0.2541635836720405100, 0.0000000000000000000 ) ) ;
#3941 = CARTESIAN_POINT ( 'NONE',  ( 0.3865384615384606100, 0.2022542485937368600, -0.1469463130731182800 ) ) ;
#3942 = DIRECTION ( 'NONE',  ( -1.000000000000000000, -0.0000000000000000000, -0.0000000000000000000 ) ) ;
#3943 = CARTESIAN_POINT ( 'NONE',  ( -0.5156250000000000000, 0.2887499999999999500, 0.009249999999999978700 ) ) ;
#3944 = CARTESIAN_POINT ( 'NONE',  ( 0.2105769230769218600, -0.2583271673440810700, -0.08393558474214601900 ) ) ;
#3945 = CARTESIAN_POINT ( 'NONE',  ( 0.02746848979157893300, -0.1392325533775461700, 0.1888412806404239400 ) ) ;
#3946 = CARTESIAN_POINT ( 'NONE',  ( 0.5249999999999993600, 0.06181483124778577900, 0.1902464884845768400 ) ) ;
#3947 = DIRECTION ( 'NONE',  ( -0.0000000000000000000, 0.4999999999999919000, -0.8660254037844432600 ) ) ;
#3948 = CARTESIAN_POINT ( 'NONE',  ( 0.4860576923076912500, 0.2056226585419196300, 0.1493936061522294900 ) ) ;
#3949 = CARTESIAN_POINT ( 'NONE',  ( 1.030817472367186100, -0.03959611008113214600, 0.2500000000000006700 ) ) ;
#3950 = CARTESIAN_POINT ( 'NONE',  ( 0.4115384615384606900, -0.1618333292155423300, -0.1175787961237840000 ) ) ;
#3951 = CARTESIAN_POINT ( 'NONE',  ( -0.3230769230769244800, 0.2000369959355130000, 0.06499595995471008100 ) ) ;
#3952 = CARTESIAN_POINT ( 'NONE',  ( 0.5711538461538455700, 0.06181483124778582700, -0.1902464884845768100 ) ) ;
#3953 = CARTESIAN_POINT ( 'NONE',  ( 0.5557692307692301300, -0.1618333292155423300, -0.1175787961237840000 ) ) ;
#3954 = AXIS2_PLACEMENT_3D ( 'NONE', #6461, #2452, #5370 ) ;
#3955 = CARTESIAN_POINT ( 'NONE',  ( 1.242270696372179700, -0.1614652471161084300, 0.1180837572091881600 ) ) ;
#3956 = CARTESIAN_POINT ( 'NONE',  ( 0.3230769230769221000, -0.2000369959355130200, 0.06499595995470997000 ) ) ;
#3957 = CARTESIAN_POINT ( 'NONE',  ( 1.236188288266417500, -0.03163293488587614500, 0.2043108492412316300 ) ) ;
#3958 = CARTESIAN_POINT ( 'NONE',  ( 0.8326923076923072900, 0.06181483124778577900, 0.1902464884845768400 ) ) ;
#3959 = CARTESIAN_POINT ( 'NONE',  ( 0.7057692307692301500, 0.2500000000000000600, 0.08122992405822665500 ) ) ;
#3960 = CARTESIAN_POINT ( 'NONE',  ( -0.1788461538461553200, 0.2000369959355130000, 0.06499595995471008100 ) ) ;
#3961 = CARTESIAN_POINT ( 'NONE',  ( -0.3019230769230784600, -0.2000369959355130200, 0.06499595995470997000 ) ) ;
#3962 = EDGE_LOOP ( 'NONE', ( #1398, #6809, #4342, #4525 ) ) ;
#3963 = DIRECTION ( 'NONE',  ( -1.000000000000000000, -0.0000000000000000000, 0.0000000000000000000 ) ) ;
#3964 = CARTESIAN_POINT ( 'NONE',  ( 0.4942307692307684700, -0.07725424859373689100, 0.2377641290737883800 ) ) ;
#3965 = CARTESIAN_POINT ( 'NONE',  ( -0.2548076923076941200, -0.2583271673440810700, -3.163595386207315100E-017 ) ) ;
#3966 = CARTESIAN_POINT ( 'NONE',  ( 0.1874999999999987000, -4.989601562057195500E-017, 0.2716212579567785500 ) ) ;
#3967 = CARTESIAN_POINT ( 'NONE',  ( 0.02926091966958306200, -0.1720973507544235900, 0.1579381067800118600 ) ) ;
#3968 = ORIENTED_EDGE ( 'NONE', *, *, #826, .F. ) ;
#3969 = UNCERTAINTY_MEASURE_WITH_UNIT (LENGTH_MEASURE( 1.000000000000000100E-005 ), #3228, 'distance_accuracy_value', 'NONE');
#3970 = VERTEX_POINT ( 'NONE', #149 ) ;
#3971 = CARTESIAN_POINT ( 'NONE',  ( 0.4711538461538454200, -0.2000369959355130500, -2.449746667834781800E-017 ) ) ;
#3972 = DIRECTION ( 'NONE',  ( 0.0000000000000000000, 0.4999999999999998300, -0.8660254037844386000 ) ) ;
#3973 = CARTESIAN_POINT ( 'NONE',  ( 0.4745192307692296900, 0.2541635836720405100, -0.08258275440018626700 ) ) ;
#3974 = CARTESIAN_POINT ( 'NONE',  ( 1.059615384615384400, -0.1545084971874737000, -0.2126627020880100000 ) ) ;
#3975 = CARTESIAN_POINT ( 'NONE',  ( 0.3269230769230759800, -0.2000369959355130500, -2.449746667834781800E-017 ) ) ;
#3976 = CARTESIAN_POINT ( 'NONE',  ( 1.260576923076923000, 0.07982748481806195600, 0.2456837358386569400 ) ) ;
#3977 = CARTESIAN_POINT ( 'NONE',  ( 0.6096153846153840000, -0.06181483124778584100, 0.1902464884845768100 ) ) ;
#3978 = CARTESIAN_POINT ( 'NONE',  ( 0.5173076923076916900, 0.1618333292155423300, 0.1175787961237840100 ) ) ;
#3979 = ORIENTED_EDGE ( 'NONE', *, *, #5926, .T. ) ;
#3980 = ORIENTED_EDGE ( 'NONE', *, *, #3269, .F. ) ;
#3981 = CARTESIAN_POINT ( 'NONE',  ( -0.2163461538461553800, 0.2583271673440810700, 0.0000000000000000000 ) ) ;
#3982 = AXIS2_PLACEMENT_3D ( 'NONE', #6002, #4793, #1351 ) ;
#3983 = CARTESIAN_POINT ( 'NONE',  ( 0.2769230769230759400, 0.1236296624955716700, -0.1701616322928578600 ) ) ;
#3984 = DIRECTION ( 'NONE',  ( 0.0000000000000000000, 0.0000000000000000000, 1.000000000000000000 ) ) ;
#3985 = CARTESIAN_POINT ( 'NONE',  ( 0.9365384615384614300, -0.2000369959355130000, -0.06499595995471003900 ) ) ;
#3986 = CARTESIAN_POINT ( 'NONE',  ( -0.3173076923076937300, -3.863724120272764700E-017, 0.2103313446762957200 ) ) ;
#3987 = EDGE_LOOP ( 'NONE', ( #2364, #1473, #6555, #2529 ) ) ;
#3988 = CARTESIAN_POINT ( 'NONE',  ( -0.3288461538461553400, 0.1618333292155423300, 0.1175787961237840100 ) ) ;
#3989 = CARTESIAN_POINT ( 'NONE',  ( 0.07500054707834479000, 0.09444247250367640600, 0.1843827907148271600 ) ) ;
#3990 = CARTESIAN_POINT ( 'NONE',  ( 1.250000000000000000, 0.0000000000000000000, 0.0000000000000000000 ) ) ;
#3991 = CARTESIAN_POINT ( 'NONE',  ( 0.5249999999999991300, -0.07725424859373683500, -0.2377641290737884100 ) ) ;
#3992 = CARTESIAN_POINT ( 'NONE',  ( -0.4163461538461557000, -0.2089910684901025400, 0.1518408992313405900 ) ) ;
#3993 = CARTESIAN_POINT ( 'NONE',  ( -0.07403846153846313500, 0.1596549696361239700, -0.2197462137205352100 ) ) ;
#3994 = AXIS2_PLACEMENT_3D ( 'NONE', #5822, #4015, #111 ) ;
#3995 = CARTESIAN_POINT ( 'NONE',  ( 1.201856791465247400, -0.07841490309268880900, 0.2278841233873920600 ) ) ;
#3996 = VECTOR ( 'NONE', #2143, 39.37007874015748100 ) ;
#3997 = CARTESIAN_POINT ( 'NONE',  ( 0.2673076923076914100, 0.1236296624955716500, -0.1701616322928578600 ) ) ;
#3998 = CARTESIAN_POINT ( 'NONE',  ( 0.3399038461538450000, 0.07854086670589938100, 0.2417239324562226500 ) ) ;
#3999 = CARTESIAN_POINT ( 'NONE',  ( 0.1037979122481969300, 0.03959611008113501200, 0.2499999999999996900 ) ) ;
#4000 = EDGE_CURVE ( 'NONE', #5151, #1457, #4393, .T. ) ;
#4001 = ORIENTED_EDGE ( 'NONE', *, *, #2651, .F. ) ;
#4002 = CARTESIAN_POINT ( 'NONE',  ( 0.8615384615384612500, -0.2000369959355130800, 0.06499595995470997000 ) ) ;
#4003 = CARTESIAN_POINT ( 'NONE',  ( 0.3730769230769221400, 0.1618333292155423300, 0.1175787961237840100 ) ) ;
#4004 = CARTESIAN_POINT ( 'NONE',  ( 1.252884615384615200, 0.2089910684901024900, 0.1518408992313406700 ) ) ;
#4005 = EDGE_CURVE ( 'NONE', #1649, #137, #5733, .T. ) ;
#4006 = CARTESIAN_POINT ( 'NONE',  ( 0.6173076923076916700, -0.1618333292155423300, 0.1175787961237839400 ) ) ;
#4007 = CARTESIAN_POINT ( 'NONE',  ( 0.6980769230769227100, -0.2000369959355130200, 0.06499595995470997000 ) ) ;
#4008 = LINE ( 'NONE', #479, #1495 ) ;
#4009 = CARTESIAN_POINT ( 'NONE',  ( 1.049999999999999600, -0.2022542485937368600, 0.1469463130731182300 ) ) ;
#4010 = ORIENTED_EDGE ( 'NONE', *, *, #4498, .T. ) ;
#4011 = CARTESIAN_POINT ( 'NONE',  ( 0.2499999999999989700, -0.2000369959355130500, -2.449746667834781800E-017 ) ) ;
#4012 = CARTESIAN_POINT ( 'NONE',  ( 0.01923076923076768100, 0.2499999999999999700, 0.0000000000000000000 ) ) ;
#4013 = CARTESIAN_POINT ( 'NONE',  ( 0.9019230769230767200, 0.1618333292155423300, 0.1175787961237840100 ) ) ;
#4014 = ORIENTED_EDGE ( 'NONE', *, *, #4005, .T. ) ;
#4015 = DIRECTION ( 'NONE',  ( 1.000000000000000000, 0.0000000000000000000, 0.0000000000000000000 ) ) ;
#4016 = CARTESIAN_POINT ( 'NONE',  ( -0.2134615384615400100, -0.1618333292155423300, -0.1175787961237840000 ) ) ;
#4017 = CARTESIAN_POINT ( 'NONE',  ( 0.7980769230769224600, 9.582543893777949700E-016, 0.2500000000000000000 ) ) ;
#4018 = ORIENTED_EDGE ( 'NONE', *, *, #3616, .F. ) ;
#4019 = CARTESIAN_POINT ( 'NONE',  ( -0.4857957059411688900, 0.2230015414744918000, 0.3637500000000017400 ) ) ;
#4020 = CARTESIAN_POINT ( 'NONE',  ( 0.04043285698256940400, -0.03959611008113311100, 0.2500000000000002200 ) ) ;
#4021 = CARTESIAN_POINT ( 'NONE',  ( 0.4903846153846144800, 9.582543893777949700E-016, 0.2500000000000000000 ) ) ;
#4022 = CARTESIAN_POINT ( 'NONE',  ( -0.4201923076923094700, -0.1596549696361239900, 0.2197462137205351800 ) ) ;
#4023 = CARTESIAN_POINT ( 'NONE',  ( -0.02403846153846286200, -0.2583271673440810700, -3.163595386207315100E-017 ) ) ;
#4024 = CARTESIAN_POINT ( 'NONE',  ( 0.5288461538461531900, 1.019512660844868800E-015, -0.2500000000000000000 ) ) ;
#4025 = CYLINDRICAL_SURFACE ( 'NONE', #3456, 0.01125000000000001300 ) ;
#4026 = ORIENTED_EDGE ( 'NONE', *, *, #3815, .F. ) ;
#4027 = CARTESIAN_POINT ( 'NONE',  ( 0.2596153846153836400, 1.287908040090921200E-017, -0.2103313446762957200 ) ) ;
#4028 = CARTESIAN_POINT ( 'NONE',  ( 0.1475961538461524600, -0.07854086670589939500, -0.2417239324562226500 ) ) ;
#4029 = ADVANCED_FACE ( 'NONE', ( #2304 ), #6348, .T. ) ;
#4030 = CARTESIAN_POINT ( 'NONE',  ( 0.9499999999999997300, -0.1618333292155423300, -0.1175787961237840000 ) ) ;
#4031 = CIRCLE ( 'NONE', #3063, 0.3337676875782844000 ) ;
#4032 = CARTESIAN_POINT ( 'NONE',  ( 0.4692307692307682900, -0.1236296624955716800, 0.1701616322928578300 ) ) ;
#4033 = CARTESIAN_POINT ( 'NONE',  ( 1.091346153846153500, 0.2583271673440810700, 0.0000000000000000000 ) ) ;
#4034 = CARTESIAN_POINT ( 'NONE',  ( 0.3826923076923068300, -0.1236296624955716800, 0.1701616322928578300 ) ) ;
#4035 = CARTESIAN_POINT ( 'NONE',  ( 0.7480769230769226400, 0.1618333292155423300, 0.1175787961237840100 ) ) ;
#4036 = CARTESIAN_POINT ( 'NONE',  ( 1.069230769230768500, -0.1545084971874736700, -0.2126627020880099400 ) ) ;
#4037 = CARTESIAN_POINT ( 'NONE',  ( 0.2115384615384605100, 0.2000369959355130500, 0.0000000000000000000 ) ) ;
#4038 = CARTESIAN_POINT ( 'NONE',  ( -0.5136250000000000000, -0.1541177857925761000, -0.2444398353427559600 ) ) ;
#4039 = CARTESIAN_POINT ( 'NONE',  ( 0.6788461538461532100, 0.06181483124778577900, 0.1902464884845768400 ) ) ;
#4040 = EDGE_LOOP ( 'NONE', ( #477, #1202, #1196, #7173, #2667 ) ) ;
#4041 = CARTESIAN_POINT ( 'NONE',  ( 0.2326923076923065300, 0.2022542485937368600, -0.1469463130731182800 ) ) ;
#4042 = CARTESIAN_POINT ( 'NONE',  ( 1.269230769230769200, 1.287908040090921300E-017, -0.2103313446762957200 ) ) ;
#4043 = EDGE_CURVE ( 'NONE', #5192, #5144, #5452, .T. ) ;
#4044 = DIRECTION ( 'NONE',  ( 0.0000000000000000000, 0.8660254037844358200, -0.5000000000000048800 ) ) ;
#4045 = CARTESIAN_POINT ( 'NONE',  ( -0.5136250000000000000, -0.06036778579257532500, -0.08206007213317415000 ) ) ;
#4046 = CARTESIAN_POINT ( 'NONE',  ( -0.5156250000000000000, 0.0000000000000000000, 0.0000000000000000000 ) ) ;
#4047 = CARTESIAN_POINT ( 'NONE',  ( -0.5149278400744986600, 0.3074694192865777800, -0.2174473440219490400 ) ) ;
#4048 = CARTESIAN_POINT ( 'NONE',  ( -0.2778846153846169500, 0.07982748481806195600, 0.2456837358386569400 ) ) ;
#4049 = CARTESIAN_POINT ( 'NONE',  ( 0.002884615384614024800, 0.1596549696361239700, -0.2197462137205352100 ) ) ;
#4050 = CARTESIAN_POINT ( 'NONE',  ( 0.2096153846153836500, 0.1618333292155423300, 0.1175787961237840100 ) ) ;
#4051 = CARTESIAN_POINT ( 'NONE',  ( 0.07836538461538308800, 0.07854086670589942300, -0.2417239324562225900 ) ) ;
#4052 = DIRECTION ( 'NONE',  ( 1.000000000000000000, 0.0000000000000000000, -0.0000000000000000000 ) ) ;
#4053 = CARTESIAN_POINT ( 'NONE',  ( 0.9461538461538459000, -0.2000369959355130000, -0.06499595995471003900 ) ) ;
#4054 = CARTESIAN_POINT ( 'NONE',  ( 0.3769230769230760300, 0.1236296624955716000, 0.1701616322928579100 ) ) ;
#4055 = CARTESIAN_POINT ( 'NONE',  ( 1.183653846153845900, 0.07982748481806195600, 0.2456837358386569400 ) ) ;
#4056 = CARTESIAN_POINT ( 'NONE',  ( 0.3019230769230760200, -0.06181483124778584100, 0.1902464884845768100 ) ) ;
#4057 = LINE ( 'NONE', #4532, #5048 ) ;
#4058 = CARTESIAN_POINT ( 'NONE',  ( 0.6134615384615378400, -0.1236296624955716800, 0.1701616322928578300 ) ) ;
#4059 = DIRECTION ( 'NONE',  ( -1.000000000000000000, -0.0000000000000000000, -0.0000000000000000000 ) ) ;
#4060 = EDGE_CURVE ( 'NONE', #795, #472, #4931, .T. ) ;
#4061 = CARTESIAN_POINT ( 'NONE',  ( 0.4538461538461531200, 0.1236296624955716000, 0.1701616322928579100 ) ) ;
#4062 = CARTESIAN_POINT ( 'NONE',  ( 0.7519230769230762500, -0.1545084971874737000, -0.2126627020880100000 ) ) ;
#4063 = CARTESIAN_POINT ( 'NONE',  ( 0.5596153846153838500, -0.1236296624955716100, -0.1701616322928578600 ) ) ;
#4064 = CARTESIAN_POINT ( 'NONE',  ( 1.240384615384615400, -0.2000369959355130500, -2.449746667834781800E-017 ) ) ;
#4065 = FACE_OUTER_BOUND ( 'NONE', #1105, .T. ) ;
#4066 = CARTESIAN_POINT ( 'NONE',  ( 1.265384615384615300, -0.06181483124778579900, -0.1902464884845768400 ) ) ;
#4067 = ADVANCED_FACE ( 'NONE', ( #4837 ), #4025, .T. ) ;
#4068 = DIRECTION ( 'NONE',  ( 0.4999999999999947800, 1.060575238724910700E-016, 0.8660254037844417100 ) ) ;
#4069 = DIRECTION ( 'NONE',  ( -1.000000000000000000, -0.0000000000000000000, -0.0000000000000000000 ) ) ;
#4070 = ORIENTED_EDGE ( 'NONE', *, *, #4689, .T. ) ;
#4071 =( BOUNDED_CURVE ( )  B_SPLINE_CURVE ( 2, ( #643, #2973, #5258, #3526, #2949, #590, #5213, #560, #3474, #1814, #1764, #667, #1790 ),
 .UNSPECIFIED., .F., .F. ) 
 B_SPLINE_CURVE_WITH_KNOTS ( ( 3, 2, 2, 2, 2, 2, 3 ),
 ( 0.7044825754012373800, 0.7066564884447157400, 0.7110043145316722300, 0.7153521406186287300, 0.7196999667055852300, 0.7240477927925418300, 0.7262217058360200800 ),
 .UNSPECIFIED. ) 
 CURVE ( )  GEOMETRIC_REPRESENTATION_ITEM ( )  RATIONAL_B_SPLINE_CURVE ( ( 0.9755282581475768200, 0.9755282581475754900, 1.000000000000000000, 0.9510565162951535300, 1.000000000000000000, 0.9510565162951535300, 1.000000000000000000, 0.9510565162951535300, 1.000000000000000000, 0.9510565162951535300, 1.000000000000000000, 0.9755282581475768200, 0.9755282581475768200 ) ) 
 REPRESENTATION_ITEM ( '' )  );
#4072 = CARTESIAN_POINT ( 'NONE',  ( 0.02884615384615250200, -4.813149900984358400E-017, 0.2499999999999999700 ) ) ;
#4073 = ORIENTED_EDGE ( 'NONE', *, *, #817, .T. ) ;
#4074 = CARTESIAN_POINT ( 'NONE',  ( -0.3009615384615401100, 0.2089910684901025400, -0.1518408992313406100 ) ) ;
#4075 = CARTESIAN_POINT ( 'NONE',  ( -0.008653846153847538600, -0.07982748481806198300, -0.2456837358386569400 ) ) ;
#4076 = DIRECTION ( 'NONE',  ( -1.000000000000000000, -0.0000000000000000000, -0.0000000000000000000 ) ) ;
#4077 = CARTESIAN_POINT ( 'NONE',  ( 0.1711538461538451800, -0.1618333292155423300, -0.1175787961237840000 ) ) ;
#4078 = CARTESIAN_POINT ( 'NONE',  ( 0.01249733708050063300, 0.2041216910939500400, 0.1320016356450398100 ) ) ;
#4079 = CARTESIAN_POINT ( 'NONE',  ( 0.1052884615384601000, 0.1570817334117987900, 0.2162044579042725600 ) ) ;
#4080 = ORIENTED_EDGE ( 'NONE', *, *, #4452, .F. ) ;
#4081 = CARTESIAN_POINT ( 'NONE',  ( -0.1001489031158495500, 0.2210683046861568200, -0.3670984643404593400 ) ) ;
#4082 = CARTESIAN_POINT ( 'NONE',  ( 0.9115384615384613000, 0.1618333292155423300, 0.1175787961237840100 ) ) ;
#4083 = CARTESIAN_POINT ( 'NONE',  ( 0.1499999999999989400, 0.06181483124778577900, 0.1902464884845768400 ) ) ;
#4084 = CARTESIAN_POINT ( 'NONE',  ( 1.256730769230769200, 0.1596549696361239700, 0.2197462137205352700 ) ) ;
#4085 = CARTESIAN_POINT ( 'NONE',  ( 0.4096153846153838300, -0.06181483124778579900, -0.1902464884845768400 ) ) ;
#4086 = CARTESIAN_POINT ( 'NONE',  ( -0.2024038461538479100, 0.1570817334117987900, 0.2162044579042725600 ) ) ;
#4087 = ORIENTED_EDGE ( 'NONE', *, *, #5547, .T. ) ;
#4088 = CARTESIAN_POINT ( 'NONE',  ( -0.1310213437548372100, 0.3072758255677917000, -0.2177826581789127100 ) ) ;
#4089 = AXIS2_PLACEMENT_3D ( 'NONE', #6610, #346, #6634 ) ;
#4090 = CARTESIAN_POINT ( 'NONE',  ( 0.2038461538461527300, 0.1618333292155423300, -0.1175787961237839500 ) ) ;
#4091 = CARTESIAN_POINT ( 'NONE',  ( 0.7403846153846148600, -0.2500000000000000000, -3.061616997868382400E-017 ) ) ;
#4092 = CARTESIAN_POINT ( 'NONE',  ( 0.6249999999999994400, -0.2000369959355130500, -2.449746667834781800E-017 ) ) ;
#4093 = CARTESIAN_POINT ( 'NONE',  ( 0.2365384615384604200, 0.2500000000000000600, -0.08122992405822657100 ) ) ;
#4094 = CARTESIAN_POINT ( 'NONE',  ( -0.3903846153846169400, -0.06181483124778584100, 0.1902464884845768100 ) ) ;
#4095 = VECTOR ( 'NONE', #3260, 39.37007874015748100 ) ;
#4096 = DIRECTION ( 'NONE',  ( 0.0000000000000000000, 0.0000000000000000000, -1.000000000000000000 ) ) ;
#4097 = CARTESIAN_POINT ( 'NONE',  ( 0.03269230769230645900, -0.07725424859373689100, 0.2377641290737883800 ) ) ;
#4098 = VECTOR ( 'NONE', #678, 39.37007874015748100 ) ;
#4099 = PLANE ( 'NONE',  #5797 ) ;
#4100 = CARTESIAN_POINT ( 'NONE',  ( 0.05769230769230566200, 1.717419396487600100E-015, 0.2166913306236763500 ) ) ;
#4101 = CARTESIAN_POINT ( 'NONE',  ( -0.1163461538461553600, -0.07982748481806203900, 0.2456837358386569100 ) ) ;
#4102 = CARTESIAN_POINT ( 'NONE',  ( -0.5149278400744985400, -0.3420496335517511100, -0.1575526559780509300 ) ) ;
#4103 = ORIENTED_EDGE ( 'NONE', *, *, #7387, .T. ) ;
#4104 = CARTESIAN_POINT ( 'NONE',  ( 0.2749999999999991300, 0.2000369959355130000, -0.06499595995471001100 ) ) ;
#4105 = CARTESIAN_POINT ( 'NONE',  ( 0.2903846153846143500, -0.1545084971874737000, -0.2126627020880100000 ) ) ;
#4106 = CARTESIAN_POINT ( 'NONE',  ( 0.1091346153846140100, 0.07854086670589938100, 0.2417239324562226500 ) ) ;
#4107 = LINE ( 'NONE', #1485, #3655 ) ;
#4108 = EDGE_CURVE ( 'NONE', #2005, #2864, #6778, .T. ) ;
#4109 = ADVANCED_FACE ( 'NONE', ( #5115 ), #5286, .T. ) ;
#4110 = CARTESIAN_POINT ( 'NONE',  ( 0.8653846153846149700, -0.2000369959355130500, -2.449746667834781800E-017 ) ) ;
#4111 = CARTESIAN_POINT ( 'NONE',  ( 0.1884615384615374000, -0.06181483124778579900, -0.1902464884845768400 ) ) ;
#4112 = CARTESIAN_POINT ( 'NONE',  ( 1.022115384615384100, 0.2089910684901024900, 0.1518408992313406700 ) ) ;
#4113 = ORIENTED_EDGE ( 'NONE', *, *, #1409, .F. ) ;
#4114 = CARTESIAN_POINT ( 'NONE',  ( 0.2980769230769221800, -3.863724120272764700E-017, 0.2103313446762957200 ) ) ;
#4115 = CARTESIAN_POINT ( 'NONE',  ( -0.2100961538461556500, 0.2541635836720405100, 0.08258275440018635100 ) ) ;
#4116 = CIRCLE ( 'NONE', #2440, 0.01124999999999999400 ) ;
#4117 = CARTESIAN_POINT ( 'NONE',  ( -0.1303645440264213600, 0.3418814316704604800, -0.1578439901823746900 ) ) ;
#4118 = CARTESIAN_POINT ( 'NONE',  ( 0.07307692307692191500, 0.06181483124778577900, 0.1902464884845768400 ) ) ;
#4119 = DIRECTION ( 'NONE',  ( 1.000000000000000000, 0.0000000000000000000, 0.0000000000000000000 ) ) ;
#4120 = ORIENTED_EDGE ( 'NONE', *, *, #6531, .F. ) ;
#4121 = AXIS2_PLACEMENT_3D ( 'NONE', #2580, #4258, #6699 ) ;
#4122 = CARTESIAN_POINT ( 'NONE',  ( -0.4211538461538478800, 0.1618333292155423300, -0.1175787961237839500 ) ) ;
#4123 = B_SPLINE_CURVE_WITH_KNOTS ( 'NONE', 3,
 ( #1881, #5901, #1901, #753, #192, #4202 ),
 .UNSPECIFIED., .F., .F.,
 ( 4, 2, 4 ),
 ( 0.0000000000000000000, 0.0003014487848382767800, 0.0006028975696765535700 ),
 .UNSPECIFIED. ) ;
#4124 = FACE_OUTER_BOUND ( 'NONE', #2127, .T. ) ;
#4125 = CARTESIAN_POINT ( 'NONE',  ( -0.4846864548427776700, 0.1816410998285805400, 0.09031573876715801000 ) ) ;
#4126 = CARTESIAN_POINT ( 'NONE',  ( -0.5136250000000000000, -0.1443750000000011700, -0.2500648353427560300 ) ) ;
#4127 = CARTESIAN_POINT ( 'NONE',  ( 0.04038461538461399200, -0.2022542485937368600, 0.1469463130731182600 ) ) ;
#4128 = DIRECTION ( 'NONE',  ( -0.0000000000000000000, -1.000000000000000000, -0.0000000000000000000 ) ) ;
#4129 = DIRECTION ( 'NONE',  ( 0.0000000000000000000, 0.0000000000000000000, 1.000000000000000000 ) ) ;
#4130 = CARTESIAN_POINT ( 'NONE',  ( 0.2826923076923066900, 0.2000369959355130000, 0.06499595995471008100 ) ) ;
#4131 = CARTESIAN_POINT ( 'NONE',  ( 0.01022362830742554000, 0.2313711329079968200, 0.07869541352698560000 ) ) ;
#4132 = CARTESIAN_POINT ( 'NONE',  ( 0.2283653846153832200, 1.636393914928959700E-017, -0.2672434070081726200 ) ) ;
#4133 = CARTESIAN_POINT ( 'NONE',  ( 0.4365384615384606500, -0.2500000000000000600, -0.08122992405822662700 ) ) ;
#4134 = CARTESIAN_POINT ( 'NONE',  ( 0.7269230769230763400, -0.06181483124778579900, -0.1902464884845768400 ) ) ;
#4135 = CARTESIAN_POINT ( 'NONE',  ( 0.1999999999999989800, 0.1236296624955716700, -0.1701616322928578600 ) ) ;
#4136 = CARTESIAN_POINT ( 'NONE',  ( 0.8798076923076916200, -4.989601562057195500E-017, 0.2716212579567785500 ) ) ;
#4137 = CARTESIAN_POINT ( 'NONE',  ( 0.4211538461538454300, 0.1236296624955716700, -0.1701616322928578600 ) ) ;
#4138 = CARTESIAN_POINT ( 'NONE',  ( -0.1600961538461556900, -0.07854086670589939500, -0.2417239324562226500 ) ) ;
#4139 = DIRECTION ( 'NONE',  ( 1.000000000000000000, 0.0000000000000000000, 0.0000000000000000000 ) ) ;
#4140 = CARTESIAN_POINT ( 'NONE',  ( 0.1653846153846142700, -0.1618333292155423300, 0.1175787961237839400 ) ) ;
#4141 = CARTESIAN_POINT ( 'NONE',  ( 0.5384615384615374400, 1.750236327630675500E-017, -0.2499999999999999700 ) ) ;
#4142 = CARTESIAN_POINT ( 'NONE',  ( 1.151923076923077000, -0.1236296624955716800, 0.1701616322928578300 ) ) ;
#4143 = CARTESIAN_POINT ( 'NONE',  ( 1.284615384615384700, 0.2000369959355130000, -0.06499595995470999800 ) ) ;
#4144 = EDGE_CURVE ( 'NONE', #262, #746, #2404, .T. ) ;
#4145 = CC_DESIGN_APPROVAL ( #3369, ( #2203 ) ) ;
#4146 = CARTESIAN_POINT ( 'NONE',  ( 1.151874835325120900, -0.03959611008113404100, -0.2499999999999999200 ) ) ;
#4147 = CARTESIAN_POINT ( 'NONE',  ( 0.6942790108287240100, 0.03959611008113407500, -0.2499999999999999200 ) ) ;
#4148 = CARTESIAN_POINT ( 'NONE',  ( 1.246153846153846200, -0.2000369959355130200, 0.06499595995470997000 ) ) ;
#4149 = CARTESIAN_POINT ( 'NONE',  ( 1.192307692307692300, -0.1764317023399903700, 0.1771210162838194600 ) ) ;
#4150 = CARTESIAN_POINT ( 'NONE',  ( 0.05130865253795123500, 0.07555234245233019600, 0.2075941006562578600 ) ) ;
#4151 = CARTESIAN_POINT ( 'NONE',  ( -0.5156250000000000000, -0.1443750000000011700, -0.2500648353427560300 ) ) ;
#4152 = CARTESIAN_POINT ( 'NONE',  ( 1.215451122326861100, 0.1331446128122562000, -0.1842331564014414400 ) ) ;
#4153 = EDGE_CURVE ( 'NONE', #2450, #1640, #1951, .T. ) ;
#4154 = ORIENTED_EDGE ( 'NONE', *, *, #2069, .F. ) ;
#4155 = CARTESIAN_POINT ( 'NONE',  ( 0.3596153846153837800, 0.2000369959355130000, 0.06499595995471008100 ) ) ;
#4156 = CARTESIAN_POINT ( 'NONE',  ( 0.6596153846153839400, -0.2500000000000001100, 0.08122992405822653000 ) ) ;
#4157 = CARTESIAN_POINT ( 'NONE',  ( 1.220673076923076500, -0.1570817334117988200, -0.2162044579042725600 ) ) ;
#4158 = CARTESIAN_POINT ( 'NONE',  ( 0.5769230769230760900, 1.287908040090921200E-017, -0.2103313446762957200 ) ) ;
#4159 = CARTESIAN_POINT ( 'NONE',  ( 0.09999999999999881200, -0.2000369959355130000, -0.06499595995471003900 ) ) ;
#4160 = CARTESIAN_POINT ( 'NONE',  ( 0.9413461538461533900, 0.2583271673440810700, 0.08393558474214604700 ) ) ;
#4161 = CARTESIAN_POINT ( 'NONE',  ( 0.1326923076923066100, 0.1618333292155423300, 0.1175787961237840100 ) ) ;
#4162 = CARTESIAN_POINT ( 'NONE',  ( -0.08317307692307850100, -0.07854086670589939500, -0.2417239324562226500 ) ) ;
#4163 = EDGE_LOOP ( 'NONE', ( #4193, #2991, #1668, #3665 ) ) ;
#4164 = ORIENTED_EDGE ( 'NONE', *, *, #1271, .T. ) ;
#4165 = DIRECTION ( 'NONE',  ( 0.0000000000000000000, 0.0000000000000000000, 1.000000000000000000 ) ) ;
#4166 = CARTESIAN_POINT ( 'NONE',  ( 0.09230769230769110500, -0.2000369959355130200, 0.06499595995470997000 ) ) ;
#4167 = CARTESIAN_POINT ( 'NONE',  ( -0.1012136957216079300, -0.4265175113638359800, 0.01124999999999989900 ) ) ;
#4168 = CARTESIAN_POINT ( 'NONE',  ( 1.155769230769230900, -0.1618333292155423300, 0.1175787961237839400 ) ) ;
#4169 = CARTESIAN_POINT ( 'NONE',  ( 1.057692307692307500, 0.2000369959355130500, 0.0000000000000000000 ) ) ;
#4170 = ORIENTED_EDGE ( 'NONE', *, *, #4835, .T. ) ;
#4171 =( BOUNDED_CURVE ( )  B_SPLINE_CURVE ( 2, ( #4024, #1159, #3498, #1185, #5209, #1759, #5781, #2915, #6905, #6210, #7314, #450, #3309 ),
 .UNSPECIFIED., .F., .F. ) 
 B_SPLINE_CURVE_WITH_KNOTS ( ( 3, 2, 2, 2, 2, 2, 3 ),
 ( 0.5523086591413821600, 0.5544825721848604100, 0.5588303982718169100, 0.5631782243587735200, 0.5675260504457300100, 0.5718738765326865100, 0.5740477895761647600 ),
 .UNSPECIFIED. ) 
 CURVE ( )  GEOMETRIC_REPRESENTATION_ITEM ( )  RATIONAL_B_SPLINE_CURVE ( ( 0.9755282581475767100, 0.9755282581475772700, 1.000000000000000000, 0.9510565162951534200, 1.000000000000000000, 0.9510565162951534200, 1.000000000000000000, 0.9510565162951534200, 1.000000000000000000, 0.9510565162951534200, 1.000000000000000000, 0.9755282581475767100, 0.9755282581475767100 ) ) 
 REPRESENTATION_ITEM ( '' )  );
#4172 = ORIENTED_EDGE ( 'NONE', *, *, #6305, .T. ) ;
#4173 = CARTESIAN_POINT ( 'NONE',  ( 1.142307692307692000, -0.2022542485937368100, -0.1469463130731182800 ) ) ;
#4174 = CARTESIAN_POINT ( 'NONE',  ( 0.0000000000000000000, 0.0000000000000000000, 0.0000000000000000000 ) ) ;
#4175 = CARTESIAN_POINT ( 'NONE',  ( 1.026923076923076800, -0.1618333292155423300, -0.1175787961237840000 ) ) ;
#4176 = DIRECTION ( 'NONE',  ( -1.000000000000000000, -0.0000000000000000000, -0.0000000000000000000 ) ) ;
#4177 = CARTESIAN_POINT ( 'NONE',  ( 0.9096153846153842700, -0.07725424859373683500, -0.2377641290737884100 ) ) ;
#4178 = ORIENTED_EDGE ( 'NONE', *, *, #5164, .F. ) ;
#4179 = CARTESIAN_POINT ( 'NONE',  ( 1.212297082998923700, 0.04961002464306120400, -0.2247107595487690400 ) ) ;
#4180 = CARTESIAN_POINT ( 'NONE',  ( 0.3865384615384607200, -0.1618333292155423300, 0.1175787961237839400 ) ) ;
#4181 = CARTESIAN_POINT ( 'NONE',  ( 0.9173076923076919400, 0.07725424859373684900, -0.2377641290737883800 ) ) ;
#4182 = CARTESIAN_POINT ( 'NONE',  ( 1.112980769230768700, -4.909181744786878600E-017, 0.2672434070081726200 ) ) ;
#4183 = CARTESIAN_POINT ( 'NONE',  ( 0.4173076923076913800, -0.07725424859373689100, 0.2377641290737883800 ) ) ;
#4184 = ADVANCED_FACE ( 'NONE', ( #3302 ), #6455, .T. ) ;
#4185 = CARTESIAN_POINT ( 'NONE',  ( 0.4999999999999991700, 1.287908040090921200E-017, -0.2103313446762957200 ) ) ;
#4186 = CARTESIAN_POINT ( 'NONE',  ( 0.06923076923076799900, 0.1236296624955716000, 0.1701616322928579100 ) ) ;
#4187 = CARTESIAN_POINT ( 'NONE',  ( 1.014423076923076400, 0.2583271673440810700, 0.0000000000000000000 ) ) ;
#4188 = CARTESIAN_POINT ( 'NONE',  ( 0.1211538461538450600, 0.2000369959355130000, -0.06499595995470999800 ) ) ;
#4189 = CARTESIAN_POINT ( 'NONE',  ( -0.1100961538461554000, -0.1570817334117988500, 0.2162044579042725600 ) ) ;
#4190 = PERSON_AND_ORGANIZATION ( #4554, #5705 ) ;
#4191 = EDGE_CURVE ( 'NONE', #795, #2625, #1773, .T. ) ;
#4192 = CARTESIAN_POINT ( 'NONE',  ( -0.1178621250944664200, 0.2563718585016256400, -0.3059509154443252900 ) ) ;
#4193 = ORIENTED_EDGE ( 'NONE', *, *, #3911, .F. ) ;
#4194 = CARTESIAN_POINT ( 'NONE',  ( 0.1692307692307681300, -0.2000369959355130200, 0.06499595995470997000 ) ) ;
#4195 = CARTESIAN_POINT ( 'NONE',  ( -0.5136250000000000000, -0.1523857349850072100, -0.2454398353427559600 ) ) ;
#4196 = ORIENTED_EDGE ( 'NONE', *, *, #5338, .F. ) ;
#4197 = CARTESIAN_POINT ( 'NONE',  ( 1.063461538461538200, 0.06181483124778577900, 0.1902464884845768400 ) ) ;
#4198 = CARTESIAN_POINT ( 'NONE',  ( 1.007692307692307700, -0.1236296624955716800, 0.1701616322928578300 ) ) ;
#4199 = FACE_OUTER_BOUND ( 'NONE', #4453, .T. ) ;
#4200 = CARTESIAN_POINT ( 'NONE',  ( 1.126923076923076700, -0.2022542485937368600, 0.1469463130731182300 ) ) ;
#4201 = VERTEX_POINT ( 'NONE', #1774 ) ;
#4202 = CARTESIAN_POINT ( 'NONE',  ( -0.4857957059411688900, 0.2230015414744918000, 0.3637500000000017400 ) ) ;
#4203 = CARTESIAN_POINT ( 'NONE',  ( 1.126923076923076700, 0.1618333292155423300, -0.1175787961237839500 ) ) ;
#4204 = CARTESIAN_POINT ( 'NONE',  ( -0.5156249999999998900, -0.03437689270658394300, -0.3749999999999998900 ) ) ;
#4205 = CARTESIAN_POINT ( 'NONE',  ( 0.05637807410253358600, 0.01525381771901790700, 0.2174501037405093500 ) ) ;
#4206 = DIRECTION ( 'NONE',  ( -1.000000000000000000, -0.0000000000000000000, -0.0000000000000000000 ) ) ;
#4207 = FACE_OUTER_BOUND ( 'NONE', #4982, .T. ) ;
#4208 = CARTESIAN_POINT ( 'NONE',  ( -0.1103845176744509700, 0.2396520800701181200, 0.3349104211789903900 ) ) ;
#4209 = ORIENTED_EDGE ( 'NONE', *, *, #4877, .F. ) ;
#4210 = CARTESIAN_POINT ( 'NONE',  ( 0.3249999999999991200, -0.1618333292155423300, -0.1175787961237840000 ) ) ;
#4211 = CARTESIAN_POINT ( 'NONE',  ( 1.086057692307691900, 0.2056226585419196600, -0.1493936061522294400 ) ) ;
#4212 = EDGE_CURVE ( 'NONE', #1931, #2740, #2664, .T. ) ;
#4213 = CARTESIAN_POINT ( 'NONE',  ( 0.6346153846153840300, -0.2000369959355130500, -2.449746667834781800E-017 ) ) ;
#4214 = VECTOR ( 'NONE', #2980, 39.37007874015748100 ) ;
#4215 = CARTESIAN_POINT ( 'NONE',  ( -0.08846153846153982600, 0.1618333292155423300, 0.1175787961237840100 ) ) ;
#4216 = CARTESIAN_POINT ( 'NONE',  ( 0.7259615384615378800, -4.989601562057195500E-017, 0.2716212579567785500 ) ) ;
#4217 = CARTESIAN_POINT ( 'NONE',  ( 0.09423076923076814700, -0.1618333292155423300, -0.1175787961237840000 ) ) ;
#4218 = CARTESIAN_POINT ( 'NONE',  ( -0.2524038461538479200, -0.2541635836720405100, -3.112606192037848400E-017 ) ) ;
#4219 = ORIENTED_EDGE ( 'NONE', *, *, #5054, .T. ) ;
#4220 = CARTESIAN_POINT ( 'NONE',  ( 0.9038461538461531900, -0.2499999999999999700, -3.061616997868382400E-017 ) ) ;
#4221 = CARTESIAN_POINT ( 'NONE',  ( 1.101923076923077000, -0.06181483124778579900, -0.1902464884845768400 ) ) ;
#4222 = CARTESIAN_POINT ( 'NONE',  ( 1.200000000000000000, 0.1236296624955716700, -0.1701616322928578600 ) ) ;
#4223 = ADVANCED_FACE ( 'NONE', ( #709 ), #2033, .T. ) ;
#4224 = CARTESIAN_POINT ( 'NONE',  ( 0.6038461538461529200, -0.2022542485937368100, -0.1469463130731182800 ) ) ;
#4225 = CARTESIAN_POINT ( 'NONE',  ( -0.4847309133354105700, -0.4284507481521729900, 0.007901535659537948000 ) ) ;
#4226 = CARTESIAN_POINT ( 'NONE',  ( 1.161538461538461400, -0.1236296624955716800, 0.1701616322928578300 ) ) ;
#4227 = CARTESIAN_POINT ( 'NONE',  ( 0.4499999999999989600, -0.2022542485937368100, -0.1469463130731182800 ) ) ;
#4228 = CARTESIAN_POINT ( 'NONE',  ( 0.02902004557465850300, 0.2337310024666367500, 0.002171286052155832300 ) ) ;
#4229 = CARTESIAN_POINT ( 'NONE',  ( -0.5136250000000000000, 0.2887499999999999500, -2.062764452313822400E-017 ) ) ;
#4230 = CARTESIAN_POINT ( 'NONE',  ( 1.222700256068116800, 0.2197087959077223000, -0.002570230886817747900 ) ) ;
#4231 = CARTESIAN_POINT ( 'NONE',  ( 0.4557692307692300900, -0.06181483124778584100, 0.1902464884845768100 ) ) ;
#4232 = CARTESIAN_POINT ( 'NONE',  ( 1.159134615384614900, 0.1570817334117988200, -0.2162044579042725600 ) ) ;
#4233 = CARTESIAN_POINT ( 'NONE',  ( 0.3307692307692295900, 0.2499999999999999200, 0.08122992405822664100 ) ) ;
#4234 = CARTESIAN_POINT ( 'NONE',  ( 0.5653846153846146000, -0.1618333292155423300, -0.1175787961237840000 ) ) ;
#4235 = CARTESIAN_POINT ( 'NONE',  ( -0.2384615384615398300, 0.1236296624955716000, 0.1701616322928579100 ) ) ;
#4236 = CARTESIAN_POINT ( 'NONE',  ( 0.5644230769230760300, 0.1596549696361239700, 0.2197462137205352700 ) ) ;
#4237 = AXIS2_PLACEMENT_3D ( 'NONE', #185, #6360, #6411 ) ;
#4238 = CARTESIAN_POINT ( 'NONE',  ( 0.1403846153846144100, 0.06181483124778577900, 0.1902464884845768400 ) ) ;
#4239 = CARTESIAN_POINT ( 'NONE',  ( -0.4600961538461557600, 0.07854086670589942300, -0.2417239324562225900 ) ) ;
#4240 = CARTESIAN_POINT ( 'NONE',  ( -0.02302688372454955700, 0.0000000000000000000, 0.5160356162754504700 ) ) ;
#4241 = CARTESIAN_POINT ( 'NONE',  ( 1.105769230769230800, -4.813149900984358400E-017, 0.2499999999999999700 ) ) ;
#4242 = CARTESIAN_POINT ( 'NONE',  ( 1.109615384615384400, 0.06181483124778582700, -0.1902464884845768100 ) ) ;
#4243 = CONICAL_SURFACE ( 'NONE', #453, 0.3375000000000000200, 0.6108652381980167500 ) ;
#4244 = CARTESIAN_POINT ( 'NONE',  ( 0.9692307692307690100, 0.1236296624955716700, -0.1701616322928578600 ) ) ;
#4245 = APPROVAL ( #3872, 'UNSPECIFIED' ) ;
#4246 = CARTESIAN_POINT ( 'NONE',  ( -0.4847312943244364600, -0.4284500564287361300, -0.007902733759676421100 ) ) ;
#4247 = CARTESIAN_POINT ( 'NONE',  ( 1.084615384615384300, -0.1236296624955716800, 0.1701616322928578300 ) ) ;
#4248 = CARTESIAN_POINT ( 'NONE',  ( 0.4576923076923066800, -0.07725424859373682100, -0.2377641290737883800 ) ) ;
#4249 = VERTEX_POINT ( 'NONE', #3534 ) ;
#4250 = CARTESIAN_POINT ( 'NONE',  ( 0.01253779063617956700, 0.1533189197429188400, -0.1888452863394261800 ) ) ;
#4251 = CARTESIAN_POINT ( 'NONE',  ( 1.238441108303066200, -0.1233013119280024800, 0.1702683198595303400 ) ) ;
#4252 = EDGE_CURVE ( 'NONE', #2864, #3447, #1675, .T. ) ;
#4253 = CARTESIAN_POINT ( 'NONE',  ( 1.234433100547603900, 0.01434508154419976400, 0.2078745917600602100 ) ) ;
#4254 = EDGE_CURVE ( 'NONE', #4831, #1143, #4409, .T. ) ;
#4255 = CARTESIAN_POINT ( 'NONE',  ( 0.02884615384615280700, 1.287908040090921300E-017, -0.2103313446762957200 ) ) ;
#4256 = CARTESIAN_POINT ( 'NONE',  ( 0.8211538461538459000, -0.2500000000000000600, -0.08122992405822662700 ) ) ;
#4257 = ORIENTED_EDGE ( 'NONE', *, *, #586, .F. ) ;
#4258 = DIRECTION ( 'NONE',  ( 0.0000000000000000000, -1.000000000000000000, 1.252096997096120600E-016 ) ) ;
#4259 = ORIENTED_EDGE ( 'NONE', *, *, #1930, .T. ) ;
#4260 = CARTESIAN_POINT ( 'NONE',  ( 0.3692307692307683600, 0.2000369959355130000, 0.06499595995471006700 ) ) ;
#4261 = CARTESIAN_POINT ( 'NONE',  ( -0.2346153846153861100, 0.06181483124778577900, 0.1902464884845768400 ) ) ;
#4262 = CARTESIAN_POINT ( 'NONE',  ( 0.7490384615384609900, -0.2583271673440810700, -0.08393558474214601900 ) ) ;
#4263 = CARTESIAN_POINT ( 'NONE',  ( 0.08653846153846049500, -0.2000369959355130500, -2.449746667834781800E-017 ) ) ;
#4264 = CARTESIAN_POINT ( 'NONE',  ( -0.2639423076923094200, -0.1570817334117988500, 0.2162044579042725600 ) ) ;
#4265 = EDGE_LOOP ( 'NONE', ( #2797, #1232, #1594, #5521 ) ) ;
#4266 =( BOUNDED_CURVE ( )  B_SPLINE_CURVE ( 2, ( #3787, #5445, #5472, #5419, #7149, #2645, #2595, #925, #2619, #332, #4321, #3737, #6619 ),
 .UNSPECIFIED., .F., .F. ) 
 B_SPLINE_CURVE_WITH_KNOTS ( ( 3, 2, 2, 2, 2, 2, 3 ),
 ( 0.3131782243587734000, 0.3153521374022517600, 0.3196999634892082600, 0.3240477895761647600, 0.3283956156631212500, 0.3327434417500777500, 0.3349173547935561100 ),
 .UNSPECIFIED. ) 
 CURVE ( )  GEOMETRIC_REPRESENTATION_ITEM ( )  RATIONAL_B_SPLINE_CURVE ( ( 0.9755282581475767100, 0.9755282581475761500, 1.000000000000000000, 0.9510565162951534200, 1.000000000000000000, 0.9510565162951534200, 1.000000000000000000, 0.9510565162951534200, 1.000000000000000000, 0.9510565162951534200, 1.000000000000000000, 0.9755282581475761500, 0.9755282581475767100 ) ) 
 REPRESENTATION_ITEM ( '' )  );
#4267 = DIRECTION ( 'NONE',  ( 0.0000000000000000000, 0.0000000000000000000, 1.000000000000000000 ) ) ;
#4268 = DIRECTION ( 'NONE',  ( 1.000000000000000000, 0.0000000000000000000, 0.0000000000000000000 ) ) ;
#4269 = CARTESIAN_POINT ( 'NONE',  ( 0.8749999999999995600, 1.287908040090921300E-017, -0.2103313446762957200 ) ) ;
#4270 = CARTESIAN_POINT ( 'NONE',  ( 1.153846153846153500, -3.863724120272764700E-017, 0.2103313446762957200 ) ) ;
#4271 = ORIENTED_EDGE ( 'NONE', *, *, #1226, .F. ) ;
#4272 = PLANE ( 'NONE',  #3412 ) ;
#4273 = CARTESIAN_POINT ( 'NONE',  ( 1.053846153846153700, 0.2000369959355130000, -0.06499595995470999800 ) ) ;
#4274 = CARTESIAN_POINT ( 'NONE',  ( 1.250000000000000000, 0.0000000000000000000, 0.2500000000000000000 ) ) ;
#4275 = CARTESIAN_POINT ( 'NONE',  ( -0.1012136957216079500, -0.4265175113638359200, -0.01125000000000000300 ) ) ;
#4276 = CARTESIAN_POINT ( 'NONE',  ( -0.1001492841048749300, 0.4284500564287362400, -0.007902733759676086300 ) ) ;
#4277 = CONICAL_SURFACE ( 'NONE', #6214, 0.5275490581377251200, 1.047197551196603800 ) ;
#4278 = CARTESIAN_POINT ( 'NONE',  ( 0.05779325595254218600, 0.1546257406823089200, -0.1518838689661983200 ) ) ;
#4279 = CARTESIAN_POINT ( 'NONE',  ( 0.07499999999999891500, -0.1236296624955716800, 0.1701616322928578300 ) ) ;
#4280 = CARTESIAN_POINT ( 'NONE',  ( 0.9860576923076918000, -0.2056226585419196300, -0.1493936061522294400 ) ) ;
#4281 = CARTESIAN_POINT ( 'NONE',  ( -0.1103657968700536600, -0.1702828716595805300, -0.3750000000000000600 ) ) ;
#4282 = CYLINDRICAL_SURFACE ( 'NONE', #301, 0.2500000000000000000 ) ;
#4283 = CARTESIAN_POINT ( 'NONE',  ( 0.4807692307692299500, -0.2000369959355130500, -2.449746667834781800E-017 ) ) ;
#4284 = CARTESIAN_POINT ( 'NONE',  ( -0.1846153846153861000, 0.1236296624955716700, -0.1701616322928578600 ) ) ;
#4285 = CARTESIAN_POINT ( 'NONE',  ( 0.7028846153846146600, 0.2583271673440810700, -0.08393558474214596300 ) ) ;
#4286 = ORIENTED_EDGE ( 'NONE', *, *, #4309, .T. ) ;
#4287 = CARTESIAN_POINT ( 'NONE',  ( -0.02884615384615500000, 0.2000369959355130500, 0.0000000000000000000 ) ) ;
#4288 = CARTESIAN_POINT ( 'NONE',  ( -0.2600961538461557000, -0.2056226585419196600, 0.1493936061522294100 ) ) ;
#4289 = EDGE_CURVE ( 'NONE', #6508, #5018, #5105, .T. ) ;
#4290 = CARTESIAN_POINT ( 'NONE',  ( 0.08653846153846139800, -0.1872837342401158800, 0.07058983057338816300 ) ) ;
#4291 = AXIS2_PLACEMENT_3D ( 'NONE', #6722, #3319, #5084 ) ;
#4292 = CARTESIAN_POINT ( 'NONE',  ( 0.02163461538459158700, 5.801464599289210000E-013, 0.2375092489838920000 ) ) ;
#4293 = DIRECTION ( 'NONE',  ( 0.0000000000000000000, 0.0000000000000000000, -1.000000000000000000 ) ) ;
#4294 = CARTESIAN_POINT ( 'NONE',  ( 0.7942307692307688500, -0.06181483124778579900, -0.1902464884845768400 ) ) ;
#4295 = ORIENTED_EDGE ( 'NONE', *, *, #1203, .T. ) ;
#4296 = CARTESIAN_POINT ( 'NONE',  ( 0.9038461538461534100, 0.2000369959355130500, 0.0000000000000000000 ) ) ;
#4297 = CARTESIAN_POINT ( 'NONE',  ( 1.048076923076922900, 0.2000369959355130500, 0.0000000000000000000 ) ) ;
#4298 = LINE ( 'NONE', #3227, #5546 ) ;
#4299 = CARTESIAN_POINT ( 'NONE',  ( 0.1576923076923063000, 0.07725424859373684900, -0.2377641290737883600 ) ) ;
#4300 = ORIENTED_EDGE ( 'NONE', *, *, #59, .F. ) ;
#4301 = CARTESIAN_POINT ( 'NONE',  ( 0.8153846153846150400, 0.1236296624955716700, -0.1701616322928578600 ) ) ;
#4302 = EDGE_CURVE ( 'NONE', #2431, #5018, #4479, .T. ) ;
#4303 = CARTESIAN_POINT ( 'NONE',  ( 1.242270696372179700, -0.1614652471161084300, 0.1180837572091881600 ) ) ;
#4304 = VECTOR ( 'NONE', #6710, 39.37007874015748100 ) ;
#4305 = CARTESIAN_POINT ( 'NONE',  ( 0.4115384615384603500, 0.2022542485937368100, 0.1469463130731183400 ) ) ;
#4306 = CARTESIAN_POINT ( 'NONE',  ( 0.1903846153846143800, 0.1236296624955716700, -0.1701616322928578600 ) ) ;
#4307 = CARTESIAN_POINT ( 'NONE',  ( 0.9168269230769224800, -0.07854086670589939500, -0.2417239324562226500 ) ) ;
#4308 = CARTESIAN_POINT ( 'NONE',  ( 1.242270696372179700, -0.1976072548276477900, -0.03108331678546405800 ) ) ;
#4309 = EDGE_CURVE ( 'NONE', #6157, #4249, #170, .T. ) ;
#4310 = CARTESIAN_POINT ( 'NONE',  ( 0.4615384615384606800, -3.863724120272764700E-017, 0.2103313446762957200 ) ) ;
#4311 = CARTESIAN_POINT ( 'NONE',  ( -0.4461538461538480100, -0.2000369959355130200, 0.06499595995470997000 ) ) ;
#4312 = CARTESIAN_POINT ( 'NONE',  ( 0.6798076923076916700, -0.1596549696361239700, -0.2197462137205352100 ) ) ;
#4313 = CARTESIAN_POINT ( 'NONE',  ( -0.4139423076923097700, -0.2056226585419196600, 0.1493936061522294100 ) ) ;
#4314 = CARTESIAN_POINT ( 'NONE',  ( 0.08653846153846049500, -0.2000369959355130500, -2.449746667834781800E-017 ) ) ;
#4315 = CARTESIAN_POINT ( 'NONE',  ( -0.1001492841048686500, -0.2073810600191439400, 0.3749999999999997800 ) ) ;
#4316 = CARTESIAN_POINT ( 'NONE',  ( 0.3576923076923064800, -0.2022542485937368600, 0.1469463130731182300 ) ) ;
#4317 = CARTESIAN_POINT ( 'NONE',  ( 0.9019230769230767200, 0.1618333292155423300, 0.1175787961237840100 ) ) ;
#4318 = CARTESIAN_POINT ( 'NONE',  ( 0.8192307692307687600, 0.1618333292155423300, -0.1175787961237839500 ) ) ;
#4319 = CARTESIAN_POINT ( 'NONE',  ( -0.09230769230769356200, 0.2000369959355130000, 0.06499595995471008100 ) ) ;
#4320 = CARTESIAN_POINT ( 'NONE',  ( 1.009615384615384600, -0.2000369959355130500, -2.449746667834781800E-017 ) ) ;
#4321 = CARTESIAN_POINT ( 'NONE',  ( 0.1403846153846141400, -0.07725424859373683500, -0.2377641290737884100 ) ) ;
#4322 = CARTESIAN_POINT ( 'NONE',  ( 0.7692307692307687200, -3.863724120272764700E-017, 0.2103313446762957200 ) ) ;
#4323 = CARTESIAN_POINT ( 'NONE',  ( -0.4841429134756562400, 0.4295283873004620600, 0.003983554493632669700 ) ) ;
#4324 = CARTESIAN_POINT ( 'NONE',  ( 0.03384466843769785800, 0.2223972489514588800, 0.06230742337978938100 ) ) ;
#4325 = CARTESIAN_POINT ( 'NONE',  ( 1.080769230769230700, -0.06181483124778584100, 0.1902464884845768100 ) ) ;
#4326 = LINE ( 'NONE', #7032, #2781 ) ;
#4327 = CARTESIAN_POINT ( 'NONE',  ( 0.1634615384615373800, -0.2000369959355130500, -2.449746667834781800E-017 ) ) ;
#4328 = CARTESIAN_POINT ( 'NONE',  ( 1.016826923076922700, 0.2541635836720405100, 0.0000000000000000000 ) ) ;
#4329 = CARTESIAN_POINT ( 'NONE',  ( 0.4269230769230760200, 0.06181483124778582700, -0.1902464884845768100 ) ) ;
#4330 = CARTESIAN_POINT ( 'NONE',  ( 0.9480769230769227100, 0.07725424859373679300, 0.2377641290737884100 ) ) ;
#4331 = CARTESIAN_POINT ( 'NONE',  ( -0.3538461538461553600, -0.1236296624955716100, -0.1701616322928578600 ) ) ;
#4332 = CARTESIAN_POINT ( 'NONE',  ( 0.4182692307692297300, -4.989601562057195500E-017, 0.2716212579567785500 ) ) ;
#4333 = CARTESIAN_POINT ( 'NONE',  ( -0.5159364548427780600, 0.2307900728995442600, 0.1147536320453883800 ) ) ;
#4334 = EDGE_LOOP ( 'NONE', ( #172, #3480, #1912, #6962 ) ) ;
#4335 = SECURITY_CLASSIFICATION_LEVEL ( 'unclassified' ) ;
#4336 = DIRECTION ( 'NONE',  ( 0.0000000000000000000, 0.0000000000000000000, 1.000000000000000000 ) ) ;
#4337 = CARTESIAN_POINT ( 'NONE',  ( 0.6692307692307683000, -0.2500000000000000600, 0.08122992405822651600 ) ) ;
#4338 = CARTESIAN_POINT ( 'NONE',  ( 0.7903846153846148000, -0.1236296624955716100, -0.1701616322928578600 ) ) ;
#4339 = CARTESIAN_POINT ( 'NONE',  ( 0.8653846153846149700, -0.2000369959355130500, -2.449746667834781800E-017 ) ) ;
#4340 = CARTESIAN_POINT ( 'NONE',  ( -0.1461538461538476100, -0.1236296624955716800, 0.1701616322928578300 ) ) ;
#4341 = ORIENTED_EDGE ( 'NONE', *, *, #1511, .F. ) ;
#4342 = ORIENTED_EDGE ( 'NONE', *, *, #1968, .F. ) ;
#4343 = CARTESIAN_POINT ( 'NONE',  ( 1.190384615384615400, 0.1236296624955716700, -0.1701616322928578600 ) ) ;
#4344 = CARTESIAN_POINT ( 'NONE',  ( 0.7423076923076918900, 0.1618333292155423300, -0.1175787961237839500 ) ) ;
#4345 = CARTESIAN_POINT ( 'NONE',  ( -0.5156250000000003300, 0.3420762688211342300, -0.1575065223382060300 ) ) ;
#4346 = CARTESIAN_POINT ( 'NONE',  ( 1.099999999999999600, -0.2000369959355130000, -0.06499595995471003900 ) ) ;
#4347 = VERTEX_POINT ( 'NONE', #106 ) ;
#4348 = AXIS2_PLACEMENT_3D ( 'NONE', #1335, #5899, #5344 ) ;
#4349 = ORIENTED_EDGE ( 'NONE', *, *, #964, .T. ) ;
#4350 = B_SPLINE_CURVE_WITH_KNOTS ( 'NONE', 3,
 ( #1706, #2277, #2425, #3100, #4738, #5783, #1290, #1838, #3500, #5232, #6351, #175, #4131, #5303, #1866, #4078, #5283, #616, #4639, #2918, #4712, #1811, #6985, #1216, #641, #664, #1188, #2358, #5882, #5256 ),
 .UNSPECIFIED., .F., .F.,
 ( 4, 2, 2, 2, 2, 2, 2, 2, 2, 2, 2, 2, 2, 2, 4 ),
 ( 1.014000055569782200E-016, 0.001824716624914678000, 0.003649433249829254600, 0.004561791562286542800, 0.005474149874743831400, 0.006386508187201119100, 0.007298866499658407700, 0.008211224812115695500, 0.009123583124572983200, 0.01003594143703027100, 0.01094829974948756000, 0.01186065806194484800, 0.01277301637440213600, 0.01368537468685942500, 0.01459773299931671300 ),
 .UNSPECIFIED. ) ;
#4351 = CARTESIAN_POINT ( 'NONE',  ( 0.9923559339056476900, 0.03959611008113605300, -0.2499999999999993900 ) ) ;
#4352 = CARTESIAN_POINT ( 'NONE',  ( -0.02500000000000123700, 0.2000369959355130000, 0.06499595995471008100 ) ) ;
#4353 = CARTESIAN_POINT ( 'NONE',  ( 0.9668269230769224200, -0.1570817334117988500, 0.2162044579042725600 ) ) ;
#4354 = ORIENTED_EDGE ( 'NONE', *, *, #1686, .F. ) ;
#4355 = CARTESIAN_POINT ( 'NONE',  ( 0.4038461538461530200, -0.2000369959355130500, -2.449746667834781800E-017 ) ) ;
#4356 = CARTESIAN_POINT ( 'NONE',  ( 1.250000000000000000, 0.0000000000000000000, 0.0000000000000000000 ) ) ;
#4357 = CARTESIAN_POINT ( 'NONE',  ( -0.4076923076923091900, 0.2000369959355130000, -0.06499595995470999800 ) ) ;
#4358 = CARTESIAN_POINT ( 'NONE',  ( 0.4682692307692298800, 0.2089910684901025400, -0.1518408992313406100 ) ) ;
#4359 = CARTESIAN_POINT ( 'NONE',  ( 1.263461538461538600, 0.06181483124778582700, -0.1902464884845768100 ) ) ;
#4360 = AXIS2_PLACEMENT_3D ( 'NONE', #4883, #2153, #1438 ) ;
#4361 = CARTESIAN_POINT ( 'NONE',  ( -0.4841429134756534100, 0.2182140530390457000, -0.3699907178019692400 ) ) ;
#4362 = CARTESIAN_POINT ( 'NONE',  ( 0.0000000000000000000, 0.0000000000000000000, 0.0000000000000000000 ) ) ;
#4363 = CARTESIAN_POINT ( 'NONE',  ( -0.5156250000000000000, -0.2230015414744929700, 0.3637499999999998000 ) ) ;
#4364 = LINE ( 'NONE', #1474, #2187 ) ;
#4365 = CARTESIAN_POINT ( 'NONE',  ( 0.9134615384615383200, -3.863724120272764700E-017, 0.2103313446762957200 ) ) ;
#4366 = CARTESIAN_POINT ( 'NONE',  ( 0.9615384615384613400, 1.287908040090921300E-017, -0.2103313446762957200 ) ) ;
#4367 = CARTESIAN_POINT ( 'NONE',  ( -0.2692307692307707700, 1.287908040090921300E-017, -0.2103313446762957200 ) ) ;
#4368 = PERSON_AND_ORGANIZATION ( #4554, #5705 ) ;
#4369 = CARTESIAN_POINT ( 'NONE',  ( 1.240384615384615400, -0.2000369959355130500, -2.449746667834781800E-017 ) ) ;
#4370 = ORIENTED_EDGE ( 'NONE', *, *, #3656, .F. ) ;
#4371 = DIRECTION ( 'NONE',  ( 0.0000000000000000000, 0.0000000000000000000, 1.000000000000000000 ) ) ;
#4372 = CARTESIAN_POINT ( 'NONE',  ( 0.7038461538461532300, -0.1618333292155423300, 0.1175787961237839400 ) ) ;
#4373 = CARTESIAN_POINT ( 'NONE',  ( 1.048076923076922900, 0.2000369959355130500, 0.0000000000000000000 ) ) ;
#4374 = DIRECTION ( 'NONE',  ( -1.000000000000000000, -0.0000000000000000000, -0.0000000000000000000 ) ) ;
#4375 = DIRECTION ( 'NONE',  ( 0.0000000000000000000, 0.5000000000000042200, 0.8660254037844362700 ) ) ;
#4376 = CARTESIAN_POINT ( 'NONE',  ( 0.9961538461538459500, 0.06181483124778577900, 0.1902464884845768400 ) ) ;
#4377 = TOROIDAL_SURFACE ( 'NONE', #577, 0.3440070881318968400, 0.01250000000000000100 ) ;
#4378 = CARTESIAN_POINT ( 'NONE',  ( 0.4153846153846142400, 0.1545084971874736400, 0.2126627020880099400 ) ) ;
#4379 = ORIENTED_EDGE ( 'NONE', *, *, #4435, .F. ) ;
#4380 = CARTESIAN_POINT ( 'NONE',  ( -0.2134615384615400100, -0.1618333292155423300, -0.1175787961237840000 ) ) ;
#4381 = CARTESIAN_POINT ( 'NONE',  ( 0.7360576923076916900, -0.1570817334117988500, 0.2162044579042725600 ) ) ;
#4382 = CARTESIAN_POINT ( 'NONE',  ( 0.1269230769230758300, 0.1618333292155423300, -0.1175787961237839500 ) ) ;
#4383 = LINE ( 'NONE', #1262, #5904 ) ;
#4384 = CARTESIAN_POINT ( 'NONE',  ( 0.1269230769230755000, -0.2022542485937368600, 0.1469463130731182300 ) ) ;
#4385 = CARTESIAN_POINT ( 'NONE',  ( -0.3384615384615402000, 0.1236296624955716700, -0.1701616322928578600 ) ) ;
#4386 = CARTESIAN_POINT ( 'NONE',  ( 0.4951923076923068200, -4.989601562057195500E-017, 0.2716212579567785500 ) ) ;
#4387 = ORIENTED_EDGE ( 'NONE', *, *, #2746, .F. ) ;
#4388 = CARTESIAN_POINT ( 'NONE',  ( -0.1178621250944664900, 0.3931471943367032000, 0.06904908455567469700 ) ) ;
#4389 = PERSON_AND_ORGANIZATION_ROLE ( 'design_supplier' ) ;
#4390 = PRODUCT_DEFINITION ( 'UNKNOWN', '', #4775, #6480 ) ;
#4391 = CARTESIAN_POINT ( 'NONE',  ( -0.5136250000000000000, 0.2887499999999999500, -0.009250000000000020400 ) ) ;
#4392 = CARTESIAN_POINT ( 'NONE',  ( 1.142259450709736800, -0.03959611008113406200, -0.2500000000000000600 ) ) ;
#4393 = LINE ( 'NONE', #788, #7222 ) ;
#4394 = CARTESIAN_POINT ( 'NONE',  ( 0.6249999999999994400, -0.2000369959355130500, -2.449746667834781800E-017 ) ) ;
#4395 = CARTESIAN_POINT ( 'NONE',  ( 0.8692307692307685900, -0.2000369959355130000, -0.06499595995471003900 ) ) ;
#4396 = CARTESIAN_POINT ( 'NONE',  ( -0.1076923076923091800, 0.1236296624955716700, -0.1701616322928578600 ) ) ;
#4397 = ORIENTED_EDGE ( 'NONE', *, *, #7242, .F. ) ;
#4398 = CARTESIAN_POINT ( 'NONE',  ( 1.105769230769230600, 1.287908040090921300E-017, -0.2103313446762957200 ) ) ;
#4399 = EDGE_CURVE ( 'NONE', #2087, #4474, #2398, .T. ) ;
#4400 = FACE_OUTER_BOUND ( 'NONE', #951, .T. ) ;
#4401 = CARTESIAN_POINT ( 'NONE',  ( 0.1653846153846139600, 0.2022542485937368600, -0.1469463130731182600 ) ) ;
#4402 = CARTESIAN_POINT ( 'NONE',  ( 0.9461538461538460100, -0.2000369959355130000, -0.06499595995471003900 ) ) ;
#4403 = EDGE_CURVE ( 'NONE', #5601, #864, #5988, .T. ) ;
#4404 = CARTESIAN_POINT ( 'NONE',  ( 0.9749999999999998700, 0.2000369959355130000, 0.06499595995471006700 ) ) ;
#4405 = CARTESIAN_POINT ( 'NONE',  ( 0.5980769230769225100, -0.1545084971874737000, -0.2126627020880100000 ) ) ;
#4406 = CARTESIAN_POINT ( 'NONE',  ( 0.6423076923076915800, 0.2022542485937368100, 0.1469463130731183400 ) ) ;
#4407 = CARTESIAN_POINT ( 'NONE',  ( 1.011538461538461300, -0.1618333292155423300, 0.1175787961237839400 ) ) ;
#4408 =( BOUNDED_CURVE ( )  B_SPLINE_CURVE ( 2, ( #7175, #4351, #934, #5529, #3771, #5994, #5971, #1435, #3194, #2054, #4933, #1487, #2577 ),
 .UNSPECIFIED., .F., .F. ) 
 B_SPLINE_CURVE_WITH_KNOTS ( ( 3, 2, 2, 2, 2, 2, 3 ),
 ( 0.8131782243587735200, 0.8153521374022516500, 0.8196999634892082600, 0.8240477895761647600, 0.8283956156631212500, 0.8327434417500778600, 0.8349173547935560000 ),
 .UNSPECIFIED. ) 
 CURVE ( )  GEOMETRIC_REPRESENTATION_ITEM ( )  RATIONAL_B_SPLINE_CURVE ( ( 0.9755282581475767100, 0.9755282581475779300, 1.000000000000000000, 0.9510565162951534200, 1.000000000000000000, 0.9510565162951534200, 1.000000000000000000, 0.9510565162951534200, 1.000000000000000000, 0.9510565162951534200, 1.000000000000000000, 0.9755282581475779300, 0.9755282581475767100 ) ) 
 REPRESENTATION_ITEM ( '' )  );
#4409 = B_SPLINE_CURVE_WITH_KNOTS ( 'NONE', 3,
 ( #4699, #6974, #156, #702, #300, #4290, #7073, #5339, #2472, #3657, #6524, #4314 ),
 .UNSPECIFIED., .F., .F.,
 ( 4, 2, 2, 2, 2, 4 ),
 ( 0.0000000000000000000, 0.001007896591755197700, 0.002015793183510395300, 0.002519741479387994400, 0.003023689775265593900, 0.004031586367020792400 ),
 .UNSPECIFIED. ) ;
#4410 = CARTESIAN_POINT ( 'NONE',  ( 0.06886947231143851500, 0.1915177469375759500, 0.08785239561812718800 ) ) ;
#4411 = CARTESIAN_POINT ( 'NONE',  ( -0.08269230769230905000, -0.06181483124778584100, 0.1902464884845768100 ) ) ;
#4412 = CARTESIAN_POINT ( 'NONE',  ( 0.6783653846153837600, -0.2056226585419196300, -0.1493936061522294400 ) ) ;
#4413 = AXIS2_PLACEMENT_3D ( 'NONE', #4356, #4938, #2130 ) ;
#4414 = CARTESIAN_POINT ( 'NONE',  ( 0.2153846153846142900, 0.2000369959355130000, 0.06499595995471006700 ) ) ;
#4415 = CARTESIAN_POINT ( 'NONE',  ( -0.3730769230769248600, -0.1618333292155423300, 0.1175787961237839400 ) ) ;
#4416 = CARTESIAN_POINT ( 'NONE',  ( 0.4836538461538452100, 0.2089910684901024900, 0.1518408992313406700 ) ) ;
#4417 = DIRECTION ( 'NONE',  ( 0.0000000000000000000, 0.0000000000000000000, 1.000000000000000000 ) ) ;
#4418 = CARTESIAN_POINT ( 'NONE',  ( 0.3596153846153836200, -0.2500000000000000600, -0.08122992405822662700 ) ) ;
#4419 = CARTESIAN_POINT ( 'NONE',  ( 0.6423076923076916900, -0.1618333292155423300, -0.1175787961237840000 ) ) ;
#4420 = EDGE_LOOP ( 'NONE', ( #7021, #5331, #4518, #5900 ) ) ;
#4421 = CARTESIAN_POINT ( 'NONE',  ( -0.1384615384615398300, -0.2000369959355130200, 0.06499595995470997000 ) ) ;
#4422 = CARTESIAN_POINT ( 'NONE',  ( 0.7903846153846148000, -0.1236296624955716100, -0.1701616322928578600 ) ) ;
#4423 = CARTESIAN_POINT ( 'NONE',  ( -0.1310536239416980600, -0.3331980667192167000, 0.1728840194585918000 ) ) ;
#4424 = CARTESIAN_POINT ( 'NONE',  ( 0.6961538461538455700, -0.06181483124778584100, 0.1902464884845768100 ) ) ;
#4425 = CARTESIAN_POINT ( 'NONE',  ( 1.109615384615384400, 0.06181483124778582700, -0.1902464884845768100 ) ) ;
#4426 = CARTESIAN_POINT ( 'NONE',  ( -0.5031249999999999300, 6.829619984160658000E-017, 0.0000000000000000000 ) ) ;
#4427 = CYLINDRICAL_SURFACE ( 'NONE', #5457, 0.001999999999999999600 ) ;
#4428 = CARTESIAN_POINT ( 'NONE',  ( 0.6499999999999990200, 0.07725424859373679300, 0.2377641290737883800 ) ) ;
#4429 = ADVANCED_FACE ( 'NONE', ( #515 ), #770, .F. ) ;
#4430 = CARTESIAN_POINT ( 'NONE',  ( 0.07311544433054187300, 0.1302154824268592600, 0.1625195525793201900 ) ) ;
#4431 = CARTESIAN_POINT ( 'NONE',  ( -0.03269230769230903300, 0.2000369959355130000, -0.06499595995470999800 ) ) ;
#4432 = CARTESIAN_POINT ( 'NONE',  ( 0.7899038461538452300, 0.2541635836720405100, 0.08258275440018635100 ) ) ;
#4433 = ORIENTED_EDGE ( 'NONE', *, *, #6155, .F. ) ;
#4434 = CARTESIAN_POINT ( 'NONE',  ( 0.2346153846153836400, -0.06181483124778584100, 0.1902464884845768100 ) ) ;
#4435 = EDGE_CURVE ( 'NONE', #568, #2559, #875, .T. ) ;
#4436 = PLANE ( 'NONE',  #5030 ) ;
#4437 = CARTESIAN_POINT ( 'NONE',  ( 0.3759615384615374000, -0.07982748481806198300, -0.2456837358386569400 ) ) ;
#4438 = CARTESIAN_POINT ( 'NONE',  ( -0.1012136957216081000, -0.2035159698893455000, -0.3749999999999999400 ) ) ;
#4439 = ORIENTED_EDGE ( 'NONE', *, *, #6403, .T. ) ;
#4440 = APPROVAL_ROLE ( '' ) ;
#4441 = ORIENTED_EDGE ( 'NONE', *, *, #927, .F. ) ;
#4442 = CARTESIAN_POINT ( 'NONE',  ( 0.1153846153846139800, -4.375590819076688800E-017, 0.2499999999999999700 ) ) ;
#4443 = CARTESIAN_POINT ( 'NONE',  ( 0.6807692307692302400, 0.1618333292155423300, 0.1175787961237840100 ) ) ;
#4444 = CARTESIAN_POINT ( 'NONE',  ( -0.4115384615384633000, 0.1618333292155423300, -0.1175787961237839500 ) ) ;
#4445 = CARTESIAN_POINT ( 'NONE',  ( 0.8211538461538457900, 0.2000369959355130000, 0.06499595995471008100 ) ) ;
#4446 = ORIENTED_EDGE ( 'NONE', *, *, #2550, .T. ) ;
#4447 = CARTESIAN_POINT ( 'NONE',  ( -0.1276680061935342400, -0.3590681792372539300, 0.1280756701798277100 ) ) ;
#4448 = CARTESIAN_POINT ( 'NONE',  ( 0.5653846153846146000, -0.1618333292155423300, -0.1175787961237840000 ) ) ;
#4449 = DIRECTION ( 'NONE',  ( 0.0000000000000000000, 0.0000000000000000000, 1.000000000000000000 ) ) ;
#4450 = CARTESIAN_POINT ( 'NONE',  ( 1.063461538461538200, 0.06181483124778577900, 0.1902464884845768400 ) ) ;
#4451 = CARTESIAN_POINT ( 'NONE',  ( 0.4999999999999988900, -4.375590819076688800E-017, 0.2499999999999999700 ) ) ;
#4452 = EDGE_CURVE ( 'NONE', #5248, #5281, #1579, .T. ) ;
#4453 = EDGE_LOOP ( 'NONE', ( #4882, #3721, #4446, #6035, #5639, #3709, #1237, #757, #1480, #2346, #6023, #3980, #3796, #4018, #877, #4623, #5275, #2082, #4257, #4300, #6421, #5964, #5508, #5329, #345, #2167, #245, #5242, #1160, #4529, #5691, #3395, #4080, #2230, #2205, #6126, #7309, #6945, #2610, #871 ) ) ;
#4454 = CARTESIAN_POINT ( 'NONE',  ( 0.9538943954441091400, -0.03959611008113411700, 0.2500000000000000000 ) ) ;
#4455 = CARTESIAN_POINT ( 'NONE',  ( 0.005769230769229688800, -0.2000369959355130200, 0.06499595995470997000 ) ) ;
#4456 = CARTESIAN_POINT ( 'NONE',  ( 0.6091346153846144400, -0.07854086670589939500, -0.2417239324562226500 ) ) ;
#4457 = CALENDAR_DATE ( 2025, 19, 9 ) ;
#4458 = CARTESIAN_POINT ( 'NONE',  ( 0.2269230769230758400, 0.06181483124778577900, 0.1902464884845768400 ) ) ;
#4459 = CARTESIAN_POINT ( 'NONE',  ( 0.2287979122481969000, -0.03959611008113404100, -0.2499999999999999200 ) ) ;
#4460 = CARTESIAN_POINT ( 'NONE',  ( 0.1028846153846140500, 0.1596549696361239700, 0.2197462137205352700 ) ) ;
#4461 = CARTESIAN_POINT ( 'NONE',  ( 1.234367056973777200, -0.2065824317526189200, 0.02506278944394462300 ) ) ;
#4462 = ORIENTED_EDGE ( 'NONE', *, *, #782, .F. ) ;
#4463 = ADVANCED_FACE ( 'NONE', ( #4207 ), #7047, .T. ) ;
#4464 = VECTOR ( 'NONE', #2271, 39.37007874015748100 ) ;
#4465 = CARTESIAN_POINT ( 'NONE',  ( 0.3249999999999991200, -0.1618333292155423300, -0.1175787961237840000 ) ) ;
#4466 = CARTESIAN_POINT ( 'NONE',  ( 0.3480769230769221200, -0.2022542485937368600, 0.1469463130731182600 ) ) ;
#4467 = CARTESIAN_POINT ( 'NONE',  ( 0.06927901082872364700, 0.03959611008113408200, -0.2500000000000000000 ) ) ;
#4468 = ORIENTED_EDGE ( 'NONE', *, *, #6486, .F. ) ;
#4469 = CARTESIAN_POINT ( 'NONE',  ( 0.6923076923076916200, -3.863724120272764700E-017, 0.2103313446762957200 ) ) ;
#4470 = CARTESIAN_POINT ( 'NONE',  ( -0.4750710673750637700, 0.1816410714965252200, 0.09031577776288679500 ) ) ;
#4471 = CARTESIAN_POINT ( 'NONE',  ( 0.8826923076923073300, 0.1236296624955716700, -0.1701616322928578600 ) ) ;
#4472 = FACE_OUTER_BOUND ( 'NONE', #4746, .T. ) ;
#4473 = DIRECTION ( 'NONE',  ( -0.8191520442889910200, 0.0000000000000000000, 0.5735764363510472700 ) ) ;
#4474 = VERTEX_POINT ( 'NONE', #1422 ) ;
#4475 = CARTESIAN_POINT ( 'NONE',  ( 0.6576923076923071300, 0.06181483124778582700, -0.1902464884845768100 ) ) ;
#4476 = CARTESIAN_POINT ( 'NONE',  ( 1.086538461538461500, -0.2000369959355130500, -2.449746667834781800E-017 ) ) ;
#4477 = CARTESIAN_POINT ( 'NONE',  ( 1.188461538461538000, 0.07725424859373679300, 0.2377641290737883800 ) ) ;
#4478 = CARTESIAN_POINT ( 'NONE',  ( 0.06700436611483237500, -0.1032391886573194700, 0.1848912289022406100 ) ) ;
#4479 = LINE ( 'NONE', #1895, #1415 ) ;
#4480 = AXIS2_PLACEMENT_3D ( 'NONE', #3168, #317, #3690 ) ;
#4481 = CARTESIAN_POINT ( 'NONE',  ( -0.3634615384615399500, -0.1236296624955716100, -0.1701616322928578600 ) ) ;
#4482 = CARTESIAN_POINT ( 'NONE',  ( 0.7860576923076916200, 0.2541635836720405100, 0.0000000000000000000 ) ) ;
#4483 = EDGE_LOOP ( 'NONE', ( #2486, #36, #2796, #4271 ) ) ;
#4484 = CARTESIAN_POINT ( 'NONE',  ( 0.2038461538461527300, 0.1618333292155423300, -0.1175787961237839500 ) ) ;
#4485 = DIRECTION ( 'NONE',  ( -1.000000000000000000, 0.0000000000000000000, 0.0000000000000000000 ) ) ;
#4486 = CARTESIAN_POINT ( 'NONE',  ( 0.2038461538461525100, -0.2022542485937368600, 0.1469463130731182300 ) ) ;
#4487 = CARTESIAN_POINT ( 'NONE',  ( 0.1798076923076910900, 0.1596549696361239700, 0.2197462137205352700 ) ) ;
#4488 = CARTESIAN_POINT ( 'NONE',  ( 0.02627693198390211900, -0.1143870698897349600, 0.2056330654852187900 ) ) ;
#4489 = LINE ( 'NONE', #3520, #5828 ) ;
#4490 = CARTESIAN_POINT ( 'NONE',  ( 0.3134615384615375700, -0.2000369959355130800, 0.06499595995470997000 ) ) ;
#4491 = CARTESIAN_POINT ( 'NONE',  ( 0.07932692307692225400, -1.686790260754063900E-015, 0.2042005796075541700 ) ) ;
#4492 = CARTESIAN_POINT ( 'NONE',  ( 0.2822115384615371300, -0.2541635836720405600, 0.08258275440018624000 ) ) ;
#4493 = CARTESIAN_POINT ( 'NONE',  ( 0.07115384615384490200, 0.07725424859373684900, -0.2377641290737883800 ) ) ;
#4494 = CARTESIAN_POINT ( 'NONE',  ( 0.5923076923076916500, 0.2000369959355130000, -0.06499595995470999800 ) ) ;
#4495 = CARTESIAN_POINT ( 'NONE',  ( 1.322115384615384600, 0.2583271673440810700, 0.0000000000000000000 ) ) ;
#4496 = CARTESIAN_POINT ( 'NONE',  ( 0.9173076923076920500, -0.06181483124778584100, 0.1902464884845768100 ) ) ;
#4497 =( BOUNDED_CURVE ( )  B_SPLINE_CURVE ( 2, ( #5375, #5280, #2456, #6466, #1266, #3094, #7033, #1287, #687, #1834, #756, #2410, #2993 ),
 .UNSPECIFIED., .F., .F. ) 
 B_SPLINE_CURVE_WITH_KNOTS ( ( 3, 2, 2, 2, 2, 2, 3 ),
 ( 0.7479608362708026800, 0.7501347493142809200, 0.7544825754012374200, 0.7588304014881939200, 0.7631782275751505300, 0.7675260536621070200, 0.7696999667055852700 ),
 .UNSPECIFIED. ) 
 CURVE ( )  GEOMETRIC_REPRESENTATION_ITEM ( )  RATIONAL_B_SPLINE_CURVE ( ( 0.9755282581475768200, 0.9755282581475768200, 1.000000000000000000, 0.9510565162951535300, 1.000000000000000000, 0.9510565162951535300, 1.000000000000000000, 0.9510565162951535300, 1.000000000000000000, 0.9510565162951535300, 1.000000000000000000, 0.9755282581475768200, 0.9755282581475768200 ) ) 
 REPRESENTATION_ITEM ( '' )  );
#4498 = EDGE_CURVE ( 'NONE', #5352, #5970, #6071, .T. ) ;
#4499 = CARTESIAN_POINT ( 'NONE',  ( 0.5846153846153839800, 0.1236296624955716700, -0.1701616322928578600 ) ) ;
#4500 = CARTESIAN_POINT ( 'NONE',  ( 0.4961538461538451100, 0.07725424859373679300, 0.2377641290737883800 ) ) ;
#4501 = CARTESIAN_POINT ( 'NONE',  ( 0.7826923076923073500, -0.2000369959355130000, -0.06499595995471003900 ) ) ;
#4502 = CARTESIAN_POINT ( 'NONE',  ( 1.153846153846153500, 1.750236327630675500E-017, -0.2499999999999999700 ) ) ;
#4503 = CARTESIAN_POINT ( 'NONE',  ( -0.1326923076923090300, -0.1236296624955716100, -0.1701616322928578600 ) ) ;
#4504 = CARTESIAN_POINT ( 'NONE',  ( -0.3403846153846169500, 0.2000369959355130000, -0.06499595995470999800 ) ) ;
#4505 = CARTESIAN_POINT ( 'NONE',  ( 0.5245192307692296800, -0.2056226585419196300, -0.1493936061522294400 ) ) ;
#4506 = CARTESIAN_POINT ( 'NONE',  ( 0.4903846153846144800, 9.582543893777949700E-016, 0.2500000000000000000 ) ) ;
#4507 = CARTESIAN_POINT ( 'NONE',  ( 0.8442307692307689000, 0.1545084971874737300, -0.2126627020880100000 ) ) ;
#4508 = CARTESIAN_POINT ( 'NONE',  ( -0.1282018963008654300, -0.3593237620774888400, -0.1276329877149982000 ) ) ;
#4509 = CARTESIAN_POINT ( 'NONE',  ( 0.2298076923076911000, 0.07982748481806199700, -0.2456837358386569100 ) ) ;
#4510 = CARTESIAN_POINT ( 'NONE',  ( 0.9538461538461532300, 0.1545084971874736400, 0.2126627020880099400 ) ) ;
#4511 = FACE_OUTER_BOUND ( 'NONE', #86, .T. ) ;
#4512 = CARTESIAN_POINT ( 'NONE',  ( 0.5019230769230761400, 0.1618333292155423300, -0.1175787961237839500 ) ) ;
#4513 = CARTESIAN_POINT ( 'NONE',  ( 0.3668269230769218800, -0.2541635836720405100, -0.08258275440018630900 ) ) ;
#4514 = CARTESIAN_POINT ( 'NONE',  ( 0.0000000000000000000, 0.0000000000000000000, -0.2500000000000000000 ) ) ;
#4515 = CARTESIAN_POINT ( 'NONE',  ( 0.5615384615384608800, -0.2000369959355130000, -0.06499595995471003900 ) ) ;
#4516 = CARTESIAN_POINT ( 'NONE',  ( -0.4076923076923091900, 0.2000369959355130000, -0.06499595995470999800 ) ) ;
#4517 = CARTESIAN_POINT ( 'NONE',  ( 0.6134615384615378400, -0.1236296624955716800, 0.1701616322928578300 ) ) ;
#4518 = ORIENTED_EDGE ( 'NONE', *, *, #4043, .T. ) ;
#4519 = CARTESIAN_POINT ( 'NONE',  ( 0.8057692307692304600, 0.1236296624955716700, -0.1701616322928578600 ) ) ;
#4520 = CARTESIAN_POINT ( 'NONE',  ( -0.1282018963008654800, -0.2901952907608399400, 0.2473670122850015200 ) ) ;
#4521 = CARTESIAN_POINT ( 'NONE',  ( 0.6615384615384608500, 0.1236296624955716700, -0.1701616322928578600 ) ) ;
#4522 = CARTESIAN_POINT ( 'NONE',  ( 1.192307692307692300, 0.0000000000000000000, 0.0000000000000000000 ) ) ;
#4523 = CARTESIAN_POINT ( 'NONE',  ( 0.8942307692307689400, 0.2000369959355130500, 0.0000000000000000000 ) ) ;
#4524 = VERTEX_POINT ( 'NONE', #2563 ) ;
#4525 = ORIENTED_EDGE ( 'NONE', *, *, #1744, .F. ) ;
#4526 = CARTESIAN_POINT ( 'NONE',  ( -0.2980769230769246800, -0.2000369959355130500, -2.449746667834781800E-017 ) ) ;
#4527 = CARTESIAN_POINT ( 'NONE',  ( -0.4403846153846168700, -0.1236296624955716100, -0.1701616322928578600 ) ) ;
#4528 = CARTESIAN_POINT ( 'NONE',  ( 0.5283653846153836300, -0.1570817334117988200, -0.2162044579042725600 ) ) ;
#4529 = ORIENTED_EDGE ( 'NONE', *, *, #3904, .F. ) ;
#4530 = DIRECTION ( 'NONE',  ( -0.8660254037844380400, -6.123233995736778400E-017, 0.5000000000000010000 ) ) ;
#4531 = EDGE_CURVE ( 'NONE', #2625, #5807, #6580, .T. ) ;
#4532 = CARTESIAN_POINT ( 'NONE',  ( -0.5156250000000000000, -0.1541177857925761000, -0.2444398353427559600 ) ) ;
#4533 = VERTEX_POINT ( 'NONE', #5434 ) ;
#4534 = CARTESIAN_POINT ( 'NONE',  ( -0.1178958386746250400, -0.2564400607801139400, -0.3058327856327915900 ) ) ;
#4535 = CARTESIAN_POINT ( 'NONE',  ( 0.06442307692307559800, -0.1596549696361239700, -0.2197462137205352100 ) ) ;
#4536 = CARTESIAN_POINT ( 'NONE',  ( 0.04065207164325473900, -0.1994418832850397600, -0.1084521912353187000 ) ) ;
#4537 = CARTESIAN_POINT ( 'NONE',  ( 0.4788461538461532000, -0.1618333292155423300, -0.1175787961237840000 ) ) ;
#4538 = PLANE ( 'NONE',  #4755 ) ;
#4539 = CARTESIAN_POINT ( 'NONE',  ( 0.4822115384615373000, 0.2541635836720405100, 0.08258275440018635100 ) ) ;
#4540 = ORIENTED_EDGE ( 'NONE', *, *, #5641, .F. ) ;
#4541 = CARTESIAN_POINT ( 'NONE',  ( 1.065336373786659500, -0.03959611008113306200, -0.2500000000000002800 ) ) ;
#4542 = CARTESIAN_POINT ( 'NONE',  ( 0.4038461538461530200, -0.2000369959355130500, -2.449746667834781800E-017 ) ) ;
#4543 = CARTESIAN_POINT ( 'NONE',  ( 1.218269230769230700, -0.1596549696361239700, -0.2197462137205352100 ) ) ;
#4544 = EDGE_CURVE ( 'NONE', #3828, #5514, #316, .T. ) ;
#4545 = CARTESIAN_POINT ( 'NONE',  ( 0.5865384615384609000, 0.2000369959355130500, 0.0000000000000000000 ) ) ;
#4546 = CARTESIAN_POINT ( 'NONE',  ( 0.5519230769230764100, -0.2000369959355130000, -0.06499595995471003900 ) ) ;
#4547 = FACE_OUTER_BOUND ( 'NONE', #7109, .T. ) ;
#4548 = CARTESIAN_POINT ( 'NONE',  ( 1.046153846153845500, -0.1545084971874737300, 0.2126627020880099400 ) ) ;
#4549 = CARTESIAN_POINT ( 'NONE',  ( 0.3999999999999991300, -0.2000369959355130200, 0.06499595995470997000 ) ) ;
#4550 = CARTESIAN_POINT ( 'NONE',  ( 0.9057692307692304400, 0.1236296624955716000, 0.1701616322928579100 ) ) ;
#4551 = CARTESIAN_POINT ( 'NONE',  ( 0.7173076923076917600, 0.07725424859373679300, 0.2377641290737884100 ) ) ;
#4552 = APPROVAL_DATE_TIME ( #6419, #4245 ) ;
#4553 = CARTESIAN_POINT ( 'NONE',  ( -0.09807692307692438000, 0.1618333292155423300, 0.1175787961237840100 ) ) ;
#4554 = PERSON ( 'UNSPECIFIED', 'UNSPECIFIED', 'UNSPECIFIED', ('UNSPECIFIED'), ('UNSPECIFIED'), ('UNSPECIFIED') ) ;
#4555 = ORIENTED_EDGE ( 'NONE', *, *, #2348, .T. ) ;
#4556 = CARTESIAN_POINT ( 'NONE',  ( -0.3096153846153859600, -0.1236296624955716800, 0.1701616322928578300 ) ) ;
#4557 = ADVANCED_FACE ( 'NONE', ( #6857 ), #3126, .T. ) ;
#4558 = CARTESIAN_POINT ( 'NONE',  ( 0.04999999999999846900, -0.2022542485937368600, 0.1469463130731182300 ) ) ;
#4559 = CYLINDRICAL_SURFACE ( 'NONE', #3035, 0.2500000000000000000 ) ;
#4560 = DIRECTION ( 'NONE',  ( 1.000000000000000000, 0.0000000000000000000, 0.0000000000000000000 ) ) ;
#4561 = CARTESIAN_POINT ( 'NONE',  ( -0.4009615384615403700, -0.2089910684901024900, -0.1518408992313406400 ) ) ;
#4562 = CARTESIAN_POINT ( 'NONE',  ( 0.1144230769230756100, -0.07982748481806203900, 0.2456837358386569100 ) ) ;
#4563 = CARTESIAN_POINT ( 'NONE',  ( 0.04738752297150954100, -0.07402648590873879600, -0.2105119753533393500 ) ) ;
#4564 = ORIENTED_EDGE ( 'NONE', *, *, #3904, .T. ) ;
#4565 = CARTESIAN_POINT ( 'NONE',  ( 0.4057692307692298800, -0.1236296624955716100, -0.1701616322928578600 ) ) ;
#4566 = CARTESIAN_POINT ( 'NONE',  ( -0.5136250000000000000, -0.06036778579257416600, 0.08206007213317495500 ) ) ;
#4567 = CARTESIAN_POINT ( 'NONE',  ( 0.4399038461538450400, -0.2541635836720405100, -3.112606192037848400E-017 ) ) ;
#4568 = CARTESIAN_POINT ( 'NONE',  ( 0.1057692307692294100, 1.982142641041740300E-015, 0.2499999999999999700 ) ) ;
#4569 = CARTESIAN_POINT ( 'NONE',  ( 0.2538461538461528900, -0.2000369959355130000, -0.06499595995471003900 ) ) ;
#4570 = CARTESIAN_POINT ( 'NONE',  ( 1.056730769230768800, -0.2583271673440810700, -0.08393558474214601900 ) ) ;
#4571 = EDGE_LOOP ( 'NONE', ( #3438, #2835 ) ) ;
#4572 = CARTESIAN_POINT ( 'NONE',  ( 0.6326923076923071100, -0.1618333292155423300, -0.1175787961237840000 ) ) ;
#4573 = CARTESIAN_POINT ( 'NONE',  ( 0.5134615384615376400, 0.2000369959355130000, 0.06499595995471008100 ) ) ;
#4574 = VECTOR ( 'NONE', #417, 39.37007874015748100 ) ;
#4575 = CARTESIAN_POINT ( 'NONE',  ( -0.1310429897804383000, 4.592425495698781600E-017, 0.3749999999999998300 ) ) ;
#4576 = CARTESIAN_POINT ( 'NONE',  ( 0.3461538461538452000, 1.287908040090921300E-017, -0.2103313446762957200 ) ) ;
#4577 = CARTESIAN_POINT ( 'NONE',  ( 0.7480769230769225300, -0.2022542485937368100, -0.1469463130731182800 ) ) ;
#4578 = CARTESIAN_POINT ( 'NONE',  ( 0.8673076923076920000, -0.1236296624955716100, -0.1701616322928578600 ) ) ;
#4579 = CARTESIAN_POINT ( 'NONE',  ( 0.08408083125171550400, -0.2000494957653566100, 0.02737639421391230600 ) ) ;
#4580 = CARTESIAN_POINT ( 'NONE',  ( -0.1250000000000012500, 1.287908040090921300E-017, -0.2103313446762957200 ) ) ;
#4581 = EDGE_CURVE ( 'NONE', #7349, #7121, #4298, .T. ) ;
#4582 = CARTESIAN_POINT ( 'NONE',  ( -0.3057692307692322400, -0.1618333292155423300, 0.1175787961237839400 ) ) ;
#4583 = CARTESIAN_POINT ( 'NONE',  ( 0.06344112145564644000, 0.2110423563572715600, -0.03437436669550091700 ) ) ;
#4584 = CARTESIAN_POINT ( 'NONE',  ( -0.5156250000000000000, -0.04088221420742550700, -0.09331007213317422900 ) ) ;
#4585 = CARTESIAN_POINT ( 'NONE',  ( -0.3086538461538478900, 0.07982748481806199700, -0.2456837358386569100 ) ) ;
#4586 = CARTESIAN_POINT ( 'NONE',  ( -0.1778846153846169500, -0.2583271673440810700, -3.163595386207315100E-017 ) ) ;
#4587 = CARTESIAN_POINT ( 'NONE',  ( 0.03278935819230634200, -0.2171047888990635900, 0.08050549662083801600 ) ) ;
#4588 = TOROIDAL_SURFACE ( 'NONE', #1032, 0.009249999999999999500, 0.002000000000000000000 ) ;
#4589 = CARTESIAN_POINT ( 'NONE',  ( 0.7769230769230761600, 0.1545084971874737000, -0.2126627020880099400 ) ) ;
#4590 = CARTESIAN_POINT ( 'NONE',  ( 0.3322115384615371700, 0.2056226585419196300, 0.1493936061522294900 ) ) ;
#4591 = CARTESIAN_POINT ( 'NONE',  ( -0.4906249999999999800, -0.1346322142074226300, 0.2556898353427579100 ) ) ;
#4592 = CARTESIAN_POINT ( 'NONE',  ( 0.7807692307692303300, -0.1618333292155423300, 0.1175787961237839400 ) ) ;
#4593 = CARTESIAN_POINT ( 'NONE',  ( 0.2576923076923066100, -0.1618333292155423300, -0.1175787961237840000 ) ) ;
#4594 = CARTESIAN_POINT ( 'NONE',  ( 1.241346153846153700, 0.2583271673440810700, -0.08393558474214596300 ) ) ;
#4595 = CARTESIAN_POINT ( 'NONE',  ( 0.5788461538461532300, 0.1618333292155423300, -0.1175787961237839500 ) ) ;
#4596 = ADVANCED_FACE ( 'NONE', ( #3749 ), #6770, .T. ) ;
#4597 = CARTESIAN_POINT ( 'NONE',  ( 0.5826923076923071800, 0.2000369959355130000, -0.06499595995470999800 ) ) ;
#4598 = CARTESIAN_POINT ( 'NONE',  ( 0.9884615384615380600, -0.2022542485937368100, -0.1469463130731182800 ) ) ;
#4599 = CARTESIAN_POINT ( 'NONE',  ( 0.2230769230769220300, 0.1236296624955716000, 0.1701616322928579100 ) ) ;
#4600 = CARTESIAN_POINT ( 'NONE',  ( 0.8846153846153839200, -4.375590819076688800E-017, 0.2499999999999999700 ) ) ;
#4601 = CARTESIAN_POINT ( 'NONE',  ( 0.8749999999999995600, 1.287908040090921200E-017, -0.2103313446762957200 ) ) ;
#4602 = DIRECTION ( 'NONE',  ( 1.000000000000000000, 0.0000000000000000000, 0.0000000000000000000 ) ) ;
#4603 = CARTESIAN_POINT ( 'NONE',  ( -0.1865384615384628500, 0.2000369959355130000, -0.06499595995470999800 ) ) ;
#4604 = B_SPLINE_CURVE_WITH_KNOTS ( 'NONE', 3,
 ( #4100, #4205, #6982, #1240, #4150, #1312, #661, #142, #714, #4734, #3615, #3641, #3668, #805, #3740, #4324, #312, #5449, #4228, #218, #1956, #7101, #2002, #1978, #5395, #4828, #1458, #1382, #3192, #4250, #6602, #5968, #1433, #6013, #4903, #265, #779, #2507, #5374, #1359 ),
 .UNSPECIFIED., .F., .F.,
 ( 4, 2, 2, 2, 2, 2, 2, 2, 2, 2, 2, 2, 2, 2, 2, 2, 2, 2, 2, 4 ),
 ( 0.008326521829284177700, 0.009491942225906407900, 0.01065736262252863800, 0.01182278301915086800, 0.01298820341577309800, 0.01415362381239532900, 0.01473633401070644500, 0.01531904420901756100, 0.01648446460563979300, 0.01764988500226202800, 0.01881530539888426300, 0.01998072579550649900, 0.02056343599381761300, 0.02114614619212873400, 0.02231156658875096300, 0.02347698698537319800, 0.02405969718368431600, 0.02464240738199543300, 0.02580782777861766200, 0.02697324817523989700 ),
 .UNSPECIFIED. ) ;
#4605 = ADVANCED_FACE ( 'NONE', ( #1504 ), #1591, .T. ) ;
#4606 = CARTESIAN_POINT ( 'NONE',  ( 0.8769713185210322700, -0.03959611008113411700, 0.2500000000000000000 ) ) ;
#4607 = VECTOR ( 'NONE', #4757, 39.37007874015748100 ) ;
#4608 = CARTESIAN_POINT ( 'NONE',  ( -0.5156250000000000000, -0.05062499999999918500, 0.08768507213317487700 ) ) ;
#4609 = DIRECTION ( 'NONE',  ( -1.000000000000000000, -0.0000000000000000000, -0.0000000000000000000 ) ) ;
#4610 = CARTESIAN_POINT ( 'NONE',  ( -0.2586538461538479000, -0.2583271673440811200, 0.08393558474214593600 ) ) ;
#4611 = CARTESIAN_POINT ( 'NONE',  ( -0.1509615384615400600, 0.1596549696361239700, -0.2197462137205352100 ) ) ;
#4612 = CARTESIAN_POINT ( 'NONE',  ( -0.5136250000000000000, -0.1523857349850037400, 0.2454398353427580400 ) ) ;
#4613 = ORIENTED_EDGE ( 'NONE', *, *, #2737, .F. ) ;
#4614 = CARTESIAN_POINT ( 'NONE',  ( 0.2326923076923067500, -0.1618333292155423300, 0.1175787961237839400 ) ) ;
#4615 = CARTESIAN_POINT ( 'NONE',  ( 0.5153846153846143300, -0.2500000000000000600, 0.08122992405822651600 ) ) ;
#4616 = CARTESIAN_POINT ( 'NONE',  ( 0.1283653846153832400, -0.2541635836720405600, 0.08258275440018624000 ) ) ;
#4617 = DIRECTION ( 'NONE',  ( 0.0000000000000000000, 0.0000000000000000000, 1.000000000000000000 ) ) ;
#4618 = CARTESIAN_POINT ( 'NONE',  ( 0.9538461538461533400, -0.1236296624955716100, -0.1701616322928578600 ) ) ;
#4619 = CARTESIAN_POINT ( 'NONE',  ( 0.3076923076923068200, -3.863724120272764700E-017, 0.2103313446762957200 ) ) ;
#4620 = CARTESIAN_POINT ( 'NONE',  ( 1.195192307692307400, -0.1596549696361239900, 0.2197462137205351800 ) ) ;
#4621 = CARTESIAN_POINT ( 'NONE',  ( 0.4019230769230761600, -0.1618333292155423300, -0.1175787961237840000 ) ) ;
#4622 = CARTESIAN_POINT ( 'NONE',  ( 0.7211538461538457000, 1.287908040090921300E-017, -0.2103313446762957200 ) ) ;
#4623 = ORIENTED_EDGE ( 'NONE', *, *, #4835, .F. ) ;
#4624 = VERTEX_POINT ( 'NONE', #4962 ) ;
#4625 = CARTESIAN_POINT ( 'NONE',  ( -0.1102905322569988900, 0.1705561724282538500, 0.3749999999999998900 ) ) ;
#4626 = CARTESIAN_POINT ( 'NONE',  ( 0.3846153846153835800, -3.863724120272764700E-017, 0.2103313446762957200 ) ) ;
#4627 = CARTESIAN_POINT ( 'NONE',  ( 0.7557692307692301900, -0.07725424859373683500, -0.2377641290737884100 ) ) ;
#4628 = CARTESIAN_POINT ( 'NONE',  ( 0.5903846153846147300, 0.2000369959355130000, 0.06499595995471006700 ) ) ;
#4629 = CARTESIAN_POINT ( 'NONE',  ( 1.278846153846154000, 0.2000369959355130500, 0.0000000000000000000 ) ) ;
#4630 = CARTESIAN_POINT ( 'NONE',  ( -0.4365384615384631500, -0.06181483124778579900, -0.1902464884845768400 ) ) ;
#4631 = ORIENTED_EDGE ( 'NONE', *, *, #2214, .T. ) ;
#4632 =( BOUNDED_CURVE ( )  B_SPLINE_CURVE ( 2, ( #804, #6576, #4998, #7220, #6691, #1456, #1509, #7151, #6062, #4405, #5474, #955, #4973 ),
 .UNSPECIFIED., .F., .F. ) 
 B_SPLINE_CURVE_WITH_KNOTS ( ( 3, 2, 2, 2, 2, 2, 3 ),
 ( 0.5740477895761647600, 0.5762217026196430100, 0.5805695287065995000, 0.5849173547935560000, 0.5892651808805125000, 0.5936130069674691000, 0.5957869200109473500 ),
 .UNSPECIFIED. ) 
 CURVE ( )  GEOMETRIC_REPRESENTATION_ITEM ( )  RATIONAL_B_SPLINE_CURVE ( ( 0.9755282581475767100, 0.9755282581475767100, 1.000000000000000000, 0.9510565162951534200, 1.000000000000000000, 0.9510565162951534200, 1.000000000000000000, 0.9510565162951534200, 1.000000000000000000, 0.9510565162951534200, 1.000000000000000000, 0.9755282581475767100, 0.9755282581475767100 ) ) 
 REPRESENTATION_ITEM ( '' )  );
#4633 = CARTESIAN_POINT ( 'NONE',  ( 1.215384615384615300, 0.2000369959355130000, 0.06499595995471008100 ) ) ;
#4634 = CARTESIAN_POINT ( 'NONE',  ( -0.05865384615384755500, 0.2583271673440810700, 0.08393558474214604700 ) ) ;
#4635 = CC_DESIGN_APPROVAL ( #4245, ( #4390 ) ) ;
#4636 = ORIENTED_EDGE ( 'NONE', *, *, #4647, .F. ) ;
#4637 = PERSON_AND_ORGANIZATION ( #4554, #5705 ) ;
#4638 = CARTESIAN_POINT ( 'NONE',  ( 0.1788461538461528500, -0.06181483124778579900, -0.1902464884845768400 ) ) ;
#4639 = CARTESIAN_POINT ( 'NONE',  ( 0.01426839435599279100, 0.1736393807394419300, 0.1686499264587027800 ) ) ;
#4640 = CARTESIAN_POINT ( 'NONE',  ( 0.1129807692307678000, -4.909181744786878600E-017, 0.2672434070081726200 ) ) ;
#4641 = EDGE_CURVE ( 'NONE', #6820, #1457, #883, .T. ) ;
#4642 = ADVANCED_FACE ( 'NONE', ( #7306 ), #6489, .F. ) ;
#4643 = ORIENTED_EDGE ( 'NONE', *, *, #4153, .F. ) ;
#4644 = CARTESIAN_POINT ( 'NONE',  ( 0.9384615384615381300, -0.2000369959355130800, 0.06499595995470997000 ) ) ;
#4645 = CARTESIAN_POINT ( 'NONE',  ( 0.04615384615384487300, 0.1236296624955716700, -0.1701616322928578600 ) ) ;
#4646 = CARTESIAN_POINT ( 'NONE',  ( 1.172115384615384400, 0.2583271673440810700, 0.08393558474214604700 ) ) ;
#4647 = EDGE_CURVE ( 'NONE', #231, #3087, #5503, .T. ) ;
#4648 = CARTESIAN_POINT ( 'NONE',  ( 0.4673076923076916500, -0.2000369959355130200, 0.06499595995470997000 ) ) ;
#4649 = CARTESIAN_POINT ( 'NONE',  ( 0.6942307692307687600, -0.1618333292155423300, 0.1175787961237839400 ) ) ;
#4650 = TOROIDAL_SURFACE ( 'NONE', #3757, 0.3440070881318968400, 0.01250000000000000100 ) ;
#4651 = DIRECTION ( 'NONE',  ( -1.000000000000000000, 0.0000000000000000000, -0.0000000000000000000 ) ) ;
#4652 = ORIENTED_EDGE ( 'NONE', *, *, #2315, .F. ) ;
#4653 = CARTESIAN_POINT ( 'NONE',  ( 0.3538461538461528700, 0.1236296624955716700, -0.1701616322928578600 ) ) ;
#4654 = CARTESIAN_POINT ( 'NONE',  ( 0.5557692307692301300, -0.1618333292155423300, -0.1175787961237840000 ) ) ;
#4655 = CARTESIAN_POINT ( 'NONE',  ( 1.250000000000000000, 0.0000000000000000000, 0.2500000000000000000 ) ) ;
#4656 = AXIS2_PLACEMENT_3D ( 'NONE', #3198, #4957, #5511 ) ;
#4657 = CARTESIAN_POINT ( 'NONE',  ( 1.250000000000000000, -0.2000369959355130500, -2.449746667834781800E-017 ) ) ;
#4658 = TOROIDAL_SURFACE ( 'NONE', #3658, 0.009249999999999999500, 0.002000000000000000000 ) ;
#4659 = CARTESIAN_POINT ( 'NONE',  ( 1.195995202270073500, -0.2356486817333210400, 0.07550688974136016100 ) ) ;
#4660 = ORIENTED_EDGE ( 'NONE', *, *, #4915, .F. ) ;
#4661 = ORIENTED_EDGE ( 'NONE', *, *, #7336, .F. ) ;
#4662 = DIRECTION ( 'NONE',  ( -1.000000000000000000, -0.0000000000000000000, -0.0000000000000000000 ) ) ;
#4663 = CARTESIAN_POINT ( 'NONE',  ( 1.200000000000000000, 0.1236296624955716700, -0.1701616322928578600 ) ) ;
#4664 = DIRECTION ( 'NONE',  ( -1.000000000000000000, 0.0000000000000000000, -0.0000000000000000000 ) ) ;
#4665 = CARTESIAN_POINT ( 'NONE',  ( -0.3740384615384632100, 0.2583271673440810700, -0.08393558474214596300 ) ) ;
#4666 = CARTESIAN_POINT ( 'NONE',  ( -0.08557692307692471600, -0.07982748481806198300, -0.2456837358386569400 ) ) ;
#4667 = VECTOR ( 'NONE', #6344, 39.37007874015748100 ) ;
#4668 = ORIENTED_EDGE ( 'NONE', *, *, #2310, .T. ) ;
#4669 = CARTESIAN_POINT ( 'NONE',  ( 0.1019230769230758100, -0.06181483124778579900, -0.1902464884845768400 ) ) ;
#4670 = CARTESIAN_POINT ( 'NONE',  ( 0.6519230769230763800, -0.1545084971874737300, 0.2126627020880099700 ) ) ;
#4671 = CARTESIAN_POINT ( 'NONE',  ( 0.2514423076923063500, 0.2541635836720405100, 0.08258275440018635100 ) ) ;
#4672 = CARTESIAN_POINT ( 'NONE',  ( 0.9846153846153843400, 0.2000369959355130000, 0.06499595995471006700 ) ) ;
#4673 = FACE_OUTER_BOUND ( 'NONE', #5558, .T. ) ;
#4674 = CARTESIAN_POINT ( 'NONE',  ( 0.1384615384615373600, 0.2000369959355130000, 0.06499595995471008100 ) ) ;
#4675 = CARTESIAN_POINT ( 'NONE',  ( 0.9105769230769226200, -0.1596549696361239700, -0.2197462137205352100 ) ) ;
#4676 = CARTESIAN_POINT ( 'NONE',  ( 0.3134615384615376300, -0.2000369959355130200, 0.06499595995470997000 ) ) ;
#4677 = CARTESIAN_POINT ( 'NONE',  ( -0.2177884615384632100, 0.2541635836720405100, -0.08258275440018626700 ) ) ;
#4678 = CARTESIAN_POINT ( 'NONE',  ( -0.4906249999999999800, -0.1443749999999976400, 0.2500648353427579700 ) ) ;
#4679 = CARTESIAN_POINT ( 'NONE',  ( 0.08076923076922956600, -0.06181483124778584100, 0.1902464884845768100 ) ) ;
#4680 = CARTESIAN_POINT ( 'NONE',  ( 0.6634615384615378800, 0.2000369959355130500, 0.0000000000000000000 ) ) ;
#4681 = CARTESIAN_POINT ( 'NONE',  ( -0.4750000000000016400, 0.06181483124778577900, 0.1902464884845768400 ) ) ;
#4682 = EDGE_CURVE ( 'NONE', #2443, #7121, #4978, .T. ) ;
#4683 = ADVANCED_FACE ( 'NONE', ( #82 ), #4924, .T. ) ;
#4684 = DIRECTION ( 'NONE',  ( -1.000000000000000000, 0.0000000000000000000, -0.0000000000000000000 ) ) ;
#4685 = CARTESIAN_POINT ( 'NONE',  ( 0.02884615384615250200, -4.813149900984358400E-017, 0.2499999999999999700 ) ) ;
#4686 = DIRECTION ( 'NONE',  ( 1.000000000000000000, 0.0000000000000000000, 0.0000000000000000000 ) ) ;
#4687 = CARTESIAN_POINT ( 'NONE',  ( -0.4949705097974041500, -0.2396593096114230100, -0.3348978992461349400 ) ) ;
#4688 = CARTESIAN_POINT ( 'NONE',  ( -0.03942307692307846200, -0.07982748481806203900, 0.2456837358386569100 ) ) ;
#4689 = EDGE_CURVE ( 'NONE', #5060, #5423, #3212, .T. ) ;
#4690 = CARTESIAN_POINT ( 'NONE',  ( 0.4673076923076916500, -0.2000369959355130200, 0.06499595995470997000 ) ) ;
#4691 = CARTESIAN_POINT ( 'NONE',  ( 0.09374999999999855700, 0.2541635836720405100, 0.0000000000000000000 ) ) ;
#4692 = CARTESIAN_POINT ( 'NONE',  ( 0.9192307692307689600, 0.06181483124778577900, 0.1902464884845768400 ) ) ;
#4693 = CARTESIAN_POINT ( 'NONE',  ( 0.08461538461538348200, -0.1236296624955716800, 0.1701616322928578300 ) ) ;
#4694 = CARTESIAN_POINT ( 'NONE',  ( 0.9605769230769226600, -0.07982748481806203900, 0.2456837358386569100 ) ) ;
#4695 = CARTESIAN_POINT ( 'NONE',  ( 0.4442307692307685400, 0.1236296624955716000, 0.1701616322928579100 ) ) ;
#4696 = CIRCLE ( 'NONE', #6674, 0.01125000000000000000 ) ;
#4697 = CARTESIAN_POINT ( 'NONE',  ( -0.02932692307692473200, -0.2056226585419196600, 0.1493936061522294100 ) ) ;
#4698 = EDGE_CURVE ( 'NONE', #2659, #7186, #388, .T. ) ;
#4699 = CARTESIAN_POINT ( 'NONE',  ( 0.08653846153846155000, -0.1411714708955339200, 0.1417230240578286600 ) ) ;
#4700 = CARTESIAN_POINT ( 'NONE',  ( 0.01538461538461423000, -0.2000369959355130200, 0.06499595995470997000 ) ) ;
#4701 = CARTESIAN_POINT ( 'NONE',  ( 0.9230769230769223500, 5.250708982892026900E-016, -0.2500000000000000000 ) ) ;
#4702 = CARTESIAN_POINT ( 'NONE',  ( 0.2557692307692296400, 0.07725424859373679300, 0.2377641290737884100 ) ) ;
#4703 = CYLINDRICAL_SURFACE ( 'NONE', #1984, 0.2500000000000000000 ) ;
#4704 = CARTESIAN_POINT ( 'NONE',  ( -0.3788461538461553300, -0.2000369959355130200, 0.06499595995470997000 ) ) ;
#4705 = CARTESIAN_POINT ( 'NONE',  ( -0.4867828211001380400, 0.1914234255862563300, 0.05806782137920669200 ) ) ;
#4706 = ORIENTED_EDGE ( 'NONE', *, *, #1070, .T. ) ;
#4707 = CARTESIAN_POINT ( 'NONE',  ( 0.05961538461538337000, -0.1545084971874737000, -0.2126627020880100000 ) ) ;
#4708 = ORIENTED_EDGE ( 'NONE', *, *, #3675, .T. ) ;
#4709 = CARTESIAN_POINT ( 'NONE',  ( -0.4857957059411688300, -0.4265175113638370900, 0.01124999999999797900 ) ) ;
#4710 = CARTESIAN_POINT ( 'NONE',  ( 0.9134615384615381000, 5.206953074701259500E-016, -0.2500000000000000600 ) ) ;
#4711 = CARTESIAN_POINT ( 'NONE',  ( 0.2788461538461528600, 0.2000369959355130500, 0.0000000000000000000 ) ) ;
#4712 = CARTESIAN_POINT ( 'NONE',  ( 0.01565924174666174400, 0.1460656901438955600, 0.1920118036152945500 ) ) ;
#4713 = CARTESIAN_POINT ( 'NONE',  ( 1.228365384615384100, 1.636393914928959700E-017, -0.2672434070081726200 ) ) ;
#4714 = ORIENTED_EDGE ( 'NONE', *, *, #539, .T. ) ;
#4715 = DIRECTION ( 'NONE',  ( 1.000000000000000000, 0.0000000000000000000, 0.0000000000000000000 ) ) ;
#4716 = ADVANCED_FACE ( 'NONE', ( #2840 ), #341, .T. ) ;
#4717 = ORIENTED_EDGE ( 'NONE', *, *, #1601, .T. ) ;
#4718 = CARTESIAN_POINT ( 'NONE',  ( 0.6076923076923069800, 0.1236296624955716000, 0.1701616322928579100 ) ) ;
#4719 = CARTESIAN_POINT ( 'NONE',  ( 0.1538461538461527200, -3.863724120272764700E-017, 0.2103313446762957200 ) ) ;
#4720 = CARTESIAN_POINT ( 'NONE',  ( 0.9874999999999994900, -0.1596549696361239700, -0.2197462137205352100 ) ) ;
#4721 = CARTESIAN_POINT ( 'NONE',  ( 0.4826923076923068700, -0.1236296624955716100, -0.1701616322928578600 ) ) ;
#4722 = CARTESIAN_POINT ( 'NONE',  ( 0.001442307692306192700, 0.07854086670589942300, -0.2417239324562225900 ) ) ;
#4723 = ORIENTED_EDGE ( 'NONE', *, *, #1214, .F. ) ;
#4724 = DIRECTION ( 'NONE',  ( -1.000000000000000000, -0.0000000000000000000, -0.0000000000000000000 ) ) ;
#4725 = CARTESIAN_POINT ( 'NONE',  ( 0.007692307692306431600, -0.1236296624955716800, 0.1701616322928578300 ) ) ;
#4726 = CARTESIAN_POINT ( 'NONE',  ( 1.117307692307692100, 0.1618333292155423300, -0.1175787961237839500 ) ) ;
#4727 = CARTESIAN_POINT ( 'NONE',  ( -0.4711538461538477600, -3.863724120272764700E-017, 0.2103313446762957200 ) ) ;
#4728 =( BOUNDED_CURVE ( )  B_SPLINE_CURVE ( 2, ( #1983, #6171, #4856, #993, #834, #6554, #7157, #412, #2728, #3299, #7274, #5426, #6724 ),
 .UNSPECIFIED., .F., .F. ) 
 B_SPLINE_CURVE_WITH_KNOTS ( ( 3, 2, 2, 2, 2, 2, 3 ),
 ( 0.4436130101838461300, 0.4457869232273243800, 0.4501347493142809900, 0.4544825754012374900, 0.4588304014881939800, 0.4631782275751504800, 0.4653521406186287300 ),
 .UNSPECIFIED. ) 
 CURVE ( )  GEOMETRIC_REPRESENTATION_ITEM ( )  RATIONAL_B_SPLINE_CURVE ( ( 0.9755282581475768200, 0.9755282581475768200, 1.000000000000000000, 0.9510565162951535300, 1.000000000000000000, 0.9510565162951535300, 1.000000000000000000, 0.9510565162951535300, 1.000000000000000000, 0.9510565162951535300, 1.000000000000000000, 0.9755282581475768200, 0.9755282581475768200 ) ) 
 REPRESENTATION_ITEM ( '' )  );
#4729 = LINE ( 'NONE', #7240, #2637 ) ;
#4730 = CARTESIAN_POINT ( 'NONE',  ( 1.213461538461538600, 0.1236296624955716000, 0.1701616322928579100 ) ) ;
#4731 = CARTESIAN_POINT ( 'NONE',  ( 0.02687483532511993800, 0.03959611008113402700, 0.2500000000000000600 ) ) ;
#4732 = CARTESIAN_POINT ( 'NONE',  ( 1.219230769230769300, 0.1618333292155423300, 0.1175787961237840100 ) ) ;
#4733 = CARTESIAN_POINT ( 'NONE',  ( 1.189368130832472800, -0.1340912821139168500, 0.2192966574076319900 ) ) ;
#4734 = CARTESIAN_POINT ( 'NONE',  ( 0.04118633377645003500, 0.1771549148513847900, 0.1415092074590185400 ) ) ;
#4735 = EDGE_LOOP ( 'NONE', ( #1285, #4631, #4439, #2451 ) ) ;
#4736 = CARTESIAN_POINT ( 'NONE',  ( 1.229659506141924700, 0.1345137927590763500, 0.1648545839380709500 ) ) ;
#4737 = CARTESIAN_POINT ( 'NONE',  ( 0.4096153846153838300, -0.06181483124778579900, -0.1902464884845768400 ) ) ;
#4738 = CARTESIAN_POINT ( 'NONE',  ( 0.004405940636793319100, 0.2371037897744289700, -0.07478425456966864000 ) ) ;
#4739 = CARTESIAN_POINT ( 'NONE',  ( 1.155288461538461300, 0.07854086670589942300, -0.2417239324562225900 ) ) ;
#4740 = DIRECTION ( 'NONE',  ( 0.0000000000000000000, 0.0000000000000000000, 1.000000000000000000 ) ) ;
#4741 = VECTOR ( 'NONE', #4473, 39.37007874015748100 ) ;
#4742 = EDGE_CURVE ( 'NONE', #238, #6873, #4408, .T. ) ;
#4743 = CARTESIAN_POINT ( 'NONE',  ( 0.6961538461538455700, -0.06181483124778584100, 0.1902464884845768100 ) ) ;
#4744 = CARTESIAN_POINT ( 'NONE',  ( 0.1192307692307680200, 0.06181483124778582700, -0.1902464884845768100 ) ) ;
#4745 = CARTESIAN_POINT ( 'NONE',  ( 0.9759615384615379900, -0.2583271673440810700, -3.163595386207315100E-017 ) ) ;
#4746 = EDGE_LOOP ( 'NONE', ( #3968, #6349, #6823, #2387 ) ) ;
#4747 = CARTESIAN_POINT ( 'NONE',  ( 0.1749999999999989100, -0.1236296624955716100, -0.1701616322928578600 ) ) ;
#4748 = CARTESIAN_POINT ( 'NONE',  ( -0.1408653846153862800, 0.2541635836720405100, -0.08258275440018626700 ) ) ;
#4749 = FACE_OUTER_BOUND ( 'NONE', #4925, .T. ) ;
#4750 = CARTESIAN_POINT ( 'NONE',  ( -0.4906249999999999800, -0.1541177857925726300, 0.2444398353427580700 ) ) ;
#4751 = CARTESIAN_POINT ( 'NONE',  ( 0.08461538461538348200, -0.1236296624955716800, 0.1701616322928578300 ) ) ;
#4752 = CARTESIAN_POINT ( 'NONE',  ( 0.5730769230769221500, 0.07725424859373679300, 0.2377641290737883800 ) ) ;
#4753 = CARTESIAN_POINT ( 'NONE',  ( 1.105769230769230600, 1.287908040090921300E-017, -0.2103313446762957200 ) ) ;
#4754 = ORIENTED_EDGE ( 'NONE', *, *, #6865, .T. ) ;
#4755 = AXIS2_PLACEMENT_3D ( 'NONE', #558, #1735, #3972 ) ;
#4756 = CARTESIAN_POINT ( 'NONE',  ( 1.134615384615384400, 0.2000369959355130500, 0.0000000000000000000 ) ) ;
#4757 = DIRECTION ( 'NONE',  ( -1.000000000000000000, -0.0000000000000000000, -0.0000000000000000000 ) ) ;
#4758 = CARTESIAN_POINT ( 'NONE',  ( 0.7115384615384606800, 0.2499999999999999700, 0.0000000000000000000 ) ) ;
#4759 = CARTESIAN_POINT ( 'NONE',  ( 1.188461538461538500, -0.06181483124778579900, -0.1902464884845768400 ) ) ;
#4760 = CARTESIAN_POINT ( 'NONE',  ( -0.4959552945456119900, 1.079413384578785200E-016, -0.3237271239664728500 ) ) ;
#4761 = CYLINDRICAL_SURFACE ( 'NONE', #4121, 0.001999999999999999600 ) ;
#4762 = DIRECTION ( 'NONE',  ( 0.0000000000000000000, 0.8660254037844387100, -0.4999999999999999400 ) ) ;
#4763 = CARTESIAN_POINT ( 'NONE',  ( 0.4596153846153837600, -0.1236296624955716800, 0.1701616322928578300 ) ) ;
#4764 = CARTESIAN_POINT ( 'NONE',  ( 1.120673076923076400, -0.1570817334117988500, 0.2162044579042725600 ) ) ;
#4765 = CARTESIAN_POINT ( 'NONE',  ( 0.07692307692307555300, 2.047776503327890300E-015, -0.2499999999999999700 ) ) ;
#4766 = CARTESIAN_POINT ( 'NONE',  ( 0.7076923076923071800, -0.2000369959355130800, 0.06499595995470997000 ) ) ;
#4767 = CARTESIAN_POINT ( 'NONE',  ( -0.2076923076923092300, -0.2000369959355130000, -0.06499595995471003900 ) ) ;
#4768 = CARTESIAN_POINT ( 'NONE',  ( 0.8682692307692302400, 0.2089910684901024900, 0.1518408992313406700 ) ) ;
#4769 = AXIS2_PLACEMENT_3D ( 'NONE', #3564, #91, #4096 ) ;
#4770 = CARTESIAN_POINT ( 'NONE',  ( 0.05192307692307578800, 0.2000369959355130000, 0.06499595995471008100 ) ) ;
#4771 = CARTESIAN_POINT ( 'NONE',  ( -0.1716346153846170000, -0.2541635836720405100, -0.08258275440018630900 ) ) ;
#4772 = CARTESIAN_POINT ( 'NONE',  ( 0.8884615384615378600, -0.07725424859373686300, 0.2377641290737883600 ) ) ;
#4773 = CARTESIAN_POINT ( 'NONE',  ( 1.078846153846153800, -0.1618333292155423300, 0.1175787961237839400 ) ) ;
#4774 = CARTESIAN_POINT ( 'NONE',  ( 1.173076923076922900, -0.2000369959355130500, -2.449746667834781800E-017 ) ) ;
#4775 = PRODUCT_DEFINITION_FORMATION_WITH_SPECIFIED_SOURCE ( 'ANY', '', #5225, .NOT_KNOWN. ) ;
#4776 = CARTESIAN_POINT ( 'NONE',  ( -0.1310429897804382100, -1.104094692149880700E-026, -0.3749999999999999400 ) ) ;
#4777 = CARTESIAN_POINT ( 'NONE',  ( 0.7192307692307684500, 0.2022542485937368100, 0.1469463130731183400 ) ) ;
#4778 = CARTESIAN_POINT ( 'NONE',  ( 1.057692307692307500, 0.2000369959355130500, 0.0000000000000000000 ) ) ;
#4779 = CARTESIAN_POINT ( 'NONE',  ( 0.4250482415979546200, -0.03959611008113510200, 0.2499999999999996700 ) ) ;
#4780 = DIRECTION ( 'NONE',  ( 1.000000000000000000, 0.0000000000000000000, 0.0000000000000000000 ) ) ;
#4781 = EDGE_CURVE ( 'NONE', #3744, #751, #2944, .T. ) ;
#4782 = CARTESIAN_POINT ( 'NONE',  ( 1.221451620820350700, 0.2179849538804954400, -0.03833875000994616000 ) ) ;
#4783 = EDGE_CURVE ( 'NONE', #2945, #5174, #5318, .T. ) ;
#4784 = CIRCLE ( 'NONE', #5409, 0.009249999999999999500 ) ;
#4785 = CARTESIAN_POINT ( 'NONE',  ( 0.4980769230769224700, 0.1236296624955716700, -0.1701616322928578600 ) ) ;
#4786 = ADVANCED_FACE ( 'NONE', ( #701 ), #5459, .T. ) ;
#4787 = CARTESIAN_POINT ( 'NONE',  ( 0.6999999999999994000, -0.1236296624955716700, 0.1701616322928578600 ) ) ;
#4788 = CARTESIAN_POINT ( 'NONE',  ( -0.04615384615384732900, -0.1236296624955716100, -0.1701616322928578600 ) ) ;
#4789 = CARTESIAN_POINT ( 'NONE',  ( 0.5951923076923069100, -0.2583271673440810700, -0.08393558474214601900 ) ) ;
#4790 = CARTESIAN_POINT ( 'NONE',  ( 0.1019230769230758100, -0.06181483124778579900, -0.1902464884845768400 ) ) ;
#4791 = CARTESIAN_POINT ( 'NONE',  ( -0.2793269230769248000, 0.1570817334117987900, 0.2162044579042725600 ) ) ;
#4792 = ORIENTED_EDGE ( 'NONE', *, *, #1350, .T. ) ;
#4793 = DIRECTION ( 'NONE',  ( 0.0000000000000000000, 0.8660254037844362700, -0.5000000000000041100 ) ) ;
#4794 = CARTESIAN_POINT ( 'NONE',  ( -0.5156250000000000000, 0.2165063509461095700, -0.3749999999999999400 ) ) ;
#4795 = CARTESIAN_POINT ( 'NONE',  ( 1.124999999999999800, 0.2000369959355130500, 0.0000000000000000000 ) ) ;
#4796 = CARTESIAN_POINT ( 'NONE',  ( 1.184615384615384400, -0.1236296624955716100, -0.1701616322928578600 ) ) ;
#4797 = ORIENTED_EDGE ( 'NONE', *, *, #4689, .F. ) ;
#4798 = ORIENTED_EDGE ( 'NONE', *, *, #6531, .T. ) ;
#4799 = CARTESIAN_POINT ( 'NONE',  ( 0.6134132968635821500, -0.03959611008113207700, -0.2500000000000006700 ) ) ;
#4800 = CARTESIAN_POINT ( 'NONE',  ( 0.07932692307692225400, -1.686790260754063900E-015, 0.2042005796075541700 ) ) ;
#4801 = CARTESIAN_POINT ( 'NONE',  ( 1.149999999999999900, 0.06181483124778577900, 0.1902464884845768400 ) ) ;
#4802 = CARTESIAN_POINT ( 'NONE',  ( -0.5156250000000000000, -0.05863573498500528800, 0.08306007213317495600 ) ) ;
#4803 = CARTESIAN_POINT ( 'NONE',  ( 0.7711538461538457500, 0.2022542485937368600, -0.1469463130731182800 ) ) ;
#4804 = ORIENTED_EDGE ( 'NONE', *, *, #1541, .F. ) ;
#4805 = CARTESIAN_POINT ( 'NONE',  ( 1.220421664663601500, 0.2121091309415340800, -0.06673096277356184400 ) ) ;
#4806 = CARTESIAN_POINT ( 'NONE',  ( 0.1288461538461528100, 0.2000369959355130000, 0.06499595995471008100 ) ) ;
#4807 = CARTESIAN_POINT ( 'NONE',  ( 0.7980769230769224600, 9.582543893777949700E-016, 0.2500000000000000000 ) ) ;
#4808 = DIRECTION ( 'NONE',  ( -1.000000000000000000, -0.0000000000000000000, -0.0000000000000000000 ) ) ;
#4809 = ORIENTED_EDGE ( 'NONE', *, *, #2262, .F. ) ;
#4810 = CARTESIAN_POINT ( 'NONE',  ( 0.6846153846153840700, 0.1236296624955716000, 0.1701616322928579100 ) ) ;
#4811 = CARTESIAN_POINT ( 'NONE',  ( -0.1346153846153860800, -0.2000369959355130500, -2.449746667834781800E-017 ) ) ;
#4812 = CARTESIAN_POINT ( 'NONE',  ( 0.6721153846153838900, -0.2583271673440810700, -0.08393558474214601900 ) ) ;
#4813 = CARTESIAN_POINT ( 'NONE',  ( 0.07115384615384502700, -0.06181483124778584100, 0.1902464884845768100 ) ) ;
#4814 = CARTESIAN_POINT ( 'NONE',  ( -0.2754807692307710300, 0.07854086670589938100, 0.2417239324562226500 ) ) ;
#4815 = APPROVAL_DATE_TIME ( #3461, #6048 ) ;
#4816 = EDGE_CURVE ( 'NONE', #5151, #4824, #7394, .T. ) ;
#4817 = CARTESIAN_POINT ( 'NONE',  ( 0.3211538461538451800, 0.2500000000000000600, 0.08122992405822665500 ) ) ;
#4818 = AXIS2_PLACEMENT_3D ( 'NONE', #3236, #5494, #4970 ) ;
#4819 = ORIENTED_EDGE ( 'NONE', *, *, #7093, .T. ) ;
#4820 = CARTESIAN_POINT ( 'NONE',  ( 1.071153846153846100, -0.06181483124778584100, 0.1902464884845768100 ) ) ;
#4821 = CARTESIAN_POINT ( 'NONE',  ( 1.084615384615384300, -0.1236296624955716800, 0.1701616322928578300 ) ) ;
#4822 = FACE_OUTER_BOUND ( 'NONE', #1195, .T. ) ;
#4823 = CARTESIAN_POINT ( 'NONE',  ( 0.6076923076923068700, -0.1545084971874736700, -0.2126627020880099400 ) ) ;
#4824 = VERTEX_POINT ( 'NONE', #5602 ) ;
#4825 = CARTESIAN_POINT ( 'NONE',  ( -0.5156250000000000000, -0.1346322142074226300, 0.2556898353427579100 ) ) ;
#4826 = CARTESIAN_POINT ( 'NONE',  ( 1.076923076923076600, -3.863724120272764700E-017, 0.2103313446762957200 ) ) ;
#4827 = CARTESIAN_POINT ( 'NONE',  ( 0.4423076923076911800, -0.2499999999999999700, -3.061616997868382400E-017 ) ) ;
#4828 = CARTESIAN_POINT ( 'NONE',  ( 0.01830582845926926100, 0.2013699588974747200, -0.1297543958549085600 ) ) ;
#4829 = DIRECTION ( 'NONE',  ( -0.0000000000000000000, -0.4999999999999919000, 0.8660254037844432600 ) ) ;
#4830 = FACE_OUTER_BOUND ( 'NONE', #7396, .T. ) ;
#4831 = VERTEX_POINT ( 'NONE', #7267 ) ;
#4832 = CARTESIAN_POINT ( 'NONE',  ( 0.1519230769230758000, -0.1236296624955716800, 0.1701616322928578300 ) ) ;
#4833 = CARTESIAN_POINT ( 'NONE',  ( 0.8899038461538456600, -0.1570817334117988500, 0.2162044579042725600 ) ) ;
#4834 = CARTESIAN_POINT ( 'NONE',  ( 1.228740750957310100, -0.2036563203990490700, 0.06579121643883649500 ) ) ;
#4835 = EDGE_CURVE ( 'NONE', #2988, #238, #2920, .T. ) ;
#4836 = CARTESIAN_POINT ( 'NONE',  ( 0.3153846153846144300, -0.1236296624955716700, 0.1701616322928578600 ) ) ;
#4837 = FACE_OUTER_BOUND ( 'NONE', #2802, .T. ) ;
#4838 = CARTESIAN_POINT ( 'NONE',  ( -0.2461538461538476900, 0.2000369959355130000, 0.06499595995471008100 ) ) ;
#4839 = CARTESIAN_POINT ( 'NONE',  ( 0.7221153846153838300, 0.07982748481806195600, 0.2456837358386569400 ) ) ;
#4840 = CARTESIAN_POINT ( 'NONE',  ( 0.06346153846153736200, 0.06181483124778577900, 0.1902464884845768400 ) ) ;
#4841 = CARTESIAN_POINT ( 'NONE',  ( -0.4024038461538482200, -0.2541635836720405100, -0.08258275440018630900 ) ) ;
#4842 = VERTEX_POINT ( 'NONE', #2858 ) ;
#4843 = DIRECTION ( 'NONE',  ( 0.0000000000000000000, -0.5000000000000042200, -0.8660254037844362700 ) ) ;
#4844 = CARTESIAN_POINT ( 'NONE',  ( 0.6807692307692299000, -0.2022542485937368100, -0.1469463130731182800 ) ) ;
#4845 = FACE_OUTER_BOUND ( 'NONE', #2966, .T. ) ;
#4846 = CARTESIAN_POINT ( 'NONE',  ( 0.8942307692307689400, 0.2000369959355130500, 0.0000000000000000000 ) ) ;
#4847 = CARTESIAN_POINT ( 'NONE',  ( 1.053846153846153700, 0.2000369959355130000, -0.06499595995470999800 ) ) ;
#4848 = CARTESIAN_POINT ( 'NONE',  ( 0.7038461538461531200, 0.2022542485937368600, -0.1469463130731182600 ) ) ;
#4849 = CARTESIAN_POINT ( 'NONE',  ( 1.153846153846153500, -3.863724120272764700E-017, 0.2103313446762957200 ) ) ;
#4850 = CARTESIAN_POINT ( 'NONE',  ( 0.7980769230769224600, 9.582543893777949700E-016, 0.2500000000000000000 ) ) ;
#4851 = CARTESIAN_POINT ( 'NONE',  ( 1.142307692307692200, 0.1618333292155423300, 0.1175787961237840100 ) ) ;
#4852 = CARTESIAN_POINT ( 'NONE',  ( 0.05896460469035882300, 0.1723586036445772800, -0.1303014451370436100 ) ) ;
#4853 = CARTESIAN_POINT ( 'NONE',  ( 0.05192307692307578800, 0.2000369959355130000, 0.06499595995471008100 ) ) ;
#4854 = CARTESIAN_POINT ( 'NONE',  ( 1.028365384615384000, 0.1570817334117987900, 0.2162044579042725600 ) ) ;
#4855 =( BOUNDED_SURFACE ( )  B_SPLINE_SURFACE ( 1, 2, ( 
 ( #4629, #6921, #1177, #5796, #1258, #2322, #3511, #6339, #1825, #2401, #4064, #630, #2933, #85, #654, #2501, #6458, #6504, #2423, #3038, #5869, #160, #1279, #2518, #7075, #2448, #134, #7025, #209, #2982, #6977, #5293, #4168, #4142, #3560, #3012, #729, #3085, #3659, #234, #4795, #705, #4726, #1304, #4242, #4753, #4221, #5939, #3605, #1853, #5341, #800, #4773, #6997, #4820, #189, #4197, #1374, #5367, #6436, #5389, #747, #3587, #5315, #1878, #1946, #5896, #1331, #1920, #1897, #5919, #5962, #2475, #6479, #3062, #7048, #3633, #1354, #772, #4944, #1426, #351, #5414, #4866, #5439, #2542, #3783, #6543, #3137, #4918, #7094, #2046, #5517, #2613, #7117, #4365, #1993, #1499, #4317, #6613, #4846, #918, #5468, #6005, #1400, #4269, #3111, #820, #2065, #5489, #1972, #5985, #6080, #2016, #870, #6527, #3760, #6026, #3706, #6052, #2565, #3682, #258, #4895, #2590, #281, #4294, #4338, #846, #6593, #6568, #1448, #3157, #7145, #3184, #3731, #303, #7166, #3207, #326, #897, #1476, #7191, #2258, #6234, #6282, #2185, #2787, #5541, #7337, #946, #2286, #6834, #2215, #7212, #6785, #7384, #2639, #6637, #4965, #3930, #3806, #3231, #2765, #491, #2847, #3425, #7408, #4572, #369, #4394, #1071, #4006, #4517, #3977, #5713, #3380, #1522, #5121, #564, #4545, #6759, #4595, #7362, #3952, #1144, #5137, #6205, #5165, #519, #3353, #5096, #1638, #1713, #5664, #1092, #1691, #1663, #5688, #5744, #2237, #6261, #2816, #6807, #3405, #1114, #540, #4721, #1193, #127, #5193, #4648, #5217, #2316, #3554, #6332, #2897, #4695, #6863, #1818, #5289, #2396, #6887, #4137, #1771, #1275, #4085, #6408, #4621, #698, #5239, #5790, #1170, #4034, #2872, #595, #1845, #5264, #1742, #5764, #5863, #1795, #649, #6306, #3530, #5816, #3482, #5842, #2339, #3452, #22, #4676, #2368, #48, #4056, #4114, #622, #6380, #6358, #1223, #2926, #6914, #2955, #3507, #79, #6940, #2978, #104, #672, #1252, #6972, #1942, #5916, #5955, #1873, #2469, #5310, #7019, #725, #1966, #6521, #1892, #6991, #6474, #7070, #2419, #6430, #4747, #3600, #3582, #3005, #2441, #182, #2515, #3106, #7090, #4238, #153, #4161, #744, #3679, #4188, #3653, #5386, #3058, #1298, #4790, #253, #4217, #6452, #4263, #7045, #3628, #815, #4813, #5890, #4840, #205, #3031, #4770, #1326, #1395, #5335, #767, #1369, #1348, #5363, #5407, #1916, #5936, #2494, #6500, #3081, #793, #229, #3152, #3699, #6559, #6539, #277, #4287, #3129, #7138, #7113, #839, #6000, #5979, #2560, #2536, #4862, #1418, #5431, #1988, #574, #3391, #1698, #3912, #3435, #4553, #1079, #473, #3336, #2169, #7319, #2855, #4580, #1054, #4503, #1152, #1100, #7371, #6842, #2825, #5127, #5077, #1123, #5104, #2747, #5, #3960, #1673, #4603, #6741, #3411, #2194, #5697, #1621, #526, #4016, #5648, #2244, #6216, #5173, #5624, #5722, #2772, #7393, #6268, #6768, #5145, #1648, #2268, #3361, #5670, #7345, #3938, #500, #6187, #6288, #2222, #4526, #6242, #6818, #2798, #6792, #3986, #548, #2879, #1722, #1750, #6340, #1826, #2403, #5847, #3537, #2295, #5750, #58, #1259, #2906, #6389, #4704, #1780, #1281, #4094, #6978, #3512, #5773, #6415, #6365, #2347, #5271, #4122, #1179, #135, #2934, #4630, #3462, #5201, #3561, #32, #6923, #679, #656, #6896, #4727, #4681, #1234, #2984, #3490, #5798 ),
 ( #6313, #4143, #707, #6871, #2324, #4042, #4066, #604, #87, #631, #4657, #1201, #5247, #5224, #1801, #5824, #2377, #2963, #6950, #112, #730, #3589, #822, #4222, #7050, #2519, #2502, #4796, #6999, #801, #4774, #2424, #6528, #3634, #773, #4270, #6438, #3086, #1879, #5369, #4756, #211, #3112, #5317, #1921, #161, #7095, #3683, #5390, #1305, #7076, #5940, #3013, #4821, #1333, #1376, #5897, #5342, #2449, #6459, #4169, #4847, #1948, #1900, #3040, #5920, #6505, #5294, #1854, #7026, #3607, #190, #5870, #4198, #749, #5963, #260, #2476, #3661, #6481, #3064, #1355, #236, #4244, #6053, #4366, #1450, #947, #3761, #6638, #3185, #5440, #1501, #6027, #2017, #919, #3784, #847, #7214, #2592, #4296, #3138, #4868, #3232, #7118, #6595, #352, #327, #2567, #4395, #4339, #898, #6081, #3159, #5469, #7192, #3732, #3807, #304, #2640, #282, #7146, #4318, #1427, #370, #1994, #6006, #4945, #1973, #5518, #1401, #2066, #6569, #5415, #872, #5987, #7167, #2543, #3707, #6545, #4921, #4896, #1477, #5490, #2047, #2614, #6615, #3209, #392, #3253, #489, #3876, #6705, #2183, #2158, #4469, #6658, #463, #4443, #2090, #6202, #3303, #444, #3927, #6100, #2735, #1537, #5040, #4419, #7281, #2763, #4990, #1592, #7235, #6757, #3351, #5065, #973, #6731, #5615, #2665, #4494, #997, #1044, #5568, #5016, #2111, #6123, #3829, #4515, #1613, #1564, #2684, #5588, #6179, #4966, #1523, #6683, #3275, #7255, #5543, #3855, #419, #5637, #7334, #2136, #3325, #6151, #2709, #1017, #7307, #3902, #5742, #4032, #1112, #620, #3423, #6330, #2843, #5119, #1167, #5711, #1688, #593, #3450, #516, #6885, #2256, #3950, #2785, #4542, #2895, #6783, #6280, #19, #7406, #2235, #4054, #4003, #562, #5762, #2814, #5135, #6860, #3403, #3478, #7382, #2313, #7360, #6804, #3975, #1090, #46, #1661, #5685, #4619, #1636, #5190, #1068, #1740, #6258, #5094, #537, #5662, #6832, #2211, #3377, #6232, #4593, #4569, #1141, #5162, #1711, #2284, #6303, #2870, #76, #2924, #180, #3552, #6406, #1871, #1843, #4135, #6356, #151, #4111, #1768, #5888, #2976, #125, #3598, #5788, #2417, #1221, #4719, #4083, #6970, #2438, #4674, #1273, #6912, #6450, #3028, #4744, #647, #6427, #5287, #2337, #4159, #670, #723, #5237, #4693, #1793, #5813, #3505, #4186, #1296, #1250, #2366, #5262, #5861, #4645, #1191, #6378, #2953, #6938, #5215, #3528, #102, #5308, #7017, #1816, #3003, #5840, #2393, #695, #6989, #3580, #5405, #3696, #791, #295, #3104, #5998, #2513, #4788, #837, #5383, #1367, #275, #3127, #203, #6557, #1939, #3626, #2467, #4215, #2557, #6472, #5953, #7111, #7088, #1914, #3723, #3677, #250, #5429, #2492, #4811, #6537, #3078, #3150, #7068, #1986, #7042, #6498, #3650, #765, #7135, #1346, #5360, #4284, #1323, #4859, #742, #1416, #5934, #4767, #227, #5333, #6519, #1890, #3056, #5913, #4261, #4235, #813, #4838, #1392, #1964, #5976, #2533, #7160, #2582, #7248, #3224, #6073, #1533, #1517, #3799, #6020, #7230, #3776, #1440, #5561, #2633, #7208, #3271, #5460, #2085, #890, #4385, #3751, #6631, #2106, #4331, #940, #6586, #6115, #2679, #4415, #323, #6095, #4958, #2011, #3822, #342, #385, #4910, #4357, #1468, #5483, #3176, #3847, #966, #911, #2035, #4939, #5535, #4311, #862, #6043, #2607, #6607, #4886, #3199, #7183, #4985, #6677 ) ),
 .UNSPECIFIED., .F., .F., .F. ) 
 B_SPLINE_SURFACE_WITH_KNOTS ( ( 2, 2 ),
 ( 3, 2, 2, 2, 2, 2, 2, 2, 2, 2, 2, 2, 2, 2, 2, 2, 2, 2, 2, 2, 2, 2, 2, 2, 2, 2, 2, 2, 2, 2, 2, 2, 2, 2, 2, 2, 2, 2, 2, 2, 2, 2, 2, 2, 2, 2, 2, 2, 2, 2, 2, 2, 2, 2, 2, 2, 2, 2, 2, 2, 2, 2, 2, 2, 2, 2, 2, 2, 2, 2, 2, 2, 2, 2, 2, 2, 2, 2, 2, 2, 2, 2, 2, 2, 2, 2, 2, 2, 2, 2, 2, 2, 2, 2, 2, 2, 2, 2, 2, 2, 2, 2, 2, 2, 2, 2, 2, 2, 2, 2, 2, 2, 2, 2, 2, 2, 2, 2, 2, 2, 2, 2, 2, 2, 2, 2, 2, 2, 2, 2, 2, 2, 2, 2, 2, 2, 2, 2, 2, 2, 2, 2, 2, 2, 2, 2, 2, 2, 2, 2, 2, 2, 2, 2, 2, 2, 2, 2, 2, 2, 2, 2, 2, 2, 2, 2, 2, 2, 2, 2, 2, 2, 2, 2, 2, 2, 2, 2, 2, 2, 2, 2, 2, 2, 2, 2, 2, 2, 2, 2, 2, 2, 2, 2, 2, 2, 2, 2, 2, 2, 2, 2, 2, 2, 2, 2, 2, 2, 2, 2, 2, 2, 2, 2, 2, 2, 2, 2, 2, 2, 2, 2, 2, 2, 2, 2, 2, 2, 2, 2, 3 ),
 ( 0.0000000000000000000, 1.000000000000000000 ),
 ( 0.0000000000000000000, 0.004347826086956521800, 0.008695652173913043600, 0.01304347826086956500, 0.01739130434782608700, 0.02173913043478260800, 0.02608695652173912900, 0.03043478260869565300, 0.03478260869565217400, 0.03913043478260869900, 0.04347826086956521600, 0.04782608695652174100, 0.05217391304347825800, 0.05652173913043478200, 0.06086956521739130700, 0.06521739130434782400, 0.06956521739130434900, 0.07391304347826087300, 0.07826086956521739700, 0.08260869565217390800, 0.08695652173913043200, 0.09130434782608695700, 0.09565217391304348100, 0.1000000000000000100, 0.1043478260869565200, 0.1086956521739130400, 0.1130434782608695600, 0.1173913043478260900, 0.1217391304347826100, 0.1260869565217391200, 0.1304347826086956500, 0.1347826086956521700, 0.1391304347826087000, 0.1434782608695652200, 0.1478260869565217500, 0.1521739130434782700, 0.1565217391304347900, 0.1608695652173912900, 0.1652173913043478200, 0.1695652173913043400, 0.1739130434782608600, 0.1782608695652173900, 0.1826086956521739100, 0.1869565217391304400, 0.1913043478260869600, 0.1956521739130434900, 0.2000000000000000100, 0.2043478260869565400, 0.2086956521739130300, 0.2130434782608695600, 0.2173913043478260800, 0.2217391304347826100, 0.2260869565217391300, 0.2304347826086956500, 0.2347826086956521800, 0.2391304347826087000, 0.2434782608695652300, 0.2478260869565217500, 0.2521739130434782500, 0.2565217391304348000, 0.2608695652173913000, 0.2652173913043478500, 0.2695652173913043500, 0.2739130434782608400, 0.2782608695652173900, 0.2826086956521738900, 0.2869565217391304400, 0.2913043478260869400, 0.2956521739130434900, 0.2999999999999999900, 0.3043478260869565400, 0.3086956521739130400, 0.3130434782608695900, 0.3173913043478260900, 0.3217391304347825800, 0.3260869565217391400, 0.3304347826086956300, 0.3347826086956521800, 0.3391304347826086800, 0.3434782608695652300, 0.3478260869565217300, 0.3521739130434782800, 0.3565217391304347800, 0.3608695652173913300, 0.3652173913043478300, 0.3695652173913043200, 0.3739130434782608800, 0.3782608695652173700, 0.3826086956521739200, 0.3869565217391304200, 0.3913043478260869700, 0.3956521739130434700, 0.4000000000000000200, 0.4043478260869565200, 0.4086956521739130700, 0.4130434782608695700, 0.4173913043478260600, 0.4217391304347826200, 0.4260869565217391100, 0.4304347826086956700, 0.4347826086956521600, 0.4391304347826087100, 0.4434782608695652100, 0.4478260869565217600, 0.4521739130434782600, 0.4565217391304347600, 0.4608695652173913100, 0.4652173913043478000, 0.4695652173913043600, 0.4739130434782608500, 0.4782608695652174100, 0.4826086956521739000, 0.4869565217391304500, 0.4913043478260869500, 0.4956521739130435000, 0.5000000000000000000, 0.5043478260869565000, 0.5086956521739129900, 0.5130434782608696000, 0.5173913043478261000, 0.5217391304347825900, 0.5260869565217390900, 0.5304347826086957000, 0.5347826086956522000, 0.5391304347826086900, 0.5434782608695651900, 0.5478260869565216900, 0.5521739130434782900, 0.5565217391304347900, 0.5608695652173912900, 0.5652173913043477800, 0.5695652173913043900, 0.5739130434782608900, 0.5782608695652173800, 0.5826086956521738800, 0.5869565217391304900, 0.5913043478260869800, 0.5956521739130434800, 0.5999999999999999800, 0.6043478260869564700, 0.6086956521739130800, 0.6130434782608695800, 0.6173913043478260800, 0.6217391304347825700, 0.6260869565217391800, 0.6304347826086956800, 0.6347826086956521700, 0.6391304347826086700, 0.6434782608695651700, 0.6478260869565217700, 0.6521739130434782700, 0.6565217391304347700, 0.6608695652173912600, 0.6652173913043478700, 0.6695652173913043700, 0.6739130434782608600, 0.6782608695652173600, 0.6826086956521738600, 0.6869565217391304700, 0.6913043478260869600, 0.6956521739130434600, 0.6999999999999999600, 0.7043478260869565600, 0.7086956521739130600, 0.7130434782608695600, 0.7173913043478260500, 0.7217391304347826600, 0.7260869565217391600, 0.7304347826086956500, 0.7347826086956521500, 0.7391304347826086500, 0.7434782608695652600, 0.7478260869565217500, 0.7521739130434782500, 0.7565217391304347400, 0.7608695652173913500, 0.7652173913043478500, 0.7695652173913043500, 0.7739130434782608400, 0.7782608695652173400, 0.7826086956521739500, 0.7869565217391304400, 0.7913043478260869400, 0.7956521739130434400, 0.8000000000000000400, 0.8043478260869565400, 0.8086956521739130400, 0.8130434782608695300, 0.8173913043478261400, 0.8217391304347826400, 0.8260869565217391400, 0.8304347826086956300, 0.8347826086956521300, 0.8391304347826087400, 0.8434782608695652300, 0.8478260869565217300, 0.8521739130434782300, 0.8565217391304348300, 0.8608695652173913300, 0.8652173913043478300, 0.8695652173913043200, 0.8739130434782608200, 0.8782608695652174300, 0.8826086956521739200, 0.8869565217391304200, 0.8913043478260869200, 0.8956521739130435300, 0.9000000000000000200, 0.9043478260869565200, 0.9086956521739130200, 0.9130434782608695100, 0.9173913043478261200, 0.9217391304347826200, 0.9260869565217391100, 0.9304347826086956100, 0.9347826086956522200, 0.9391304347826087100, 0.9434782608695652100, 0.9478260869565217100, 0.9521739130434783100, 0.9565217391304348100, 0.9608695652173913100, 0.9652173913043478000, 0.9695652173913043000, 0.9739130434782609100, 0.9782608695652174100, 0.9826086956521739000, 0.9869565217391304000, 0.9913043478260870100, 0.9956521739130435000, 0.9979608330544256200 ),
 .UNSPECIFIED. ) 
 GEOMETRIC_REPRESENTATION_ITEM ( )  RATIONAL_B_SPLINE_SURFACE ( (
 ( 1.000000000000000000, 0.9510565162951535300, 1.000000000000000000, 0.9510565162951535300, 1.000000000000000000, 0.9510565162951535300, 1.000000000000000000, 0.9510565162951535300, 1.000000000000000000, 0.9510565162951535300, 1.000000000000000000, 0.9510565162951535300, 1.000000000000000000, 0.9510565162951535300, 1.000000000000000000, 0.9510565162951535300, 1.000000000000000000, 0.9510565162951535300, 1.000000000000000000, 0.9510565162951535300, 1.000000000000000000, 0.9510565162951535300, 1.000000000000000000, 0.9510565162951535300, 1.000000000000000000, 0.9510565162951535300, 1.000000000000000000, 0.9510565162951535300, 1.000000000000000000, 0.9510565162951535300, 1.000000000000000000, 0.9510565162951535300, 1.000000000000000000, 0.9510565162951535300, 1.000000000000000000, 0.9510565162951535300, 1.000000000000000000, 0.9510565162951535300, 1.000000000000000000, 0.9510565162951535300, 1.000000000000000000, 0.9510565162951535300, 1.000000000000000000, 0.9510565162951535300, 1.000000000000000000, 0.9510565162951535300, 1.000000000000000000, 0.9510565162951535300, 1.000000000000000000, 0.9510565162951535300, 1.000000000000000000, 0.9510565162951535300, 1.000000000000000000, 0.9510565162951535300, 1.000000000000000000, 0.9510565162951535300, 1.000000000000000000, 0.9510565162951535300, 1.000000000000000000, 0.9510565162951535300, 1.000000000000000000, 0.9510565162951535300, 1.000000000000000000, 0.9510565162951535300, 1.000000000000000000, 0.9510565162951535300, 1.000000000000000000, 0.9510565162951535300, 1.000000000000000000, 0.9510565162951535300, 1.000000000000000000, 0.9510565162951535300, 1.000000000000000000, 0.9510565162951535300, 1.000000000000000000, 0.9510565162951535300, 1.000000000000000000, 0.9510565162951535300, 1.000000000000000000, 0.9510565162951535300, 1.000000000000000000, 0.9510565162951535300, 1.000000000000000000, 0.9510565162951535300, 1.000000000000000000, 0.9510565162951535300, 1.000000000000000000, 0.9510565162951535300, 1.000000000000000000, 0.9510565162951535300, 1.000000000000000000, 0.9510565162951535300, 1.000000000000000000, 0.9510565162951535300, 1.000000000000000000, 0.9510565162951535300, 1.000000000000000000, 0.9510565162951535300, 1.000000000000000000, 0.9510565162951535300, 1.000000000000000000, 0.9510565162951535300, 1.000000000000000000, 0.9510565162951535300, 1.000000000000000000, 0.9510565162951535300, 1.000000000000000000, 0.9510565162951535300, 1.000000000000000000, 0.9510565162951535300, 1.000000000000000000, 0.9510565162951535300, 1.000000000000000000, 0.9510565162951535300, 1.000000000000000000, 0.9510565162951535300, 1.000000000000000000, 0.9510565162951535300, 1.000000000000000000, 0.9510565162951535300, 1.000000000000000000, 0.9510565162951535300, 1.000000000000000000, 0.9510565162951535300, 1.000000000000000000, 0.9510565162951535300, 1.000000000000000000, 0.9510565162951535300, 1.000000000000000000, 0.9510565162951535300, 1.000000000000000000, 0.9510565162951535300, 1.000000000000000000, 0.9510565162951535300, 1.000000000000000000, 0.9510565162951535300, 1.000000000000000000, 0.9510565162951535300, 1.000000000000000000, 0.9510565162951535300, 1.000000000000000000, 0.9510565162951535300, 1.000000000000000000, 0.9510565162951535300, 1.000000000000000000, 0.9510565162951535300, 1.000000000000000000, 0.9510565162951535300, 1.000000000000000000, 0.9510565162951535300, 1.000000000000000000, 0.9510565162951535300, 1.000000000000000000, 0.9510565162951535300, 1.000000000000000000, 0.9510565162951535300, 1.000000000000000000, 0.9510565162951535300, 1.000000000000000000, 0.9510565162951535300, 1.000000000000000000, 0.9510565162951535300, 1.000000000000000000, 0.9510565162951535300, 1.000000000000000000, 0.9510565162951535300, 1.000000000000000000, 0.9510565162951535300, 1.000000000000000000, 0.9510565162951535300, 1.000000000000000000, 0.9510565162951535300, 1.000000000000000000, 0.9510565162951535300, 1.000000000000000000, 0.9510565162951535300, 1.000000000000000000, 0.9510565162951535300, 1.000000000000000000, 0.9510565162951535300, 1.000000000000000000, 0.9510565162951535300, 1.000000000000000000, 0.9510565162951535300, 1.000000000000000000, 0.9510565162951535300, 1.000000000000000000, 0.9510565162951535300, 1.000000000000000000, 0.9510565162951535300, 1.000000000000000000, 0.9510565162951535300, 1.000000000000000000, 0.9510565162951535300, 1.000000000000000000, 0.9510565162951535300, 1.000000000000000000, 0.9510565162951535300, 1.000000000000000000, 0.9510565162951535300, 1.000000000000000000, 0.9510565162951535300, 1.000000000000000000, 0.9510565162951535300, 1.000000000000000000, 0.9510565162951535300, 1.000000000000000000, 0.9510565162951535300, 1.000000000000000000, 0.9510565162951535300, 1.000000000000000000, 0.9510565162951535300, 1.000000000000000000, 0.9510565162951535300, 1.000000000000000000, 0.9510565162951535300, 1.000000000000000000, 0.9510565162951535300, 1.000000000000000000, 0.9510565162951535300, 1.000000000000000000, 0.9510565162951535300, 1.000000000000000000, 0.9510565162951535300, 1.000000000000000000, 0.9510565162951535300, 1.000000000000000000, 0.9510565162951535300, 1.000000000000000000, 0.9510565162951535300, 1.000000000000000000, 0.9510565162951535300, 1.000000000000000000, 0.9510565162951535300, 1.000000000000000000, 0.9510565162951535300, 1.000000000000000000, 0.9510565162951535300, 1.000000000000000000, 0.9510565162951535300, 1.000000000000000000, 0.9510565162951535300, 1.000000000000000000, 0.9510565162951535300, 1.000000000000000000, 0.9510565162951535300, 1.000000000000000000, 0.9510565162951535300, 1.000000000000000000, 0.9510565162951535300, 1.000000000000000000, 0.9510565162951535300, 1.000000000000000000, 0.9510565162951535300, 1.000000000000000000, 0.9510565162951535300, 1.000000000000000000, 0.9510565162951535300, 1.000000000000000000, 0.9510565162951535300, 1.000000000000000000, 0.9510565162951535300, 1.000000000000000000, 0.9510565162951535300, 1.000000000000000000, 0.9510565162951535300, 1.000000000000000000, 0.9510565162951535300, 1.000000000000000000, 0.9510565162951535300, 1.000000000000000000, 0.9510565162951535300, 1.000000000000000000, 0.9510565162951535300, 1.000000000000000000, 0.9510565162951535300, 1.000000000000000000, 0.9510565162951535300, 1.000000000000000000, 0.9510565162951535300, 1.000000000000000000, 0.9510565162951535300, 1.000000000000000000, 0.9510565162951535300, 1.000000000000000000, 0.9510565162951535300, 1.000000000000000000, 0.9510565162951535300, 1.000000000000000000, 0.9510565162951535300, 1.000000000000000000, 0.9510565162951535300, 1.000000000000000000, 0.9510565162951535300, 1.000000000000000000, 0.9510565162951535300, 1.000000000000000000, 0.9510565162951535300, 1.000000000000000000, 0.9510565162951535300, 1.000000000000000000, 0.9510565162951535300, 1.000000000000000000, 0.9510565162951535300, 1.000000000000000000, 0.9510565162951535300, 1.000000000000000000, 0.9510565162951535300, 1.000000000000000000, 0.9510565162951535300, 1.000000000000000000, 0.9510565162951535300, 1.000000000000000000, 0.9510565162951535300, 1.000000000000000000, 0.9510565162951535300, 1.000000000000000000, 0.9510565162951535300, 1.000000000000000000, 0.9510565162951535300, 1.000000000000000000, 0.9510565162951535300, 1.000000000000000000, 0.9510565162951535300, 1.000000000000000000, 0.9510565162951535300, 1.000000000000000000, 0.9510565162951535300, 1.000000000000000000, 0.9510565162951535300, 1.000000000000000000, 0.9510565162951535300, 1.000000000000000000, 0.9510565162951535300, 1.000000000000000000, 0.9510565162951535300, 1.000000000000000000, 0.9510565162951535300, 1.000000000000000000, 0.9510565162951535300, 1.000000000000000000, 0.9510565162951535300, 1.000000000000000000, 0.9510565162951535300, 1.000000000000000000, 0.9510565162951535300, 1.000000000000000000, 0.9510565162951535300, 1.000000000000000000, 0.9510565162951535300, 1.000000000000000000, 0.9510565162951535300, 1.000000000000000000, 0.9510565162951535300, 1.000000000000000000, 0.9510565162951535300, 1.000000000000000000, 0.9510565162951535300, 1.000000000000000000, 0.9510565162951535300, 1.000000000000000000, 0.9510565162951535300, 1.000000000000000000, 0.9510565162951535300, 1.000000000000000000, 0.9510565162951535300, 1.000000000000000000, 0.9510565162951535300, 1.000000000000000000, 0.9510565162951535300, 1.000000000000000000, 0.9510565162951535300, 1.000000000000000000, 0.9510565162951535300, 1.000000000000000000, 0.9510565162951535300, 1.000000000000000000, 0.9510565162951535300, 1.000000000000000000, 0.9510565162951535300, 1.000000000000000000, 0.9510565162951535300, 1.000000000000000000, 0.9510565162951535300, 1.000000000000000000, 0.9510565162951535300, 1.000000000000000000, 0.9510565162951535300, 1.000000000000000000, 0.9510565162951535300, 1.000000000000000000, 0.9510565162951535300, 1.000000000000000000, 0.9510565162951535300, 1.000000000000000000, 0.9510565162951535300, 1.000000000000000000, 0.9510565162951535300, 1.000000000000000000, 0.9510565162951535300, 1.000000000000000000, 0.9510565162951535300, 1.000000000000000000, 0.9510565162951535300, 1.000000000000000000, 0.9510565162951535300, 1.000000000000000000, 0.9510565162951535300, 1.000000000000000000, 0.9510565162951535300, 1.000000000000000000, 0.9510565162951535300, 1.000000000000000000, 0.9510565162951535300, 1.000000000000000000, 0.9510565162951535300, 1.000000000000000000, 0.9510565162951535300, 1.000000000000000000, 0.9510565162951535300, 1.000000000000000000, 0.9510565162951535300, 1.000000000000000000, 0.9510565162951535300, 1.000000000000000000, 0.9510565162951535300, 1.000000000000000000, 0.9510565162951535300, 1.000000000000000000, 0.9510565162951535300, 1.000000000000000000, 0.9510565162951535300, 1.000000000000000000, 0.9510565162951535300, 1.000000000000000000, 0.9510565162951535300, 1.000000000000000000, 0.9510565162951535300, 1.000000000000000000, 0.9510565162951535300, 1.000000000000000000, 0.9510565162951535300, 1.000000000000000000, 0.9510565162951535300, 1.000000000000000000, 0.9510565162951535300, 1.000000000000000000, 0.9510565162951535300, 1.000000000000000000, 0.9510565162951535300, 1.000000000000000000, 0.9510565162951535300, 1.000000000000000000, 0.9510565162951535300, 1.000000000000000000, 0.9510565162951535300, 1.000000000000000000, 0.9510565162951535300, 1.000000000000000000, 0.9740114211547553600, 0.9756222765659086100),
 ( 1.000000000000000000, 0.9510565162951535300, 1.000000000000000000, 0.9510565162951535300, 1.000000000000000000, 0.9510565162951535300, 1.000000000000000000, 0.9510565162951535300, 1.000000000000000000, 0.9510565162951535300, 1.000000000000000000, 0.9510565162951535300, 1.000000000000000000, 0.9510565162951535300, 1.000000000000000000, 0.9510565162951535300, 1.000000000000000000, 0.9510565162951535300, 1.000000000000000000, 0.9510565162951535300, 1.000000000000000000, 0.9510565162951535300, 1.000000000000000000, 0.9510565162951535300, 1.000000000000000000, 0.9510565162951535300, 1.000000000000000000, 0.9510565162951535300, 1.000000000000000000, 0.9510565162951535300, 1.000000000000000000, 0.9510565162951535300, 1.000000000000000000, 0.9510565162951535300, 1.000000000000000000, 0.9510565162951535300, 1.000000000000000000, 0.9510565162951535300, 1.000000000000000000, 0.9510565162951535300, 1.000000000000000000, 0.9510565162951535300, 1.000000000000000000, 0.9510565162951535300, 1.000000000000000000, 0.9510565162951535300, 1.000000000000000000, 0.9510565162951535300, 1.000000000000000000, 0.9510565162951535300, 1.000000000000000000, 0.9510565162951535300, 1.000000000000000000, 0.9510565162951535300, 1.000000000000000000, 0.9510565162951535300, 1.000000000000000000, 0.9510565162951535300, 1.000000000000000000, 0.9510565162951535300, 1.000000000000000000, 0.9510565162951535300, 1.000000000000000000, 0.9510565162951535300, 1.000000000000000000, 0.9510565162951535300, 1.000000000000000000, 0.9510565162951535300, 1.000000000000000000, 0.9510565162951535300, 1.000000000000000000, 0.9510565162951535300, 1.000000000000000000, 0.9510565162951535300, 1.000000000000000000, 0.9510565162951535300, 1.000000000000000000, 0.9510565162951535300, 1.000000000000000000, 0.9510565162951535300, 1.000000000000000000, 0.9510565162951535300, 1.000000000000000000, 0.9510565162951535300, 1.000000000000000000, 0.9510565162951535300, 1.000000000000000000, 0.9510565162951535300, 1.000000000000000000, 0.9510565162951535300, 1.000000000000000000, 0.9510565162951535300, 1.000000000000000000, 0.9510565162951535300, 1.000000000000000000, 0.9510565162951535300, 1.000000000000000000, 0.9510565162951535300, 1.000000000000000000, 0.9510565162951535300, 1.000000000000000000, 0.9510565162951535300, 1.000000000000000000, 0.9510565162951535300, 1.000000000000000000, 0.9510565162951535300, 1.000000000000000000, 0.9510565162951535300, 1.000000000000000000, 0.9510565162951535300, 1.000000000000000000, 0.9510565162951535300, 1.000000000000000000, 0.9510565162951535300, 1.000000000000000000, 0.9510565162951535300, 1.000000000000000000, 0.9510565162951535300, 1.000000000000000000, 0.9510565162951535300, 1.000000000000000000, 0.9510565162951535300, 1.000000000000000000, 0.9510565162951535300, 1.000000000000000000, 0.9510565162951535300, 1.000000000000000000, 0.9510565162951535300, 1.000000000000000000, 0.9510565162951535300, 1.000000000000000000, 0.9510565162951535300, 1.000000000000000000, 0.9510565162951535300, 1.000000000000000000, 0.9510565162951535300, 1.000000000000000000, 0.9510565162951535300, 1.000000000000000000, 0.9510565162951535300, 1.000000000000000000, 0.9510565162951535300, 1.000000000000000000, 0.9510565162951535300, 1.000000000000000000, 0.9510565162951535300, 1.000000000000000000, 0.9510565162951535300, 1.000000000000000000, 0.9510565162951535300, 1.000000000000000000, 0.9510565162951535300, 1.000000000000000000, 0.9510565162951535300, 1.000000000000000000, 0.9510565162951535300, 1.000000000000000000, 0.9510565162951535300, 1.000000000000000000, 0.9510565162951535300, 1.000000000000000000, 0.9510565162951535300, 1.000000000000000000, 0.9510565162951535300, 1.000000000000000000, 0.9510565162951535300, 1.000000000000000000, 0.9510565162951535300, 1.000000000000000000, 0.9510565162951535300, 1.000000000000000000, 0.9510565162951535300, 1.000000000000000000, 0.9510565162951535300, 1.000000000000000000, 0.9510565162951535300, 1.000000000000000000, 0.9510565162951535300, 1.000000000000000000, 0.9510565162951535300, 1.000000000000000000, 0.9510565162951535300, 1.000000000000000000, 0.9510565162951535300, 1.000000000000000000, 0.9510565162951535300, 1.000000000000000000, 0.9510565162951535300, 1.000000000000000000, 0.9510565162951535300, 1.000000000000000000, 0.9510565162951535300, 1.000000000000000000, 0.9510565162951535300, 1.000000000000000000, 0.9510565162951535300, 1.000000000000000000, 0.9510565162951535300, 1.000000000000000000, 0.9510565162951535300, 1.000000000000000000, 0.9510565162951535300, 1.000000000000000000, 0.9510565162951535300, 1.000000000000000000, 0.9510565162951535300, 1.000000000000000000, 0.9510565162951535300, 1.000000000000000000, 0.9510565162951535300, 1.000000000000000000, 0.9510565162951535300, 1.000000000000000000, 0.9510565162951535300, 1.000000000000000000, 0.9510565162951535300, 1.000000000000000000, 0.9510565162951535300, 1.000000000000000000, 0.9510565162951535300, 1.000000000000000000, 0.9510565162951535300, 1.000000000000000000, 0.9510565162951535300, 1.000000000000000000, 0.9510565162951535300, 1.000000000000000000, 0.9510565162951535300, 1.000000000000000000, 0.9510565162951535300, 1.000000000000000000, 0.9510565162951535300, 1.000000000000000000, 0.9510565162951535300, 1.000000000000000000, 0.9510565162951535300, 1.000000000000000000, 0.9510565162951535300, 1.000000000000000000, 0.9510565162951535300, 1.000000000000000000, 0.9510565162951535300, 1.000000000000000000, 0.9510565162951535300, 1.000000000000000000, 0.9510565162951535300, 1.000000000000000000, 0.9510565162951535300, 1.000000000000000000, 0.9510565162951535300, 1.000000000000000000, 0.9510565162951535300, 1.000000000000000000, 0.9510565162951535300, 1.000000000000000000, 0.9510565162951535300, 1.000000000000000000, 0.9510565162951535300, 1.000000000000000000, 0.9510565162951535300, 1.000000000000000000, 0.9510565162951535300, 1.000000000000000000, 0.9510565162951535300, 1.000000000000000000, 0.9510565162951535300, 1.000000000000000000, 0.9510565162951535300, 1.000000000000000000, 0.9510565162951535300, 1.000000000000000000, 0.9510565162951535300, 1.000000000000000000, 0.9510565162951535300, 1.000000000000000000, 0.9510565162951535300, 1.000000000000000000, 0.9510565162951535300, 1.000000000000000000, 0.9510565162951535300, 1.000000000000000000, 0.9510565162951535300, 1.000000000000000000, 0.9510565162951535300, 1.000000000000000000, 0.9510565162951535300, 1.000000000000000000, 0.9510565162951535300, 1.000000000000000000, 0.9510565162951535300, 1.000000000000000000, 0.9510565162951535300, 1.000000000000000000, 0.9510565162951535300, 1.000000000000000000, 0.9510565162951535300, 1.000000000000000000, 0.9510565162951535300, 1.000000000000000000, 0.9510565162951535300, 1.000000000000000000, 0.9510565162951535300, 1.000000000000000000, 0.9510565162951535300, 1.000000000000000000, 0.9510565162951535300, 1.000000000000000000, 0.9510565162951535300, 1.000000000000000000, 0.9510565162951535300, 1.000000000000000000, 0.9510565162951535300, 1.000000000000000000, 0.9510565162951535300, 1.000000000000000000, 0.9510565162951535300, 1.000000000000000000, 0.9510565162951535300, 1.000000000000000000, 0.9510565162951535300, 1.000000000000000000, 0.9510565162951535300, 1.000000000000000000, 0.9510565162951535300, 1.000000000000000000, 0.9510565162951535300, 1.000000000000000000, 0.9510565162951535300, 1.000000000000000000, 0.9510565162951535300, 1.000000000000000000, 0.9510565162951535300, 1.000000000000000000, 0.9510565162951535300, 1.000000000000000000, 0.9510565162951535300, 1.000000000000000000, 0.9510565162951535300, 1.000000000000000000, 0.9510565162951535300, 1.000000000000000000, 0.9510565162951535300, 1.000000000000000000, 0.9510565162951535300, 1.000000000000000000, 0.9510565162951535300, 1.000000000000000000, 0.9510565162951535300, 1.000000000000000000, 0.9510565162951535300, 1.000000000000000000, 0.9510565162951535300, 1.000000000000000000, 0.9510565162951535300, 1.000000000000000000, 0.9510565162951535300, 1.000000000000000000, 0.9510565162951535300, 1.000000000000000000, 0.9510565162951535300, 1.000000000000000000, 0.9510565162951535300, 1.000000000000000000, 0.9510565162951535300, 1.000000000000000000, 0.9510565162951535300, 1.000000000000000000, 0.9510565162951535300, 1.000000000000000000, 0.9510565162951535300, 1.000000000000000000, 0.9510565162951535300, 1.000000000000000000, 0.9510565162951535300, 1.000000000000000000, 0.9510565162951535300, 1.000000000000000000, 0.9510565162951535300, 1.000000000000000000, 0.9510565162951535300, 1.000000000000000000, 0.9510565162951535300, 1.000000000000000000, 0.9510565162951535300, 1.000000000000000000, 0.9510565162951535300, 1.000000000000000000, 0.9510565162951535300, 1.000000000000000000, 0.9510565162951535300, 1.000000000000000000, 0.9510565162951535300, 1.000000000000000000, 0.9510565162951535300, 1.000000000000000000, 0.9510565162951535300, 1.000000000000000000, 0.9510565162951535300, 1.000000000000000000, 0.9510565162951535300, 1.000000000000000000, 0.9510565162951535300, 1.000000000000000000, 0.9510565162951535300, 1.000000000000000000, 0.9510565162951535300, 1.000000000000000000, 0.9510565162951535300, 1.000000000000000000, 0.9510565162951535300, 1.000000000000000000, 0.9510565162951535300, 1.000000000000000000, 0.9510565162951535300, 1.000000000000000000, 0.9510565162951535300, 1.000000000000000000, 0.9510565162951535300, 1.000000000000000000, 0.9510565162951535300, 1.000000000000000000, 0.9510565162951535300, 1.000000000000000000, 0.9510565162951535300, 1.000000000000000000, 0.9510565162951535300, 1.000000000000000000, 0.9510565162951535300, 1.000000000000000000, 0.9510565162951535300, 1.000000000000000000, 0.9510565162951535300, 1.000000000000000000, 0.9510565162951535300, 1.000000000000000000, 0.9510565162951535300, 1.000000000000000000, 0.9510565162951535300, 1.000000000000000000, 0.9510565162951535300, 1.000000000000000000, 0.9510565162951535300, 1.000000000000000000, 0.9510565162951535300, 1.000000000000000000, 0.9510565162951535300, 1.000000000000000000, 0.9510565162951535300, 1.000000000000000000, 0.9510565162951535300, 1.000000000000000000, 0.9510565162951535300, 1.000000000000000000, 0.9510565162951535300, 1.000000000000000000, 0.9510565162951535300, 1.000000000000000000, 0.9510565162951535300, 1.000000000000000000, 0.9740114211547553600, 0.9756222765659086100) ) ) 
 REPRESENTATION_ITEM ( '' )  SURFACE ( )  );
#4856 = CARTESIAN_POINT ( 'NONE',  ( 0.2730769230769217700, -0.07725424859373686300, 0.2377641290737883600 ) ) ;
#4857 = ADVANCED_FACE ( 'NONE', ( #5818 ), #2749, .T. ) ;
#4858 = CARTESIAN_POINT ( 'NONE',  ( 0.2615384615384605000, -0.1236296624955716100, -0.1701616322928578600 ) ) ;
#4859 = CARTESIAN_POINT ( 'NONE',  ( -0.1923076923076938400, 1.287908040090921300E-017, -0.2103313446762957200 ) ) ;
#4860 = CARTESIAN_POINT ( 'NONE',  ( 0.5567307692307683600, 0.2583271673440810700, 0.08393558474214604700 ) ) ;
#4861 = AXIS2_PLACEMENT_3D ( 'NONE', #1207, #62, #683 ) ;
#4862 = CARTESIAN_POINT ( 'NONE',  ( -0.06346153846153967900, -0.2000369959355130000, -0.06499595995471003900 ) ) ;
#4863 = CARTESIAN_POINT ( 'NONE',  ( -0.4639423076923097100, 1.636393914928959700E-017, -0.2672434070081726200 ) ) ;
#4864 = CARTESIAN_POINT ( 'NONE',  ( 0.5288461538461531900, 1.019512660844868800E-015, -0.2500000000000000000 ) ) ;
#4865 = CARTESIAN_POINT ( 'NONE',  ( 0.3499999999999988700, -0.07725424859373686300, 0.2377641290737883600 ) ) ;
#4866 = CARTESIAN_POINT ( 'NONE',  ( 0.9596153846153842000, 0.1236296624955716700, -0.1701616322928578600 ) ) ;
#4867 = LINE ( 'NONE', #138, #4607 ) ;
#4868 = CARTESIAN_POINT ( 'NONE',  ( 0.8961538461538457500, 0.1618333292155423300, -0.1175787961237839500 ) ) ;
#4869 = CARTESIAN_POINT ( 'NONE',  ( -0.1615384615384629400, 0.1236296624955716000, 0.1701616322928579100 ) ) ;
#4870 = CARTESIAN_POINT ( 'NONE',  ( 1.044230769230769100, 0.2000369959355130000, -0.06499595995470999800 ) ) ;
#4871 = DIRECTION ( 'NONE',  ( 0.0000000000000000000, -0.5000000000000042200, -0.8660254037844362700 ) ) ;
#4872 = CARTESIAN_POINT ( 'NONE',  ( 0.8923076923076916900, 0.1236296624955716700, -0.1701616322928578600 ) ) ;
#4873 = CARTESIAN_POINT ( 'NONE',  ( -0.5136250000000000000, 0.2887499999999999500, 0.01124999999999997900 ) ) ;
#4874 = VECTOR ( 'NONE', #1974, 39.37007874015748100 ) ;
#4875 = CARTESIAN_POINT ( 'NONE',  ( 1.019230769230768700, 0.2499999999999999700, 0.0000000000000000000 ) ) ;
#4876 = CARTESIAN_POINT ( 'NONE',  ( 1.200000000000000000, 0.1236296624955716500, -0.1701616322928578600 ) ) ;
#4877 = EDGE_CURVE ( 'NONE', #5514, #5192, #1751, .T. ) ;
#4878 = B_SPLINE_CURVE_WITH_KNOTS ( 'NONE', 3,
 ( #2063, #4315, #2015, #3155, #1446, #3704 ),
 .UNSPECIFIED., .F., .F.,
 ( 4, 2, 4 ),
 ( 3.055527177423060400E-017, 0.0003014487848383183600, 0.0006028975696766061500 ),
 .UNSPECIFIED. ) ;
#4879 = CARTESIAN_POINT ( 'NONE',  ( 0.06041676239649084600, 0.1905832786237417200, -0.1007297766520377200 ) ) ;
#4880 = CARTESIAN_POINT ( 'NONE',  ( 0.1826923076923067700, 1.287908040090921300E-017, -0.2103313446762957200 ) ) ;
#4881 = CARTESIAN_POINT ( 'NONE',  ( 0.8591346153846145500, 0.2541635836720405100, -0.08258275440018626700 ) ) ;
#4882 = ORIENTED_EDGE ( 'NONE', *, *, #5067, .F. ) ;
#4883 = CARTESIAN_POINT ( 'NONE',  ( -0.5156250000000000000, 0.2035159698893429800, -0.3524999999999999800 ) ) ;
#4884 = ORIENTED_EDGE ( 'NONE', *, *, #5675, .F. ) ;
#4885 = CARTESIAN_POINT ( 'NONE',  ( 0.4384615384615375100, 0.2000369959355130000, -0.06499595995471001100 ) ) ;
#4886 = CARTESIAN_POINT ( 'NONE',  ( -0.4653846153846170600, 0.06181483124778577900, 0.1902464884845768400 ) ) ;
#4887 = CARTESIAN_POINT ( 'NONE',  ( 0.6067307692307685200, -0.07982748481806198300, -0.2456837358386569400 ) ) ;
#4888 = CARTESIAN_POINT ( 'NONE',  ( -0.3408653846153864000, -0.1570817334117988500, 0.2162044579042725600 ) ) ;
#4889 = AXIS2_PLACEMENT_3D ( 'NONE', #3936, #5667, #2219 ) ;
#4890 = VERTEX_POINT ( 'NONE', #6956 ) ;
#4891 = CARTESIAN_POINT ( 'NONE',  ( -0.4841390361425062500, 0.2113527196257159500, -0.3739602938254153500 ) ) ;
#4892 = EDGE_LOOP ( 'NONE', ( #2004, #609, #1049, #6223 ) ) ;
#4893 = DIRECTION ( 'NONE',  ( -1.000000000000000000, 0.0000000000000000000, -0.0000000000000000000 ) ) ;
#4894 = CARTESIAN_POINT ( 'NONE',  ( 0.3730769230769219200, -0.2022542485937368100, -0.1469463130731182800 ) ) ;
#4895 = CARTESIAN_POINT ( 'NONE',  ( 0.8057692307692304600, 0.1236296624955716700, -0.1701616322928578600 ) ) ;
#4896 = CARTESIAN_POINT ( 'NONE',  ( 0.7461538461538456100, 0.2000369959355130000, -0.06499595995470999800 ) ) ;
#4897 = CARTESIAN_POINT ( 'NONE',  ( -0.06923076923077047000, -0.1236296624955716800, 0.1701616322928578300 ) ) ;
#4898 = CARTESIAN_POINT ( 'NONE',  ( 1.005769230769230500, -0.2000369959355130200, 0.06499595995470997000 ) ) ;
#4899 = ORIENTED_EDGE ( 'NONE', *, *, #1930, .F. ) ;
#4900 = CARTESIAN_POINT ( 'NONE',  ( 0.9134615384615381000, 5.206953074701259500E-016, -0.2500000000000000600 ) ) ;
#4901 = CARTESIAN_POINT ( 'NONE',  ( 0.8384615384615382600, 0.1236296624955716000, 0.1701616322928579100 ) ) ;
#4902 = DIRECTION ( 'NONE',  ( 0.0000000000000000000, 0.0000000000000000000, -1.000000000000000000 ) ) ;
#4903 = CARTESIAN_POINT ( 'NONE',  ( 0.007326138924230187400, 0.09595520696444591300, -0.2263945340115417200 ) ) ;
#4904 = DIRECTION ( 'NONE',  ( 0.0000000000000000000, 0.0000000000000000000, 1.000000000000000000 ) ) ;
#4905 = VECTOR ( 'NONE', #6298, 39.37007874015748100 ) ;
#4906 = CARTESIAN_POINT ( 'NONE',  ( 0.1865384615384605100, 0.06181483124778582700, -0.1902464884845768100 ) ) ;
#4907 = CARTESIAN_POINT ( 'NONE',  ( 1.032211538461538000, 0.07854086670589938100, 0.2417239324562226500 ) ) ;
#4908 = CARTESIAN_POINT ( 'NONE',  ( 0.4192307692307683500, -0.06181483124778579900, -0.1902464884845768400 ) ) ;
#4909 = CARTESIAN_POINT ( 'NONE',  ( 0.8365384615384611200, 1.312677245723006800E-017, -0.2499999999999999700 ) ) ;
#4910 = CARTESIAN_POINT ( 'NONE',  ( -0.4038461538461555200, 0.2000369959355130500, 0.0000000000000000000 ) ) ;
#4911 = CARTESIAN_POINT ( 'NONE',  ( 0.3144230769230758100, 0.2089910684901025400, -0.1518408992313406100 ) ) ;
#4912 = ORIENTED_EDGE ( 'NONE', *, *, #2597, .F. ) ;
#4913 = CARTESIAN_POINT ( 'NONE',  ( 1.251923076923077100, -0.1236296624955716100, -0.1701616322928578600 ) ) ;
#4914 = LINE ( 'NONE', #3317, #2027 ) ;
#4915 = EDGE_CURVE ( 'NONE', #2617, #5792, #3926, .T. ) ;
#4916 = CARTESIAN_POINT ( 'NONE',  ( -0.1303645440264213900, 0.3076376211678682500, 0.2171560098176254000 ) ) ;
#4917 = CARTESIAN_POINT ( 'NONE',  ( 1.136538461538461500, -0.1545084971874737000, -0.2126627020880100000 ) ) ;
#4918 = CARTESIAN_POINT ( 'NONE',  ( 0.9365384615384613200, -0.2000369959355130000, -0.06499595995471003900 ) ) ;
#4919 = ORIENTED_EDGE ( 'NONE', *, *, #3287, .F. ) ;
#4920 = ORIENTED_EDGE ( 'NONE', *, *, #4153, .T. ) ;
#4921 = CARTESIAN_POINT ( 'NONE',  ( 0.7499999999999995600, 0.2000369959355130500, 0.0000000000000000000 ) ) ;
#4922 = CARTESIAN_POINT ( 'NONE',  ( -0.2346153846153861100, 0.06181483124778577900, 0.1902464884845768400 ) ) ;
#4923 = CARTESIAN_POINT ( 'NONE',  ( 1.074999999999999500, -0.1236296624955716800, 0.1701616322928578300 ) ) ;
#4924 = CYLINDRICAL_SURFACE ( 'NONE', #5385, 0.2500000000000000000 ) ;
#4925 = EDGE_LOOP ( 'NONE', ( #2496, #5871, #5052, #1894 ) ) ;
#4926 = CARTESIAN_POINT ( 'NONE',  ( 0.7153846153846146200, -0.2000369959355130000, -0.06499595995471003900 ) ) ;
#4927 = EDGE_CURVE ( 'NONE', #1857, #51, #3393, .T. ) ;
#4928 = CARTESIAN_POINT ( 'NONE',  ( -0.5136250000000000000, 0.2887499999999999500, -0.01125000000000002000 ) ) ;
#4929 = CARTESIAN_POINT ( 'NONE',  ( 1.036490219940505300, 0.03959611008113401300, 0.2499999999999999200 ) ) ;
#4930 = CARTESIAN_POINT ( 'NONE',  ( 1.165384615384615500, -0.1618333292155423300, 0.1175787961237839400 ) ) ;
#4931 = B_SPLINE_CURVE_WITH_KNOTS ( 'NONE', 3,
 ( #6993, #3034, #4192, #6433, #4088, #1197, #4117, #5867, #727, #1849, #3009, #1254 ),
 .UNSPECIFIED., .F., .F.,
 ( 4, 2, 2, 2, 2, 4 ),
 ( 0.0003400754393376987700, 0.002947248615815789800, 0.005554421792293881000, 0.006858008380532926900, 0.008161594968771971800, 0.01076876814525006300 ),
 .UNSPECIFIED. ) ;
#4932 = CIRCLE ( 'NONE', #381, 0.001999999999999994800 ) ;
#4933 = CARTESIAN_POINT ( 'NONE',  ( 1.024999999999999700, 0.07725424859373679300, 0.2377641290737884100 ) ) ;
#4934 = CARTESIAN_POINT ( 'NONE',  ( -0.1865384615384628500, 0.2000369959355130000, -0.06499595995470999800 ) ) ;
#4935 = CARTESIAN_POINT ( 'NONE',  ( 1.051442307692307200, -0.2541635836720405600, 0.08258275440018624000 ) ) ;
#4936 = AXIS2_PLACEMENT_3D ( 'NONE', #6591, #5436, #7165 ) ;
#4937 = CARTESIAN_POINT ( 'NONE',  ( 0.2846153846153836000, 0.2000369959355130000, -0.06499595995471001100 ) ) ;
#4938 = DIRECTION ( 'NONE',  ( 1.000000000000000000, 0.0000000000000000000, 0.0000000000000000000 ) ) ;
#4939 = CARTESIAN_POINT ( 'NONE',  ( -0.4384615384615400700, -0.2000369959355130000, -0.06499595995471003900 ) ) ;
#4940 = CARTESIAN_POINT ( 'NONE',  ( 0.3413461538461528600, -4.989601562057195500E-017, 0.2716212579567785500 ) ) ;
#4941 = CARTESIAN_POINT ( 'NONE',  ( -0.5122212709119202700, -0.2903174528909419100, 0.2471554212689042700 ) ) ;
#4942 = DIRECTION ( 'NONE',  ( 1.000000000000000000, 0.0000000000000000000, 0.0000000000000000000 ) ) ;
#4943 = DIRECTION ( 'NONE',  ( -0.0000000000000000000, -1.000000000000000000, -0.0000000000000000000 ) ) ;
#4944 = CARTESIAN_POINT ( 'NONE',  ( 0.9749999999999998700, 0.2000369959355130000, 0.06499595995471008100 ) ) ;
#4945 = CARTESIAN_POINT ( 'NONE',  ( 0.7999999999999993800, -0.1236296624955716100, -0.1701616322928578600 ) ) ;
#4946 = CARTESIAN_POINT ( 'NONE',  ( -0.05384615384615514000, -0.2000369959355130000, -0.06499595995471003900 ) ) ;
#4947 = CARTESIAN_POINT ( 'NONE',  ( 1.213461538461538600, 0.1236296624955716000, 0.1701616322928579100 ) ) ;
#4948 = CARTESIAN_POINT ( 'NONE',  ( 0.8769230769230766900, -0.1236296624955716100, -0.1701616322928578600 ) ) ;
#4949 = CARTESIAN_POINT ( 'NONE',  ( 1.194230769230769200, 0.1618333292155423300, -0.1175787961237839500 ) ) ;
#4950 = CARTESIAN_POINT ( 'NONE',  ( -0.4847312943246873700, 0.4284500564287306900, 0.007902733759685736500 ) ) ;
#4951 = CARTESIAN_POINT ( 'NONE',  ( 0.9923076923076917800, 0.1236296624955716000, 0.1701616322928579100 ) ) ;
#4952 =( BOUNDED_CURVE ( )  B_SPLINE_CURVE ( 2, ( #2874, #5746, #3455, #6787, #1693, #3429, #2791, #3485, #4598, #2239, #1173, #5767, #2289 ),
 .UNSPECIFIED., .F., .F. ) 
 B_SPLINE_CURVE_WITH_KNOTS ( ( 3, 2, 2, 2, 2, 2, 3 ),
 ( 0.8349173580099331600, 0.8370912710534114100, 0.8414390971403679100, 0.8457869232273244100, 0.8501347493142809000, 0.8544825754012375100, 0.8566564884447157600 ),
 .UNSPECIFIED. ) 
 CURVE ( )  GEOMETRIC_REPRESENTATION_ITEM ( )  RATIONAL_B_SPLINE_CURVE ( ( 0.9755282581475768200, 0.9755282581475773800, 1.000000000000000000, 0.9510565162951535300, 1.000000000000000000, 0.9510565162951535300, 1.000000000000000000, 0.9510565162951535300, 1.000000000000000000, 0.9510565162951535300, 1.000000000000000000, 0.9755282581475768200, 0.9755282581475768200 ) ) 
 REPRESENTATION_ITEM ( '' )  );
#4953 = CARTESIAN_POINT ( 'NONE',  ( -0.2173076923076937600, -0.2000369959355130000, -0.06499595995471003900 ) ) ;
#4954 = CARTESIAN_POINT ( 'NONE',  ( 0.7322115384615375300, -0.07854086670589945100, 0.2417239324562225900 ) ) ;
#4955 = CARTESIAN_POINT ( 'NONE',  ( 0.1884615384615374000, -0.06181483124778579900, -0.1902464884845768400 ) ) ;
#4956 = EDGE_CURVE ( 'NONE', #2626, #6508, #4116, .T. ) ;
#4957 = DIRECTION ( 'NONE',  ( 0.0000000000000000000, 1.000000000000000000, -1.252096997096120600E-016 ) ) ;
#4958 = CARTESIAN_POINT ( 'NONE',  ( -0.3846153846153861900, -3.863724120272764700E-017, 0.2103313446762957200 ) ) ;
#4959 = CARTESIAN_POINT ( 'NONE',  ( 0.4336538461538451100, -0.2583271673440811200, 0.08393558474214593600 ) ) ;
#4960 = AXIS2_PLACEMENT_3D ( 'NONE', #5606, #364, #2103 ) ;
#4961 = FACE_OUTER_BOUND ( 'NONE', #3962, .T. ) ;
#4962 = CARTESIAN_POINT ( 'NONE',  ( 1.038461538461537900, -4.375590819076688800E-017, 0.2499999999999999700 ) ) ;
#4963 = CARTESIAN_POINT ( 'NONE',  ( 0.3673076923076913900, -0.1545084971874737000, -0.2126627020880100000 ) ) ;
#4964 = CARTESIAN_POINT ( 'NONE',  ( 1.124999999999999800, -0.2500000000000000000, -3.061616997868382400E-017 ) ) ;
#4965 = CARTESIAN_POINT ( 'NONE',  ( 0.6673076923076918200, 0.2000369959355130000, 0.06499595995471008100 ) ) ;
#4966 = CARTESIAN_POINT ( 'NONE',  ( 0.5384615384615377700, -3.863724120272764700E-017, 0.2103313446762957200 ) ) ;
#4967 = CARTESIAN_POINT ( 'NONE',  ( -0.08846153846153982600, 0.1618333292155423300, 0.1175787961237840100 ) ) ;
#4968 = ORIENTED_EDGE ( 'NONE', *, *, #5259, .T. ) ;
#4969 = CARTESIAN_POINT ( 'NONE',  ( 1.186538461538461500, 0.06181483124778582700, -0.1902464884845768100 ) ) ;
#4970 = DIRECTION ( 'NONE',  ( 0.0000000000000000000, 0.0000000000000000000, -1.000000000000000000 ) ) ;
#4971 = CARTESIAN_POINT ( 'NONE',  ( 0.8461538461538455900, -3.863724120272764700E-017, 0.2103313446762957200 ) ) ;
#4972 = CARTESIAN_POINT ( 'NONE',  ( 0.9634615384615382600, 0.1618333292155423300, -0.1175787961237839500 ) ) ;
#4973 = CARTESIAN_POINT ( 'NONE',  ( 0.6057692307692300600, 1.312677245723006800E-017, -0.2499999999999999700 ) ) ;
#4974 = CARTESIAN_POINT ( 'NONE',  ( -0.5156250000000000000, 0.2887499999999999500, -2.062764452313822400E-017 ) ) ;
#4975 = ORIENTED_EDGE ( 'NONE', *, *, #3238, .T. ) ;
#4976 = EDGE_CURVE ( 'NONE', #1500, #5537, #4383, .T. ) ;
#4977 = ORIENTED_EDGE ( 'NONE', *, *, #3148, .T. ) ;
#4978 = B_SPLINE_CURVE_WITH_KNOTS ( 'NONE', 3,
 ( #2509, #3097, #1932, #4179, #3593, #197, #2411, #2430, #6514, #4152, #1959, #5880, #3048, #758, #3021, #7009, #3644, #783, #4805, #4782, #7035, #4230, #1340, #1316, #145, #171, #3671, #6422, #246, #2485, #3571, #716, #1907, #4736, #5325, #7063, #1288, #219, #1361, #5905, #4253, #5927 ),
 .UNSPECIFIED., .F., .F.,
 ( 4, 2, 2, 2, 2, 2, 2, 2, 2, 2, 2, 2, 2, 2, 2, 2, 2, 2, 2, 2, 4 ),
 ( 0.01442445813036881400, 0.01551890142181949800, 0.01606612306754483900, 0.01661334471327018100, 0.01770778800472086800, 0.01880223129617155500, 0.01989667458762223900, 0.02044389623334758000, 0.02099111787907292200, 0.02208556117052360600, 0.02318000446197428900, 0.02372722610769963100, 0.02427444775342497300, 0.02536889104487565600, 0.02646333433632634000, 0.02755777762777702300, 0.02810499927350236500, 0.02865222091922770300, 0.02974666421067838700, 0.03084110750212907100, 0.03193555079357975100 ),
 .UNSPECIFIED. ) ;
#4979 = CARTESIAN_POINT ( 'NONE',  ( -0.5024733332748836400, 0.2564371666416445100, 0.3058377984276646800 ) ) ;
#4980 = CARTESIAN_POINT ( 'NONE',  ( -0.01346153846153967300, 0.06181483124778577900, 0.1902464884845768400 ) ) ;
#4981 = CARTESIAN_POINT ( 'NONE',  ( 0.6514423076923069300, -4.909181744786878600E-017, 0.2672434070081726200 ) ) ;
#4982 = EDGE_LOOP ( 'NONE', ( #7279, #6523, #6949, #2351 ) ) ;
#4983 = CARTESIAN_POINT ( 'NONE',  ( 0.1576923076923066000, -0.06181483124778584100, 0.1902464884845768100 ) ) ;
#4984 = CARTESIAN_POINT ( 'NONE',  ( -0.1012136957216081000, -0.2035159698893455000, -0.3749999999999999400 ) ) ;
#4985 = CARTESIAN_POINT ( 'NONE',  ( -0.4750710673750637700, 0.1816410714965252200, 0.09031577776288679500 ) ) ;
#4986 = CARTESIAN_POINT ( 'NONE',  ( 0.4067307692307681700, 0.2089910684901024900, 0.1518408992313406700 ) ) ;
#4987 = CARTESIAN_POINT ( 'NONE',  ( 0.08592472481693612400, -0.1319904078695482700, 0.1513684962900690400 ) ) ;
#4988 = TOROIDAL_SURFACE ( 'NONE', #5844, 0.3134877234128604100, 0.01250000000000000100 ) ;
#4989 = CARTESIAN_POINT ( 'NONE',  ( -0.5156250000000000000, 0.2887499999999999500, -0.01125000000000002000 ) ) ;
#4990 = CARTESIAN_POINT ( 'NONE',  ( 0.6307692307692300800, -0.2000369959355130200, 0.06499595995470997000 ) ) ;
#4991 = CARTESIAN_POINT ( 'NONE',  ( -0.4576923076923095600, -0.06181483124778584100, 0.1902464884845768100 ) ) ;
#4992 = LOCAL_TIME ( 7, 43, 58.00000000000000000, #2824 ) ;
#4993 = CARTESIAN_POINT ( 'NONE',  ( 0.9403846153846151500, -0.1618333292155423300, -0.1175787961237840000 ) ) ;
#4994 = ORIENTED_EDGE ( 'NONE', *, *, #1690, .F. ) ;
#4995 = CARTESIAN_POINT ( 'NONE',  ( 0.1480769230769218000, 0.07725424859373684900, -0.2377641290737883800 ) ) ;
#4996 = CARTESIAN_POINT ( 'NONE',  ( 0.5730769230769224800, -0.06181483124778579900, -0.1902464884845768400 ) ) ;
#4997 = CARTESIAN_POINT ( 'NONE',  ( 0.9557692307692304800, 0.06181483124778582700, -0.1902464884845768100 ) ) ;
#4998 = CARTESIAN_POINT ( 'NONE',  ( 0.5711538461538453500, -0.07725424859373689100, 0.2377641290737883800 ) ) ;
#4999 = CARTESIAN_POINT ( 'NONE',  ( 0.6096153846153838900, 0.07725424859373684900, -0.2377641290737883800 ) ) ;
#5000 = LINE ( 'NONE', #4584, #4464 ) ;
#5001 = CARTESIAN_POINT ( 'NONE',  ( 0.07932692307692225400, -1.686790260754063900E-015, 0.2042005796075541700 ) ) ;
#5002 = AXIS2_PLACEMENT_3D ( 'NONE', #1329, #2539, #1397 ) ;
#5003 = ORIENTED_EDGE ( 'NONE', *, *, #1455, .T. ) ;
#5004 = CARTESIAN_POINT ( 'NONE',  ( -0.1211538461538475000, 0.06181483124778582700, -0.1902464884845768100 ) ) ;
#5005 = CARTESIAN_POINT ( 'NONE',  ( 0.6283653846153836000, 0.2541635836720405100, -0.08258275440018626700 ) ) ;
#5006 = CARTESIAN_POINT ( 'NONE',  ( 0.1961538461538450700, 0.06181483124778582700, -0.1902464884845768100 ) ) ;
#5007 = CIRCLE ( 'NONE', #3557, 0.3749999999999999400 ) ;
#5008 = CARTESIAN_POINT ( 'NONE',  ( 0.8634615384615381700, 0.2022542485937368100, 0.1469463130731183400 ) ) ;
#5009 = CARTESIAN_POINT ( 'NONE',  ( 0.1999999999999986200, -0.1545084971874737300, 0.2126627020880099400 ) ) ;
#5010 = CARTESIAN_POINT ( 'NONE',  ( 0.4528846153846144400, -0.07982748481806198300, -0.2456837358386569400 ) ) ;
#5011 = EDGE_LOOP ( 'NONE', ( #6906, #4717, #7213, #7103 ) ) ;
#5012 = CARTESIAN_POINT ( 'NONE',  ( 0.3480769230769222300, 0.1618333292155423300, -0.1175787961237839500 ) ) ;
#5013 = AXIS2_PLACEMENT_3D ( 'NONE', #6193, #1036, #2778 ) ;
#5014 = CARTESIAN_POINT ( 'NONE',  ( 0.5038461538461527200, -0.07725424859373686300, 0.2377641290737883600 ) ) ;
#5015 = CYLINDRICAL_SURFACE ( 'NONE', #7176, 0.2500000000000000000 ) ;
#5016 = CARTESIAN_POINT ( 'NONE',  ( 0.5769230769230760900, 1.287908040090921300E-017, -0.2103313446762957200 ) ) ;
#5017 = CARTESIAN_POINT ( 'NONE',  ( -0.3884615384615401900, 0.06181483124778577900, 0.1902464884845768400 ) ) ;
#5018 = VERTEX_POINT ( 'NONE', #2406 ) ;
#5019 = CARTESIAN_POINT ( 'NONE',  ( 0.8673076923076920000, -0.1236296624955716100, -0.1701616322928578600 ) ) ;
#5020 = EDGE_CURVE ( 'NONE', #5498, #3447, #6163, .T. ) ;
#5021 = CARTESIAN_POINT ( 'NONE',  ( 0.5076923076923070000, 0.1236296624955716700, -0.1701616322928578600 ) ) ;
#5022 = CARTESIAN_POINT ( 'NONE',  ( 0.4884615384615373900, 0.2022542485937368100, 0.1469463130731183400 ) ) ;
#5023 = EDGE_CURVE ( 'NONE', #3614, #3828, #6432, .T. ) ;
#5024 = CARTESIAN_POINT ( 'NONE',  ( 1.144230769230769200, -3.863724120272764700E-017, 0.2103313446762957200 ) ) ;
#5025 = CARTESIAN_POINT ( 'NONE',  ( 1.157692307692307400, 0.07725424859373684900, -0.2377641290737883600 ) ) ;
#5026 = CARTESIAN_POINT ( 'NONE',  ( 0.6384615384615376400, 0.2499999999999999200, 0.08122992405822664100 ) ) ;
#5027 = ADVANCED_FACE ( 'NONE', ( #1862 ), #2570, .T. ) ;
#5028 = CARTESIAN_POINT ( 'NONE',  ( 0.001923076923075652300, -0.1618333292155423300, 0.1175787961237839400 ) ) ;
#5029 = CARTESIAN_POINT ( 'NONE',  ( 0.6052884615384606100, -0.1570817334117988200, -0.2162044579042725600 ) ) ;
#5030 = AXIS2_PLACEMENT_3D ( 'NONE', #2699, #3296, #6676 ) ;
#5031 = CARTESIAN_POINT ( 'NONE',  ( 0.2115384615384605100, 0.2000369959355130500, 0.0000000000000000000 ) ) ;
#5032 = CARTESIAN_POINT ( 'NONE',  ( -0.1012136957216079300, -0.2230015414744929100, -0.3637499999999999600 ) ) ;
#5033 = CARTESIAN_POINT ( 'NONE',  ( 0.2307692307692294500, 1.750236327630675500E-017, -0.2499999999999999700 ) ) ;
#5034 = CARTESIAN_POINT ( 'NONE',  ( 0.2221153846153834400, -0.07982748481806198300, -0.2456837358386569400 ) ) ;
#5035 = CARTESIAN_POINT ( 'NONE',  ( 1.218107904486481300, -0.1745791072629607800, 0.1416002434827889300 ) ) ;
#5036 = CARTESIAN_POINT ( 'NONE',  ( 0.5365384615384608500, -0.1236296624955716700, 0.1701616322928578600 ) ) ;
#5037 = CARTESIAN_POINT ( 'NONE',  ( 0.3749999999999990600, 1.312677245723006800E-017, -0.2499999999999999700 ) ) ;
#5038 = CARTESIAN_POINT ( 'NONE',  ( 0.3052884615384602900, 1.636393914928959700E-017, -0.2672434070081726200 ) ) ;
#5039 = CARTESIAN_POINT ( 'NONE',  ( 1.242270696372179700, -0.1976072548276477900, -0.03108331678546405800 ) ) ;
#5040 = CARTESIAN_POINT ( 'NONE',  ( 0.6461538461538456300, -0.1236296624955716100, -0.1701616322928578600 ) ) ;
#5041 = CARTESIAN_POINT ( 'NONE',  ( -0.3423076923076939200, 0.06181483124778582700, -0.1902464884845768100 ) ) ;
#5042 = CARTESIAN_POINT ( 'NONE',  ( 0.9365384615384613200, -0.2000369959355130000, -0.06499595995471003900 ) ) ;
#5043 =( BOUNDED_CURVE ( )  B_SPLINE_CURVE ( 2, ( #3896, #5155, #1038, #483, #1609, #5633, #2178, #6196, #3920, #4510, #6321, #2943, #68 ),
 .UNSPECIFIED., .F., .F. ) 
 B_SPLINE_CURVE_WITH_KNOTS ( ( 3, 2, 2, 2, 2, 2, 3 ),
 ( 0.8131782275751504600, 0.8153521406186288200, 0.8196999667055853100, 0.8240477927925418100, 0.8283956188794983100, 0.8327434449664548000, 0.8349173580099331600 ),
 .UNSPECIFIED. ) 
 CURVE ( )  GEOMETRIC_REPRESENTATION_ITEM ( )  RATIONAL_B_SPLINE_CURVE ( ( 0.9755282581475768200, 0.9755282581475761500, 1.000000000000000000, 0.9510565162951535300, 1.000000000000000000, 0.9510565162951535300, 1.000000000000000000, 0.9510565162951535300, 1.000000000000000000, 0.9510565162951535300, 1.000000000000000000, 0.9755282581475761500, 0.9755282581475768200 ) ) 
 REPRESENTATION_ITEM ( '' )  );
#5044 = CARTESIAN_POINT ( 'NONE',  ( 0.4999999999999991700, 1.287908040090921300E-017, -0.2103313446762957200 ) ) ;
#5045 = DIRECTION ( 'NONE',  ( 0.0000000000000000000, 0.0000000000000000000, -1.000000000000000000 ) ) ;
#5046 = CARTESIAN_POINT ( 'NONE',  ( 1.055769230769230600, 0.1618333292155423300, 0.1175787961237840100 ) ) ;
#5047 = CARTESIAN_POINT ( 'NONE',  ( 1.190336373786659700, 0.03959611008113204900, 0.2500000000000006700 ) ) ;
#5048 = VECTOR ( 'NONE', #4560, 39.37007874015748100 ) ;
#5049 = DIRECTION ( 'NONE',  ( -1.000000000000000000, -0.0000000000000000000, -0.0000000000000000000 ) ) ;
#5050 = CARTESIAN_POINT ( 'NONE',  ( -0.4288461538461553800, 0.06181483124778582700, -0.1902464884845768100 ) ) ;
#5051 = CARTESIAN_POINT ( 'NONE',  ( 0.6745192307692299300, -0.2541635836720405100, -0.08258275440018630900 ) ) ;
#5052 = ORIENTED_EDGE ( 'NONE', *, *, #644, .F. ) ;
#5053 = CARTESIAN_POINT ( 'NONE',  ( 0.1615384615384603800, -0.1236296624955716700, 0.1701616322928578600 ) ) ;
#5054 = EDGE_CURVE ( 'NONE', #2675, #5362, #6257, .T. ) ;
#5055 = CARTESIAN_POINT ( 'NONE',  ( 0.2211538461538450600, 1.312677245723006800E-017, -0.2499999999999999700 ) ) ;
#5056 = CARTESIAN_POINT ( 'NONE',  ( 0.1298076923076910700, -0.2583271673440810700, -3.163595386207315100E-017 ) ) ;
#5057 = CARTESIAN_POINT ( 'NONE',  ( -0.5156250000000001100, -0.3333841949879522400, -0.1725616358404172000 ) ) ;
#5058 = ADVANCED_FACE ( 'NONE', ( #4749 ), #6961, .T. ) ;
#5059 = ORIENTED_EDGE ( 'NONE', *, *, #5502, .T. ) ;
#5060 = VERTEX_POINT ( 'NONE', #4045 ) ;
#5061 = CARTESIAN_POINT ( 'NONE',  ( 0.4480769230769222600, 0.06181483124778577900, 0.1902464884845768400 ) ) ;
#5062 = CARTESIAN_POINT ( 'NONE',  ( 0.3557692307692297800, -0.2500000000000000000, -3.061616997868382400E-017 ) ) ;
#5063 = CARTESIAN_POINT ( 'NONE',  ( 0.2783653846153834000, -0.2056226585419196600, 0.1493936061522294100 ) ) ;
#5064 = DIRECTION ( 'NONE',  ( 0.0000000000000000000, 0.0000000000000000000, 1.000000000000000000 ) ) ;
#5065 = CARTESIAN_POINT ( 'NONE',  ( 0.6115384615384609200, 0.06181483124778577900, 0.1902464884845768400 ) ) ;
#5066 = CARTESIAN_POINT ( 'NONE',  ( 1.318269230769230700, 0.2583271673440810700, -0.08393558474214596300 ) ) ;
#5067 = EDGE_CURVE ( 'NONE', #6931, #3290, #3702, .T. ) ;
#5068 = CARTESIAN_POINT ( 'NONE',  ( 0.8326923076923072900, 0.06181483124778577900, 0.1902464884845768400 ) ) ;
#5069 = ORIENTED_EDGE ( 'NONE', *, *, #1641, .T. ) ;
#5070 = ORIENTED_EDGE ( 'NONE', *, *, #6715, .F. ) ;
#5071 = CARTESIAN_POINT ( 'NONE',  ( -0.1103845176744509300, -0.4098669727682107700, 0.04008957882100929600 ) ) ;
#5072 = CARTESIAN_POINT ( 'NONE',  ( 0.5769230769230760900, 1.287908040090921300E-017, -0.2103313446762957200 ) ) ;
#5073 = CARTESIAN_POINT ( 'NONE',  ( 0.4615384615384604500, 1.023888251663945400E-015, -0.2499999999999999700 ) ) ;
#5074 = CARTESIAN_POINT ( 'NONE',  ( 0.7326923076923073100, 0.1618333292155423300, -0.1175787961237839500 ) ) ;
#5075 = CARTESIAN_POINT ( 'NONE',  ( 1.159615384615384500, 0.2500000000000000600, -0.08122992405822657100 ) ) ;
#5076 = CARTESIAN_POINT ( 'NONE',  ( 0.6942307692307685400, 0.2022542485937368600, -0.1469463130731182800 ) ) ;
#5077 = CARTESIAN_POINT ( 'NONE',  ( -0.1596153846153859400, -0.06181483124778584100, 0.1902464884845768100 ) ) ;
#5078 = ORIENTED_EDGE ( 'NONE', *, *, #1601, .F. ) ;
#5079 = B_SPLINE_CURVE_WITH_KNOTS ( 'NONE', 3,
 ( #3492, #6417, #113, #2380, #4659, #6391, #2987, #1753, #6874, #2965, #1206, #5226, #5849, #1782, #1236, #6925, #5774, #1725, #2327, #578, #5800, #5274, #657, #2405, #6899, #2349, #2909, #6367 ),
 .UNSPECIFIED., .F., .F.,
 ( 4, 2, 2, 2, 2, 2, 2, 2, 2, 2, 2, 2, 2, 4 ),
 ( 0.0000000000000000000, 0.001803057266296099800, 0.003606114532592199600, 0.004507643165740249200, 0.005409171798888300100, 0.006310700432036351000, 0.007212229065184401800, 0.009015286331480505300, 0.009916814964628557100, 0.01081834359777660700, 0.01171987223092466100, 0.01262140086407271100, 0.01352292949722076400, 0.01442445813036881400 ),
 .UNSPECIFIED. ) ;
#5080 = CARTESIAN_POINT ( 'NONE',  ( -0.4673076923076940900, -0.06181483124778584100, 0.1902464884845768100 ) ) ;
#5081 = CARTESIAN_POINT ( 'NONE',  ( 0.5168269230769220200, -0.2541635836720405100, -3.112606192037848400E-017 ) ) ;
#5082 = CARTESIAN_POINT ( 'NONE',  ( 0.7596153846153840300, 1.312677245723006800E-017, -0.2499999999999999700 ) ) ;
#5083 = CARTESIAN_POINT ( 'NONE',  ( 0.8749999999999996700, -4.813149900984358400E-017, 0.2499999999999999700 ) ) ;
#5084 = DIRECTION ( 'NONE',  ( 0.0000000000000000000, -0.8660254037844369300, 0.5000000000000027800 ) ) ;
#5085 = CARTESIAN_POINT ( 'NONE',  ( 0.2874999999999989200, -0.2583271673440810700, -0.08393558474214601900 ) ) ;
#5086 = CARTESIAN_POINT ( 'NONE',  ( 0.03159384647069344400, -0.2052427072220526200, 0.1079076691877716200 ) ) ;
#5087 = FACE_OUTER_BOUND ( 'NONE', #1124, .T. ) ;
#5088 =( BOUNDED_CURVE ( )  B_SPLINE_CURVE ( 2, ( #2076, #6087, #4999, #401, #2648, #6645, #5553, #2673, #7241, #3838, #6791, #7392, #1026 ),
 .UNSPECIFIED., .F., .F. ) 
 B_SPLINE_CURVE_WITH_KNOTS ( ( 3, 2, 2, 2, 2, 2, 3 ),
 ( 0.5957869200109473500, 0.5979608330544256000, 0.6023086591413822100, 0.6066564852283387000, 0.6110043113152952000, 0.6153521374022517000, 0.6175260504457299500 ),
 .UNSPECIFIED. ) 
 CURVE ( )  GEOMETRIC_REPRESENTATION_ITEM ( )  RATIONAL_B_SPLINE_CURVE ( ( 0.9755282581475767100, 0.9755282581475767100, 1.000000000000000000, 0.9510565162951534200, 1.000000000000000000, 0.9510565162951534200, 1.000000000000000000, 0.9510565162951534200, 1.000000000000000000, 0.9510565162951534200, 1.000000000000000000, 0.9755282581475767100, 0.9755282581475767100 ) ) 
 REPRESENTATION_ITEM ( '' )  );
#5089 = PERSON_AND_ORGANIZATION ( #4554, #5705 ) ;
#5090 = CARTESIAN_POINT ( 'NONE',  ( 0.4019230769230761600, -0.1618333292155423300, -0.1175787961237840000 ) ) ;
#5091 = CARTESIAN_POINT ( 'NONE',  ( 0.3360576923076911100, 0.1570817334117987900, 0.2162044579042725600 ) ) ;
#5092 = CARTESIAN_POINT ( 'NONE',  ( -0.5019382090275015300, -0.1363289194126434100, 0.3749999999999996700 ) ) ;
#5093 = ORIENTED_EDGE ( 'NONE', *, *, #3132, .F. ) ;
#5094 = CARTESIAN_POINT ( 'NONE',  ( 0.2846153846153836000, 0.2000369959355130000, -0.06499595995470999800 ) ) ;
#5095 = CARTESIAN_POINT ( 'NONE',  ( -0.4307692307692322900, -0.1236296624955716100, -0.1701616322928578600 ) ) ;
#5096 = CARTESIAN_POINT ( 'NONE',  ( 0.5442307692307685200, -0.2000369959355130200, 0.06499595995470997000 ) ) ;
#5097 = CARTESIAN_POINT ( 'NONE',  ( 0.8019230769230765200, 0.06181483124778582700, -0.1902464884845768100 ) ) ;
#5098 = CYLINDRICAL_SURFACE ( 'NONE', #4960, 0.2500000000000000000 ) ;
#5099 = DIRECTION ( 'NONE',  ( 0.0000000000000000000, 0.0000000000000000000, 1.000000000000000000 ) ) ;
#5100 = ORIENTED_EDGE ( 'NONE', *, *, #1582, .T. ) ;
#5101 = CARTESIAN_POINT ( 'NONE',  ( 0.3307692307692297100, -0.2000369959355130000, -0.06499595995471003900 ) ) ;
#5102 = CARTESIAN_POINT ( 'NONE',  ( 0.7519230769230765800, 0.1236296624955716000, 0.1701616322928579100 ) ) ;
#5103 = CARTESIAN_POINT ( 'NONE',  ( 0.07065280342913417300, -0.1357982268180829000, 0.1597235655250379700 ) ) ;
#5104 = CARTESIAN_POINT ( 'NONE',  ( -0.1673076923076937400, 0.06181483124778577900, 0.1902464884845768400 ) ) ;
#5105 = CIRCLE ( 'NONE', #5002, 0.002000000000000001800 ) ;
#5106 = AXIS2_PLACEMENT_3D ( 'NONE', #7060, #3642, #2508 ) ;
#5107 = CARTESIAN_POINT ( 'NONE',  ( -0.2826923076923090700, -0.06181483124778579900, -0.1902464884845768400 ) ) ;
#5108 = CARTESIAN_POINT ( 'NONE',  ( 0.5668269230769219500, 0.1570817334117987900, 0.2162044579042725600 ) ) ;
#5109 = ORIENTED_EDGE ( 'NONE', *, *, #6865, .F. ) ;
#5110 = CARTESIAN_POINT ( 'NONE',  ( 1.250000000000000000, 0.0000000000000000000, 0.2500000000000000000 ) ) ;
#5111 = CARTESIAN_POINT ( 'NONE',  ( -0.5136250000000000000, -0.04088221420742550700, -0.09331007213317422900 ) ) ;
#5112 = CARTESIAN_POINT ( 'NONE',  ( -0.1276680061935342200, -0.2904508736010749700, -0.2469243298201721200 ) ) ;
#5113 = CARTESIAN_POINT ( 'NONE',  ( 0.04903846153846026100, -0.2583271673440811200, 0.08393558474214593600 ) ) ;
#5114 = CARTESIAN_POINT ( 'NONE',  ( 0.03339851475749161500, -0.2215590735447975400, 0.06610614251367272200 ) ) ;
#5115 = FACE_OUTER_BOUND ( 'NONE', #5416, .T. ) ;
#5116 = CARTESIAN_POINT ( 'NONE',  ( 0.5326923076923070200, -0.06181483124778584100, 0.1902464884845768100 ) ) ;
#5117 = CARTESIAN_POINT ( 'NONE',  ( 0.4668269230769220800, 0.1570817334117988200, -0.2162044579042725600 ) ) ;
#5118 = CARTESIAN_POINT ( 'NONE',  ( 1.063461538461538200, -0.07725424859373683500, -0.2377641290737884100 ) ) ;
#5119 = CARTESIAN_POINT ( 'NONE',  ( 0.4461538461538454000, 0.2000369959355130000, 0.06499595995471008100 ) ) ;
#5120 = CARTESIAN_POINT ( 'NONE',  ( 1.087499999999999700, 0.2583271673440810700, -0.08393558474214596300 ) ) ;
#5121 = CARTESIAN_POINT ( 'NONE',  ( 0.5942307692307686700, 0.1618333292155423300, 0.1175787961237840100 ) ) ;
#5122 = CARTESIAN_POINT ( 'NONE',  ( 0.5442307692307685200, -0.2000369959355130200, 0.06499595995470997000 ) ) ;
#5123 = CARTESIAN_POINT ( 'NONE',  ( 1.057692307692307000, -0.2499999999999999700, -3.061616997868382400E-017 ) ) ;
#5124 = CARTESIAN_POINT ( 'NONE',  ( 0.4230769230769223000, 1.287908040090921300E-017, -0.2103313446762957200 ) ) ;
#5125 = CARTESIAN_POINT ( 'NONE',  ( 0.8173076923076919600, 0.2000369959355130500, 0.0000000000000000000 ) ) ;
#5126 = CARTESIAN_POINT ( 'NONE',  ( 0.07425556947074482500, -0.1624311707535215400, 0.1287056797952745600 ) ) ;
#5127 = CARTESIAN_POINT ( 'NONE',  ( -0.1557692307692321900, -0.1236296624955716800, 0.1701616322928578300 ) ) ;
#5128 = B_SPLINE_CURVE_WITH_KNOTS ( 'NONE', 3,
 ( #6577, #4276, #6675, #6113, #6092, #2678 ),
 .UNSPECIFIED., .F., .F.,
 ( 4, 2, 4 ),
 ( 2.981063114430235300E-018, 0.0003014487848383059500, 0.0006028975696766088600 ),
 .UNSPECIFIED. ) ;
#5129 = CARTESIAN_POINT ( 'NONE',  ( -0.2326923076923090600, -0.1236296624955716800, 0.1701616322928578300 ) ) ;
#5130 = CARTESIAN_POINT ( 'NONE',  ( 0.2384615384615372000, 0.1545084971874737000, -0.2126627020880099400 ) ) ;
#5131 = CARTESIAN_POINT ( 'NONE',  ( -0.2240384615384631900, 0.2089910684901025400, -0.1518408992313406100 ) ) ;
#5132 = CARTESIAN_POINT ( 'NONE',  ( 0.1759615384615372000, 0.2089910684901024900, 0.1518408992313406700 ) ) ;
#5133 = CARTESIAN_POINT ( 'NONE',  ( 0.09423076923076814700, -0.1618333292155423300, -0.1175787961237840000 ) ) ;
#5134 = CARTESIAN_POINT ( 'NONE',  ( 0.4706730769230758100, 0.2056226585419196600, -0.1493936061522294400 ) ) ;
#5135 = CARTESIAN_POINT ( 'NONE',  ( 0.3576923076923068100, 0.1618333292155423300, -0.1175787961237839500 ) ) ;
#5136 = CARTESIAN_POINT ( 'NONE',  ( 1.164423076923076300, 0.2583271673440810700, -0.08393558474214596300 ) ) ;
#5137 = CARTESIAN_POINT ( 'NONE',  ( 0.5634615384615379000, -0.06181483124778579900, -0.1902464884845768400 ) ) ;
#5138 = VECTOR ( 'NONE', #115, 39.37007874015748100 ) ;
#5139 = CARTESIAN_POINT ( 'NONE',  ( 0.6634615384615378800, 0.2000369959355130500, 0.0000000000000000000 ) ) ;
#5140 = CARTESIAN_POINT ( 'NONE',  ( 0.1826923076923065400, -4.813149900984358400E-017, 0.2499999999999999700 ) ) ;
#5141 = CARTESIAN_POINT ( 'NONE',  ( 0.2576923076923066100, -0.1618333292155423300, -0.1175787961237840000 ) ) ;
#5142 = CARTESIAN_POINT ( 'NONE',  ( 0.9519230769230767600, 1.287908040090921200E-017, -0.2103313446762957200 ) ) ;
#5143 = CARTESIAN_POINT ( 'NONE',  ( 0.07783382757342793800, -0.1830942474418156600, 0.09334197278904304800 ) ) ;
#5144 = VERTEX_POINT ( 'NONE', #5801 ) ;
#5145 = CARTESIAN_POINT ( 'NONE',  ( -0.2557692307692321900, 0.2000369959355130000, 0.06499595995471008100 ) ) ;
#5146 = CARTESIAN_POINT ( 'NONE',  ( -0.3750000000000016100, -0.2000369959355130500, -2.449746667834781800E-017 ) ) ;
#5147 = CARTESIAN_POINT ( 'NONE',  ( 0.9749999999999998700, -0.2500000000000000600, -0.08122992405822662700 ) ) ;
#5148 = ORIENTED_EDGE ( 'NONE', *, *, #2995, .F. ) ;
#5149 = CARTESIAN_POINT ( 'NONE',  ( 0.3826923076923067200, 0.1545084971874737300, -0.2126627020880100000 ) ) ;
#5150 = CARTESIAN_POINT ( 'NONE',  ( 0.2538461538461525600, 0.2499999999999999200, 0.08122992405822664100 ) ) ;
#5151 = VERTEX_POINT ( 'NONE', #5205 ) ;
#5152 = CARTESIAN_POINT ( 'NONE',  ( -0.2317307692307709900, 0.07982748481806199700, -0.2456837358386569100 ) ) ;
#5153 = CARTESIAN_POINT ( 'NONE',  ( -0.06250000000000158200, 0.2583271673440810700, 0.0000000000000000000 ) ) ;
#5154 = AXIS2_PLACEMENT_3D ( 'NONE', #1749, #5270, #5771 ) ;
#5155 = CARTESIAN_POINT ( 'NONE',  ( 0.9250482415979546200, 0.03959611008113308300, -0.2500000000000002200 ) ) ;
#5156 = CARTESIAN_POINT ( 'NONE',  ( 0.1903846153846143800, 0.1236296624955716500, -0.1701616322928578600 ) ) ;
#5157 = CARTESIAN_POINT ( 'NONE',  ( 0.1937499999999987300, -0.07854086670589945100, 0.2417239324562225900 ) ) ;
#5158 = ORIENTED_EDGE ( 'NONE', *, *, #17, .T. ) ;
#5159 = CARTESIAN_POINT ( 'NONE',  ( 0.8461538461538454800, 5.250708982892026900E-016, -0.2500000000000000000 ) ) ;
#5160 = EDGE_CURVE ( 'NONE', #1457, #1931, #2325, .T. ) ;
#5161 = CARTESIAN_POINT ( 'NONE',  ( 0.7692307692307687200, -3.863724120272764700E-017, 0.2103313446762957200 ) ) ;
#5162 = CARTESIAN_POINT ( 'NONE',  ( 0.2461538461538450300, -0.2000369959355130200, 0.06499595995470997000 ) ) ;
#5163 = CARTESIAN_POINT ( 'NONE',  ( 1.214423076923076800, -0.2089910684901024900, -0.1518408992313406400 ) ) ;
#5164 = EDGE_CURVE ( 'NONE', #1649, #2938, #3065, .T. ) ;
#5165 = CARTESIAN_POINT ( 'NONE',  ( 0.5557692307692301300, -0.1618333292155423300, -0.1175787961237840000 ) ) ;
#5166 = CARTESIAN_POINT ( 'NONE',  ( 0.6596153846153839400, 0.2000369959355130000, -0.06499595995470999800 ) ) ;
#5167 = VECTOR ( 'NONE', #7142, 39.37007874015748100 ) ;
#5168 = PLANE ( 'NONE',  #6844 ) ;
#5169 = CARTESIAN_POINT ( 'NONE',  ( 0.4384615384615375100, 0.2000369959355130000, -0.06499595995470999800 ) ) ;
#5170 = CARTESIAN_POINT ( 'NONE',  ( 0.7942307692307688500, -0.06181483124778579900, -0.1902464884845768400 ) ) ;
#5171 = COORDINATED_UNIVERSAL_TIME_OFFSET ( 6, 0, .BEHIND. ) ;
#5172 = AXIS2_PLACEMENT_3D ( 'NONE', #2105, #5653, #6746 ) ;
#5173 = CARTESIAN_POINT ( 'NONE',  ( -0.2288461538461553400, -0.1618333292155423300, 0.1175787961237839400 ) ) ;
#5174 = VERTEX_POINT ( 'NONE', #4800 ) ;
#5175 = CARTESIAN_POINT ( 'NONE',  ( 0.9884132968635825900, -0.03959611008113208400, -0.2500000000000006700 ) ) ;
#5176 =( BOUNDED_CURVE ( )  B_SPLINE_CURVE ( 2, ( #4502, #429, #5025, #6185, #6712, #7288, #6739, #6160, #3883, #452, #4477, #5047, #1600 ),
 .UNSPECIFIED., .F., .F. ) 
 B_SPLINE_CURVE_WITH_KNOTS ( ( 3, 2, 2, 2, 2, 2, 3 ),
 ( 0.9436130101838461300, 0.9457869232273243800, 0.9501347493142808800, 0.9544825754012374900, 0.9588304014881939800, 0.9631782275751504800, 0.9653521406186288400 ),
 .UNSPECIFIED. ) 
 CURVE ( )  GEOMETRIC_REPRESENTATION_ITEM ( )  RATIONAL_B_SPLINE_CURVE ( ( 0.9755282581475768200, 0.9755282581475768200, 1.000000000000000000, 0.9510565162951535300, 1.000000000000000000, 0.9510565162951535300, 1.000000000000000000, 0.9510565162951535300, 1.000000000000000000, 0.9510565162951535300, 1.000000000000000000, 0.9755282581475754900, 0.9755282581475768200 ) ) 
 REPRESENTATION_ITEM ( '' )  );
#5177 = CARTESIAN_POINT ( 'NONE',  ( 0.06538461538461393100, -0.2022542485937368100, -0.1469463130731182800 ) ) ;
#5178 = CIRCLE ( 'NONE', #5435, 0.002000000000000000500 ) ;
#5179 = CARTESIAN_POINT ( 'NONE',  ( 0.5134615384615376400, -0.2500000000000000600, -0.08122992405822662700 ) ) ;
#5180 = CARTESIAN_POINT ( 'NONE',  ( -0.3817307692307709800, 0.1596549696361239700, -0.2197462137205352100 ) ) ;
#5181 = CARTESIAN_POINT ( 'NONE',  ( -0.1817307692307706400, -0.2583271673440811200, 0.08393558474214593600 ) ) ;
#5182 = CARTESIAN_POINT ( 'NONE',  ( -0.5122212709119202700, -0.3592015999473869800, -0.1278445787310956400 ) ) ;
#5183 = VERTEX_POINT ( 'NONE', #2426 ) ;
#5184 = CARTESIAN_POINT ( 'NONE',  ( 0.1557692307692297200, -0.1618333292155423300, 0.1175787961237839400 ) ) ;
#5185 = CARTESIAN_POINT ( 'NONE',  ( 0.5192307692307681600, -0.2499999999999999700, -3.061616997868382400E-017 ) ) ;
#5186 = CARTESIAN_POINT ( 'NONE',  ( 0.1168269230769216800, -0.07854086670589945100, 0.2417239324562225900 ) ) ;
#5187 = CARTESIAN_POINT ( 'NONE',  ( 0.3076923076923064300, 1.750236327630675500E-017, -0.2499999999999999700 ) ) ;
#5188 = CYLINDRICAL_SURFACE ( 'NONE', #1352, 0.2500000000000000000 ) ;
#5189 = CARTESIAN_POINT ( 'NONE',  ( 0.8461538461538455900, -3.863724120272764700E-017, 0.2103313446762957200 ) ) ;
#5190 = CARTESIAN_POINT ( 'NONE',  ( 0.2999999999999989300, 0.1236296624955716000, 0.1701616322928579100 ) ) ;
#5191 = CARTESIAN_POINT ( 'NONE',  ( 1.049038461538461400, -0.2583271673440811200, 0.08393558474214593600 ) ) ;
#5192 = VERTEX_POINT ( 'NONE', #6462 ) ;
#5193 = CARTESIAN_POINT ( 'NONE',  ( 0.4711538461538454200, -0.2000369959355130500, -2.449746667834781800E-017 ) ) ;
#5194 = CARTESIAN_POINT ( 'NONE',  ( 0.7096153846153842000, -0.1618333292155423300, -0.1175787961237840000 ) ) ;
#5195 = CARTESIAN_POINT ( 'NONE',  ( -0.5136250000000000000, 0.1012499999999999900, -0.01124999999999999800 ) ) ;
#5196 = CARTESIAN_POINT ( 'NONE',  ( 0.4038461538461530200, -0.2000369959355130500, -2.449746667834781800E-017 ) ) ;
#5197 = CARTESIAN_POINT ( 'NONE',  ( 0.7288461538461532600, -0.1545084971874737300, 0.2126627020880099700 ) ) ;
#5198 = CARTESIAN_POINT ( 'NONE',  ( 0.6865384615384611000, -0.06181483124778584100, 0.1902464884845768100 ) ) ;
#5199 = CARTESIAN_POINT ( 'NONE',  ( 0.2249999999999988700, 0.07725424859373684900, -0.2377641290737883800 ) ) ;
#5200 = ORIENTED_EDGE ( 'NONE', *, *, #21, .T. ) ;
#5201 = CARTESIAN_POINT ( 'NONE',  ( -0.4442307692307709800, -0.1618333292155423300, -0.1175787961237840000 ) ) ;
#5202 = EDGE_CURVE ( 'NONE', #7354, #2916, #2964, .T. ) ;
#5203 = ADVANCED_FACE ( 'NONE', ( #1139 ), #3591, .F. ) ;
#5204 = AXIS2_PLACEMENT_3D ( 'NONE', #3071, #5878, #4129 ) ;
#5205 = CARTESIAN_POINT ( 'NONE',  ( -0.4857957059411688900, 0.2230015414744918000, 0.3637500000000017400 ) ) ;
#5206 = CARTESIAN_POINT ( 'NONE',  ( 1.211538461538461500, 0.2000369959355130500, 0.0000000000000000000 ) ) ;
#5207 = CARTESIAN_POINT ( 'NONE',  ( 0.2307692307692294500, 1.750236327630675500E-017, -0.2499999999999999700 ) ) ;
#5208 = CARTESIAN_POINT ( 'NONE',  ( -0.03557692307692441500, -0.1596549696361239900, 0.2197462137205351800 ) ) ;
#5209 = CARTESIAN_POINT ( 'NONE',  ( 0.5403846153846145800, 0.2022542485937368600, -0.1469463130731182800 ) ) ;
#5210 = CARTESIAN_POINT ( 'NONE',  ( 0.1942307692307681800, 0.1618333292155423300, -0.1175787961237839500 ) ) ;
#5211 = CARTESIAN_POINT ( 'NONE',  ( 0.6711538461538454300, -0.2022542485937368100, -0.1469463130731182800 ) ) ;
#5212 = CARTESIAN_POINT ( 'NONE',  ( 0.03990384615384464500, -0.07854086670589945100, 0.2417239324562225900 ) ) ;
#5213 = CARTESIAN_POINT ( 'NONE',  ( 0.7499999999999992200, -0.2499999999999999700, -3.061616997868382400E-017 ) ) ;
#5214 = CARTESIAN_POINT ( 'NONE',  ( 0.7730769230769225500, -0.06181483124778584100, 0.1902464884845768100 ) ) ;
#5215 = CARTESIAN_POINT ( 'NONE',  ( 0.02692307692307579700, -0.1618333292155423300, -0.1175787961237840000 ) ) ;
#5216 = CARTESIAN_POINT ( 'NONE',  ( 1.099038461538461200, 0.2089910684901024900, 0.1518408992313406700 ) ) ;
#5217 = CARTESIAN_POINT ( 'NONE',  ( 0.4634615384615377600, -0.1618333292155423300, 0.1175787961237839400 ) ) ;
#5218 = CARTESIAN_POINT ( 'NONE',  ( 0.6057692307692302800, -3.863724120272764700E-017, 0.2103313446762957200 ) ) ;
#5219 = EDGE_CURVE ( 'NONE', #1737, #7217, #2818, .T. ) ;
#5220 = CARTESIAN_POINT ( 'NONE',  ( 0.03461538461538332000, -0.06181483124778579900, -0.1902464884845768400 ) ) ;
#5221 = CARTESIAN_POINT ( 'NONE',  ( -0.5136250000000000000, -0.1363642650149951600, -0.2546898353427560200 ) ) ;
#5222 = CARTESIAN_POINT ( 'NONE',  ( 0.5634615384615379000, -0.06181483124778579900, -0.1902464884845768400 ) ) ;
#5223 = CARTESIAN_POINT ( 'NONE',  ( 0.2576440660943510300, 0.03959611008113402700, 0.2500000000000000600 ) ) ;
#5224 = CARTESIAN_POINT ( 'NONE',  ( 1.238461538461538500, -0.1236296624955716800, 0.1701616322928578300 ) ) ;
#5225 = PRODUCT ( '92979A467_Zinc-Plated Grade 5 Steel Flanged Hex Head Screws', '92979A467_Zinc-Plated Grade 5 Steel Flanged Hex Head Screws', '', ( #3803 ) ) ;
#5226 = CARTESIAN_POINT ( 'NONE',  ( 1.200507694300561900, -0.2331962665198357400, -0.06501937780748832900 ) ) ;
#5227 = LINE ( 'NONE', #7298, #6900 ) ;
#5228 = CARTESIAN_POINT ( 'NONE',  ( 0.03653846153846022900, -0.1545084971874737300, 0.2126627020880099700 ) ) ;
#5229 = CARTESIAN_POINT ( 'NONE',  ( -0.3125000000000016700, 1.663200520685731400E-017, -0.2716212579567785500 ) ) ;
#5230 = CARTESIAN_POINT ( 'NONE',  ( -0.08173076923077067500, 1.663200520685731400E-017, -0.2716212579567785500 ) ) ;
#5231 = CARTESIAN_POINT ( 'NONE',  ( 0.2173076923076913100, 0.06181483124778577900, 0.1902464884845768400 ) ) ;
#5232 = CARTESIAN_POINT ( 'NONE',  ( 0.008398871319617478800, 0.2433199128806297400, 0.03220422633092274300 ) ) ;
#5233 = CARTESIAN_POINT ( 'NONE',  ( 0.04759615384615230300, -0.2056226585419196600, 0.1493936061522294100 ) ) ;
#5234 = CARTESIAN_POINT ( 'NONE',  ( -0.5156250000000000000, -0.2035159698893431200, 0.3524999999999997000 ) ) ;
#5235 = ADVANCED_FACE ( 'NONE', ( #963 ), #4272, .T. ) ;
#5236 = CARTESIAN_POINT ( 'NONE',  ( 0.8846153846153839200, 1.287908040090921200E-017, -0.2103313446762957200 ) ) ;
#5237 = CARTESIAN_POINT ( 'NONE',  ( 0.08846153846153723100, -0.1618333292155423300, 0.1175787961237839400 ) ) ;
#5238 = CARTESIAN_POINT ( 'NONE',  ( 0.8067307692307685900, -0.07982748481806203900, 0.2456837358386569100 ) ) ;
#5239 = CARTESIAN_POINT ( 'NONE',  ( 0.3942307692307685000, -0.2000369959355130500, -2.449746667834781800E-017 ) ) ;
#5240 = CARTESIAN_POINT ( 'NONE',  ( -0.2139423076923094600, 0.2541635836720405100, 0.0000000000000000000 ) ) ;
#5241 = ORIENTED_EDGE ( 'NONE', *, *, #7108, .F. ) ;
#5242 = ORIENTED_EDGE ( 'NONE', *, *, #976, .F. ) ;
#5243 = DIRECTION ( 'NONE',  ( 0.0000000000000000000, -0.8660254037844430400, -0.4999999999999925100 ) ) ;
#5244 = CARTESIAN_POINT ( 'NONE',  ( 0.1038461538461527000, -0.1618333292155423300, -0.1175787961237840000 ) ) ;
#5245 = CARTESIAN_POINT ( 'NONE',  ( 0.9076923076923071300, -0.2499999999999999200, -0.08122992405822658500 ) ) ;
#5246 = CARTESIAN_POINT ( 'NONE',  ( 0.6596153846153839400, 0.2000369959355130000, -0.06499595995471001100 ) ) ;
#5247 = CARTESIAN_POINT ( 'NONE',  ( 1.242307692307692300, -0.1618333292155423300, 0.1175787961237839400 ) ) ;
#5248 = VERTEX_POINT ( 'NONE', #7098 ) ;
#5249 = ORIENTED_EDGE ( 'NONE', *, *, #7061, .T. ) ;
#5250 = DIRECTION ( 'NONE',  ( 0.0000000000000000000, 0.0000000000000000000, 1.000000000000000000 ) ) ;
#5251 = CARTESIAN_POINT ( 'NONE',  ( -0.09956090325609186200, 0.2182140530390457000, 0.3699907178019692900 ) ) ;
#5252 = CARTESIAN_POINT ( 'NONE',  ( 1.082692307692307600, 0.2500000000000000600, -0.08122992405822657100 ) ) ;
#5253 = CARTESIAN_POINT ( 'NONE',  ( -0.1355769230769247000, 0.2583271673440810700, 0.08393558474214604700 ) ) ;
#5254 = ORIENTED_EDGE ( 'NONE', *, *, #2415, .T. ) ;
#5255 = CARTESIAN_POINT ( 'NONE',  ( 0.3057692307692298500, -0.1236296624955716800, 0.1701616322928578300 ) ) ;
#5256 = CARTESIAN_POINT ( 'NONE',  ( 0.02163461538459158700, 5.801464599289210000E-013, 0.2375092489838920000 ) ) ;
#5257 = CARTESIAN_POINT ( 'NONE',  ( 0.1514423076923063500, 1.636393914928959700E-017, -0.2672434070081726200 ) ) ;
#5258 = CARTESIAN_POINT ( 'NONE',  ( 0.7346153846153837800, -0.07725424859373686300, 0.2377641290737883600 ) ) ;
#5259 = EDGE_CURVE ( 'NONE', #2740, #5151, #4123, .T. ) ;
#5260 = LINE ( 'NONE', #4363, #5167 ) ;
#5261 = CARTESIAN_POINT ( 'NONE',  ( 0.8269230769230765400, 0.2000369959355130500, 0.0000000000000000000 ) ) ;
#5262 = CARTESIAN_POINT ( 'NONE',  ( 0.05384615384615268300, 0.2000369959355130000, -0.06499595995470999800 ) ) ;
#5263 = CARTESIAN_POINT ( 'NONE',  ( 0.8336538461538456300, -0.1596549696361239700, -0.2197462137205352100 ) ) ;
#5264 = CARTESIAN_POINT ( 'NONE',  ( 0.3673076923076915000, 0.1236296624955716000, 0.1701616322928579100 ) ) ;
#5265 = CARTESIAN_POINT ( 'NONE',  ( -0.05240384615384785500, 0.2056226585419196300, 0.1493936061522294900 ) ) ;
#5266 = VECTOR ( 'NONE', #2905, 39.37007874015748100 ) ;
#5267 = ORIENTED_EDGE ( 'NONE', *, *, #6697, .T. ) ;
#5268 = CARTESIAN_POINT ( 'NONE',  ( 0.1499999999999989400, 0.06181483124778577900, 0.1902464884845768400 ) ) ;
#5269 = CARTESIAN_POINT ( 'NONE',  ( 0.4865384615384605900, 0.07725424859373679300, 0.2377641290737884100 ) ) ;
#5270 = DIRECTION ( 'NONE',  ( -1.000000000000000000, 0.0000000000000000000, 0.0000000000000000000 ) ) ;
#5271 = CARTESIAN_POINT ( 'NONE',  ( -0.4173076923076938200, 0.2000369959355130000, -0.06499595995470999800 ) ) ;
#5272 =( BOUNDED_CURVE ( )  B_SPLINE_CURVE ( 2, ( #4909, #3775, #5631, #4507, #5560, #1061, #1606, #3270, #5008, #6114, #7351, #3892, #5083 ),
 .UNSPECIFIED., .F., .F. ) 
 B_SPLINE_CURVE_WITH_KNOTS ( ( 3, 2, 2, 2, 2, 2, 3 ),
 ( 0.7262217026196430300, 0.7283956156631212800, 0.7327434417500777700, 0.7370912678370342700, 0.7414390939239907700, 0.7457869200109473700, 0.7479608330544256200 ),
 .UNSPECIFIED. ) 
 CURVE ( )  GEOMETRIC_REPRESENTATION_ITEM ( )  RATIONAL_B_SPLINE_CURVE ( ( 0.9755282581475767100, 0.9755282581475767100, 1.000000000000000000, 0.9510565162951534200, 1.000000000000000000, 0.9510565162951534200, 1.000000000000000000, 0.9510565162951534200, 1.000000000000000000, 0.9510565162951534200, 1.000000000000000000, 0.9755282581475767100, 0.9755282581475767100 ) ) 
 REPRESENTATION_ITEM ( '' )  );
#5273 = ADVANCED_FACE ( 'NONE', ( #3119 ), #2199, .T. ) ;
#5274 = CARTESIAN_POINT ( 'NONE',  ( 1.207458113900466500, -0.09292338178171336000, -0.2160073365432918500 ) ) ;
#5275 = ORIENTED_EDGE ( 'NONE', *, *, #493, .F. ) ;
#5276 = CARTESIAN_POINT ( 'NONE',  ( -0.4857957059411696100, -0.2035159698893452300, 0.3749999999999997800 ) ) ;
#5277 = CARTESIAN_POINT ( 'NONE',  ( 1.257692307692307700, -0.1618333292155423300, -0.1175787961237840000 ) ) ;
#5278 = CARTESIAN_POINT ( 'NONE',  ( 1.182692307692307500, -4.813149900984358400E-017, 0.2499999999999999700 ) ) ;
#5279 = CARTESIAN_POINT ( 'NONE',  ( -0.5024733332748835300, -0.3930818861966843800, 0.06916220157233511600 ) ) ;
#5280 = CARTESIAN_POINT ( 'NONE',  ( 0.8096636262133394300, -0.03959611008113410300, 0.2499999999999999200 ) ) ;
#5281 = VERTEX_POINT ( 'NONE', #2022 ) ;
#5282 = CARTESIAN_POINT ( 'NONE',  ( 0.2749999999999991300, 0.2000369959355130000, -0.06499595995470999800 ) ) ;
#5283 = CARTESIAN_POINT ( 'NONE',  ( 0.01293197615044940800, 0.1971687577765477200, 0.1417358044459425300 ) ) ;
#5284 = CARTESIAN_POINT ( 'NONE',  ( 1.182211538461537900, 0.1570817334117987900, 0.2162044579042725600 ) ) ;
#5285 = CARTESIAN_POINT ( 'NONE',  ( 0.6692307692307683000, 0.2000369959355130000, -0.06499595995471001100 ) ) ;
#5286 = CONICAL_SURFACE ( 'NONE', #474, 0.3749999999999999400, 1.047197551196600100 ) ;
#5287 = CARTESIAN_POINT ( 'NONE',  ( 0.1076923076923065900, -0.1236296624955716100, -0.1701616322928578600 ) ) ;
#5288 = CARTESIAN_POINT ( 'NONE',  ( 0.9259615384615378400, 0.1596549696361239700, -0.2197462137205352100 ) ) ;
#5289 = CARTESIAN_POINT ( 'NONE',  ( 0.4326923076923069300, 0.2000369959355130500, 0.0000000000000000000 ) ) ;
#5290 = CARTESIAN_POINT ( 'NONE',  ( -0.1754807692307709900, -0.2541635836720405100, -3.112606192037848400E-017 ) ) ;
#5291 = DIRECTION ( 'NONE',  ( 0.0000000000000000000, 0.8660254037844430400, 0.4999999999999925100 ) ) ;
#5292 = CARTESIAN_POINT ( 'NONE',  ( -0.01923076923077045300, 0.2000369959355130500, 0.0000000000000000000 ) ) ;
#5293 = CARTESIAN_POINT ( 'NONE',  ( 1.159615384615384300, -0.2000369959355130200, 0.06499595995470997000 ) ) ;
#5294 = CARTESIAN_POINT ( 'NONE',  ( 1.030769230769230700, -0.1236296624955716100, -0.1701616322928578600 ) ) ;
#5295 = EDGE_CURVE ( 'NONE', #4474, #1093, #4266, .T. ) ;
#5296 = CARTESIAN_POINT ( 'NONE',  ( 1.209615384615384800, 0.1618333292155423300, 0.1175787961237840100 ) ) ;
#5297 = CARTESIAN_POINT ( 'NONE',  ( -0.4841429134756535800, -0.2182140530390462600, 0.3699907178019686300 ) ) ;
#5298 = CARTESIAN_POINT ( 'NONE',  ( -0.5136250000000000000, -0.1523857349850037400, 0.2454398353427580400 ) ) ;
#5299 = CARTESIAN_POINT ( 'NONE',  ( -0.1001492841048748500, -0.4284500564287361800, 0.007902733759675933600 ) ) ;
#5300 = CARTESIAN_POINT ( 'NONE',  ( -0.1012136957216080200, 0.2230015414744929700, 0.3637499999999998000 ) ) ;
#5301 = EDGE_CURVE ( 'NONE', #1410, #6572, #5365, .T. ) ;
#5302 = CARTESIAN_POINT ( 'NONE',  ( 0.4788461538461532000, -0.1618333292155423300, -0.1175787961237840000 ) ) ;
#5303 = CARTESIAN_POINT ( 'NONE',  ( 0.01113436106892351200, 0.2221154973772102300, 0.1006670401996800400 ) ) ;
#5304 = CARTESIAN_POINT ( 'NONE',  ( 1.139903846153845800, -0.2056226585419196300, -0.1493936061522294400 ) ) ;
#5305 = CARTESIAN_POINT ( 'NONE',  ( 0.08461538461538316300, 0.1545084971874737000, -0.2126627020880099400 ) ) ;
#5306 = ADVANCED_FACE ( 'NONE', ( #4830 ), #6513, .T. ) ;
#5307 = CARTESIAN_POINT ( 'NONE',  ( 0.7230769230769225100, -0.1236296624955716100, -0.1701616322928578600 ) ) ;
#5308 = CARTESIAN_POINT ( 'NONE',  ( 0.01538461538461423000, -0.2000369959355130200, 0.06499595995470997000 ) ) ;
#5309 = CARTESIAN_POINT ( 'NONE',  ( 0.8990384615384610100, -0.2583271673440810700, -3.163595386207315100E-017 ) ) ;
#5310 = CARTESIAN_POINT ( 'NONE',  ( 0.2173076923076913100, 0.06181483124778577900, 0.1902464884845768400 ) ) ;
#5311 = CARTESIAN_POINT ( 'NONE',  ( -0.1677884615384632200, -0.2056226585419196300, -0.1493936061522294400 ) ) ;
#5312 = AXIS2_PLACEMENT_3D ( 'NONE', #6192, #5580, #2725 ) ;
#5313 = CARTESIAN_POINT ( 'NONE',  ( 0.06153846153846034800, 0.2000369959355130000, 0.06499595995471008100 ) ) ;
#5314 = CARTESIAN_POINT ( 'NONE',  ( 1.250000000000000000, 0.0000000000000000000, 0.0000000000000000000 ) ) ;
#5315 = CARTESIAN_POINT ( 'NONE',  ( 1.036538461538461400, 0.1236296624955716700, -0.1701616322928578600 ) ) ;
#5316 = FACE_OUTER_BOUND ( 'NONE', #4571, .T. ) ;
#5317 = CARTESIAN_POINT ( 'NONE',  ( 1.123076923076922900, 0.1236296624955716700, -0.1701616322928578600 ) ) ;
#5318 = B_SPLINE_CURVE_WITH_KNOTS ( 'NONE', 3,
 ( #5505, #6626, #3220, #856, #885, #6532, #5453, #2006, #3743, #270, #7104, #4278, #830, #6038, #4852, #1980, #4879, #403, #3865, #4583, #550, #1552, #6649, #6135, #6716, #1726, #2079, #4410, #3264, #3242, #6089, #2099, #1127, #3289, #4430, #380, #3989, #2652, #7223, #986, #3818, #5001 ),
 .UNSPECIFIED., .F., .F.,
 ( 4, 2, 2, 2, 2, 2, 2, 2, 2, 2, 2, 2, 2, 2, 2, 2, 2, 2, 2, 2, 4 ),
 ( 0.03288300780440003200, 0.03394230871658877200, 0.03447195917268314200, 0.03500160962877751200, 0.03606091054096625300, 0.03712021145315499300, 0.03764986190924936300, 0.03817951236534372600, 0.03923881327753247400, 0.04029811418972121400, 0.04135741510190994700, 0.04188706555800432400, 0.04241671601409868800, 0.04347601692628742800, 0.04453531783847616800, 0.04506496829457054500, 0.04559461875066490900, 0.04665391966285364900, 0.04771322057504238900, 0.04877252148723113000, 0.04983182239941986300 ),
 .UNSPECIFIED. ) ;
#5319 = ORIENTED_EDGE ( 'NONE', *, *, #2790, .F. ) ;
#5320 = CARTESIAN_POINT ( 'NONE',  ( 1.065384615384615200, 0.1618333292155423300, 0.1175787961237840100 ) ) ;
#5321 = CARTESIAN_POINT ( 'NONE',  ( -0.5024733332748835300, -0.2564371666416445600, -0.3058377984276648400 ) ) ;
#5322 = ORIENTED_EDGE ( 'NONE', *, *, #2880, .T. ) ;
#5323 = CARTESIAN_POINT ( 'NONE',  ( 0.7211538461538455900, -4.813149900984358400E-017, 0.2499999999999999700 ) ) ;
#5324 = CARTESIAN_POINT ( 'NONE',  ( 0.8903846153846151100, -0.2500000000000001100, 0.08122992405822653000 ) ) ;
#5325 = CARTESIAN_POINT ( 'NONE',  ( 1.229925248569264400, 0.1287234513595447400, 0.1690790041300533100 ) ) ;
#5326 = CARTESIAN_POINT ( 'NONE',  ( 0.3711538461538453900, 0.06181483124778577900, 0.1902464884845768400 ) ) ;
#5327 = CARTESIAN_POINT ( 'NONE',  ( 0.9499517584020441600, 0.03959611008113402700, 0.2500000000000000600 ) ) ;
#5328 = CARTESIAN_POINT ( 'NONE',  ( 1.097596153846153200, 0.2541635836720405100, 0.08258275440018635100 ) ) ;
#5329 = ORIENTED_EDGE ( 'NONE', *, *, #399, .F. ) ;
#5330 = CARTESIAN_POINT ( 'NONE',  ( 0.3192307692307679900, 0.2022542485937368600, -0.1469463130731182600 ) ) ;
#5331 = ORIENTED_EDGE ( 'NONE', *, *, #4877, .T. ) ;
#5332 = CARTESIAN_POINT ( 'NONE',  ( 0.7115384615384609000, -0.2000369959355130500, -2.449746667834781800E-017 ) ) ;
#5333 = CARTESIAN_POINT ( 'NONE',  ( -0.2153846153846166700, -0.2000369959355130200, 0.06499595995470997000 ) ) ;
#5334 = CARTESIAN_POINT ( 'NONE',  ( 0.9451923076923073300, 0.2089910684901024900, 0.1518408992313406700 ) ) ;
#5335 = CARTESIAN_POINT ( 'NONE',  ( 0.04038461538461410300, 0.1618333292155423300, -0.1175787961237839500 ) ) ;
#5336 = CARTESIAN_POINT ( 'NONE',  ( -0.1908653846153863200, -0.07854086670589945100, 0.2417239324562225900 ) ) ;
#5337 = EDGE_LOOP ( 'NONE', ( #225, #5613, #4912, #1550, #6437 ) ) ;
#5338 = EDGE_CURVE ( 'NONE', #4824, #5549, #2908, .T. ) ;
#5339 = CARTESIAN_POINT ( 'NONE',  ( 0.08653846153846146700, -0.1933329171317864100, 0.05177121620812974400 ) ) ;
#5340 = CARTESIAN_POINT ( 'NONE',  ( 0.8961538461538455200, -0.2022542485937368600, 0.1469463130731182300 ) ) ;
#5341 = CARTESIAN_POINT ( 'NONE',  ( 1.086538461538461500, -0.2000369959355130500, -2.449746667834781800E-017 ) ) ;
#5342 = CARTESIAN_POINT ( 'NONE',  ( 1.069230769230769200, 0.1236296624955716000, 0.1701616322928579100 ) ) ;
#5343 = LINE ( 'NONE', #3165, #1039 ) ;
#5344 = DIRECTION ( 'NONE',  ( 0.0000000000000000000, -0.4999999999999919000, 0.8660254037844432600 ) ) ;
#5345 = CARTESIAN_POINT ( 'NONE',  ( 0.1942307692307680400, -0.2022542485937368600, 0.1469463130731182600 ) ) ;
#5346 = CARTESIAN_POINT ( 'NONE',  ( 0.9999999999999995600, -3.863724120272764700E-017, 0.2103313446762957200 ) ) ;
#5347 = CIRCLE ( 'NONE', #2588, 0.3440070881318968400 ) ;
#5348 = CARTESIAN_POINT ( 'NONE',  ( 0.4269230769230758500, -0.07725424859373686300, 0.2377641290737883600 ) ) ;
#5349 = CARTESIAN_POINT ( 'NONE',  ( -0.4949705097974041500, -0.4098597432269057200, 0.04010210075386488900 ) ) ;
#5350 = CARTESIAN_POINT ( 'NONE',  ( 0.6057692307692300600, 1.312677245723006800E-017, -0.2499999999999999700 ) ) ;
#5351 = ORIENTED_EDGE ( 'NONE', *, *, #3521, .T. ) ;
#5352 = VERTEX_POINT ( 'NONE', #3139 ) ;
#5353 = DIRECTION ( 'NONE',  ( 0.0000000000000000000, 0.4999999999999998900, 0.8660254037844386000 ) ) ;
#5354 = CARTESIAN_POINT ( 'NONE',  ( 0.4942307692307685300, 0.06181483124778582700, -0.1902464884845768100 ) ) ;
#5355 = CARTESIAN_POINT ( 'NONE',  ( 0.9365384615384612100, 0.2500000000000000600, 0.08122992405822665500 ) ) ;
#5356 = CARTESIAN_POINT ( 'NONE',  ( 1.082211538461538100, 0.1570817334117988200, -0.2162044579042725600 ) ) ;
#5357 = CARTESIAN_POINT ( 'NONE',  ( 0.4442307692307683200, -0.1545084971874737000, -0.2126627020880100000 ) ) ;
#5358 = EDGE_CURVE ( 'NONE', #2616, #3291, #2935, .T. ) ;
#5359 = CARTESIAN_POINT ( 'NONE',  ( 0.6384615384615377500, -0.2000369959355130000, -0.06499595995471003900 ) ) ;
#5360 = CARTESIAN_POINT ( 'NONE',  ( -0.1807692307692323200, 0.1618333292155423300, -0.1175787961237839500 ) ) ;
#5361 = CARTESIAN_POINT ( 'NONE',  ( 0.7144230769230762700, 0.2089910684901024900, 0.1518408992313406700 ) ) ;
#5362 = VERTEX_POINT ( 'NONE', #4900 ) ;
#5363 = CARTESIAN_POINT ( 'NONE',  ( 0.02499999999999877700, -0.06181483124778579900, -0.1902464884845768400 ) ) ;
#5364 = CARTESIAN_POINT ( 'NONE',  ( -0.3370192307692326300, -0.2056226585419196600, 0.1493936061522294100 ) ) ;
#5365 = CIRCLE ( 'NONE', #4818, 0.001999999999999999600 ) ;
#5366 = DIRECTION ( 'NONE',  ( 0.0000000000000000000, 0.0000000000000000000, -1.000000000000000000 ) ) ;
#5367 = CARTESIAN_POINT ( 'NONE',  ( 1.055769230769230600, 0.1618333292155423300, 0.1175787961237840100 ) ) ;
#5368 = VERTEX_POINT ( 'NONE', #2050 ) ;
#5369 = CARTESIAN_POINT ( 'NONE',  ( 1.138461538461538400, 0.2000369959355130000, 0.06499595995471008100 ) ) ;
#5370 = DIRECTION ( 'NONE',  ( 0.0000000000000000000, 0.0000000000000000000, 1.000000000000000000 ) ) ;
#5371 = EDGE_LOOP ( 'NONE', ( #5980, #6763, #3887, #1493 ) ) ;
#5372 = CARTESIAN_POINT ( 'NONE',  ( 0.9923076923076917800, 0.1236296624955716000, 0.1701616322928579100 ) ) ;
#5373 = CARTESIAN_POINT ( 'NONE',  ( 0.4615384615384604500, 1.023888251663945400E-015, -0.2499999999999999700 ) ) ;
#5374 = CARTESIAN_POINT ( 'NONE',  ( 0.001150326555092390100, 0.01540371969955154800, -0.2493358586537595700 ) ) ;
#5375 = CARTESIAN_POINT ( 'NONE',  ( 0.8076923076923070400, -4.375590819076688800E-017, 0.2499999999999999700 ) ) ;
#5376 = LINE ( 'NONE', #1544, #4304 ) ;
#5377 = DIRECTION ( 'NONE',  ( -1.000000000000000000, -0.0000000000000000000, -0.0000000000000000000 ) ) ;
#5378 = CARTESIAN_POINT ( 'NONE',  ( 0.06346153846153736200, 0.06181483124778577900, 0.1902464884845768400 ) ) ;
#5379 = CARTESIAN_POINT ( 'NONE',  ( 1.166826923076922800, 0.2541635836720405100, -0.08258275440018626700 ) ) ;
#5380 = CARTESIAN_POINT ( 'NONE',  ( 0.4326923076923068200, -0.2500000000000000000, -3.061616997868382400E-017 ) ) ;
#5381 = ADVANCED_FACE ( 'NONE', ( #6064 ), #3832, .T. ) ;
#5382 = CARTESIAN_POINT ( 'NONE',  ( 0.5384615384615377700, -3.863724120272764700E-017, 0.2103313446762957200 ) ) ;
#5383 = CARTESIAN_POINT ( 'NONE',  ( -0.05384615384615514000, -0.2000369959355130000, -0.06499595995471003900 ) ) ;
#5384 = CARTESIAN_POINT ( 'NONE',  ( 0.6221153846153838500, 0.2089910684901025400, -0.1518408992313406100 ) ) ;
#5385 = AXIS2_PLACEMENT_3D ( 'NONE', #6467, #5377, #5945 ) ;
#5386 = CARTESIAN_POINT ( 'NONE',  ( 0.1134615384615373500, 0.1236296624955716700, -0.1701616322928578600 ) ) ;
#5387 = CARTESIAN_POINT ( 'NONE',  ( -0.4062500000000020000, -0.2541635836720405100, -3.112606192037848400E-017 ) ) ;
#5388 = CARTESIAN_POINT ( 'NONE',  ( 1.113461538461538300, -0.1545084971874737300, 0.2126627020880099700 ) ) ;
#5389 = CARTESIAN_POINT ( 'NONE',  ( 1.048076923076922900, 0.2000369959355130500, 0.0000000000000000000 ) ) ;
#5390 = CARTESIAN_POINT ( 'NONE',  ( 1.103846153846153700, -0.1618333292155423300, -0.1175787961237840000 ) ) ;
#5391 = AXIS2_PLACEMENT_3D ( 'NONE', #4046, #7233, #6701 ) ;
#5392 = CARTESIAN_POINT ( 'NONE',  ( -0.4857957059411694400, -0.4265175113638359200, -0.01125000000000010500 ) ) ;
#5393 = CARTESIAN_POINT ( 'NONE',  ( 1.069230769230769200, 0.1236296624955716000, 0.1701616322928579100 ) ) ;
#5394 = DIRECTION ( 'NONE',  ( 0.0000000000000000000, 0.0000000000000000000, 1.000000000000000000 ) ) ;
#5395 = CARTESIAN_POINT ( 'NONE',  ( 0.01947284184673009000, 0.2086821386710591700, -0.1162567714774175600 ) ) ;
#5396 = CARTESIAN_POINT ( 'NONE',  ( -0.5136250000000000000, -0.1346322142074226300, 0.2556898353427579100 ) ) ;
#5397 = EDGE_CURVE ( 'NONE', #2195, #3171, #6272, .T. ) ;
#5398 = CARTESIAN_POINT ( 'NONE',  ( -0.1177893756334065200, 0.1371776909275777800, -0.3750000000000000600 ) ) ;
#5399 = VECTOR ( 'NONE', #4068, 39.37007874015748100 ) ;
#5400 = CARTESIAN_POINT ( 'NONE',  ( 0.02499999999999877700, -0.06181483124778579900, -0.1902464884845768400 ) ) ;
#5401 = CARTESIAN_POINT ( 'NONE',  ( 0.9245192307692301500, 0.07854086670589942300, -0.2417239324562225900 ) ) ;
#5402 =( BOUNDED_CURVE ( )  B_SPLINE_CURVE ( 2, ( #4241, #5466, #1373, #5388, #1945, #5961, #4964, #917, #6122, #4917, #7254, #4392, #2638 ),
 .UNSPECIFIED., .F., .F. ) 
 B_SPLINE_CURVE_WITH_KNOTS ( ( 3, 2, 2, 2, 2, 2, 3 ),
 ( 0.8783956156631213000, 0.8805695287065995500, 0.8849173547935560400, 0.8892651808805125400, 0.8936130069674691500, 0.8979608330544256400, 0.9001347460979038900 ),
 .UNSPECIFIED. ) 
 CURVE ( )  GEOMETRIC_REPRESENTATION_ITEM ( )  RATIONAL_B_SPLINE_CURVE ( ( 0.9755282581475767100, 0.9755282581475767100, 1.000000000000000000, 0.9510565162951534200, 1.000000000000000000, 0.9510565162951534200, 1.000000000000000000, 0.9510565162951534200, 1.000000000000000000, 0.9510565162951534200, 1.000000000000000000, 0.9755282581475767100, 0.9755282581475767100 ) ) 
 REPRESENTATION_ITEM ( '' )  );
#5403 = CARTESIAN_POINT ( 'NONE',  ( 1.214998543940409200, -0.1602013050946013700, 0.1614643241538404100 ) ) ;
#5404 = CARTESIAN_POINT ( 'NONE',  ( 0.4346153846153838500, 0.1618333292155423300, -0.1175787961237839500 ) ) ;
#5405 = CARTESIAN_POINT ( 'NONE',  ( -0.01923076923077045300, 0.2000369959355130500, 0.0000000000000000000 ) ) ;
#5406 = CARTESIAN_POINT ( 'NONE',  ( 0.7798076923076916500, 0.2583271673440810700, -0.08393558474214596300 ) ) ;
#5407 = CARTESIAN_POINT ( 'NONE',  ( 0.02115384615384501400, -0.1236296624955716100, -0.1701616322928578600 ) ) ;
#5408 = CARTESIAN_POINT ( 'NONE',  ( -0.4793269230769251500, -0.2541635836720405100, -0.08258275440018630900 ) ) ;
#5409 = AXIS2_PLACEMENT_3D ( 'NONE', #5700, #6822, #506 ) ;
#5410 = ORIENTED_EDGE ( 'NONE', *, *, #2458, .T. ) ;
#5411 = DIRECTION ( 'NONE',  ( -1.000000000000000000, 0.0000000000000000000, 0.0000000000000000000 ) ) ;
#5412 = CARTESIAN_POINT ( 'NONE',  ( -0.1012136957216079300, -0.2230015414744929100, -0.3637499999999999600 ) ) ;
#5413 = DIRECTION ( 'NONE',  ( 0.0000000000000000000, 0.0000000000000000000, 1.000000000000000000 ) ) ;
#5414 = CARTESIAN_POINT ( 'NONE',  ( 0.9634615384615382600, 0.1618333292155423300, -0.1175787961237839500 ) ) ;
#5415 = CARTESIAN_POINT ( 'NONE',  ( 0.7769230769230762700, -0.1236296624955716800, 0.1701616322928578300 ) ) ;
#5416 = EDGE_LOOP ( 'NONE', ( #130, #3095, #3900, #7301 ) ) ;
#5417 = ADVANCED_FACE ( 'NONE', ( #6247 ), #1581, .T. ) ;
#5418 = VERTEX_POINT ( 'NONE', #373 ) ;
#5419 = CARTESIAN_POINT ( 'NONE',  ( 0.1134615384615372800, -0.1545084971874737300, 0.2126627020880099700 ) ) ;
#5420 = CARTESIAN_POINT ( 'NONE',  ( 0.8230769230769224800, 0.2000369959355130000, -0.06499595995470999800 ) ) ;
#5421 = DIRECTION ( 'NONE',  ( 1.000000000000000000, -0.0000000000000000000, 0.0000000000000000000 ) ) ;
#5422 = CARTESIAN_POINT ( 'NONE',  ( 1.173076923076922900, -0.2000369959355130500, -2.449746667834781800E-017 ) ) ;
#5423 = VERTEX_POINT ( 'NONE', #1430 ) ;
#5424 = CARTESIAN_POINT ( 'NONE',  ( 0.2096153846153836500, 0.1618333292155423300, 0.1175787961237840100 ) ) ;
#5425 = CARTESIAN_POINT ( 'NONE',  ( 1.036057692307691800, -4.909181744786878600E-017, 0.2672434070081726200 ) ) ;
#5426 = CARTESIAN_POINT ( 'NONE',  ( 0.3057209891712738800, -0.03959611008113404100, -0.2499999999999999200 ) ) ;
#5427 = ORIENTED_EDGE ( 'NONE', *, *, #3096, .T. ) ;
#5428 = CARTESIAN_POINT ( 'NONE',  ( 0.3576923076923068100, 0.1618333292155423300, -0.1175787961237839500 ) ) ;
#5429 = CARTESIAN_POINT ( 'NONE',  ( -0.1269230769230782800, -0.1618333292155423300, -0.1175787961237840000 ) ) ;
#5430 = CARTESIAN_POINT ( 'NONE',  ( 0.5413461538461529200, 0.1596549696361239700, -0.2197462137205352100 ) ) ;
#5431 = CARTESIAN_POINT ( 'NONE',  ( -0.07115384615384748300, -0.2000369959355130200, 0.06499595995470997000 ) ) ;
#5432 = CARTESIAN_POINT ( 'NONE',  ( -0.3216346153846173000, -0.2056226585419196300, -0.1493936061522294400 ) ) ;
#5433 = EDGE_CURVE ( 'NONE', #2108, #7354, #693, .T. ) ;
#5434 = CARTESIAN_POINT ( 'NONE',  ( 0.2596153846153835800, -4.813149900984358400E-017, 0.2499999999999999700 ) ) ;
#5435 = AXIS2_PLACEMENT_3D ( 'NONE', #3433, #2878, #1233 ) ;
#5436 = DIRECTION ( 'NONE',  ( -1.000000000000000000, -0.0000000000000000000, -0.0000000000000000000 ) ) ;
#5437 = FACE_OUTER_BOUND ( 'NONE', #2176, .T. ) ;
#5438 = CARTESIAN_POINT ( 'NONE',  ( 0.3846153846153834700, 1.750236327630675500E-017, -0.2499999999999999700 ) ) ;
#5439 = CARTESIAN_POINT ( 'NONE',  ( 0.9557692307692304800, 0.06181483124778582700, -0.1902464884845768100 ) ) ;
#5440 = CARTESIAN_POINT ( 'NONE',  ( 0.9384615384615381300, -0.2000369959355130200, 0.06499595995470997000 ) ) ;
#5441 = CARTESIAN_POINT ( 'NONE',  ( -0.1807692307692323200, 0.1618333292155423300, -0.1175787961237839500 ) ) ;
#5442 = LINE ( 'NONE', #573, #4098 ) ;
#5443 = CARTESIAN_POINT ( 'NONE',  ( 1.036538461538461400, 0.1236296624955716700, -0.1701616322928578600 ) ) ;
#5444 = ORIENTED_EDGE ( 'NONE', *, *, #5735, .F. ) ;
#5445 = CARTESIAN_POINT ( 'NONE',  ( 0.1077405492902619700, -0.03959611008113311800, 0.2500000000000002800 ) ) ;
#5446 = CARTESIAN_POINT ( 'NONE',  ( 0.9153846153846149100, 0.1236296624955716000, 0.1701616322928579100 ) ) ;
#5447 = EDGE_CURVE ( 'NONE', #4824, #6157, #5007, .T. ) ;
#5448 = CARTESIAN_POINT ( 'NONE',  ( -0.4945705971708911400, -0.1700713430060672400, -0.3749999999999999400 ) ) ;
#5449 = CARTESIAN_POINT ( 'NONE',  ( 0.03017067736449175600, 0.2324415481649644000, 0.01735272550161038800 ) ) ;
#5450 = CARTESIAN_POINT ( 'NONE',  ( 1.196153846153846100, 0.06181483124778582700, -0.1902464884845768100 ) ) ;
#5451 = CIRCLE ( 'NONE', #440, 0.009249999999999997800 ) ;
#5452 = B_SPLINE_CURVE_WITH_KNOTS ( 'NONE', 3,
 ( #6238, #5516, #2683, #5092, #7359, #1293, #6622, #2971 ),
 .UNSPECIFIED., .F., .F.,
 ( 4, 2, 2, 4 ),
 ( 0.01045254449627169200, 0.01175882171573906300, 0.01306509893520643200, 0.01567765337414117300 ),
 .UNSPECIFIED. ) ;
#5453 = CARTESIAN_POINT ( 'NONE',  ( 0.05366460998386344400, 0.07469619650780924500, -0.2060017383256801700 ) ) ;
#5454 = ORIENTED_EDGE ( 'NONE', *, *, #4191, .T. ) ;
#5455 = CARTESIAN_POINT ( 'NONE',  ( 0.2596153846153836900, 1.287908040090921300E-017, -0.2103313446762957200 ) ) ;
#5456 = CARTESIAN_POINT ( 'NONE',  ( 0.8937499999999994900, -0.2056226585419196600, 0.1493936061522294100 ) ) ;
#5457 = AXIS2_PLACEMENT_3D ( 'NONE', #5298, #2454, #65 ) ;
#5458 = CARTESIAN_POINT ( 'NONE',  ( 0.3461538461538452000, 1.287908040090921200E-017, -0.2103313446762957200 ) ) ;
#5459 = CYLINDRICAL_SURFACE ( 'NONE', #2055, 0.2500000000000000000 ) ;
#5460 = CARTESIAN_POINT ( 'NONE',  ( -0.3269230769230785900, 0.2000369959355130500, 0.0000000000000000000 ) ) ;
#5461 = CARTESIAN_POINT ( 'NONE',  ( 0.6682692307692300600, -0.2583271673440810700, -3.163595386207315100E-017 ) ) ;
#5462 = CARTESIAN_POINT ( 'NONE',  ( -0.4562500000000020400, 0.1570817334117988200, -0.2162044579042725600 ) ) ;
#5463 = EDGE_LOOP ( 'NONE', ( #6030, #3489, #4087, #7015 ) ) ;
#5464 = CARTESIAN_POINT ( 'NONE',  ( -0.1310429897804382100, -1.104094692149880700E-026, -0.3749999999999999400 ) ) ;
#5465 = DIRECTION ( 'NONE',  ( -0.8191520442889910200, 7.024285468436556000E-017, -0.5735764363510472700 ) ) ;
#5466 = CARTESIAN_POINT ( 'NONE',  ( 1.107740549290263400, -0.03959611008113411700, 0.2500000000000000000 ) ) ;
#5467 = FACE_OUTER_BOUND ( 'NONE', #6685, .T. ) ;
#5468 = CARTESIAN_POINT ( 'NONE',  ( 0.8865384615384612800, 0.1618333292155423300, -0.1175787961237839500 ) ) ;
#5469 = CARTESIAN_POINT ( 'NONE',  ( 0.8499999999999996400, -0.06181483124778584100, 0.1902464884845768100 ) ) ;
#5470 = CARTESIAN_POINT ( 'NONE',  ( -0.1230769230769245300, -0.1236296624955716100, -0.1701616322928578600 ) ) ;
#5471 = CARTESIAN_POINT ( 'NONE',  ( 1.155769230769230900, -0.1618333292155423300, 0.1175787961237839400 ) ) ;
#5472 = CARTESIAN_POINT ( 'NONE',  ( 0.1096153846153833800, -0.07725424859373689100, 0.2377641290737883800 ) ) ;
#5473 = CARTESIAN_POINT ( 'NONE',  ( 0.7499999999999995600, 0.2000369959355130500, 0.0000000000000000000 ) ) ;
#5474 = CARTESIAN_POINT ( 'NONE',  ( 0.6019230769230762300, -0.07725424859373683500, -0.2377641290737884100 ) ) ;
#5475 = CARTESIAN_POINT ( 'NONE',  ( 1.001971318521031900, 0.03959611008113407500, -0.2499999999999999200 ) ) ;
#5476 = CARTESIAN_POINT ( 'NONE',  ( 1.203846153846153800, 0.1618333292155423300, -0.1175787961237839500 ) ) ;
#5477 = DIRECTION ( 'NONE',  ( 1.000000000000000000, 0.0000000000000000000, 0.0000000000000000000 ) ) ;
#5478 = ORIENTED_EDGE ( 'NONE', *, *, #5301, .F. ) ;
#5479 = CARTESIAN_POINT ( 'NONE',  ( 0.1173076923076912800, 0.1618333292155423300, -0.1175787961237839500 ) ) ;
#5480 = CARTESIAN_POINT ( 'NONE',  ( 0.9475961538461532600, 0.2056226585419196300, 0.1493936061522294900 ) ) ;
#5481 = CARTESIAN_POINT ( 'NONE',  ( 0.4961538461538453900, -0.06181483124778579900, -0.1902464884845768400 ) ) ;
#5482 = CARTESIAN_POINT ( 'NONE',  ( 1.250000000000000000, 0.0000000000000000000, 0.0000000000000000000 ) ) ;
#5483 = CARTESIAN_POINT ( 'NONE',  ( -0.4153846153846171300, 0.1236296624955716700, -0.1701616322928578600 ) ) ;
#5484 = CARTESIAN_POINT ( 'NONE',  ( 0.4298076923076912800, -0.2089910684901025400, 0.1518408992313405900 ) ) ;
#5485 = CARTESIAN_POINT ( 'NONE',  ( -0.4870192307692329200, -0.2541635836720405600, 0.08258275440018624000 ) ) ;
#5486 = CARTESIAN_POINT ( 'NONE',  ( -0.4949486444173015200, -0.2396196108409985900, 0.3349666595335081800 ) ) ;
#5487 = CARTESIAN_POINT ( 'NONE',  ( -0.5156250000000000000, 1.096280293128297500E-016, -0.3375000000000000200 ) ) ;
#5488 = CARTESIAN_POINT ( 'NONE',  ( 1.067307692307691800, 5.206953074701259500E-016, -0.2500000000000000600 ) ) ;
#5489 = CARTESIAN_POINT ( 'NONE',  ( 0.8596153846153841100, -0.2000369959355130000, -0.06499595995471003900 ) ) ;
#5490 = CARTESIAN_POINT ( 'NONE',  ( 0.7384615384615377300, 0.1236296624955716700, -0.1701616322928578600 ) ) ;
#5491 = CARTESIAN_POINT ( 'NONE',  ( -0.2384615384615398300, 0.1236296624955716000, 0.1701616322928579100 ) ) ;
#5492 = EDGE_CURVE ( 'NONE', #4842, #3030, #2378, .T. ) ;
#5493 = CARTESIAN_POINT ( 'NONE',  ( 1.151923076923077000, -0.1236296624955716800, 0.1701616322928578300 ) ) ;
#5494 = DIRECTION ( 'NONE',  ( 0.0000000000000000000, -1.000000000000000000, 0.0000000000000000000 ) ) ;
#5495 = CARTESIAN_POINT ( 'NONE',  ( 0.9307692307692302400, -0.1236296624955716800, 0.1701616322928578300 ) ) ;
#5496 = CARTESIAN_POINT ( 'NONE',  ( 1.236538461538461800, -0.2000369959355130800, 0.06499595995470997000 ) ) ;
#5497 = CARTESIAN_POINT ( 'NONE',  ( 1.153846153846153500, 1.750236327630675500E-017, -0.2499999999999999700 ) ) ;
#5498 = VERTEX_POINT ( 'NONE', #2094 ) ;
#5499 = DIRECTION ( 'NONE',  ( 0.0000000000000000000, -0.4999999999999919000, 0.8660254037844432600 ) ) ;
#5500 = CARTESIAN_POINT ( 'NONE',  ( 1.157692307692307600, -0.06181483124778584100, 0.1902464884845768100 ) ) ;
#5501 =( BOUNDED_CURVE ( )  B_SPLINE_CURVE ( 2, ( #544, #1148, #602, #5197, #1719, #54, #4091, #6285, #4577, #4062, #4627, #1175, #2931 ),
 .UNSPECIFIED., .F., .F. ) 
 B_SPLINE_CURVE_WITH_KNOTS ( ( 3, 2, 2, 2, 2, 2, 3 ),
 ( 0.6610043113152952500, 0.6631782243587733800, 0.6675260504457299900, 0.6718738765326864900, 0.6762217026196430900, 0.6805695287065995900, 0.6827434417500777300 ),
 .UNSPECIFIED. ) 
 CURVE ( )  GEOMETRIC_REPRESENTATION_ITEM ( )  RATIONAL_B_SPLINE_CURVE ( ( 0.9755282581475767100, 0.9755282581475779300, 1.000000000000000000, 0.9510565162951534200, 1.000000000000000000, 0.9510565162951534200, 1.000000000000000000, 0.9510565162951534200, 1.000000000000000000, 0.9510565162951534200, 1.000000000000000000, 0.9755282581475779300, 0.9755282581475767100 ) ) 
 REPRESENTATION_ITEM ( '' )  );
#5502 = EDGE_CURVE ( 'NONE', #3754, #674, #3839, .T. ) ;
#5503 = B_SPLINE_CURVE_WITH_KNOTS ( 'NONE', 3,
 ( #5464, #1385, #736, #5398, #3617, #2994 ),
 .UNSPECIFIED., .F., .F.,
 ( 4, 2, 4 ),
 ( 0.01559132540068792700, 0.01820402297040149600, 0.02081672054011506400 ),
 .UNSPECIFIED. ) ;
#5504 = ORIENTED_EDGE ( 'NONE', *, *, #5020, .T. ) ;
#5505 = CARTESIAN_POINT ( 'NONE',  ( 0.05048076923074639600, -5.180524506154035900E-013, -0.2208549142957290700 ) ) ;
#5506 = CARTESIAN_POINT ( 'NONE',  ( -0.1903846153846168700, 0.1618333292155423300, -0.1175787961237839500 ) ) ;
#5507 = CARTESIAN_POINT ( 'NONE',  ( 0.9629807692307687000, -0.07854086670589945100, 0.2417239324562225900 ) ) ;
#5508 = ORIENTED_EDGE ( 'NONE', *, *, #6853, .F. ) ;
#5509 = ORIENTED_EDGE ( 'NONE', *, *, #6444, .F. ) ;
#5510 = CARTESIAN_POINT ( 'NONE',  ( 0.3269230769230759800, -0.2000369959355130500, -2.449746667834781800E-017 ) ) ;
#5511 = DIRECTION ( 'NONE',  ( 0.0000000000000000000, 0.0000000000000000000, 1.000000000000000000 ) ) ;
#5512 = CARTESIAN_POINT ( 'NONE',  ( 0.3105769230769220300, 0.1596549696361239700, -0.2197462137205352100 ) ) ;
#5513 = AXIS2_PLACEMENT_3D ( 'NONE', #5748, #7390, #3984 ) ;
#5514 = VERTEX_POINT ( 'NONE', #495 ) ;
#5515 = VERTEX_POINT ( 'NONE', #7259 ) ;
#5516 = CARTESIAN_POINT ( 'NONE',  ( -0.4903731663612699900, -0.1868943013438778300, 0.3749999999999998900 ) ) ;
#5517 = CARTESIAN_POINT ( 'NONE',  ( 0.9249999999999998200, -0.1618333292155423300, 0.1175787961237839400 ) ) ;
#5518 = CARTESIAN_POINT ( 'NONE',  ( 0.7923076923076919400, -0.2000369959355130000, -0.06499595995471003900 ) ) ;
#5519 = CARTESIAN_POINT ( 'NONE',  ( -0.1000000000000013800, 0.2000369959355130000, -0.06499595995470999800 ) ) ;
#5520 = CARTESIAN_POINT ( 'NONE',  ( 1.201923076923076900, 0.2000369959355130500, 0.0000000000000000000 ) ) ;
#5521 = ORIENTED_EDGE ( 'NONE', *, *, #5885, .F. ) ;
#5522 = DIRECTION ( 'NONE',  ( 1.000000000000000000, 0.0000000000000000000, 0.0000000000000000000 ) ) ;
#5523 = CARTESIAN_POINT ( 'NONE',  ( 0.8961538461538457500, 0.1618333292155423300, -0.1175787961237839500 ) ) ;
#5524 = CARTESIAN_POINT ( 'NONE',  ( 1.167307692307692400, -0.2000369959355130000, -0.06499595995471003900 ) ) ;
#5525 = CARTESIAN_POINT ( 'NONE',  ( -0.5136250000000000000, -0.04088221420742420300, 0.09331007213317478500 ) ) ;
#5526 = CARTESIAN_POINT ( 'NONE',  ( -0.1012136957216082000, -0.2035159698893456400, 0.3749999999999997800 ) ) ;
#5527 = CARTESIAN_POINT ( 'NONE',  ( 1.030769230769230400, -0.1236296624955716100, -0.1701616322928578600 ) ) ;
#5528 = CIRCLE ( 'NONE', #6816, 0.2500000000000000000 ) ;
#5529 = CARTESIAN_POINT ( 'NONE',  ( 0.9980769230769229700, 0.1545084971874737300, -0.2126627020880100000 ) ) ;
#5530 = CARTESIAN_POINT ( 'NONE',  ( -0.1596153846153859400, -0.06181483124778584100, 0.1902464884845768100 ) ) ;
#5531 = CARTESIAN_POINT ( 'NONE',  ( 0.6899038461538453700, 1.636393914928959700E-017, -0.2672434070081726200 ) ) ;
#5532 = COORDINATED_UNIVERSAL_TIME_OFFSET ( 6, 0, .BEHIND. ) ;
#5533 = CARTESIAN_POINT ( 'NONE',  ( 0.1846153846153834900, -0.1236296624955716100, -0.1701616322928578600 ) ) ;
#5534 = CARTESIAN_POINT ( 'NONE',  ( 0.9288461538461535400, 0.2500000000000000600, -0.08122992405822657100 ) ) ;
#5535 = CARTESIAN_POINT ( 'NONE',  ( -0.4423076923076939600, -0.2000369959355130500, -2.449746667834781800E-017 ) ) ;
#5536 = CARTESIAN_POINT ( 'NONE',  ( 0.4567307692307682200, 1.663200520685731400E-017, -0.2716212579567785500 ) ) ;
#5537 = VERTEX_POINT ( 'NONE', #424 ) ;
#5538 = CONICAL_SURFACE ( 'NONE', #7190, 0.3749999999999999400, 1.047197551196600100 ) ;
#5539 = AXIS2_PLACEMENT_3D ( 'NONE', #56, #6387, #1800 ) ;
#5540 = CARTESIAN_POINT ( 'NONE',  ( 0.08083319046683851200, -0.03281502100463475100, 0.2007743594204121600 ) ) ;
#5541 = CARTESIAN_POINT ( 'NONE',  ( 0.7096153846153842000, -0.1618333292155423300, -0.1175787961237840000 ) ) ;
#5542 = ORIENTED_EDGE ( 'NONE', *, *, #1933, .F. ) ;
#5543 = CARTESIAN_POINT ( 'NONE',  ( 0.5192307692307685000, 0.2000369959355130500, 0.0000000000000000000 ) ) ;
#5544 = CARTESIAN_POINT ( 'NONE',  ( -0.1192307692307707500, -0.06181483124778579900, -0.1902464884845768400 ) ) ;
#5545 = CARTESIAN_POINT ( 'NONE',  ( 1.098076923076923000, -0.1236296624955716100, -0.1701616322928578600 ) ) ;
#5546 = VECTOR ( 'NONE', #914, 39.37007874015748100 ) ;
#5547 = EDGE_CURVE ( 'NONE', #4347, #751, #3475, .T. ) ;
#5548 = CARTESIAN_POINT ( 'NONE',  ( -0.1303645440264213400, -0.3418814316704607600, 0.1578439901823743800 ) ) ;
#5549 = VERTEX_POINT ( 'NONE', #3833 ) ;
#5550 = CARTESIAN_POINT ( 'NONE',  ( 0.5269230769230761600, 0.1618333292155423300, 0.1175787961237840100 ) ) ;
#5551 = EDGE_CURVE ( 'NONE', #1093, #1737, #1033, .T. ) ;
#5552 = CARTESIAN_POINT ( 'NONE',  ( 1.182692307692307500, 1.287908040090921200E-017, -0.2103313446762957200 ) ) ;
#5553 = CARTESIAN_POINT ( 'NONE',  ( 0.6249999999999992200, 0.2500000000000000000, 0.0000000000000000000 ) ) ;
#5554 = FACE_OUTER_BOUND ( 'NONE', #6553, .T. ) ;
#5555 = CARTESIAN_POINT ( 'NONE',  ( 0.9519230769230765400, -4.813149900984358400E-017, 0.2499999999999999700 ) ) ;
#5556 = CARTESIAN_POINT ( 'NONE',  ( -0.09423076923077058900, 0.1236296624955716000, 0.1701616322928579100 ) ) ;
#5557 = CARTESIAN_POINT ( 'NONE',  ( 0.7668269230769220200, 1.636393914928959700E-017, -0.2672434070081726200 ) ) ;
#5558 = EDGE_LOOP ( 'NONE', ( #1996, #4975, #3214, #4540, #3244, #2263 ) ) ;
#5559 = CARTESIAN_POINT ( 'NONE',  ( 0.2307692307692297600, -3.863724120272764700E-017, 0.2103313446762957200 ) ) ;
#5560 = CARTESIAN_POINT ( 'NONE',  ( 0.8480769230769225100, 0.2022542485937368600, -0.1469463130731182800 ) ) ;
#5561 = CARTESIAN_POINT ( 'NONE',  ( -0.3115384615384629900, 0.06181483124778577900, 0.1902464884845768400 ) ) ;
#5562 = CARTESIAN_POINT ( 'NONE',  ( 0.4105769230769219500, 0.1596549696361239700, 0.2197462137205352700 ) ) ;
#5563 = CYLINDRICAL_SURFACE ( 'NONE', #1898, 0.02249999999999999900 ) ;
#5564 =( LENGTH_UNIT ( ) NAMED_UNIT ( * ) SI_UNIT ( $, .METRE. ) );
#5565 = CARTESIAN_POINT ( 'NONE',  ( 0.3385097800594930600, -0.03959611008113411700, 0.2500000000000000000 ) ) ;
#5566 = CARTESIAN_POINT ( 'NONE',  ( 0.0000000000000000000, -3.061616997868383000E-017, 0.2500000000000000000 ) ) ;
#5567 = VERTEX_POINT ( 'NONE', #1073 ) ;
#5568 = CARTESIAN_POINT ( 'NONE',  ( 0.5807692307692301500, 0.06181483124778582700, -0.1902464884845768100 ) ) ;
#5569 = CARTESIAN_POINT ( 'NONE',  ( -0.3769230769230786400, -0.1236296624955716800, 0.1701616322928578300 ) ) ;
#5570 = CARTESIAN_POINT ( 'NONE',  ( 0.7749999999999995800, -0.2000369959355130200, 0.06499595995470997000 ) ) ;
#5571 = CARTESIAN_POINT ( 'NONE',  ( 0.5961538461538454800, 0.2000369959355130500, 0.0000000000000000000 ) ) ;
#5572 = CARTESIAN_POINT ( 'NONE',  ( 1.163461538461538500, -0.2000369959355130500, -2.449746667834781800E-017 ) ) ;
#5573 = CARTESIAN_POINT ( 'NONE',  ( 0.0000000000000000000, 0.0000000000000000000, 0.0000000000000000000 ) ) ;
#5574 = PLANE ( 'NONE',  #2681 ) ;
#5575 = CARTESIAN_POINT ( 'NONE',  ( 0.9596153846153845400, -0.1545084971874737300, 0.2126627020880099700 ) ) ;
#5576 = CARTESIAN_POINT ( 'NONE',  ( -0.06346153846153967900, -0.2000369959355130000, -0.06499595995471003900 ) ) ;
#5577 = CARTESIAN_POINT ( 'NONE',  ( 0.8206730769230763400, -0.2541635836720405600, 0.08258275440018624000 ) ) ;
#5578 = CARTESIAN_POINT ( 'NONE',  ( 0.1307692307692295600, 0.2000369959355130000, -0.06499595995471001100 ) ) ;
#5579 = EDGE_CURVE ( 'NONE', #2999, #2719, #4952, .T. ) ;
#5580 = DIRECTION ( 'NONE',  ( 0.0000000000000000000, -1.000000000000000000, 0.0000000000000000000 ) ) ;
#5581 = DIRECTION ( 'NONE',  ( 0.0000000000000000000, 0.0000000000000000000, 1.000000000000000000 ) ) ;
#5582 = CARTESIAN_POINT ( 'NONE',  ( 0.3567307692307680700, -0.2583271673440811200, 0.08393558474214593600 ) ) ;
#5583 = DIRECTION ( 'NONE',  ( -1.000000000000000000, 0.0000000000000000000, -0.0000000000000000000 ) ) ;
#5584 = ADVANCED_FACE ( 'NONE', ( #1855 ), #4658, .T. ) ;
#5585 = CARTESIAN_POINT ( 'NONE',  ( 0.5173076923076916900, 0.1618333292155423300, 0.1175787961237840100 ) ) ;
#5586 = CARTESIAN_POINT ( 'NONE',  ( 1.250000000000000000, 3.061616997868383000E-017, -0.2500000000000000000 ) ) ;
#5587 = DIRECTION ( 'NONE',  ( -1.000000000000000000, -0.0000000000000000000, -0.0000000000000000000 ) ) ;
#5588 = CARTESIAN_POINT ( 'NONE',  ( 0.5461538461538454300, -0.1236296624955716800, 0.1701616322928578300 ) ) ;
#5589 = CARTESIAN_POINT ( 'NONE',  ( -0.3730769230769248600, -0.1618333292155423300, 0.1175787961237839400 ) ) ;
#5590 = CIRCLE ( 'NONE', #6495, 0.01250000000000000200 ) ;
#5591 = CARTESIAN_POINT ( 'NONE',  ( 0.9942307692307690300, -0.06181483124778584100, 0.1902464884845768100 ) ) ;
#5592 =( BOUNDED_CURVE ( )  B_SPLINE_CURVE ( 2, ( #5614, #4467, #4493, #6803, #5661, #2762, #6730, #2813, #6178, #3324, #6755, #3999, #4568 ),
 .UNSPECIFIED., .F., .F. ) 
 B_SPLINE_CURVE_WITH_KNOTS ( ( 3, 2, 2, 2, 2, 2, 3 ),
 ( 0.2914390939239908100, 0.2936130069674690600, 0.2979608330544256700, 0.3023086591413821600, 0.3066564852283386600, 0.3110043113152951600, 0.3131782243587734000 ),
 .UNSPECIFIED. ) 
 CURVE ( )  GEOMETRIC_REPRESENTATION_ITEM ( )  RATIONAL_B_SPLINE_CURVE ( ( 0.9755282581475767100, 0.9755282581475767100, 1.000000000000000000, 0.9510565162951534200, 1.000000000000000000, 0.9510565162951534200, 1.000000000000000000, 0.9510565162951534200, 1.000000000000000000, 0.9510565162951534200, 1.000000000000000000, 0.9755282581475772700, 0.9755282581475767100 ) ) 
 REPRESENTATION_ITEM ( '' )  );
#5593 = CARTESIAN_POINT ( 'NONE',  ( 0.8615384615384608100, 0.2499999999999999200, -0.08122992405822653000 ) ) ;
#5594 = CARTESIAN_POINT ( 'NONE',  ( 0.6423076923076916900, -0.1618333292155423300, -0.1175787961237840000 ) ) ;
#5595 = CARTESIAN_POINT ( 'NONE',  ( 1.242270696372179700, -0.1614652471161084300, 0.1180837572091881600 ) ) ;
#5596 = CARTESIAN_POINT ( 'NONE',  ( 1.021153846153845900, -0.1236296624955716100, -0.1701616322928578600 ) ) ;
#5597 = CARTESIAN_POINT ( 'NONE',  ( 0.6923076923076915100, 1.750236327630675500E-017, -0.2499999999999999700 ) ) ;
#5598 = CARTESIAN_POINT ( 'NONE',  ( 1.023076923076922600, 0.2499999999999999200, 0.08122992405822664100 ) ) ;
#5599 = ORIENTED_EDGE ( 'NONE', *, *, #644, .T. ) ;
#5600 = EDGE_CURVE ( 'NONE', #937, #5601, #6590, .T. ) ;
#5601 = VERTEX_POINT ( 'NONE', #5195 ) ;
#5602 = CARTESIAN_POINT ( 'NONE',  ( -0.5156250000000000000, 0.3247595264191644500, 0.1874999999999999200 ) ) ;
#5603 = CARTESIAN_POINT ( 'NONE',  ( -0.1750000000000012700, 0.1618333292155423300, 0.1175787961237840100 ) ) ;
#5604 = CARTESIAN_POINT ( 'NONE',  ( 0.5975961538461528300, -0.2541635836720405100, -0.08258275440018630900 ) ) ;
#5605 = EDGE_LOOP ( 'NONE', ( #6029, #6652, #2353, #7210 ) ) ;
#5606 = CARTESIAN_POINT ( 'NONE',  ( 1.250000000000000000, 0.0000000000000000000, 0.0000000000000000000 ) ) ;
#5607 = DIRECTION ( 'NONE',  ( -1.000000000000000000, -0.0000000000000000000, -0.0000000000000000000 ) ) ;
#5608 = CARTESIAN_POINT ( 'NONE',  ( 0.2182692307692295500, -0.1596549696361239700, -0.2197462137205352100 ) ) ;
#5609 = CARTESIAN_POINT ( 'NONE',  ( -0.1310429897804382100, -1.104094692149880700E-026, -0.3749999999999999400 ) ) ;
#5610 = CARTESIAN_POINT ( 'NONE',  ( 0.3980769230769222700, -0.2000369959355130000, -0.06499595995471003900 ) ) ;
#5611 = CARTESIAN_POINT ( 'NONE',  ( 0.3634615384615375000, -0.2022542485937368100, -0.1469463130731182800 ) ) ;
#5612 = CARTESIAN_POINT ( 'NONE',  ( 0.4322115384615373700, -0.2056226585419196600, 0.1493936061522294100 ) ) ;
#5613 = ORIENTED_EDGE ( 'NONE', *, *, #5433, .T. ) ;
#5614 = CARTESIAN_POINT ( 'NONE',  ( 0.06730769230769109700, 1.312677245723006800E-017, -0.2499999999999999700 ) ) ;
#5615 = CARTESIAN_POINT ( 'NONE',  ( 0.5999999999999992000, 0.2000369959355130000, 0.06499595995471008100 ) ) ;
#5616 = CARTESIAN_POINT ( 'NONE',  ( 1.306730769230769300, 0.07982748481806199700, -0.2456837358386569100 ) ) ;
#5617 = CARTESIAN_POINT ( 'NONE',  ( 0.9019230769230767200, 0.1618333292155423300, 0.1175787961237840100 ) ) ;
#5618 = CARTESIAN_POINT ( 'NONE',  ( 0.4730769230769222800, -0.1618333292155423300, 0.1175787961237839400 ) ) ;
#5619 = CARTESIAN_POINT ( 'NONE',  ( 1.234979059360647800, 3.875198253007075700E-013, 0.2073286329470441200 ) ) ;
#5620 = CARTESIAN_POINT ( 'NONE',  ( 1.032692307692307600, 0.06181483124778582700, -0.1902464884845768100 ) ) ;
#5621 = CARTESIAN_POINT ( 'NONE',  ( 0.07662301824480763400, -0.1771476606529820100, 0.1055610704340205800 ) ) ;
#5622 = ADVANCED_FACE ( 'NONE', ( #1765, #2296 ), #5168, .T. ) ;
#5623 = CYLINDRICAL_SURFACE ( 'NONE', #1922, 0.2500000000000000000 ) ;
#5624 = CARTESIAN_POINT ( 'NONE',  ( -0.2326923076923090600, -0.1236296624955716800, 0.1701616322928578300 ) ) ;
#5625 = AXIS2_PLACEMENT_3D ( 'NONE', #3493, #4662, #1831 ) ;
#5626 = ORIENTED_EDGE ( 'NONE', *, *, #7284, .T. ) ;
#5627 = CARTESIAN_POINT ( 'NONE',  ( -0.4365384615384631500, -0.06181483124778579900, -0.1902464884845768400 ) ) ;
#5628 = CARTESIAN_POINT ( 'NONE',  ( 0.6437499999999990500, 0.1570817334117987900, 0.2162044579042725600 ) ) ;
#5629 = CARTESIAN_POINT ( 'NONE',  ( 0.08846153846153723100, -0.1618333292155423300, 0.1175787961237839400 ) ) ;
#5630 = FACE_OUTER_BOUND ( 'NONE', #3114, .T. ) ;
#5631 = CARTESIAN_POINT ( 'NONE',  ( 0.8403846153846148400, 0.07725424859373684900, -0.2377641290737883800 ) ) ;
#5632 = CARTESIAN_POINT ( 'NONE',  ( 0.1490384615384603200, 1.663200520685731400E-017, -0.2716212579567785500 ) ) ;
#5633 = CARTESIAN_POINT ( 'NONE',  ( 0.9384615384615375700, 0.2499999999999999200, -0.08122992405822653000 ) ) ;
#5634 = EDGE_LOOP ( 'NONE', ( #4652, #3921, #4636, #7049, #1727, #1292 ) ) ;
#5635 = CARTESIAN_POINT ( 'NONE',  ( 0.3057692307692298500, -0.1236296624955716700, 0.1701616322928578600 ) ) ;
#5636 = CARTESIAN_POINT ( 'NONE',  ( 0.2668269230769218500, -4.909181744786878600E-017, 0.2672434070081726200 ) ) ;
#5637 = CARTESIAN_POINT ( 'NONE',  ( 0.5076923076923070000, 0.1236296624955716700, -0.1701616322928578600 ) ) ;
#5638 = CARTESIAN_POINT ( 'NONE',  ( 1.295192307692307800, -0.1596549696361239700, -0.2197462137205352100 ) ) ;
#5639 = ORIENTED_EDGE ( 'NONE', *, *, #2072, .T. ) ;
#5640 = CARTESIAN_POINT ( 'NONE',  ( 0.8942307692307689400, 0.2000369959355130500, 0.0000000000000000000 ) ) ;
#5641 = EDGE_CURVE ( 'NONE', #1931, #5515, #3392, .T. ) ;
#5642 = CIRCLE ( 'NONE', #1421, 0.01250000000000000200 ) ;
#5643 = CARTESIAN_POINT ( 'NONE',  ( 0.8538461538461530300, 0.1545084971874737000, -0.2126627020880099400 ) ) ;
#5644 = CARTESIAN_POINT ( 'NONE',  ( 0.5538461538461531000, -0.2000369959355130200, 0.06499595995470997000 ) ) ;
#5645 = CARTESIAN_POINT ( 'NONE',  ( 0.8903846153846151100, 0.2000369959355130000, -0.06499595995471001100 ) ) ;
#5646 = CARTESIAN_POINT ( 'NONE',  ( 1.144230769230769200, 1.312677245723006800E-017, -0.2499999999999999700 ) ) ;
#5647 = CARTESIAN_POINT ( 'NONE',  ( 1.250000000000000000, 0.0000000000000000000, 0.0000000000000000000 ) ) ;
#5648 = CARTESIAN_POINT ( 'NONE',  ( -0.2173076923076937600, -0.2000369959355130000, -0.06499595995471003900 ) ) ;
#5649 = B_SPLINE_CURVE_WITH_KNOTS ( 'NONE', 3,
 ( #2207, #5707, #1268, #6902, #6927, #853 ),
 .UNSPECIFIED., .F., .F.,
 ( 4, 2, 4 ),
 ( 0.03247005648584899700, 0.03508205787821687400, 0.03769405927058474400 ),
 .UNSPECIFIED. ) ;
#5650 = CARTESIAN_POINT ( 'NONE',  ( -0.4711538461538477600, -3.863724120272764700E-017, 0.2103313446762957200 ) ) ;
#5651 = CARTESIAN_POINT ( 'NONE',  ( 0.5360576923076912900, 1.636393914928959700E-017, -0.2672434070081726200 ) ) ;
#5652 = AXIS2_PLACEMENT_3D ( 'NONE', #6881, #2232, #1707 ) ;
#5653 = DIRECTION ( 'NONE',  ( -1.000000000000000000, -0.0000000000000000000, -0.0000000000000000000 ) ) ;
#5654 = CARTESIAN_POINT ( 'NONE',  ( 1.250000000000000000, 0.0000000000000000000, 0.0000000000000000000 ) ) ;
#5655 = CARTESIAN_POINT ( 'NONE',  ( 0.2798076923076910900, -0.2583271673440811200, 0.08393558474214593600 ) ) ;
#5656 = CARTESIAN_POINT ( 'NONE',  ( 1.204784071747746500, -0.09971364010185472500, 0.2157325173735432100 ) ) ;
#5657 = ORIENTED_EDGE ( 'NONE', *, *, #6102, .F. ) ;
#5658 = CARTESIAN_POINT ( 'NONE',  ( 0.3749999999999991700, -3.863724120272764700E-017, 0.2103313446762957200 ) ) ;
#5659 = CARTESIAN_POINT ( 'NONE',  ( 0.7884615384615376600, 0.2499999999999999700, 0.0000000000000000000 ) ) ;
#5660 = CARTESIAN_POINT ( 'NONE',  ( 0.4014423076923065400, 0.2541635836720405100, 0.0000000000000000000 ) ) ;
#5661 = CARTESIAN_POINT ( 'NONE',  ( 0.07884615384615242800, 0.2022542485937368600, -0.1469463130731182800 ) ) ;
#5662 = CARTESIAN_POINT ( 'NONE',  ( 0.2769230769230759400, 0.1236296624955716700, -0.1701616322928578600 ) ) ;
#5663 = CARTESIAN_POINT ( 'NONE',  ( -0.3346153846153861500, 0.1618333292155423300, -0.1175787961237839500 ) ) ;
#5664 = CARTESIAN_POINT ( 'NONE',  ( 0.5326923076923070200, -0.06181483124778584100, 0.1902464884845768100 ) ) ;
#5665 = CARTESIAN_POINT ( 'NONE',  ( 0.8442307692307689000, -0.1236296624955716800, 0.1701616322928578300 ) ) ;
#5666 = CARTESIAN_POINT ( 'NONE',  ( 0.3115384615384605400, -0.06181483124778584100, 0.1902464884845768100 ) ) ;
#5667 = DIRECTION ( 'NONE',  ( 0.0000000000000000000, -0.8660254037844362700, 0.5000000000000041100 ) ) ;
#5668 = CARTESIAN_POINT ( 'NONE',  ( 0.7980769230769226800, 1.287908040090921200E-017, -0.2103313446762957200 ) ) ;
#5669 = CARTESIAN_POINT ( 'NONE',  ( 0.7019230769230762100, 0.2500000000000000000, 0.0000000000000000000 ) ) ;
#5670 = CARTESIAN_POINT ( 'NONE',  ( -0.2711538461538474700, 0.1236296624955716700, -0.1701616322928578600 ) ) ;
#5671 = CARTESIAN_POINT ( 'NONE',  ( -0.3980769230769247200, 0.06181483124778577900, 0.1902464884845768400 ) ) ;
#5672 = CARTESIAN_POINT ( 'NONE',  ( 0.5591346153846144000, 0.2541635836720405100, 0.08258275440018635100 ) ) ;
#5673 = ORIENTED_EDGE ( 'NONE', *, *, #7005, .F. ) ;
#5674 = CARTESIAN_POINT ( 'NONE',  ( 0.4019230769230758800, 0.2022542485937368100, 0.1469463130731183400 ) ) ;
#5675 = EDGE_CURVE ( 'NONE', #4624, #2093, #3608, .T. ) ;
#5676 = CARTESIAN_POINT ( 'NONE',  ( -0.1012136957216079300, -0.2230015414744929100, -0.3637499999999999600 ) ) ;
#5677 = CARTESIAN_POINT ( 'NONE',  ( 0.1567307692307679500, 0.1596549696361239700, -0.2197462137205352100 ) ) ;
#5678 = CARTESIAN_POINT ( 'NONE',  ( 1.196181477325426200, -0.03250105780769882400, 0.2445081193615735200 ) ) ;
#5679 = VERTEX_POINT ( 'NONE', #3955 ) ;
#5680 = ORIENTED_EDGE ( 'NONE', *, *, #6625, .F. ) ;
#5681 = CARTESIAN_POINT ( 'NONE',  ( 0.4288461538461530400, 0.2000369959355130000, -0.06499595995471001100 ) ) ;
#5682 = CARTESIAN_POINT ( 'NONE',  ( -0.5136250000000000000, -0.05062499999999918500, 0.08768507213317487700 ) ) ;
#5683 = CARTESIAN_POINT ( 'NONE',  ( 0.4475961538461528100, -0.2056226585419196300, -0.1493936061522294400 ) ) ;
#5684 = CARTESIAN_POINT ( 'NONE',  ( 1.036538461538461400, -0.1545084971874737300, 0.2126627020880099700 ) ) ;
#5685 = CARTESIAN_POINT ( 'NONE',  ( 0.3115384615384605400, -0.06181483124778584100, 0.1902464884845768100 ) ) ;
#5686 = CARTESIAN_POINT ( 'NONE',  ( 1.206730769230769200, -0.2583271673440810700, -3.163595386207315100E-017 ) ) ;
#5687 = EDGE_CURVE ( 'NONE', #3701, #5362, #1172, .T. ) ;
#5688 = CARTESIAN_POINT ( 'NONE',  ( 0.5173076923076916900, 0.1618333292155423300, 0.1175787961237840100 ) ) ;
#5689 = CARTESIAN_POINT ( 'NONE',  ( 0.5326923076923070200, -0.06181483124778584100, 0.1902464884845768100 ) ) ;
#5690 = VERTEX_POINT ( 'NONE', #4760 ) ;
#5691 = ORIENTED_EDGE ( 'NONE', *, *, #6204, .F. ) ;
#5692 = CARTESIAN_POINT ( 'NONE',  ( -0.5156250000000000000, 0.4330127018922192400, 3.556469460193739500E-017 ) ) ;
#5693 = CARTESIAN_POINT ( 'NONE',  ( 0.3692307692307684200, 0.2000369959355130000, 0.06499595995471008100 ) ) ;
#5694 = CARTESIAN_POINT ( 'NONE',  ( 0.8057692307692304600, 0.1236296624955716500, -0.1701616322928578600 ) ) ;
#5695 = CARTESIAN_POINT ( 'NONE',  ( 0.05886602520936344600, -0.01362290021967761300, 0.2160136844992507600 ) ) ;
#5696 = AXIS2_PLACEMENT_3D ( 'NONE', #1423, #6566, #302 ) ;
#5697 = CARTESIAN_POINT ( 'NONE',  ( -0.2019230769230784500, 1.287908040090921300E-017, -0.2103313446762957200 ) ) ;
#5698 = ORIENTED_EDGE ( 'NONE', *, *, #2985, .T. ) ;
#5699 = CARTESIAN_POINT ( 'NONE',  ( -0.2596153846153859700, 0.2000369959355130500, 0.0000000000000000000 ) ) ;
#5700 = CARTESIAN_POINT ( 'NONE',  ( -0.5156250000000000000, 0.2887499999999999500, -2.062764452313822400E-017 ) ) ;
#5701 = CARTESIAN_POINT ( 'NONE',  ( -0.2701923076923094500, -0.07982748481806203900, 0.2456837358386569100 ) ) ;
#5702 = CARTESIAN_POINT ( 'NONE',  ( 0.1105769230769216800, -4.989601562057195500E-017, 0.2716212579567785500 ) ) ;
#5703 = CARTESIAN_POINT ( 'NONE',  ( 0.03070674200670985400, -0.1942133853307061700, 0.1276245020528083400 ) ) ;
#5704 = LINE ( 'NONE', #7058, #1841 ) ;
#5705 = ORGANIZATION ( 'UNSPECIFIED', 'UNSPECIFIED', '' ) ;
#5706 = CARTESIAN_POINT ( 'NONE',  ( 0.09038461538461435600, -0.2000369959355120200, -0.06499595995471145500 ) ) ;
#5707 = CARTESIAN_POINT ( 'NONE',  ( -0.4948730081594575100, 0.1705544814411004700, -0.3750000000000000600 ) ) ;
#5708 = CARTESIAN_POINT ( 'NONE',  ( 0.4783653846153835800, 0.2541635836720405100, 0.0000000000000000000 ) ) ;
#5709 = CARTESIAN_POINT ( 'NONE',  ( 1.028846153846153500, 4.594370360030522900E-016, 0.2500000000000000600 ) ) ;
#5710 = EDGE_LOOP ( 'NONE', ( #117, #3804, #5069, #5673 ) ) ;
#5711 = CARTESIAN_POINT ( 'NONE',  ( 0.4384615384615375100, 0.2000369959355130000, -0.06499595995470999800 ) ) ;
#5712 = CARTESIAN_POINT ( 'NONE',  ( 1.114423076923076700, -0.07982748481806203900, 0.2456837358386569100 ) ) ;
#5713 = CARTESIAN_POINT ( 'NONE',  ( 0.6057692307692302800, -3.863724120272764700E-017, 0.2103313446762957200 ) ) ;
#5714 = CARTESIAN_POINT ( 'NONE',  ( 0.5673076923076916200, 1.287908040090921300E-017, -0.2103313446762957200 ) ) ;
#5715 = FACE_OUTER_BOUND ( 'NONE', #6297, .T. ) ;
#5716 = CARTESIAN_POINT ( 'NONE',  ( 0.8749999999999996700, -4.813149900984358400E-017, 0.2499999999999999700 ) ) ;
#5717 = EDGE_LOOP ( 'NONE', ( #1625, #4219, #3558, #4113 ) ) ;
#5718 = CARTESIAN_POINT ( 'NONE',  ( 0.2538461538461528900, -0.2000369959355130000, -0.06499595995471003900 ) ) ;
#5719 = CARTESIAN_POINT ( 'NONE',  ( -0.5156250000000000000, 0.1012499999999999900, 0.009250000000000001300 ) ) ;
#5720 = CARTESIAN_POINT ( 'NONE',  ( 0.9173076923076920500, -0.06181483124778584100, 0.1902464884845768100 ) ) ;
#5721 = CARTESIAN_POINT ( 'NONE',  ( 0.6903846153846148200, 0.1545084971874737300, -0.2126627020880100000 ) ) ;
#5722 = CARTESIAN_POINT ( 'NONE',  ( -0.2365384615384628600, -0.06181483124778584100, 0.1902464884845768100 ) ) ;
#5723 = EDGE_CURVE ( 'NONE', #1827, #668, #1235, .T. ) ;
#5724 = CARTESIAN_POINT ( 'NONE',  ( -0.2865384615384630700, -0.1236296624955716100, -0.1701616322928578600 ) ) ;
#5725 = EDGE_LOOP ( 'NONE', ( #1721, #5873, #5322, #1390 ) ) ;
#5726 = CARTESIAN_POINT ( 'NONE',  ( 0.9903846153846152000, 5.206953074701259500E-016, -0.2500000000000000600 ) ) ;
#5727 =( BOUNDED_CURVE ( )  B_SPLINE_CURVE ( 2, ( #4303, #4251, #287, #7124, #1957, #3714, #1459, #6063, #829, #2525, #5476, #4876, #5450, #2003, #6550, #6034, #3167, #2600, #5422, #3769, #4930, #806, #5500, #5969, #1383, #2549, #4851, #2053, #6530, #3142, #336, #6624, #2624, #1979, #7081, #6014, #3669, #4346, #3741, #2575, #7153, #313, #4325, #244, #881, #3118, #7102, #1408, #931, #2077, #3241, #6646, #379, #3218, #6088, #5527, #3793, #360, #7221, #2649, #4407, #7200, #1510, #3814, #4376, #4951, #2951, #4672, #3422, #2842, #1166, #2392, #6937, #3527, #2365, #4618, #4030, #4053, #6831, #4644, #6859, #18, #646, #1220, #4692, #5839, #4082, #5740, #7405, #5761, #75, #6377, #3504, #5236, #2894, #1739, #561, #592, #4110, #4002, #669, #101, #5787, #5189, #1248, #2311, #2336, #6329, #5261, #6884, #3477, #1767, #45, #3449, #619, #1815, #1792, #1140, #5812, #6911, #4592, #1190, #5214, #5161, #1710, #6354, #2923, #2283, #6302, #2869, #1938, #5933, #1295, #6968, #4134, #5307, #741, #5952, #5332, #4766, #3649, #4787, #4743, #1345, #226, #4810, #1842, #1889, #764, #5285, #5860, #7041, #202, #1322, #5911, #178, #3578, #5359, #4213, #150, #2466, #1913, #3055, #6471, #3625, #4718, #2490, #6497, #1869, #3077, #7067, #3002, #2416, #4158, #1272, #6405, #4234, #5887, #3551, #3027, #789, #694, #1366, #5382, #2975, #124, #6426, #6988, #722, #2437, #6449, #7016, #3597, #4185, #5481, #7158, #861, #1414, #4283, #3748, #321, #3722, #2512, #4310, #6536, #2605, #7133, #1963, #2556, #4885, #5404, #2532, #4329, #888, #4908, #294, #6556, #6518, #4355, #812, #836, #274, #3774, #3103, #340, #2581, #2058, #4260, #1439, #7087, #5428, #3197, #2010, #5458, #2032, #5975, #909, #3676, #5510, #1466, #6019, #4836, #6042, #6585, #6606, #1391, #3149, #3174, #249, #4937, #7181, #7110, #1490, #3125, #3695, #4858, #1985, #5997, #6629, #3798, #962, #3268, #4434, #5559, #4458, #2129, #1010, #4414, #5031, #7296, #4484, #1516, #5006, #436, #4955, #5533, #6696, #7272, #989, #1556, #7246, #5053, #4983, #1605, #3845, #2631, #3869, #2698, #408, #5578, #4382, #3294, #1580, #1532, #2723, #6168, #2656, #2083, #3246, #938, #5629, #1034, #6070 ),
 .UNSPECIFIED., .F., .F. ) 
 B_SPLINE_CURVE_WITH_KNOTS ( ( 3, 2, 2, 2, 2, 2, 2, 2, 2, 2, 2, 2, 2, 2, 2, 2, 2, 2, 2, 2, 2, 2, 2, 2, 2, 2, 2, 2, 2, 2, 2, 2, 2, 2, 2, 2, 2, 2, 2, 2, 2, 2, 2, 2, 2, 2, 2, 2, 2, 2, 2, 2, 2, 2, 2, 2, 2, 2, 2, 2, 2, 2, 2, 2, 2, 2, 2, 2, 2, 2, 2, 2, 2, 2, 2, 2, 2, 2, 2, 2, 2, 2, 2, 2, 2, 2, 2, 2, 2, 2, 2, 2, 2, 2, 2, 2, 2, 2, 2, 2, 2, 2, 2, 2, 2, 2, 2, 2, 2, 2, 2, 2, 2, 2, 2, 2, 2, 2, 2, 2, 2, 2, 2, 2, 2, 2, 2, 2, 2, 2, 2, 2, 2, 2, 2, 2, 2, 2, 2, 2, 2, 2, 2, 2, 2, 2, 2, 2, 2, 2, 2, 3 ),
 ( 0.02610892684745207100, 0.03043478260869565300, 0.03478260869565217400, 0.03913043478260869900, 0.04347826086956521600, 0.04782608695652174100, 0.05217391304347825800, 0.05652173913043477500, 0.06086956521739130700, 0.06521739130434782400, 0.06956521739130434900, 0.07391304347826087300, 0.07826086956521741100, 0.08260869565217390800, 0.08695652173913043200, 0.09130434782608695700, 0.09565217391304348100, 0.1000000000000000100, 0.1043478260869565200, 0.1086956521739130400, 0.1130434782608695600, 0.1173913043478260900, 0.1217391304347826100, 0.1260869565217391200, 0.1304347826086956500, 0.1347826086956521700, 0.1391304347826086700, 0.1434782608695652200, 0.1478260869565217500, 0.1521739130434782700, 0.1565217391304348200, 0.1608695652173913200, 0.1652173913043478200, 0.1695652173913043700, 0.1739130434782608600, 0.1782608695652174200, 0.1826086956521739100, 0.1869565217391304700, 0.1913043478260869600, 0.1956521739130435100, 0.2000000000000000100, 0.2043478260869565600, 0.2086956521739130600, 0.2130434782608695600, 0.2173913043478261100, 0.2217391304347826100, 0.2260869565217391600, 0.2304347826086956500, 0.2347826086956521500, 0.2391304347826087000, 0.2434782608695652600, 0.2478260869565217000, 0.2521739130434781900, 0.2565217391304348000, 0.2608695652173913000, 0.2652173913043478500, 0.2695652173913043500, 0.2739130434782608400, 0.2782608695652173900, 0.2826086956521738900, 0.2869565217391304400, 0.2913043478260869400, 0.2956521739130434900, 0.2999999999999999900, 0.3043478260869565400, 0.3086956521739130400, 0.3130434782608695900, 0.3173913043478260900, 0.3217391304347825800, 0.3260869565217391400, 0.3304347826086956300, 0.3347826086956521800, 0.3391304347826086800, 0.3434782608695652300, 0.3478260869565217300, 0.3521739130434782800, 0.3565217391304347800, 0.3608695652173913300, 0.3652173913043478300, 0.3695652173913043200, 0.3739130434782608800, 0.3782608695652173700, 0.3826086956521739200, 0.3869565217391304200, 0.3913043478260869700, 0.3956521739130434700, 0.4000000000000000200, 0.4043478260869565200, 0.4086956521739130700, 0.4130434782608695700, 0.4173913043478260600, 0.4217391304347825600, 0.4260869565217391100, 0.4304347826086956700, 0.4347826086956521100, 0.4391304347826087700, 0.4434782608695652100, 0.4478260869565217600, 0.4521739130434783100, 0.4565217391304347600, 0.4608695652173913100, 0.4652173913043478600, 0.4695652173913043600, 0.4739130434782608500, 0.4782608695652173500, 0.4826086956521739000, 0.4869565217391304500, 0.4913043478260869000, 0.4956521739130435600, 0.5000000000000000000, 0.5043478260869563900, 0.5086956521739129900, 0.5130434782608696000, 0.5173913043478261000, 0.5217391304347825900, 0.5260869565217390900, 0.5304347826086957000, 0.5347826086956522000, 0.5391304347826086900, 0.5434782608695651900, 0.5478260869565216900, 0.5521739130434782900, 0.5565217391304347900, 0.5608695652173912900, 0.5652173913043477800, 0.5695652173913043900, 0.5739130434782608900, 0.5782608695652173800, 0.5826086956521738800, 0.5869565217391304900, 0.5913043478260869800, 0.5956521739130434800, 0.5999999999999999800, 0.6043478260869564700, 0.6086956521739130800, 0.6130434782608695800, 0.6173913043478260800, 0.6217391304347825700, 0.6260869565217391800, 0.6304347826086956800, 0.6347826086956521700, 0.6391304347826086700, 0.6434782608695651700, 0.6478260869565217700, 0.6521739130434782700, 0.6565217391304347700, 0.6608695652173912600, 0.6652173913043478700, 0.6695652173913043700, 0.6739130434782608600, 0.6782608695652173600, 0.6793680206795143000 ),
 .UNSPECIFIED. ) 
 CURVE ( )  GEOMETRIC_REPRESENTATION_ITEM ( )  RATIONAL_B_SPLINE_CURVE ( ( 0.9995078595341584400, 0.9513038362792134400, 1.000000000000000000, 0.9510565162951535300, 1.000000000000000000, 0.9510565162951535300, 1.000000000000000000, 0.9510565162951535300, 1.000000000000000000, 0.9510565162951535300, 1.000000000000000000, 0.9510565162951535300, 1.000000000000000000, 0.9510565162951535300, 1.000000000000000000, 0.9510565162951535300, 1.000000000000000000, 0.9510565162951535300, 1.000000000000000000, 0.9510565162951535300, 1.000000000000000000, 0.9510565162951535300, 1.000000000000000000, 0.9510565162951535300, 1.000000000000000000, 0.9510565162951535300, 1.000000000000000000, 0.9510565162951535300, 1.000000000000000000, 0.9510565162951535300, 1.000000000000000000, 0.9510565162951535300, 1.000000000000000000, 0.9510565162951535300, 1.000000000000000000, 0.9510565162951535300, 1.000000000000000000, 0.9510565162951535300, 1.000000000000000000, 0.9510565162951535300, 1.000000000000000000, 0.9510565162951535300, 1.000000000000000000, 0.9510565162951535300, 1.000000000000000000, 0.9510565162951535300, 1.000000000000000000, 0.9510565162951535300, 1.000000000000000000, 0.9510565162951535300, 1.000000000000000000, 0.9510565162951535300, 1.000000000000000000, 0.9510565162951535300, 1.000000000000000000, 0.9510565162951535300, 1.000000000000000000, 0.9510565162951535300, 1.000000000000000000, 0.9510565162951535300, 1.000000000000000000, 0.9510565162951535300, 1.000000000000000000, 0.9510565162951535300, 1.000000000000000000, 0.9510565162951535300, 1.000000000000000000, 0.9510565162951535300, 1.000000000000000000, 0.9510565162951535300, 1.000000000000000000, 0.9510565162951535300, 1.000000000000000000, 0.9510565162951535300, 1.000000000000000000, 0.9510565162951535300, 1.000000000000000000, 0.9510565162951535300, 1.000000000000000000, 0.9510565162951535300, 1.000000000000000000, 0.9510565162951535300, 1.000000000000000000, 0.9510565162951535300, 1.000000000000000000, 0.9510565162951535300, 1.000000000000000000, 0.9510565162951535300, 1.000000000000000000, 0.9510565162951535300, 1.000000000000000000, 0.9510565162951535300, 1.000000000000000000, 0.9510565162951535300, 1.000000000000000000, 0.9510565162951535300, 1.000000000000000000, 0.9510565162951535300, 1.000000000000000000, 0.9510565162951535300, 1.000000000000000000, 0.9510565162951535300, 1.000000000000000000, 0.9510565162951535300, 1.000000000000000000, 0.9510565162951535300, 1.000000000000000000, 0.9510565162951535300, 1.000000000000000000, 0.9510565162951535300, 1.000000000000000000, 0.9510565162951535300, 1.000000000000000000, 0.9510565162951535300, 1.000000000000000000, 0.9510565162951535300, 1.000000000000000000, 0.9510565162951535300, 1.000000000000000000, 0.9510565162951535300, 1.000000000000000000, 0.9510565162951535300, 1.000000000000000000, 0.9510565162951535300, 1.000000000000000000, 0.9510565162951535300, 1.000000000000000000, 0.9510565162951535300, 1.000000000000000000, 0.9510565162951535300, 1.000000000000000000, 0.9510565162951535300, 1.000000000000000000, 0.9510565162951535300, 1.000000000000000000, 0.9510565162951535300, 1.000000000000000000, 0.9510565162951535300, 1.000000000000000000, 0.9510565162951535300, 1.000000000000000000, 0.9510565162951535300, 1.000000000000000000, 0.9510565162951535300, 1.000000000000000000, 0.9510565162951535300, 1.000000000000000000, 0.9510565162951535300, 1.000000000000000000, 0.9510565162951535300, 1.000000000000000000, 0.9510565162951535300, 1.000000000000000000, 0.9510565162951535300, 1.000000000000000000, 0.9510565162951535300, 1.000000000000000000, 0.9510565162951535300, 1.000000000000000000, 0.9510565162951535300, 1.000000000000000000, 0.9510565162951535300, 1.000000000000000000, 0.9510565162951535300, 1.000000000000000000, 0.9510565162951535300, 1.000000000000000000, 0.9510565162951535300, 1.000000000000000000, 0.9510565162951535300, 1.000000000000000000, 0.9510565162951535300, 1.000000000000000000, 0.9510565162951535300, 1.000000000000000000, 0.9510565162951535300, 1.000000000000000000, 0.9510565162951535300, 1.000000000000000000, 0.9510565162951535300, 1.000000000000000000, 0.9510565162951535300, 1.000000000000000000, 0.9510565162951535300, 1.000000000000000000, 0.9510565162951535300, 1.000000000000000000, 0.9510565162951535300, 1.000000000000000000, 0.9510565162951535300, 1.000000000000000000, 0.9510565162951535300, 1.000000000000000000, 0.9510565162951535300, 1.000000000000000000, 0.9510565162951535300, 1.000000000000000000, 0.9510565162951535300, 1.000000000000000000, 0.9510565162951535300, 1.000000000000000000, 0.9510565162951535300, 1.000000000000000000, 0.9510565162951535300, 1.000000000000000000, 0.9510565162951535300, 1.000000000000000000, 0.9510565162951535300, 1.000000000000000000, 0.9510565162951535300, 1.000000000000000000, 0.9510565162951535300, 1.000000000000000000, 0.9510565162951535300, 1.000000000000000000, 0.9510565162951535300, 1.000000000000000000, 0.9510565162951535300, 1.000000000000000000, 0.9510565162951535300, 1.000000000000000000, 0.9510565162951535300, 1.000000000000000000, 0.9510565162951535300, 1.000000000000000000, 0.9510565162951535300, 1.000000000000000000, 0.9510565162951535300, 1.000000000000000000, 0.9510565162951535300, 1.000000000000000000, 0.9510565162951535300, 1.000000000000000000, 0.9510565162951535300, 1.000000000000000000, 0.9510565162951535300, 1.000000000000000000, 0.9510565162951535300, 1.000000000000000000, 0.9510565162951535300, 1.000000000000000000, 0.9510565162951535300, 1.000000000000000000, 0.9510565162951535300, 1.000000000000000000, 0.9510565162951535300, 1.000000000000000000, 0.9510565162951535300, 1.000000000000000000, 0.9510565162951535300, 1.000000000000000000, 0.9510565162951535300, 1.000000000000000000, 0.9510565162951535300, 1.000000000000000000, 0.9510565162951535300, 1.000000000000000000, 0.9510565162951535300, 1.000000000000000000, 0.9510565162951535300, 1.000000000000000000, 0.9510565162951535300, 1.000000000000000000, 0.9510565162951535300, 1.000000000000000000, 0.9510565162951535300, 1.000000000000000000, 0.9510565162951535300, 1.000000000000000000, 0.9510565162951535300, 1.000000000000000000, 0.9510565162951535300, 1.000000000000000000, 0.9510565162951535300, 1.000000000000000000, 0.9510565162951535300, 1.000000000000000000, 0.9510565162951535300, 1.000000000000000000, 0.9510565162951535300, 1.000000000000000000, 0.9510565162951535300, 1.000000000000000000, 0.9510565162951535300, 1.000000000000000000, 0.9510565162951535300, 1.000000000000000000, 0.9510565162951535300, 1.000000000000000000, 0.9510565162951535300, 1.000000000000000000, 0.9510565162951535300, 1.000000000000000000, 0.9510565162951535300, 1.000000000000000000, 0.9510565162951535300, 1.000000000000000000, 0.9510565162951535300, 1.000000000000000000, 0.9510565162951535300, 1.000000000000000000, 0.9875367985200791400, 0.9814209748470110700 ) ) 
 REPRESENTATION_ITEM ( '' )  );
#5728 = CARTESIAN_POINT ( 'NONE',  ( -0.4906249999999999800, 0.2887499999999999500, -0.01125000000000002000 ) ) ;
#5729 = CARTESIAN_POINT ( 'NONE',  ( 0.2692307692307679400, -4.375590819076688800E-017, 0.2499999999999999700 ) ) ;
#5730 = CARTESIAN_POINT ( 'NONE',  ( -0.3394230769230788300, -0.2089910684901025400, 0.1518408992313405900 ) ) ;
#5731 = CARTESIAN_POINT ( 'NONE',  ( -0.06634615384615534500, 0.2583271673440810700, -0.08393558474214596300 ) ) ;
#5732 = CARTESIAN_POINT ( 'NONE',  ( 0.04521848449518445900, -0.1216382650313719100, -0.1881169635245203700 ) ) ;
#5733 = LINE ( 'NONE', #5950, #6603 ) ;
#5734 = VERTEX_POINT ( 'NONE', #715 ) ;
#5735 = EDGE_CURVE ( 'NONE', #7293, #1410, #74, .T. ) ;
#5736 = CARTESIAN_POINT ( 'NONE',  ( 0.1980769230769220700, 0.2000369959355130000, -0.06499595995471001100 ) ) ;
#5737 = CARTESIAN_POINT ( 'NONE',  ( 0.7807692307692299900, 0.2022542485937368600, -0.1469463130731182600 ) ) ;
#5738 = CARTESIAN_POINT ( 'NONE',  ( 0.1860576923076909300, 0.07854086670589938100, 0.2417239324562226500 ) ) ;
#5739 = CARTESIAN_POINT ( 'NONE',  ( -0.5156250000000000000, 6.829619984160658000E-017, 0.3440070881318968400 ) ) ;
#5740 = CARTESIAN_POINT ( 'NONE',  ( 0.9076923076923072400, 0.2000369959355130000, 0.06499595995471006700 ) ) ;
#5741 = CYLINDRICAL_SURFACE ( 'NONE', #6117, 0.2500000000000000000 ) ;
#5742 = CARTESIAN_POINT ( 'NONE',  ( 0.4730769230769222800, -0.1618333292155423300, 0.1175787961237839400 ) ) ;
#5743 = CARTESIAN_POINT ( 'NONE',  ( 1.272115384615384500, -0.1596549696361239900, 0.2197462137205351800 ) ) ;
#5744 = CARTESIAN_POINT ( 'NONE',  ( 0.5134615384615376400, 0.2000369959355130000, 0.06499595995471008100 ) ) ;
#5745 = CARTESIAN_POINT ( 'NONE',  ( 0.5711538461538455700, 0.06181483124778582700, -0.1902464884845768100 ) ) ;
#5746 = CARTESIAN_POINT ( 'NONE',  ( 0.9635097800594935000, -0.03959611008113510200, 0.2499999999999996700 ) ) ;
#5747 = CARTESIAN_POINT ( 'NONE',  ( 0.3923076923076914100, -0.1236296624955716800, 0.1701616322928578300 ) ) ;
#5748 = CARTESIAN_POINT ( 'NONE',  ( -0.5136250000000000000, 0.2887499999999999500, -2.062764452313822400E-017 ) ) ;
#5749 = CARTESIAN_POINT ( 'NONE',  ( 0.7749999999999994700, -0.2000369959355130800, 0.06499595995470997000 ) ) ;
#5750 = CARTESIAN_POINT ( 'NONE',  ( -0.3596153846153862800, -0.06181483124778579900, -0.1902464884845768400 ) ) ;
#5751 = CARTESIAN_POINT ( 'NONE',  ( 0.001923076923075539700, 0.2022542485937368600, -0.1469463130731182800 ) ) ;
#5752 = CARTESIAN_POINT ( 'NONE',  ( 1.265384615384615300, -0.06181483124778579900, -0.1902464884845768400 ) ) ;
#5753 = CARTESIAN_POINT ( 'NONE',  ( 0.2327405492902619400, 0.03959611008113407500, -0.2499999999999999200 ) ) ;
#5754 = CARTESIAN_POINT ( 'NONE',  ( -0.2394230769230785100, -0.07982748481806198300, -0.2456837358386569400 ) ) ;
#5755 = CARTESIAN_POINT ( 'NONE',  ( -0.07019230769230910800, 0.2089910684901025400, -0.1518408992313406100 ) ) ;
#5756 = CARTESIAN_POINT ( 'NONE',  ( 0.1442307692307681600, -3.863724120272764700E-017, 0.2103313446762957200 ) ) ;
#5757 = CARTESIAN_POINT ( 'NONE',  ( 0.8057209891712743300, 0.03959611008113401300, 0.2499999999999999200 ) ) ;
#5758 = CARTESIAN_POINT ( 'NONE',  ( 0.05144230769230621200, -0.2541635836720405600, 0.08258275440018624000 ) ) ;
#5759 = CARTESIAN_POINT ( 'NONE',  ( -0.5136250000000000000, -0.1523857349850072100, -0.2454398353427559600 ) ) ;
#5760 = ADVANCED_FACE ( 'NONE', ( #3917 ), #781, .T. ) ;
#5761 = CARTESIAN_POINT ( 'NONE',  ( 0.8999999999999996900, 0.2000369959355130000, -0.06499595995471001100 ) ) ;
#5762 = CARTESIAN_POINT ( 'NONE',  ( 0.3653846153846144800, 0.2000369959355130500, 0.0000000000000000000 ) ) ;
#5763 = CARTESIAN_POINT ( 'NONE',  ( 1.033653846153845600, -4.989601562057195500E-017, 0.2716212579567785500 ) ) ;
#5764 = CARTESIAN_POINT ( 'NONE',  ( 0.3596153846153837800, 0.2000369959355130000, 0.06499595995471008100 ) ) ;
#5765 = VECTOR ( 'NONE', #7247, 39.37007874015748100 ) ;
#5766 = CARTESIAN_POINT ( 'NONE',  ( 0.6903846153846148200, -0.1236296624955716800, 0.1701616322928578300 ) ) ;
#5767 = CARTESIAN_POINT ( 'NONE',  ( 0.9980286814789668400, -0.03959611008113404100, -0.2499999999999999200 ) ) ;
#5768 = CARTESIAN_POINT ( 'NONE',  ( 0.3730769230769221400, 0.1618333292155423300, 0.1175787961237840100 ) ) ;
#5769 = CARTESIAN_POINT ( 'NONE',  ( 0.03461538461538313900, 0.07725424859373679300, 0.2377641290737883800 ) ) ;
#5770 = CARTESIAN_POINT ( 'NONE',  ( 0.6673076923076918200, 0.2000369959355130000, 0.06499595995471006700 ) ) ;
#5771 = DIRECTION ( 'NONE',  ( 0.0000000000000000000, 0.0000000000000000000, 1.000000000000000000 ) ) ;
#5772 = ORIENTED_EDGE ( 'NONE', *, *, #2724, .T. ) ;
#5773 = CARTESIAN_POINT ( 'NONE',  ( -0.4019230769230784900, 0.1236296624955716000, 0.1701616322928579100 ) ) ;
#5774 = CARTESIAN_POINT ( 'NONE',  ( 1.204317271638009300, -0.1720217676378582300, -0.1648898666178736400 ) ) ;
#5775 = CARTESIAN_POINT ( 'NONE',  ( 0.02499999999999866200, 0.07725424859373679300, 0.2377641290737884100 ) ) ;
#5776 = VERTEX_POINT ( 'NONE', #2484 ) ;
#5777 = CARTESIAN_POINT ( 'NONE',  ( 0.8365384615384611200, 1.312677245723006800E-017, -0.2499999999999999700 ) ) ;
#5778 = ORIENTED_EDGE ( 'NONE', *, *, #2072, .F. ) ;
#5779 = CARTESIAN_POINT ( 'NONE',  ( -0.3317307692307709900, -0.2583271673440810700, -3.163595386207315100E-017 ) ) ;
#5780 = CARTESIAN_POINT ( 'NONE',  ( -0.1009615384615400300, -0.2583271673440810700, -3.163595386207315100E-017 ) ) ;
#5781 = CARTESIAN_POINT ( 'NONE',  ( 0.5480769230769223500, 0.2500000000000000000, 0.0000000000000000000 ) ) ;
#5782 = CARTESIAN_POINT ( 'NONE',  ( 0.2557692307692299200, -0.06181483124778579900, -0.1902464884845768400 ) ) ;
#5783 = CARTESIAN_POINT ( 'NONE',  ( 0.005759653866312657900, 0.2438042362282422400, -0.03939492430569880400 ) ) ;
#5784 = CARTESIAN_POINT ( 'NONE',  ( 0.02451923076922931900, 0.2056226585419196300, 0.1493936061522294900 ) ) ;
#5785 = ORIENTED_EDGE ( 'NONE', *, *, #173, .T. ) ;
#5786 = EDGE_CURVE ( 'NONE', #2719, #238, #422, .T. ) ;
#5787 = CARTESIAN_POINT ( 'NONE',  ( 0.8499999999999996400, -0.06181483124778584100, 0.1902464884845768100 ) ) ;
#5788 = CARTESIAN_POINT ( 'NONE',  ( 0.1653846153846142700, -0.1618333292155423300, 0.1175787961237839400 ) ) ;
#5789 = CARTESIAN_POINT ( 'NONE',  ( 1.160576923076922700, 0.2089910684901025400, -0.1518408992313406100 ) ) ;
#5790 = CARTESIAN_POINT ( 'NONE',  ( 0.3903846153846146600, -0.2000369959355130200, 0.06499595995470997000 ) ) ;
#5791 = CARTESIAN_POINT ( 'NONE',  ( 0.5788461538461532300, 0.1618333292155423300, -0.1175787961237839500 ) ) ;
#5792 = VERTEX_POINT ( 'NONE', #5350 ) ;
#5793 = DIRECTION ( 'NONE',  ( 0.0000000000000000000, -1.224646799147355400E-016, 1.000000000000000000 ) ) ;
#5794 = CARTESIAN_POINT ( 'NONE',  ( 0.1153846153846142700, 1.287908040090921300E-017, -0.2103313446762957200 ) ) ;
#5795 = CARTESIAN_POINT ( 'NONE',  ( 0.6326923076923071100, -0.1618333292155423300, -0.1175787961237840000 ) ) ;
#5796 = CARTESIAN_POINT ( 'NONE',  ( 1.267307692307692500, 0.1236296624955716700, -0.1701616322928578600 ) ) ;
#5797 = AXIS2_PLACEMENT_3D ( 'NONE', #1806, #2967, #1209 ) ;
#5798 = CARTESIAN_POINT ( 'NONE',  ( -0.4867828152685608800, 0.1914233983742032200, 0.05806791108500072900 ) ) ;
#5799 = ADVANCED_FACE ( 'NONE', ( #5982 ), #7126, .T. ) ;
#5800 = CARTESIAN_POINT ( 'NONE',  ( 1.206677139688865600, -0.1144781567597510900, -0.2062913202162634800 ) ) ;
#5801 = CARTESIAN_POINT ( 'NONE',  ( -0.5156250000000000000, -1.024442997624098700E-016, 0.3749999999999998300 ) ) ;
#5802 = CARTESIAN_POINT ( 'NONE',  ( 1.242307692307692300, -0.1618333292155423300, 0.1175787961237839400 ) ) ;
#5803 = CIRCLE ( 'NONE', #5154, 0.3749999999999999400 ) ;
#5804 = CARTESIAN_POINT ( 'NONE',  ( -0.3778846153846172600, 0.2089910684901025400, -0.1518408992313406100 ) ) ;
#5805 = CARTESIAN_POINT ( 'NONE',  ( -0.03173076923077066500, -0.2089910684901025400, 0.1518408992313405900 ) ) ;
#5806 = CARTESIAN_POINT ( 'NONE',  ( -0.4906249999999999800, -0.04088221420742550700, -0.09331007213317422900 ) ) ;
#5807 = VERTEX_POINT ( 'NONE', #5854 ) ;
#5808 = CARTESIAN_POINT ( 'NONE',  ( 0.2134615384615375400, 0.1236296624955716000, 0.1701616322928579100 ) ) ;
#5809 = CARTESIAN_POINT ( 'NONE',  ( 0.2711538461538451400, -0.2022542485937368600, 0.1469463130731182600 ) ) ;
#5810 = CARTESIAN_POINT ( 'NONE',  ( 0.2475961538461524900, 0.2541635836720405100, 0.0000000000000000000 ) ) ;
#5811 = VECTOR ( 'NONE', #4829, 39.37007874015748100 ) ;
#5812 = CARTESIAN_POINT ( 'NONE',  ( 0.7884615384615379900, -0.2000369959355130500, -2.449746667834781800E-017 ) ) ;
#5813 = CARTESIAN_POINT ( 'NONE',  ( 0.07692307692307567800, -3.863724120272764700E-017, 0.2103313446762957200 ) ) ;
#5814 = CARTESIAN_POINT ( 'NONE',  ( 0.9221153846153841100, 0.07982748481806199700, -0.2456837358386569100 ) ) ;
#5815 = VERTEX_POINT ( 'NONE', #780 ) ;
#5816 = CARTESIAN_POINT ( 'NONE',  ( 0.3365384615384607300, 1.287908040090921300E-017, -0.2103313446762957200 ) ) ;
#5817 = CARTESIAN_POINT ( 'NONE',  ( -0.2062500000000016500, 0.2056226585419196300, 0.1493936061522294900 ) ) ;
#5818 = FACE_OUTER_BOUND ( 'NONE', #5879, .T. ) ;
#5819 = CARTESIAN_POINT ( 'NONE',  ( 0.1192307692307680200, 0.06181483124778582700, -0.1902464884845768100 ) ) ;
#5820 = CARTESIAN_POINT ( 'NONE',  ( 0.4749999999999992600, 0.2500000000000000600, 0.08122992405822665500 ) ) ;
#5821 = CARTESIAN_POINT ( 'NONE',  ( 0.6403846153846147700, -0.06181483124778579900, -0.1902464884845768400 ) ) ;
#5822 = CARTESIAN_POINT ( 'NONE',  ( -0.5156250000000000000, -0.05062500000000041300, -0.08768507213317419700 ) ) ;
#5823 = VERTEX_POINT ( 'NONE', #143 ) ;
#5824 = CARTESIAN_POINT ( 'NONE',  ( 1.230769230769230400, -3.863724120272764700E-017, 0.2103313446762957200 ) ) ;
#5825 =( BOUNDED_SURFACE ( )  B_SPLINE_SURFACE ( 1, 2, ( 
 ( #2911, #5851, #6980, #140, #114, #6318, #5752, #635, #5277, #3494, #6957, #4148, #5802, #2299, #3542, #712, #684, #2329, #4732, #4633, #5206, #1754, #63, #4663, #1208, #3068, #4759, #3592, #7004, #1954, #214, #2453, #803, #4226, #3044, #4849, #4801, #778, #6529, #3612, #5923, #241, #4203, #263, #754, #3115, #733, #193, #6463, #6441, #3017, #1859, #5902, #4247, #2427, #4826, #825, #5393, #5320, #7099, #4778, #4273, #7057, #5966, #167, #3686, #1358, #1337, #4175, #1309, #5874, #1882, #1405, #1380, #7030, #5346, #1902, #5372, #3638, #2481, #6510, #1926, #6485, #2521, #5943, #2506, #3091, #7078, #3666, #4402, #2546, #3215, #2000, #5495, #852, #333, #2646, #5446, #2051, #285, #3237, #7218, #5523, #4872, #7197, #6059, #3140, #4948, #878, #2071, #6085, #6011, #1431, #2573, #3711, #4971, #6642, #4901, #6547, #2023, #2620, #5420, #1975, #4301, #6574, #7122, #5990, #3164, #7150, #3812, #374, #953, #3788, #3738, #310, #4322, #1507, #1454, #6620, #926, #5473, #6032, #4344, #2596, #7171, #6601, #3190, #3765, #902, #4926, #357, #1482, #4372, #2714, #4424, #3258, #6665, #1617, #7285, #2116, #468, #3881, #2688, #4521, #4475, #449, #6209, #3280, #5594, #7313, #3860, #7340, #426, #2768, #398, #7260, #6128, #6105, #2670, #1526, #5571, #3908, #2095, #4499, #496, #5072, #4996, #6764, #4448, #3935, #6709, #5644, #7238, #3357, #1023, #1001, #3835, #981, #5550, #1543, #1074, #1050, #6688, #5021, #1570, #5044, #3308, #2140, #6182, #1598, #6158, #2189, #5618, #2163, #2741, #6737, #3330, #4061, #2218, #2875, #1669, #5169, #522, #1, #2319, #5124, #1718, #7367, #2903, #6891, #5196, #4549, #6868, #5747, #2792, #4626, #543, #1747, #5768, #5693, #1095, #2240, #3386, #4653, #6336, #4576, #6237, #1694, #2292, #5101, #1644, #3956, #6265, #6788, #5666, #2821, #6811, #3486, #53, #627, #3457, #3407, #7389, #3983, #1174, #1118, #6310, #601, #5141, #5718, #4011, #2265, #6838, #6284, #2851, #3430, #570, #4599, #26, #1147, #4037, #2400, #4090, #2930, #6361, #1302, #6975, #1797, #158, #3559, #2373, #4194, #4140, #132, #5894, #2958, #5268, #6995, #3535, #7023, #108, #2446, #83, #6946, #5819, #5794, #2342, #1198, #5244, #3585, #1775, #4166, #186, #4751, #4679, #6456, #4118, #3603, #6412, #5313, #6919, #3036, #703, #676, #3509, #652, #5220, #1229, #848, #728, #6384, #4700, #1255, #4725, #2981, #1823, #5868, #1277, #5845, #1876, #5292, #1851, #2421, #6434, #3010, #3830, #1995, #2641, #1451, #4946, #305, #7193, #2091, #4897, #1502, #7147, #2666, #6659, #4967, #4319, #6639, #5519, #2568, #4396, #328, #1524, #5544, #5470, #873, #2018, #3160, #4421, #6101, #4340, #6007, #1478, #2067, #4869, #1428, #3733, #6028, #6570, #5441, #2593, #6596, #3254, #7236, #393, #3233, #3186, #7168, #3762, #948, #899, #6082, #371, #4922, #5491, #3785, #2048, #6616, #6054, #2615, #3210, #353, #4367, #7215, #920, #3808, #2159, #3856, #2685, #6124, #1069, #6732, #1565, #7335, #3326, #2137, #3951, #3903, #7308, #5663, #2710, #5041, #6758, #3304, #6784, #7282, #2212, #7256, #6706, #5589, #5569, #2112, #974, #5017, #3352, #1538, #3928, #7361, #4516, #4444, #6233, #3877, #3378, #6180, #5095, #6684, #2786, #464, #445, #3276, #420, #4991, #998, #517, #490, #6152, #4470, #1018 ),
 ( #4495, #5066, #1045, #1593, #5616, #2736, #1614, #5638, #2184, #6203, #2764, #1637, #563, #5743, #2285, #6304, #3976, #4084, #4004, #2844, #20, #4594, #6833, #2871, #6886, #2896, #2925, #4543, #5163, #1142, #5686, #6259, #47, #4620, #6913, #1769, #4055, #3479, #6805, #4646, #621, #5136, #5789, #1712, #1192, #1741, #6861, #6331, #3451, #6281, #1689, #2338, #2257, #1091, #5712, #77, #3424, #2314, #5216, #6357, #4033, #5120, #3404, #2815, #2236, #1662, #7383, #594, #538, #4570, #1168, #5191, #3506, #7407, #1113, #5763, #724, #3057, #4112, #1872, #4187, #6990, #6939, #181, #3529, #126, #204, #4720, #1324, #3004, #4745, #152, #1251, #671, #4694, #1891, #6451, #5862, #5334, #4160, #1274, #1297, #2418, #5288, #5814, #6379, #6407, #4675, #103, #5889, #5309, #3599, #2977, #2367, #6428, #4136, #3029, #2439, #4768, #2954, #7018, #743, #696, #5914, #2468, #1844, #6473, #5263, #7043, #3627, #3581, #1817, #648, #1222, #5238, #5841, #1794, #2394, #6971, #3553, #251, #5406, #1965, #5977, #3651, #3752, #3678, #2514, #7112, #4262, #6520, #2534, #6558, #2558, #2583, #4216, #4839, #814, #5361, #5935, #7136, #4285, #6587, #1441, #3724, #3151, #6499, #4312, #296, #4812, #5461, #1393, #863, #1417, #6538, #5999, #3128, #5954, #1368, #2012, #1940, #766, #5384, #7161, #3105, #1987, #4887, #6021, #3697, #4789, #3079, #2493, #1915, #1347, #7069, #276, #228, #4236, #838, #4860, #3177, #7089, #792, #5430, #386, #2701, #3777, #1534, #3848, #6654, #6608, #7249, #3200, #7209, #7273, #4386, #992, #2658, #4416, #7231, #912, #343, #4358, #1559, #6116, #5536, #5010, #3823, #941, #967, #2086, #4959, #5484, #6044, #6074, #4332, #7184, #5562, #4986, #3272, #2634, #2036, #6096, #3800, #2680, #2107, #4437, #2608, #6678, #411, #365, #5582, #2131, #1518, #6142, #4940, #6698, #3298, #3248, #1492, #324, #891, #4911, #5512, #1469, #2060, #6632, #3225, #7327, #5085, #1629, #5655, #3320, #3417, #3343, #2177, #6776, #3919, #6194, #2202, #6250, #2228, #2251, #3870, #4509, #482, #5034, #5608, #6798, #3944, #6276, #1107, #3397, #2807, #6170, #3966, #7375, #4487, #5132, #1063, #531, #1085, #6225, #5677, #2779, #5632, #1037, #1681, #1608, #439, #5056, #6825, #2756, #1655, #4562, #5702, #3368, #4460, #2726, #2152, #1584, #1011, #6723, #7352, #7300, #3894, #508, #4535, #2832, #6748, #456, #5113, #67, #2386, #3442, #1211, #3519, #6347, #6294, #6929, #2862, #6877, #6960, #4049, #662, #2331, #4075, #6904, #582, #10, #4023, #1241, #5805, #5208, #4688, #3497, #613, #638, #1758, #4634, #5153, #5731, #5755, #3993, #6850, #5230, #4666, #2942, #2302, #1703, #5780, #3468, #2355, #1785, #4101, #2273, #6371, #94, #38, #5253, #1808, #1184, #5832, #4611, #6398, #2969, #2914, #1157, #7399, #555, #4586, #5181, #1132, #1732, #6320, #2886, #196, #1103, #6592, #6478, #3981, #1106, #5131, #1702, #5152, #2272, #5754, #6346, #2330, #2354, #3965, #4610, #581, #1680, #5701, #6903, #4048, #6370, #1210, #3496, #2913, #6275, #4074, #66, #4585, #5229, #1156, #637, #1183, #9, #5779, #2301, #5730, #1131, #1784, #6293, #3518, #2861, #6928, #6849, #1757, #4665, #5804, #5180, #530, #2831, #2250, #6824, #4561, #3416, #3441, #7398, #3992, #4022, #37, #2941, #1731, #554, #6319, #612, #2885 ) ),
 .UNSPECIFIED., .F., .F., .F. ) 
 B_SPLINE_SURFACE_WITH_KNOTS ( ( 2, 2 ),
 ( 3, 2, 2, 2, 2, 2, 2, 2, 2, 2, 2, 2, 2, 2, 2, 2, 2, 2, 2, 2, 2, 2, 2, 2, 2, 2, 2, 2, 2, 2, 2, 2, 2, 2, 2, 2, 2, 2, 2, 2, 2, 2, 2, 2, 2, 2, 2, 2, 2, 2, 2, 2, 2, 2, 2, 2, 2, 2, 2, 2, 2, 2, 2, 2, 2, 2, 2, 2, 2, 2, 2, 2, 2, 2, 2, 2, 2, 2, 2, 2, 2, 2, 2, 2, 2, 2, 2, 2, 2, 2, 2, 2, 2, 2, 2, 2, 2, 2, 2, 2, 2, 2, 2, 2, 2, 2, 2, 2, 2, 2, 2, 2, 2, 2, 2, 2, 2, 2, 2, 2, 2, 2, 2, 2, 2, 2, 2, 2, 2, 2, 2, 2, 2, 2, 2, 2, 2, 2, 2, 2, 2, 2, 2, 2, 2, 2, 2, 2, 2, 2, 2, 2, 2, 2, 2, 2, 2, 2, 2, 2, 2, 2, 2, 2, 2, 2, 2, 2, 2, 2, 2, 2, 2, 2, 2, 2, 2, 2, 2, 2, 2, 2, 2, 2, 2, 2, 2, 2, 2, 2, 2, 2, 2, 2, 2, 2, 2, 2, 2, 2, 2, 2, 2, 2, 2, 2, 2, 2, 2, 2, 2, 2, 2, 2, 2, 2, 2, 2, 2, 2, 2, 2, 2, 2, 2, 2, 2, 2, 2, 2, 3 ),
 ( 0.0000000000000000000, 1.000000000000000000 ),
 ( 0.0000000000000000000, 0.004347826086956521800, 0.008695652173913043600, 0.01304347826086956500, 0.01739130434782608700, 0.02173913043478260800, 0.02608695652173912900, 0.03043478260869565300, 0.03478260869565217400, 0.03913043478260869900, 0.04347826086956521600, 0.04782608695652174100, 0.05217391304347825800, 0.05652173913043478200, 0.06086956521739130700, 0.06521739130434782400, 0.06956521739130434900, 0.07391304347826087300, 0.07826086956521739700, 0.08260869565217390800, 0.08695652173913043200, 0.09130434782608695700, 0.09565217391304348100, 0.1000000000000000100, 0.1043478260869565200, 0.1086956521739130400, 0.1130434782608695600, 0.1173913043478260900, 0.1217391304347826100, 0.1260869565217391200, 0.1304347826086956500, 0.1347826086956521700, 0.1391304347826087000, 0.1434782608695652200, 0.1478260869565217500, 0.1521739130434782700, 0.1565217391304347900, 0.1608695652173912900, 0.1652173913043478200, 0.1695652173913043400, 0.1739130434782608600, 0.1782608695652173900, 0.1826086956521739100, 0.1869565217391304400, 0.1913043478260869600, 0.1956521739130434900, 0.2000000000000000100, 0.2043478260869565400, 0.2086956521739130300, 0.2130434782608695600, 0.2173913043478260800, 0.2217391304347826100, 0.2260869565217391300, 0.2304347826086956500, 0.2347826086956521800, 0.2391304347826087000, 0.2434782608695652300, 0.2478260869565217500, 0.2521739130434782500, 0.2565217391304348000, 0.2608695652173913000, 0.2652173913043478500, 0.2695652173913043500, 0.2739130434782608400, 0.2782608695652173900, 0.2826086956521738900, 0.2869565217391304400, 0.2913043478260869400, 0.2956521739130434900, 0.2999999999999999900, 0.3043478260869565400, 0.3086956521739130400, 0.3130434782608695900, 0.3173913043478260900, 0.3217391304347825800, 0.3260869565217391400, 0.3304347826086956300, 0.3347826086956521800, 0.3391304347826086800, 0.3434782608695652300, 0.3478260869565217300, 0.3521739130434782800, 0.3565217391304347800, 0.3608695652173913300, 0.3652173913043478300, 0.3695652173913043200, 0.3739130434782608800, 0.3782608695652173700, 0.3826086956521739200, 0.3869565217391304200, 0.3913043478260869700, 0.3956521739130434700, 0.4000000000000000200, 0.4043478260869565200, 0.4086956521739130700, 0.4130434782608695700, 0.4173913043478260600, 0.4217391304347826200, 0.4260869565217391100, 0.4304347826086956700, 0.4347826086956521600, 0.4391304347826087100, 0.4434782608695652100, 0.4478260869565217600, 0.4521739130434782600, 0.4565217391304347600, 0.4608695652173913100, 0.4652173913043478000, 0.4695652173913043600, 0.4739130434782608500, 0.4782608695652174100, 0.4826086956521739000, 0.4869565217391304500, 0.4913043478260869500, 0.4956521739130435000, 0.5000000000000000000, 0.5043478260869565000, 0.5086956521739129900, 0.5130434782608696000, 0.5173913043478261000, 0.5217391304347825900, 0.5260869565217390900, 0.5304347826086957000, 0.5347826086956522000, 0.5391304347826086900, 0.5434782608695651900, 0.5478260869565216900, 0.5521739130434782900, 0.5565217391304347900, 0.5608695652173912900, 0.5652173913043477800, 0.5695652173913043900, 0.5739130434782608900, 0.5782608695652173800, 0.5826086956521738800, 0.5869565217391304900, 0.5913043478260869800, 0.5956521739130434800, 0.5999999999999999800, 0.6043478260869564700, 0.6086956521739130800, 0.6130434782608695800, 0.6173913043478260800, 0.6217391304347825700, 0.6260869565217391800, 0.6304347826086956800, 0.6347826086956521700, 0.6391304347826086700, 0.6434782608695651700, 0.6478260869565217700, 0.6521739130434782700, 0.6565217391304347700, 0.6608695652173912600, 0.6652173913043478700, 0.6695652173913043700, 0.6739130434782608600, 0.6782608695652173600, 0.6826086956521738600, 0.6869565217391304700, 0.6913043478260869600, 0.6956521739130434600, 0.6999999999999999600, 0.7043478260869565600, 0.7086956521739130600, 0.7130434782608695600, 0.7173913043478260500, 0.7217391304347826600, 0.7260869565217391600, 0.7304347826086956500, 0.7347826086956521500, 0.7391304347826086500, 0.7434782608695652600, 0.7478260869565217500, 0.7521739130434782500, 0.7565217391304347400, 0.7608695652173913500, 0.7652173913043478500, 0.7695652173913043500, 0.7739130434782608400, 0.7782608695652173400, 0.7826086956521739500, 0.7869565217391304400, 0.7913043478260869400, 0.7956521739130434400, 0.8000000000000000400, 0.8043478260869565400, 0.8086956521739130400, 0.8130434782608695300, 0.8173913043478261400, 0.8217391304347826400, 0.8260869565217391400, 0.8304347826086956300, 0.8347826086956521300, 0.8391304347826087400, 0.8434782608695652300, 0.8478260869565217300, 0.8521739130434782300, 0.8565217391304348300, 0.8608695652173913300, 0.8652173913043478300, 0.8695652173913043200, 0.8739130434782608200, 0.8782608695652174300, 0.8826086956521739200, 0.8869565217391304200, 0.8913043478260869200, 0.8956521739130435300, 0.9000000000000000200, 0.9043478260869565200, 0.9086956521739130200, 0.9130434782608695100, 0.9173913043478261200, 0.9217391304347826200, 0.9260869565217391100, 0.9304347826086956100, 0.9347826086956522200, 0.9391304347826087100, 0.9434782608695652100, 0.9478260869565217100, 0.9521739130434783100, 0.9565217391304348100, 0.9608695652173913100, 0.9652173913043478000, 0.9695652173913043000, 0.9739130434782609100, 0.9782608695652174100, 0.9826086956521739000, 0.9869565217391304000, 0.9913043478260870100, 0.9956521739130435000, 0.9979608330544256200 ),
 .UNSPECIFIED. ) 
 GEOMETRIC_REPRESENTATION_ITEM ( )  RATIONAL_B_SPLINE_SURFACE ( (
 ( 1.000000000000000000, 0.9510565162951535300, 1.000000000000000000, 0.9510565162951535300, 1.000000000000000000, 0.9510565162951535300, 1.000000000000000000, 0.9510565162951535300, 1.000000000000000000, 0.9510565162951535300, 1.000000000000000000, 0.9510565162951535300, 1.000000000000000000, 0.9510565162951535300, 1.000000000000000000, 0.9510565162951535300, 1.000000000000000000, 0.9510565162951535300, 1.000000000000000000, 0.9510565162951535300, 1.000000000000000000, 0.9510565162951535300, 1.000000000000000000, 0.9510565162951535300, 1.000000000000000000, 0.9510565162951535300, 1.000000000000000000, 0.9510565162951535300, 1.000000000000000000, 0.9510565162951535300, 1.000000000000000000, 0.9510565162951535300, 1.000000000000000000, 0.9510565162951535300, 1.000000000000000000, 0.9510565162951535300, 1.000000000000000000, 0.9510565162951535300, 1.000000000000000000, 0.9510565162951535300, 1.000000000000000000, 0.9510565162951535300, 1.000000000000000000, 0.9510565162951535300, 1.000000000000000000, 0.9510565162951535300, 1.000000000000000000, 0.9510565162951535300, 1.000000000000000000, 0.9510565162951535300, 1.000000000000000000, 0.9510565162951535300, 1.000000000000000000, 0.9510565162951535300, 1.000000000000000000, 0.9510565162951535300, 1.000000000000000000, 0.9510565162951535300, 1.000000000000000000, 0.9510565162951535300, 1.000000000000000000, 0.9510565162951535300, 1.000000000000000000, 0.9510565162951535300, 1.000000000000000000, 0.9510565162951535300, 1.000000000000000000, 0.9510565162951535300, 1.000000000000000000, 0.9510565162951535300, 1.000000000000000000, 0.9510565162951535300, 1.000000000000000000, 0.9510565162951535300, 1.000000000000000000, 0.9510565162951535300, 1.000000000000000000, 0.9510565162951535300, 1.000000000000000000, 0.9510565162951535300, 1.000000000000000000, 0.9510565162951535300, 1.000000000000000000, 0.9510565162951535300, 1.000000000000000000, 0.9510565162951535300, 1.000000000000000000, 0.9510565162951535300, 1.000000000000000000, 0.9510565162951535300, 1.000000000000000000, 0.9510565162951535300, 1.000000000000000000, 0.9510565162951535300, 1.000000000000000000, 0.9510565162951535300, 1.000000000000000000, 0.9510565162951535300, 1.000000000000000000, 0.9510565162951535300, 1.000000000000000000, 0.9510565162951535300, 1.000000000000000000, 0.9510565162951535300, 1.000000000000000000, 0.9510565162951535300, 1.000000000000000000, 0.9510565162951535300, 1.000000000000000000, 0.9510565162951535300, 1.000000000000000000, 0.9510565162951535300, 1.000000000000000000, 0.9510565162951535300, 1.000000000000000000, 0.9510565162951535300, 1.000000000000000000, 0.9510565162951535300, 1.000000000000000000, 0.9510565162951535300, 1.000000000000000000, 0.9510565162951535300, 1.000000000000000000, 0.9510565162951535300, 1.000000000000000000, 0.9510565162951535300, 1.000000000000000000, 0.9510565162951535300, 1.000000000000000000, 0.9510565162951535300, 1.000000000000000000, 0.9510565162951535300, 1.000000000000000000, 0.9510565162951535300, 1.000000000000000000, 0.9510565162951535300, 1.000000000000000000, 0.9510565162951535300, 1.000000000000000000, 0.9510565162951535300, 1.000000000000000000, 0.9510565162951535300, 1.000000000000000000, 0.9510565162951535300, 1.000000000000000000, 0.9510565162951535300, 1.000000000000000000, 0.9510565162951535300, 1.000000000000000000, 0.9510565162951535300, 1.000000000000000000, 0.9510565162951535300, 1.000000000000000000, 0.9510565162951535300, 1.000000000000000000, 0.9510565162951535300, 1.000000000000000000, 0.9510565162951535300, 1.000000000000000000, 0.9510565162951535300, 1.000000000000000000, 0.9510565162951535300, 1.000000000000000000, 0.9510565162951535300, 1.000000000000000000, 0.9510565162951535300, 1.000000000000000000, 0.9510565162951535300, 1.000000000000000000, 0.9510565162951535300, 1.000000000000000000, 0.9510565162951535300, 1.000000000000000000, 0.9510565162951535300, 1.000000000000000000, 0.9510565162951535300, 1.000000000000000000, 0.9510565162951535300, 1.000000000000000000, 0.9510565162951535300, 1.000000000000000000, 0.9510565162951535300, 1.000000000000000000, 0.9510565162951535300, 1.000000000000000000, 0.9510565162951535300, 1.000000000000000000, 0.9510565162951535300, 1.000000000000000000, 0.9510565162951535300, 1.000000000000000000, 0.9510565162951535300, 1.000000000000000000, 0.9510565162951535300, 1.000000000000000000, 0.9510565162951535300, 1.000000000000000000, 0.9510565162951535300, 1.000000000000000000, 0.9510565162951535300, 1.000000000000000000, 0.9510565162951535300, 1.000000000000000000, 0.9510565162951535300, 1.000000000000000000, 0.9510565162951535300, 1.000000000000000000, 0.9510565162951535300, 1.000000000000000000, 0.9510565162951535300, 1.000000000000000000, 0.9510565162951535300, 1.000000000000000000, 0.9510565162951535300, 1.000000000000000000, 0.9510565162951535300, 1.000000000000000000, 0.9510565162951535300, 1.000000000000000000, 0.9510565162951535300, 1.000000000000000000, 0.9510565162951535300, 1.000000000000000000, 0.9510565162951535300, 1.000000000000000000, 0.9510565162951535300, 1.000000000000000000, 0.9510565162951535300, 1.000000000000000000, 0.9510565162951535300, 1.000000000000000000, 0.9510565162951535300, 1.000000000000000000, 0.9510565162951535300, 1.000000000000000000, 0.9510565162951535300, 1.000000000000000000, 0.9510565162951535300, 1.000000000000000000, 0.9510565162951535300, 1.000000000000000000, 0.9510565162951535300, 1.000000000000000000, 0.9510565162951535300, 1.000000000000000000, 0.9510565162951535300, 1.000000000000000000, 0.9510565162951535300, 1.000000000000000000, 0.9510565162951535300, 1.000000000000000000, 0.9510565162951535300, 1.000000000000000000, 0.9510565162951535300, 1.000000000000000000, 0.9510565162951535300, 1.000000000000000000, 0.9510565162951535300, 1.000000000000000000, 0.9510565162951535300, 1.000000000000000000, 0.9510565162951535300, 1.000000000000000000, 0.9510565162951535300, 1.000000000000000000, 0.9510565162951535300, 1.000000000000000000, 0.9510565162951535300, 1.000000000000000000, 0.9510565162951535300, 1.000000000000000000, 0.9510565162951535300, 1.000000000000000000, 0.9510565162951535300, 1.000000000000000000, 0.9510565162951535300, 1.000000000000000000, 0.9510565162951535300, 1.000000000000000000, 0.9510565162951535300, 1.000000000000000000, 0.9510565162951535300, 1.000000000000000000, 0.9510565162951535300, 1.000000000000000000, 0.9510565162951535300, 1.000000000000000000, 0.9510565162951535300, 1.000000000000000000, 0.9510565162951535300, 1.000000000000000000, 0.9510565162951535300, 1.000000000000000000, 0.9510565162951535300, 1.000000000000000000, 0.9510565162951535300, 1.000000000000000000, 0.9510565162951535300, 1.000000000000000000, 0.9510565162951535300, 1.000000000000000000, 0.9510565162951535300, 1.000000000000000000, 0.9510565162951535300, 1.000000000000000000, 0.9510565162951535300, 1.000000000000000000, 0.9510565162951535300, 1.000000000000000000, 0.9510565162951535300, 1.000000000000000000, 0.9510565162951535300, 1.000000000000000000, 0.9510565162951535300, 1.000000000000000000, 0.9510565162951535300, 1.000000000000000000, 0.9510565162951535300, 1.000000000000000000, 0.9510565162951535300, 1.000000000000000000, 0.9510565162951535300, 1.000000000000000000, 0.9510565162951535300, 1.000000000000000000, 0.9510565162951535300, 1.000000000000000000, 0.9510565162951535300, 1.000000000000000000, 0.9510565162951535300, 1.000000000000000000, 0.9510565162951535300, 1.000000000000000000, 0.9510565162951535300, 1.000000000000000000, 0.9510565162951535300, 1.000000000000000000, 0.9510565162951535300, 1.000000000000000000, 0.9510565162951535300, 1.000000000000000000, 0.9510565162951535300, 1.000000000000000000, 0.9510565162951535300, 1.000000000000000000, 0.9510565162951535300, 1.000000000000000000, 0.9510565162951535300, 1.000000000000000000, 0.9510565162951535300, 1.000000000000000000, 0.9510565162951535300, 1.000000000000000000, 0.9510565162951535300, 1.000000000000000000, 0.9510565162951535300, 1.000000000000000000, 0.9510565162951535300, 1.000000000000000000, 0.9510565162951535300, 1.000000000000000000, 0.9510565162951535300, 1.000000000000000000, 0.9510565162951535300, 1.000000000000000000, 0.9510565162951535300, 1.000000000000000000, 0.9510565162951535300, 1.000000000000000000, 0.9510565162951535300, 1.000000000000000000, 0.9510565162951535300, 1.000000000000000000, 0.9510565162951535300, 1.000000000000000000, 0.9510565162951535300, 1.000000000000000000, 0.9510565162951535300, 1.000000000000000000, 0.9510565162951535300, 1.000000000000000000, 0.9510565162951535300, 1.000000000000000000, 0.9510565162951535300, 1.000000000000000000, 0.9510565162951535300, 1.000000000000000000, 0.9510565162951535300, 1.000000000000000000, 0.9510565162951535300, 1.000000000000000000, 0.9510565162951535300, 1.000000000000000000, 0.9510565162951535300, 1.000000000000000000, 0.9510565162951535300, 1.000000000000000000, 0.9510565162951535300, 1.000000000000000000, 0.9510565162951535300, 1.000000000000000000, 0.9510565162951535300, 1.000000000000000000, 0.9510565162951535300, 1.000000000000000000, 0.9510565162951535300, 1.000000000000000000, 0.9510565162951535300, 1.000000000000000000, 0.9510565162951535300, 1.000000000000000000, 0.9510565162951535300, 1.000000000000000000, 0.9510565162951535300, 1.000000000000000000, 0.9510565162951535300, 1.000000000000000000, 0.9510565162951535300, 1.000000000000000000, 0.9510565162951535300, 1.000000000000000000, 0.9510565162951535300, 1.000000000000000000, 0.9510565162951535300, 1.000000000000000000, 0.9510565162951535300, 1.000000000000000000, 0.9510565162951535300, 1.000000000000000000, 0.9510565162951535300, 1.000000000000000000, 0.9510565162951535300, 1.000000000000000000, 0.9510565162951535300, 1.000000000000000000, 0.9510565162951535300, 1.000000000000000000, 0.9510565162951535300, 1.000000000000000000, 0.9510565162951535300, 1.000000000000000000, 0.9510565162951535300, 1.000000000000000000, 0.9510565162951535300, 1.000000000000000000, 0.9510565162951535300, 1.000000000000000000, 0.9510565162951535300, 1.000000000000000000, 0.9510565162951535300, 1.000000000000000000, 0.9510565162951535300, 1.000000000000000000, 0.9510565162951535300, 1.000000000000000000, 0.9510565162951535300, 1.000000000000000000, 0.9510565162951535300, 1.000000000000000000, 0.9740114211547553600, 0.9756222765659086100),
 ( 1.000000000000000000, 0.9510565162951535300, 1.000000000000000000, 0.9510565162951535300, 1.000000000000000000, 0.9510565162951535300, 1.000000000000000000, 0.9510565162951535300, 1.000000000000000000, 0.9510565162951535300, 1.000000000000000000, 0.9510565162951535300, 1.000000000000000000, 0.9510565162951535300, 1.000000000000000000, 0.9510565162951535300, 1.000000000000000000, 0.9510565162951535300, 1.000000000000000000, 0.9510565162951535300, 1.000000000000000000, 0.9510565162951535300, 1.000000000000000000, 0.9510565162951535300, 1.000000000000000000, 0.9510565162951535300, 1.000000000000000000, 0.9510565162951535300, 1.000000000000000000, 0.9510565162951535300, 1.000000000000000000, 0.9510565162951535300, 1.000000000000000000, 0.9510565162951535300, 1.000000000000000000, 0.9510565162951535300, 1.000000000000000000, 0.9510565162951535300, 1.000000000000000000, 0.9510565162951535300, 1.000000000000000000, 0.9510565162951535300, 1.000000000000000000, 0.9510565162951535300, 1.000000000000000000, 0.9510565162951535300, 1.000000000000000000, 0.9510565162951535300, 1.000000000000000000, 0.9510565162951535300, 1.000000000000000000, 0.9510565162951535300, 1.000000000000000000, 0.9510565162951535300, 1.000000000000000000, 0.9510565162951535300, 1.000000000000000000, 0.9510565162951535300, 1.000000000000000000, 0.9510565162951535300, 1.000000000000000000, 0.9510565162951535300, 1.000000000000000000, 0.9510565162951535300, 1.000000000000000000, 0.9510565162951535300, 1.000000000000000000, 0.9510565162951535300, 1.000000000000000000, 0.9510565162951535300, 1.000000000000000000, 0.9510565162951535300, 1.000000000000000000, 0.9510565162951535300, 1.000000000000000000, 0.9510565162951535300, 1.000000000000000000, 0.9510565162951535300, 1.000000000000000000, 0.9510565162951535300, 1.000000000000000000, 0.9510565162951535300, 1.000000000000000000, 0.9510565162951535300, 1.000000000000000000, 0.9510565162951535300, 1.000000000000000000, 0.9510565162951535300, 1.000000000000000000, 0.9510565162951535300, 1.000000000000000000, 0.9510565162951535300, 1.000000000000000000, 0.9510565162951535300, 1.000000000000000000, 0.9510565162951535300, 1.000000000000000000, 0.9510565162951535300, 1.000000000000000000, 0.9510565162951535300, 1.000000000000000000, 0.9510565162951535300, 1.000000000000000000, 0.9510565162951535300, 1.000000000000000000, 0.9510565162951535300, 1.000000000000000000, 0.9510565162951535300, 1.000000000000000000, 0.9510565162951535300, 1.000000000000000000, 0.9510565162951535300, 1.000000000000000000, 0.9510565162951535300, 1.000000000000000000, 0.9510565162951535300, 1.000000000000000000, 0.9510565162951535300, 1.000000000000000000, 0.9510565162951535300, 1.000000000000000000, 0.9510565162951535300, 1.000000000000000000, 0.9510565162951535300, 1.000000000000000000, 0.9510565162951535300, 1.000000000000000000, 0.9510565162951535300, 1.000000000000000000, 0.9510565162951535300, 1.000000000000000000, 0.9510565162951535300, 1.000000000000000000, 0.9510565162951535300, 1.000000000000000000, 0.9510565162951535300, 1.000000000000000000, 0.9510565162951535300, 1.000000000000000000, 0.9510565162951535300, 1.000000000000000000, 0.9510565162951535300, 1.000000000000000000, 0.9510565162951535300, 1.000000000000000000, 0.9510565162951535300, 1.000000000000000000, 0.9510565162951535300, 1.000000000000000000, 0.9510565162951535300, 1.000000000000000000, 0.9510565162951535300, 1.000000000000000000, 0.9510565162951535300, 1.000000000000000000, 0.9510565162951535300, 1.000000000000000000, 0.9510565162951535300, 1.000000000000000000, 0.9510565162951535300, 1.000000000000000000, 0.9510565162951535300, 1.000000000000000000, 0.9510565162951535300, 1.000000000000000000, 0.9510565162951535300, 1.000000000000000000, 0.9510565162951535300, 1.000000000000000000, 0.9510565162951535300, 1.000000000000000000, 0.9510565162951535300, 1.000000000000000000, 0.9510565162951535300, 1.000000000000000000, 0.9510565162951535300, 1.000000000000000000, 0.9510565162951535300, 1.000000000000000000, 0.9510565162951535300, 1.000000000000000000, 0.9510565162951535300, 1.000000000000000000, 0.9510565162951535300, 1.000000000000000000, 0.9510565162951535300, 1.000000000000000000, 0.9510565162951535300, 1.000000000000000000, 0.9510565162951535300, 1.000000000000000000, 0.9510565162951535300, 1.000000000000000000, 0.9510565162951535300, 1.000000000000000000, 0.9510565162951535300, 1.000000000000000000, 0.9510565162951535300, 1.000000000000000000, 0.9510565162951535300, 1.000000000000000000, 0.9510565162951535300, 1.000000000000000000, 0.9510565162951535300, 1.000000000000000000, 0.9510565162951535300, 1.000000000000000000, 0.9510565162951535300, 1.000000000000000000, 0.9510565162951535300, 1.000000000000000000, 0.9510565162951535300, 1.000000000000000000, 0.9510565162951535300, 1.000000000000000000, 0.9510565162951535300, 1.000000000000000000, 0.9510565162951535300, 1.000000000000000000, 0.9510565162951535300, 1.000000000000000000, 0.9510565162951535300, 1.000000000000000000, 0.9510565162951535300, 1.000000000000000000, 0.9510565162951535300, 1.000000000000000000, 0.9510565162951535300, 1.000000000000000000, 0.9510565162951535300, 1.000000000000000000, 0.9510565162951535300, 1.000000000000000000, 0.9510565162951535300, 1.000000000000000000, 0.9510565162951535300, 1.000000000000000000, 0.9510565162951535300, 1.000000000000000000, 0.9510565162951535300, 1.000000000000000000, 0.9510565162951535300, 1.000000000000000000, 0.9510565162951535300, 1.000000000000000000, 0.9510565162951535300, 1.000000000000000000, 0.9510565162951535300, 1.000000000000000000, 0.9510565162951535300, 1.000000000000000000, 0.9510565162951535300, 1.000000000000000000, 0.9510565162951535300, 1.000000000000000000, 0.9510565162951535300, 1.000000000000000000, 0.9510565162951535300, 1.000000000000000000, 0.9510565162951535300, 1.000000000000000000, 0.9510565162951535300, 1.000000000000000000, 0.9510565162951535300, 1.000000000000000000, 0.9510565162951535300, 1.000000000000000000, 0.9510565162951535300, 1.000000000000000000, 0.9510565162951535300, 1.000000000000000000, 0.9510565162951535300, 1.000000000000000000, 0.9510565162951535300, 1.000000000000000000, 0.9510565162951535300, 1.000000000000000000, 0.9510565162951535300, 1.000000000000000000, 0.9510565162951535300, 1.000000000000000000, 0.9510565162951535300, 1.000000000000000000, 0.9510565162951535300, 1.000000000000000000, 0.9510565162951535300, 1.000000000000000000, 0.9510565162951535300, 1.000000000000000000, 0.9510565162951535300, 1.000000000000000000, 0.9510565162951535300, 1.000000000000000000, 0.9510565162951535300, 1.000000000000000000, 0.9510565162951535300, 1.000000000000000000, 0.9510565162951535300, 1.000000000000000000, 0.9510565162951535300, 1.000000000000000000, 0.9510565162951535300, 1.000000000000000000, 0.9510565162951535300, 1.000000000000000000, 0.9510565162951535300, 1.000000000000000000, 0.9510565162951535300, 1.000000000000000000, 0.9510565162951535300, 1.000000000000000000, 0.9510565162951535300, 1.000000000000000000, 0.9510565162951535300, 1.000000000000000000, 0.9510565162951535300, 1.000000000000000000, 0.9510565162951535300, 1.000000000000000000, 0.9510565162951535300, 1.000000000000000000, 0.9510565162951535300, 1.000000000000000000, 0.9510565162951535300, 1.000000000000000000, 0.9510565162951535300, 1.000000000000000000, 0.9510565162951535300, 1.000000000000000000, 0.9510565162951535300, 1.000000000000000000, 0.9510565162951535300, 1.000000000000000000, 0.9510565162951535300, 1.000000000000000000, 0.9510565162951535300, 1.000000000000000000, 0.9510565162951535300, 1.000000000000000000, 0.9510565162951535300, 1.000000000000000000, 0.9510565162951535300, 1.000000000000000000, 0.9510565162951535300, 1.000000000000000000, 0.9510565162951535300, 1.000000000000000000, 0.9510565162951535300, 1.000000000000000000, 0.9510565162951535300, 1.000000000000000000, 0.9510565162951535300, 1.000000000000000000, 0.9510565162951535300, 1.000000000000000000, 0.9510565162951535300, 1.000000000000000000, 0.9510565162951535300, 1.000000000000000000, 0.9510565162951535300, 1.000000000000000000, 0.9510565162951535300, 1.000000000000000000, 0.9510565162951535300, 1.000000000000000000, 0.9510565162951535300, 1.000000000000000000, 0.9510565162951535300, 1.000000000000000000, 0.9510565162951535300, 1.000000000000000000, 0.9510565162951535300, 1.000000000000000000, 0.9510565162951535300, 1.000000000000000000, 0.9510565162951535300, 1.000000000000000000, 0.9510565162951535300, 1.000000000000000000, 0.9510565162951535300, 1.000000000000000000, 0.9510565162951535300, 1.000000000000000000, 0.9510565162951535300, 1.000000000000000000, 0.9510565162951535300, 1.000000000000000000, 0.9510565162951535300, 1.000000000000000000, 0.9510565162951535300, 1.000000000000000000, 0.9510565162951535300, 1.000000000000000000, 0.9510565162951535300, 1.000000000000000000, 0.9510565162951535300, 1.000000000000000000, 0.9510565162951535300, 1.000000000000000000, 0.9510565162951535300, 1.000000000000000000, 0.9510565162951535300, 1.000000000000000000, 0.9510565162951535300, 1.000000000000000000, 0.9510565162951535300, 1.000000000000000000, 0.9510565162951535300, 1.000000000000000000, 0.9510565162951535300, 1.000000000000000000, 0.9510565162951535300, 1.000000000000000000, 0.9510565162951535300, 1.000000000000000000, 0.9510565162951535300, 1.000000000000000000, 0.9510565162951535300, 1.000000000000000000, 0.9510565162951535300, 1.000000000000000000, 0.9510565162951535300, 1.000000000000000000, 0.9510565162951535300, 1.000000000000000000, 0.9510565162951535300, 1.000000000000000000, 0.9510565162951535300, 1.000000000000000000, 0.9510565162951535300, 1.000000000000000000, 0.9510565162951535300, 1.000000000000000000, 0.9510565162951535300, 1.000000000000000000, 0.9510565162951535300, 1.000000000000000000, 0.9510565162951535300, 1.000000000000000000, 0.9510565162951535300, 1.000000000000000000, 0.9510565162951535300, 1.000000000000000000, 0.9510565162951535300, 1.000000000000000000, 0.9510565162951535300, 1.000000000000000000, 0.9510565162951535300, 1.000000000000000000, 0.9510565162951535300, 1.000000000000000000, 0.9510565162951535300, 1.000000000000000000, 0.9510565162951535300, 1.000000000000000000, 0.9510565162951535300, 1.000000000000000000, 0.9510565162951535300, 1.000000000000000000, 0.9740114211547553600, 0.9756222765659086100) ) ) 
 REPRESENTATION_ITEM ( '' )  SURFACE ( )  );
#5826 = EDGE_CURVE ( 'NONE', #5823, #3754, #4497, .T. ) ;
#5827 = CC_DESIGN_PERSON_AND_ORGANIZATION_ASSIGNMENT ( #57, #2042, ( #5225 ) ) ;
#5828 = VECTOR ( 'NONE', #4076, 39.37007874015748100 ) ;
#5829 = CARTESIAN_POINT ( 'NONE',  ( -0.4788461538461554200, 0.1236296624955716000, 0.1701616322928579100 ) ) ;
#5830 = CARTESIAN_POINT ( 'NONE',  ( 0.6923076923076915100, 1.750236327630675500E-017, -0.2499999999999999700 ) ) ;
#5831 = DIRECTION ( 'NONE',  ( 0.0000000000000000000, 0.8660254037844363800, -0.5000000000000040000 ) ) ;
#5832 = CARTESIAN_POINT ( 'NONE',  ( -0.1471153846153862900, 0.2089910684901025400, -0.1518408992313406100 ) ) ;
#5833 = EDGE_CURVE ( 'NONE', #568, #262, #6341, .T. ) ;
#5834 = CARTESIAN_POINT ( 'NONE',  ( 0.3019230769230760200, -0.06181483124778584100, 0.1902464884845768100 ) ) ;
#5835 = CARTESIAN_POINT ( 'NONE',  ( 0.6442307692307686100, 9.582543893777949700E-016, 0.2500000000000000000 ) ) ;
#5836 = CARTESIAN_POINT ( 'NONE',  ( 0.1206730769230754500, -0.1570817334117988500, 0.2162044579042725600 ) ) ;
#5837 = CARTESIAN_POINT ( 'NONE',  ( -0.1001492841048748100, 0.2073810600191438000, -0.3750000000000001100 ) ) ;
#5838 = ADVANCED_FACE ( 'NONE', ( #4472 ), #866, .T. ) ;
#5839 = CARTESIAN_POINT ( 'NONE',  ( 0.9153846153846149100, 0.1236296624955716000, 0.1701616322928579100 ) ) ;
#5840 = CARTESIAN_POINT ( 'NONE',  ( -1.365923996832131200E-015, -3.863724120272764700E-017, 0.2103313446762957200 ) ) ;
#5841 = CARTESIAN_POINT ( 'NONE',  ( 0.8028846153846147500, -4.989601562057195500E-017, 0.2716212579567785500 ) ) ;
#5842 = CARTESIAN_POINT ( 'NONE',  ( 0.3288461538461529000, -0.1236296624955716100, -0.1701616322928578600 ) ) ;
#5843 = CARTESIAN_POINT ( 'NONE',  ( -0.1216346153846169600, 0.07854086670589938100, 0.2417239324562226500 ) ) ;
#5844 = AXIS2_PLACEMENT_3D ( 'NONE', #7123, #7079, #216 ) ;
#5845 = CARTESIAN_POINT ( 'NONE',  ( -0.01153846153846292900, 0.1618333292155423300, 0.1175787961237840100 ) ) ;
#5846 = DIRECTION ( 'NONE',  ( 0.0000000000000000000, 0.0000000000000000000, -1.000000000000000000 ) ) ;
#5847 = CARTESIAN_POINT ( 'NONE',  ( -0.3480769230769247300, 0.1236296624955716700, -0.1701616322928578600 ) ) ;
#5848 = B_SPLINE_CURVE_WITH_KNOTS ( 'NONE', 3,
 ( #2243, #6767, #4579, #1121, #1077, #5143, #5621, #2795, #5126, #6240, #2744, #5103, #3884, #4478, #3335, #1672, #470, #2166, #5695, #1696 ),
 .UNSPECIFIED., .F., .F.,
 ( 4, 2, 2, 2, 2, 2, 2, 2, 2, 4 ),
 ( 8.794237355975777900E-019, 0.001040815228660523100, 0.002081630457321045300, 0.003122445685981567700, 0.003642853300311828900, 0.004163260914642089700, 0.005204076143302612200, 0.006244891371963134600, 0.007285706600623656100, 0.008326521829284177700 ),
 .UNSPECIFIED. ) ;
#5849 = CARTESIAN_POINT ( 'NONE',  ( 1.200892576091552800, -0.2293831613109717500, -0.07617894345791173500 ) ) ;
#5850 = CARTESIAN_POINT ( 'NONE',  ( -0.4841390361425061400, -0.2113527196257173100, 0.3739602938254144000 ) ) ;
#5851 = CARTESIAN_POINT ( 'NONE',  ( 1.284615384615384700, 0.2000369959355130000, -0.06499595995470999800 ) ) ;
#5852 = DIRECTION ( 'NONE',  ( 0.0000000000000000000, 0.8660254037844369300, -0.5000000000000030000 ) ) ;
#5853 = CARTESIAN_POINT ( 'NONE',  ( -0.5156250000000003300, -0.3420762688211343400, 0.1575065223382060300 ) ) ;
#5854 = CARTESIAN_POINT ( 'NONE',  ( -0.4857957059411695000, 0.2035159698893429800, -0.3749999999999999400 ) ) ;
#5855 = ORIENTED_EDGE ( 'NONE', *, *, #6155, .T. ) ;
#5856 = CARTESIAN_POINT ( 'NONE',  ( 0.3326923076923067900, -0.06181483124778579900, -0.1902464884845768400 ) ) ;
#5857 = CARTESIAN_POINT ( 'NONE',  ( 0.2942307692307682400, -0.07725424859373683500, -0.2377641290737884100 ) ) ;
#5858 = CARTESIAN_POINT ( 'NONE',  ( 1.170673076923076400, 0.2541635836720405100, 0.0000000000000000000 ) ) ;
#5859 = CARTESIAN_POINT ( 'NONE',  ( 0.4499517584020436600, -0.03959611008113208400, -0.2500000000000006700 ) ) ;
#5860 = CARTESIAN_POINT ( 'NONE',  ( 0.6653846153846148000, 0.1618333292155423300, -0.1175787961237839500 ) ) ;
#5861 = CARTESIAN_POINT ( 'NONE',  ( 0.04999999999999865000, 0.1618333292155423300, -0.1175787961237839500 ) ) ;
#5862 = CARTESIAN_POINT ( 'NONE',  ( 0.9490384615384609400, 0.1596549696361239700, 0.2197462137205352700 ) ) ;
#5863 = CARTESIAN_POINT ( 'NONE',  ( 0.3557692307692298900, 0.2000369959355130500, 0.0000000000000000000 ) ) ;
#5864 = CARTESIAN_POINT ( 'NONE',  ( -0.03317307692307849100, -0.1570817334117988500, 0.2162044579042725600 ) ) ;
#5865 = EDGE_LOOP ( 'NONE', ( #4792, #1562, #6852, #78 ) ) ;
#5866 = EDGE_LOOP ( 'NONE', ( #42, #3279, #6648, #60, #3878, #557, #5599, #4555, #1283, #4349 ) ) ;
#5867 = CARTESIAN_POINT ( 'NONE',  ( -0.1276680061935342400, 0.3590681792372537000, -0.1280756701798280400 ) ) ;
#5868 = CARTESIAN_POINT ( 'NONE',  ( -0.003846153846155129200, 0.06181483124778577900, 0.1902464884845768400 ) ) ;
#5869 = CARTESIAN_POINT ( 'NONE',  ( 1.201923076923076900, 0.2000369959355130500, 0.0000000000000000000 ) ) ;
#5870 = CARTESIAN_POINT ( 'NONE',  ( 1.011538461538461300, -0.1618333292155423300, 0.1175787961237839400 ) ) ;
#5871 = ORIENTED_EDGE ( 'NONE', *, *, #3366, .F. ) ;
#5872 = ADVANCED_FACE ( 'NONE', ( #505 ), #5188, .T. ) ;
#5873 = ORIENTED_EDGE ( 'NONE', *, *, #1888, .T. ) ;
#5874 = CARTESIAN_POINT ( 'NONE',  ( 1.019230769230769200, -0.2000369959355130500, -2.449746667834781800E-017 ) ) ;
#5875 = EDGE_CURVE ( 'NONE', #1640, #5498, #7297, .T. ) ;
#5876 = CARTESIAN_POINT ( 'NONE',  ( -0.4857957059411688300, -0.2230015414744918000, -0.3637500000000019100 ) ) ;
#5877 = CARTESIAN_POINT ( 'NONE',  ( 1.090384615384615300, 0.2500000000000000600, 0.08122992405822665500 ) ) ;
#5878 = DIRECTION ( 'NONE',  ( -1.000000000000000000, -0.0000000000000000000, -0.0000000000000000000 ) ) ;
#5879 = EDGE_LOOP ( 'NONE', ( #6756, #3102, #1997, #5542, #1384, #1585, #3440, #6614, #1261, #2712 ) ) ;
#5880 = CARTESIAN_POINT ( 'NONE',  ( 1.216953762314485700, 0.1646308200745038300, -0.1545527935198404400 ) ) ;
#5881 = CARTESIAN_POINT ( 'NONE',  ( 0.3980769230769222700, -0.2000369959355130000, -0.06499595995471003900 ) ) ;
#5882 = CARTESIAN_POINT ( 'NONE',  ( 0.02116191463449859600, 0.01202710954282936100, 0.2377821628891750300 ) ) ;
#5883 = CARTESIAN_POINT ( 'NONE',  ( 1.151442307692307300, 1.636393914928959700E-017, -0.2672434070081726200 ) ) ;
#5884 = CARTESIAN_POINT ( 'NONE',  ( -0.5156250000000000000, 0.0000000000000000000, 0.0000000000000000000 ) ) ;
#5885 = EDGE_CURVE ( 'NONE', #674, #3701, #4107, .T. ) ;
#5886 = FACE_OUTER_BOUND ( 'NONE', #1918, .T. ) ;
#5887 = CARTESIAN_POINT ( 'NONE',  ( 0.5615384615384608800, -0.2000369959355130000, -0.06499595995471003900 ) ) ;
#5888 = CARTESIAN_POINT ( 'NONE',  ( 0.1807692307692297400, -0.1618333292155423300, -0.1175787961237840000 ) ) ;
#5889 = CARTESIAN_POINT ( 'NONE',  ( 0.9028846153846146200, -0.2583271673440810700, -0.08393558474214601900 ) ) ;
#5890 = CARTESIAN_POINT ( 'NONE',  ( 0.06730769230769111100, -3.863724120272764700E-017, 0.2103313446762957200 ) ) ;
#5891 = CARTESIAN_POINT ( 'NONE',  ( -0.09086538461538630500, -0.2056226585419196300, -0.1493936061522294400 ) ) ;
#5892 = DATE_AND_TIME ( #499, #2642 ) ;
#5893 = EDGE_LOOP ( 'NONE', ( #3797, #259, #425, #3273 ) ) ;
#5894 = CARTESIAN_POINT ( 'NONE',  ( 0.1576923076923066000, -0.06181483124778584100, 0.1902464884845768100 ) ) ;
#5895 = CARTESIAN_POINT ( 'NONE',  ( 0.5404328569825698200, 0.03959611008113407500, -0.2499999999999999200 ) ) ;
#5896 = CARTESIAN_POINT ( 'NONE',  ( 1.024999999999999900, -0.06181483124778579900, -0.1902464884845768400 ) ) ;
#5897 = CARTESIAN_POINT ( 'NONE',  ( 1.073076923076922800, 0.06181483124778577900, 0.1902464884845768400 ) ) ;
#5898 = VECTOR ( 'NONE', #4375, 39.37007874015747400 ) ;
#5899 = DIRECTION ( 'NONE',  ( -0.0000000000000000000, 0.8660254037844433700, 0.4999999999999919500 ) ) ;
#5900 = ORIENTED_EDGE ( 'NONE', *, *, #6761, .F. ) ;
#5901 = CARTESIAN_POINT ( 'NONE',  ( -0.4847312943244363500, 0.2073810600191435500, 0.3749999999999998900 ) ) ;
#5902 = CARTESIAN_POINT ( 'NONE',  ( 1.088461538461538400, -0.1618333292155423300, 0.1175787961237839400 ) ) ;
#5903 = DIRECTION ( 'NONE',  ( -1.000000000000000000, -0.0000000000000000000, -0.0000000000000000000 ) ) ;
#5904 = VECTOR ( 'NONE', #4069, 39.37007874015748100 ) ;
#5905 = CARTESIAN_POINT ( 'NONE',  ( 1.233881161056106700, 0.02896453946445011500, 0.2069009054332517400 ) ) ;
#5906 = EDGE_LOOP ( 'NONE', ( #165, #4920, #3355, #518 ) ) ;
#5907 = CARTESIAN_POINT ( 'NONE',  ( 0.4288461538461529300, 0.2000369959355130000, -0.06499595995470999800 ) ) ;
#5908 = CARTESIAN_POINT ( 'NONE',  ( 0.9519230769230765400, -4.813149900984358400E-017, 0.2499999999999999700 ) ) ;
#5909 = CARTESIAN_POINT ( 'NONE',  ( 1.197596153846153300, -0.1570817334117988500, 0.2162044579042725600 ) ) ;
#5910 = CARTESIAN_POINT ( 'NONE',  ( 0.09999999999999859000, 0.2499999999999999200, 0.08122992405822664100 ) ) ;
#5911 = CARTESIAN_POINT ( 'NONE',  ( 0.6499999999999993600, -0.06181483124778579900, -0.1902464884845768400 ) ) ;
#5912 = CIRCLE ( 'NONE', #2290, 0.01125000000000001300 ) ;
#5913 = CARTESIAN_POINT ( 'NONE',  ( -0.2307692307692323100, -3.863724120272764700E-017, 0.2103313446762957200 ) ) ;
#5914 = CARTESIAN_POINT ( 'NONE',  ( 0.8490384615384610800, 0.1596549696361239700, -0.2197462137205352100 ) ) ;
#5915 = AXIS2_PLACEMENT_3D ( 'NONE', #6541, #5411, #4267 ) ;
#5916 = CARTESIAN_POINT ( 'NONE',  ( 0.2326923076923067500, -0.1618333292155423300, 0.1175787961237839400 ) ) ;
#5917 = CARTESIAN_POINT ( 'NONE',  ( -0.04471153846154005800, 0.07854086670589938100, 0.2417239324562226500 ) ) ;
#5918 = FACE_OUTER_BOUND ( 'NONE', #6879, .T. ) ;
#5919 = CARTESIAN_POINT ( 'NONE',  ( 1.009615384615384600, -0.2000369959355130500, -2.449746667834781800E-017 ) ) ;
#5920 = CARTESIAN_POINT ( 'NONE',  ( 1.038461538461537900, 1.287908040090921300E-017, -0.2103313446762957200 ) ) ;
#5921 = CC_DESIGN_PERSON_AND_ORGANIZATION_ASSIGNMENT ( #4190, #943, ( #4775 ) ) ;
#5922 = CARTESIAN_POINT ( 'NONE',  ( 0.1826923076923065400, -4.813149900984358400E-017, 0.2499999999999999700 ) ) ;
#5923 = CARTESIAN_POINT ( 'NONE',  ( 1.134615384615384400, 0.2000369959355130500, 0.0000000000000000000 ) ) ;
#5924 = CARTESIAN_POINT ( 'NONE',  ( 1.069279010828724700, 0.03959611008113507500, -0.2499999999999996900 ) ) ;
#5925 = CARTESIAN_POINT ( 'NONE',  ( 0.8942307692307687200, -0.2500000000000000000, -3.061616997868382400E-017 ) ) ;
#5926 = EDGE_CURVE ( 'NONE', #5679, #4831, #5727, .T. ) ;
#5927 = CARTESIAN_POINT ( 'NONE',  ( 1.234979059360647800, 3.875198253007075700E-013, 0.2073286329470441200 ) ) ;
#5928 = EDGE_CURVE ( 'NONE', #472, #6820, #5128, .T. ) ;
#5929 = CARTESIAN_POINT ( 'NONE',  ( 0.3173076923076914600, -0.2000369959355130500, -2.449746667834781800E-017 ) ) ;
#5930 = CARTESIAN_POINT ( 'NONE',  ( 0.1192307692307678400, -0.07725424859373686300, 0.2377641290737883600 ) ) ;
#5931 = CARTESIAN_POINT ( 'NONE',  ( 0.8365384615384611200, 1.312677245723006800E-017, -0.2499999999999999700 ) ) ;
#5932 = CARTESIAN_POINT ( 'NONE',  ( 0.07889439544410803400, 0.03959611008113507500, -0.2499999999999996700 ) ) ;
#5933 = CARTESIAN_POINT ( 'NONE',  ( 0.7384615384615378400, 0.1236296624955716500, -0.1701616322928578600 ) ) ;
#5934 = CARTESIAN_POINT ( 'NONE',  ( -0.2038461538461554500, -0.1618333292155423300, -0.1175787961237840000 ) ) ;
#5935 = CARTESIAN_POINT ( 'NONE',  ( 0.7105769230769223300, 0.2583271673440810700, 0.08393558474214604700 ) ) ;
#5936 = CARTESIAN_POINT ( 'NONE',  ( 0.01346153846153721500, -0.2000369959355130000, -0.06499595995471003900 ) ) ;
#5937 = CARTESIAN_POINT ( 'NONE',  ( -0.3447115384615404000, -0.07854086670589945100, 0.2417239324562225900 ) ) ;
#5938 = CARTESIAN_POINT ( 'NONE',  ( -0.4857957059411694400, 0.2230015414744928600, -0.3637499999999999600 ) ) ;
#5939 = CARTESIAN_POINT ( 'NONE',  ( 1.098076923076923000, -0.1236296624955716100, -0.1701616322928578600 ) ) ;
#5940 = CARTESIAN_POINT ( 'NONE',  ( 1.092307692307692200, -0.2000369959355130200, 0.06499595995470997000 ) ) ;
#5941 = CARTESIAN_POINT ( 'NONE',  ( 0.5769230769230759800, 9.626299801968717100E-016, 0.2500000000000000000 ) ) ;
#5942 = CARTESIAN_POINT ( 'NONE',  ( 0.2019230769230757300, -0.2500000000000000000, -3.061616997868382400E-017 ) ) ;
#5943 = CARTESIAN_POINT ( 'NONE',  ( 0.9653846153846150600, 0.06181483124778582700, -0.1902464884845768100 ) ) ;
#5944 = FACE_OUTER_BOUND ( 'NONE', #2269, .T. ) ;
#5945 = DIRECTION ( 'NONE',  ( 0.0000000000000000000, 0.0000000000000000000, 1.000000000000000000 ) ) ;
#5946 = CARTESIAN_POINT ( 'NONE',  ( 0.05576923076922970400, 0.1618333292155423300, 0.1175787961237840100 ) ) ;
#5947 = CARTESIAN_POINT ( 'NONE',  ( 1.136057692307691900, -0.2541635836720405100, -0.08258275440018630900 ) ) ;
#5948 = EDGE_LOOP ( 'NONE', ( #2473, #6150, #435, #3434 ) ) ;
#5949 =( BOUNDED_CURVE ( )  B_SPLINE_CURVE ( 2, ( #6061, #7001, #3663, #5496, #3015, #731, #2621, #6621, #3216, #4730, #5296, #6440, #3610, #1599, #4949, #7239, #2647, #5552, #6159, #3882, #451, #5524, #5572, #3789, #2671, #1002, #2073, #5024, #1572, #1546, #928, #6130, #3836, #2716, #6690, #400, #4425, #2118, #982, #2691, #2096, #6711, #4476, #3863, #6643, #7287, #1025, #3310, #4450, #6738, #5046, #6106, #4373, #1508, #6667, #3282, #5620, #7262, #2165, #5596, #428, #6184, #2742, #3332, #358, #6086, #2142, #3239, #7219, #3813, #375, #4404, #954, #3259, #4972, #1527, #4997, #5142, #1076, #2242, #1695, #3985, #1671, #7369, #3909, #2220, #5720, #3, #6286, #4550, #4013, #2770, #4523, #5645, #6869, #3409, #572, #4601, #3359, #4578, #7315, #2853, #7391, #2266, #1096, #6840, #497, #7342, #3958, #469, #1646, #1149, #5125, #3432, #1120, #5694, #6239, #5668, #5170, #1720, #545, #4501, #3937, #5749, #1618, #2294, #6766, #524, #6267, #5102, #2794, #6312, #2877, #1052, #5074, #2823, #6813, #2191, #6211, #6790, #3388, #603, #3459, #2959, #6920, #28, #5198, #2344, #4039, #1199, #1231, #5770, #4680, #5246, #2932, #1176, #3510, #1777, #5821, #84, #5795, #2904, #4092, #653, #1799, #6948, #2375, #3536, #6386, #2321, #110, #4628, #1748, #6338, #6893, #3488, #55, #629, #5222, #4063, #4654, #6363, #2179, #2206, #484, #5036, #5116, #1087, #3946, #6253, #5585, #3347, #6800, #511, #4512, #6227, #6779, #1064, #6727, #1587, #4537, #3322, #3971, #6198, #1561, #2782, #1633, #6752, #5061, #2134, #7302, #3372, #1657, #5681, #2759, #2231, #441, #2155, #3301, #4565, #5090, #5610, #7330, #2809, #6146, #6702, #3400, #5658, #7356, #3922, #7377, #6175, #2730, #1610, #5012, #3897, #533, #2706, #7277, #3873, #4465, #460, #1015, #4490, #1041, #5635, #2254, #13, #640, #6827, #2333, #6907, #2946, #4104, #6350, #3997, #1109, #4027, #5782, #1215, #1787, #2917, #6374, #6278, #4614, #7401, #2865, #3499, #5231, #5808, #4050, #6854, #6932, #5736, #5210, #5156, #3444, #615, #4638, #2357, #4077, #1161, #70, #1187, #5184, #1734, #6324, #5756, #6880, #587, #2306, #2889, #97, #3523, #1684, #3471, #39, #1761, #4669, #663, #5133, #5706, #2836 ),
 .UNSPECIFIED., .F., .T. ) 
 B_SPLINE_CURVE_WITH_KNOTS ( ( 3, 2, 2, 2, 2, 2, 2, 2, 2, 2, 2, 2, 2, 2, 2, 2, 2, 2, 2, 2, 2, 2, 2, 2, 2, 2, 2, 2, 2, 2, 2, 2, 2, 2, 2, 2, 2, 2, 2, 2, 2, 2, 2, 2, 2, 2, 2, 2, 2, 2, 2, 2, 2, 2, 2, 2, 2, 2, 2, 2, 2, 2, 2, 2, 2, 2, 2, 2, 2, 2, 2, 2, 2, 2, 2, 2, 2, 2, 2, 2, 2, 2, 2, 2, 2, 2, 2, 2, 2, 2, 2, 2, 2, 2, 2, 2, 2, 2, 2, 2, 2, 2, 2, 2, 2, 2, 2, 2, 2, 2, 2, 2, 2, 2, 2, 2, 2, 2, 2, 2, 2, 2, 2, 2, 2, 2, 2, 2, 2, 2, 2, 2, 2, 2, 2, 2, 2, 2, 2, 2, 2, 2, 2, 2, 2, 2, 2, 2, 2, 2, 2, 3 ),
 ( 0.02065275836872308000, 0.02173913043478260800, 0.02608695652173912900, 0.03043478260869565000, 0.03478260869565217400, 0.03913043478260869200, 0.04347826086956521600, 0.04782608695652174100, 0.05217391304347825100, 0.05652173913043477500, 0.06086956521739130000, 0.06521739130434781000, 0.06956521739130433500, 0.07391304347826085900, 0.07826086956521738400, 0.08260869565217389400, 0.08695652173913043200, 0.09130434782608695700, 0.09565217391304348100, 0.1000000000000000100, 0.1043478260869565000, 0.1086956521739130300, 0.1130434782608695500, 0.1173913043478260500, 0.1217391304347825700, 0.1260869565217391000, 0.1304347826086956500, 0.1347826086956521700, 0.1391304347826087000, 0.1434782608695652200, 0.1478260869565217200, 0.1521739130434782400, 0.1565217391304347700, 0.1608695652173912600, 0.1652173913043477900, 0.1695652173913043100, 0.1739130434782608400, 0.1782608695652173600, 0.1826086956521738900, 0.1869565217391304100, 0.1913043478260869300, 0.1956521739130434600, 0.1999999999999999800, 0.2043478260869565100, 0.2086956521739130000, 0.2130434782608695300, 0.2173913043478260500, 0.2217391304347825800, 0.2260869565217391000, 0.2304347826086956300, 0.2347826086956521500, 0.2391304347826086800, 0.2434782608695652000, 0.2478260869565217200, 0.2521739130434781900, 0.2565217391304348000, 0.2608695652173912400, 0.2652173913043477900, 0.2695652173913042900, 0.2739130434782607900, 0.2782608695652173400, 0.2826086956521738400, 0.2869565217391303900, 0.2913043478260868800, 0.2956521739130434400, 0.2999999999999999300, 0.3043478260869564900, 0.3086956521739129800, 0.3130434782608695300, 0.3173913043478260300, 0.3217391304347825300, 0.3260869565217390800, 0.3304347826086955800, 0.3347826086956521300, 0.3391304347826086300, 0.3434782608695651800, 0.3478260869565216700, 0.3521739130434782300, 0.3565217391304347200, 0.3608695652173912700, 0.3652173913043477700, 0.3695652173913042700, 0.3739130434782608200, 0.3782608695652173200, 0.3826086956521738700, 0.3869565217391303700, 0.3913043478260869200, 0.3956521739130434100, 0.3999999999999999700, 0.4043478260869564100, 0.4086956521739129600, 0.4130434782608695700, 0.4173913043478260100, 0.4217391304347825600, 0.4260869565217390600, 0.4304347826086956100, 0.4347826086956521100, 0.4391304347826086600, 0.4434782608695651600, 0.4478260869565217100, 0.4521739130434782000, 0.4565217391304347000, 0.4608695652173912500, 0.4652173913043476900, 0.4695652173913043000, 0.4739130434782607400, 0.4782608695652173500, 0.4826086956521737900, 0.4869565217391304000, 0.4913043478260868400, 0.4956521739130433900, 0.4999999999999998900, 0.5043478260869563900, 0.5086956521739128800, 0.5130434782608694900, 0.5173913043478259900, 0.5217391304347824800, 0.5260869565217389800, 0.5304347826086955900, 0.5347826086956520800, 0.5391304347826085800, 0.5434782608695650800, 0.5478260869565215700, 0.5521739130434781800, 0.5565217391304346800, 0.5608695652173912900, 0.5652173913043476700, 0.5695652173913042800, 0.5739130434782607800, 0.5782608695652172700, 0.5826086956521737700, 0.5869565217391303800, 0.5913043478260868700, 0.5956521739130433700, 0.5999999999999998700, 0.6043478260869563600, 0.6086956521739129700, 0.6130434782608694700, 0.6173913043478259600, 0.6217391304347824600, 0.6260869565217390700, 0.6304347826086955700, 0.6347826086956520600, 0.6391304347826085600, 0.6434782608695650600, 0.6478260869565216600, 0.6521739130434781600, 0.6565217391304346600, 0.6608695652173911500, 0.6652173913043477600, 0.6695652173913042600, 0.6739130434782607500 ),
 .UNSPECIFIED. ) 
 CURVE ( )  GEOMETRIC_REPRESENTATION_ITEM ( )  RATIONAL_B_SPLINE_CURVE ( ( 0.9816527745978198500, 0.9877707082921054500, 1.000000000000000000, 0.9510565162951535300, 1.000000000000000000, 0.9510565162951535300, 1.000000000000000000, 0.9510565162951535300, 1.000000000000000000, 0.9510565162951535300, 1.000000000000000000, 0.9510565162951535300, 1.000000000000000000, 0.9510565162951535300, 1.000000000000000000, 0.9510565162951535300, 1.000000000000000000, 0.9510565162951535300, 1.000000000000000000, 0.9510565162951535300, 1.000000000000000000, 0.9510565162951535300, 1.000000000000000000, 0.9510565162951535300, 1.000000000000000000, 0.9510565162951535300, 1.000000000000000000, 0.9510565162951535300, 1.000000000000000000, 0.9510565162951535300, 1.000000000000000000, 0.9510565162951535300, 1.000000000000000000, 0.9510565162951535300, 1.000000000000000000, 0.9510565162951535300, 1.000000000000000000, 0.9510565162951535300, 1.000000000000000000, 0.9510565162951535300, 1.000000000000000000, 0.9510565162951535300, 1.000000000000000000, 0.9510565162951535300, 1.000000000000000000, 0.9510565162951535300, 1.000000000000000000, 0.9510565162951535300, 1.000000000000000000, 0.9510565162951535300, 1.000000000000000000, 0.9510565162951535300, 1.000000000000000000, 0.9510565162951535300, 1.000000000000000000, 0.9510565162951535300, 1.000000000000000000, 0.9510565162951535300, 1.000000000000000000, 0.9510565162951535300, 1.000000000000000000, 0.9510565162951535300, 1.000000000000000000, 0.9510565162951535300, 1.000000000000000000, 0.9510565162951535300, 1.000000000000000000, 0.9510565162951535300, 1.000000000000000000, 0.9510565162951535300, 1.000000000000000000, 0.9510565162951535300, 1.000000000000000000, 0.9510565162951535300, 1.000000000000000000, 0.9510565162951535300, 1.000000000000000000, 0.9510565162951535300, 1.000000000000000000, 0.9510565162951535300, 1.000000000000000000, 0.9510565162951535300, 1.000000000000000000, 0.9510565162951535300, 1.000000000000000000, 0.9510565162951535300, 1.000000000000000000, 0.9510565162951535300, 1.000000000000000000, 0.9510565162951535300, 1.000000000000000000, 0.9510565162951535300, 1.000000000000000000, 0.9510565162951535300, 1.000000000000000000, 0.9510565162951535300, 1.000000000000000000, 0.9510565162951535300, 1.000000000000000000, 0.9510565162951535300, 1.000000000000000000, 0.9510565162951535300, 1.000000000000000000, 0.9510565162951535300, 1.000000000000000000, 0.9510565162951535300, 1.000000000000000000, 0.9510565162951535300, 1.000000000000000000, 0.9510565162951535300, 1.000000000000000000, 0.9510565162951535300, 1.000000000000000000, 0.9510565162951535300, 1.000000000000000000, 0.9510565162951535300, 1.000000000000000000, 0.9510565162951535300, 1.000000000000000000, 0.9510565162951535300, 1.000000000000000000, 0.9510565162951535300, 1.000000000000000000, 0.9510565162951535300, 1.000000000000000000, 0.9510565162951535300, 1.000000000000000000, 0.9510565162951535300, 1.000000000000000000, 0.9510565162951535300, 1.000000000000000000, 0.9510565162951535300, 1.000000000000000000, 0.9510565162951535300, 1.000000000000000000, 0.9510565162951535300, 1.000000000000000000, 0.9510565162951535300, 1.000000000000000000, 0.9510565162951535300, 1.000000000000000000, 0.9510565162951535300, 1.000000000000000000, 0.9510565162951535300, 1.000000000000000000, 0.9510565162951535300, 1.000000000000000000, 0.9510565162951535300, 1.000000000000000000, 0.9510565162951535300, 1.000000000000000000, 0.9510565162951535300, 1.000000000000000000, 0.9510565162951535300, 1.000000000000000000, 0.9510565162951535300, 1.000000000000000000, 0.9510565162951535300, 1.000000000000000000, 0.9510565162951535300, 1.000000000000000000, 0.9510565162951535300, 1.000000000000000000, 0.9510565162951535300, 1.000000000000000000, 0.9510565162951535300, 1.000000000000000000, 0.9510565162951535300, 1.000000000000000000, 0.9510565162951535300, 1.000000000000000000, 0.9510565162951535300, 1.000000000000000000, 0.9510565162951535300, 1.000000000000000000, 0.9510565162951535300, 1.000000000000000000, 0.9510565162951535300, 1.000000000000000000, 0.9510565162951535300, 1.000000000000000000, 0.9510565162951535300, 1.000000000000000000, 0.9510565162951535300, 1.000000000000000000, 0.9510565162951535300, 1.000000000000000000, 0.9510565162951535300, 1.000000000000000000, 0.9510565162951535300, 1.000000000000000000, 0.9510565162951535300, 1.000000000000000000, 0.9510565162951535300, 1.000000000000000000, 0.9510565162951535300, 1.000000000000000000, 0.9510565162951535300, 1.000000000000000000, 0.9510565162951535300, 1.000000000000000000, 0.9510565162951535300, 1.000000000000000000, 0.9510565162951535300, 1.000000000000000000, 0.9510565162951535300, 1.000000000000000000, 0.9510565162951535300, 1.000000000000000000, 0.9510565162951535300, 1.000000000000000000, 0.9510565162951535300, 1.000000000000000000, 0.9510565162951535300, 1.000000000000000000, 0.9510565162951535300, 1.000000000000000000, 0.9510565162951535300, 1.000000000000000000, 0.9510565162951535300, 1.000000000000000000, 0.9510565162951535300, 1.000000000000000000, 0.9510565162951535300, 1.000000000000000000, 0.9510565162951535300, 1.000000000000000000, 0.9510565162951535300, 1.000000000000000000, 0.9510565162951535300, 1.000000000000000000, 0.9510565162951535300, 1.000000000000000000, 0.9510565162951535300, 1.000000000000000000, 0.9510565162951535300, 1.000000000000000000, 0.9510565162951535300, 1.000000000000000000, 0.9510565162951535300, 1.000000000000000000, 0.9510565162951535300, 1.000000000000000000, 0.9510565162951535300, 1.000000000000000000, 0.9510565162951535300, 1.000000000000000000, 0.9510565162951535300, 1.000000000000000000, 0.9510565162951535300, 1.000000000000000000, 0.9510565162951535300, 1.000000000000000000, 0.9510565162951535300, 1.000000000000000000, 0.9510565162951535300, 1.000000000000000000, 0.9510565162951535300, 1.000000000000000000, 0.9510565162951535300, 1.000000000000000000, 0.9510565162951535300, 1.000000000000000000, 0.9510565162951535300, 1.000000000000000000, 0.9510565162951535300, 1.000000000000000000, 0.9510565162951535300, 1.000000000000000000, 0.9510565162951535300, 1.000000000000000000, 0.9510565162951535300, 1.000000000000000000, 0.9510565162951535300, 1.000000000000000000, 0.9510565162951535300, 1.000000000000000000, 0.9510565162951535300, 1.000000000000000000, 0.9510565162951535300, 1.000000000000000000, 0.9510565162951535300, 1.000000000000000000, 0.9510565162951535300, 1.000000000000000000, 0.9510565162951535300, 1.000000000000000000, 0.9510565162951535300, 1.000000000000000000, 0.9510565162951535300, 1.000000000000000000, 0.9510565162951535300, 1.000000000000000000, 0.9510565162951535300, 1.000000000000000000, 0.9510565162951535300, 1.000000000000000000, 0.9510565162951535300, 1.000000000000000000, 0.9510565162951535300, 1.000000000000000000, 0.9510565162951547500, 0.9999999999999987800 ) ) 
 REPRESENTATION_ITEM ( '' )  );
#5950 = CARTESIAN_POINT ( 'NONE',  ( 1.250000000000000000, 3.061616997868383000E-017, -0.2500000000000000000 ) ) ;
#5951 = EDGE_LOOP ( 'NONE', ( #6488, #5200, #566, #5454, #4441 ) ) ;
#5952 = CARTESIAN_POINT ( 'NONE',  ( 0.7153846153846147300, -0.2000369959355130000, -0.06499595995471003900 ) ) ;
#5953 = CARTESIAN_POINT ( 'NONE',  ( -0.1000000000000013800, 0.2000369959355130000, -0.06499595995470999800 ) ) ;
#5954 = CARTESIAN_POINT ( 'NONE',  ( 0.6413461538461530100, 0.1596549696361239700, 0.2197462137205352700 ) ) ;
#5955 = CARTESIAN_POINT ( 'NONE',  ( 0.2288461538461528100, -0.1236296624955716800, 0.1701616322928578300 ) ) ;
#5956 = CARTESIAN_POINT ( 'NONE',  ( -0.4447115384615404300, 0.2541635836720405100, 0.0000000000000000000 ) ) ;
#5957 = ORIENTED_EDGE ( 'NONE', *, *, #3379, .F. ) ;
#5958 = EDGE_CURVE ( 'NONE', #4347, #5690, #1047, .T. ) ;
#5959 = DIRECTION ( 'NONE',  ( 0.0000000000000000000, -1.000000000000000000, 0.0000000000000000000 ) ) ;
#5960 = AXIS2_PLACEMENT_3D ( 'NONE', #1360, #2026, #4904 ) ;
#5961 = CARTESIAN_POINT ( 'NONE',  ( 1.121153846153846200, -0.2500000000000001100, 0.08122992405822653000 ) ) ;
#5962 = CARTESIAN_POINT ( 'NONE',  ( 1.005769230769230500, -0.2000369959355130200, 0.06499595995470997000 ) ) ;
#5963 = CARTESIAN_POINT ( 'NONE',  ( 0.9999999999999995600, -3.863724120272764700E-017, 0.2103313446762957200 ) ) ;
#5964 = ORIENTED_EDGE ( 'NONE', *, *, #2950, .F. ) ;
#5965 = CARTESIAN_POINT ( 'NONE',  ( 0.2096153846153835400, -0.2022542485937368100, -0.1469463130731182800 ) ) ;
#5966 = CARTESIAN_POINT ( 'NONE',  ( 1.046153846153846000, 0.1236296624955716700, -0.1701616322928578600 ) ) ;
#5967 = DATE_AND_TIME ( #1566, #3277 ) ;
#5968 = CARTESIAN_POINT ( 'NONE',  ( 0.009623577860156332800, 0.1227179378297997000, -0.2115438198642421400 ) ) ;
#5969 = CARTESIAN_POINT ( 'NONE',  ( 1.153846153846153700, -3.863724120272764700E-017, 0.2103313446762957200 ) ) ;
#5970 = VERTEX_POINT ( 'NONE', #6720 ) ;
#5971 = CARTESIAN_POINT ( 'NONE',  ( 1.009615384615384400, 0.2500000000000000000, 0.0000000000000000000 ) ) ;
#5972 = CARTESIAN_POINT ( 'NONE',  ( 0.02115384615384501400, -0.1236296624955716100, -0.1701616322928578600 ) ) ;
#5973 = CARTESIAN_POINT ( 'NONE',  ( 0.9206730769230760900, 1.636393914928959700E-017, -0.2672434070081726200 ) ) ;
#5974 = LINE ( 'NONE', #4655, #1225 ) ;
#5975 = CARTESIAN_POINT ( 'NONE',  ( 0.3384615384615374800, -0.1236296624955716100, -0.1701616322928578600 ) ) ;
#5976 = CARTESIAN_POINT ( 'NONE',  ( -0.2576923076923092200, 0.1618333292155423300, -0.1175787961237839500 ) ) ;
#5977 = CARTESIAN_POINT ( 'NONE',  ( 0.7721153846153838700, 0.1596549696361239700, -0.2197462137205352100 ) ) ;
#5978 = ORIENTED_EDGE ( 'NONE', *, *, #5358, .F. ) ;
#5979 = CARTESIAN_POINT ( 'NONE',  ( -0.05192307692307812600, -0.06181483124778579900, -0.1902464884845768400 ) ) ;
#5980 = ORIENTED_EDGE ( 'NONE', *, *, #3053, .F. ) ;
#5981 = CARTESIAN_POINT ( 'NONE',  ( -0.3831730769230788400, 0.07854086670589942300, -0.2417239324562225900 ) ) ;
#5982 = FACE_OUTER_BOUND ( 'NONE', #5948, .T. ) ;
#5983 = CARTESIAN_POINT ( 'NONE',  ( -0.5136250000000000000, 0.1012499999999999900, 2.540244873984488400E-018 ) ) ;
#5984 = DIRECTION ( 'NONE',  ( -1.000000000000000000, -0.0000000000000000000, -0.0000000000000000000 ) ) ;
#5985 = CARTESIAN_POINT ( 'NONE',  ( 0.8519230769230765600, -0.2000369959355130200, 0.06499595995470997000 ) ) ;
#5986 = ORIENTED_EDGE ( 'NONE', *, *, #4956, .F. ) ;
#5987 = CARTESIAN_POINT ( 'NONE',  ( 0.7692307692307687200, -3.863724120272764700E-017, 0.2103313446762957200 ) ) ;
#5988 = LINE ( 'NONE', #1944, #3570 ) ;
#5989 = ORIENTED_EDGE ( 'NONE', *, *, #4252, .T. ) ;
#5990 = CARTESIAN_POINT ( 'NONE',  ( 0.8038461538461534300, -0.06181483124778579900, -0.1902464884845768400 ) ) ;
#5991 = DIRECTION ( 'NONE',  ( 0.0000000000000000000, 1.000000000000000000, -1.252096997096120600E-016 ) ) ;
#5992 = CARTESIAN_POINT ( 'NONE',  ( 0.9999999999999995600, 5.250708982892026900E-016, -0.2500000000000000000 ) ) ;
#5993 = CYLINDRICAL_SURFACE ( 'NONE', #1126, 0.01124999999999999800 ) ;
#5994 = CARTESIAN_POINT ( 'NONE',  ( 1.005769230769230300, 0.2500000000000000600, -0.08122992405822657100 ) ) ;
#5995 = CARTESIAN_POINT ( 'NONE',  ( 0.09423076923076814700, -0.1618333292155423300, -0.1175787961237840000 ) ) ;
#5996 = CARTESIAN_POINT ( 'NONE',  ( 0.8745192307692298800, 0.1570817334117987900, 0.2162044579042725600 ) ) ;
#5997 = CARTESIAN_POINT ( 'NONE',  ( 0.2538461538461528900, -0.2000369959355130000, -0.06499595995471003900 ) ) ;
#5998 = CARTESIAN_POINT ( 'NONE',  ( -0.03846153846153981700, 1.287908040090921300E-017, -0.2103313446762957200 ) ) ;
#5999 = CARTESIAN_POINT ( 'NONE',  ( 0.6490384615384607900, -4.989601562057195500E-017, 0.2716212579567785500 ) ) ;
#6000 = CARTESIAN_POINT ( 'NONE',  ( -0.04807692307692434900, 1.287908040090921300E-017, -0.2103313446762957200 ) ) ;
#6001 = CARTESIAN_POINT ( 'NONE',  ( -0.3100961538461557400, 1.636393914928959700E-017, -0.2672434070081726200 ) ) ;
#6002 = CARTESIAN_POINT ( 'NONE',  ( -0.5156250000000000000, -0.1541177857925761000, -0.2444398353427559600 ) ) ;
#6003 = CARTESIAN_POINT ( 'NONE',  ( 0.4615384615384604500, 1.023888251663945400E-015, -0.2499999999999999700 ) ) ;
#6004 = DIRECTION ( 'NONE',  ( 0.0000000000000000000, 0.0000000000000000000, 1.000000000000000000 ) ) ;
#6005 = CARTESIAN_POINT ( 'NONE',  ( 0.8826923076923073300, 0.1236296624955716700, -0.1701616322928578600 ) ) ;
#6006 = CARTESIAN_POINT ( 'NONE',  ( 0.8038461538461534300, -0.06181483124778579900, -0.1902464884845768400 ) ) ;
#6007 = CARTESIAN_POINT ( 'NONE',  ( -0.1500000000000014100, -0.06181483124778584100, 0.1902464884845768100 ) ) ;
#6008 = ADVANCED_FACE ( 'NONE', ( #5630 ), #5098, .T. ) ;
#6009 = CARTESIAN_POINT ( 'NONE',  ( 1.024999999999999900, -0.06181483124778579900, -0.1902464884845768400 ) ) ;
#6010 = CARTESIAN_POINT ( 'NONE',  ( 0.1615384615384601300, 0.1545084971874737000, -0.2126627020880099400 ) ) ;
#6011 = CARTESIAN_POINT ( 'NONE',  ( 0.8615384615384611400, -0.2000369959355130200, 0.06499595995470997000 ) ) ;
#6012 = DIRECTION ( 'NONE',  ( 0.0000000000000000000, 0.4999999999999919000, -0.8660254037844432600 ) ) ;
#6013 = CARTESIAN_POINT ( 'NONE',  ( 0.007899820924156341800, 0.1028800906808473300, -0.2229670240918513700 ) ) ;
#6014 = CARTESIAN_POINT ( 'NONE',  ( 1.107692307692307300, -0.1236296624955716100, -0.1701616322928578600 ) ) ;
#6015 = EDGE_CURVE ( 'NONE', #3563, #2644, #1949, .T. ) ;
#6016 = FACE_OUTER_BOUND ( 'NONE', #2291, .T. ) ;
#6017 = CARTESIAN_POINT ( 'NONE',  ( 0.2326923076923067500, -0.1618333292155423300, 0.1175787961237839400 ) ) ;
#6018 = CARTESIAN_POINT ( 'NONE',  ( 1.066826923076922300, -0.1570817334117988200, -0.2162044579042725600 ) ) ;
#6019 = CARTESIAN_POINT ( 'NONE',  ( 0.3192307692307683700, -0.1618333292155423300, 0.1175787961237839400 ) ) ;
#6020 = CARTESIAN_POINT ( 'NONE',  ( -0.2961538461538476600, -0.1618333292155423300, 0.1175787961237839400 ) ) ;
#6021 = CARTESIAN_POINT ( 'NONE',  ( 0.6028846153846145800, -0.1596549696361239700, -0.2197462137205352100 ) ) ;
#6022 = CARTESIAN_POINT ( 'NONE',  ( -0.2408653846153863700, -0.1570817334117988200, -0.2162044579042725600 ) ) ;
#6023 = ORIENTED_EDGE ( 'NONE', *, *, #1641, .F. ) ;
#6024 = CARTESIAN_POINT ( 'NONE',  ( -0.1282018963008654800, 0.3593237620774889500, 0.1276329877149981200 ) ) ;
#6025 = CARTESIAN_POINT ( 'NONE',  ( -0.5156250000000000000, -0.2035159698893431200, 0.3749999999999997800 ) ) ;
#6026 = CARTESIAN_POINT ( 'NONE',  ( 0.8288461538461534600, 0.1236296624955716000, 0.1701616322928579100 ) ) ;
#6027 = CARTESIAN_POINT ( 'NONE',  ( 0.9307692307692302400, -0.1236296624955716800, 0.1701616322928578300 ) ) ;
#6028 = CARTESIAN_POINT ( 'NONE',  ( -0.1730769230769245400, 0.2000369959355130500, 0.0000000000000000000 ) ) ;
#6029 = ORIENTED_EDGE ( 'NONE', *, *, #4698, .F. ) ;
#6030 = ORIENTED_EDGE ( 'NONE', *, *, #1888, .F. ) ;
#6031 = CARTESIAN_POINT ( 'NONE',  ( 1.059615384615384600, 0.1236296624955716000, 0.1701616322928579100 ) ) ;
#6032 = CARTESIAN_POINT ( 'NONE',  ( 0.7461538461538456100, 0.2000369959355130000, -0.06499595995470999800 ) ) ;
#6033 = CARTESIAN_POINT ( 'NONE',  ( 1.011538461538461100, 0.2022542485937368600, -0.1469463130731182600 ) ) ;
#6034 = CARTESIAN_POINT ( 'NONE',  ( 1.184615384615384400, -0.1236296624955716100, -0.1701616322928578600 ) ) ;
#6035 = ORIENTED_EDGE ( 'NONE', *, *, #4783, .T. ) ;
#6036 =( BOUNDED_CURVE ( )  B_SPLINE_CURVE ( 2, ( #6176, #3853, #5014, #6147, #3874, #4615, #5185, #512, #1088, #6254, #7378, #1065, #6228 ),
 .UNSPECIFIED., .F., .T. ) 
 B_SPLINE_CURVE_WITH_KNOTS ( ( 3, 2, 2, 2, 2, 2, 3 ),
 ( 0.5740477927925418100, 0.5762217058360200600, 0.5805695319229766700, 0.5849173580099331600, 0.5892651840968896600, 0.5936130101838461600, 0.5957869232273244100 ),
 .UNSPECIFIED. ) 
 CURVE ( )  GEOMETRIC_REPRESENTATION_ITEM ( )  RATIONAL_B_SPLINE_CURVE ( ( 0.9755282581475768200, 0.9755282581475768200, 1.000000000000000000, 0.9510565162951535300, 1.000000000000000000, 0.9510565162951535300, 1.000000000000000000, 0.9510565162951535300, 1.000000000000000000, 0.9510565162951535300, 1.000000000000000000, 0.9755282581475768200, 0.9755282581475768200 ) ) 
 REPRESENTATION_ITEM ( '' )  );
#6037 = EDGE_LOOP ( 'NONE', ( #7364, #3262, #5351, #3039 ) ) ;
#6038 = CARTESIAN_POINT ( 'NONE',  ( 0.05867360921432515600, 0.1681467455329840300, -0.1359603825877981300 ) ) ;
#6039 = CARTESIAN_POINT ( 'NONE',  ( 0.2057692307692297600, 0.2000369959355130000, 0.06499595995471008100 ) ) ;
#6040 = CARTESIAN_POINT ( 'NONE',  ( 0.9399038461538455900, 0.2541635836720405100, 0.0000000000000000000 ) ) ;
#6041 = VERTEX_POINT ( 'NONE', #4506 ) ;
#6042 = CARTESIAN_POINT ( 'NONE',  ( 0.3115384615384605400, -0.06181483124778584100, 0.1902464884845768100 ) ) ;
#6043 = CARTESIAN_POINT ( 'NONE',  ( -0.4538461538461555100, -0.1236296624955716800, 0.1701616322928578300 ) ) ;
#6044 = CARTESIAN_POINT ( 'NONE',  ( 0.4259615384615375600, -0.1596549696361239900, 0.2197462137205351800 ) ) ;
#6045 = CARTESIAN_POINT ( 'NONE',  ( -0.4947115384615403100, -0.1570817334117988500, 0.2162044579042725600 ) ) ;
#6046 = EDGE_CURVE ( 'NONE', #2659, #3970, #4914, .T. ) ;
#6047 = CARTESIAN_POINT ( 'NONE',  ( -0.5156250000000001100, -0.3161348578503765900, 0.2024383641595828000 ) ) ;
#6048 = APPROVAL ( #7188, 'UNSPECIFIED' ) ;
#6049 = CARTESIAN_POINT ( 'NONE',  ( -0.5156250000000000000, -0.4070319397786861200, -8.537024980200822600E-017 ) ) ;
#6050 = LINE ( 'NONE', #4274, #2275 ) ;
#6051 = CARTESIAN_POINT ( 'NONE',  ( -0.5156250000000000000, 0.4265175113638358700, 0.01124999999999998200 ) ) ;
#6052 = CARTESIAN_POINT ( 'NONE',  ( 0.8211538461538457900, 0.2000369959355130000, 0.06499595995471008100 ) ) ;
#6053 = CARTESIAN_POINT ( 'NONE',  ( 0.9653846153846150600, 0.06181483124778582700, -0.1902464884845768100 ) ) ;
#6054 = CARTESIAN_POINT ( 'NONE',  ( -0.2538461538461554400, 0.2000369959355130000, -0.06499595995470999800 ) ) ;
#6055 = COORDINATED_UNIVERSAL_TIME_OFFSET ( 6, 0, .BEHIND. ) ;
#6056 = CARTESIAN_POINT ( 'NONE',  ( 1.063461538461538200, 0.06181483124778577900, 0.1902464884845768400 ) ) ;
#6057 = ORIENTED_EDGE ( 'NONE', *, *, #2900, .F. ) ;
#6058 = CARTESIAN_POINT ( 'NONE',  ( 0.1692307692307678500, 0.2499999999999999200, -0.08122992405822653000 ) ) ;
#6059 = CARTESIAN_POINT ( 'NONE',  ( 0.8846153846153840300, 1.287908040090921300E-017, -0.2103313446762957200 ) ) ;
#6060 = EDGE_CURVE ( 'NONE', #591, #864, #3562, .T. ) ;
#6061 = CARTESIAN_POINT ( 'NONE',  ( 1.242270696372179700, -0.1976072548276477900, -0.03108331678546405800 ) ) ;
#6062 = CARTESIAN_POINT ( 'NONE',  ( 0.5942307692307684500, -0.2022542485937368100, -0.1469463130731182800 ) ) ;
#6063 = CARTESIAN_POINT ( 'NONE',  ( 1.215384615384615300, 0.2000369959355130000, 0.06499595995471006700 ) ) ;
#6064 = FACE_OUTER_BOUND ( 'NONE', #913, .T. ) ;
#6065 = CARTESIAN_POINT ( 'NONE',  ( 0.3999999999999988000, 0.2499999999999999200, -0.08122992405822653000 ) ) ;
#6066 = ORIENTED_EDGE ( 'NONE', *, *, #311, .F. ) ;
#6067 = CARTESIAN_POINT ( 'NONE',  ( -0.04038461538461656000, 0.1236296624955716700, -0.1701616322928578600 ) ) ;
#6068 = CARTESIAN_POINT ( 'NONE',  ( 0.9552884615384610300, 0.07854086670589938100, 0.2417239324562226500 ) ) ;
#6069 = AXIS2_PLACEMENT_3D ( 'NONE', #4391, #4943, #6077 ) ;
#6070 = CARTESIAN_POINT ( 'NONE',  ( 0.08653846153846155000, -0.1411714708955339200, 0.1417230240578286600 ) ) ;
#6071 = LINE ( 'NONE', #7141, #3033 ) ;
#6072 = CARTESIAN_POINT ( 'NONE',  ( -0.1310429897804383000, -0.03436647677952857400, 0.3749999999999998300 ) ) ;
#6073 = CARTESIAN_POINT ( 'NONE',  ( -0.2807692307692323800, -0.1618333292155423300, -0.1175787961237840000 ) ) ;
#6074 = CARTESIAN_POINT ( 'NONE',  ( 0.4221153846153836200, -0.07982748481806203900, 0.2456837358386569100 ) ) ;
#6075 = ORIENTED_EDGE ( 'NONE', *, *, #782, .T. ) ;
#6076 = DIRECTION ( 'NONE',  ( 0.0000000000000000000, 0.0000000000000000000, -1.000000000000000000 ) ) ;
#6077 = DIRECTION ( 'NONE',  ( 0.0000000000000000000, 0.0000000000000000000, -1.000000000000000000 ) ) ;
#6078 = DIRECTION ( 'NONE',  ( 0.0000000000000000000, 1.000000000000000000, 1.224646799147353200E-016 ) ) ;
#6079 = FACE_OUTER_BOUND ( 'NONE', #5011, .T. ) ;
#6080 = CARTESIAN_POINT ( 'NONE',  ( 0.8480769230769226200, -0.1618333292155423300, 0.1175787961237839400 ) ) ;
#6081 = CARTESIAN_POINT ( 'NONE',  ( 0.8576923076923072000, -0.1618333292155423300, 0.1175787961237839400 ) ) ;
#6082 = CARTESIAN_POINT ( 'NONE',  ( -0.2269230769230783100, -0.06181483124778584100, 0.1902464884845768100 ) ) ;
#6083 = CARTESIAN_POINT ( 'NONE',  ( 1.182692307692307500, 1.287908040090921300E-017, -0.2103313446762957200 ) ) ;
#6084 = FACE_OUTER_BOUND ( 'NONE', #6549, .T. ) ;
#6085 = CARTESIAN_POINT ( 'NONE',  ( 0.8653846153846149700, -0.2000369959355130500, -2.449746667834781800E-017 ) ) ;
#6086 = CARTESIAN_POINT ( 'NONE',  ( 0.9980769230769229700, -0.1236296624955716700, 0.1701616322928578600 ) ) ;
#6087 = CARTESIAN_POINT ( 'NONE',  ( 0.6077405492902625600, 0.03959611008113408200, -0.2500000000000000000 ) ) ;
#6088 = CARTESIAN_POINT ( 'NONE',  ( 1.034615384615384500, -0.06181483124778579900, -0.1902464884845768400 ) ) ;
#6089 = CARTESIAN_POINT ( 'NONE',  ( 0.07066995113415998300, 0.1693572116977027100, 0.1230082232493318600 ) ) ;
#6090 = CARTESIAN_POINT ( 'NONE',  ( -0.1134615384615397000, 0.1618333292155423300, -0.1175787961237839500 ) ) ;
#6091 = CARTESIAN_POINT ( 'NONE',  ( 0.6860576923076914200, -0.07854086670589939500, -0.2417239324562226500 ) ) ;
#6092 = CARTESIAN_POINT ( 'NONE',  ( -0.1001489031158496600, 0.4284507481521719300, 0.007901535659540621200 ) ) ;
#6093 = EDGE_CURVE ( 'NONE', #5174, #3541, #6951, .T. ) ;
#6094 = CARTESIAN_POINT ( 'NONE',  ( 0.1423076923076909700, -0.2022542485937368100, -0.1469463130731182800 ) ) ;
#6095 = CARTESIAN_POINT ( 'NONE',  ( -0.3807692307692323600, -0.06181483124778584100, 0.1902464884845768100 ) ) ;
#6096 = CARTESIAN_POINT ( 'NONE',  ( 0.3913461538461528400, 0.2089910684901025400, -0.1518408992313406100 ) ) ;
#6097 = AXIS2_PLACEMENT_3D ( 'NONE', #6442, #2992, #2385 ) ;
#6098 = CARTESIAN_POINT ( 'NONE',  ( 1.088461538461537900, 0.2022542485937368600, -0.1469463130731182600 ) ) ;
#6099 = CARTESIAN_POINT ( 'NONE',  ( -0.5031249999999999300, 1.104249177780794800E-016, -0.3440070881318968400 ) ) ;
#6100 = CARTESIAN_POINT ( 'NONE',  ( 0.6576923076923071300, 0.06181483124778582700, -0.1902464884845768100 ) ) ;
#6101 = CARTESIAN_POINT ( 'NONE',  ( -0.1423076923076936100, -0.1618333292155423300, 0.1175787961237839400 ) ) ;
#6102 = EDGE_CURVE ( 'NONE', #5368, #1378, #5451, .T. ) ;
#6103 = CARTESIAN_POINT ( 'NONE',  ( 1.071153846153846100, -0.06181483124778584100, 0.1902464884845768100 ) ) ;
#6104 = CARTESIAN_POINT ( 'NONE',  ( -0.5156250000000000000, 6.829619984160658000E-017, 0.3375000000000000200 ) ) ;
#6105 = CARTESIAN_POINT ( 'NONE',  ( 0.6076923076923070900, 0.1236296624955716000, 0.1701616322928579100 ) ) ;
#6106 = CARTESIAN_POINT ( 'NONE',  ( 1.051923076923076500, 0.2000369959355130000, 0.06499595995471006700 ) ) ;
#6107 = CARTESIAN_POINT ( 'NONE',  ( -0.4841429134756534100, -0.2113143342614225700, -0.3739742722955627400 ) ) ;
#6108 = AXIS2_PLACEMENT_3D ( 'NONE', #423, #6895, #1200 ) ;
#6109 = CARTESIAN_POINT ( 'NONE',  ( 0.9557692307692303700, -0.07725424859373689100, 0.2377641290737883800 ) ) ;
#6110 = CARTESIAN_POINT ( 'NONE',  ( -0.04423076923077060000, 0.06181483124778582700, -0.1902464884845768100 ) ) ;
#6111 = CARTESIAN_POINT ( 'NONE',  ( 0.6475961538461528800, 0.07854086670589938100, 0.2417239324562226500 ) ) ;
#6112 = VERTEX_POINT ( 'NONE', #5082 ) ;
#6113 = CARTESIAN_POINT ( 'NONE',  ( -0.09955702592294467200, 0.4295354742723603300, 0.003943322557907631500 ) ) ;
#6114 = CARTESIAN_POINT ( 'NONE',  ( 0.8673076923076920000, 0.1545084971874737000, 0.2126627020880100200 ) ) ;
#6115 = CARTESIAN_POINT ( 'NONE',  ( -0.3653846153846170300, -0.2000369959355130500, -2.449746667834781800E-017 ) ) ;
#6116 = CARTESIAN_POINT ( 'NONE',  ( 0.4605769230769220500, 0.07982748481806199700, -0.2456837358386569100 ) ) ;
#6117 = AXIS2_PLACEMENT_3D ( 'NONE', #3084, #7074, #2064 ) ;
#6118 = ORIENTED_EDGE ( 'NONE', *, *, #689, .T. ) ;
#6119 = CARTESIAN_POINT ( 'NONE',  ( 0.01682692307692151800, 0.2541635836720405100, 0.0000000000000000000 ) ) ;
#6120 = ORIENTED_EDGE ( 'NONE', *, *, #2460, .F. ) ;
#6121 = CARTESIAN_POINT ( 'NONE',  ( -0.1012136957216079500, -0.4265175113638359200, -0.01125000000000000300 ) ) ;
#6122 = CARTESIAN_POINT ( 'NONE',  ( 1.132692307692307700, -0.2022542485937368100, -0.1469463130731182800 ) ) ;
#6123 = CARTESIAN_POINT ( 'NONE',  ( 0.5692307692307685400, -0.1236296624955716100, -0.1701616322928578600 ) ) ;
#6124 = CARTESIAN_POINT ( 'NONE',  ( -0.2961538461538476600, -0.1618333292155423300, 0.1175787961237839400 ) ) ;
#6125 = CARTESIAN_POINT ( 'NONE',  ( 0.8173076923076919600, 0.2000369959355130500, 0.0000000000000000000 ) ) ;
#6126 = ORIENTED_EDGE ( 'NONE', *, *, #5219, .F. ) ;
#6127 = CARTESIAN_POINT ( 'NONE',  ( 0.1673076923076912100, 0.2500000000000000600, 0.08122992405822665500 ) ) ;
#6128 = CARTESIAN_POINT ( 'NONE',  ( 0.6115384615384609200, 0.06181483124778577900, 0.1902464884845768400 ) ) ;
#6129 = CARTESIAN_POINT ( 'NONE',  ( 1.237966866817232100, -0.07746033763139154000, 0.1897566800722151900 ) ) ;
#6130 = CARTESIAN_POINT ( 'NONE',  ( 1.128846153846153800, 0.2000369959355130000, 0.06499595995471006700 ) ) ;
#6131 = DIRECTION ( 'NONE',  ( 0.0000000000000000000, 0.0000000000000000000, -1.000000000000000000 ) ) ;
#6132 = CARTESIAN_POINT ( 'NONE',  ( -0.4906249999999999800, -0.1541177857925761000, -0.2444398353427559600 ) ) ;
#6133 = ADVANCED_FACE ( 'NONE', ( #3203 ), #7386, .T. ) ;
#6134 = EDGE_LOOP ( 'NONE', ( #1730, #6561, #1465, #3834 ) ) ;
#6135 = CARTESIAN_POINT ( 'NONE',  ( 0.06580738980010712700, 0.2110513549850315800, 0.02127227063695267700 ) ) ;
#6136 = AXIS2_PLACEMENT_3D ( 'NONE', #867, #2041, #1444 ) ;
#6137 = CARTESIAN_POINT ( 'NONE',  ( 0.01346153846153721500, -0.2000369959355130000, -0.06499595995471003900 ) ) ;
#6138 = CARTESIAN_POINT ( 'NONE',  ( 0.8052884615384610100, -4.909181744786878600E-017, 0.2672434070081726200 ) ) ;
#6139 = CIRCLE ( 'NONE', #5391, 0.3749999999999999400 ) ;
#6140 = CARTESIAN_POINT ( 'NONE',  ( -0.4906249999999999800, 0.2887499999999999500, -0.01125000000000002000 ) ) ;
#6141 = CARTESIAN_POINT ( 'NONE',  ( -0.1103706431570067500, -0.4098921633333952900, -0.04004594748223834500 ) ) ;
#6142 = CARTESIAN_POINT ( 'NONE',  ( 0.3451923076923065800, -0.07982748481806203900, 0.2456837358386569100 ) ) ;
#6143 = CARTESIAN_POINT ( 'NONE',  ( 1.223267931504208300, -0.1923928870028881700, 0.1050188764956272300 ) ) ;
#6144 = ORIENTED_EDGE ( 'NONE', *, *, #4399, .T. ) ;
#6145 = FACE_OUTER_BOUND ( 'NONE', #7355, .T. ) ;
#6146 = CARTESIAN_POINT ( 'NONE',  ( 0.3865384615384607200, -0.1618333292155423300, 0.1175787961237839400 ) ) ;
#6147 = CARTESIAN_POINT ( 'NONE',  ( 0.5076923076923065500, -0.1545084971874737300, 0.2126627020880099400 ) ) ;
#6148 = PLANE ( 'NONE',  #6383 ) ;
#6149 = ORIENTED_EDGE ( 'NONE', *, *, #6093, .T. ) ;
#6150 = ORIENTED_EDGE ( 'NONE', *, *, #5600, .T. ) ;
#6151 = CARTESIAN_POINT ( 'NONE',  ( 0.4923076923076913900, -0.1236296624955716100, -0.1701616322928578600 ) ) ;
#6152 = CARTESIAN_POINT ( 'NONE',  ( -0.4730769230769248900, 0.1618333292155423300, 0.1175787961237840100 ) ) ;
#6153 = CARTESIAN_POINT ( 'NONE',  ( 0.7788461538461534100, -0.2000369959355130500, -2.449746667834781800E-017 ) ) ;
#6154 = VECTOR ( 'NONE', #504, 39.37007874015748100 ) ;
#6155 = EDGE_CURVE ( 'NONE', #4624, #6873, #3295, .T. ) ;
#6156 = DIRECTION ( 'NONE',  ( -1.000000000000000000, 0.0000000000000000000, 0.0000000000000000000 ) ) ;
#6157 = VERTEX_POINT ( 'NONE', #528 ) ;
#6158 = CARTESIAN_POINT ( 'NONE',  ( 0.4807692307692299500, -0.2000369959355130500, -2.449746667834781800E-017 ) ) ;
#6159 = CARTESIAN_POINT ( 'NONE',  ( 1.178846153846153900, -0.06181483124778579900, -0.1902464884845768400 ) ) ;
#6160 = CARTESIAN_POINT ( 'NONE',  ( 1.176923076923076500, 0.2499999999999999200, 0.08122992405822664100 ) ) ;
#6161 = CARTESIAN_POINT ( 'NONE',  ( -0.5156250000000000000, 0.0000000000000000000, 0.0000000000000000000 ) ) ;
#6162 = B_SPLINE_CURVE_WITH_KNOTS ( 'NONE', 3,
 ( #2229, #2204, #7353, #6226, #6296, #1086, #4488, #3945, #6251, #3967, #509, #5703, #2863, #5086, #3344, #4587, #5114, #2808, #1704, #3398, #1108, #6851, #457, #2780, #4536, #1133, #1630, #7328, #7376, #5732, #6777, #532, #3370, #4563, #2757, #1682, #2274, #3443 ),
 .UNSPECIFIED., .F., .F.,
 ( 4, 2, 2, 2, 2, 2, 2, 2, 2, 2, 2, 2, 2, 2, 2, 2, 2, 2, 4 ),
 ( 0.01459773299931671300, 0.01574056267463442100, 0.01688339234995212700, 0.01802622202526983300, 0.01916905170058754200, 0.02031188137590524800, 0.02088329621356410300, 0.02145471105122295800, 0.02259754072654066400, 0.02374037040185837000, 0.02488320007717607900, 0.02602602975249378900, 0.02716885942781149800, 0.02831168910312920400, 0.02945451877844691000, 0.03002593361610576500, 0.03059734845376462000, 0.03174017812908232200, 0.03288300780440003200 ),
 .UNSPECIFIED. ) ;
#6163 = LINE ( 'NONE', #2882, #6598 ) ;
#6164 = CARTESIAN_POINT ( 'NONE',  ( -0.5128151445830500000, 0.2903278576362826000, 0.2471373997213343600 ) ) ;
#6165 = CARTESIAN_POINT ( 'NONE',  ( -0.1788461538461553200, 0.2000369959355130000, 0.06499595995471008100 ) ) ;
#6166 = CARTESIAN_POINT ( 'NONE',  ( 0.7168269230769222000, 0.2056226585419196300, 0.1493936061522294900 ) ) ;
#6167 = ORIENTED_EDGE ( 'NONE', *, *, #5885, .T. ) ;
#6168 = CARTESIAN_POINT ( 'NONE',  ( 0.1076923076923065700, -0.1236296624955716100, -0.1701616322928578600 ) ) ;
#6169 = CARTESIAN_POINT ( 'NONE',  ( -0.1012136957216079300, 0.2230015414744928300, -0.3637500000000000700 ) ) ;
#6170 = CARTESIAN_POINT ( 'NONE',  ( 0.1913461538461526400, -0.07982748481806203900, 0.2456837358386569100 ) ) ;
#6171 = CARTESIAN_POINT ( 'NONE',  ( 0.2712020877518004400, -0.03959611008113410300, 0.2499999999999999200 ) ) ;
#6172 = FACE_OUTER_BOUND ( 'NONE', #2160, .T. ) ;
#6173 = ADVANCED_FACE ( 'NONE', ( #606 ), #552, .F. ) ;
#6174 =( BOUNDED_CURVE ( )  B_SPLINE_CURVE ( 2, ( #4, #6841, #5199, #2961, #4041, #4093, #2376, #6894, #6414, #1778, #4702, #5223, #3460 ),
 .UNSPECIFIED., .F., .F. ) 
 B_SPLINE_CURVE_WITH_KNOTS ( ( 3, 2, 2, 2, 2, 2, 3 ),
 ( 0.3783956156631213000, 0.3805695287065995500, 0.3849173547935560400, 0.3892651808805125400, 0.3936130069674691500, 0.3979608330544256400, 0.4001347460979038900 ),
 .UNSPECIFIED. ) 
 CURVE ( )  GEOMETRIC_REPRESENTATION_ITEM ( )  RATIONAL_B_SPLINE_CURVE ( ( 0.9755282581475767100, 0.9755282581475767100, 1.000000000000000000, 0.9510565162951534200, 1.000000000000000000, 0.9510565162951534200, 1.000000000000000000, 0.9510565162951534200, 1.000000000000000000, 0.9510565162951534200, 1.000000000000000000, 0.9755282581475767100, 0.9755282581475767100 ) ) 
 REPRESENTATION_ITEM ( '' )  );
#6175 = CARTESIAN_POINT ( 'NONE',  ( 0.3596153846153838900, 0.2000369959355130000, 0.06499595995471006700 ) ) ;
#6176 = CARTESIAN_POINT ( 'NONE',  ( 0.4999999999999988300, -4.375590819076688800E-017, 0.2499999999999999700 ) ) ;
#6177 = CARTESIAN_POINT ( 'NONE',  ( 0.2937499999999987300, -0.2056226585419196300, -0.1493936061522294400 ) ) ;
#6178 = CARTESIAN_POINT ( 'NONE',  ( 0.09423076923076803600, 0.2022542485937368100, 0.1469463130731183400 ) ) ;
#6179 = CARTESIAN_POINT ( 'NONE',  ( 0.5423076923076914900, -0.06181483124778584100, 0.1902464884845768100 ) ) ;
#6180 = CARTESIAN_POINT ( 'NONE',  ( -0.4269230769230786300, -0.06181483124778579900, -0.1902464884845768400 ) ) ;
#6181 = CARTESIAN_POINT ( 'NONE',  ( 0.8903846153846152200, 0.2000369959355130000, -0.06499595995470999800 ) ) ;
#6182 = CARTESIAN_POINT ( 'NONE',  ( 0.4884615384615377300, -0.1618333292155423300, -0.1175787961237840000 ) ) ;
#6183 = CARTESIAN_POINT ( 'NONE',  ( -0.5031249999999999300, 6.829619984160658000E-017, 0.3134877234128604100 ) ) ;
#6184 = CARTESIAN_POINT ( 'NONE',  ( 1.013461538461538200, -0.2000369959355130000, -0.06499595995471003900 ) ) ;
#6185 = CARTESIAN_POINT ( 'NONE',  ( 1.161538461538461200, 0.1545084971874737000, -0.2126627020880099400 ) ) ;
#6186 = CARTESIAN_POINT ( 'NONE',  ( 0.0000000000000000000, 0.1764317023400091300, -0.1771210162838008100 ) ) ;
#6187 = CARTESIAN_POINT ( 'NONE',  ( -0.2865384615384630700, -0.1236296624955716100, -0.1701616322928578600 ) ) ;
#6188 = CARTESIAN_POINT ( 'NONE',  ( -0.4442307692307709800, -0.1618333292155423300, -0.1175787961237840000 ) ) ;
#6189 = ORIENTED_EDGE ( 'NONE', *, *, #3428, .T. ) ;
#6190 = CARTESIAN_POINT ( 'NONE',  ( 0.5937499999999991100, -0.2541635836720405100, -3.112606192037848400E-017 ) ) ;
#6191 = EDGE_CURVE ( 'NONE', #833, #2616, #5000, .T. ) ;
#6192 = CARTESIAN_POINT ( 'NONE',  ( -0.5136250000000000000, 0.1012499999999999900, 0.009250000000000001300 ) ) ;
#6193 = CARTESIAN_POINT ( 'NONE',  ( -0.4906249999999999800, 6.829619984160658000E-017, 0.0000000000000000000 ) ) ;
#6194 = CARTESIAN_POINT ( 'NONE',  ( 0.2528846153846142100, 0.2089910684901024900, 0.1518408992313406700 ) ) ;
#6195 = CC_DESIGN_APPROVAL ( #6048, ( #4775 ) ) ;
#6196 = CARTESIAN_POINT ( 'NONE',  ( 0.9461538461538455700, 0.2499999999999999200, 0.08122992405822664100 ) ) ;
#6197 = CYLINDRICAL_SURFACE ( 'NONE', #5172, 0.2500000000000000000 ) ;
#6198 = CARTESIAN_POINT ( 'NONE',  ( 0.4673076923076916500, -0.2000369959355130800, 0.06499595995470997000 ) ) ;
#6199 = CARTESIAN_POINT ( 'NONE',  ( -0.5136250000000000000, -0.1363642650149915500, 0.2546898353427579100 ) ) ;
#6200 = CARTESIAN_POINT ( 'NONE',  ( 0.2745192307692295700, -0.1570817334117988500, 0.2162044579042725600 ) ) ;
#6201 = CARTESIAN_POINT ( 'NONE',  ( 1.048076923076922900, -0.2500000000000000000, -3.061616997868382400E-017 ) ) ;
#6202 = CARTESIAN_POINT ( 'NONE',  ( 0.6730769230769224600, 0.2000369959355130500, 0.0000000000000000000 ) ) ;
#6203 = CARTESIAN_POINT ( 'NONE',  ( 1.287500000000000100, -0.2583271673440810700, -0.08393558474214601900 ) ) ;
#6204 = EDGE_CURVE ( 'NONE', #3970, #3385, #2718, .T. ) ;
#6205 = CARTESIAN_POINT ( 'NONE',  ( 0.5596153846153840700, -0.1236296624955716100, -0.1701616322928578600 ) ) ;
#6206 = CIRCLE ( 'NONE', #3576, 0.002000000000000000500 ) ;
#6207 = CARTESIAN_POINT ( 'NONE',  ( 0.8288461538461534600, 0.1236296624955716000, 0.1701616322928579100 ) ) ;
#6208 = CARTESIAN_POINT ( 'NONE',  ( 0.8826440660943514200, 0.03959611008113401300, 0.2499999999999999200 ) ) ;
#6209 = CARTESIAN_POINT ( 'NONE',  ( 0.6499999999999993600, -0.06181483124778579900, -0.1902464884845768400 ) ) ;
#6210 = CARTESIAN_POINT ( 'NONE',  ( 0.5596153846153839600, 0.1545084971874737000, 0.2126627020880100200 ) ) ;
#6211 = CARTESIAN_POINT ( 'NONE',  ( 0.7173076923076918700, -0.06181483124778579900, -0.1902464884845768400 ) ) ;
#6212 = CARTESIAN_POINT ( 'NONE',  ( 1.167307692307692200, 0.2500000000000000600, 0.08122992405822665500 ) ) ;
#6213 = ORIENTED_EDGE ( 'NONE', *, *, #4302, .F. ) ;
#6214 = AXIS2_PLACEMENT_3D ( 'NONE', #2692, #3837, #4902 ) ;
#6215 = ORIENTED_EDGE ( 'NONE', *, *, #976, .T. ) ;
#6216 = CARTESIAN_POINT ( 'NONE',  ( -0.2250000000000012800, -0.2000369959355130200, 0.06499595995470997000 ) ) ;
#6217 = B_SPLINE_CURVE_WITH_KNOTS ( 'NONE', 3,
 ( #4438, #4281, #2555, #3172, #3849, #5609 ),
 .UNSPECIFIED., .F., .F.,
 ( 4, 2, 4 ),
 ( 0.01036707509267211600, 0.01297920024668002200, 0.01559132540068792700 ),
 .UNSPECIFIED. ) ;
#6218 = CARTESIAN_POINT ( 'NONE',  ( -0.3173076923076937300, -3.863724120272764700E-017, 0.2103313446762957200 ) ) ;
#6219 = CARTESIAN_POINT ( 'NONE',  ( 0.5706730769230760100, 0.07854086670589938100, 0.2417239324562226500 ) ) ;
#6220 = ORIENTED_EDGE ( 'NONE', *, *, #4816, .F. ) ;
#6221 = CARTESIAN_POINT ( 'NONE',  ( 0.0000000000000000000, -3.061616997868383000E-017, 0.2500000000000000000 ) ) ;
#6222 = CARTESIAN_POINT ( 'NONE',  ( -0.04296874999999996500, 0.0000000000000000000, -0.5275490581377251200 ) ) ;
#6223 = ORIENTED_EDGE ( 'NONE', *, *, #2880, .F. ) ;
#6224 = DIRECTION ( 'NONE',  ( 0.0000000000000000000, 1.000000000000000000, -1.252096997096120600E-016 ) ) ;
#6225 = CARTESIAN_POINT ( 'NONE',  ( 0.1605769230769218700, 0.2089910684901025400, -0.1518408992313406100 ) ) ;
#6226 = CARTESIAN_POINT ( 'NONE',  ( 0.02397150047813871900, -0.05914128856380532900, 0.2291229779667745300 ) ) ;
#6227 = CARTESIAN_POINT ( 'NONE',  ( 0.4980769230769224200, 0.1236296624955716500, -0.1701616322928578600 ) ) ;
#6228 = CARTESIAN_POINT ( 'NONE',  ( 0.5384615384615374400, 1.750236327630675500E-017, -0.2499999999999999700 ) ) ;
#6229 = CARTESIAN_POINT ( 'NONE',  ( 0.3283653846153833400, 0.2541635836720405100, 0.08258275440018635100 ) ) ;
#6230 = ORIENTED_EDGE ( 'NONE', *, *, #4108, .F. ) ;
#6231 = PLANE ( 'NONE',  #7137 ) ;
#6232 = CARTESIAN_POINT ( 'NONE',  ( 0.2615384615384605000, -0.1236296624955716100, -0.1701616322928578600 ) ) ;
#6233 = CARTESIAN_POINT ( 'NONE',  ( -0.4153846153846171300, 0.1236296624955716700, -0.1701616322928578600 ) ) ;
#6234 = CARTESIAN_POINT ( 'NONE',  ( 0.7249999999999995300, 0.06181483124778582700, -0.1902464884845768100 ) ) ;
#6235 = CARTESIAN_POINT ( 'NONE',  ( 0.8249999999999996200, 0.1618333292155423300, 0.1175787961237840100 ) ) ;
#6236 = CONICAL_SURFACE ( 'NONE', #7206, 0.1923076923076925100, 0.7853981633974453900 ) ;
#6237 = CARTESIAN_POINT ( 'NONE',  ( 0.3423076923076913100, -0.06181483124778579900, -0.1902464884845768400 ) ) ;
#6238 = CARTESIAN_POINT ( 'NONE',  ( -0.4857957059411696100, -0.2035159698893452300, 0.3749999999999997800 ) ) ;
#6239 = CARTESIAN_POINT ( 'NONE',  ( 0.8019230769230765200, 0.06181483124778582700, -0.1902464884845768100 ) ) ;
#6240 = CARTESIAN_POINT ( 'NONE',  ( 0.07305935357179503500, -0.1541104612902989000, 0.1395907611535107400 ) ) ;
#6241 = VECTOR ( 'NONE', #6224, 39.37007874015748100 ) ;
#6242 = CARTESIAN_POINT ( 'NONE',  ( -0.3019230769230784600, -0.2000369959355130200, 0.06499595995470997000 ) ) ;
#6243 = AXIS2_PLACEMENT_3D ( 'NONE', #4151, #4780, #1338 ) ;
#6244 = ORIENTED_EDGE ( 'NONE', *, *, #1723, .T. ) ;
#6245 = CARTESIAN_POINT ( 'NONE',  ( -0.3211538461538475700, 0.06181483124778577900, 0.1902464884845768400 ) ) ;
#6246 = CARTESIAN_POINT ( 'NONE',  ( 0.03846153846153682600, 1.986518231860816500E-015, 0.2499999999999999700 ) ) ;
#6247 = FACE_OUTER_BOUND ( 'NONE', #2591, .T. ) ;
#6248 = CARTESIAN_POINT ( 'NONE',  ( 0.5268748353251204700, -0.03959611008113306200, -0.2500000000000002800 ) ) ;
#6249 = DIRECTION ( 'NONE',  ( -1.000000000000000000, -0.0000000000000000000, -0.0000000000000000000 ) ) ;
#6250 = CARTESIAN_POINT ( 'NONE',  ( 0.2451923076923065700, 0.2583271673440810700, 0.0000000000000000000 ) ) ;
#6251 = CARTESIAN_POINT ( 'NONE',  ( 0.02807650222310131100, -0.1509882747274802500, 0.1791193996275541600 ) ) ;
#6252 = EDGE_LOOP ( 'NONE', ( #5249, #4643, #5785, #5657 ) ) ;
#6253 = CARTESIAN_POINT ( 'NONE',  ( 0.5211538461538455200, 0.1236296624955716000, 0.1701616322928579100 ) ) ;
#6254 = CARTESIAN_POINT ( 'NONE',  ( 0.5307692307692297700, -0.1545084971874736700, -0.2126627020880099400 ) ) ;
#6255 = CARTESIAN_POINT ( 'NONE',  ( 0.4052884615384603800, 0.2541635836720405100, 0.08258275440018635100 ) ) ;
#6256 = CARTESIAN_POINT ( 'NONE',  ( 1.242270696372179900, -0.2016900567992023800, -0.005127551023007113700 ) ) ;
#6257 = LINE ( 'NONE', #139, #4667 ) ;
#6258 = CARTESIAN_POINT ( 'NONE',  ( 0.2884615384615374400, 0.2000369959355130500, 0.0000000000000000000 ) ) ;
#6259 = CARTESIAN_POINT ( 'NONE',  ( 1.202884615384615100, -0.2583271673440811200, 0.08393558474214593600 ) ) ;
#6260 = ORIENTED_EDGE ( 'NONE', *, *, #3862, .T. ) ;
#6261 = CARTESIAN_POINT ( 'NONE',  ( 0.5057692307692300800, 0.2000369959355130000, -0.06499595995470999800 ) ) ;
#6262 = CARTESIAN_POINT ( 'NONE',  ( 0.5249999999999993600, 0.06181483124778577900, 0.1902464884845768400 ) ) ;
#6263 = AXIS2_PLACEMENT_3D ( 'NONE', #2937, #4684, #4044 ) ;
#6264 = FACE_OUTER_BOUND ( 'NONE', #3533, .T. ) ;
#6265 = CARTESIAN_POINT ( 'NONE',  ( 0.3192307692307683700, -0.1618333292155423300, 0.1175787961237839400 ) ) ;
#6266 = CARTESIAN_POINT ( 'NONE',  ( 0.03846153846153682600, 1.986518231860816500E-015, 0.2499999999999999700 ) ) ;
#6267 = CARTESIAN_POINT ( 'NONE',  ( 0.7557692307692304200, 0.06181483124778577900, 0.1902464884845768400 ) ) ;
#6268 = CARTESIAN_POINT ( 'NONE',  ( -0.2480769230769243600, 0.1236296624955716000, 0.1701616322928579100 ) ) ;
#6269 = VECTOR ( 'NONE', #2343, 39.37007874015747400 ) ;
#6270 = CARTESIAN_POINT ( 'NONE',  ( -0.2711538461538474700, 0.1236296624955716700, -0.1701616322928578600 ) ) ;
#6271 = AXIS2_PLACEMENT_3D ( 'NONE', #7286, #1645, #4449 ) ;
#6272 =( BOUNDED_CURVE ( )  B_SPLINE_CURVE ( 2, ( #3764, #1481, #4299, #6010, #4401, #6058, #952, #2571, #3163, #876, #1453, #3213, #7196 ),
 .UNSPECIFIED., .F., .F. ) 
 B_SPLINE_CURVE_WITH_KNOTS ( ( 3, 2, 2, 2, 2, 2, 3 ),
 ( 0.3783956188794983500, 0.3805695319229766000, 0.3849173580099331000, 0.3892651840968895900, 0.3936130101838462000, 0.3979608362708027000, 0.4001347493142809500 ),
 .UNSPECIFIED. ) 
 CURVE ( )  GEOMETRIC_REPRESENTATION_ITEM ( )  RATIONAL_B_SPLINE_CURVE ( ( 0.9755282581475768200, 0.9755282581475768200, 1.000000000000000000, 0.9510565162951535300, 1.000000000000000000, 0.9510565162951535300, 1.000000000000000000, 0.9510565162951535300, 1.000000000000000000, 0.9510565162951535300, 1.000000000000000000, 0.9755282581475768200, 0.9755282581475768200 ) ) 
 REPRESENTATION_ITEM ( '' )  );
#6273 = CARTESIAN_POINT ( 'NONE',  ( 0.04615384615384469900, -0.1545084971874737300, 0.2126627020880099400 ) ) ;
#6274 = CARTESIAN_POINT ( 'NONE',  ( 0.4923559339056470300, -0.03959611008113214600, 0.2500000000000006700 ) ) ;
#6275 = CARTESIAN_POINT ( 'NONE',  ( -0.2971153846153863400, 0.2583271673440810700, -0.08393558474214596300 ) ) ;
#6276 = CARTESIAN_POINT ( 'NONE',  ( 0.2067307692307679700, -0.2583271673440810700, -3.163595386207315100E-017 ) ) ;
#6277 = CARTESIAN_POINT ( 'NONE',  ( 1.194232649449648900, -0.01634170559123621400, 0.2480750428580433500 ) ) ;
#6278 = CARTESIAN_POINT ( 'NONE',  ( 0.2365384615384605600, -0.2000369959355130800, 0.06499595995470997000 ) ) ;
#6279 = CARTESIAN_POINT ( 'NONE',  ( 0.3783653846153834400, -0.07854086670589939500, -0.2417239324562226500 ) ) ;
#6280 = CARTESIAN_POINT ( 'NONE',  ( 0.3923076923076914100, -0.1236296624955716800, 0.1701616322928578300 ) ) ;
#6281 = CARTESIAN_POINT ( 'NONE',  ( 1.133653846153846100, -0.2583271673440810700, -0.08393558474214601900 ) ) ;
#6282 = CARTESIAN_POINT ( 'NONE',  ( 0.7211538461538457000, 1.287908040090921300E-017, -0.2103313446762957200 ) ) ;
#6283 = CARTESIAN_POINT ( 'NONE',  ( 0.7019230769230764300, -0.2000369959355130500, -2.449746667834781800E-017 ) ) ;
#6284 = CARTESIAN_POINT ( 'NONE',  ( 0.2384615384615374200, -0.1236296624955716800, 0.1701616322928578300 ) ) ;
#6285 = CARTESIAN_POINT ( 'NONE',  ( 0.7442307692307687000, -0.2500000000000000600, -0.08122992405822662700 ) ) ;
#6286 = CARTESIAN_POINT ( 'NONE',  ( 0.9096153846153843800, 0.06181483124778577900, 0.1902464884845768400 ) ) ;
#6287 = CARTESIAN_POINT ( 'NONE',  ( 0.7096153846153840900, 0.2022542485937368100, 0.1469463130731183400 ) ) ;
#6288 = CARTESIAN_POINT ( 'NONE',  ( -0.2903846153846169100, -0.1618333292155423300, -0.1175787961237840000 ) ) ;
#6289 = CARTESIAN_POINT ( 'NONE',  ( -0.3942307692307707200, -3.863724120272764700E-017, 0.2103313446762957200 ) ) ;
#6290 = CARTESIAN_POINT ( 'NONE',  ( -0.4847312943244364600, -0.2210689964095927100, 0.3670972662403234100 ) ) ;
#6291 = DIRECTION ( 'NONE',  ( 0.0000000000000000000, -0.8660254037844435900, -0.4999999999999914500 ) ) ;
#6292 = CARTESIAN_POINT ( 'NONE',  ( -0.4906249999999999800, 0.1012499999999999900, -0.01124999999999999800 ) ) ;
#6293 = CARTESIAN_POINT ( 'NONE',  ( -0.3509615384615401000, -4.989601562057195500E-017, 0.2716212579567785500 ) ) ;
#6294 = CARTESIAN_POINT ( 'NONE',  ( 0.02211538461538311400, 0.2089910684901024900, 0.1518408992313406700 ) ) ;
#6295 = AXIS2_PLACEMENT_3D ( 'NONE', #6161, #3768, #6669 ) ;
#6296 = CARTESIAN_POINT ( 'NONE',  ( 0.02453890621392242100, -0.07368740101685639100, 0.2245258665149805800 ) ) ;
#6297 = EDGE_LOOP ( 'NONE', ( #5410, #660, #2538, #4706 ) ) ;
#6298 = DIRECTION ( 'NONE',  ( -1.000000000000000000, -0.0000000000000000000, -0.0000000000000000000 ) ) ;
#6299 = CARTESIAN_POINT ( 'NONE',  ( 0.2322115384615371600, 0.07854086670589942300, -0.2417239324562225900 ) ) ;
#6300 = DIRECTION ( 'NONE',  ( 1.000000000000000000, 0.0000000000000000000, -0.0000000000000000000 ) ) ;
#6301 = EDGE_CURVE ( 'NONE', #5807, #3087, #4008, .T. ) ;
#6302 = CARTESIAN_POINT ( 'NONE',  ( 0.7499999999999995600, 0.2000369959355130500, 0.0000000000000000000 ) ) ;
#6303 = CARTESIAN_POINT ( 'NONE',  ( 0.2346153846153836400, -0.06181483124778584100, 0.1902464884845768100 ) ) ;
#6304 = CARTESIAN_POINT ( 'NONE',  ( 1.264423076923076900, -4.989601562057195500E-017, 0.2716212579567785500 ) ) ;
#6305 = EDGE_CURVE ( 'NONE', #3290, #5183, #2261, .T. ) ;
#6306 = CARTESIAN_POINT ( 'NONE',  ( 0.3442307692307683400, 0.1236296624955716700, -0.1701616322928578600 ) ) ;
#6307 = CARTESIAN_POINT ( 'NONE',  ( 0.7519230769230764700, 0.1236296624955716000, 0.1701616322928579100 ) ) ;
#6308 = EDGE_LOOP ( 'NONE', ( #2929, #1568, #3356, #7189 ) ) ;
#6309 = ORIENTED_EDGE ( 'NONE', *, *, #4452, .T. ) ;
#6310 = CARTESIAN_POINT ( 'NONE',  ( 0.2653846153846144400, -0.06181483124778579900, -0.1902464884845768400 ) ) ;
#6311 = CARTESIAN_POINT ( 'NONE',  ( 0.003846153846152353600, 0.07725424859373684900, -0.2377641290737883600 ) ) ;
#6312 = CARTESIAN_POINT ( 'NONE',  ( 0.7442307692307687000, 0.2000369959355130000, 0.06499595995471006700 ) ) ;
#6313 = CARTESIAN_POINT ( 'NONE',  ( 1.288461538461538500, 0.2000369959355130500, 0.0000000000000000000 ) ) ;
#6314 = EDGE_LOOP ( 'NONE', ( #480, #5070, #7006, #5978 ) ) ;
#6315 = ADVANCED_FACE ( 'NONE', ( #3467 ), #4559, .T. ) ;
#6316 = CARTESIAN_POINT ( 'NONE',  ( -0.04296874999999996500, 6.460612654415660300E-017, 0.5275490581377251200 ) ) ;
#6317 = CARTESIAN_POINT ( 'NONE',  ( 0.005769230769229304600, 0.2500000000000000600, -0.08122992405822657100 ) ) ;
#6318 = CARTESIAN_POINT ( 'NONE',  ( 1.269230769230769200, 1.287908040090921300E-017, -0.2103313446762957200 ) ) ;
#6319 = CARTESIAN_POINT ( 'NONE',  ( -0.4394230769230788600, 0.2089910684901024900, 0.1518408992313406700 ) ) ;
#6320 = CARTESIAN_POINT ( 'NONE',  ( -0.1932692307692322800, -0.07982748481806203900, 0.2456837358386569100 ) ) ;
#6321 = CARTESIAN_POINT ( 'NONE',  ( 0.9576923076923071800, 0.07725424859373679300, 0.2377641290737883800 ) ) ;
#6322 = VERTEX_POINT ( 'NONE', #5777 ) ;
#6323 = PERSON_AND_ORGANIZATION ( #4554, #5705 ) ;
#6324 = CARTESIAN_POINT ( 'NONE',  ( 0.1480769230769220500, -0.06181483124778584100, 0.1902464884845768100 ) ) ;
#6325 = CARTESIAN_POINT ( 'NONE',  ( 0.8076923076923070400, -4.375590819076688800E-017, 0.2499999999999999700 ) ) ;
#6326 = CARTESIAN_POINT ( 'NONE',  ( 0.04374999999999853300, -0.1570817334117988500, 0.2162044579042725600 ) ) ;
#6327 = CARTESIAN_POINT ( 'NONE',  ( -0.5136250000000000000, -0.1443749999999976400, 0.2500648353427579700 ) ) ;
#6328 = ORIENTED_EDGE ( 'NONE', *, *, #5301, .T. ) ;
#6329 = CARTESIAN_POINT ( 'NONE',  ( 0.8307692307692302600, 0.2000369959355130000, 0.06499595995471006700 ) ) ;
#6330 = CARTESIAN_POINT ( 'NONE',  ( 0.4538461538461531200, 0.1236296624955716000, 0.1701616322928579100 ) ) ;
#6331 = CARTESIAN_POINT ( 'NONE',  ( 1.141346153846153300, -0.1596549696361239700, -0.2197462137205352100 ) ) ;
#6332 = CARTESIAN_POINT ( 'NONE',  ( 0.4519230769230762100, -3.863724120272764700E-017, 0.2103313446762957200 ) ) ;
#6333 = CARTESIAN_POINT ( 'NONE',  ( 0.6557692307692302200, 0.1618333292155423300, -0.1175787961237839500 ) ) ;
#6334 = CARTESIAN_POINT ( 'NONE',  ( 1.076923076923076400, 1.750236327630675500E-017, -0.2499999999999999700 ) ) ;
#6335 = VERTEX_POINT ( 'NONE', #1832 ) ;
#6336 = CARTESIAN_POINT ( 'NONE',  ( 0.3499999999999991500, 0.06181483124778582700, -0.1902464884845768100 ) ) ;
#6337 = CARTESIAN_POINT ( 'NONE',  ( 0.02692307692307547800, 0.2022542485937368100, 0.1469463130731183400 ) ) ;
#6338 = CARTESIAN_POINT ( 'NONE',  ( 0.5826923076923071800, 0.2000369959355130000, -0.06499595995471001100 ) ) ;
#6339 = CARTESIAN_POINT ( 'NONE',  ( 1.251923076923077100, -0.1236296624955716100, -0.1701616322928578600 ) ) ;
#6340 = CARTESIAN_POINT ( 'NONE',  ( -0.3365384615384631700, 0.2000369959355130500, 0.0000000000000000000 ) ) ;
#6341 = CIRCLE ( 'NONE', #5960, 0.5160356162754504700 ) ;
#6342 = EDGE_CURVE ( 'NONE', #2450, #2005, #3648, .T. ) ;
#6343 = VERTEX_POINT ( 'NONE', #92 ) ;
#6344 = DIRECTION ( 'NONE',  ( -1.000000000000000000, -0.0000000000000000000, -0.0000000000000000000 ) ) ;
#6345 = CARTESIAN_POINT ( 'NONE',  ( -0.5136250000000000000, 0.1012499999999999900, 0.01125000000000000100 ) ) ;
#6346 = CARTESIAN_POINT ( 'NONE',  ( -0.2432692307692325400, -0.1596549696361239700, -0.2197462137205352100 ) ) ;
#6347 = CARTESIAN_POINT ( 'NONE',  ( 0.02596153846153715200, 0.1596549696361239700, 0.2197462137205352700 ) ) ;
#6348 = CONICAL_SURFACE ( 'NONE', #1006, 0.3749999999999999400, 1.047197551196600100 ) ;
#6349 = ORIENTED_EDGE ( 'NONE', *, *, #4956, .T. ) ;
#6350 = CARTESIAN_POINT ( 'NONE',  ( 0.2711538461538451900, 0.1618333292155423300, -0.1175787961237839500 ) ) ;
#6351 = CARTESIAN_POINT ( 'NONE',  ( 0.008855843778548859500, 0.2411705348182909800, 0.04416212566461807900 ) ) ;
#6352 = CARTESIAN_POINT ( 'NONE',  ( 0.2591346153846140800, 0.1570817334117987900, 0.2162044579042725600 ) ) ;
#6353 = ADVANCED_FACE ( 'NONE', ( #5715 ), #1284, .T. ) ;
#6354 = CARTESIAN_POINT ( 'NONE',  ( 0.7615384615384609400, 0.1236296624955716000, 0.1701616322928579100 ) ) ;
#6355 = VECTOR ( 'NONE', #4268, 39.37007874015748100 ) ;
#6356 = CARTESIAN_POINT ( 'NONE',  ( 0.1961538461538450700, 0.06181483124778582700, -0.1902464884845768100 ) ) ;
#6357 = CARTESIAN_POINT ( 'NONE',  ( 1.095192307692307100, 0.2583271673440810700, 0.08393558474214604700 ) ) ;
#6358 = CARTESIAN_POINT ( 'NONE',  ( 0.2865384615384606900, 0.1618333292155423300, 0.1175787961237840100 ) ) ;
#6359 = CARTESIAN_POINT ( 'NONE',  ( 0.5596153846153840700, -0.1236296624955716100, -0.1701616322928578600 ) ) ;
#6360 = DIRECTION ( 'NONE',  ( 1.000000000000000000, 0.0000000000000000000, 0.0000000000000000000 ) ) ;
#6361 = CARTESIAN_POINT ( 'NONE',  ( 0.1961538461538450700, 0.06181483124778582700, -0.1902464884845768100 ) ) ;
#6362 = DIRECTION ( 'NONE',  ( 0.0000000000000000000, 0.5000000000000042200, 0.8660254037844362700 ) ) ;
#6363 = CARTESIAN_POINT ( 'NONE',  ( 0.5519230769230762900, -0.2000369959355130000, -0.06499595995471003900 ) ) ;
#6364 = DIRECTION ( 'NONE',  ( -1.000000000000000000, -0.0000000000000000000, -0.0000000000000000000 ) ) ;
#6365 = CARTESIAN_POINT ( 'NONE',  ( -0.4096153846153862100, 0.2000369959355130000, 0.06499595995471008100 ) ) ;
#6366 =( BOUNDED_CURVE ( )  B_SPLINE_CURVE ( 2, ( #5992, #5475, #3713, #854, #6033, #2599, #4875, #5598, #956, #2623, #1484, #4929, #7264 ),
 .UNSPECIFIED., .F., .F. ) 
 B_SPLINE_CURVE_WITH_KNOTS ( ( 3, 2, 2, 2, 2, 2, 3 ),
 ( 0.8566564884447157600, 0.8588304014881940100, 0.8631782275751505000, 0.8675260536621070000, 0.8718738797490635000, 0.8762217058360201000, 0.8783956188794983500 ),
 .UNSPECIFIED. ) 
 CURVE ( )  GEOMETRIC_REPRESENTATION_ITEM ( )  RATIONAL_B_SPLINE_CURVE ( ( 0.9755282581475768200, 0.9755282581475768200, 1.000000000000000000, 0.9510565162951535300, 1.000000000000000000, 0.9510565162951535300, 1.000000000000000000, 0.9510565162951535300, 1.000000000000000000, 0.9510565162951535300, 1.000000000000000000, 0.9755282581475768200, 0.9755282581475768200 ) ) 
 REPRESENTATION_ITEM ( '' )  );
#6367 = CARTESIAN_POINT ( 'NONE',  ( 1.210595421044649500, -8.965870001691379400E-013, -0.2317122712630434700 ) ) ;
#6368 = CARTESIAN_POINT ( 'NONE',  ( 1.250000000000000000, 0.0000000000000000000, 0.0000000000000000000 ) ) ;
#6369 = CARTESIAN_POINT ( 'NONE',  ( -0.5156250000000003300, -0.3074427840171946600, -0.2174934776617938900 ) ) ;
#6370 = CARTESIAN_POINT ( 'NONE',  ( -0.2817307692307710100, 0.1596549696361239700, 0.2197462137205352700 ) ) ;
#6371 = CARTESIAN_POINT ( 'NONE',  ( -0.1240384615384631700, 0.07982748481806195600, 0.2456837358386569400 ) ) ;
#6372 = CARTESIAN_POINT ( 'NONE',  ( 1.250000000000000000, 0.0000000000000000000, 0.0000000000000000000 ) ) ;
#6373 = ORIENTED_EDGE ( 'NONE', *, *, #1314, .T. ) ;
#6374 = CARTESIAN_POINT ( 'NONE',  ( 0.2403846153846144200, -0.2000369959355130500, -2.449746667834781800E-017 ) ) ;
#6375 = CARTESIAN_POINT ( 'NONE',  ( 0.2245192307692295000, -0.07854086670589939500, -0.2417239324562226500 ) ) ;
#6376 = CARTESIAN_POINT ( 'NONE',  ( -0.1012136957216079300, 0.2230015414744928300, -0.3637500000000000700 ) ) ;
#6377 = CARTESIAN_POINT ( 'NONE',  ( 0.8923076923076918000, 0.1236296624955716500, -0.1701616322928578600 ) ) ;
#6378 = CARTESIAN_POINT ( 'NONE',  ( 0.03846153846153736000, 1.287908040090921300E-017, -0.2103313446762957200 ) ) ;
#6379 = CARTESIAN_POINT ( 'NONE',  ( 0.9182692307692302800, 1.663200520685731400E-017, -0.2716212579567785500 ) ) ;
#6380 = CARTESIAN_POINT ( 'NONE',  ( 0.2903846153846144100, 0.1236296624955716000, 0.1701616322928579100 ) ) ;
#6381 = CARTESIAN_POINT ( 'NONE',  ( 0.005288461538459954100, 0.1570817334117988200, -0.2162044579042725600 ) ) ;
#6382 = CARTESIAN_POINT ( 'NONE',  ( 1.250000000000000000, 0.0000000000000000000, 0.2500000000000000000 ) ) ;
#6383 = AXIS2_PLACEMENT_3D ( 'NONE', #4989, #7280, #443 ) ;
#6384 = CARTESIAN_POINT ( 'NONE',  ( 0.01923076923076799700, -0.2000369959355130500, -2.449746667834781800E-017 ) ) ;
#6385 = CARTESIAN_POINT ( 'NONE',  ( 0.4903846153846144800, 9.582543893777949700E-016, 0.2500000000000000000 ) ) ;
#6386 = CARTESIAN_POINT ( 'NONE',  ( 0.6019230769230763400, 0.06181483124778577900, 0.1902464884845768400 ) ) ;
#6387 = DIRECTION ( 'NONE',  ( -1.000000000000000000, 0.0000000000000000000, -0.0000000000000000000 ) ) ;
#6388 = ORIENTED_EDGE ( 'NONE', *, *, #4191, .F. ) ;
#6389 = CARTESIAN_POINT ( 'NONE',  ( -0.3750000000000016100, -0.2000369959355130500, -2.449746667834781800E-017 ) ) ;
#6390 = ADVANCED_FACE ( 'NONE', ( #4199 ), #5825, .T. ) ;
#6391 = CARTESIAN_POINT ( 'NONE',  ( 1.197131926356123500, -0.2420935146036963200, 0.04052559203641302500 ) ) ;
#6392 = CARTESIAN_POINT ( 'NONE',  ( 1.250000000000000000, 0.0000000000000000000, 0.2500000000000000000 ) ) ;
#6393 = VERTEX_POINT ( 'NONE', #5323 ) ;
#6394 = DIRECTION ( 'NONE',  ( -1.000000000000000000, 0.0000000000000000000, -0.0000000000000000000 ) ) ;
#6395 = DIRECTION ( 'NONE',  ( 1.000000000000000000, -0.0000000000000000000, -0.0000000000000000000 ) ) ;
#6396 = ORIENTED_EDGE ( 'NONE', *, *, #1070, .F. ) ;
#6397 = CARTESIAN_POINT ( 'NONE',  ( -0.5156250000000000000, 0.2887499999999999500, 0.009249999999999978700 ) ) ;
#6398 = CARTESIAN_POINT ( 'NONE',  ( -0.1548076923076938100, 0.07982748481806199700, -0.2456837358386569100 ) ) ;
#6399 = CARTESIAN_POINT ( 'NONE',  ( 0.4519230769230762100, -3.863724120272764700E-017, 0.2103313446762957200 ) ) ;
#6400 = CARTESIAN_POINT ( 'NONE',  ( 0.6749999999999994900, -0.1545084971874737000, -0.2126627020880100000 ) ) ;
#6401 = CARTESIAN_POINT ( 'NONE',  ( 0.07067307692307543700, -0.07854086670589939500, -0.2417239324562226500 ) ) ;
#6402 = EDGE_LOOP ( 'NONE', ( #3532, #2752, #5509, #4379 ) ) ;
#6403 = EDGE_CURVE ( 'NONE', #3346, #51, #81, .T. ) ;
#6404 = ORIENTED_EDGE ( 'NONE', *, *, #1443, .T. ) ;
#6405 = CARTESIAN_POINT ( 'NONE',  ( 0.5692307692307684300, -0.1236296624955716100, -0.1701616322928578600 ) ) ;
#6406 = CARTESIAN_POINT ( 'NONE',  ( 0.2115384615384605100, 0.2000369959355130500, 0.0000000000000000000 ) ) ;
#6407 = CARTESIAN_POINT ( 'NONE',  ( 0.9144230769230763400, -0.07982748481806198300, -0.2456837358386569400 ) ) ;
#6408 = CARTESIAN_POINT ( 'NONE',  ( 0.4057692307692298300, -0.1236296624955716100, -0.1701616322928578600 ) ) ;
#6409 = CARTESIAN_POINT ( 'NONE',  ( -0.09471153846154008200, -0.2541635836720405100, -0.08258275440018630900 ) ) ;
#6410 = VERTEX_POINT ( 'NONE', #5207 ) ;
#6411 = DIRECTION ( 'NONE',  ( 0.0000000000000000000, 0.0000000000000000000, -1.000000000000000000 ) ) ;
#6412 = CARTESIAN_POINT ( 'NONE',  ( 0.06538461538461425000, 0.1618333292155423300, 0.1175787961237840100 ) ) ;
#6413 = CARTESIAN_POINT ( 'NONE',  ( 0.9211056045558899700, -0.03959611008113504700, -0.2499999999999996900 ) ) ;
#6414 = CARTESIAN_POINT ( 'NONE',  ( 0.2480769230769219500, 0.2022542485937368100, 0.1469463130731183400 ) ) ;
#6415 = CARTESIAN_POINT ( 'NONE',  ( -0.4057692307692322700, 0.1618333292155423300, 0.1175787961237840100 ) ) ;
#6416 = CIRCLE ( 'NONE', #547, 0.001999999999999999600 ) ;
#6417 = CARTESIAN_POINT ( 'NONE',  ( 1.193052295420710800, -0.1928233039753285100, 0.1597422262145268300 ) ) ;
#6418 = CARTESIAN_POINT ( 'NONE',  ( -0.4847309133354111300, -0.2073824434660159200, 0.3749999999999995600 ) ) ;
#6419 = DATE_AND_TIME ( #769, #2276 ) ;
#6420 = DIRECTION ( 'NONE',  ( 0.0000000000000000000, 0.0000000000000000000, -1.000000000000000000 ) ) ;
#6421 = ORIENTED_EDGE ( 'NONE', *, *, #6662, .F. ) ;
#6422 = CARTESIAN_POINT ( 'NONE',  ( 1.226032566384247500, 0.1982161963936024100, 0.08769669029052322400 ) ) ;
#6423 = CARTESIAN_POINT ( 'NONE',  ( 0.3788461538461530600, -0.06181483124778584100, 0.1902464884845768100 ) ) ;
#6424 = CARTESIAN_POINT ( 'NONE',  ( 0.2961056045558895800, -0.03959611008113406200, -0.2500000000000000600 ) ) ;
#6425 = CARTESIAN_POINT ( 'NONE',  ( 1.216826923076922900, -0.2056226585419196300, -0.1493936061522294400 ) ) ;
#6426 = CARTESIAN_POINT ( 'NONE',  ( 0.5269230769230761600, 0.1618333292155423300, 0.1175787961237840100 ) ) ;
#6427 = CARTESIAN_POINT ( 'NONE',  ( 0.1115384615384603700, -0.06181483124778579900, -0.1902464884845768400 ) ) ;
#6428 = CARTESIAN_POINT ( 'NONE',  ( 0.8836538461538456800, -0.07982748481806203900, 0.2456837358386569100 ) ) ;
#6429 = ORIENTED_EDGE ( 'NONE', *, *, #2200, .T. ) ;
#6430 = CARTESIAN_POINT ( 'NONE',  ( 0.1788461538461528500, -0.06181483124778579900, -0.1902464884845768400 ) ) ;
#6431 = CARTESIAN_POINT ( 'NONE',  ( -0.07548076923077097500, 0.07854086670589942300, -0.2417239324562225900 ) ) ;
#6432 = CIRCLE ( 'NONE', #4861, 0.3749999999999999400 ) ;
#6433 = CARTESIAN_POINT ( 'NONE',  ( -0.1282018963008654300, 0.2901952907608398900, -0.2473670122850018200 ) ) ;
#6434 = CARTESIAN_POINT ( 'NONE',  ( -0.03076923076923201300, 0.1236296624955716700, -0.1701616322928578600 ) ) ;
#6435 = CARTESIAN_POINT ( 'NONE',  ( 0.5538461538461529900, 0.2499999999999999200, -0.08122992405822653000 ) ) ;
#6436 = CARTESIAN_POINT ( 'NONE',  ( 1.051923076923076500, 0.2000369959355130000, 0.06499595995471008100 ) ) ;
#6437 = ORIENTED_EDGE ( 'NONE', *, *, #3858, .T. ) ;
#6438 = CARTESIAN_POINT ( 'NONE',  ( 1.149999999999999900, 0.06181483124778577900, 0.1902464884845768400 ) ) ;
#6439 = LINE ( 'NONE', #5566, #4574 ) ;
#6440 = CARTESIAN_POINT ( 'NONE',  ( 1.205769230769230700, 0.2000369959355130000, 0.06499595995471006700 ) ) ;
#6441 = CARTESIAN_POINT ( 'NONE',  ( 1.099999999999999600, -0.2000369959355130000, -0.06499595995471003900 ) ) ;
#6442 = CARTESIAN_POINT ( 'NONE',  ( -0.04296874999999996500, 0.0000000000000000000, 0.0000000000000000000 ) ) ;
#6443 = CARTESIAN_POINT ( 'NONE',  ( -0.5156250000000000000, -0.4330127018922192400, -3.921190449587861300E-017 ) ) ;
#6444 = EDGE_CURVE ( 'NONE', #2559, #746, #6943, .T. ) ;
#6445 = CARTESIAN_POINT ( 'NONE',  ( 0.4480769230769222600, 0.06181483124778577900, 0.1902464884845768400 ) ) ;
#6446 = CARTESIAN_POINT ( 'NONE',  ( 0.6673076923076917100, -0.2500000000000000600, -0.08122992405822662700 ) ) ;
#6447 = CARTESIAN_POINT ( 'NONE',  ( 1.124519230769230400, -0.2056226585419196600, 0.1493936061522294100 ) ) ;
#6448 = DIRECTION ( 'NONE',  ( -1.000000000000000000, -0.0000000000000000000, -0.0000000000000000000 ) ) ;
#6449 = CARTESIAN_POINT ( 'NONE',  ( 0.5115384615384607200, 0.1618333292155423300, -0.1175787961237839500 ) ) ;
#6450 = CARTESIAN_POINT ( 'NONE',  ( 0.1269230769230758300, 0.1618333292155423300, -0.1175787961237839500 ) ) ;
#6451 = CARTESIAN_POINT ( 'NONE',  ( 0.9528846153846150000, 0.07982748481806195600, 0.2456837358386569400 ) ) ;
#6452 = CARTESIAN_POINT ( 'NONE',  ( 0.09038461538461425900, -0.2000369959355130000, -0.06499595995471003900 ) ) ;
#6453 = CARTESIAN_POINT ( 'NONE',  ( -0.07163461538461693400, 0.1570817334117988200, -0.2162044579042725600 ) ) ;
#6454 = AXIS2_PLACEMENT_3D ( 'NONE', #5482, #2754, #3318 ) ;
#6455 = PLANE ( 'NONE',  #6890 ) ;
#6456 = CARTESIAN_POINT ( 'NONE',  ( 0.07692307692307567800, -3.863724120272764700E-017, 0.2103313446762957200 ) ) ;
#6457 = CARTESIAN_POINT ( 'NONE',  ( 0.5461538461538451000, 0.1545084971874737000, -0.2126627020880099400 ) ) ;
#6458 = CARTESIAN_POINT ( 'NONE',  ( 1.217307692307692400, 0.06181483124778577900, 0.1902464884845768400 ) ) ;
#6459 = CARTESIAN_POINT ( 'NONE',  ( 1.061538461538461100, 0.2000369959355130000, 0.06499595995471008100 ) ) ;
#6460 = ADVANCED_FACE ( 'NONE', ( #1403 ), #4377, .T. ) ;
#6461 = CARTESIAN_POINT ( 'NONE',  ( -0.5156250000000000000, 6.829619984160658000E-017, 0.0000000000000000000 ) ) ;
#6462 = CARTESIAN_POINT ( 'NONE',  ( -0.4857957059411696100, -0.2035159698893452300, 0.3749999999999997800 ) ) ;
#6463 = CARTESIAN_POINT ( 'NONE',  ( 1.103846153846153700, -0.1618333292155423300, -0.1175787961237840000 ) ) ;
#6464 = DIRECTION ( 'NONE',  ( -1.000000000000000000, -0.0000000000000000000, -0.0000000000000000000 ) ) ;
#6465 = CARTESIAN_POINT ( 'NONE',  ( 1.098076923076923000, 0.1545084971874737000, 0.2126627020880100200 ) ) ;
#6466 = CARTESIAN_POINT ( 'NONE',  ( 0.8153846153846147100, -0.1545084971874737300, 0.2126627020880099400 ) ) ;
#6467 = CARTESIAN_POINT ( 'NONE',  ( 1.250000000000000000, 0.0000000000000000000, 0.0000000000000000000 ) ) ;
#6468 = FACE_OUTER_BOUND ( 'NONE', #3631, .T. ) ;
#6469 = CARTESIAN_POINT ( 'NONE',  ( 0.5057692307692300800, 0.2000369959355130000, -0.06499595995470999800 ) ) ;
#6470 = DIRECTION ( 'NONE',  ( 0.0000000000000000000, 1.000000000000000000, 3.154466349054403200E-016 ) ) ;
#6471 = CARTESIAN_POINT ( 'NONE',  ( 0.6153846153846147500, -3.863724120272764700E-017, 0.2103313446762957200 ) ) ;
#6472 = CARTESIAN_POINT ( 'NONE',  ( -0.09615384615384763000, 0.2000369959355130500, 0.0000000000000000000 ) ) ;
#6473 = CARTESIAN_POINT ( 'NONE',  ( 0.8374999999999994700, -0.07982748481806198300, -0.2456837358386569400 ) ) ;
#6474 = CARTESIAN_POINT ( 'NONE',  ( 0.1903846153846143800, 0.1236296624955716700, -0.1701616322928578600 ) ) ;
#6475 = CARTESIAN_POINT ( 'NONE',  ( -0.2447115384615404000, -0.2056226585419196300, -0.1493936061522294400 ) ) ;
#6476 = ORIENTED_EDGE ( 'NONE', *, *, #5675, .T. ) ;
#6477 = EDGE_CURVE ( 'NONE', #2916, #3828, #708, .T. ) ;
#6478 = CARTESIAN_POINT ( 'NONE',  ( -0.2125000000000016600, 0.2583271673440810700, 0.08393558474214604700 ) ) ;
#6479 = CARTESIAN_POINT ( 'NONE',  ( 0.9980769230769229700, -0.1236296624955716800, 0.1701616322928578300 ) ) ;
#6480 = DESIGN_CONTEXT ( 'detailed design', #970, 'design' ) ;
#6481 = CARTESIAN_POINT ( 'NONE',  ( 0.9846153846153844500, 0.2000369959355130000, 0.06499595995471008100 ) ) ;
#6482 = ORIENTED_EDGE ( 'NONE', *, *, #5433, .F. ) ;
#6483 = ORIENTED_EDGE ( 'NONE', *, *, #7228, .T. ) ;
#6484 = CARTESIAN_POINT ( 'NONE',  ( 0.5884615384615374800, -0.2022542485937368600, 0.1469463130731182300 ) ) ;
#6485 = CARTESIAN_POINT ( 'NONE',  ( 0.9730769230769228400, 0.1618333292155423300, -0.1175787961237839500 ) ) ;
#6486 = EDGE_CURVE ( 'NONE', #6343, #7195, #860, .T. ) ;
#6487 = CARTESIAN_POINT ( 'NONE',  ( -0.5156250000000000000, 6.829619984160658000E-017, 0.0000000000000000000 ) ) ;
#6488 = ORIENTED_EDGE ( 'NONE', *, *, #1595, .F. ) ;
#6489 = PLANE ( 'NONE',  #3314 ) ;
#6490 = CARTESIAN_POINT ( 'NONE',  ( 0.3134615384615376300, -0.2000369959355130200, 0.06499595995470997000 ) ) ;
#6491 = CARTESIAN_POINT ( 'NONE',  ( 0.1538461538461524900, 1.750236327630675500E-017, -0.2499999999999999700 ) ) ;
#6492 = CARTESIAN_POINT ( 'NONE',  ( 1.232211538461538200, 0.07854086670589942300, -0.2417239324562225900 ) ) ;
#6493 =( BOUNDED_CURVE ( )  B_SPLINE_CURVE ( 2, ( #322, #3050, #5930, #6630, #4384, #939, #7182, #2488, #6094, #1342, #910, #760, #6491 ),
 .UNSPECIFIED., .F., .F. ) 
 B_SPLINE_CURVE_WITH_KNOTS ( ( 3, 2, 2, 2, 2, 2, 3 ),
 ( 0.3566564884447157600, 0.3588304014881940100, 0.3631782275751505000, 0.3675260536621070000, 0.3718738797490635000, 0.3762217058360201000, 0.3783956188794983500 ),
 .UNSPECIFIED. ) 
 CURVE ( )  GEOMETRIC_REPRESENTATION_ITEM ( )  RATIONAL_B_SPLINE_CURVE ( ( 0.9755282581475768200, 0.9755282581475768200, 1.000000000000000000, 0.9510565162951535300, 1.000000000000000000, 0.9510565162951535300, 1.000000000000000000, 0.9510565162951535300, 1.000000000000000000, 0.9510565162951535300, 1.000000000000000000, 0.9755282581475768200, 0.9755282581475768200 ) ) 
 REPRESENTATION_ITEM ( '' )  );
#6494 = CARTESIAN_POINT ( 'NONE',  ( 0.1115384615384601700, 0.07725424859373679300, 0.2377641290737883800 ) ) ;
#6495 = AXIS2_PLACEMENT_3D ( 'NONE', #1180, #1803, #752 ) ;
#6496 = FACE_OUTER_BOUND ( 'NONE', #1555, .T. ) ;
#6497 = CARTESIAN_POINT ( 'NONE',  ( 0.5999999999999993100, 0.2000369959355130000, 0.06499595995471006700 ) ) ;
#6498 = CARTESIAN_POINT ( 'NONE',  ( -0.1615384615384629400, 0.1236296624955716000, 0.1701616322928579100 ) ) ;
#6499 = CARTESIAN_POINT ( 'NONE',  ( 0.6836538461538453900, -0.07982748481806198300, -0.2456837358386569400 ) ) ;
#6500 = CARTESIAN_POINT ( 'NONE',  ( 0.005769230769229688800, -0.2000369959355130200, 0.06499595995470997000 ) ) ;
#6501 = CARTESIAN_POINT ( 'NONE',  ( -0.3293269230769250700, -0.2541635836720405100, -3.112606192037848400E-017 ) ) ;
#6502 = CARTESIAN_POINT ( 'NONE',  ( 0.3000482415979545700, 0.03959611008113408200, -0.2500000000000000000 ) ) ;
#6503 = ORIENTED_EDGE ( 'NONE', *, *, #5958, .F. ) ;
#6504 = CARTESIAN_POINT ( 'NONE',  ( 1.213461538461538600, 0.1236296624955716000, 0.1701616322928579100 ) ) ;
#6505 = CARTESIAN_POINT ( 'NONE',  ( 1.034615384615384500, -0.06181483124778579900, -0.1902464884845768400 ) ) ;
#6506 = CIRCLE ( 'NONE', #2062, 0.001999999999999999600 ) ;
#6507 = CARTESIAN_POINT ( 'NONE',  ( 0.5807692307692298200, -0.07725424859373686300, 0.2377641290737883600 ) ) ;
#6508 = VERTEX_POINT ( 'NONE', #3543 ) ;
#6509 = CARTESIAN_POINT ( 'NONE',  ( 0.7230769230769222800, 0.1545084971874736400, 0.2126627020880099400 ) ) ;
#6510 = CARTESIAN_POINT ( 'NONE',  ( 0.9807692307692305000, 0.2000369959355130500, 0.0000000000000000000 ) ) ;
#6511 = CARTESIAN_POINT ( 'NONE',  ( 0.7865384615384609600, 0.2022542485937368100, 0.1469463130731183400 ) ) ;
#6512 = CARTESIAN_POINT ( 'NONE',  ( 1.250000000000000000, 3.061616997868383000E-017, -0.2500000000000000000 ) ) ;
#6513 = CONICAL_SURFACE ( 'NONE', #2773, 0.3749999999999999400, 1.047197551196600100 ) ;
#6514 = CARTESIAN_POINT ( 'NONE',  ( 1.214458342710406800, 0.1094276661308776600, -0.2003655471685466500 ) ) ;
#6515 = ORIENTED_EDGE ( 'NONE', *, *, #2162, .T. ) ;
#6516 = CARTESIAN_POINT ( 'NONE',  ( 0.04807692307692190000, 0.2000369959355130500, 0.0000000000000000000 ) ) ;
#6517 = CARTESIAN_POINT ( 'NONE',  ( 0.4403846153846144900, -0.2022542485937368100, -0.1469463130731182800 ) ) ;
#6518 = CARTESIAN_POINT ( 'NONE',  ( 0.4076923076923067400, -0.2000369959355130000, -0.06499595995471003900 ) ) ;
#6519 = CARTESIAN_POINT ( 'NONE',  ( -0.2192307692307707800, -0.1618333292155423300, 0.1175787961237839400 ) ) ;
#6520 = CARTESIAN_POINT ( 'NONE',  ( 0.7451923076923069300, -0.2583271673440810700, -3.163595386207315100E-017 ) ) ;
#6521 = CARTESIAN_POINT ( 'NONE',  ( 0.2019230769230759800, 0.2000369959355130500, 0.0000000000000000000 ) ) ;
#6522 = CARTESIAN_POINT ( 'NONE',  ( -0.3485576923076942300, -4.909181744786878600E-017, 0.2672434070081726200 ) ) ;
#6523 = ORIENTED_EDGE ( 'NONE', *, *, #1511, .T. ) ;
#6524 = CARTESIAN_POINT ( 'NONE',  ( 0.08653846153846142500, -0.2000369959355130800, 0.01324233223361669100 ) ) ;
#6525 = CARTESIAN_POINT ( 'NONE',  ( 0.6884615384615375700, -0.07725424859373682100, -0.2377641290737883800 ) ) ;
#6526 = FACE_OUTER_BOUND ( 'NONE', #5717, .T. ) ;
#6527 = CARTESIAN_POINT ( 'NONE',  ( 0.8365384615384611200, -3.863724120272764700E-017, 0.2103313446762957200 ) ) ;
#6528 = CARTESIAN_POINT ( 'NONE',  ( 1.165384615384615500, -0.1618333292155423300, 0.1175787961237839400 ) ) ;
#6529 = CARTESIAN_POINT ( 'NONE',  ( 1.142307692307692200, 0.1618333292155423300, 0.1175787961237840100 ) ) ;
#6530 = CARTESIAN_POINT ( 'NONE',  ( 1.134615384615384400, 0.2000369959355130500, 0.0000000000000000000 ) ) ;
#6531 = EDGE_CURVE ( 'NONE', #1135, #5601, #6506, .T. ) ;
#6532 = CARTESIAN_POINT ( 'NONE',  ( 0.05338486229448308200, 0.06819213546392718900, -0.2084165185118650200 ) ) ;
#6533 = CARTESIAN_POINT ( 'NONE',  ( 0.1749999999999989100, -0.1236296624955716100, -0.1701616322928578600 ) ) ;
#6534 = CARTESIAN_POINT ( 'NONE',  ( 0.8668269230769224400, 0.2541635836720405100, 0.08258275440018635100 ) ) ;
#6535 = CARTESIAN_POINT ( 'NONE',  ( 1.239904177057559600, -0.2024744841145371400, -0.01537043752595939100 ) ) ;
#6536 = CARTESIAN_POINT ( 'NONE',  ( 0.4576923076923068400, 0.06181483124778577900, 0.1902464884845768400 ) ) ;
#6537 = CARTESIAN_POINT ( 'NONE',  ( -0.1384615384615398300, -0.2000369959355130200, 0.06499595995470997000 ) ) ;
#6538 = CARTESIAN_POINT ( 'NONE',  ( 0.6528846153846146200, -0.07982748481806203900, 0.2456837358386569100 ) ) ;
#6539 = CARTESIAN_POINT ( 'NONE',  ( -0.02115384615384747300, 0.1618333292155423300, 0.1175787961237840100 ) ) ;
#6540 = CARTESIAN_POINT ( 'NONE',  ( -0.4485576923076942100, 0.2541635836720405100, -0.08258275440018626700 ) ) ;
#6541 = CARTESIAN_POINT ( 'NONE',  ( -0.5156250000000000000, 0.0000000000000000000, 0.0000000000000000000 ) ) ;
#6542 = CARTESIAN_POINT ( 'NONE',  ( 0.6538461538461530800, -4.375590819076688800E-017, 0.2499999999999999700 ) ) ;
#6543 = CARTESIAN_POINT ( 'NONE',  ( 0.9442307692307687600, -0.1236296624955716100, -0.1701616322928578600 ) ) ;
#6544 = FACE_OUTER_BOUND ( 'NONE', #6725, .T. ) ;
#6545 = CARTESIAN_POINT ( 'NONE',  ( 0.7538461538461532800, 0.2000369959355130000, 0.06499595995471008100 ) ) ;
#6546 = CARTESIAN_POINT ( 'NONE',  ( -0.5156250000000003300, 0.3333841949879505800, 0.1725616358404199200 ) ) ;
#6547 = CARTESIAN_POINT ( 'NONE',  ( 0.8346153846153842000, 0.1618333292155423300, 0.1175787961237840100 ) ) ;
#6548 = CARTESIAN_POINT ( 'NONE',  ( 0.4307692307692295700, -0.1545084971874737300, 0.2126627020880099400 ) ) ;
#6549 = EDGE_LOOP ( 'NONE', ( #4341, #3708, #2854, #1632 ) ) ;
#6550 = CARTESIAN_POINT ( 'NONE',  ( 1.188461538461538500, -0.06181483124778579900, -0.1902464884845768400 ) ) ;
#6551 = CARTESIAN_POINT ( 'NONE',  ( 0.1711538461538451800, -0.1618333292155423300, -0.1175787961237840000 ) ) ;
#6552 = CARTESIAN_POINT ( 'NONE',  ( 1.043749999999999500, -0.1570817334117988500, 0.2162044579042725600 ) ) ;
#6553 = EDGE_LOOP ( 'NONE', ( #4209, #1829, #6594, #3188 ) ) ;
#6554 = CARTESIAN_POINT ( 'NONE',  ( 0.2846153846153833300, -0.2500000000000000600, 0.08122992405822651600 ) ) ;
#6555 = ORIENTED_EDGE ( 'NONE', *, *, #3379, .T. ) ;
#6556 = CARTESIAN_POINT ( 'NONE',  ( 0.4115384615384606900, -0.1618333292155423300, -0.1175787961237840000 ) ) ;
#6557 = CARTESIAN_POINT ( 'NONE',  ( -0.07307692307692451000, -0.06181483124778584100, 0.1902464884845768100 ) ) ;
#6558 = CARTESIAN_POINT ( 'NONE',  ( 0.7374999999999992700, -0.2089910684901025400, 0.1518408992313405900 ) ) ;
#6559 = CARTESIAN_POINT ( 'NONE',  ( -0.01730769230769343300, 0.1236296624955716000, 0.1701616322928579100 ) ) ;
#6560 = CARTESIAN_POINT ( 'NONE',  ( -0.3024038461538479100, 0.1570817334117988200, -0.2162044579042725600 ) ) ;
#6561 = ORIENTED_EDGE ( 'NONE', *, *, #5875, .F. ) ;
#6562 = EDGE_CURVE ( 'NONE', #2644, #5183, #1040, .T. ) ;
#6563 = CARTESIAN_POINT ( 'NONE',  ( 0.3019230769230758500, 0.07725424859373684900, -0.2377641290737883800 ) ) ;
#6564 = EDGE_LOOP ( 'NONE', ( #2110, #4468, #5772, #6870 ) ) ;
#6565 = CC_DESIGN_PERSON_AND_ORGANIZATION_ASSIGNMENT ( #4637, #895, ( #2203 ) ) ;
#6566 = DIRECTION ( 'NONE',  ( -1.000000000000000000, -0.0000000000000000000, -0.0000000000000000000 ) ) ;
#6567 = DIRECTION ( 'NONE',  ( 1.000000000000000000, -0.0000000000000000000, -0.0000000000000000000 ) ) ;
#6568 = CARTESIAN_POINT ( 'NONE',  ( 0.7788461538461534100, -0.2000369959355130500, -2.449746667834781800E-017 ) ) ;
#6569 = CARTESIAN_POINT ( 'NONE',  ( 0.7807692307692303300, -0.1618333292155423300, 0.1175787961237839400 ) ) ;
#6570 = CARTESIAN_POINT ( 'NONE',  ( -0.1769230769230782700, 0.2000369959355130000, -0.06499595995470999800 ) ) ;
#6571 = CARTESIAN_POINT ( 'NONE',  ( 1.017307692307692200, -0.1618333292155423300, -0.1175787961237840000 ) ) ;
#6572 = VERTEX_POINT ( 'NONE', #6397 ) ;
#6573 = CARTESIAN_POINT ( 'NONE',  ( -0.5156250000000000000, 0.3247595264191644500, 0.1874999999999999200 ) ) ;
#6574 = CARTESIAN_POINT ( 'NONE',  ( 0.8115384615384611000, 0.06181483124778582700, -0.1902464884845768100 ) ) ;
#6575 = EDGE_CURVE ( 'NONE', #3541, #600, #4604, .T. ) ;
#6576 = CARTESIAN_POINT ( 'NONE',  ( 0.5692790108287241200, -0.03959611008113411700, 0.2500000000000000000 ) ) ;
#6577 = CARTESIAN_POINT ( 'NONE',  ( -0.1012136957216080700, 0.4265175113638358100, -0.01125000000000011800 ) ) ;
#6578 = MANIFOLD_SOLID_BREP ( 'Boss-Extrude5', #827 ) ;
#6579 = FACE_OUTER_BOUND ( 'NONE', #3824, .T. ) ;
#6580 = B_SPLINE_CURVE_WITH_KNOTS ( 'NONE', 3,
 ( #5938, #366, #4361, #4891, #2587, #7187 ),
 .UNSPECIFIED., .F., .F.,
 ( 4, 2, 4 ),
 ( 0.0000000000000000000, 0.0003014487848383058400, 0.0006028975696766116800 ),
 .UNSPECIFIED. ) ;
#6581 = CARTESIAN_POINT ( 'NONE',  ( 0.2211538461538452000, -3.863724120272764700E-017, 0.2103313446762957200 ) ) ;
#6582 = CARTESIAN_POINT ( 'NONE',  ( 0.9129807692307685400, -0.1570817334117988200, -0.2162044579042725600 ) ) ;
#6583 = CARTESIAN_POINT ( 'NONE',  ( 1.226540774801669200, -0.1999029208657298900, 0.08160670619861078200 ) ) ;
#6584 = VECTOR ( 'NONE', #6249, 39.37007874015748100 ) ;
#6585 = CARTESIAN_POINT ( 'NONE',  ( 0.3076923076923067700, -3.863724120272764700E-017, 0.2103313446762957200 ) ) ;
#6586 = CARTESIAN_POINT ( 'NONE',  ( -0.3615384615384632500, -0.2000369959355130000, -0.06499595995471003900 ) ) ;
#6587 = CARTESIAN_POINT ( 'NONE',  ( 0.6990384615384608300, 0.2089910684901025400, -0.1518408992313406100 ) ) ;
#6588 = ORIENTED_EDGE ( 'NONE', *, *, #1365, .T. ) ;
#6589 = CARTESIAN_POINT ( 'NONE',  ( 1.275000000000000400, 0.2000369959355130000, -0.06499595995470999800 ) ) ;
#6590 = CIRCLE ( 'NONE', #3178, 0.01125000000000000000 ) ;
#6591 = CARTESIAN_POINT ( 'NONE',  ( 0.0000000000000000000, 0.0000000000000000000, 0.0000000000000000000 ) ) ;
#6592 = CARTESIAN_POINT ( 'NONE',  ( -0.2086538461538478600, 0.2089910684901024900, 0.1518408992313406700 ) ) ;
#6593 = CARTESIAN_POINT ( 'NONE',  ( 0.7826923076923073500, -0.2000369959355130000, -0.06499595995471003900 ) ) ;
#6594 = ORIENTED_EDGE ( 'NONE', *, *, #1791, .F. ) ;
#6595 = CARTESIAN_POINT ( 'NONE',  ( 0.8846153846153840300, 1.287908040090921300E-017, -0.2103313446762957200 ) ) ;
#6596 = CARTESIAN_POINT ( 'NONE',  ( -0.1884615384615398500, 0.06181483124778582700, -0.1902464884845768100 ) ) ;
#6597 = CARTESIAN_POINT ( 'NONE',  ( 1.194230769230769200, 0.1618333292155423300, -0.1175787961237839500 ) ) ;
#6598 = VECTOR ( 'NONE', #3515, 39.37007874015748100 ) ;
#6599 = DIRECTION ( 'NONE',  ( 0.0000000000000000000, 0.0000000000000000000, 1.000000000000000000 ) ) ;
#6600 = ORIENTED_EDGE ( 'NONE', *, *, #3428, .F. ) ;
#6601 = CARTESIAN_POINT ( 'NONE',  ( 0.7307692307692303900, 1.287908040090921300E-017, -0.2103313446762957200 ) ) ;
#6602 = CARTESIAN_POINT ( 'NONE',  ( 0.01136191292885343900, 0.1415339213216987000, -0.1986506092282208600 ) ) ;
#6603 = VECTOR ( 'NONE', #6448, 39.37007874015748100 ) ;
#6604 = CARTESIAN_POINT ( 'NONE',  ( 0.09807692307692204800, -0.1236296624955716100, -0.1701616322928578600 ) ) ;
#6605 = CARTESIAN_POINT ( 'NONE',  ( 1.005288461538460700, 0.1570817334117988200, -0.2162044579042725600 ) ) ;
#6606 = CARTESIAN_POINT ( 'NONE',  ( 0.3038461538461528800, 0.06181483124778577900, 0.1902464884845768400 ) ) ;
#6607 = CARTESIAN_POINT ( 'NONE',  ( -0.4615384615384632300, -3.863724120272764700E-017, 0.2103313446762957200 ) ) ;
#6608 = CARTESIAN_POINT ( 'NONE',  ( 0.5144230769230759800, -0.2583271673440810700, -3.163595386207315100E-017 ) ) ;
#6609 = CARTESIAN_POINT ( 'NONE',  ( -0.5139423076923098600, 0.2056226585419196300, 0.1493936061522294900 ) ) ;
#6610 = CARTESIAN_POINT ( 'NONE',  ( 1.250000000000000000, 0.0000000000000000000, 0.0000000000000000000 ) ) ;
#6611 = CARTESIAN_POINT ( 'NONE',  ( 1.115384615384614800, -4.375590819076688800E-017, 0.2499999999999999700 ) ) ;
#6612 = DIRECTION ( 'NONE',  ( 0.0000000000000000000, 0.0000000000000000000, 1.000000000000000000 ) ) ;
#6613 = CARTESIAN_POINT ( 'NONE',  ( 0.8980769230769226600, 0.2000369959355130000, 0.06499595995471008100 ) ) ;
#6614 = ORIENTED_EDGE ( 'NONE', *, *, #5928, .T. ) ;
#6615 = CARTESIAN_POINT ( 'NONE',  ( 0.7269230769230763400, -0.06181483124778579900, -0.1902464884845768400 ) ) ;
#6616 = CARTESIAN_POINT ( 'NONE',  ( -0.2500000000000014400, 0.2000369959355130500, 0.0000000000000000000 ) ) ;
#6617 = EDGE_CURVE ( 'NONE', #6508, #833, #3113, .T. ) ;
#6618 = CARTESIAN_POINT ( 'NONE',  ( 1.244230769230769300, -0.2000369959355130000, -0.06499595995471003900 ) ) ;
#6619 = CARTESIAN_POINT ( 'NONE',  ( 0.1442307692307680800, 2.043400912508814200E-015, -0.2500000000000000000 ) ) ;
#6620 = CARTESIAN_POINT ( 'NONE',  ( 0.7576923076923072200, 0.1618333292155423300, 0.1175787961237840100 ) ) ;
#6621 = CARTESIAN_POINT ( 'NONE',  ( 1.221153846153846000, -3.863724120272764700E-017, 0.2103313446762957200 ) ) ;
#6622 = CARTESIAN_POINT ( 'NONE',  ( -0.5156250000000002200, -0.03437689270658408200, 0.3749999999999998900 ) ) ;
#6623 = CARTESIAN_POINT ( 'NONE',  ( 1.028846153846153500, 4.594370360030522900E-016, 0.2500000000000000600 ) ) ;
#6624 = CARTESIAN_POINT ( 'NONE',  ( 1.123076923076922600, 0.1236296624955716500, -0.1701616322928578600 ) ) ;
#6625 = EDGE_CURVE ( 'NONE', #3030, #2108, #3539, .T. ) ;
#6626 = CARTESIAN_POINT ( 'NONE',  ( 0.05106674336607822100, 0.01386372588241099500, -0.2205166019709897100 ) ) ;
#6627 = CARTESIAN_POINT ( 'NONE',  ( -0.2057692307692322000, -0.06181483124778579900, -0.1902464884845768400 ) ) ;
#6628 = CARTESIAN_POINT ( 'NONE',  ( 0.9899038461538454100, -0.1570817334117988200, -0.2162044579042725600 ) ) ;
#6629 = CARTESIAN_POINT ( 'NONE',  ( 0.2499999999999989700, -0.2000369959355130500, -2.449746667834781800E-017 ) ) ;
#6630 = CARTESIAN_POINT ( 'NONE',  ( 0.1230769230769216000, -0.1545084971874737300, 0.2126627020880099400 ) ) ;
#6631 = CARTESIAN_POINT ( 'NONE',  ( -0.3461538461538477000, 1.287908040090921300E-017, -0.2103313446762957200 ) ) ;
#6632 = CARTESIAN_POINT ( 'NONE',  ( 0.2990384615384604800, -0.07982748481806198300, -0.2456837358386569400 ) ) ;
#6633 = CIRCLE ( 'NONE', #2604, 0.5275490581377251200 ) ;
#6634 = DIRECTION ( 'NONE',  ( 0.0000000000000000000, 0.0000000000000000000, 1.000000000000000000 ) ) ;
#6635 = CARTESIAN_POINT ( 'NONE',  ( -0.5102947054543880400, 1.091709528667625700E-016, -0.3337676875782844000 ) ) ;
#6636 = CARTESIAN_POINT ( 'NONE',  ( -0.4906249999999999800, -0.1346322142074262700, -0.2556898353427560200 ) ) ;
#6637 = CARTESIAN_POINT ( 'NONE',  ( 0.6711538461538457700, 0.1618333292155423300, 0.1175787961237840100 ) ) ;
#6638 = CARTESIAN_POINT ( 'NONE',  ( 0.9461538461538460100, -0.2000369959355130000, -0.06499595995471003900 ) ) ;
#6639 = CARTESIAN_POINT ( 'NONE',  ( -0.09615384615384763000, 0.2000369959355130500, 0.0000000000000000000 ) ) ;
#6640 = ORIENTED_EDGE ( 'NONE', *, *, #2790, .T. ) ;
#6641 = CARTESIAN_POINT ( 'NONE',  ( 1.148076923076923000, -0.06181483124778584100, 0.1902464884845768100 ) ) ;
#6642 = CARTESIAN_POINT ( 'NONE',  ( 0.8423076923076918700, 0.06181483124778577900, 0.1902464884845768400 ) ) ;
#6643 = CARTESIAN_POINT ( 'NONE',  ( 1.078846153846153800, -0.1618333292155423300, 0.1175787961237839400 ) ) ;
#6644 = CARTESIAN_POINT ( 'NONE',  ( -0.4857957059411688300, -0.2230015414744918000, -0.3637500000000019100 ) ) ;
#6645 = CARTESIAN_POINT ( 'NONE',  ( 0.6211538461538453900, 0.2500000000000000600, -0.08122992405822657100 ) ) ;
#6646 = CARTESIAN_POINT ( 'NONE',  ( 1.046153846153846000, 0.1236296624955716500, -0.1701616322928578600 ) ) ;
#6647 = ORIENTED_EDGE ( 'NONE', *, *, #3328, .T. ) ;
#6648 = ORIENTED_EDGE ( 'NONE', *, *, #1791, .T. ) ;
#6649 = CARTESIAN_POINT ( 'NONE',  ( 0.06521250799463247600, 0.2123355998033203700, 0.007384045597057734500 ) ) ;
#6650 = CARTESIAN_POINT ( 'NONE',  ( -0.2019230769230784500, 1.287908040090921300E-017, -0.2103313446762957200 ) ) ;
#6651 = CARTESIAN_POINT ( 'NONE',  ( 0.7629807692307685200, -0.07854086670589939500, -0.2417239324562226500 ) ) ;
#6652 = ORIENTED_EDGE ( 'NONE', *, *, #6046, .T. ) ;
#6653 = CARTESIAN_POINT ( 'NONE',  ( 0.1923076923076909600, -4.375590819076688800E-017, 0.2499999999999999700 ) ) ;
#6654 = CARTESIAN_POINT ( 'NONE',  ( 0.5182692307692298200, -0.2583271673440810700, -0.08393558474214601900 ) ) ;
#6655 = CC_DESIGN_SECURITY_CLASSIFICATION ( #2203, ( #4775 ) ) ;
#6656 = CARTESIAN_POINT ( 'NONE',  ( 0.3403846153846143400, -0.07725424859373689100, 0.2377641290737883800 ) ) ;
#6657 = VECTOR ( 'NONE', #7316, 39.37007874015748100 ) ;
#6658 = CARTESIAN_POINT ( 'NONE',  ( 0.6884615384615377900, 0.06181483124778577900, 0.1902464884845768400 ) ) ;
#6659 = CARTESIAN_POINT ( 'NONE',  ( -0.08461538461538607700, 0.1236296624955716000, 0.1701616322928579100 ) ) ;
#6660 = COORDINATED_UNIVERSAL_TIME_OFFSET ( 6, 0, .BEHIND. ) ;
#6661 = CARTESIAN_POINT ( 'NONE',  ( 1.051923076923076500, 0.2000369959355130000, 0.06499595995471008100 ) ) ;
#6662 = EDGE_CURVE ( 'NONE', #6112, #144, #267, .T. ) ;
#6663 = EDGE_LOOP ( 'NONE', ( #7071, #1820, #6588, #4172 ) ) ;
#6664 = CARTESIAN_POINT ( 'NONE',  ( -0.02302688372454955700, 0.0000000000000000000, 0.0000000000000000000 ) ) ;
#6665 = CARTESIAN_POINT ( 'NONE',  ( 0.6884615384615377900, 0.06181483124778577900, 0.1902464884845768400 ) ) ;
#6666 = EDGE_CURVE ( 'NONE', #2719, #4624, #6366, .T. ) ;
#6667 = CARTESIAN_POINT ( 'NONE',  ( 1.040384615384615200, 0.1618333292155423300, -0.1175787961237839500 ) ) ;
#6668 = CARTESIAN_POINT ( 'NONE',  ( -0.4857957059411689400, 0.4265175113638369800, -0.01124999999999813800 ) ) ;
#6669 = DIRECTION ( 'NONE',  ( 0.0000000000000000000, 0.0000000000000000000, 1.000000000000000000 ) ) ;
#6670 = DIRECTION ( 'NONE',  ( -1.000000000000000000, -0.0000000000000000000, -0.0000000000000000000 ) ) ;
#6671 = ORIENTED_EDGE ( 'NONE', *, *, #4581, .F. ) ;
#6672 = CARTESIAN_POINT ( 'NONE',  ( -0.07884615384615500900, -0.1236296624955716800, 0.1701616322928578300 ) ) ;
#6673 = CARTESIAN_POINT ( 'NONE',  ( 0.7014423076923069800, 0.2056226585419196600, -0.1493936061522294400 ) ) ;
#6674 = AXIS2_PLACEMENT_3D ( 'NONE', #990, #4485, #1035 ) ;
#6675 = CARTESIAN_POINT ( 'NONE',  ( -0.09956090325609191800, 0.4295283873004675000, -0.003983554493593831900 ) ) ;
#6676 = DIRECTION ( 'NONE',  ( 0.0000000000000000000, 0.0000000000000000000, 1.000000000000000000 ) ) ;
#6677 = CARTESIAN_POINT ( 'NONE',  ( -0.4771674306531763500, 0.1914233983742032200, 0.05806791108500072900 ) ) ;
#6678 = CARTESIAN_POINT ( 'NONE',  ( 0.3682692307692297400, -0.2089910684901024900, -0.1518408992313406400 ) ) ;
#6679 = EDGE_LOOP ( 'NONE', ( #6719, #33, #3802, #7180 ) ) ;
#6680 = ADVANCED_FACE ( 'NONE', ( #774 ), #5574, .T. ) ;
#6681 = DIRECTION ( 'NONE',  ( 0.0000000000000000000, 0.8660254037844364900, -0.5000000000000037700 ) ) ;
#6682 = VECTOR ( 'NONE', #1521, 39.37007874015748100 ) ;
#6683 = CARTESIAN_POINT ( 'NONE',  ( 0.5307692307692301000, 0.1236296624955716000, 0.1701616322928579100 ) ) ;
#6684 = CARTESIAN_POINT ( 'NONE',  ( -0.4346153846153864600, -0.1618333292155423300, -0.1175787961237840000 ) ) ;
#6685 = EDGE_LOOP ( 'NONE', ( #6862, #7265, #6309, #4804 ) ) ;
#6686 = CARTESIAN_POINT ( 'NONE',  ( 0.9788461538461535900, 0.1618333292155423300, 0.1175787961237840100 ) ) ;
#6687 = DIRECTION ( 'NONE',  ( -1.000000000000000000, -0.0000000000000000000, -0.0000000000000000000 ) ) ;
#6688 = CARTESIAN_POINT ( 'NONE',  ( 0.5115384615384607200, 0.1618333292155423300, -0.1175787961237839500 ) ) ;
#6689 = CARTESIAN_POINT ( 'NONE',  ( 1.239813812635304700, -0.1185553202258974700, 0.1649272168804845900 ) ) ;
#6690 = CARTESIAN_POINT ( 'NONE',  ( 1.117307692307692100, 0.1618333292155423300, -0.1175787961237839500 ) ) ;
#6691 = CARTESIAN_POINT ( 'NONE',  ( 0.5788461538461531200, -0.2022542485937368600, 0.1469463130731182600 ) ) ;
#6692 = CARTESIAN_POINT ( 'NONE',  ( 0.6307692307692297500, 0.2499999999999999200, -0.08122992405822653000 ) ) ;
#6693 = CARTESIAN_POINT ( 'NONE',  ( 0.9865384615384611400, -0.07725424859373683500, -0.2377641290737884100 ) ) ;
#6694 = CARTESIAN_POINT ( 'NONE',  ( -0.08653846153846279900, -3.863724120272764700E-017, 0.2103313446762957200 ) ) ;
#6695 = CARTESIAN_POINT ( 'NONE',  ( 0.7052884615384604800, 0.2541635836720405100, -0.08258275440018626700 ) ) ;
#6696 = CARTESIAN_POINT ( 'NONE',  ( 0.1807692307692297400, -0.1618333292155423300, -0.1175787961237840000 ) ) ;
#6697 = EDGE_CURVE ( 'NONE', #2617, #5352, #3154, .T. ) ;
#6698 = CARTESIAN_POINT ( 'NONE',  ( 0.3374999999999989100, 0.07982748481806195600, 0.2456837358386569400 ) ) ;
#6699 = DIRECTION ( 'NONE',  ( 0.0000000000000000000, 0.0000000000000000000, -1.000000000000000000 ) ) ;
#6700 =( BOUNDED_CURVE ( )  B_SPLINE_CURVE ( 2, ( #3827, #5565, #6656, #944, #4466, #1611, #5062, #4418, #5611, #4963, #1520, #3251, #5037 ),
 .UNSPECIFIED., .F., .F. ) 
 B_SPLINE_CURVE_WITH_KNOTS ( ( 3, 2, 2, 2, 2, 2, 3 ),
 ( 0.4436130069674690800, 0.4457869200109473300, 0.4501347460979039400, 0.4544825721848604300, 0.4588303982718169300, 0.4631782243587734300, 0.4653521374022516800 ),
 .UNSPECIFIED. ) 
 CURVE ( )  GEOMETRIC_REPRESENTATION_ITEM ( )  RATIONAL_B_SPLINE_CURVE ( ( 0.9755282581475767100, 0.9755282581475767100, 1.000000000000000000, 0.9510565162951534200, 1.000000000000000000, 0.9510565162951534200, 1.000000000000000000, 0.9510565162951534200, 1.000000000000000000, 0.9510565162951534200, 1.000000000000000000, 0.9755282581475767100, 0.9755282581475767100 ) ) 
 REPRESENTATION_ITEM ( '' )  );
#6701 = DIRECTION ( 'NONE',  ( 0.0000000000000000000, 0.0000000000000000000, 1.000000000000000000 ) ) ;
#6702 = CARTESIAN_POINT ( 'NONE',  ( 0.3826923076923068900, -0.1236296624955716700, 0.1701616322928578600 ) ) ;
#6703 = CARTESIAN_POINT ( 'NONE',  ( 1.092307692307691800, 0.2499999999999999200, -0.08122992405822653000 ) ) ;
#6704 = DIRECTION ( 'NONE',  ( -1.000000000000000000, -0.0000000000000000000, -0.0000000000000000000 ) ) ;
#6705 = CARTESIAN_POINT ( 'NONE',  ( 0.7038461538461532300, -0.1618333292155423300, 0.1175787961237839400 ) ) ;
#6706 = CARTESIAN_POINT ( 'NONE',  ( -0.3692307692307708100, -0.2000369959355130200, 0.06499595995470997000 ) ) ;
#6707 = CARTESIAN_POINT ( 'NONE',  ( 0.9596153846153842000, 0.1236296624955716700, -0.1701616322928578600 ) ) ;
#6708 = CARTESIAN_POINT ( 'NONE',  ( 0.8461538461538454800, 5.250708982892026900E-016, -0.2500000000000000000 ) ) ;
#6709 = CARTESIAN_POINT ( 'NONE',  ( 0.5576923076923069300, -0.2000369959355130500, -2.449746667834781800E-017 ) ) ;
#6710 = DIRECTION ( 'NONE',  ( -1.000000000000000000, -0.0000000000000000000, -0.0000000000000000000 ) ) ;
#6711 = CARTESIAN_POINT ( 'NONE',  ( 1.090384615384615300, -0.2000369959355130000, -0.06499595995471003900 ) ) ;
#6712 = CARTESIAN_POINT ( 'NONE',  ( 1.165384615384615000, 0.2022542485937368600, -0.1469463130731182600 ) ) ;
#6713 = FACE_OUTER_BOUND ( 'NONE', #2088, .T. ) ;
#6714 = ADVANCED_FACE ( 'NONE', ( #3026 ), #4650, .T. ) ;
#6715 = EDGE_CURVE ( 'NONE', #2253, #5423, #1574, .T. ) ;
#6716 = CARTESIAN_POINT ( 'NONE',  ( 0.06610708216220022300, 0.2100693782873986600, 0.02814284072144486400 ) ) ;
#6717 = CARTESIAN_POINT ( 'NONE',  ( -0.1365384615384628300, -0.1618333292155423300, -0.1175787961237840000 ) ) ;
#6718 = CARTESIAN_POINT ( 'NONE',  ( 0.7091346153846145300, 0.2541635836720405100, 0.0000000000000000000 ) ) ;
#6719 = ORIENTED_EDGE ( 'NONE', *, *, #6046, .F. ) ;
#6720 = CARTESIAN_POINT ( 'NONE',  ( 0.6442307692307686100, 9.582543893777949700E-016, 0.2500000000000000000 ) ) ;
#6721 = DIRECTION ( 'NONE',  ( 0.0000000000000000000, 0.0000000000000000000, 1.000000000000000000 ) ) ;
#6722 = CARTESIAN_POINT ( 'NONE',  ( -0.5136250000000000000, -0.05863573498500644600, -0.08306007213317415100 ) ) ;
#6723 = CARTESIAN_POINT ( 'NONE',  ( 0.08365384615384469100, 0.2089910684901025400, -0.1518408992313406100 ) ) ;
#6724 = CARTESIAN_POINT ( 'NONE',  ( 0.3076923076923064300, 1.750236327630675500E-017, -0.2499999999999999700 ) ) ;
#6725 = EDGE_LOOP ( 'NONE', ( #6998, #3181, #471, #5957 ) ) ;
#6726 = ORIENTED_EDGE ( 'NONE', *, *, #5259, .F. ) ;
#6727 = CARTESIAN_POINT ( 'NONE',  ( 0.4865384615384608600, -0.06181483124778579900, -0.1902464884845768400 ) ) ;
#6728 = CARTESIAN_POINT ( 'NONE',  ( 1.107692307692307100, 0.1545084971874736400, 0.2126627020880099400 ) ) ;
#6729 = CARTESIAN_POINT ( 'NONE',  ( 0.2899038461538447900, -0.2541635836720405100, -0.08258275440018630900 ) ) ;
#6730 = CARTESIAN_POINT ( 'NONE',  ( 0.08653846153846023200, 0.2500000000000000000, 0.0000000000000000000 ) ) ;
#6731 = CARTESIAN_POINT ( 'NONE',  ( 0.6038461538461532600, 0.1618333292155423300, 0.1175787961237840100 ) ) ;
#6732 = CARTESIAN_POINT ( 'NONE',  ( -0.3038461538461554900, -0.06181483124778584100, 0.1902464884845768100 ) ) ;
#6733 = CARTESIAN_POINT ( 'NONE',  ( 0.8634615384615381700, -0.1618333292155423300, -0.1175787961237840000 ) ) ;
#6734 = ORIENTED_EDGE ( 'NONE', *, *, #826, .T. ) ;
#6735 = ORIENTED_EDGE ( 'NONE', *, *, #7064, .F. ) ;
#6736 = CARTESIAN_POINT ( 'NONE',  ( -0.1012136957216080400, -0.2230015414744929700, 0.3637499999999998000 ) ) ;
#6737 = CARTESIAN_POINT ( 'NONE',  ( 0.4615384615384606200, -3.863724120272764700E-017, 0.2103313446762957200 ) ) ;
#6738 = CARTESIAN_POINT ( 'NONE',  ( 1.059615384615384600, 0.1236296624955716000, 0.1701616322928579100 ) ) ;
#6739 = CARTESIAN_POINT ( 'NONE',  ( 1.173076923076922700, 0.2499999999999999700, 0.0000000000000000000 ) ) ;
#6740 = CARTESIAN_POINT ( 'NONE',  ( 0.7134615384615379300, 0.1545084971874737000, 0.2126627020880100200 ) ) ;
#6741 = CARTESIAN_POINT ( 'NONE',  ( -0.1903846153846168700, 0.1618333292155423300, -0.1175787961237839500 ) ) ;
#6742 = VERTEX_POINT ( 'NONE', #335 ) ;
#6743 = AXIS2_PLACEMENT_3D ( 'NONE', #6099, #6078, #391 ) ;
#6744 = CARTESIAN_POINT ( 'NONE',  ( -0.4519230769230784800, -0.2000369959355130500, -2.449746667834781800E-017 ) ) ;
#6745 = CARTESIAN_POINT ( 'NONE',  ( 0.5899038461538450600, -0.2541635836720405600, 0.08258275440018624000 ) ) ;
#6746 = DIRECTION ( 'NONE',  ( 0.0000000000000000000, 0.0000000000000000000, 1.000000000000000000 ) ) ;
#6747 = CARTESIAN_POINT ( 'NONE',  ( 1.250000000000000000, 0.0000000000000000000, 0.1923076923076925100 ) ) ;
#6748 = CARTESIAN_POINT ( 'NONE',  ( 0.05673076923076778700, -0.2583271673440810700, -0.08393558474214601900 ) ) ;
#6749 = CARTESIAN_POINT ( 'NONE',  ( 1.200012136385716100, -0.06351491040401342800, 0.2343830584038999200 ) ) ;
#6750 = CYLINDRICAL_SURFACE ( 'NONE', #5696, 0.2500000000000000000 ) ;
#6751 = VECTOR ( 'NONE', #4602, 39.37007874015748100 ) ;
#6752 = CARTESIAN_POINT ( 'NONE',  ( 0.4519230769230762100, -3.863724120272764700E-017, 0.2103313446762957200 ) ) ;
#6753 = CARTESIAN_POINT ( 'NONE',  ( 0.07992732679188430100, -0.01311724991766746400, 0.2035386368020874500 ) ) ;
#6754 = CARTESIAN_POINT ( 'NONE',  ( 0.4591346153846141400, 1.636393914928959700E-017, -0.2672434070081726200 ) ) ;
#6755 = CARTESIAN_POINT ( 'NONE',  ( 0.1019230769230757000, 0.07725424859373679300, 0.2377641290737884100 ) ) ;
#6756 = ORIENTED_EDGE ( 'NONE', *, *, #5641, .T. ) ;
#6757 = CARTESIAN_POINT ( 'NONE',  ( 0.6192307692307685900, -0.06181483124778584100, 0.1902464884845768100 ) ) ;
#6758 = CARTESIAN_POINT ( 'NONE',  ( -0.3461538461538477000, 1.287908040090921300E-017, -0.2103313446762957200 ) ) ;
#6759 = CARTESIAN_POINT ( 'NONE',  ( 0.5826923076923071800, 0.2000369959355130000, -0.06499595995470999800 ) ) ;
#6760 = CARTESIAN_POINT ( 'NONE',  ( 0.8403846153846151700, -0.06181483124778584100, 0.1902464884845768100 ) ) ;
#6761 = EDGE_CURVE ( 'NONE', #3828, #5144, #414, .T. ) ;
#6762 = CARTESIAN_POINT ( 'NONE',  ( -0.5156250000000000000, -0.4265175113638359800, -0.01125000000000005000 ) ) ;
#6763 = ORIENTED_EDGE ( 'NONE', *, *, #2737, .T. ) ;
#6764 = CARTESIAN_POINT ( 'NONE',  ( 0.5692307692307685400, -0.1236296624955716100, -0.1701616322928578600 ) ) ;
#6765 = DIRECTION ( 'NONE',  ( 0.0000000000000000000, 0.0000000000000000000, -1.000000000000000000 ) ) ;
#6766 = CARTESIAN_POINT ( 'NONE',  ( 0.7634615384615379700, -0.06181483124778584100, 0.1902464884845768100 ) ) ;
#6767 = CARTESIAN_POINT ( 'NONE',  ( 0.08531649781008643400, -0.2007424970230301500, 0.01376660229629385900 ) ) ;
#6768 = CARTESIAN_POINT ( 'NONE',  ( -0.2519230769230784700, 0.1618333292155423300, 0.1175787961237840100 ) ) ;
#6769 = B_SPLINE_CURVE_WITH_KNOTS ( 'NONE', 3,
 ( #4308, #6535, #2132, #4461, #811, #7132, #4834, #6583, #1388, #6143, #1012, #5035, #5403, #2530, #859, #7107, #3694, #2252, #5656, #3995, #6749, #5678, #6277, #2834 ),
 .UNSPECIFIED., .F., .F.,
 ( 4, 2, 2, 1, 2, 2, 2, 2, 1, 2, 2, 2, 4 ),
 ( 0.0000000000000000000, 0.001249474214112473600, 0.001874211321168710100, 0.002498948428224946800, 0.003123685535281184600, 0.003748422642337421900, 0.004997896856449895300, 0.005622633963506133500, 0.006247371070562372600, 0.006872108177618610000, 0.007496845284674847300, 0.008746319498787322900, 0.009995793712899799300 ),
 .UNSPECIFIED. ) ;
#6770 = CONICAL_SURFACE ( 'NONE', #626, 0.2500000000000000000, 0.5235987755983000400 ) ;
#6771 = CARTESIAN_POINT ( 'NONE',  ( -0.4134615384615400500, 0.2000369959355130500, 0.0000000000000000000 ) ) ;
#6772 = CARTESIAN_POINT ( 'NONE',  ( 0.5783653846153836700, -0.07854086670589945100, 0.2417239324562225900 ) ) ;
#6773 = ORIENTED_EDGE ( 'NONE', *, *, #7154, .F. ) ;
#6774 = CARTESIAN_POINT ( 'NONE',  ( -0.5102947054543880400, 6.829619984160658000E-017, 0.3337676875782844000 ) ) ;
#6775 = CARTESIAN_POINT ( 'NONE',  ( -0.1178621250944664600, -0.3931471943367032500, -0.06904908455567479500 ) ) ;
#6776 = CARTESIAN_POINT ( 'NONE',  ( 0.2605769230769218700, 0.07982748481806195600, 0.2456837358386569400 ) ) ;
#6777 = CARTESIAN_POINT ( 'NONE',  ( 0.04552976290982466800, -0.1151944902737794700, -0.1919229152261950100 ) ) ;
#6778 = LINE ( 'NONE', #4750, #4214 ) ;
#6779 = CARTESIAN_POINT ( 'NONE',  ( 0.4942307692307685300, 0.06181483124778582700, -0.1902464884845768100 ) ) ;
#6780 = DIRECTION ( 'NONE',  ( 0.0000000000000000000, -0.8660254037844434800, -0.4999999999999917300 ) ) ;
#6781 = CARTESIAN_POINT ( 'NONE',  ( 0.4899038461538450800, 0.1570817334117987900, 0.2162044579042725600 ) ) ;
#6782 = CARTESIAN_POINT ( 'NONE',  ( -0.5156250000000000000, -0.1523857349850072100, -0.2454398353427559600 ) ) ;
#6783 = CARTESIAN_POINT ( 'NONE',  ( 0.3961538461538452500, -0.1618333292155423300, 0.1175787961237839400 ) ) ;
#6784 = CARTESIAN_POINT ( 'NONE',  ( -0.3538461538461553600, -0.1236296624955716100, -0.1701616322928578600 ) ) ;
#6785 = CARTESIAN_POINT ( 'NONE',  ( 0.6826923076923071500, -3.863724120272764700E-017, 0.2103313446762957200 ) ) ;
#6786 = CARTESIAN_POINT ( 'NONE',  ( 0.6673076923076918200, 0.2000369959355130000, 0.06499595995471008100 ) ) ;
#6787 = CARTESIAN_POINT ( 'NONE',  ( 0.9692307692307686700, -0.1545084971874737300, 0.2126627020880099400 ) ) ;
#6788 = CARTESIAN_POINT ( 'NONE',  ( 0.3153846153846144300, -0.1236296624955716800, 0.1701616322928578300 ) ) ;
#6789 = CARTESIAN_POINT ( 'NONE',  ( 0.4769230769230758400, 0.2499999999999999200, -0.08122992405822653000 ) ) ;
#6790 = CARTESIAN_POINT ( 'NONE',  ( 0.7134615384615379300, -0.1236296624955716100, -0.1701616322928578600 ) ) ;
#6791 = CARTESIAN_POINT ( 'NONE',  ( 0.6403846153846146600, 0.07725424859373679300, 0.2377641290737884100 ) ) ;
#6792 = CARTESIAN_POINT ( 'NONE',  ( -0.3134615384615400100, -0.06181483124778584100, 0.1902464884845768100 ) ) ;
#6793 = CARTESIAN_POINT ( 'NONE',  ( -0.4096153846153862100, 0.2000369959355130000, 0.06499595995471008100 ) ) ;
#6794 =( BOUNDED_CURVE ( )  B_SPLINE_CURVE ( 2, ( #553, #5753, #2912, #5130, #6796, #2300, #1130, #5150, #1756, #1701, #1155, #6848, #5729 ),
 .UNSPECIFIED., .F., .F. ) 
 B_SPLINE_CURVE_WITH_KNOTS ( ( 3, 2, 2, 2, 2, 2, 3 ),
 ( 0.4218738797490635400, 0.4240477927925417900, 0.4283956188794982900, 0.4327434449664548900, 0.4370912710534113900, 0.4414390971403678900, 0.4436130101838461300 ),
 .UNSPECIFIED. ) 
 CURVE ( )  GEOMETRIC_REPRESENTATION_ITEM ( )  RATIONAL_B_SPLINE_CURVE ( ( 0.9755282581475768200, 0.9755282581475768200, 1.000000000000000000, 0.9510565162951535300, 1.000000000000000000, 0.9510565162951535300, 1.000000000000000000, 0.9510565162951535300, 1.000000000000000000, 0.9510565162951535300, 1.000000000000000000, 0.9755282581475768200, 0.9755282581475768200 ) ) 
 REPRESENTATION_ITEM ( '' )  );
#6795 = DIRECTION ( 'NONE',  ( 0.0000000000000000000, -1.000000000000000000, 1.252096997096120900E-016 ) ) ;
#6796 = CARTESIAN_POINT ( 'NONE',  ( 0.2423076923076910000, 0.2022542485937368600, -0.1469463130731182600 ) ) ;
#6797 = DIRECTION ( 'NONE',  ( 0.0000000000000000000, 0.0000000000000000000, 1.000000000000000000 ) ) ;
#6798 = CARTESIAN_POINT ( 'NONE',  ( 0.2144230769230757700, -0.2089910684901024900, -0.1518408992313406400 ) ) ;
#6799 = DIRECTION ( 'NONE',  ( 1.000000000000000000, 0.0000000000000000000, 0.0000000000000000000 ) ) ;
#6800 = CARTESIAN_POINT ( 'NONE',  ( 0.5096153846153840300, 0.2000369959355130500, 0.0000000000000000000 ) ) ;
#6801 = CARTESIAN_POINT ( 'NONE',  ( -0.4906249999999999800, 0.1012499999999999900, 0.01125000000000000100 ) ) ;
#6802 = CARTESIAN_POINT ( 'NONE',  ( 0.3475961538461526700, -0.07854086670589945100, 0.2417239324562225900 ) ) ;
#6803 = CARTESIAN_POINT ( 'NONE',  ( 0.07499999999999869300, 0.1545084971874737300, -0.2126627020880100000 ) ) ;
#6804 = CARTESIAN_POINT ( 'NONE',  ( 0.3307692307692297100, -0.2000369959355130000, -0.06499595995471003900 ) ) ;
#6805 = CARTESIAN_POINT ( 'NONE',  ( 1.175961538461538300, 0.2089910684901024900, 0.1518408992313406700 ) ) ;
#6806 = EDGE_CURVE ( 'NONE', #1378, #6335, #2650, .T. ) ;
#6807 = CARTESIAN_POINT ( 'NONE',  ( 0.4980769230769224700, 0.1236296624955716700, -0.1701616322928578600 ) ) ;
#6808 = ADVANCED_FACE ( 'NONE', ( #957 ), #7290, .T. ) ;
#6809 = ORIENTED_EDGE ( 'NONE', *, *, #3675, .F. ) ;
#6810 = CARTESIAN_POINT ( 'NONE',  ( 0.7326923076923073100, 0.1618333292155423300, -0.1175787961237839500 ) ) ;
#6811 = CARTESIAN_POINT ( 'NONE',  ( 0.3038461538461528800, 0.06181483124778577900, 0.1902464884845768400 ) ) ;
#6812 = CARTESIAN_POINT ( 'NONE',  ( 0.3461538461538448100, 1.986518231860816500E-015, 0.2499999999999999700 ) ) ;
#6813 = CARTESIAN_POINT ( 'NONE',  ( 0.7249999999999995300, 0.06181483124778582700, -0.1902464884845768100 ) ) ;
#6814 = CARTESIAN_POINT ( 'NONE',  ( 0.7191825276328132100, 0.03959611008113204900, 0.2500000000000006700 ) ) ;
#6815 = ORIENTED_EDGE ( 'NONE', *, *, #3513, .T. ) ;
#6816 = AXIS2_PLACEMENT_3D ( 'NONE', #868, #4893, #4336 ) ;
#6817 = VERTEX_POINT ( 'NONE', #5526 ) ;
#6818 = CARTESIAN_POINT ( 'NONE',  ( -0.3057692307692322400, -0.1618333292155423300, 0.1175787961237839400 ) ) ;
#6819 = CARTESIAN_POINT ( 'NONE',  ( -0.2903846153846169100, -0.1618333292155423300, -0.1175787961237840000 ) ) ;
#6820 = VERTEX_POINT ( 'NONE', #378 ) ;
#6821 = DIRECTION ( 'NONE',  ( 1.000000000000000000, 0.0000000000000000000, -0.0000000000000000000 ) ) ;
#6822 = DIRECTION ( 'NONE',  ( -1.000000000000000000, 0.0000000000000000000, 0.0000000000000000000 ) ) ;
#6823 = ORIENTED_EDGE ( 'NONE', *, *, #7064, .T. ) ;
#6824 = CARTESIAN_POINT ( 'NONE',  ( -0.3971153846153863700, -0.1596549696361239700, -0.2197462137205352100 ) ) ;
#6825 = CARTESIAN_POINT ( 'NONE',  ( 0.1259615384615371500, -0.2583271673440811200, 0.08393558474214593600 ) ) ;
#6826 = DIRECTION ( 'NONE',  ( 0.0000000000000000000, 0.8660254037844434800, 0.4999999999999917300 ) ) ;
#6827 = CARTESIAN_POINT ( 'NONE',  ( 0.2903846153846144600, 0.1236296624955716000, 0.1701616322928579100 ) ) ;
#6828 = CARTESIAN_POINT ( 'NONE',  ( 0.0000000000000000000, 0.0000000000000000000, 0.0000000000000000000 ) ) ;
#6829 = CARTESIAN_POINT ( 'NONE',  ( 0.3206730769230757300, 0.2541635836720405100, -0.08258275440018626700 ) ) ;
#6830 = ORIENTED_EDGE ( 'NONE', *, *, #7093, .F. ) ;
#6831 = CARTESIAN_POINT ( 'NONE',  ( 0.9423076923076919600, -0.2000369959355130500, -2.449746667834781800E-017 ) ) ;
#6832 = CARTESIAN_POINT ( 'NONE',  ( 0.2730769230769221100, 0.06181483124778582700, -0.1902464884845768100 ) ) ;
#6833 = CARTESIAN_POINT ( 'NONE',  ( 1.237499999999999800, 0.2089910684901025400, -0.1518408992313406100 ) ) ;
#6834 = CARTESIAN_POINT ( 'NONE',  ( 0.6942307692307687600, -0.1618333292155423300, 0.1175787961237839400 ) ) ;
#6835 = CARTESIAN_POINT ( 'NONE',  ( 0.5980769230769222800, 0.1236296624955716000, 0.1701616322928579100 ) ) ;
#6836 = LINE ( 'NONE', #5586, #763 ) ;
#6837 = CARTESIAN_POINT ( 'NONE',  ( 0.1749999999999988500, 0.1545084971874737000, 0.2126627020880100200 ) ) ;
#6838 = CARTESIAN_POINT ( 'NONE',  ( 0.2423076923076913100, -0.1618333292155423300, 0.1175787961237839400 ) ) ;
#6839 = CARTESIAN_POINT ( 'NONE',  ( 0.02307692307692157900, 0.2499999999999999200, 0.08122992405822664100 ) ) ;
#6840 = CARTESIAN_POINT ( 'NONE',  ( 0.8442307692307689000, -0.1236296624955716700, 0.1701616322928578600 ) ) ;
#6841 = CARTESIAN_POINT ( 'NONE',  ( 0.2231251646748776100, 0.03959611008113408200, -0.2500000000000000000 ) ) ;
#6842 = CARTESIAN_POINT ( 'NONE',  ( -0.1480769230769244100, -0.2000369959355130200, 0.06499595995470997000 ) ) ;
#6843 = EDGE_CURVE ( 'NONE', #5792, #5970, #5088, .T. ) ;
#6844 = AXIS2_PLACEMENT_3D ( 'NONE', #5692, #4651, #2820 ) ;
#6845 = ORIENTED_EDGE ( 'NONE', *, *, #4254, .F. ) ;
#6846 = CARTESIAN_POINT ( 'NONE',  ( -0.4057692307692322700, 0.1618333292155423300, 0.1175787961237840100 ) ) ;
#6847 = CARTESIAN_POINT ( 'NONE',  ( 0.4057692307692297700, 0.1545084971874737000, 0.2126627020880100200 ) ) ;
#6848 = CARTESIAN_POINT ( 'NONE',  ( 0.2672594507097353900, 0.03959611008113401300, 0.2499999999999999200 ) ) ;
#6849 = CARTESIAN_POINT ( 'NONE',  ( -0.3663461538461557100, 0.2583271673440810700, 0.08393558474214604700 ) ) ;
#6850 = CARTESIAN_POINT ( 'NONE',  ( -0.07788461538461691200, 0.07982748481806199700, -0.2456837358386569100 ) ) ;
#6851 = CARTESIAN_POINT ( 'NONE',  ( 0.03818956559305503000, -0.2222337505911306800, -0.05290453498141706900 ) ) ;
#6852 = ORIENTED_EDGE ( 'NONE', *, *, #6806, .T. ) ;
#6853 = EDGE_CURVE ( 'NONE', #137, #6393, #849, .T. ) ;
#6854 = CARTESIAN_POINT ( 'NONE',  ( 0.2057692307692297300, 0.2000369959355130000, 0.06499595995471006700 ) ) ;
#6855 = CARTESIAN_POINT ( 'NONE',  ( 0.7692307692307682700, 1.750236327630675500E-017, -0.2499999999999999700 ) ) ;
#6856 = CARTESIAN_POINT ( 'NONE',  ( 0.2052884615384601700, -0.2541635836720405600, 0.08258275440018624000 ) ) ;
#6857 = FACE_OUTER_BOUND ( 'NONE', #5605, .T. ) ;
#6858 = ADVANCED_FACE ( 'NONE', ( #6145 ), #4282, .T. ) ;
#6859 = CARTESIAN_POINT ( 'NONE',  ( 0.9346153846153844000, -0.1618333292155423300, 0.1175787961237839400 ) ) ;
#6860 = CARTESIAN_POINT ( 'NONE',  ( 0.3538461538461528700, 0.1236296624955716700, -0.1701616322928578600 ) ) ;
#6861 = CARTESIAN_POINT ( 'NONE',  ( 1.145192307692307400, -0.07982748481806198300, -0.2456837358386569400 ) ) ;
#6862 = ORIENTED_EDGE ( 'NONE', *, *, #3862, .F. ) ;
#6863 = CARTESIAN_POINT ( 'NONE',  ( 0.4403846153846146000, 0.1618333292155423300, 0.1175787961237840100 ) ) ;
#6864 = CARTESIAN_POINT ( 'NONE',  ( 0.6788461538461532100, 0.06181483124778577900, 0.1902464884845768400 ) ) ;
#6865 = EDGE_CURVE ( 'NONE', #5815, #7349, #7040, .T. ) ;
#6866 = LINE ( 'NONE', #6051, #1683 ) ;
#6867 = CARTESIAN_POINT ( 'NONE',  ( 1.065384615384615200, -0.2022542485937368100, -0.1469463130731182800 ) ) ;
#6868 = CARTESIAN_POINT ( 'NONE',  ( 0.3961538461538452500, -0.1618333292155423300, 0.1175787961237839400 ) ) ;
#6869 = CARTESIAN_POINT ( 'NONE',  ( 0.8865384615384612800, 0.1618333292155423300, -0.1175787961237839500 ) ) ;
#6870 = ORIENTED_EDGE ( 'NONE', *, *, #3098, .F. ) ;
#6871 = CARTESIAN_POINT ( 'NONE',  ( 1.276923076923077000, 0.1236296624955716700, -0.1701616322928578600 ) ) ;
#6872 = CYLINDRICAL_SURFACE ( 'NONE', #3726, 0.2500000000000000000 ) ;
#6873 = VERTEX_POINT ( 'NONE', #6623 ) ;
#6874 = CARTESIAN_POINT ( 'NONE',  ( 1.198609918761416300, -0.2438889082720863400, -0.006780352122787460700 ) ) ;
#6875 = CARTESIAN_POINT ( 'NONE',  ( 0.01730769230769086500, 0.2022542485937368100, 0.1469463130731183400 ) ) ;
#6876 = DIRECTION ( 'NONE',  ( 0.0000000000000000000, 0.0000000000000000000, 1.000000000000000000 ) ) ;
#6877 = CARTESIAN_POINT ( 'NONE',  ( 0.01057692307692155100, 0.2583271673440810700, -0.08393558474214596300 ) ) ;
#6878 = CARTESIAN_POINT ( 'NONE',  ( -0.5102143365883324800, -0.3677234469890942000, -0.1130843066805280200 ) ) ;
#6879 = EDGE_LOOP ( 'NONE', ( #4613, #2788, #2734, #6215 ) ) ;
#6880 = CARTESIAN_POINT ( 'NONE',  ( 0.1403846153846144100, 0.06181483124778577900, 0.1902464884845768400 ) ) ;
#6881 = CARTESIAN_POINT ( 'NONE',  ( -0.4906249999999999800, -0.05062499999999918500, 0.08768507213317487700 ) ) ;
#6882 = CARTESIAN_POINT ( 'NONE',  ( 0.2091346153846140300, -0.2541635836720405100, -3.112606192037848400E-017 ) ) ;
#6883 = CARTESIAN_POINT ( 'NONE',  ( -0.5023709607820774400, 0.1371779771414910800, 0.3749999999999997800 ) ) ;
#6884 = CARTESIAN_POINT ( 'NONE',  ( 0.8230769230769224800, 0.2000369959355130000, -0.06499595995471001100 ) ) ;
#6885 = CARTESIAN_POINT ( 'NONE',  ( 0.4192307692307683500, -0.06181483124778579900, -0.1902464884845768400 ) ) ;
#6886 = CARTESIAN_POINT ( 'NONE',  ( 1.229807692307692200, 0.07982748481806199700, -0.2456837358386569100 ) ) ;
#6887 = CARTESIAN_POINT ( 'NONE',  ( 0.4249999999999992700, 0.1618333292155423300, -0.1175787961237839500 ) ) ;
#6888 = CARTESIAN_POINT ( 'NONE',  ( 0.6249999999999994400, -0.2000369959355130500, -2.449746667834781800E-017 ) ) ;
#6889 = CARTESIAN_POINT ( 'NONE',  ( 0.1788461538461527400, 0.07725424859373679300, 0.2377641290737884100 ) ) ;
#6890 = AXIS2_PLACEMENT_3D ( 'NONE', #7022, #4139, #6944 ) ;
#6891 = CARTESIAN_POINT ( 'NONE',  ( 0.4076923076923067400, -0.2000369959355130000, -0.06499595995471003900 ) ) ;
#6892 = CARTESIAN_POINT ( 'NONE',  ( -0.5102947054543880400, 6.829619984160658000E-017, 0.0000000000000000000 ) ) ;
#6893 = CARTESIAN_POINT ( 'NONE',  ( 0.5788461538461532300, 0.1618333292155423300, -0.1175787961237839500 ) ) ;
#6894 = CARTESIAN_POINT ( 'NONE',  ( 0.2442307692307681100, 0.2500000000000000600, 0.08122992405822665500 ) ) ;
#6895 = DIRECTION ( 'NONE',  ( -1.000000000000000000, 0.0000000000000000000, 0.0000000000000000000 ) ) ;
#6896 = CARTESIAN_POINT ( 'NONE',  ( -0.4673076923076940900, -0.06181483124778584100, 0.1902464884845768100 ) ) ;
#6897 =( BOUNDED_CURVE ( )  B_SPLINE_CURVE ( 2, ( #4021, #6274, #3964, #3495, #1083, #1729, #1679, #5179, #1653, #3415, #3991, #6248, #2804 ),
 .UNSPECIFIED., .F., .F. ) 
 B_SPLINE_CURVE_WITH_KNOTS ( ( 3, 2, 2, 2, 2, 2, 3 ),
 ( 0.5305695287065994600, 0.5327434417500778200, 0.5370912678370343100, 0.5414390939239908100, 0.5457869200109473100, 0.5501347460979038000, 0.5523086591413821600 ),
 .UNSPECIFIED. ) 
 CURVE ( )  GEOMETRIC_REPRESENTATION_ITEM ( )  RATIONAL_B_SPLINE_CURVE ( ( 0.9755282581475767100, 0.9755282581475754900, 1.000000000000000000, 0.9510565162951534200, 1.000000000000000000, 0.9510565162951534200, 1.000000000000000000, 0.9510565162951534200, 1.000000000000000000, 0.9510565162951534200, 1.000000000000000000, 0.9755282581475761500, 0.9755282581475767100 ) ) 
 REPRESENTATION_ITEM ( '' )  );
#6898 = ADVANCED_FACE ( 'NONE', ( #1129 ), #5538, .T. ) ;
#6899 = CARTESIAN_POINT ( 'NONE',  ( 1.208996942737447400, -0.04724371673374316800, -0.2287810928869532500 ) ) ;
#6900 = VECTOR ( 'NONE', #5607, 39.37007874015748100 ) ;
#6901 = CARTESIAN_POINT ( 'NONE',  ( -0.5156250000000000000, -0.06036778579257417300, 0.08206007213317496900 ) ) ;
#6902 = CARTESIAN_POINT ( 'NONE',  ( -0.5127814584506406000, 0.06922003150077199500, -0.3750000000000000600 ) ) ;
#6903 = CARTESIAN_POINT ( 'NONE',  ( -0.2740384615384631700, -4.989601562057195500E-017, 0.2716212579567785500 ) ) ;
#6904 = CARTESIAN_POINT ( 'NONE',  ( -0.01250000000000129700, -0.1596549696361239700, -0.2197462137205352100 ) ) ;
#6905 = CARTESIAN_POINT ( 'NONE',  ( 0.5557692307692300200, 0.2022542485937368100, 0.1469463130731183400 ) ) ;
#6906 = ORIENTED_EDGE ( 'NONE', *, *, #4403, .F. ) ;
#6907 = CARTESIAN_POINT ( 'NONE',  ( 0.2826923076923068000, 0.2000369959355130000, 0.06499595995471006700 ) ) ;
#6908 = CARTESIAN_POINT ( 'NONE',  ( 0.1322115384615370200, -0.2541635836720405100, -3.112606192037848400E-017 ) ) ;
#6909 = CARTESIAN_POINT ( 'NONE',  ( -0.5156250000000000000, -0.3247595264191644500, 0.1874999999999999700 ) ) ;
#6910 = EDGE_CURVE ( 'NONE', #1143, #3541, #5848, .T. ) ;
#6911 = CARTESIAN_POINT ( 'NONE',  ( 0.7846153846153840500, -0.2000369959355130800, 0.06499595995470997000 ) ) ;
#6912 = CARTESIAN_POINT ( 'NONE',  ( 0.1307692307692295600, 0.2000369959355130000, -0.06499595995470999800 ) ) ;
#6913 = CARTESIAN_POINT ( 'NONE',  ( 1.191346153846153600, -0.07982748481806203900, 0.2456837358386569100 ) ) ;
#6914 = CARTESIAN_POINT ( 'NONE',  ( 0.2749999999999991300, 0.2000369959355130000, -0.06499595995470999800 ) ) ;
#6915 = CARTESIAN_POINT ( 'NONE',  ( -0.1639423076923094400, -0.1570817334117988200, -0.2162044579042725600 ) ) ;
#6916 = ORIENTED_EDGE ( 'NONE', *, *, #6662, .T. ) ;
#6917 = ORIENTED_EDGE ( 'NONE', *, *, #1582, .F. ) ;
#6918 = CARTESIAN_POINT ( 'NONE',  ( -0.5156250000000000000, -0.1443749999999976400, 0.2500648353427579700 ) ) ;
#6919 = CARTESIAN_POINT ( 'NONE',  ( 0.05769230769230644700, 0.2000369959355130500, 0.0000000000000000000 ) ) ;
#6920 = CARTESIAN_POINT ( 'NONE',  ( 0.6942307692307687600, -0.1618333292155423300, 0.1175787961237839400 ) ) ;
#6921 = CARTESIAN_POINT ( 'NONE',  ( 1.275000000000000400, 0.2000369959355130000, -0.06499595995470999800 ) ) ;
#6922 = AXIS2_PLACEMENT_3D ( 'NONE', #4426, #929, #334 ) ;
#6923 = CARTESIAN_POINT ( 'NONE',  ( -0.4557692307692325900, -0.2000369959355130200, 0.06499595995470997000 ) ) ;
#6924 = ORIENTED_EDGE ( 'NONE', *, *, #6342, .T. ) ;
#6925 = CARTESIAN_POINT ( 'NONE',  ( 1.203934938908104200, -0.1802431237728005800, -0.1564373355068594000 ) ) ;
#6926 = DIRECTION ( 'NONE',  ( 0.0000000000000000000, 0.8660254037844353800, -0.5000000000000055500 ) ) ;
#6927 = CARTESIAN_POINT ( 'NONE',  ( -0.5156250000000000000, 0.03438526787985391600, -0.3749999999999999400 ) ) ;
#6928 = CARTESIAN_POINT ( 'NONE',  ( -0.3625000000000016500, 0.2089910684901024900, 0.1518408992313406700 ) ) ;
#6929 = CARTESIAN_POINT ( 'NONE',  ( 0.01826923076922935100, 0.2583271673440810700, 0.08393558474214604700 ) ) ;
#6930 = CARTESIAN_POINT ( 'NONE',  ( -0.4857957059411694400, 0.2230015414744928600, -0.3637499999999999600 ) ) ;
#6931 = VERTEX_POINT ( 'NONE', #6186 ) ;
#6932 = CARTESIAN_POINT ( 'NONE',  ( 0.2019230769230759800, 0.2000369959355130500, 0.0000000000000000000 ) ) ;
#6933 = CARTESIAN_POINT ( 'NONE',  ( 0.2634615384615374700, -0.07725424859373689100, 0.2377641290737883800 ) ) ;
#6934 = CARTESIAN_POINT ( 'NONE',  ( 0.03221153846153698000, 0.07854086670589938100, 0.2417239324562226500 ) ) ;
#6935 = ADVANCED_FACE ( 'NONE', ( #3826 ), #5623, .T. ) ;
#6936 = LINE ( 'NONE', #1573, #3996 ) ;
#6937 = CARTESIAN_POINT ( 'NONE',  ( 0.9653846153846150600, 0.06181483124778582700, -0.1902464884845768100 ) ) ;
#6938 = CARTESIAN_POINT ( 'NONE',  ( 0.03076923076922956000, -0.1236296624955716100, -0.1701616322928578600 ) ) ;
#6939 = CARTESIAN_POINT ( 'NONE',  ( 1.006730769230768800, 0.2089910684901025400, -0.1518408992313406100 ) ) ;
#6940 = CARTESIAN_POINT ( 'NONE',  ( 0.2596153846153836900, 1.287908040090921300E-017, -0.2103313446762957200 ) ) ;
#6941 = CARTESIAN_POINT ( 'NONE',  ( -0.2293269230769247900, 0.07854086670589942300, -0.2417239324562225900 ) ) ;
#6942 = ADVANCED_BREP_SHAPE_REPRESENTATION ( '92979A467_Zinc-Plated Grade 5 Steel Flanged Hex Head Screws', ( #6578, #1445 ), #164 ) ;
#6943 = CIRCLE ( 'NONE', #6097, 0.5275490581377251200 ) ;
#6944 = DIRECTION ( 'NONE',  ( 0.0000000000000000000, 0.0000000000000000000, -1.000000000000000000 ) ) ;
#6945 = ORIENTED_EDGE ( 'NONE', *, *, #5295, .F. ) ;
#6946 = CARTESIAN_POINT ( 'NONE',  ( 0.1230769230769219200, 0.1236296624955716700, -0.1701616322928578600 ) ) ;
#6947 = CARTESIAN_POINT ( 'NONE',  ( 0.5423076923076912700, 0.07725424859373684900, -0.2377641290737883600 ) ) ;
#6948 = CARTESIAN_POINT ( 'NONE',  ( 0.6134615384615378400, -0.1236296624955716700, 0.1701616322928578600 ) ) ;
#6949 = ORIENTED_EDGE ( 'NONE', *, *, #1595, .T. ) ;
#6950 = CARTESIAN_POINT ( 'NONE',  ( 1.219230769230769300, 0.1618333292155423300, 0.1175787961237840100 ) ) ;
#6951 = LINE ( 'NONE', #6221, #1665 ) ;
#6952 = EDGE_CURVE ( 'NONE', #3291, #2253, #1937, .T. ) ;
#6953 = CC_DESIGN_DATE_AND_TIME_ASSIGNMENT ( #5967, #415, ( #2203 ) ) ;
#6954 = DIRECTION ( 'NONE',  ( 0.0000000000000000000, 0.8660254037844429300, 0.4999999999999928400 ) ) ;
#6955 = ORIENTED_EDGE ( 'NONE', *, *, #122, .T. ) ;
#6956 = CARTESIAN_POINT ( 'NONE',  ( -0.5156250000000000000, -0.05863573498500644600, -0.08306007213317415100 ) ) ;
#6957 = CARTESIAN_POINT ( 'NONE',  ( 1.250000000000000000, -0.2000369959355130500, -2.449746667834781800E-017 ) ) ;
#6958 = DIRECTION ( 'NONE',  ( -1.000000000000000000, 0.0000000000000000000, -0.0000000000000000000 ) ) ;
#6959 = CARTESIAN_POINT ( 'NONE',  ( 1.067307692307691800, 5.206953074701259500E-016, -0.2500000000000000600 ) ) ;
#6960 = CARTESIAN_POINT ( 'NONE',  ( 0.006730769230767787900, 0.2089910684901025400, -0.1518408992313406100 ) ) ;
#6961 = CYLINDRICAL_SURFACE ( 'NONE', #4769, 0.02249999999999996400 ) ;
#6962 = ORIENTED_EDGE ( 'NONE', *, *, #4781, .F. ) ;
#6963 = EDGE_CURVE ( 'NONE', #4249, #3614, #5803, .T. ) ;
#6964 = CARTESIAN_POINT ( 'NONE',  ( 0.2865384615384606900, 0.1618333292155423300, 0.1175787961237840100 ) ) ;
#6965 = CARTESIAN_POINT ( 'NONE',  ( 0.2788461538461528000, -0.2500000000000000000, -3.061616997868382400E-017 ) ) ;
#6966 = CARTESIAN_POINT ( 'NONE',  ( 0.1437499999999985500, -0.1570817334117988200, -0.2162044579042725600 ) ) ;
#6967 = CARTESIAN_POINT ( 'NONE',  ( -0.5156250000000000000, -1.024442997624098700E-016, 0.3749999999999998300 ) ) ;
#6968 = CARTESIAN_POINT ( 'NONE',  ( 0.7307692307692302800, 1.287908040090921200E-017, -0.2103313446762957200 ) ) ;
#6969 = FACE_OUTER_BOUND ( 'NONE', #2115, .T. ) ;
#6970 = CARTESIAN_POINT ( 'NONE',  ( 0.1461538461538450200, 0.1236296624955716000, 0.1701616322928579100 ) ) ;
#6971 = CARTESIAN_POINT ( 'NONE',  ( 0.7913461538461532600, 0.2089910684901024900, 0.1518408992313406700 ) ) ;
#6972 = CARTESIAN_POINT ( 'NONE',  ( 0.2403846153846144200, -0.2000369959355130500, -2.449746667834781800E-017 ) ) ;
#6973 = CARTESIAN_POINT ( 'NONE',  ( -0.1331730769230785000, 0.2541635836720405100, 0.08258275440018635100 ) ) ;
#6974 = CARTESIAN_POINT ( 'NONE',  ( 0.08653846153846155000, -0.1505534522682777900, 0.1323775551821128900 ) ) ;
#6975 = CARTESIAN_POINT ( 'NONE',  ( 0.1884615384615374000, -0.06181483124778579900, -0.1902464884845768400 ) ) ;
#6976 = CARTESIAN_POINT ( 'NONE',  ( -0.1012136957216079700, 0.2035159698893429800, -0.3749999999999999400 ) ) ;
#6977 = CARTESIAN_POINT ( 'NONE',  ( 1.163461538461538500, -0.2000369959355130500, -2.449746667834781800E-017 ) ) ;
#6978 = CARTESIAN_POINT ( 'NONE',  ( -0.3942307692307707200, -3.863724120272764700E-017, 0.2103313446762957200 ) ) ;
#6979 = CARTESIAN_POINT ( 'NONE',  ( -0.5156250000000000000, 6.829619984160658000E-017, 0.0000000000000000000 ) ) ;
#6980 = CARTESIAN_POINT ( 'NONE',  ( 1.280769230769230700, 0.1618333292155423300, -0.1175787961237839500 ) ) ;
#6981 = CARTESIAN_POINT ( 'NONE',  ( -0.5156250000000000000, -0.1443750000000011700, -0.2500648353427560300 ) ) ;
#6982 = CARTESIAN_POINT ( 'NONE',  ( 0.05505461579878240300, 0.03078010263967644700, 0.2165673918363185700 ) ) ;
#6983 = CARTESIAN_POINT ( 'NONE',  ( 0.3865867031364159700, 0.03959611008113211200, -0.2500000000000006100 ) ) ;
#6984 = CARTESIAN_POINT ( 'NONE',  ( 0.2903846153846144100, 0.1236296624955716000, 0.1701616322928579100 ) ) ;
#6985 = CARTESIAN_POINT ( 'NONE',  ( 0.01704511563180430600, 0.1156404513175090900, 0.2108241353658650300 ) ) ;
#6986 = CARTESIAN_POINT ( 'NONE',  ( 0.8249999999999994000, -0.2022542485937368100, -0.1469463130731182800 ) ) ;
#6987 = CARTESIAN_POINT ( 'NONE',  ( 0.08846153846153705100, 0.2022542485937368600, -0.1469463130731182600 ) ) ;
#6988 = CARTESIAN_POINT ( 'NONE',  ( 0.5230769230769222200, 0.2000369959355130000, 0.06499595995471006700 ) ) ;
#6989 = CARTESIAN_POINT ( 'NONE',  ( -0.01153846153846292900, 0.1618333292155423300, 0.1175787961237840100 ) ) ;
#6990 = CARTESIAN_POINT ( 'NONE',  ( 1.010576923076922400, 0.2583271673440810700, -0.08393558474214596300 ) ) ;
#6991 = CARTESIAN_POINT ( 'NONE',  ( 0.1942307692307681800, 0.1618333292155423300, -0.1175787961237839500 ) ) ;
#6992 = CARTESIAN_POINT ( 'NONE',  ( -0.1024038461538478400, -0.2541635836720405600, 0.08258275440018624000 ) ) ;
#6993 = CARTESIAN_POINT ( 'NONE',  ( -0.1012136957216079300, 0.2230015414744928300, -0.3637500000000000700 ) ) ;
#6994 = AXIS2_PLACEMENT_3D ( 'NONE', #2149, #7227, #3821 ) ;
#6995 = CARTESIAN_POINT ( 'NONE',  ( 0.1461538461538450200, 0.1236296624955716000, 0.1701616322928579100 ) ) ;
#6996 = CARTESIAN_POINT ( 'NONE',  ( 0.5749517584020434900, 0.03959611008113501200, 0.2499999999999996900 ) ) ;
#6997 = CARTESIAN_POINT ( 'NONE',  ( 1.074999999999999500, -0.1236296624955716800, 0.1701616322928578300 ) ) ;
#6998 = ORIENTED_EDGE ( 'NONE', *, *, #817, .F. ) ;
#6999 = CARTESIAN_POINT ( 'NONE',  ( 1.180769230769230600, -0.1618333292155423300, -0.1175787961237840000 ) ) ;
#7000 = EDGE_LOOP ( 'NONE', ( #2922, #6213, #7329, #7381 ) ) ;
#7001 = CARTESIAN_POINT ( 'NONE',  ( 1.241309916872138900, -0.2000369959355130500, -0.01563662319156508200 ) ) ;
#7002 = DIRECTION ( 'NONE',  ( -1.000000000000000000, -0.0000000000000000000, 0.0000000000000000000 ) ) ;
#7003 = ORIENTED_EDGE ( 'NONE', *, *, #2162, .F. ) ;
#7004 = CARTESIAN_POINT ( 'NONE',  ( 1.180769230769230600, -0.1618333292155423300, -0.1175787961237840000 ) ) ;
#7005 = EDGE_CURVE ( 'NONE', #501, #510, #5974, .T. ) ;
#7006 = ORIENTED_EDGE ( 'NONE', *, *, #6952, .F. ) ;
#7007 = CARTESIAN_POINT ( 'NONE',  ( -0.5031249999999999300, 6.829619984160658000E-017, 0.0000000000000000000 ) ) ;
#7008 = CARTESIAN_POINT ( 'NONE',  ( 0.8826923076923073300, -0.1545084971874737300, 0.2126627020880099700 ) ) ;
#7009 = CARTESIAN_POINT ( 'NONE',  ( 1.218909462322066400, 0.1964224149585746000, -0.1066625251758565700 ) ) ;
#7010 = CARTESIAN_POINT ( 'NONE',  ( 0.4134615384615377100, 1.287908040090921300E-017, -0.2103313446762957200 ) ) ;
#7011 = CARTESIAN_POINT ( 'NONE',  ( 1.174519230769230300, 0.2541635836720405100, 0.08258275440018635100 ) ) ;
#7012 = ORIENTED_EDGE ( 'NONE', *, *, #3815, .T. ) ;
#7013 = CARTESIAN_POINT ( 'NONE',  ( 0.3230769230769219300, 0.2499999999999999200, -0.08122992405822653000 ) ) ;
#7014 = EDGE_CURVE ( 'NONE', #7217, #4533, #6174, .T. ) ;
#7015 = ORIENTED_EDGE ( 'NONE', *, *, #1169, .T. ) ;
#7016 = CARTESIAN_POINT ( 'NONE',  ( 0.5076923076923070000, 0.1236296624955716500, -0.1701616322928578600 ) ) ;
#7017 = CARTESIAN_POINT ( 'NONE',  ( 0.01153846153846019600, -0.1618333292155423300, 0.1175787961237839400 ) ) ;
#7018 = CARTESIAN_POINT ( 'NONE',  ( 0.8605769230769225700, 0.2583271673440810700, 0.0000000000000000000 ) ) ;
#7019 = CARTESIAN_POINT ( 'NONE',  ( 0.2134615384615375400, 0.1236296624955716000, 0.1701616322928579100 ) ) ;
#7020 = CARTESIAN_POINT ( 'NONE',  ( -0.07932692307692475200, 1.636393914928959700E-017, -0.2672434070081726200 ) ) ;
#7021 = ORIENTED_EDGE ( 'NONE', *, *, #4544, .T. ) ;
#7022 = CARTESIAN_POINT ( 'NONE',  ( 1.250000000000000000, 0.0000000000000000000, 0.0000000000000000000 ) ) ;
#7023 = CARTESIAN_POINT ( 'NONE',  ( 0.1384615384615373600, 0.2000369959355130000, 0.06499595995471008100 ) ) ;
#7024 = DIRECTION ( 'NONE',  ( -0.0000000000000000000, 0.5000000000000040000, 0.8660254037844362700 ) ) ;
#7025 = CARTESIAN_POINT ( 'NONE',  ( 1.174999999999999800, -0.1236296624955716100, -0.1701616322928578600 ) ) ;
#7026 = CARTESIAN_POINT ( 'NONE',  ( 1.023076923076922600, -0.2000369959355130000, -0.06499595995471003900 ) ) ;
#7027 = TOROIDAL_SURFACE ( 'NONE', #6922, 0.3134877234128604100, 0.01250000000000000100 ) ;
#7028 = DIRECTION ( 'NONE',  ( 0.0000000000000000000, 0.0000000000000000000, 1.000000000000000000 ) ) ;
#7029 = PLANE ( 'NONE',  #4348 ) ;
#7030 = CARTESIAN_POINT ( 'NONE',  ( 1.003846153846153600, -0.06181483124778584100, 0.1902464884845768100 ) ) ;
#7031 = APPROVAL_PERSON_ORGANIZATION ( #4368, #6048, #1497 ) ;
#7032 = CARTESIAN_POINT ( 'NONE',  ( 1.250000000000000000, 3.061616997868383000E-017, -0.2500000000000000000 ) ) ;
#7033 = CARTESIAN_POINT ( 'NONE',  ( 0.8269230769230763200, -0.2499999999999999700, -3.061616997868382400E-017 ) ) ;
#7034 = ORIENTED_EDGE ( 'NONE', *, *, #2985, .F. ) ;
#7035 = CARTESIAN_POINT ( 'NONE',  ( 1.221958185416785800, 0.2195012053193277900, -0.02403468717670009100 ) ) ;
#7036 = CARTESIAN_POINT ( 'NONE',  ( 0.4057692307692298300, -0.1236296624955716100, -0.1701616322928578600 ) ) ;
#7037 = CARTESIAN_POINT ( 'NONE',  ( 0.9154328569825708200, 0.03959611008113408200, -0.2500000000000000000 ) ) ;
#7038 = CARTESIAN_POINT ( 'NONE',  ( 1.205288461538461100, -0.2541635836720405600, 0.08258275440018624000 ) ) ;
#7039 =( BOUNDED_CURVE ( )  B_SPLINE_CURVE ( 2, ( #6542, #869, #3705, #1447, #2564, #4337, #1353, #3681, #4844, #3730, #6525, #798, #845 ),
 .UNSPECIFIED., .F., .T. ) 
 B_SPLINE_CURVE_WITH_KNOTS ( ( 3, 2, 2, 2, 2, 2, 3 ),
 ( 0.6610043145316721900, 0.6631782275751505500, 0.6675260536621070400, 0.6718738797490635400, 0.6762217058360200400, 0.6805695319229765300, 0.6827434449664547800 ),
 .UNSPECIFIED. ) 
 CURVE ( )  GEOMETRIC_REPRESENTATION_ITEM ( )  RATIONAL_B_SPLINE_CURVE ( ( 0.9755282581475768200, 0.9755282581475754900, 1.000000000000000000, 0.9510565162951535300, 1.000000000000000000, 0.9510565162951535300, 1.000000000000000000, 0.9510565162951535300, 1.000000000000000000, 0.9510565162951535300, 1.000000000000000000, 0.9755282581475768200, 0.9755282581475768200 ) ) 
 REPRESENTATION_ITEM ( '' )  );
#7040 = CIRCLE ( 'NONE', #2833, 0.1923076923076925100 ) ;
#7041 = CARTESIAN_POINT ( 'NONE',  ( 0.6615384615384610800, 0.1236296624955716500, -0.1701616322928578600 ) ) ;
#7042 = CARTESIAN_POINT ( 'NONE',  ( -0.1576923076923092100, 0.06181483124778577900, 0.1902464884845768400 ) ) ;
#7043 = CARTESIAN_POINT ( 'NONE',  ( 0.8298076923076916900, -0.2089910684901024900, -0.1518408992313406400 ) ) ;
#7044 = ORIENTED_EDGE ( 'NONE', *, *, #964, .F. ) ;
#7045 = CARTESIAN_POINT ( 'NONE',  ( 0.08269230769230659400, -0.2000369959355130200, 0.06499595995470997000 ) ) ;
#7046 = CARTESIAN_POINT ( 'NONE',  ( -0.2870192307692325300, 0.2541635836720405100, 0.08258275440018635100 ) ) ;
#7047 = CONICAL_SURFACE ( 'NONE', #1394, 0.3749999999999999400, 1.047197551196600100 ) ;
#7048 = CARTESIAN_POINT ( 'NONE',  ( 0.9903846153846150900, -3.863724120272764700E-017, 0.2103313446762957200 ) ) ;
#7049 = ORIENTED_EDGE ( 'NONE', *, *, #2348, .F. ) ;
#7050 = CARTESIAN_POINT ( 'NONE',  ( 1.196153846153846100, 0.06181483124778582700, -0.1902464884845768100 ) ) ;
#7051 = ADVANCED_FACE ( 'NONE', ( #4822 ), #3286, .T. ) ;
#7052 = PRODUCT_RELATED_PRODUCT_CATEGORY ( 'detail', '', ( #5225 ) ) ;
#7053 = CIRCLE ( 'NONE', #6743, 0.01250000000000000200 ) ;
#7054 = CARTESIAN_POINT ( 'NONE',  ( 0.5961538461538452600, -0.2499999999999999700, -3.061616997868382400E-017 ) ) ;
#7055 = CARTESIAN_POINT ( 'NONE',  ( 0.2057692307692296800, -0.2500000000000000600, -0.08122992405822662700 ) ) ;
#7056 = ORIENTED_EDGE ( 'NONE', *, *, #4531, .F. ) ;
#7057 = CARTESIAN_POINT ( 'NONE',  ( 1.049999999999999800, 0.1618333292155423300, -0.1175787961237839500 ) ) ;
#7058 = CARTESIAN_POINT ( 'NONE',  ( -0.5156250000000000000, -0.04261426501499307500, 0.09231007213317478400 ) ) ;
#7059 = CARTESIAN_POINT ( 'NONE',  ( 1.105769230769230800, -4.813149900984358400E-017, 0.2499999999999999700 ) ) ;
#7060 = CARTESIAN_POINT ( 'NONE',  ( -0.5156250000000000000, 0.1012499999999999900, 2.540244873984488400E-018 ) ) ;
#7061 = EDGE_CURVE ( 'NONE', #5368, #1640, #5178, .T. ) ;
#7062 = FACE_OUTER_BOUND ( 'NONE', #5371, .T. ) ;
#7063 = CARTESIAN_POINT ( 'NONE',  ( 1.230723226784506300, 0.1107653455271291100, 0.1808412588925906700 ) ) ;
#7064 = EDGE_CURVE ( 'NONE', #6508, #3291, #1755, .T. ) ;
#7065 = CARTESIAN_POINT ( 'NONE',  ( 0.3557692307692298900, 0.2000369959355130500, 0.0000000000000000000 ) ) ;
#7066 = CARTESIAN_POINT ( 'NONE',  ( 1.201442307692307300, -0.2056226585419196600, 0.1493936061522294100 ) ) ;
#7067 = CARTESIAN_POINT ( 'NONE',  ( 0.5884615384615378100, 0.1618333292155423300, -0.1175787961237839500 ) ) ;
#7068 = CARTESIAN_POINT ( 'NONE',  ( -0.1500000000000014100, -0.06181483124778584100, 0.1902464884845768100 ) ) ;
#7069 = CARTESIAN_POINT ( 'NONE',  ( 0.5759615384615375300, -0.07982748481806203900, 0.2456837358386569100 ) ) ;
#7070 = CARTESIAN_POINT ( 'NONE',  ( 0.1865384615384605100, 0.06181483124778582700, -0.1902464884845768100 ) ) ;
#7071 = ORIENTED_EDGE ( 'NONE', *, *, #6562, .F. ) ;
#7072 = CARTESIAN_POINT ( 'NONE',  ( -0.4408653846153866000, 0.2541635836720405100, 0.08258275440018635100 ) ) ;
#7073 = CARTESIAN_POINT ( 'NONE',  ( 0.08653846153846146700, -0.1895235388186936300, 0.06433275921328274200 ) ) ;
#7074 = DIRECTION ( 'NONE',  ( -1.000000000000000000, -0.0000000000000000000, -0.0000000000000000000 ) ) ;
#7075 = CARTESIAN_POINT ( 'NONE',  ( 1.186538461538461500, 0.06181483124778582700, -0.1902464884845768100 ) ) ;
#7076 = CARTESIAN_POINT ( 'NONE',  ( 1.096153846153846000, -0.2000369959355130500, -2.449746667834781800E-017 ) ) ;
#7077 = CARTESIAN_POINT ( 'NONE',  ( -0.4841429134756534100, -0.4295283873004675000, -0.003983554493594687100 ) ) ;
#7078 = CARTESIAN_POINT ( 'NONE',  ( 0.9538461538461532300, -0.1236296624955716100, -0.1701616322928578600 ) ) ;
#7079 = DIRECTION ( 'NONE',  ( -1.000000000000000000, 0.0000000000000000000, 0.0000000000000000000 ) ) ;
#7080 = CARTESIAN_POINT ( 'NONE',  ( 0.7615867031364166300, 0.03959611008113211200, -0.2500000000000006700 ) ) ;
#7081 = CARTESIAN_POINT ( 'NONE',  ( 1.111538461538461400, -0.06181483124778579900, -0.1902464884845768400 ) ) ;
#7082 = CARTESIAN_POINT ( 'NONE',  ( 0.3846153846153834700, 1.750236327630675500E-017, -0.2499999999999999700 ) ) ;
#7083 = CONICAL_SURFACE ( 'NONE', #3954, 0.3375000000000000200, 0.6108652381980167500 ) ;
#7084 = CARTESIAN_POINT ( 'NONE',  ( 0.04038461538461410300, 0.1618333292155423300, -0.1175787961237839500 ) ) ;
#7085 = CARTESIAN_POINT ( 'NONE',  ( 1.128365384615384300, -0.2541635836720405600, 0.08258275440018624000 ) ) ;
#7086 = CARTESIAN_POINT ( 'NONE',  ( 0.08076923076922924700, 0.07725424859373684900, -0.2377641290737883600 ) ) ;
#7087 = CARTESIAN_POINT ( 'NONE',  ( 0.3615384615384606400, 0.2000369959355130000, -0.06499595995471001100 ) ) ;
#7088 = CARTESIAN_POINT ( 'NONE',  ( -0.1076923076923091800, 0.1236296624955716700, -0.1701616322928578600 ) ) ;
#7089 = CARTESIAN_POINT ( 'NONE',  ( 0.5490384615384607000, 0.2583271673440810700, -0.08393558474214596300 ) ) ;
#7090 = CARTESIAN_POINT ( 'NONE',  ( 0.1442307692307681600, -3.863724120272764700E-017, 0.2103313446762957200 ) ) ;
#7091 = CARTESIAN_POINT ( 'NONE',  ( -0.3985576923076941700, -0.2056226585419196300, -0.1493936061522294400 ) ) ;
#7092 = TOROIDAL_SURFACE ( 'NONE', #6263, 0.009249999999999999500, 0.002000000000000000000 ) ;
#7093 = EDGE_CURVE ( 'NONE', #5815, #2443, #2288, .T. ) ;
#7094 = CARTESIAN_POINT ( 'NONE',  ( 0.9326923076923073800, -0.2000369959355130500, -2.449746667834781800E-017 ) ) ;
#7095 = CARTESIAN_POINT ( 'NONE',  ( 1.111538461538461400, -0.06181483124778579900, -0.1902464884845768400 ) ) ;
#7096 = ORIENTED_EDGE ( 'NONE', *, *, #5054, .F. ) ;
#7097 = ORIENTED_EDGE ( 'NONE', *, *, #396, .F. ) ;
#7098 = CARTESIAN_POINT ( 'NONE',  ( 0.2980769230769220200, 1.312677245723006800E-017, -0.2499999999999999700 ) ) ;
#7099 = CARTESIAN_POINT ( 'NONE',  ( 1.061538461538461100, 0.2000369959355130000, 0.06499595995471008100 ) ) ;
#7100 = CARTESIAN_POINT ( 'NONE',  ( -0.4857957059411695500, -0.2035159698893451400, -0.3749999999999999400 ) ) ;
#7101 = CARTESIAN_POINT ( 'NONE',  ( 0.02304543525231229900, 0.2254675230290553200, -0.07363140173520149600 ) ) ;
#7102 = CARTESIAN_POINT ( 'NONE',  ( 1.065384615384615200, 0.1618333292155423300, 0.1175787961237840100 ) ) ;
#7103 = ORIENTED_EDGE ( 'NONE', *, *, #6060, .T. ) ;
#7104 = CARTESIAN_POINT ( 'NONE',  ( 0.05690681926550543400, 0.1399555726496486700, -0.1666016902260805400 ) ) ;
#7105 = CARTESIAN_POINT ( 'NONE',  ( 0.07884615384615269200, -0.1618333292155423300, 0.1175787961237839400 ) ) ;
#7106 = CARTESIAN_POINT ( 'NONE',  ( 0.9937499999999994700, -0.07854086670589939500, -0.2417239324562226500 ) ) ;
#7107 = CARTESIAN_POINT ( 'NONE',  ( 1.209823057531546500, -0.1325726895004323800, 0.1914884478799516700 ) ) ;
#7108 = EDGE_CURVE ( 'NONE', #5823, #144, #5442, .T. ) ;
#7109 = EDGE_LOOP ( 'NONE', ( #5778, #6149, #1760, #6845 ) ) ;
#7110 = CARTESIAN_POINT ( 'NONE',  ( 0.2769230769230759400, 0.1236296624955716500, -0.1701616322928578600 ) ) ;
#7111 = CARTESIAN_POINT ( 'NONE',  ( -0.1038461538461551600, 0.1618333292155423300, -0.1175787961237839500 ) ) ;
#7112 = CARTESIAN_POINT ( 'NONE',  ( 0.7528846153846148200, -0.2089910684901024900, -0.1518408992313406400 ) ) ;
#7113 = CARTESIAN_POINT ( 'NONE',  ( -0.04038461538461656000, 0.1236296624955716700, -0.1701616322928578600 ) ) ;
#7114 = CARTESIAN_POINT ( 'NONE',  ( -0.4524038461538482100, 0.2056226585419196600, -0.1493936061522294400 ) ) ;
#7115 = VECTOR ( 'NONE', #2622, 39.37007874015748100 ) ;
#7116 = CARTESIAN_POINT ( 'NONE',  ( 0.3481251646748773600, -0.03959611008113311100, 0.2500000000000002200 ) ) ;
#7117 = CARTESIAN_POINT ( 'NONE',  ( 0.9173076923076920500, -0.06181483124778584100, 0.1902464884845768100 ) ) ;
#7118 = CARTESIAN_POINT ( 'NONE',  ( 0.8884615384615380800, 0.06181483124778582700, -0.1902464884845768100 ) ) ;
#7119 = ADVANCED_FACE ( 'NONE', ( #2383 ), #4855, .T. ) ;
#7120 = CARTESIAN_POINT ( 'NONE',  ( 1.159615384615384300, -0.2000369959355130200, 0.06499595995470997000 ) ) ;
#7121 = VERTEX_POINT ( 'NONE', #1150 ) ;
#7122 = CARTESIAN_POINT ( 'NONE',  ( 0.8076923076923071500, 1.287908040090921300E-017, -0.2103313446762957200 ) ) ;
#7123 = CARTESIAN_POINT ( 'NONE',  ( -0.5031249999999999300, 6.829619984160658000E-017, 0.0000000000000000000 ) ) ;
#7124 = CARTESIAN_POINT ( 'NONE',  ( 1.230769230769230400, -3.863724120272764700E-017, 0.2103313446762957200 ) ) ;
#7125 =( BOUNDED_SURFACE ( )  B_SPLINE_SURFACE ( 1, 2, ( 
 ( #3575, #3051, #176, #1343, #6492, #4713, #1269, #4157, #6425, #248, #3075, #7038, #7066, #5909, #3024, #719, #221, #5284, #1839, #7011, #5858, #5379, #1935, #4232, #4739, #5883, #787, #1291, #5304, #5947, #2434, #7085, #6447, #4764, #3621, #4182, #739, #2511, #1319, #5328, #3673, #199, #4211, #5356, #3773, #1387, #1437, #6018, #2554, #3196, #908, #4935, #3746, #6552, #2629, #5425, #4907, #4854, #3146, #319, #4328, #2057, #339, #6605, #7131, #7178, #7106, #6628, #4280, #2579, #7156, #887, #1489, #4353, #5507, #1462, #6068, #3719, #5480, #2031, #6040, #3795, #3223, #292, #5401, #5973, #4307, #6582, #7204, #2603, #363, #810, #5456, #4833, #858, #3170, #1961, #5996, #2528, #6534, #3122, #4881, #2008, #3693, #272, #832, #1412, #1982, #3338, #2677, #7322, #5577, #936, #2148, #1008, #6138, #1531, #405, #2655, #4432, #4482, #3316, #1554, #1031, #7225, #5557, #6651, #3915, #3245, #2126, #3266, #434, #1578, #4381, #4954, #3820, #2081, #1515, #6166, #2697, #6718, #6695, #6673, #383, #2722, #5531, #6091, #7245, #4412, #5051, #1604, #3889, #961, #2101, #7295, #4981, #6111, #5628, #3843, #2751, #988, #5005, #3293, #7270, #3867, #2172, #4456, #5029, #455, #5604, #6190, #6745, #1081, #476, #6772, #3364, #6219, #5108, #1651, #5672, #3940, #2197, #2224, #2775, #503, #5651, #7348, #4528, #4505, #1057, #5081, #1624, #7332, #3401, #3899, #3420, #1042, #6781, #3948, #4539, #5708, #3973, #5134, #5117, #7379, #6754, #513, #2233, #5683, #559, #4567, #3924, #5612, #2732, #486, #3374, #1110, #1089, #1685, #6255, #5660, #535, #1066, #2784, #1658, #2761, #6279, #2811, #2255, #4513, #2208, #3349, #1634, #461, #6802, #2838, #3998, #5091, #4590, #6229, #1589, #6829, #7403, #7358, #2181, #5038, #3323, #2156, #6177, #6729, #7304, #4492, #5063, #6200, #1612, #5636, #3446, #6352, #41, #4671, #5810, #692, #1137, #15, #6299, #4132, #6375, #2919, #3525, #2334, #6882, #6856, #2948, #1708, #5157, #3473, #5738, #1246, #1812, #665, #2279, #2308, #99, #2867, #1162, #5257, #4028, #6966, #589, #1189, #6908, #4616, #2891, #5836, #5186, #4640, #4106, #4079, #642, #2359, #4691, #1736, #1763, #3501, #4051, #2390, #6401, #2972, #1217, #617, #3548, #5758, #5233, #6326, #5212, #1789, #6934, #120, #5784, #72, #6119, #632, #1224, #6381, #4722, #1846, #2420, #3601, #1874, #3032, #3006, #1299, #4697, #5864, #154, #3583, #5917, #2442, #5265, #3508, #651, #1819, #1276, #6453, #6431, #7020, #4162, #3555, #5891, #6409, #699, #6992, #673, #4189, #726, #183, #5843, #128, #1253, #6973, #1796, #4748, #745, #1893, #2397, #2470, #4138, #6915, #5311, #4771, #5290, #105, #2979, #1327, #5336, #2927, #80, #4086, #5817, #4115, #5240, #4677, #2369, #2956, #6941, #3531, #3700, #6022, #6475, #1349, #4218, #2013, #4288, #4264, #1419, #254, #4814, #4791, #840, #7046, #3059, #1370, #3629, #6560, #7139, #6001, #206, #230, #5432, #768, #6501, #3153, #5364, #4888, #5937, #6522, #816, #1917, #794, #3725, #2495, #2516, #1989, #1967, #5981, #278, #2561, #3082, #7091, #4841, #5387, #297, #4313, #865, #2537, #1943, #1442, #3654, #3130, #7072, #5956, #6540, #7114, #5462, #4239, #4863, #3107, #3680, #1396, #5408, #7162, #5485, #2037, #6045, #7185, #3202, #3778, #2609, #6609, #4333, #344 ),
 ( #325, #6589, #892, #2584, #4359, #3179, #3753, #4913, #1470, #6618, #4369, #1503, #3211, #1452, #7148, #2643, #2068, #4947, #874, #2049, #5520, #2594, #6597, #4343, #4969, #6083, #1479, #950, #7194, #3809, #3786, #7120, #5471, #5493, #6641, #3234, #900, #354, #3735, #923, #850, #1429, #7216, #372, #3710, #4398, #1525, #5545, #308, #7169, #283, #2020, #2092, #4923, #6103, #2668, #6056, #6031, #3187, #6661, #4297, #4870, #2618, #5443, #3763, #1998, #6009, #2569, #6571, #3162, #4320, #4898, #330, #7310, #5591, #2186, #3354, #3931, #6686, #7258, #2113, #3879, #447, #6707, #3256, #1072, #3327, #2789, #4993, #5042, #7237, #2138, #466, #1540, #4496, #1046, #1019, #394, #5617, #3306, #5640, #6181, #7283, #4471, #1596, #2161, #2738, #5019, #6733, #3905, #2216, #7338, #2711, #5665, #6760, #1615, #5068, #6207, #6235, #4445, #6125, #2766, #492, #4519, #5097, #1639, #3831, #4422, #1567, #977, #6153, #5570, #2686, #3278, #3857, #421, #999, #6307, #4035, #1171, #2873, #1115, #6810, #2317, #1743, #4622, #541, #1715, #5194, #2259, #6283, #4007, #4649, #5766, #1145, #623, #6864, #3483, #3453, #6786, #5139, #5166, #6333, #2898, #565, #24, #3406, #596, #520, #1094, #6888, #49, #3381, #4058, #1194, #5218, #7385, #6835, #7363, #1692, #1772, #4597, #5791, #2341, #5745, #5714, #2848, #6359, #3953, #4546, #2287, #5122, #3427, #1664, #5689, #2238, #6262, #2817, #3978, #4573, #7409, #6469, #1289, #4785, #5354, #690, #1267, #3546, #5302, #1865, #717, #4690, #2487, #4763, #4231, #6399, #6445, #1244, #3573, #1885, #2970, #5907, #2461, #2432, #1810, #7010, #4737, #7036, #174, #5881, #3022, #3594, #4180, #738, #6423, #1318, #5326, #3645, #1341, #4155, #7065, #759, #3049, #3619, #198, #220, #5856, #118, #4210, #1908, #5929, #6490, #3074, #5255, #5834, #2996, #2388, #6984, #6964, #4130, #4711, #5282, #1837, #2412, #146, #5455, #2578, #291, #2527, #809, #3745, #3169, #6017, #1960, #3145, #6581, #3692, #271, #5424, #6039, #7155, #2553, #2030, #4306, #4906, #4880, #786, #6533, #6551, #318, #4327, #1981, #1436, #4832, #2007, #1934, #2510, #886, #857, #4806, #1461, #2602, #5479, #1386, #831, #1362, #3121, #6604, #5995, #3195, #7177, #7130, #7105, #4279, #3772, #338, #5378, #3718, #5946, #4853, #6516, #3099, #7084, #3672, #247, #4255, #5400, #5972, #1411, #6137, #960, #4455, #5028, #362, #935, #3222, #4980, #1530, #382, #4352, #2147, #4431, #3888, #6067, #6110, #907, #3243, #1553, #2628, #5576, #2125, #2100, #1488, #6672, #4411, #6694, #7244, #5556, #2676, #3265, #3842, #404, #6090, #987, #5004, #3315, #1007, #3819, #6717, #433, #2696, #3292, #7269, #7294, #5530, #7203, #3866, #1577, #5603, #6165, #2721, #4934, #5506, #2654, #2056, #6650, #6627, #3794, #4380, #4953, #1514, #2080, #7224, #5129, #2246, #7374, #2196, #475, #3413, #2827, #5699, #1623, #2799, #6270, #3363, #7347, #5107, #5724, #6819, #2223, #1699, #3961, #4582, #4556, #454, #6218, #6245, #7395, #3988, #1650, #1101, #4504, #1676, #1603, #2171, #549, #527, #4481, #1125, #2270, #5146, #1056, #502, #1030, #2774, #6289, #5671, #2857, #6846, #6793, #6771, #3939, #3436, #6, #5050, #3394, #5627, #4527, #6188, #2750, #6744, #3337, #7321, #3914, #5080, #5650, #1080, #5829, #633, #4125, #4705 ) ),
 .UNSPECIFIED., .F., .F., .T. ) 
 B_SPLINE_SURFACE_WITH_KNOTS ( ( 2, 2 ),
 ( 3, 2, 2, 2, 2, 2, 2, 2, 2, 2, 2, 2, 2, 2, 2, 2, 2, 2, 2, 2, 2, 2, 2, 2, 2, 2, 2, 2, 2, 2, 2, 2, 2, 2, 2, 2, 2, 2, 2, 2, 2, 2, 2, 2, 2, 2, 2, 2, 2, 2, 2, 2, 2, 2, 2, 2, 2, 2, 2, 2, 2, 2, 2, 2, 2, 2, 2, 2, 2, 2, 2, 2, 2, 2, 2, 2, 2, 2, 2, 2, 2, 2, 2, 2, 2, 2, 2, 2, 2, 2, 2, 2, 2, 2, 2, 2, 2, 2, 2, 2, 2, 2, 2, 2, 2, 2, 2, 2, 2, 2, 2, 2, 2, 2, 2, 2, 2, 2, 2, 2, 2, 2, 2, 2, 2, 2, 2, 2, 2, 2, 2, 2, 2, 2, 2, 2, 2, 2, 2, 2, 2, 2, 2, 2, 2, 2, 2, 2, 2, 2, 2, 2, 2, 2, 2, 2, 2, 2, 2, 2, 2, 2, 2, 2, 2, 2, 2, 2, 2, 2, 2, 2, 2, 2, 2, 2, 2, 2, 2, 2, 2, 2, 2, 2, 2, 2, 2, 2, 2, 2, 2, 2, 2, 2, 2, 2, 2, 2, 2, 2, 2, 2, 2, 2, 2, 2, 2, 2, 2, 2, 2, 2, 2, 2, 2, 2, 2, 2, 2, 2, 2, 2, 2, 2, 2, 2, 2, 2, 2, 2, 3 ),
 ( 0.0000000000000000000, 1.000000000000000000 ),
 ( 0.0000000000000000000, 0.004347826086956521800, 0.008695652173913043600, 0.01304347826086956500, 0.01739130434782608700, 0.02173913043478260800, 0.02608695652173912900, 0.03043478260869565300, 0.03478260869565217400, 0.03913043478260869900, 0.04347826086956521600, 0.04782608695652174100, 0.05217391304347825800, 0.05652173913043478200, 0.06086956521739130700, 0.06521739130434782400, 0.06956521739130434900, 0.07391304347826087300, 0.07826086956521739700, 0.08260869565217390800, 0.08695652173913043200, 0.09130434782608695700, 0.09565217391304348100, 0.1000000000000000100, 0.1043478260869565200, 0.1086956521739130400, 0.1130434782608695600, 0.1173913043478260900, 0.1217391304347826100, 0.1260869565217391200, 0.1304347826086956500, 0.1347826086956521700, 0.1391304347826087000, 0.1434782608695652200, 0.1478260869565217500, 0.1521739130434782700, 0.1565217391304347900, 0.1608695652173912900, 0.1652173913043478200, 0.1695652173913043400, 0.1739130434782608600, 0.1782608695652173900, 0.1826086956521739100, 0.1869565217391304400, 0.1913043478260869600, 0.1956521739130434900, 0.2000000000000000100, 0.2043478260869565400, 0.2086956521739130300, 0.2130434782608695600, 0.2173913043478260800, 0.2217391304347826100, 0.2260869565217391300, 0.2304347826086956500, 0.2347826086956521800, 0.2391304347826087000, 0.2434782608695652300, 0.2478260869565217500, 0.2521739130434782500, 0.2565217391304348000, 0.2608695652173913000, 0.2652173913043478500, 0.2695652173913043500, 0.2739130434782608400, 0.2782608695652173900, 0.2826086956521738900, 0.2869565217391304400, 0.2913043478260869400, 0.2956521739130434900, 0.2999999999999999900, 0.3043478260869565400, 0.3086956521739130400, 0.3130434782608695900, 0.3173913043478260900, 0.3217391304347825800, 0.3260869565217391400, 0.3304347826086956300, 0.3347826086956521800, 0.3391304347826086800, 0.3434782608695652300, 0.3478260869565217300, 0.3521739130434782800, 0.3565217391304347800, 0.3608695652173913300, 0.3652173913043478300, 0.3695652173913043200, 0.3739130434782608800, 0.3782608695652173700, 0.3826086956521739200, 0.3869565217391304200, 0.3913043478260869700, 0.3956521739130434700, 0.4000000000000000200, 0.4043478260869565200, 0.4086956521739130700, 0.4130434782608695700, 0.4173913043478260600, 0.4217391304347826200, 0.4260869565217391100, 0.4304347826086956700, 0.4347826086956521600, 0.4391304347826087100, 0.4434782608695652100, 0.4478260869565217600, 0.4521739130434782600, 0.4565217391304347600, 0.4608695652173913100, 0.4652173913043478000, 0.4695652173913043600, 0.4739130434782608500, 0.4782608695652174100, 0.4826086956521739000, 0.4869565217391304500, 0.4913043478260869500, 0.4956521739130435000, 0.5000000000000000000, 0.5043478260869565000, 0.5086956521739129900, 0.5130434782608696000, 0.5173913043478261000, 0.5217391304347825900, 0.5260869565217390900, 0.5304347826086957000, 0.5347826086956522000, 0.5391304347826086900, 0.5434782608695651900, 0.5478260869565216900, 0.5521739130434782900, 0.5565217391304347900, 0.5608695652173912900, 0.5652173913043477800, 0.5695652173913043900, 0.5739130434782608900, 0.5782608695652173800, 0.5826086956521738800, 0.5869565217391304900, 0.5913043478260869800, 0.5956521739130434800, 0.5999999999999999800, 0.6043478260869564700, 0.6086956521739130800, 0.6130434782608695800, 0.6173913043478260800, 0.6217391304347825700, 0.6260869565217391800, 0.6304347826086956800, 0.6347826086956521700, 0.6391304347826086700, 0.6434782608695651700, 0.6478260869565217700, 0.6521739130434782700, 0.6565217391304347700, 0.6608695652173912600, 0.6652173913043478700, 0.6695652173913043700, 0.6739130434782608600, 0.6782608695652173600, 0.6826086956521738600, 0.6869565217391304700, 0.6913043478260869600, 0.6956521739130434600, 0.6999999999999999600, 0.7043478260869565600, 0.7086956521739130600, 0.7130434782608695600, 0.7173913043478260500, 0.7217391304347826600, 0.7260869565217391600, 0.7304347826086956500, 0.7347826086956521500, 0.7391304347826086500, 0.7434782608695652600, 0.7478260869565217500, 0.7521739130434782500, 0.7565217391304347400, 0.7608695652173913500, 0.7652173913043478500, 0.7695652173913043500, 0.7739130434782608400, 0.7782608695652173400, 0.7826086956521739500, 0.7869565217391304400, 0.7913043478260869400, 0.7956521739130434400, 0.8000000000000000400, 0.8043478260869565400, 0.8086956521739130400, 0.8130434782608695300, 0.8173913043478261400, 0.8217391304347826400, 0.8260869565217391400, 0.8304347826086956300, 0.8347826086956521300, 0.8391304347826087400, 0.8434782608695652300, 0.8478260869565217300, 0.8521739130434782300, 0.8565217391304348300, 0.8608695652173913300, 0.8652173913043478300, 0.8695652173913043200, 0.8739130434782608200, 0.8782608695652174300, 0.8826086956521739200, 0.8869565217391304200, 0.8913043478260869200, 0.8956521739130435300, 0.9000000000000000200, 0.9043478260869565200, 0.9086956521739130200, 0.9130434782608695100, 0.9173913043478261200, 0.9217391304347826200, 0.9260869565217391100, 0.9304347826086956100, 0.9347826086956522200, 0.9391304347826087100, 0.9434782608695652100, 0.9478260869565217100, 0.9521739130434783100, 0.9565217391304348100, 0.9608695652173913100, 0.9652173913043478000, 0.9695652173913043000, 0.9739130434782609100, 0.9782608695652174100, 0.9826086956521739000, 0.9869565217391304000, 0.9913043478260870100, 0.9956521739130435000, 0.9979608362708026800 ),
 .UNSPECIFIED. ) 
 GEOMETRIC_REPRESENTATION_ITEM ( )  RATIONAL_B_SPLINE_SURFACE ( (
 ( 1.000000000000000000, 0.9510565162951535300, 1.000000000000000000, 0.9510565162951535300, 1.000000000000000000, 0.9510565162951535300, 1.000000000000000000, 0.9510565162951535300, 1.000000000000000000, 0.9510565162951535300, 1.000000000000000000, 0.9510565162951535300, 1.000000000000000000, 0.9510565162951535300, 1.000000000000000000, 0.9510565162951535300, 1.000000000000000000, 0.9510565162951535300, 1.000000000000000000, 0.9510565162951535300, 1.000000000000000000, 0.9510565162951535300, 1.000000000000000000, 0.9510565162951535300, 1.000000000000000000, 0.9510565162951535300, 1.000000000000000000, 0.9510565162951535300, 1.000000000000000000, 0.9510565162951535300, 1.000000000000000000, 0.9510565162951535300, 1.000000000000000000, 0.9510565162951535300, 1.000000000000000000, 0.9510565162951535300, 1.000000000000000000, 0.9510565162951535300, 1.000000000000000000, 0.9510565162951535300, 1.000000000000000000, 0.9510565162951535300, 1.000000000000000000, 0.9510565162951535300, 1.000000000000000000, 0.9510565162951535300, 1.000000000000000000, 0.9510565162951535300, 1.000000000000000000, 0.9510565162951535300, 1.000000000000000000, 0.9510565162951535300, 1.000000000000000000, 0.9510565162951535300, 1.000000000000000000, 0.9510565162951535300, 1.000000000000000000, 0.9510565162951535300, 1.000000000000000000, 0.9510565162951535300, 1.000000000000000000, 0.9510565162951535300, 1.000000000000000000, 0.9510565162951535300, 1.000000000000000000, 0.9510565162951535300, 1.000000000000000000, 0.9510565162951535300, 1.000000000000000000, 0.9510565162951535300, 1.000000000000000000, 0.9510565162951535300, 1.000000000000000000, 0.9510565162951535300, 1.000000000000000000, 0.9510565162951535300, 1.000000000000000000, 0.9510565162951535300, 1.000000000000000000, 0.9510565162951535300, 1.000000000000000000, 0.9510565162951535300, 1.000000000000000000, 0.9510565162951535300, 1.000000000000000000, 0.9510565162951535300, 1.000000000000000000, 0.9510565162951535300, 1.000000000000000000, 0.9510565162951535300, 1.000000000000000000, 0.9510565162951535300, 1.000000000000000000, 0.9510565162951535300, 1.000000000000000000, 0.9510565162951535300, 1.000000000000000000, 0.9510565162951535300, 1.000000000000000000, 0.9510565162951535300, 1.000000000000000000, 0.9510565162951535300, 1.000000000000000000, 0.9510565162951535300, 1.000000000000000000, 0.9510565162951535300, 1.000000000000000000, 0.9510565162951535300, 1.000000000000000000, 0.9510565162951535300, 1.000000000000000000, 0.9510565162951535300, 1.000000000000000000, 0.9510565162951535300, 1.000000000000000000, 0.9510565162951535300, 1.000000000000000000, 0.9510565162951535300, 1.000000000000000000, 0.9510565162951535300, 1.000000000000000000, 0.9510565162951535300, 1.000000000000000000, 0.9510565162951535300, 1.000000000000000000, 0.9510565162951535300, 1.000000000000000000, 0.9510565162951535300, 1.000000000000000000, 0.9510565162951535300, 1.000000000000000000, 0.9510565162951535300, 1.000000000000000000, 0.9510565162951535300, 1.000000000000000000, 0.9510565162951535300, 1.000000000000000000, 0.9510565162951535300, 1.000000000000000000, 0.9510565162951535300, 1.000000000000000000, 0.9510565162951535300, 1.000000000000000000, 0.9510565162951535300, 1.000000000000000000, 0.9510565162951535300, 1.000000000000000000, 0.9510565162951535300, 1.000000000000000000, 0.9510565162951535300, 1.000000000000000000, 0.9510565162951535300, 1.000000000000000000, 0.9510565162951535300, 1.000000000000000000, 0.9510565162951535300, 1.000000000000000000, 0.9510565162951535300, 1.000000000000000000, 0.9510565162951535300, 1.000000000000000000, 0.9510565162951535300, 1.000000000000000000, 0.9510565162951535300, 1.000000000000000000, 0.9510565162951535300, 1.000000000000000000, 0.9510565162951535300, 1.000000000000000000, 0.9510565162951535300, 1.000000000000000000, 0.9510565162951535300, 1.000000000000000000, 0.9510565162951535300, 1.000000000000000000, 0.9510565162951535300, 1.000000000000000000, 0.9510565162951535300, 1.000000000000000000, 0.9510565162951535300, 1.000000000000000000, 0.9510565162951535300, 1.000000000000000000, 0.9510565162951535300, 1.000000000000000000, 0.9510565162951535300, 1.000000000000000000, 0.9510565162951535300, 1.000000000000000000, 0.9510565162951535300, 1.000000000000000000, 0.9510565162951535300, 1.000000000000000000, 0.9510565162951535300, 1.000000000000000000, 0.9510565162951535300, 1.000000000000000000, 0.9510565162951535300, 1.000000000000000000, 0.9510565162951535300, 1.000000000000000000, 0.9510565162951535300, 1.000000000000000000, 0.9510565162951535300, 1.000000000000000000, 0.9510565162951535300, 1.000000000000000000, 0.9510565162951535300, 1.000000000000000000, 0.9510565162951535300, 1.000000000000000000, 0.9510565162951535300, 1.000000000000000000, 0.9510565162951535300, 1.000000000000000000, 0.9510565162951535300, 1.000000000000000000, 0.9510565162951535300, 1.000000000000000000, 0.9510565162951535300, 1.000000000000000000, 0.9510565162951535300, 1.000000000000000000, 0.9510565162951535300, 1.000000000000000000, 0.9510565162951535300, 1.000000000000000000, 0.9510565162951535300, 1.000000000000000000, 0.9510565162951535300, 1.000000000000000000, 0.9510565162951535300, 1.000000000000000000, 0.9510565162951535300, 1.000000000000000000, 0.9510565162951535300, 1.000000000000000000, 0.9510565162951535300, 1.000000000000000000, 0.9510565162951535300, 1.000000000000000000, 0.9510565162951535300, 1.000000000000000000, 0.9510565162951535300, 1.000000000000000000, 0.9510565162951535300, 1.000000000000000000, 0.9510565162951535300, 1.000000000000000000, 0.9510565162951535300, 1.000000000000000000, 0.9510565162951535300, 1.000000000000000000, 0.9510565162951535300, 1.000000000000000000, 0.9510565162951535300, 1.000000000000000000, 0.9510565162951535300, 1.000000000000000000, 0.9510565162951535300, 1.000000000000000000, 0.9510565162951535300, 1.000000000000000000, 0.9510565162951535300, 1.000000000000000000, 0.9510565162951535300, 1.000000000000000000, 0.9510565162951535300, 1.000000000000000000, 0.9510565162951535300, 1.000000000000000000, 0.9510565162951535300, 1.000000000000000000, 0.9510565162951535300, 1.000000000000000000, 0.9510565162951535300, 1.000000000000000000, 0.9510565162951535300, 1.000000000000000000, 0.9510565162951535300, 1.000000000000000000, 0.9510565162951535300, 1.000000000000000000, 0.9510565162951535300, 1.000000000000000000, 0.9510565162951535300, 1.000000000000000000, 0.9510565162951535300, 1.000000000000000000, 0.9510565162951535300, 1.000000000000000000, 0.9510565162951535300, 1.000000000000000000, 0.9510565162951535300, 1.000000000000000000, 0.9510565162951535300, 1.000000000000000000, 0.9510565162951535300, 1.000000000000000000, 0.9510565162951535300, 1.000000000000000000, 0.9510565162951535300, 1.000000000000000000, 0.9510565162951535300, 1.000000000000000000, 0.9510565162951535300, 1.000000000000000000, 0.9510565162951535300, 1.000000000000000000, 0.9510565162951535300, 1.000000000000000000, 0.9510565162951535300, 1.000000000000000000, 0.9510565162951535300, 1.000000000000000000, 0.9510565162951535300, 1.000000000000000000, 0.9510565162951535300, 1.000000000000000000, 0.9510565162951535300, 1.000000000000000000, 0.9510565162951535300, 1.000000000000000000, 0.9510565162951535300, 1.000000000000000000, 0.9510565162951535300, 1.000000000000000000, 0.9510565162951535300, 1.000000000000000000, 0.9510565162951535300, 1.000000000000000000, 0.9510565162951535300, 1.000000000000000000, 0.9510565162951535300, 1.000000000000000000, 0.9510565162951535300, 1.000000000000000000, 0.9510565162951535300, 1.000000000000000000, 0.9510565162951535300, 1.000000000000000000, 0.9510565162951535300, 1.000000000000000000, 0.9510565162951535300, 1.000000000000000000, 0.9510565162951535300, 1.000000000000000000, 0.9510565162951535300, 1.000000000000000000, 0.9510565162951535300, 1.000000000000000000, 0.9510565162951535300, 1.000000000000000000, 0.9510565162951535300, 1.000000000000000000, 0.9510565162951535300, 1.000000000000000000, 0.9510565162951535300, 1.000000000000000000, 0.9510565162951535300, 1.000000000000000000, 0.9510565162951535300, 1.000000000000000000, 0.9510565162951535300, 1.000000000000000000, 0.9510565162951535300, 1.000000000000000000, 0.9510565162951535300, 1.000000000000000000, 0.9510565162951535300, 1.000000000000000000, 0.9510565162951535300, 1.000000000000000000, 0.9510565162951535300, 1.000000000000000000, 0.9510565162951535300, 1.000000000000000000, 0.9510565162951535300, 1.000000000000000000, 0.9510565162951535300, 1.000000000000000000, 0.9510565162951535300, 1.000000000000000000, 0.9510565162951535300, 1.000000000000000000, 0.9510565162951535300, 1.000000000000000000, 0.9510565162951535300, 1.000000000000000000, 0.9510565162951535300, 1.000000000000000000, 0.9510565162951535300, 1.000000000000000000, 0.9510565162951535300, 1.000000000000000000, 0.9510565162951535300, 1.000000000000000000, 0.9510565162951535300, 1.000000000000000000, 0.9510565162951535300, 1.000000000000000000, 0.9510565162951535300, 1.000000000000000000, 0.9510565162951535300, 1.000000000000000000, 0.9510565162951535300, 1.000000000000000000, 0.9510565162951535300, 1.000000000000000000, 0.9510565162951535300, 1.000000000000000000, 0.9510565162951535300, 1.000000000000000000, 0.9510565162951535300, 1.000000000000000000, 0.9510565162951535300, 1.000000000000000000, 0.9510565162951535300, 1.000000000000000000, 0.9510565162951535300, 1.000000000000000000, 0.9510565162951535300, 1.000000000000000000, 0.9510565162951535300, 1.000000000000000000, 0.9510565162951535300, 1.000000000000000000, 0.9510565162951535300, 1.000000000000000000, 0.9510565162951535300, 1.000000000000000000, 0.9510565162951535300, 1.000000000000000000, 0.9510565162951535300, 1.000000000000000000, 0.9510565162951535300, 1.000000000000000000, 0.9510565162951535300, 1.000000000000000000, 0.9510565162951535300, 1.000000000000000000, 0.9510565162951535300, 1.000000000000000000, 0.9510565162951535300, 1.000000000000000000, 0.9510565162951535300, 1.000000000000000000, 0.9510565162951535300, 1.000000000000000000, 0.9510565162951535300, 1.000000000000000000, 0.9510565162951535300, 1.000000000000000000, 0.9510565162951535300, 1.000000000000000000, 0.9510565162951535300, 1.000000000000000000, 0.9510565162951535300, 1.000000000000000000, 0.9740113849479947700, 0.9756222810543844200),
 ( 1.000000000000000000, 0.9510565162951535300, 1.000000000000000000, 0.9510565162951535300, 1.000000000000000000, 0.9510565162951535300, 1.000000000000000000, 0.9510565162951535300, 1.000000000000000000, 0.9510565162951535300, 1.000000000000000000, 0.9510565162951535300, 1.000000000000000000, 0.9510565162951535300, 1.000000000000000000, 0.9510565162951535300, 1.000000000000000000, 0.9510565162951535300, 1.000000000000000000, 0.9510565162951535300, 1.000000000000000000, 0.9510565162951535300, 1.000000000000000000, 0.9510565162951535300, 1.000000000000000000, 0.9510565162951535300, 1.000000000000000000, 0.9510565162951535300, 1.000000000000000000, 0.9510565162951535300, 1.000000000000000000, 0.9510565162951535300, 1.000000000000000000, 0.9510565162951535300, 1.000000000000000000, 0.9510565162951535300, 1.000000000000000000, 0.9510565162951535300, 1.000000000000000000, 0.9510565162951535300, 1.000000000000000000, 0.9510565162951535300, 1.000000000000000000, 0.9510565162951535300, 1.000000000000000000, 0.9510565162951535300, 1.000000000000000000, 0.9510565162951535300, 1.000000000000000000, 0.9510565162951535300, 1.000000000000000000, 0.9510565162951535300, 1.000000000000000000, 0.9510565162951535300, 1.000000000000000000, 0.9510565162951535300, 1.000000000000000000, 0.9510565162951535300, 1.000000000000000000, 0.9510565162951535300, 1.000000000000000000, 0.9510565162951535300, 1.000000000000000000, 0.9510565162951535300, 1.000000000000000000, 0.9510565162951535300, 1.000000000000000000, 0.9510565162951535300, 1.000000000000000000, 0.9510565162951535300, 1.000000000000000000, 0.9510565162951535300, 1.000000000000000000, 0.9510565162951535300, 1.000000000000000000, 0.9510565162951535300, 1.000000000000000000, 0.9510565162951535300, 1.000000000000000000, 0.9510565162951535300, 1.000000000000000000, 0.9510565162951535300, 1.000000000000000000, 0.9510565162951535300, 1.000000000000000000, 0.9510565162951535300, 1.000000000000000000, 0.9510565162951535300, 1.000000000000000000, 0.9510565162951535300, 1.000000000000000000, 0.9510565162951535300, 1.000000000000000000, 0.9510565162951535300, 1.000000000000000000, 0.9510565162951535300, 1.000000000000000000, 0.9510565162951535300, 1.000000000000000000, 0.9510565162951535300, 1.000000000000000000, 0.9510565162951535300, 1.000000000000000000, 0.9510565162951535300, 1.000000000000000000, 0.9510565162951535300, 1.000000000000000000, 0.9510565162951535300, 1.000000000000000000, 0.9510565162951535300, 1.000000000000000000, 0.9510565162951535300, 1.000000000000000000, 0.9510565162951535300, 1.000000000000000000, 0.9510565162951535300, 1.000000000000000000, 0.9510565162951535300, 1.000000000000000000, 0.9510565162951535300, 1.000000000000000000, 0.9510565162951535300, 1.000000000000000000, 0.9510565162951535300, 1.000000000000000000, 0.9510565162951535300, 1.000000000000000000, 0.9510565162951535300, 1.000000000000000000, 0.9510565162951535300, 1.000000000000000000, 0.9510565162951535300, 1.000000000000000000, 0.9510565162951535300, 1.000000000000000000, 0.9510565162951535300, 1.000000000000000000, 0.9510565162951535300, 1.000000000000000000, 0.9510565162951535300, 1.000000000000000000, 0.9510565162951535300, 1.000000000000000000, 0.9510565162951535300, 1.000000000000000000, 0.9510565162951535300, 1.000000000000000000, 0.9510565162951535300, 1.000000000000000000, 0.9510565162951535300, 1.000000000000000000, 0.9510565162951535300, 1.000000000000000000, 0.9510565162951535300, 1.000000000000000000, 0.9510565162951535300, 1.000000000000000000, 0.9510565162951535300, 1.000000000000000000, 0.9510565162951535300, 1.000000000000000000, 0.9510565162951535300, 1.000000000000000000, 0.9510565162951535300, 1.000000000000000000, 0.9510565162951535300, 1.000000000000000000, 0.9510565162951535300, 1.000000000000000000, 0.9510565162951535300, 1.000000000000000000, 0.9510565162951535300, 1.000000000000000000, 0.9510565162951535300, 1.000000000000000000, 0.9510565162951535300, 1.000000000000000000, 0.9510565162951535300, 1.000000000000000000, 0.9510565162951535300, 1.000000000000000000, 0.9510565162951535300, 1.000000000000000000, 0.9510565162951535300, 1.000000000000000000, 0.9510565162951535300, 1.000000000000000000, 0.9510565162951535300, 1.000000000000000000, 0.9510565162951535300, 1.000000000000000000, 0.9510565162951535300, 1.000000000000000000, 0.9510565162951535300, 1.000000000000000000, 0.9510565162951535300, 1.000000000000000000, 0.9510565162951535300, 1.000000000000000000, 0.9510565162951535300, 1.000000000000000000, 0.9510565162951535300, 1.000000000000000000, 0.9510565162951535300, 1.000000000000000000, 0.9510565162951535300, 1.000000000000000000, 0.9510565162951535300, 1.000000000000000000, 0.9510565162951535300, 1.000000000000000000, 0.9510565162951535300, 1.000000000000000000, 0.9510565162951535300, 1.000000000000000000, 0.9510565162951535300, 1.000000000000000000, 0.9510565162951535300, 1.000000000000000000, 0.9510565162951535300, 1.000000000000000000, 0.9510565162951535300, 1.000000000000000000, 0.9510565162951535300, 1.000000000000000000, 0.9510565162951535300, 1.000000000000000000, 0.9510565162951535300, 1.000000000000000000, 0.9510565162951535300, 1.000000000000000000, 0.9510565162951535300, 1.000000000000000000, 0.9510565162951535300, 1.000000000000000000, 0.9510565162951535300, 1.000000000000000000, 0.9510565162951535300, 1.000000000000000000, 0.9510565162951535300, 1.000000000000000000, 0.9510565162951535300, 1.000000000000000000, 0.9510565162951535300, 1.000000000000000000, 0.9510565162951535300, 1.000000000000000000, 0.9510565162951535300, 1.000000000000000000, 0.9510565162951535300, 1.000000000000000000, 0.9510565162951535300, 1.000000000000000000, 0.9510565162951535300, 1.000000000000000000, 0.9510565162951535300, 1.000000000000000000, 0.9510565162951535300, 1.000000000000000000, 0.9510565162951535300, 1.000000000000000000, 0.9510565162951535300, 1.000000000000000000, 0.9510565162951535300, 1.000000000000000000, 0.9510565162951535300, 1.000000000000000000, 0.9510565162951535300, 1.000000000000000000, 0.9510565162951535300, 1.000000000000000000, 0.9510565162951535300, 1.000000000000000000, 0.9510565162951535300, 1.000000000000000000, 0.9510565162951535300, 1.000000000000000000, 0.9510565162951535300, 1.000000000000000000, 0.9510565162951535300, 1.000000000000000000, 0.9510565162951535300, 1.000000000000000000, 0.9510565162951535300, 1.000000000000000000, 0.9510565162951535300, 1.000000000000000000, 0.9510565162951535300, 1.000000000000000000, 0.9510565162951535300, 1.000000000000000000, 0.9510565162951535300, 1.000000000000000000, 0.9510565162951535300, 1.000000000000000000, 0.9510565162951535300, 1.000000000000000000, 0.9510565162951535300, 1.000000000000000000, 0.9510565162951535300, 1.000000000000000000, 0.9510565162951535300, 1.000000000000000000, 0.9510565162951535300, 1.000000000000000000, 0.9510565162951535300, 1.000000000000000000, 0.9510565162951535300, 1.000000000000000000, 0.9510565162951535300, 1.000000000000000000, 0.9510565162951535300, 1.000000000000000000, 0.9510565162951535300, 1.000000000000000000, 0.9510565162951535300, 1.000000000000000000, 0.9510565162951535300, 1.000000000000000000, 0.9510565162951535300, 1.000000000000000000, 0.9510565162951535300, 1.000000000000000000, 0.9510565162951535300, 1.000000000000000000, 0.9510565162951535300, 1.000000000000000000, 0.9510565162951535300, 1.000000000000000000, 0.9510565162951535300, 1.000000000000000000, 0.9510565162951535300, 1.000000000000000000, 0.9510565162951535300, 1.000000000000000000, 0.9510565162951535300, 1.000000000000000000, 0.9510565162951535300, 1.000000000000000000, 0.9510565162951535300, 1.000000000000000000, 0.9510565162951535300, 1.000000000000000000, 0.9510565162951535300, 1.000000000000000000, 0.9510565162951535300, 1.000000000000000000, 0.9510565162951535300, 1.000000000000000000, 0.9510565162951535300, 1.000000000000000000, 0.9510565162951535300, 1.000000000000000000, 0.9510565162951535300, 1.000000000000000000, 0.9510565162951535300, 1.000000000000000000, 0.9510565162951535300, 1.000000000000000000, 0.9510565162951535300, 1.000000000000000000, 0.9510565162951535300, 1.000000000000000000, 0.9510565162951535300, 1.000000000000000000, 0.9510565162951535300, 1.000000000000000000, 0.9510565162951535300, 1.000000000000000000, 0.9510565162951535300, 1.000000000000000000, 0.9510565162951535300, 1.000000000000000000, 0.9510565162951535300, 1.000000000000000000, 0.9510565162951535300, 1.000000000000000000, 0.9510565162951535300, 1.000000000000000000, 0.9510565162951535300, 1.000000000000000000, 0.9510565162951535300, 1.000000000000000000, 0.9510565162951535300, 1.000000000000000000, 0.9510565162951535300, 1.000000000000000000, 0.9510565162951535300, 1.000000000000000000, 0.9510565162951535300, 1.000000000000000000, 0.9510565162951535300, 1.000000000000000000, 0.9510565162951535300, 1.000000000000000000, 0.9510565162951535300, 1.000000000000000000, 0.9510565162951535300, 1.000000000000000000, 0.9510565162951535300, 1.000000000000000000, 0.9510565162951535300, 1.000000000000000000, 0.9510565162951535300, 1.000000000000000000, 0.9510565162951535300, 1.000000000000000000, 0.9510565162951535300, 1.000000000000000000, 0.9510565162951535300, 1.000000000000000000, 0.9510565162951535300, 1.000000000000000000, 0.9510565162951535300, 1.000000000000000000, 0.9510565162951535300, 1.000000000000000000, 0.9510565162951535300, 1.000000000000000000, 0.9510565162951535300, 1.000000000000000000, 0.9510565162951535300, 1.000000000000000000, 0.9510565162951535300, 1.000000000000000000, 0.9510565162951535300, 1.000000000000000000, 0.9510565162951535300, 1.000000000000000000, 0.9510565162951535300, 1.000000000000000000, 0.9510565162951535300, 1.000000000000000000, 0.9510565162951535300, 1.000000000000000000, 0.9510565162951535300, 1.000000000000000000, 0.9510565162951535300, 1.000000000000000000, 0.9510565162951535300, 1.000000000000000000, 0.9510565162951535300, 1.000000000000000000, 0.9510565162951535300, 1.000000000000000000, 0.9510565162951535300, 1.000000000000000000, 0.9510565162951535300, 1.000000000000000000, 0.9510565162951535300, 1.000000000000000000, 0.9510565162951535300, 1.000000000000000000, 0.9510565162951535300, 1.000000000000000000, 0.9510565162951535300, 1.000000000000000000, 0.9510565162951535300, 1.000000000000000000, 0.9740113849479947700, 0.9756222810543844200) ) ) 
 REPRESENTATION_ITEM ( '' )  SURFACE ( )  );
#7126 = CYLINDRICAL_SURFACE ( 'NONE', #5106, 0.01125000000000000000 ) ;
#7127 = CARTESIAN_POINT ( 'NONE',  ( 0.4192307692307680700, 0.07725424859373679300, 0.2377641290737883800 ) ) ;
#7128 = ORIENTED_EDGE ( 'NONE', *, *, #173, .F. ) ;
#7129 = EDGE_LOOP ( 'NONE', ( #136, #5158, #6483, #3652 ) ) ;
#7130 = CARTESIAN_POINT ( 'NONE',  ( 0.08269230769230659400, -0.2000369959355130200, 0.06499595995470997000 ) ) ;
#7131 = CARTESIAN_POINT ( 'NONE',  ( 1.001442307692307100, 0.07854086670589942300, -0.2417239324562225900 ) ) ;
#7132 = CARTESIAN_POINT ( 'NONE',  ( 1.230976153616381000, -0.2055790991270675700, 0.04963735646226979200 ) ) ;
#7133 = CARTESIAN_POINT ( 'NONE',  ( 0.4499999999999991800, 0.1618333292155423300, 0.1175787961237840100 ) ) ;
#7134 = VECTOR ( 'NONE', #3060, 39.37007874015748100 ) ;
#7135 = CARTESIAN_POINT ( 'NONE',  ( -0.1730769230769245400, 0.2000369959355130500, 0.0000000000000000000 ) ) ;
#7136 = CARTESIAN_POINT ( 'NONE',  ( 0.7067307692307685000, 0.2583271673440810700, 0.0000000000000000000 ) ) ;
#7137 = AXIS2_PLACEMENT_3D ( 'NONE', #3901, #3350, #1659 ) ;
#7138 = CARTESIAN_POINT ( 'NONE',  ( -0.03653846153846279600, 0.1618333292155423300, -0.1175787961237839500 ) ) ;
#7139 = CARTESIAN_POINT ( 'NONE',  ( -0.3062500000000019700, 0.07854086670589942300, -0.2417239324562225900 ) ) ;
#7140 = ORIENTED_EDGE ( 'NONE', *, *, #5358, .T. ) ;
#7141 = CARTESIAN_POINT ( 'NONE',  ( 1.250000000000000000, 0.0000000000000000000, 0.2500000000000000000 ) ) ;
#7142 = DIRECTION ( 'NONE',  ( -1.000000000000000000, -0.0000000000000000000, -0.0000000000000000000 ) ) ;
#7143 = CARTESIAN_POINT ( 'NONE',  ( 0.1923076923076909600, -4.375590819076688800E-017, 0.2499999999999999700 ) ) ;
#7144 = CIRCLE ( 'NONE', #2962, 0.002000000000000001800 ) ;
#7145 = CARTESIAN_POINT ( 'NONE',  ( 0.7673076923076918000, -0.1236296624955716800, 0.1701616322928578300 ) ) ;
#7146 = CARTESIAN_POINT ( 'NONE',  ( 0.8230769230769224800, 0.2000369959355130000, -0.06499595995470999800 ) ) ;
#7147 = CARTESIAN_POINT ( 'NONE',  ( -0.07692307692307827300, -3.863724120272764700E-017, 0.2103313446762957200 ) ) ;
#7148 = CARTESIAN_POINT ( 'NONE',  ( 1.225000000000000100, -0.06181483124778584100, 0.1902464884845768100 ) ) ;
#7149 = CARTESIAN_POINT ( 'NONE',  ( 0.1173076923076910400, -0.2022542485937368600, 0.1469463130731182600 ) ) ;
#7150 = CARTESIAN_POINT ( 'NONE',  ( 0.7961538461538456600, -0.1618333292155423300, -0.1175787961237840000 ) ) ;
#7151 = CARTESIAN_POINT ( 'NONE',  ( 0.5903846153846147300, -0.2500000000000000600, -0.08122992405822662700 ) ) ;
#7152 = CARTESIAN_POINT ( 'NONE',  ( 0.7596153846153840300, 1.312677245723006800E-017, -0.2499999999999999700 ) ) ;
#7153 = CARTESIAN_POINT ( 'NONE',  ( 1.088461538461538400, -0.1618333292155423300, 0.1175787961237839400 ) ) ;
#7154 = EDGE_CURVE ( 'NONE', #3171, #6410, #3747, .T. ) ;
#7155 = CARTESIAN_POINT ( 'NONE',  ( 0.2019230769230759800, 0.2000369959355130500, 0.0000000000000000000 ) ) ;
#7156 = CARTESIAN_POINT ( 'NONE',  ( 0.9783653846153841400, -0.2541635836720405100, -3.112606192037848400E-017 ) ) ;
#7157 = CARTESIAN_POINT ( 'NONE',  ( 0.2884615384615372700, -0.2499999999999999700, -3.061616997868382400E-017 ) ) ;
#7158 = CARTESIAN_POINT ( 'NONE',  ( 0.4923076923076914500, -0.1236296624955716100, -0.1701616322928578600 ) ) ;
#7159 = CARTESIAN_POINT ( 'NONE',  ( 0.9211538461538456600, 0.1545084971874737300, -0.2126627020880100000 ) ) ;
#7160 = CARTESIAN_POINT ( 'NONE',  ( -0.2653846153846170500, 0.06181483124778582700, -0.1902464884845768100 ) ) ;
#7161 = CARTESIAN_POINT ( 'NONE',  ( 0.6182692307692299000, 0.1596549696361239700, -0.2197462137205352100 ) ) ;
#7162 = CARTESIAN_POINT ( 'NONE',  ( -0.4831730769230788700, -0.2541635836720405100, -3.112606192037848400E-017 ) ) ;
#7163 = AXIS2_PLACEMENT_3D ( 'NONE', #1563, #5587, #3875 ) ;
#7164 = DIRECTION ( 'NONE',  ( -1.000000000000000000, -0.0000000000000000000, -0.0000000000000000000 ) ) ;
#7165 = DIRECTION ( 'NONE',  ( 0.0000000000000000000, 0.0000000000000000000, -1.000000000000000000 ) ) ;
#7166 = CARTESIAN_POINT ( 'NONE',  ( 0.7519230769230764700, 0.1236296624955716000, 0.1701616322928579100 ) ) ;
#7167 = CARTESIAN_POINT ( 'NONE',  ( 0.7653846153846150000, 0.06181483124778577900, 0.1902464884845768400 ) ) ;
#7168 = CARTESIAN_POINT ( 'NONE',  ( -0.2115384615384629800, -0.2000369959355130500, -2.449746667834781800E-017 ) ) ;
#7169 = CARTESIAN_POINT ( 'NONE',  ( 1.090384615384615100, -0.2000369959355130000, -0.06499595995471003900 ) ) ;
#7170 = DIRECTION ( 'NONE',  ( 0.0000000000000000000, 0.0000000000000000000, -1.000000000000000000 ) ) ;
#7171 = CARTESIAN_POINT ( 'NONE',  ( 0.7346153846153840000, 0.06181483124778582700, -0.1902464884845768100 ) ) ;
#7172 = CARTESIAN_POINT ( 'NONE',  ( -0.5024733332748836400, 0.3930818861966843300, -0.06916220157233524100 ) ) ;
#7173 = ORIENTED_EDGE ( 'NONE', *, *, #1836, .T. ) ;
#7174 = DIRECTION ( 'NONE',  ( 0.0000000000000000000, 0.0000000000000000000, 1.000000000000000000 ) ) ;
#7175 = CARTESIAN_POINT ( 'NONE',  ( 0.9903846153846152000, 5.206953074701259500E-016, -0.2500000000000000600 ) ) ;
#7176 = AXIS2_PLACEMENT_3D ( 'NONE', #3448, #16, #4617 ) ;
#7177 = CARTESIAN_POINT ( 'NONE',  ( 0.08653846153846049500, -0.2000369959355130500, -2.449746667834781800E-017 ) ) ;
#7178 = CARTESIAN_POINT ( 'NONE',  ( 0.9975961538461531900, 1.636393914928959700E-017, -0.2672434070081726200 ) ) ;
#7179 = ORIENTED_EDGE ( 'NONE', *, *, #2846, .T. ) ;
#7180 = ORIENTED_EDGE ( 'NONE', *, *, #1976, .T. ) ;
#7181 = CARTESIAN_POINT ( 'NONE',  ( 0.2807692307692297700, 0.1618333292155423300, -0.1175787961237839500 ) ) ;
#7182 = CARTESIAN_POINT ( 'NONE',  ( 0.1346153846153831700, -0.2499999999999999700, -3.061616997868382400E-017 ) ) ;
#7183 = CARTESIAN_POINT ( 'NONE',  ( -0.4730769230769248900, 0.1618333292155423300, 0.1175787961237840100 ) ) ;
#7184 = CARTESIAN_POINT ( 'NONE',  ( 0.4144230769230759500, 0.07982748481806195600, 0.2456837358386569400 ) ) ;
#7185 = CARTESIAN_POINT ( 'NONE',  ( -0.4985576923076944800, -0.07854086670589945100, 0.2417239324562225900 ) ) ;
#7186 = VERTEX_POINT ( 'NONE', #1654 ) ;
#7187 = CARTESIAN_POINT ( 'NONE',  ( -0.4857957059411695000, 0.2035159698893429800, -0.3749999999999999400 ) ) ;
#7188 = APPROVAL_STATUS ( 'not_yet_approved' ) ;
#7189 = ORIENTED_EDGE ( 'NONE', *, *, #4399, .F. ) ;
#7190 = AXIS2_PLACEMENT_3D ( 'NONE', #498, #525, #7289 ) ;
#7191 = CARTESIAN_POINT ( 'NONE',  ( 0.7326923076923073100, 0.1618333292155423300, -0.1175787961237839500 ) ) ;
#7192 = CARTESIAN_POINT ( 'NONE',  ( 0.8461538461538455900, -3.863724120272764700E-017, 0.2103313446762957200 ) ) ;
#7193 = CARTESIAN_POINT ( 'NONE',  ( -0.06153846153846294400, -0.2000369959355130200, 0.06499595995470997000 ) ) ;
#7194 = CARTESIAN_POINT ( 'NONE',  ( 1.171153846153846200, -0.1618333292155423300, -0.1175787961237840000 ) ) ;
#7195 = VERTEX_POINT ( 'NONE', #1607 ) ;
#7196 = CARTESIAN_POINT ( 'NONE',  ( 0.1923076923076909600, -4.375590819076688800E-017, 0.2499999999999999700 ) ) ;
#7197 = CARTESIAN_POINT ( 'NONE',  ( 0.8884615384615380800, 0.06181483124778582700, -0.1902464884845768100 ) ) ;
#7198 = EDGE_CURVE ( 'NONE', #3744, #5776, #5347, .T. ) ;
#7199 = DIRECTION ( 'NONE',  ( 0.0000000000000000000, -0.4999999999999918400, 0.8660254037844433700 ) ) ;
#7200 = CARTESIAN_POINT ( 'NONE',  ( 1.007692307692307400, -0.1236296624955716700, 0.1701616322928578600 ) ) ;
#7201 = LINE ( 'NONE', #2662, #3729 ) ;
#7202 = B_SPLINE_CURVE_WITH_KNOTS ( 'NONE', 3,
 ( #5876, #4687, #5321, #713, #6369, #3517 ),
 .UNSPECIFIED., .F., .F.,
 ( 4, 2, 4 ),
 ( 0.0003400754393376422300, 0.002952332709806806000, 0.005564589980275969800 ),
 .UNSPECIFIED. ) ;
#7203 = CARTESIAN_POINT ( 'NONE',  ( -0.1634615384615397100, -3.863724120272764700E-017, 0.2103313446762957200 ) ) ;
#7204 = CARTESIAN_POINT ( 'NONE',  ( 0.9091346153846148200, -0.2056226585419196300, -0.1493936061522294400 ) ) ;
#7205 = CIRCLE ( 'NONE', #4291, 0.001999999999999994800 ) ;
#7206 = AXIS2_PLACEMENT_3D ( 'NONE', #3781, #916, #844 ) ;
#7207 = DIRECTION ( 'NONE',  ( -1.000000000000000000, -0.0000000000000000000, -0.0000000000000000000 ) ) ;
#7208 = CARTESIAN_POINT ( 'NONE',  ( -0.3192307692307708200, 0.1618333292155423300, 0.1175787961237840100 ) ) ;
#7209 = CARTESIAN_POINT ( 'NONE',  ( 0.5028846153846143800, -0.1596549696361239900, 0.2197462137205351800 ) ) ;
#7210 = ORIENTED_EDGE ( 'NONE', *, *, #268, .F. ) ;
#7211 = CARTESIAN_POINT ( 'NONE',  ( -0.4906249999999999800, -0.06036778579257417300, 0.08206007213317496900 ) ) ;
#7212 = CARTESIAN_POINT ( 'NONE',  ( 0.6865384615384611000, -0.06181483124778584100, 0.1902464884845768100 ) ) ;
#7213 = ORIENTED_EDGE ( 'NONE', *, *, #1686, .T. ) ;
#7214 = CARTESIAN_POINT ( 'NONE',  ( 0.9115384615384613000, 0.1618333292155423300, 0.1175787961237840100 ) ) ;
#7215 = CARTESIAN_POINT ( 'NONE',  ( -0.2730769230769245500, -0.06181483124778579900, -0.1902464884845768400 ) ) ;
#7216 = CARTESIAN_POINT ( 'NONE',  ( 1.117307692307692100, 0.1618333292155423300, -0.1175787961237839500 ) ) ;
#7217 = VERTEX_POINT ( 'NONE', #5055 ) ;
#7218 = CARTESIAN_POINT ( 'NONE',  ( 0.8999999999999998000, 0.2000369959355130000, -0.06499595995470999800 ) ) ;
#7219 = CARTESIAN_POINT ( 'NONE',  ( 0.9865384615384613600, 0.06181483124778577900, 0.1902464884845768400 ) ) ;
#7220 = CARTESIAN_POINT ( 'NONE',  ( 0.5749999999999992900, -0.1545084971874737300, 0.2126627020880099700 ) ) ;
#7221 = CARTESIAN_POINT ( 'NONE',  ( 1.019230769230769200, -0.2000369959355130500, -2.449746667834781800E-017 ) ) ;
#7222 = VECTOR ( 'NONE', #1936, 39.37007874015748100 ) ;
#7223 = CARTESIAN_POINT ( 'NONE',  ( 0.07681249188253611000, 0.05537052583294713900, 0.1985537762613144300 ) ) ;
#7224 = CARTESIAN_POINT ( 'NONE',  ( -0.2288461538461553400, -0.1618333292155423300, 0.1175787961237839400 ) ) ;
#7225 = CARTESIAN_POINT ( 'NONE',  ( 0.7706730769230761800, 0.07854086670589942300, -0.2417239324562225900 ) ) ;
#7226 = ORIENTED_EDGE ( 'NONE', *, *, #7228, .F. ) ;
#7227 = DIRECTION ( 'NONE',  ( 1.000000000000000000, -0.0000000000000000000, -0.0000000000000000000 ) ) ;
#7228 = EDGE_CURVE ( 'NONE', #3008, #6572, #329, .T. ) ;
#7229 = CARTESIAN_POINT ( 'NONE',  ( -0.1282733604971123500, -0.06850284281503100900, 0.3749999999999998300 ) ) ;
#7230 = CARTESIAN_POINT ( 'NONE',  ( -0.3000000000000014900, -0.1236296624955716800, 0.1701616322928578300 ) ) ;
#7231 = CARTESIAN_POINT ( 'NONE',  ( 0.4798076923076914400, 0.2583271673440810700, 0.08393558474214604700 ) ) ;
#7232 = CIRCLE ( 'NONE', #2660, 0.001999999999999999600 ) ;
#7233 = DIRECTION ( 'NONE',  ( -1.000000000000000000, 0.0000000000000000000, 0.0000000000000000000 ) ) ;
#7234 = CARTESIAN_POINT ( 'NONE',  ( -0.4906249999999999800, -0.04088221420742420300, 0.09331007213317478500 ) ) ;
#7235 = CARTESIAN_POINT ( 'NONE',  ( 0.6230769230769225300, -0.1236296624955716800, 0.1701616322928578300 ) ) ;
#7236 = CARTESIAN_POINT ( 'NONE',  ( -0.1961538461538476500, -0.06181483124778579900, -0.1902464884845768400 ) ) ;
#7237 = CARTESIAN_POINT ( 'NONE',  ( 0.9326923076923073800, -0.2000369959355130500, -2.449746667834781800E-017 ) ) ;
#7238 = CARTESIAN_POINT ( 'NONE',  ( 0.5499999999999993800, -0.1618333292155423300, 0.1175787961237839400 ) ) ;
#7239 = CARTESIAN_POINT ( 'NONE',  ( 1.190384615384615400, 0.1236296624955716500, -0.1701616322928578600 ) ) ;
#7240 = CARTESIAN_POINT ( 'NONE',  ( 1.250000000000000000, 0.0000000000000000000, 0.2500000000000000000 ) ) ;
#7241 = CARTESIAN_POINT ( 'NONE',  ( 0.6326923076923070000, 0.2022542485937368100, 0.1469463130731183400 ) ) ;
#7242 = EDGE_CURVE ( 'NONE', #7195, #6343, #2019, .T. ) ;
#7243 = CARTESIAN_POINT ( 'NONE',  ( 0.9673076923076920900, -0.2500000000000001100, 0.08122992405822653000 ) ) ;
#7244 = CARTESIAN_POINT ( 'NONE',  ( -0.09038461538461657600, 0.06181483124778577900, 0.1902464884845768400 ) ) ;
#7245 = CARTESIAN_POINT ( 'NONE',  ( 0.6822115384615373700, -0.1570817334117988200, -0.2162044579042725600 ) ) ;
#7246 = CARTESIAN_POINT ( 'NONE',  ( 0.1653846153846142700, -0.1618333292155423300, 0.1175787961237839400 ) ) ;
#7247 = DIRECTION ( 'NONE',  ( -0.0000000000000000000, -1.000000000000000000, 1.252096997096120600E-016 ) ) ;
#7248 = CARTESIAN_POINT ( 'NONE',  ( -0.2730769230769245500, -0.06181483124778579900, -0.1902464884845768400 ) ) ;
#7249 = CARTESIAN_POINT ( 'NONE',  ( 0.5105769230769221500, -0.2583271673440811200, 0.08393558474214593600 ) ) ;
#7250 = FACE_BOUND ( 'NONE', #3267, .T. ) ;
#7251 =( BOUNDED_CURVE ( )  B_SPLINE_CURVE ( 2, ( #1762, #2433, #6933, #71, #5809, #3524, #6965, #98, #691, #4105, #5857, #6424, #1245 ),
 .UNSPECIFIED., .F., .F. ) 
 B_SPLINE_CURVE_WITH_KNOTS ( ( 3, 2, 2, 2, 2, 2, 3 ),
 ( 0.4001347460979038900, 0.4023086591413821400, 0.4066564852283386400, 0.4110043113152951300, 0.4153521374022517400, 0.4196999634892082400, 0.4218738765326864900 ),
 .UNSPECIFIED. ) 
 CURVE ( )  GEOMETRIC_REPRESENTATION_ITEM ( )  RATIONAL_B_SPLINE_CURVE ( ( 0.9755282581475767100, 0.9755282581475767100, 1.000000000000000000, 0.9510565162951534200, 1.000000000000000000, 0.9510565162951534200, 1.000000000000000000, 0.9510565162951534200, 1.000000000000000000, 0.9510565162951534200, 1.000000000000000000, 0.9755282581475767100, 0.9755282581475767100 ) ) 
 REPRESENTATION_ITEM ( '' )  );
#7252 =( NAMED_UNIT ( * ) SI_UNIT ( $, .STERADIAN. ) SOLID_ANGLE_UNIT ( ) );
#7253 = CARTESIAN_POINT ( 'NONE',  ( 0.08052982042742420900, -0.02622970236578309200, 0.2019166696992859800 ) ) ;
#7254 = CARTESIAN_POINT ( 'NONE',  ( 1.140384615384615100, -0.07725424859373683500, -0.2377641290737884100 ) ) ;
#7255 = CARTESIAN_POINT ( 'NONE',  ( 0.5230769230769222200, 0.2000369959355130000, 0.06499595995471008100 ) ) ;
#7256 = CARTESIAN_POINT ( 'NONE',  ( -0.3653846153846170300, -0.2000369959355130500, -2.449746667834781800E-017 ) ) ;
#7257 = LINE ( 'NONE', #12, #4874 ) ;
#7258 = CARTESIAN_POINT ( 'NONE',  ( 0.9749999999999998700, 0.2000369959355130000, 0.06499595995471008100 ) ) ;
#7259 = CARTESIAN_POINT ( 'NONE',  ( -0.1310429897804383000, 4.592425495698781600E-017, 0.3749999999999998300 ) ) ;
#7260 = CARTESIAN_POINT ( 'NONE',  ( 0.6153846153846147500, -3.863724120272764700E-017, 0.2103313446762957200 ) ) ;
#7261 = DIRECTION ( 'NONE',  ( 0.0000000000000000000, 0.0000000000000000000, 1.000000000000000000 ) ) ;
#7262 = CARTESIAN_POINT ( 'NONE',  ( 1.028846153846153500, 1.287908040090921200E-017, -0.2103313446762957200 ) ) ;
#7263 = CARTESIAN_POINT ( 'NONE',  ( 1.182692307692307500, -4.813149900984358400E-017, 0.2499999999999999700 ) ) ;
#7264 = CARTESIAN_POINT ( 'NONE',  ( 1.038461538461537900, -4.375590819076688800E-017, 0.2499999999999999700 ) ) ;
#7265 = ORIENTED_EDGE ( 'NONE', *, *, #2121, .T. ) ;
#7266 = EDGE_LOOP ( 'NONE', ( #4178, #4014, #2653, #4661 ) ) ;
#7267 = CARTESIAN_POINT ( 'NONE',  ( 0.08653846153846155000, -0.1411714708955339200, 0.1417230240578286600 ) ) ;
#7268 = AXIS2_PLACEMENT_3D ( 'NONE', #4240, #5959, #5366 ) ;
#7269 = CARTESIAN_POINT ( 'NONE',  ( -0.1519230769230781600, -0.1618333292155423300, 0.1175787961237839400 ) ) ;
#7270 = CARTESIAN_POINT ( 'NONE',  ( 0.6206730769230759400, 0.1570817334117988200, -0.2162044579042725600 ) ) ;
#7271 = ORIENTED_EDGE ( 'NONE', *, *, #17, .F. ) ;
#7272 = CARTESIAN_POINT ( 'NONE',  ( 0.1769230769230758200, -0.2000369959355130000, -0.06499595995471003900 ) ) ;
#7273 = CARTESIAN_POINT ( 'NONE',  ( 0.4990384615384606500, -0.07982748481806203900, 0.2456837358386569100 ) ) ;
#7274 = CARTESIAN_POINT ( 'NONE',  ( 0.3038461538461526000, -0.07725424859373682100, -0.2377641290737883800 ) ) ;
#7275 = ADVANCED_FACE ( 'NONE', ( #3639 ), #1847, .T. ) ;
#7276 = APPROVAL_ROLE ( '' ) ;
#7277 = CARTESIAN_POINT ( 'NONE',  ( 0.3326923076923067900, -0.06181483124778579900, -0.1902464884845768400 ) ) ;
#7278 = CARTESIAN_POINT ( 'NONE',  ( 0.08531209651915283600, -0.1219930518287301000, 0.1599691034849379500 ) ) ;
#7279 = ORIENTED_EDGE ( 'NONE', *, *, #5338, .T. ) ;
#7280 = DIRECTION ( 'NONE',  ( 0.0000000000000000000, 1.252096997096120600E-016, 1.000000000000000000 ) ) ;
#7281 = CARTESIAN_POINT ( 'NONE',  ( 0.6384615384615377500, -0.2000369959355130000, -0.06499595995471003900 ) ) ;
#7282 = CARTESIAN_POINT ( 'NONE',  ( -0.3576923076923092500, -0.1618333292155423300, -0.1175787961237840000 ) ) ;
#7283 = CARTESIAN_POINT ( 'NONE',  ( 0.8865384615384612800, 0.1618333292155423300, -0.1175787961237839500 ) ) ;
#7284 = EDGE_CURVE ( 'NONE', #4890, #5060, #7205, .T. ) ;
#7285 = CARTESIAN_POINT ( 'NONE',  ( 0.6807692307692302400, 0.1618333292155423300, 0.1175787961237840100 ) ) ;
#7286 = CARTESIAN_POINT ( 'NONE',  ( 1.250000000000000000, 0.0000000000000000000, 0.0000000000000000000 ) ) ;
#7287 = CARTESIAN_POINT ( 'NONE',  ( 1.075000000000000000, -0.1236296624955716700, 0.1701616322928578600 ) ) ;
#7288 = CARTESIAN_POINT ( 'NONE',  ( 1.169230769230769100, 0.2499999999999999200, -0.08122992405822653000 ) ) ;
#7289 = DIRECTION ( 'NONE',  ( 0.0000000000000000000, 0.0000000000000000000, 1.000000000000000000 ) ) ;
#7290 = CYLINDRICAL_SURFACE ( 'NONE', #2986, 0.001999999999999999600 ) ;
#7291 = B_SPLINE_CURVE_WITH_KNOTS ( 'NONE', 3,
 ( #3418, #5057, #4102, #5182, #6878, #583, #11, #2887 ),
 .UNSPECIFIED., .F., .F.,
 ( 4, 2, 2, 4 ),
 ( 0.005564589980275969800, 0.006865634521519495800, 0.008166679062763021800, 0.01076876814525007000 ),
 .UNSPECIFIED. ) ;
#7292 = CARTESIAN_POINT ( 'NONE',  ( 0.9711538461538457000, -0.2500000000000000000, -3.061616997868382400E-017 ) ) ;
#7293 = VERTEX_POINT ( 'NONE', #3367 ) ;
#7294 = CARTESIAN_POINT ( 'NONE',  ( -0.1557692307692321900, -0.1236296624955716800, 0.1701616322928578300 ) ) ;
#7295 = CARTESIAN_POINT ( 'NONE',  ( 0.6552884615384606500, -0.07854086670589945100, 0.2417239324562225900 ) ) ;
#7296 = CARTESIAN_POINT ( 'NONE',  ( 0.2076923076923065900, 0.2000369959355130000, -0.06499595995471001100 ) ) ;
#7297 = LINE ( 'NONE', #5396, #5811 ) ;
#7298 = CARTESIAN_POINT ( 'NONE',  ( 1.250000000000000000, 0.0000000000000000000, 0.2500000000000000000 ) ) ;
#7299 = CARTESIAN_POINT ( 'NONE',  ( 0.1961538461538449000, -0.07725424859373686300, 0.2377641290737883600 ) ) ;
#7300 = CARTESIAN_POINT ( 'NONE',  ( 0.07596153846153716500, 0.07982748481806199700, -0.2456837358386569100 ) ) ;
#7301 = ORIENTED_EDGE ( 'NONE', *, *, #5023, .F. ) ;
#7302 = CARTESIAN_POINT ( 'NONE',  ( 0.4403846153846146000, 0.1618333292155423300, 0.1175787961237840100 ) ) ;
#7303 = CARTESIAN_POINT ( 'NONE',  ( 1.099999999999999400, 0.2499999999999999200, 0.08122992405822664100 ) ) ;
#7304 = CARTESIAN_POINT ( 'NONE',  ( 0.2860576923076910700, -0.2541635836720405100, -3.112606192037848400E-017 ) ) ;
#7305 = DIRECTION ( 'NONE',  ( -1.000000000000000000, -0.0000000000000000000, -0.0000000000000000000 ) ) ;
#7306 = FACE_OUTER_BOUND ( 'NONE', #4040, .T. ) ;
#7307 = CARTESIAN_POINT ( 'NONE',  ( 0.4807692307692299500, -0.2000369959355130500, -2.449746667834781800E-017 ) ) ;
#7308 = CARTESIAN_POINT ( 'NONE',  ( -0.3307692307692322600, 0.2000369959355130000, -0.06499595995470999800 ) ) ;
#7309 = ORIENTED_EDGE ( 'NONE', *, *, #5551, .F. ) ;
#7310 = CARTESIAN_POINT ( 'NONE',  ( 0.9980769230769229700, -0.1236296624955716800, 0.1701616322928578300 ) ) ;
#7311 = VECTOR ( 'NONE', #6799, 39.37007874015748100 ) ;
#7312 = CARTESIAN_POINT ( 'NONE',  ( -0.5156250000000000000, 0.0000000000000000000, 0.0000000000000000000 ) ) ;
#7313 = CARTESIAN_POINT ( 'NONE',  ( 0.6384615384615377500, -0.2000369959355130000, -0.06499595995471003900 ) ) ;
#7314 = CARTESIAN_POINT ( 'NONE',  ( 0.5634615384615376800, 0.07725424859373679300, 0.2377641290737884100 ) ) ;
#7315 = CARTESIAN_POINT ( 'NONE',  ( 0.8634615384615381700, -0.1618333292155423300, -0.1175787961237840000 ) ) ;
#7316 = DIRECTION ( 'NONE',  ( 1.000000000000000000, -0.0000000000000000000, -0.0000000000000000000 ) ) ;
#7317 = DIRECTION ( 'NONE',  ( 1.000000000000000000, 0.0000000000000000000, 0.0000000000000000000 ) ) ;
#7318 = ADVANCED_FACE ( 'NONE', ( #2102 ), #585, .T. ) ;
#7319 = CARTESIAN_POINT ( 'NONE',  ( -0.1173076923076937400, 0.1236296624955716700, -0.1701616322928578600 ) ) ;
#7320 = EDGE_LOOP ( 'NONE', ( #7096, #5148, #6167, #3376 ) ) ;
#7321 = CARTESIAN_POINT ( 'NONE',  ( -0.4596153846153863100, -0.1618333292155423300, 0.1175787961237839400 ) ) ;
#7322 = CARTESIAN_POINT ( 'NONE',  ( 0.8245192307692300600, -0.2541635836720405100, -3.112606192037848400E-017 ) ) ;
#7323 = CARTESIAN_POINT ( 'NONE',  ( 0.3749999999999990600, 1.312677245723006800E-017, -0.2499999999999999700 ) ) ;
#7324 = EDGE_CURVE ( 'NONE', #2108, #1821, #605, .T. ) ;
#7325 = CARTESIAN_POINT ( 'NONE',  ( 1.250000000000000000, 0.0000000000000000000, 0.0000000000000000000 ) ) ;
#7326 = CARTESIAN_POINT ( 'NONE',  ( 0.2076923076923063200, -0.2500000000000000600, 0.08122992405822651600 ) ) ;
#7327 = CARTESIAN_POINT ( 'NONE',  ( 0.2913461538461527000, -0.2089910684901024900, -0.1518408992313406400 ) ) ;
#7328 = CARTESIAN_POINT ( 'NONE',  ( 0.04366238051507639200, -0.1520144011325891300, -0.1662869037314846900 ) ) ;
#7329 = ORIENTED_EDGE ( 'NONE', *, *, #3618, .F. ) ;
#7330 = CARTESIAN_POINT ( 'NONE',  ( 0.3942307692307685000, -0.2000369959355130500, -2.449746667834781800E-017 ) ) ;
#7331 = CARTESIAN_POINT ( 'NONE',  ( 0.08408910692551588300, -0.1004118309997843300, 0.1751395757924609800 ) ) ;
#7332 = CARTESIAN_POINT ( 'NONE',  ( 0.5091346153846143500, -0.2056226585419196600, 0.1493936061522294100 ) ) ;
#7333 = CARTESIAN_POINT ( 'NONE',  ( 1.044230769230769300, -0.2500000000000001100, 0.08122992405822653000 ) ) ;
#7334 = CARTESIAN_POINT ( 'NONE',  ( 0.5038461538461530600, 0.06181483124778582700, -0.1902464884845768100 ) ) ;
#7335 = CARTESIAN_POINT ( 'NONE',  ( -0.3115384615384629900, 0.06181483124778577900, 0.1902464884845768400 ) ) ;
#7336 = EDGE_CURVE ( 'NONE', #2938, #6393, #3108, .T. ) ;
#7337 = CARTESIAN_POINT ( 'NONE',  ( 0.7057692307692301500, -0.2000369959355130000, -0.06499595995471003900 ) ) ;
#7338 = CARTESIAN_POINT ( 'NONE',  ( 0.8519230769230765600, -0.2000369959355130200, 0.06499595995470997000 ) ) ;
#7339 = CARTESIAN_POINT ( 'NONE',  ( -0.1178621250944664900, -0.2563718585016257500, 0.3059509154443249600 ) ) ;
#7340 = CARTESIAN_POINT ( 'NONE',  ( 0.6307692307692300800, -0.2000369959355130200, 0.06499595995470997000 ) ) ;
#7341 = CARTESIAN_POINT ( 'NONE',  ( 0.4692307692307683400, 0.1545084971874737000, -0.2126627020880099400 ) ) ;
#7342 = CARTESIAN_POINT ( 'NONE',  ( 0.8365384615384611200, -3.863724120272764700E-017, 0.2103313446762957200 ) ) ;
#7343 = CARTESIAN_POINT ( 'NONE',  ( 1.175000000000000300, 0.1545084971874737000, 0.2126627020880100200 ) ) ;
#7344 = CIRCLE ( 'NONE', #1178, 0.01125000000000000000 ) ;
#7345 = CARTESIAN_POINT ( 'NONE',  ( -0.2750000000000015800, 0.06181483124778582700, -0.1902464884845768100 ) ) ;
#7346 = B_SPLINE_CURVE_WITH_KNOTS ( 'NONE', 3,
 ( #6967, #3549, #121, #6883, #1709, #2280 ),
 .UNSPECIFIED., .F., .F.,
 ( 4, 2, 4 ),
 ( 0.01567765337414117300, 0.01829084430446244900, 0.02090403523478372500 ),
 .UNSPECIFIED. ) ;
#7347 = CARTESIAN_POINT ( 'NONE',  ( -0.2788461538461553500, 1.287908040090921300E-017, -0.2103313446762957200 ) ) ;
#7348 = CARTESIAN_POINT ( 'NONE',  ( 0.5322115384615375700, -0.07854086670589939500, -0.2417239324562226500 ) ) ;
#7349 = VERTEX_POINT ( 'NONE', #6747 ) ;
#7350 =( BOUNDED_CURVE ( )  B_SPLINE_CURVE ( 2, ( #2731, #3348, #2089, #2180, #6098, #6703, #2760, #7303, #442, #6728, #3898, #1588, #2682 ),
 .UNSPECIFIED., .F., .F. ) 
 B_SPLINE_CURVE_WITH_KNOTS ( ( 3, 2, 2, 2, 2, 2, 3 ),
 ( 0.9001347493142809500, 0.9023086623577591900, 0.9066564884447156900, 0.9110043145316721900, 0.9153521406186288000, 0.9196999667055852900, 0.9218738797490635400 ),
 .UNSPECIFIED. ) 
 CURVE ( )  GEOMETRIC_REPRESENTATION_ITEM ( )  RATIONAL_B_SPLINE_CURVE ( ( 0.9755282581475768200, 0.9755282581475768200, 1.000000000000000000, 0.9510565162951535300, 1.000000000000000000, 0.9510565162951535300, 1.000000000000000000, 0.9510565162951535300, 1.000000000000000000, 0.9510565162951535300, 1.000000000000000000, 0.9755282581475768200, 0.9755282581475768200 ) ) 
 REPRESENTATION_ITEM ( '' )  );
#7351 = CARTESIAN_POINT ( 'NONE',  ( 0.8711538461538456100, 0.07725424859373679300, 0.2377641290737884100 ) ) ;
#7352 = CARTESIAN_POINT ( 'NONE',  ( 0.07980769230769092800, 0.1596549696361239700, -0.2197462137205352100 ) ) ;
#7353 = CARTESIAN_POINT ( 'NONE',  ( 0.02281250684189307600, -0.02990451043197165200, 0.2354086868041581100 ) ) ;
#7354 = VERTEX_POINT ( 'NONE', #3342 ) ;
#7355 = EDGE_LOOP ( 'NONE', ( #2395, #3810, #387, #1953 ) ) ;
#7356 = CARTESIAN_POINT ( 'NONE',  ( 0.3711538461538453900, 0.06181483124778577900, 0.1902464884845768400 ) ) ;
#7357 = CARTESIAN_POINT ( 'NONE',  ( 0.7961538461538453200, 0.2022542485937368100, 0.1469463130731183400 ) ) ;
#7358 = CARTESIAN_POINT ( 'NONE',  ( 0.3129807692307679500, 0.1570817334117988200, -0.2162044579042725600 ) ) ;
#7359 = CARTESIAN_POINT ( 'NONE',  ( -0.5051095143185527800, -0.1194135731214520800, 0.3749999999999998300 ) ) ;
#7360 = CARTESIAN_POINT ( 'NONE',  ( 0.3346153846153836500, -0.1618333292155423300, -0.1175787961237840000 ) ) ;
#7361 = CARTESIAN_POINT ( 'NONE',  ( -0.4038461538461555200, 0.2000369959355130500, 0.0000000000000000000 ) ) ;
#7362 = CARTESIAN_POINT ( 'NONE',  ( 0.5749999999999992900, 0.1236296624955716700, -0.1701616322928578600 ) ) ;
#7363 = CARTESIAN_POINT ( 'NONE',  ( 0.5942307692307686700, 0.1618333292155423300, 0.1175787961237840100 ) ) ;
#7364 = ORIENTED_EDGE ( 'NONE', *, *, #6093, .F. ) ;
#7365 = ORIENTED_EDGE ( 'NONE', *, *, #268, .T. ) ;
#7366 = CARTESIAN_POINT ( 'NONE',  ( -0.1310429897804383000, 0.03437400777819711600, 0.3749999999999998300 ) ) ;
#7367 = CARTESIAN_POINT ( 'NONE',  ( 0.4153846153846143500, -0.1236296624955716100, -0.1701616322928578600 ) ) ;
#7368 = CARTESIAN_POINT ( 'NONE',  ( 1.235584865807536600, -0.01591757962791094300, 0.2067228265001851400 ) ) ;
#7369 = CARTESIAN_POINT ( 'NONE',  ( 0.9288461538461536500, -0.2000369959355130800, 0.06499595995470997000 ) ) ;
#7370 = CARTESIAN_POINT ( 'NONE',  ( 0.6865384615384608800, 0.07725424859373684900, -0.2377641290737883800 ) ) ;
#7371 = CARTESIAN_POINT ( 'NONE',  ( -0.1442307692307706300, -0.2000369959355130500, -2.449746667834781800E-017 ) ) ;
#7372 = ORIENTED_EDGE ( 'NONE', *, *, #1409, .T. ) ;
#7373 = AXIS2_PLACEMENT_3D ( 'NONE', #2070, #901, #6599 ) ;
#7374 = CARTESIAN_POINT ( 'NONE',  ( -0.2403846153846169200, -3.863724120272764700E-017, 0.2103313446762957200 ) ) ;
#7375 = CARTESIAN_POINT ( 'NONE',  ( 0.1836538461538450000, 0.07982748481806195600, 0.2456837358386569400 ) ) ;
#7376 = CARTESIAN_POINT ( 'NONE',  ( 0.04428559507494892600, -0.1403383974518957200, -0.1757773779685050100 ) ) ;
#7377 = CARTESIAN_POINT ( 'NONE',  ( 0.3634615384615375600, 0.1618333292155423300, 0.1175787961237840100 ) ) ;
#7378 = CARTESIAN_POINT ( 'NONE',  ( 0.5346153846153837200, -0.07725424859373682100, -0.2377641290737883800 ) ) ;
#7379 = CARTESIAN_POINT ( 'NONE',  ( 0.4629807692307681400, 0.07854086670589942300, -0.2417239324562225900 ) ) ;
#7380 = CARTESIAN_POINT ( 'NONE',  ( 1.032692307692307400, -0.07725424859373689100, 0.2377641290737883800 ) ) ;
#7381 = ORIENTED_EDGE ( 'NONE', *, *, #6617, .F. ) ;
#7382 = CARTESIAN_POINT ( 'NONE',  ( 0.3423076923076913100, -0.06181483124778579900, -0.1902464884845768400 ) ) ;
#7383 = CARTESIAN_POINT ( 'NONE',  ( 1.068269230769230500, -0.07982748481806198300, -0.2456837358386569400 ) ) ;
#7384 = CARTESIAN_POINT ( 'NONE',  ( 0.6788461538461532100, 0.06181483124778577900, 0.1902464884845768400 ) ) ;
#7385 = CARTESIAN_POINT ( 'NONE',  ( 0.6019230769230763400, 0.06181483124778577900, 0.1902464884845768400 ) ) ;
#7386 = CONICAL_SURFACE ( 'NONE', #2499, 0.1923076923076925100, 0.7853981633974453900 ) ;
#7387 = EDGE_CURVE ( 'NONE', #5144, #4824, #6139, .T. ) ;
#7388 = ORIENTED_EDGE ( 'NONE', *, *, #5160, .F. ) ;
#7389 = CARTESIAN_POINT ( 'NONE',  ( 0.2807692307692297700, 0.1618333292155423300, -0.1175787961237839500 ) ) ;
#7390 = DIRECTION ( 'NONE',  ( -1.000000000000000000, 0.0000000000000000000, 0.0000000000000000000 ) ) ;
#7391 = CARTESIAN_POINT ( 'NONE',  ( 0.8557692307692305000, -0.2000369959355130500, -2.449746667834781800E-017 ) ) ;
#7392 = CARTESIAN_POINT ( 'NONE',  ( 0.6422594507097361100, 0.03959611008113402700, 0.2500000000000000600 ) ) ;
#7393 = CARTESIAN_POINT ( 'NONE',  ( -0.2442307692307706400, 0.06181483124778577900, 0.1902464884845768400 ) ) ;
#7394 = B_SPLINE_CURVE_WITH_KNOTS ( 'NONE', 3,
 ( #4019, #2695, #4979, #6164, #1700, #1154 ),
 .UNSPECIFIED., .F., .F.,
 ( 4, 2, 4 ),
 ( 0.0003400754393376447800, 0.002952332709806808600, 0.005564589980275972400 ),
 .UNSPECIFIED. ) ;
#7395 = CARTESIAN_POINT ( 'NONE',  ( -0.3250000000000015700, 0.1236296624955716000, 0.1701616322928579100 ) ) ;
#7396 = EDGE_LOOP ( 'NONE', ( #1575, #3454, #2899, #1539 ) ) ;
#7397 = AXIS2_PLACEMENT_3D ( 'NONE', #1992, #6567, #4293 ) ;
#7398 = CARTESIAN_POINT ( 'NONE',  ( -0.4125000000000018700, -0.2583271673440811200, 0.08393558474214593600 ) ) ;
#7399 = CARTESIAN_POINT ( 'NONE',  ( -0.1701923076923094200, -0.2089910684901024900, -0.1518408992313406400 ) ) ;
#7400 = CARTESIAN_POINT ( 'NONE',  ( -0.04296874999999996500, 6.460612654415660300E-017, 0.5275490581377251200 ) ) ;
#7401 = CARTESIAN_POINT ( 'NONE',  ( 0.2288461538461528400, -0.1236296624955716700, 0.1701616322928578600 ) ) ;
#7402 = CARTESIAN_POINT ( 'NONE',  ( 0.7730769230769223300, 0.07725424859373684900, -0.2377641290737883600 ) ) ;
#7403 = CARTESIAN_POINT ( 'NONE',  ( 0.3168269230769219000, 0.2056226585419196600, -0.1493936061522294400 ) ) ;
#7404 = DIRECTION ( 'NONE',  ( -0.8660254037844380400, 0.0000000000000000000, -0.5000000000000010000 ) ) ;
#7405 = CARTESIAN_POINT ( 'NONE',  ( 0.9038461538461534100, 0.2000369959355130500, 0.0000000000000000000 ) ) ;
#7406 = CARTESIAN_POINT ( 'NONE',  ( 0.3846153846153835800, -3.863724120272764700E-017, 0.2103313446762957200 ) ) ;
#7407 = CARTESIAN_POINT ( 'NONE',  ( 1.041346153846153500, -0.1596549696361239900, 0.2197462137205351800 ) ) ;
#7408 = CARTESIAN_POINT ( 'NONE',  ( 0.6365384615384611600, -0.1236296624955716100, -0.1701616322928578600 ) ) ;
#7409 = CARTESIAN_POINT ( 'NONE',  ( 0.5096153846153840300, 0.2000369959355130500, 0.0000000000000000000 ) ) ;
ENDSEC;
END-ISO-10303-21;
