ISO-10303-21;
HEADER;
/* Generated by software containing ST-Developer
 * from STEP Tools, Inc. (www.steptools.com) 
 */

FILE_DESCRIPTION(
/* description */ ('5/16"-18 X 3/8"DIA Alloy Steel Shoulder Screw'),
/* implementation_level */ '2;1');

FILE_NAME(
/* name */ '91259A177.stp',
/* time_stamp */ '2025-12-15T14:41:15-06:00',
/* author */ ('Administrator'),
/* organization */ ('Managed by Terraform'),
/* preprocessor_version */ 'ST-DEVELOPER v20',
/* originating_system */ 'Autodesk Inventor 2025',
/* authorisation */ '');

FILE_SCHEMA (('AUTOMOTIVE_DESIGN { 1 0 10303 214 3 1 1 }'));
ENDSEC;

DATA;
#10=MECHANICAL_DESIGN_GEOMETRIC_PRESENTATION_REPRESENTATION('',(#16),#12102);
#11=GEOMETRICALLY_BOUNDED_WIREFRAME_SHAPE_REPRESENTATION('',(#12),#12101);
#12=GEOMETRIC_CURVE_SET('Sketch12',(#12098));
#13=SHAPE_REPRESENTATION_RELATIONSHIP('SRR','None',#12113,#15);
#14=SHAPE_REPRESENTATION_RELATIONSHIP('SRR','None',#12113,#11);
#15=ADVANCED_BREP_SHAPE_REPRESENTATION('',(#17),#12101);
#16=STYLED_ITEM('',(#12122),#17);
#17=MANIFOLD_SOLID_BREP('Solid3',#6120);
#18=(
BOUNDED_SURFACE()
B_SPLINE_SURFACE(1,2,((#10679,#10680,#10681,#10682,#10683,#10684,#10685,
#10686,#10687,#10688,#10689,#10690,#10691,#10692,#10693,#10694,#10695,#10696,
#10697,#10698,#10699,#10700,#10701,#10702,#10703,#10704,#10705,#10706,#10707,
#10708,#10709,#10710,#10711,#10712,#10713,#10714,#10715,#10716,#10717,#10718,
#10719,#10720,#10721,#10722,#10723,#10724,#10725,#10726,#10727,#10728,#10729,
#10730,#10731,#10732,#10733,#10734,#10735,#10736,#10737,#10738,#10739,#10740,
#10741,#10742,#10743,#10744,#10745,#10746,#10747,#10748,#10749,#10750,#10751,
#10752,#10753,#10754,#10755,#10756,#10757,#10758,#10759,#10760,#10761,#10762,
#10763,#10764,#10765,#10766,#10767,#10768,#10769,#10770,#10771,#10772,#10773,
#10774,#10775,#10776,#10777,#10778,#10779,#10780,#10781,#10782,#10783,#10784,
#10785,#10786,#10787,#10788,#10789,#10790,#10791,#10792,#10793,#10794,#10795,
#10796,#10797,#10798,#10799,#10800,#10801,#10802,#10803,#10804,#10805,#10806,
#10807,#10808,#10809,#10810,#10811,#10812,#10813,#10814,#10815,#10816,#10817),
(#10818,#10819,#10820,#10821,#10822,#10823,#10824,#10825,#10826,#10827,
#10828,#10829,#10830,#10831,#10832,#10833,#10834,#10835,#10836,#10837,#10838,
#10839,#10840,#10841,#10842,#10843,#10844,#10845,#10846,#10847,#10848,#10849,
#10850,#10851,#10852,#10853,#10854,#10855,#10856,#10857,#10858,#10859,#10860,
#10861,#10862,#10863,#10864,#10865,#10866,#10867,#10868,#10869,#10870,#10871,
#10872,#10873,#10874,#10875,#10876,#10877,#10878,#10879,#10880,#10881,#10882,
#10883,#10884,#10885,#10886,#10887,#10888,#10889,#10890,#10891,#10892,#10893,
#10894,#10895,#10896,#10897,#10898,#10899,#10900,#10901,#10902,#10903,#10904,
#10905,#10906,#10907,#10908,#10909,#10910,#10911,#10912,#10913,#10914,#10915,
#10916,#10917,#10918,#10919,#10920,#10921,#10922,#10923,#10924,#10925,#10926,
#10927,#10928,#10929,#10930,#10931,#10932,#10933,#10934,#10935,#10936,#10937,
#10938,#10939,#10940,#10941,#10942,#10943,#10944,#10945,#10946,#10947,#10948,
#10949,#10950,#10951,#10952,#10953,#10954,#10955,#10956)),.UNSPECIFIED.,
 .F.,.F.,.F.)
B_SPLINE_SURFACE_WITH_KNOTS((2,2),(3,2,2,2,2,2,2,2,2,2,2,2,2,2,2,2,2,2,
2,2,2,2,2,2,2,2,2,2,2,2,2,2,2,2,2,2,2,2,2,2,2,2,2,2,2,2,2,2,2,2,2,2,2,2,
2,2,2,2,2,2,2,2,2,2,2,2,2,2,2,3),(0.,1.),(0.,0.0138888888888889,0.0277777777777778,
0.0416666666666667,0.0555555555555556,0.0694444444444444,0.0833333333333333,
0.0972222222222222,0.111111111111111,0.125,0.138888888888889,0.152777777777778,
0.166666666666667,0.180555555555556,0.194444444444444,0.208333333333333,
0.222222222222222,0.236111111111111,0.25,0.263888888888889,0.277777777777778,
0.291666666666667,0.305555555555556,0.319444444444444,0.333333333333333,
0.347222222222222,0.361111111111111,0.375,0.388888888888889,0.402777777777778,
0.416666666666667,0.430555555555556,0.444444444444444,0.458333333333333,
0.472222222222222,0.486111111111111,0.5,0.513888888888889,0.527777777777778,
0.541666666666667,0.555555555555556,0.569444444444444,0.583333333333333,
0.597222222222222,0.611111111111111,0.625,0.638888888888889,0.652777777777778,
0.666666666666667,0.680555555555556,0.694444444444444,0.708333333333333,
0.722222222222222,0.736111111111111,0.75,0.763888888888889,0.777777777777778,
0.791666666666667,0.805555555555556,0.819444444444444,0.833333333333333,
0.847222222222222,0.861111111111111,0.875,0.888888888888889,0.902777777777778,
0.916666666666667,0.930555555555556,0.942189013344748,0.951610903478196),
 .UNSPECIFIED.)
GEOMETRIC_REPRESENTATION_ITEM()
RATIONAL_B_SPLINE_SURFACE(((1.,0.923879532511287,1.,0.923879532511287,1.,
0.923879532511287,1.,0.923879532511287,1.,0.923879532511287,1.,0.923879532511287,
1.,0.923879532511287,1.,0.923879532511287,1.,0.923879532511287,1.,0.923879532511287,
1.,0.923879532511287,1.,0.923879532511287,1.,0.923879532511287,1.,0.923879532511287,
1.,0.923879532511287,1.,0.923879532511287,1.,0.923879532511287,1.,0.923879532511287,
1.,0.923879532511287,1.,0.923879532511287,1.,0.923879532511287,1.,0.923879532511287,
1.,0.923879532511287,1.,0.923879532511287,1.,0.923879532511287,1.,0.923879532511287,
1.,0.923879532511287,1.,0.923879532511287,1.,0.923879532511287,1.,0.923879532511287,
1.,0.923879532511287,1.,0.923879532511287,1.,0.923879532511287,1.,0.923879532511287,
1.,0.923879532511287,1.,0.923879532511287,1.,0.923879532511287,1.,0.923879532511287,
1.,0.923879532511287,1.,0.923879532511287,1.,0.923879532511287,1.,0.923879532511287,
1.,0.923879532511287,1.,0.923879532511287,1.,0.923879532511287,1.,0.923879532511287,
1.,0.923879532511287,1.,0.923879532511287,1.,0.923879532511287,1.,0.923879532511287,
1.,0.923879532511287,1.,0.923879532511287,1.,0.923879532511287,1.,0.923879532511287,
1.,0.923879532511287,1.,0.923879532511287,1.,0.923879532511287,1.,0.923879532511287,
1.,0.923879532511287,1.,0.923879532511287,1.,0.923879532511287,1.,0.923879532511287,
1.,0.923879532511287,1.,0.923879532511287,1.,0.923879532511287,1.,0.923879532511287,
1.,0.923879532511287,1.,0.936240814329504,0.979292159163633,0.979292159163633,
0.979292159163633),(1.,0.923879532511287,1.,0.923879532511287,1.,0.923879532511287,
1.,0.923879532511287,1.,0.923879532511287,1.,0.923879532511287,1.,0.923879532511287,
1.,0.923879532511287,1.,0.923879532511287,1.,0.923879532511287,1.,0.923879532511287,
1.,0.923879532511287,1.,0.923879532511287,1.,0.923879532511287,1.,0.923879532511287,
1.,0.923879532511287,1.,0.923879532511287,1.,0.923879532511287,1.,0.923879532511287,
1.,0.923879532511287,1.,0.923879532511287,1.,0.923879532511287,1.,0.923879532511287,
1.,0.923879532511287,1.,0.923879532511287,1.,0.923879532511287,1.,0.923879532511287,
1.,0.923879532511287,1.,0.923879532511287,1.,0.923879532511287,1.,0.923879532511287,
1.,0.923879532511287,1.,0.923879532511287,1.,0.923879532511287,1.,0.923879532511287,
1.,0.923879532511287,1.,0.923879532511287,1.,0.923879532511287,1.,0.923879532511287,
1.,0.923879532511287,1.,0.923879532511287,1.,0.923879532511287,1.,0.923879532511287,
1.,0.923879532511287,1.,0.923879532511287,1.,0.923879532511287,1.,0.923879532511287,
1.,0.923879532511287,1.,0.923879532511287,1.,0.923879532511287,1.,0.923879532511287,
1.,0.923879532511287,1.,0.923879532511287,1.,0.923879532511287,1.,0.923879532511287,
1.,0.923879532511287,1.,0.923879532511287,1.,0.923879532511287,1.,0.923879532511287,
1.,0.923879532511287,1.,0.923879532511287,1.,0.923879532511287,1.,0.923879532511287,
1.,0.923879532511287,1.,0.923879532511287,1.,0.923879532511287,1.,0.923879532511287,
1.,0.936240814329504,0.979292159163633,0.979292159163633,0.979292159163633)))
REPRESENTATION_ITEM('')
SURFACE()
);
#19=(
BOUNDED_SURFACE()
B_SPLINE_SURFACE(1,2,((#10957,#10958,#10959,#10960,#10961,#10962,#10963,
#10964,#10965,#10966,#10967,#10968,#10969,#10970,#10971,#10972,#10973,#10974,
#10975,#10976,#10977,#10978,#10979,#10980,#10981,#10982,#10983,#10984,#10985,
#10986,#10987,#10988,#10989,#10990,#10991,#10992,#10993,#10994,#10995,#10996,
#10997,#10998,#10999,#11000,#11001,#11002,#11003,#11004,#11005,#11006,#11007,
#11008,#11009,#11010,#11011,#11012,#11013,#11014,#11015,#11016,#11017,#11018,
#11019,#11020,#11021,#11022,#11023,#11024,#11025,#11026,#11027,#11028,#11029,
#11030,#11031,#11032,#11033,#11034,#11035,#11036,#11037,#11038,#11039,#11040,
#11041,#11042,#11043,#11044,#11045,#11046,#11047,#11048,#11049,#11050,#11051,
#11052,#11053,#11054,#11055,#11056,#11057,#11058,#11059,#11060,#11061,#11062,
#11063,#11064,#11065,#11066,#11067,#11068,#11069,#11070,#11071,#11072,#11073,
#11074,#11075,#11076,#11077,#11078,#11079,#11080,#11081,#11082,#11083,#11084,
#11085,#11086,#11087,#11088,#11089,#11090,#11091,#11092,#11093),(#11094,
#11095,#11096,#11097,#11098,#11099,#11100,#11101,#11102,#11103,#11104,#11105,
#11106,#11107,#11108,#11109,#11110,#11111,#11112,#11113,#11114,#11115,#11116,
#11117,#11118,#11119,#11120,#11121,#11122,#11123,#11124,#11125,#11126,#11127,
#11128,#11129,#11130,#11131,#11132,#11133,#11134,#11135,#11136,#11137,#11138,
#11139,#11140,#11141,#11142,#11143,#11144,#11145,#11146,#11147,#11148,#11149,
#11150,#11151,#11152,#11153,#11154,#11155,#11156,#11157,#11158,#11159,#11160,
#11161,#11162,#11163,#11164,#11165,#11166,#11167,#11168,#11169,#11170,#11171,
#11172,#11173,#11174,#11175,#11176,#11177,#11178,#11179,#11180,#11181,#11182,
#11183,#11184,#11185,#11186,#11187,#11188,#11189,#11190,#11191,#11192,#11193,
#11194,#11195,#11196,#11197,#11198,#11199,#11200,#11201,#11202,#11203,#11204,
#11205,#11206,#11207,#11208,#11209,#11210,#11211,#11212,#11213,#11214,#11215,
#11216,#11217,#11218,#11219,#11220,#11221,#11222,#11223,#11224,#11225,#11226,
#11227,#11228,#11229,#11230)),.UNSPECIFIED.,.F.,.F.,.F.)
B_SPLINE_SURFACE_WITH_KNOTS((2,2),(3,2,2,2,2,2,2,2,2,2,2,2,2,2,2,2,2,2,
2,2,2,2,2,2,2,2,2,2,2,2,2,2,2,2,2,2,2,2,2,2,2,2,2,2,2,2,2,2,2,2,2,2,2,2,
2,2,2,2,2,2,2,2,2,2,2,2,2,2,3),(0.,1.),(0.,0.0138888888888889,0.0277777777777778,
0.0416666666666667,0.0555555555555556,0.0694444444444444,0.0833333333333333,
0.0972222222222222,0.111111111111111,0.125,0.138888888888889,0.152777777777778,
0.166666666666667,0.180555555555556,0.194444444444444,0.208333333333333,
0.222222222222222,0.236111111111111,0.25,0.263888888888889,0.277777777777778,
0.291666666666667,0.305555555555556,0.319444444444444,0.333333333333333,
0.347222222222222,0.361111111111111,0.375,0.388888888888889,0.402777777777778,
0.416666666666667,0.430555555555556,0.444444444444444,0.458333333333333,
0.472222222222222,0.486111111111111,0.5,0.513888888888889,0.527777777777778,
0.541666666666667,0.555555555555556,0.569444444444444,0.583333333333333,
0.597222222222222,0.611111111111111,0.625,0.638888888888889,0.652777777777778,
0.666666666666667,0.680555555555556,0.694444444444444,0.708333333333333,
0.722222222222222,0.736111111111111,0.75,0.763888888888889,0.777777777777778,
0.791666666666667,0.805555555555556,0.819444444444444,0.833333333333333,
0.847222222222222,0.861111111111111,0.875,0.888888888888889,0.902777777777778,
0.916666666666667,0.930555555555556,0.942189127122484),.UNSPECIFIED.)
GEOMETRIC_REPRESENTATION_ITEM()
RATIONAL_B_SPLINE_SURFACE(((1.,0.923879532511287,1.,0.923879532511287,1.,
0.923879532511287,1.,0.923879532511287,1.,0.923879532511287,1.,0.923879532511287,
1.,0.923879532511287,1.,0.923879532511287,1.,0.923879532511287,1.,0.923879532511287,
1.,0.923879532511287,1.,0.923879532511287,1.,0.923879532511287,1.,0.923879532511287,
1.,0.923879532511287,1.,0.923879532511287,1.,0.923879532511287,1.,0.923879532511287,
1.,0.923879532511287,1.,0.923879532511287,1.,0.923879532511287,1.,0.923879532511287,
1.,0.923879532511287,1.,0.923879532511287,1.,0.923879532511287,1.,0.923879532511287,
1.,0.923879532511287,1.,0.923879532511287,1.,0.923879532511287,1.,0.923879532511287,
1.,0.923879532511287,1.,0.923879532511287,1.,0.923879532511287,1.,0.923879532511287,
1.,0.923879532511287,1.,0.923879532511287,1.,0.923879532511287,1.,0.923879532511287,
1.,0.923879532511287,1.,0.923879532511287,1.,0.923879532511287,1.,0.923879532511287,
1.,0.923879532511287,1.,0.923879532511287,1.,0.923879532511287,1.,0.923879532511287,
1.,0.923879532511287,1.,0.923879532511287,1.,0.923879532511287,1.,0.923879532511287,
1.,0.923879532511287,1.,0.923879532511287,1.,0.923879532511287,1.,0.923879532511287,
1.,0.923879532511287,1.,0.923879532511287,1.,0.923879532511287,1.,0.923879532511287,
1.,0.923879532511287,1.,0.923879532511287,1.,0.923879532511287,1.,0.923879532511287,
1.,0.923879532511287,1.,0.923879532511287,1.,0.923879532511287,1.,0.923879532511287,
1.,0.923879532511287,1.,0.936240190750863,0.979293001276798),(1.,0.923879532511287,
1.,0.923879532511287,1.,0.923879532511287,1.,0.923879532511287,1.,0.923879532511287,
1.,0.923879532511287,1.,0.923879532511287,1.,0.923879532511287,1.,0.923879532511287,
1.,0.923879532511287,1.,0.923879532511287,1.,0.923879532511287,1.,0.923879532511287,
1.,0.923879532511287,1.,0.923879532511287,1.,0.923879532511287,1.,0.923879532511287,
1.,0.923879532511287,1.,0.923879532511287,1.,0.923879532511287,1.,0.923879532511287,
1.,0.923879532511287,1.,0.923879532511287,1.,0.923879532511287,1.,0.923879532511287,
1.,0.923879532511287,1.,0.923879532511287,1.,0.923879532511287,1.,0.923879532511287,
1.,0.923879532511287,1.,0.923879532511287,1.,0.923879532511287,1.,0.923879532511287,
1.,0.923879532511287,1.,0.923879532511287,1.,0.923879532511287,1.,0.923879532511287,
1.,0.923879532511287,1.,0.923879532511287,1.,0.923879532511287,1.,0.923879532511287,
1.,0.923879532511287,1.,0.923879532511287,1.,0.923879532511287,1.,0.923879532511287,
1.,0.923879532511287,1.,0.923879532511287,1.,0.923879532511287,1.,0.923879532511287,
1.,0.923879532511287,1.,0.923879532511287,1.,0.923879532511287,1.,0.923879532511287,
1.,0.923879532511287,1.,0.923879532511287,1.,0.923879532511287,1.,0.923879532511287,
1.,0.923879532511287,1.,0.923879532511287,1.,0.923879532511287,1.,0.923879532511287,
1.,0.923879532511287,1.,0.923879532511287,1.,0.923879532511287,1.,0.923879532511287,
1.,0.923879532511287,1.,0.923879532511287,1.,0.936240190750863,0.979293001276798)))
REPRESENTATION_ITEM('')
SURFACE()
);
#20=FACE_BOUND('',#773,.T.);
#21=FACE_BOUND('',#775,.T.);
#22=FACE_BOUND('',#809,.T.);
#23=PLANE('',#6344);
#24=PLANE('',#6346);
#25=PLANE('',#6350);
#26=PLANE('',#6351);
#27=PLANE('',#6352);
#28=PLANE('',#6430);
#29=PLANE('',#6431);
#30=PLANE('',#6432);
#31=PLANE('',#6433);
#32=PLANE('',#6434);
#33=PLANE('',#6435);
#34=PLANE('',#6436);
#35=PLANE('',#6437);
#36=PLANE('',#6438);
#37=PLANE('',#6439);
#38=PLANE('',#6440);
#39=PLANE('',#6441);
#40=PLANE('',#6442);
#41=PLANE('',#6443);
#42=PLANE('',#6444);
#43=PLANE('',#6445);
#44=PLANE('',#6446);
#45=PLANE('',#6447);
#46=PLANE('',#6448);
#47=PLANE('',#6449);
#48=PLANE('',#6450);
#49=PLANE('',#6451);
#50=PLANE('',#6452);
#51=PLANE('',#6453);
#52=PLANE('',#6454);
#53=PLANE('',#6455);
#54=PLANE('',#6456);
#55=PLANE('',#6457);
#56=PLANE('',#6458);
#57=PLANE('',#6459);
#58=PLANE('',#6460);
#59=PLANE('',#6461);
#60=PLANE('',#6462);
#61=PLANE('',#6463);
#62=PLANE('',#6464);
#63=PLANE('',#6465);
#64=PLANE('',#6466);
#65=PLANE('',#6467);
#66=PLANE('',#6468);
#67=PLANE('',#6469);
#68=PLANE('',#6470);
#69=PLANE('',#6471);
#70=PLANE('',#6472);
#71=PLANE('',#6473);
#72=PLANE('',#6474);
#73=PLANE('',#6475);
#74=PLANE('',#6476);
#75=PLANE('',#6477);
#76=PLANE('',#6478);
#77=PLANE('',#6479);
#78=PLANE('',#6480);
#79=PLANE('',#6481);
#80=PLANE('',#6482);
#81=PLANE('',#6483);
#82=PLANE('',#6484);
#83=PLANE('',#6485);
#84=PLANE('',#6486);
#85=PLANE('',#6487);
#86=PLANE('',#6488);
#87=PLANE('',#6489);
#88=PLANE('',#6490);
#89=PLANE('',#6491);
#90=PLANE('',#6492);
#91=PLANE('',#6493);
#92=PLANE('',#6494);
#93=PLANE('',#6495);
#94=PLANE('',#6496);
#95=PLANE('',#6497);
#96=PLANE('',#6498);
#97=PLANE('',#6499);
#98=PLANE('',#6500);
#99=PLANE('',#6501);
#100=PLANE('',#6502);
#101=PLANE('',#6503);
#102=PLANE('',#6504);
#103=PLANE('',#6505);
#104=PLANE('',#6506);
#105=PLANE('',#6507);
#106=PLANE('',#6508);
#107=PLANE('',#6509);
#108=PLANE('',#6510);
#109=PLANE('',#6511);
#110=PLANE('',#6512);
#111=PLANE('',#6513);
#112=PLANE('',#6514);
#113=PLANE('',#6515);
#114=PLANE('',#6516);
#115=PLANE('',#6520);
#116=PLANE('',#6521);
#117=PLANE('',#6522);
#118=PLANE('',#6526);
#119=PLANE('',#6527);
#120=PLANE('',#6528);
#121=PLANE('',#6532);
#122=PLANE('',#6533);
#123=PLANE('',#6534);
#124=PLANE('',#6538);
#125=PLANE('',#6539);
#126=PLANE('',#6540);
#127=PLANE('',#6544);
#128=PLANE('',#6545);
#129=PLANE('',#6546);
#130=PLANE('',#6550);
#131=PLANE('',#6551);
#132=PLANE('',#6552);
#133=PLANE('',#6556);
#134=PLANE('',#6557);
#135=PLANE('',#6558);
#136=PLANE('',#6562);
#137=PLANE('',#6563);
#138=PLANE('',#6564);
#139=PLANE('',#6568);
#140=PLANE('',#6569);
#141=PLANE('',#6570);
#142=PLANE('',#6574);
#143=PLANE('',#6575);
#144=PLANE('',#6576);
#145=PLANE('',#6580);
#146=PLANE('',#6581);
#147=PLANE('',#6582);
#148=PLANE('',#6586);
#149=PLANE('',#6587);
#150=PLANE('',#6588);
#151=PLANE('',#6592);
#152=PLANE('',#6593);
#153=PLANE('',#6594);
#154=PLANE('',#6598);
#155=PLANE('',#6599);
#156=PLANE('',#6600);
#157=PLANE('',#6604);
#158=PLANE('',#6605);
#159=PLANE('',#6606);
#160=PLANE('',#6610);
#161=PLANE('',#6611);
#162=PLANE('',#6612);
#163=PLANE('',#6616);
#164=PLANE('',#6617);
#165=PLANE('',#6618);
#166=PLANE('',#6622);
#167=PLANE('',#6623);
#168=PLANE('',#6624);
#169=PLANE('',#6628);
#170=PLANE('',#6629);
#171=PLANE('',#6630);
#172=PLANE('',#6634);
#173=PLANE('',#6635);
#174=PLANE('',#6636);
#175=PLANE('',#6640);
#176=PLANE('',#6641);
#177=PLANE('',#6642);
#178=PLANE('',#6646);
#179=PLANE('',#6647);
#180=PLANE('',#6648);
#181=PLANE('',#6652);
#182=PLANE('',#6653);
#183=PLANE('',#6654);
#184=PLANE('',#6658);
#185=PLANE('',#6659);
#186=PLANE('',#6660);
#187=PLANE('',#6664);
#188=PLANE('',#6665);
#189=PLANE('',#6666);
#190=PLANE('',#6670);
#191=PLANE('',#6671);
#192=PLANE('',#6672);
#193=PLANE('',#6676);
#194=PLANE('',#6677);
#195=PLANE('',#6678);
#196=PLANE('',#6682);
#197=PLANE('',#6683);
#198=PLANE('',#6684);
#199=PLANE('',#6688);
#200=PLANE('',#6689);
#201=PLANE('',#6690);
#202=PLANE('',#6694);
#203=PLANE('',#6695);
#204=PLANE('',#6696);
#205=PLANE('',#6700);
#206=PLANE('',#6701);
#207=PLANE('',#6702);
#208=PLANE('',#6706);
#209=PLANE('',#6707);
#210=PLANE('',#6708);
#211=PLANE('',#6712);
#212=PLANE('',#6713);
#213=PLANE('',#6714);
#214=PLANE('',#6718);
#215=PLANE('',#6719);
#216=PLANE('',#6720);
#217=PLANE('',#6724);
#218=PLANE('',#6725);
#219=PLANE('',#6726);
#220=PLANE('',#6730);
#221=PLANE('',#6731);
#222=PLANE('',#6732);
#223=PLANE('',#6736);
#224=PLANE('',#6737);
#225=PLANE('',#6738);
#226=PLANE('',#6742);
#227=PLANE('',#6743);
#228=PLANE('',#6744);
#229=PLANE('',#6748);
#230=PLANE('',#6749);
#231=PLANE('',#6750);
#232=PLANE('',#6754);
#233=PLANE('',#6755);
#234=PLANE('',#6756);
#235=PLANE('',#6760);
#236=PLANE('',#6761);
#237=PLANE('',#6762);
#238=PLANE('',#6766);
#239=SPHERICAL_SURFACE('',#6310,0.005625);
#240=SPHERICAL_SURFACE('',#6318,0.005625);
#241=SPHERICAL_SURFACE('',#6361,0.005625);
#242=SPHERICAL_SURFACE('',#6367,0.005625);
#243=SPHERICAL_SURFACE('',#6371,0.005625);
#244=SPHERICAL_SURFACE('',#6376,0.005625);
#245=CONICAL_SURFACE('',#6252,0.26625,0.785398163397448);
#246=CONICAL_SURFACE('',#6332,0.16875,0.785398163397442);
#247=CONICAL_SURFACE('',#6348,0.142611111111111,0.785398163397447);
#248=CONICAL_SURFACE('',#6349,0.1565,0.785398163397452);
#249=ELLIPSE('',#6167,0.397747564417432,0.28125);
#250=ELLIPSE('',#6209,0.397747564417432,0.28125);
#251=ELLIPSE('',#6210,0.397747564417432,0.28125);
#252=TOROIDAL_SURFACE('',#6162,0.845911160714278,0.565361160714278);
#253=TOROIDAL_SURFACE('',#6296,0.01125,0.005625);
#254=TOROIDAL_SURFACE('',#6314,0.787812499999981,0.005625);
#255=TOROIDAL_SURFACE('',#6321,0.275625,0.005625);
#256=TOROIDAL_SURFACE('',#6325,0.13152671928676,0.0111111111111112);
#257=TOROIDAL_SURFACE('',#6328,0.18,0.01125);
#258=TOROIDAL_SURFACE('',#6358,0.787812499999981,0.005625);
#259=TOROIDAL_SURFACE('',#6364,0.787812499999981,0.005625);
#260=TOROIDAL_SURFACE('',#6369,0.787812499999981,0.005625);
#261=TOROIDAL_SURFACE('',#6373,0.787812499999981,0.005625);
#262=TOROIDAL_SURFACE('',#6379,0.787812499999981,0.005625);
#263=TOROIDAL_SURFACE('',#6398,0.776562499999981,0.005625);
#264=TOROIDAL_SURFACE('',#6401,0.776562499999981,0.005625);
#265=TOROIDAL_SURFACE('',#6404,0.01125,0.005625);
#266=TOROIDAL_SURFACE('',#6407,0.776562499999981,0.005625);
#267=TOROIDAL_SURFACE('',#6410,0.01125,0.005625);
#268=TOROIDAL_SURFACE('',#6413,0.776562499999981,0.005625);
#269=TOROIDAL_SURFACE('',#6416,0.01125,0.005625);
#270=TOROIDAL_SURFACE('',#6419,0.776562499999981,0.005625);
#271=TOROIDAL_SURFACE('',#6422,0.01125,0.005625);
#272=TOROIDAL_SURFACE('',#6425,0.776562499999981,0.005625);
#273=TOROIDAL_SURFACE('',#6428,0.01125,0.005625);
#274=TOROIDAL_SURFACE('',#6518,0.27925,0.002);
#275=TOROIDAL_SURFACE('',#6524,0.27925,0.002);
#276=TOROIDAL_SURFACE('',#6530,0.27925,0.002);
#277=TOROIDAL_SURFACE('',#6536,0.27925,0.002);
#278=TOROIDAL_SURFACE('',#6542,0.27925,0.002);
#279=TOROIDAL_SURFACE('',#6548,0.27925,0.002);
#280=TOROIDAL_SURFACE('',#6554,0.27925,0.002);
#281=TOROIDAL_SURFACE('',#6560,0.27925,0.002);
#282=TOROIDAL_SURFACE('',#6566,0.27925,0.002);
#283=TOROIDAL_SURFACE('',#6572,0.27925,0.002);
#284=TOROIDAL_SURFACE('',#6578,0.27925,0.002);
#285=TOROIDAL_SURFACE('',#6584,0.27925,0.002);
#286=TOROIDAL_SURFACE('',#6590,0.27925,0.002);
#287=TOROIDAL_SURFACE('',#6596,0.27925,0.002);
#288=TOROIDAL_SURFACE('',#6602,0.27925,0.002);
#289=TOROIDAL_SURFACE('',#6608,0.27925,0.002);
#290=TOROIDAL_SURFACE('',#6614,0.27925,0.002);
#291=TOROIDAL_SURFACE('',#6620,0.27925,0.002);
#292=TOROIDAL_SURFACE('',#6626,0.27925,0.002);
#293=TOROIDAL_SURFACE('',#6632,0.27925,0.002);
#294=TOROIDAL_SURFACE('',#6638,0.27925,0.002);
#295=TOROIDAL_SURFACE('',#6644,0.27925,0.002);
#296=TOROIDAL_SURFACE('',#6650,0.27925,0.002);
#297=TOROIDAL_SURFACE('',#6656,0.27925,0.002);
#298=TOROIDAL_SURFACE('',#6662,0.27925,0.002);
#299=TOROIDAL_SURFACE('',#6668,0.27925,0.002);
#300=TOROIDAL_SURFACE('',#6674,0.27925,0.002);
#301=TOROIDAL_SURFACE('',#6680,0.27925,0.002);
#302=TOROIDAL_SURFACE('',#6686,0.27925,0.002);
#303=TOROIDAL_SURFACE('',#6692,0.27925,0.002);
#304=TOROIDAL_SURFACE('',#6698,0.27925,0.002);
#305=TOROIDAL_SURFACE('',#6704,0.27925,0.002);
#306=TOROIDAL_SURFACE('',#6710,0.27925,0.002);
#307=TOROIDAL_SURFACE('',#6716,0.27925,0.002);
#308=TOROIDAL_SURFACE('',#6722,0.27925,0.002);
#309=TOROIDAL_SURFACE('',#6728,0.27925,0.002);
#310=TOROIDAL_SURFACE('',#6734,0.27925,0.002);
#311=TOROIDAL_SURFACE('',#6740,0.27925,0.002);
#312=TOROIDAL_SURFACE('',#6746,0.27925,0.002);
#313=TOROIDAL_SURFACE('',#6752,0.27925,0.002);
#314=TOROIDAL_SURFACE('',#6758,0.27925,0.002);
#315=TOROIDAL_SURFACE('',#6764,0.27925,0.002);
#316=(
BOUNDED_CURVE()
B_SPLINE_CURVE(2,(#9044,#9045,#9046,#9047,#9048,#9049,#9050,#9051,#9052,
#9053,#9054),.UNSPECIFIED.,.F.,.F.)
B_SPLINE_CURVE_WITH_KNOTS((3,2,2,2,2,3),(0.04422325143352,0.0589643352446935,
0.0737054190558669,0.0884465028670404,0.103187586678214,0.117928670489387),
 .UNSPECIFIED.)
CURVE()
GEOMETRIC_REPRESENTATION_ITEM()
RATIONAL_B_SPLINE_CURVE((1.,0.923879532511284,1.,0.923879532511287,1.,0.923879532511287,
1.,0.923879532511287,1.,0.923879532511287,1.))
REPRESENTATION_ITEM('')
);
#317=(
BOUNDED_CURVE()
B_SPLINE_CURVE(2,(#9081,#9082,#9083,#9084,#9085,#9086,#9087,#9088,#9089,
#9090,#9091,#9092,#9093,#9094,#9095,#9096,#9097),.UNSPECIFIED.,.F.,.F.)
B_SPLINE_CURVE_WITH_KNOTS((3,2,2,2,2,2,2,2,3),(0.117928670489387,0.132669754300561,
0.147410838111734,0.162151921922908,0.176893005734081,0.191634089545255,
0.206375173356428,0.221116257167601,0.235857340978775),.UNSPECIFIED.)
CURVE()
GEOMETRIC_REPRESENTATION_ITEM()
RATIONAL_B_SPLINE_CURVE((1.,0.923879532511287,1.,0.923879532511287,1.,0.923879532511287,
1.,0.923879532511287,1.,0.923879532511287,1.,0.923879532511287,1.,0.923879532511287,
1.,0.923879532511287,1.))
REPRESENTATION_ITEM('')
);
#318=(
BOUNDED_CURVE()
B_SPLINE_CURVE(2,(#9138,#9139,#9140,#9141,#9142,#9143,#9144,#9145,#9146,
#9147,#9148,#9149,#9150,#9151,#9152,#9153,#9154),.UNSPECIFIED.,.F.,.F.)
B_SPLINE_CURVE_WITH_KNOTS((3,2,2,2,2,2,2,2,3),(0.235857340978775,0.250598424789948,
0.265339508601122,0.280080592412295,0.294821676223469,0.309562760034642,
0.324303843845816,0.339044927656989,0.353786011468162),.UNSPECIFIED.)
CURVE()
GEOMETRIC_REPRESENTATION_ITEM()
RATIONAL_B_SPLINE_CURVE((1.,0.923879532511287,1.,0.923879532511287,1.,0.923879532511287,
1.,0.923879532511287,1.,0.923879532511287,1.,0.923879532511287,1.,0.923879532511287,
1.,0.923879532511287,1.))
REPRESENTATION_ITEM('')
);
#319=(
BOUNDED_CURVE()
B_SPLINE_CURVE(2,(#9195,#9196,#9197,#9198,#9199,#9200,#9201,#9202,#9203,
#9204,#9205,#9206,#9207,#9208,#9209,#9210,#9211),.UNSPECIFIED.,.F.,.F.)
B_SPLINE_CURVE_WITH_KNOTS((3,2,2,2,2,2,2,2,3),(0.353786011468162,0.368527095279336,
0.383268179090509,0.398009262901683,0.412750346712856,0.42749143052403,
0.442232514335203,0.456973598146377,0.47171468195755),.UNSPECIFIED.)
CURVE()
GEOMETRIC_REPRESENTATION_ITEM()
RATIONAL_B_SPLINE_CURVE((1.,0.923879532511287,1.,0.923879532511287,1.,0.923879532511287,
1.,0.923879532511287,1.,0.923879532511287,1.,0.923879532511287,1.,0.923879532511287,
1.,0.923879532511287,1.))
REPRESENTATION_ITEM('')
);
#320=(
BOUNDED_CURVE()
B_SPLINE_CURVE(2,(#9252,#9253,#9254,#9255,#9256,#9257,#9258,#9259,#9260,
#9261,#9262,#9263,#9264,#9265,#9266,#9267,#9268),.UNSPECIFIED.,.F.,.F.)
B_SPLINE_CURVE_WITH_KNOTS((3,2,2,2,2,2,2,2,3),(0.47171468195755,0.486455765768724,
0.501196849579897,0.515937933391071,0.530679017202244,0.545420101013417,
0.560161184824591,0.574902268635764,0.589643352446938),.UNSPECIFIED.)
CURVE()
GEOMETRIC_REPRESENTATION_ITEM()
RATIONAL_B_SPLINE_CURVE((1.,0.923879532511287,1.,0.923879532511287,1.,0.923879532511287,
1.,0.923879532511287,1.,0.923879532511287,1.,0.923879532511287,1.,0.923879532511287,
1.,0.923879532511287,1.))
REPRESENTATION_ITEM('')
);
#321=(
BOUNDED_CURVE()
B_SPLINE_CURVE(2,(#9309,#9310,#9311,#9312,#9313,#9314,#9315,#9316,#9317,
#9318,#9319,#9320,#9321,#9322,#9323,#9324,#9325),.UNSPECIFIED.,.F.,.F.)
B_SPLINE_CURVE_WITH_KNOTS((3,2,2,2,2,2,2,2,3),(0.589643352446938,0.604384436258111,
0.619125520069285,0.633866603880458,0.648607687691632,0.663348771502805,
0.678089855313978,0.692830939125152,0.707572022936325),.UNSPECIFIED.)
CURVE()
GEOMETRIC_REPRESENTATION_ITEM()
RATIONAL_B_SPLINE_CURVE((1.,0.923879532511287,1.,0.923879532511287,1.,0.923879532511287,
1.,0.923879532511287,1.,0.923879532511287,1.,0.923879532511287,1.,0.923879532511287,
1.,0.923879532511287,1.))
REPRESENTATION_ITEM('')
);
#322=(
BOUNDED_CURVE()
B_SPLINE_CURVE(2,(#9366,#9367,#9368,#9369,#9370,#9371,#9372,#9373,#9374,
#9375,#9376,#9377,#9378,#9379,#9380,#9381,#9382),.UNSPECIFIED.,.F.,.F.)
B_SPLINE_CURVE_WITH_KNOTS((3,2,2,2,2,2,2,2,3),(0.707572022936325,0.722313106747499,
0.737054190558672,0.751795274369846,0.766536358181019,0.781277441992193,
0.796018525803366,0.810759609614539,0.825500693425713),.UNSPECIFIED.)
CURVE()
GEOMETRIC_REPRESENTATION_ITEM()
RATIONAL_B_SPLINE_CURVE((1.,0.923879532511287,1.,0.923879532511287,1.,0.923879532511287,
1.,0.923879532511287,1.,0.923879532511287,1.,0.923879532511287,1.,0.923879532511287,
1.,0.923879532511287,1.))
REPRESENTATION_ITEM('')
);
#323=(
BOUNDED_CURVE()
B_SPLINE_CURVE(2,(#9427,#9428,#9429),.UNSPECIFIED.,.F.,.F.)
B_SPLINE_CURVE_WITH_KNOTS((3,3),(0.943429363915101,0.952219992014885),
 .UNSPECIFIED.)
CURVE()
GEOMETRIC_REPRESENTATION_ITEM()
RATIONAL_B_SPLINE_CURVE((1.,0.954606680957352,0.963352635665569))
REPRESENTATION_ITEM('')
);
#324=(
BOUNDED_CURVE()
B_SPLINE_CURVE(2,(#9795,#9796,#9797),.UNSPECIFIED.,.F.,.F.)
B_SPLINE_CURVE_WITH_KNOTS((3,3),(-0.885308251741123,-0.836122329362281),
 .UNSPECIFIED.)
CURVE()
GEOMETRIC_REPRESENTATION_ITEM()
RATIONAL_B_SPLINE_CURVE((1.33347151004879,1.33094654962045,1.32767283027486))
REPRESENTATION_ITEM('')
);
#325=(
BOUNDED_CURVE()
B_SPLINE_CURVE(2,(#9805,#9806,#9807),.UNSPECIFIED.,.F.,.F.)
B_SPLINE_CURVE_WITH_KNOTS((3,3),(-1.26622313193507,-1.21703720955623),
 .UNSPECIFIED.)
CURVE()
GEOMETRIC_REPRESENTATION_ITEM()
RATIONAL_B_SPLINE_CURVE((1.32767283027486,1.33094654962045,1.33347151004879))
REPRESENTATION_ITEM('')
);
#326=(
BOUNDED_CURVE()
B_SPLINE_CURVE(2,(#9809,#9810,#9811),.UNSPECIFIED.,.F.,.F.)
B_SPLINE_CURVE_WITH_KNOTS((3,3),(-0.885308251741123,-0.836122329362279),
 .UNSPECIFIED.)
CURVE()
GEOMETRIC_REPRESENTATION_ITEM()
RATIONAL_B_SPLINE_CURVE((1.33347151004879,1.33094654962045,1.32767283027486))
REPRESENTATION_ITEM('')
);
#327=(
BOUNDED_CURVE()
B_SPLINE_CURVE(2,(#9819,#9820,#9821),.UNSPECIFIED.,.F.,.F.)
B_SPLINE_CURVE_WITH_KNOTS((3,3),(-1.26622313193507,-1.21703720955622),
 .UNSPECIFIED.)
CURVE()
GEOMETRIC_REPRESENTATION_ITEM()
RATIONAL_B_SPLINE_CURVE((1.32767283027486,1.33094654962045,1.33347151004879))
REPRESENTATION_ITEM('')
);
#328=(
BOUNDED_CURVE()
B_SPLINE_CURVE(2,(#9823,#9824,#9825),.UNSPECIFIED.,.F.,.F.)
B_SPLINE_CURVE_WITH_KNOTS((3,3),(-0.885308251741122,-0.83612232936228),
 .UNSPECIFIED.)
CURVE()
GEOMETRIC_REPRESENTATION_ITEM()
RATIONAL_B_SPLINE_CURVE((1.33347151004879,1.33094654962045,1.32767283027486))
REPRESENTATION_ITEM('')
);
#329=(
BOUNDED_CURVE()
B_SPLINE_CURVE(2,(#9833,#9834,#9835),.UNSPECIFIED.,.F.,.F.)
B_SPLINE_CURVE_WITH_KNOTS((3,3),(-1.26622313193507,-1.21703720955623),
 .UNSPECIFIED.)
CURVE()
GEOMETRIC_REPRESENTATION_ITEM()
RATIONAL_B_SPLINE_CURVE((1.32767283027486,1.33094654962045,1.33347151004879))
REPRESENTATION_ITEM('')
);
#330=(
BOUNDED_CURVE()
B_SPLINE_CURVE(2,(#9837,#9838,#9839),.UNSPECIFIED.,.F.,.F.)
B_SPLINE_CURVE_WITH_KNOTS((3,3),(-0.885308251741123,-0.83612232936228),
 .UNSPECIFIED.)
CURVE()
GEOMETRIC_REPRESENTATION_ITEM()
RATIONAL_B_SPLINE_CURVE((1.33347151004879,1.33094654962045,1.32767283027486))
REPRESENTATION_ITEM('')
);
#331=(
BOUNDED_CURVE()
B_SPLINE_CURVE(2,(#9847,#9848,#9849),.UNSPECIFIED.,.F.,.F.)
B_SPLINE_CURVE_WITH_KNOTS((3,3),(-1.26622313193507,-1.21703720955622),
 .UNSPECIFIED.)
CURVE()
GEOMETRIC_REPRESENTATION_ITEM()
RATIONAL_B_SPLINE_CURVE((1.32767283027486,1.33094654962045,1.33347151004879))
REPRESENTATION_ITEM('')
);
#332=(
BOUNDED_CURVE()
B_SPLINE_CURVE(2,(#9851,#9852,#9853),.UNSPECIFIED.,.F.,.F.)
B_SPLINE_CURVE_WITH_KNOTS((3,3),(-0.885308251741122,-0.83612232936228),
 .UNSPECIFIED.)
CURVE()
GEOMETRIC_REPRESENTATION_ITEM()
RATIONAL_B_SPLINE_CURVE((1.33347151004879,1.33094654962045,1.32767283027486))
REPRESENTATION_ITEM('')
);
#333=(
BOUNDED_CURVE()
B_SPLINE_CURVE(2,(#9861,#9862,#9863),.UNSPECIFIED.,.F.,.F.)
B_SPLINE_CURVE_WITH_KNOTS((3,3),(-1.26622313193507,-1.21703720955622),
 .UNSPECIFIED.)
CURVE()
GEOMETRIC_REPRESENTATION_ITEM()
RATIONAL_B_SPLINE_CURVE((1.32767283027486,1.33094654962045,1.33347151004879))
REPRESENTATION_ITEM('')
);
#334=(
BOUNDED_CURVE()
B_SPLINE_CURVE(2,(#9865,#9866,#9867),.UNSPECIFIED.,.F.,.F.)
B_SPLINE_CURVE_WITH_KNOTS((3,3),(-0.885308251741123,-0.83612232936228),
 .UNSPECIFIED.)
CURVE()
GEOMETRIC_REPRESENTATION_ITEM()
RATIONAL_B_SPLINE_CURVE((1.33347151004879,1.33094654962045,1.32767283027486))
REPRESENTATION_ITEM('')
);
#335=(
BOUNDED_CURVE()
B_SPLINE_CURVE(2,(#9875,#9876,#9877),.UNSPECIFIED.,.F.,.F.)
B_SPLINE_CURVE_WITH_KNOTS((3,3),(-1.26622313193507,-1.21703720955622),
 .UNSPECIFIED.)
CURVE()
GEOMETRIC_REPRESENTATION_ITEM()
RATIONAL_B_SPLINE_CURVE((1.32767283027486,1.33094654962045,1.33347151004879))
REPRESENTATION_ITEM('')
);
#336=(
BOUNDED_CURVE()
B_SPLINE_CURVE(2,(#9879,#9880,#9881),.UNSPECIFIED.,.F.,.F.)
B_SPLINE_CURVE_WITH_KNOTS((3,3),(-0.885308251741122,-0.83612232936228),
 .UNSPECIFIED.)
CURVE()
GEOMETRIC_REPRESENTATION_ITEM()
RATIONAL_B_SPLINE_CURVE((1.33347151004879,1.33094654962045,1.32767283027486))
REPRESENTATION_ITEM('')
);
#337=(
BOUNDED_CURVE()
B_SPLINE_CURVE(2,(#9889,#9890,#9891),.UNSPECIFIED.,.F.,.F.)
B_SPLINE_CURVE_WITH_KNOTS((3,3),(-1.26622313193507,-1.21703720955623),
 .UNSPECIFIED.)
CURVE()
GEOMETRIC_REPRESENTATION_ITEM()
RATIONAL_B_SPLINE_CURVE((1.32767283027486,1.33094654962045,1.33347151004879))
REPRESENTATION_ITEM('')
);
#338=(
BOUNDED_CURVE()
B_SPLINE_CURVE(2,(#9893,#9894,#9895),.UNSPECIFIED.,.F.,.F.)
B_SPLINE_CURVE_WITH_KNOTS((3,3),(-0.885308251741123,-0.83612232936228),
 .UNSPECIFIED.)
CURVE()
GEOMETRIC_REPRESENTATION_ITEM()
RATIONAL_B_SPLINE_CURVE((1.33347151004879,1.33094654962045,1.32767283027486))
REPRESENTATION_ITEM('')
);
#339=(
BOUNDED_CURVE()
B_SPLINE_CURVE(2,(#9903,#9904,#9905),.UNSPECIFIED.,.F.,.F.)
B_SPLINE_CURVE_WITH_KNOTS((3,3),(-1.26622313193507,-1.21703720955622),
 .UNSPECIFIED.)
CURVE()
GEOMETRIC_REPRESENTATION_ITEM()
RATIONAL_B_SPLINE_CURVE((1.32767283027486,1.33094654962045,1.33347151004879))
REPRESENTATION_ITEM('')
);
#340=(
BOUNDED_CURVE()
B_SPLINE_CURVE(2,(#9907,#9908,#9909),.UNSPECIFIED.,.F.,.F.)
B_SPLINE_CURVE_WITH_KNOTS((3,3),(-0.885308251741123,-0.83612232936228),
 .UNSPECIFIED.)
CURVE()
GEOMETRIC_REPRESENTATION_ITEM()
RATIONAL_B_SPLINE_CURVE((1.33347151004879,1.33094654962045,1.32767283027486))
REPRESENTATION_ITEM('')
);
#341=(
BOUNDED_CURVE()
B_SPLINE_CURVE(2,(#9917,#9918,#9919),.UNSPECIFIED.,.F.,.F.)
B_SPLINE_CURVE_WITH_KNOTS((3,3),(0.83612232936228,0.885308251741124),
 .UNSPECIFIED.)
CURVE()
GEOMETRIC_REPRESENTATION_ITEM()
RATIONAL_B_SPLINE_CURVE((1.32767283027486,1.33094654962045,1.33347151004879))
REPRESENTATION_ITEM('')
);
#342=(
BOUNDED_CURVE()
B_SPLINE_CURVE(2,(#9921,#9922,#9923),.UNSPECIFIED.,.F.,.F.)
B_SPLINE_CURVE_WITH_KNOTS((3,3),(-0.885308251741123,-0.83612232936228),
 .UNSPECIFIED.)
CURVE()
GEOMETRIC_REPRESENTATION_ITEM()
RATIONAL_B_SPLINE_CURVE((1.33347151004879,1.33094654962045,1.32767283027486))
REPRESENTATION_ITEM('')
);
#343=(
BOUNDED_CURVE()
B_SPLINE_CURVE(2,(#9931,#9932,#9933),.UNSPECIFIED.,.F.,.F.)
B_SPLINE_CURVE_WITH_KNOTS((3,3),(-1.26622313193507,-1.21703720955623),
 .UNSPECIFIED.)
CURVE()
GEOMETRIC_REPRESENTATION_ITEM()
RATIONAL_B_SPLINE_CURVE((1.32767283027486,1.33094654962045,1.33347151004879))
REPRESENTATION_ITEM('')
);
#344=(
BOUNDED_CURVE()
B_SPLINE_CURVE(2,(#9935,#9936,#9937),.UNSPECIFIED.,.F.,.F.)
B_SPLINE_CURVE_WITH_KNOTS((3,3),(-0.885308251741123,-0.836122329362279),
 .UNSPECIFIED.)
CURVE()
GEOMETRIC_REPRESENTATION_ITEM()
RATIONAL_B_SPLINE_CURVE((1.33347151004879,1.33094654962045,1.32767283027486))
REPRESENTATION_ITEM('')
);
#345=(
BOUNDED_CURVE()
B_SPLINE_CURVE(2,(#9945,#9946,#9947),.UNSPECIFIED.,.F.,.F.)
B_SPLINE_CURVE_WITH_KNOTS((3,3),(-1.26622313193507,-1.21703720955622),
 .UNSPECIFIED.)
CURVE()
GEOMETRIC_REPRESENTATION_ITEM()
RATIONAL_B_SPLINE_CURVE((1.32767283027486,1.33094654962045,1.33347151004879))
REPRESENTATION_ITEM('')
);
#346=(
BOUNDED_CURVE()
B_SPLINE_CURVE(2,(#9949,#9950,#9951),.UNSPECIFIED.,.F.,.F.)
B_SPLINE_CURVE_WITH_KNOTS((3,3),(-0.885308251741123,-0.83612232936228),
 .UNSPECIFIED.)
CURVE()
GEOMETRIC_REPRESENTATION_ITEM()
RATIONAL_B_SPLINE_CURVE((1.33347151004879,1.33094654962045,1.32767283027486))
REPRESENTATION_ITEM('')
);
#347=(
BOUNDED_CURVE()
B_SPLINE_CURVE(2,(#9959,#9960,#9961),.UNSPECIFIED.,.F.,.F.)
B_SPLINE_CURVE_WITH_KNOTS((3,3),(-1.26622313193507,-1.21703720955623),
 .UNSPECIFIED.)
CURVE()
GEOMETRIC_REPRESENTATION_ITEM()
RATIONAL_B_SPLINE_CURVE((1.32767283027486,1.33094654962045,1.33347151004879))
REPRESENTATION_ITEM('')
);
#348=(
BOUNDED_CURVE()
B_SPLINE_CURVE(2,(#9963,#9964,#9965),.UNSPECIFIED.,.F.,.F.)
B_SPLINE_CURVE_WITH_KNOTS((3,3),(-0.885308251741123,-0.83612232936228),
 .UNSPECIFIED.)
CURVE()
GEOMETRIC_REPRESENTATION_ITEM()
RATIONAL_B_SPLINE_CURVE((1.33347151004879,1.33094654962045,1.32767283027486))
REPRESENTATION_ITEM('')
);
#349=(
BOUNDED_CURVE()
B_SPLINE_CURVE(2,(#9973,#9974,#9975),.UNSPECIFIED.,.F.,.F.)
B_SPLINE_CURVE_WITH_KNOTS((3,3),(-1.26622313193507,-1.21703720955622),
 .UNSPECIFIED.)
CURVE()
GEOMETRIC_REPRESENTATION_ITEM()
RATIONAL_B_SPLINE_CURVE((1.32767283027486,1.33094654962045,1.33347151004879))
REPRESENTATION_ITEM('')
);
#350=(
BOUNDED_CURVE()
B_SPLINE_CURVE(2,(#9977,#9978,#9979),.UNSPECIFIED.,.F.,.F.)
B_SPLINE_CURVE_WITH_KNOTS((3,3),(-0.885308251741124,-0.836122329362281),
 .UNSPECIFIED.)
CURVE()
GEOMETRIC_REPRESENTATION_ITEM()
RATIONAL_B_SPLINE_CURVE((1.33347151004879,1.33094654962045,1.32767283027486))
REPRESENTATION_ITEM('')
);
#351=(
BOUNDED_CURVE()
B_SPLINE_CURVE(2,(#9987,#9988,#9989),.UNSPECIFIED.,.F.,.F.)
B_SPLINE_CURVE_WITH_KNOTS((3,3),(-1.26622313193507,-1.21703720955622),
 .UNSPECIFIED.)
CURVE()
GEOMETRIC_REPRESENTATION_ITEM()
RATIONAL_B_SPLINE_CURVE((1.32767283027486,1.33094654962045,1.33347151004879))
REPRESENTATION_ITEM('')
);
#352=(
BOUNDED_CURVE()
B_SPLINE_CURVE(2,(#9991,#9992,#9993),.UNSPECIFIED.,.F.,.F.)
B_SPLINE_CURVE_WITH_KNOTS((3,3),(-0.885308251741124,-0.83612232936228),
 .UNSPECIFIED.)
CURVE()
GEOMETRIC_REPRESENTATION_ITEM()
RATIONAL_B_SPLINE_CURVE((1.33347151004879,1.33094654962045,1.32767283027486))
REPRESENTATION_ITEM('')
);
#353=(
BOUNDED_CURVE()
B_SPLINE_CURVE(2,(#10001,#10002,#10003),.UNSPECIFIED.,.F.,.F.)
B_SPLINE_CURVE_WITH_KNOTS((3,3),(-1.26622313193507,-1.21703720955623),
 .UNSPECIFIED.)
CURVE()
GEOMETRIC_REPRESENTATION_ITEM()
RATIONAL_B_SPLINE_CURVE((1.32767283027486,1.33094654962045,1.33347151004879))
REPRESENTATION_ITEM('')
);
#354=(
BOUNDED_CURVE()
B_SPLINE_CURVE(2,(#10005,#10006,#10007),.UNSPECIFIED.,.F.,.F.)
B_SPLINE_CURVE_WITH_KNOTS((3,3),(-0.885308251741123,-0.83612232936228),
 .UNSPECIFIED.)
CURVE()
GEOMETRIC_REPRESENTATION_ITEM()
RATIONAL_B_SPLINE_CURVE((1.33347151004879,1.33094654962045,1.32767283027486))
REPRESENTATION_ITEM('')
);
#355=(
BOUNDED_CURVE()
B_SPLINE_CURVE(2,(#10015,#10016,#10017),.UNSPECIFIED.,.F.,.F.)
B_SPLINE_CURVE_WITH_KNOTS((3,3),(-1.26622313193507,-1.21703720955622),
 .UNSPECIFIED.)
CURVE()
GEOMETRIC_REPRESENTATION_ITEM()
RATIONAL_B_SPLINE_CURVE((1.32767283027486,1.33094654962045,1.33347151004879))
REPRESENTATION_ITEM('')
);
#356=(
BOUNDED_CURVE()
B_SPLINE_CURVE(2,(#10019,#10020,#10021),.UNSPECIFIED.,.F.,.F.)
B_SPLINE_CURVE_WITH_KNOTS((3,3),(-0.885308251741123,-0.83612232936228),
 .UNSPECIFIED.)
CURVE()
GEOMETRIC_REPRESENTATION_ITEM()
RATIONAL_B_SPLINE_CURVE((1.33347151004879,1.33094654962045,1.32767283027486))
REPRESENTATION_ITEM('')
);
#357=(
BOUNDED_CURVE()
B_SPLINE_CURVE(2,(#10029,#10030,#10031),.UNSPECIFIED.,.F.,.F.)
B_SPLINE_CURVE_WITH_KNOTS((3,3),(-1.26622313193507,-1.21703720955622),
 .UNSPECIFIED.)
CURVE()
GEOMETRIC_REPRESENTATION_ITEM()
RATIONAL_B_SPLINE_CURVE((1.32767283027486,1.33094654962045,1.33347151004879))
REPRESENTATION_ITEM('')
);
#358=(
BOUNDED_CURVE()
B_SPLINE_CURVE(2,(#10033,#10034,#10035),.UNSPECIFIED.,.F.,.F.)
B_SPLINE_CURVE_WITH_KNOTS((3,3),(-0.885308251741123,-0.83612232936228),
 .UNSPECIFIED.)
CURVE()
GEOMETRIC_REPRESENTATION_ITEM()
RATIONAL_B_SPLINE_CURVE((1.33347151004879,1.33094654962045,1.32767283027486))
REPRESENTATION_ITEM('')
);
#359=(
BOUNDED_CURVE()
B_SPLINE_CURVE(2,(#10043,#10044,#10045),.UNSPECIFIED.,.F.,.F.)
B_SPLINE_CURVE_WITH_KNOTS((3,3),(-1.26622313193507,-1.21703720955622),
 .UNSPECIFIED.)
CURVE()
GEOMETRIC_REPRESENTATION_ITEM()
RATIONAL_B_SPLINE_CURVE((1.32767283027486,1.33094654962045,1.33347151004879))
REPRESENTATION_ITEM('')
);
#360=(
BOUNDED_CURVE()
B_SPLINE_CURVE(2,(#10047,#10048,#10049),.UNSPECIFIED.,.F.,.F.)
B_SPLINE_CURVE_WITH_KNOTS((3,3),(-0.885308251741123,-0.83612232936228),
 .UNSPECIFIED.)
CURVE()
GEOMETRIC_REPRESENTATION_ITEM()
RATIONAL_B_SPLINE_CURVE((1.33347151004879,1.33094654962045,1.32767283027486))
REPRESENTATION_ITEM('')
);
#361=(
BOUNDED_CURVE()
B_SPLINE_CURVE(2,(#10057,#10058,#10059),.UNSPECIFIED.,.F.,.F.)
B_SPLINE_CURVE_WITH_KNOTS((3,3),(-1.26622313193507,-1.21703720955622),
 .UNSPECIFIED.)
CURVE()
GEOMETRIC_REPRESENTATION_ITEM()
RATIONAL_B_SPLINE_CURVE((1.32767283027486,1.33094654962045,1.33347151004879))
REPRESENTATION_ITEM('')
);
#362=(
BOUNDED_CURVE()
B_SPLINE_CURVE(2,(#10061,#10062,#10063),.UNSPECIFIED.,.F.,.F.)
B_SPLINE_CURVE_WITH_KNOTS((3,3),(-0.885308251741123,-0.83612232936228),
 .UNSPECIFIED.)
CURVE()
GEOMETRIC_REPRESENTATION_ITEM()
RATIONAL_B_SPLINE_CURVE((1.33347151004879,1.33094654962045,1.32767283027486))
REPRESENTATION_ITEM('')
);
#363=(
BOUNDED_CURVE()
B_SPLINE_CURVE(2,(#10071,#10072,#10073),.UNSPECIFIED.,.F.,.F.)
B_SPLINE_CURVE_WITH_KNOTS((3,3),(-1.26622313193507,-1.21703720955622),
 .UNSPECIFIED.)
CURVE()
GEOMETRIC_REPRESENTATION_ITEM()
RATIONAL_B_SPLINE_CURVE((1.32767283027486,1.33094654962045,1.33347151004879))
REPRESENTATION_ITEM('')
);
#364=(
BOUNDED_CURVE()
B_SPLINE_CURVE(2,(#10075,#10076,#10077),.UNSPECIFIED.,.F.,.F.)
B_SPLINE_CURVE_WITH_KNOTS((3,3),(-0.885308251741123,-0.836122329362281),
 .UNSPECIFIED.)
CURVE()
GEOMETRIC_REPRESENTATION_ITEM()
RATIONAL_B_SPLINE_CURVE((1.33347151004879,1.33094654962045,1.32767283027486))
REPRESENTATION_ITEM('')
);
#365=(
BOUNDED_CURVE()
B_SPLINE_CURVE(2,(#10085,#10086,#10087),.UNSPECIFIED.,.F.,.F.)
B_SPLINE_CURVE_WITH_KNOTS((3,3),(-1.26622313193507,-1.21703720955622),
 .UNSPECIFIED.)
CURVE()
GEOMETRIC_REPRESENTATION_ITEM()
RATIONAL_B_SPLINE_CURVE((1.32767283027486,1.33094654962045,1.33347151004879))
REPRESENTATION_ITEM('')
);
#366=(
BOUNDED_CURVE()
B_SPLINE_CURVE(2,(#10092,#10093,#10094),.UNSPECIFIED.,.F.,.F.)
B_SPLINE_CURVE_WITH_KNOTS((3,3),(1.21703720955622,1.26622313193507),
 .UNSPECIFIED.)
CURVE()
GEOMETRIC_REPRESENTATION_ITEM()
RATIONAL_B_SPLINE_CURVE((1.33347151004879,1.33094654962045,1.32767283027486))
REPRESENTATION_ITEM('')
);
#367=(
BOUNDED_CURVE()
B_SPLINE_CURVE(2,(#10102,#10103,#10104),.UNSPECIFIED.,.F.,.F.)
B_SPLINE_CURVE_WITH_KNOTS((3,3),(0.83612232936228,0.885308251741124),
 .UNSPECIFIED.)
CURVE()
GEOMETRIC_REPRESENTATION_ITEM()
RATIONAL_B_SPLINE_CURVE((1.32767283027486,1.33094654962045,1.33347151004879))
REPRESENTATION_ITEM('')
);
#368=(
BOUNDED_CURVE()
B_SPLINE_CURVE(2,(#10106,#10107,#10108),.UNSPECIFIED.,.F.,.F.)
B_SPLINE_CURVE_WITH_KNOTS((3,3),(1.21703720955622,1.26622313193507),
 .UNSPECIFIED.)
CURVE()
GEOMETRIC_REPRESENTATION_ITEM()
RATIONAL_B_SPLINE_CURVE((1.33347151004879,1.33094654962045,1.32767283027486))
REPRESENTATION_ITEM('')
);
#369=(
BOUNDED_CURVE()
B_SPLINE_CURVE(2,(#10116,#10117,#10118),.UNSPECIFIED.,.F.,.F.)
B_SPLINE_CURVE_WITH_KNOTS((3,3),(0.836122329362281,0.885308251741123),
 .UNSPECIFIED.)
CURVE()
GEOMETRIC_REPRESENTATION_ITEM()
RATIONAL_B_SPLINE_CURVE((1.32767283027486,1.33094654962045,1.33347151004879))
REPRESENTATION_ITEM('')
);
#370=(
BOUNDED_CURVE()
B_SPLINE_CURVE(2,(#10120,#10121,#10122),.UNSPECIFIED.,.F.,.F.)
B_SPLINE_CURVE_WITH_KNOTS((3,3),(1.21703720955623,1.26622313193507),
 .UNSPECIFIED.)
CURVE()
GEOMETRIC_REPRESENTATION_ITEM()
RATIONAL_B_SPLINE_CURVE((1.33347151004879,1.33094654962045,1.32767283027486))
REPRESENTATION_ITEM('')
);
#371=(
BOUNDED_CURVE()
B_SPLINE_CURVE(2,(#10130,#10131,#10132),.UNSPECIFIED.,.F.,.F.)
B_SPLINE_CURVE_WITH_KNOTS((3,3),(0.836122329362279,0.885308251741122),
 .UNSPECIFIED.)
CURVE()
GEOMETRIC_REPRESENTATION_ITEM()
RATIONAL_B_SPLINE_CURVE((1.32767283027486,1.33094654962045,1.33347151004879))
REPRESENTATION_ITEM('')
);
#372=(
BOUNDED_CURVE()
B_SPLINE_CURVE(2,(#10134,#10135,#10136),.UNSPECIFIED.,.F.,.F.)
B_SPLINE_CURVE_WITH_KNOTS((3,3),(1.21703720955623,1.26622313193507),
 .UNSPECIFIED.)
CURVE()
GEOMETRIC_REPRESENTATION_ITEM()
RATIONAL_B_SPLINE_CURVE((1.33347151004879,1.33094654962045,1.32767283027486))
REPRESENTATION_ITEM('')
);
#373=(
BOUNDED_CURVE()
B_SPLINE_CURVE(2,(#10144,#10145,#10146),.UNSPECIFIED.,.F.,.F.)
B_SPLINE_CURVE_WITH_KNOTS((3,3),(0.83612232936228,0.885308251741123),
 .UNSPECIFIED.)
CURVE()
GEOMETRIC_REPRESENTATION_ITEM()
RATIONAL_B_SPLINE_CURVE((1.32767283027486,1.33094654962045,1.33347151004879))
REPRESENTATION_ITEM('')
);
#374=(
BOUNDED_CURVE()
B_SPLINE_CURVE(2,(#10148,#10149,#10150),.UNSPECIFIED.,.F.,.F.)
B_SPLINE_CURVE_WITH_KNOTS((3,3),(1.21703720955623,1.26622313193507),
 .UNSPECIFIED.)
CURVE()
GEOMETRIC_REPRESENTATION_ITEM()
RATIONAL_B_SPLINE_CURVE((1.33347151004879,1.33094654962045,1.32767283027486))
REPRESENTATION_ITEM('')
);
#375=(
BOUNDED_CURVE()
B_SPLINE_CURVE(2,(#10158,#10159,#10160),.UNSPECIFIED.,.F.,.F.)
B_SPLINE_CURVE_WITH_KNOTS((3,3),(0.83612232936228,0.885308251741123),
 .UNSPECIFIED.)
CURVE()
GEOMETRIC_REPRESENTATION_ITEM()
RATIONAL_B_SPLINE_CURVE((1.32767283027486,1.33094654962045,1.33347151004879))
REPRESENTATION_ITEM('')
);
#376=(
BOUNDED_CURVE()
B_SPLINE_CURVE(2,(#10162,#10163,#10164),.UNSPECIFIED.,.F.,.F.)
B_SPLINE_CURVE_WITH_KNOTS((3,3),(1.21703720955622,1.26622313193507),
 .UNSPECIFIED.)
CURVE()
GEOMETRIC_REPRESENTATION_ITEM()
RATIONAL_B_SPLINE_CURVE((1.33347151004879,1.33094654962045,1.32767283027486))
REPRESENTATION_ITEM('')
);
#377=(
BOUNDED_CURVE()
B_SPLINE_CURVE(2,(#10172,#10173,#10174),.UNSPECIFIED.,.F.,.F.)
B_SPLINE_CURVE_WITH_KNOTS((3,3),(0.83612232936228,0.885308251741122),
 .UNSPECIFIED.)
CURVE()
GEOMETRIC_REPRESENTATION_ITEM()
RATIONAL_B_SPLINE_CURVE((1.32767283027486,1.33094654962045,1.33347151004879))
REPRESENTATION_ITEM('')
);
#378=(
BOUNDED_CURVE()
B_SPLINE_CURVE(2,(#10176,#10177,#10178),.UNSPECIFIED.,.F.,.F.)
B_SPLINE_CURVE_WITH_KNOTS((3,3),(1.21703720955622,1.26622313193507),
 .UNSPECIFIED.)
CURVE()
GEOMETRIC_REPRESENTATION_ITEM()
RATIONAL_B_SPLINE_CURVE((1.33347151004879,1.33094654962045,1.32767283027486))
REPRESENTATION_ITEM('')
);
#379=(
BOUNDED_CURVE()
B_SPLINE_CURVE(2,(#10186,#10187,#10188),.UNSPECIFIED.,.F.,.F.)
B_SPLINE_CURVE_WITH_KNOTS((3,3),(0.836122329362281,0.885308251741123),
 .UNSPECIFIED.)
CURVE()
GEOMETRIC_REPRESENTATION_ITEM()
RATIONAL_B_SPLINE_CURVE((1.32767283027486,1.33094654962045,1.33347151004879))
REPRESENTATION_ITEM('')
);
#380=(
BOUNDED_CURVE()
B_SPLINE_CURVE(2,(#10190,#10191,#10192),.UNSPECIFIED.,.F.,.F.)
B_SPLINE_CURVE_WITH_KNOTS((3,3),(1.21703720955623,1.26622313193507),
 .UNSPECIFIED.)
CURVE()
GEOMETRIC_REPRESENTATION_ITEM()
RATIONAL_B_SPLINE_CURVE((1.33347151004879,1.33094654962045,1.32767283027486))
REPRESENTATION_ITEM('')
);
#381=(
BOUNDED_CURVE()
B_SPLINE_CURVE(2,(#10200,#10201,#10202),.UNSPECIFIED.,.F.,.F.)
B_SPLINE_CURVE_WITH_KNOTS((3,3),(0.83612232936228,0.885308251741124),
 .UNSPECIFIED.)
CURVE()
GEOMETRIC_REPRESENTATION_ITEM()
RATIONAL_B_SPLINE_CURVE((1.32767283027486,1.33094654962045,1.33347151004879))
REPRESENTATION_ITEM('')
);
#382=(
BOUNDED_CURVE()
B_SPLINE_CURVE(2,(#10204,#10205,#10206),.UNSPECIFIED.,.F.,.F.)
B_SPLINE_CURVE_WITH_KNOTS((3,3),(1.21703720955622,1.26622313193507),
 .UNSPECIFIED.)
CURVE()
GEOMETRIC_REPRESENTATION_ITEM()
RATIONAL_B_SPLINE_CURVE((1.33347151004879,1.33094654962045,1.32767283027486))
REPRESENTATION_ITEM('')
);
#383=(
BOUNDED_CURVE()
B_SPLINE_CURVE(2,(#10214,#10215,#10216),.UNSPECIFIED.,.F.,.F.)
B_SPLINE_CURVE_WITH_KNOTS((3,3),(0.836122329362279,0.885308251741122),
 .UNSPECIFIED.)
CURVE()
GEOMETRIC_REPRESENTATION_ITEM()
RATIONAL_B_SPLINE_CURVE((1.32767283027486,1.33094654962045,1.33347151004879))
REPRESENTATION_ITEM('')
);
#384=(
BOUNDED_CURVE()
B_SPLINE_CURVE(2,(#10218,#10219,#10220),.UNSPECIFIED.,.F.,.F.)
B_SPLINE_CURVE_WITH_KNOTS((3,3),(1.21703720955623,1.26622313193507),
 .UNSPECIFIED.)
CURVE()
GEOMETRIC_REPRESENTATION_ITEM()
RATIONAL_B_SPLINE_CURVE((1.33347151004879,1.33094654962045,1.32767283027486))
REPRESENTATION_ITEM('')
);
#385=(
BOUNDED_CURVE()
B_SPLINE_CURVE(2,(#10228,#10229,#10230),.UNSPECIFIED.,.F.,.F.)
B_SPLINE_CURVE_WITH_KNOTS((3,3),(0.83612232936228,0.885308251741122),
 .UNSPECIFIED.)
CURVE()
GEOMETRIC_REPRESENTATION_ITEM()
RATIONAL_B_SPLINE_CURVE((1.32767283027486,1.33094654962045,1.33347151004879))
REPRESENTATION_ITEM('')
);
#386=(
BOUNDED_CURVE()
B_SPLINE_CURVE(2,(#10232,#10233,#10234),.UNSPECIFIED.,.F.,.F.)
B_SPLINE_CURVE_WITH_KNOTS((3,3),(1.21703720955623,1.26622313193507),
 .UNSPECIFIED.)
CURVE()
GEOMETRIC_REPRESENTATION_ITEM()
RATIONAL_B_SPLINE_CURVE((1.33347151004879,1.33094654962045,1.32767283027486))
REPRESENTATION_ITEM('')
);
#387=(
BOUNDED_CURVE()
B_SPLINE_CURVE(2,(#10242,#10243,#10244),.UNSPECIFIED.,.F.,.F.)
B_SPLINE_CURVE_WITH_KNOTS((3,3),(0.83612232936228,0.885308251741122),
 .UNSPECIFIED.)
CURVE()
GEOMETRIC_REPRESENTATION_ITEM()
RATIONAL_B_SPLINE_CURVE((1.32767283027486,1.33094654962045,1.33347151004879))
REPRESENTATION_ITEM('')
);
#388=(
BOUNDED_CURVE()
B_SPLINE_CURVE(2,(#10246,#10247,#10248),.UNSPECIFIED.,.F.,.F.)
B_SPLINE_CURVE_WITH_KNOTS((3,3),(1.21703720955623,1.26622313193507),
 .UNSPECIFIED.)
CURVE()
GEOMETRIC_REPRESENTATION_ITEM()
RATIONAL_B_SPLINE_CURVE((1.33347151004879,1.33094654962045,1.32767283027486))
REPRESENTATION_ITEM('')
);
#389=(
BOUNDED_CURVE()
B_SPLINE_CURVE(2,(#10256,#10257,#10258),.UNSPECIFIED.,.F.,.F.)
B_SPLINE_CURVE_WITH_KNOTS((3,3),(0.83612232936228,0.885308251741122),
 .UNSPECIFIED.)
CURVE()
GEOMETRIC_REPRESENTATION_ITEM()
RATIONAL_B_SPLINE_CURVE((1.32767283027486,1.33094654962045,1.33347151004879))
REPRESENTATION_ITEM('')
);
#390=(
BOUNDED_CURVE()
B_SPLINE_CURVE(2,(#10260,#10261,#10262),.UNSPECIFIED.,.F.,.F.)
B_SPLINE_CURVE_WITH_KNOTS((3,3),(1.21703720955622,1.26622313193507),
 .UNSPECIFIED.)
CURVE()
GEOMETRIC_REPRESENTATION_ITEM()
RATIONAL_B_SPLINE_CURVE((1.33347151004879,1.33094654962045,1.32767283027486))
REPRESENTATION_ITEM('')
);
#391=(
BOUNDED_CURVE()
B_SPLINE_CURVE(2,(#10270,#10271,#10272),.UNSPECIFIED.,.F.,.F.)
B_SPLINE_CURVE_WITH_KNOTS((3,3),(0.83612232936228,0.885308251741123),
 .UNSPECIFIED.)
CURVE()
GEOMETRIC_REPRESENTATION_ITEM()
RATIONAL_B_SPLINE_CURVE((1.32767283027486,1.33094654962045,1.33347151004879))
REPRESENTATION_ITEM('')
);
#392=(
BOUNDED_CURVE()
B_SPLINE_CURVE(2,(#10274,#10275,#10276),.UNSPECIFIED.,.F.,.F.)
B_SPLINE_CURVE_WITH_KNOTS((3,3),(1.21703720955622,1.26622313193507),
 .UNSPECIFIED.)
CURVE()
GEOMETRIC_REPRESENTATION_ITEM()
RATIONAL_B_SPLINE_CURVE((1.33347151004879,1.33094654962045,1.32767283027486))
REPRESENTATION_ITEM('')
);
#393=(
BOUNDED_CURVE()
B_SPLINE_CURVE(2,(#10284,#10285,#10286),.UNSPECIFIED.,.F.,.F.)
B_SPLINE_CURVE_WITH_KNOTS((3,3),(0.83612232936228,0.885308251741123),
 .UNSPECIFIED.)
CURVE()
GEOMETRIC_REPRESENTATION_ITEM()
RATIONAL_B_SPLINE_CURVE((1.32767283027486,1.33094654962045,1.33347151004879))
REPRESENTATION_ITEM('')
);
#394=(
BOUNDED_CURVE()
B_SPLINE_CURVE(2,(#10288,#10289,#10290),.UNSPECIFIED.,.F.,.F.)
B_SPLINE_CURVE_WITH_KNOTS((3,3),(1.21703720955622,1.26622313193507),
 .UNSPECIFIED.)
CURVE()
GEOMETRIC_REPRESENTATION_ITEM()
RATIONAL_B_SPLINE_CURVE((1.33347151004879,1.33094654962045,1.32767283027486))
REPRESENTATION_ITEM('')
);
#395=(
BOUNDED_CURVE()
B_SPLINE_CURVE(2,(#10298,#10299,#10300),.UNSPECIFIED.,.F.,.F.)
B_SPLINE_CURVE_WITH_KNOTS((3,3),(0.83612232936228,0.885308251741123),
 .UNSPECIFIED.)
CURVE()
GEOMETRIC_REPRESENTATION_ITEM()
RATIONAL_B_SPLINE_CURVE((1.32767283027486,1.33094654962045,1.33347151004879))
REPRESENTATION_ITEM('')
);
#396=(
BOUNDED_CURVE()
B_SPLINE_CURVE(2,(#10302,#10303,#10304),.UNSPECIFIED.,.F.,.F.)
B_SPLINE_CURVE_WITH_KNOTS((3,3),(1.21703720955622,1.26622313193507),
 .UNSPECIFIED.)
CURVE()
GEOMETRIC_REPRESENTATION_ITEM()
RATIONAL_B_SPLINE_CURVE((1.33347151004879,1.33094654962045,1.32767283027486))
REPRESENTATION_ITEM('')
);
#397=(
BOUNDED_CURVE()
B_SPLINE_CURVE(2,(#10312,#10313,#10314),.UNSPECIFIED.,.F.,.F.)
B_SPLINE_CURVE_WITH_KNOTS((3,3),(0.836122329362279,0.885308251741123),
 .UNSPECIFIED.)
CURVE()
GEOMETRIC_REPRESENTATION_ITEM()
RATIONAL_B_SPLINE_CURVE((1.32767283027486,1.33094654962045,1.33347151004879))
REPRESENTATION_ITEM('')
);
#398=(
BOUNDED_CURVE()
B_SPLINE_CURVE(2,(#10316,#10317,#10318),.UNSPECIFIED.,.F.,.F.)
B_SPLINE_CURVE_WITH_KNOTS((3,3),(1.21703720955623,1.26622313193507),
 .UNSPECIFIED.)
CURVE()
GEOMETRIC_REPRESENTATION_ITEM()
RATIONAL_B_SPLINE_CURVE((1.33347151004879,1.33094654962045,1.32767283027486))
REPRESENTATION_ITEM('')
);
#399=(
BOUNDED_CURVE()
B_SPLINE_CURVE(2,(#10326,#10327,#10328),.UNSPECIFIED.,.F.,.F.)
B_SPLINE_CURVE_WITH_KNOTS((3,3),(0.83612232936228,0.885308251741123),
 .UNSPECIFIED.)
CURVE()
GEOMETRIC_REPRESENTATION_ITEM()
RATIONAL_B_SPLINE_CURVE((1.32767283027486,1.33094654962045,1.33347151004879))
REPRESENTATION_ITEM('')
);
#400=(
BOUNDED_CURVE()
B_SPLINE_CURVE(2,(#10330,#10331,#10332),.UNSPECIFIED.,.F.,.F.)
B_SPLINE_CURVE_WITH_KNOTS((3,3),(1.21703720955623,1.26622313193507),
 .UNSPECIFIED.)
CURVE()
GEOMETRIC_REPRESENTATION_ITEM()
RATIONAL_B_SPLINE_CURVE((1.33347151004879,1.33094654962045,1.32767283027486))
REPRESENTATION_ITEM('')
);
#401=(
BOUNDED_CURVE()
B_SPLINE_CURVE(2,(#10340,#10341,#10342),.UNSPECIFIED.,.F.,.F.)
B_SPLINE_CURVE_WITH_KNOTS((3,3),(0.83612232936228,0.885308251741123),
 .UNSPECIFIED.)
CURVE()
GEOMETRIC_REPRESENTATION_ITEM()
RATIONAL_B_SPLINE_CURVE((1.32767283027486,1.33094654962045,1.33347151004879))
REPRESENTATION_ITEM('')
);
#402=(
BOUNDED_CURVE()
B_SPLINE_CURVE(2,(#10344,#10345,#10346),.UNSPECIFIED.,.F.,.F.)
B_SPLINE_CURVE_WITH_KNOTS((3,3),(1.21703720955623,1.26622313193507),
 .UNSPECIFIED.)
CURVE()
GEOMETRIC_REPRESENTATION_ITEM()
RATIONAL_B_SPLINE_CURVE((1.33347151004879,1.33094654962045,1.32767283027486))
REPRESENTATION_ITEM('')
);
#403=(
BOUNDED_CURVE()
B_SPLINE_CURVE(2,(#10354,#10355,#10356),.UNSPECIFIED.,.F.,.F.)
B_SPLINE_CURVE_WITH_KNOTS((3,3),(0.83612232936228,0.885308251741122),
 .UNSPECIFIED.)
CURVE()
GEOMETRIC_REPRESENTATION_ITEM()
RATIONAL_B_SPLINE_CURVE((1.32767283027486,1.33094654962045,1.33347151004879))
REPRESENTATION_ITEM('')
);
#404=(
BOUNDED_CURVE()
B_SPLINE_CURVE(2,(#10358,#10359,#10360),.UNSPECIFIED.,.F.,.F.)
B_SPLINE_CURVE_WITH_KNOTS((3,3),(1.21703720955623,1.26622313193507),
 .UNSPECIFIED.)
CURVE()
GEOMETRIC_REPRESENTATION_ITEM()
RATIONAL_B_SPLINE_CURVE((1.33347151004879,1.33094654962045,1.32767283027486))
REPRESENTATION_ITEM('')
);
#405=(
BOUNDED_CURVE()
B_SPLINE_CURVE(2,(#10368,#10369,#10370),.UNSPECIFIED.,.F.,.F.)
B_SPLINE_CURVE_WITH_KNOTS((3,3),(0.83612232936228,0.885308251741123),
 .UNSPECIFIED.)
CURVE()
GEOMETRIC_REPRESENTATION_ITEM()
RATIONAL_B_SPLINE_CURVE((1.32767283027486,1.33094654962045,1.33347151004879))
REPRESENTATION_ITEM('')
);
#406=(
BOUNDED_CURVE()
B_SPLINE_CURVE(2,(#10372,#10373,#10374),.UNSPECIFIED.,.F.,.F.)
B_SPLINE_CURVE_WITH_KNOTS((3,3),(1.21703720955623,1.26622313193507),
 .UNSPECIFIED.)
CURVE()
GEOMETRIC_REPRESENTATION_ITEM()
RATIONAL_B_SPLINE_CURVE((1.33347151004879,1.33094654962045,1.32767283027486))
REPRESENTATION_ITEM('')
);
#407=(
BOUNDED_CURVE()
B_SPLINE_CURVE(2,(#10381,#10382,#10383),.UNSPECIFIED.,.F.,.F.)
B_SPLINE_CURVE_WITH_KNOTS((3,3),(0.836122329362281,0.885308251741122),
 .UNSPECIFIED.)
CURVE()
GEOMETRIC_REPRESENTATION_ITEM()
RATIONAL_B_SPLINE_CURVE((1.32767283027486,1.33094654962045,1.33347151004879))
REPRESENTATION_ITEM('')
);
#408=(
BOUNDED_CURVE()
B_SPLINE_CURVE(2,(#10458,#10459,#10460,#10461,#10462,#10463,#10464,#10465,
#10466,#10467,#10468,#10469,#10470,#10471,#10472,#10473,#10474),
 .UNSPECIFIED.,.F.,.F.)
B_SPLINE_CURVE_WITH_KNOTS((3,2,2,2,2,2,2,2,3),(0.825500693425713,0.840241777236886,
0.85498286104806,0.869723944859233,0.884465028670407,0.89920611248158,0.913947196292754,
0.928688280103927,0.943429363915101),.UNSPECIFIED.)
CURVE()
GEOMETRIC_REPRESENTATION_ITEM()
RATIONAL_B_SPLINE_CURVE((1.,0.923879532511287,1.,0.923879532511287,1.,0.923879532511287,
1.,0.923879532511287,1.,0.923879532511287,1.,0.923879532511287,1.,0.923879532511287,
1.,0.923879532511287,1.))
REPRESENTATION_ITEM('')
);
#409=FACE_OUTER_BOUND('',#734,.T.);
#410=FACE_OUTER_BOUND('',#735,.T.);
#411=FACE_OUTER_BOUND('',#736,.T.);
#412=FACE_OUTER_BOUND('',#737,.T.);
#413=FACE_OUTER_BOUND('',#738,.T.);
#414=FACE_OUTER_BOUND('',#739,.T.);
#415=FACE_OUTER_BOUND('',#740,.T.);
#416=FACE_OUTER_BOUND('',#741,.T.);
#417=FACE_OUTER_BOUND('',#742,.T.);
#418=FACE_OUTER_BOUND('',#743,.T.);
#419=FACE_OUTER_BOUND('',#744,.T.);
#420=FACE_OUTER_BOUND('',#745,.T.);
#421=FACE_OUTER_BOUND('',#746,.T.);
#422=FACE_OUTER_BOUND('',#747,.T.);
#423=FACE_OUTER_BOUND('',#748,.T.);
#424=FACE_OUTER_BOUND('',#749,.T.);
#425=FACE_OUTER_BOUND('',#750,.T.);
#426=FACE_OUTER_BOUND('',#751,.T.);
#427=FACE_OUTER_BOUND('',#752,.T.);
#428=FACE_OUTER_BOUND('',#753,.T.);
#429=FACE_OUTER_BOUND('',#754,.T.);
#430=FACE_OUTER_BOUND('',#755,.T.);
#431=FACE_OUTER_BOUND('',#756,.T.);
#432=FACE_OUTER_BOUND('',#757,.T.);
#433=FACE_OUTER_BOUND('',#758,.T.);
#434=FACE_OUTER_BOUND('',#759,.T.);
#435=FACE_OUTER_BOUND('',#760,.T.);
#436=FACE_OUTER_BOUND('',#761,.T.);
#437=FACE_OUTER_BOUND('',#762,.T.);
#438=FACE_OUTER_BOUND('',#763,.T.);
#439=FACE_OUTER_BOUND('',#764,.T.);
#440=FACE_OUTER_BOUND('',#765,.T.);
#441=FACE_OUTER_BOUND('',#766,.T.);
#442=FACE_OUTER_BOUND('',#767,.T.);
#443=FACE_OUTER_BOUND('',#768,.T.);
#444=FACE_OUTER_BOUND('',#769,.T.);
#445=FACE_OUTER_BOUND('',#770,.T.);
#446=FACE_OUTER_BOUND('',#771,.T.);
#447=FACE_OUTER_BOUND('',#772,.T.);
#448=FACE_OUTER_BOUND('',#774,.T.);
#449=FACE_OUTER_BOUND('',#776,.T.);
#450=FACE_OUTER_BOUND('',#777,.T.);
#451=FACE_OUTER_BOUND('',#778,.T.);
#452=FACE_OUTER_BOUND('',#779,.T.);
#453=FACE_OUTER_BOUND('',#780,.T.);
#454=FACE_OUTER_BOUND('',#781,.T.);
#455=FACE_OUTER_BOUND('',#782,.T.);
#456=FACE_OUTER_BOUND('',#783,.T.);
#457=FACE_OUTER_BOUND('',#784,.T.);
#458=FACE_OUTER_BOUND('',#785,.T.);
#459=FACE_OUTER_BOUND('',#786,.T.);
#460=FACE_OUTER_BOUND('',#787,.T.);
#461=FACE_OUTER_BOUND('',#788,.T.);
#462=FACE_OUTER_BOUND('',#789,.T.);
#463=FACE_OUTER_BOUND('',#790,.T.);
#464=FACE_OUTER_BOUND('',#791,.T.);
#465=FACE_OUTER_BOUND('',#792,.T.);
#466=FACE_OUTER_BOUND('',#793,.T.);
#467=FACE_OUTER_BOUND('',#794,.T.);
#468=FACE_OUTER_BOUND('',#795,.T.);
#469=FACE_OUTER_BOUND('',#796,.T.);
#470=FACE_OUTER_BOUND('',#797,.T.);
#471=FACE_OUTER_BOUND('',#798,.T.);
#472=FACE_OUTER_BOUND('',#799,.T.);
#473=FACE_OUTER_BOUND('',#800,.T.);
#474=FACE_OUTER_BOUND('',#801,.T.);
#475=FACE_OUTER_BOUND('',#802,.T.);
#476=FACE_OUTER_BOUND('',#803,.T.);
#477=FACE_OUTER_BOUND('',#804,.T.);
#478=FACE_OUTER_BOUND('',#805,.T.);
#479=FACE_OUTER_BOUND('',#806,.T.);
#480=FACE_OUTER_BOUND('',#807,.T.);
#481=FACE_OUTER_BOUND('',#808,.T.);
#482=FACE_OUTER_BOUND('',#810,.T.);
#483=FACE_OUTER_BOUND('',#811,.T.);
#484=FACE_OUTER_BOUND('',#812,.T.);
#485=FACE_OUTER_BOUND('',#813,.T.);
#486=FACE_OUTER_BOUND('',#814,.T.);
#487=FACE_OUTER_BOUND('',#815,.T.);
#488=FACE_OUTER_BOUND('',#816,.T.);
#489=FACE_OUTER_BOUND('',#817,.T.);
#490=FACE_OUTER_BOUND('',#818,.T.);
#491=FACE_OUTER_BOUND('',#819,.T.);
#492=FACE_OUTER_BOUND('',#820,.T.);
#493=FACE_OUTER_BOUND('',#821,.T.);
#494=FACE_OUTER_BOUND('',#822,.T.);
#495=FACE_OUTER_BOUND('',#823,.T.);
#496=FACE_OUTER_BOUND('',#824,.T.);
#497=FACE_OUTER_BOUND('',#825,.T.);
#498=FACE_OUTER_BOUND('',#826,.T.);
#499=FACE_OUTER_BOUND('',#827,.T.);
#500=FACE_OUTER_BOUND('',#828,.T.);
#501=FACE_OUTER_BOUND('',#829,.T.);
#502=FACE_OUTER_BOUND('',#830,.T.);
#503=FACE_OUTER_BOUND('',#831,.T.);
#504=FACE_OUTER_BOUND('',#832,.T.);
#505=FACE_OUTER_BOUND('',#833,.T.);
#506=FACE_OUTER_BOUND('',#834,.T.);
#507=FACE_OUTER_BOUND('',#835,.T.);
#508=FACE_OUTER_BOUND('',#836,.T.);
#509=FACE_OUTER_BOUND('',#837,.T.);
#510=FACE_OUTER_BOUND('',#838,.T.);
#511=FACE_OUTER_BOUND('',#839,.T.);
#512=FACE_OUTER_BOUND('',#840,.T.);
#513=FACE_OUTER_BOUND('',#841,.T.);
#514=FACE_OUTER_BOUND('',#842,.T.);
#515=FACE_OUTER_BOUND('',#843,.T.);
#516=FACE_OUTER_BOUND('',#844,.T.);
#517=FACE_OUTER_BOUND('',#845,.T.);
#518=FACE_OUTER_BOUND('',#846,.T.);
#519=FACE_OUTER_BOUND('',#847,.T.);
#520=FACE_OUTER_BOUND('',#848,.T.);
#521=FACE_OUTER_BOUND('',#849,.T.);
#522=FACE_OUTER_BOUND('',#850,.T.);
#523=FACE_OUTER_BOUND('',#851,.T.);
#524=FACE_OUTER_BOUND('',#852,.T.);
#525=FACE_OUTER_BOUND('',#853,.T.);
#526=FACE_OUTER_BOUND('',#854,.T.);
#527=FACE_OUTER_BOUND('',#855,.T.);
#528=FACE_OUTER_BOUND('',#856,.T.);
#529=FACE_OUTER_BOUND('',#857,.T.);
#530=FACE_OUTER_BOUND('',#858,.T.);
#531=FACE_OUTER_BOUND('',#859,.T.);
#532=FACE_OUTER_BOUND('',#860,.T.);
#533=FACE_OUTER_BOUND('',#861,.T.);
#534=FACE_OUTER_BOUND('',#862,.T.);
#535=FACE_OUTER_BOUND('',#863,.T.);
#536=FACE_OUTER_BOUND('',#864,.T.);
#537=FACE_OUTER_BOUND('',#865,.T.);
#538=FACE_OUTER_BOUND('',#866,.T.);
#539=FACE_OUTER_BOUND('',#867,.T.);
#540=FACE_OUTER_BOUND('',#868,.T.);
#541=FACE_OUTER_BOUND('',#869,.T.);
#542=FACE_OUTER_BOUND('',#870,.T.);
#543=FACE_OUTER_BOUND('',#871,.T.);
#544=FACE_OUTER_BOUND('',#872,.T.);
#545=FACE_OUTER_BOUND('',#873,.T.);
#546=FACE_OUTER_BOUND('',#874,.T.);
#547=FACE_OUTER_BOUND('',#875,.T.);
#548=FACE_OUTER_BOUND('',#876,.T.);
#549=FACE_OUTER_BOUND('',#877,.T.);
#550=FACE_OUTER_BOUND('',#878,.T.);
#551=FACE_OUTER_BOUND('',#879,.T.);
#552=FACE_OUTER_BOUND('',#880,.T.);
#553=FACE_OUTER_BOUND('',#881,.T.);
#554=FACE_OUTER_BOUND('',#882,.T.);
#555=FACE_OUTER_BOUND('',#883,.T.);
#556=FACE_OUTER_BOUND('',#884,.T.);
#557=FACE_OUTER_BOUND('',#885,.T.);
#558=FACE_OUTER_BOUND('',#886,.T.);
#559=FACE_OUTER_BOUND('',#887,.T.);
#560=FACE_OUTER_BOUND('',#888,.T.);
#561=FACE_OUTER_BOUND('',#889,.T.);
#562=FACE_OUTER_BOUND('',#890,.T.);
#563=FACE_OUTER_BOUND('',#891,.T.);
#564=FACE_OUTER_BOUND('',#892,.T.);
#565=FACE_OUTER_BOUND('',#893,.T.);
#566=FACE_OUTER_BOUND('',#894,.T.);
#567=FACE_OUTER_BOUND('',#895,.T.);
#568=FACE_OUTER_BOUND('',#896,.T.);
#569=FACE_OUTER_BOUND('',#897,.T.);
#570=FACE_OUTER_BOUND('',#898,.T.);
#571=FACE_OUTER_BOUND('',#899,.T.);
#572=FACE_OUTER_BOUND('',#900,.T.);
#573=FACE_OUTER_BOUND('',#901,.T.);
#574=FACE_OUTER_BOUND('',#902,.T.);
#575=FACE_OUTER_BOUND('',#903,.T.);
#576=FACE_OUTER_BOUND('',#904,.T.);
#577=FACE_OUTER_BOUND('',#905,.T.);
#578=FACE_OUTER_BOUND('',#906,.T.);
#579=FACE_OUTER_BOUND('',#907,.T.);
#580=FACE_OUTER_BOUND('',#908,.T.);
#581=FACE_OUTER_BOUND('',#909,.T.);
#582=FACE_OUTER_BOUND('',#910,.T.);
#583=FACE_OUTER_BOUND('',#911,.T.);
#584=FACE_OUTER_BOUND('',#912,.T.);
#585=FACE_OUTER_BOUND('',#913,.T.);
#586=FACE_OUTER_BOUND('',#914,.T.);
#587=FACE_OUTER_BOUND('',#915,.T.);
#588=FACE_OUTER_BOUND('',#916,.T.);
#589=FACE_OUTER_BOUND('',#917,.T.);
#590=FACE_OUTER_BOUND('',#918,.T.);
#591=FACE_OUTER_BOUND('',#919,.T.);
#592=FACE_OUTER_BOUND('',#920,.T.);
#593=FACE_OUTER_BOUND('',#921,.T.);
#594=FACE_OUTER_BOUND('',#922,.T.);
#595=FACE_OUTER_BOUND('',#923,.T.);
#596=FACE_OUTER_BOUND('',#924,.T.);
#597=FACE_OUTER_BOUND('',#925,.T.);
#598=FACE_OUTER_BOUND('',#926,.T.);
#599=FACE_OUTER_BOUND('',#927,.T.);
#600=FACE_OUTER_BOUND('',#928,.T.);
#601=FACE_OUTER_BOUND('',#929,.T.);
#602=FACE_OUTER_BOUND('',#930,.T.);
#603=FACE_OUTER_BOUND('',#931,.T.);
#604=FACE_OUTER_BOUND('',#932,.T.);
#605=FACE_OUTER_BOUND('',#933,.T.);
#606=FACE_OUTER_BOUND('',#934,.T.);
#607=FACE_OUTER_BOUND('',#935,.T.);
#608=FACE_OUTER_BOUND('',#936,.T.);
#609=FACE_OUTER_BOUND('',#937,.T.);
#610=FACE_OUTER_BOUND('',#938,.T.);
#611=FACE_OUTER_BOUND('',#939,.T.);
#612=FACE_OUTER_BOUND('',#940,.T.);
#613=FACE_OUTER_BOUND('',#941,.T.);
#614=FACE_OUTER_BOUND('',#942,.T.);
#615=FACE_OUTER_BOUND('',#943,.T.);
#616=FACE_OUTER_BOUND('',#944,.T.);
#617=FACE_OUTER_BOUND('',#945,.T.);
#618=FACE_OUTER_BOUND('',#946,.T.);
#619=FACE_OUTER_BOUND('',#947,.T.);
#620=FACE_OUTER_BOUND('',#948,.T.);
#621=FACE_OUTER_BOUND('',#949,.T.);
#622=FACE_OUTER_BOUND('',#950,.T.);
#623=FACE_OUTER_BOUND('',#951,.T.);
#624=FACE_OUTER_BOUND('',#952,.T.);
#625=FACE_OUTER_BOUND('',#953,.T.);
#626=FACE_OUTER_BOUND('',#954,.T.);
#627=FACE_OUTER_BOUND('',#955,.T.);
#628=FACE_OUTER_BOUND('',#956,.T.);
#629=FACE_OUTER_BOUND('',#957,.T.);
#630=FACE_OUTER_BOUND('',#958,.T.);
#631=FACE_OUTER_BOUND('',#959,.T.);
#632=FACE_OUTER_BOUND('',#960,.T.);
#633=FACE_OUTER_BOUND('',#961,.T.);
#634=FACE_OUTER_BOUND('',#962,.T.);
#635=FACE_OUTER_BOUND('',#963,.T.);
#636=FACE_OUTER_BOUND('',#964,.T.);
#637=FACE_OUTER_BOUND('',#965,.T.);
#638=FACE_OUTER_BOUND('',#966,.T.);
#639=FACE_OUTER_BOUND('',#967,.T.);
#640=FACE_OUTER_BOUND('',#968,.T.);
#641=FACE_OUTER_BOUND('',#969,.T.);
#642=FACE_OUTER_BOUND('',#970,.T.);
#643=FACE_OUTER_BOUND('',#971,.T.);
#644=FACE_OUTER_BOUND('',#972,.T.);
#645=FACE_OUTER_BOUND('',#973,.T.);
#646=FACE_OUTER_BOUND('',#974,.T.);
#647=FACE_OUTER_BOUND('',#975,.T.);
#648=FACE_OUTER_BOUND('',#976,.T.);
#649=FACE_OUTER_BOUND('',#977,.T.);
#650=FACE_OUTER_BOUND('',#978,.T.);
#651=FACE_OUTER_BOUND('',#979,.T.);
#652=FACE_OUTER_BOUND('',#980,.T.);
#653=FACE_OUTER_BOUND('',#981,.T.);
#654=FACE_OUTER_BOUND('',#982,.T.);
#655=FACE_OUTER_BOUND('',#983,.T.);
#656=FACE_OUTER_BOUND('',#984,.T.);
#657=FACE_OUTER_BOUND('',#985,.T.);
#658=FACE_OUTER_BOUND('',#986,.T.);
#659=FACE_OUTER_BOUND('',#987,.T.);
#660=FACE_OUTER_BOUND('',#988,.T.);
#661=FACE_OUTER_BOUND('',#989,.T.);
#662=FACE_OUTER_BOUND('',#990,.T.);
#663=FACE_OUTER_BOUND('',#991,.T.);
#664=FACE_OUTER_BOUND('',#992,.T.);
#665=FACE_OUTER_BOUND('',#993,.T.);
#666=FACE_OUTER_BOUND('',#994,.T.);
#667=FACE_OUTER_BOUND('',#995,.T.);
#668=FACE_OUTER_BOUND('',#996,.T.);
#669=FACE_OUTER_BOUND('',#997,.T.);
#670=FACE_OUTER_BOUND('',#998,.T.);
#671=FACE_OUTER_BOUND('',#999,.T.);
#672=FACE_OUTER_BOUND('',#1000,.T.);
#673=FACE_OUTER_BOUND('',#1001,.T.);
#674=FACE_OUTER_BOUND('',#1002,.T.);
#675=FACE_OUTER_BOUND('',#1003,.T.);
#676=FACE_OUTER_BOUND('',#1004,.T.);
#677=FACE_OUTER_BOUND('',#1005,.T.);
#678=FACE_OUTER_BOUND('',#1006,.T.);
#679=FACE_OUTER_BOUND('',#1007,.T.);
#680=FACE_OUTER_BOUND('',#1008,.T.);
#681=FACE_OUTER_BOUND('',#1009,.T.);
#682=FACE_OUTER_BOUND('',#1010,.T.);
#683=FACE_OUTER_BOUND('',#1011,.T.);
#684=FACE_OUTER_BOUND('',#1012,.T.);
#685=FACE_OUTER_BOUND('',#1013,.T.);
#686=FACE_OUTER_BOUND('',#1014,.T.);
#687=FACE_OUTER_BOUND('',#1015,.T.);
#688=FACE_OUTER_BOUND('',#1016,.T.);
#689=FACE_OUTER_BOUND('',#1017,.T.);
#690=FACE_OUTER_BOUND('',#1018,.T.);
#691=FACE_OUTER_BOUND('',#1019,.T.);
#692=FACE_OUTER_BOUND('',#1020,.T.);
#693=FACE_OUTER_BOUND('',#1021,.T.);
#694=FACE_OUTER_BOUND('',#1022,.T.);
#695=FACE_OUTER_BOUND('',#1023,.T.);
#696=FACE_OUTER_BOUND('',#1024,.T.);
#697=FACE_OUTER_BOUND('',#1025,.T.);
#698=FACE_OUTER_BOUND('',#1026,.T.);
#699=FACE_OUTER_BOUND('',#1027,.T.);
#700=FACE_OUTER_BOUND('',#1028,.T.);
#701=FACE_OUTER_BOUND('',#1029,.T.);
#702=FACE_OUTER_BOUND('',#1030,.T.);
#703=FACE_OUTER_BOUND('',#1031,.T.);
#704=FACE_OUTER_BOUND('',#1032,.T.);
#705=FACE_OUTER_BOUND('',#1033,.T.);
#706=FACE_OUTER_BOUND('',#1034,.T.);
#707=FACE_OUTER_BOUND('',#1035,.T.);
#708=FACE_OUTER_BOUND('',#1036,.T.);
#709=FACE_OUTER_BOUND('',#1037,.T.);
#710=FACE_OUTER_BOUND('',#1038,.T.);
#711=FACE_OUTER_BOUND('',#1039,.T.);
#712=FACE_OUTER_BOUND('',#1040,.T.);
#713=FACE_OUTER_BOUND('',#1041,.T.);
#714=FACE_OUTER_BOUND('',#1042,.T.);
#715=FACE_OUTER_BOUND('',#1043,.T.);
#716=FACE_OUTER_BOUND('',#1044,.T.);
#717=FACE_OUTER_BOUND('',#1045,.T.);
#718=FACE_OUTER_BOUND('',#1046,.T.);
#719=FACE_OUTER_BOUND('',#1047,.T.);
#720=FACE_OUTER_BOUND('',#1048,.T.);
#721=FACE_OUTER_BOUND('',#1049,.T.);
#722=FACE_OUTER_BOUND('',#1050,.T.);
#723=FACE_OUTER_BOUND('',#1051,.T.);
#724=FACE_OUTER_BOUND('',#1052,.T.);
#725=FACE_OUTER_BOUND('',#1053,.T.);
#726=FACE_OUTER_BOUND('',#1054,.T.);
#727=FACE_OUTER_BOUND('',#1055,.T.);
#728=FACE_OUTER_BOUND('',#1056,.T.);
#729=FACE_OUTER_BOUND('',#1057,.T.);
#730=FACE_OUTER_BOUND('',#1058,.T.);
#731=FACE_OUTER_BOUND('',#1059,.T.);
#732=FACE_OUTER_BOUND('',#1060,.T.);
#733=FACE_OUTER_BOUND('',#1061,.T.);
#734=EDGE_LOOP('',(#3914,#3915,#3916,#3917));
#735=EDGE_LOOP('',(#3918,#3919,#3920,#3921));
#736=EDGE_LOOP('',(#3922,#3923,#3924,#3925));
#737=EDGE_LOOP('',(#3926,#3927,#3928,#3929));
#738=EDGE_LOOP('',(#3930,#3931,#3932,#3933));
#739=EDGE_LOOP('',(#3934,#3935,#3936,#3937));
#740=EDGE_LOOP('',(#3938,#3939,#3940,#3941));
#741=EDGE_LOOP('',(#3942,#3943,#3944,#3945));
#742=EDGE_LOOP('',(#3946,#3947,#3948,#3949));
#743=EDGE_LOOP('',(#3950,#3951,#3952,#3953));
#744=EDGE_LOOP('',(#3954,#3955,#3956,#3957));
#745=EDGE_LOOP('',(#3958,#3959,#3960,#3961));
#746=EDGE_LOOP('',(#3962,#3963,#3964,#3965));
#747=EDGE_LOOP('',(#3966,#3967,#3968,#3969));
#748=EDGE_LOOP('',(#3970,#3971,#3972,#3973,#3974,#3975,#3976,#3977));
#749=EDGE_LOOP('',(#3978,#3979,#3980,#3981));
#750=EDGE_LOOP('',(#3982,#3983,#3984,#3985,#3986,#3987,#3988,#3989,#3990,
#3991,#3992,#3993,#3994,#3995,#3996,#3997,#3998,#3999,#4000,#4001,#4002,
#4003,#4004,#4005,#4006,#4007,#4008,#4009,#4010,#4011,#4012,#4013,#4014,
#4015,#4016,#4017,#4018,#4019,#4020,#4021,#4022,#4023,#4024,#4025,#4026,
#4027,#4028,#4029,#4030,#4031,#4032,#4033,#4034,#4035,#4036,#4037,#4038,
#4039,#4040,#4041,#4042,#4043,#4044,#4045,#4046,#4047,#4048,#4049,#4050,
#4051,#4052,#4053,#4054,#4055,#4056,#4057,#4058,#4059,#4060,#4061,#4062,
#4063,#4064,#4065,#4066,#4067,#4068,#4069,#4070,#4071,#4072,#4073,#4074,
#4075,#4076,#4077,#4078,#4079,#4080,#4081,#4082,#4083,#4084,#4085,#4086,
#4087,#4088,#4089,#4090,#4091,#4092,#4093,#4094,#4095,#4096,#4097,#4098,
#4099,#4100,#4101,#4102,#4103,#4104,#4105,#4106,#4107,#4108,#4109,#4110,
#4111,#4112,#4113,#4114,#4115,#4116,#4117,#4118,#4119,#4120,#4121,#4122,
#4123,#4124,#4125,#4126,#4127,#4128,#4129,#4130,#4131,#4132,#4133,#4134,
#4135,#4136,#4137,#4138,#4139,#4140,#4141,#4142,#4143,#4144,#4145,#4146,
#4147,#4148,#4149,#4150,#4151,#4152,#4153));
#751=EDGE_LOOP('',(#4154,#4155,#4156,#4157,#4158,#4159,#4160,#4161,#4162,
#4163,#4164,#4165,#4166,#4167,#4168,#4169,#4170,#4171,#4172,#4173,#4174,
#4175,#4176,#4177,#4178,#4179,#4180,#4181,#4182,#4183,#4184,#4185,#4186,
#4187,#4188,#4189,#4190,#4191,#4192,#4193,#4194,#4195,#4196,#4197,#4198,
#4199,#4200,#4201,#4202,#4203,#4204,#4205,#4206,#4207,#4208,#4209,#4210,
#4211,#4212,#4213,#4214,#4215,#4216,#4217,#4218,#4219,#4220,#4221,#4222,
#4223,#4224,#4225,#4226,#4227,#4228,#4229,#4230,#4231,#4232,#4233,#4234,
#4235,#4236,#4237,#4238,#4239,#4240,#4241,#4242,#4243,#4244,#4245,#4246,
#4247,#4248,#4249,#4250,#4251,#4252,#4253,#4254,#4255,#4256,#4257,#4258,
#4259,#4260,#4261,#4262,#4263,#4264,#4265,#4266,#4267,#4268,#4269,#4270,
#4271,#4272,#4273,#4274,#4275,#4276,#4277,#4278,#4279,#4280,#4281,#4282,
#4283,#4284,#4285,#4286,#4287,#4288,#4289,#4290,#4291,#4292,#4293,#4294,
#4295,#4296,#4297,#4298,#4299,#4300,#4301,#4302,#4303,#4304,#4305,#4306,
#4307,#4308,#4309,#4310,#4311,#4312,#4313,#4314,#4315,#4316,#4317,#4318,
#4319,#4320,#4321,#4322,#4323,#4324,#4325,#4326,#4327,#4328,#4329,#4330,
#4331,#4332,#4333,#4334,#4335,#4336,#4337,#4338,#4339,#4340,#4341,#4342,
#4343,#4344,#4345,#4346,#4347,#4348,#4349,#4350,#4351,#4352,#4353,#4354,
#4355,#4356,#4357,#4358,#4359,#4360,#4361,#4362,#4363,#4364,#4365,#4366));
#752=EDGE_LOOP('',(#4367,#4368,#4369,#4370));
#753=EDGE_LOOP('',(#4371,#4372,#4373,#4374));
#754=EDGE_LOOP('',(#4375,#4376,#4377,#4378));
#755=EDGE_LOOP('',(#4379,#4380,#4381,#4382));
#756=EDGE_LOOP('',(#4383,#4384,#4385));
#757=EDGE_LOOP('',(#4386,#4387,#4388,#4389));
#758=EDGE_LOOP('',(#4390,#4391,#4392));
#759=EDGE_LOOP('',(#4393,#4394,#4395,#4396));
#760=EDGE_LOOP('',(#4397,#4398,#4399,#4400));
#761=EDGE_LOOP('',(#4401,#4402,#4403,#4404));
#762=EDGE_LOOP('',(#4405,#4406,#4407,#4408,#4409,#4410));
#763=EDGE_LOOP('',(#4411,#4412,#4413,#4414));
#764=EDGE_LOOP('',(#4415,#4416,#4417,#4418,#4419));
#765=EDGE_LOOP('',(#4420,#4421,#4422,#4423,#4424));
#766=EDGE_LOOP('',(#4425,#4426,#4427,#4428));
#767=EDGE_LOOP('',(#4429,#4430,#4431,#4432));
#768=EDGE_LOOP('',(#4433,#4434,#4435,#4436,#4437));
#769=EDGE_LOOP('',(#4438,#4439,#4440,#4441));
#770=EDGE_LOOP('',(#4442,#4443,#4444,#4445));
#771=EDGE_LOOP('',(#4446,#4447,#4448,#4449));
#772=EDGE_LOOP('',(#4450));
#773=EDGE_LOOP('',(#4451));
#774=EDGE_LOOP('',(#4452));
#775=EDGE_LOOP('',(#4453));
#776=EDGE_LOOP('',(#4454,#4455,#4456,#4457,#4458,#4459,#4460,#4461,#4462,
#4463,#4464,#4465,#4466,#4467,#4468,#4469,#4470,#4471,#4472,#4473,#4474));
#777=EDGE_LOOP('',(#4475,#4476,#4477,#4478,#4479,#4480,#4481,#4482,#4483,
#4484,#4485,#4486,#4487,#4488,#4489,#4490,#4491,#4492,#4493,#4494,#4495));
#778=EDGE_LOOP('',(#4496,#4497,#4498,#4499,#4500,#4501));
#779=EDGE_LOOP('',(#4502,#4503,#4504,#4505));
#780=EDGE_LOOP('',(#4506,#4507,#4508));
#781=EDGE_LOOP('',(#4509,#4510,#4511,#4512));
#782=EDGE_LOOP('',(#4513,#4514,#4515));
#783=EDGE_LOOP('',(#4516,#4517,#4518,#4519));
#784=EDGE_LOOP('',(#4520,#4521,#4522));
#785=EDGE_LOOP('',(#4523,#4524,#4525,#4526));
#786=EDGE_LOOP('',(#4527,#4528,#4529));
#787=EDGE_LOOP('',(#4530,#4531,#4532,#4533));
#788=EDGE_LOOP('',(#4534,#4535,#4536,#4537));
#789=EDGE_LOOP('',(#4538,#4539,#4540,#4541));
#790=EDGE_LOOP('',(#4542,#4543,#4544,#4545));
#791=EDGE_LOOP('',(#4546,#4547,#4548,#4549));
#792=EDGE_LOOP('',(#4550,#4551,#4552,#4553));
#793=EDGE_LOOP('',(#4554,#4555,#4556,#4557));
#794=EDGE_LOOP('',(#4558,#4559,#4560,#4561));
#795=EDGE_LOOP('',(#4562,#4563,#4564,#4565));
#796=EDGE_LOOP('',(#4566,#4567,#4568,#4569));
#797=EDGE_LOOP('',(#4570,#4571,#4572,#4573));
#798=EDGE_LOOP('',(#4574,#4575,#4576,#4577));
#799=EDGE_LOOP('',(#4578,#4579,#4580,#4581));
#800=EDGE_LOOP('',(#4582,#4583,#4584,#4585));
#801=EDGE_LOOP('',(#4586,#4587,#4588,#4589));
#802=EDGE_LOOP('',(#4590,#4591,#4592,#4593));
#803=EDGE_LOOP('',(#4594,#4595,#4596,#4597));
#804=EDGE_LOOP('',(#4598,#4599,#4600,#4601));
#805=EDGE_LOOP('',(#4602,#4603,#4604,#4605));
#806=EDGE_LOOP('',(#4606,#4607,#4608,#4609));
#807=EDGE_LOOP('',(#4610,#4611,#4612,#4613));
#808=EDGE_LOOP('',(#4614));
#809=EDGE_LOOP('',(#4615,#4616,#4617,#4618,#4619,#4620,#4621,#4622,#4623,
#4624,#4625,#4626));
#810=EDGE_LOOP('',(#4627,#4628,#4629,#4630));
#811=EDGE_LOOP('',(#4631,#4632,#4633,#4634));
#812=EDGE_LOOP('',(#4635,#4636,#4637,#4638));
#813=EDGE_LOOP('',(#4639,#4640,#4641,#4642));
#814=EDGE_LOOP('',(#4643,#4644,#4645,#4646));
#815=EDGE_LOOP('',(#4647,#4648,#4649,#4650));
#816=EDGE_LOOP('',(#4651,#4652,#4653,#4654));
#817=EDGE_LOOP('',(#4655,#4656,#4657,#4658));
#818=EDGE_LOOP('',(#4659,#4660,#4661,#4662));
#819=EDGE_LOOP('',(#4663,#4664,#4665,#4666));
#820=EDGE_LOOP('',(#4667,#4668,#4669,#4670));
#821=EDGE_LOOP('',(#4671,#4672,#4673,#4674));
#822=EDGE_LOOP('',(#4675,#4676,#4677,#4678));
#823=EDGE_LOOP('',(#4679,#4680,#4681,#4682));
#824=EDGE_LOOP('',(#4683,#4684,#4685,#4686));
#825=EDGE_LOOP('',(#4687,#4688,#4689,#4690));
#826=EDGE_LOOP('',(#4691,#4692,#4693,#4694));
#827=EDGE_LOOP('',(#4695,#4696,#4697,#4698));
#828=EDGE_LOOP('',(#4699,#4700,#4701,#4702));
#829=EDGE_LOOP('',(#4703,#4704,#4705,#4706));
#830=EDGE_LOOP('',(#4707,#4708,#4709,#4710));
#831=EDGE_LOOP('',(#4711,#4712,#4713,#4714));
#832=EDGE_LOOP('',(#4715,#4716,#4717,#4718));
#833=EDGE_LOOP('',(#4719,#4720,#4721,#4722));
#834=EDGE_LOOP('',(#4723,#4724,#4725,#4726));
#835=EDGE_LOOP('',(#4727,#4728,#4729,#4730));
#836=EDGE_LOOP('',(#4731,#4732,#4733,#4734));
#837=EDGE_LOOP('',(#4735,#4736,#4737,#4738));
#838=EDGE_LOOP('',(#4739,#4740,#4741,#4742));
#839=EDGE_LOOP('',(#4743,#4744,#4745,#4746));
#840=EDGE_LOOP('',(#4747,#4748,#4749,#4750));
#841=EDGE_LOOP('',(#4751,#4752,#4753,#4754));
#842=EDGE_LOOP('',(#4755,#4756,#4757,#4758));
#843=EDGE_LOOP('',(#4759,#4760,#4761,#4762));
#844=EDGE_LOOP('',(#4763,#4764,#4765,#4766));
#845=EDGE_LOOP('',(#4767,#4768,#4769,#4770));
#846=EDGE_LOOP('',(#4771,#4772,#4773,#4774));
#847=EDGE_LOOP('',(#4775,#4776,#4777,#4778));
#848=EDGE_LOOP('',(#4779,#4780,#4781,#4782));
#849=EDGE_LOOP('',(#4783,#4784,#4785,#4786));
#850=EDGE_LOOP('',(#4787,#4788,#4789,#4790));
#851=EDGE_LOOP('',(#4791,#4792,#4793,#4794));
#852=EDGE_LOOP('',(#4795,#4796,#4797,#4798));
#853=EDGE_LOOP('',(#4799,#4800,#4801,#4802));
#854=EDGE_LOOP('',(#4803,#4804,#4805,#4806));
#855=EDGE_LOOP('',(#4807,#4808,#4809,#4810));
#856=EDGE_LOOP('',(#4811,#4812,#4813,#4814));
#857=EDGE_LOOP('',(#4815,#4816,#4817,#4818));
#858=EDGE_LOOP('',(#4819,#4820,#4821,#4822));
#859=EDGE_LOOP('',(#4823,#4824,#4825,#4826));
#860=EDGE_LOOP('',(#4827,#4828,#4829,#4830));
#861=EDGE_LOOP('',(#4831,#4832,#4833,#4834));
#862=EDGE_LOOP('',(#4835,#4836,#4837,#4838));
#863=EDGE_LOOP('',(#4839,#4840,#4841,#4842));
#864=EDGE_LOOP('',(#4843,#4844,#4845,#4846));
#865=EDGE_LOOP('',(#4847,#4848,#4849,#4850));
#866=EDGE_LOOP('',(#4851,#4852,#4853,#4854));
#867=EDGE_LOOP('',(#4855,#4856,#4857,#4858));
#868=EDGE_LOOP('',(#4859,#4860,#4861,#4862));
#869=EDGE_LOOP('',(#4863,#4864,#4865,#4866));
#870=EDGE_LOOP('',(#4867,#4868,#4869,#4870));
#871=EDGE_LOOP('',(#4871,#4872,#4873,#4874));
#872=EDGE_LOOP('',(#4875,#4876,#4877,#4878));
#873=EDGE_LOOP('',(#4879,#4880,#4881,#4882));
#874=EDGE_LOOP('',(#4883,#4884,#4885,#4886));
#875=EDGE_LOOP('',(#4887,#4888,#4889,#4890));
#876=EDGE_LOOP('',(#4891,#4892,#4893,#4894));
#877=EDGE_LOOP('',(#4895,#4896,#4897,#4898));
#878=EDGE_LOOP('',(#4899,#4900,#4901,#4902));
#879=EDGE_LOOP('',(#4903,#4904,#4905,#4906));
#880=EDGE_LOOP('',(#4907,#4908,#4909,#4910));
#881=EDGE_LOOP('',(#4911,#4912,#4913,#4914));
#882=EDGE_LOOP('',(#4915,#4916,#4917,#4918));
#883=EDGE_LOOP('',(#4919,#4920,#4921,#4922));
#884=EDGE_LOOP('',(#4923,#4924,#4925,#4926));
#885=EDGE_LOOP('',(#4927,#4928,#4929,#4930));
#886=EDGE_LOOP('',(#4931,#4932,#4933,#4934));
#887=EDGE_LOOP('',(#4935,#4936,#4937,#4938));
#888=EDGE_LOOP('',(#4939,#4940,#4941,#4942));
#889=EDGE_LOOP('',(#4943,#4944,#4945,#4946));
#890=EDGE_LOOP('',(#4947,#4948,#4949,#4950));
#891=EDGE_LOOP('',(#4951,#4952,#4953,#4954));
#892=EDGE_LOOP('',(#4955,#4956,#4957,#4958));
#893=EDGE_LOOP('',(#4959,#4960,#4961,#4962));
#894=EDGE_LOOP('',(#4963,#4964,#4965,#4966,#4967));
#895=EDGE_LOOP('',(#4968,#4969,#4970,#4971,#4972));
#896=EDGE_LOOP('',(#4973,#4974,#4975,#4976));
#897=EDGE_LOOP('',(#4977,#4978,#4979,#4980,#4981));
#898=EDGE_LOOP('',(#4982,#4983,#4984,#4985,#4986));
#899=EDGE_LOOP('',(#4987,#4988,#4989,#4990,#4991));
#900=EDGE_LOOP('',(#4992,#4993,#4994,#4995));
#901=EDGE_LOOP('',(#4996,#4997,#4998,#4999,#5000));
#902=EDGE_LOOP('',(#5001,#5002,#5003,#5004,#5005));
#903=EDGE_LOOP('',(#5006,#5007,#5008,#5009,#5010));
#904=EDGE_LOOP('',(#5011,#5012,#5013,#5014));
#905=EDGE_LOOP('',(#5015,#5016,#5017,#5018,#5019));
#906=EDGE_LOOP('',(#5020,#5021,#5022,#5023,#5024));
#907=EDGE_LOOP('',(#5025,#5026,#5027,#5028,#5029));
#908=EDGE_LOOP('',(#5030,#5031,#5032,#5033));
#909=EDGE_LOOP('',(#5034,#5035,#5036,#5037,#5038));
#910=EDGE_LOOP('',(#5039,#5040,#5041,#5042,#5043));
#911=EDGE_LOOP('',(#5044,#5045,#5046,#5047,#5048));
#912=EDGE_LOOP('',(#5049,#5050,#5051,#5052));
#913=EDGE_LOOP('',(#5053,#5054,#5055,#5056,#5057));
#914=EDGE_LOOP('',(#5058,#5059,#5060,#5061,#5062));
#915=EDGE_LOOP('',(#5063,#5064,#5065,#5066,#5067));
#916=EDGE_LOOP('',(#5068,#5069,#5070,#5071));
#917=EDGE_LOOP('',(#5072,#5073,#5074,#5075,#5076));
#918=EDGE_LOOP('',(#5077,#5078,#5079,#5080,#5081));
#919=EDGE_LOOP('',(#5082,#5083,#5084,#5085,#5086));
#920=EDGE_LOOP('',(#5087,#5088,#5089,#5090));
#921=EDGE_LOOP('',(#5091,#5092,#5093,#5094,#5095));
#922=EDGE_LOOP('',(#5096,#5097,#5098,#5099,#5100));
#923=EDGE_LOOP('',(#5101,#5102,#5103,#5104,#5105));
#924=EDGE_LOOP('',(#5106,#5107,#5108,#5109));
#925=EDGE_LOOP('',(#5110,#5111,#5112,#5113,#5114));
#926=EDGE_LOOP('',(#5115,#5116,#5117,#5118,#5119));
#927=EDGE_LOOP('',(#5120,#5121,#5122,#5123,#5124));
#928=EDGE_LOOP('',(#5125,#5126,#5127,#5128));
#929=EDGE_LOOP('',(#5129,#5130,#5131,#5132,#5133));
#930=EDGE_LOOP('',(#5134,#5135,#5136,#5137,#5138));
#931=EDGE_LOOP('',(#5139,#5140,#5141,#5142,#5143));
#932=EDGE_LOOP('',(#5144,#5145,#5146,#5147));
#933=EDGE_LOOP('',(#5148,#5149,#5150,#5151,#5152));
#934=EDGE_LOOP('',(#5153,#5154,#5155,#5156,#5157));
#935=EDGE_LOOP('',(#5158,#5159,#5160,#5161,#5162));
#936=EDGE_LOOP('',(#5163,#5164,#5165,#5166));
#937=EDGE_LOOP('',(#5167,#5168,#5169,#5170,#5171));
#938=EDGE_LOOP('',(#5172,#5173,#5174,#5175,#5176));
#939=EDGE_LOOP('',(#5177,#5178,#5179,#5180,#5181));
#940=EDGE_LOOP('',(#5182,#5183,#5184,#5185));
#941=EDGE_LOOP('',(#5186,#5187,#5188,#5189,#5190));
#942=EDGE_LOOP('',(#5191,#5192,#5193,#5194,#5195));
#943=EDGE_LOOP('',(#5196,#5197,#5198,#5199,#5200));
#944=EDGE_LOOP('',(#5201,#5202,#5203,#5204));
#945=EDGE_LOOP('',(#5205,#5206,#5207,#5208,#5209));
#946=EDGE_LOOP('',(#5210,#5211,#5212,#5213,#5214));
#947=EDGE_LOOP('',(#5215,#5216,#5217,#5218,#5219));
#948=EDGE_LOOP('',(#5220,#5221,#5222,#5223));
#949=EDGE_LOOP('',(#5224,#5225,#5226,#5227,#5228));
#950=EDGE_LOOP('',(#5229,#5230,#5231,#5232,#5233));
#951=EDGE_LOOP('',(#5234,#5235,#5236,#5237,#5238));
#952=EDGE_LOOP('',(#5239,#5240,#5241,#5242));
#953=EDGE_LOOP('',(#5243,#5244,#5245,#5246,#5247));
#954=EDGE_LOOP('',(#5248,#5249,#5250,#5251,#5252));
#955=EDGE_LOOP('',(#5253,#5254,#5255,#5256,#5257));
#956=EDGE_LOOP('',(#5258,#5259,#5260,#5261));
#957=EDGE_LOOP('',(#5262,#5263,#5264,#5265,#5266));
#958=EDGE_LOOP('',(#5267,#5268,#5269,#5270,#5271));
#959=EDGE_LOOP('',(#5272,#5273,#5274,#5275,#5276));
#960=EDGE_LOOP('',(#5277,#5278,#5279,#5280));
#961=EDGE_LOOP('',(#5281,#5282,#5283,#5284,#5285));
#962=EDGE_LOOP('',(#5286,#5287,#5288,#5289,#5290));
#963=EDGE_LOOP('',(#5291,#5292,#5293,#5294,#5295));
#964=EDGE_LOOP('',(#5296,#5297,#5298,#5299));
#965=EDGE_LOOP('',(#5300,#5301,#5302,#5303,#5304));
#966=EDGE_LOOP('',(#5305,#5306,#5307,#5308,#5309));
#967=EDGE_LOOP('',(#5310,#5311,#5312,#5313,#5314));
#968=EDGE_LOOP('',(#5315,#5316,#5317,#5318));
#969=EDGE_LOOP('',(#5319,#5320,#5321,#5322,#5323));
#970=EDGE_LOOP('',(#5324,#5325,#5326,#5327,#5328));
#971=EDGE_LOOP('',(#5329,#5330,#5331,#5332,#5333));
#972=EDGE_LOOP('',(#5334,#5335,#5336,#5337));
#973=EDGE_LOOP('',(#5338,#5339,#5340,#5341,#5342));
#974=EDGE_LOOP('',(#5343,#5344,#5345,#5346,#5347));
#975=EDGE_LOOP('',(#5348,#5349,#5350,#5351,#5352));
#976=EDGE_LOOP('',(#5353,#5354,#5355,#5356));
#977=EDGE_LOOP('',(#5357,#5358,#5359,#5360,#5361));
#978=EDGE_LOOP('',(#5362,#5363,#5364,#5365,#5366));
#979=EDGE_LOOP('',(#5367,#5368,#5369,#5370,#5371));
#980=EDGE_LOOP('',(#5372,#5373,#5374,#5375));
#981=EDGE_LOOP('',(#5376,#5377,#5378,#5379,#5380));
#982=EDGE_LOOP('',(#5381,#5382,#5383,#5384,#5385));
#983=EDGE_LOOP('',(#5386,#5387,#5388,#5389,#5390));
#984=EDGE_LOOP('',(#5391,#5392,#5393,#5394));
#985=EDGE_LOOP('',(#5395,#5396,#5397,#5398,#5399));
#986=EDGE_LOOP('',(#5400,#5401,#5402,#5403,#5404));
#987=EDGE_LOOP('',(#5405,#5406,#5407,#5408,#5409));
#988=EDGE_LOOP('',(#5410,#5411,#5412,#5413));
#989=EDGE_LOOP('',(#5414,#5415,#5416,#5417,#5418));
#990=EDGE_LOOP('',(#5419,#5420,#5421,#5422,#5423));
#991=EDGE_LOOP('',(#5424,#5425,#5426,#5427,#5428));
#992=EDGE_LOOP('',(#5429,#5430,#5431,#5432));
#993=EDGE_LOOP('',(#5433,#5434,#5435,#5436,#5437));
#994=EDGE_LOOP('',(#5438,#5439,#5440,#5441,#5442));
#995=EDGE_LOOP('',(#5443,#5444,#5445,#5446,#5447));
#996=EDGE_LOOP('',(#5448,#5449,#5450,#5451));
#997=EDGE_LOOP('',(#5452,#5453,#5454,#5455,#5456));
#998=EDGE_LOOP('',(#5457,#5458,#5459,#5460,#5461));
#999=EDGE_LOOP('',(#5462,#5463,#5464,#5465,#5466));
#1000=EDGE_LOOP('',(#5467,#5468,#5469,#5470));
#1001=EDGE_LOOP('',(#5471,#5472,#5473,#5474,#5475));
#1002=EDGE_LOOP('',(#5476,#5477,#5478,#5479,#5480));
#1003=EDGE_LOOP('',(#5481,#5482,#5483,#5484,#5485));
#1004=EDGE_LOOP('',(#5486,#5487,#5488,#5489));
#1005=EDGE_LOOP('',(#5490,#5491,#5492,#5493,#5494));
#1006=EDGE_LOOP('',(#5495,#5496,#5497,#5498,#5499));
#1007=EDGE_LOOP('',(#5500,#5501,#5502,#5503,#5504));
#1008=EDGE_LOOP('',(#5505,#5506,#5507,#5508));
#1009=EDGE_LOOP('',(#5509,#5510,#5511,#5512,#5513));
#1010=EDGE_LOOP('',(#5514,#5515,#5516,#5517,#5518));
#1011=EDGE_LOOP('',(#5519,#5520,#5521,#5522,#5523));
#1012=EDGE_LOOP('',(#5524,#5525,#5526,#5527));
#1013=EDGE_LOOP('',(#5528,#5529,#5530,#5531,#5532));
#1014=EDGE_LOOP('',(#5533,#5534,#5535,#5536,#5537));
#1015=EDGE_LOOP('',(#5538,#5539,#5540,#5541,#5542));
#1016=EDGE_LOOP('',(#5543,#5544,#5545,#5546));
#1017=EDGE_LOOP('',(#5547,#5548,#5549,#5550,#5551));
#1018=EDGE_LOOP('',(#5552,#5553,#5554,#5555,#5556));
#1019=EDGE_LOOP('',(#5557,#5558,#5559,#5560,#5561));
#1020=EDGE_LOOP('',(#5562,#5563,#5564,#5565));
#1021=EDGE_LOOP('',(#5566,#5567,#5568,#5569,#5570));
#1022=EDGE_LOOP('',(#5571,#5572,#5573,#5574,#5575));
#1023=EDGE_LOOP('',(#5576,#5577,#5578,#5579,#5580));
#1024=EDGE_LOOP('',(#5581,#5582,#5583,#5584));
#1025=EDGE_LOOP('',(#5585,#5586,#5587,#5588,#5589));
#1026=EDGE_LOOP('',(#5590,#5591,#5592,#5593,#5594,#5595));
#1027=EDGE_LOOP('',(#5596,#5597,#5598,#5599,#5600));
#1028=EDGE_LOOP('',(#5601,#5602,#5603,#5604));
#1029=EDGE_LOOP('',(#5605,#5606,#5607,#5608,#5609));
#1030=EDGE_LOOP('',(#5610,#5611,#5612,#5613,#5614));
#1031=EDGE_LOOP('',(#5615,#5616,#5617,#5618,#5619));
#1032=EDGE_LOOP('',(#5620,#5621,#5622,#5623));
#1033=EDGE_LOOP('',(#5624,#5625,#5626,#5627,#5628));
#1034=EDGE_LOOP('',(#5629,#5630,#5631,#5632,#5633));
#1035=EDGE_LOOP('',(#5634,#5635,#5636,#5637,#5638));
#1036=EDGE_LOOP('',(#5639,#5640,#5641,#5642));
#1037=EDGE_LOOP('',(#5643,#5644,#5645,#5646,#5647));
#1038=EDGE_LOOP('',(#5648,#5649,#5650,#5651,#5652));
#1039=EDGE_LOOP('',(#5653,#5654,#5655,#5656,#5657));
#1040=EDGE_LOOP('',(#5658,#5659,#5660,#5661));
#1041=EDGE_LOOP('',(#5662,#5663,#5664,#5665,#5666));
#1042=EDGE_LOOP('',(#5667,#5668,#5669,#5670,#5671));
#1043=EDGE_LOOP('',(#5672,#5673,#5674,#5675,#5676));
#1044=EDGE_LOOP('',(#5677,#5678,#5679,#5680));
#1045=EDGE_LOOP('',(#5681,#5682,#5683,#5684,#5685));
#1046=EDGE_LOOP('',(#5686,#5687,#5688,#5689,#5690));
#1047=EDGE_LOOP('',(#5691,#5692,#5693,#5694,#5695));
#1048=EDGE_LOOP('',(#5696,#5697,#5698,#5699));
#1049=EDGE_LOOP('',(#5700,#5701,#5702,#5703,#5704));
#1050=EDGE_LOOP('',(#5705,#5706,#5707,#5708,#5709));
#1051=EDGE_LOOP('',(#5710,#5711,#5712,#5713,#5714));
#1052=EDGE_LOOP('',(#5715,#5716,#5717,#5718));
#1053=EDGE_LOOP('',(#5719,#5720,#5721,#5722,#5723));
#1054=EDGE_LOOP('',(#5724,#5725,#5726,#5727,#5728));
#1055=EDGE_LOOP('',(#5729,#5730,#5731,#5732,#5733));
#1056=EDGE_LOOP('',(#5734,#5735,#5736,#5737));
#1057=EDGE_LOOP('',(#5738,#5739,#5740,#5741,#5742));
#1058=EDGE_LOOP('',(#5743,#5744,#5745,#5746,#5747));
#1059=EDGE_LOOP('',(#5748,#5749,#5750,#5751,#5752));
#1060=EDGE_LOOP('',(#5753,#5754,#5755,#5756));
#1061=EDGE_LOOP('',(#5757,#5758,#5759,#5760,#5761));
#1062=CIRCLE('',#6143,0.1565);
#1063=CIRCLE('',#6151,0.120415608175649);
#1064=CIRCLE('',#6159,0.120415608175649);
#1065=CIRCLE('',#6160,0.120415608175649);
#1066=CIRCLE('',#6161,0.120415608175649);
#1067=CIRCLE('',#6163,0.28125);
#1068=CIRCLE('',#6164,0.565361160714278);
#1069=CIRCLE('',#6165,0.28125);
#1070=CIRCLE('',#6168,0.28125);
#1071=CIRCLE('',#6169,0.198987824283261);
#1072=CIRCLE('',#6170,0.28125);
#1073=CIRCLE('',#6171,0.198987824283261);
#1074=CIRCLE('',#6172,0.28125);
#1075=CIRCLE('',#6173,0.198987824283281);
#1076=CIRCLE('',#6174,0.28125);
#1077=CIRCLE('',#6175,0.198987824283257);
#1078=CIRCLE('',#6176,0.28125);
#1079=CIRCLE('',#6177,0.198987824283243);
#1080=CIRCLE('',#6178,0.28125);
#1081=CIRCLE('',#6179,0.198987824283263);
#1082=CIRCLE('',#6180,0.28125);
#1083=CIRCLE('',#6181,0.198987824283254);
#1084=CIRCLE('',#6182,0.28125);
#1085=CIRCLE('',#6183,0.198987824283247);
#1086=CIRCLE('',#6184,0.28125);
#1087=CIRCLE('',#6185,0.198987824283245);
#1088=CIRCLE('',#6186,0.28125);
#1089=CIRCLE('',#6187,0.198987824283264);
#1090=CIRCLE('',#6188,0.28125);
#1091=CIRCLE('',#6189,0.198987824283242);
#1092=CIRCLE('',#6190,0.28125);
#1093=CIRCLE('',#6191,0.198987824283248);
#1094=CIRCLE('',#6192,0.28125);
#1095=CIRCLE('',#6193,0.198987824283262);
#1096=CIRCLE('',#6194,0.28125);
#1097=CIRCLE('',#6195,0.198987824283266);
#1098=CIRCLE('',#6196,0.28125);
#1099=CIRCLE('',#6197,0.198987824283261);
#1100=CIRCLE('',#6198,0.28125);
#1101=CIRCLE('',#6199,0.198987824283272);
#1102=CIRCLE('',#6200,0.28125);
#1103=CIRCLE('',#6201,0.19898782428327);
#1104=CIRCLE('',#6202,0.28125);
#1105=CIRCLE('',#6203,0.198987824283254);
#1106=CIRCLE('',#6204,0.28125);
#1107=CIRCLE('',#6205,0.198987824283246);
#1108=CIRCLE('',#6206,0.28125);
#1109=CIRCLE('',#6207,0.198987824283256);
#1110=CIRCLE('',#6208,0.28125);
#1111=CIRCLE('',#6211,0.28125);
#1112=CIRCLE('',#6212,0.198987824283275);
#1113=CIRCLE('',#6213,0.28125);
#1114=CIRCLE('',#6214,0.198987824283267);
#1115=CIRCLE('',#6215,0.28125);
#1116=CIRCLE('',#6216,0.198987824283254);
#1117=CIRCLE('',#6217,0.28125);
#1118=CIRCLE('',#6218,0.198987824283269);
#1119=CIRCLE('',#6219,0.28125);
#1120=CIRCLE('',#6220,0.198987824283266);
#1121=CIRCLE('',#6221,0.28125);
#1122=CIRCLE('',#6222,0.198987824283258);
#1123=CIRCLE('',#6223,0.28125);
#1124=CIRCLE('',#6224,0.198987824283263);
#1125=CIRCLE('',#6225,0.28125);
#1126=CIRCLE('',#6226,0.198987824283258);
#1127=CIRCLE('',#6227,0.28125);
#1128=CIRCLE('',#6228,0.198987824283271);
#1129=CIRCLE('',#6229,0.28125);
#1130=CIRCLE('',#6230,0.19898782428325);
#1131=CIRCLE('',#6231,0.28125);
#1132=CIRCLE('',#6232,0.198987824283249);
#1133=CIRCLE('',#6233,0.28125);
#1134=CIRCLE('',#6234,0.198987824283268);
#1135=CIRCLE('',#6235,0.28125);
#1136=CIRCLE('',#6236,0.198987824283268);
#1137=CIRCLE('',#6237,0.28125);
#1138=CIRCLE('',#6238,0.19898782428327);
#1139=CIRCLE('',#6239,0.28125);
#1140=CIRCLE('',#6240,0.198987824283254);
#1141=CIRCLE('',#6241,0.28125);
#1142=CIRCLE('',#6242,0.198987824283261);
#1143=CIRCLE('',#6243,0.28125);
#1144=CIRCLE('',#6244,0.198987824283278);
#1145=CIRCLE('',#6245,0.28125);
#1146=CIRCLE('',#6246,0.198987824283244);
#1147=CIRCLE('',#6247,0.28125);
#1148=CIRCLE('',#6248,0.198987824283271);
#1149=CIRCLE('',#6249,0.28125);
#1150=CIRCLE('',#6250,0.198987824283257);
#1151=CIRCLE('',#6251,0.28125);
#1152=CIRCLE('',#6253,0.280664213562373);
#1153=CIRCLE('',#6254,0.280664213562373);
#1154=CIRCLE('',#6255,0.280664213562373);
#1155=CIRCLE('',#6256,0.280664213562373);
#1156=CIRCLE('',#6257,0.280664213562373);
#1157=CIRCLE('',#6258,0.280664213562373);
#1158=CIRCLE('',#6259,0.280664213562373);
#1159=CIRCLE('',#6260,0.280664213562373);
#1160=CIRCLE('',#6261,0.280664213562373);
#1161=CIRCLE('',#6262,0.280664213562373);
#1162=CIRCLE('',#6263,0.280664213562373);
#1163=CIRCLE('',#6264,0.280664213562373);
#1164=CIRCLE('',#6265,0.280664213562373);
#1165=CIRCLE('',#6266,0.280664213562373);
#1166=CIRCLE('',#6267,0.280664213562373);
#1167=CIRCLE('',#6268,0.280664213562373);
#1168=CIRCLE('',#6269,0.280664213562373);
#1169=CIRCLE('',#6270,0.280664213562373);
#1170=CIRCLE('',#6271,0.280664213562373);
#1171=CIRCLE('',#6272,0.280664213562373);
#1172=CIRCLE('',#6273,0.280664213562373);
#1173=CIRCLE('',#6274,0.26625);
#1174=CIRCLE('',#6275,0.280664213562373);
#1175=CIRCLE('',#6276,0.280664213562373);
#1176=CIRCLE('',#6277,0.280664213562373);
#1177=CIRCLE('',#6278,0.280664213562373);
#1178=CIRCLE('',#6279,0.280664213562373);
#1179=CIRCLE('',#6280,0.280664213562373);
#1180=CIRCLE('',#6281,0.280664213562373);
#1181=CIRCLE('',#6282,0.280664213562373);
#1182=CIRCLE('',#6283,0.280664213562373);
#1183=CIRCLE('',#6284,0.280664213562373);
#1184=CIRCLE('',#6285,0.280664213562373);
#1185=CIRCLE('',#6286,0.280664213562373);
#1186=CIRCLE('',#6287,0.280664213562373);
#1187=CIRCLE('',#6288,0.280664213562373);
#1188=CIRCLE('',#6289,0.280664213562373);
#1189=CIRCLE('',#6290,0.280664213562373);
#1190=CIRCLE('',#6291,0.280664213562373);
#1191=CIRCLE('',#6292,0.280664213562373);
#1192=CIRCLE('',#6293,0.280664213562373);
#1193=CIRCLE('',#6294,0.280664213562373);
#1194=CIRCLE('',#6295,0.280664213562373);
#1195=CIRCLE('',#6297,0.00562499999999999);
#1196=CIRCLE('',#6298,0.005625);
#1197=CIRCLE('',#6299,0.01125);
#1198=CIRCLE('',#6300,0.005625);
#1199=CIRCLE('',#6302,0.005625);
#1200=CIRCLE('',#6303,0.00562499999999999);
#1201=CIRCLE('',#6305,0.782187499999981);
#1202=CIRCLE('',#6306,0.782187499999981);
#1203=CIRCLE('',#6308,0.005625);
#1204=CIRCLE('',#6309,0.00562499999999999);
#1205=CIRCLE('',#6311,0.005625);
#1206=CIRCLE('',#6312,0.005625);
#1207=CIRCLE('',#6313,0.00562500000000001);
#1208=CIRCLE('',#6315,0.787812499999981);
#1209=CIRCLE('',#6316,0.00562499999999999);
#1210=CIRCLE('',#6317,0.782187499999981);
#1211=CIRCLE('',#6319,0.005625);
#1212=CIRCLE('',#6320,0.00562499999999999);
#1213=CIRCLE('',#6322,0.28125);
#1214=CIRCLE('',#6323,0.005625);
#1215=CIRCLE('',#6324,0.275625);
#1216=CIRCLE('',#6326,0.13152671928676);
#1217=CIRCLE('',#6327,0.0111111111111112);
#1218=CIRCLE('',#6329,0.18);
#1219=CIRCLE('',#6330,0.01125);
#1220=CIRCLE('',#6331,0.16875);
#1221=CIRCLE('',#6333,0.1875);
#1222=CIRCLE('',#6334,0.16875);
#1223=CIRCLE('',#6335,0.16875);
#1224=CIRCLE('',#6336,0.1875);
#1225=CIRCLE('',#6339,0.1875);
#1226=CIRCLE('',#6342,0.1565);
#1227=CIRCLE('',#6345,0.142611111111111);
#1228=CIRCLE('',#6347,0.142611111111111);
#1229=CIRCLE('',#6353,0.787812499999981);
#1230=CIRCLE('',#6354,0.787812499999981);
#1231=CIRCLE('',#6355,0.787812499999981);
#1232=CIRCLE('',#6356,0.787812499999981);
#1233=CIRCLE('',#6357,0.787812499999981);
#1234=CIRCLE('',#6359,0.00562500000000001);
#1235=CIRCLE('',#6360,0.782187499999981);
#1236=CIRCLE('',#6362,0.005625);
#1237=CIRCLE('',#6363,0.005625);
#1238=CIRCLE('',#6365,0.005625);
#1239=CIRCLE('',#6366,0.782187499999981);
#1240=CIRCLE('',#6368,0.00562499999999999);
#1241=CIRCLE('',#6370,0.005625);
#1242=CIRCLE('',#6372,0.005625);
#1243=CIRCLE('',#6374,0.782187499999981);
#1244=CIRCLE('',#6375,0.005625);
#1245=CIRCLE('',#6377,0.005625);
#1246=CIRCLE('',#6378,0.005625);
#1247=CIRCLE('',#6380,0.782187499999981);
#1248=CIRCLE('',#6382,0.782187499999981);
#1249=CIRCLE('',#6385,0.782187499999981);
#1250=CIRCLE('',#6387,0.782187499999981);
#1251=CIRCLE('',#6389,0.00562499999999999);
#1252=CIRCLE('',#6391,0.782187499999981);
#1253=CIRCLE('',#6393,0.005625);
#1254=CIRCLE('',#6395,0.782187499999981);
#1255=CIRCLE('',#6397,0.005625);
#1256=CIRCLE('',#6399,0.005625);
#1257=CIRCLE('',#6400,0.776562499999981);
#1258=CIRCLE('',#6402,0.005625);
#1259=CIRCLE('',#6403,0.776562499999981);
#1260=CIRCLE('',#6405,0.00562500000000001);
#1261=CIRCLE('',#6406,0.01125);
#1262=CIRCLE('',#6408,0.776562499999981);
#1263=CIRCLE('',#6409,0.00562500000000001);
#1264=CIRCLE('',#6411,0.01125);
#1265=CIRCLE('',#6412,0.005625);
#1266=CIRCLE('',#6414,0.776562499999981);
#1267=CIRCLE('',#6415,0.005625);
#1268=CIRCLE('',#6417,0.01125);
#1269=CIRCLE('',#6418,0.005625);
#1270=CIRCLE('',#6420,0.776562499999981);
#1271=CIRCLE('',#6421,0.005625);
#1272=CIRCLE('',#6423,0.01125);
#1273=CIRCLE('',#6424,0.00562499999999999);
#1274=CIRCLE('',#6426,0.776562499999981);
#1275=CIRCLE('',#6427,0.00562500000000001);
#1276=CIRCLE('',#6429,0.01125);
#1277=CIRCLE('',#6517,0.00199835848277504);
#1278=CIRCLE('',#6519,0.00199836118261838);
#1279=CIRCLE('',#6523,0.00199835848277502);
#1280=CIRCLE('',#6525,0.0019983611826188);
#1281=CIRCLE('',#6529,0.00199835848277491);
#1282=CIRCLE('',#6531,0.0019983611826186);
#1283=CIRCLE('',#6535,0.00199835848277515);
#1284=CIRCLE('',#6537,0.00199836118261871);
#1285=CIRCLE('',#6541,0.00199835848277485);
#1286=CIRCLE('',#6543,0.00199836118261889);
#1287=CIRCLE('',#6547,0.00199835848277473);
#1288=CIRCLE('',#6549,0.00199836118261899);
#1289=CIRCLE('',#6553,0.00199835848277484);
#1290=CIRCLE('',#6555,0.00199836118261841);
#1291=CIRCLE('',#6559,0.00199835848277486);
#1292=CIRCLE('',#6561,0.00199836118261926);
#1293=CIRCLE('',#6565,0.00199835848277477);
#1294=CIRCLE('',#6567,0.00199836118261915);
#1295=CIRCLE('',#6571,0.00199835848277455);
#1296=CIRCLE('',#6573,0.0019983611826185);
#1297=CIRCLE('',#6577,0.00199835848277424);
#1298=CIRCLE('',#6579,0.00199836118261821);
#1299=CIRCLE('',#6583,0.00199835848277404);
#1300=CIRCLE('',#6585,0.00199836118261995);
#1301=CIRCLE('',#6589,0.0019983584827748);
#1302=CIRCLE('',#6591,0.00199836118261818);
#1303=CIRCLE('',#6595,0.00199835848277442);
#1304=CIRCLE('',#6597,0.00199836118261938);
#1305=CIRCLE('',#6601,0.00199835848277474);
#1306=CIRCLE('',#6603,0.00199836118261858);
#1307=CIRCLE('',#6607,0.00199835848277425);
#1308=CIRCLE('',#6609,0.00199836118261908);
#1309=CIRCLE('',#6613,0.0019983584827751);
#1310=CIRCLE('',#6615,0.00199836118261842);
#1311=CIRCLE('',#6619,0.00199835848277486);
#1312=CIRCLE('',#6621,0.00199836118261901);
#1313=CIRCLE('',#6625,0.0019983584827748);
#1314=CIRCLE('',#6627,0.00199836118261897);
#1315=CIRCLE('',#6631,0.00199835848277457);
#1316=CIRCLE('',#6633,0.00199836118261823);
#1317=CIRCLE('',#6637,0.00199835848277503);
#1318=CIRCLE('',#6639,0.00199836118261868);
#1319=CIRCLE('',#6643,0.0019983584827751);
#1320=CIRCLE('',#6645,0.00199836118261878);
#1321=CIRCLE('',#6649,0.00199835848277456);
#1322=CIRCLE('',#6651,0.00199836118261838);
#1323=CIRCLE('',#6655,0.00199835848277514);
#1324=CIRCLE('',#6657,0.00199836118261899);
#1325=CIRCLE('',#6661,0.00199835848277459);
#1326=CIRCLE('',#6663,0.00199836118262044);
#1327=CIRCLE('',#6667,0.00199835848277475);
#1328=CIRCLE('',#6669,0.0019983611826208);
#1329=CIRCLE('',#6673,0.0019983584827744);
#1330=CIRCLE('',#6675,0.00199836118261973);
#1331=CIRCLE('',#6679,0.00199835848277519);
#1332=CIRCLE('',#6681,0.00199836118262001);
#1333=CIRCLE('',#6685,0.00199835848277458);
#1334=CIRCLE('',#6687,0.00199836118261972);
#1335=CIRCLE('',#6691,0.00199835848277479);
#1336=CIRCLE('',#6693,0.00199836118262034);
#1337=CIRCLE('',#6697,0.00199835848277466);
#1338=CIRCLE('',#6699,0.0019983611826203);
#1339=CIRCLE('',#6703,0.00199835848277522);
#1340=CIRCLE('',#6705,0.00199836118261959);
#1341=CIRCLE('',#6709,0.00199835848277404);
#1342=CIRCLE('',#6711,0.00199836118261995);
#1343=CIRCLE('',#6715,0.00199835848277503);
#1344=CIRCLE('',#6717,0.00199836118261912);
#1345=CIRCLE('',#6721,0.0019983584827743);
#1346=CIRCLE('',#6723,0.0019983611826186);
#1347=CIRCLE('',#6727,0.00199835848277484);
#1348=CIRCLE('',#6729,0.00199836118261885);
#1349=CIRCLE('',#6733,0.00199835848277525);
#1350=CIRCLE('',#6735,0.00199836118261898);
#1351=CIRCLE('',#6739,0.00199835848277464);
#1352=CIRCLE('',#6741,0.0019983611826182);
#1353=CIRCLE('',#6745,0.00199835848277491);
#1354=CIRCLE('',#6747,0.00199836118261919);
#1355=CIRCLE('',#6751,0.00199835848277434);
#1356=CIRCLE('',#6753,0.00199836118261904);
#1357=CIRCLE('',#6757,0.00199835848277419);
#1358=CIRCLE('',#6759,0.00199836118261843);
#1359=CIRCLE('',#6763,0.0019983584827746);
#1360=CIRCLE('',#6765,0.0019983611826188);
#1361=B_SPLINE_CURVE_WITH_KNOTS('',3,(#8521,#8522,#8523,#8524,#8525,#8526,
#8527,#8528,#8529,#8530,#8531,#8532,#8533,#8534,#8535,#8536,#8537,#8538,
#8539,#8540,#8541,#8542,#8543,#8544,#8545,#8546,#8547,#8548,#8549,#8550,
#8551,#8552),.UNSPECIFIED.,.F.,.F.,(4,2,2,2,2,2,2,2,2,2,2,2,2,2,2,4),(-2.19116359384319,
-2.17438443733674,-2.01577117210555,-1.86301894357581,-1.70428857012416,
-1.55144349381604,-1.39259592613101,-1.23965548261578,-1.08069060705316,
-0.927652527286198,-0.768570206572164,-0.615432448980565,-0.456232525966498,
-0.302993254933495,-0.143675556066371,-9.99999999695689E-7),
 .UNSPECIFIED.);
#1362=B_SPLINE_CURVE_WITH_KNOTS('',3,(#8555,#8556,#8557,#8558,#8559,#8560,
#8561,#8562,#8563,#8564,#8565,#8566,#8567,#8568,#8569,#8570,#8571,#8572,
#8573,#8574,#8575,#8576,#8577,#8578,#8579,#8580,#8581,#8582),
 .UNSPECIFIED.,.F.,.F.,(4,2,2,2,2,2,2,2,2,2,2,2,2,4),(-17.9024841482725,
-17.7632863842586,-17.6231387351835,-17.4716687044649,-17.3147956753072,
-17.1633689297415,-17.0066143847807,-16.8552236710053,-16.6985880818708,
-16.5472256324687,-16.3907095106602,-16.2393670475132,-16.0829709339059,
-16.0406072902186),.UNSPECIFIED.);
#1363=B_SPLINE_CURVE_WITH_KNOTS('',3,(#8587,#8588,#8589,#8590,#8591,#8592,
#8593,#8594,#8595,#8596,#8597,#8598,#8599,#8600,#8601,#8602,#8603,#8604,
#8605,#8606,#8607,#8608,#8609,#8610,#8611,#8612,#8613,#8614,#8615,#8616,
#8617,#8618,#8619,#8620,#8621,#8622),.UNSPECIFIED.,.F.,.F.,(4,2,2,2,2,2,
2,2,2,2,2,2,2,2,2,2,2,4),(-4.6878278411071,-4.65815386463567,-4.50047898665575,
-4.34834038206943,-4.19054759671977,-4.03834836464816,-3.88043794961825,
-3.72817264735096,-3.57014482431465,-3.41780846355433,-3.25966339975572,
-3.10725142309555,-2.9489892339578,-2.7964974896193,-2.63811824210196,-2.48554295763849,
-2.32704667410342,-2.19116359384319),.UNSPECIFIED.);
#1364=B_SPLINE_CURVE_WITH_KNOTS('',3,(#8623,#8624,#8625,#8626,#8627,#8628,
#8629,#8630,#8631,#8632,#8633,#8634,#8635,#8636,#8637,#8638,#8639,#8640,
#8641,#8642,#8643,#8644,#8645,#8646,#8647,#8648,#8649,#8650,#8651,#8652,
#8653,#8654,#8655,#8656,#8657,#8658),.UNSPECIFIED.,.F.,.F.,(4,2,2,2,2,2,
2,2,2,2,2,2,2,2,2,2,2,4),(-16.0406072902186,-15.9316396213703,-15.7753639894192,
-15.6240346053974,-15.4678800936067,-15.3165429520701,-15.1605100939819,
-15.0091550736701,-14.8532443571645,-14.7018609720639,-14.5460728121762,
-14.3946502688691,-14.2389849776355,-14.0875122415259,-13.9319699953278,
-13.7804358648757,-13.6250166699103,-13.5601050745501),.UNSPECIFIED.);
#1365=B_SPLINE_CURVE_WITH_KNOTS('',3,(#8663,#8664,#8665,#8666,#8667,#8668,
#8669,#8670,#8671,#8672,#8673,#8674,#8675,#8676,#8677,#8678,#8679,#8680,
#8681,#8682,#8683,#8684,#8685,#8686,#8687,#8688,#8689,#8690,#8691,#8692,
#8693,#8694,#8695,#8696,#8697,#8698),.UNSPECIFIED.,.F.,.F.,(4,2,2,2,2,2,
2,2,2,2,2,2,2,2,2,2,2,4),(-7.17952757775897,-7.13100006827007,-6.9742843289447,
-6.82237536257652,-6.66553788079532,-6.51362975207787,-6.35667108117269,
-6.2047543617792,-6.04767506200982,-5.89574079783741,-5.73854141830921,
-5.58658115187098,-5.42926221586068,-5.27726799990483,-5.1198299934247,
-4.96779439649537,-4.81023775984784,-4.6878278411071),.UNSPECIFIED.);
#1366=B_SPLINE_CURVE_WITH_KNOTS('',3,(#8699,#8700,#8701,#8702,#8703,#8704,
#8705,#8706,#8707,#8708,#8709,#8710,#8711,#8712,#8713,#8714,#8715,#8716,
#8717,#8718,#8719,#8720,#8721,#8722,#8723,#8724,#8725,#8726,#8727,#8728,
#8729,#8730,#8731,#8732,#8733,#8734),.UNSPECIFIED.,.F.,.F.,(4,2,2,2,2,2,
2,2,2,2,2,2,2,2,2,2,2,4),(-13.5601050745501,-13.4734098576685,-13.3181135143246,
-13.1664227332665,-13.0112488003074,-12.8594628536679,-12.7044106132196,
-12.5525184858713,-12.3975869102675,-12.2455776668725,-12.0907653678417,
-11.9386283850115,-11.7839336277439,-11.631658955533,-11.4770796183758,
-11.3246578187263,-11.1701913763723,-11.0802764668523),.UNSPECIFIED.);
#1367=B_SPLINE_CURVE_WITH_KNOTS('',3,(#8739,#8740,#8741,#8742,#8743,#8744,
#8745,#8746,#8747,#8748,#8749,#8750,#8751,#8752,#8753,#8754,#8755,#8756,
#8757,#8758,#8759,#8760,#8761,#8762,#8763,#8764,#8765,#8766,#8767,#8768,
#8769,#8770,#8771,#8772,#8773,#8774),.UNSPECIFIED.,.F.,.F.,(4,2,2,2,2,2,
2,2,2,2,2,2,2,2,2,2,2,4),(-9.66914668315362,-9.59685508840374,-9.44112382815728,
-9.2888266307189,-9.13297267216566,-8.98076305481021,-8.82478587763135,
-8.67265252719161,-8.51655186399372,-8.36448344086597,-8.20825924135643,
-8.05624446738062,-7.89989686245189,-7.74792460397654,-7.59145387063788,
-7.43951321516806,-7.28291974314445,-7.17952757775897),.UNSPECIFIED.);
#1368=B_SPLINE_CURVE_WITH_KNOTS('',3,(#8775,#8776,#8777,#8778,#8779,#8780,
#8781,#8782,#8783,#8784,#8785,#8786,#8787,#8788,#8789,#8790,#8791,#8792,
#8793,#8794,#8795,#8796,#8797,#8798,#8799,#8800,#8801,#8802,#8803,#8804,
#8805,#8806,#8807,#8808,#8809,#8810),.UNSPECIFIED.,.F.,.F.,(4,2,2,2,2,2,
2,2,2,2,2,2,2,2,2,2,2,4),(-11.0802764668523,-11.0176135919064,-10.8632571057094,
-10.710515118882,-10.5562652337456,-10.4033515152318,-10.2492044632249,
-10.0961122087878,-9.94206381940795,-9.78878697487538,-9.63483269166328,
-9.48136596601802,-9.32525953153353,-9.17392477158184,-9.01769698427519,
-8.86636433369968,-8.71001574235884,-8.59960900478431),.UNSPECIFIED.);
#1369=B_SPLINE_CURVE_WITH_KNOTS('',3,(#8815,#8816,#8817,#8818,#8819,#8820,
#8821,#8822,#8823,#8824,#8825,#8826,#8827,#8828,#8829,#8830,#8831,#8832,
#8833,#8834,#8835,#8836,#8837,#8838,#8839,#8840,#8841,#8842,#8843,#8844,
#8845,#8846,#8847,#8848,#8849,#8850),.UNSPECIFIED.,.F.,.F.,(4,2,2,2,2,2,
2,2,2,2,2,2,2,2,2,2,2,4),(-12.1585323066195,-12.0625362107084,-11.9062687090505,
-11.7542195139024,-11.5980755224658,-11.4459653107378,-11.2899448459131,
-11.1368957725957,-10.9817589981973,-10.8288602699088,-10.6736083309731,
-10.520850636802,-10.3654812868104,-10.2128547809529,-10.0573661679014,
-9.90486043170605,-9.7492510618098,-9.66914668315362),.UNSPECIFIED.);
#1370=B_SPLINE_CURVE_WITH_KNOTS('',3,(#8851,#8852,#8853,#8854,#8855,#8856,
#8857,#8858,#8859,#8860,#8861,#8862,#8863,#8864,#8865,#8866,#8867,#8868,
#8869,#8870,#8871,#8872,#8873,#8874,#8875,#8876,#8877,#8878,#8879,#8880,
#8881,#8882,#8883,#8884,#8885,#8886),.UNSPECIFIED.,.F.,.F.,(4,2,2,2,2,2,
2,2,2,2,2,2,2,2,2,2,2,4),(-8.59960900478431,-8.55867574825393,-8.4022069112135,
-8.25085058947042,-8.09426205613588,-7.94288091494891,-7.78617321073701,
-7.63475926528851,-7.47793287982122,-7.32647865883617,-7.16953403714986,
-7.01803258214989,-6.86097011862446,-6.70941497680103,-6.55223501147794,
-6.40062022314775,-6.24332304009063,-6.11594213515736),.UNSPECIFIED.);
#1371=B_SPLINE_CURVE_WITH_KNOTS('',3,(#8891,#8892,#8893,#8894,#8895,#8896,
#8897,#8898,#8899,#8900,#8901,#8902,#8903,#8904,#8905,#8906,#8907,#8908,
#8909,#8910,#8911,#8912,#8913,#8914,#8915,#8916,#8917,#8918,#8919,#8920,
#8921,#8922,#8923,#8924,#8925,#8926),.UNSPECIFIED.,.F.,.F.,(4,2,2,2,2,2,
2,2,2,2,2,2,2,2,2,2,2,4),(-14.6492807317045,-14.5325722665728,-14.3753308773979,
-14.2233879612021,-14.0662664677507,-13.9143440778271,-13.7573430217667,
-13.6054323736204,-13.4485523132258,-13.2966441393637,-13.1398856326265,
-12.9879702109895,-12.8313337952615,-12.6794009871833,-12.5228871553675,
-12.3709264531786,-12.2145356266136,-12.1585323066195),.UNSPECIFIED.);
#1372=B_SPLINE_CURVE_WITH_KNOTS('',3,(#8927,#8928,#8929,#8930,#8931,#8932,
#8933,#8934,#8935,#8936,#8937,#8938,#8939,#8940,#8941,#8942,#8943,#8944,
#8945,#8946,#8947,#8948,#8949,#8950,#8951,#8952,#8953,#8954,#8955,#8956,
#8957,#8958,#8959,#8960,#8961,#8962),.UNSPECIFIED.,.F.,.F.,(4,2,2,2,2,2,
2,2,2,2,2,2,2,2,2,2,2,4),(-6.11594213515736,-6.09164312169997,-5.93422894905218,
-5.78247887266589,-5.6249478840736,-5.47312305422805,-5.31547537132089,
-5.16357160004412,-5.00580729569576,-4.85382077640974,-4.69593987853465,
-4.54386715945987,-4.38586965513776,-4.23370761272411,-4.07559345247835,
-3.92333926529272,-3.76510836738237,-3.62615129342652),.UNSPECIFIED.);
#1373=B_SPLINE_CURVE_WITH_KNOTS('',3,(#8967,#8968,#8969,#8970,#8971,#8972,
#8973,#8974,#8975,#8976,#8977,#8978,#8979,#8980,#8981,#8982,#8983,#8984,
#8985,#8986,#8987,#8988,#8989,#8990,#8991,#8992,#8993,#8994,#8995,#8996,
#8997,#8998,#8999,#9000,#9001,#9002),.UNSPECIFIED.,.F.,.F.,(4,2,2,2,2,2,
2,2,2,2,2,2,2,2,2,2,2,4),(-17.1439417368022,-17.0119371244797,-16.8537509349626,
-16.7013883289048,-16.5433193349923,-16.3910294110248,-16.2330777617046,
-16.0808556832664,-15.9230215811556,-15.7708620651597,-15.6131457684767,
-15.4610430633508,-15.303444886669,-15.1513927534946,-14.9939130669531,
-14.841904764618,-14.6845439912493,-14.6492807317045),.UNSPECIFIED.);
#1374=B_SPLINE_CURVE_WITH_KNOTS('',3,(#9003,#9004,#9005,#9006,#9007,#9008,
#9009,#9010,#9011,#9012,#9013,#9014,#9015,#9016,#9017,#9018,#9019,#9020,
#9021,#9022,#9023,#9024,#9025,#9026,#9027,#9028,#9029,#9030,#9031,#9032,
#9033,#9034,#9035,#9036,#9037,#9038),.UNSPECIFIED.,.F.,.F.,(4,2,2,2,2,2,
2,2,2,2,2,2,2,2,2,2,2,4),(-3.62615129342652,-3.6127594907952,-3.45441174541018,
-3.30196588734278,-3.14350116061914,-2.990956258542,-2.83237439633758,-2.67972859564731,
-2.52102942703792,-2.36828106088817,-2.20946440136118,-2.05661197197868,
-1.89767762631377,-1.74471978779561,-1.58566755263326,-1.43260309519399,
-1.27343276129994,-1.12710350504619),.UNSPECIFIED.);
#1375=B_SPLINE_CURVE_WITH_KNOTS('',3,(#9057,#9058,#9059,#9060,#9061,#9062,
#9063,#9064,#9065,#9066,#9067,#9068,#9069,#9070,#9071,#9072,#9073,#9074,
#9075,#9076),.UNSPECIFIED.,.F.,.F.,(4,2,2,2,2,2,2,2,2,4),(0.,0.115791639546287,
0.23193900052568,0.350138797633882,0.472869568716132,0.590961698880198,
0.713573112750718,0.831559650813371,0.954052922045684,0.965371316720434),
 .UNSPECIFIED.);
#1376=B_SPLINE_CURVE_WITH_KNOTS('',3,(#9098,#9099,#9100,#9101,#9102,#9103,
#9104,#9105,#9106,#9107,#9108,#9109,#9110,#9111,#9112,#9113,#9114,#9115,
#9116,#9117,#9118,#9119,#9120,#9121,#9122,#9123,#9124,#9125,#9126,#9127,
#9128,#9129,#9130,#9131,#9132,#9133),.UNSPECIFIED.,.F.,.F.,(4,2,2,2,2,2,
2,2,2,2,2,2,2,2,2,2,2,4),(0.965371316720434,1.0719360866006,1.19431246407513,
1.3120946269784,1.43435539131233,1.55203908752374,1.67418554791641,1.79177348561411,
1.91380697607846,2.03130204697366,2.15322392193511,2.27062921169454,2.39244084095195,
2.50975963961464,2.63146240267542,2.74869821492752,2.87029349474994,2.88807602704769),
 .UNSPECIFIED.);
#1377=B_SPLINE_CURVE_WITH_KNOTS('',3,(#9155,#9156,#9157,#9158,#9159,#9160,
#9161,#9162,#9163,#9164,#9165,#9166,#9167,#9168,#9169,#9170,#9171,#9172,
#9173,#9174,#9175,#9176,#9177,#9178,#9179,#9180,#9181,#9182,#9183,#9184,
#9185,#9186,#9187,#9188,#9189,#9190),.UNSPECIFIED.,.F.,.F.,(4,2,2,2,2,2,
2,2,2,2,2,2,2,2,2,2,2,4),(2.88807602704769,2.98745004989665,3.10893922609706,
3.22602048754537,3.34740492915659,3.46441510319658,3.58569616109588,3.70263970474297,
3.82381870390273,3.94070033154021,4.06177856329106,4.17860325183125,4.29958196636517,
4.41635495863234,4.537235358009,4.65396216403748,4.7747453959907,4.80246431695171),
 .UNSPECIFIED.);
#1378=B_SPLINE_CURVE_WITH_KNOTS('',3,(#9212,#9213,#9214,#9215,#9216,#9217,
#9218,#9219,#9220,#9221,#9222,#9223,#9224,#9225,#9226,#9227,#9228,#9229,
#9230,#9231,#9232,#9233,#9234,#9235,#9236,#9237,#9238,#9239,#9240,#9241,
#9242,#9243,#9244,#9245,#9246,#9247),.UNSPECIFIED.,.F.,.F.,(4,2,2,2,2,2,
2,2,2,2,2,2,2,2,2,2,2,4),(4.80246431695171,4.89143179193049,5.01211894479888,
5.12877096912949,5.24936306825477,5.36598701502815,5.48648502097282,5.60308742983874,
5.72349223876917,5.84007988158281,5.9603923281418,6.07697219201344,6.19719305496623,
6.31377232168619,6.43390233256428,6.55048835442214,6.67052820931048,6.71203291089647),
 .UNSPECIFIED.);
#1379=B_SPLINE_CURVE_WITH_KNOTS('',3,(#9269,#9270,#9271,#9272,#9273,#9274,
#9275,#9276,#9277,#9278,#9279,#9280,#9281,#9282,#9283,#9284,#9285,#9286,
#9287,#9288,#9289,#9290,#9291,#9292,#9293,#9294,#9295,#9296,#9297,#9298,
#9299,#9300,#9301,#9302,#9303,#9304),.UNSPECIFIED.,.F.,.F.,(4,2,2,2,2,2,
2,2,2,2,2,2,2,2,2,2,2,4),(6.71203291089647,6.78712848142255,6.90707885593853,
7.0237009852999,7.14356255270014,7.26021422428255,7.37998767651004,7.49751556524698,
7.61642967672318,7.73384574962094,7.85283292213742,7.97014306324756,8.08920576065412,
8.20641618072663,8.32555658883402,8.44267380081408,8.56189384295423,8.61966275831407),
 .UNSPECIFIED.);
#1380=B_SPLINE_CURVE_WITH_KNOTS('',3,(#9326,#9327,#9328,#9329,#9330,#9331,
#9332,#9333,#9334,#9335,#9336,#9337,#9338,#9339,#9340,#9341,#9342,#9343,
#9344,#9345,#9346,#9347,#9348,#9349,#9350,#9351,#9352,#9353,#9354,#9355,
#9356,#9357,#9358,#9359,#9360,#9361),.UNSPECIFIED.,.F.,.F.,(4,2,2,2,2,2,
2,2,2,2,2,2,2,2,2,2,2,4),(8.61966275831407,8.67892463355612,8.79822599357985,
8.91517771481634,9.03456187461066,9.15144194360714,9.27091016880104,9.38772600579583,
9.50727939464427,9.62403855868632,9.74367807044764,9.86038821910404,9.98011470263963,
10.0967835513247,10.216597773139,10.3332330548017,10.4531357258075,10.527223408346),
 .UNSPECIFIED.);
#1381=B_SPLINE_CURVE_WITH_KNOTS('',3,(#9383,#9384,#9385,#9386,#9387,#9388,
#9389,#9390,#9391,#9392,#9393,#9394,#9395,#9396,#9397,#9398,#9399,#9400,
#9401,#9402,#9403,#9404,#9405,#9406,#9407,#9408,#9409,#9410,#9411,#9412,
#9413,#9414,#9415,#9416,#9417,#9418),.UNSPECIFIED.,.F.,.F.,(4,2,2,2,2,2,
2,2,2,2,2,2,2,2,2,2,2,4),(10.527223408346,10.5697451516785,10.6897369520652,
10.8063281741071,10.9264097758028,11.0429903514299,11.1631624377722,11.2797397973164,
11.4000030796774,11.5165844969748,11.6369397282125,11.7535322945822,11.8739802793108,
11.9905908810917,12.111132482867,12.2277677825817,12.3484039281871,12.436568556921),
 .UNSPECIFIED.);
#1382=B_SPLINE_CURVE_WITH_KNOTS('',3,(#9433,#9434,#9435,#9436,#9437,#9438,
#9439,#9440,#9441,#9442,#9443,#9444),.UNSPECIFIED.,.F.,.F.,(4,2,2,2,2,4),
(14.3505165959228,14.3688317914277,14.4903699305503,14.6075623485656,14.6699818555119,
14.7332593397606),.UNSPECIFIED.);
#1383=B_SPLINE_CURVE_WITH_KNOTS('',3,(#10475,#10476,#10477,#10478,#10479,
#10480,#10481,#10482,#10483,#10484,#10485,#10486,#10487,#10488,#10489,#10490,
#10491,#10492,#10493,#10494,#10495,#10496,#10497,#10498,#10499,#10500,#10501,
#10502,#10503,#10504,#10505,#10506,#10507,#10508,#10509,#10510),
 .UNSPECIFIED.,.F.,.F.,(4,2,2,2,2,2,2,2,2,2,2,2,2,2,2,2,2,4),(12.436568556921,
12.4650703493078,12.5858020303968,12.7025057456105,12.8233340180113,12.9400809408138,
13.061006921832,13.1778027012259,13.2988275652968,13.4156775833303,13.5368025563695,
13.6537119282256,13.7749382810135,13.8919118573443,14.0132408982567,14.1302832694553,
14.2517163368211,14.3505165959228),.UNSPECIFIED.);
#1384=B_SPLINE_CURVE_WITH_KNOTS('',3,(#10519,#10520,#10521,#10522,#10523,
#10524,#10525,#10526,#10527,#10528,#10529,#10530,#10531,#10532,#10533,#10534,
#10535,#10536,#10537,#10538),.UNSPECIFIED.,.F.,.F.,(4,2,2,2,2,2,2,2,2,4),
(-1.12710350504619,-1.12026060298707,-0.960972098552536,-0.807691383930988,
-0.648284352403489,-0.494894069320028,-0.335368294621572,-0.181867647106221,
-0.0917352592707899,-1.00000003744327E-6),.UNSPECIFIED.);
#1385=B_SPLINE_CURVE_WITH_KNOTS('',3,(#10541,#10542,#10543,#10544,#10545,
#10546,#10547,#10548,#10549,#10550,#10551,#10552,#10553,#10554,#10555,#10556),
 .UNSPECIFIED.,.F.,.F.,(4,2,2,2,2,2,2,4),(-17.9549141297031,-17.8699510093438,
-17.7862260520794,-17.6336206617151,-17.4752005231817,-17.3226798941818,
-17.1643768017709,-17.1439417368022),.UNSPECIFIED.);
#1386=B_SPLINE_CURVE_WITH_KNOTS('',3,(#10561,#10562,#10563,#10564,#10565,
#10566,#10567,#10568,#10569,#10570,#10571,#10572,#10573,#10574,#10575,#10576),
 .UNSPECIFIED.,.F.,.F.,(4,2,2,2,2,2,2,4),(-0.477338184324758,-0.423379589915791,
-0.365281702999544,-0.240532991369845,-0.183996596598471,-0.139510998559567,
-0.104574752711168,-1.00000005304191E-6),.UNSPECIFIED.);
#1387=B_SPLINE_CURVE_WITH_KNOTS('',3,(#10579,#10580,#10581,#10582,#10583,
#10584,#10585,#10586,#10587,#10588,#10589,#10590),.UNSPECIFIED.,.F.,.F.,
(4,2,2,2,2,4),(-0.465216863664994,-0.334724647800796,-0.231599036697296,
-0.17487820713691,-0.0864473597365938,0.),.UNSPECIFIED.);
#1388=B_SPLINE_CURVE_WITH_KNOTS('',3,(#10593,#10594,#10595,#10596,#10597,
#10598,#10599,#10600,#10601,#10602,#10603,#10604),.UNSPECIFIED.,.F.,.F.,
(4,2,2,2,2,4),(-0.480736533701359,-0.357235785725619,-0.24278174539448,
-0.211995670592091,-0.107270376477471,-1.00000005626155E-6),
 .UNSPECIFIED.);
#1389=B_SPLINE_CURVE_WITH_KNOTS('',3,(#10606,#10607,#10608,#10609,#10610,
#10611,#10612,#10613,#10614,#10615,#10616,#10617,#10618,#10619),
 .UNSPECIFIED.,.F.,.F.,(4,2,2,2,2,2,4),(-0.283967948979917,-0.222743038125138,
-0.162973464932006,-0.145386293980591,-0.0799689677488735,-0.0449490570640186,
0.),.UNSPECIFIED.);
#1390=B_SPLINE_CURVE_WITH_KNOTS('',3,(#10622,#10623,#10624,#10625,#10626,
#10627),.UNSPECIFIED.,.F.,.F.,(4,2,4),(-0.416675947066603,-0.167051949038547,
-1.0000012821143E-6),.UNSPECIFIED.);
#1391=B_SPLINE_CURVE_WITH_KNOTS('',3,(#10628,#10629,#10630,#10631,#10632,
#10633,#10634,#10635,#10636,#10637,#10638,#10639,#10640,#10641,#10642,#10643,
#10644,#10645,#10646,#10647),.UNSPECIFIED.,.F.,.F.,(4,2,2,2,2,2,2,2,2,4),
(-0.953596542670537,-0.858392010406925,-0.761170618633843,-0.699647623923943,
-0.549747069902359,-0.474019139533518,-0.331466201803271,-0.258183784838035,
-0.125492133545779,-1.00000005753831E-6),.UNSPECIFIED.);
#1392=B_SPLINE_CURVE_WITH_KNOTS('',3,(#10649,#10650,#10651,#10652,#10653,
#10654,#10655,#10656,#10657,#10658,#10659,#10660,#10661,#10662,#10663,#10664,
#10665,#10666,#10667,#10668),.UNSPECIFIED.,.F.,.F.,(4,2,2,2,2,2,2,2,2,4),
(-1.38877980230412,-1.27073852658257,-1.15742827320241,-0.930928751248348,
-0.870943160433099,-0.624264119722831,-0.503795768006738,-0.294704037867117,
-0.14044194318076,-1.00000074354512E-6),.UNSPECIFIED.);
#1393=B_SPLINE_CURVE_WITH_KNOTS('',3,(#10669,#10670,#10671,#10672,#10673,
#10674,#10675,#10676),.UNSPECIFIED.,.F.,.F.,(4,2,2,4),(-0.120074992613786,
-0.0649508916553982,-0.0382768177983324,-9.99978227214613E-7),
 .UNSPECIFIED.);
#1394=LINE('',#8519,#1890);
#1395=LINE('',#8586,#1891);
#1396=LINE('',#8662,#1892);
#1397=LINE('',#8738,#1893);
#1398=LINE('',#8814,#1894);
#1399=LINE('',#8890,#1895);
#1400=LINE('',#8966,#1896);
#1401=LINE('',#9042,#1897);
#1402=LINE('',#9080,#1898);
#1403=LINE('',#9137,#1899);
#1404=LINE('',#9194,#1900);
#1405=LINE('',#9251,#1901);
#1406=LINE('',#9308,#1902);
#1407=LINE('',#9365,#1903);
#1408=LINE('',#9423,#1904);
#1409=LINE('',#9431,#1905);
#1410=LINE('',#9457,#1906);
#1411=LINE('',#9461,#1907);
#1412=LINE('',#9465,#1908);
#1413=LINE('',#9469,#1909);
#1414=LINE('',#9473,#1910);
#1415=LINE('',#9477,#1911);
#1416=LINE('',#9481,#1912);
#1417=LINE('',#9485,#1913);
#1418=LINE('',#9489,#1914);
#1419=LINE('',#9493,#1915);
#1420=LINE('',#9497,#1916);
#1421=LINE('',#9501,#1917);
#1422=LINE('',#9505,#1918);
#1423=LINE('',#9509,#1919);
#1424=LINE('',#9513,#1920);
#1425=LINE('',#9517,#1921);
#1426=LINE('',#9521,#1922);
#1427=LINE('',#9525,#1923);
#1428=LINE('',#9529,#1924);
#1429=LINE('',#9533,#1925);
#1430=LINE('',#9537,#1926);
#1431=LINE('',#9541,#1927);
#1432=LINE('',#9545,#1928);
#1433=LINE('',#9549,#1929);
#1434=LINE('',#9553,#1930);
#1435=LINE('',#9557,#1931);
#1436=LINE('',#9561,#1932);
#1437=LINE('',#9565,#1933);
#1438=LINE('',#9569,#1934);
#1439=LINE('',#9573,#1935);
#1440=LINE('',#9577,#1936);
#1441=LINE('',#9581,#1937);
#1442=LINE('',#9585,#1938);
#1443=LINE('',#9589,#1939);
#1444=LINE('',#9593,#1940);
#1445=LINE('',#9597,#1941);
#1446=LINE('',#9601,#1942);
#1447=LINE('',#9605,#1943);
#1448=LINE('',#9609,#1944);
#1449=LINE('',#9613,#1945);
#1450=LINE('',#9617,#1946);
#1451=LINE('',#9621,#1947);
#1452=LINE('',#9624,#1948);
#1453=LINE('',#9628,#1949);
#1454=LINE('',#9632,#1950);
#1455=LINE('',#9636,#1951);
#1456=LINE('',#9640,#1952);
#1457=LINE('',#9644,#1953);
#1458=LINE('',#9648,#1954);
#1459=LINE('',#9652,#1955);
#1460=LINE('',#9656,#1956);
#1461=LINE('',#9660,#1957);
#1462=LINE('',#9664,#1958);
#1463=LINE('',#9668,#1959);
#1464=LINE('',#9672,#1960);
#1465=LINE('',#9676,#1961);
#1466=LINE('',#9680,#1962);
#1467=LINE('',#9684,#1963);
#1468=LINE('',#9688,#1964);
#1469=LINE('',#9692,#1965);
#1470=LINE('',#9696,#1966);
#1471=LINE('',#9700,#1967);
#1472=LINE('',#9704,#1968);
#1473=LINE('',#9708,#1969);
#1474=LINE('',#9712,#1970);
#1475=LINE('',#9716,#1971);
#1476=LINE('',#9720,#1972);
#1477=LINE('',#9724,#1973);
#1478=LINE('',#9728,#1974);
#1479=LINE('',#9732,#1975);
#1480=LINE('',#9736,#1976);
#1481=LINE('',#9740,#1977);
#1482=LINE('',#9744,#1978);
#1483=LINE('',#9748,#1979);
#1484=LINE('',#9752,#1980);
#1485=LINE('',#9756,#1981);
#1486=LINE('',#9760,#1982);
#1487=LINE('',#9764,#1983);
#1488=LINE('',#9768,#1984);
#1489=LINE('',#9772,#1985);
#1490=LINE('',#9776,#1986);
#1491=LINE('',#9780,#1987);
#1492=LINE('',#9784,#1988);
#1493=LINE('',#9788,#1989);
#1494=LINE('',#9791,#1990);
#1495=LINE('',#9799,#1991);
#1496=LINE('',#9803,#1992);
#1497=LINE('',#9813,#1993);
#1498=LINE('',#9817,#1994);
#1499=LINE('',#9827,#1995);
#1500=LINE('',#9831,#1996);
#1501=LINE('',#9841,#1997);
#1502=LINE('',#9845,#1998);
#1503=LINE('',#9855,#1999);
#1504=LINE('',#9859,#2000);
#1505=LINE('',#9869,#2001);
#1506=LINE('',#9873,#2002);
#1507=LINE('',#9883,#2003);
#1508=LINE('',#9887,#2004);
#1509=LINE('',#9897,#2005);
#1510=LINE('',#9901,#2006);
#1511=LINE('',#9911,#2007);
#1512=LINE('',#9915,#2008);
#1513=LINE('',#9925,#2009);
#1514=LINE('',#9929,#2010);
#1515=LINE('',#9939,#2011);
#1516=LINE('',#9943,#2012);
#1517=LINE('',#9953,#2013);
#1518=LINE('',#9957,#2014);
#1519=LINE('',#9967,#2015);
#1520=LINE('',#9971,#2016);
#1521=LINE('',#9981,#2017);
#1522=LINE('',#9985,#2018);
#1523=LINE('',#9995,#2019);
#1524=LINE('',#9999,#2020);
#1525=LINE('',#10009,#2021);
#1526=LINE('',#10013,#2022);
#1527=LINE('',#10023,#2023);
#1528=LINE('',#10027,#2024);
#1529=LINE('',#10037,#2025);
#1530=LINE('',#10041,#2026);
#1531=LINE('',#10051,#2027);
#1532=LINE('',#10055,#2028);
#1533=LINE('',#10065,#2029);
#1534=LINE('',#10069,#2030);
#1535=LINE('',#10079,#2031);
#1536=LINE('',#10083,#2032);
#1537=LINE('',#10089,#2033);
#1538=LINE('',#10096,#2034);
#1539=LINE('',#10100,#2035);
#1540=LINE('',#10110,#2036);
#1541=LINE('',#10114,#2037);
#1542=LINE('',#10124,#2038);
#1543=LINE('',#10128,#2039);
#1544=LINE('',#10138,#2040);
#1545=LINE('',#10142,#2041);
#1546=LINE('',#10152,#2042);
#1547=LINE('',#10156,#2043);
#1548=LINE('',#10166,#2044);
#1549=LINE('',#10170,#2045);
#1550=LINE('',#10180,#2046);
#1551=LINE('',#10184,#2047);
#1552=LINE('',#10194,#2048);
#1553=LINE('',#10198,#2049);
#1554=LINE('',#10208,#2050);
#1555=LINE('',#10212,#2051);
#1556=LINE('',#10222,#2052);
#1557=LINE('',#10226,#2053);
#1558=LINE('',#10236,#2054);
#1559=LINE('',#10240,#2055);
#1560=LINE('',#10250,#2056);
#1561=LINE('',#10254,#2057);
#1562=LINE('',#10264,#2058);
#1563=LINE('',#10268,#2059);
#1564=LINE('',#10278,#2060);
#1565=LINE('',#10282,#2061);
#1566=LINE('',#10292,#2062);
#1567=LINE('',#10296,#2063);
#1568=LINE('',#10306,#2064);
#1569=LINE('',#10310,#2065);
#1570=LINE('',#10320,#2066);
#1571=LINE('',#10324,#2067);
#1572=LINE('',#10334,#2068);
#1573=LINE('',#10338,#2069);
#1574=LINE('',#10348,#2070);
#1575=LINE('',#10352,#2071);
#1576=LINE('',#10362,#2072);
#1577=LINE('',#10366,#2073);
#1578=LINE('',#10376,#2074);
#1579=LINE('',#10380,#2075);
#1580=LINE('',#10398,#2076);
#1581=LINE('',#10401,#2077);
#1582=LINE('',#10406,#2078);
#1583=LINE('',#10413,#2079);
#1584=LINE('',#10452,#2080);
#1585=LINE('',#10513,#2081);
#1586=LINE('',#10516,#2082);
#1587=LINE('',#10558,#2083);
#1588=LINE('',#11270,#2084);
#1589=LINE('',#11272,#2085);
#1590=LINE('',#11274,#2086);
#1591=LINE('',#11280,#2087);
#1592=LINE('',#11284,#2088);
#1593=LINE('',#11288,#2089);
#1594=LINE('',#11292,#2090);
#1595=LINE('',#11296,#2091);
#1596=LINE('',#11344,#2092);
#1597=LINE('',#11346,#2093);
#1598=LINE('',#11347,#2094);
#1599=LINE('',#11350,#2095);
#1600=LINE('',#11352,#2096);
#1601=LINE('',#11353,#2097);
#1602=LINE('',#11356,#2098);
#1603=LINE('',#11357,#2099);
#1604=LINE('',#11360,#2100);
#1605=LINE('',#11362,#2101);
#1606=LINE('',#11363,#2102);
#1607=LINE('',#11366,#2103);
#1608=LINE('',#11367,#2104);
#1609=LINE('',#11370,#2105);
#1610=LINE('',#11372,#2106);
#1611=LINE('',#11373,#2107);
#1612=LINE('',#11376,#2108);
#1613=LINE('',#11377,#2109);
#1614=LINE('',#11380,#2110);
#1615=LINE('',#11382,#2111);
#1616=LINE('',#11383,#2112);
#1617=LINE('',#11386,#2113);
#1618=LINE('',#11387,#2114);
#1619=LINE('',#11390,#2115);
#1620=LINE('',#11392,#2116);
#1621=LINE('',#11393,#2117);
#1622=LINE('',#11396,#2118);
#1623=LINE('',#11397,#2119);
#1624=LINE('',#11400,#2120);
#1625=LINE('',#11402,#2121);
#1626=LINE('',#11403,#2122);
#1627=LINE('',#11406,#2123);
#1628=LINE('',#11407,#2124);
#1629=LINE('',#11410,#2125);
#1630=LINE('',#11412,#2126);
#1631=LINE('',#11413,#2127);
#1632=LINE('',#11416,#2128);
#1633=LINE('',#11417,#2129);
#1634=LINE('',#11420,#2130);
#1635=LINE('',#11422,#2131);
#1636=LINE('',#11423,#2132);
#1637=LINE('',#11426,#2133);
#1638=LINE('',#11427,#2134);
#1639=LINE('',#11430,#2135);
#1640=LINE('',#11432,#2136);
#1641=LINE('',#11433,#2137);
#1642=LINE('',#11436,#2138);
#1643=LINE('',#11437,#2139);
#1644=LINE('',#11440,#2140);
#1645=LINE('',#11442,#2141);
#1646=LINE('',#11443,#2142);
#1647=LINE('',#11446,#2143);
#1648=LINE('',#11447,#2144);
#1649=LINE('',#11450,#2145);
#1650=LINE('',#11452,#2146);
#1651=LINE('',#11453,#2147);
#1652=LINE('',#11456,#2148);
#1653=LINE('',#11457,#2149);
#1654=LINE('',#11460,#2150);
#1655=LINE('',#11462,#2151);
#1656=LINE('',#11463,#2152);
#1657=LINE('',#11466,#2153);
#1658=LINE('',#11467,#2154);
#1659=LINE('',#11470,#2155);
#1660=LINE('',#11472,#2156);
#1661=LINE('',#11473,#2157);
#1662=LINE('',#11476,#2158);
#1663=LINE('',#11477,#2159);
#1664=LINE('',#11480,#2160);
#1665=LINE('',#11482,#2161);
#1666=LINE('',#11483,#2162);
#1667=LINE('',#11486,#2163);
#1668=LINE('',#11487,#2164);
#1669=LINE('',#11490,#2165);
#1670=LINE('',#11492,#2166);
#1671=LINE('',#11493,#2167);
#1672=LINE('',#11496,#2168);
#1673=LINE('',#11497,#2169);
#1674=LINE('',#11500,#2170);
#1675=LINE('',#11502,#2171);
#1676=LINE('',#11503,#2172);
#1677=LINE('',#11506,#2173);
#1678=LINE('',#11507,#2174);
#1679=LINE('',#11510,#2175);
#1680=LINE('',#11512,#2176);
#1681=LINE('',#11513,#2177);
#1682=LINE('',#11516,#2178);
#1683=LINE('',#11517,#2179);
#1684=LINE('',#11520,#2180);
#1685=LINE('',#11522,#2181);
#1686=LINE('',#11523,#2182);
#1687=LINE('',#11526,#2183);
#1688=LINE('',#11527,#2184);
#1689=LINE('',#11530,#2185);
#1690=LINE('',#11532,#2186);
#1691=LINE('',#11533,#2187);
#1692=LINE('',#11536,#2188);
#1693=LINE('',#11537,#2189);
#1694=LINE('',#11540,#2190);
#1695=LINE('',#11542,#2191);
#1696=LINE('',#11543,#2192);
#1697=LINE('',#11546,#2193);
#1698=LINE('',#11547,#2194);
#1699=LINE('',#11550,#2195);
#1700=LINE('',#11552,#2196);
#1701=LINE('',#11553,#2197);
#1702=LINE('',#11556,#2198);
#1703=LINE('',#11557,#2199);
#1704=LINE('',#11560,#2200);
#1705=LINE('',#11562,#2201);
#1706=LINE('',#11563,#2202);
#1707=LINE('',#11566,#2203);
#1708=LINE('',#11567,#2204);
#1709=LINE('',#11570,#2205);
#1710=LINE('',#11572,#2206);
#1711=LINE('',#11573,#2207);
#1712=LINE('',#11576,#2208);
#1713=LINE('',#11577,#2209);
#1714=LINE('',#11580,#2210);
#1715=LINE('',#11582,#2211);
#1716=LINE('',#11583,#2212);
#1717=LINE('',#11586,#2213);
#1718=LINE('',#11587,#2214);
#1719=LINE('',#11590,#2215);
#1720=LINE('',#11592,#2216);
#1721=LINE('',#11593,#2217);
#1722=LINE('',#11596,#2218);
#1723=LINE('',#11597,#2219);
#1724=LINE('',#11600,#2220);
#1725=LINE('',#11602,#2221);
#1726=LINE('',#11603,#2222);
#1727=LINE('',#11606,#2223);
#1728=LINE('',#11607,#2224);
#1729=LINE('',#11610,#2225);
#1730=LINE('',#11612,#2226);
#1731=LINE('',#11613,#2227);
#1732=LINE('',#11616,#2228);
#1733=LINE('',#11617,#2229);
#1734=LINE('',#11620,#2230);
#1735=LINE('',#11622,#2231);
#1736=LINE('',#11623,#2232);
#1737=LINE('',#11626,#2233);
#1738=LINE('',#11627,#2234);
#1739=LINE('',#11630,#2235);
#1740=LINE('',#11632,#2236);
#1741=LINE('',#11633,#2237);
#1742=LINE('',#11636,#2238);
#1743=LINE('',#11637,#2239);
#1744=LINE('',#11640,#2240);
#1745=LINE('',#11642,#2241);
#1746=LINE('',#11643,#2242);
#1747=LINE('',#11646,#2243);
#1748=LINE('',#11647,#2244);
#1749=LINE('',#11650,#2245);
#1750=LINE('',#11652,#2246);
#1751=LINE('',#11653,#2247);
#1752=LINE('',#11656,#2248);
#1753=LINE('',#11657,#2249);
#1754=LINE('',#11660,#2250);
#1755=LINE('',#11662,#2251);
#1756=LINE('',#11663,#2252);
#1757=LINE('',#11666,#2253);
#1758=LINE('',#11667,#2254);
#1759=LINE('',#11670,#2255);
#1760=LINE('',#11672,#2256);
#1761=LINE('',#11673,#2257);
#1762=LINE('',#11676,#2258);
#1763=LINE('',#11677,#2259);
#1764=LINE('',#11680,#2260);
#1765=LINE('',#11682,#2261);
#1766=LINE('',#11683,#2262);
#1767=LINE('',#11686,#2263);
#1768=LINE('',#11687,#2264);
#1769=LINE('',#11690,#2265);
#1770=LINE('',#11692,#2266);
#1771=LINE('',#11693,#2267);
#1772=LINE('',#11696,#2268);
#1773=LINE('',#11697,#2269);
#1774=LINE('',#11700,#2270);
#1775=LINE('',#11702,#2271);
#1776=LINE('',#11703,#2272);
#1777=LINE('',#11706,#2273);
#1778=LINE('',#11707,#2274);
#1779=LINE('',#11710,#2275);
#1780=LINE('',#11712,#2276);
#1781=LINE('',#11713,#2277);
#1782=LINE('',#11716,#2278);
#1783=LINE('',#11717,#2279);
#1784=LINE('',#11720,#2280);
#1785=LINE('',#11722,#2281);
#1786=LINE('',#11723,#2282);
#1787=LINE('',#11726,#2283);
#1788=LINE('',#11727,#2284);
#1789=LINE('',#11730,#2285);
#1790=LINE('',#11732,#2286);
#1791=LINE('',#11733,#2287);
#1792=LINE('',#11736,#2288);
#1793=LINE('',#11737,#2289);
#1794=LINE('',#11740,#2290);
#1795=LINE('',#11742,#2291);
#1796=LINE('',#11743,#2292);
#1797=LINE('',#11746,#2293);
#1798=LINE('',#11747,#2294);
#1799=LINE('',#11750,#2295);
#1800=LINE('',#11752,#2296);
#1801=LINE('',#11753,#2297);
#1802=LINE('',#11756,#2298);
#1803=LINE('',#11757,#2299);
#1804=LINE('',#11760,#2300);
#1805=LINE('',#11761,#2301);
#1806=LINE('',#11763,#2302);
#1807=LINE('',#11764,#2303);
#1808=LINE('',#11770,#2304);
#1809=LINE('',#11772,#2305);
#1810=LINE('',#11778,#2306);
#1811=LINE('',#11780,#2307);
#1812=LINE('',#11786,#2308);
#1813=LINE('',#11788,#2309);
#1814=LINE('',#11794,#2310);
#1815=LINE('',#11796,#2311);
#1816=LINE('',#11802,#2312);
#1817=LINE('',#11804,#2313);
#1818=LINE('',#11810,#2314);
#1819=LINE('',#11812,#2315);
#1820=LINE('',#11818,#2316);
#1821=LINE('',#11820,#2317);
#1822=LINE('',#11826,#2318);
#1823=LINE('',#11828,#2319);
#1824=LINE('',#11834,#2320);
#1825=LINE('',#11836,#2321);
#1826=LINE('',#11842,#2322);
#1827=LINE('',#11844,#2323);
#1828=LINE('',#11850,#2324);
#1829=LINE('',#11852,#2325);
#1830=LINE('',#11858,#2326);
#1831=LINE('',#11860,#2327);
#1832=LINE('',#11866,#2328);
#1833=LINE('',#11868,#2329);
#1834=LINE('',#11874,#2330);
#1835=LINE('',#11876,#2331);
#1836=LINE('',#11882,#2332);
#1837=LINE('',#11884,#2333);
#1838=LINE('',#11890,#2334);
#1839=LINE('',#11892,#2335);
#1840=LINE('',#11898,#2336);
#1841=LINE('',#11900,#2337);
#1842=LINE('',#11906,#2338);
#1843=LINE('',#11908,#2339);
#1844=LINE('',#11914,#2340);
#1845=LINE('',#11916,#2341);
#1846=LINE('',#11922,#2342);
#1847=LINE('',#11924,#2343);
#1848=LINE('',#11930,#2344);
#1849=LINE('',#11932,#2345);
#1850=LINE('',#11938,#2346);
#1851=LINE('',#11940,#2347);
#1852=LINE('',#11946,#2348);
#1853=LINE('',#11948,#2349);
#1854=LINE('',#11954,#2350);
#1855=LINE('',#11956,#2351);
#1856=LINE('',#11962,#2352);
#1857=LINE('',#11964,#2353);
#1858=LINE('',#11970,#2354);
#1859=LINE('',#11972,#2355);
#1860=LINE('',#11978,#2356);
#1861=LINE('',#11980,#2357);
#1862=LINE('',#11986,#2358);
#1863=LINE('',#11988,#2359);
#1864=LINE('',#11994,#2360);
#1865=LINE('',#11996,#2361);
#1866=LINE('',#12002,#2362);
#1867=LINE('',#12004,#2363);
#1868=LINE('',#12010,#2364);
#1869=LINE('',#12012,#2365);
#1870=LINE('',#12018,#2366);
#1871=LINE('',#12020,#2367);
#1872=LINE('',#12026,#2368);
#1873=LINE('',#12028,#2369);
#1874=LINE('',#12034,#2370);
#1875=LINE('',#12036,#2371);
#1876=LINE('',#12042,#2372);
#1877=LINE('',#12044,#2373);
#1878=LINE('',#12050,#2374);
#1879=LINE('',#12052,#2375);
#1880=LINE('',#12058,#2376);
#1881=LINE('',#12060,#2377);
#1882=LINE('',#12066,#2378);
#1883=LINE('',#12068,#2379);
#1884=LINE('',#12074,#2380);
#1885=LINE('',#12076,#2381);
#1886=LINE('',#12082,#2382);
#1887=LINE('',#12084,#2383);
#1888=LINE('',#12090,#2384);
#1889=LINE('',#12092,#2385);
#1890=VECTOR('',#6771,0.1565);
#1891=VECTOR('',#6776,0.1565);
#1892=VECTOR('',#6779,0.1565);
#1893=VECTOR('',#6782,0.1565);
#1894=VECTOR('',#6785,0.1565);
#1895=VECTOR('',#6788,0.1565);
#1896=VECTOR('',#6791,0.1565);
#1897=VECTOR('',#6794,0.120415608175649);
#1898=VECTOR('',#6799,0.120415608175649);
#1899=VECTOR('',#6802,0.120415608175649);
#1900=VECTOR('',#6805,0.120415608175649);
#1901=VECTOR('',#6808,0.120415608175649);
#1902=VECTOR('',#6811,0.120415608175649);
#1903=VECTOR('',#6814,0.120415608175649);
#1904=VECTOR('',#6819,0.120415608175649);
#1905=VECTOR('',#6822,0.120415608175649);
#1906=VECTOR('',#6837,39.3700787401575);
#1907=VECTOR('',#6840,39.3700787401575);
#1908=VECTOR('',#6843,39.3700787401575);
#1909=VECTOR('',#6846,39.3700787401575);
#1910=VECTOR('',#6849,39.3700787401575);
#1911=VECTOR('',#6852,39.3700787401575);
#1912=VECTOR('',#6855,39.3700787401575);
#1913=VECTOR('',#6858,39.3700787401575);
#1914=VECTOR('',#6861,39.3700787401575);
#1915=VECTOR('',#6864,39.3700787401575);
#1916=VECTOR('',#6867,39.3700787401575);
#1917=VECTOR('',#6870,39.3700787401575);
#1918=VECTOR('',#6873,39.3700787401575);
#1919=VECTOR('',#6876,39.3700787401575);
#1920=VECTOR('',#6879,39.3700787401575);
#1921=VECTOR('',#6882,39.3700787401575);
#1922=VECTOR('',#6885,39.3700787401575);
#1923=VECTOR('',#6888,39.3700787401575);
#1924=VECTOR('',#6891,39.3700787401575);
#1925=VECTOR('',#6894,39.3700787401575);
#1926=VECTOR('',#6897,39.3700787401575);
#1927=VECTOR('',#6900,39.3700787401575);
#1928=VECTOR('',#6903,39.3700787401575);
#1929=VECTOR('',#6906,39.3700787401575);
#1930=VECTOR('',#6909,39.3700787401575);
#1931=VECTOR('',#6912,39.3700787401575);
#1932=VECTOR('',#6915,39.3700787401575);
#1933=VECTOR('',#6918,39.3700787401575);
#1934=VECTOR('',#6921,39.3700787401575);
#1935=VECTOR('',#6924,39.3700787401575);
#1936=VECTOR('',#6927,39.3700787401575);
#1937=VECTOR('',#6930,39.3700787401575);
#1938=VECTOR('',#6933,39.3700787401575);
#1939=VECTOR('',#6936,39.3700787401575);
#1940=VECTOR('',#6939,39.3700787401575);
#1941=VECTOR('',#6942,39.3700787401575);
#1942=VECTOR('',#6945,39.3700787401575);
#1943=VECTOR('',#6948,39.3700787401575);
#1944=VECTOR('',#6951,39.3700787401575);
#1945=VECTOR('',#6954,39.3700787401575);
#1946=VECTOR('',#6957,39.3700787401575);
#1947=VECTOR('',#6960,39.3700787401575);
#1948=VECTOR('',#6963,0.28125);
#1949=VECTOR('',#6966,39.3700787401575);
#1950=VECTOR('',#6969,39.3700787401575);
#1951=VECTOR('',#6972,39.3700787401575);
#1952=VECTOR('',#6975,39.3700787401575);
#1953=VECTOR('',#6978,39.3700787401575);
#1954=VECTOR('',#6981,39.3700787401575);
#1955=VECTOR('',#6984,39.3700787401575);
#1956=VECTOR('',#6987,39.3700787401575);
#1957=VECTOR('',#6990,39.3700787401575);
#1958=VECTOR('',#6993,39.3700787401575);
#1959=VECTOR('',#6996,39.3700787401575);
#1960=VECTOR('',#6999,39.3700787401575);
#1961=VECTOR('',#7002,39.3700787401575);
#1962=VECTOR('',#7005,39.3700787401575);
#1963=VECTOR('',#7008,39.3700787401575);
#1964=VECTOR('',#7011,39.3700787401575);
#1965=VECTOR('',#7014,39.3700787401575);
#1966=VECTOR('',#7017,39.3700787401575);
#1967=VECTOR('',#7020,39.3700787401575);
#1968=VECTOR('',#7023,39.3700787401575);
#1969=VECTOR('',#7026,39.3700787401575);
#1970=VECTOR('',#7029,39.3700787401575);
#1971=VECTOR('',#7032,39.3700787401575);
#1972=VECTOR('',#7035,39.3700787401575);
#1973=VECTOR('',#7038,39.3700787401575);
#1974=VECTOR('',#7041,39.3700787401575);
#1975=VECTOR('',#7044,39.3700787401575);
#1976=VECTOR('',#7047,39.3700787401575);
#1977=VECTOR('',#7050,39.3700787401575);
#1978=VECTOR('',#7053,39.3700787401575);
#1979=VECTOR('',#7056,39.3700787401575);
#1980=VECTOR('',#7059,39.3700787401575);
#1981=VECTOR('',#7062,39.3700787401575);
#1982=VECTOR('',#7065,39.3700787401575);
#1983=VECTOR('',#7068,39.3700787401575);
#1984=VECTOR('',#7071,39.3700787401575);
#1985=VECTOR('',#7074,39.3700787401575);
#1986=VECTOR('',#7077,39.3700787401575);
#1987=VECTOR('',#7080,39.3700787401575);
#1988=VECTOR('',#7083,39.3700787401575);
#1989=VECTOR('',#7086,39.3700787401575);
#1990=VECTOR('',#7089,39.3700787401575);
#1991=VECTOR('',#7092,0.393700787401575);
#1992=VECTOR('',#7095,0.393700787401575);
#1993=VECTOR('',#7096,0.393700787401575);
#1994=VECTOR('',#7099,0.393700787401575);
#1995=VECTOR('',#7100,0.393700787401575);
#1996=VECTOR('',#7103,0.393700787401575);
#1997=VECTOR('',#7104,0.393700787401575);
#1998=VECTOR('',#7107,0.393700787401575);
#1999=VECTOR('',#7108,0.393700787401575);
#2000=VECTOR('',#7111,0.393700787401575);
#2001=VECTOR('',#7112,0.393700787401575);
#2002=VECTOR('',#7115,0.393700787401575);
#2003=VECTOR('',#7116,0.393700787401575);
#2004=VECTOR('',#7119,0.393700787401575);
#2005=VECTOR('',#7120,0.393700787401575);
#2006=VECTOR('',#7123,0.393700787401575);
#2007=VECTOR('',#7124,0.393700787401575);
#2008=VECTOR('',#7127,0.393700787401575);
#2009=VECTOR('',#7128,0.393700787401575);
#2010=VECTOR('',#7131,0.393700787401575);
#2011=VECTOR('',#7132,0.393700787401575);
#2012=VECTOR('',#7135,0.393700787401575);
#2013=VECTOR('',#7136,0.393700787401575);
#2014=VECTOR('',#7139,0.393700787401575);
#2015=VECTOR('',#7140,0.393700787401575);
#2016=VECTOR('',#7143,0.393700787401575);
#2017=VECTOR('',#7144,0.393700787401575);
#2018=VECTOR('',#7147,0.393700787401575);
#2019=VECTOR('',#7148,0.393700787401575);
#2020=VECTOR('',#7151,0.393700787401575);
#2021=VECTOR('',#7152,0.393700787401575);
#2022=VECTOR('',#7155,0.393700787401575);
#2023=VECTOR('',#7156,0.393700787401575);
#2024=VECTOR('',#7159,0.393700787401575);
#2025=VECTOR('',#7160,0.393700787401575);
#2026=VECTOR('',#7163,0.393700787401575);
#2027=VECTOR('',#7164,0.393700787401575);
#2028=VECTOR('',#7167,0.393700787401575);
#2029=VECTOR('',#7168,0.393700787401575);
#2030=VECTOR('',#7171,0.393700787401575);
#2031=VECTOR('',#7172,0.393700787401575);
#2032=VECTOR('',#7175,0.393700787401575);
#2033=VECTOR('',#7176,0.26625);
#2034=VECTOR('',#7179,0.393700787401575);
#2035=VECTOR('',#7182,0.393700787401575);
#2036=VECTOR('',#7183,0.393700787401575);
#2037=VECTOR('',#7186,0.393700787401575);
#2038=VECTOR('',#7187,0.393700787401575);
#2039=VECTOR('',#7190,0.393700787401575);
#2040=VECTOR('',#7191,0.393700787401575);
#2041=VECTOR('',#7194,0.393700787401575);
#2042=VECTOR('',#7195,0.393700787401575);
#2043=VECTOR('',#7198,0.393700787401575);
#2044=VECTOR('',#7199,0.393700787401575);
#2045=VECTOR('',#7202,0.393700787401575);
#2046=VECTOR('',#7203,0.393700787401575);
#2047=VECTOR('',#7206,0.393700787401575);
#2048=VECTOR('',#7207,0.393700787401575);
#2049=VECTOR('',#7210,0.393700787401575);
#2050=VECTOR('',#7211,0.393700787401575);
#2051=VECTOR('',#7214,0.393700787401575);
#2052=VECTOR('',#7215,0.393700787401575);
#2053=VECTOR('',#7218,0.393700787401575);
#2054=VECTOR('',#7219,0.393700787401575);
#2055=VECTOR('',#7222,0.393700787401575);
#2056=VECTOR('',#7223,0.393700787401575);
#2057=VECTOR('',#7226,0.393700787401575);
#2058=VECTOR('',#7227,0.393700787401575);
#2059=VECTOR('',#7230,0.393700787401575);
#2060=VECTOR('',#7231,0.393700787401575);
#2061=VECTOR('',#7234,0.393700787401575);
#2062=VECTOR('',#7235,0.393700787401575);
#2063=VECTOR('',#7238,0.393700787401575);
#2064=VECTOR('',#7239,0.393700787401575);
#2065=VECTOR('',#7242,0.393700787401575);
#2066=VECTOR('',#7243,0.393700787401575);
#2067=VECTOR('',#7246,0.393700787401575);
#2068=VECTOR('',#7247,0.393700787401575);
#2069=VECTOR('',#7250,0.393700787401575);
#2070=VECTOR('',#7251,0.393700787401575);
#2071=VECTOR('',#7254,0.393700787401575);
#2072=VECTOR('',#7255,0.393700787401575);
#2073=VECTOR('',#7258,0.393700787401575);
#2074=VECTOR('',#7259,0.393700787401575);
#2075=VECTOR('',#7262,0.393700787401575);
#2076=VECTOR('',#7277,39.3700787401575);
#2077=VECTOR('',#7280,39.3700787401575);
#2078=VECTOR('',#7285,39.3700787401575);
#2079=VECTOR('',#7294,39.3700787401575);
#2080=VECTOR('',#7343,0.16875);
#2081=VECTOR('',#7354,0.1875);
#2082=VECTOR('',#7359,0.16875);
#2083=VECTOR('',#7366,0.28125);
#2084=VECTOR('',#7443,39.3700787401575);
#2085=VECTOR('',#7446,39.3700787401575);
#2086=VECTOR('',#7449,39.3700787401575);
#2087=VECTOR('',#7458,39.3700787401575);
#2088=VECTOR('',#7463,39.3700787401575);
#2089=VECTOR('',#7468,39.3700787401575);
#2090=VECTOR('',#7473,39.3700787401575);
#2091=VECTOR('',#7478,39.3700787401575);
#2092=VECTOR('',#7551,39.3700787401575);
#2093=VECTOR('',#7552,39.3700787401575);
#2094=VECTOR('',#7553,39.3700787401575);
#2095=VECTOR('',#7556,39.3700787401575);
#2096=VECTOR('',#7557,39.3700787401575);
#2097=VECTOR('',#7558,39.3700787401575);
#2098=VECTOR('',#7561,39.3700787401575);
#2099=VECTOR('',#7562,39.3700787401575);
#2100=VECTOR('',#7565,39.3700787401575);
#2101=VECTOR('',#7566,39.3700787401575);
#2102=VECTOR('',#7567,39.3700787401575);
#2103=VECTOR('',#7570,39.3700787401575);
#2104=VECTOR('',#7571,39.3700787401575);
#2105=VECTOR('',#7574,39.3700787401575);
#2106=VECTOR('',#7575,39.3700787401575);
#2107=VECTOR('',#7576,39.3700787401575);
#2108=VECTOR('',#7579,39.3700787401575);
#2109=VECTOR('',#7580,39.3700787401575);
#2110=VECTOR('',#7583,39.3700787401575);
#2111=VECTOR('',#7584,39.3700787401575);
#2112=VECTOR('',#7585,39.3700787401575);
#2113=VECTOR('',#7588,39.3700787401575);
#2114=VECTOR('',#7589,39.3700787401575);
#2115=VECTOR('',#7592,39.3700787401575);
#2116=VECTOR('',#7593,39.3700787401575);
#2117=VECTOR('',#7594,39.3700787401575);
#2118=VECTOR('',#7597,39.3700787401575);
#2119=VECTOR('',#7598,39.3700787401575);
#2120=VECTOR('',#7601,39.3700787401575);
#2121=VECTOR('',#7602,39.3700787401575);
#2122=VECTOR('',#7603,39.3700787401575);
#2123=VECTOR('',#7606,39.3700787401575);
#2124=VECTOR('',#7607,39.3700787401575);
#2125=VECTOR('',#7610,39.3700787401575);
#2126=VECTOR('',#7611,39.3700787401575);
#2127=VECTOR('',#7612,39.3700787401575);
#2128=VECTOR('',#7615,39.3700787401575);
#2129=VECTOR('',#7616,39.3700787401575);
#2130=VECTOR('',#7619,39.3700787401575);
#2131=VECTOR('',#7620,39.3700787401575);
#2132=VECTOR('',#7621,39.3700787401575);
#2133=VECTOR('',#7624,39.3700787401575);
#2134=VECTOR('',#7625,39.3700787401575);
#2135=VECTOR('',#7628,39.3700787401575);
#2136=VECTOR('',#7629,39.3700787401575);
#2137=VECTOR('',#7630,39.3700787401575);
#2138=VECTOR('',#7633,39.3700787401575);
#2139=VECTOR('',#7634,39.3700787401575);
#2140=VECTOR('',#7637,39.3700787401575);
#2141=VECTOR('',#7638,39.3700787401575);
#2142=VECTOR('',#7639,39.3700787401575);
#2143=VECTOR('',#7642,39.3700787401575);
#2144=VECTOR('',#7643,39.3700787401575);
#2145=VECTOR('',#7646,39.3700787401575);
#2146=VECTOR('',#7647,39.3700787401575);
#2147=VECTOR('',#7648,39.3700787401575);
#2148=VECTOR('',#7651,39.3700787401575);
#2149=VECTOR('',#7652,39.3700787401575);
#2150=VECTOR('',#7655,39.3700787401575);
#2151=VECTOR('',#7656,39.3700787401575);
#2152=VECTOR('',#7657,39.3700787401575);
#2153=VECTOR('',#7660,39.3700787401575);
#2154=VECTOR('',#7661,39.3700787401575);
#2155=VECTOR('',#7664,39.3700787401575);
#2156=VECTOR('',#7665,39.3700787401575);
#2157=VECTOR('',#7666,39.3700787401575);
#2158=VECTOR('',#7669,39.3700787401575);
#2159=VECTOR('',#7670,39.3700787401575);
#2160=VECTOR('',#7673,39.3700787401575);
#2161=VECTOR('',#7674,39.3700787401575);
#2162=VECTOR('',#7675,39.3700787401575);
#2163=VECTOR('',#7678,39.3700787401575);
#2164=VECTOR('',#7679,39.3700787401575);
#2165=VECTOR('',#7682,39.3700787401575);
#2166=VECTOR('',#7683,39.3700787401575);
#2167=VECTOR('',#7684,39.3700787401575);
#2168=VECTOR('',#7687,39.3700787401575);
#2169=VECTOR('',#7688,39.3700787401575);
#2170=VECTOR('',#7691,39.3700787401575);
#2171=VECTOR('',#7692,39.3700787401575);
#2172=VECTOR('',#7693,39.3700787401575);
#2173=VECTOR('',#7696,39.3700787401575);
#2174=VECTOR('',#7697,39.3700787401575);
#2175=VECTOR('',#7700,39.3700787401575);
#2176=VECTOR('',#7701,39.3700787401575);
#2177=VECTOR('',#7702,39.3700787401575);
#2178=VECTOR('',#7705,39.3700787401575);
#2179=VECTOR('',#7706,39.3700787401575);
#2180=VECTOR('',#7709,39.3700787401575);
#2181=VECTOR('',#7710,39.3700787401575);
#2182=VECTOR('',#7711,39.3700787401575);
#2183=VECTOR('',#7714,39.3700787401575);
#2184=VECTOR('',#7715,39.3700787401575);
#2185=VECTOR('',#7718,39.3700787401575);
#2186=VECTOR('',#7719,39.3700787401575);
#2187=VECTOR('',#7720,39.3700787401575);
#2188=VECTOR('',#7723,39.3700787401575);
#2189=VECTOR('',#7724,39.3700787401575);
#2190=VECTOR('',#7727,39.3700787401575);
#2191=VECTOR('',#7728,39.3700787401575);
#2192=VECTOR('',#7729,39.3700787401575);
#2193=VECTOR('',#7732,39.3700787401575);
#2194=VECTOR('',#7733,39.3700787401575);
#2195=VECTOR('',#7736,39.3700787401575);
#2196=VECTOR('',#7737,39.3700787401575);
#2197=VECTOR('',#7738,39.3700787401575);
#2198=VECTOR('',#7741,39.3700787401575);
#2199=VECTOR('',#7742,39.3700787401575);
#2200=VECTOR('',#7745,39.3700787401575);
#2201=VECTOR('',#7746,39.3700787401575);
#2202=VECTOR('',#7747,39.3700787401575);
#2203=VECTOR('',#7750,39.3700787401575);
#2204=VECTOR('',#7751,39.3700787401575);
#2205=VECTOR('',#7754,39.3700787401575);
#2206=VECTOR('',#7755,39.3700787401575);
#2207=VECTOR('',#7756,39.3700787401575);
#2208=VECTOR('',#7759,39.3700787401575);
#2209=VECTOR('',#7760,39.3700787401575);
#2210=VECTOR('',#7763,39.3700787401575);
#2211=VECTOR('',#7764,39.3700787401575);
#2212=VECTOR('',#7765,39.3700787401575);
#2213=VECTOR('',#7768,39.3700787401575);
#2214=VECTOR('',#7769,39.3700787401575);
#2215=VECTOR('',#7772,39.3700787401575);
#2216=VECTOR('',#7773,39.3700787401575);
#2217=VECTOR('',#7774,39.3700787401575);
#2218=VECTOR('',#7777,39.3700787401575);
#2219=VECTOR('',#7778,39.3700787401575);
#2220=VECTOR('',#7781,39.3700787401575);
#2221=VECTOR('',#7782,39.3700787401575);
#2222=VECTOR('',#7783,39.3700787401575);
#2223=VECTOR('',#7786,39.3700787401575);
#2224=VECTOR('',#7787,39.3700787401575);
#2225=VECTOR('',#7790,39.3700787401575);
#2226=VECTOR('',#7791,39.3700787401575);
#2227=VECTOR('',#7792,39.3700787401575);
#2228=VECTOR('',#7795,39.3700787401575);
#2229=VECTOR('',#7796,39.3700787401575);
#2230=VECTOR('',#7799,39.3700787401575);
#2231=VECTOR('',#7800,39.3700787401575);
#2232=VECTOR('',#7801,39.3700787401575);
#2233=VECTOR('',#7804,39.3700787401575);
#2234=VECTOR('',#7805,39.3700787401575);
#2235=VECTOR('',#7808,39.3700787401575);
#2236=VECTOR('',#7809,39.3700787401575);
#2237=VECTOR('',#7810,39.3700787401575);
#2238=VECTOR('',#7813,39.3700787401575);
#2239=VECTOR('',#7814,39.3700787401575);
#2240=VECTOR('',#7817,39.3700787401575);
#2241=VECTOR('',#7818,39.3700787401575);
#2242=VECTOR('',#7819,39.3700787401575);
#2243=VECTOR('',#7822,39.3700787401575);
#2244=VECTOR('',#7823,39.3700787401575);
#2245=VECTOR('',#7826,39.3700787401575);
#2246=VECTOR('',#7827,39.3700787401575);
#2247=VECTOR('',#7828,39.3700787401575);
#2248=VECTOR('',#7831,39.3700787401575);
#2249=VECTOR('',#7832,39.3700787401575);
#2250=VECTOR('',#7835,39.3700787401575);
#2251=VECTOR('',#7836,39.3700787401575);
#2252=VECTOR('',#7837,39.3700787401575);
#2253=VECTOR('',#7840,39.3700787401575);
#2254=VECTOR('',#7841,39.3700787401575);
#2255=VECTOR('',#7844,39.3700787401575);
#2256=VECTOR('',#7845,39.3700787401575);
#2257=VECTOR('',#7846,39.3700787401575);
#2258=VECTOR('',#7849,39.3700787401575);
#2259=VECTOR('',#7850,39.3700787401575);
#2260=VECTOR('',#7853,39.3700787401575);
#2261=VECTOR('',#7854,39.3700787401575);
#2262=VECTOR('',#7855,39.3700787401575);
#2263=VECTOR('',#7858,39.3700787401575);
#2264=VECTOR('',#7859,39.3700787401575);
#2265=VECTOR('',#7862,39.3700787401575);
#2266=VECTOR('',#7863,39.3700787401575);
#2267=VECTOR('',#7864,39.3700787401575);
#2268=VECTOR('',#7867,39.3700787401575);
#2269=VECTOR('',#7868,39.3700787401575);
#2270=VECTOR('',#7871,39.3700787401575);
#2271=VECTOR('',#7872,39.3700787401575);
#2272=VECTOR('',#7873,39.3700787401575);
#2273=VECTOR('',#7876,39.3700787401575);
#2274=VECTOR('',#7877,39.3700787401575);
#2275=VECTOR('',#7880,39.3700787401575);
#2276=VECTOR('',#7881,39.3700787401575);
#2277=VECTOR('',#7882,39.3700787401575);
#2278=VECTOR('',#7885,39.3700787401575);
#2279=VECTOR('',#7886,39.3700787401575);
#2280=VECTOR('',#7889,39.3700787401575);
#2281=VECTOR('',#7890,39.3700787401575);
#2282=VECTOR('',#7891,39.3700787401575);
#2283=VECTOR('',#7894,39.3700787401575);
#2284=VECTOR('',#7895,39.3700787401575);
#2285=VECTOR('',#7898,39.3700787401575);
#2286=VECTOR('',#7899,39.3700787401575);
#2287=VECTOR('',#7900,39.3700787401575);
#2288=VECTOR('',#7903,39.3700787401575);
#2289=VECTOR('',#7904,39.3700787401575);
#2290=VECTOR('',#7907,39.3700787401575);
#2291=VECTOR('',#7908,39.3700787401575);
#2292=VECTOR('',#7909,39.3700787401575);
#2293=VECTOR('',#7912,39.3700787401575);
#2294=VECTOR('',#7913,39.3700787401575);
#2295=VECTOR('',#7916,39.3700787401575);
#2296=VECTOR('',#7917,39.3700787401575);
#2297=VECTOR('',#7918,39.3700787401575);
#2298=VECTOR('',#7921,39.3700787401575);
#2299=VECTOR('',#7922,39.3700787401575);
#2300=VECTOR('',#7925,39.3700787401575);
#2301=VECTOR('',#7926,39.3700787401575);
#2302=VECTOR('',#7929,39.3700787401575);
#2303=VECTOR('',#7930,39.3700787401575);
#2304=VECTOR('',#7941,39.3700787401575);
#2305=VECTOR('',#7944,39.3700787401575);
#2306=VECTOR('',#7955,39.3700787401575);
#2307=VECTOR('',#7958,39.3700787401575);
#2308=VECTOR('',#7969,39.3700787401575);
#2309=VECTOR('',#7972,39.3700787401575);
#2310=VECTOR('',#7983,39.3700787401575);
#2311=VECTOR('',#7986,39.3700787401575);
#2312=VECTOR('',#7997,39.3700787401575);
#2313=VECTOR('',#8000,39.3700787401575);
#2314=VECTOR('',#8011,39.3700787401575);
#2315=VECTOR('',#8014,39.3700787401575);
#2316=VECTOR('',#8025,39.3700787401575);
#2317=VECTOR('',#8028,39.3700787401575);
#2318=VECTOR('',#8039,39.3700787401575);
#2319=VECTOR('',#8042,39.3700787401575);
#2320=VECTOR('',#8053,39.3700787401575);
#2321=VECTOR('',#8056,39.3700787401575);
#2322=VECTOR('',#8067,39.3700787401575);
#2323=VECTOR('',#8070,39.3700787401575);
#2324=VECTOR('',#8081,39.3700787401575);
#2325=VECTOR('',#8084,39.3700787401575);
#2326=VECTOR('',#8095,39.3700787401575);
#2327=VECTOR('',#8098,39.3700787401575);
#2328=VECTOR('',#8109,39.3700787401575);
#2329=VECTOR('',#8112,39.3700787401575);
#2330=VECTOR('',#8123,39.3700787401575);
#2331=VECTOR('',#8126,39.3700787401575);
#2332=VECTOR('',#8137,39.3700787401575);
#2333=VECTOR('',#8140,39.3700787401575);
#2334=VECTOR('',#8151,39.3700787401575);
#2335=VECTOR('',#8154,39.3700787401575);
#2336=VECTOR('',#8165,39.3700787401575);
#2337=VECTOR('',#8168,39.3700787401575);
#2338=VECTOR('',#8179,39.3700787401575);
#2339=VECTOR('',#8182,39.3700787401575);
#2340=VECTOR('',#8193,39.3700787401575);
#2341=VECTOR('',#8196,39.3700787401575);
#2342=VECTOR('',#8207,39.3700787401575);
#2343=VECTOR('',#8210,39.3700787401575);
#2344=VECTOR('',#8221,39.3700787401575);
#2345=VECTOR('',#8224,39.3700787401575);
#2346=VECTOR('',#8235,39.3700787401575);
#2347=VECTOR('',#8238,39.3700787401575);
#2348=VECTOR('',#8249,39.3700787401575);
#2349=VECTOR('',#8252,39.3700787401575);
#2350=VECTOR('',#8263,39.3700787401575);
#2351=VECTOR('',#8266,39.3700787401575);
#2352=VECTOR('',#8277,39.3700787401575);
#2353=VECTOR('',#8280,39.3700787401575);
#2354=VECTOR('',#8291,39.3700787401575);
#2355=VECTOR('',#8294,39.3700787401575);
#2356=VECTOR('',#8305,39.3700787401575);
#2357=VECTOR('',#8308,39.3700787401575);
#2358=VECTOR('',#8319,39.3700787401575);
#2359=VECTOR('',#8322,39.3700787401575);
#2360=VECTOR('',#8333,39.3700787401575);
#2361=VECTOR('',#8336,39.3700787401575);
#2362=VECTOR('',#8347,39.3700787401575);
#2363=VECTOR('',#8350,39.3700787401575);
#2364=VECTOR('',#8361,39.3700787401575);
#2365=VECTOR('',#8364,39.3700787401575);
#2366=VECTOR('',#8375,39.3700787401575);
#2367=VECTOR('',#8378,39.3700787401575);
#2368=VECTOR('',#8389,39.3700787401575);
#2369=VECTOR('',#8392,39.3700787401575);
#2370=VECTOR('',#8403,39.3700787401575);
#2371=VECTOR('',#8406,39.3700787401575);
#2372=VECTOR('',#8417,39.3700787401575);
#2373=VECTOR('',#8420,39.3700787401575);
#2374=VECTOR('',#8431,39.3700787401575);
#2375=VECTOR('',#8434,39.3700787401575);
#2376=VECTOR('',#8445,39.3700787401575);
#2377=VECTOR('',#8448,39.3700787401575);
#2378=VECTOR('',#8459,39.3700787401575);
#2379=VECTOR('',#8462,39.3700787401575);
#2380=VECTOR('',#8473,39.3700787401575);
#2381=VECTOR('',#8476,39.3700787401575);
#2382=VECTOR('',#8487,39.3700787401575);
#2383=VECTOR('',#8490,39.3700787401575);
#2384=VECTOR('',#8501,39.3700787401575);
#2385=VECTOR('',#8504,39.3700787401575);
#2386=VERTEX_POINT('',#8517);
#2387=VERTEX_POINT('',#8518);
#2388=VERTEX_POINT('',#8520);
#2389=VERTEX_POINT('',#8553);
#2390=VERTEX_POINT('',#8584);
#2391=VERTEX_POINT('',#8585);
#2392=VERTEX_POINT('',#8660);
#2393=VERTEX_POINT('',#8661);
#2394=VERTEX_POINT('',#8736);
#2395=VERTEX_POINT('',#8737);
#2396=VERTEX_POINT('',#8812);
#2397=VERTEX_POINT('',#8813);
#2398=VERTEX_POINT('',#8888);
#2399=VERTEX_POINT('',#8889);
#2400=VERTEX_POINT('',#8964);
#2401=VERTEX_POINT('',#8965);
#2402=VERTEX_POINT('',#9040);
#2403=VERTEX_POINT('',#9041);
#2404=VERTEX_POINT('',#9043);
#2405=VERTEX_POINT('',#9055);
#2406=VERTEX_POINT('',#9078);
#2407=VERTEX_POINT('',#9079);
#2408=VERTEX_POINT('',#9135);
#2409=VERTEX_POINT('',#9136);
#2410=VERTEX_POINT('',#9192);
#2411=VERTEX_POINT('',#9193);
#2412=VERTEX_POINT('',#9249);
#2413=VERTEX_POINT('',#9250);
#2414=VERTEX_POINT('',#9306);
#2415=VERTEX_POINT('',#9307);
#2416=VERTEX_POINT('',#9363);
#2417=VERTEX_POINT('',#9364);
#2418=VERTEX_POINT('',#9420);
#2419=VERTEX_POINT('',#9422);
#2420=VERTEX_POINT('',#9424);
#2421=VERTEX_POINT('',#9426);
#2422=VERTEX_POINT('',#9430);
#2423=VERTEX_POINT('',#9432);
#2424=VERTEX_POINT('',#9447);
#2425=VERTEX_POINT('',#9449);
#2426=VERTEX_POINT('',#9453);
#2427=VERTEX_POINT('',#9454);
#2428=VERTEX_POINT('',#9456);
#2429=VERTEX_POINT('',#9458);
#2430=VERTEX_POINT('',#9460);
#2431=VERTEX_POINT('',#9462);
#2432=VERTEX_POINT('',#9464);
#2433=VERTEX_POINT('',#9466);
#2434=VERTEX_POINT('',#9468);
#2435=VERTEX_POINT('',#9470);
#2436=VERTEX_POINT('',#9472);
#2437=VERTEX_POINT('',#9474);
#2438=VERTEX_POINT('',#9476);
#2439=VERTEX_POINT('',#9478);
#2440=VERTEX_POINT('',#9480);
#2441=VERTEX_POINT('',#9482);
#2442=VERTEX_POINT('',#9484);
#2443=VERTEX_POINT('',#9486);
#2444=VERTEX_POINT('',#9488);
#2445=VERTEX_POINT('',#9490);
#2446=VERTEX_POINT('',#9492);
#2447=VERTEX_POINT('',#9494);
#2448=VERTEX_POINT('',#9496);
#2449=VERTEX_POINT('',#9498);
#2450=VERTEX_POINT('',#9500);
#2451=VERTEX_POINT('',#9502);
#2452=VERTEX_POINT('',#9504);
#2453=VERTEX_POINT('',#9506);
#2454=VERTEX_POINT('',#9508);
#2455=VERTEX_POINT('',#9510);
#2456=VERTEX_POINT('',#9512);
#2457=VERTEX_POINT('',#9514);
#2458=VERTEX_POINT('',#9516);
#2459=VERTEX_POINT('',#9518);
#2460=VERTEX_POINT('',#9520);
#2461=VERTEX_POINT('',#9522);
#2462=VERTEX_POINT('',#9524);
#2463=VERTEX_POINT('',#9526);
#2464=VERTEX_POINT('',#9528);
#2465=VERTEX_POINT('',#9530);
#2466=VERTEX_POINT('',#9532);
#2467=VERTEX_POINT('',#9534);
#2468=VERTEX_POINT('',#9536);
#2469=VERTEX_POINT('',#9538);
#2470=VERTEX_POINT('',#9540);
#2471=VERTEX_POINT('',#9542);
#2472=VERTEX_POINT('',#9544);
#2473=VERTEX_POINT('',#9546);
#2474=VERTEX_POINT('',#9548);
#2475=VERTEX_POINT('',#9550);
#2476=VERTEX_POINT('',#9552);
#2477=VERTEX_POINT('',#9554);
#2478=VERTEX_POINT('',#9556);
#2479=VERTEX_POINT('',#9558);
#2480=VERTEX_POINT('',#9560);
#2481=VERTEX_POINT('',#9562);
#2482=VERTEX_POINT('',#9564);
#2483=VERTEX_POINT('',#9566);
#2484=VERTEX_POINT('',#9568);
#2485=VERTEX_POINT('',#9570);
#2486=VERTEX_POINT('',#9572);
#2487=VERTEX_POINT('',#9574);
#2488=VERTEX_POINT('',#9576);
#2489=VERTEX_POINT('',#9578);
#2490=VERTEX_POINT('',#9580);
#2491=VERTEX_POINT('',#9582);
#2492=VERTEX_POINT('',#9584);
#2493=VERTEX_POINT('',#9586);
#2494=VERTEX_POINT('',#9588);
#2495=VERTEX_POINT('',#9590);
#2496=VERTEX_POINT('',#9592);
#2497=VERTEX_POINT('',#9594);
#2498=VERTEX_POINT('',#9596);
#2499=VERTEX_POINT('',#9598);
#2500=VERTEX_POINT('',#9600);
#2501=VERTEX_POINT('',#9602);
#2502=VERTEX_POINT('',#9604);
#2503=VERTEX_POINT('',#9606);
#2504=VERTEX_POINT('',#9608);
#2505=VERTEX_POINT('',#9610);
#2506=VERTEX_POINT('',#9612);
#2507=VERTEX_POINT('',#9614);
#2508=VERTEX_POINT('',#9616);
#2509=VERTEX_POINT('',#9618);
#2510=VERTEX_POINT('',#9620);
#2511=VERTEX_POINT('',#9622);
#2512=VERTEX_POINT('',#9625);
#2513=VERTEX_POINT('',#9627);
#2514=VERTEX_POINT('',#9629);
#2515=VERTEX_POINT('',#9631);
#2516=VERTEX_POINT('',#9633);
#2517=VERTEX_POINT('',#9635);
#2518=VERTEX_POINT('',#9637);
#2519=VERTEX_POINT('',#9639);
#2520=VERTEX_POINT('',#9641);
#2521=VERTEX_POINT('',#9643);
#2522=VERTEX_POINT('',#9645);
#2523=VERTEX_POINT('',#9647);
#2524=VERTEX_POINT('',#9649);
#2525=VERTEX_POINT('',#9651);
#2526=VERTEX_POINT('',#9653);
#2527=VERTEX_POINT('',#9655);
#2528=VERTEX_POINT('',#9657);
#2529=VERTEX_POINT('',#9659);
#2530=VERTEX_POINT('',#9661);
#2531=VERTEX_POINT('',#9663);
#2532=VERTEX_POINT('',#9665);
#2533=VERTEX_POINT('',#9667);
#2534=VERTEX_POINT('',#9669);
#2535=VERTEX_POINT('',#9671);
#2536=VERTEX_POINT('',#9673);
#2537=VERTEX_POINT('',#9675);
#2538=VERTEX_POINT('',#9677);
#2539=VERTEX_POINT('',#9679);
#2540=VERTEX_POINT('',#9681);
#2541=VERTEX_POINT('',#9683);
#2542=VERTEX_POINT('',#9685);
#2543=VERTEX_POINT('',#9687);
#2544=VERTEX_POINT('',#9689);
#2545=VERTEX_POINT('',#9691);
#2546=VERTEX_POINT('',#9693);
#2547=VERTEX_POINT('',#9695);
#2548=VERTEX_POINT('',#9697);
#2549=VERTEX_POINT('',#9699);
#2550=VERTEX_POINT('',#9701);
#2551=VERTEX_POINT('',#9703);
#2552=VERTEX_POINT('',#9705);
#2553=VERTEX_POINT('',#9707);
#2554=VERTEX_POINT('',#9709);
#2555=VERTEX_POINT('',#9711);
#2556=VERTEX_POINT('',#9713);
#2557=VERTEX_POINT('',#9715);
#2558=VERTEX_POINT('',#9717);
#2559=VERTEX_POINT('',#9719);
#2560=VERTEX_POINT('',#9721);
#2561=VERTEX_POINT('',#9723);
#2562=VERTEX_POINT('',#9725);
#2563=VERTEX_POINT('',#9727);
#2564=VERTEX_POINT('',#9729);
#2565=VERTEX_POINT('',#9731);
#2566=VERTEX_POINT('',#9733);
#2567=VERTEX_POINT('',#9735);
#2568=VERTEX_POINT('',#9737);
#2569=VERTEX_POINT('',#9739);
#2570=VERTEX_POINT('',#9741);
#2571=VERTEX_POINT('',#9743);
#2572=VERTEX_POINT('',#9745);
#2573=VERTEX_POINT('',#9747);
#2574=VERTEX_POINT('',#9749);
#2575=VERTEX_POINT('',#9751);
#2576=VERTEX_POINT('',#9753);
#2577=VERTEX_POINT('',#9755);
#2578=VERTEX_POINT('',#9757);
#2579=VERTEX_POINT('',#9759);
#2580=VERTEX_POINT('',#9761);
#2581=VERTEX_POINT('',#9763);
#2582=VERTEX_POINT('',#9765);
#2583=VERTEX_POINT('',#9767);
#2584=VERTEX_POINT('',#9769);
#2585=VERTEX_POINT('',#9771);
#2586=VERTEX_POINT('',#9773);
#2587=VERTEX_POINT('',#9775);
#2588=VERTEX_POINT('',#9777);
#2589=VERTEX_POINT('',#9779);
#2590=VERTEX_POINT('',#9781);
#2591=VERTEX_POINT('',#9783);
#2592=VERTEX_POINT('',#9785);
#2593=VERTEX_POINT('',#9787);
#2594=VERTEX_POINT('',#9789);
#2595=VERTEX_POINT('',#9793);
#2596=VERTEX_POINT('',#9794);
#2597=VERTEX_POINT('',#9798);
#2598=VERTEX_POINT('',#9800);
#2599=VERTEX_POINT('',#9802);
#2600=VERTEX_POINT('',#9804);
#2601=VERTEX_POINT('',#9808);
#2602=VERTEX_POINT('',#9812);
#2603=VERTEX_POINT('',#9814);
#2604=VERTEX_POINT('',#9816);
#2605=VERTEX_POINT('',#9818);
#2606=VERTEX_POINT('',#9822);
#2607=VERTEX_POINT('',#9826);
#2608=VERTEX_POINT('',#9828);
#2609=VERTEX_POINT('',#9830);
#2610=VERTEX_POINT('',#9832);
#2611=VERTEX_POINT('',#9836);
#2612=VERTEX_POINT('',#9840);
#2613=VERTEX_POINT('',#9842);
#2614=VERTEX_POINT('',#9844);
#2615=VERTEX_POINT('',#9846);
#2616=VERTEX_POINT('',#9850);
#2617=VERTEX_POINT('',#9854);
#2618=VERTEX_POINT('',#9856);
#2619=VERTEX_POINT('',#9858);
#2620=VERTEX_POINT('',#9860);
#2621=VERTEX_POINT('',#9864);
#2622=VERTEX_POINT('',#9868);
#2623=VERTEX_POINT('',#9870);
#2624=VERTEX_POINT('',#9872);
#2625=VERTEX_POINT('',#9874);
#2626=VERTEX_POINT('',#9878);
#2627=VERTEX_POINT('',#9882);
#2628=VERTEX_POINT('',#9884);
#2629=VERTEX_POINT('',#9886);
#2630=VERTEX_POINT('',#9888);
#2631=VERTEX_POINT('',#9892);
#2632=VERTEX_POINT('',#9896);
#2633=VERTEX_POINT('',#9898);
#2634=VERTEX_POINT('',#9900);
#2635=VERTEX_POINT('',#9902);
#2636=VERTEX_POINT('',#9906);
#2637=VERTEX_POINT('',#9910);
#2638=VERTEX_POINT('',#9912);
#2639=VERTEX_POINT('',#9914);
#2640=VERTEX_POINT('',#9916);
#2641=VERTEX_POINT('',#9920);
#2642=VERTEX_POINT('',#9924);
#2643=VERTEX_POINT('',#9926);
#2644=VERTEX_POINT('',#9928);
#2645=VERTEX_POINT('',#9930);
#2646=VERTEX_POINT('',#9934);
#2647=VERTEX_POINT('',#9938);
#2648=VERTEX_POINT('',#9940);
#2649=VERTEX_POINT('',#9942);
#2650=VERTEX_POINT('',#9944);
#2651=VERTEX_POINT('',#9948);
#2652=VERTEX_POINT('',#9952);
#2653=VERTEX_POINT('',#9954);
#2654=VERTEX_POINT('',#9956);
#2655=VERTEX_POINT('',#9958);
#2656=VERTEX_POINT('',#9962);
#2657=VERTEX_POINT('',#9966);
#2658=VERTEX_POINT('',#9968);
#2659=VERTEX_POINT('',#9970);
#2660=VERTEX_POINT('',#9972);
#2661=VERTEX_POINT('',#9976);
#2662=VERTEX_POINT('',#9980);
#2663=VERTEX_POINT('',#9982);
#2664=VERTEX_POINT('',#9984);
#2665=VERTEX_POINT('',#9986);
#2666=VERTEX_POINT('',#9990);
#2667=VERTEX_POINT('',#9994);
#2668=VERTEX_POINT('',#9996);
#2669=VERTEX_POINT('',#9998);
#2670=VERTEX_POINT('',#10000);
#2671=VERTEX_POINT('',#10004);
#2672=VERTEX_POINT('',#10008);
#2673=VERTEX_POINT('',#10010);
#2674=VERTEX_POINT('',#10012);
#2675=VERTEX_POINT('',#10014);
#2676=VERTEX_POINT('',#10018);
#2677=VERTEX_POINT('',#10022);
#2678=VERTEX_POINT('',#10024);
#2679=VERTEX_POINT('',#10026);
#2680=VERTEX_POINT('',#10028);
#2681=VERTEX_POINT('',#10032);
#2682=VERTEX_POINT('',#10036);
#2683=VERTEX_POINT('',#10038);
#2684=VERTEX_POINT('',#10040);
#2685=VERTEX_POINT('',#10042);
#2686=VERTEX_POINT('',#10046);
#2687=VERTEX_POINT('',#10050);
#2688=VERTEX_POINT('',#10052);
#2689=VERTEX_POINT('',#10054);
#2690=VERTEX_POINT('',#10056);
#2691=VERTEX_POINT('',#10060);
#2692=VERTEX_POINT('',#10064);
#2693=VERTEX_POINT('',#10066);
#2694=VERTEX_POINT('',#10068);
#2695=VERTEX_POINT('',#10070);
#2696=VERTEX_POINT('',#10074);
#2697=VERTEX_POINT('',#10078);
#2698=VERTEX_POINT('',#10080);
#2699=VERTEX_POINT('',#10082);
#2700=VERTEX_POINT('',#10084);
#2701=VERTEX_POINT('',#10088);
#2702=VERTEX_POINT('',#10091);
#2703=VERTEX_POINT('',#10095);
#2704=VERTEX_POINT('',#10097);
#2705=VERTEX_POINT('',#10099);
#2706=VERTEX_POINT('',#10101);
#2707=VERTEX_POINT('',#10105);
#2708=VERTEX_POINT('',#10109);
#2709=VERTEX_POINT('',#10111);
#2710=VERTEX_POINT('',#10113);
#2711=VERTEX_POINT('',#10115);
#2712=VERTEX_POINT('',#10119);
#2713=VERTEX_POINT('',#10123);
#2714=VERTEX_POINT('',#10125);
#2715=VERTEX_POINT('',#10127);
#2716=VERTEX_POINT('',#10129);
#2717=VERTEX_POINT('',#10133);
#2718=VERTEX_POINT('',#10137);
#2719=VERTEX_POINT('',#10139);
#2720=VERTEX_POINT('',#10141);
#2721=VERTEX_POINT('',#10143);
#2722=VERTEX_POINT('',#10147);
#2723=VERTEX_POINT('',#10151);
#2724=VERTEX_POINT('',#10153);
#2725=VERTEX_POINT('',#10155);
#2726=VERTEX_POINT('',#10157);
#2727=VERTEX_POINT('',#10161);
#2728=VERTEX_POINT('',#10165);
#2729=VERTEX_POINT('',#10167);
#2730=VERTEX_POINT('',#10169);
#2731=VERTEX_POINT('',#10171);
#2732=VERTEX_POINT('',#10175);
#2733=VERTEX_POINT('',#10179);
#2734=VERTEX_POINT('',#10181);
#2735=VERTEX_POINT('',#10183);
#2736=VERTEX_POINT('',#10185);
#2737=VERTEX_POINT('',#10189);
#2738=VERTEX_POINT('',#10193);
#2739=VERTEX_POINT('',#10195);
#2740=VERTEX_POINT('',#10197);
#2741=VERTEX_POINT('',#10199);
#2742=VERTEX_POINT('',#10203);
#2743=VERTEX_POINT('',#10207);
#2744=VERTEX_POINT('',#10209);
#2745=VERTEX_POINT('',#10211);
#2746=VERTEX_POINT('',#10213);
#2747=VERTEX_POINT('',#10217);
#2748=VERTEX_POINT('',#10221);
#2749=VERTEX_POINT('',#10223);
#2750=VERTEX_POINT('',#10225);
#2751=VERTEX_POINT('',#10227);
#2752=VERTEX_POINT('',#10231);
#2753=VERTEX_POINT('',#10235);
#2754=VERTEX_POINT('',#10237);
#2755=VERTEX_POINT('',#10239);
#2756=VERTEX_POINT('',#10241);
#2757=VERTEX_POINT('',#10245);
#2758=VERTEX_POINT('',#10249);
#2759=VERTEX_POINT('',#10251);
#2760=VERTEX_POINT('',#10253);
#2761=VERTEX_POINT('',#10255);
#2762=VERTEX_POINT('',#10259);
#2763=VERTEX_POINT('',#10263);
#2764=VERTEX_POINT('',#10265);
#2765=VERTEX_POINT('',#10267);
#2766=VERTEX_POINT('',#10269);
#2767=VERTEX_POINT('',#10273);
#2768=VERTEX_POINT('',#10277);
#2769=VERTEX_POINT('',#10279);
#2770=VERTEX_POINT('',#10281);
#2771=VERTEX_POINT('',#10283);
#2772=VERTEX_POINT('',#10287);
#2773=VERTEX_POINT('',#10291);
#2774=VERTEX_POINT('',#10293);
#2775=VERTEX_POINT('',#10295);
#2776=VERTEX_POINT('',#10297);
#2777=VERTEX_POINT('',#10301);
#2778=VERTEX_POINT('',#10305);
#2779=VERTEX_POINT('',#10307);
#2780=VERTEX_POINT('',#10309);
#2781=VERTEX_POINT('',#10311);
#2782=VERTEX_POINT('',#10315);
#2783=VERTEX_POINT('',#10319);
#2784=VERTEX_POINT('',#10321);
#2785=VERTEX_POINT('',#10323);
#2786=VERTEX_POINT('',#10325);
#2787=VERTEX_POINT('',#10329);
#2788=VERTEX_POINT('',#10333);
#2789=VERTEX_POINT('',#10335);
#2790=VERTEX_POINT('',#10337);
#2791=VERTEX_POINT('',#10339);
#2792=VERTEX_POINT('',#10343);
#2793=VERTEX_POINT('',#10347);
#2794=VERTEX_POINT('',#10349);
#2795=VERTEX_POINT('',#10351);
#2796=VERTEX_POINT('',#10353);
#2797=VERTEX_POINT('',#10357);
#2798=VERTEX_POINT('',#10361);
#2799=VERTEX_POINT('',#10363);
#2800=VERTEX_POINT('',#10365);
#2801=VERTEX_POINT('',#10367);
#2802=VERTEX_POINT('',#10371);
#2803=VERTEX_POINT('',#10375);
#2804=VERTEX_POINT('',#10377);
#2805=VERTEX_POINT('',#10379);
#2806=VERTEX_POINT('',#10385);
#2807=VERTEX_POINT('',#10386);
#2808=VERTEX_POINT('',#10388);
#2809=VERTEX_POINT('',#10390);
#2810=VERTEX_POINT('',#10394);
#2811=VERTEX_POINT('',#10395);
#2812=VERTEX_POINT('',#10397);
#2813=VERTEX_POINT('',#10399);
#2814=VERTEX_POINT('',#10403);
#2815=VERTEX_POINT('',#10405);
#2816=VERTEX_POINT('',#10409);
#2817=VERTEX_POINT('',#10411);
#2818=VERTEX_POINT('',#10415);
#2819=VERTEX_POINT('',#10416);
#2820=VERTEX_POINT('',#10418);
#2821=VERTEX_POINT('',#10422);
#2822=VERTEX_POINT('',#10424);
#2823=VERTEX_POINT('',#10428);
#2824=VERTEX_POINT('',#10432);
#2825=VERTEX_POINT('',#10434);
#2826=VERTEX_POINT('',#10438);
#2827=VERTEX_POINT('',#10442);
#2828=VERTEX_POINT('',#10444);
#2829=VERTEX_POINT('',#10448);
#2830=VERTEX_POINT('',#10449);
#2831=VERTEX_POINT('',#10451);
#2832=VERTEX_POINT('',#10453);
#2833=VERTEX_POINT('',#10512);
#2834=VERTEX_POINT('',#10518);
#2835=VERTEX_POINT('',#10539);
#2836=VERTEX_POINT('',#10560);
#2837=VERTEX_POINT('',#10577);
#2838=VERTEX_POINT('',#10592);
#2839=VERTEX_POINT('',#10605);
#2840=VERTEX_POINT('',#11232);
#2841=VERTEX_POINT('',#11233);
#2842=VERTEX_POINT('',#11236);
#2843=VERTEX_POINT('',#11238);
#2844=VERTEX_POINT('',#11242);
#2845=VERTEX_POINT('',#11246);
#2846=VERTEX_POINT('',#11259);
#2847=VERTEX_POINT('',#11263);
#2848=VERTEX_POINT('',#11269);
#2849=VERTEX_POINT('',#11278);
#2850=VERTEX_POINT('',#11282);
#2851=VERTEX_POINT('',#11286);
#2852=VERTEX_POINT('',#11290);
#2853=VERTEX_POINT('',#11294);
#2854=VERTEX_POINT('',#11300);
#2855=VERTEX_POINT('',#11304);
#2856=VERTEX_POINT('',#11308);
#2857=VERTEX_POINT('',#11312);
#2858=VERTEX_POINT('',#11316);
#2859=VERTEX_POINT('',#11320);
#2860=VERTEX_POINT('',#11324);
#2861=VERTEX_POINT('',#11328);
#2862=VERTEX_POINT('',#11332);
#2863=VERTEX_POINT('',#11336);
#2864=VERTEX_POINT('',#11343);
#2865=VERTEX_POINT('',#11345);
#2866=VERTEX_POINT('',#11349);
#2867=VERTEX_POINT('',#11351);
#2868=VERTEX_POINT('',#11355);
#2869=VERTEX_POINT('',#11359);
#2870=VERTEX_POINT('',#11361);
#2871=VERTEX_POINT('',#11365);
#2872=VERTEX_POINT('',#11369);
#2873=VERTEX_POINT('',#11371);
#2874=VERTEX_POINT('',#11375);
#2875=VERTEX_POINT('',#11379);
#2876=VERTEX_POINT('',#11381);
#2877=VERTEX_POINT('',#11385);
#2878=VERTEX_POINT('',#11389);
#2879=VERTEX_POINT('',#11391);
#2880=VERTEX_POINT('',#11395);
#2881=VERTEX_POINT('',#11399);
#2882=VERTEX_POINT('',#11401);
#2883=VERTEX_POINT('',#11405);
#2884=VERTEX_POINT('',#11409);
#2885=VERTEX_POINT('',#11411);
#2886=VERTEX_POINT('',#11415);
#2887=VERTEX_POINT('',#11419);
#2888=VERTEX_POINT('',#11421);
#2889=VERTEX_POINT('',#11425);
#2890=VERTEX_POINT('',#11429);
#2891=VERTEX_POINT('',#11431);
#2892=VERTEX_POINT('',#11435);
#2893=VERTEX_POINT('',#11439);
#2894=VERTEX_POINT('',#11441);
#2895=VERTEX_POINT('',#11445);
#2896=VERTEX_POINT('',#11449);
#2897=VERTEX_POINT('',#11451);
#2898=VERTEX_POINT('',#11455);
#2899=VERTEX_POINT('',#11459);
#2900=VERTEX_POINT('',#11461);
#2901=VERTEX_POINT('',#11465);
#2902=VERTEX_POINT('',#11469);
#2903=VERTEX_POINT('',#11471);
#2904=VERTEX_POINT('',#11475);
#2905=VERTEX_POINT('',#11479);
#2906=VERTEX_POINT('',#11481);
#2907=VERTEX_POINT('',#11485);
#2908=VERTEX_POINT('',#11489);
#2909=VERTEX_POINT('',#11491);
#2910=VERTEX_POINT('',#11495);
#2911=VERTEX_POINT('',#11499);
#2912=VERTEX_POINT('',#11501);
#2913=VERTEX_POINT('',#11505);
#2914=VERTEX_POINT('',#11509);
#2915=VERTEX_POINT('',#11511);
#2916=VERTEX_POINT('',#11515);
#2917=VERTEX_POINT('',#11519);
#2918=VERTEX_POINT('',#11521);
#2919=VERTEX_POINT('',#11525);
#2920=VERTEX_POINT('',#11529);
#2921=VERTEX_POINT('',#11531);
#2922=VERTEX_POINT('',#11535);
#2923=VERTEX_POINT('',#11539);
#2924=VERTEX_POINT('',#11541);
#2925=VERTEX_POINT('',#11545);
#2926=VERTEX_POINT('',#11549);
#2927=VERTEX_POINT('',#11551);
#2928=VERTEX_POINT('',#11555);
#2929=VERTEX_POINT('',#11559);
#2930=VERTEX_POINT('',#11561);
#2931=VERTEX_POINT('',#11565);
#2932=VERTEX_POINT('',#11569);
#2933=VERTEX_POINT('',#11571);
#2934=VERTEX_POINT('',#11575);
#2935=VERTEX_POINT('',#11579);
#2936=VERTEX_POINT('',#11581);
#2937=VERTEX_POINT('',#11585);
#2938=VERTEX_POINT('',#11589);
#2939=VERTEX_POINT('',#11591);
#2940=VERTEX_POINT('',#11595);
#2941=VERTEX_POINT('',#11599);
#2942=VERTEX_POINT('',#11601);
#2943=VERTEX_POINT('',#11605);
#2944=VERTEX_POINT('',#11609);
#2945=VERTEX_POINT('',#11611);
#2946=VERTEX_POINT('',#11615);
#2947=VERTEX_POINT('',#11619);
#2948=VERTEX_POINT('',#11621);
#2949=VERTEX_POINT('',#11625);
#2950=VERTEX_POINT('',#11629);
#2951=VERTEX_POINT('',#11631);
#2952=VERTEX_POINT('',#11635);
#2953=VERTEX_POINT('',#11639);
#2954=VERTEX_POINT('',#11641);
#2955=VERTEX_POINT('',#11645);
#2956=VERTEX_POINT('',#11649);
#2957=VERTEX_POINT('',#11651);
#2958=VERTEX_POINT('',#11655);
#2959=VERTEX_POINT('',#11659);
#2960=VERTEX_POINT('',#11661);
#2961=VERTEX_POINT('',#11665);
#2962=VERTEX_POINT('',#11669);
#2963=VERTEX_POINT('',#11671);
#2964=VERTEX_POINT('',#11675);
#2965=VERTEX_POINT('',#11679);
#2966=VERTEX_POINT('',#11681);
#2967=VERTEX_POINT('',#11685);
#2968=VERTEX_POINT('',#11689);
#2969=VERTEX_POINT('',#11691);
#2970=VERTEX_POINT('',#11695);
#2971=VERTEX_POINT('',#11699);
#2972=VERTEX_POINT('',#11701);
#2973=VERTEX_POINT('',#11705);
#2974=VERTEX_POINT('',#11709);
#2975=VERTEX_POINT('',#11711);
#2976=VERTEX_POINT('',#11715);
#2977=VERTEX_POINT('',#11719);
#2978=VERTEX_POINT('',#11721);
#2979=VERTEX_POINT('',#11725);
#2980=VERTEX_POINT('',#11729);
#2981=VERTEX_POINT('',#11731);
#2982=VERTEX_POINT('',#11735);
#2983=VERTEX_POINT('',#11739);
#2984=VERTEX_POINT('',#11741);
#2985=VERTEX_POINT('',#11745);
#2986=VERTEX_POINT('',#11749);
#2987=VERTEX_POINT('',#11751);
#2988=VERTEX_POINT('',#11755);
#2989=VERTEX_POINT('',#11759);
#2990=EDGE_CURVE('',#2386,#2387,#1394,.T.);
#2991=EDGE_CURVE('',#2388,#2386,#1361,.F.);
#2992=EDGE_CURVE('',#2388,#2389,#1062,.T.);
#2993=EDGE_CURVE('',#2389,#2387,#1362,.T.);
#2994=EDGE_CURVE('',#2390,#2391,#1395,.T.);
#2995=EDGE_CURVE('',#2386,#2390,#1363,.F.);
#2996=EDGE_CURVE('',#2387,#2391,#1364,.T.);
#2997=EDGE_CURVE('',#2392,#2393,#1396,.T.);
#2998=EDGE_CURVE('',#2390,#2392,#1365,.F.);
#2999=EDGE_CURVE('',#2391,#2393,#1366,.T.);
#3000=EDGE_CURVE('',#2394,#2395,#1397,.T.);
#3001=EDGE_CURVE('',#2392,#2394,#1367,.F.);
#3002=EDGE_CURVE('',#2393,#2395,#1368,.T.);
#3003=EDGE_CURVE('',#2396,#2397,#1398,.T.);
#3004=EDGE_CURVE('',#2394,#2396,#1369,.F.);
#3005=EDGE_CURVE('',#2395,#2397,#1370,.T.);
#3006=EDGE_CURVE('',#2398,#2399,#1399,.T.);
#3007=EDGE_CURVE('',#2396,#2398,#1371,.F.);
#3008=EDGE_CURVE('',#2397,#2399,#1372,.T.);
#3009=EDGE_CURVE('',#2400,#2401,#1400,.T.);
#3010=EDGE_CURVE('',#2398,#2400,#1373,.F.);
#3011=EDGE_CURVE('',#2399,#2401,#1374,.T.);
#3012=EDGE_CURVE('',#2402,#2403,#1401,.T.);
#3013=EDGE_CURVE('',#2404,#2402,#316,.T.);
#3014=EDGE_CURVE('',#2404,#2405,#1063,.T.);
#3015=EDGE_CURVE('',#2405,#2403,#1375,.T.);
#3016=EDGE_CURVE('',#2406,#2407,#1402,.T.);
#3017=EDGE_CURVE('',#2402,#2406,#317,.T.);
#3018=EDGE_CURVE('',#2403,#2407,#1376,.T.);
#3019=EDGE_CURVE('',#2408,#2409,#1403,.T.);
#3020=EDGE_CURVE('',#2406,#2408,#318,.T.);
#3021=EDGE_CURVE('',#2407,#2409,#1377,.T.);
#3022=EDGE_CURVE('',#2410,#2411,#1404,.T.);
#3023=EDGE_CURVE('',#2408,#2410,#319,.T.);
#3024=EDGE_CURVE('',#2409,#2411,#1378,.T.);
#3025=EDGE_CURVE('',#2412,#2413,#1405,.T.);
#3026=EDGE_CURVE('',#2410,#2412,#320,.T.);
#3027=EDGE_CURVE('',#2411,#2413,#1379,.T.);
#3028=EDGE_CURVE('',#2414,#2415,#1406,.T.);
#3029=EDGE_CURVE('',#2412,#2414,#321,.T.);
#3030=EDGE_CURVE('',#2413,#2415,#1380,.T.);
#3031=EDGE_CURVE('',#2416,#2417,#1407,.T.);
#3032=EDGE_CURVE('',#2414,#2416,#322,.T.);
#3033=EDGE_CURVE('',#2415,#2417,#1381,.T.);
#3034=EDGE_CURVE('',#2418,#2418,#1064,.T.);
#3035=EDGE_CURVE('',#2418,#2419,#1408,.T.);
#3036=EDGE_CURVE('',#2419,#2420,#1065,.T.);
#3037=EDGE_CURVE('',#2421,#2420,#323,.T.);
#3038=EDGE_CURVE('',#2421,#2422,#1409,.T.);
#3039=EDGE_CURVE('',#2422,#2423,#1382,.T.);
#3040=EDGE_CURVE('',#2423,#2419,#1066,.T.);
#3041=EDGE_CURVE('',#2424,#2424,#1067,.T.);
#3042=EDGE_CURVE('',#2424,#2425,#1068,.T.);
#3043=EDGE_CURVE('',#2425,#2425,#1069,.T.);
#3044=EDGE_CURVE('',#2426,#2427,#249,.T.);
#3045=EDGE_CURVE('',#2426,#2428,#1410,.T.);
#3046=EDGE_CURVE('',#2428,#2429,#1070,.T.);
#3047=EDGE_CURVE('',#2429,#2430,#1411,.T.);
#3048=EDGE_CURVE('',#2431,#2430,#1071,.T.);
#3049=EDGE_CURVE('',#2431,#2432,#1412,.T.);
#3050=EDGE_CURVE('',#2432,#2433,#1072,.T.);
#3051=EDGE_CURVE('',#2433,#2434,#1413,.T.);
#3052=EDGE_CURVE('',#2435,#2434,#1073,.T.);
#3053=EDGE_CURVE('',#2435,#2436,#1414,.T.);
#3054=EDGE_CURVE('',#2436,#2437,#1074,.T.);
#3055=EDGE_CURVE('',#2437,#2438,#1415,.T.);
#3056=EDGE_CURVE('',#2439,#2438,#1075,.T.);
#3057=EDGE_CURVE('',#2439,#2440,#1416,.T.);
#3058=EDGE_CURVE('',#2440,#2441,#1076,.T.);
#3059=EDGE_CURVE('',#2441,#2442,#1417,.T.);
#3060=EDGE_CURVE('',#2443,#2442,#1077,.T.);
#3061=EDGE_CURVE('',#2443,#2444,#1418,.T.);
#3062=EDGE_CURVE('',#2444,#2445,#1078,.T.);
#3063=EDGE_CURVE('',#2445,#2446,#1419,.T.);
#3064=EDGE_CURVE('',#2447,#2446,#1079,.T.);
#3065=EDGE_CURVE('',#2447,#2448,#1420,.T.);
#3066=EDGE_CURVE('',#2448,#2449,#1080,.T.);
#3067=EDGE_CURVE('',#2449,#2450,#1421,.T.);
#3068=EDGE_CURVE('',#2451,#2450,#1081,.T.);
#3069=EDGE_CURVE('',#2451,#2452,#1422,.T.);
#3070=EDGE_CURVE('',#2452,#2453,#1082,.T.);
#3071=EDGE_CURVE('',#2453,#2454,#1423,.T.);
#3072=EDGE_CURVE('',#2455,#2454,#1083,.T.);
#3073=EDGE_CURVE('',#2455,#2456,#1424,.T.);
#3074=EDGE_CURVE('',#2456,#2457,#1084,.T.);
#3075=EDGE_CURVE('',#2457,#2458,#1425,.T.);
#3076=EDGE_CURVE('',#2459,#2458,#1085,.T.);
#3077=EDGE_CURVE('',#2459,#2460,#1426,.T.);
#3078=EDGE_CURVE('',#2460,#2461,#1086,.T.);
#3079=EDGE_CURVE('',#2461,#2462,#1427,.T.);
#3080=EDGE_CURVE('',#2463,#2462,#1087,.T.);
#3081=EDGE_CURVE('',#2463,#2464,#1428,.T.);
#3082=EDGE_CURVE('',#2464,#2465,#1088,.T.);
#3083=EDGE_CURVE('',#2465,#2466,#1429,.T.);
#3084=EDGE_CURVE('',#2467,#2466,#1089,.T.);
#3085=EDGE_CURVE('',#2467,#2468,#1430,.T.);
#3086=EDGE_CURVE('',#2468,#2469,#1090,.T.);
#3087=EDGE_CURVE('',#2469,#2470,#1431,.T.);
#3088=EDGE_CURVE('',#2471,#2470,#1091,.T.);
#3089=EDGE_CURVE('',#2471,#2472,#1432,.T.);
#3090=EDGE_CURVE('',#2472,#2473,#1092,.T.);
#3091=EDGE_CURVE('',#2473,#2474,#1433,.T.);
#3092=EDGE_CURVE('',#2475,#2474,#1093,.T.);
#3093=EDGE_CURVE('',#2475,#2476,#1434,.T.);
#3094=EDGE_CURVE('',#2476,#2477,#1094,.T.);
#3095=EDGE_CURVE('',#2477,#2478,#1435,.T.);
#3096=EDGE_CURVE('',#2479,#2478,#1095,.T.);
#3097=EDGE_CURVE('',#2479,#2480,#1436,.T.);
#3098=EDGE_CURVE('',#2480,#2481,#1096,.T.);
#3099=EDGE_CURVE('',#2481,#2482,#1437,.T.);
#3100=EDGE_CURVE('',#2483,#2482,#1097,.T.);
#3101=EDGE_CURVE('',#2483,#2484,#1438,.T.);
#3102=EDGE_CURVE('',#2484,#2485,#1098,.T.);
#3103=EDGE_CURVE('',#2485,#2486,#1439,.T.);
#3104=EDGE_CURVE('',#2487,#2486,#1099,.T.);
#3105=EDGE_CURVE('',#2487,#2488,#1440,.T.);
#3106=EDGE_CURVE('',#2488,#2489,#1100,.T.);
#3107=EDGE_CURVE('',#2489,#2490,#1441,.T.);
#3108=EDGE_CURVE('',#2491,#2490,#1101,.T.);
#3109=EDGE_CURVE('',#2491,#2492,#1442,.T.);
#3110=EDGE_CURVE('',#2492,#2493,#1102,.T.);
#3111=EDGE_CURVE('',#2493,#2494,#1443,.T.);
#3112=EDGE_CURVE('',#2495,#2494,#1103,.T.);
#3113=EDGE_CURVE('',#2495,#2496,#1444,.T.);
#3114=EDGE_CURVE('',#2496,#2497,#1104,.T.);
#3115=EDGE_CURVE('',#2497,#2498,#1445,.T.);
#3116=EDGE_CURVE('',#2499,#2498,#1105,.T.);
#3117=EDGE_CURVE('',#2499,#2500,#1446,.T.);
#3118=EDGE_CURVE('',#2500,#2501,#1106,.T.);
#3119=EDGE_CURVE('',#2501,#2502,#1447,.T.);
#3120=EDGE_CURVE('',#2503,#2502,#1107,.T.);
#3121=EDGE_CURVE('',#2503,#2504,#1448,.T.);
#3122=EDGE_CURVE('',#2504,#2505,#1108,.T.);
#3123=EDGE_CURVE('',#2505,#2506,#1449,.T.);
#3124=EDGE_CURVE('',#2507,#2506,#1109,.T.);
#3125=EDGE_CURVE('',#2507,#2508,#1450,.T.);
#3126=EDGE_CURVE('',#2508,#2509,#1110,.T.);
#3127=EDGE_CURVE('',#2509,#2510,#1451,.T.);
#3128=EDGE_CURVE('',#2511,#2510,#250,.F.);
#3129=EDGE_CURVE('',#2511,#2424,#1452,.T.);
#3130=EDGE_CURVE('',#2512,#2511,#251,.F.);
#3131=EDGE_CURVE('',#2512,#2513,#1453,.T.);
#3132=EDGE_CURVE('',#2513,#2514,#1111,.T.);
#3133=EDGE_CURVE('',#2514,#2515,#1454,.T.);
#3134=EDGE_CURVE('',#2516,#2515,#1112,.T.);
#3135=EDGE_CURVE('',#2516,#2517,#1455,.T.);
#3136=EDGE_CURVE('',#2517,#2518,#1113,.T.);
#3137=EDGE_CURVE('',#2518,#2519,#1456,.T.);
#3138=EDGE_CURVE('',#2520,#2519,#1114,.T.);
#3139=EDGE_CURVE('',#2520,#2521,#1457,.T.);
#3140=EDGE_CURVE('',#2521,#2522,#1115,.T.);
#3141=EDGE_CURVE('',#2522,#2523,#1458,.T.);
#3142=EDGE_CURVE('',#2524,#2523,#1116,.T.);
#3143=EDGE_CURVE('',#2524,#2525,#1459,.T.);
#3144=EDGE_CURVE('',#2525,#2526,#1117,.T.);
#3145=EDGE_CURVE('',#2526,#2527,#1460,.T.);
#3146=EDGE_CURVE('',#2528,#2527,#1118,.T.);
#3147=EDGE_CURVE('',#2528,#2529,#1461,.T.);
#3148=EDGE_CURVE('',#2529,#2530,#1119,.T.);
#3149=EDGE_CURVE('',#2530,#2531,#1462,.T.);
#3150=EDGE_CURVE('',#2532,#2531,#1120,.T.);
#3151=EDGE_CURVE('',#2532,#2533,#1463,.T.);
#3152=EDGE_CURVE('',#2533,#2534,#1121,.T.);
#3153=EDGE_CURVE('',#2534,#2535,#1464,.T.);
#3154=EDGE_CURVE('',#2536,#2535,#1122,.T.);
#3155=EDGE_CURVE('',#2536,#2537,#1465,.T.);
#3156=EDGE_CURVE('',#2537,#2538,#1123,.T.);
#3157=EDGE_CURVE('',#2538,#2539,#1466,.T.);
#3158=EDGE_CURVE('',#2540,#2539,#1124,.T.);
#3159=EDGE_CURVE('',#2540,#2541,#1467,.T.);
#3160=EDGE_CURVE('',#2541,#2542,#1125,.T.);
#3161=EDGE_CURVE('',#2542,#2543,#1468,.T.);
#3162=EDGE_CURVE('',#2544,#2543,#1126,.T.);
#3163=EDGE_CURVE('',#2544,#2545,#1469,.T.);
#3164=EDGE_CURVE('',#2545,#2546,#1127,.T.);
#3165=EDGE_CURVE('',#2546,#2547,#1470,.T.);
#3166=EDGE_CURVE('',#2548,#2547,#1128,.T.);
#3167=EDGE_CURVE('',#2548,#2549,#1471,.T.);
#3168=EDGE_CURVE('',#2549,#2550,#1129,.T.);
#3169=EDGE_CURVE('',#2550,#2551,#1472,.T.);
#3170=EDGE_CURVE('',#2552,#2551,#1130,.T.);
#3171=EDGE_CURVE('',#2552,#2553,#1473,.T.);
#3172=EDGE_CURVE('',#2553,#2554,#1131,.T.);
#3173=EDGE_CURVE('',#2554,#2555,#1474,.T.);
#3174=EDGE_CURVE('',#2556,#2555,#1132,.T.);
#3175=EDGE_CURVE('',#2556,#2557,#1475,.T.);
#3176=EDGE_CURVE('',#2557,#2558,#1133,.T.);
#3177=EDGE_CURVE('',#2558,#2559,#1476,.T.);
#3178=EDGE_CURVE('',#2560,#2559,#1134,.T.);
#3179=EDGE_CURVE('',#2560,#2561,#1477,.T.);
#3180=EDGE_CURVE('',#2561,#2562,#1135,.T.);
#3181=EDGE_CURVE('',#2562,#2563,#1478,.T.);
#3182=EDGE_CURVE('',#2564,#2563,#1136,.T.);
#3183=EDGE_CURVE('',#2564,#2565,#1479,.T.);
#3184=EDGE_CURVE('',#2565,#2566,#1137,.T.);
#3185=EDGE_CURVE('',#2566,#2567,#1480,.T.);
#3186=EDGE_CURVE('',#2568,#2567,#1138,.T.);
#3187=EDGE_CURVE('',#2568,#2569,#1481,.T.);
#3188=EDGE_CURVE('',#2569,#2570,#1139,.T.);
#3189=EDGE_CURVE('',#2570,#2571,#1482,.T.);
#3190=EDGE_CURVE('',#2572,#2571,#1140,.T.);
#3191=EDGE_CURVE('',#2572,#2573,#1483,.T.);
#3192=EDGE_CURVE('',#2573,#2574,#1141,.T.);
#3193=EDGE_CURVE('',#2574,#2575,#1484,.T.);
#3194=EDGE_CURVE('',#2576,#2575,#1142,.T.);
#3195=EDGE_CURVE('',#2576,#2577,#1485,.T.);
#3196=EDGE_CURVE('',#2577,#2578,#1143,.T.);
#3197=EDGE_CURVE('',#2578,#2579,#1486,.T.);
#3198=EDGE_CURVE('',#2580,#2579,#1144,.T.);
#3199=EDGE_CURVE('',#2580,#2581,#1487,.T.);
#3200=EDGE_CURVE('',#2581,#2582,#1145,.T.);
#3201=EDGE_CURVE('',#2582,#2583,#1488,.T.);
#3202=EDGE_CURVE('',#2584,#2583,#1146,.T.);
#3203=EDGE_CURVE('',#2584,#2585,#1489,.T.);
#3204=EDGE_CURVE('',#2585,#2586,#1147,.T.);
#3205=EDGE_CURVE('',#2586,#2587,#1490,.T.);
#3206=EDGE_CURVE('',#2588,#2587,#1148,.T.);
#3207=EDGE_CURVE('',#2588,#2589,#1491,.T.);
#3208=EDGE_CURVE('',#2589,#2590,#1149,.T.);
#3209=EDGE_CURVE('',#2590,#2591,#1492,.T.);
#3210=EDGE_CURVE('',#2592,#2591,#1150,.T.);
#3211=EDGE_CURVE('',#2592,#2593,#1493,.T.);
#3212=EDGE_CURVE('',#2593,#2594,#1151,.T.);
#3213=EDGE_CURVE('',#2594,#2427,#1494,.T.);
#3214=EDGE_CURVE('',#2595,#2596,#324,.T.);
#3215=EDGE_CURVE('',#2597,#2595,#1495,.T.);
#3216=EDGE_CURVE('',#2597,#2598,#1152,.T.);
#3217=EDGE_CURVE('',#2599,#2598,#1496,.T.);
#3218=EDGE_CURVE('',#2600,#2599,#325,.T.);
#3219=EDGE_CURVE('',#2601,#2600,#326,.T.);
#3220=EDGE_CURVE('',#2602,#2601,#1497,.T.);
#3221=EDGE_CURVE('',#2602,#2603,#1153,.T.);
#3222=EDGE_CURVE('',#2604,#2603,#1498,.T.);
#3223=EDGE_CURVE('',#2605,#2604,#327,.T.);
#3224=EDGE_CURVE('',#2606,#2605,#328,.T.);
#3225=EDGE_CURVE('',#2607,#2606,#1499,.T.);
#3226=EDGE_CURVE('',#2607,#2608,#1154,.T.);
#3227=EDGE_CURVE('',#2609,#2608,#1500,.T.);
#3228=EDGE_CURVE('',#2610,#2609,#329,.T.);
#3229=EDGE_CURVE('',#2611,#2610,#330,.T.);
#3230=EDGE_CURVE('',#2612,#2611,#1501,.T.);
#3231=EDGE_CURVE('',#2612,#2613,#1155,.T.);
#3232=EDGE_CURVE('',#2614,#2613,#1502,.T.);
#3233=EDGE_CURVE('',#2615,#2614,#331,.T.);
#3234=EDGE_CURVE('',#2616,#2615,#332,.T.);
#3235=EDGE_CURVE('',#2617,#2616,#1503,.T.);
#3236=EDGE_CURVE('',#2617,#2618,#1156,.T.);
#3237=EDGE_CURVE('',#2619,#2618,#1504,.T.);
#3238=EDGE_CURVE('',#2620,#2619,#333,.T.);
#3239=EDGE_CURVE('',#2621,#2620,#334,.T.);
#3240=EDGE_CURVE('',#2622,#2621,#1505,.T.);
#3241=EDGE_CURVE('',#2622,#2623,#1157,.T.);
#3242=EDGE_CURVE('',#2624,#2623,#1506,.T.);
#3243=EDGE_CURVE('',#2625,#2624,#335,.T.);
#3244=EDGE_CURVE('',#2626,#2625,#336,.T.);
#3245=EDGE_CURVE('',#2627,#2626,#1507,.T.);
#3246=EDGE_CURVE('',#2627,#2628,#1158,.T.);
#3247=EDGE_CURVE('',#2629,#2628,#1508,.T.);
#3248=EDGE_CURVE('',#2630,#2629,#337,.T.);
#3249=EDGE_CURVE('',#2631,#2630,#338,.T.);
#3250=EDGE_CURVE('',#2632,#2631,#1509,.T.);
#3251=EDGE_CURVE('',#2632,#2633,#1159,.T.);
#3252=EDGE_CURVE('',#2634,#2633,#1510,.T.);
#3253=EDGE_CURVE('',#2635,#2634,#339,.T.);
#3254=EDGE_CURVE('',#2636,#2635,#340,.T.);
#3255=EDGE_CURVE('',#2637,#2636,#1511,.T.);
#3256=EDGE_CURVE('',#2637,#2638,#1160,.T.);
#3257=EDGE_CURVE('',#2639,#2638,#1512,.T.);
#3258=EDGE_CURVE('',#2640,#2639,#341,.T.);
#3259=EDGE_CURVE('',#2641,#2640,#342,.T.);
#3260=EDGE_CURVE('',#2642,#2641,#1513,.T.);
#3261=EDGE_CURVE('',#2642,#2643,#1161,.T.);
#3262=EDGE_CURVE('',#2644,#2643,#1514,.T.);
#3263=EDGE_CURVE('',#2645,#2644,#343,.T.);
#3264=EDGE_CURVE('',#2646,#2645,#344,.T.);
#3265=EDGE_CURVE('',#2647,#2646,#1515,.T.);
#3266=EDGE_CURVE('',#2647,#2648,#1162,.T.);
#3267=EDGE_CURVE('',#2649,#2648,#1516,.T.);
#3268=EDGE_CURVE('',#2650,#2649,#345,.T.);
#3269=EDGE_CURVE('',#2651,#2650,#346,.T.);
#3270=EDGE_CURVE('',#2652,#2651,#1517,.T.);
#3271=EDGE_CURVE('',#2652,#2653,#1163,.T.);
#3272=EDGE_CURVE('',#2654,#2653,#1518,.T.);
#3273=EDGE_CURVE('',#2655,#2654,#347,.T.);
#3274=EDGE_CURVE('',#2656,#2655,#348,.T.);
#3275=EDGE_CURVE('',#2657,#2656,#1519,.T.);
#3276=EDGE_CURVE('',#2657,#2658,#1164,.T.);
#3277=EDGE_CURVE('',#2659,#2658,#1520,.T.);
#3278=EDGE_CURVE('',#2660,#2659,#349,.T.);
#3279=EDGE_CURVE('',#2661,#2660,#350,.T.);
#3280=EDGE_CURVE('',#2662,#2661,#1521,.T.);
#3281=EDGE_CURVE('',#2662,#2663,#1165,.T.);
#3282=EDGE_CURVE('',#2664,#2663,#1522,.T.);
#3283=EDGE_CURVE('',#2665,#2664,#351,.T.);
#3284=EDGE_CURVE('',#2666,#2665,#352,.T.);
#3285=EDGE_CURVE('',#2667,#2666,#1523,.T.);
#3286=EDGE_CURVE('',#2667,#2668,#1166,.T.);
#3287=EDGE_CURVE('',#2669,#2668,#1524,.T.);
#3288=EDGE_CURVE('',#2670,#2669,#353,.T.);
#3289=EDGE_CURVE('',#2671,#2670,#354,.T.);
#3290=EDGE_CURVE('',#2672,#2671,#1525,.T.);
#3291=EDGE_CURVE('',#2672,#2673,#1167,.T.);
#3292=EDGE_CURVE('',#2674,#2673,#1526,.T.);
#3293=EDGE_CURVE('',#2675,#2674,#355,.T.);
#3294=EDGE_CURVE('',#2676,#2675,#356,.T.);
#3295=EDGE_CURVE('',#2677,#2676,#1527,.T.);
#3296=EDGE_CURVE('',#2677,#2678,#1168,.T.);
#3297=EDGE_CURVE('',#2679,#2678,#1528,.T.);
#3298=EDGE_CURVE('',#2680,#2679,#357,.T.);
#3299=EDGE_CURVE('',#2681,#2680,#358,.T.);
#3300=EDGE_CURVE('',#2682,#2681,#1529,.T.);
#3301=EDGE_CURVE('',#2682,#2683,#1169,.T.);
#3302=EDGE_CURVE('',#2684,#2683,#1530,.T.);
#3303=EDGE_CURVE('',#2685,#2684,#359,.T.);
#3304=EDGE_CURVE('',#2686,#2685,#360,.T.);
#3305=EDGE_CURVE('',#2687,#2686,#1531,.T.);
#3306=EDGE_CURVE('',#2687,#2688,#1170,.T.);
#3307=EDGE_CURVE('',#2689,#2688,#1532,.T.);
#3308=EDGE_CURVE('',#2690,#2689,#361,.T.);
#3309=EDGE_CURVE('',#2691,#2690,#362,.T.);
#3310=EDGE_CURVE('',#2692,#2691,#1533,.T.);
#3311=EDGE_CURVE('',#2692,#2693,#1171,.T.);
#3312=EDGE_CURVE('',#2694,#2693,#1534,.T.);
#3313=EDGE_CURVE('',#2695,#2694,#363,.T.);
#3314=EDGE_CURVE('',#2696,#2695,#364,.T.);
#3315=EDGE_CURVE('',#2697,#2696,#1535,.T.);
#3316=EDGE_CURVE('',#2697,#2698,#1172,.T.);
#3317=EDGE_CURVE('',#2699,#2698,#1536,.T.);
#3318=EDGE_CURVE('',#2700,#2699,#365,.T.);
#3319=EDGE_CURVE('',#2700,#2701,#1537,.T.);
#3320=EDGE_CURVE('',#2701,#2701,#1173,.T.);
#3321=EDGE_CURVE('',#2702,#2700,#366,.T.);
#3322=EDGE_CURVE('',#2703,#2702,#1538,.T.);
#3323=EDGE_CURVE('',#2703,#2704,#1174,.T.);
#3324=EDGE_CURVE('',#2705,#2704,#1539,.T.);
#3325=EDGE_CURVE('',#2706,#2705,#367,.T.);
#3326=EDGE_CURVE('',#2707,#2706,#368,.T.);
#3327=EDGE_CURVE('',#2708,#2707,#1540,.T.);
#3328=EDGE_CURVE('',#2708,#2709,#1175,.T.);
#3329=EDGE_CURVE('',#2710,#2709,#1541,.T.);
#3330=EDGE_CURVE('',#2711,#2710,#369,.T.);
#3331=EDGE_CURVE('',#2712,#2711,#370,.T.);
#3332=EDGE_CURVE('',#2713,#2712,#1542,.T.);
#3333=EDGE_CURVE('',#2713,#2714,#1176,.T.);
#3334=EDGE_CURVE('',#2715,#2714,#1543,.T.);
#3335=EDGE_CURVE('',#2716,#2715,#371,.T.);
#3336=EDGE_CURVE('',#2717,#2716,#372,.T.);
#3337=EDGE_CURVE('',#2718,#2717,#1544,.T.);
#3338=EDGE_CURVE('',#2718,#2719,#1177,.T.);
#3339=EDGE_CURVE('',#2720,#2719,#1545,.T.);
#3340=EDGE_CURVE('',#2721,#2720,#373,.T.);
#3341=EDGE_CURVE('',#2722,#2721,#374,.T.);
#3342=EDGE_CURVE('',#2723,#2722,#1546,.T.);
#3343=EDGE_CURVE('',#2723,#2724,#1178,.T.);
#3344=EDGE_CURVE('',#2725,#2724,#1547,.T.);
#3345=EDGE_CURVE('',#2726,#2725,#375,.T.);
#3346=EDGE_CURVE('',#2727,#2726,#376,.T.);
#3347=EDGE_CURVE('',#2728,#2727,#1548,.T.);
#3348=EDGE_CURVE('',#2728,#2729,#1179,.T.);
#3349=EDGE_CURVE('',#2730,#2729,#1549,.T.);
#3350=EDGE_CURVE('',#2731,#2730,#377,.T.);
#3351=EDGE_CURVE('',#2732,#2731,#378,.T.);
#3352=EDGE_CURVE('',#2733,#2732,#1550,.T.);
#3353=EDGE_CURVE('',#2733,#2734,#1180,.T.);
#3354=EDGE_CURVE('',#2735,#2734,#1551,.T.);
#3355=EDGE_CURVE('',#2736,#2735,#379,.T.);
#3356=EDGE_CURVE('',#2737,#2736,#380,.T.);
#3357=EDGE_CURVE('',#2738,#2737,#1552,.T.);
#3358=EDGE_CURVE('',#2738,#2739,#1181,.T.);
#3359=EDGE_CURVE('',#2740,#2739,#1553,.T.);
#3360=EDGE_CURVE('',#2741,#2740,#381,.T.);
#3361=EDGE_CURVE('',#2742,#2741,#382,.T.);
#3362=EDGE_CURVE('',#2743,#2742,#1554,.T.);
#3363=EDGE_CURVE('',#2743,#2744,#1182,.T.);
#3364=EDGE_CURVE('',#2745,#2744,#1555,.T.);
#3365=EDGE_CURVE('',#2746,#2745,#383,.T.);
#3366=EDGE_CURVE('',#2747,#2746,#384,.T.);
#3367=EDGE_CURVE('',#2748,#2747,#1556,.T.);
#3368=EDGE_CURVE('',#2748,#2749,#1183,.T.);
#3369=EDGE_CURVE('',#2750,#2749,#1557,.T.);
#3370=EDGE_CURVE('',#2751,#2750,#385,.T.);
#3371=EDGE_CURVE('',#2752,#2751,#386,.T.);
#3372=EDGE_CURVE('',#2753,#2752,#1558,.T.);
#3373=EDGE_CURVE('',#2753,#2754,#1184,.T.);
#3374=EDGE_CURVE('',#2755,#2754,#1559,.T.);
#3375=EDGE_CURVE('',#2756,#2755,#387,.T.);
#3376=EDGE_CURVE('',#2757,#2756,#388,.T.);
#3377=EDGE_CURVE('',#2758,#2757,#1560,.T.);
#3378=EDGE_CURVE('',#2758,#2759,#1185,.T.);
#3379=EDGE_CURVE('',#2760,#2759,#1561,.T.);
#3380=EDGE_CURVE('',#2761,#2760,#389,.T.);
#3381=EDGE_CURVE('',#2762,#2761,#390,.T.);
#3382=EDGE_CURVE('',#2763,#2762,#1562,.T.);
#3383=EDGE_CURVE('',#2763,#2764,#1186,.T.);
#3384=EDGE_CURVE('',#2765,#2764,#1563,.T.);
#3385=EDGE_CURVE('',#2766,#2765,#391,.T.);
#3386=EDGE_CURVE('',#2767,#2766,#392,.T.);
#3387=EDGE_CURVE('',#2768,#2767,#1564,.T.);
#3388=EDGE_CURVE('',#2768,#2769,#1187,.T.);
#3389=EDGE_CURVE('',#2770,#2769,#1565,.T.);
#3390=EDGE_CURVE('',#2771,#2770,#393,.T.);
#3391=EDGE_CURVE('',#2772,#2771,#394,.T.);
#3392=EDGE_CURVE('',#2773,#2772,#1566,.T.);
#3393=EDGE_CURVE('',#2773,#2774,#1188,.T.);
#3394=EDGE_CURVE('',#2775,#2774,#1567,.T.);
#3395=EDGE_CURVE('',#2776,#2775,#395,.T.);
#3396=EDGE_CURVE('',#2777,#2776,#396,.T.);
#3397=EDGE_CURVE('',#2778,#2777,#1568,.T.);
#3398=EDGE_CURVE('',#2778,#2779,#1189,.T.);
#3399=EDGE_CURVE('',#2780,#2779,#1569,.T.);
#3400=EDGE_CURVE('',#2781,#2780,#397,.T.);
#3401=EDGE_CURVE('',#2782,#2781,#398,.T.);
#3402=EDGE_CURVE('',#2783,#2782,#1570,.T.);
#3403=EDGE_CURVE('',#2783,#2784,#1190,.T.);
#3404=EDGE_CURVE('',#2785,#2784,#1571,.T.);
#3405=EDGE_CURVE('',#2786,#2785,#399,.T.);
#3406=EDGE_CURVE('',#2787,#2786,#400,.T.);
#3407=EDGE_CURVE('',#2788,#2787,#1572,.T.);
#3408=EDGE_CURVE('',#2788,#2789,#1191,.T.);
#3409=EDGE_CURVE('',#2790,#2789,#1573,.T.);
#3410=EDGE_CURVE('',#2791,#2790,#401,.T.);
#3411=EDGE_CURVE('',#2792,#2791,#402,.T.);
#3412=EDGE_CURVE('',#2793,#2792,#1574,.T.);
#3413=EDGE_CURVE('',#2793,#2794,#1192,.T.);
#3414=EDGE_CURVE('',#2795,#2794,#1575,.T.);
#3415=EDGE_CURVE('',#2796,#2795,#403,.T.);
#3416=EDGE_CURVE('',#2797,#2796,#404,.T.);
#3417=EDGE_CURVE('',#2798,#2797,#1576,.T.);
#3418=EDGE_CURVE('',#2798,#2799,#1193,.T.);
#3419=EDGE_CURVE('',#2800,#2799,#1577,.T.);
#3420=EDGE_CURVE('',#2801,#2800,#405,.T.);
#3421=EDGE_CURVE('',#2802,#2801,#406,.T.);
#3422=EDGE_CURVE('',#2803,#2802,#1578,.T.);
#3423=EDGE_CURVE('',#2803,#2804,#1194,.T.);
#3424=EDGE_CURVE('',#2805,#2804,#1579,.T.);
#3425=EDGE_CURVE('',#2596,#2805,#407,.T.);
#3426=EDGE_CURVE('',#2806,#2807,#1195,.T.);
#3427=EDGE_CURVE('',#2808,#2807,#1196,.T.);
#3428=EDGE_CURVE('',#2808,#2809,#1197,.T.);
#3429=EDGE_CURVE('',#2809,#2806,#1198,.T.);
#3430=EDGE_CURVE('',#2810,#2811,#1199,.T.);
#3431=EDGE_CURVE('',#2812,#2810,#1580,.T.);
#3432=EDGE_CURVE('',#2812,#2813,#1200,.T.);
#3433=EDGE_CURVE('',#2811,#2813,#1581,.T.);
#3434=EDGE_CURVE('',#2813,#2814,#1201,.T.);
#3435=EDGE_CURVE('',#2814,#2815,#1582,.T.);
#3436=EDGE_CURVE('',#2815,#2811,#1202,.T.);
#3437=EDGE_CURVE('',#2815,#2816,#1203,.T.);
#3438=EDGE_CURVE('',#2814,#2817,#1204,.T.);
#3439=EDGE_CURVE('',#2816,#2817,#1583,.T.);
#3440=EDGE_CURVE('',#2818,#2819,#1205,.T.);
#3441=EDGE_CURVE('',#2819,#2820,#1206,.T.);
#3442=EDGE_CURVE('',#2818,#2820,#1207,.T.);
#3443=EDGE_CURVE('',#2821,#2819,#1208,.T.);
#3444=EDGE_CURVE('',#2822,#2821,#1209,.T.);
#3445=EDGE_CURVE('',#2820,#2822,#1210,.T.);
#3446=EDGE_CURVE('',#2821,#2823,#1211,.T.);
#3447=EDGE_CURVE('',#2822,#2823,#1212,.T.);
#3448=EDGE_CURVE('',#2824,#2824,#1213,.T.);
#3449=EDGE_CURVE('',#2824,#2825,#1214,.T.);
#3450=EDGE_CURVE('',#2825,#2825,#1215,.T.);
#3451=EDGE_CURVE('',#2826,#2826,#1216,.T.);
#3452=EDGE_CURVE('',#2826,#2418,#1217,.T.);
#3453=EDGE_CURVE('',#2827,#2827,#1218,.T.);
#3454=EDGE_CURVE('',#2827,#2828,#1219,.T.);
#3455=EDGE_CURVE('',#2828,#2828,#1220,.T.);
#3456=EDGE_CURVE('',#2829,#2830,#1221,.T.);
#3457=EDGE_CURVE('',#2830,#2831,#1584,.T.);
#3458=EDGE_CURVE('',#2832,#2831,#1222,.T.);
#3459=EDGE_CURVE('',#2831,#2832,#1223,.T.);
#3460=EDGE_CURVE('',#2830,#2829,#1224,.T.);
#3461=EDGE_CURVE('',#2416,#2421,#408,.T.);
#3462=EDGE_CURVE('',#2417,#2422,#1383,.T.);
#3463=EDGE_CURVE('',#2829,#2833,#1585,.T.);
#3464=EDGE_CURVE('',#2833,#2833,#1225,.T.);
#3465=EDGE_CURVE('',#2828,#2832,#1586,.T.);
#3466=EDGE_CURVE('',#2401,#2834,#1384,.T.);
#3467=EDGE_CURVE('',#2834,#2835,#1226,.T.);
#3468=EDGE_CURVE('',#2400,#2835,#1385,.F.);
#3469=EDGE_CURVE('',#2425,#2824,#1587,.T.);
#3470=EDGE_CURVE('',#2423,#2836,#1386,.T.);
#3471=EDGE_CURVE('',#2836,#2837,#1227,.T.);
#3472=EDGE_CURVE('',#2837,#2420,#1387,.T.);
#3473=EDGE_CURVE('',#2405,#2838,#1388,.T.);
#3474=EDGE_CURVE('',#2839,#2404,#1389,.T.);
#3475=EDGE_CURVE('',#2839,#2838,#1228,.T.);
#3476=EDGE_CURVE('',#2836,#2835,#1390,.T.);
#3477=EDGE_CURVE('',#2834,#2837,#1391,.T.);
#3478=EDGE_CURVE('',#2388,#2838,#1392,.T.);
#3479=EDGE_CURVE('',#2839,#2389,#1393,.T.);
#3480=EDGE_CURVE('',#2840,#2841,#1229,.T.);
#3481=EDGE_CURVE('',#2841,#2821,#1230,.T.);
#3482=EDGE_CURVE('',#2819,#2842,#1231,.T.);
#3483=EDGE_CURVE('',#2842,#2843,#1232,.T.);
#3484=EDGE_CURVE('',#2843,#2840,#1233,.T.);
#3485=EDGE_CURVE('',#2844,#2842,#1234,.T.);
#3486=EDGE_CURVE('',#2844,#2818,#1235,.T.);
#3487=EDGE_CURVE('',#2845,#2844,#1236,.T.);
#3488=EDGE_CURVE('',#2845,#2842,#1237,.T.);
#3489=EDGE_CURVE('',#2817,#2843,#1238,.T.);
#3490=EDGE_CURVE('',#2817,#2845,#1239,.T.);
#3491=EDGE_CURVE('',#2814,#2843,#1240,.T.);
#3492=EDGE_CURVE('',#2840,#2813,#1241,.T.);
#3493=EDGE_CURVE('',#2840,#2812,#1242,.T.);
#3494=EDGE_CURVE('',#2846,#2812,#1243,.T.);
#3495=EDGE_CURVE('',#2841,#2846,#1244,.T.);
#3496=EDGE_CURVE('',#2841,#2847,#1245,.T.);
#3497=EDGE_CURVE('',#2847,#2846,#1246,.T.);
#3498=EDGE_CURVE('',#2823,#2847,#1247,.T.);
#3499=EDGE_CURVE('',#2818,#2848,#1588,.T.);
#3500=EDGE_CURVE('',#2848,#2807,#1248,.T.);
#3501=EDGE_CURVE('',#2807,#2844,#1589,.T.);
#3502=EDGE_CURVE('',#2845,#2806,#1590,.T.);
#3503=EDGE_CURVE('',#2806,#2816,#1249,.T.);
#3504=EDGE_CURVE('',#2810,#2849,#1250,.T.);
#3505=EDGE_CURVE('',#2849,#2846,#1591,.T.);
#3506=EDGE_CURVE('',#2850,#2849,#1251,.T.);
#3507=EDGE_CURVE('',#2847,#2850,#1592,.T.);
#3508=EDGE_CURVE('',#2850,#2851,#1252,.T.);
#3509=EDGE_CURVE('',#2851,#2823,#1593,.T.);
#3510=EDGE_CURVE('',#2852,#2851,#1253,.T.);
#3511=EDGE_CURVE('',#2822,#2852,#1594,.T.);
#3512=EDGE_CURVE('',#2852,#2853,#1254,.T.);
#3513=EDGE_CURVE('',#2853,#2820,#1595,.T.);
#3514=EDGE_CURVE('',#2848,#2853,#1255,.T.);
#3515=EDGE_CURVE('',#2854,#2848,#1256,.T.);
#3516=EDGE_CURVE('',#2808,#2854,#1257,.T.);
#3517=EDGE_CURVE('',#2855,#2816,#1258,.T.);
#3518=EDGE_CURVE('',#2855,#2809,#1259,.T.);
#3519=EDGE_CURVE('',#2856,#2815,#1260,.T.);
#3520=EDGE_CURVE('',#2855,#2856,#1261,.T.);
#3521=EDGE_CURVE('',#2857,#2856,#1262,.T.);
#3522=EDGE_CURVE('',#2811,#2857,#1263,.T.);
#3523=EDGE_CURVE('',#2857,#2858,#1264,.T.);
#3524=EDGE_CURVE('',#2810,#2858,#1265,.T.);
#3525=EDGE_CURVE('',#2859,#2858,#1266,.T.);
#3526=EDGE_CURVE('',#2849,#2859,#1267,.T.);
#3527=EDGE_CURVE('',#2859,#2860,#1268,.T.);
#3528=EDGE_CURVE('',#2850,#2860,#1269,.T.);
#3529=EDGE_CURVE('',#2861,#2860,#1270,.T.);
#3530=EDGE_CURVE('',#2851,#2861,#1271,.T.);
#3531=EDGE_CURVE('',#2861,#2862,#1272,.T.);
#3532=EDGE_CURVE('',#2852,#2862,#1273,.T.);
#3533=EDGE_CURVE('',#2863,#2862,#1274,.T.);
#3534=EDGE_CURVE('',#2863,#2853,#1275,.T.);
#3535=EDGE_CURVE('',#2863,#2854,#1276,.T.);
#3536=EDGE_CURVE('',#2864,#2640,#1596,.T.);
#3537=EDGE_CURVE('',#2864,#2865,#1597,.T.);
#3538=EDGE_CURVE('',#2865,#2641,#1598,.T.);
#3539=EDGE_CURVE('',#2866,#2644,#1599,.T.);
#3540=EDGE_CURVE('',#2866,#2867,#1600,.T.);
#3541=EDGE_CURVE('',#2867,#2645,#1601,.T.);
#3542=EDGE_CURVE('',#2867,#2868,#1602,.T.);
#3543=EDGE_CURVE('',#2868,#2646,#1603,.T.);
#3544=EDGE_CURVE('',#2869,#2649,#1604,.T.);
#3545=EDGE_CURVE('',#2869,#2870,#1605,.T.);
#3546=EDGE_CURVE('',#2870,#2650,#1606,.T.);
#3547=EDGE_CURVE('',#2870,#2871,#1607,.T.);
#3548=EDGE_CURVE('',#2871,#2651,#1608,.T.);
#3549=EDGE_CURVE('',#2872,#2654,#1609,.T.);
#3550=EDGE_CURVE('',#2872,#2873,#1610,.T.);
#3551=EDGE_CURVE('',#2873,#2655,#1611,.T.);
#3552=EDGE_CURVE('',#2873,#2874,#1612,.T.);
#3553=EDGE_CURVE('',#2874,#2656,#1613,.T.);
#3554=EDGE_CURVE('',#2875,#2659,#1614,.T.);
#3555=EDGE_CURVE('',#2875,#2876,#1615,.T.);
#3556=EDGE_CURVE('',#2876,#2660,#1616,.T.);
#3557=EDGE_CURVE('',#2876,#2877,#1617,.T.);
#3558=EDGE_CURVE('',#2877,#2661,#1618,.T.);
#3559=EDGE_CURVE('',#2878,#2664,#1619,.T.);
#3560=EDGE_CURVE('',#2878,#2879,#1620,.T.);
#3561=EDGE_CURVE('',#2879,#2665,#1621,.T.);
#3562=EDGE_CURVE('',#2879,#2880,#1622,.T.);
#3563=EDGE_CURVE('',#2880,#2666,#1623,.T.);
#3564=EDGE_CURVE('',#2881,#2669,#1624,.T.);
#3565=EDGE_CURVE('',#2881,#2882,#1625,.T.);
#3566=EDGE_CURVE('',#2882,#2670,#1626,.T.);
#3567=EDGE_CURVE('',#2882,#2883,#1627,.T.);
#3568=EDGE_CURVE('',#2883,#2671,#1628,.T.);
#3569=EDGE_CURVE('',#2884,#2674,#1629,.T.);
#3570=EDGE_CURVE('',#2884,#2885,#1630,.T.);
#3571=EDGE_CURVE('',#2885,#2675,#1631,.T.);
#3572=EDGE_CURVE('',#2885,#2886,#1632,.T.);
#3573=EDGE_CURVE('',#2886,#2676,#1633,.T.);
#3574=EDGE_CURVE('',#2887,#2679,#1634,.T.);
#3575=EDGE_CURVE('',#2887,#2888,#1635,.T.);
#3576=EDGE_CURVE('',#2888,#2680,#1636,.T.);
#3577=EDGE_CURVE('',#2888,#2889,#1637,.T.);
#3578=EDGE_CURVE('',#2889,#2681,#1638,.T.);
#3579=EDGE_CURVE('',#2890,#2684,#1639,.T.);
#3580=EDGE_CURVE('',#2890,#2891,#1640,.T.);
#3581=EDGE_CURVE('',#2891,#2685,#1641,.T.);
#3582=EDGE_CURVE('',#2891,#2892,#1642,.T.);
#3583=EDGE_CURVE('',#2892,#2686,#1643,.T.);
#3584=EDGE_CURVE('',#2893,#2689,#1644,.T.);
#3585=EDGE_CURVE('',#2893,#2894,#1645,.T.);
#3586=EDGE_CURVE('',#2894,#2690,#1646,.T.);
#3587=EDGE_CURVE('',#2894,#2895,#1647,.T.);
#3588=EDGE_CURVE('',#2895,#2691,#1648,.T.);
#3589=EDGE_CURVE('',#2896,#2694,#1649,.T.);
#3590=EDGE_CURVE('',#2896,#2897,#1650,.T.);
#3591=EDGE_CURVE('',#2897,#2695,#1651,.T.);
#3592=EDGE_CURVE('',#2897,#2898,#1652,.T.);
#3593=EDGE_CURVE('',#2898,#2696,#1653,.T.);
#3594=EDGE_CURVE('',#2899,#2699,#1654,.T.);
#3595=EDGE_CURVE('',#2899,#2900,#1655,.T.);
#3596=EDGE_CURVE('',#2900,#2700,#1656,.T.);
#3597=EDGE_CURVE('',#2900,#2901,#1657,.T.);
#3598=EDGE_CURVE('',#2901,#2702,#1658,.T.);
#3599=EDGE_CURVE('',#2902,#2705,#1659,.T.);
#3600=EDGE_CURVE('',#2902,#2903,#1660,.T.);
#3601=EDGE_CURVE('',#2903,#2706,#1661,.T.);
#3602=EDGE_CURVE('',#2903,#2904,#1662,.T.);
#3603=EDGE_CURVE('',#2904,#2707,#1663,.T.);
#3604=EDGE_CURVE('',#2905,#2710,#1664,.T.);
#3605=EDGE_CURVE('',#2905,#2906,#1665,.T.);
#3606=EDGE_CURVE('',#2906,#2711,#1666,.T.);
#3607=EDGE_CURVE('',#2906,#2907,#1667,.T.);
#3608=EDGE_CURVE('',#2907,#2712,#1668,.T.);
#3609=EDGE_CURVE('',#2908,#2715,#1669,.T.);
#3610=EDGE_CURVE('',#2908,#2909,#1670,.T.);
#3611=EDGE_CURVE('',#2909,#2716,#1671,.T.);
#3612=EDGE_CURVE('',#2909,#2910,#1672,.T.);
#3613=EDGE_CURVE('',#2910,#2717,#1673,.T.);
#3614=EDGE_CURVE('',#2911,#2720,#1674,.T.);
#3615=EDGE_CURVE('',#2911,#2912,#1675,.T.);
#3616=EDGE_CURVE('',#2912,#2721,#1676,.T.);
#3617=EDGE_CURVE('',#2912,#2913,#1677,.T.);
#3618=EDGE_CURVE('',#2913,#2722,#1678,.T.);
#3619=EDGE_CURVE('',#2914,#2725,#1679,.T.);
#3620=EDGE_CURVE('',#2914,#2915,#1680,.T.);
#3621=EDGE_CURVE('',#2915,#2726,#1681,.T.);
#3622=EDGE_CURVE('',#2915,#2916,#1682,.T.);
#3623=EDGE_CURVE('',#2916,#2727,#1683,.T.);
#3624=EDGE_CURVE('',#2917,#2730,#1684,.T.);
#3625=EDGE_CURVE('',#2917,#2918,#1685,.T.);
#3626=EDGE_CURVE('',#2918,#2731,#1686,.T.);
#3627=EDGE_CURVE('',#2918,#2919,#1687,.T.);
#3628=EDGE_CURVE('',#2919,#2732,#1688,.T.);
#3629=EDGE_CURVE('',#2920,#2735,#1689,.T.);
#3630=EDGE_CURVE('',#2920,#2921,#1690,.T.);
#3631=EDGE_CURVE('',#2921,#2736,#1691,.T.);
#3632=EDGE_CURVE('',#2921,#2922,#1692,.T.);
#3633=EDGE_CURVE('',#2922,#2737,#1693,.T.);
#3634=EDGE_CURVE('',#2923,#2740,#1694,.T.);
#3635=EDGE_CURVE('',#2923,#2924,#1695,.T.);
#3636=EDGE_CURVE('',#2924,#2741,#1696,.T.);
#3637=EDGE_CURVE('',#2924,#2925,#1697,.T.);
#3638=EDGE_CURVE('',#2925,#2742,#1698,.T.);
#3639=EDGE_CURVE('',#2926,#2745,#1699,.T.);
#3640=EDGE_CURVE('',#2926,#2927,#1700,.T.);
#3641=EDGE_CURVE('',#2927,#2746,#1701,.T.);
#3642=EDGE_CURVE('',#2927,#2928,#1702,.T.);
#3643=EDGE_CURVE('',#2928,#2747,#1703,.T.);
#3644=EDGE_CURVE('',#2929,#2750,#1704,.T.);
#3645=EDGE_CURVE('',#2929,#2930,#1705,.T.);
#3646=EDGE_CURVE('',#2930,#2751,#1706,.T.);
#3647=EDGE_CURVE('',#2930,#2931,#1707,.T.);
#3648=EDGE_CURVE('',#2931,#2752,#1708,.T.);
#3649=EDGE_CURVE('',#2932,#2755,#1709,.T.);
#3650=EDGE_CURVE('',#2932,#2933,#1710,.T.);
#3651=EDGE_CURVE('',#2933,#2756,#1711,.T.);
#3652=EDGE_CURVE('',#2933,#2934,#1712,.T.);
#3653=EDGE_CURVE('',#2934,#2757,#1713,.T.);
#3654=EDGE_CURVE('',#2935,#2760,#1714,.T.);
#3655=EDGE_CURVE('',#2935,#2936,#1715,.T.);
#3656=EDGE_CURVE('',#2936,#2761,#1716,.T.);
#3657=EDGE_CURVE('',#2936,#2937,#1717,.T.);
#3658=EDGE_CURVE('',#2937,#2762,#1718,.T.);
#3659=EDGE_CURVE('',#2938,#2765,#1719,.T.);
#3660=EDGE_CURVE('',#2938,#2939,#1720,.T.);
#3661=EDGE_CURVE('',#2939,#2766,#1721,.T.);
#3662=EDGE_CURVE('',#2939,#2940,#1722,.T.);
#3663=EDGE_CURVE('',#2940,#2767,#1723,.T.);
#3664=EDGE_CURVE('',#2941,#2770,#1724,.T.);
#3665=EDGE_CURVE('',#2941,#2942,#1725,.T.);
#3666=EDGE_CURVE('',#2942,#2771,#1726,.T.);
#3667=EDGE_CURVE('',#2942,#2943,#1727,.T.);
#3668=EDGE_CURVE('',#2943,#2772,#1728,.T.);
#3669=EDGE_CURVE('',#2944,#2775,#1729,.T.);
#3670=EDGE_CURVE('',#2944,#2945,#1730,.T.);
#3671=EDGE_CURVE('',#2945,#2776,#1731,.T.);
#3672=EDGE_CURVE('',#2945,#2946,#1732,.T.);
#3673=EDGE_CURVE('',#2946,#2777,#1733,.T.);
#3674=EDGE_CURVE('',#2947,#2780,#1734,.T.);
#3675=EDGE_CURVE('',#2947,#2948,#1735,.T.);
#3676=EDGE_CURVE('',#2948,#2781,#1736,.T.);
#3677=EDGE_CURVE('',#2948,#2949,#1737,.T.);
#3678=EDGE_CURVE('',#2949,#2782,#1738,.T.);
#3679=EDGE_CURVE('',#2950,#2785,#1739,.T.);
#3680=EDGE_CURVE('',#2950,#2951,#1740,.T.);
#3681=EDGE_CURVE('',#2951,#2786,#1741,.T.);
#3682=EDGE_CURVE('',#2951,#2952,#1742,.T.);
#3683=EDGE_CURVE('',#2952,#2787,#1743,.T.);
#3684=EDGE_CURVE('',#2953,#2790,#1744,.T.);
#3685=EDGE_CURVE('',#2953,#2954,#1745,.T.);
#3686=EDGE_CURVE('',#2954,#2791,#1746,.T.);
#3687=EDGE_CURVE('',#2954,#2955,#1747,.T.);
#3688=EDGE_CURVE('',#2955,#2792,#1748,.T.);
#3689=EDGE_CURVE('',#2956,#2795,#1749,.T.);
#3690=EDGE_CURVE('',#2956,#2957,#1750,.T.);
#3691=EDGE_CURVE('',#2957,#2796,#1751,.T.);
#3692=EDGE_CURVE('',#2957,#2958,#1752,.T.);
#3693=EDGE_CURVE('',#2958,#2797,#1753,.T.);
#3694=EDGE_CURVE('',#2959,#2800,#1754,.T.);
#3695=EDGE_CURVE('',#2959,#2960,#1755,.T.);
#3696=EDGE_CURVE('',#2960,#2801,#1756,.T.);
#3697=EDGE_CURVE('',#2960,#2961,#1757,.T.);
#3698=EDGE_CURVE('',#2961,#2802,#1758,.T.);
#3699=EDGE_CURVE('',#2962,#2805,#1759,.T.);
#3700=EDGE_CURVE('',#2962,#2963,#1760,.T.);
#3701=EDGE_CURVE('',#2963,#2596,#1761,.T.);
#3702=EDGE_CURVE('',#2963,#2964,#1762,.T.);
#3703=EDGE_CURVE('',#2964,#2595,#1763,.T.);
#3704=EDGE_CURVE('',#2965,#2599,#1764,.T.);
#3705=EDGE_CURVE('',#2965,#2966,#1765,.T.);
#3706=EDGE_CURVE('',#2966,#2600,#1766,.T.);
#3707=EDGE_CURVE('',#2966,#2967,#1767,.T.);
#3708=EDGE_CURVE('',#2967,#2601,#1768,.T.);
#3709=EDGE_CURVE('',#2968,#2604,#1769,.T.);
#3710=EDGE_CURVE('',#2968,#2969,#1770,.T.);
#3711=EDGE_CURVE('',#2969,#2605,#1771,.T.);
#3712=EDGE_CURVE('',#2969,#2970,#1772,.T.);
#3713=EDGE_CURVE('',#2970,#2606,#1773,.T.);
#3714=EDGE_CURVE('',#2971,#2609,#1774,.T.);
#3715=EDGE_CURVE('',#2971,#2972,#1775,.T.);
#3716=EDGE_CURVE('',#2972,#2610,#1776,.T.);
#3717=EDGE_CURVE('',#2972,#2973,#1777,.T.);
#3718=EDGE_CURVE('',#2973,#2611,#1778,.T.);
#3719=EDGE_CURVE('',#2974,#2614,#1779,.T.);
#3720=EDGE_CURVE('',#2974,#2975,#1780,.T.);
#3721=EDGE_CURVE('',#2975,#2615,#1781,.T.);
#3722=EDGE_CURVE('',#2975,#2976,#1782,.T.);
#3723=EDGE_CURVE('',#2976,#2616,#1783,.T.);
#3724=EDGE_CURVE('',#2977,#2619,#1784,.T.);
#3725=EDGE_CURVE('',#2977,#2978,#1785,.T.);
#3726=EDGE_CURVE('',#2978,#2620,#1786,.T.);
#3727=EDGE_CURVE('',#2978,#2979,#1787,.T.);
#3728=EDGE_CURVE('',#2979,#2621,#1788,.T.);
#3729=EDGE_CURVE('',#2980,#2624,#1789,.T.);
#3730=EDGE_CURVE('',#2980,#2981,#1790,.T.);
#3731=EDGE_CURVE('',#2981,#2625,#1791,.T.);
#3732=EDGE_CURVE('',#2981,#2982,#1792,.T.);
#3733=EDGE_CURVE('',#2982,#2626,#1793,.T.);
#3734=EDGE_CURVE('',#2983,#2629,#1794,.T.);
#3735=EDGE_CURVE('',#2983,#2984,#1795,.T.);
#3736=EDGE_CURVE('',#2984,#2630,#1796,.T.);
#3737=EDGE_CURVE('',#2984,#2985,#1797,.T.);
#3738=EDGE_CURVE('',#2985,#2631,#1798,.T.);
#3739=EDGE_CURVE('',#2986,#2634,#1799,.T.);
#3740=EDGE_CURVE('',#2986,#2987,#1800,.T.);
#3741=EDGE_CURVE('',#2987,#2635,#1801,.T.);
#3742=EDGE_CURVE('',#2987,#2988,#1802,.T.);
#3743=EDGE_CURVE('',#2988,#2636,#1803,.T.);
#3744=EDGE_CURVE('',#2989,#2639,#1804,.T.);
#3745=EDGE_CURVE('',#2989,#2864,#1805,.T.);
#3746=EDGE_CURVE('',#2475,#2989,#1806,.T.);
#3747=EDGE_CURVE('',#2865,#2474,#1807,.T.);
#3748=EDGE_CURVE('',#2473,#2642,#1277,.T.);
#3749=EDGE_CURVE('',#2643,#2472,#1278,.T.);
#3750=EDGE_CURVE('',#2471,#2866,#1808,.T.);
#3751=EDGE_CURVE('',#2868,#2470,#1809,.T.);
#3752=EDGE_CURVE('',#2469,#2647,#1279,.T.);
#3753=EDGE_CURVE('',#2648,#2468,#1280,.T.);
#3754=EDGE_CURVE('',#2467,#2869,#1810,.T.);
#3755=EDGE_CURVE('',#2871,#2466,#1811,.T.);
#3756=EDGE_CURVE('',#2465,#2652,#1281,.T.);
#3757=EDGE_CURVE('',#2653,#2464,#1282,.T.);
#3758=EDGE_CURVE('',#2463,#2872,#1812,.T.);
#3759=EDGE_CURVE('',#2874,#2462,#1813,.T.);
#3760=EDGE_CURVE('',#2461,#2657,#1283,.T.);
#3761=EDGE_CURVE('',#2658,#2460,#1284,.T.);
#3762=EDGE_CURVE('',#2459,#2875,#1814,.T.);
#3763=EDGE_CURVE('',#2877,#2458,#1815,.T.);
#3764=EDGE_CURVE('',#2457,#2662,#1285,.T.);
#3765=EDGE_CURVE('',#2663,#2456,#1286,.T.);
#3766=EDGE_CURVE('',#2455,#2878,#1816,.T.);
#3767=EDGE_CURVE('',#2880,#2454,#1817,.T.);
#3768=EDGE_CURVE('',#2453,#2667,#1287,.T.);
#3769=EDGE_CURVE('',#2668,#2452,#1288,.T.);
#3770=EDGE_CURVE('',#2451,#2881,#1818,.T.);
#3771=EDGE_CURVE('',#2883,#2450,#1819,.T.);
#3772=EDGE_CURVE('',#2449,#2672,#1289,.T.);
#3773=EDGE_CURVE('',#2673,#2448,#1290,.T.);
#3774=EDGE_CURVE('',#2447,#2884,#1820,.T.);
#3775=EDGE_CURVE('',#2886,#2446,#1821,.T.);
#3776=EDGE_CURVE('',#2445,#2677,#1291,.T.);
#3777=EDGE_CURVE('',#2678,#2444,#1292,.T.);
#3778=EDGE_CURVE('',#2443,#2887,#1822,.T.);
#3779=EDGE_CURVE('',#2889,#2442,#1823,.T.);
#3780=EDGE_CURVE('',#2441,#2682,#1293,.T.);
#3781=EDGE_CURVE('',#2683,#2440,#1294,.T.);
#3782=EDGE_CURVE('',#2439,#2890,#1824,.T.);
#3783=EDGE_CURVE('',#2892,#2438,#1825,.T.);
#3784=EDGE_CURVE('',#2437,#2687,#1295,.T.);
#3785=EDGE_CURVE('',#2688,#2436,#1296,.T.);
#3786=EDGE_CURVE('',#2435,#2893,#1826,.T.);
#3787=EDGE_CURVE('',#2895,#2434,#1827,.T.);
#3788=EDGE_CURVE('',#2433,#2692,#1297,.T.);
#3789=EDGE_CURVE('',#2693,#2432,#1298,.T.);
#3790=EDGE_CURVE('',#2431,#2896,#1828,.T.);
#3791=EDGE_CURVE('',#2898,#2430,#1829,.T.);
#3792=EDGE_CURVE('',#2429,#2697,#1299,.T.);
#3793=EDGE_CURVE('',#2698,#2428,#1300,.T.);
#3794=EDGE_CURVE('',#2426,#2899,#1830,.T.);
#3795=EDGE_CURVE('',#2901,#2427,#1831,.T.);
#3796=EDGE_CURVE('',#2594,#2703,#1301,.T.);
#3797=EDGE_CURVE('',#2704,#2593,#1302,.T.);
#3798=EDGE_CURVE('',#2592,#2902,#1832,.T.);
#3799=EDGE_CURVE('',#2904,#2591,#1833,.T.);
#3800=EDGE_CURVE('',#2590,#2708,#1303,.T.);
#3801=EDGE_CURVE('',#2709,#2589,#1304,.T.);
#3802=EDGE_CURVE('',#2588,#2905,#1834,.T.);
#3803=EDGE_CURVE('',#2907,#2587,#1835,.T.);
#3804=EDGE_CURVE('',#2586,#2713,#1305,.T.);
#3805=EDGE_CURVE('',#2714,#2585,#1306,.T.);
#3806=EDGE_CURVE('',#2584,#2908,#1836,.T.);
#3807=EDGE_CURVE('',#2910,#2583,#1837,.T.);
#3808=EDGE_CURVE('',#2582,#2718,#1307,.T.);
#3809=EDGE_CURVE('',#2719,#2581,#1308,.T.);
#3810=EDGE_CURVE('',#2580,#2911,#1838,.T.);
#3811=EDGE_CURVE('',#2913,#2579,#1839,.T.);
#3812=EDGE_CURVE('',#2578,#2723,#1309,.T.);
#3813=EDGE_CURVE('',#2724,#2577,#1310,.T.);
#3814=EDGE_CURVE('',#2576,#2914,#1840,.T.);
#3815=EDGE_CURVE('',#2916,#2575,#1841,.T.);
#3816=EDGE_CURVE('',#2574,#2728,#1311,.T.);
#3817=EDGE_CURVE('',#2729,#2573,#1312,.T.);
#3818=EDGE_CURVE('',#2572,#2917,#1842,.T.);
#3819=EDGE_CURVE('',#2919,#2571,#1843,.T.);
#3820=EDGE_CURVE('',#2570,#2733,#1313,.T.);
#3821=EDGE_CURVE('',#2734,#2569,#1314,.T.);
#3822=EDGE_CURVE('',#2568,#2920,#1844,.T.);
#3823=EDGE_CURVE('',#2922,#2567,#1845,.T.);
#3824=EDGE_CURVE('',#2566,#2738,#1315,.T.);
#3825=EDGE_CURVE('',#2739,#2565,#1316,.T.);
#3826=EDGE_CURVE('',#2564,#2923,#1846,.T.);
#3827=EDGE_CURVE('',#2925,#2563,#1847,.T.);
#3828=EDGE_CURVE('',#2562,#2743,#1317,.T.);
#3829=EDGE_CURVE('',#2744,#2561,#1318,.T.);
#3830=EDGE_CURVE('',#2560,#2926,#1848,.T.);
#3831=EDGE_CURVE('',#2928,#2559,#1849,.T.);
#3832=EDGE_CURVE('',#2558,#2748,#1319,.T.);
#3833=EDGE_CURVE('',#2749,#2557,#1320,.T.);
#3834=EDGE_CURVE('',#2556,#2929,#1850,.T.);
#3835=EDGE_CURVE('',#2931,#2555,#1851,.T.);
#3836=EDGE_CURVE('',#2554,#2753,#1321,.T.);
#3837=EDGE_CURVE('',#2754,#2553,#1322,.T.);
#3838=EDGE_CURVE('',#2552,#2932,#1852,.T.);
#3839=EDGE_CURVE('',#2934,#2551,#1853,.T.);
#3840=EDGE_CURVE('',#2550,#2758,#1323,.T.);
#3841=EDGE_CURVE('',#2759,#2549,#1324,.T.);
#3842=EDGE_CURVE('',#2548,#2935,#1854,.T.);
#3843=EDGE_CURVE('',#2937,#2547,#1855,.T.);
#3844=EDGE_CURVE('',#2546,#2763,#1325,.T.);
#3845=EDGE_CURVE('',#2764,#2545,#1326,.T.);
#3846=EDGE_CURVE('',#2544,#2938,#1856,.T.);
#3847=EDGE_CURVE('',#2940,#2543,#1857,.T.);
#3848=EDGE_CURVE('',#2542,#2768,#1327,.T.);
#3849=EDGE_CURVE('',#2769,#2541,#1328,.T.);
#3850=EDGE_CURVE('',#2540,#2941,#1858,.T.);
#3851=EDGE_CURVE('',#2943,#2539,#1859,.T.);
#3852=EDGE_CURVE('',#2538,#2773,#1329,.T.);
#3853=EDGE_CURVE('',#2774,#2537,#1330,.T.);
#3854=EDGE_CURVE('',#2536,#2944,#1860,.T.);
#3855=EDGE_CURVE('',#2946,#2535,#1861,.T.);
#3856=EDGE_CURVE('',#2534,#2778,#1331,.T.);
#3857=EDGE_CURVE('',#2779,#2533,#1332,.T.);
#3858=EDGE_CURVE('',#2532,#2947,#1862,.T.);
#3859=EDGE_CURVE('',#2949,#2531,#1863,.T.);
#3860=EDGE_CURVE('',#2530,#2783,#1333,.T.);
#3861=EDGE_CURVE('',#2784,#2529,#1334,.T.);
#3862=EDGE_CURVE('',#2528,#2950,#1864,.T.);
#3863=EDGE_CURVE('',#2952,#2527,#1865,.T.);
#3864=EDGE_CURVE('',#2526,#2788,#1335,.T.);
#3865=EDGE_CURVE('',#2789,#2525,#1336,.T.);
#3866=EDGE_CURVE('',#2524,#2953,#1866,.T.);
#3867=EDGE_CURVE('',#2955,#2523,#1867,.T.);
#3868=EDGE_CURVE('',#2522,#2793,#1337,.T.);
#3869=EDGE_CURVE('',#2794,#2521,#1338,.T.);
#3870=EDGE_CURVE('',#2520,#2956,#1868,.T.);
#3871=EDGE_CURVE('',#2958,#2519,#1869,.T.);
#3872=EDGE_CURVE('',#2518,#2798,#1339,.T.);
#3873=EDGE_CURVE('',#2799,#2517,#1340,.T.);
#3874=EDGE_CURVE('',#2516,#2959,#1870,.T.);
#3875=EDGE_CURVE('',#2961,#2515,#1871,.T.);
#3876=EDGE_CURVE('',#2514,#2803,#1341,.T.);
#3877=EDGE_CURVE('',#2804,#2513,#1342,.T.);
#3878=EDGE_CURVE('',#2512,#2962,#1872,.T.);
#3879=EDGE_CURVE('',#2964,#2510,#1873,.T.);
#3880=EDGE_CURVE('',#2509,#2597,#1343,.T.);
#3881=EDGE_CURVE('',#2598,#2508,#1344,.T.);
#3882=EDGE_CURVE('',#2507,#2965,#1874,.T.);
#3883=EDGE_CURVE('',#2967,#2506,#1875,.T.);
#3884=EDGE_CURVE('',#2505,#2602,#1345,.T.);
#3885=EDGE_CURVE('',#2603,#2504,#1346,.T.);
#3886=EDGE_CURVE('',#2503,#2968,#1876,.T.);
#3887=EDGE_CURVE('',#2970,#2502,#1877,.T.);
#3888=EDGE_CURVE('',#2501,#2607,#1347,.T.);
#3889=EDGE_CURVE('',#2608,#2500,#1348,.T.);
#3890=EDGE_CURVE('',#2499,#2971,#1878,.T.);
#3891=EDGE_CURVE('',#2973,#2498,#1879,.T.);
#3892=EDGE_CURVE('',#2497,#2612,#1349,.T.);
#3893=EDGE_CURVE('',#2613,#2496,#1350,.T.);
#3894=EDGE_CURVE('',#2495,#2974,#1880,.T.);
#3895=EDGE_CURVE('',#2976,#2494,#1881,.T.);
#3896=EDGE_CURVE('',#2493,#2617,#1351,.T.);
#3897=EDGE_CURVE('',#2618,#2492,#1352,.T.);
#3898=EDGE_CURVE('',#2491,#2977,#1882,.T.);
#3899=EDGE_CURVE('',#2979,#2490,#1883,.T.);
#3900=EDGE_CURVE('',#2489,#2622,#1353,.T.);
#3901=EDGE_CURVE('',#2623,#2488,#1354,.T.);
#3902=EDGE_CURVE('',#2487,#2980,#1884,.T.);
#3903=EDGE_CURVE('',#2982,#2486,#1885,.T.);
#3904=EDGE_CURVE('',#2485,#2627,#1355,.T.);
#3905=EDGE_CURVE('',#2628,#2484,#1356,.T.);
#3906=EDGE_CURVE('',#2483,#2983,#1886,.T.);
#3907=EDGE_CURVE('',#2985,#2482,#1887,.T.);
#3908=EDGE_CURVE('',#2481,#2632,#1357,.T.);
#3909=EDGE_CURVE('',#2633,#2480,#1358,.T.);
#3910=EDGE_CURVE('',#2479,#2986,#1888,.T.);
#3911=EDGE_CURVE('',#2988,#2478,#1889,.T.);
#3912=EDGE_CURVE('',#2477,#2637,#1359,.T.);
#3913=EDGE_CURVE('',#2638,#2476,#1360,.T.);
#3914=ORIENTED_EDGE('',*,*,#2990,.F.);
#3915=ORIENTED_EDGE('',*,*,#2991,.F.);
#3916=ORIENTED_EDGE('',*,*,#2992,.T.);
#3917=ORIENTED_EDGE('',*,*,#2993,.T.);
#3918=ORIENTED_EDGE('',*,*,#2994,.F.);
#3919=ORIENTED_EDGE('',*,*,#2995,.F.);
#3920=ORIENTED_EDGE('',*,*,#2990,.T.);
#3921=ORIENTED_EDGE('',*,*,#2996,.T.);
#3922=ORIENTED_EDGE('',*,*,#2997,.F.);
#3923=ORIENTED_EDGE('',*,*,#2998,.F.);
#3924=ORIENTED_EDGE('',*,*,#2994,.T.);
#3925=ORIENTED_EDGE('',*,*,#2999,.T.);
#3926=ORIENTED_EDGE('',*,*,#3000,.F.);
#3927=ORIENTED_EDGE('',*,*,#3001,.F.);
#3928=ORIENTED_EDGE('',*,*,#2997,.T.);
#3929=ORIENTED_EDGE('',*,*,#3002,.T.);
#3930=ORIENTED_EDGE('',*,*,#3003,.F.);
#3931=ORIENTED_EDGE('',*,*,#3004,.F.);
#3932=ORIENTED_EDGE('',*,*,#3000,.T.);
#3933=ORIENTED_EDGE('',*,*,#3005,.T.);
#3934=ORIENTED_EDGE('',*,*,#3006,.F.);
#3935=ORIENTED_EDGE('',*,*,#3007,.F.);
#3936=ORIENTED_EDGE('',*,*,#3003,.T.);
#3937=ORIENTED_EDGE('',*,*,#3008,.T.);
#3938=ORIENTED_EDGE('',*,*,#3009,.F.);
#3939=ORIENTED_EDGE('',*,*,#3010,.F.);
#3940=ORIENTED_EDGE('',*,*,#3006,.T.);
#3941=ORIENTED_EDGE('',*,*,#3011,.T.);
#3942=ORIENTED_EDGE('',*,*,#3012,.F.);
#3943=ORIENTED_EDGE('',*,*,#3013,.F.);
#3944=ORIENTED_EDGE('',*,*,#3014,.T.);
#3945=ORIENTED_EDGE('',*,*,#3015,.T.);
#3946=ORIENTED_EDGE('',*,*,#3016,.F.);
#3947=ORIENTED_EDGE('',*,*,#3017,.F.);
#3948=ORIENTED_EDGE('',*,*,#3012,.T.);
#3949=ORIENTED_EDGE('',*,*,#3018,.T.);
#3950=ORIENTED_EDGE('',*,*,#3019,.F.);
#3951=ORIENTED_EDGE('',*,*,#3020,.F.);
#3952=ORIENTED_EDGE('',*,*,#3016,.T.);
#3953=ORIENTED_EDGE('',*,*,#3021,.T.);
#3954=ORIENTED_EDGE('',*,*,#3022,.F.);
#3955=ORIENTED_EDGE('',*,*,#3023,.F.);
#3956=ORIENTED_EDGE('',*,*,#3019,.T.);
#3957=ORIENTED_EDGE('',*,*,#3024,.T.);
#3958=ORIENTED_EDGE('',*,*,#3025,.F.);
#3959=ORIENTED_EDGE('',*,*,#3026,.F.);
#3960=ORIENTED_EDGE('',*,*,#3022,.T.);
#3961=ORIENTED_EDGE('',*,*,#3027,.T.);
#3962=ORIENTED_EDGE('',*,*,#3028,.F.);
#3963=ORIENTED_EDGE('',*,*,#3029,.F.);
#3964=ORIENTED_EDGE('',*,*,#3025,.T.);
#3965=ORIENTED_EDGE('',*,*,#3030,.T.);
#3966=ORIENTED_EDGE('',*,*,#3031,.F.);
#3967=ORIENTED_EDGE('',*,*,#3032,.F.);
#3968=ORIENTED_EDGE('',*,*,#3028,.T.);
#3969=ORIENTED_EDGE('',*,*,#3033,.T.);
#3970=ORIENTED_EDGE('',*,*,#3034,.T.);
#3971=ORIENTED_EDGE('',*,*,#3035,.T.);
#3972=ORIENTED_EDGE('',*,*,#3036,.T.);
#3973=ORIENTED_EDGE('',*,*,#3037,.F.);
#3974=ORIENTED_EDGE('',*,*,#3038,.T.);
#3975=ORIENTED_EDGE('',*,*,#3039,.T.);
#3976=ORIENTED_EDGE('',*,*,#3040,.T.);
#3977=ORIENTED_EDGE('',*,*,#3035,.F.);
#3978=ORIENTED_EDGE('',*,*,#3041,.F.);
#3979=ORIENTED_EDGE('',*,*,#3042,.T.);
#3980=ORIENTED_EDGE('',*,*,#3043,.T.);
#3981=ORIENTED_EDGE('',*,*,#3042,.F.);
#3982=ORIENTED_EDGE('',*,*,#3044,.F.);
#3983=ORIENTED_EDGE('',*,*,#3045,.T.);
#3984=ORIENTED_EDGE('',*,*,#3046,.T.);
#3985=ORIENTED_EDGE('',*,*,#3047,.T.);
#3986=ORIENTED_EDGE('',*,*,#3048,.F.);
#3987=ORIENTED_EDGE('',*,*,#3049,.T.);
#3988=ORIENTED_EDGE('',*,*,#3050,.T.);
#3989=ORIENTED_EDGE('',*,*,#3051,.T.);
#3990=ORIENTED_EDGE('',*,*,#3052,.F.);
#3991=ORIENTED_EDGE('',*,*,#3053,.T.);
#3992=ORIENTED_EDGE('',*,*,#3054,.T.);
#3993=ORIENTED_EDGE('',*,*,#3055,.T.);
#3994=ORIENTED_EDGE('',*,*,#3056,.F.);
#3995=ORIENTED_EDGE('',*,*,#3057,.T.);
#3996=ORIENTED_EDGE('',*,*,#3058,.T.);
#3997=ORIENTED_EDGE('',*,*,#3059,.T.);
#3998=ORIENTED_EDGE('',*,*,#3060,.F.);
#3999=ORIENTED_EDGE('',*,*,#3061,.T.);
#4000=ORIENTED_EDGE('',*,*,#3062,.T.);
#4001=ORIENTED_EDGE('',*,*,#3063,.T.);
#4002=ORIENTED_EDGE('',*,*,#3064,.F.);
#4003=ORIENTED_EDGE('',*,*,#3065,.T.);
#4004=ORIENTED_EDGE('',*,*,#3066,.T.);
#4005=ORIENTED_EDGE('',*,*,#3067,.T.);
#4006=ORIENTED_EDGE('',*,*,#3068,.F.);
#4007=ORIENTED_EDGE('',*,*,#3069,.T.);
#4008=ORIENTED_EDGE('',*,*,#3070,.T.);
#4009=ORIENTED_EDGE('',*,*,#3071,.T.);
#4010=ORIENTED_EDGE('',*,*,#3072,.F.);
#4011=ORIENTED_EDGE('',*,*,#3073,.T.);
#4012=ORIENTED_EDGE('',*,*,#3074,.T.);
#4013=ORIENTED_EDGE('',*,*,#3075,.T.);
#4014=ORIENTED_EDGE('',*,*,#3076,.F.);
#4015=ORIENTED_EDGE('',*,*,#3077,.T.);
#4016=ORIENTED_EDGE('',*,*,#3078,.T.);
#4017=ORIENTED_EDGE('',*,*,#3079,.T.);
#4018=ORIENTED_EDGE('',*,*,#3080,.F.);
#4019=ORIENTED_EDGE('',*,*,#3081,.T.);
#4020=ORIENTED_EDGE('',*,*,#3082,.T.);
#4021=ORIENTED_EDGE('',*,*,#3083,.T.);
#4022=ORIENTED_EDGE('',*,*,#3084,.F.);
#4023=ORIENTED_EDGE('',*,*,#3085,.T.);
#4024=ORIENTED_EDGE('',*,*,#3086,.T.);
#4025=ORIENTED_EDGE('',*,*,#3087,.T.);
#4026=ORIENTED_EDGE('',*,*,#3088,.F.);
#4027=ORIENTED_EDGE('',*,*,#3089,.T.);
#4028=ORIENTED_EDGE('',*,*,#3090,.T.);
#4029=ORIENTED_EDGE('',*,*,#3091,.T.);
#4030=ORIENTED_EDGE('',*,*,#3092,.F.);
#4031=ORIENTED_EDGE('',*,*,#3093,.T.);
#4032=ORIENTED_EDGE('',*,*,#3094,.T.);
#4033=ORIENTED_EDGE('',*,*,#3095,.T.);
#4034=ORIENTED_EDGE('',*,*,#3096,.F.);
#4035=ORIENTED_EDGE('',*,*,#3097,.T.);
#4036=ORIENTED_EDGE('',*,*,#3098,.T.);
#4037=ORIENTED_EDGE('',*,*,#3099,.T.);
#4038=ORIENTED_EDGE('',*,*,#3100,.F.);
#4039=ORIENTED_EDGE('',*,*,#3101,.T.);
#4040=ORIENTED_EDGE('',*,*,#3102,.T.);
#4041=ORIENTED_EDGE('',*,*,#3103,.T.);
#4042=ORIENTED_EDGE('',*,*,#3104,.F.);
#4043=ORIENTED_EDGE('',*,*,#3105,.T.);
#4044=ORIENTED_EDGE('',*,*,#3106,.T.);
#4045=ORIENTED_EDGE('',*,*,#3107,.T.);
#4046=ORIENTED_EDGE('',*,*,#3108,.F.);
#4047=ORIENTED_EDGE('',*,*,#3109,.T.);
#4048=ORIENTED_EDGE('',*,*,#3110,.T.);
#4049=ORIENTED_EDGE('',*,*,#3111,.T.);
#4050=ORIENTED_EDGE('',*,*,#3112,.F.);
#4051=ORIENTED_EDGE('',*,*,#3113,.T.);
#4052=ORIENTED_EDGE('',*,*,#3114,.T.);
#4053=ORIENTED_EDGE('',*,*,#3115,.T.);
#4054=ORIENTED_EDGE('',*,*,#3116,.F.);
#4055=ORIENTED_EDGE('',*,*,#3117,.T.);
#4056=ORIENTED_EDGE('',*,*,#3118,.T.);
#4057=ORIENTED_EDGE('',*,*,#3119,.T.);
#4058=ORIENTED_EDGE('',*,*,#3120,.F.);
#4059=ORIENTED_EDGE('',*,*,#3121,.T.);
#4060=ORIENTED_EDGE('',*,*,#3122,.T.);
#4061=ORIENTED_EDGE('',*,*,#3123,.T.);
#4062=ORIENTED_EDGE('',*,*,#3124,.F.);
#4063=ORIENTED_EDGE('',*,*,#3125,.T.);
#4064=ORIENTED_EDGE('',*,*,#3126,.T.);
#4065=ORIENTED_EDGE('',*,*,#3127,.T.);
#4066=ORIENTED_EDGE('',*,*,#3128,.F.);
#4067=ORIENTED_EDGE('',*,*,#3129,.T.);
#4068=ORIENTED_EDGE('',*,*,#3041,.T.);
#4069=ORIENTED_EDGE('',*,*,#3129,.F.);
#4070=ORIENTED_EDGE('',*,*,#3130,.F.);
#4071=ORIENTED_EDGE('',*,*,#3131,.T.);
#4072=ORIENTED_EDGE('',*,*,#3132,.T.);
#4073=ORIENTED_EDGE('',*,*,#3133,.T.);
#4074=ORIENTED_EDGE('',*,*,#3134,.F.);
#4075=ORIENTED_EDGE('',*,*,#3135,.T.);
#4076=ORIENTED_EDGE('',*,*,#3136,.T.);
#4077=ORIENTED_EDGE('',*,*,#3137,.T.);
#4078=ORIENTED_EDGE('',*,*,#3138,.F.);
#4079=ORIENTED_EDGE('',*,*,#3139,.T.);
#4080=ORIENTED_EDGE('',*,*,#3140,.T.);
#4081=ORIENTED_EDGE('',*,*,#3141,.T.);
#4082=ORIENTED_EDGE('',*,*,#3142,.F.);
#4083=ORIENTED_EDGE('',*,*,#3143,.T.);
#4084=ORIENTED_EDGE('',*,*,#3144,.T.);
#4085=ORIENTED_EDGE('',*,*,#3145,.T.);
#4086=ORIENTED_EDGE('',*,*,#3146,.F.);
#4087=ORIENTED_EDGE('',*,*,#3147,.T.);
#4088=ORIENTED_EDGE('',*,*,#3148,.T.);
#4089=ORIENTED_EDGE('',*,*,#3149,.T.);
#4090=ORIENTED_EDGE('',*,*,#3150,.F.);
#4091=ORIENTED_EDGE('',*,*,#3151,.T.);
#4092=ORIENTED_EDGE('',*,*,#3152,.T.);
#4093=ORIENTED_EDGE('',*,*,#3153,.T.);
#4094=ORIENTED_EDGE('',*,*,#3154,.F.);
#4095=ORIENTED_EDGE('',*,*,#3155,.T.);
#4096=ORIENTED_EDGE('',*,*,#3156,.T.);
#4097=ORIENTED_EDGE('',*,*,#3157,.T.);
#4098=ORIENTED_EDGE('',*,*,#3158,.F.);
#4099=ORIENTED_EDGE('',*,*,#3159,.T.);
#4100=ORIENTED_EDGE('',*,*,#3160,.T.);
#4101=ORIENTED_EDGE('',*,*,#3161,.T.);
#4102=ORIENTED_EDGE('',*,*,#3162,.F.);
#4103=ORIENTED_EDGE('',*,*,#3163,.T.);
#4104=ORIENTED_EDGE('',*,*,#3164,.T.);
#4105=ORIENTED_EDGE('',*,*,#3165,.T.);
#4106=ORIENTED_EDGE('',*,*,#3166,.F.);
#4107=ORIENTED_EDGE('',*,*,#3167,.T.);
#4108=ORIENTED_EDGE('',*,*,#3168,.T.);
#4109=ORIENTED_EDGE('',*,*,#3169,.T.);
#4110=ORIENTED_EDGE('',*,*,#3170,.F.);
#4111=ORIENTED_EDGE('',*,*,#3171,.T.);
#4112=ORIENTED_EDGE('',*,*,#3172,.T.);
#4113=ORIENTED_EDGE('',*,*,#3173,.T.);
#4114=ORIENTED_EDGE('',*,*,#3174,.F.);
#4115=ORIENTED_EDGE('',*,*,#3175,.T.);
#4116=ORIENTED_EDGE('',*,*,#3176,.T.);
#4117=ORIENTED_EDGE('',*,*,#3177,.T.);
#4118=ORIENTED_EDGE('',*,*,#3178,.F.);
#4119=ORIENTED_EDGE('',*,*,#3179,.T.);
#4120=ORIENTED_EDGE('',*,*,#3180,.T.);
#4121=ORIENTED_EDGE('',*,*,#3181,.T.);
#4122=ORIENTED_EDGE('',*,*,#3182,.F.);
#4123=ORIENTED_EDGE('',*,*,#3183,.T.);
#4124=ORIENTED_EDGE('',*,*,#3184,.T.);
#4125=ORIENTED_EDGE('',*,*,#3185,.T.);
#4126=ORIENTED_EDGE('',*,*,#3186,.F.);
#4127=ORIENTED_EDGE('',*,*,#3187,.T.);
#4128=ORIENTED_EDGE('',*,*,#3188,.T.);
#4129=ORIENTED_EDGE('',*,*,#3189,.T.);
#4130=ORIENTED_EDGE('',*,*,#3190,.F.);
#4131=ORIENTED_EDGE('',*,*,#3191,.T.);
#4132=ORIENTED_EDGE('',*,*,#3192,.T.);
#4133=ORIENTED_EDGE('',*,*,#3193,.T.);
#4134=ORIENTED_EDGE('',*,*,#3194,.F.);
#4135=ORIENTED_EDGE('',*,*,#3195,.T.);
#4136=ORIENTED_EDGE('',*,*,#3196,.T.);
#4137=ORIENTED_EDGE('',*,*,#3197,.T.);
#4138=ORIENTED_EDGE('',*,*,#3198,.F.);
#4139=ORIENTED_EDGE('',*,*,#3199,.T.);
#4140=ORIENTED_EDGE('',*,*,#3200,.T.);
#4141=ORIENTED_EDGE('',*,*,#3201,.T.);
#4142=ORIENTED_EDGE('',*,*,#3202,.F.);
#4143=ORIENTED_EDGE('',*,*,#3203,.T.);
#4144=ORIENTED_EDGE('',*,*,#3204,.T.);
#4145=ORIENTED_EDGE('',*,*,#3205,.T.);
#4146=ORIENTED_EDGE('',*,*,#3206,.F.);
#4147=ORIENTED_EDGE('',*,*,#3207,.T.);
#4148=ORIENTED_EDGE('',*,*,#3208,.T.);
#4149=ORIENTED_EDGE('',*,*,#3209,.T.);
#4150=ORIENTED_EDGE('',*,*,#3210,.F.);
#4151=ORIENTED_EDGE('',*,*,#3211,.T.);
#4152=ORIENTED_EDGE('',*,*,#3212,.T.);
#4153=ORIENTED_EDGE('',*,*,#3213,.T.);
#4154=ORIENTED_EDGE('',*,*,#3214,.F.);
#4155=ORIENTED_EDGE('',*,*,#3215,.F.);
#4156=ORIENTED_EDGE('',*,*,#3216,.T.);
#4157=ORIENTED_EDGE('',*,*,#3217,.F.);
#4158=ORIENTED_EDGE('',*,*,#3218,.F.);
#4159=ORIENTED_EDGE('',*,*,#3219,.F.);
#4160=ORIENTED_EDGE('',*,*,#3220,.F.);
#4161=ORIENTED_EDGE('',*,*,#3221,.T.);
#4162=ORIENTED_EDGE('',*,*,#3222,.F.);
#4163=ORIENTED_EDGE('',*,*,#3223,.F.);
#4164=ORIENTED_EDGE('',*,*,#3224,.F.);
#4165=ORIENTED_EDGE('',*,*,#3225,.F.);
#4166=ORIENTED_EDGE('',*,*,#3226,.T.);
#4167=ORIENTED_EDGE('',*,*,#3227,.F.);
#4168=ORIENTED_EDGE('',*,*,#3228,.F.);
#4169=ORIENTED_EDGE('',*,*,#3229,.F.);
#4170=ORIENTED_EDGE('',*,*,#3230,.F.);
#4171=ORIENTED_EDGE('',*,*,#3231,.T.);
#4172=ORIENTED_EDGE('',*,*,#3232,.F.);
#4173=ORIENTED_EDGE('',*,*,#3233,.F.);
#4174=ORIENTED_EDGE('',*,*,#3234,.F.);
#4175=ORIENTED_EDGE('',*,*,#3235,.F.);
#4176=ORIENTED_EDGE('',*,*,#3236,.T.);
#4177=ORIENTED_EDGE('',*,*,#3237,.F.);
#4178=ORIENTED_EDGE('',*,*,#3238,.F.);
#4179=ORIENTED_EDGE('',*,*,#3239,.F.);
#4180=ORIENTED_EDGE('',*,*,#3240,.F.);
#4181=ORIENTED_EDGE('',*,*,#3241,.T.);
#4182=ORIENTED_EDGE('',*,*,#3242,.F.);
#4183=ORIENTED_EDGE('',*,*,#3243,.F.);
#4184=ORIENTED_EDGE('',*,*,#3244,.F.);
#4185=ORIENTED_EDGE('',*,*,#3245,.F.);
#4186=ORIENTED_EDGE('',*,*,#3246,.T.);
#4187=ORIENTED_EDGE('',*,*,#3247,.F.);
#4188=ORIENTED_EDGE('',*,*,#3248,.F.);
#4189=ORIENTED_EDGE('',*,*,#3249,.F.);
#4190=ORIENTED_EDGE('',*,*,#3250,.F.);
#4191=ORIENTED_EDGE('',*,*,#3251,.T.);
#4192=ORIENTED_EDGE('',*,*,#3252,.F.);
#4193=ORIENTED_EDGE('',*,*,#3253,.F.);
#4194=ORIENTED_EDGE('',*,*,#3254,.F.);
#4195=ORIENTED_EDGE('',*,*,#3255,.F.);
#4196=ORIENTED_EDGE('',*,*,#3256,.T.);
#4197=ORIENTED_EDGE('',*,*,#3257,.F.);
#4198=ORIENTED_EDGE('',*,*,#3258,.F.);
#4199=ORIENTED_EDGE('',*,*,#3259,.F.);
#4200=ORIENTED_EDGE('',*,*,#3260,.F.);
#4201=ORIENTED_EDGE('',*,*,#3261,.T.);
#4202=ORIENTED_EDGE('',*,*,#3262,.F.);
#4203=ORIENTED_EDGE('',*,*,#3263,.F.);
#4204=ORIENTED_EDGE('',*,*,#3264,.F.);
#4205=ORIENTED_EDGE('',*,*,#3265,.F.);
#4206=ORIENTED_EDGE('',*,*,#3266,.T.);
#4207=ORIENTED_EDGE('',*,*,#3267,.F.);
#4208=ORIENTED_EDGE('',*,*,#3268,.F.);
#4209=ORIENTED_EDGE('',*,*,#3269,.F.);
#4210=ORIENTED_EDGE('',*,*,#3270,.F.);
#4211=ORIENTED_EDGE('',*,*,#3271,.T.);
#4212=ORIENTED_EDGE('',*,*,#3272,.F.);
#4213=ORIENTED_EDGE('',*,*,#3273,.F.);
#4214=ORIENTED_EDGE('',*,*,#3274,.F.);
#4215=ORIENTED_EDGE('',*,*,#3275,.F.);
#4216=ORIENTED_EDGE('',*,*,#3276,.T.);
#4217=ORIENTED_EDGE('',*,*,#3277,.F.);
#4218=ORIENTED_EDGE('',*,*,#3278,.F.);
#4219=ORIENTED_EDGE('',*,*,#3279,.F.);
#4220=ORIENTED_EDGE('',*,*,#3280,.F.);
#4221=ORIENTED_EDGE('',*,*,#3281,.T.);
#4222=ORIENTED_EDGE('',*,*,#3282,.F.);
#4223=ORIENTED_EDGE('',*,*,#3283,.F.);
#4224=ORIENTED_EDGE('',*,*,#3284,.F.);
#4225=ORIENTED_EDGE('',*,*,#3285,.F.);
#4226=ORIENTED_EDGE('',*,*,#3286,.T.);
#4227=ORIENTED_EDGE('',*,*,#3287,.F.);
#4228=ORIENTED_EDGE('',*,*,#3288,.F.);
#4229=ORIENTED_EDGE('',*,*,#3289,.F.);
#4230=ORIENTED_EDGE('',*,*,#3290,.F.);
#4231=ORIENTED_EDGE('',*,*,#3291,.T.);
#4232=ORIENTED_EDGE('',*,*,#3292,.F.);
#4233=ORIENTED_EDGE('',*,*,#3293,.F.);
#4234=ORIENTED_EDGE('',*,*,#3294,.F.);
#4235=ORIENTED_EDGE('',*,*,#3295,.F.);
#4236=ORIENTED_EDGE('',*,*,#3296,.T.);
#4237=ORIENTED_EDGE('',*,*,#3297,.F.);
#4238=ORIENTED_EDGE('',*,*,#3298,.F.);
#4239=ORIENTED_EDGE('',*,*,#3299,.F.);
#4240=ORIENTED_EDGE('',*,*,#3300,.F.);
#4241=ORIENTED_EDGE('',*,*,#3301,.T.);
#4242=ORIENTED_EDGE('',*,*,#3302,.F.);
#4243=ORIENTED_EDGE('',*,*,#3303,.F.);
#4244=ORIENTED_EDGE('',*,*,#3304,.F.);
#4245=ORIENTED_EDGE('',*,*,#3305,.F.);
#4246=ORIENTED_EDGE('',*,*,#3306,.T.);
#4247=ORIENTED_EDGE('',*,*,#3307,.F.);
#4248=ORIENTED_EDGE('',*,*,#3308,.F.);
#4249=ORIENTED_EDGE('',*,*,#3309,.F.);
#4250=ORIENTED_EDGE('',*,*,#3310,.F.);
#4251=ORIENTED_EDGE('',*,*,#3311,.T.);
#4252=ORIENTED_EDGE('',*,*,#3312,.F.);
#4253=ORIENTED_EDGE('',*,*,#3313,.F.);
#4254=ORIENTED_EDGE('',*,*,#3314,.F.);
#4255=ORIENTED_EDGE('',*,*,#3315,.F.);
#4256=ORIENTED_EDGE('',*,*,#3316,.T.);
#4257=ORIENTED_EDGE('',*,*,#3317,.F.);
#4258=ORIENTED_EDGE('',*,*,#3318,.F.);
#4259=ORIENTED_EDGE('',*,*,#3319,.T.);
#4260=ORIENTED_EDGE('',*,*,#3320,.F.);
#4261=ORIENTED_EDGE('',*,*,#3319,.F.);
#4262=ORIENTED_EDGE('',*,*,#3321,.F.);
#4263=ORIENTED_EDGE('',*,*,#3322,.F.);
#4264=ORIENTED_EDGE('',*,*,#3323,.T.);
#4265=ORIENTED_EDGE('',*,*,#3324,.F.);
#4266=ORIENTED_EDGE('',*,*,#3325,.F.);
#4267=ORIENTED_EDGE('',*,*,#3326,.F.);
#4268=ORIENTED_EDGE('',*,*,#3327,.F.);
#4269=ORIENTED_EDGE('',*,*,#3328,.T.);
#4270=ORIENTED_EDGE('',*,*,#3329,.F.);
#4271=ORIENTED_EDGE('',*,*,#3330,.F.);
#4272=ORIENTED_EDGE('',*,*,#3331,.F.);
#4273=ORIENTED_EDGE('',*,*,#3332,.F.);
#4274=ORIENTED_EDGE('',*,*,#3333,.T.);
#4275=ORIENTED_EDGE('',*,*,#3334,.F.);
#4276=ORIENTED_EDGE('',*,*,#3335,.F.);
#4277=ORIENTED_EDGE('',*,*,#3336,.F.);
#4278=ORIENTED_EDGE('',*,*,#3337,.F.);
#4279=ORIENTED_EDGE('',*,*,#3338,.T.);
#4280=ORIENTED_EDGE('',*,*,#3339,.F.);
#4281=ORIENTED_EDGE('',*,*,#3340,.F.);
#4282=ORIENTED_EDGE('',*,*,#3341,.F.);
#4283=ORIENTED_EDGE('',*,*,#3342,.F.);
#4284=ORIENTED_EDGE('',*,*,#3343,.T.);
#4285=ORIENTED_EDGE('',*,*,#3344,.F.);
#4286=ORIENTED_EDGE('',*,*,#3345,.F.);
#4287=ORIENTED_EDGE('',*,*,#3346,.F.);
#4288=ORIENTED_EDGE('',*,*,#3347,.F.);
#4289=ORIENTED_EDGE('',*,*,#3348,.T.);
#4290=ORIENTED_EDGE('',*,*,#3349,.F.);
#4291=ORIENTED_EDGE('',*,*,#3350,.F.);
#4292=ORIENTED_EDGE('',*,*,#3351,.F.);
#4293=ORIENTED_EDGE('',*,*,#3352,.F.);
#4294=ORIENTED_EDGE('',*,*,#3353,.T.);
#4295=ORIENTED_EDGE('',*,*,#3354,.F.);
#4296=ORIENTED_EDGE('',*,*,#3355,.F.);
#4297=ORIENTED_EDGE('',*,*,#3356,.F.);
#4298=ORIENTED_EDGE('',*,*,#3357,.F.);
#4299=ORIENTED_EDGE('',*,*,#3358,.T.);
#4300=ORIENTED_EDGE('',*,*,#3359,.F.);
#4301=ORIENTED_EDGE('',*,*,#3360,.F.);
#4302=ORIENTED_EDGE('',*,*,#3361,.F.);
#4303=ORIENTED_EDGE('',*,*,#3362,.F.);
#4304=ORIENTED_EDGE('',*,*,#3363,.T.);
#4305=ORIENTED_EDGE('',*,*,#3364,.F.);
#4306=ORIENTED_EDGE('',*,*,#3365,.F.);
#4307=ORIENTED_EDGE('',*,*,#3366,.F.);
#4308=ORIENTED_EDGE('',*,*,#3367,.F.);
#4309=ORIENTED_EDGE('',*,*,#3368,.T.);
#4310=ORIENTED_EDGE('',*,*,#3369,.F.);
#4311=ORIENTED_EDGE('',*,*,#3370,.F.);
#4312=ORIENTED_EDGE('',*,*,#3371,.F.);
#4313=ORIENTED_EDGE('',*,*,#3372,.F.);
#4314=ORIENTED_EDGE('',*,*,#3373,.T.);
#4315=ORIENTED_EDGE('',*,*,#3374,.F.);
#4316=ORIENTED_EDGE('',*,*,#3375,.F.);
#4317=ORIENTED_EDGE('',*,*,#3376,.F.);
#4318=ORIENTED_EDGE('',*,*,#3377,.F.);
#4319=ORIENTED_EDGE('',*,*,#3378,.T.);
#4320=ORIENTED_EDGE('',*,*,#3379,.F.);
#4321=ORIENTED_EDGE('',*,*,#3380,.F.);
#4322=ORIENTED_EDGE('',*,*,#3381,.F.);
#4323=ORIENTED_EDGE('',*,*,#3382,.F.);
#4324=ORIENTED_EDGE('',*,*,#3383,.T.);
#4325=ORIENTED_EDGE('',*,*,#3384,.F.);
#4326=ORIENTED_EDGE('',*,*,#3385,.F.);
#4327=ORIENTED_EDGE('',*,*,#3386,.F.);
#4328=ORIENTED_EDGE('',*,*,#3387,.F.);
#4329=ORIENTED_EDGE('',*,*,#3388,.T.);
#4330=ORIENTED_EDGE('',*,*,#3389,.F.);
#4331=ORIENTED_EDGE('',*,*,#3390,.F.);
#4332=ORIENTED_EDGE('',*,*,#3391,.F.);
#4333=ORIENTED_EDGE('',*,*,#3392,.F.);
#4334=ORIENTED_EDGE('',*,*,#3393,.T.);
#4335=ORIENTED_EDGE('',*,*,#3394,.F.);
#4336=ORIENTED_EDGE('',*,*,#3395,.F.);
#4337=ORIENTED_EDGE('',*,*,#3396,.F.);
#4338=ORIENTED_EDGE('',*,*,#3397,.F.);
#4339=ORIENTED_EDGE('',*,*,#3398,.T.);
#4340=ORIENTED_EDGE('',*,*,#3399,.F.);
#4341=ORIENTED_EDGE('',*,*,#3400,.F.);
#4342=ORIENTED_EDGE('',*,*,#3401,.F.);
#4343=ORIENTED_EDGE('',*,*,#3402,.F.);
#4344=ORIENTED_EDGE('',*,*,#3403,.T.);
#4345=ORIENTED_EDGE('',*,*,#3404,.F.);
#4346=ORIENTED_EDGE('',*,*,#3405,.F.);
#4347=ORIENTED_EDGE('',*,*,#3406,.F.);
#4348=ORIENTED_EDGE('',*,*,#3407,.F.);
#4349=ORIENTED_EDGE('',*,*,#3408,.T.);
#4350=ORIENTED_EDGE('',*,*,#3409,.F.);
#4351=ORIENTED_EDGE('',*,*,#3410,.F.);
#4352=ORIENTED_EDGE('',*,*,#3411,.F.);
#4353=ORIENTED_EDGE('',*,*,#3412,.F.);
#4354=ORIENTED_EDGE('',*,*,#3413,.T.);
#4355=ORIENTED_EDGE('',*,*,#3414,.F.);
#4356=ORIENTED_EDGE('',*,*,#3415,.F.);
#4357=ORIENTED_EDGE('',*,*,#3416,.F.);
#4358=ORIENTED_EDGE('',*,*,#3417,.F.);
#4359=ORIENTED_EDGE('',*,*,#3418,.T.);
#4360=ORIENTED_EDGE('',*,*,#3419,.F.);
#4361=ORIENTED_EDGE('',*,*,#3420,.F.);
#4362=ORIENTED_EDGE('',*,*,#3421,.F.);
#4363=ORIENTED_EDGE('',*,*,#3422,.F.);
#4364=ORIENTED_EDGE('',*,*,#3423,.T.);
#4365=ORIENTED_EDGE('',*,*,#3424,.F.);
#4366=ORIENTED_EDGE('',*,*,#3425,.F.);
#4367=ORIENTED_EDGE('',*,*,#3426,.T.);
#4368=ORIENTED_EDGE('',*,*,#3427,.F.);
#4369=ORIENTED_EDGE('',*,*,#3428,.T.);
#4370=ORIENTED_EDGE('',*,*,#3429,.T.);
#4371=ORIENTED_EDGE('',*,*,#3430,.F.);
#4372=ORIENTED_EDGE('',*,*,#3431,.F.);
#4373=ORIENTED_EDGE('',*,*,#3432,.T.);
#4374=ORIENTED_EDGE('',*,*,#3433,.F.);
#4375=ORIENTED_EDGE('',*,*,#3434,.T.);
#4376=ORIENTED_EDGE('',*,*,#3435,.T.);
#4377=ORIENTED_EDGE('',*,*,#3436,.T.);
#4378=ORIENTED_EDGE('',*,*,#3433,.T.);
#4379=ORIENTED_EDGE('',*,*,#3437,.F.);
#4380=ORIENTED_EDGE('',*,*,#3435,.F.);
#4381=ORIENTED_EDGE('',*,*,#3438,.T.);
#4382=ORIENTED_EDGE('',*,*,#3439,.F.);
#4383=ORIENTED_EDGE('',*,*,#3440,.T.);
#4384=ORIENTED_EDGE('',*,*,#3441,.T.);
#4385=ORIENTED_EDGE('',*,*,#3442,.F.);
#4386=ORIENTED_EDGE('',*,*,#3443,.F.);
#4387=ORIENTED_EDGE('',*,*,#3444,.F.);
#4388=ORIENTED_EDGE('',*,*,#3445,.F.);
#4389=ORIENTED_EDGE('',*,*,#3441,.F.);
#4390=ORIENTED_EDGE('',*,*,#3444,.T.);
#4391=ORIENTED_EDGE('',*,*,#3446,.T.);
#4392=ORIENTED_EDGE('',*,*,#3447,.F.);
#4393=ORIENTED_EDGE('',*,*,#3448,.F.);
#4394=ORIENTED_EDGE('',*,*,#3449,.T.);
#4395=ORIENTED_EDGE('',*,*,#3450,.F.);
#4396=ORIENTED_EDGE('',*,*,#3449,.F.);
#4397=ORIENTED_EDGE('',*,*,#3451,.F.);
#4398=ORIENTED_EDGE('',*,*,#3452,.T.);
#4399=ORIENTED_EDGE('',*,*,#3034,.F.);
#4400=ORIENTED_EDGE('',*,*,#3452,.F.);
#4401=ORIENTED_EDGE('',*,*,#3453,.F.);
#4402=ORIENTED_EDGE('',*,*,#3454,.T.);
#4403=ORIENTED_EDGE('',*,*,#3455,.F.);
#4404=ORIENTED_EDGE('',*,*,#3454,.F.);
#4405=ORIENTED_EDGE('',*,*,#3456,.T.);
#4406=ORIENTED_EDGE('',*,*,#3457,.T.);
#4407=ORIENTED_EDGE('',*,*,#3458,.F.);
#4408=ORIENTED_EDGE('',*,*,#3459,.F.);
#4409=ORIENTED_EDGE('',*,*,#3457,.F.);
#4410=ORIENTED_EDGE('',*,*,#3460,.T.);
#4411=ORIENTED_EDGE('',*,*,#3038,.F.);
#4412=ORIENTED_EDGE('',*,*,#3461,.F.);
#4413=ORIENTED_EDGE('',*,*,#3031,.T.);
#4414=ORIENTED_EDGE('',*,*,#3462,.T.);
#4415=ORIENTED_EDGE('',*,*,#3456,.F.);
#4416=ORIENTED_EDGE('',*,*,#3463,.T.);
#4417=ORIENTED_EDGE('',*,*,#3464,.T.);
#4418=ORIENTED_EDGE('',*,*,#3463,.F.);
#4419=ORIENTED_EDGE('',*,*,#3460,.F.);
#4420=ORIENTED_EDGE('',*,*,#3455,.T.);
#4421=ORIENTED_EDGE('',*,*,#3465,.T.);
#4422=ORIENTED_EDGE('',*,*,#3458,.T.);
#4423=ORIENTED_EDGE('',*,*,#3459,.T.);
#4424=ORIENTED_EDGE('',*,*,#3465,.F.);
#4425=ORIENTED_EDGE('',*,*,#3009,.T.);
#4426=ORIENTED_EDGE('',*,*,#3466,.T.);
#4427=ORIENTED_EDGE('',*,*,#3467,.T.);
#4428=ORIENTED_EDGE('',*,*,#3468,.F.);
#4429=ORIENTED_EDGE('',*,*,#3043,.F.);
#4430=ORIENTED_EDGE('',*,*,#3469,.T.);
#4431=ORIENTED_EDGE('',*,*,#3448,.T.);
#4432=ORIENTED_EDGE('',*,*,#3469,.F.);
#4433=ORIENTED_EDGE('',*,*,#3040,.F.);
#4434=ORIENTED_EDGE('',*,*,#3470,.T.);
#4435=ORIENTED_EDGE('',*,*,#3471,.T.);
#4436=ORIENTED_EDGE('',*,*,#3472,.T.);
#4437=ORIENTED_EDGE('',*,*,#3036,.F.);
#4438=ORIENTED_EDGE('',*,*,#3473,.F.);
#4439=ORIENTED_EDGE('',*,*,#3014,.F.);
#4440=ORIENTED_EDGE('',*,*,#3474,.F.);
#4441=ORIENTED_EDGE('',*,*,#3475,.T.);
#4442=ORIENTED_EDGE('',*,*,#3471,.F.);
#4443=ORIENTED_EDGE('',*,*,#3476,.T.);
#4444=ORIENTED_EDGE('',*,*,#3467,.F.);
#4445=ORIENTED_EDGE('',*,*,#3477,.T.);
#4446=ORIENTED_EDGE('',*,*,#2992,.F.);
#4447=ORIENTED_EDGE('',*,*,#3478,.T.);
#4448=ORIENTED_EDGE('',*,*,#3475,.F.);
#4449=ORIENTED_EDGE('',*,*,#3479,.T.);
#4450=ORIENTED_EDGE('',*,*,#3450,.T.);
#4451=ORIENTED_EDGE('',*,*,#3453,.T.);
#4452=ORIENTED_EDGE('',*,*,#3464,.F.);
#4453=ORIENTED_EDGE('',*,*,#3451,.T.);
#4454=ORIENTED_EDGE('',*,*,#3015,.F.);
#4455=ORIENTED_EDGE('',*,*,#3473,.T.);
#4456=ORIENTED_EDGE('',*,*,#3478,.F.);
#4457=ORIENTED_EDGE('',*,*,#2991,.T.);
#4458=ORIENTED_EDGE('',*,*,#2995,.T.);
#4459=ORIENTED_EDGE('',*,*,#2998,.T.);
#4460=ORIENTED_EDGE('',*,*,#3001,.T.);
#4461=ORIENTED_EDGE('',*,*,#3004,.T.);
#4462=ORIENTED_EDGE('',*,*,#3007,.T.);
#4463=ORIENTED_EDGE('',*,*,#3010,.T.);
#4464=ORIENTED_EDGE('',*,*,#3468,.T.);
#4465=ORIENTED_EDGE('',*,*,#3476,.F.);
#4466=ORIENTED_EDGE('',*,*,#3470,.F.);
#4467=ORIENTED_EDGE('',*,*,#3039,.F.);
#4468=ORIENTED_EDGE('',*,*,#3462,.F.);
#4469=ORIENTED_EDGE('',*,*,#3033,.F.);
#4470=ORIENTED_EDGE('',*,*,#3030,.F.);
#4471=ORIENTED_EDGE('',*,*,#3027,.F.);
#4472=ORIENTED_EDGE('',*,*,#3024,.F.);
#4473=ORIENTED_EDGE('',*,*,#3021,.F.);
#4474=ORIENTED_EDGE('',*,*,#3018,.F.);
#4475=ORIENTED_EDGE('',*,*,#3477,.F.);
#4476=ORIENTED_EDGE('',*,*,#3466,.F.);
#4477=ORIENTED_EDGE('',*,*,#3011,.F.);
#4478=ORIENTED_EDGE('',*,*,#3008,.F.);
#4479=ORIENTED_EDGE('',*,*,#3005,.F.);
#4480=ORIENTED_EDGE('',*,*,#3002,.F.);
#4481=ORIENTED_EDGE('',*,*,#2999,.F.);
#4482=ORIENTED_EDGE('',*,*,#2996,.F.);
#4483=ORIENTED_EDGE('',*,*,#2993,.F.);
#4484=ORIENTED_EDGE('',*,*,#3479,.F.);
#4485=ORIENTED_EDGE('',*,*,#3474,.T.);
#4486=ORIENTED_EDGE('',*,*,#3013,.T.);
#4487=ORIENTED_EDGE('',*,*,#3017,.T.);
#4488=ORIENTED_EDGE('',*,*,#3020,.T.);
#4489=ORIENTED_EDGE('',*,*,#3023,.T.);
#4490=ORIENTED_EDGE('',*,*,#3026,.T.);
#4491=ORIENTED_EDGE('',*,*,#3029,.T.);
#4492=ORIENTED_EDGE('',*,*,#3032,.T.);
#4493=ORIENTED_EDGE('',*,*,#3461,.T.);
#4494=ORIENTED_EDGE('',*,*,#3037,.T.);
#4495=ORIENTED_EDGE('',*,*,#3472,.F.);
#4496=ORIENTED_EDGE('',*,*,#3480,.T.);
#4497=ORIENTED_EDGE('',*,*,#3481,.T.);
#4498=ORIENTED_EDGE('',*,*,#3443,.T.);
#4499=ORIENTED_EDGE('',*,*,#3482,.T.);
#4500=ORIENTED_EDGE('',*,*,#3483,.T.);
#4501=ORIENTED_EDGE('',*,*,#3484,.T.);
#4502=ORIENTED_EDGE('',*,*,#3485,.T.);
#4503=ORIENTED_EDGE('',*,*,#3482,.F.);
#4504=ORIENTED_EDGE('',*,*,#3440,.F.);
#4505=ORIENTED_EDGE('',*,*,#3486,.F.);
#4506=ORIENTED_EDGE('',*,*,#3487,.F.);
#4507=ORIENTED_EDGE('',*,*,#3488,.T.);
#4508=ORIENTED_EDGE('',*,*,#3485,.F.);
#4509=ORIENTED_EDGE('',*,*,#3489,.T.);
#4510=ORIENTED_EDGE('',*,*,#3483,.F.);
#4511=ORIENTED_EDGE('',*,*,#3488,.F.);
#4512=ORIENTED_EDGE('',*,*,#3490,.F.);
#4513=ORIENTED_EDGE('',*,*,#3438,.F.);
#4514=ORIENTED_EDGE('',*,*,#3491,.T.);
#4515=ORIENTED_EDGE('',*,*,#3489,.F.);
#4516=ORIENTED_EDGE('',*,*,#3492,.F.);
#4517=ORIENTED_EDGE('',*,*,#3484,.F.);
#4518=ORIENTED_EDGE('',*,*,#3491,.F.);
#4519=ORIENTED_EDGE('',*,*,#3434,.F.);
#4520=ORIENTED_EDGE('',*,*,#3493,.F.);
#4521=ORIENTED_EDGE('',*,*,#3492,.T.);
#4522=ORIENTED_EDGE('',*,*,#3432,.F.);
#4523=ORIENTED_EDGE('',*,*,#3493,.T.);
#4524=ORIENTED_EDGE('',*,*,#3494,.F.);
#4525=ORIENTED_EDGE('',*,*,#3495,.F.);
#4526=ORIENTED_EDGE('',*,*,#3480,.F.);
#4527=ORIENTED_EDGE('',*,*,#3496,.F.);
#4528=ORIENTED_EDGE('',*,*,#3495,.T.);
#4529=ORIENTED_EDGE('',*,*,#3497,.F.);
#4530=ORIENTED_EDGE('',*,*,#3496,.T.);
#4531=ORIENTED_EDGE('',*,*,#3498,.F.);
#4532=ORIENTED_EDGE('',*,*,#3446,.F.);
#4533=ORIENTED_EDGE('',*,*,#3481,.F.);
#4534=ORIENTED_EDGE('',*,*,#3499,.T.);
#4535=ORIENTED_EDGE('',*,*,#3500,.T.);
#4536=ORIENTED_EDGE('',*,*,#3501,.T.);
#4537=ORIENTED_EDGE('',*,*,#3486,.T.);
#4538=ORIENTED_EDGE('',*,*,#3487,.T.);
#4539=ORIENTED_EDGE('',*,*,#3501,.F.);
#4540=ORIENTED_EDGE('',*,*,#3426,.F.);
#4541=ORIENTED_EDGE('',*,*,#3502,.F.);
#4542=ORIENTED_EDGE('',*,*,#3503,.T.);
#4543=ORIENTED_EDGE('',*,*,#3439,.T.);
#4544=ORIENTED_EDGE('',*,*,#3490,.T.);
#4545=ORIENTED_EDGE('',*,*,#3502,.T.);
#4546=ORIENTED_EDGE('',*,*,#3504,.T.);
#4547=ORIENTED_EDGE('',*,*,#3505,.T.);
#4548=ORIENTED_EDGE('',*,*,#3494,.T.);
#4549=ORIENTED_EDGE('',*,*,#3431,.T.);
#4550=ORIENTED_EDGE('',*,*,#3497,.T.);
#4551=ORIENTED_EDGE('',*,*,#3505,.F.);
#4552=ORIENTED_EDGE('',*,*,#3506,.F.);
#4553=ORIENTED_EDGE('',*,*,#3507,.F.);
#4554=ORIENTED_EDGE('',*,*,#3508,.T.);
#4555=ORIENTED_EDGE('',*,*,#3509,.T.);
#4556=ORIENTED_EDGE('',*,*,#3498,.T.);
#4557=ORIENTED_EDGE('',*,*,#3507,.T.);
#4558=ORIENTED_EDGE('',*,*,#3447,.T.);
#4559=ORIENTED_EDGE('',*,*,#3509,.F.);
#4560=ORIENTED_EDGE('',*,*,#3510,.F.);
#4561=ORIENTED_EDGE('',*,*,#3511,.F.);
#4562=ORIENTED_EDGE('',*,*,#3511,.T.);
#4563=ORIENTED_EDGE('',*,*,#3512,.T.);
#4564=ORIENTED_EDGE('',*,*,#3513,.T.);
#4565=ORIENTED_EDGE('',*,*,#3445,.T.);
#4566=ORIENTED_EDGE('',*,*,#3442,.T.);
#4567=ORIENTED_EDGE('',*,*,#3513,.F.);
#4568=ORIENTED_EDGE('',*,*,#3514,.F.);
#4569=ORIENTED_EDGE('',*,*,#3499,.F.);
#4570=ORIENTED_EDGE('',*,*,#3427,.T.);
#4571=ORIENTED_EDGE('',*,*,#3500,.F.);
#4572=ORIENTED_EDGE('',*,*,#3515,.F.);
#4573=ORIENTED_EDGE('',*,*,#3516,.F.);
#4574=ORIENTED_EDGE('',*,*,#3517,.T.);
#4575=ORIENTED_EDGE('',*,*,#3503,.F.);
#4576=ORIENTED_EDGE('',*,*,#3429,.F.);
#4577=ORIENTED_EDGE('',*,*,#3518,.F.);
#4578=ORIENTED_EDGE('',*,*,#3519,.T.);
#4579=ORIENTED_EDGE('',*,*,#3437,.T.);
#4580=ORIENTED_EDGE('',*,*,#3517,.F.);
#4581=ORIENTED_EDGE('',*,*,#3520,.T.);
#4582=ORIENTED_EDGE('',*,*,#3519,.F.);
#4583=ORIENTED_EDGE('',*,*,#3521,.F.);
#4584=ORIENTED_EDGE('',*,*,#3522,.F.);
#4585=ORIENTED_EDGE('',*,*,#3436,.F.);
#4586=ORIENTED_EDGE('',*,*,#3522,.T.);
#4587=ORIENTED_EDGE('',*,*,#3523,.T.);
#4588=ORIENTED_EDGE('',*,*,#3524,.F.);
#4589=ORIENTED_EDGE('',*,*,#3430,.T.);
#4590=ORIENTED_EDGE('',*,*,#3524,.T.);
#4591=ORIENTED_EDGE('',*,*,#3525,.F.);
#4592=ORIENTED_EDGE('',*,*,#3526,.F.);
#4593=ORIENTED_EDGE('',*,*,#3504,.F.);
#4594=ORIENTED_EDGE('',*,*,#3526,.T.);
#4595=ORIENTED_EDGE('',*,*,#3527,.T.);
#4596=ORIENTED_EDGE('',*,*,#3528,.F.);
#4597=ORIENTED_EDGE('',*,*,#3506,.T.);
#4598=ORIENTED_EDGE('',*,*,#3528,.T.);
#4599=ORIENTED_EDGE('',*,*,#3529,.F.);
#4600=ORIENTED_EDGE('',*,*,#3530,.F.);
#4601=ORIENTED_EDGE('',*,*,#3508,.F.);
#4602=ORIENTED_EDGE('',*,*,#3530,.T.);
#4603=ORIENTED_EDGE('',*,*,#3531,.T.);
#4604=ORIENTED_EDGE('',*,*,#3532,.F.);
#4605=ORIENTED_EDGE('',*,*,#3510,.T.);
#4606=ORIENTED_EDGE('',*,*,#3532,.T.);
#4607=ORIENTED_EDGE('',*,*,#3533,.F.);
#4608=ORIENTED_EDGE('',*,*,#3534,.T.);
#4609=ORIENTED_EDGE('',*,*,#3512,.F.);
#4610=ORIENTED_EDGE('',*,*,#3515,.T.);
#4611=ORIENTED_EDGE('',*,*,#3514,.T.);
#4612=ORIENTED_EDGE('',*,*,#3534,.F.);
#4613=ORIENTED_EDGE('',*,*,#3535,.T.);
#4614=ORIENTED_EDGE('',*,*,#3320,.T.);
#4615=ORIENTED_EDGE('',*,*,#3535,.F.);
#4616=ORIENTED_EDGE('',*,*,#3533,.T.);
#4617=ORIENTED_EDGE('',*,*,#3531,.F.);
#4618=ORIENTED_EDGE('',*,*,#3529,.T.);
#4619=ORIENTED_EDGE('',*,*,#3527,.F.);
#4620=ORIENTED_EDGE('',*,*,#3525,.T.);
#4621=ORIENTED_EDGE('',*,*,#3523,.F.);
#4622=ORIENTED_EDGE('',*,*,#3521,.T.);
#4623=ORIENTED_EDGE('',*,*,#3520,.F.);
#4624=ORIENTED_EDGE('',*,*,#3518,.T.);
#4625=ORIENTED_EDGE('',*,*,#3428,.F.);
#4626=ORIENTED_EDGE('',*,*,#3516,.T.);
#4627=ORIENTED_EDGE('',*,*,#3259,.T.);
#4628=ORIENTED_EDGE('',*,*,#3536,.F.);
#4629=ORIENTED_EDGE('',*,*,#3537,.T.);
#4630=ORIENTED_EDGE('',*,*,#3538,.T.);
#4631=ORIENTED_EDGE('',*,*,#3263,.T.);
#4632=ORIENTED_EDGE('',*,*,#3539,.F.);
#4633=ORIENTED_EDGE('',*,*,#3540,.T.);
#4634=ORIENTED_EDGE('',*,*,#3541,.T.);
#4635=ORIENTED_EDGE('',*,*,#3264,.T.);
#4636=ORIENTED_EDGE('',*,*,#3541,.F.);
#4637=ORIENTED_EDGE('',*,*,#3542,.T.);
#4638=ORIENTED_EDGE('',*,*,#3543,.T.);
#4639=ORIENTED_EDGE('',*,*,#3268,.T.);
#4640=ORIENTED_EDGE('',*,*,#3544,.F.);
#4641=ORIENTED_EDGE('',*,*,#3545,.T.);
#4642=ORIENTED_EDGE('',*,*,#3546,.T.);
#4643=ORIENTED_EDGE('',*,*,#3269,.T.);
#4644=ORIENTED_EDGE('',*,*,#3546,.F.);
#4645=ORIENTED_EDGE('',*,*,#3547,.T.);
#4646=ORIENTED_EDGE('',*,*,#3548,.T.);
#4647=ORIENTED_EDGE('',*,*,#3273,.T.);
#4648=ORIENTED_EDGE('',*,*,#3549,.F.);
#4649=ORIENTED_EDGE('',*,*,#3550,.T.);
#4650=ORIENTED_EDGE('',*,*,#3551,.T.);
#4651=ORIENTED_EDGE('',*,*,#3274,.T.);
#4652=ORIENTED_EDGE('',*,*,#3551,.F.);
#4653=ORIENTED_EDGE('',*,*,#3552,.T.);
#4654=ORIENTED_EDGE('',*,*,#3553,.T.);
#4655=ORIENTED_EDGE('',*,*,#3278,.T.);
#4656=ORIENTED_EDGE('',*,*,#3554,.F.);
#4657=ORIENTED_EDGE('',*,*,#3555,.T.);
#4658=ORIENTED_EDGE('',*,*,#3556,.T.);
#4659=ORIENTED_EDGE('',*,*,#3279,.T.);
#4660=ORIENTED_EDGE('',*,*,#3556,.F.);
#4661=ORIENTED_EDGE('',*,*,#3557,.T.);
#4662=ORIENTED_EDGE('',*,*,#3558,.T.);
#4663=ORIENTED_EDGE('',*,*,#3283,.T.);
#4664=ORIENTED_EDGE('',*,*,#3559,.F.);
#4665=ORIENTED_EDGE('',*,*,#3560,.T.);
#4666=ORIENTED_EDGE('',*,*,#3561,.T.);
#4667=ORIENTED_EDGE('',*,*,#3284,.T.);
#4668=ORIENTED_EDGE('',*,*,#3561,.F.);
#4669=ORIENTED_EDGE('',*,*,#3562,.T.);
#4670=ORIENTED_EDGE('',*,*,#3563,.T.);
#4671=ORIENTED_EDGE('',*,*,#3288,.T.);
#4672=ORIENTED_EDGE('',*,*,#3564,.F.);
#4673=ORIENTED_EDGE('',*,*,#3565,.T.);
#4674=ORIENTED_EDGE('',*,*,#3566,.T.);
#4675=ORIENTED_EDGE('',*,*,#3289,.T.);
#4676=ORIENTED_EDGE('',*,*,#3566,.F.);
#4677=ORIENTED_EDGE('',*,*,#3567,.T.);
#4678=ORIENTED_EDGE('',*,*,#3568,.T.);
#4679=ORIENTED_EDGE('',*,*,#3293,.T.);
#4680=ORIENTED_EDGE('',*,*,#3569,.F.);
#4681=ORIENTED_EDGE('',*,*,#3570,.T.);
#4682=ORIENTED_EDGE('',*,*,#3571,.T.);
#4683=ORIENTED_EDGE('',*,*,#3294,.T.);
#4684=ORIENTED_EDGE('',*,*,#3571,.F.);
#4685=ORIENTED_EDGE('',*,*,#3572,.T.);
#4686=ORIENTED_EDGE('',*,*,#3573,.T.);
#4687=ORIENTED_EDGE('',*,*,#3298,.T.);
#4688=ORIENTED_EDGE('',*,*,#3574,.F.);
#4689=ORIENTED_EDGE('',*,*,#3575,.T.);
#4690=ORIENTED_EDGE('',*,*,#3576,.T.);
#4691=ORIENTED_EDGE('',*,*,#3299,.T.);
#4692=ORIENTED_EDGE('',*,*,#3576,.F.);
#4693=ORIENTED_EDGE('',*,*,#3577,.T.);
#4694=ORIENTED_EDGE('',*,*,#3578,.T.);
#4695=ORIENTED_EDGE('',*,*,#3303,.T.);
#4696=ORIENTED_EDGE('',*,*,#3579,.F.);
#4697=ORIENTED_EDGE('',*,*,#3580,.T.);
#4698=ORIENTED_EDGE('',*,*,#3581,.T.);
#4699=ORIENTED_EDGE('',*,*,#3304,.T.);
#4700=ORIENTED_EDGE('',*,*,#3581,.F.);
#4701=ORIENTED_EDGE('',*,*,#3582,.T.);
#4702=ORIENTED_EDGE('',*,*,#3583,.T.);
#4703=ORIENTED_EDGE('',*,*,#3308,.T.);
#4704=ORIENTED_EDGE('',*,*,#3584,.F.);
#4705=ORIENTED_EDGE('',*,*,#3585,.T.);
#4706=ORIENTED_EDGE('',*,*,#3586,.T.);
#4707=ORIENTED_EDGE('',*,*,#3309,.T.);
#4708=ORIENTED_EDGE('',*,*,#3586,.F.);
#4709=ORIENTED_EDGE('',*,*,#3587,.T.);
#4710=ORIENTED_EDGE('',*,*,#3588,.T.);
#4711=ORIENTED_EDGE('',*,*,#3313,.T.);
#4712=ORIENTED_EDGE('',*,*,#3589,.F.);
#4713=ORIENTED_EDGE('',*,*,#3590,.T.);
#4714=ORIENTED_EDGE('',*,*,#3591,.T.);
#4715=ORIENTED_EDGE('',*,*,#3314,.T.);
#4716=ORIENTED_EDGE('',*,*,#3591,.F.);
#4717=ORIENTED_EDGE('',*,*,#3592,.T.);
#4718=ORIENTED_EDGE('',*,*,#3593,.T.);
#4719=ORIENTED_EDGE('',*,*,#3318,.T.);
#4720=ORIENTED_EDGE('',*,*,#3594,.F.);
#4721=ORIENTED_EDGE('',*,*,#3595,.T.);
#4722=ORIENTED_EDGE('',*,*,#3596,.T.);
#4723=ORIENTED_EDGE('',*,*,#3321,.T.);
#4724=ORIENTED_EDGE('',*,*,#3596,.F.);
#4725=ORIENTED_EDGE('',*,*,#3597,.T.);
#4726=ORIENTED_EDGE('',*,*,#3598,.T.);
#4727=ORIENTED_EDGE('',*,*,#3325,.T.);
#4728=ORIENTED_EDGE('',*,*,#3599,.F.);
#4729=ORIENTED_EDGE('',*,*,#3600,.T.);
#4730=ORIENTED_EDGE('',*,*,#3601,.T.);
#4731=ORIENTED_EDGE('',*,*,#3326,.T.);
#4732=ORIENTED_EDGE('',*,*,#3601,.F.);
#4733=ORIENTED_EDGE('',*,*,#3602,.T.);
#4734=ORIENTED_EDGE('',*,*,#3603,.T.);
#4735=ORIENTED_EDGE('',*,*,#3330,.T.);
#4736=ORIENTED_EDGE('',*,*,#3604,.F.);
#4737=ORIENTED_EDGE('',*,*,#3605,.T.);
#4738=ORIENTED_EDGE('',*,*,#3606,.T.);
#4739=ORIENTED_EDGE('',*,*,#3331,.T.);
#4740=ORIENTED_EDGE('',*,*,#3606,.F.);
#4741=ORIENTED_EDGE('',*,*,#3607,.T.);
#4742=ORIENTED_EDGE('',*,*,#3608,.T.);
#4743=ORIENTED_EDGE('',*,*,#3335,.T.);
#4744=ORIENTED_EDGE('',*,*,#3609,.F.);
#4745=ORIENTED_EDGE('',*,*,#3610,.T.);
#4746=ORIENTED_EDGE('',*,*,#3611,.T.);
#4747=ORIENTED_EDGE('',*,*,#3336,.T.);
#4748=ORIENTED_EDGE('',*,*,#3611,.F.);
#4749=ORIENTED_EDGE('',*,*,#3612,.T.);
#4750=ORIENTED_EDGE('',*,*,#3613,.T.);
#4751=ORIENTED_EDGE('',*,*,#3340,.T.);
#4752=ORIENTED_EDGE('',*,*,#3614,.F.);
#4753=ORIENTED_EDGE('',*,*,#3615,.T.);
#4754=ORIENTED_EDGE('',*,*,#3616,.T.);
#4755=ORIENTED_EDGE('',*,*,#3341,.T.);
#4756=ORIENTED_EDGE('',*,*,#3616,.F.);
#4757=ORIENTED_EDGE('',*,*,#3617,.T.);
#4758=ORIENTED_EDGE('',*,*,#3618,.T.);
#4759=ORIENTED_EDGE('',*,*,#3345,.T.);
#4760=ORIENTED_EDGE('',*,*,#3619,.F.);
#4761=ORIENTED_EDGE('',*,*,#3620,.T.);
#4762=ORIENTED_EDGE('',*,*,#3621,.T.);
#4763=ORIENTED_EDGE('',*,*,#3346,.T.);
#4764=ORIENTED_EDGE('',*,*,#3621,.F.);
#4765=ORIENTED_EDGE('',*,*,#3622,.T.);
#4766=ORIENTED_EDGE('',*,*,#3623,.T.);
#4767=ORIENTED_EDGE('',*,*,#3350,.T.);
#4768=ORIENTED_EDGE('',*,*,#3624,.F.);
#4769=ORIENTED_EDGE('',*,*,#3625,.T.);
#4770=ORIENTED_EDGE('',*,*,#3626,.T.);
#4771=ORIENTED_EDGE('',*,*,#3351,.T.);
#4772=ORIENTED_EDGE('',*,*,#3626,.F.);
#4773=ORIENTED_EDGE('',*,*,#3627,.T.);
#4774=ORIENTED_EDGE('',*,*,#3628,.T.);
#4775=ORIENTED_EDGE('',*,*,#3355,.T.);
#4776=ORIENTED_EDGE('',*,*,#3629,.F.);
#4777=ORIENTED_EDGE('',*,*,#3630,.T.);
#4778=ORIENTED_EDGE('',*,*,#3631,.T.);
#4779=ORIENTED_EDGE('',*,*,#3356,.T.);
#4780=ORIENTED_EDGE('',*,*,#3631,.F.);
#4781=ORIENTED_EDGE('',*,*,#3632,.T.);
#4782=ORIENTED_EDGE('',*,*,#3633,.T.);
#4783=ORIENTED_EDGE('',*,*,#3360,.T.);
#4784=ORIENTED_EDGE('',*,*,#3634,.F.);
#4785=ORIENTED_EDGE('',*,*,#3635,.T.);
#4786=ORIENTED_EDGE('',*,*,#3636,.T.);
#4787=ORIENTED_EDGE('',*,*,#3361,.T.);
#4788=ORIENTED_EDGE('',*,*,#3636,.F.);
#4789=ORIENTED_EDGE('',*,*,#3637,.T.);
#4790=ORIENTED_EDGE('',*,*,#3638,.T.);
#4791=ORIENTED_EDGE('',*,*,#3365,.T.);
#4792=ORIENTED_EDGE('',*,*,#3639,.F.);
#4793=ORIENTED_EDGE('',*,*,#3640,.T.);
#4794=ORIENTED_EDGE('',*,*,#3641,.T.);
#4795=ORIENTED_EDGE('',*,*,#3366,.T.);
#4796=ORIENTED_EDGE('',*,*,#3641,.F.);
#4797=ORIENTED_EDGE('',*,*,#3642,.T.);
#4798=ORIENTED_EDGE('',*,*,#3643,.T.);
#4799=ORIENTED_EDGE('',*,*,#3370,.T.);
#4800=ORIENTED_EDGE('',*,*,#3644,.F.);
#4801=ORIENTED_EDGE('',*,*,#3645,.T.);
#4802=ORIENTED_EDGE('',*,*,#3646,.T.);
#4803=ORIENTED_EDGE('',*,*,#3371,.T.);
#4804=ORIENTED_EDGE('',*,*,#3646,.F.);
#4805=ORIENTED_EDGE('',*,*,#3647,.T.);
#4806=ORIENTED_EDGE('',*,*,#3648,.T.);
#4807=ORIENTED_EDGE('',*,*,#3375,.T.);
#4808=ORIENTED_EDGE('',*,*,#3649,.F.);
#4809=ORIENTED_EDGE('',*,*,#3650,.T.);
#4810=ORIENTED_EDGE('',*,*,#3651,.T.);
#4811=ORIENTED_EDGE('',*,*,#3376,.T.);
#4812=ORIENTED_EDGE('',*,*,#3651,.F.);
#4813=ORIENTED_EDGE('',*,*,#3652,.T.);
#4814=ORIENTED_EDGE('',*,*,#3653,.T.);
#4815=ORIENTED_EDGE('',*,*,#3380,.T.);
#4816=ORIENTED_EDGE('',*,*,#3654,.F.);
#4817=ORIENTED_EDGE('',*,*,#3655,.T.);
#4818=ORIENTED_EDGE('',*,*,#3656,.T.);
#4819=ORIENTED_EDGE('',*,*,#3381,.T.);
#4820=ORIENTED_EDGE('',*,*,#3656,.F.);
#4821=ORIENTED_EDGE('',*,*,#3657,.T.);
#4822=ORIENTED_EDGE('',*,*,#3658,.T.);
#4823=ORIENTED_EDGE('',*,*,#3385,.T.);
#4824=ORIENTED_EDGE('',*,*,#3659,.F.);
#4825=ORIENTED_EDGE('',*,*,#3660,.T.);
#4826=ORIENTED_EDGE('',*,*,#3661,.T.);
#4827=ORIENTED_EDGE('',*,*,#3386,.T.);
#4828=ORIENTED_EDGE('',*,*,#3661,.F.);
#4829=ORIENTED_EDGE('',*,*,#3662,.T.);
#4830=ORIENTED_EDGE('',*,*,#3663,.T.);
#4831=ORIENTED_EDGE('',*,*,#3390,.T.);
#4832=ORIENTED_EDGE('',*,*,#3664,.F.);
#4833=ORIENTED_EDGE('',*,*,#3665,.T.);
#4834=ORIENTED_EDGE('',*,*,#3666,.T.);
#4835=ORIENTED_EDGE('',*,*,#3391,.T.);
#4836=ORIENTED_EDGE('',*,*,#3666,.F.);
#4837=ORIENTED_EDGE('',*,*,#3667,.T.);
#4838=ORIENTED_EDGE('',*,*,#3668,.T.);
#4839=ORIENTED_EDGE('',*,*,#3395,.T.);
#4840=ORIENTED_EDGE('',*,*,#3669,.F.);
#4841=ORIENTED_EDGE('',*,*,#3670,.T.);
#4842=ORIENTED_EDGE('',*,*,#3671,.T.);
#4843=ORIENTED_EDGE('',*,*,#3396,.T.);
#4844=ORIENTED_EDGE('',*,*,#3671,.F.);
#4845=ORIENTED_EDGE('',*,*,#3672,.T.);
#4846=ORIENTED_EDGE('',*,*,#3673,.T.);
#4847=ORIENTED_EDGE('',*,*,#3400,.T.);
#4848=ORIENTED_EDGE('',*,*,#3674,.F.);
#4849=ORIENTED_EDGE('',*,*,#3675,.T.);
#4850=ORIENTED_EDGE('',*,*,#3676,.T.);
#4851=ORIENTED_EDGE('',*,*,#3401,.T.);
#4852=ORIENTED_EDGE('',*,*,#3676,.F.);
#4853=ORIENTED_EDGE('',*,*,#3677,.T.);
#4854=ORIENTED_EDGE('',*,*,#3678,.T.);
#4855=ORIENTED_EDGE('',*,*,#3405,.T.);
#4856=ORIENTED_EDGE('',*,*,#3679,.F.);
#4857=ORIENTED_EDGE('',*,*,#3680,.T.);
#4858=ORIENTED_EDGE('',*,*,#3681,.T.);
#4859=ORIENTED_EDGE('',*,*,#3406,.T.);
#4860=ORIENTED_EDGE('',*,*,#3681,.F.);
#4861=ORIENTED_EDGE('',*,*,#3682,.T.);
#4862=ORIENTED_EDGE('',*,*,#3683,.T.);
#4863=ORIENTED_EDGE('',*,*,#3410,.T.);
#4864=ORIENTED_EDGE('',*,*,#3684,.F.);
#4865=ORIENTED_EDGE('',*,*,#3685,.T.);
#4866=ORIENTED_EDGE('',*,*,#3686,.T.);
#4867=ORIENTED_EDGE('',*,*,#3411,.T.);
#4868=ORIENTED_EDGE('',*,*,#3686,.F.);
#4869=ORIENTED_EDGE('',*,*,#3687,.T.);
#4870=ORIENTED_EDGE('',*,*,#3688,.T.);
#4871=ORIENTED_EDGE('',*,*,#3415,.T.);
#4872=ORIENTED_EDGE('',*,*,#3689,.F.);
#4873=ORIENTED_EDGE('',*,*,#3690,.T.);
#4874=ORIENTED_EDGE('',*,*,#3691,.T.);
#4875=ORIENTED_EDGE('',*,*,#3416,.T.);
#4876=ORIENTED_EDGE('',*,*,#3691,.F.);
#4877=ORIENTED_EDGE('',*,*,#3692,.T.);
#4878=ORIENTED_EDGE('',*,*,#3693,.T.);
#4879=ORIENTED_EDGE('',*,*,#3420,.T.);
#4880=ORIENTED_EDGE('',*,*,#3694,.F.);
#4881=ORIENTED_EDGE('',*,*,#3695,.T.);
#4882=ORIENTED_EDGE('',*,*,#3696,.T.);
#4883=ORIENTED_EDGE('',*,*,#3421,.T.);
#4884=ORIENTED_EDGE('',*,*,#3696,.F.);
#4885=ORIENTED_EDGE('',*,*,#3697,.T.);
#4886=ORIENTED_EDGE('',*,*,#3698,.T.);
#4887=ORIENTED_EDGE('',*,*,#3425,.T.);
#4888=ORIENTED_EDGE('',*,*,#3699,.F.);
#4889=ORIENTED_EDGE('',*,*,#3700,.T.);
#4890=ORIENTED_EDGE('',*,*,#3701,.T.);
#4891=ORIENTED_EDGE('',*,*,#3214,.T.);
#4892=ORIENTED_EDGE('',*,*,#3701,.F.);
#4893=ORIENTED_EDGE('',*,*,#3702,.T.);
#4894=ORIENTED_EDGE('',*,*,#3703,.T.);
#4895=ORIENTED_EDGE('',*,*,#3218,.T.);
#4896=ORIENTED_EDGE('',*,*,#3704,.F.);
#4897=ORIENTED_EDGE('',*,*,#3705,.T.);
#4898=ORIENTED_EDGE('',*,*,#3706,.T.);
#4899=ORIENTED_EDGE('',*,*,#3219,.T.);
#4900=ORIENTED_EDGE('',*,*,#3706,.F.);
#4901=ORIENTED_EDGE('',*,*,#3707,.T.);
#4902=ORIENTED_EDGE('',*,*,#3708,.T.);
#4903=ORIENTED_EDGE('',*,*,#3223,.T.);
#4904=ORIENTED_EDGE('',*,*,#3709,.F.);
#4905=ORIENTED_EDGE('',*,*,#3710,.T.);
#4906=ORIENTED_EDGE('',*,*,#3711,.T.);
#4907=ORIENTED_EDGE('',*,*,#3224,.T.);
#4908=ORIENTED_EDGE('',*,*,#3711,.F.);
#4909=ORIENTED_EDGE('',*,*,#3712,.T.);
#4910=ORIENTED_EDGE('',*,*,#3713,.T.);
#4911=ORIENTED_EDGE('',*,*,#3228,.T.);
#4912=ORIENTED_EDGE('',*,*,#3714,.F.);
#4913=ORIENTED_EDGE('',*,*,#3715,.T.);
#4914=ORIENTED_EDGE('',*,*,#3716,.T.);
#4915=ORIENTED_EDGE('',*,*,#3229,.T.);
#4916=ORIENTED_EDGE('',*,*,#3716,.F.);
#4917=ORIENTED_EDGE('',*,*,#3717,.T.);
#4918=ORIENTED_EDGE('',*,*,#3718,.T.);
#4919=ORIENTED_EDGE('',*,*,#3233,.T.);
#4920=ORIENTED_EDGE('',*,*,#3719,.F.);
#4921=ORIENTED_EDGE('',*,*,#3720,.T.);
#4922=ORIENTED_EDGE('',*,*,#3721,.T.);
#4923=ORIENTED_EDGE('',*,*,#3234,.T.);
#4924=ORIENTED_EDGE('',*,*,#3721,.F.);
#4925=ORIENTED_EDGE('',*,*,#3722,.T.);
#4926=ORIENTED_EDGE('',*,*,#3723,.T.);
#4927=ORIENTED_EDGE('',*,*,#3238,.T.);
#4928=ORIENTED_EDGE('',*,*,#3724,.F.);
#4929=ORIENTED_EDGE('',*,*,#3725,.T.);
#4930=ORIENTED_EDGE('',*,*,#3726,.T.);
#4931=ORIENTED_EDGE('',*,*,#3239,.T.);
#4932=ORIENTED_EDGE('',*,*,#3726,.F.);
#4933=ORIENTED_EDGE('',*,*,#3727,.T.);
#4934=ORIENTED_EDGE('',*,*,#3728,.T.);
#4935=ORIENTED_EDGE('',*,*,#3243,.T.);
#4936=ORIENTED_EDGE('',*,*,#3729,.F.);
#4937=ORIENTED_EDGE('',*,*,#3730,.T.);
#4938=ORIENTED_EDGE('',*,*,#3731,.T.);
#4939=ORIENTED_EDGE('',*,*,#3244,.T.);
#4940=ORIENTED_EDGE('',*,*,#3731,.F.);
#4941=ORIENTED_EDGE('',*,*,#3732,.T.);
#4942=ORIENTED_EDGE('',*,*,#3733,.T.);
#4943=ORIENTED_EDGE('',*,*,#3248,.T.);
#4944=ORIENTED_EDGE('',*,*,#3734,.F.);
#4945=ORIENTED_EDGE('',*,*,#3735,.T.);
#4946=ORIENTED_EDGE('',*,*,#3736,.T.);
#4947=ORIENTED_EDGE('',*,*,#3249,.T.);
#4948=ORIENTED_EDGE('',*,*,#3736,.F.);
#4949=ORIENTED_EDGE('',*,*,#3737,.T.);
#4950=ORIENTED_EDGE('',*,*,#3738,.T.);
#4951=ORIENTED_EDGE('',*,*,#3253,.T.);
#4952=ORIENTED_EDGE('',*,*,#3739,.F.);
#4953=ORIENTED_EDGE('',*,*,#3740,.T.);
#4954=ORIENTED_EDGE('',*,*,#3741,.T.);
#4955=ORIENTED_EDGE('',*,*,#3254,.T.);
#4956=ORIENTED_EDGE('',*,*,#3741,.F.);
#4957=ORIENTED_EDGE('',*,*,#3742,.T.);
#4958=ORIENTED_EDGE('',*,*,#3743,.T.);
#4959=ORIENTED_EDGE('',*,*,#3258,.T.);
#4960=ORIENTED_EDGE('',*,*,#3744,.F.);
#4961=ORIENTED_EDGE('',*,*,#3745,.T.);
#4962=ORIENTED_EDGE('',*,*,#3536,.T.);
#4963=ORIENTED_EDGE('',*,*,#3746,.F.);
#4964=ORIENTED_EDGE('',*,*,#3092,.T.);
#4965=ORIENTED_EDGE('',*,*,#3747,.F.);
#4966=ORIENTED_EDGE('',*,*,#3537,.F.);
#4967=ORIENTED_EDGE('',*,*,#3745,.F.);
#4968=ORIENTED_EDGE('',*,*,#3748,.T.);
#4969=ORIENTED_EDGE('',*,*,#3260,.T.);
#4970=ORIENTED_EDGE('',*,*,#3538,.F.);
#4971=ORIENTED_EDGE('',*,*,#3747,.T.);
#4972=ORIENTED_EDGE('',*,*,#3091,.F.);
#4973=ORIENTED_EDGE('',*,*,#3749,.F.);
#4974=ORIENTED_EDGE('',*,*,#3261,.F.);
#4975=ORIENTED_EDGE('',*,*,#3748,.F.);
#4976=ORIENTED_EDGE('',*,*,#3090,.F.);
#4977=ORIENTED_EDGE('',*,*,#3749,.T.);
#4978=ORIENTED_EDGE('',*,*,#3089,.F.);
#4979=ORIENTED_EDGE('',*,*,#3750,.T.);
#4980=ORIENTED_EDGE('',*,*,#3539,.T.);
#4981=ORIENTED_EDGE('',*,*,#3262,.T.);
#4982=ORIENTED_EDGE('',*,*,#3750,.F.);
#4983=ORIENTED_EDGE('',*,*,#3088,.T.);
#4984=ORIENTED_EDGE('',*,*,#3751,.F.);
#4985=ORIENTED_EDGE('',*,*,#3542,.F.);
#4986=ORIENTED_EDGE('',*,*,#3540,.F.);
#4987=ORIENTED_EDGE('',*,*,#3752,.T.);
#4988=ORIENTED_EDGE('',*,*,#3265,.T.);
#4989=ORIENTED_EDGE('',*,*,#3543,.F.);
#4990=ORIENTED_EDGE('',*,*,#3751,.T.);
#4991=ORIENTED_EDGE('',*,*,#3087,.F.);
#4992=ORIENTED_EDGE('',*,*,#3753,.F.);
#4993=ORIENTED_EDGE('',*,*,#3266,.F.);
#4994=ORIENTED_EDGE('',*,*,#3752,.F.);
#4995=ORIENTED_EDGE('',*,*,#3086,.F.);
#4996=ORIENTED_EDGE('',*,*,#3753,.T.);
#4997=ORIENTED_EDGE('',*,*,#3085,.F.);
#4998=ORIENTED_EDGE('',*,*,#3754,.T.);
#4999=ORIENTED_EDGE('',*,*,#3544,.T.);
#5000=ORIENTED_EDGE('',*,*,#3267,.T.);
#5001=ORIENTED_EDGE('',*,*,#3754,.F.);
#5002=ORIENTED_EDGE('',*,*,#3084,.T.);
#5003=ORIENTED_EDGE('',*,*,#3755,.F.);
#5004=ORIENTED_EDGE('',*,*,#3547,.F.);
#5005=ORIENTED_EDGE('',*,*,#3545,.F.);
#5006=ORIENTED_EDGE('',*,*,#3756,.T.);
#5007=ORIENTED_EDGE('',*,*,#3270,.T.);
#5008=ORIENTED_EDGE('',*,*,#3548,.F.);
#5009=ORIENTED_EDGE('',*,*,#3755,.T.);
#5010=ORIENTED_EDGE('',*,*,#3083,.F.);
#5011=ORIENTED_EDGE('',*,*,#3757,.F.);
#5012=ORIENTED_EDGE('',*,*,#3271,.F.);
#5013=ORIENTED_EDGE('',*,*,#3756,.F.);
#5014=ORIENTED_EDGE('',*,*,#3082,.F.);
#5015=ORIENTED_EDGE('',*,*,#3757,.T.);
#5016=ORIENTED_EDGE('',*,*,#3081,.F.);
#5017=ORIENTED_EDGE('',*,*,#3758,.T.);
#5018=ORIENTED_EDGE('',*,*,#3549,.T.);
#5019=ORIENTED_EDGE('',*,*,#3272,.T.);
#5020=ORIENTED_EDGE('',*,*,#3758,.F.);
#5021=ORIENTED_EDGE('',*,*,#3080,.T.);
#5022=ORIENTED_EDGE('',*,*,#3759,.F.);
#5023=ORIENTED_EDGE('',*,*,#3552,.F.);
#5024=ORIENTED_EDGE('',*,*,#3550,.F.);
#5025=ORIENTED_EDGE('',*,*,#3760,.T.);
#5026=ORIENTED_EDGE('',*,*,#3275,.T.);
#5027=ORIENTED_EDGE('',*,*,#3553,.F.);
#5028=ORIENTED_EDGE('',*,*,#3759,.T.);
#5029=ORIENTED_EDGE('',*,*,#3079,.F.);
#5030=ORIENTED_EDGE('',*,*,#3761,.F.);
#5031=ORIENTED_EDGE('',*,*,#3276,.F.);
#5032=ORIENTED_EDGE('',*,*,#3760,.F.);
#5033=ORIENTED_EDGE('',*,*,#3078,.F.);
#5034=ORIENTED_EDGE('',*,*,#3761,.T.);
#5035=ORIENTED_EDGE('',*,*,#3077,.F.);
#5036=ORIENTED_EDGE('',*,*,#3762,.T.);
#5037=ORIENTED_EDGE('',*,*,#3554,.T.);
#5038=ORIENTED_EDGE('',*,*,#3277,.T.);
#5039=ORIENTED_EDGE('',*,*,#3762,.F.);
#5040=ORIENTED_EDGE('',*,*,#3076,.T.);
#5041=ORIENTED_EDGE('',*,*,#3763,.F.);
#5042=ORIENTED_EDGE('',*,*,#3557,.F.);
#5043=ORIENTED_EDGE('',*,*,#3555,.F.);
#5044=ORIENTED_EDGE('',*,*,#3764,.T.);
#5045=ORIENTED_EDGE('',*,*,#3280,.T.);
#5046=ORIENTED_EDGE('',*,*,#3558,.F.);
#5047=ORIENTED_EDGE('',*,*,#3763,.T.);
#5048=ORIENTED_EDGE('',*,*,#3075,.F.);
#5049=ORIENTED_EDGE('',*,*,#3765,.F.);
#5050=ORIENTED_EDGE('',*,*,#3281,.F.);
#5051=ORIENTED_EDGE('',*,*,#3764,.F.);
#5052=ORIENTED_EDGE('',*,*,#3074,.F.);
#5053=ORIENTED_EDGE('',*,*,#3765,.T.);
#5054=ORIENTED_EDGE('',*,*,#3073,.F.);
#5055=ORIENTED_EDGE('',*,*,#3766,.T.);
#5056=ORIENTED_EDGE('',*,*,#3559,.T.);
#5057=ORIENTED_EDGE('',*,*,#3282,.T.);
#5058=ORIENTED_EDGE('',*,*,#3766,.F.);
#5059=ORIENTED_EDGE('',*,*,#3072,.T.);
#5060=ORIENTED_EDGE('',*,*,#3767,.F.);
#5061=ORIENTED_EDGE('',*,*,#3562,.F.);
#5062=ORIENTED_EDGE('',*,*,#3560,.F.);
#5063=ORIENTED_EDGE('',*,*,#3768,.T.);
#5064=ORIENTED_EDGE('',*,*,#3285,.T.);
#5065=ORIENTED_EDGE('',*,*,#3563,.F.);
#5066=ORIENTED_EDGE('',*,*,#3767,.T.);
#5067=ORIENTED_EDGE('',*,*,#3071,.F.);
#5068=ORIENTED_EDGE('',*,*,#3769,.F.);
#5069=ORIENTED_EDGE('',*,*,#3286,.F.);
#5070=ORIENTED_EDGE('',*,*,#3768,.F.);
#5071=ORIENTED_EDGE('',*,*,#3070,.F.);
#5072=ORIENTED_EDGE('',*,*,#3769,.T.);
#5073=ORIENTED_EDGE('',*,*,#3069,.F.);
#5074=ORIENTED_EDGE('',*,*,#3770,.T.);
#5075=ORIENTED_EDGE('',*,*,#3564,.T.);
#5076=ORIENTED_EDGE('',*,*,#3287,.T.);
#5077=ORIENTED_EDGE('',*,*,#3770,.F.);
#5078=ORIENTED_EDGE('',*,*,#3068,.T.);
#5079=ORIENTED_EDGE('',*,*,#3771,.F.);
#5080=ORIENTED_EDGE('',*,*,#3567,.F.);
#5081=ORIENTED_EDGE('',*,*,#3565,.F.);
#5082=ORIENTED_EDGE('',*,*,#3772,.T.);
#5083=ORIENTED_EDGE('',*,*,#3290,.T.);
#5084=ORIENTED_EDGE('',*,*,#3568,.F.);
#5085=ORIENTED_EDGE('',*,*,#3771,.T.);
#5086=ORIENTED_EDGE('',*,*,#3067,.F.);
#5087=ORIENTED_EDGE('',*,*,#3773,.F.);
#5088=ORIENTED_EDGE('',*,*,#3291,.F.);
#5089=ORIENTED_EDGE('',*,*,#3772,.F.);
#5090=ORIENTED_EDGE('',*,*,#3066,.F.);
#5091=ORIENTED_EDGE('',*,*,#3773,.T.);
#5092=ORIENTED_EDGE('',*,*,#3065,.F.);
#5093=ORIENTED_EDGE('',*,*,#3774,.T.);
#5094=ORIENTED_EDGE('',*,*,#3569,.T.);
#5095=ORIENTED_EDGE('',*,*,#3292,.T.);
#5096=ORIENTED_EDGE('',*,*,#3774,.F.);
#5097=ORIENTED_EDGE('',*,*,#3064,.T.);
#5098=ORIENTED_EDGE('',*,*,#3775,.F.);
#5099=ORIENTED_EDGE('',*,*,#3572,.F.);
#5100=ORIENTED_EDGE('',*,*,#3570,.F.);
#5101=ORIENTED_EDGE('',*,*,#3776,.T.);
#5102=ORIENTED_EDGE('',*,*,#3295,.T.);
#5103=ORIENTED_EDGE('',*,*,#3573,.F.);
#5104=ORIENTED_EDGE('',*,*,#3775,.T.);
#5105=ORIENTED_EDGE('',*,*,#3063,.F.);
#5106=ORIENTED_EDGE('',*,*,#3777,.F.);
#5107=ORIENTED_EDGE('',*,*,#3296,.F.);
#5108=ORIENTED_EDGE('',*,*,#3776,.F.);
#5109=ORIENTED_EDGE('',*,*,#3062,.F.);
#5110=ORIENTED_EDGE('',*,*,#3777,.T.);
#5111=ORIENTED_EDGE('',*,*,#3061,.F.);
#5112=ORIENTED_EDGE('',*,*,#3778,.T.);
#5113=ORIENTED_EDGE('',*,*,#3574,.T.);
#5114=ORIENTED_EDGE('',*,*,#3297,.T.);
#5115=ORIENTED_EDGE('',*,*,#3778,.F.);
#5116=ORIENTED_EDGE('',*,*,#3060,.T.);
#5117=ORIENTED_EDGE('',*,*,#3779,.F.);
#5118=ORIENTED_EDGE('',*,*,#3577,.F.);
#5119=ORIENTED_EDGE('',*,*,#3575,.F.);
#5120=ORIENTED_EDGE('',*,*,#3780,.T.);
#5121=ORIENTED_EDGE('',*,*,#3300,.T.);
#5122=ORIENTED_EDGE('',*,*,#3578,.F.);
#5123=ORIENTED_EDGE('',*,*,#3779,.T.);
#5124=ORIENTED_EDGE('',*,*,#3059,.F.);
#5125=ORIENTED_EDGE('',*,*,#3781,.F.);
#5126=ORIENTED_EDGE('',*,*,#3301,.F.);
#5127=ORIENTED_EDGE('',*,*,#3780,.F.);
#5128=ORIENTED_EDGE('',*,*,#3058,.F.);
#5129=ORIENTED_EDGE('',*,*,#3781,.T.);
#5130=ORIENTED_EDGE('',*,*,#3057,.F.);
#5131=ORIENTED_EDGE('',*,*,#3782,.T.);
#5132=ORIENTED_EDGE('',*,*,#3579,.T.);
#5133=ORIENTED_EDGE('',*,*,#3302,.T.);
#5134=ORIENTED_EDGE('',*,*,#3782,.F.);
#5135=ORIENTED_EDGE('',*,*,#3056,.T.);
#5136=ORIENTED_EDGE('',*,*,#3783,.F.);
#5137=ORIENTED_EDGE('',*,*,#3582,.F.);
#5138=ORIENTED_EDGE('',*,*,#3580,.F.);
#5139=ORIENTED_EDGE('',*,*,#3784,.T.);
#5140=ORIENTED_EDGE('',*,*,#3305,.T.);
#5141=ORIENTED_EDGE('',*,*,#3583,.F.);
#5142=ORIENTED_EDGE('',*,*,#3783,.T.);
#5143=ORIENTED_EDGE('',*,*,#3055,.F.);
#5144=ORIENTED_EDGE('',*,*,#3785,.F.);
#5145=ORIENTED_EDGE('',*,*,#3306,.F.);
#5146=ORIENTED_EDGE('',*,*,#3784,.F.);
#5147=ORIENTED_EDGE('',*,*,#3054,.F.);
#5148=ORIENTED_EDGE('',*,*,#3785,.T.);
#5149=ORIENTED_EDGE('',*,*,#3053,.F.);
#5150=ORIENTED_EDGE('',*,*,#3786,.T.);
#5151=ORIENTED_EDGE('',*,*,#3584,.T.);
#5152=ORIENTED_EDGE('',*,*,#3307,.T.);
#5153=ORIENTED_EDGE('',*,*,#3786,.F.);
#5154=ORIENTED_EDGE('',*,*,#3052,.T.);
#5155=ORIENTED_EDGE('',*,*,#3787,.F.);
#5156=ORIENTED_EDGE('',*,*,#3587,.F.);
#5157=ORIENTED_EDGE('',*,*,#3585,.F.);
#5158=ORIENTED_EDGE('',*,*,#3788,.T.);
#5159=ORIENTED_EDGE('',*,*,#3310,.T.);
#5160=ORIENTED_EDGE('',*,*,#3588,.F.);
#5161=ORIENTED_EDGE('',*,*,#3787,.T.);
#5162=ORIENTED_EDGE('',*,*,#3051,.F.);
#5163=ORIENTED_EDGE('',*,*,#3789,.F.);
#5164=ORIENTED_EDGE('',*,*,#3311,.F.);
#5165=ORIENTED_EDGE('',*,*,#3788,.F.);
#5166=ORIENTED_EDGE('',*,*,#3050,.F.);
#5167=ORIENTED_EDGE('',*,*,#3789,.T.);
#5168=ORIENTED_EDGE('',*,*,#3049,.F.);
#5169=ORIENTED_EDGE('',*,*,#3790,.T.);
#5170=ORIENTED_EDGE('',*,*,#3589,.T.);
#5171=ORIENTED_EDGE('',*,*,#3312,.T.);
#5172=ORIENTED_EDGE('',*,*,#3790,.F.);
#5173=ORIENTED_EDGE('',*,*,#3048,.T.);
#5174=ORIENTED_EDGE('',*,*,#3791,.F.);
#5175=ORIENTED_EDGE('',*,*,#3592,.F.);
#5176=ORIENTED_EDGE('',*,*,#3590,.F.);
#5177=ORIENTED_EDGE('',*,*,#3792,.T.);
#5178=ORIENTED_EDGE('',*,*,#3315,.T.);
#5179=ORIENTED_EDGE('',*,*,#3593,.F.);
#5180=ORIENTED_EDGE('',*,*,#3791,.T.);
#5181=ORIENTED_EDGE('',*,*,#3047,.F.);
#5182=ORIENTED_EDGE('',*,*,#3793,.F.);
#5183=ORIENTED_EDGE('',*,*,#3316,.F.);
#5184=ORIENTED_EDGE('',*,*,#3792,.F.);
#5185=ORIENTED_EDGE('',*,*,#3046,.F.);
#5186=ORIENTED_EDGE('',*,*,#3793,.T.);
#5187=ORIENTED_EDGE('',*,*,#3045,.F.);
#5188=ORIENTED_EDGE('',*,*,#3794,.T.);
#5189=ORIENTED_EDGE('',*,*,#3594,.T.);
#5190=ORIENTED_EDGE('',*,*,#3317,.T.);
#5191=ORIENTED_EDGE('',*,*,#3794,.F.);
#5192=ORIENTED_EDGE('',*,*,#3044,.T.);
#5193=ORIENTED_EDGE('',*,*,#3795,.F.);
#5194=ORIENTED_EDGE('',*,*,#3597,.F.);
#5195=ORIENTED_EDGE('',*,*,#3595,.F.);
#5196=ORIENTED_EDGE('',*,*,#3796,.T.);
#5197=ORIENTED_EDGE('',*,*,#3322,.T.);
#5198=ORIENTED_EDGE('',*,*,#3598,.F.);
#5199=ORIENTED_EDGE('',*,*,#3795,.T.);
#5200=ORIENTED_EDGE('',*,*,#3213,.F.);
#5201=ORIENTED_EDGE('',*,*,#3797,.F.);
#5202=ORIENTED_EDGE('',*,*,#3323,.F.);
#5203=ORIENTED_EDGE('',*,*,#3796,.F.);
#5204=ORIENTED_EDGE('',*,*,#3212,.F.);
#5205=ORIENTED_EDGE('',*,*,#3797,.T.);
#5206=ORIENTED_EDGE('',*,*,#3211,.F.);
#5207=ORIENTED_EDGE('',*,*,#3798,.T.);
#5208=ORIENTED_EDGE('',*,*,#3599,.T.);
#5209=ORIENTED_EDGE('',*,*,#3324,.T.);
#5210=ORIENTED_EDGE('',*,*,#3798,.F.);
#5211=ORIENTED_EDGE('',*,*,#3210,.T.);
#5212=ORIENTED_EDGE('',*,*,#3799,.F.);
#5213=ORIENTED_EDGE('',*,*,#3602,.F.);
#5214=ORIENTED_EDGE('',*,*,#3600,.F.);
#5215=ORIENTED_EDGE('',*,*,#3800,.T.);
#5216=ORIENTED_EDGE('',*,*,#3327,.T.);
#5217=ORIENTED_EDGE('',*,*,#3603,.F.);
#5218=ORIENTED_EDGE('',*,*,#3799,.T.);
#5219=ORIENTED_EDGE('',*,*,#3209,.F.);
#5220=ORIENTED_EDGE('',*,*,#3801,.F.);
#5221=ORIENTED_EDGE('',*,*,#3328,.F.);
#5222=ORIENTED_EDGE('',*,*,#3800,.F.);
#5223=ORIENTED_EDGE('',*,*,#3208,.F.);
#5224=ORIENTED_EDGE('',*,*,#3801,.T.);
#5225=ORIENTED_EDGE('',*,*,#3207,.F.);
#5226=ORIENTED_EDGE('',*,*,#3802,.T.);
#5227=ORIENTED_EDGE('',*,*,#3604,.T.);
#5228=ORIENTED_EDGE('',*,*,#3329,.T.);
#5229=ORIENTED_EDGE('',*,*,#3802,.F.);
#5230=ORIENTED_EDGE('',*,*,#3206,.T.);
#5231=ORIENTED_EDGE('',*,*,#3803,.F.);
#5232=ORIENTED_EDGE('',*,*,#3607,.F.);
#5233=ORIENTED_EDGE('',*,*,#3605,.F.);
#5234=ORIENTED_EDGE('',*,*,#3804,.T.);
#5235=ORIENTED_EDGE('',*,*,#3332,.T.);
#5236=ORIENTED_EDGE('',*,*,#3608,.F.);
#5237=ORIENTED_EDGE('',*,*,#3803,.T.);
#5238=ORIENTED_EDGE('',*,*,#3205,.F.);
#5239=ORIENTED_EDGE('',*,*,#3805,.F.);
#5240=ORIENTED_EDGE('',*,*,#3333,.F.);
#5241=ORIENTED_EDGE('',*,*,#3804,.F.);
#5242=ORIENTED_EDGE('',*,*,#3204,.F.);
#5243=ORIENTED_EDGE('',*,*,#3805,.T.);
#5244=ORIENTED_EDGE('',*,*,#3203,.F.);
#5245=ORIENTED_EDGE('',*,*,#3806,.T.);
#5246=ORIENTED_EDGE('',*,*,#3609,.T.);
#5247=ORIENTED_EDGE('',*,*,#3334,.T.);
#5248=ORIENTED_EDGE('',*,*,#3806,.F.);
#5249=ORIENTED_EDGE('',*,*,#3202,.T.);
#5250=ORIENTED_EDGE('',*,*,#3807,.F.);
#5251=ORIENTED_EDGE('',*,*,#3612,.F.);
#5252=ORIENTED_EDGE('',*,*,#3610,.F.);
#5253=ORIENTED_EDGE('',*,*,#3808,.T.);
#5254=ORIENTED_EDGE('',*,*,#3337,.T.);
#5255=ORIENTED_EDGE('',*,*,#3613,.F.);
#5256=ORIENTED_EDGE('',*,*,#3807,.T.);
#5257=ORIENTED_EDGE('',*,*,#3201,.F.);
#5258=ORIENTED_EDGE('',*,*,#3809,.F.);
#5259=ORIENTED_EDGE('',*,*,#3338,.F.);
#5260=ORIENTED_EDGE('',*,*,#3808,.F.);
#5261=ORIENTED_EDGE('',*,*,#3200,.F.);
#5262=ORIENTED_EDGE('',*,*,#3809,.T.);
#5263=ORIENTED_EDGE('',*,*,#3199,.F.);
#5264=ORIENTED_EDGE('',*,*,#3810,.T.);
#5265=ORIENTED_EDGE('',*,*,#3614,.T.);
#5266=ORIENTED_EDGE('',*,*,#3339,.T.);
#5267=ORIENTED_EDGE('',*,*,#3810,.F.);
#5268=ORIENTED_EDGE('',*,*,#3198,.T.);
#5269=ORIENTED_EDGE('',*,*,#3811,.F.);
#5270=ORIENTED_EDGE('',*,*,#3617,.F.);
#5271=ORIENTED_EDGE('',*,*,#3615,.F.);
#5272=ORIENTED_EDGE('',*,*,#3812,.T.);
#5273=ORIENTED_EDGE('',*,*,#3342,.T.);
#5274=ORIENTED_EDGE('',*,*,#3618,.F.);
#5275=ORIENTED_EDGE('',*,*,#3811,.T.);
#5276=ORIENTED_EDGE('',*,*,#3197,.F.);
#5277=ORIENTED_EDGE('',*,*,#3813,.F.);
#5278=ORIENTED_EDGE('',*,*,#3343,.F.);
#5279=ORIENTED_EDGE('',*,*,#3812,.F.);
#5280=ORIENTED_EDGE('',*,*,#3196,.F.);
#5281=ORIENTED_EDGE('',*,*,#3813,.T.);
#5282=ORIENTED_EDGE('',*,*,#3195,.F.);
#5283=ORIENTED_EDGE('',*,*,#3814,.T.);
#5284=ORIENTED_EDGE('',*,*,#3619,.T.);
#5285=ORIENTED_EDGE('',*,*,#3344,.T.);
#5286=ORIENTED_EDGE('',*,*,#3814,.F.);
#5287=ORIENTED_EDGE('',*,*,#3194,.T.);
#5288=ORIENTED_EDGE('',*,*,#3815,.F.);
#5289=ORIENTED_EDGE('',*,*,#3622,.F.);
#5290=ORIENTED_EDGE('',*,*,#3620,.F.);
#5291=ORIENTED_EDGE('',*,*,#3816,.T.);
#5292=ORIENTED_EDGE('',*,*,#3347,.T.);
#5293=ORIENTED_EDGE('',*,*,#3623,.F.);
#5294=ORIENTED_EDGE('',*,*,#3815,.T.);
#5295=ORIENTED_EDGE('',*,*,#3193,.F.);
#5296=ORIENTED_EDGE('',*,*,#3817,.F.);
#5297=ORIENTED_EDGE('',*,*,#3348,.F.);
#5298=ORIENTED_EDGE('',*,*,#3816,.F.);
#5299=ORIENTED_EDGE('',*,*,#3192,.F.);
#5300=ORIENTED_EDGE('',*,*,#3817,.T.);
#5301=ORIENTED_EDGE('',*,*,#3191,.F.);
#5302=ORIENTED_EDGE('',*,*,#3818,.T.);
#5303=ORIENTED_EDGE('',*,*,#3624,.T.);
#5304=ORIENTED_EDGE('',*,*,#3349,.T.);
#5305=ORIENTED_EDGE('',*,*,#3818,.F.);
#5306=ORIENTED_EDGE('',*,*,#3190,.T.);
#5307=ORIENTED_EDGE('',*,*,#3819,.F.);
#5308=ORIENTED_EDGE('',*,*,#3627,.F.);
#5309=ORIENTED_EDGE('',*,*,#3625,.F.);
#5310=ORIENTED_EDGE('',*,*,#3820,.T.);
#5311=ORIENTED_EDGE('',*,*,#3352,.T.);
#5312=ORIENTED_EDGE('',*,*,#3628,.F.);
#5313=ORIENTED_EDGE('',*,*,#3819,.T.);
#5314=ORIENTED_EDGE('',*,*,#3189,.F.);
#5315=ORIENTED_EDGE('',*,*,#3821,.F.);
#5316=ORIENTED_EDGE('',*,*,#3353,.F.);
#5317=ORIENTED_EDGE('',*,*,#3820,.F.);
#5318=ORIENTED_EDGE('',*,*,#3188,.F.);
#5319=ORIENTED_EDGE('',*,*,#3821,.T.);
#5320=ORIENTED_EDGE('',*,*,#3187,.F.);
#5321=ORIENTED_EDGE('',*,*,#3822,.T.);
#5322=ORIENTED_EDGE('',*,*,#3629,.T.);
#5323=ORIENTED_EDGE('',*,*,#3354,.T.);
#5324=ORIENTED_EDGE('',*,*,#3822,.F.);
#5325=ORIENTED_EDGE('',*,*,#3186,.T.);
#5326=ORIENTED_EDGE('',*,*,#3823,.F.);
#5327=ORIENTED_EDGE('',*,*,#3632,.F.);
#5328=ORIENTED_EDGE('',*,*,#3630,.F.);
#5329=ORIENTED_EDGE('',*,*,#3824,.T.);
#5330=ORIENTED_EDGE('',*,*,#3357,.T.);
#5331=ORIENTED_EDGE('',*,*,#3633,.F.);
#5332=ORIENTED_EDGE('',*,*,#3823,.T.);
#5333=ORIENTED_EDGE('',*,*,#3185,.F.);
#5334=ORIENTED_EDGE('',*,*,#3825,.F.);
#5335=ORIENTED_EDGE('',*,*,#3358,.F.);
#5336=ORIENTED_EDGE('',*,*,#3824,.F.);
#5337=ORIENTED_EDGE('',*,*,#3184,.F.);
#5338=ORIENTED_EDGE('',*,*,#3825,.T.);
#5339=ORIENTED_EDGE('',*,*,#3183,.F.);
#5340=ORIENTED_EDGE('',*,*,#3826,.T.);
#5341=ORIENTED_EDGE('',*,*,#3634,.T.);
#5342=ORIENTED_EDGE('',*,*,#3359,.T.);
#5343=ORIENTED_EDGE('',*,*,#3826,.F.);
#5344=ORIENTED_EDGE('',*,*,#3182,.T.);
#5345=ORIENTED_EDGE('',*,*,#3827,.F.);
#5346=ORIENTED_EDGE('',*,*,#3637,.F.);
#5347=ORIENTED_EDGE('',*,*,#3635,.F.);
#5348=ORIENTED_EDGE('',*,*,#3828,.T.);
#5349=ORIENTED_EDGE('',*,*,#3362,.T.);
#5350=ORIENTED_EDGE('',*,*,#3638,.F.);
#5351=ORIENTED_EDGE('',*,*,#3827,.T.);
#5352=ORIENTED_EDGE('',*,*,#3181,.F.);
#5353=ORIENTED_EDGE('',*,*,#3829,.F.);
#5354=ORIENTED_EDGE('',*,*,#3363,.F.);
#5355=ORIENTED_EDGE('',*,*,#3828,.F.);
#5356=ORIENTED_EDGE('',*,*,#3180,.F.);
#5357=ORIENTED_EDGE('',*,*,#3829,.T.);
#5358=ORIENTED_EDGE('',*,*,#3179,.F.);
#5359=ORIENTED_EDGE('',*,*,#3830,.T.);
#5360=ORIENTED_EDGE('',*,*,#3639,.T.);
#5361=ORIENTED_EDGE('',*,*,#3364,.T.);
#5362=ORIENTED_EDGE('',*,*,#3830,.F.);
#5363=ORIENTED_EDGE('',*,*,#3178,.T.);
#5364=ORIENTED_EDGE('',*,*,#3831,.F.);
#5365=ORIENTED_EDGE('',*,*,#3642,.F.);
#5366=ORIENTED_EDGE('',*,*,#3640,.F.);
#5367=ORIENTED_EDGE('',*,*,#3832,.T.);
#5368=ORIENTED_EDGE('',*,*,#3367,.T.);
#5369=ORIENTED_EDGE('',*,*,#3643,.F.);
#5370=ORIENTED_EDGE('',*,*,#3831,.T.);
#5371=ORIENTED_EDGE('',*,*,#3177,.F.);
#5372=ORIENTED_EDGE('',*,*,#3833,.F.);
#5373=ORIENTED_EDGE('',*,*,#3368,.F.);
#5374=ORIENTED_EDGE('',*,*,#3832,.F.);
#5375=ORIENTED_EDGE('',*,*,#3176,.F.);
#5376=ORIENTED_EDGE('',*,*,#3833,.T.);
#5377=ORIENTED_EDGE('',*,*,#3175,.F.);
#5378=ORIENTED_EDGE('',*,*,#3834,.T.);
#5379=ORIENTED_EDGE('',*,*,#3644,.T.);
#5380=ORIENTED_EDGE('',*,*,#3369,.T.);
#5381=ORIENTED_EDGE('',*,*,#3834,.F.);
#5382=ORIENTED_EDGE('',*,*,#3174,.T.);
#5383=ORIENTED_EDGE('',*,*,#3835,.F.);
#5384=ORIENTED_EDGE('',*,*,#3647,.F.);
#5385=ORIENTED_EDGE('',*,*,#3645,.F.);
#5386=ORIENTED_EDGE('',*,*,#3836,.T.);
#5387=ORIENTED_EDGE('',*,*,#3372,.T.);
#5388=ORIENTED_EDGE('',*,*,#3648,.F.);
#5389=ORIENTED_EDGE('',*,*,#3835,.T.);
#5390=ORIENTED_EDGE('',*,*,#3173,.F.);
#5391=ORIENTED_EDGE('',*,*,#3837,.F.);
#5392=ORIENTED_EDGE('',*,*,#3373,.F.);
#5393=ORIENTED_EDGE('',*,*,#3836,.F.);
#5394=ORIENTED_EDGE('',*,*,#3172,.F.);
#5395=ORIENTED_EDGE('',*,*,#3837,.T.);
#5396=ORIENTED_EDGE('',*,*,#3171,.F.);
#5397=ORIENTED_EDGE('',*,*,#3838,.T.);
#5398=ORIENTED_EDGE('',*,*,#3649,.T.);
#5399=ORIENTED_EDGE('',*,*,#3374,.T.);
#5400=ORIENTED_EDGE('',*,*,#3838,.F.);
#5401=ORIENTED_EDGE('',*,*,#3170,.T.);
#5402=ORIENTED_EDGE('',*,*,#3839,.F.);
#5403=ORIENTED_EDGE('',*,*,#3652,.F.);
#5404=ORIENTED_EDGE('',*,*,#3650,.F.);
#5405=ORIENTED_EDGE('',*,*,#3840,.T.);
#5406=ORIENTED_EDGE('',*,*,#3377,.T.);
#5407=ORIENTED_EDGE('',*,*,#3653,.F.);
#5408=ORIENTED_EDGE('',*,*,#3839,.T.);
#5409=ORIENTED_EDGE('',*,*,#3169,.F.);
#5410=ORIENTED_EDGE('',*,*,#3841,.F.);
#5411=ORIENTED_EDGE('',*,*,#3378,.F.);
#5412=ORIENTED_EDGE('',*,*,#3840,.F.);
#5413=ORIENTED_EDGE('',*,*,#3168,.F.);
#5414=ORIENTED_EDGE('',*,*,#3841,.T.);
#5415=ORIENTED_EDGE('',*,*,#3167,.F.);
#5416=ORIENTED_EDGE('',*,*,#3842,.T.);
#5417=ORIENTED_EDGE('',*,*,#3654,.T.);
#5418=ORIENTED_EDGE('',*,*,#3379,.T.);
#5419=ORIENTED_EDGE('',*,*,#3842,.F.);
#5420=ORIENTED_EDGE('',*,*,#3166,.T.);
#5421=ORIENTED_EDGE('',*,*,#3843,.F.);
#5422=ORIENTED_EDGE('',*,*,#3657,.F.);
#5423=ORIENTED_EDGE('',*,*,#3655,.F.);
#5424=ORIENTED_EDGE('',*,*,#3844,.T.);
#5425=ORIENTED_EDGE('',*,*,#3382,.T.);
#5426=ORIENTED_EDGE('',*,*,#3658,.F.);
#5427=ORIENTED_EDGE('',*,*,#3843,.T.);
#5428=ORIENTED_EDGE('',*,*,#3165,.F.);
#5429=ORIENTED_EDGE('',*,*,#3845,.F.);
#5430=ORIENTED_EDGE('',*,*,#3383,.F.);
#5431=ORIENTED_EDGE('',*,*,#3844,.F.);
#5432=ORIENTED_EDGE('',*,*,#3164,.F.);
#5433=ORIENTED_EDGE('',*,*,#3845,.T.);
#5434=ORIENTED_EDGE('',*,*,#3163,.F.);
#5435=ORIENTED_EDGE('',*,*,#3846,.T.);
#5436=ORIENTED_EDGE('',*,*,#3659,.T.);
#5437=ORIENTED_EDGE('',*,*,#3384,.T.);
#5438=ORIENTED_EDGE('',*,*,#3846,.F.);
#5439=ORIENTED_EDGE('',*,*,#3162,.T.);
#5440=ORIENTED_EDGE('',*,*,#3847,.F.);
#5441=ORIENTED_EDGE('',*,*,#3662,.F.);
#5442=ORIENTED_EDGE('',*,*,#3660,.F.);
#5443=ORIENTED_EDGE('',*,*,#3848,.T.);
#5444=ORIENTED_EDGE('',*,*,#3387,.T.);
#5445=ORIENTED_EDGE('',*,*,#3663,.F.);
#5446=ORIENTED_EDGE('',*,*,#3847,.T.);
#5447=ORIENTED_EDGE('',*,*,#3161,.F.);
#5448=ORIENTED_EDGE('',*,*,#3849,.F.);
#5449=ORIENTED_EDGE('',*,*,#3388,.F.);
#5450=ORIENTED_EDGE('',*,*,#3848,.F.);
#5451=ORIENTED_EDGE('',*,*,#3160,.F.);
#5452=ORIENTED_EDGE('',*,*,#3849,.T.);
#5453=ORIENTED_EDGE('',*,*,#3159,.F.);
#5454=ORIENTED_EDGE('',*,*,#3850,.T.);
#5455=ORIENTED_EDGE('',*,*,#3664,.T.);
#5456=ORIENTED_EDGE('',*,*,#3389,.T.);
#5457=ORIENTED_EDGE('',*,*,#3850,.F.);
#5458=ORIENTED_EDGE('',*,*,#3158,.T.);
#5459=ORIENTED_EDGE('',*,*,#3851,.F.);
#5460=ORIENTED_EDGE('',*,*,#3667,.F.);
#5461=ORIENTED_EDGE('',*,*,#3665,.F.);
#5462=ORIENTED_EDGE('',*,*,#3852,.T.);
#5463=ORIENTED_EDGE('',*,*,#3392,.T.);
#5464=ORIENTED_EDGE('',*,*,#3668,.F.);
#5465=ORIENTED_EDGE('',*,*,#3851,.T.);
#5466=ORIENTED_EDGE('',*,*,#3157,.F.);
#5467=ORIENTED_EDGE('',*,*,#3853,.F.);
#5468=ORIENTED_EDGE('',*,*,#3393,.F.);
#5469=ORIENTED_EDGE('',*,*,#3852,.F.);
#5470=ORIENTED_EDGE('',*,*,#3156,.F.);
#5471=ORIENTED_EDGE('',*,*,#3853,.T.);
#5472=ORIENTED_EDGE('',*,*,#3155,.F.);
#5473=ORIENTED_EDGE('',*,*,#3854,.T.);
#5474=ORIENTED_EDGE('',*,*,#3669,.T.);
#5475=ORIENTED_EDGE('',*,*,#3394,.T.);
#5476=ORIENTED_EDGE('',*,*,#3854,.F.);
#5477=ORIENTED_EDGE('',*,*,#3154,.T.);
#5478=ORIENTED_EDGE('',*,*,#3855,.F.);
#5479=ORIENTED_EDGE('',*,*,#3672,.F.);
#5480=ORIENTED_EDGE('',*,*,#3670,.F.);
#5481=ORIENTED_EDGE('',*,*,#3856,.T.);
#5482=ORIENTED_EDGE('',*,*,#3397,.T.);
#5483=ORIENTED_EDGE('',*,*,#3673,.F.);
#5484=ORIENTED_EDGE('',*,*,#3855,.T.);
#5485=ORIENTED_EDGE('',*,*,#3153,.F.);
#5486=ORIENTED_EDGE('',*,*,#3857,.F.);
#5487=ORIENTED_EDGE('',*,*,#3398,.F.);
#5488=ORIENTED_EDGE('',*,*,#3856,.F.);
#5489=ORIENTED_EDGE('',*,*,#3152,.F.);
#5490=ORIENTED_EDGE('',*,*,#3857,.T.);
#5491=ORIENTED_EDGE('',*,*,#3151,.F.);
#5492=ORIENTED_EDGE('',*,*,#3858,.T.);
#5493=ORIENTED_EDGE('',*,*,#3674,.T.);
#5494=ORIENTED_EDGE('',*,*,#3399,.T.);
#5495=ORIENTED_EDGE('',*,*,#3858,.F.);
#5496=ORIENTED_EDGE('',*,*,#3150,.T.);
#5497=ORIENTED_EDGE('',*,*,#3859,.F.);
#5498=ORIENTED_EDGE('',*,*,#3677,.F.);
#5499=ORIENTED_EDGE('',*,*,#3675,.F.);
#5500=ORIENTED_EDGE('',*,*,#3860,.T.);
#5501=ORIENTED_EDGE('',*,*,#3402,.T.);
#5502=ORIENTED_EDGE('',*,*,#3678,.F.);
#5503=ORIENTED_EDGE('',*,*,#3859,.T.);
#5504=ORIENTED_EDGE('',*,*,#3149,.F.);
#5505=ORIENTED_EDGE('',*,*,#3861,.F.);
#5506=ORIENTED_EDGE('',*,*,#3403,.F.);
#5507=ORIENTED_EDGE('',*,*,#3860,.F.);
#5508=ORIENTED_EDGE('',*,*,#3148,.F.);
#5509=ORIENTED_EDGE('',*,*,#3861,.T.);
#5510=ORIENTED_EDGE('',*,*,#3147,.F.);
#5511=ORIENTED_EDGE('',*,*,#3862,.T.);
#5512=ORIENTED_EDGE('',*,*,#3679,.T.);
#5513=ORIENTED_EDGE('',*,*,#3404,.T.);
#5514=ORIENTED_EDGE('',*,*,#3862,.F.);
#5515=ORIENTED_EDGE('',*,*,#3146,.T.);
#5516=ORIENTED_EDGE('',*,*,#3863,.F.);
#5517=ORIENTED_EDGE('',*,*,#3682,.F.);
#5518=ORIENTED_EDGE('',*,*,#3680,.F.);
#5519=ORIENTED_EDGE('',*,*,#3864,.T.);
#5520=ORIENTED_EDGE('',*,*,#3407,.T.);
#5521=ORIENTED_EDGE('',*,*,#3683,.F.);
#5522=ORIENTED_EDGE('',*,*,#3863,.T.);
#5523=ORIENTED_EDGE('',*,*,#3145,.F.);
#5524=ORIENTED_EDGE('',*,*,#3865,.F.);
#5525=ORIENTED_EDGE('',*,*,#3408,.F.);
#5526=ORIENTED_EDGE('',*,*,#3864,.F.);
#5527=ORIENTED_EDGE('',*,*,#3144,.F.);
#5528=ORIENTED_EDGE('',*,*,#3865,.T.);
#5529=ORIENTED_EDGE('',*,*,#3143,.F.);
#5530=ORIENTED_EDGE('',*,*,#3866,.T.);
#5531=ORIENTED_EDGE('',*,*,#3684,.T.);
#5532=ORIENTED_EDGE('',*,*,#3409,.T.);
#5533=ORIENTED_EDGE('',*,*,#3866,.F.);
#5534=ORIENTED_EDGE('',*,*,#3142,.T.);
#5535=ORIENTED_EDGE('',*,*,#3867,.F.);
#5536=ORIENTED_EDGE('',*,*,#3687,.F.);
#5537=ORIENTED_EDGE('',*,*,#3685,.F.);
#5538=ORIENTED_EDGE('',*,*,#3868,.T.);
#5539=ORIENTED_EDGE('',*,*,#3412,.T.);
#5540=ORIENTED_EDGE('',*,*,#3688,.F.);
#5541=ORIENTED_EDGE('',*,*,#3867,.T.);
#5542=ORIENTED_EDGE('',*,*,#3141,.F.);
#5543=ORIENTED_EDGE('',*,*,#3869,.F.);
#5544=ORIENTED_EDGE('',*,*,#3413,.F.);
#5545=ORIENTED_EDGE('',*,*,#3868,.F.);
#5546=ORIENTED_EDGE('',*,*,#3140,.F.);
#5547=ORIENTED_EDGE('',*,*,#3869,.T.);
#5548=ORIENTED_EDGE('',*,*,#3139,.F.);
#5549=ORIENTED_EDGE('',*,*,#3870,.T.);
#5550=ORIENTED_EDGE('',*,*,#3689,.T.);
#5551=ORIENTED_EDGE('',*,*,#3414,.T.);
#5552=ORIENTED_EDGE('',*,*,#3870,.F.);
#5553=ORIENTED_EDGE('',*,*,#3138,.T.);
#5554=ORIENTED_EDGE('',*,*,#3871,.F.);
#5555=ORIENTED_EDGE('',*,*,#3692,.F.);
#5556=ORIENTED_EDGE('',*,*,#3690,.F.);
#5557=ORIENTED_EDGE('',*,*,#3872,.T.);
#5558=ORIENTED_EDGE('',*,*,#3417,.T.);
#5559=ORIENTED_EDGE('',*,*,#3693,.F.);
#5560=ORIENTED_EDGE('',*,*,#3871,.T.);
#5561=ORIENTED_EDGE('',*,*,#3137,.F.);
#5562=ORIENTED_EDGE('',*,*,#3873,.F.);
#5563=ORIENTED_EDGE('',*,*,#3418,.F.);
#5564=ORIENTED_EDGE('',*,*,#3872,.F.);
#5565=ORIENTED_EDGE('',*,*,#3136,.F.);
#5566=ORIENTED_EDGE('',*,*,#3873,.T.);
#5567=ORIENTED_EDGE('',*,*,#3135,.F.);
#5568=ORIENTED_EDGE('',*,*,#3874,.T.);
#5569=ORIENTED_EDGE('',*,*,#3694,.T.);
#5570=ORIENTED_EDGE('',*,*,#3419,.T.);
#5571=ORIENTED_EDGE('',*,*,#3874,.F.);
#5572=ORIENTED_EDGE('',*,*,#3134,.T.);
#5573=ORIENTED_EDGE('',*,*,#3875,.F.);
#5574=ORIENTED_EDGE('',*,*,#3697,.F.);
#5575=ORIENTED_EDGE('',*,*,#3695,.F.);
#5576=ORIENTED_EDGE('',*,*,#3133,.F.);
#5577=ORIENTED_EDGE('',*,*,#3876,.T.);
#5578=ORIENTED_EDGE('',*,*,#3422,.T.);
#5579=ORIENTED_EDGE('',*,*,#3698,.F.);
#5580=ORIENTED_EDGE('',*,*,#3875,.T.);
#5581=ORIENTED_EDGE('',*,*,#3877,.F.);
#5582=ORIENTED_EDGE('',*,*,#3423,.F.);
#5583=ORIENTED_EDGE('',*,*,#3876,.F.);
#5584=ORIENTED_EDGE('',*,*,#3132,.F.);
#5585=ORIENTED_EDGE('',*,*,#3424,.T.);
#5586=ORIENTED_EDGE('',*,*,#3877,.T.);
#5587=ORIENTED_EDGE('',*,*,#3131,.F.);
#5588=ORIENTED_EDGE('',*,*,#3878,.T.);
#5589=ORIENTED_EDGE('',*,*,#3699,.T.);
#5590=ORIENTED_EDGE('',*,*,#3878,.F.);
#5591=ORIENTED_EDGE('',*,*,#3130,.T.);
#5592=ORIENTED_EDGE('',*,*,#3128,.T.);
#5593=ORIENTED_EDGE('',*,*,#3879,.F.);
#5594=ORIENTED_EDGE('',*,*,#3702,.F.);
#5595=ORIENTED_EDGE('',*,*,#3700,.F.);
#5596=ORIENTED_EDGE('',*,*,#3880,.T.);
#5597=ORIENTED_EDGE('',*,*,#3215,.T.);
#5598=ORIENTED_EDGE('',*,*,#3703,.F.);
#5599=ORIENTED_EDGE('',*,*,#3879,.T.);
#5600=ORIENTED_EDGE('',*,*,#3127,.F.);
#5601=ORIENTED_EDGE('',*,*,#3881,.F.);
#5602=ORIENTED_EDGE('',*,*,#3216,.F.);
#5603=ORIENTED_EDGE('',*,*,#3880,.F.);
#5604=ORIENTED_EDGE('',*,*,#3126,.F.);
#5605=ORIENTED_EDGE('',*,*,#3881,.T.);
#5606=ORIENTED_EDGE('',*,*,#3125,.F.);
#5607=ORIENTED_EDGE('',*,*,#3882,.T.);
#5608=ORIENTED_EDGE('',*,*,#3704,.T.);
#5609=ORIENTED_EDGE('',*,*,#3217,.T.);
#5610=ORIENTED_EDGE('',*,*,#3882,.F.);
#5611=ORIENTED_EDGE('',*,*,#3124,.T.);
#5612=ORIENTED_EDGE('',*,*,#3883,.F.);
#5613=ORIENTED_EDGE('',*,*,#3707,.F.);
#5614=ORIENTED_EDGE('',*,*,#3705,.F.);
#5615=ORIENTED_EDGE('',*,*,#3884,.T.);
#5616=ORIENTED_EDGE('',*,*,#3220,.T.);
#5617=ORIENTED_EDGE('',*,*,#3708,.F.);
#5618=ORIENTED_EDGE('',*,*,#3883,.T.);
#5619=ORIENTED_EDGE('',*,*,#3123,.F.);
#5620=ORIENTED_EDGE('',*,*,#3885,.F.);
#5621=ORIENTED_EDGE('',*,*,#3221,.F.);
#5622=ORIENTED_EDGE('',*,*,#3884,.F.);
#5623=ORIENTED_EDGE('',*,*,#3122,.F.);
#5624=ORIENTED_EDGE('',*,*,#3885,.T.);
#5625=ORIENTED_EDGE('',*,*,#3121,.F.);
#5626=ORIENTED_EDGE('',*,*,#3886,.T.);
#5627=ORIENTED_EDGE('',*,*,#3709,.T.);
#5628=ORIENTED_EDGE('',*,*,#3222,.T.);
#5629=ORIENTED_EDGE('',*,*,#3886,.F.);
#5630=ORIENTED_EDGE('',*,*,#3120,.T.);
#5631=ORIENTED_EDGE('',*,*,#3887,.F.);
#5632=ORIENTED_EDGE('',*,*,#3712,.F.);
#5633=ORIENTED_EDGE('',*,*,#3710,.F.);
#5634=ORIENTED_EDGE('',*,*,#3888,.T.);
#5635=ORIENTED_EDGE('',*,*,#3225,.T.);
#5636=ORIENTED_EDGE('',*,*,#3713,.F.);
#5637=ORIENTED_EDGE('',*,*,#3887,.T.);
#5638=ORIENTED_EDGE('',*,*,#3119,.F.);
#5639=ORIENTED_EDGE('',*,*,#3889,.F.);
#5640=ORIENTED_EDGE('',*,*,#3226,.F.);
#5641=ORIENTED_EDGE('',*,*,#3888,.F.);
#5642=ORIENTED_EDGE('',*,*,#3118,.F.);
#5643=ORIENTED_EDGE('',*,*,#3889,.T.);
#5644=ORIENTED_EDGE('',*,*,#3117,.F.);
#5645=ORIENTED_EDGE('',*,*,#3890,.T.);
#5646=ORIENTED_EDGE('',*,*,#3714,.T.);
#5647=ORIENTED_EDGE('',*,*,#3227,.T.);
#5648=ORIENTED_EDGE('',*,*,#3890,.F.);
#5649=ORIENTED_EDGE('',*,*,#3116,.T.);
#5650=ORIENTED_EDGE('',*,*,#3891,.F.);
#5651=ORIENTED_EDGE('',*,*,#3717,.F.);
#5652=ORIENTED_EDGE('',*,*,#3715,.F.);
#5653=ORIENTED_EDGE('',*,*,#3892,.T.);
#5654=ORIENTED_EDGE('',*,*,#3230,.T.);
#5655=ORIENTED_EDGE('',*,*,#3718,.F.);
#5656=ORIENTED_EDGE('',*,*,#3891,.T.);
#5657=ORIENTED_EDGE('',*,*,#3115,.F.);
#5658=ORIENTED_EDGE('',*,*,#3893,.F.);
#5659=ORIENTED_EDGE('',*,*,#3231,.F.);
#5660=ORIENTED_EDGE('',*,*,#3892,.F.);
#5661=ORIENTED_EDGE('',*,*,#3114,.F.);
#5662=ORIENTED_EDGE('',*,*,#3893,.T.);
#5663=ORIENTED_EDGE('',*,*,#3113,.F.);
#5664=ORIENTED_EDGE('',*,*,#3894,.T.);
#5665=ORIENTED_EDGE('',*,*,#3719,.T.);
#5666=ORIENTED_EDGE('',*,*,#3232,.T.);
#5667=ORIENTED_EDGE('',*,*,#3894,.F.);
#5668=ORIENTED_EDGE('',*,*,#3112,.T.);
#5669=ORIENTED_EDGE('',*,*,#3895,.F.);
#5670=ORIENTED_EDGE('',*,*,#3722,.F.);
#5671=ORIENTED_EDGE('',*,*,#3720,.F.);
#5672=ORIENTED_EDGE('',*,*,#3896,.T.);
#5673=ORIENTED_EDGE('',*,*,#3235,.T.);
#5674=ORIENTED_EDGE('',*,*,#3723,.F.);
#5675=ORIENTED_EDGE('',*,*,#3895,.T.);
#5676=ORIENTED_EDGE('',*,*,#3111,.F.);
#5677=ORIENTED_EDGE('',*,*,#3897,.F.);
#5678=ORIENTED_EDGE('',*,*,#3236,.F.);
#5679=ORIENTED_EDGE('',*,*,#3896,.F.);
#5680=ORIENTED_EDGE('',*,*,#3110,.F.);
#5681=ORIENTED_EDGE('',*,*,#3897,.T.);
#5682=ORIENTED_EDGE('',*,*,#3109,.F.);
#5683=ORIENTED_EDGE('',*,*,#3898,.T.);
#5684=ORIENTED_EDGE('',*,*,#3724,.T.);
#5685=ORIENTED_EDGE('',*,*,#3237,.T.);
#5686=ORIENTED_EDGE('',*,*,#3898,.F.);
#5687=ORIENTED_EDGE('',*,*,#3108,.T.);
#5688=ORIENTED_EDGE('',*,*,#3899,.F.);
#5689=ORIENTED_EDGE('',*,*,#3727,.F.);
#5690=ORIENTED_EDGE('',*,*,#3725,.F.);
#5691=ORIENTED_EDGE('',*,*,#3900,.T.);
#5692=ORIENTED_EDGE('',*,*,#3240,.T.);
#5693=ORIENTED_EDGE('',*,*,#3728,.F.);
#5694=ORIENTED_EDGE('',*,*,#3899,.T.);
#5695=ORIENTED_EDGE('',*,*,#3107,.F.);
#5696=ORIENTED_EDGE('',*,*,#3901,.F.);
#5697=ORIENTED_EDGE('',*,*,#3241,.F.);
#5698=ORIENTED_EDGE('',*,*,#3900,.F.);
#5699=ORIENTED_EDGE('',*,*,#3106,.F.);
#5700=ORIENTED_EDGE('',*,*,#3901,.T.);
#5701=ORIENTED_EDGE('',*,*,#3105,.F.);
#5702=ORIENTED_EDGE('',*,*,#3902,.T.);
#5703=ORIENTED_EDGE('',*,*,#3729,.T.);
#5704=ORIENTED_EDGE('',*,*,#3242,.T.);
#5705=ORIENTED_EDGE('',*,*,#3902,.F.);
#5706=ORIENTED_EDGE('',*,*,#3104,.T.);
#5707=ORIENTED_EDGE('',*,*,#3903,.F.);
#5708=ORIENTED_EDGE('',*,*,#3732,.F.);
#5709=ORIENTED_EDGE('',*,*,#3730,.F.);
#5710=ORIENTED_EDGE('',*,*,#3904,.T.);
#5711=ORIENTED_EDGE('',*,*,#3245,.T.);
#5712=ORIENTED_EDGE('',*,*,#3733,.F.);
#5713=ORIENTED_EDGE('',*,*,#3903,.T.);
#5714=ORIENTED_EDGE('',*,*,#3103,.F.);
#5715=ORIENTED_EDGE('',*,*,#3905,.F.);
#5716=ORIENTED_EDGE('',*,*,#3246,.F.);
#5717=ORIENTED_EDGE('',*,*,#3904,.F.);
#5718=ORIENTED_EDGE('',*,*,#3102,.F.);
#5719=ORIENTED_EDGE('',*,*,#3905,.T.);
#5720=ORIENTED_EDGE('',*,*,#3101,.F.);
#5721=ORIENTED_EDGE('',*,*,#3906,.T.);
#5722=ORIENTED_EDGE('',*,*,#3734,.T.);
#5723=ORIENTED_EDGE('',*,*,#3247,.T.);
#5724=ORIENTED_EDGE('',*,*,#3906,.F.);
#5725=ORIENTED_EDGE('',*,*,#3100,.T.);
#5726=ORIENTED_EDGE('',*,*,#3907,.F.);
#5727=ORIENTED_EDGE('',*,*,#3737,.F.);
#5728=ORIENTED_EDGE('',*,*,#3735,.F.);
#5729=ORIENTED_EDGE('',*,*,#3908,.T.);
#5730=ORIENTED_EDGE('',*,*,#3250,.T.);
#5731=ORIENTED_EDGE('',*,*,#3738,.F.);
#5732=ORIENTED_EDGE('',*,*,#3907,.T.);
#5733=ORIENTED_EDGE('',*,*,#3099,.F.);
#5734=ORIENTED_EDGE('',*,*,#3909,.F.);
#5735=ORIENTED_EDGE('',*,*,#3251,.F.);
#5736=ORIENTED_EDGE('',*,*,#3908,.F.);
#5737=ORIENTED_EDGE('',*,*,#3098,.F.);
#5738=ORIENTED_EDGE('',*,*,#3909,.T.);
#5739=ORIENTED_EDGE('',*,*,#3097,.F.);
#5740=ORIENTED_EDGE('',*,*,#3910,.T.);
#5741=ORIENTED_EDGE('',*,*,#3739,.T.);
#5742=ORIENTED_EDGE('',*,*,#3252,.T.);
#5743=ORIENTED_EDGE('',*,*,#3910,.F.);
#5744=ORIENTED_EDGE('',*,*,#3096,.T.);
#5745=ORIENTED_EDGE('',*,*,#3911,.F.);
#5746=ORIENTED_EDGE('',*,*,#3742,.F.);
#5747=ORIENTED_EDGE('',*,*,#3740,.F.);
#5748=ORIENTED_EDGE('',*,*,#3912,.T.);
#5749=ORIENTED_EDGE('',*,*,#3255,.T.);
#5750=ORIENTED_EDGE('',*,*,#3743,.F.);
#5751=ORIENTED_EDGE('',*,*,#3911,.T.);
#5752=ORIENTED_EDGE('',*,*,#3095,.F.);
#5753=ORIENTED_EDGE('',*,*,#3913,.F.);
#5754=ORIENTED_EDGE('',*,*,#3256,.F.);
#5755=ORIENTED_EDGE('',*,*,#3912,.F.);
#5756=ORIENTED_EDGE('',*,*,#3094,.F.);
#5757=ORIENTED_EDGE('',*,*,#3913,.T.);
#5758=ORIENTED_EDGE('',*,*,#3093,.F.);
#5759=ORIENTED_EDGE('',*,*,#3746,.T.);
#5760=ORIENTED_EDGE('',*,*,#3744,.T.);
#5761=ORIENTED_EDGE('',*,*,#3257,.T.);
#5762=CYLINDRICAL_SURFACE('',#6142,0.1565);
#5763=CYLINDRICAL_SURFACE('',#6144,0.1565);
#5764=CYLINDRICAL_SURFACE('',#6145,0.1565);
#5765=CYLINDRICAL_SURFACE('',#6146,0.1565);
#5766=CYLINDRICAL_SURFACE('',#6147,0.1565);
#5767=CYLINDRICAL_SURFACE('',#6148,0.1565);
#5768=CYLINDRICAL_SURFACE('',#6149,0.1565);
#5769=CYLINDRICAL_SURFACE('',#6150,0.120415608175649);
#5770=CYLINDRICAL_SURFACE('',#6152,0.120415608175649);
#5771=CYLINDRICAL_SURFACE('',#6153,0.120415608175649);
#5772=CYLINDRICAL_SURFACE('',#6154,0.120415608175649);
#5773=CYLINDRICAL_SURFACE('',#6155,0.120415608175649);
#5774=CYLINDRICAL_SURFACE('',#6156,0.120415608175649);
#5775=CYLINDRICAL_SURFACE('',#6157,0.120415608175649);
#5776=CYLINDRICAL_SURFACE('',#6158,0.120415608175649);
#5777=CYLINDRICAL_SURFACE('',#6166,0.28125);
#5778=CYLINDRICAL_SURFACE('',#6301,0.00562499999999999);
#5779=CYLINDRICAL_SURFACE('',#6304,0.782187499999981);
#5780=CYLINDRICAL_SURFACE('',#6307,0.00562499999999999);
#5781=CYLINDRICAL_SURFACE('',#6337,0.120415608175649);
#5782=CYLINDRICAL_SURFACE('',#6338,0.1875);
#5783=CYLINDRICAL_SURFACE('',#6340,0.16875);
#5784=CYLINDRICAL_SURFACE('',#6341,0.1565);
#5785=CYLINDRICAL_SURFACE('',#6343,0.28125);
#5786=CYLINDRICAL_SURFACE('',#6381,0.782187499999981);
#5787=CYLINDRICAL_SURFACE('',#6383,0.005625);
#5788=CYLINDRICAL_SURFACE('',#6384,0.782187499999981);
#5789=CYLINDRICAL_SURFACE('',#6386,0.782187499999981);
#5790=CYLINDRICAL_SURFACE('',#6388,0.005625);
#5791=CYLINDRICAL_SURFACE('',#6390,0.782187499999981);
#5792=CYLINDRICAL_SURFACE('',#6392,0.00562499999999999);
#5793=CYLINDRICAL_SURFACE('',#6394,0.782187499999981);
#5794=CYLINDRICAL_SURFACE('',#6396,0.00562499999999999);
#5795=ADVANCED_FACE('',(#409),#5762,.T.);
#5796=ADVANCED_FACE('',(#410),#5763,.T.);
#5797=ADVANCED_FACE('',(#411),#5764,.T.);
#5798=ADVANCED_FACE('',(#412),#5765,.T.);
#5799=ADVANCED_FACE('',(#413),#5766,.T.);
#5800=ADVANCED_FACE('',(#414),#5767,.T.);
#5801=ADVANCED_FACE('',(#415),#5768,.T.);
#5802=ADVANCED_FACE('',(#416),#5769,.T.);
#5803=ADVANCED_FACE('',(#417),#5770,.T.);
#5804=ADVANCED_FACE('',(#418),#5771,.T.);
#5805=ADVANCED_FACE('',(#419),#5772,.T.);
#5806=ADVANCED_FACE('',(#420),#5773,.T.);
#5807=ADVANCED_FACE('',(#421),#5774,.T.);
#5808=ADVANCED_FACE('',(#422),#5775,.T.);
#5809=ADVANCED_FACE('',(#423),#5776,.T.);
#5810=ADVANCED_FACE('',(#424),#252,.F.);
#5811=ADVANCED_FACE('',(#425),#5777,.T.);
#5812=ADVANCED_FACE('',(#426),#245,.T.);
#5813=ADVANCED_FACE('',(#427),#253,.T.);
#5814=ADVANCED_FACE('',(#428),#5778,.F.);
#5815=ADVANCED_FACE('',(#429),#5779,.T.);
#5816=ADVANCED_FACE('',(#430),#5780,.F.);
#5817=ADVANCED_FACE('',(#431),#239,.F.);
#5818=ADVANCED_FACE('',(#432),#254,.F.);
#5819=ADVANCED_FACE('',(#433),#240,.F.);
#5820=ADVANCED_FACE('',(#434),#255,.T.);
#5821=ADVANCED_FACE('',(#435),#256,.F.);
#5822=ADVANCED_FACE('',(#436),#257,.F.);
#5823=ADVANCED_FACE('',(#437),#246,.T.);
#5824=ADVANCED_FACE('',(#438),#5781,.T.);
#5825=ADVANCED_FACE('',(#439),#5782,.T.);
#5826=ADVANCED_FACE('',(#440),#5783,.T.);
#5827=ADVANCED_FACE('',(#441),#5784,.T.);
#5828=ADVANCED_FACE('',(#442),#5785,.T.);
#5829=ADVANCED_FACE('',(#443),#23,.T.);
#5830=ADVANCED_FACE('',(#444),#24,.F.);
#5831=ADVANCED_FACE('',(#445),#247,.T.);
#5832=ADVANCED_FACE('',(#446),#248,.T.);
#5833=ADVANCED_FACE('',(#447,#20),#25,.F.);
#5834=ADVANCED_FACE('',(#448,#21),#26,.F.);
#5835=ADVANCED_FACE('',(#449),#18,.T.);
#5836=ADVANCED_FACE('',(#450),#19,.T.);
#5837=ADVANCED_FACE('',(#451),#27,.F.);
#5838=ADVANCED_FACE('',(#452),#258,.F.);
#5839=ADVANCED_FACE('',(#453),#241,.F.);
#5840=ADVANCED_FACE('',(#454),#259,.F.);
#5841=ADVANCED_FACE('',(#455),#242,.F.);
#5842=ADVANCED_FACE('',(#456),#260,.F.);
#5843=ADVANCED_FACE('',(#457),#243,.F.);
#5844=ADVANCED_FACE('',(#458),#261,.F.);
#5845=ADVANCED_FACE('',(#459),#244,.F.);
#5846=ADVANCED_FACE('',(#460),#262,.F.);
#5847=ADVANCED_FACE('',(#461),#5786,.T.);
#5848=ADVANCED_FACE('',(#462),#5787,.F.);
#5849=ADVANCED_FACE('',(#463),#5788,.T.);
#5850=ADVANCED_FACE('',(#464),#5789,.T.);
#5851=ADVANCED_FACE('',(#465),#5790,.F.);
#5852=ADVANCED_FACE('',(#466),#5791,.T.);
#5853=ADVANCED_FACE('',(#467),#5792,.F.);
#5854=ADVANCED_FACE('',(#468),#5793,.T.);
#5855=ADVANCED_FACE('',(#469),#5794,.F.);
#5856=ADVANCED_FACE('',(#470),#263,.T.);
#5857=ADVANCED_FACE('',(#471),#264,.T.);
#5858=ADVANCED_FACE('',(#472),#265,.T.);
#5859=ADVANCED_FACE('',(#473),#266,.T.);
#5860=ADVANCED_FACE('',(#474),#267,.T.);
#5861=ADVANCED_FACE('',(#475),#268,.T.);
#5862=ADVANCED_FACE('',(#476),#269,.T.);
#5863=ADVANCED_FACE('',(#477),#270,.T.);
#5864=ADVANCED_FACE('',(#478),#271,.T.);
#5865=ADVANCED_FACE('',(#479),#272,.T.);
#5866=ADVANCED_FACE('',(#480),#273,.T.);
#5867=ADVANCED_FACE('',(#481,#22),#28,.F.);
#5868=ADVANCED_FACE('',(#482),#29,.F.);
#5869=ADVANCED_FACE('',(#483),#30,.F.);
#5870=ADVANCED_FACE('',(#484),#31,.F.);
#5871=ADVANCED_FACE('',(#485),#32,.F.);
#5872=ADVANCED_FACE('',(#486),#33,.F.);
#5873=ADVANCED_FACE('',(#487),#34,.F.);
#5874=ADVANCED_FACE('',(#488),#35,.F.);
#5875=ADVANCED_FACE('',(#489),#36,.F.);
#5876=ADVANCED_FACE('',(#490),#37,.F.);
#5877=ADVANCED_FACE('',(#491),#38,.F.);
#5878=ADVANCED_FACE('',(#492),#39,.F.);
#5879=ADVANCED_FACE('',(#493),#40,.F.);
#5880=ADVANCED_FACE('',(#494),#41,.F.);
#5881=ADVANCED_FACE('',(#495),#42,.F.);
#5882=ADVANCED_FACE('',(#496),#43,.F.);
#5883=ADVANCED_FACE('',(#497),#44,.F.);
#5884=ADVANCED_FACE('',(#498),#45,.F.);
#5885=ADVANCED_FACE('',(#499),#46,.F.);
#5886=ADVANCED_FACE('',(#500),#47,.F.);
#5887=ADVANCED_FACE('',(#501),#48,.F.);
#5888=ADVANCED_FACE('',(#502),#49,.F.);
#5889=ADVANCED_FACE('',(#503),#50,.F.);
#5890=ADVANCED_FACE('',(#504),#51,.F.);
#5891=ADVANCED_FACE('',(#505),#52,.F.);
#5892=ADVANCED_FACE('',(#506),#53,.F.);
#5893=ADVANCED_FACE('',(#507),#54,.F.);
#5894=ADVANCED_FACE('',(#508),#55,.F.);
#5895=ADVANCED_FACE('',(#509),#56,.F.);
#5896=ADVANCED_FACE('',(#510),#57,.F.);
#5897=ADVANCED_FACE('',(#511),#58,.F.);
#5898=ADVANCED_FACE('',(#512),#59,.F.);
#5899=ADVANCED_FACE('',(#513),#60,.F.);
#5900=ADVANCED_FACE('',(#514),#61,.F.);
#5901=ADVANCED_FACE('',(#515),#62,.F.);
#5902=ADVANCED_FACE('',(#516),#63,.F.);
#5903=ADVANCED_FACE('',(#517),#64,.F.);
#5904=ADVANCED_FACE('',(#518),#65,.F.);
#5905=ADVANCED_FACE('',(#519),#66,.F.);
#5906=ADVANCED_FACE('',(#520),#67,.F.);
#5907=ADVANCED_FACE('',(#521),#68,.F.);
#5908=ADVANCED_FACE('',(#522),#69,.F.);
#5909=ADVANCED_FACE('',(#523),#70,.F.);
#5910=ADVANCED_FACE('',(#524),#71,.F.);
#5911=ADVANCED_FACE('',(#525),#72,.F.);
#5912=ADVANCED_FACE('',(#526),#73,.F.);
#5913=ADVANCED_FACE('',(#527),#74,.F.);
#5914=ADVANCED_FACE('',(#528),#75,.F.);
#5915=ADVANCED_FACE('',(#529),#76,.F.);
#5916=ADVANCED_FACE('',(#530),#77,.F.);
#5917=ADVANCED_FACE('',(#531),#78,.F.);
#5918=ADVANCED_FACE('',(#532),#79,.F.);
#5919=ADVANCED_FACE('',(#533),#80,.F.);
#5920=ADVANCED_FACE('',(#534),#81,.F.);
#5921=ADVANCED_FACE('',(#535),#82,.F.);
#5922=ADVANCED_FACE('',(#536),#83,.F.);
#5923=ADVANCED_FACE('',(#537),#84,.F.);
#5924=ADVANCED_FACE('',(#538),#85,.F.);
#5925=ADVANCED_FACE('',(#539),#86,.F.);
#5926=ADVANCED_FACE('',(#540),#87,.F.);
#5927=ADVANCED_FACE('',(#541),#88,.F.);
#5928=ADVANCED_FACE('',(#542),#89,.F.);
#5929=ADVANCED_FACE('',(#543),#90,.F.);
#5930=ADVANCED_FACE('',(#544),#91,.F.);
#5931=ADVANCED_FACE('',(#545),#92,.F.);
#5932=ADVANCED_FACE('',(#546),#93,.F.);
#5933=ADVANCED_FACE('',(#547),#94,.F.);
#5934=ADVANCED_FACE('',(#548),#95,.F.);
#5935=ADVANCED_FACE('',(#549),#96,.F.);
#5936=ADVANCED_FACE('',(#550),#97,.F.);
#5937=ADVANCED_FACE('',(#551),#98,.F.);
#5938=ADVANCED_FACE('',(#552),#99,.F.);
#5939=ADVANCED_FACE('',(#553),#100,.F.);
#5940=ADVANCED_FACE('',(#554),#101,.F.);
#5941=ADVANCED_FACE('',(#555),#102,.F.);
#5942=ADVANCED_FACE('',(#556),#103,.F.);
#5943=ADVANCED_FACE('',(#557),#104,.F.);
#5944=ADVANCED_FACE('',(#558),#105,.F.);
#5945=ADVANCED_FACE('',(#559),#106,.F.);
#5946=ADVANCED_FACE('',(#560),#107,.F.);
#5947=ADVANCED_FACE('',(#561),#108,.F.);
#5948=ADVANCED_FACE('',(#562),#109,.F.);
#5949=ADVANCED_FACE('',(#563),#110,.F.);
#5950=ADVANCED_FACE('',(#564),#111,.F.);
#5951=ADVANCED_FACE('',(#565),#112,.F.);
#5952=ADVANCED_FACE('',(#566),#113,.T.);
#5953=ADVANCED_FACE('',(#567),#114,.F.);
#5954=ADVANCED_FACE('',(#568),#274,.T.);
#5955=ADVANCED_FACE('',(#569),#115,.F.);
#5956=ADVANCED_FACE('',(#570),#116,.T.);
#5957=ADVANCED_FACE('',(#571),#117,.F.);
#5958=ADVANCED_FACE('',(#572),#275,.T.);
#5959=ADVANCED_FACE('',(#573),#118,.F.);
#5960=ADVANCED_FACE('',(#574),#119,.T.);
#5961=ADVANCED_FACE('',(#575),#120,.F.);
#5962=ADVANCED_FACE('',(#576),#276,.T.);
#5963=ADVANCED_FACE('',(#577),#121,.F.);
#5964=ADVANCED_FACE('',(#578),#122,.T.);
#5965=ADVANCED_FACE('',(#579),#123,.F.);
#5966=ADVANCED_FACE('',(#580),#277,.T.);
#5967=ADVANCED_FACE('',(#581),#124,.F.);
#5968=ADVANCED_FACE('',(#582),#125,.T.);
#5969=ADVANCED_FACE('',(#583),#126,.F.);
#5970=ADVANCED_FACE('',(#584),#278,.T.);
#5971=ADVANCED_FACE('',(#585),#127,.F.);
#5972=ADVANCED_FACE('',(#586),#128,.T.);
#5973=ADVANCED_FACE('',(#587),#129,.F.);
#5974=ADVANCED_FACE('',(#588),#279,.T.);
#5975=ADVANCED_FACE('',(#589),#130,.F.);
#5976=ADVANCED_FACE('',(#590),#131,.T.);
#5977=ADVANCED_FACE('',(#591),#132,.F.);
#5978=ADVANCED_FACE('',(#592),#280,.T.);
#5979=ADVANCED_FACE('',(#593),#133,.F.);
#5980=ADVANCED_FACE('',(#594),#134,.T.);
#5981=ADVANCED_FACE('',(#595),#135,.F.);
#5982=ADVANCED_FACE('',(#596),#281,.T.);
#5983=ADVANCED_FACE('',(#597),#136,.F.);
#5984=ADVANCED_FACE('',(#598),#137,.T.);
#5985=ADVANCED_FACE('',(#599),#138,.F.);
#5986=ADVANCED_FACE('',(#600),#282,.T.);
#5987=ADVANCED_FACE('',(#601),#139,.F.);
#5988=ADVANCED_FACE('',(#602),#140,.T.);
#5989=ADVANCED_FACE('',(#603),#141,.F.);
#5990=ADVANCED_FACE('',(#604),#283,.T.);
#5991=ADVANCED_FACE('',(#605),#142,.F.);
#5992=ADVANCED_FACE('',(#606),#143,.T.);
#5993=ADVANCED_FACE('',(#607),#144,.F.);
#5994=ADVANCED_FACE('',(#608),#284,.T.);
#5995=ADVANCED_FACE('',(#609),#145,.F.);
#5996=ADVANCED_FACE('',(#610),#146,.T.);
#5997=ADVANCED_FACE('',(#611),#147,.F.);
#5998=ADVANCED_FACE('',(#612),#285,.T.);
#5999=ADVANCED_FACE('',(#613),#148,.F.);
#6000=ADVANCED_FACE('',(#614),#149,.T.);
#6001=ADVANCED_FACE('',(#615),#150,.F.);
#6002=ADVANCED_FACE('',(#616),#286,.T.);
#6003=ADVANCED_FACE('',(#617),#151,.F.);
#6004=ADVANCED_FACE('',(#618),#152,.T.);
#6005=ADVANCED_FACE('',(#619),#153,.F.);
#6006=ADVANCED_FACE('',(#620),#287,.T.);
#6007=ADVANCED_FACE('',(#621),#154,.F.);
#6008=ADVANCED_FACE('',(#622),#155,.T.);
#6009=ADVANCED_FACE('',(#623),#156,.F.);
#6010=ADVANCED_FACE('',(#624),#288,.T.);
#6011=ADVANCED_FACE('',(#625),#157,.F.);
#6012=ADVANCED_FACE('',(#626),#158,.T.);
#6013=ADVANCED_FACE('',(#627),#159,.F.);
#6014=ADVANCED_FACE('',(#628),#289,.T.);
#6015=ADVANCED_FACE('',(#629),#160,.F.);
#6016=ADVANCED_FACE('',(#630),#161,.T.);
#6017=ADVANCED_FACE('',(#631),#162,.F.);
#6018=ADVANCED_FACE('',(#632),#290,.T.);
#6019=ADVANCED_FACE('',(#633),#163,.F.);
#6020=ADVANCED_FACE('',(#634),#164,.T.);
#6021=ADVANCED_FACE('',(#635),#165,.F.);
#6022=ADVANCED_FACE('',(#636),#291,.T.);
#6023=ADVANCED_FACE('',(#637),#166,.F.);
#6024=ADVANCED_FACE('',(#638),#167,.T.);
#6025=ADVANCED_FACE('',(#639),#168,.F.);
#6026=ADVANCED_FACE('',(#640),#292,.T.);
#6027=ADVANCED_FACE('',(#641),#169,.F.);
#6028=ADVANCED_FACE('',(#642),#170,.T.);
#6029=ADVANCED_FACE('',(#643),#171,.F.);
#6030=ADVANCED_FACE('',(#644),#293,.T.);
#6031=ADVANCED_FACE('',(#645),#172,.F.);
#6032=ADVANCED_FACE('',(#646),#173,.T.);
#6033=ADVANCED_FACE('',(#647),#174,.F.);
#6034=ADVANCED_FACE('',(#648),#294,.T.);
#6035=ADVANCED_FACE('',(#649),#175,.F.);
#6036=ADVANCED_FACE('',(#650),#176,.T.);
#6037=ADVANCED_FACE('',(#651),#177,.F.);
#6038=ADVANCED_FACE('',(#652),#295,.T.);
#6039=ADVANCED_FACE('',(#653),#178,.F.);
#6040=ADVANCED_FACE('',(#654),#179,.T.);
#6041=ADVANCED_FACE('',(#655),#180,.F.);
#6042=ADVANCED_FACE('',(#656),#296,.T.);
#6043=ADVANCED_FACE('',(#657),#181,.F.);
#6044=ADVANCED_FACE('',(#658),#182,.T.);
#6045=ADVANCED_FACE('',(#659),#183,.F.);
#6046=ADVANCED_FACE('',(#660),#297,.T.);
#6047=ADVANCED_FACE('',(#661),#184,.F.);
#6048=ADVANCED_FACE('',(#662),#185,.T.);
#6049=ADVANCED_FACE('',(#663),#186,.F.);
#6050=ADVANCED_FACE('',(#664),#298,.T.);
#6051=ADVANCED_FACE('',(#665),#187,.F.);
#6052=ADVANCED_FACE('',(#666),#188,.T.);
#6053=ADVANCED_FACE('',(#667),#189,.F.);
#6054=ADVANCED_FACE('',(#668),#299,.T.);
#6055=ADVANCED_FACE('',(#669),#190,.F.);
#6056=ADVANCED_FACE('',(#670),#191,.T.);
#6057=ADVANCED_FACE('',(#671),#192,.F.);
#6058=ADVANCED_FACE('',(#672),#300,.T.);
#6059=ADVANCED_FACE('',(#673),#193,.F.);
#6060=ADVANCED_FACE('',(#674),#194,.T.);
#6061=ADVANCED_FACE('',(#675),#195,.F.);
#6062=ADVANCED_FACE('',(#676),#301,.T.);
#6063=ADVANCED_FACE('',(#677),#196,.F.);
#6064=ADVANCED_FACE('',(#678),#197,.T.);
#6065=ADVANCED_FACE('',(#679),#198,.F.);
#6066=ADVANCED_FACE('',(#680),#302,.T.);
#6067=ADVANCED_FACE('',(#681),#199,.F.);
#6068=ADVANCED_FACE('',(#682),#200,.T.);
#6069=ADVANCED_FACE('',(#683),#201,.F.);
#6070=ADVANCED_FACE('',(#684),#303,.T.);
#6071=ADVANCED_FACE('',(#685),#202,.F.);
#6072=ADVANCED_FACE('',(#686),#203,.T.);
#6073=ADVANCED_FACE('',(#687),#204,.F.);
#6074=ADVANCED_FACE('',(#688),#304,.T.);
#6075=ADVANCED_FACE('',(#689),#205,.F.);
#6076=ADVANCED_FACE('',(#690),#206,.T.);
#6077=ADVANCED_FACE('',(#691),#207,.F.);
#6078=ADVANCED_FACE('',(#692),#305,.T.);
#6079=ADVANCED_FACE('',(#693),#208,.F.);
#6080=ADVANCED_FACE('',(#694),#209,.T.);
#6081=ADVANCED_FACE('',(#695),#210,.F.);
#6082=ADVANCED_FACE('',(#696),#306,.T.);
#6083=ADVANCED_FACE('',(#697),#211,.F.);
#6084=ADVANCED_FACE('',(#698),#212,.T.);
#6085=ADVANCED_FACE('',(#699),#213,.F.);
#6086=ADVANCED_FACE('',(#700),#307,.T.);
#6087=ADVANCED_FACE('',(#701),#214,.F.);
#6088=ADVANCED_FACE('',(#702),#215,.T.);
#6089=ADVANCED_FACE('',(#703),#216,.F.);
#6090=ADVANCED_FACE('',(#704),#308,.T.);
#6091=ADVANCED_FACE('',(#705),#217,.F.);
#6092=ADVANCED_FACE('',(#706),#218,.T.);
#6093=ADVANCED_FACE('',(#707),#219,.F.);
#6094=ADVANCED_FACE('',(#708),#309,.T.);
#6095=ADVANCED_FACE('',(#709),#220,.F.);
#6096=ADVANCED_FACE('',(#710),#221,.T.);
#6097=ADVANCED_FACE('',(#711),#222,.F.);
#6098=ADVANCED_FACE('',(#712),#310,.T.);
#6099=ADVANCED_FACE('',(#713),#223,.F.);
#6100=ADVANCED_FACE('',(#714),#224,.T.);
#6101=ADVANCED_FACE('',(#715),#225,.F.);
#6102=ADVANCED_FACE('',(#716),#311,.T.);
#6103=ADVANCED_FACE('',(#717),#226,.F.);
#6104=ADVANCED_FACE('',(#718),#227,.T.);
#6105=ADVANCED_FACE('',(#719),#228,.F.);
#6106=ADVANCED_FACE('',(#720),#312,.T.);
#6107=ADVANCED_FACE('',(#721),#229,.F.);
#6108=ADVANCED_FACE('',(#722),#230,.T.);
#6109=ADVANCED_FACE('',(#723),#231,.F.);
#6110=ADVANCED_FACE('',(#724),#313,.T.);
#6111=ADVANCED_FACE('',(#725),#232,.F.);
#6112=ADVANCED_FACE('',(#726),#233,.T.);
#6113=ADVANCED_FACE('',(#727),#234,.F.);
#6114=ADVANCED_FACE('',(#728),#314,.T.);
#6115=ADVANCED_FACE('',(#729),#235,.F.);
#6116=ADVANCED_FACE('',(#730),#236,.T.);
#6117=ADVANCED_FACE('',(#731),#237,.F.);
#6118=ADVANCED_FACE('',(#732),#315,.T.);
#6119=ADVANCED_FACE('',(#733),#238,.F.);
#6120=CLOSED_SHELL('',(#5795,#5796,#5797,#5798,#5799,#5800,#5801,#5802,
#5803,#5804,#5805,#5806,#5807,#5808,#5809,#5810,#5811,#5812,#5813,#5814,
#5815,#5816,#5817,#5818,#5819,#5820,#5821,#5822,#5823,#5824,#5825,#5826,
#5827,#5828,#5829,#5830,#5831,#5832,#5833,#5834,#5835,#5836,#5837,#5838,
#5839,#5840,#5841,#5842,#5843,#5844,#5845,#5846,#5847,#5848,#5849,#5850,
#5851,#5852,#5853,#5854,#5855,#5856,#5857,#5858,#5859,#5860,#5861,#5862,
#5863,#5864,#5865,#5866,#5867,#5868,#5869,#5870,#5871,#5872,#5873,#5874,
#5875,#5876,#5877,#5878,#5879,#5880,#5881,#5882,#5883,#5884,#5885,#5886,
#5887,#5888,#5889,#5890,#5891,#5892,#5893,#5894,#5895,#5896,#5897,#5898,
#5899,#5900,#5901,#5902,#5903,#5904,#5905,#5906,#5907,#5908,#5909,#5910,
#5911,#5912,#5913,#5914,#5915,#5916,#5917,#5918,#5919,#5920,#5921,#5922,
#5923,#5924,#5925,#5926,#5927,#5928,#5929,#5930,#5931,#5932,#5933,#5934,
#5935,#5936,#5937,#5938,#5939,#5940,#5941,#5942,#5943,#5944,#5945,#5946,
#5947,#5948,#5949,#5950,#5951,#5952,#5953,#5954,#5955,#5956,#5957,#5958,
#5959,#5960,#5961,#5962,#5963,#5964,#5965,#5966,#5967,#5968,#5969,#5970,
#5971,#5972,#5973,#5974,#5975,#5976,#5977,#5978,#5979,#5980,#5981,#5982,
#5983,#5984,#5985,#5986,#5987,#5988,#5989,#5990,#5991,#5992,#5993,#5994,
#5995,#5996,#5997,#5998,#5999,#6000,#6001,#6002,#6003,#6004,#6005,#6006,
#6007,#6008,#6009,#6010,#6011,#6012,#6013,#6014,#6015,#6016,#6017,#6018,
#6019,#6020,#6021,#6022,#6023,#6024,#6025,#6026,#6027,#6028,#6029,#6030,
#6031,#6032,#6033,#6034,#6035,#6036,#6037,#6038,#6039,#6040,#6041,#6042,
#6043,#6044,#6045,#6046,#6047,#6048,#6049,#6050,#6051,#6052,#6053,#6054,
#6055,#6056,#6057,#6058,#6059,#6060,#6061,#6062,#6063,#6064,#6065,#6066,
#6067,#6068,#6069,#6070,#6071,#6072,#6073,#6074,#6075,#6076,#6077,#6078,
#6079,#6080,#6081,#6082,#6083,#6084,#6085,#6086,#6087,#6088,#6089,#6090,
#6091,#6092,#6093,#6094,#6095,#6096,#6097,#6098,#6099,#6100,#6101,#6102,
#6103,#6104,#6105,#6106,#6107,#6108,#6109,#6110,#6111,#6112,#6113,#6114,
#6115,#6116,#6117,#6118,#6119));
#6121=DERIVED_UNIT_ELEMENT(#6123,1.);
#6122=DERIVED_UNIT_ELEMENT(#12107,-3.);
#6123=(
CONVERSION_BASED_UNIT('gram',#6125)
MASS_UNIT()
NAMED_UNIT(#12104)
);
#6124=(
MASS_UNIT()
NAMED_UNIT(*)
SI_UNIT(.KILO.,.GRAM.)
);
#6125=MASS_MEASURE_WITH_UNIT(MASS_MEASURE(0.001),#6124);
#6126=DERIVED_UNIT((#6121,#6122));
#6127=MEASURE_REPRESENTATION_ITEM('density measure',
POSITIVE_RATIO_MEASURE(7.85),#6126);
#6128=PROPERTY_DEFINITION_REPRESENTATION(#6133,#6130);
#6129=PROPERTY_DEFINITION_REPRESENTATION(#6134,#6131);
#6130=REPRESENTATION('material name',(#6132),#12101);
#6131=REPRESENTATION('density',(#6127),#12101);
#6132=DESCRIPTIVE_REPRESENTATION_ITEM('Steel, Mild','Steel, Mild');
#6133=PROPERTY_DEFINITION('material property','material name',#12115);
#6134=PROPERTY_DEFINITION('material property','density of part',#12115);
#6135=DATE_TIME_ROLE('creation_date');
#6136=APPLIED_DATE_AND_TIME_ASSIGNMENT(#6137,#6135,(#12115));
#6137=DATE_AND_TIME(#6138,#6139);
#6138=CALENDAR_DATE(2024,7,11);
#6139=LOCAL_TIME(19,27,44.,#6140);
#6140=COORDINATED_UNIVERSAL_TIME_OFFSET(0,0,.BEHIND.);
#6141=AXIS2_PLACEMENT_3D('',#8515,#6767,#6768);
#6142=AXIS2_PLACEMENT_3D('',#8516,#6769,#6770);
#6143=AXIS2_PLACEMENT_3D('',#8554,#6772,#6773);
#6144=AXIS2_PLACEMENT_3D('',#8583,#6774,#6775);
#6145=AXIS2_PLACEMENT_3D('',#8659,#6777,#6778);
#6146=AXIS2_PLACEMENT_3D('',#8735,#6780,#6781);
#6147=AXIS2_PLACEMENT_3D('',#8811,#6783,#6784);
#6148=AXIS2_PLACEMENT_3D('',#8887,#6786,#6787);
#6149=AXIS2_PLACEMENT_3D('',#8963,#6789,#6790);
#6150=AXIS2_PLACEMENT_3D('',#9039,#6792,#6793);
#6151=AXIS2_PLACEMENT_3D('',#9056,#6795,#6796);
#6152=AXIS2_PLACEMENT_3D('',#9077,#6797,#6798);
#6153=AXIS2_PLACEMENT_3D('',#9134,#6800,#6801);
#6154=AXIS2_PLACEMENT_3D('',#9191,#6803,#6804);
#6155=AXIS2_PLACEMENT_3D('',#9248,#6806,#6807);
#6156=AXIS2_PLACEMENT_3D('',#9305,#6809,#6810);
#6157=AXIS2_PLACEMENT_3D('',#9362,#6812,#6813);
#6158=AXIS2_PLACEMENT_3D('',#9419,#6815,#6816);
#6159=AXIS2_PLACEMENT_3D('',#9421,#6817,#6818);
#6160=AXIS2_PLACEMENT_3D('',#9425,#6820,#6821);
#6161=AXIS2_PLACEMENT_3D('',#9445,#6823,#6824);
#6162=AXIS2_PLACEMENT_3D('',#9446,#6825,#6826);
#6163=AXIS2_PLACEMENT_3D('',#9448,#6827,#6828);
#6164=AXIS2_PLACEMENT_3D('',#9450,#6829,#6830);
#6165=AXIS2_PLACEMENT_3D('',#9451,#6831,#6832);
#6166=AXIS2_PLACEMENT_3D('',#9452,#6833,#6834);
#6167=AXIS2_PLACEMENT_3D('',#9455,#6835,#6836);
#6168=AXIS2_PLACEMENT_3D('',#9459,#6838,#6839);
#6169=AXIS2_PLACEMENT_3D('',#9463,#6841,#6842);
#6170=AXIS2_PLACEMENT_3D('',#9467,#6844,#6845);
#6171=AXIS2_PLACEMENT_3D('',#9471,#6847,#6848);
#6172=AXIS2_PLACEMENT_3D('',#9475,#6850,#6851);
#6173=AXIS2_PLACEMENT_3D('',#9479,#6853,#6854);
#6174=AXIS2_PLACEMENT_3D('',#9483,#6856,#6857);
#6175=AXIS2_PLACEMENT_3D('',#9487,#6859,#6860);
#6176=AXIS2_PLACEMENT_3D('',#9491,#6862,#6863);
#6177=AXIS2_PLACEMENT_3D('',#9495,#6865,#6866);
#6178=AXIS2_PLACEMENT_3D('',#9499,#6868,#6869);
#6179=AXIS2_PLACEMENT_3D('',#9503,#6871,#6872);
#6180=AXIS2_PLACEMENT_3D('',#9507,#6874,#6875);
#6181=AXIS2_PLACEMENT_3D('',#9511,#6877,#6878);
#6182=AXIS2_PLACEMENT_3D('',#9515,#6880,#6881);
#6183=AXIS2_PLACEMENT_3D('',#9519,#6883,#6884);
#6184=AXIS2_PLACEMENT_3D('',#9523,#6886,#6887);
#6185=AXIS2_PLACEMENT_3D('',#9527,#6889,#6890);
#6186=AXIS2_PLACEMENT_3D('',#9531,#6892,#6893);
#6187=AXIS2_PLACEMENT_3D('',#9535,#6895,#6896);
#6188=AXIS2_PLACEMENT_3D('',#9539,#6898,#6899);
#6189=AXIS2_PLACEMENT_3D('',#9543,#6901,#6902);
#6190=AXIS2_PLACEMENT_3D('',#9547,#6904,#6905);
#6191=AXIS2_PLACEMENT_3D('',#9551,#6907,#6908);
#6192=AXIS2_PLACEMENT_3D('',#9555,#6910,#6911);
#6193=AXIS2_PLACEMENT_3D('',#9559,#6913,#6914);
#6194=AXIS2_PLACEMENT_3D('',#9563,#6916,#6917);
#6195=AXIS2_PLACEMENT_3D('',#9567,#6919,#6920);
#6196=AXIS2_PLACEMENT_3D('',#9571,#6922,#6923);
#6197=AXIS2_PLACEMENT_3D('',#9575,#6925,#6926);
#6198=AXIS2_PLACEMENT_3D('',#9579,#6928,#6929);
#6199=AXIS2_PLACEMENT_3D('',#9583,#6931,#6932);
#6200=AXIS2_PLACEMENT_3D('',#9587,#6934,#6935);
#6201=AXIS2_PLACEMENT_3D('',#9591,#6937,#6938);
#6202=AXIS2_PLACEMENT_3D('',#9595,#6940,#6941);
#6203=AXIS2_PLACEMENT_3D('',#9599,#6943,#6944);
#6204=AXIS2_PLACEMENT_3D('',#9603,#6946,#6947);
#6205=AXIS2_PLACEMENT_3D('',#9607,#6949,#6950);
#6206=AXIS2_PLACEMENT_3D('',#9611,#6952,#6953);
#6207=AXIS2_PLACEMENT_3D('',#9615,#6955,#6956);
#6208=AXIS2_PLACEMENT_3D('',#9619,#6958,#6959);
#6209=AXIS2_PLACEMENT_3D('',#9623,#6961,#6962);
#6210=AXIS2_PLACEMENT_3D('',#9626,#6964,#6965);
#6211=AXIS2_PLACEMENT_3D('',#9630,#6967,#6968);
#6212=AXIS2_PLACEMENT_3D('',#9634,#6970,#6971);
#6213=AXIS2_PLACEMENT_3D('',#9638,#6973,#6974);
#6214=AXIS2_PLACEMENT_3D('',#9642,#6976,#6977);
#6215=AXIS2_PLACEMENT_3D('',#9646,#6979,#6980);
#6216=AXIS2_PLACEMENT_3D('',#9650,#6982,#6983);
#6217=AXIS2_PLACEMENT_3D('',#9654,#6985,#6986);
#6218=AXIS2_PLACEMENT_3D('',#9658,#6988,#6989);
#6219=AXIS2_PLACEMENT_3D('',#9662,#6991,#6992);
#6220=AXIS2_PLACEMENT_3D('',#9666,#6994,#6995);
#6221=AXIS2_PLACEMENT_3D('',#9670,#6997,#6998);
#6222=AXIS2_PLACEMENT_3D('',#9674,#7000,#7001);
#6223=AXIS2_PLACEMENT_3D('',#9678,#7003,#7004);
#6224=AXIS2_PLACEMENT_3D('',#9682,#7006,#7007);
#6225=AXIS2_PLACEMENT_3D('',#9686,#7009,#7010);
#6226=AXIS2_PLACEMENT_3D('',#9690,#7012,#7013);
#6227=AXIS2_PLACEMENT_3D('',#9694,#7015,#7016);
#6228=AXIS2_PLACEMENT_3D('',#9698,#7018,#7019);
#6229=AXIS2_PLACEMENT_3D('',#9702,#7021,#7022);
#6230=AXIS2_PLACEMENT_3D('',#9706,#7024,#7025);
#6231=AXIS2_PLACEMENT_3D('',#9710,#7027,#7028);
#6232=AXIS2_PLACEMENT_3D('',#9714,#7030,#7031);
#6233=AXIS2_PLACEMENT_3D('',#9718,#7033,#7034);
#6234=AXIS2_PLACEMENT_3D('',#9722,#7036,#7037);
#6235=AXIS2_PLACEMENT_3D('',#9726,#7039,#7040);
#6236=AXIS2_PLACEMENT_3D('',#9730,#7042,#7043);
#6237=AXIS2_PLACEMENT_3D('',#9734,#7045,#7046);
#6238=AXIS2_PLACEMENT_3D('',#9738,#7048,#7049);
#6239=AXIS2_PLACEMENT_3D('',#9742,#7051,#7052);
#6240=AXIS2_PLACEMENT_3D('',#9746,#7054,#7055);
#6241=AXIS2_PLACEMENT_3D('',#9750,#7057,#7058);
#6242=AXIS2_PLACEMENT_3D('',#9754,#7060,#7061);
#6243=AXIS2_PLACEMENT_3D('',#9758,#7063,#7064);
#6244=AXIS2_PLACEMENT_3D('',#9762,#7066,#7067);
#6245=AXIS2_PLACEMENT_3D('',#9766,#7069,#7070);
#6246=AXIS2_PLACEMENT_3D('',#9770,#7072,#7073);
#6247=AXIS2_PLACEMENT_3D('',#9774,#7075,#7076);
#6248=AXIS2_PLACEMENT_3D('',#9778,#7078,#7079);
#6249=AXIS2_PLACEMENT_3D('',#9782,#7081,#7082);
#6250=AXIS2_PLACEMENT_3D('',#9786,#7084,#7085);
#6251=AXIS2_PLACEMENT_3D('',#9790,#7087,#7088);
#6252=AXIS2_PLACEMENT_3D('',#9792,#7090,#7091);
#6253=AXIS2_PLACEMENT_3D('',#9801,#7093,#7094);
#6254=AXIS2_PLACEMENT_3D('',#9815,#7097,#7098);
#6255=AXIS2_PLACEMENT_3D('',#9829,#7101,#7102);
#6256=AXIS2_PLACEMENT_3D('',#9843,#7105,#7106);
#6257=AXIS2_PLACEMENT_3D('',#9857,#7109,#7110);
#6258=AXIS2_PLACEMENT_3D('',#9871,#7113,#7114);
#6259=AXIS2_PLACEMENT_3D('',#9885,#7117,#7118);
#6260=AXIS2_PLACEMENT_3D('',#9899,#7121,#7122);
#6261=AXIS2_PLACEMENT_3D('',#9913,#7125,#7126);
#6262=AXIS2_PLACEMENT_3D('',#9927,#7129,#7130);
#6263=AXIS2_PLACEMENT_3D('',#9941,#7133,#7134);
#6264=AXIS2_PLACEMENT_3D('',#9955,#7137,#7138);
#6265=AXIS2_PLACEMENT_3D('',#9969,#7141,#7142);
#6266=AXIS2_PLACEMENT_3D('',#9983,#7145,#7146);
#6267=AXIS2_PLACEMENT_3D('',#9997,#7149,#7150);
#6268=AXIS2_PLACEMENT_3D('',#10011,#7153,#7154);
#6269=AXIS2_PLACEMENT_3D('',#10025,#7157,#7158);
#6270=AXIS2_PLACEMENT_3D('',#10039,#7161,#7162);
#6271=AXIS2_PLACEMENT_3D('',#10053,#7165,#7166);
#6272=AXIS2_PLACEMENT_3D('',#10067,#7169,#7170);
#6273=AXIS2_PLACEMENT_3D('',#10081,#7173,#7174);
#6274=AXIS2_PLACEMENT_3D('',#10090,#7177,#7178);
#6275=AXIS2_PLACEMENT_3D('',#10098,#7180,#7181);
#6276=AXIS2_PLACEMENT_3D('',#10112,#7184,#7185);
#6277=AXIS2_PLACEMENT_3D('',#10126,#7188,#7189);
#6278=AXIS2_PLACEMENT_3D('',#10140,#7192,#7193);
#6279=AXIS2_PLACEMENT_3D('',#10154,#7196,#7197);
#6280=AXIS2_PLACEMENT_3D('',#10168,#7200,#7201);
#6281=AXIS2_PLACEMENT_3D('',#10182,#7204,#7205);
#6282=AXIS2_PLACEMENT_3D('',#10196,#7208,#7209);
#6283=AXIS2_PLACEMENT_3D('',#10210,#7212,#7213);
#6284=AXIS2_PLACEMENT_3D('',#10224,#7216,#7217);
#6285=AXIS2_PLACEMENT_3D('',#10238,#7220,#7221);
#6286=AXIS2_PLACEMENT_3D('',#10252,#7224,#7225);
#6287=AXIS2_PLACEMENT_3D('',#10266,#7228,#7229);
#6288=AXIS2_PLACEMENT_3D('',#10280,#7232,#7233);
#6289=AXIS2_PLACEMENT_3D('',#10294,#7236,#7237);
#6290=AXIS2_PLACEMENT_3D('',#10308,#7240,#7241);
#6291=AXIS2_PLACEMENT_3D('',#10322,#7244,#7245);
#6292=AXIS2_PLACEMENT_3D('',#10336,#7248,#7249);
#6293=AXIS2_PLACEMENT_3D('',#10350,#7252,#7253);
#6294=AXIS2_PLACEMENT_3D('',#10364,#7256,#7257);
#6295=AXIS2_PLACEMENT_3D('',#10378,#7260,#7261);
#6296=AXIS2_PLACEMENT_3D('',#10384,#7263,#7264);
#6297=AXIS2_PLACEMENT_3D('',#10387,#7265,#7266);
#6298=AXIS2_PLACEMENT_3D('',#10389,#7267,#7268);
#6299=AXIS2_PLACEMENT_3D('',#10391,#7269,#7270);
#6300=AXIS2_PLACEMENT_3D('',#10392,#7271,#7272);
#6301=AXIS2_PLACEMENT_3D('',#10393,#7273,#7274);
#6302=AXIS2_PLACEMENT_3D('',#10396,#7275,#7276);
#6303=AXIS2_PLACEMENT_3D('',#10400,#7278,#7279);
#6304=AXIS2_PLACEMENT_3D('',#10402,#7281,#7282);
#6305=AXIS2_PLACEMENT_3D('',#10404,#7283,#7284);
#6306=AXIS2_PLACEMENT_3D('',#10407,#7286,#7287);
#6307=AXIS2_PLACEMENT_3D('',#10408,#7288,#7289);
#6308=AXIS2_PLACEMENT_3D('',#10410,#7290,#7291);
#6309=AXIS2_PLACEMENT_3D('',#10412,#7292,#7293);
#6310=AXIS2_PLACEMENT_3D('',#10414,#7295,#7296);
#6311=AXIS2_PLACEMENT_3D('',#10417,#7297,#7298);
#6312=AXIS2_PLACEMENT_3D('',#10419,#7299,#7300);
#6313=AXIS2_PLACEMENT_3D('',#10420,#7301,#7302);
#6314=AXIS2_PLACEMENT_3D('',#10421,#7303,#7304);
#6315=AXIS2_PLACEMENT_3D('',#10423,#7305,#7306);
#6316=AXIS2_PLACEMENT_3D('',#10425,#7307,#7308);
#6317=AXIS2_PLACEMENT_3D('',#10426,#7309,#7310);
#6318=AXIS2_PLACEMENT_3D('',#10427,#7311,#7312);
#6319=AXIS2_PLACEMENT_3D('',#10429,#7313,#7314);
#6320=AXIS2_PLACEMENT_3D('',#10430,#7315,#7316);
#6321=AXIS2_PLACEMENT_3D('',#10431,#7317,#7318);
#6322=AXIS2_PLACEMENT_3D('',#10433,#7319,#7320);
#6323=AXIS2_PLACEMENT_3D('',#10435,#7321,#7322);
#6324=AXIS2_PLACEMENT_3D('',#10436,#7323,#7324);
#6325=AXIS2_PLACEMENT_3D('',#10437,#7325,#7326);
#6326=AXIS2_PLACEMENT_3D('',#10439,#7327,#7328);
#6327=AXIS2_PLACEMENT_3D('',#10440,#7329,#7330);
#6328=AXIS2_PLACEMENT_3D('',#10441,#7331,#7332);
#6329=AXIS2_PLACEMENT_3D('',#10443,#7333,#7334);
#6330=AXIS2_PLACEMENT_3D('',#10445,#7335,#7336);
#6331=AXIS2_PLACEMENT_3D('',#10446,#7337,#7338);
#6332=AXIS2_PLACEMENT_3D('',#10447,#7339,#7340);
#6333=AXIS2_PLACEMENT_3D('',#10450,#7341,#7342);
#6334=AXIS2_PLACEMENT_3D('',#10454,#7344,#7345);
#6335=AXIS2_PLACEMENT_3D('',#10455,#7346,#7347);
#6336=AXIS2_PLACEMENT_3D('',#10456,#7348,#7349);
#6337=AXIS2_PLACEMENT_3D('',#10457,#7350,#7351);
#6338=AXIS2_PLACEMENT_3D('',#10511,#7352,#7353);
#6339=AXIS2_PLACEMENT_3D('',#10514,#7355,#7356);
#6340=AXIS2_PLACEMENT_3D('',#10515,#7357,#7358);
#6341=AXIS2_PLACEMENT_3D('',#10517,#7360,#7361);
#6342=AXIS2_PLACEMENT_3D('',#10540,#7362,#7363);
#6343=AXIS2_PLACEMENT_3D('',#10557,#7364,#7365);
#6344=AXIS2_PLACEMENT_3D('',#10559,#7367,#7368);
#6345=AXIS2_PLACEMENT_3D('',#10578,#7369,#7370);
#6346=AXIS2_PLACEMENT_3D('',#10591,#7371,#7372);
#6347=AXIS2_PLACEMENT_3D('',#10620,#7373,#7374);
#6348=AXIS2_PLACEMENT_3D('',#10621,#7375,#7376);
#6349=AXIS2_PLACEMENT_3D('',#10648,#7377,#7378);
#6350=AXIS2_PLACEMENT_3D('',#10677,#7379,#7380);
#6351=AXIS2_PLACEMENT_3D('',#10678,#7381,#7382);
#6352=AXIS2_PLACEMENT_3D('',#11231,#7383,#7384);
#6353=AXIS2_PLACEMENT_3D('',#11234,#7385,#7386);
#6354=AXIS2_PLACEMENT_3D('',#11235,#7387,#7388);
#6355=AXIS2_PLACEMENT_3D('',#11237,#7389,#7390);
#6356=AXIS2_PLACEMENT_3D('',#11239,#7391,#7392);
#6357=AXIS2_PLACEMENT_3D('',#11240,#7393,#7394);
#6358=AXIS2_PLACEMENT_3D('',#11241,#7395,#7396);
#6359=AXIS2_PLACEMENT_3D('',#11243,#7397,#7398);
#6360=AXIS2_PLACEMENT_3D('',#11244,#7399,#7400);
#6361=AXIS2_PLACEMENT_3D('',#11245,#7401,#7402);
#6362=AXIS2_PLACEMENT_3D('',#11247,#7403,#7404);
#6363=AXIS2_PLACEMENT_3D('',#11248,#7405,#7406);
#6364=AXIS2_PLACEMENT_3D('',#11249,#7407,#7408);
#6365=AXIS2_PLACEMENT_3D('',#11250,#7409,#7410);
#6366=AXIS2_PLACEMENT_3D('',#11251,#7411,#7412);
#6367=AXIS2_PLACEMENT_3D('',#11252,#7413,#7414);
#6368=AXIS2_PLACEMENT_3D('',#11253,#7415,#7416);
#6369=AXIS2_PLACEMENT_3D('',#11254,#7417,#7418);
#6370=AXIS2_PLACEMENT_3D('',#11255,#7419,#7420);
#6371=AXIS2_PLACEMENT_3D('',#11256,#7421,#7422);
#6372=AXIS2_PLACEMENT_3D('',#11257,#7423,#7424);
#6373=AXIS2_PLACEMENT_3D('',#11258,#7425,#7426);
#6374=AXIS2_PLACEMENT_3D('',#11260,#7427,#7428);
#6375=AXIS2_PLACEMENT_3D('',#11261,#7429,#7430);
#6376=AXIS2_PLACEMENT_3D('',#11262,#7431,#7432);
#6377=AXIS2_PLACEMENT_3D('',#11264,#7433,#7434);
#6378=AXIS2_PLACEMENT_3D('',#11265,#7435,#7436);
#6379=AXIS2_PLACEMENT_3D('',#11266,#7437,#7438);
#6380=AXIS2_PLACEMENT_3D('',#11267,#7439,#7440);
#6381=AXIS2_PLACEMENT_3D('',#11268,#7441,#7442);
#6382=AXIS2_PLACEMENT_3D('',#11271,#7444,#7445);
#6383=AXIS2_PLACEMENT_3D('',#11273,#7447,#7448);
#6384=AXIS2_PLACEMENT_3D('',#11275,#7450,#7451);
#6385=AXIS2_PLACEMENT_3D('',#11276,#7452,#7453);
#6386=AXIS2_PLACEMENT_3D('',#11277,#7454,#7455);
#6387=AXIS2_PLACEMENT_3D('',#11279,#7456,#7457);
#6388=AXIS2_PLACEMENT_3D('',#11281,#7459,#7460);
#6389=AXIS2_PLACEMENT_3D('',#11283,#7461,#7462);
#6390=AXIS2_PLACEMENT_3D('',#11285,#7464,#7465);
#6391=AXIS2_PLACEMENT_3D('',#11287,#7466,#7467);
#6392=AXIS2_PLACEMENT_3D('',#11289,#7469,#7470);
#6393=AXIS2_PLACEMENT_3D('',#11291,#7471,#7472);
#6394=AXIS2_PLACEMENT_3D('',#11293,#7474,#7475);
#6395=AXIS2_PLACEMENT_3D('',#11295,#7476,#7477);
#6396=AXIS2_PLACEMENT_3D('',#11297,#7479,#7480);
#6397=AXIS2_PLACEMENT_3D('',#11298,#7481,#7482);
#6398=AXIS2_PLACEMENT_3D('',#11299,#7483,#7484);
#6399=AXIS2_PLACEMENT_3D('',#11301,#7485,#7486);
#6400=AXIS2_PLACEMENT_3D('',#11302,#7487,#7488);
#6401=AXIS2_PLACEMENT_3D('',#11303,#7489,#7490);
#6402=AXIS2_PLACEMENT_3D('',#11305,#7491,#7492);
#6403=AXIS2_PLACEMENT_3D('',#11306,#7493,#7494);
#6404=AXIS2_PLACEMENT_3D('',#11307,#7495,#7496);
#6405=AXIS2_PLACEMENT_3D('',#11309,#7497,#7498);
#6406=AXIS2_PLACEMENT_3D('',#11310,#7499,#7500);
#6407=AXIS2_PLACEMENT_3D('',#11311,#7501,#7502);
#6408=AXIS2_PLACEMENT_3D('',#11313,#7503,#7504);
#6409=AXIS2_PLACEMENT_3D('',#11314,#7505,#7506);
#6410=AXIS2_PLACEMENT_3D('',#11315,#7507,#7508);
#6411=AXIS2_PLACEMENT_3D('',#11317,#7509,#7510);
#6412=AXIS2_PLACEMENT_3D('',#11318,#7511,#7512);
#6413=AXIS2_PLACEMENT_3D('',#11319,#7513,#7514);
#6414=AXIS2_PLACEMENT_3D('',#11321,#7515,#7516);
#6415=AXIS2_PLACEMENT_3D('',#11322,#7517,#7518);
#6416=AXIS2_PLACEMENT_3D('',#11323,#7519,#7520);
#6417=AXIS2_PLACEMENT_3D('',#11325,#7521,#7522);
#6418=AXIS2_PLACEMENT_3D('',#11326,#7523,#7524);
#6419=AXIS2_PLACEMENT_3D('',#11327,#7525,#7526);
#6420=AXIS2_PLACEMENT_3D('',#11329,#7527,#7528);
#6421=AXIS2_PLACEMENT_3D('',#11330,#7529,#7530);
#6422=AXIS2_PLACEMENT_3D('',#11331,#7531,#7532);
#6423=AXIS2_PLACEMENT_3D('',#11333,#7533,#7534);
#6424=AXIS2_PLACEMENT_3D('',#11334,#7535,#7536);
#6425=AXIS2_PLACEMENT_3D('',#11335,#7537,#7538);
#6426=AXIS2_PLACEMENT_3D('',#11337,#7539,#7540);
#6427=AXIS2_PLACEMENT_3D('',#11338,#7541,#7542);
#6428=AXIS2_PLACEMENT_3D('',#11339,#7543,#7544);
#6429=AXIS2_PLACEMENT_3D('',#11340,#7545,#7546);
#6430=AXIS2_PLACEMENT_3D('',#11341,#7547,#7548);
#6431=AXIS2_PLACEMENT_3D('',#11342,#7549,#7550);
#6432=AXIS2_PLACEMENT_3D('',#11348,#7554,#7555);
#6433=AXIS2_PLACEMENT_3D('',#11354,#7559,#7560);
#6434=AXIS2_PLACEMENT_3D('',#11358,#7563,#7564);
#6435=AXIS2_PLACEMENT_3D('',#11364,#7568,#7569);
#6436=AXIS2_PLACEMENT_3D('',#11368,#7572,#7573);
#6437=AXIS2_PLACEMENT_3D('',#11374,#7577,#7578);
#6438=AXIS2_PLACEMENT_3D('',#11378,#7581,#7582);
#6439=AXIS2_PLACEMENT_3D('',#11384,#7586,#7587);
#6440=AXIS2_PLACEMENT_3D('',#11388,#7590,#7591);
#6441=AXIS2_PLACEMENT_3D('',#11394,#7595,#7596);
#6442=AXIS2_PLACEMENT_3D('',#11398,#7599,#7600);
#6443=AXIS2_PLACEMENT_3D('',#11404,#7604,#7605);
#6444=AXIS2_PLACEMENT_3D('',#11408,#7608,#7609);
#6445=AXIS2_PLACEMENT_3D('',#11414,#7613,#7614);
#6446=AXIS2_PLACEMENT_3D('',#11418,#7617,#7618);
#6447=AXIS2_PLACEMENT_3D('',#11424,#7622,#7623);
#6448=AXIS2_PLACEMENT_3D('',#11428,#7626,#7627);
#6449=AXIS2_PLACEMENT_3D('',#11434,#7631,#7632);
#6450=AXIS2_PLACEMENT_3D('',#11438,#7635,#7636);
#6451=AXIS2_PLACEMENT_3D('',#11444,#7640,#7641);
#6452=AXIS2_PLACEMENT_3D('',#11448,#7644,#7645);
#6453=AXIS2_PLACEMENT_3D('',#11454,#7649,#7650);
#6454=AXIS2_PLACEMENT_3D('',#11458,#7653,#7654);
#6455=AXIS2_PLACEMENT_3D('',#11464,#7658,#7659);
#6456=AXIS2_PLACEMENT_3D('',#11468,#7662,#7663);
#6457=AXIS2_PLACEMENT_3D('',#11474,#7667,#7668);
#6458=AXIS2_PLACEMENT_3D('',#11478,#7671,#7672);
#6459=AXIS2_PLACEMENT_3D('',#11484,#7676,#7677);
#6460=AXIS2_PLACEMENT_3D('',#11488,#7680,#7681);
#6461=AXIS2_PLACEMENT_3D('',#11494,#7685,#7686);
#6462=AXIS2_PLACEMENT_3D('',#11498,#7689,#7690);
#6463=AXIS2_PLACEMENT_3D('',#11504,#7694,#7695);
#6464=AXIS2_PLACEMENT_3D('',#11508,#7698,#7699);
#6465=AXIS2_PLACEMENT_3D('',#11514,#7703,#7704);
#6466=AXIS2_PLACEMENT_3D('',#11518,#7707,#7708);
#6467=AXIS2_PLACEMENT_3D('',#11524,#7712,#7713);
#6468=AXIS2_PLACEMENT_3D('',#11528,#7716,#7717);
#6469=AXIS2_PLACEMENT_3D('',#11534,#7721,#7722);
#6470=AXIS2_PLACEMENT_3D('',#11538,#7725,#7726);
#6471=AXIS2_PLACEMENT_3D('',#11544,#7730,#7731);
#6472=AXIS2_PLACEMENT_3D('',#11548,#7734,#7735);
#6473=AXIS2_PLACEMENT_3D('',#11554,#7739,#7740);
#6474=AXIS2_PLACEMENT_3D('',#11558,#7743,#7744);
#6475=AXIS2_PLACEMENT_3D('',#11564,#7748,#7749);
#6476=AXIS2_PLACEMENT_3D('',#11568,#7752,#7753);
#6477=AXIS2_PLACEMENT_3D('',#11574,#7757,#7758);
#6478=AXIS2_PLACEMENT_3D('',#11578,#7761,#7762);
#6479=AXIS2_PLACEMENT_3D('',#11584,#7766,#7767);
#6480=AXIS2_PLACEMENT_3D('',#11588,#7770,#7771);
#6481=AXIS2_PLACEMENT_3D('',#11594,#7775,#7776);
#6482=AXIS2_PLACEMENT_3D('',#11598,#7779,#7780);
#6483=AXIS2_PLACEMENT_3D('',#11604,#7784,#7785);
#6484=AXIS2_PLACEMENT_3D('',#11608,#7788,#7789);
#6485=AXIS2_PLACEMENT_3D('',#11614,#7793,#7794);
#6486=AXIS2_PLACEMENT_3D('',#11618,#7797,#7798);
#6487=AXIS2_PLACEMENT_3D('',#11624,#7802,#7803);
#6488=AXIS2_PLACEMENT_3D('',#11628,#7806,#7807);
#6489=AXIS2_PLACEMENT_3D('',#11634,#7811,#7812);
#6490=AXIS2_PLACEMENT_3D('',#11638,#7815,#7816);
#6491=AXIS2_PLACEMENT_3D('',#11644,#7820,#7821);
#6492=AXIS2_PLACEMENT_3D('',#11648,#7824,#7825);
#6493=AXIS2_PLACEMENT_3D('',#11654,#7829,#7830);
#6494=AXIS2_PLACEMENT_3D('',#11658,#7833,#7834);
#6495=AXIS2_PLACEMENT_3D('',#11664,#7838,#7839);
#6496=AXIS2_PLACEMENT_3D('',#11668,#7842,#7843);
#6497=AXIS2_PLACEMENT_3D('',#11674,#7847,#7848);
#6498=AXIS2_PLACEMENT_3D('',#11678,#7851,#7852);
#6499=AXIS2_PLACEMENT_3D('',#11684,#7856,#7857);
#6500=AXIS2_PLACEMENT_3D('',#11688,#7860,#7861);
#6501=AXIS2_PLACEMENT_3D('',#11694,#7865,#7866);
#6502=AXIS2_PLACEMENT_3D('',#11698,#7869,#7870);
#6503=AXIS2_PLACEMENT_3D('',#11704,#7874,#7875);
#6504=AXIS2_PLACEMENT_3D('',#11708,#7878,#7879);
#6505=AXIS2_PLACEMENT_3D('',#11714,#7883,#7884);
#6506=AXIS2_PLACEMENT_3D('',#11718,#7887,#7888);
#6507=AXIS2_PLACEMENT_3D('',#11724,#7892,#7893);
#6508=AXIS2_PLACEMENT_3D('',#11728,#7896,#7897);
#6509=AXIS2_PLACEMENT_3D('',#11734,#7901,#7902);
#6510=AXIS2_PLACEMENT_3D('',#11738,#7905,#7906);
#6511=AXIS2_PLACEMENT_3D('',#11744,#7910,#7911);
#6512=AXIS2_PLACEMENT_3D('',#11748,#7914,#7915);
#6513=AXIS2_PLACEMENT_3D('',#11754,#7919,#7920);
#6514=AXIS2_PLACEMENT_3D('',#11758,#7923,#7924);
#6515=AXIS2_PLACEMENT_3D('',#11762,#7927,#7928);
#6516=AXIS2_PLACEMENT_3D('',#11765,#7931,#7932);
#6517=AXIS2_PLACEMENT_3D('',#11766,#7933,#7934);
#6518=AXIS2_PLACEMENT_3D('',#11767,#7935,#7936);
#6519=AXIS2_PLACEMENT_3D('',#11768,#7937,#7938);
#6520=AXIS2_PLACEMENT_3D('',#11769,#7939,#7940);
#6521=AXIS2_PLACEMENT_3D('',#11771,#7942,#7943);
#6522=AXIS2_PLACEMENT_3D('',#11773,#7945,#7946);
#6523=AXIS2_PLACEMENT_3D('',#11774,#7947,#7948);
#6524=AXIS2_PLACEMENT_3D('',#11775,#7949,#7950);
#6525=AXIS2_PLACEMENT_3D('',#11776,#7951,#7952);
#6526=AXIS2_PLACEMENT_3D('',#11777,#7953,#7954);
#6527=AXIS2_PLACEMENT_3D('',#11779,#7956,#7957);
#6528=AXIS2_PLACEMENT_3D('',#11781,#7959,#7960);
#6529=AXIS2_PLACEMENT_3D('',#11782,#7961,#7962);
#6530=AXIS2_PLACEMENT_3D('',#11783,#7963,#7964);
#6531=AXIS2_PLACEMENT_3D('',#11784,#7965,#7966);
#6532=AXIS2_PLACEMENT_3D('',#11785,#7967,#7968);
#6533=AXIS2_PLACEMENT_3D('',#11787,#7970,#7971);
#6534=AXIS2_PLACEMENT_3D('',#11789,#7973,#7974);
#6535=AXIS2_PLACEMENT_3D('',#11790,#7975,#7976);
#6536=AXIS2_PLACEMENT_3D('',#11791,#7977,#7978);
#6537=AXIS2_PLACEMENT_3D('',#11792,#7979,#7980);
#6538=AXIS2_PLACEMENT_3D('',#11793,#7981,#7982);
#6539=AXIS2_PLACEMENT_3D('',#11795,#7984,#7985);
#6540=AXIS2_PLACEMENT_3D('',#11797,#7987,#7988);
#6541=AXIS2_PLACEMENT_3D('',#11798,#7989,#7990);
#6542=AXIS2_PLACEMENT_3D('',#11799,#7991,#7992);
#6543=AXIS2_PLACEMENT_3D('',#11800,#7993,#7994);
#6544=AXIS2_PLACEMENT_3D('',#11801,#7995,#7996);
#6545=AXIS2_PLACEMENT_3D('',#11803,#7998,#7999);
#6546=AXIS2_PLACEMENT_3D('',#11805,#8001,#8002);
#6547=AXIS2_PLACEMENT_3D('',#11806,#8003,#8004);
#6548=AXIS2_PLACEMENT_3D('',#11807,#8005,#8006);
#6549=AXIS2_PLACEMENT_3D('',#11808,#8007,#8008);
#6550=AXIS2_PLACEMENT_3D('',#11809,#8009,#8010);
#6551=AXIS2_PLACEMENT_3D('',#11811,#8012,#8013);
#6552=AXIS2_PLACEMENT_3D('',#11813,#8015,#8016);
#6553=AXIS2_PLACEMENT_3D('',#11814,#8017,#8018);
#6554=AXIS2_PLACEMENT_3D('',#11815,#8019,#8020);
#6555=AXIS2_PLACEMENT_3D('',#11816,#8021,#8022);
#6556=AXIS2_PLACEMENT_3D('',#11817,#8023,#8024);
#6557=AXIS2_PLACEMENT_3D('',#11819,#8026,#8027);
#6558=AXIS2_PLACEMENT_3D('',#11821,#8029,#8030);
#6559=AXIS2_PLACEMENT_3D('',#11822,#8031,#8032);
#6560=AXIS2_PLACEMENT_3D('',#11823,#8033,#8034);
#6561=AXIS2_PLACEMENT_3D('',#11824,#8035,#8036);
#6562=AXIS2_PLACEMENT_3D('',#11825,#8037,#8038);
#6563=AXIS2_PLACEMENT_3D('',#11827,#8040,#8041);
#6564=AXIS2_PLACEMENT_3D('',#11829,#8043,#8044);
#6565=AXIS2_PLACEMENT_3D('',#11830,#8045,#8046);
#6566=AXIS2_PLACEMENT_3D('',#11831,#8047,#8048);
#6567=AXIS2_PLACEMENT_3D('',#11832,#8049,#8050);
#6568=AXIS2_PLACEMENT_3D('',#11833,#8051,#8052);
#6569=AXIS2_PLACEMENT_3D('',#11835,#8054,#8055);
#6570=AXIS2_PLACEMENT_3D('',#11837,#8057,#8058);
#6571=AXIS2_PLACEMENT_3D('',#11838,#8059,#8060);
#6572=AXIS2_PLACEMENT_3D('',#11839,#8061,#8062);
#6573=AXIS2_PLACEMENT_3D('',#11840,#8063,#8064);
#6574=AXIS2_PLACEMENT_3D('',#11841,#8065,#8066);
#6575=AXIS2_PLACEMENT_3D('',#11843,#8068,#8069);
#6576=AXIS2_PLACEMENT_3D('',#11845,#8071,#8072);
#6577=AXIS2_PLACEMENT_3D('',#11846,#8073,#8074);
#6578=AXIS2_PLACEMENT_3D('',#11847,#8075,#8076);
#6579=AXIS2_PLACEMENT_3D('',#11848,#8077,#8078);
#6580=AXIS2_PLACEMENT_3D('',#11849,#8079,#8080);
#6581=AXIS2_PLACEMENT_3D('',#11851,#8082,#8083);
#6582=AXIS2_PLACEMENT_3D('',#11853,#8085,#8086);
#6583=AXIS2_PLACEMENT_3D('',#11854,#8087,#8088);
#6584=AXIS2_PLACEMENT_3D('',#11855,#8089,#8090);
#6585=AXIS2_PLACEMENT_3D('',#11856,#8091,#8092);
#6586=AXIS2_PLACEMENT_3D('',#11857,#8093,#8094);
#6587=AXIS2_PLACEMENT_3D('',#11859,#8096,#8097);
#6588=AXIS2_PLACEMENT_3D('',#11861,#8099,#8100);
#6589=AXIS2_PLACEMENT_3D('',#11862,#8101,#8102);
#6590=AXIS2_PLACEMENT_3D('',#11863,#8103,#8104);
#6591=AXIS2_PLACEMENT_3D('',#11864,#8105,#8106);
#6592=AXIS2_PLACEMENT_3D('',#11865,#8107,#8108);
#6593=AXIS2_PLACEMENT_3D('',#11867,#8110,#8111);
#6594=AXIS2_PLACEMENT_3D('',#11869,#8113,#8114);
#6595=AXIS2_PLACEMENT_3D('',#11870,#8115,#8116);
#6596=AXIS2_PLACEMENT_3D('',#11871,#8117,#8118);
#6597=AXIS2_PLACEMENT_3D('',#11872,#8119,#8120);
#6598=AXIS2_PLACEMENT_3D('',#11873,#8121,#8122);
#6599=AXIS2_PLACEMENT_3D('',#11875,#8124,#8125);
#6600=AXIS2_PLACEMENT_3D('',#11877,#8127,#8128);
#6601=AXIS2_PLACEMENT_3D('',#11878,#8129,#8130);
#6602=AXIS2_PLACEMENT_3D('',#11879,#8131,#8132);
#6603=AXIS2_PLACEMENT_3D('',#11880,#8133,#8134);
#6604=AXIS2_PLACEMENT_3D('',#11881,#8135,#8136);
#6605=AXIS2_PLACEMENT_3D('',#11883,#8138,#8139);
#6606=AXIS2_PLACEMENT_3D('',#11885,#8141,#8142);
#6607=AXIS2_PLACEMENT_3D('',#11886,#8143,#8144);
#6608=AXIS2_PLACEMENT_3D('',#11887,#8145,#8146);
#6609=AXIS2_PLACEMENT_3D('',#11888,#8147,#8148);
#6610=AXIS2_PLACEMENT_3D('',#11889,#8149,#8150);
#6611=AXIS2_PLACEMENT_3D('',#11891,#8152,#8153);
#6612=AXIS2_PLACEMENT_3D('',#11893,#8155,#8156);
#6613=AXIS2_PLACEMENT_3D('',#11894,#8157,#8158);
#6614=AXIS2_PLACEMENT_3D('',#11895,#8159,#8160);
#6615=AXIS2_PLACEMENT_3D('',#11896,#8161,#8162);
#6616=AXIS2_PLACEMENT_3D('',#11897,#8163,#8164);
#6617=AXIS2_PLACEMENT_3D('',#11899,#8166,#8167);
#6618=AXIS2_PLACEMENT_3D('',#11901,#8169,#8170);
#6619=AXIS2_PLACEMENT_3D('',#11902,#8171,#8172);
#6620=AXIS2_PLACEMENT_3D('',#11903,#8173,#8174);
#6621=AXIS2_PLACEMENT_3D('',#11904,#8175,#8176);
#6622=AXIS2_PLACEMENT_3D('',#11905,#8177,#8178);
#6623=AXIS2_PLACEMENT_3D('',#11907,#8180,#8181);
#6624=AXIS2_PLACEMENT_3D('',#11909,#8183,#8184);
#6625=AXIS2_PLACEMENT_3D('',#11910,#8185,#8186);
#6626=AXIS2_PLACEMENT_3D('',#11911,#8187,#8188);
#6627=AXIS2_PLACEMENT_3D('',#11912,#8189,#8190);
#6628=AXIS2_PLACEMENT_3D('',#11913,#8191,#8192);
#6629=AXIS2_PLACEMENT_3D('',#11915,#8194,#8195);
#6630=AXIS2_PLACEMENT_3D('',#11917,#8197,#8198);
#6631=AXIS2_PLACEMENT_3D('',#11918,#8199,#8200);
#6632=AXIS2_PLACEMENT_3D('',#11919,#8201,#8202);
#6633=AXIS2_PLACEMENT_3D('',#11920,#8203,#8204);
#6634=AXIS2_PLACEMENT_3D('',#11921,#8205,#8206);
#6635=AXIS2_PLACEMENT_3D('',#11923,#8208,#8209);
#6636=AXIS2_PLACEMENT_3D('',#11925,#8211,#8212);
#6637=AXIS2_PLACEMENT_3D('',#11926,#8213,#8214);
#6638=AXIS2_PLACEMENT_3D('',#11927,#8215,#8216);
#6639=AXIS2_PLACEMENT_3D('',#11928,#8217,#8218);
#6640=AXIS2_PLACEMENT_3D('',#11929,#8219,#8220);
#6641=AXIS2_PLACEMENT_3D('',#11931,#8222,#8223);
#6642=AXIS2_PLACEMENT_3D('',#11933,#8225,#8226);
#6643=AXIS2_PLACEMENT_3D('',#11934,#8227,#8228);
#6644=AXIS2_PLACEMENT_3D('',#11935,#8229,#8230);
#6645=AXIS2_PLACEMENT_3D('',#11936,#8231,#8232);
#6646=AXIS2_PLACEMENT_3D('',#11937,#8233,#8234);
#6647=AXIS2_PLACEMENT_3D('',#11939,#8236,#8237);
#6648=AXIS2_PLACEMENT_3D('',#11941,#8239,#8240);
#6649=AXIS2_PLACEMENT_3D('',#11942,#8241,#8242);
#6650=AXIS2_PLACEMENT_3D('',#11943,#8243,#8244);
#6651=AXIS2_PLACEMENT_3D('',#11944,#8245,#8246);
#6652=AXIS2_PLACEMENT_3D('',#11945,#8247,#8248);
#6653=AXIS2_PLACEMENT_3D('',#11947,#8250,#8251);
#6654=AXIS2_PLACEMENT_3D('',#11949,#8253,#8254);
#6655=AXIS2_PLACEMENT_3D('',#11950,#8255,#8256);
#6656=AXIS2_PLACEMENT_3D('',#11951,#8257,#8258);
#6657=AXIS2_PLACEMENT_3D('',#11952,#8259,#8260);
#6658=AXIS2_PLACEMENT_3D('',#11953,#8261,#8262);
#6659=AXIS2_PLACEMENT_3D('',#11955,#8264,#8265);
#6660=AXIS2_PLACEMENT_3D('',#11957,#8267,#8268);
#6661=AXIS2_PLACEMENT_3D('',#11958,#8269,#8270);
#6662=AXIS2_PLACEMENT_3D('',#11959,#8271,#8272);
#6663=AXIS2_PLACEMENT_3D('',#11960,#8273,#8274);
#6664=AXIS2_PLACEMENT_3D('',#11961,#8275,#8276);
#6665=AXIS2_PLACEMENT_3D('',#11963,#8278,#8279);
#6666=AXIS2_PLACEMENT_3D('',#11965,#8281,#8282);
#6667=AXIS2_PLACEMENT_3D('',#11966,#8283,#8284);
#6668=AXIS2_PLACEMENT_3D('',#11967,#8285,#8286);
#6669=AXIS2_PLACEMENT_3D('',#11968,#8287,#8288);
#6670=AXIS2_PLACEMENT_3D('',#11969,#8289,#8290);
#6671=AXIS2_PLACEMENT_3D('',#11971,#8292,#8293);
#6672=AXIS2_PLACEMENT_3D('',#11973,#8295,#8296);
#6673=AXIS2_PLACEMENT_3D('',#11974,#8297,#8298);
#6674=AXIS2_PLACEMENT_3D('',#11975,#8299,#8300);
#6675=AXIS2_PLACEMENT_3D('',#11976,#8301,#8302);
#6676=AXIS2_PLACEMENT_3D('',#11977,#8303,#8304);
#6677=AXIS2_PLACEMENT_3D('',#11979,#8306,#8307);
#6678=AXIS2_PLACEMENT_3D('',#11981,#8309,#8310);
#6679=AXIS2_PLACEMENT_3D('',#11982,#8311,#8312);
#6680=AXIS2_PLACEMENT_3D('',#11983,#8313,#8314);
#6681=AXIS2_PLACEMENT_3D('',#11984,#8315,#8316);
#6682=AXIS2_PLACEMENT_3D('',#11985,#8317,#8318);
#6683=AXIS2_PLACEMENT_3D('',#11987,#8320,#8321);
#6684=AXIS2_PLACEMENT_3D('',#11989,#8323,#8324);
#6685=AXIS2_PLACEMENT_3D('',#11990,#8325,#8326);
#6686=AXIS2_PLACEMENT_3D('',#11991,#8327,#8328);
#6687=AXIS2_PLACEMENT_3D('',#11992,#8329,#8330);
#6688=AXIS2_PLACEMENT_3D('',#11993,#8331,#8332);
#6689=AXIS2_PLACEMENT_3D('',#11995,#8334,#8335);
#6690=AXIS2_PLACEMENT_3D('',#11997,#8337,#8338);
#6691=AXIS2_PLACEMENT_3D('',#11998,#8339,#8340);
#6692=AXIS2_PLACEMENT_3D('',#11999,#8341,#8342);
#6693=AXIS2_PLACEMENT_3D('',#12000,#8343,#8344);
#6694=AXIS2_PLACEMENT_3D('',#12001,#8345,#8346);
#6695=AXIS2_PLACEMENT_3D('',#12003,#8348,#8349);
#6696=AXIS2_PLACEMENT_3D('',#12005,#8351,#8352);
#6697=AXIS2_PLACEMENT_3D('',#12006,#8353,#8354);
#6698=AXIS2_PLACEMENT_3D('',#12007,#8355,#8356);
#6699=AXIS2_PLACEMENT_3D('',#12008,#8357,#8358);
#6700=AXIS2_PLACEMENT_3D('',#12009,#8359,#8360);
#6701=AXIS2_PLACEMENT_3D('',#12011,#8362,#8363);
#6702=AXIS2_PLACEMENT_3D('',#12013,#8365,#8366);
#6703=AXIS2_PLACEMENT_3D('',#12014,#8367,#8368);
#6704=AXIS2_PLACEMENT_3D('',#12015,#8369,#8370);
#6705=AXIS2_PLACEMENT_3D('',#12016,#8371,#8372);
#6706=AXIS2_PLACEMENT_3D('',#12017,#8373,#8374);
#6707=AXIS2_PLACEMENT_3D('',#12019,#8376,#8377);
#6708=AXIS2_PLACEMENT_3D('',#12021,#8379,#8380);
#6709=AXIS2_PLACEMENT_3D('',#12022,#8381,#8382);
#6710=AXIS2_PLACEMENT_3D('',#12023,#8383,#8384);
#6711=AXIS2_PLACEMENT_3D('',#12024,#8385,#8386);
#6712=AXIS2_PLACEMENT_3D('',#12025,#8387,#8388);
#6713=AXIS2_PLACEMENT_3D('',#12027,#8390,#8391);
#6714=AXIS2_PLACEMENT_3D('',#12029,#8393,#8394);
#6715=AXIS2_PLACEMENT_3D('',#12030,#8395,#8396);
#6716=AXIS2_PLACEMENT_3D('',#12031,#8397,#8398);
#6717=AXIS2_PLACEMENT_3D('',#12032,#8399,#8400);
#6718=AXIS2_PLACEMENT_3D('',#12033,#8401,#8402);
#6719=AXIS2_PLACEMENT_3D('',#12035,#8404,#8405);
#6720=AXIS2_PLACEMENT_3D('',#12037,#8407,#8408);
#6721=AXIS2_PLACEMENT_3D('',#12038,#8409,#8410);
#6722=AXIS2_PLACEMENT_3D('',#12039,#8411,#8412);
#6723=AXIS2_PLACEMENT_3D('',#12040,#8413,#8414);
#6724=AXIS2_PLACEMENT_3D('',#12041,#8415,#8416);
#6725=AXIS2_PLACEMENT_3D('',#12043,#8418,#8419);
#6726=AXIS2_PLACEMENT_3D('',#12045,#8421,#8422);
#6727=AXIS2_PLACEMENT_3D('',#12046,#8423,#8424);
#6728=AXIS2_PLACEMENT_3D('',#12047,#8425,#8426);
#6729=AXIS2_PLACEMENT_3D('',#12048,#8427,#8428);
#6730=AXIS2_PLACEMENT_3D('',#12049,#8429,#8430);
#6731=AXIS2_PLACEMENT_3D('',#12051,#8432,#8433);
#6732=AXIS2_PLACEMENT_3D('',#12053,#8435,#8436);
#6733=AXIS2_PLACEMENT_3D('',#12054,#8437,#8438);
#6734=AXIS2_PLACEMENT_3D('',#12055,#8439,#8440);
#6735=AXIS2_PLACEMENT_3D('',#12056,#8441,#8442);
#6736=AXIS2_PLACEMENT_3D('',#12057,#8443,#8444);
#6737=AXIS2_PLACEMENT_3D('',#12059,#8446,#8447);
#6738=AXIS2_PLACEMENT_3D('',#12061,#8449,#8450);
#6739=AXIS2_PLACEMENT_3D('',#12062,#8451,#8452);
#6740=AXIS2_PLACEMENT_3D('',#12063,#8453,#8454);
#6741=AXIS2_PLACEMENT_3D('',#12064,#8455,#8456);
#6742=AXIS2_PLACEMENT_3D('',#12065,#8457,#8458);
#6743=AXIS2_PLACEMENT_3D('',#12067,#8460,#8461);
#6744=AXIS2_PLACEMENT_3D('',#12069,#8463,#8464);
#6745=AXIS2_PLACEMENT_3D('',#12070,#8465,#8466);
#6746=AXIS2_PLACEMENT_3D('',#12071,#8467,#8468);
#6747=AXIS2_PLACEMENT_3D('',#12072,#8469,#8470);
#6748=AXIS2_PLACEMENT_3D('',#12073,#8471,#8472);
#6749=AXIS2_PLACEMENT_3D('',#12075,#8474,#8475);
#6750=AXIS2_PLACEMENT_3D('',#12077,#8477,#8478);
#6751=AXIS2_PLACEMENT_3D('',#12078,#8479,#8480);
#6752=AXIS2_PLACEMENT_3D('',#12079,#8481,#8482);
#6753=AXIS2_PLACEMENT_3D('',#12080,#8483,#8484);
#6754=AXIS2_PLACEMENT_3D('',#12081,#8485,#8486);
#6755=AXIS2_PLACEMENT_3D('',#12083,#8488,#8489);
#6756=AXIS2_PLACEMENT_3D('',#12085,#8491,#8492);
#6757=AXIS2_PLACEMENT_3D('',#12086,#8493,#8494);
#6758=AXIS2_PLACEMENT_3D('',#12087,#8495,#8496);
#6759=AXIS2_PLACEMENT_3D('',#12088,#8497,#8498);
#6760=AXIS2_PLACEMENT_3D('',#12089,#8499,#8500);
#6761=AXIS2_PLACEMENT_3D('',#12091,#8502,#8503);
#6762=AXIS2_PLACEMENT_3D('',#12093,#8505,#8506);
#6763=AXIS2_PLACEMENT_3D('',#12094,#8507,#8508);
#6764=AXIS2_PLACEMENT_3D('',#12095,#8509,#8510);
#6765=AXIS2_PLACEMENT_3D('',#12096,#8511,#8512);
#6766=AXIS2_PLACEMENT_3D('',#12097,#8513,#8514);
#6767=DIRECTION('axis',(0.,0.,1.));
#6768=DIRECTION('refdir',(1.,0.,0.));
#6769=DIRECTION('center_axis',(0.,-1.11093197257797E-18,1.));
#6770=DIRECTION('ref_axis',(0.,-1.,-1.11093197257797E-18));
#6771=DIRECTION('',(0.,1.11093197257797E-18,-1.));
#6772=DIRECTION('center_axis',(0.,-1.11093197257797E-18,1.));
#6773=DIRECTION('ref_axis',(0.,-1.,-1.11093197257797E-18));
#6774=DIRECTION('center_axis',(0.,-1.11093197257797E-18,1.));
#6775=DIRECTION('ref_axis',(0.,-1.,-1.11093197257797E-18));
#6776=DIRECTION('',(0.,1.11093197257797E-18,-1.));
#6777=DIRECTION('center_axis',(0.,-1.11093197257797E-18,1.));
#6778=DIRECTION('ref_axis',(0.,-1.,-1.11093197257797E-18));
#6779=DIRECTION('',(0.,1.11093197257797E-18,-1.));
#6780=DIRECTION('center_axis',(0.,-1.11093197257797E-18,1.));
#6781=DIRECTION('ref_axis',(0.,-1.,-1.11093197257797E-18));
#6782=DIRECTION('',(0.,1.11093197257797E-18,-1.));
#6783=DIRECTION('center_axis',(0.,-1.11093197257797E-18,1.));
#6784=DIRECTION('ref_axis',(0.,-1.,-1.11093197257797E-18));
#6785=DIRECTION('',(0.,1.11093197257797E-18,-1.));
#6786=DIRECTION('center_axis',(0.,-1.11093197257797E-18,1.));
#6787=DIRECTION('ref_axis',(0.,-1.,-1.11093197257797E-18));
#6788=DIRECTION('',(0.,1.11093197257797E-18,-1.));
#6789=DIRECTION('center_axis',(0.,-1.11093197257797E-18,1.));
#6790=DIRECTION('ref_axis',(0.,-1.,-1.11093197257797E-18));
#6791=DIRECTION('',(0.,1.11093197257797E-18,-1.));
#6792=DIRECTION('center_axis',(0.,-1.11093197257797E-18,1.));
#6793=DIRECTION('ref_axis',(0.,-1.,-1.11093197257797E-18));
#6794=DIRECTION('',(0.,1.11093197257797E-18,-1.));
#6795=DIRECTION('center_axis',(2.69918152007354E-11,4.04221674610382E-11,
1.));
#6796=DIRECTION('ref_axis',(-1.04154403093244E-10,-1.,4.04224797344467E-11));
#6797=DIRECTION('center_axis',(0.,-1.11093197257797E-18,1.));
#6798=DIRECTION('ref_axis',(0.,-1.,-1.11093197257797E-18));
#6799=DIRECTION('',(0.,1.11093197257797E-18,-1.));
#6800=DIRECTION('center_axis',(0.,-1.11093197257797E-18,1.));
#6801=DIRECTION('ref_axis',(0.,-1.,-1.11093197257797E-18));
#6802=DIRECTION('',(0.,1.11093197257797E-18,-1.));
#6803=DIRECTION('center_axis',(0.,-1.11093197257797E-18,1.));
#6804=DIRECTION('ref_axis',(0.,-1.,-1.11093197257797E-18));
#6805=DIRECTION('',(0.,1.11093197257797E-18,-1.));
#6806=DIRECTION('center_axis',(0.,-1.11093197257797E-18,1.));
#6807=DIRECTION('ref_axis',(0.,-1.,-1.11093197257797E-18));
#6808=DIRECTION('',(0.,1.11093197257797E-18,-1.));
#6809=DIRECTION('center_axis',(0.,-1.11093197257797E-18,1.));
#6810=DIRECTION('ref_axis',(0.,-1.,-1.11093197257797E-18));
#6811=DIRECTION('',(0.,1.11093197257797E-18,-1.));
#6812=DIRECTION('center_axis',(0.,-1.11093197257797E-18,1.));
#6813=DIRECTION('ref_axis',(0.,-1.,-1.11093197257797E-18));
#6814=DIRECTION('',(0.,1.11093197257797E-18,-1.));
#6815=DIRECTION('center_axis',(0.,-1.11093197257797E-18,1.));
#6816=DIRECTION('ref_axis',(0.,-1.,-1.11093197257797E-18));
#6817=DIRECTION('center_axis',(0.,1.11093197257797E-18,-1.));
#6818=DIRECTION('ref_axis',(0.,-1.,-1.11093197257797E-18));
#6819=DIRECTION('',(0.,1.11093197257797E-18,-1.));
#6820=DIRECTION('center_axis',(0.,-1.11093197257797E-18,1.));
#6821=DIRECTION('ref_axis',(0.,-1.,-1.11093197257797E-18));
#6822=DIRECTION('',(0.,1.11093197257797E-18,-1.));
#6823=DIRECTION('center_axis',(0.,-1.11093197257797E-18,1.));
#6824=DIRECTION('ref_axis',(0.,-1.,-1.11093197257797E-18));
#6825=DIRECTION('center_axis',(0.,-1.11093197257797E-18,1.));
#6826=DIRECTION('ref_axis',(0.,-1.,0.));
#6827=DIRECTION('center_axis',(0.,-1.11093197257797E-18,1.));
#6828=DIRECTION('ref_axis',(0.,-1.,-1.11093197257797E-18));
#6829=DIRECTION('center_axis',(1.,1.22464679914735E-16,1.36049928428806E-34));
#6830=DIRECTION('ref_axis',(-1.22464679914735E-16,1.,0.));
#6831=DIRECTION('center_axis',(0.,-1.11093197257797E-18,1.));
#6832=DIRECTION('ref_axis',(0.,-1.,-1.11093197257797E-18));
#6833=DIRECTION('center_axis',(0.,-1.11093197257797E-18,1.));
#6834=DIRECTION('ref_axis',(0.,-1.,-1.11093197257797E-18));
#6835=DIRECTION('center_axis',(0.,-0.707106781186546,0.707106781186549));
#6836=DIRECTION('ref_axis',(0.,-0.707106781186549,-0.707106781186546));
#6837=DIRECTION('',(0.,-1.11093197257797E-18,1.));
#6838=DIRECTION('center_axis',(0.,1.11093197257797E-18,-1.));
#6839=DIRECTION('ref_axis',(0.,1.,1.11093197257797E-18));
#6840=DIRECTION('',(-2.40741243048404E-35,1.11093197257797E-18,-1.));
#6841=DIRECTION('center_axis',(-0.105388797096587,-0.699208982670134,0.707106781186499));
#6842=DIRECTION('ref_axis',(-0.0382300777035686,-0.707692218961689,-0.705485779006111));
#6843=DIRECTION('',(2.40741243048404E-35,-1.11093197257797E-18,1.));
#6844=DIRECTION('center_axis',(0.,1.11093197257797E-18,-1.));
#6845=DIRECTION('ref_axis',(0.149042266176182,0.988830826225128,1.09852378032418E-18));
#6846=DIRECTION('',(-4.81482486096809E-35,1.11093197257797E-18,-1.));
#6847=DIRECTION('center_axis',(-0.208423382615786,-0.675692010888883,0.707106781186499));
#6848=DIRECTION('ref_axis',(-0.143279131391546,-0.694089984171956,-0.70548577900611));
#6849=DIRECTION('',(4.81482486096809E-35,-1.11093197257797E-18,1.));
#6850=DIRECTION('center_axis',(9.62964972193618E-35,1.11093197257797E-18,
-1.));
#6851=DIRECTION('ref_axis',(0.294755174410912,0.955572805786138,1.06157638207386E-18));
#6852=DIRECTION('',(9.62964972193618E-35,1.11093197257797E-18,-1.));
#6853=DIRECTION('center_axis',(-0.306802134176649,-0.637081196131878,0.707106781186427));
#6854=DIRECTION('ref_axis',(-0.245127566045863,-0.664982926084928,-0.705485779006181));
#6855=DIRECTION('',(-9.62964972193618E-35,-1.11093197257797E-18,1.));
#6856=DIRECTION('center_axis',(0.,1.11093197257797E-18,-1.));
#6857=DIRECTION('ref_axis',(0.433883739117565,0.900968867902416,1.00091512165017E-18));
#6858=DIRECTION('',(0.,1.11093197257797E-18,-1.));
#6859=DIRECTION('center_axis',(-0.398327433035204,-0.584239040198133,0.707106781186512));
#6860=DIRECTION('ref_axis',(-0.341500255935891,-0.62102124828051,-0.705485779006096));
#6861=DIRECTION('',(0.,-1.11093197257797E-18,1.));
#6862=DIRECTION('center_axis',(9.62964972193618E-35,1.11093197257797E-18,
-1.));
#6863=DIRECTION('ref_axis',(0.563320058063629,0.82623877431599,9.17895071371264E-19));
#6864=DIRECTION('',(0.,1.11093197257797E-18,-1.));
#6865=DIRECTION('center_axis',(-0.480954755256024,-0.518345949532352,0.707106781186564));
#6866=DIRECTION('ref_axis',(-0.430244394420515,-0.563186981996173,-0.705485779006045));
#6867=DIRECTION('',(0.,-1.11093197257797E-18,1.));
#6868=DIRECTION('center_axis',(0.,1.11093197257797E-18,-1.));
#6869=DIRECTION('ref_axis',(0.680172737770926,0.73305187182982,8.14370761973873E-19));
#6870=DIRECTION('',(0.,1.11093197257797E-18,-1.));
#6871=DIRECTION('center_axis',(-0.552838342998319,-0.440873866895005,0.70710678118649));
#6872=DIRECTION('ref_axis',(-0.509377584091132,-0.492772049172445,-0.70548577900612));
#6873=DIRECTION('',(0.,-1.11093197257797E-18,1.));
#6874=DIRECTION('center_axis',(0.,1.11093197257797E-18,-1.));
#6875=DIRECTION('ref_axis',(0.781831482468035,0.623489801858727,6.92654755461161E-19));
#6876=DIRECTION('',(-1.92592994438724E-34,1.11093197257797E-18,-1.));
#6877=DIRECTION('center_axis',(-0.612372435695815,-0.353553390593287,0.707106781186523));
#6878=DIRECTION('ref_axis',(-0.577132120254362,-0.411349403051569,-0.705485779006085));
#6879=DIRECTION('',(1.92592994438724E-34,-1.11093197257797E-18,1.));
#6880=DIRECTION('center_axis',(0.,1.11093197257797E-18,-1.));
#6881=DIRECTION('ref_axis',(0.866025403784443,0.499999999999992,5.55465986288974E-19));
#6882=DIRECTION('',(0.,1.11093197257797E-18,-1.));
#6883=DIRECTION('center_axis',(-0.65822714009486,-0.25833511577512,0.707106781186546));
#6884=DIRECTION('ref_axis',(-0.631994478533224,-0.320737891000933,-0.705485779006064));
#6885=DIRECTION('',(0.,-1.11093197257797E-18,1.));
#6886=DIRECTION('center_axis',(1.92592994438724E-34,1.11093197257797E-18,
-1.));
#6887=DIRECTION('ref_axis',(0.930873748644208,0.365341024366386,4.05869024863004E-19));
#6888=DIRECTION('',(0.,1.11093197257797E-18,-1.));
#6889=DIRECTION('center_axis',(-0.689378137871802,-0.157346061356474,0.707106781186555));
#6890=DIRECTION('ref_axis',(-0.672739124501082,-0.222961624468742,-0.705485779006053));
#6891=DIRECTION('',(0.,-1.11093197257797E-18,1.));
#6892=DIRECTION('center_axis',(0.,1.11093197257797E-18,-1.));
#6893=DIRECTION('ref_axis',(0.974927912181826,0.222520933956304,2.47205620099968E-19));
#6894=DIRECTION('',(0.,1.11093197257797E-18,-1.));
#6895=DIRECTION('center_axis',(-0.705129567211844,-0.0528421559336713,0.70710678118649));
#6896=DIRECTION('ref_axis',(-0.69845589009545,-0.120204763678915,-0.705485779006118));
#6897=DIRECTION('',(0.,-1.11093197257797E-18,1.));
#6898=DIRECTION('center_axis',(0.,1.11093197257797E-18,-1.));
#6899=DIRECTION('ref_axis',(0.997203797181181,0.0747300935864141,8.30200502788911E-20));
#6900=DIRECTION('',(-1.92592994438724E-34,1.11093197257797E-18,-1.));
#6901=DIRECTION('center_axis',(-0.705129567211769,0.0528421559336616,0.707106781186566));
#6902=DIRECTION('ref_axis',(-0.708570305268843,-0.0147627271008907,-0.705485779006042));
#6903=DIRECTION('',(1.92592994438724E-34,-1.11093197257797E-18,1.));
#6904=DIRECTION('center_axis',(0.,1.11093197257797E-18,-1.));
#6905=DIRECTION('ref_axis',(0.997203797181179,-0.074730093586435,-8.30200502789143E-20));
#6906=DIRECTION('',(0.,1.11093197257797E-18,-1.));
#6907=DIRECTION('center_axis',(-0.689378137871815,0.157346061356473,0.707106781186544));
#6908=DIRECTION('ref_axis',(-0.702856430699618,0.0910090844059012,-0.705485779006064));
#6909=DIRECTION('',(0.,-1.11093197257797E-18,1.));
#6910=DIRECTION('center_axis',(0.,1.11093197257797E-18,-1.));
#6911=DIRECTION('ref_axis',(0.974927912181821,-0.222520933956325,-2.47205620099992E-19));
#6912=DIRECTION('',(0.,1.11093197257797E-18,-1.));
#6913=DIRECTION('center_axis',(-0.658227140094907,0.258335115775136,0.707106781186496));
#6914=DIRECTION('ref_axis',(-0.681441904903823,0.194747903355049,-0.705485779006113));
#6915=DIRECTION('',(0.,-1.11093197257797E-18,1.));
#6916=DIRECTION('center_axis',(0.,1.11093197257797E-18,-1.));
#6917=DIRECTION('ref_axis',(0.9308737486442,-0.365341024366405,-4.05869024863025E-19));
#6918=DIRECTION('',(0.,1.11093197257797E-18,-1.));
#6919=DIRECTION('center_axis',(-0.612372435695851,0.353553390593306,0.707106781186483));
#6920=DIRECTION('ref_axis',(-0.644805093001371,0.294136375954445,-0.705485779006125));
#6921=DIRECTION('',(0.,-1.11093197257797E-18,1.));
#6922=DIRECTION('center_axis',(0.,1.11093197257797E-18,-1.));
#6923=DIRECTION('ref_axis',(0.866025403784433,-0.50000000000001,-5.55465986288994E-19));
#6924=DIRECTION('',(0.,1.11093197257797E-18,-1.));
#6925=DIRECTION('center_axis',(-0.552838342998313,0.440873866894997,0.707106781186499));
#6926=DIRECTION('ref_axis',(-0.593764400829633,0.386954327960769,-0.70548577900611));
#6927=DIRECTION('',(0.,-1.11093197257797E-18,1.));
#6928=DIRECTION('center_axis',(0.,1.11093197257797E-18,-1.));
#6929=DIRECTION('ref_axis',(0.781831482468022,-0.623489801858743,-6.92654755461179E-19));
#6930=DIRECTION('',(-9.62964972193618E-35,1.11093197257797E-18,-1.));
#6931=DIRECTION('center_axis',(-0.480954755256097,0.518345949532425,0.70710678118646));
#6932=DIRECTION('ref_axis',(-0.529459993109458,0.471128359703193,-0.705485779006148));
#6933=DIRECTION('',(9.62964972193618E-35,-1.11093197257797E-18,1.));
#6934=DIRECTION('center_axis',(0.,1.11093197257797E-18,-1.));
#6935=DIRECTION('ref_axis',(0.68017273777091,-0.733051871829835,-8.14370761973889E-19));
#6936=DIRECTION('',(0.,1.11093197257797E-18,-1.));
#6937=DIRECTION('center_axis',(-0.398327433035231,0.584239040198165,0.707106781186471));
#6938=DIRECTION('ref_axis',(-0.45332832404955,0.544778162406066,-0.705485779006137));
#6939=DIRECTION('',(0.,-1.11093197257797E-18,1.));
#6940=DIRECTION('center_axis',(0.,1.11093197257797E-18,-1.));
#6941=DIRECTION('ref_axis',(0.563320058063612,-0.826238774316002,-9.17895071371277E-19));
#6942=DIRECTION('',(0.,1.11093197257797E-18,-1.));
#6943=DIRECTION('center_axis',(-0.306802134176611,0.637081196131788,0.707106781186524));
#6944=DIRECTION('ref_axis',(-0.367070049332909,0.606258521179633,-0.705485779006084));
#6945=DIRECTION('',(0.,-1.11093197257797E-18,1.));
#6946=DIRECTION('center_axis',(0.,1.11093197257797E-18,-1.));
#6947=DIRECTION('ref_axis',(0.433883739117546,-0.900968867902425,-1.00091512165018E-18));
#6948=DIRECTION('',(0.,1.11093197257797E-18,-1.));
#6949=DIRECTION('center_axis',(-0.208423382615772,0.675692010888832,0.707106781186552));
#6950=DIRECTION('ref_axis',(-0.272612036279139,0.654196066402084,-0.705485779006056));
#6951=DIRECTION('',(0.,-1.11093197257797E-18,1.));
#6952=DIRECTION('center_axis',(0.,1.11093197257797E-18,-1.));
#6953=DIRECTION('ref_axis',(0.294755174410891,-0.955572805786145,-1.06157638207386E-18));
#6954=DIRECTION('',(0.,1.11093197257797E-18,-1.));
#6955=DIRECTION('center_axis',(-0.105388797096587,0.699208982670117,0.707106781186515));
#6956=DIRECTION('ref_axis',(-0.172064320812686,0.687519952527513,-0.705485779006094));
#6957=DIRECTION('',(0.,-1.11093197257797E-18,1.));
#6958=DIRECTION('center_axis',(0.,1.11093197257797E-18,-1.));
#6959=DIRECTION('ref_axis',(0.149042266176161,-0.988830826225131,-1.09852378032418E-18));
#6960=DIRECTION('',(0.,1.11093197257797E-18,-1.));
#6961=DIRECTION('center_axis',(0.,-0.707106781186546,-0.707106781186549));
#6962=DIRECTION('ref_axis',(0.,-0.707106781186549,0.707106781186546));
#6963=DIRECTION('',(0.,1.11093197257797E-18,-1.));
#6964=DIRECTION('center_axis',(0.,-0.707106781186546,-0.707106781186549));
#6965=DIRECTION('ref_axis',(0.,-0.707106781186549,0.707106781186546));
#6966=DIRECTION('',(0.,-1.11093197257797E-18,1.));
#6967=DIRECTION('center_axis',(0.,1.11093197257797E-18,-1.));
#6968=DIRECTION('ref_axis',(0.,-1.,-1.11093197257797E-18));
#6969=DIRECTION('',(0.,1.11093197257797E-18,-1.));
#6970=DIRECTION('center_axis',(0.10538879709659,0.699208982670182,0.707106781186451));
#6971=DIRECTION('ref_axis',(0.0382300777035307,0.707692218961645,-0.705485779006158));
#6972=DIRECTION('',(0.,-1.11093197257797E-18,1.));
#6973=DIRECTION('center_axis',(0.,1.11093197257797E-18,-1.));
#6974=DIRECTION('ref_axis',(-0.149042266176175,-0.988830826225129,-1.09852378032418E-18));
#6975=DIRECTION('',(0.,1.11093197257797E-18,-1.));
#6976=DIRECTION('center_axis',(0.208423382615787,0.675692010888907,0.707106781186476));
#6977=DIRECTION('ref_axis',(0.143279131391544,0.694089984171933,-0.705485779006133));
#6978=DIRECTION('',(0.,-1.11093197257797E-18,1.));
#6979=DIRECTION('center_axis',(0.,1.11093197257797E-18,-1.));
#6980=DIRECTION('ref_axis',(-0.294755174410905,-0.955572805786141,-1.06157638207386E-18));
#6981=DIRECTION('',(0.,1.11093197257797E-18,-1.));
#6982=DIRECTION('center_axis',(0.306802134176603,0.637081196131792,0.707106781186524));
#6983=DIRECTION('ref_axis',(0.245127566045894,0.66498292608502,-0.705485779006084));
#6984=DIRECTION('',(0.,-1.11093197257797E-18,1.));
#6985=DIRECTION('center_axis',(0.,1.11093197257797E-18,-1.));
#6986=DIRECTION('ref_axis',(-0.433883739117559,-0.900968867902419,-1.00091512165017E-18));
#6987=DIRECTION('',(0.,1.11093197257797E-18,-1.));
#6988=DIRECTION('center_axis',(0.398327433035223,0.584239040198169,0.707106781186471));
#6989=DIRECTION('ref_axis',(0.341500255935876,0.621021248280472,-0.705485779006137));
#6990=DIRECTION('',(0.,-1.11093197257797E-18,1.));
#6991=DIRECTION('center_axis',(0.,1.11093197257797E-18,-1.));
#6992=DIRECTION('ref_axis',(-0.563320058063623,-0.826238774315994,-9.17895071371269E-19));
#6993=DIRECTION('',(0.,1.11093197257797E-18,-1.));
#6994=DIRECTION('center_axis',(0.480954755256072,0.518345949532413,0.707106781186486));
#6995=DIRECTION('ref_axis',(0.430244394420432,0.563186981996141,-0.705485779006122));
#6996=DIRECTION('',(0.,-1.11093197257797E-18,1.));
#6997=DIRECTION('center_axis',(9.62964972193618E-35,1.11093197257797E-18,
-1.));
#6998=DIRECTION('ref_axis',(-0.680172737770921,-0.733051871829825,-8.14370761973878E-19));
#6999=DIRECTION('',(0.,1.11093197257797E-18,-1.));
#7000=DIRECTION('center_axis',(0.552838342998301,0.440873866894998,0.707106781186508));
#7001=DIRECTION('ref_axis',(0.509377584091144,0.492772049172459,-0.705485779006101));
#7002=DIRECTION('',(0.,-1.11093197257797E-18,1.));
#7003=DIRECTION('center_axis',(0.,1.11093197257797E-18,-1.));
#7004=DIRECTION('ref_axis',(-0.781831482468031,-0.623489801858732,-6.92654755461166E-19));
#7005=DIRECTION('',(0.,1.11093197257797E-18,-1.));
#7006=DIRECTION('center_axis',(0.612372435695839,0.353553390593309,0.707106781186491));
#7007=DIRECTION('ref_axis',(0.577132120254327,0.411349403051563,-0.705485779006117));
#7008=DIRECTION('',(0.,-1.11093197257797E-18,1.));
#7009=DIRECTION('center_axis',(0.,1.11093197257797E-18,-1.));
#7010=DIRECTION('ref_axis',(-0.86602540378444,-0.499999999999998,-5.55465986288981E-19));
#7011=DIRECTION('',(0.,1.11093197257797E-18,-1.));
#7012=DIRECTION('center_axis',(0.658227140094891,0.258335115775137,0.70710678118651));
#7013=DIRECTION('ref_axis',(0.631994478533188,0.320737891000927,-0.705485779006098));
#7014=DIRECTION('',(0.,-1.11093197257797E-18,1.));
#7015=DIRECTION('center_axis',(0.,1.11093197257797E-18,-1.));
#7016=DIRECTION('ref_axis',(-0.930873748644205,-0.365341024366392,-4.05869024863011E-19));
#7017=DIRECTION('',(0.,1.11093197257797E-18,-1.));
#7018=DIRECTION('center_axis',(0.689378137871892,0.1573460613565,0.707106781186462));
#7019=DIRECTION('ref_axis',(0.672739124500988,0.222961624468729,-0.705485779006147));
#7020=DIRECTION('',(0.,-1.11093197257797E-18,1.));
#7021=DIRECTION('center_axis',(0.,1.11093197257797E-18,-1.));
#7022=DIRECTION('ref_axis',(-0.974927912181824,-0.222520933956311,-2.47205620099976E-19));
#7023=DIRECTION('',(0.,1.11093197257797E-18,-1.));
#7024=DIRECTION('center_axis',(0.705129567211796,0.0528421559336746,0.707106781186538));
#7025=DIRECTION('ref_axis',(0.698455890095498,0.120204763678917,-0.70548577900607));
#7026=DIRECTION('',(0.,-1.11093197257797E-18,1.));
#7027=DIRECTION('center_axis',(1.92592994438724E-34,1.11093197257797E-18,
-1.));
#7028=DIRECTION('ref_axis',(-0.99720379718118,-0.0747300935864208,-8.30200502788987E-20));
#7029=DIRECTION('',(0.,1.11093197257797E-18,-1.));
#7030=DIRECTION('center_axis',(0.705129567211794,-0.05284215593366,0.707106781186541));
#7031=DIRECTION('ref_axis',(0.708570305268819,0.0147627271008779,-0.705485779006068));
#7032=DIRECTION('',(0.,-1.11093197257797E-18,1.));
#7033=DIRECTION('center_axis',(0.,1.11093197257797E-18,-1.));
#7034=DIRECTION('ref_axis',(-0.99720379718118,0.074730093586428,8.30200502789065E-20));
#7035=DIRECTION('',(0.,1.11093197257797E-18,-1.));
#7036=DIRECTION('center_axis',(0.689378137871886,-0.157346061356483,0.707106781186472));
#7037=DIRECTION('ref_axis',(0.702856430699544,-0.0910090844058994,-0.705485779006138));
#7038=DIRECTION('',(0.,-1.11093197257797E-18,1.));
#7039=DIRECTION('center_axis',(0.,1.11093197257797E-18,-1.));
#7040=DIRECTION('ref_axis',(-0.974927912181823,0.222520933956318,2.47205620099984E-19));
#7041=DIRECTION('',(-1.92592994438724E-34,1.11093197257797E-18,-1.));
#7042=DIRECTION('center_axis',(0.658227140094927,-0.258335115775139,0.707106781186476));
#7043=DIRECTION('ref_axis',(0.681441904903806,-0.194747903355036,-0.705485779006132));
#7044=DIRECTION('',(1.92592994438724E-34,-1.11093197257797E-18,1.));
#7045=DIRECTION('center_axis',(0.,1.11093197257797E-18,-1.));
#7046=DIRECTION('ref_axis',(-0.930873748644203,0.365341024366399,4.05869024863019E-19));
#7047=DIRECTION('',(0.,1.11093197257797E-18,-1.));
#7048=DIRECTION('center_axis',(0.612372435695864,-0.353553390593308,0.707106781186471));
#7049=DIRECTION('ref_axis',(0.644805093001363,-0.294136375954433,-0.705485779006137));
#7050=DIRECTION('',(0.,-1.11093197257797E-18,1.));
#7051=DIRECTION('center_axis',(1.92592994438724E-34,1.11093197257797E-18,
-1.));
#7052=DIRECTION('ref_axis',(-0.866025403784436,0.500000000000004,5.55465986288988E-19));
#7053=DIRECTION('',(0.,1.11093197257797E-18,-1.));
#7054=DIRECTION('center_axis',(0.552838342998295,-0.440873866894976,0.707106781186527));
#7055=DIRECTION('ref_axis',(0.593764400829663,-0.386954327960773,-0.705485779006082));
#7056=DIRECTION('',(0.,-1.11093197257797E-18,1.));
#7057=DIRECTION('center_axis',(0.,1.11093197257797E-18,-1.));
#7058=DIRECTION('ref_axis',(-0.781831482468027,0.623489801858738,6.92654755461173E-19));
#7059=DIRECTION('',(0.,1.11093197257797E-18,-1.));
#7060=DIRECTION('center_axis',(0.48095475525607,-0.518345949532391,0.707106781186504));
#7061=DIRECTION('ref_axis',(0.52945999310949,-0.471128359703225,-0.705485779006103));
#7062=DIRECTION('',(0.,-1.11093197257797E-18,1.));
#7063=DIRECTION('center_axis',(0.,1.11093197257797E-18,-1.));
#7064=DIRECTION('ref_axis',(-0.680172737770915,0.73305187182983,8.14370761973884E-19));
#7065=DIRECTION('',(-9.62964972193618E-35,1.11093197257797E-18,-1.));
#7066=DIRECTION('center_axis',(0.398327433035252,-0.584239040198187,0.70710678118644));
#7067=DIRECTION('ref_axis',(0.453328324049533,-0.544778162406039,-0.705485779006169));
#7068=DIRECTION('',(9.62964972193618E-35,-1.11093197257797E-18,1.));
#7069=DIRECTION('center_axis',(0.,1.11093197257797E-18,-1.));
#7070=DIRECTION('ref_axis',(-0.563320058063617,0.826238774315998,9.17895071371273E-19));
#7071=DIRECTION('',(0.,1.11093197257797E-18,-1.));
#7072=DIRECTION('center_axis',(0.3068021341766,-0.637081196131758,0.707106781186557));
#7073=DIRECTION('ref_axis',(0.367070049332918,-0.606258521179664,-0.705485779006052));
#7074=DIRECTION('',(0.,-1.11093197257797E-18,1.));
#7075=DIRECTION('center_axis',(-9.62964972193618E-35,1.11093197257797E-18,
-1.));
#7076=DIRECTION('ref_axis',(-0.433883739117553,0.900968867902422,1.00091512165018E-18));
#7077=DIRECTION('',(-9.62964972193618E-35,1.11093197257797E-18,-1.));
#7078=DIRECTION('center_axis',(0.208423382615802,-0.675692010888913,0.707106781186465));
#7079=DIRECTION('ref_axis',(0.272612036279111,-0.654196066402002,-0.705485779006143));
#7080=DIRECTION('',(9.62964972193618E-35,-1.11093197257797E-18,1.));
#7081=DIRECTION('center_axis',(4.81482486096809E-35,1.11093197257797E-18,
-1.));
#7082=DIRECTION('ref_axis',(-0.294755174410898,0.955572805786143,1.06157638207386E-18));
#7083=DIRECTION('',(0.,1.11093197257797E-18,-1.));
#7084=DIRECTION('center_axis',(0.105388797096594,-0.699208982670118,0.707106781186513));
#7085=DIRECTION('ref_axis',(0.172064320812702,-0.687519952527508,-0.705485779006095));
#7086=DIRECTION('',(0.,-1.11093197257797E-18,1.));
#7087=DIRECTION('center_axis',(2.40741243048404E-35,1.11093197257797E-18,
-1.));
#7088=DIRECTION('ref_axis',(-0.149042266176168,0.98883082622513,1.09852378032418E-18));
#7089=DIRECTION('',(0.,1.11093197257797E-18,-1.));
#7090=DIRECTION('center_axis',(0.,1.11093197257797E-18,-1.));
#7091=DIRECTION('ref_axis',(0.,1.,1.11093197257797E-18));
#7092=DIRECTION('',(0.0739736841492681,-0.703812591017716,0.70652369442101));
#7093=DIRECTION('center_axis',(0.,-1.11093197257797E-18,1.));
#7094=DIRECTION('ref_axis',(-0.149042266176174,0.988830826225129,1.09852378032418E-18));
#7095=DIRECTION('',(-0.0317503643117667,0.706976791406749,-0.706523694420993));
#7096=DIRECTION('',(0.178045282744819,-0.684926380360696,0.70652369442101));
#7097=DIRECTION('center_axis',(0.,-1.11093197257797E-18,1.));
#7098=DIRECTION('ref_axis',(-0.294755174410901,0.955572805786142,1.06157638207386E-18));
#7099=DIRECTION('',(-0.13676516210055,0.694348298519789,-0.70652369442099));
#7100=DIRECTION('',(0.278139643934858,-0.650740046173188,0.706523694421006));
#7101=DIRECTION('center_axis',(0.,-1.11093197257797E-18,1.));
#7102=DIRECTION('ref_axis',(-0.433883739117558,0.900968867902419,1.00091512165017E-18));
#7103=DIRECTION('',(-0.238724852165672,0.666209212019914,-0.706523694420989));
#7104=DIRECTION('',(0.372020825091315,-0.602017254669722,0.706523694421007));
#7105=DIRECTION('center_axis',(0.,-1.11093197257797E-18,1.));
#7106=DIRECTION('ref_axis',(-0.563320058063627,0.826238774315991,9.17895071371266E-19));
#7107=DIRECTION('',(-0.335351823514355,0.62318811260109,-0.706523694420992));
#7108=DIRECTION('',(0.457591675761113,-0.539846392500515,0.706523694421013));
#7109=DIRECTION('center_axis',(0.,-1.11093197257797E-18,1.));
#7110=DIRECTION('ref_axis',(-0.680172737770931,0.733051871829816,8.14370761973868E-19));
#7111=DIRECTION('',(-0.424487589277904,0.566246020534139,-0.706523694420991));
#7112=DIRECTION('',(0.532940684541926,-0.465616253992143,0.706523694421006));
#7113=DIRECTION('center_axis',(0.,-1.11093197257797E-18,1.));
#7114=DIRECTION('ref_axis',(-0.78183148246803,0.623489801858733,6.92654755461167E-19));
#7115=DIRECTION('',(-0.504141003741626,0.496654928061825,-0.706523694420993));
#7116=DIRECTION('',(0.596384679088036,-0.380985017777278,0.706523694421006));
#7117=DIRECTION('center_axis',(0.,-1.11093197257797E-18,1.));
#7118=DIRECTION('ref_axis',(-0.866025403784432,0.500000000000011,5.55465986288995E-19));
#7119=DIRECTION('',(-0.572532741249715,0.415969385194153,-0.706523694420991));
#7120=DIRECTION('',(0.646506425399327,-0.287843205824064,0.706523694421008));
#7121=DIRECTION('center_axis',(0.,-1.11093197257797E-18,1.));
#7122=DIRECTION('ref_axis',(-0.930873748644205,0.365341024366394,4.05869024863013E-19));
#7123=DIRECTION('',(-0.62813504340014,0.325991773629977,-0.706523694420991));
#7124=DIRECTION('',(0.682186286486895,-0.188271452299355,0.706523694421009));
#7125=DIRECTION('center_axis',(0.,-1.11093197257797E-18,1.));
#7126=DIRECTION('ref_axis',(-0.974927912181824,0.222520933956314,2.4720562009998E-19));
#7127=DIRECTION('',(-0.669705846642915,0.228732044528123,-0.706523694420988));
#7128=DIRECTION('',(0.702627233213264,-0.0844940256394494,0.706523694421011));
#7129=DIRECTION('center_axis',(0.,-1.11093197257797E-18,1.));
#7130=DIRECTION('ref_axis',(-0.99720379718118,0.0747300935864217,8.30200502788995E-20));
#7131=DIRECTION('',(-0.696316527927289,0.126362819519803,-0.706523694420994));
#7132=DIRECTION('',(0.707372648606205,0.0211708579310658,0.706523694421004));
#7133=DIRECTION('center_axis',(0.,-1.11093197257797E-18,1.));
#7134=DIRECTION('ref_axis',(-0.99720379718118,-0.0747300935864274,-8.30200502789058E-20));
#7135=DIRECTION('',(-0.707372648606196,0.0211708579316851,-0.706523694420995));
#7136=DIRECTION('',(0.696316527927389,0.126362819519154,0.706523694421012));
#7137=DIRECTION('center_axis',(0.,-1.11093197257797E-18,1.));
#7138=DIRECTION('ref_axis',(-0.974927912181823,-0.222520933956315,-2.47205620099981E-19));
#7139=DIRECTION('',(-0.702627233213361,-0.0844940256388087,-0.706523694420991));
#7140=DIRECTION('',(0.669705846643101,0.228732044527506,0.706523694421011));
#7141=DIRECTION('center_axis',(-1.92592994438724E-34,-1.11093197257797E-18,
1.));
#7142=DIRECTION('ref_axis',(-0.930873748644205,-0.365341024366393,-4.05869024863012E-19));
#7143=DIRECTION('',(-0.682186286487084,-0.188271452298736,-0.706523694420992));
#7144=DIRECTION('',(0.628135043400405,0.325991773629422,0.706523694421012));
#7145=DIRECTION('center_axis',(0.,-1.11093197257797E-18,1.));
#7146=DIRECTION('ref_axis',(-0.866025403784441,-0.499999999999997,-5.55465986288979E-19));
#7147=DIRECTION('',(-0.646506425399582,-0.287843205823522,-0.706523694420996));
#7148=DIRECTION('',(0.572532741250057,0.415969385193653,0.706523694421007));
#7149=DIRECTION('center_axis',(0.,-1.11093197257797E-18,1.));
#7150=DIRECTION('ref_axis',(-0.781831482468031,-0.623489801858732,-6.92654755461166E-19));
#7151=DIRECTION('',(-0.596384679088378,-0.380985017776773,-0.70652369442099));
#7152=DIRECTION('',(0.504141003742074,0.496654928061352,0.706523694421007));
#7153=DIRECTION('center_axis',(0.,-1.11093197257797E-18,1.));
#7154=DIRECTION('ref_axis',(-0.680172737770932,-0.733051871829814,-8.14370761973866E-19));
#7155=DIRECTION('',(-0.532940684542351,-0.465616253991683,-0.706523694420989));
#7156=DIRECTION('',(0.424487589278404,0.566246020533742,0.706523694421008));
#7157=DIRECTION('center_axis',(-9.62964972193618E-35,-1.11093197257797E-18,
1.));
#7158=DIRECTION('ref_axis',(-0.563320058063618,-0.826238774315998,-9.17895071371273E-19));
#7159=DIRECTION('',(-0.457591675761613,-0.53984639250012,-0.706523694420991));
#7160=DIRECTION('',(0.335351823514877,0.62318811260079,0.706523694421009));
#7161=DIRECTION('center_axis',(0.,-1.11093197257797E-18,1.));
#7162=DIRECTION('ref_axis',(-0.433883739117556,-0.90096886790242,-1.00091512165017E-18));
#7163=DIRECTION('',(-0.372020825091845,-0.60201725466941,-0.706523694420994));
#7164=DIRECTION('',(0.238724852166261,0.666209212019681,0.70652369442101));
#7165=DIRECTION('center_axis',(-9.62964972193618E-35,-1.11093197257797E-18,
1.));
#7166=DIRECTION('ref_axis',(-0.29475517441091,-0.955572805786139,-1.06157638207386E-18));
#7167=DIRECTION('',(-0.278139643935441,-0.650740046172952,-0.706523694420995));
#7168=DIRECTION('',(0.136765162101181,0.694348298519644,0.70652369442101));
#7169=DIRECTION('center_axis',(0.,-1.11093197257797E-18,1.));
#7170=DIRECTION('ref_axis',(-0.149042266176172,-0.988830826225129,-1.09852378032418E-18));
#7171=DIRECTION('',(-0.178045282745455,-0.684926380360548,-0.706523694420993));
#7172=DIRECTION('',(0.0317503643120781,0.706976791406731,0.706523694420996));
#7173=DIRECTION('center_axis',(0.,-1.11093197257797E-18,1.));
#7174=DIRECTION('ref_axis',(1.24344978758018E-14,-1.,-1.11093197257797E-18));
#7175=DIRECTION('',(-0.0739736841492694,-0.703812591017716,-0.70652369442101));
#7176=DIRECTION('',(8.65956056235493E-17,0.707106781186548,0.707106781186548));
#7177=DIRECTION('center_axis',(0.,-1.11093197257797E-18,1.));
#7178=DIRECTION('ref_axis',(0.,1.,1.11093197257797E-18));
#7179=DIRECTION('',(-0.0739736841495566,0.703812591017698,0.706523694420998));
#7180=DIRECTION('center_axis',(-2.40741243048404E-35,-1.11093197257797E-18,
1.));
#7181=DIRECTION('ref_axis',(0.149042266176179,-0.988830826225128,-1.09852378032418E-18));
#7182=DIRECTION('',(0.0317503643117418,-0.706976791406753,-0.70652369442099));
#7183=DIRECTION('',(-0.178045282744827,0.684926380360698,0.706523694421006));
#7184=DIRECTION('center_axis',(-4.81482486096809E-35,-1.11093197257797E-18,
1.));
#7185=DIRECTION('ref_axis',(0.294755174410908,-0.955572805786139,-1.06157638207386E-18));
#7186=DIRECTION('',(0.136765162100567,-0.694348298519791,-0.706523694420985));
#7187=DIRECTION('',(-0.278139643934857,0.650740046173189,0.706523694421006));
#7188=DIRECTION('center_axis',(9.62964972193618E-35,-1.11093197257797E-18,
1.));
#7189=DIRECTION('ref_axis',(0.433883739117566,-0.900968867902416,-1.00091512165017E-18));
#7190=DIRECTION('',(0.238724852165679,-0.666209212019913,-0.706523694420988));
#7191=DIRECTION('',(-0.372020825091326,0.602017254669712,0.706523694421009));
#7192=DIRECTION('center_axis',(0.,-1.11093197257797E-18,1.));
#7193=DIRECTION('ref_axis',(0.563320058063623,-0.826238774315994,-9.17895071371269E-19));
#7194=DIRECTION('',(0.335351823514357,-0.623188112601094,-0.706523694420989));
#7195=DIRECTION('',(-0.457591675761131,0.539846392500508,0.706523694421006));
#7196=DIRECTION('center_axis',(0.,-1.11093197257797E-18,1.));
#7197=DIRECTION('ref_axis',(0.680172737770925,-0.733051871829821,-8.14370761973874E-19));
#7198=DIRECTION('',(0.424487589277918,-0.566246020534126,-0.706523694420992));
#7199=DIRECTION('',(-0.532940684541928,0.465616253992138,0.706523694421008));
#7200=DIRECTION('center_axis',(0.,-1.11093197257797E-18,1.));
#7201=DIRECTION('ref_axis',(0.781831482468026,-0.623489801858738,-6.92654755461174E-19));
#7202=DIRECTION('',(0.504141003741651,-0.496654928061805,-0.70652369442099));
#7203=DIRECTION('',(-0.596384679088043,0.380985017777268,0.706523694421006));
#7204=DIRECTION('center_axis',(-1.92592994438724E-34,-1.11093197257797E-18,
1.));
#7205=DIRECTION('ref_axis',(0.866025403784441,-0.499999999999996,-5.55465986288978E-19));
#7206=DIRECTION('',(0.57253274124972,-0.415969385194149,-0.706523694420989));
#7207=DIRECTION('',(-0.646506425399329,0.287843205824069,0.706523694421004));
#7208=DIRECTION('center_axis',(0.,-1.11093197257797E-18,1.));
#7209=DIRECTION('ref_axis',(0.930873748644208,-0.365341024366387,-4.05869024863005E-19));
#7210=DIRECTION('',(0.628135043400138,-0.325991773629986,-0.706523694420989));
#7211=DIRECTION('',(-0.682186286486897,0.18827145229934,0.706523694421012));
#7212=DIRECTION('center_axis',(0.,-1.11093197257797E-18,1.));
#7213=DIRECTION('ref_axis',(0.974927912181826,-0.222520933956303,-2.47205620099967E-19));
#7214=DIRECTION('',(0.669705846642908,-0.228732044528119,-0.706523694420995));
#7215=DIRECTION('',(-0.702627233213266,0.0844940256394643,0.706523694421006));
#7216=DIRECTION('center_axis',(0.,-1.11093197257797E-18,1.));
#7217=DIRECTION('ref_axis',(0.997203797181181,-0.0747300935864174,-8.30200502788947E-20));
#7218=DIRECTION('',(0.696316527927298,-0.126362819519789,-0.706523694420988));
#7219=DIRECTION('',(-0.707372648606208,-0.0211708579310722,0.706523694421001));
#7220=DIRECTION('center_axis',(-1.92592994438724E-34,-1.11093197257797E-18,
1.));
#7221=DIRECTION('ref_axis',(0.997203797181179,0.0747300935864341,8.30200502789135E-20));
#7222=DIRECTION('',(0.707372648606206,-0.0211708579316895,-0.706523694420985));
#7223=DIRECTION('',(-0.696316527927383,-0.126362819519181,0.706523694421012));
#7224=DIRECTION('center_axis',(0.,-1.11093197257797E-18,1.));
#7225=DIRECTION('ref_axis',(0.974927912181822,0.222520933956321,2.47205620099987E-19));
#7226=DIRECTION('',(0.70262723321336,0.0844940256388155,-0.706523694420991));
#7227=DIRECTION('',(-0.669705846643098,-0.228732044527527,0.706523694421007));
#7228=DIRECTION('center_axis',(0.,-1.11093197257797E-18,1.));
#7229=DIRECTION('ref_axis',(0.930873748644211,0.365341024366378,4.05869024862995E-19));
#7230=DIRECTION('',(0.682186286487076,0.188271452298762,-0.706523694420992));
#7231=DIRECTION('',(-0.628135043400401,-0.325991773629437,0.706523694421008));
#7232=DIRECTION('center_axis',(0.,-1.11093197257797E-18,1.));
#7233=DIRECTION('ref_axis',(0.866025403784437,0.500000000000003,5.55465986288987E-19));
#7234=DIRECTION('',(0.646506425399591,0.287843205823516,-0.70652369442099));
#7235=DIRECTION('',(-0.572532741250047,-0.415969385193659,0.706523694421012));
#7236=DIRECTION('center_axis',(0.,-1.11093197257797E-18,1.));
#7237=DIRECTION('ref_axis',(0.781831482468014,0.623489801858753,6.9265475546119E-19));
#7238=DIRECTION('',(0.596384679088379,0.38098501777677,-0.706523694420991));
#7239=DIRECTION('',(-0.504141003742049,-0.496654928061371,0.706523694421011));
#7240=DIRECTION('center_axis',(-9.62964972193618E-35,-1.11093197257797E-18,
1.));
#7241=DIRECTION('ref_axis',(0.680172737770934,0.733051871829813,8.14370761973865E-19));
#7242=DIRECTION('',(0.532940684542363,0.465616253991672,-0.706523694420987));
#7243=DIRECTION('',(-0.424487589278386,-0.566246020533748,0.706523694421014));
#7244=DIRECTION('center_axis',(0.,-1.11093197257797E-18,1.));
#7245=DIRECTION('ref_axis',(0.563320058063628,0.826238774315991,9.17895071371265E-19));
#7246=DIRECTION('',(0.457591675761616,0.539846392500119,-0.706523694420989));
#7247=DIRECTION('',(-0.335351823514866,-0.623188112600797,0.706523694421009));
#7248=DIRECTION('center_axis',(0.,-1.11093197257797E-18,1.));
#7249=DIRECTION('ref_axis',(0.433883739117533,0.900968867902431,1.00091512165018E-18));
#7250=DIRECTION('',(0.37202082509185,0.602017254669413,-0.706523694420989));
#7251=DIRECTION('',(-0.238724852166237,-0.666209212019692,0.706523694421007));
#7252=DIRECTION('center_axis',(0.,-1.11093197257797E-18,1.));
#7253=DIRECTION('ref_axis',(0.294755174410847,0.955572805786158,1.06157638207388E-18));
#7254=DIRECTION('',(0.278139643935448,0.650740046172958,-0.706523694420986));
#7255=DIRECTION('',(-0.136765162101152,-0.694348298519651,0.706523694421009));
#7256=DIRECTION('center_axis',(0.,-1.11093197257797E-18,1.));
#7257=DIRECTION('ref_axis',(0.149042266176196,0.988830826225125,1.09852378032418E-18));
#7258=DIRECTION('',(0.178045282745422,0.68492638036056,-0.70652369442099));
#7259=DIRECTION('',(-0.0317503643123588,-0.706976791406705,0.706523694421011));
#7260=DIRECTION('center_axis',(0.,-1.11093197257797E-18,1.));
#7261=DIRECTION('ref_axis',(-1.24344978758018E-14,1.,1.11093197257797E-18));
#7262=DIRECTION('',(0.0739736841492694,0.703812591017716,-0.70652369442101));
#7263=DIRECTION('center_axis',(0.,1.11093197257797E-18,-1.));
#7264=DIRECTION('ref_axis',(0.,1.,0.));
#7265=DIRECTION('center_axis',(0.,1.11093197257797E-18,-1.));
#7266=DIRECTION('ref_axis',(0.,1.,1.11093197257797E-18));
#7267=DIRECTION('center_axis',(0.832023635455252,-0.554740182467275,0.));
#7268=DIRECTION('ref_axis',(-0.554740182467275,-0.832023635455252,0.));
#7269=DIRECTION('center_axis',(0.,-1.11093197257797E-18,1.));
#7270=DIRECTION('ref_axis',(0.,1.,1.11093197257797E-18));
#7271=DIRECTION('center_axis',(0.832023635455251,0.554740182467277,0.));
#7272=DIRECTION('ref_axis',(-0.554740182467277,0.832023635455251,0.));
#7273=DIRECTION('center_axis',(0.,0.,-1.));
#7274=DIRECTION('ref_axis',(-1.,0.,0.));
#7275=DIRECTION('center_axis',(0.,1.11093197257797E-18,-1.));
#7276=DIRECTION('ref_axis',(0.,1.,1.11093197257797E-18));
#7277=DIRECTION('',(0.,0.,1.));
#7278=DIRECTION('center_axis',(0.,0.,-1.));
#7279=DIRECTION('ref_axis',(1.,-2.12477066173887E-14,0.));
#7280=DIRECTION('',(0.,0.,-1.));
#7281=DIRECTION('center_axis',(0.,0.,1.));
#7282=DIRECTION('ref_axis',(1.,0.,0.));
#7283=DIRECTION('center_axis',(0.,0.,1.));
#7284=DIRECTION('ref_axis',(-1.,2.1316282072803E-14,0.));
#7285=DIRECTION('',(0.,0.,1.));
#7286=DIRECTION('center_axis',(0.,1.11093197257797E-18,-1.));
#7287=DIRECTION('ref_axis',(0.,1.,1.11093197257797E-18));
#7288=DIRECTION('center_axis',(0.,0.,-1.));
#7289=DIRECTION('ref_axis',(-1.,0.,0.));
#7290=DIRECTION('center_axis',(0.,1.11093197257797E-18,-1.));
#7291=DIRECTION('ref_axis',(0.,1.,1.11093197257797E-18));
#7292=DIRECTION('center_axis',(0.,0.,-1.));
#7293=DIRECTION('ref_axis',(1.,0.,0.));
#7294=DIRECTION('',(0.,0.,-1.));
#7295=DIRECTION('center_axis',(0.,1.,0.));
#7296=DIRECTION('ref_axis',(1.,0.,0.));
#7297=DIRECTION('center_axis',(-0.896430908244303,0.443183513619691,3.19184608391477E-14));
#7298=DIRECTION('ref_axis',(-0.443183513619691,-0.896430908244303,0.));
#7299=DIRECTION('center_axis',(-0.0644072727890387,-0.99792369608697,0.));
#7300=DIRECTION('ref_axis',(0.99792369608697,-0.0644072727890387,0.));
#7301=DIRECTION('center_axis',(0.,0.,-1.));
#7302=DIRECTION('ref_axis',(1.,1.68463959609296E-13,0.));
#7303=DIRECTION('center_axis',(0.,0.,-1.));
#7304=DIRECTION('ref_axis',(-1.,0.,0.));
#7305=DIRECTION('center_axis',(0.,0.,-1.));
#7306=DIRECTION('ref_axis',(-1.,0.,0.));
#7307=DIRECTION('center_axis',(-0.0644072727890511,0.997923696086969,-2.12035899209961E-14));
#7308=DIRECTION('ref_axis',(-0.997923696086969,-0.0644072727890511,-4.14151975241031E-30));
#7309=DIRECTION('center_axis',(0.,0.,1.));
#7310=DIRECTION('ref_axis',(-1.,-1.50990331349021E-14,0.));
#7311=DIRECTION('center_axis',(0.,1.,0.));
#7312=DIRECTION('ref_axis',(1.,0.,0.));
#7313=DIRECTION('center_axis',(-0.896430908244309,-0.443183513619679,0.));
#7314=DIRECTION('ref_axis',(0.443183513619679,-0.896430908244309,0.));
#7315=DIRECTION('center_axis',(0.,0.,-1.));
#7316=DIRECTION('ref_axis',(1.,1.80605506247804E-13,0.));
#7317=DIRECTION('center_axis',(0.,-1.11093197257797E-18,1.));
#7318=DIRECTION('ref_axis',(0.,-1.,0.));
#7319=DIRECTION('center_axis',(0.,-1.11093197257797E-18,1.));
#7320=DIRECTION('ref_axis',(0.,-1.,-1.11093197257797E-18));
#7321=DIRECTION('center_axis',(-1.,-1.22464679914735E-16,-1.36049928428806E-34));
#7322=DIRECTION('ref_axis',(-1.22464679914735E-16,1.,0.));
#7323=DIRECTION('center_axis',(0.,1.11093197257797E-18,-1.));
#7324=DIRECTION('ref_axis',(0.,-1.,-1.11093197257797E-18));
#7325=DIRECTION('center_axis',(0.,-1.11093197257797E-18,1.));
#7326=DIRECTION('ref_axis',(0.,-1.,0.));
#7327=DIRECTION('center_axis',(0.,-1.11093197257797E-18,1.));
#7328=DIRECTION('ref_axis',(0.,-1.,-1.11093197257797E-18));
#7329=DIRECTION('center_axis',(1.,1.22464679914735E-16,1.36049928428806E-34));
#7330=DIRECTION('ref_axis',(-1.22464679914735E-16,1.,0.));
#7331=DIRECTION('center_axis',(0.,-1.11093197257797E-18,1.));
#7332=DIRECTION('ref_axis',(0.,-1.,0.));
#7333=DIRECTION('center_axis',(0.,-1.11093197257797E-18,1.));
#7334=DIRECTION('ref_axis',(0.,-1.,-1.11093197257797E-18));
#7335=DIRECTION('center_axis',(1.,1.22464679914735E-16,1.36049928428806E-34));
#7336=DIRECTION('ref_axis',(-1.22464679914735E-16,1.,0.));
#7337=DIRECTION('center_axis',(0.,1.11093197257797E-18,-1.));
#7338=DIRECTION('ref_axis',(0.,-1.,-1.11093197257797E-18));
#7339=DIRECTION('center_axis',(0.,1.11093197257797E-18,-1.));
#7340=DIRECTION('ref_axis',(0.,1.,1.11093197257797E-18));
#7341=DIRECTION('center_axis',(0.,-1.11093197257797E-18,1.));
#7342=DIRECTION('ref_axis',(0.,-1.,-1.11093197257797E-18));
#7343=DIRECTION('',(8.65956056235488E-17,0.707106781186543,0.707106781186552));
#7344=DIRECTION('center_axis',(0.,-1.11093197257797E-18,1.));
#7345=DIRECTION('ref_axis',(0.,-1.,-1.11093197257797E-18));
#7346=DIRECTION('center_axis',(0.,-1.11093197257797E-18,1.));
#7347=DIRECTION('ref_axis',(0.,-1.,-1.11093197257797E-18));
#7348=DIRECTION('center_axis',(0.,-1.11093197257797E-18,1.));
#7349=DIRECTION('ref_axis',(0.,-1.,-1.11093197257797E-18));
#7350=DIRECTION('center_axis',(0.,-1.11093197257797E-18,1.));
#7351=DIRECTION('ref_axis',(0.,-1.,-1.11093197257797E-18));
#7352=DIRECTION('center_axis',(0.,-1.11093197257797E-18,1.));
#7353=DIRECTION('ref_axis',(0.,-1.,-1.11093197257797E-18));
#7354=DIRECTION('',(0.,1.11093197257797E-18,-1.));
#7355=DIRECTION('center_axis',(0.,-1.11093197257797E-18,1.));
#7356=DIRECTION('ref_axis',(0.,-1.,-1.11093197257797E-18));
#7357=DIRECTION('center_axis',(0.,-1.11093197257797E-18,1.));
#7358=DIRECTION('ref_axis',(0.,-1.,-1.11093197257797E-18));
#7359=DIRECTION('',(0.,1.11093197257797E-18,-1.));
#7360=DIRECTION('center_axis',(0.,-1.11093197257797E-18,1.));
#7361=DIRECTION('ref_axis',(0.,-1.,-1.11093197257797E-18));
#7362=DIRECTION('center_axis',(0.,1.11093197257797E-18,-1.));
#7363=DIRECTION('ref_axis',(0.,-1.,-1.11093197257797E-18));
#7364=DIRECTION('center_axis',(0.,-1.11093197257797E-18,1.));
#7365=DIRECTION('ref_axis',(0.,-1.,-1.11093197257797E-18));
#7366=DIRECTION('',(0.,1.11093197257797E-18,-1.));
#7367=DIRECTION('center_axis',(0.,-1.11093197257797E-18,1.));
#7368=DIRECTION('ref_axis',(0.,-1.,-1.11093197257797E-18));
#7369=DIRECTION('center_axis',(0.,-1.11093197257797E-18,1.));
#7370=DIRECTION('ref_axis',(0.,-1.,-1.11093197257797E-18));
#7371=DIRECTION('center_axis',(0.,-1.11093197257797E-18,1.));
#7372=DIRECTION('ref_axis',(0.,-1.,-1.11093197257797E-18));
#7373=DIRECTION('center_axis',(0.,1.11093197257797E-18,-1.));
#7374=DIRECTION('ref_axis',(8.88178419700125E-16,-1.,-1.11093197257797E-18));
#7375=DIRECTION('center_axis',(0.,1.11093197257797E-18,-1.));
#7376=DIRECTION('ref_axis',(0.504758935462436,-0.863260341421305,-9.590235139435E-19));
#7377=DIRECTION('center_axis',(0.,-1.11093197257797E-18,1.));
#7378=DIRECTION('ref_axis',(0.0625795740363488,0.998039977612835,1.1087545210411E-18));
#7379=DIRECTION('center_axis',(0.,-1.11093197257797E-18,1.));
#7380=DIRECTION('ref_axis',(0.,-1.,-1.11093197257797E-18));
#7381=DIRECTION('center_axis',(0.,-1.11093197257797E-18,1.));
#7382=DIRECTION('ref_axis',(0.,-1.,-1.11093197257797E-18));
#7383=DIRECTION('center_axis',(0.,0.,-1.));
#7384=DIRECTION('ref_axis',(-1.,0.,0.));
#7385=DIRECTION('center_axis',(0.,0.,-1.));
#7386=DIRECTION('ref_axis',(-1.,0.,0.));
#7387=DIRECTION('center_axis',(0.,0.,-1.));
#7388=DIRECTION('ref_axis',(-1.,0.,0.));
#7389=DIRECTION('center_axis',(0.,0.,-1.));
#7390=DIRECTION('ref_axis',(-1.,0.,0.));
#7391=DIRECTION('center_axis',(0.,0.,-1.));
#7392=DIRECTION('ref_axis',(-1.,0.,0.));
#7393=DIRECTION('center_axis',(0.,0.,-1.));
#7394=DIRECTION('ref_axis',(-1.,0.,0.));
#7395=DIRECTION('center_axis',(0.,0.,-1.));
#7396=DIRECTION('ref_axis',(-1.,0.,0.));
#7397=DIRECTION('center_axis',(-0.832023635455243,0.554740182467289,0.));
#7398=DIRECTION('ref_axis',(0.554740182467289,0.832023635455243,0.));
#7399=DIRECTION('center_axis',(0.,0.,1.));
#7400=DIRECTION('ref_axis',(-1.,0.,0.));
#7401=DIRECTION('center_axis',(6.12323399573676E-17,0.,1.));
#7402=DIRECTION('ref_axis',(1.,0.,0.));
#7403=DIRECTION('center_axis',(0.,0.,-1.));
#7404=DIRECTION('ref_axis',(1.,6.07077331925392E-15,0.));
#7405=DIRECTION('center_axis',(-0.832023635455251,-0.554740182467277,3.44183127889095E-15));
#7406=DIRECTION('ref_axis',(0.554740182467277,-0.832023635455251,9.86076131526265E-31));
#7407=DIRECTION('center_axis',(0.,0.,-1.));
#7408=DIRECTION('ref_axis',(-1.,0.,0.));
#7409=DIRECTION('center_axis',(-0.896430908244304,-0.443183513619688,0.));
#7410=DIRECTION('ref_axis',(-0.443183513619688,0.896430908244304,0.));
#7411=DIRECTION('center_axis',(0.,0.,1.));
#7412=DIRECTION('ref_axis',(-1.,0.,0.));
#7413=DIRECTION('center_axis',(0.,1.,0.));
#7414=DIRECTION('ref_axis',(1.,0.,0.));
#7415=DIRECTION('center_axis',(0.0644072727890513,-0.997923696086969,3.61558720424854E-15));
#7416=DIRECTION('ref_axis',(0.997923696086969,0.0644072727890513,4.93038065763132E-32));
#7417=DIRECTION('center_axis',(0.,0.,-1.));
#7418=DIRECTION('ref_axis',(1.,-1.22464679914735E-16,0.));
#7419=DIRECTION('center_axis',(0.0644072727890348,0.99792369608697,0.));
#7420=DIRECTION('ref_axis',(-0.99792369608697,0.0644072727890348,0.));
#7421=DIRECTION('center_axis',(0.,1.,0.));
#7422=DIRECTION('ref_axis',(1.,0.,0.));
#7423=DIRECTION('center_axis',(-0.896430908244302,0.443183513619691,-4.09679551531626E-15));
#7424=DIRECTION('ref_axis',(0.443183513619691,0.896430908244302,3.15544362088405E-30));
#7425=DIRECTION('center_axis',(0.,0.,-1.));
#7426=DIRECTION('ref_axis',(-1.,0.,0.));
#7427=DIRECTION('center_axis',(0.,0.,1.));
#7428=DIRECTION('ref_axis',(-1.,1.41449260878505E-14,0.));
#7429=DIRECTION('center_axis',(-0.83202363545526,0.554740182467263,0.));
#7430=DIRECTION('ref_axis',(-0.554740182467263,-0.83202363545526,0.));
#7431=DIRECTION('center_axis',(6.12323399573676E-17,0.,1.));
#7432=DIRECTION('ref_axis',(1.,0.,0.));
#7433=DIRECTION('center_axis',(-0.832023635455251,-0.554740182467277,-1.54923212445548E-14));
#7434=DIRECTION('ref_axis',(-0.554740182467277,0.832023635455251,3.15544362088405E-30));
#7435=DIRECTION('center_axis',(0.,0.,-1.));
#7436=DIRECTION('ref_axis',(1.,3.03538665962696E-15,0.));
#7437=DIRECTION('center_axis',(0.,0.,-1.));
#7438=DIRECTION('ref_axis',(-1.,0.,0.));
#7439=DIRECTION('center_axis',(0.,0.,1.));
#7440=DIRECTION('ref_axis',(-1.,0.,0.));
#7441=DIRECTION('center_axis',(0.,0.,1.));
#7442=DIRECTION('ref_axis',(1.,0.,0.));
#7443=DIRECTION('',(0.,0.,1.));
#7444=DIRECTION('center_axis',(0.,1.11093197257797E-18,-1.));
#7445=DIRECTION('ref_axis',(0.,1.,1.11093197257797E-18));
#7446=DIRECTION('',(0.,0.,-1.));
#7447=DIRECTION('center_axis',(0.,0.,-1.));
#7448=DIRECTION('ref_axis',(-1.,0.,0.));
#7449=DIRECTION('',(0.,0.,1.));
#7450=DIRECTION('center_axis',(0.,0.,1.));
#7451=DIRECTION('ref_axis',(1.,0.,0.));
#7452=DIRECTION('center_axis',(0.,1.11093197257797E-18,-1.));
#7453=DIRECTION('ref_axis',(0.,1.,1.11093197257797E-18));
#7454=DIRECTION('center_axis',(0.,0.,1.));
#7455=DIRECTION('ref_axis',(1.,0.,0.));
#7456=DIRECTION('center_axis',(0.,1.11093197257797E-18,-1.));
#7457=DIRECTION('ref_axis',(0.,1.,1.11093197257797E-18));
#7458=DIRECTION('',(0.,0.,-1.));
#7459=DIRECTION('center_axis',(0.,0.,-1.));
#7460=DIRECTION('ref_axis',(-1.,0.,0.));
#7461=DIRECTION('center_axis',(0.,1.11093197257797E-18,-1.));
#7462=DIRECTION('ref_axis',(0.,1.,1.11093197257797E-18));
#7463=DIRECTION('',(0.,0.,1.));
#7464=DIRECTION('center_axis',(0.,0.,1.));
#7465=DIRECTION('ref_axis',(1.,0.,0.));
#7466=DIRECTION('center_axis',(0.,1.11093197257797E-18,-1.));
#7467=DIRECTION('ref_axis',(0.,1.,1.11093197257797E-18));
#7468=DIRECTION('',(0.,0.,-1.));
#7469=DIRECTION('center_axis',(0.,0.,-1.));
#7470=DIRECTION('ref_axis',(0.866025403784437,-0.500000000000003,0.));
#7471=DIRECTION('center_axis',(0.,1.11093197257797E-18,-1.));
#7472=DIRECTION('ref_axis',(0.,1.,1.11093197257797E-18));
#7473=DIRECTION('',(0.,0.,1.));
#7474=DIRECTION('center_axis',(0.,0.,1.));
#7475=DIRECTION('ref_axis',(-1.,-1.01064309961486E-15,0.));
#7476=DIRECTION('center_axis',(0.,1.11093197257797E-18,-1.));
#7477=DIRECTION('ref_axis',(0.,1.,1.11093197257797E-18));
#7478=DIRECTION('',(0.,0.,-1.));
#7479=DIRECTION('center_axis',(0.,0.,-1.));
#7480=DIRECTION('ref_axis',(0.866025403784437,0.500000000000002,0.));
#7481=DIRECTION('center_axis',(0.,1.11093197257797E-18,-1.));
#7482=DIRECTION('ref_axis',(0.,1.,1.11093197257797E-18));
#7483=DIRECTION('center_axis',(0.,1.11093197257797E-18,-1.));
#7484=DIRECTION('ref_axis',(0.,1.,0.));
#7485=DIRECTION('center_axis',(0.896430908244303,-0.443183513619691,0.));
#7486=DIRECTION('ref_axis',(0.443183513619691,0.896430908244303,0.));
#7487=DIRECTION('center_axis',(0.,-1.11093197257797E-18,1.));
#7488=DIRECTION('ref_axis',(8.88262848644177E-15,1.,1.11093197257797E-18));
#7489=DIRECTION('center_axis',(0.,1.11093197257797E-18,-1.));
#7490=DIRECTION('ref_axis',(0.,1.,0.));
#7491=DIRECTION('center_axis',(0.896430908244301,0.443183513619694,0.));
#7492=DIRECTION('ref_axis',(0.443183513619694,-0.896430908244301,0.));
#7493=DIRECTION('center_axis',(0.,-1.11093197257797E-18,1.));
#7494=DIRECTION('ref_axis',(0.,1.,1.11093197257797E-18));
#7495=DIRECTION('center_axis',(0.,1.11093197257797E-18,-1.));
#7496=DIRECTION('ref_axis',(0.,1.,0.));
#7497=DIRECTION('center_axis',(-0.0644072727890514,0.997923696086969,0.));
#7498=DIRECTION('ref_axis',(-0.997923696086969,-0.0644072727890513,0.));
#7499=DIRECTION('center_axis',(0.,-1.11093197257797E-18,1.));
#7500=DIRECTION('ref_axis',(-1.51769332981348E-15,1.,1.11093197257797E-18));
#7501=DIRECTION('center_axis',(0.,1.11093197257797E-18,-1.));
#7502=DIRECTION('ref_axis',(0.,1.,0.));
#7503=DIRECTION('center_axis',(0.,-1.11093197257797E-18,1.));
#7504=DIRECTION('ref_axis',(0.,1.,1.11093197257797E-18));
#7505=DIRECTION('center_axis',(-0.0644072727890496,-0.997923696086969,4.94656756406785E-17));
#7506=DIRECTION('ref_axis',(0.997923696086969,-0.0644072727890496,3.85185988877447E-34));
#7507=DIRECTION('center_axis',(0.,1.11093197257797E-18,-1.));
#7508=DIRECTION('ref_axis',(0.,1.,0.));
#7509=DIRECTION('center_axis',(0.,-1.11093197257797E-18,1.));
#7510=DIRECTION('ref_axis',(0.,1.,1.11093197257797E-18));
#7511=DIRECTION('center_axis',(0.896430908244302,-0.443183513619691,0.));
#7512=DIRECTION('ref_axis',(-0.443183513619691,-0.896430908244302,0.));
#7513=DIRECTION('center_axis',(0.,1.11093197257797E-18,-1.));
#7514=DIRECTION('ref_axis',(0.,1.,0.));
#7515=DIRECTION('center_axis',(0.,-1.11093197257797E-18,1.));
#7516=DIRECTION('ref_axis',(9.76209665341619E-15,1.,1.11093197257797E-18));
#7517=DIRECTION('center_axis',(0.832023635455252,-0.554740182467275,0.));
#7518=DIRECTION('ref_axis',(0.554740182467275,0.832023635455252,0.));
#7519=DIRECTION('center_axis',(0.,1.11093197257797E-18,-1.));
#7520=DIRECTION('ref_axis',(5.20660583828602E-15,-1.,0.));
#7521=DIRECTION('center_axis',(0.,-1.11093197257797E-18,1.));
#7522=DIRECTION('ref_axis',(-1.77635683940025E-15,1.,1.11093197257797E-18));
#7523=DIRECTION('center_axis',(0.832023635455251,0.554740182467277,0.));
#7524=DIRECTION('ref_axis',(0.554740182467277,-0.832023635455251,0.));
#7525=DIRECTION('center_axis',(0.,1.11093197257797E-18,-1.));
#7526=DIRECTION('ref_axis',(0.,1.,0.));
#7527=DIRECTION('center_axis',(0.,-1.11093197257797E-18,1.));
#7528=DIRECTION('ref_axis',(8.79468166974432E-16,1.,1.11093197257797E-18));
#7529=DIRECTION('center_axis',(0.896430908244301,0.443183513619694,-1.46742440559337E-15));
#7530=DIRECTION('ref_axis',(-0.443183513619694,0.896430908244301,-9.86076131526265E-32));
#7531=DIRECTION('center_axis',(0.,1.11093197257797E-18,-1.));
#7532=DIRECTION('ref_axis',(0.,1.,0.));
#7533=DIRECTION('center_axis',(0.,-1.11093197257797E-18,1.));
#7534=DIRECTION('ref_axis',(1.51769332981348E-15,1.,1.11093197257797E-18));
#7535=DIRECTION('center_axis',(-0.0644072727890511,0.997923696086969,0.));
#7536=DIRECTION('ref_axis',(0.997923696086969,0.0644072727890511,0.));
#7537=DIRECTION('center_axis',(0.,1.11093197257797E-18,-1.));
#7538=DIRECTION('ref_axis',(0.,1.,0.));
#7539=DIRECTION('center_axis',(0.,-1.11093197257797E-18,1.));
#7540=DIRECTION('ref_axis',(0.,1.,1.11093197257797E-18));
#7541=DIRECTION('center_axis',(-0.0644072727890496,-0.997923696086969,4.94656756406785E-17));
#7542=DIRECTION('ref_axis',(-0.997923696086969,0.0644072727890496,-3.85185988877447E-34));
#7543=DIRECTION('center_axis',(0.,1.11093197257797E-18,-1.));
#7544=DIRECTION('ref_axis',(0.,1.,0.));
#7545=DIRECTION('center_axis',(0.,-1.11093197257797E-18,1.));
#7546=DIRECTION('ref_axis',(-6.07077331925392E-15,1.,1.11093197257797E-18));
#7547=DIRECTION('center_axis',(0.,1.11093197257797E-18,-1.));
#7548=DIRECTION('ref_axis',(0.,1.,1.11093197257797E-18));
#7549=DIRECTION('center_axis',(0.999827423265982,-0.0185775048191675,1.06684579396037E-18));
#7550=DIRECTION('ref_axis',(0.0185775048191675,0.999827423265982,8.83698191104275E-19));
#7551=DIRECTION('',(-1.08307858860147E-18,-8.6372635247799E-19,1.));
#7552=DIRECTION('',(-0.0182012827301419,-0.979579431648829,0.200231991443761));
#7553=DIRECTION('',(-1.08307858860147E-18,-8.6372635247799E-19,1.));
#7554=DIRECTION('center_axis',(0.960883711825297,-0.276952148121006,7.79809141812925E-19));
#7555=DIRECTION('ref_axis',(0.276952148121006,0.960883711825297,1.29451849785826E-18));
#7556=DIRECTION('',(-1.10782558146473E-18,-1.02791192229907E-18,1.));
#7557=DIRECTION('',(-0.27134345541763,-0.941424388256692,-0.200231991443761));
#7558=DIRECTION('',(-1.10782558146473E-18,-1.02791192229907E-18,1.));
#7559=DIRECTION('center_axis',(0.99142901044879,0.130646535509109,1.23262355143831E-18));
#7560=DIRECTION('ref_axis',(-0.130646535509109,0.99142901044879,8.74368125786748E-19));
#7561=DIRECTION('',(0.128000748952108,-0.971351099175867,0.200231991443761));
#7562=DIRECTION('',(-1.10782558146473E-18,-1.02791192229907E-18,1.));
#7563=DIRECTION('center_axis',(0.991429010448791,-0.130646535509102,9.42344724631096E-19));
#7564=DIRECTION('ref_axis',(0.130646535509102,0.991429010448791,1.32845224671104E-18));
#7565=DIRECTION('',(-1.10782558146473E-18,-1.19395202285687E-18,1.));
#7566=DIRECTION('',(-0.1280007489521,-0.971351099175868,-0.200231991443761));
#7567=DIRECTION('',(-1.10782558146473E-18,-1.19395202285687E-18,1.));
#7568=DIRECTION('center_axis',(0.960883711825295,0.276952148121013,1.39515913425648E-18));
#7569=DIRECTION('ref_axis',(-0.276952148121013,0.960883711825295,8.40434376933965E-19));
#7570=DIRECTION('',(0.271343455417637,-0.94142438825669,0.200231991443761));
#7571=DIRECTION('',(-1.10782558146473E-18,-1.19395202285687E-18,1.));
#7572=DIRECTION('center_axis',(0.999827423265982,0.0185775048191744,1.10812248210904E-18));
#7573=DIRECTION('ref_axis',(-0.0185775048191744,0.999827423265982,1.33778231202857E-18));
#7574=DIRECTION('',(-1.08307858860147E-18,-1.35813759267795E-18,1.));
#7575=DIRECTION('',(0.0182012827301487,-0.979579431648829,-0.200231991443761));
#7576=DIRECTION('',(-1.08307858860147E-18,-1.35813759267795E-18,1.));
#7577=DIRECTION('center_axis',(0.908873858892159,0.417071107393542,1.55082176607668E-18));
#7578=DIRECTION('ref_axis',(-0.417071107393542,0.908873858892159,7.82654968421467E-19));
#7579=DIRECTION('',(0.408624797470699,-0.89046781216083,0.200231991443761));
#7580=DIRECTION('',(-1.08307858860147E-18,-1.35813759267795E-18,1.));
#7581=DIRECTION('center_axis',(0.985891343612494,0.167386554388193,1.2734392130842E-18));
#7582=DIRECTION('ref_axis',(-0.167386554388193,0.985891343612494,1.32230027556912E-18));
#7583=DIRECTION('',(-1.03413740980235E-18,-1.51680099744099E-18,1.));
#7584=DIRECTION('',(0.163996727832921,-0.965925578325039,-0.200231991443761));
#7585=DIRECTION('',(-1.03413740980235E-18,-1.51680099744099E-18,1.));
#7586=DIRECTION('center_axis',(0.836561265820215,0.547873387316157,1.69613420092881E-18));
#7587=DIRECTION('ref_axis',(-0.547873387316157,0.836561265820215,7.02320596757824E-19));
#7588=DIRECTION('',(0.536778136780418,-0.819619656595063,0.200231991443761));
#7589=DIRECTION('',(-1.03413740980235E-18,-1.51680099744099E-18,1.));
#7590=DIRECTION('center_axis',(0.949932080479107,0.312456464930134,1.43460201496427E-18));
#7591=DIRECTION('ref_axis',(-0.312456464930134,0.949932080479107,1.28235198044389E-18));
#7592=DIRECTION('',(-9.62095310128874E-19,-1.66639795886695E-18,1.));
#7593=DIRECTION('',(0.306128757032341,-0.930694543725437,-0.200231991443761));
#7594=DIRECTION('',(-9.62095310128874E-19,-1.66639795886695E-18,1.));
#7595=DIRECTION('center_axis',(0.745561276445725,0.66643708109965,1.82785039913984E-18));
#7596=DIRECTION('ref_axis',(-0.66643708109965,0.745561276445725,6.01225799057448E-19));
#7597=DIRECTION('',(0.652940739513632,-0.730462552281674,0.200231991443761));
#7598=DIRECTION('',(-9.62095310128874E-19,-1.66639795886695E-18,1.));
#7599=DIRECTION('center_axis',(0.892752904383326,0.450546614364302,1.58801077706876E-18));
#7600=DIRECTION('ref_axis',(-0.450546614364302,0.892752904383326,1.21882980555343E-18));
#7601=DIRECTION('',(-8.68561591041761E-19,-1.80358672803914E-18,1.));
#7602=DIRECTION('',(0.441422375662201,-0.874673330945447,-0.200231991443761));
#7603=DIRECTION('',(-8.68561591041761E-19,-1.80358672803914E-18,1.));
#7604=DIRECTION('center_axis',(0.63790668015836,0.770113671745502,1.94302803849619E-18));
#7605=DIRECTION('ref_axis',(-0.770113671745502,0.637906680158361,4.81628866046842E-19));
#7606=DIRECTION('',(0.754517725078205,-0.624988121603344,0.200231991443761));
#7607=DIRECTION('',(-8.68561591041761E-19,-1.80358672803914E-18,1.));
#7608=DIRECTION('center_axis',(0.815631103633389,0.57857229693944,1.7302386011526E-18));
#7609=DIRECTION('ref_axis',(-0.57857229693944,0.815631103633389,1.13315273131753E-18));
#7610=DIRECTION('',(-7.55625641265599E-19,-1.92530273455185E-18,1.));
#7611=DIRECTION('',(0.566855347848286,-0.799113361306307,-0.200231991443761));
#7612=DIRECTION('',(-7.55625641265599E-19,-1.92530273455185E-18,1.));
#7613=DIRECTION('center_axis',(0.516002302745316,0.856587195539095,2.03909424085997E-18));
#7614=DIRECTION('ref_axis',(-0.856587195539095,0.516002302745316,3.46201395581479E-19));
#7615=DIRECTION('',(0.839240031467538,-0.505552489050178,0.200231991443761));
#7616=DIRECTION('',(-7.55625641265599E-19,-1.92530273455185E-18,1.));
#7617=DIRECTION('center_axis',(0.720289451818109,0.693673630462892,1.85810835265016E-18));
#7618=DIRECTION('ref_axis',(-0.693673630462892,0.720289451818109,1.02723464199754E-18));
#7619=DIRECTION('',(-6.25810263297349E-19,-2.02882704394924E-18,1.));
#7620=DIRECTION('',(0.679625708263706,-0.705702519670663,-0.200231991443761));
#7621=DIRECTION('',(-6.25810263297349E-19,-2.02882704394924E-18,1.));
#7622=DIRECTION('center_axis',(0.382571286557079,0.923925976852075,2.113903046015E-18));
#7623=DIRECTION('ref_axis',(-0.923925976852075,0.382571286557079,1.97968613564398E-19));
#7624=DIRECTION('',(0.905215102356293,-0.374823649291972,0.200231991443761));
#7625=DIRECTION('',(-6.25810263297349E-19,-2.02882704394924E-18,1.));
#7626=DIRECTION('center_axis',(0.608857723891702,0.793279441342971,1.96876363261139E-18));
#7627=DIRECTION('ref_axis',(-0.793279441342971,0.608857723891702,9.03441572684487E-19));
#7628=DIRECTION('',(-4.82015318167367E-19,-2.11184709422814E-18,1.));
#7629=DIRECTION('',(0.777214353404191,-0.596527449883886,-0.200231991443761));
#7630=DIRECTION('',(-4.82015318167367E-19,-2.11184709422814E-18,1.));
#7631=DIRECTION('center_axis',(0.240594260007177,0.970625778583898,2.16578334887193E-18));
#7632=DIRECTION('ref_axis',(-0.970625778583898,0.240594260007177,4.0241795398562E-20));
#7633=DIRECTION('',(0.950969163681337,-0.235721868586018,0.200231991443761));
#7634=DIRECTION('',(-4.82015318167367E-19,-2.11184709422814E-18,1.));
#7635=DIRECTION('center_axis',(0.483825120520656,0.875164700358265,2.05973258493431E-18));
#7636=DIRECTION('ref_axis',(-0.875164700358265,0.483825120520656,7.64538855984933E-19));
#7637=DIRECTION('',(-3.27452947335862E-19,-2.17250835465183E-18,1.));
#7638=DIRECTION('',(0.857441314197684,-0.474026942598641,-0.200231991443761));
#7639=DIRECTION('',(-3.27452947335862E-19,-2.17250835465183E-18,1.));
#7640=DIRECTION('center_axis',(0.0932427552587625,0.995643404332974,2.19357622919457E-18));
#7641=DIRECTION('ref_axis',(-0.995643404332974,0.0932427552587625,-1.23455702433926E-19));
#7642=DIRECTION('',(0.975480145318979,-0.0913544508545158,0.200231991443761));
#7643=DIRECTION('',(-3.27452947335862E-19,-2.17250835465183E-18,1.));
#7644=DIRECTION('center_axis',(0.347984663454124,0.93750022613369,2.12898311354569E-18));
#7645=DIRECTION('ref_axis',(-0.93750022613369,0.347984663454124,6.13629349060117E-19));
#7646=DIRECTION('',(-1.6557581876058E-19,-2.20945575290215E-18,1.));
#7647=DIRECTION('',(0.91851445291112,-0.340937456721685,-0.200231991443761));
#7648=DIRECTION('',(-1.6557581876058E-19,-2.20945575290215E-18,1.));
#7649=DIRECTION('center_axis',(-0.0561916385631186,0.998420001680451,2.19666083996286E-18));
#7650=DIRECTION('ref_axis',(-0.998420001680451,-0.0561916385631186,-2.89467148333461E-19));
#7651=DIRECTION('',(0.978200512442611,0.0550536743503913,0.200231991443761));
#7652=DIRECTION('',(-1.6557581876058E-19,-2.20945575290215E-18,1.));
#7653=DIRECTION('center_axis',(0.20437080403338,0.978893546029776,2.1749682760694E-18));
#7654=DIRECTION('ref_axis',(-0.978893546029776,0.20437080403338,4.54084120924296E-19));
#7655=DIRECTION('',(0.,-2.22186394515593E-18,1.));
#7656=DIRECTION('',(0.959069496545965,-0.200231991443762,-0.200231991443761));
#7657=DIRECTION('',(0.,-2.22186394515593E-18,1.));
#7658=DIRECTION('center_axis',(-0.20437080403338,0.978893546029776,2.1749682760694E-18));
#7659=DIRECTION('ref_axis',(-0.978893546029776,-0.20437080403338,-4.54084120924296E-19));
#7660=DIRECTION('',(0.959069496545965,0.200231991443762,0.200231991443761));
#7661=DIRECTION('',(0.,-2.22186394515593E-18,1.));
#7662=DIRECTION('center_axis',(0.0561916385631042,0.998420001680452,2.19666083996286E-18));
#7663=DIRECTION('ref_axis',(-0.998420001680452,0.0561916385631042,2.89467148333445E-19));
#7664=DIRECTION('',(1.65575818760596E-19,-2.20945575290215E-18,1.));
#7665=DIRECTION('',(0.978200512442612,-0.0550536743503771,-0.200231991443761));
#7666=DIRECTION('',(1.65575818760596E-19,-2.20945575290215E-18,1.));
#7667=DIRECTION('center_axis',(-0.347984663454137,0.937500226133685,2.12898311354568E-18));
#7668=DIRECTION('ref_axis',(-0.937500226133685,-0.347984663454137,-6.13629349060132E-19));
#7669=DIRECTION('',(0.918514452911115,0.340937456721698,0.200231991443761));
#7670=DIRECTION('',(1.65575818760596E-19,-2.20945575290215E-18,1.));
#7671=DIRECTION('center_axis',(-0.0932427552587765,0.995643404332973,2.19357622919457E-18));
#7672=DIRECTION('ref_axis',(-0.995643404332973,-0.0932427552587765,1.23455702433911E-19));
#7673=DIRECTION('',(3.27452947335877E-19,-2.17250835465182E-18,1.));
#7674=DIRECTION('',(0.975480145318977,0.0913544508545295,-0.200231991443761));
#7675=DIRECTION('',(3.27452947335877E-19,-2.17250835465182E-18,1.));
#7676=DIRECTION('center_axis',(-0.483825120520668,0.875164700358259,2.05973258493431E-18));
#7677=DIRECTION('ref_axis',(-0.875164700358259,-0.483825120520668,-7.64538855984946E-19));
#7678=DIRECTION('',(0.857441314197677,0.474026942598653,0.200231991443761));
#7679=DIRECTION('',(3.27452947335877E-19,-2.17250835465182E-18,1.));
#7680=DIRECTION('center_axis',(-0.240594260007191,0.970625778583895,2.16578334887193E-18));
#7681=DIRECTION('ref_axis',(-0.970625778583895,-0.240594260007191,-4.0241795398577E-20));
#7682=DIRECTION('',(4.8201531816738E-19,-2.11184709422813E-18,1.));
#7683=DIRECTION('',(0.950969163681334,0.235721868586032,-0.200231991443761));
#7684=DIRECTION('',(4.8201531816738E-19,-2.11184709422813E-18,1.));
#7685=DIRECTION('center_axis',(-0.608857723891713,0.793279441342963,1.96876363261139E-18));
#7686=DIRECTION('ref_axis',(-0.793279441342963,-0.608857723891712,-9.03441572684499E-19));
#7687=DIRECTION('',(0.777214353404182,0.596527449883896,0.200231991443761));
#7688=DIRECTION('',(4.8201531816738E-19,-2.11184709422813E-18,1.));
#7689=DIRECTION('center_axis',(-0.382571286557092,0.92392597685207,2.113903046015E-18));
#7690=DIRECTION('ref_axis',(-0.92392597685207,-0.382571286557092,-1.97968613564413E-19));
#7691=DIRECTION('',(6.25810263297362E-19,-2.02882704394923E-18,1.));
#7692=DIRECTION('',(0.905215102356288,0.374823649291985,-0.200231991443761));
#7693=DIRECTION('',(6.25810263297362E-19,-2.02882704394923E-18,1.));
#7694=DIRECTION('center_axis',(-0.720289451818119,0.693673630462882,1.85810835265015E-18));
#7695=DIRECTION('ref_axis',(-0.693673630462881,-0.720289451818119,-1.02723464199755E-18));
#7696=DIRECTION('',(0.679625708263696,0.705702519670672,0.200231991443761));
#7697=DIRECTION('',(6.25810263297362E-19,-2.02882704394923E-18,1.));
#7698=DIRECTION('center_axis',(-0.516002302745328,0.856587195539087,2.03909424085997E-18));
#7699=DIRECTION('ref_axis',(-0.856587195539087,-0.516002302745328,-3.46201395581493E-19));
#7700=DIRECTION('',(7.5562564126561E-19,-1.92530273455184E-18,1.));
#7701=DIRECTION('',(0.839240031467531,0.50555248905019,-0.200231991443761));
#7702=DIRECTION('',(7.5562564126561E-19,-1.92530273455184E-18,1.));
#7703=DIRECTION('center_axis',(-0.815631103633397,0.578572296939429,1.73023860115258E-18));
#7704=DIRECTION('ref_axis',(-0.578572296939429,-0.815631103633397,-1.13315273131754E-18));
#7705=DIRECTION('',(0.566855347848275,0.799113361306315,0.200231991443761));
#7706=DIRECTION('',(7.5562564126561E-19,-1.92530273455184E-18,1.));
#7707=DIRECTION('center_axis',(-0.637906680158371,0.770113671745493,1.94302803849618E-18));
#7708=DIRECTION('ref_axis',(-0.770113671745493,-0.637906680158371,-4.81628866046853E-19));
#7709=DIRECTION('',(8.6856159104177E-19,-1.80358672803913E-18,1.));
#7710=DIRECTION('',(0.754517725078196,0.624988121603355,-0.200231991443761));
#7711=DIRECTION('',(8.6856159104177E-19,-1.80358672803913E-18,1.));
#7712=DIRECTION('center_axis',(-0.892752904383333,0.45054661436429,1.58801077706874E-18));
#7713=DIRECTION('ref_axis',(-0.45054661436429,-0.892752904383333,-1.21882980555343E-18));
#7714=DIRECTION('',(0.441422375662189,0.874673330945454,0.200231991443761));
#7715=DIRECTION('',(8.6856159104177E-19,-1.80358672803913E-18,1.));
#7716=DIRECTION('center_axis',(-0.745561276445734,0.66643708109964,1.82785039913982E-18));
#7717=DIRECTION('ref_axis',(-0.66643708109964,-0.745561276445734,-6.01225799057458E-19));
#7718=DIRECTION('',(9.62095310128881E-19,-1.66639795886694E-18,1.));
#7719=DIRECTION('',(0.652940739513622,0.730462552281683,-0.200231991443761));
#7720=DIRECTION('',(9.62095310128881E-19,-1.66639795886694E-18,1.));
#7721=DIRECTION('center_axis',(-0.949932080479111,0.312456464930121,1.43460201496426E-18));
#7722=DIRECTION('ref_axis',(-0.312456464930121,-0.949932080479111,-1.2823519804439E-18));
#7723=DIRECTION('',(0.306128757032328,0.930694543725441,0.200231991443761));
#7724=DIRECTION('',(9.62095310128881E-19,-1.66639795886694E-18,1.));
#7725=DIRECTION('center_axis',(-0.836561265820222,0.547873387316146,1.6961342009288E-18));
#7726=DIRECTION('ref_axis',(-0.547873387316146,-0.836561265820222,-7.02320596757832E-19));
#7727=DIRECTION('',(1.03413740980236E-18,-1.51680099744097E-18,1.));
#7728=DIRECTION('',(0.536778136780406,0.81961965659507,-0.200231991443761));
#7729=DIRECTION('',(1.03413740980236E-18,-1.51680099744097E-18,1.));
#7730=DIRECTION('center_axis',(-0.985891343612496,0.167386554388179,1.27343921308419E-18));
#7731=DIRECTION('ref_axis',(-0.167386554388179,-0.985891343612496,-1.32230027556912E-18));
#7732=DIRECTION('',(0.163996727832907,0.965925578325041,0.200231991443761));
#7733=DIRECTION('',(1.03413740980236E-18,-1.51680099744097E-18,1.));
#7734=DIRECTION('center_axis',(-0.908873858892165,0.417071107393529,1.55082176607667E-18));
#7735=DIRECTION('ref_axis',(-0.417071107393529,-0.908873858892165,-7.82654968421474E-19));
#7736=DIRECTION('',(1.08307858860147E-18,-1.35813759267793E-18,1.));
#7737=DIRECTION('',(0.408624797470687,0.890467812160836,-0.200231991443761));
#7738=DIRECTION('',(1.08307858860147E-18,-1.35813759267793E-18,1.));
#7739=DIRECTION('center_axis',(-0.999827423265983,0.01857750481916,1.10812248210903E-18));
#7740=DIRECTION('ref_axis',(-0.01857750481916,-0.999827423265983,-1.33778231202857E-18));
#7741=DIRECTION('',(0.0182012827301346,0.979579431648829,0.200231991443761));
#7742=DIRECTION('',(1.08307858860147E-18,-1.35813759267793E-18,1.));
#7743=DIRECTION('center_axis',(-0.960883711825299,0.276952148120999,1.39515913425647E-18));
#7744=DIRECTION('ref_axis',(-0.276952148120999,-0.960883711825299,-8.40434376933969E-19));
#7745=DIRECTION('',(1.10782558146473E-18,-1.19395202285686E-18,1.));
#7746=DIRECTION('',(0.271343455417624,0.941424388256693,-0.200231991443761));
#7747=DIRECTION('',(1.10782558146473E-18,-1.19395202285686E-18,1.));
#7748=DIRECTION('center_axis',(-0.991429010448789,-0.130646535509116,9.42344724631081E-19));
#7749=DIRECTION('ref_axis',(0.130646535509116,-0.991429010448789,-1.32845224671104E-18));
#7750=DIRECTION('',(-0.128000748952114,0.971351099175866,0.200231991443761));
#7751=DIRECTION('',(1.10782558146473E-18,-1.19395202285686E-18,1.));
#7752=DIRECTION('center_axis',(-0.991429010448792,0.130646535509095,1.2326235514383E-18));
#7753=DIRECTION('ref_axis',(-0.130646535509095,-0.991429010448792,-8.7436812578675E-19));
#7754=DIRECTION('',(1.10782558146473E-18,-1.02791192229905E-18,1.));
#7755=DIRECTION('',(0.128000748952094,0.971351099175869,-0.200231991443761));
#7756=DIRECTION('',(1.10782558146473E-18,-1.02791192229905E-18,1.));
#7757=DIRECTION('center_axis',(-0.960883711825293,-0.27695214812102,7.7980914181291E-19));
#7758=DIRECTION('ref_axis',(0.27695214812102,-0.960883711825293,-1.29451849785826E-18));
#7759=DIRECTION('',(-0.271343455417644,0.941424388256688,0.200231991443761));
#7760=DIRECTION('',(1.10782558146473E-18,-1.02791192229905E-18,1.));
#7761=DIRECTION('center_axis',(-0.999827423265982,-0.0185775048191818,1.06684579396035E-18));
#7762=DIRECTION('ref_axis',(0.0185775048191818,-0.999827423265982,-8.83698191104275E-19));
#7763=DIRECTION('',(1.08307858860147E-18,-8.63726352477974E-19,1.));
#7764=DIRECTION('',(-0.018201282730156,0.979579431648829,-0.200231991443761));
#7765=DIRECTION('',(1.08307858860147E-18,-8.63726352477974E-19,1.));
#7766=DIRECTION('center_axis',(-0.908873858892156,-0.417071107393548,6.24146509992708E-19));
#7767=DIRECTION('ref_axis',(0.417071107393548,-0.908873858892156,-1.23673908934576E-18));
#7768=DIRECTION('',(-0.408624797470706,0.890467812160827,0.200231991443761));
#7769=DIRECTION('',(1.08307858860147E-18,-8.63726352477974E-19,1.));
#7770=DIRECTION('center_axis',(-0.985891343612493,-0.1673865543882,9.01529062985188E-19));
#7771=DIRECTION('ref_axis',(0.1673865543882,-0.985891343612493,-8.68216154644821E-19));
#7772=DIRECTION('',(1.03413740980235E-18,-7.05062947714941E-19,1.));
#7773=DIRECTION('',(-0.163996727832928,0.965925578325038,-0.200231991443761));
#7774=DIRECTION('',(1.03413740980235E-18,-7.05062947714941E-19,1.));
#7775=DIRECTION('center_axis',(-0.836561265820211,-0.547873387316163,4.78834075140583E-19));
#7776=DIRECTION('ref_axis',(0.547873387316163,-0.836561265820211,-1.15640471768211E-18));
#7777=DIRECTION('',(-0.536778136780424,0.819619656595059,0.200231991443761));
#7778=DIRECTION('',(1.03413740980235E-18,-7.05062947714941E-19,1.));
#7779=DIRECTION('center_axis',(-0.949932080479104,-0.312456464930141,7.4036626110512E-19));
#7780=DIRECTION('ref_axis',(0.312456464930141,-0.949932080479104,-8.28267859519595E-19));
#7781=DIRECTION('',(9.6209531012887E-19,-5.55465986288972E-19,1.));
#7782=DIRECTION('',(-0.306128757032347,0.930694543725435,-0.200231991443761));
#7783=DIRECTION('',(9.6209531012887E-19,-5.55465986288972E-19,1.));
#7784=DIRECTION('center_axis',(-0.74556127644572,-0.666437081099655,3.47117876929558E-19));
#7785=DIRECTION('ref_axis',(0.666437081099655,-0.74556127644572,-1.05530991998174E-18));
#7786=DIRECTION('',(-0.652940739513637,0.730462552281669,0.200231991443761));
#7787=DIRECTION('',(9.6209531012887E-19,-5.55465986288972E-19,1.));
#7788=DIRECTION('center_axis',(-0.892752904383323,-0.450546614364309,5.86957499000634E-19));
#7789=DIRECTION('ref_axis',(0.450546614364309,-0.892752904383323,-7.64745684629126E-19));
#7790=DIRECTION('',(8.68561591041756E-19,-4.18277217116787E-19,1.));
#7791=DIRECTION('',(-0.441422375662208,0.874673330945444,-0.200231991443761));
#7792=DIRECTION('',(8.68561591041756E-19,-4.18277217116787E-19,1.));
#7793=DIRECTION('center_axis',(-0.637906680158355,-0.770113671745507,2.31940237573203E-19));
#7794=DIRECTION('ref_axis',(0.770113671745507,-0.637906680158355,-9.35712986971131E-19));
#7795=DIRECTION('',(-0.754517725078209,0.624988121603339,0.200231991443761));
#7796=DIRECTION('',(8.68561591041756E-19,-4.18277217116787E-19,1.));
#7797=DIRECTION('center_axis',(-0.815631103633385,-0.578572296939446,4.44729674916796E-19));
#7798=DIRECTION('ref_axis',(0.578572296939446,-0.815631103633385,-6.79068610393232E-19));
#7799=DIRECTION('',(7.55625641265593E-19,-2.96561210604077E-19,1.));
#7800=DIRECTION('',(-0.566855347848292,0.799113361306303,-0.200231991443761));
#7801=DIRECTION('',(7.55625641265593E-19,-2.96561210604077E-19,1.));
#7802=DIRECTION('center_axis',(-0.51600230274531,-0.856587195539098,1.35874035209421E-19));
#7803=DIRECTION('ref_axis',(0.856587195539098,-0.51600230274531,-8.00285516505768E-19));
#7804=DIRECTION('',(-0.839240031467542,0.505552489050172,0.200231991443761));
#7805=DIRECTION('',(7.55625641265593E-19,-2.96561210604077E-19,1.));
#7806=DIRECTION('center_axis',(-0.720289451818104,-0.693673630462897,3.16859923419235E-19));
#7807=DIRECTION('ref_axis',(0.693673630462897,-0.720289451818104,-5.7315052107324E-19));
#7808=DIRECTION('',(6.25810263297343E-19,-1.93036901206689E-19,1.));
#7809=DIRECTION('',(-0.679625708263711,0.705702519670658,-0.200231991443761));
#7810=DIRECTION('',(6.25810263297343E-19,-1.93036901206689E-19,1.));
#7811=DIRECTION('center_axis',(-0.382571286557073,-0.923925976852078,6.10652300543965E-20));
#7812=DIRECTION('ref_axis',(0.923925976852078,-0.382571286557073,-6.52052734488687E-19));
#7813=DIRECTION('',(-0.905215102356296,0.374823649291966,0.200231991443761));
#7814=DIRECTION('',(6.25810263297343E-19,-1.93036901206689E-19,1.));
#7815=DIRECTION('center_axis',(-0.608857723891696,-0.793279441342976,2.06204643458001E-19));
#7816=DIRECTION('ref_axis',(0.793279441342975,-0.608857723891696,-4.49357451760185E-19));
#7817=DIRECTION('',(4.8201531816736E-19,-1.10016850927788E-19,1.));
#7818=DIRECTION('',(-0.777214353404195,0.59652744988388,-0.200231991443761));
#7819=DIRECTION('',(4.8201531816736E-19,-1.10016850927788E-19,1.));
#7820=DIRECTION('center_axis',(-0.240594260007171,-0.9706257785839,9.18492719746332E-21));
#7821=DIRECTION('ref_axis',(0.9706257785839,-0.240594260007171,-4.9432591632285E-19));
#7822=DIRECTION('',(-0.950969163681339,0.235721868586012,0.200231991443761));
#7823=DIRECTION('',(4.8201531816736E-19,-1.10016850927788E-19,1.));
#7824=DIRECTION('center_axis',(-0.48382512052065,-0.875164700358269,1.15235691135083E-19));
#7825=DIRECTION('ref_axis',(0.875164700358269,-0.48382512052065,-3.1045473506063E-19));
#7826=DIRECTION('',(3.27452947335854E-19,-4.93555905041026E-20,1.));
#7827=DIRECTION('',(-0.857441314197687,0.474026942598634,-0.200231991443761));
#7828=DIRECTION('',(3.27452947335854E-19,-4.93555905041026E-20,1.));
#7829=DIRECTION('center_axis',(-0.0932427552587551,-0.995643404332975,-1.8607953125174E-20));
#7830=DIRECTION('ref_axis',(0.995643404332975,-0.0932427552587551,-3.30628418490361E-19));
#7831=DIRECTION('',(-0.975480145318979,0.0913544508545086,0.200231991443761));
#7832=DIRECTION('',(3.27452947335854E-19,-4.93555905041026E-20,1.));
#7833=DIRECTION('center_axis',(-0.347984663454118,-0.937500226133692,4.59851625237072E-20));
#7834=DIRECTION('ref_axis',(0.937500226133692,-0.347984663454118,-1.59545228135815E-19));
#7835=DIRECTION('',(1.65575818760573E-19,-1.24081922537818E-20,1.));
#7836=DIRECTION('',(-0.918514452911123,0.340937456721679,-0.200231991443761));
#7837=DIRECTION('',(1.65575818760573E-19,-1.24081922537818E-20,1.));
#7838=DIRECTION('center_axis',(0.0561916385631251,-0.998420001680451,-2.16925638934598E-20));
#7839=DIRECTION('ref_axis',(0.998420001680451,0.0561916385631251,-1.64616972590827E-19));
#7840=DIRECTION('',(-0.978200512442611,-0.0550536743503977,0.200231991443761));
#7841=DIRECTION('',(1.65575818760573E-19,-1.24081922537818E-20,1.));
#7842=DIRECTION('center_axis',(-0.20437080403338,-0.978893546029776,0.));
#7843=DIRECTION('ref_axis',(0.978893546029776,-0.20437080403338,0.));
#7844=DIRECTION('',(0.,0.,1.));
#7845=DIRECTION('',(-0.959069496545965,0.200231991443762,-0.200231991443761));
#7846=DIRECTION('',(0.,0.,1.));
#7847=DIRECTION('center_axis',(0.20437080403338,-0.978893546029776,0.));
#7848=DIRECTION('ref_axis',(0.978893546029776,0.20437080403338,0.));
#7849=DIRECTION('',(-0.959069496545965,-0.200231991443762,0.200231991443761));
#7850=DIRECTION('',(0.,0.,1.));
#7851=DIRECTION('center_axis',(-0.0561916385631115,-0.998420001680452,-2.16925638934607E-20));
#7852=DIRECTION('ref_axis',(0.998420001680452,-0.0561916385631115,1.64616972590842E-19));
#7853=DIRECTION('',(-1.65575818760588E-19,-1.24081922537841E-20,1.));
#7854=DIRECTION('',(-0.978200512442611,0.0550536743503842,-0.200231991443761));
#7855=DIRECTION('',(-1.65575818760588E-19,-1.24081922537841E-20,1.));
#7856=DIRECTION('center_axis',(0.34798466345413,-0.937500226133688,4.59851625237125E-20));
#7857=DIRECTION('ref_axis',(0.937500226133688,0.34798466345413,1.59545228135829E-19));
#7858=DIRECTION('',(-0.918514452911118,-0.340937456721692,0.200231991443761));
#7859=DIRECTION('',(-1.65575818760588E-19,-1.24081922537841E-20,1.));
#7860=DIRECTION('center_axis',(0.0932427552587694,-0.995643404332974,-1.86079531251725E-20));
#7861=DIRECTION('ref_axis',(0.995643404332974,0.0932427552587694,3.30628418490377E-19));
#7862=DIRECTION('',(-3.27452947335869E-19,-4.93555905041073E-20,1.));
#7863=DIRECTION('',(-0.975480145318978,-0.0913544508545226,-0.200231991443761));
#7864=DIRECTION('',(-3.27452947335869E-19,-4.93555905041073E-20,1.));
#7865=DIRECTION('center_axis',(0.483825120520662,-0.875164700358262,1.15235691135091E-19));
#7866=DIRECTION('ref_axis',(0.875164700358262,0.483825120520662,3.10454735060644E-19));
#7867=DIRECTION('',(-0.85744131419768,-0.474026942598647,0.200231991443761));
#7868=DIRECTION('',(-3.27452947335869E-19,-4.93555905041073E-20,1.));
#7869=DIRECTION('center_axis',(0.240594260007184,-0.970625778583897,9.18492719746707E-21));
#7870=DIRECTION('ref_axis',(0.970625778583897,0.240594260007184,4.94325916322865E-19));
#7871=DIRECTION('',(-4.82015318167374E-19,-1.10016850927795E-19,1.));
#7872=DIRECTION('',(-0.950969163681335,-0.235721868586025,-0.200231991443761));
#7873=DIRECTION('',(-4.82015318167374E-19,-1.10016850927795E-19,1.));
#7874=DIRECTION('center_axis',(0.608857723891707,-0.793279441342967,2.0620464345801E-19));
#7875=DIRECTION('ref_axis',(0.793279441342967,0.608857723891707,4.49357451760197E-19));
#7876=DIRECTION('',(-0.777214353404186,-0.596527449883891,0.200231991443761));
#7877=DIRECTION('',(-4.82015318167374E-19,-1.10016850927795E-19,1.));
#7878=DIRECTION('center_axis',(0.382571286557085,-0.923925976852073,6.10652300544023E-20));
#7879=DIRECTION('ref_axis',(0.923925976852073,0.382571286557085,6.52052734488701E-19));
#7880=DIRECTION('',(-6.25810263297355E-19,-1.93036901206698E-19,1.));
#7881=DIRECTION('',(-0.905215102356291,-0.374823649291978,-0.200231991443761));
#7882=DIRECTION('',(-6.25810263297355E-19,-1.93036901206698E-19,1.));
#7883=DIRECTION('center_axis',(0.720289451818114,-0.693673630462887,3.16859923419246E-19));
#7884=DIRECTION('ref_axis',(0.693673630462887,0.720289451818114,5.73150521073251E-19));
#7885=DIRECTION('',(-0.679625708263701,-0.705702519670667,0.200231991443761));
#7886=DIRECTION('',(-6.25810263297355E-19,-1.93036901206698E-19,1.));
#7887=DIRECTION('center_axis',(0.516002302745322,-0.856587195539091,1.35874035209429E-19));
#7888=DIRECTION('ref_axis',(0.856587195539091,0.516002302745322,8.00285516505782E-19));
#7889=DIRECTION('',(-7.55625641265605E-19,-2.96561210604088E-19,1.));
#7890=DIRECTION('',(-0.839240031467535,-0.505552489050184,-0.200231991443761));
#7891=DIRECTION('',(-7.55625641265605E-19,-2.96561210604088E-19,1.));
#7892=DIRECTION('center_axis',(0.815631103633393,-0.578572296939434,4.44729674916809E-19));
#7893=DIRECTION('ref_axis',(0.578572296939434,0.815631103633393,6.79068610393241E-19));
#7894=DIRECTION('',(-0.566855347848281,-0.799113361306311,0.200231991443761));
#7895=DIRECTION('',(-7.55625641265605E-19,-2.96561210604088E-19,1.));
#7896=DIRECTION('center_axis',(0.637906680158366,-0.770113671745498,2.31940237573213E-19));
#7897=DIRECTION('ref_axis',(0.770113671745498,0.637906680158366,9.35712986971143E-19));
#7898=DIRECTION('',(-8.68561591041766E-19,-4.182772171168E-19,1.));
#7899=DIRECTION('',(-0.7545177250782,-0.62498812160335,-0.200231991443761));
#7900=DIRECTION('',(-8.68561591041766E-19,-4.182772171168E-19,1.));
#7901=DIRECTION('center_axis',(0.89275290438333,-0.450546614364296,5.86957499000648E-19));
#7902=DIRECTION('ref_axis',(0.450546614364296,0.89275290438333,7.64745684629133E-19));
#7903=DIRECTION('',(-0.441422375662195,-0.87467333094545,0.200231991443761));
#7904=DIRECTION('',(-8.68561591041766E-19,-4.182772171168E-19,1.));
#7905=DIRECTION('center_axis',(0.74556127644573,-0.666437081099645,3.47117876929569E-19));
#7906=DIRECTION('ref_axis',(0.666437081099645,0.74556127644573,1.05530991998175E-18));
#7907=DIRECTION('',(-9.62095310128878E-19,-5.55465986288985E-19,1.));
#7908=DIRECTION('',(-0.652940739513627,-0.730462552281678,-0.200231991443761));
#7909=DIRECTION('',(-9.62095310128878E-19,-5.55465986288985E-19,1.));
#7910=DIRECTION('center_axis',(0.949932080479109,-0.312456464930128,7.40366261105135E-19));
#7911=DIRECTION('ref_axis',(0.312456464930128,0.949932080479109,8.282678595196E-19));
#7912=DIRECTION('',(-0.306128757032334,-0.930694543725439,0.200231991443761));
#7913=DIRECTION('',(-9.62095310128878E-19,-5.55465986288985E-19,1.));
#7914=DIRECTION('center_axis',(0.836561265820219,-0.547873387316152,4.78834075140595E-19));
#7915=DIRECTION('ref_axis',(0.547873387316152,0.836561265820219,1.15640471768212E-18));
#7916=DIRECTION('',(-1.03413740980235E-18,-7.05062947714955E-19,1.));
#7917=DIRECTION('',(-0.536778136780412,-0.819619656595067,-0.200231991443761));
#7918=DIRECTION('',(-1.03413740980235E-18,-7.05062947714955E-19,1.));
#7919=DIRECTION('center_axis',(0.985891343612495,-0.167386554388186,9.01529062985203E-19));
#7920=DIRECTION('ref_axis',(0.167386554388186,0.985891343612495,8.68216154644823E-19));
#7921=DIRECTION('',(-0.163996727832914,-0.96592557832504,0.200231991443761));
#7922=DIRECTION('',(-1.03413740980235E-18,-7.05062947714955E-19,1.));
#7923=DIRECTION('center_axis',(0.908873858892162,-0.417071107393535,6.24146509992723E-19));
#7924=DIRECTION('ref_axis',(0.417071107393535,0.908873858892162,1.23673908934577E-18));
#7925=DIRECTION('',(-1.08307858860147E-18,-8.6372635247799E-19,1.));
#7926=DIRECTION('',(-0.408624797470693,-0.890467812160833,-0.200231991443761));
#7927=DIRECTION('center_axis',(-0.689378137871809,0.157346061356471,0.707106781186549));
#7928=DIRECTION('ref_axis',(0.689378137871812,-0.157346061356472,0.707106781186546));
#7929=DIRECTION('',(0.670989862716167,-0.229170588737743,0.705161999394278));
#7930=DIRECTION('',(-0.703974368922689,0.084656024653688,-0.705161999394278));
#7931=DIRECTION('center_axis',(-0.119394224540245,-0.992846926341837,-9.86861382460434E-19));
#7932=DIRECTION('ref_axis',(0.992846926341837,-0.119394224540245,9.72207309610543E-19));
#7933=DIRECTION('center_axis',(0.119412883635455,0.992844682294804,-7.79715431199473E-6));
#7934=DIRECTION('ref_axis',(-0.701336211775555,0.0843577046170727,0.707821514030234));
#7935=DIRECTION('center_axis',(0.,-1.11093197257797E-18,1.));
#7936=DIRECTION('ref_axis',(0.997203797181179,-0.074730093586435,0.));
#7937=DIRECTION('center_axis',(-0.17853742649695,-0.983933121341313,-8.20899995409218E-6));
#7938=DIRECTION('ref_axis',(-0.983933112678016,0.178537423803228,0.000134452433807331));
#7939=DIRECTION('center_axis',(0.178556894798629,0.983929588598631,1.20920285062818E-18));
#7940=DIRECTION('ref_axis',(-0.983929588598631,0.178556894798629,-9.06481607637417E-19));
#7941=DIRECTION('',(0.697651564224714,-0.126605092887584,0.705161999394278));
#7942=DIRECTION('center_axis',(-0.705129567211786,0.0528421559336634,0.707106781186549));
#7943=DIRECTION('ref_axis',(0.705129567211789,-0.0528421559336636,0.707106781186546));
#7944=DIRECTION('',(-0.708728882622988,-0.0212114484709389,-0.705161999394278));
#7945=DIRECTION('center_axis',(0.029915466169398,-0.999552432283503,-9.94310743403343E-19));
#7946=DIRECTION('ref_axis',(0.999552432283503,0.029915466169398,1.13808021883561E-18));
#7947=DIRECTION('center_axis',(-0.0298966810230051,0.999552994294456,-7.79715431257E-6));
#7948=DIRECTION('ref_axis',(-0.706075729217212,-0.0211132395994854,0.707821514030195));
#7949=DIRECTION('center_axis',(0.,-1.11093197257797E-18,1.));
#7950=DIRECTION('ref_axis',(0.997203797181181,0.0747300935864141,0.));
#7951=DIRECTION('center_axis',(-0.0298956887850173,-0.999553023968554,-8.2089998542288E-6));
#7952=DIRECTION('ref_axis',(-0.999553015000541,0.0298956874125787,0.000134452433916666));
#7953=DIRECTION('center_axis',(0.0299154661693907,0.999552432283504,1.22655876718029E-18));
#7954=DIRECTION('ref_axis',(-0.999552432283504,0.0299154661693907,-1.0716121231513E-18));
#7955=DIRECTION('',(0.708728882622988,-0.0212114484709338,0.705161999394278));
#7956=DIRECTION('center_axis',(-0.705129567211785,-0.0528421559336685,0.707106781186549));
#7957=DIRECTION('ref_axis',(0.705129567211788,0.0528421559336687,0.707106781186546));
#7958=DIRECTION('',(-0.697651564224713,-0.126605092887589,-0.705161999394278));
#7959=DIRECTION('center_axis',(0.178556894798637,-0.98392958859863,-9.76954826851229E-19));
#7960=DIRECTION('ref_axis',(0.98392958859863,0.178556894798637,1.3032107343495E-18));
#7961=DIRECTION('center_axis',(-0.17853840323022,0.983932944113169,-7.79715430490218E-6));
#7962=DIRECTION('ref_axis',(-0.695042681623114,-0.126112548931996,0.707821514030215));
#7963=DIRECTION('center_axis',(0.,-1.11093197257797E-18,1.));
#7964=DIRECTION('ref_axis',(0.974927912181826,0.222520933956304,0.));
#7965=DIRECTION('center_axis',(0.119413869213369,-0.992844563752104,-8.20899964373299E-6));
#7966=DIRECTION('ref_axis',(-0.992844554679704,-0.119413869233867,0.000134452433894807));
#7967=DIRECTION('center_axis',(-0.119394224540252,0.992846926341836,1.21910940623738E-18));
#7968=DIRECTION('ref_axis',(-0.992846926341836,-0.119394224540252,-1.23748503237637E-18));
#7969=DIRECTION('',(0.703974368922688,0.0846560246536929,0.705161999394278));
#7970=DIRECTION('center_axis',(-0.689378137871808,-0.157346061356476,0.707106781186549));
#7971=DIRECTION('ref_axis',(0.689378137871811,0.157346061356477,0.707106781186546));
#7972=DIRECTION('',(-0.670989862716165,-0.229170588737747,-0.705161999394278));
#7973=DIRECTION('center_axis',(0.32320965745446,-0.946327383799164,-9.35181335300078E-19));
#7974=DIRECTION('ref_axis',(0.946327383799164,0.32320965745446,1.46391011330559E-18));
#7975=DIRECTION('center_axis',(-0.323191872535074,0.946333457860641,-7.79715429905777E-6));
#7976=DIRECTION('ref_axis',(-0.66848352904503,-0.228294712316064,0.707821514030216));
#7977=DIRECTION('center_axis',(-1.92592994438724E-34,-1.11093197257797E-18,
1.));
#7978=DIRECTION('ref_axis',(0.930873748644208,0.365341024366386,0.));
#7979=DIRECTION('center_axis',(0.266055918700014,-0.963957596607498,-8.20899993236778E-6));
#7980=DIRECTION('ref_axis',(-0.963957587633375,-0.266055917368111,0.000134452433916672));
#7981=DIRECTION('center_axis',(-0.266036845566683,0.963962860695851,1.18702117421321E-18));
#7982=DIRECTION('ref_axis',(-0.963962860695851,-0.266036845566683,-1.40039500861727E-18));
#7983=DIRECTION('',(0.683494231103283,0.188632422077426,0.705161999394278));
#7984=DIRECTION('center_axis',(-0.658227140094856,-0.25833511577512,0.707106781186549));
#7985=DIRECTION('ref_axis',(0.658227140094859,0.258335115775121,0.707106781186546));
#7986=DIRECTION('',(-0.629339356451909,-0.326616792328504,-0.705161999394278));
#7987=DIRECTION('center_axis',(0.460642450450633,-0.887585789004554,-8.69923419522526E-19));
#7988=DIRECTION('ref_axis',(0.887585789004554,0.460642450450633,1.61658859712572E-18));
#7989=DIRECTION('center_axis',(-0.460625769466085,0.887594445928422,-7.79715427527462E-6));
#7990=DIRECTION('ref_axis',(-0.626991559063785,-0.325377149072704,0.707821514030256));
#7991=DIRECTION('center_axis',(0.,-1.11093197257797E-18,1.));
#7992=DIRECTION('ref_axis',(0.866025403784443,0.499999999999992,0.));
#7993=DIRECTION('center_axis',(0.406754718606623,-0.913537409646622,-8.20900017008264E-6));
#7994=DIRECTION('ref_axis',(-0.913537400971242,-0.406754715952073,0.000134452433960405));
#7995=DIRECTION('center_axis',(-0.406736643075808,0.913545457642597,1.13101086918701E-18));
#7996=DIRECTION('ref_axis',(-0.913545457642597,-0.406736643075808,-1.5567029122054E-18));
#7997=DIRECTION('',(0.647745961601248,0.288395082897644,0.705161999394278));
#7998=DIRECTION('center_axis',(-0.612372435695792,-0.353553390593276,0.707106781186549));
#7999=DIRECTION('ref_axis',(0.612372435695794,0.353553390593277,0.707106781186546));
#8000=DIRECTION('',(-0.573630448916499,-0.416766916496644,-0.705161999394278));
#8001=DIRECTION('center_axis',(0.587785252292474,-0.809016994374947,-7.82638833521584E-19));
#8002=DIRECTION('ref_axis',(0.809016994374947,0.587785252292474,1.75783560077497E-18));
#8003=DIRECTION('center_axis',(-0.587770047867957,0.80902804078011,-7.79715443948081E-6));
#8004=DIRECTION('ref_axis',(-0.571493633725729,-0.415191197988203,0.707821514030255));
#8005=DIRECTION('center_axis',(0.,-1.11093197257797E-18,1.));
#8006=DIRECTION('ref_axis',(0.781831482468035,0.623489801858727,0.));
#8007=DIRECTION('center_axis',(0.538367290242506,-0.842710306528616,-8.20900079941789E-6));
#8008=DIRECTION('ref_axis',(-0.842710298345774,-0.538367286324605,0.000134452433982271));
#8009=DIRECTION('center_axis',(-0.53835061609069,0.842720958654034,1.05232966881879E-18));
#8010=DIRECTION('ref_axis',(-0.842720958654034,-0.53835061609069,-1.70291708286565E-18));
#8011=DIRECTION('',(0.597528117685021,0.381715474124457,0.705161999394278));
#8012=DIRECTION('center_axis',(-0.552838342998272,-0.440873866894969,0.707106781186549));
#8013=DIRECTION('ref_axis',(0.552838342998274,0.440873866894971,0.707106781186546));
#8014=DIRECTION('',(-0.505107585048076,-0.497607156436847,-0.705161999394278));
#8015=DIRECTION('center_axis',(0.701797902883992,-0.712376096951344,-6.75277370715076E-19));
#8016=DIRECTION('ref_axis',(0.712376096951344,0.701797902883992,1.88449589959545E-18));
#8017=DIRECTION('center_axis',(-0.701784514661342,0.712389286079423,-7.79715458118851E-6));
#8018=DIRECTION('ref_axis',(-0.503229484975109,-0.495730561623576,0.707821514030239));
#8019=DIRECTION('center_axis',(0.,-1.11093197257797E-18,1.));
#8020=DIRECTION('ref_axis',(0.680172737770926,0.733051871829821,0.));
#8021=DIRECTION('center_axis',(0.657953626236832,-0.753058447701382,-8.20900008071897E-6));
#8022=DIRECTION('ref_axis',(-0.753058440193868,-0.657953621143103,0.000134452433851074));
#8023=DIRECTION('center_axis',(-0.65793872593972,0.753071466003605,9.52735181108039E-19));
#8024=DIRECTION('ref_axis',(-0.753071466003605,-0.65793872593972,-1.8357713376371E-18));
#8025=DIRECTION('',(0.533962483005204,0.466508972425163,0.705161999394278));
#8026=DIRECTION('center_axis',(-0.480954755256033,-0.518345949532364,0.707106781186549));
#8027=DIRECTION('ref_axis',(0.480954755256035,0.518345949532366,0.707106781186546));
#8028=DIRECTION('',(-0.425301452394839,-0.567331674773324,-0.705161999394278));
#8029=DIRECTION('center_axis',(0.800133548011207,-0.599821894687912,-5.50237308772622E-19));
#8030=DIRECTION('ref_axis',(0.599821894687913,0.800133548011207,1.99374011181135E-18));
#8031=DIRECTION('center_axis',(-0.800122275061899,0.599836931914812,-7.79715429390732E-6));
#8032=DIRECTION('ref_axis',(-0.423724021091061,-0.565196123683075,0.707821514030231));
#8033=DIRECTION('center_axis',(-9.62964972193618E-35,-1.11093197257797E-18,
1.));
#8034=DIRECTION('ref_axis',(0.563320058063629,0.82623877431599,0.));
#8035=DIRECTION('center_axis',(0.762842365459163,-0.646584507541962,-8.20900077677901E-6));
#8036=DIRECTION('ref_axis',(-0.646584500877476,-0.762842359303394,0.000134452434025999));
#8037=DIRECTION('center_axis',(-0.762829571862273,0.646599601215793,8.3445218233526E-19));
#8038=DIRECTION('ref_axis',(-0.646599601215793,-0.762829571862273,-1.95229793200321E-18));
#8039=DIRECTION('',(0.458469008801492,0.540881431164762,0.705161999394278));
#8040=DIRECTION('center_axis',(-0.398327433035183,-0.584239040198102,0.707106781186549));
#8041=DIRECTION('ref_axis',(0.398327433035184,0.584239040198105,0.707106781186546));
#8042=DIRECTION('',(-0.335994788084595,-0.624382940982737,-0.705161999394278));
#8043=DIRECTION('center_axis',(0.880595531856739,-0.473868662472997,-4.10311836055536E-19));
#8044=DIRECTION('ref_axis',(0.473868662472997,0.880595531856739,2.0831279022424E-18));
#8045=DIRECTION('center_axis',(-0.880586625999601,0.473885211891913,-7.79715400978971E-6));
#8046=DIRECTION('ref_axis',(-0.334753262758674,-0.62203613829776,0.70782151403022));
#8047=DIRECTION('center_axis',(0.,-1.11093197257797E-18,1.));
#8048=DIRECTION('ref_axis',(0.433883739117565,0.900968867902416,0.));
#8049=DIRECTION('center_axis',(0.850690466795021,-0.525666937933785,-8.20900078057491E-6));
#8050=DIRECTION('ref_axis',(-0.525666932261213,-0.850690459714712,0.000134452434026006));
#8051=DIRECTION('center_axis',(-0.850680065687345,0.525683769810496,7.0012291923627E-19));
#8052=DIRECTION('ref_axis',(-0.525683769810496,-0.850680065687345,-2.04989385440025E-18));
#8053=DIRECTION('',(0.372734094538386,0.603171492511801,0.705161999394278));
#8054=DIRECTION('center_axis',(-0.306802134176596,-0.637081196131768,0.707106781186549));
#8055=DIRECTION('ref_axis',(0.306802134176597,0.637081196131771,0.707106781186546));
#8056=DIRECTION('',(-0.239182555423215,-0.667486524052347,-0.705161999394278));
#8057=DIRECTION('center_axis',(0.941386466660904,-0.337329987382828,-2.58626656404432E-19));
#8058=DIRECTION('ref_axis',(0.337329987382828,0.941386466660904,2.15066249535925E-18));
#8059=DIRECTION('center_axis',(-0.941380126837571,0.337347679307985,-7.79715424593768E-6));
#8060=DIRECTION('ref_axis',(-0.238304669700291,-0.664980893466038,0.707821514030299));
#8061=DIRECTION('center_axis',(-9.62964972193618E-35,-1.11093197257797E-18,
1.));
#8062=DIRECTION('ref_axis',(0.294755174410912,0.955572805786139,0.));
#8063=DIRECTION('center_axis',(0.919535548825711,-0.393006837572085,-8.20900016087015E-6));
#8064=DIRECTION('ref_axis',(-0.393006833018135,-0.919535540979031,0.000134452433872941));
#8065=DIRECTION('center_axis',(-0.919527772551455,0.393025031653914,5.52748085576274E-19));
#8066=DIRECTION('ref_axis',(-0.393025031653914,-0.919527772551455,-2.12637897319427E-18));
#8067=DIRECTION('',(0.278672916527843,0.651987699427014,0.705161999394278));
#8068=DIRECTION('center_axis',(-0.208423382615769,-0.675692010888836,0.707106781186549));
#8069=DIRECTION('ref_axis',(0.20842338261577,0.675692010888839,0.707106781186546));
#8070=DIRECTION('',(-0.137027379710955,-0.695679561162906,-0.705161999394278));
#8071=DIRECTION('center_axis',(0.981148383394173,-0.193255917795551,-9.85701660805033E-20));
#8072=DIRECTION('ref_axis',(0.193255917795551,0.981148383394173,2.19483527994923E-18));
#8073=DIRECTION('center_axis',(-0.981144751226021,0.193274357018293,-7.79715431072595E-6));
#8074=DIRECTION('ref_axis',(-0.136532744107138,-0.693071074322395,0.707821514030321));
#8075=DIRECTION('center_axis',(0.,-1.11093197257797E-18,1.));
#8076=DIRECTION('ref_axis',(0.149042266176182,0.988830826225128,0.));
#8077=DIRECTION('center_axis',(0.967839726183117,-0.251567613882234,-8.20899998221474E-6));
#8078=DIRECTION('ref_axis',(-0.251567610548639,-0.967839717745346,0.000134452433785469));
#8079=DIRECTION('center_axis',(-0.967834748450669,0.251586763744498,3.95619791609656E-19));
#8080=DIRECTION('ref_axis',(-0.251586763744498,-0.967834748450669,-2.18004473721926E-18));
#8081=DIRECTION('',(0.1783866460552,0.686239578514268,0.705161999394278));
#8082=DIRECTION('center_axis',(-0.105388797096578,-0.699208982670084,0.707106781186549));
#8083=DIRECTION('ref_axis',(0.105388797096579,0.699208982670087,0.707106781186546));
#8084=DIRECTION('',(-0.0318112387668821,-0.708332266452955,-0.705161999394278));
#8085=DIRECTION('center_axis',(0.998993066541315,-0.044864830350512,6.62822374078033E-20));
#8086=DIRECTION('ref_axis',(0.044864830350512,0.998993066541315,2.21465950899791E-18));
#8087=DIRECTION('center_axis',(-0.998992223165023,0.0448836049689499,-7.79715431098674E-6));
#8088=DIRECTION('ref_axis',(-0.0317109026240856,-0.705679192643905,0.707821514030347));
#8089=DIRECTION('center_axis',(0.,-1.11093197257797E-18,1.));
#8090=DIRECTION('ref_axis',(0.,1.,0.));
#8091=DIRECTION('center_axis',(0.99452396336584,-0.104508785390101,-8.20900734680503E-6));
#8092=DIRECTION('ref_axis',(-0.104508783351319,-0.994523954525465,0.000134452434310298));
#8093=DIRECTION('center_axis',(-0.994521895368274,0.10452846326765,2.32248023776947E-19));
#8094=DIRECTION('ref_axis',(-0.10452846326765,-0.994521895368274,-2.20969234198691E-18));
#8095=DIRECTION('',(0.0741155126847486,0.705161999394281,0.705161999394278));
#8096=DIRECTION('center_axis',(0.,-0.707106781186546,0.707106781186549));
#8097=DIRECTION('ref_axis',(0.,0.707106781186549,0.707106781186546));
#8098=DIRECTION('',(0.0741155126847486,-0.705161999394281,-0.705161999394278));
#8099=DIRECTION('center_axis',(0.994521895368274,0.10452846326765,2.32248023776947E-19));
#8100=DIRECTION('ref_axis',(-0.10452846326765,0.994521895368274,2.20969234198691E-18));
#8101=DIRECTION('center_axis',(-0.9945238596234,-0.104509772648214,-7.79715400567658E-6));
#8102=DIRECTION('ref_axis',(0.0738193080236444,-0.702523603901577,0.707821514030232));
#8103=DIRECTION('center_axis',(-2.40741243048404E-35,-1.11093197257797E-18,
1.));
#8104=DIRECTION('ref_axis',(-0.149042266176168,0.98883082622513,0.));
#8105=DIRECTION('center_axis',(0.998992178606056,0.0448845966511792,-8.20900025381809E-6));
#8106=DIRECTION('ref_axis',(0.0448845973495983,-0.998992169560556,0.000134452433807344));
#8107=DIRECTION('center_axis',(-0.998993066541314,-0.0448648303505264,6.62822374077873E-20));
#8108=DIRECTION('ref_axis',(0.0448648303505264,-0.998993066541314,-2.21465950899791E-18));
#8109=DIRECTION('',(-0.0318112387668923,0.708332266452955,0.705161999394278));
#8110=DIRECTION('center_axis',(0.105388797096588,-0.699208982670083,0.707106781186549));
#8111=DIRECTION('ref_axis',(-0.105388797096589,0.699208982670086,0.707106781186546));
#8112=DIRECTION('',(0.17838664605521,-0.686239578514266,-0.705161999394278));
#8113=DIRECTION('center_axis',(0.967834748450666,0.251586763744512,3.95619791609671E-19));
#8114=DIRECTION('ref_axis',(-0.251586763744512,0.967834748450666,2.18004473721925E-18));
#8115=DIRECTION('center_axis',(-0.967839476459176,-0.251568574640062,-7.79715436943509E-6));
#8116=DIRECTION('ref_axis',(0.177700517311298,-0.683674798733444,0.707821514030254));
#8117=DIRECTION('center_axis',(-4.81482486096809E-35,-1.11093197257797E-18,
1.));
#8118=DIRECTION('ref_axis',(-0.294755174410898,0.955572805786143,0.));
#8119=DIRECTION('center_axis',(0.98114455936182,0.193275330984876,-8.20900109534878E-6));
#8120=DIRECTION('ref_axis',(0.193275330327335,-0.981144550313257,0.000134452434047863));
#8121=DIRECTION('center_axis',(-0.98114838339417,-0.193255917795565,-9.85701660805186E-20));
#8122=DIRECTION('ref_axis',(0.193255917795565,-0.98114838339417,-2.19483527994922E-18));
#8123=DIRECTION('',(-0.137027379710965,0.695679561162904,0.705161999394278));
#8124=DIRECTION('center_axis',(0.208423382615779,-0.675692010888833,0.707106781186549));
#8125=DIRECTION('ref_axis',(-0.20842338261578,0.675692010888836,0.707106781186546));
#8126=DIRECTION('',(0.278672916527852,-0.65198769942701,-0.705161999394278));
#8127=DIRECTION('center_axis',(0.919527772551449,0.393025031653927,5.52748085576288E-19));
#8128=DIRECTION('ref_axis',(-0.393025031653927,0.919527772551449,2.12637897319426E-18));
#8129=DIRECTION('center_axis',(-0.919535158696875,-0.393007750380978,-7.79715393320558E-6));
#8130=DIRECTION('ref_axis',(0.277612190685421,-0.649553828299673,0.707821514030254));
#8131=DIRECTION('center_axis',(9.62964972193618E-35,-1.11093197257797E-18,
1.));
#8132=DIRECTION('ref_axis',(-0.433883739117553,0.900968867902422,0.));
#8133=DIRECTION('center_axis',(0.941379791954387,0.337348613799623,-8.20900075392558E-6));
#8134=DIRECTION('ref_axis',(0.337348611800803,-0.941379783104892,0.000134452433872936));
#8135=DIRECTION('center_axis',(-0.941386466660899,-0.337329987382841,-2.58626656404447E-19));
#8136=DIRECTION('ref_axis',(0.337329987382841,-0.941386466660899,-2.15066249535925E-18));
#8137=DIRECTION('',(-0.239182555423224,0.667486524052344,0.705161999394278));
#8138=DIRECTION('center_axis',(0.306802134176605,-0.637081196131764,0.707106781186549));
#8139=DIRECTION('ref_axis',(-0.306802134176606,0.637081196131766,0.707106781186546));
#8140=DIRECTION('',(0.372734094538394,-0.603171492511796,-0.705161999394278));
#8141=DIRECTION('center_axis',(0.850680065687338,0.525683769810508,7.00122919236283E-19));
#8142=DIRECTION('ref_axis',(-0.525683769810508,0.850680065687337,2.04989385440024E-18));
#8143=DIRECTION('center_axis',(-0.85068994497638,-0.525667782401858,-7.79715440225033E-6));
#8144=DIRECTION('ref_axis',(0.371322466457729,-0.600922898697953,0.707821514030337));
#8145=DIRECTION('center_axis',(0.,-1.11093197257797E-18,1.));
#8146=DIRECTION('ref_axis',(-0.563320058063618,0.826238774315998,0.));
#8147=DIRECTION('center_axis',(0.880586155578503,0.473886086033432,-8.2090001435067E-6));
#8148=DIRECTION('ref_axis',(0.473886082737987,-0.880586147125759,0.000134452433982265));
#8149=DIRECTION('center_axis',(-0.880595531856732,-0.473868662473009,-4.1031183605555E-19));
#8150=DIRECTION('ref_axis',(0.473868662473009,-0.880595531856732,-2.0831279022424E-18));
#8151=DIRECTION('',(-0.335994788084604,0.624382940982732,0.705161999394278));
#8152=DIRECTION('center_axis',(0.398327433035191,-0.584239040198097,0.707106781186549));
#8153=DIRECTION('ref_axis',(-0.398327433035193,0.584239040198099,0.707106781186546));
#8154=DIRECTION('',(0.458469008801499,-0.540881431164756,-0.705161999394278));
#8155=DIRECTION('center_axis',(0.762829571862264,0.646599601215803,8.34452182335272E-19));
#8156=DIRECTION('ref_axis',(-0.646599601215803,0.762829571862264,1.95229793200321E-18));
#8157=DIRECTION('center_axis',(-0.762841723607858,-0.646585264804417,-7.79715463385055E-6));
#8158=DIRECTION('ref_axis',(0.456738011922033,-0.538868344534596,0.707821514030233));
#8159=DIRECTION('center_axis',(0.,-1.11093197257797E-18,1.));
#8160=DIRECTION('ref_axis',(-0.680172737770916,0.73305187182983,0.));
#8161=DIRECTION('center_axis',(0.800121679610941,0.599837726180322,-8.20900042227811E-6));
#8162=DIRECTION('ref_axis',(0.599837721661868,-0.800121671743769,0.000134452433851073));
#8163=DIRECTION('center_axis',(-0.800133548011199,-0.599821894687924,-5.50237308772635E-19));
#8164=DIRECTION('ref_axis',(0.599821894687924,-0.800133548011199,-1.99374011181134E-18));
#8165=DIRECTION('',(-0.425301452394847,0.567331674773318,0.705161999394278));
#8166=DIRECTION('center_axis',(0.48095475525604,-0.518345949532357,0.707106781186549));
#8167=DIRECTION('ref_axis',(-0.480954755256042,0.518345949532359,0.707106781186546));
#8168=DIRECTION('',(0.53396248300521,-0.466508972425156,-0.705161999394278));
#8169=DIRECTION('center_axis',(0.657938725939709,0.753071466003614,9.52735181108049E-19));
#8170=DIRECTION('ref_axis',(-0.753071466003614,0.657938725939709,1.83577133763709E-18));
#8171=DIRECTION('center_axis',(-0.657952878691046,-0.753059100842271,-7.79715436034883E-6));
#8172=DIRECTION('ref_axis',(0.531950784937769,-0.464776362006514,0.707821514030254));
#8173=DIRECTION('center_axis',(0.,-1.11093197257797E-18,1.));
#8174=DIRECTION('ref_axis',(-0.781831482468026,0.623489801858738,0.));
#8175=DIRECTION('center_axis',(0.701783807482034,0.712389982726198,-8.20900056985956E-6));
#8176=DIRECTION('ref_axis',(0.712389977085674,-0.701783800376167,0.000134452434004143));
#8177=DIRECTION('center_axis',(-0.701797902883982,-0.712376096951354,-6.75277370715087E-19));
#8178=DIRECTION('ref_axis',(0.712376096951354,-0.701797902883982,-1.88449589959544E-18));
#8179=DIRECTION('',(-0.505107585048083,0.49760715643684,0.705161999394278));
#8180=DIRECTION('center_axis',(0.552838342998278,-0.440873866894962,0.707106781186549));
#8181=DIRECTION('ref_axis',(-0.55283834299828,0.440873866894963,0.707106781186546));
#8182=DIRECTION('',(0.597528117685027,-0.381715474124449,-0.705161999394278));
#8183=DIRECTION('center_axis',(0.538350616090678,0.842720958654042,1.0523296688188E-18));
#8184=DIRECTION('ref_axis',(-0.842720958654042,0.538350616090678,1.70291708286563E-18));
#8185=DIRECTION('center_axis',(-0.538366453699424,-0.842710840959288,-7.79715454993638E-6));
#8186=DIRECTION('ref_axis',(0.595280656439508,-0.38030204357182,0.707821514030229));
#8187=DIRECTION('center_axis',(-1.92592994438724E-34,-1.11093197257797E-18,
1.));
#8188=DIRECTION('ref_axis',(-0.866025403784436,0.500000000000004,0.));
#8189=DIRECTION('center_axis',(0.587769244756823,0.809028624246761,-8.20900080876829E-6));
#8190=DIRECTION('ref_axis',(0.809028617610164,-0.587769238570997,0.0001344524339604));
#8191=DIRECTION('center_axis',(-0.587785252292462,-0.809016994374955,-7.82638833521593E-19));
#8192=DIRECTION('ref_axis',(0.809016994374955,-0.587785252292462,-1.75783560077496E-18));
#8193=DIRECTION('',(-0.573630448916504,0.416766916496636,0.705161999394278));
#8194=DIRECTION('center_axis',(0.612372435695797,-0.353553390593267,0.707106781186549));
#8195=DIRECTION('ref_axis',(-0.612372435695799,0.353553390593269,0.707106781186546));
#8196=DIRECTION('',(0.647745961601252,-0.288395082897635,-0.705161999394278));
#8197=DIRECTION('center_axis',(0.406736643075795,0.913545457642603,1.13101086918701E-18));
#8198=DIRECTION('ref_axis',(-0.913545457642603,0.406736643075795,1.55670291220539E-18));
#8199=DIRECTION('center_axis',(-0.40675381175382,-0.913537813428072,-7.79715368026902E-6));
#8200=DIRECTION('ref_axis',(0.645312941749076,-0.287332405911725,0.707821514030291));
#8201=DIRECTION('center_axis',(0.,-1.11093197257797E-18,1.));
#8202=DIRECTION('ref_axis',(-0.930873748644203,0.365341024366399,0.));
#8203=DIRECTION('center_axis',(0.460624888363707,0.887594903180801,-8.20900061175997E-6));
#8204=DIRECTION('ref_axis',(0.887594895696375,-0.460624883236114,0.000134452433785468));
#8205=DIRECTION('center_axis',(-0.46064245045062,-0.88758578900456,-8.69923419522534E-19));
#8206=DIRECTION('ref_axis',(0.88758578900456,-0.46064245045062,-1.61658859712571E-18));
#8207=DIRECTION('',(-0.629339356451914,0.326616792328495,0.705161999394278));
#8208=DIRECTION('center_axis',(0.65822714009486,-0.258335115775111,0.707106781186549));
#8209=DIRECTION('ref_axis',(-0.658227140094862,0.258335115775112,0.707106781186546));
#8210=DIRECTION('',(0.683494231103285,-0.188632422077416,-0.705161999394278));
#8211=DIRECTION('center_axis',(0.266036845566669,0.963962860695855,1.18702117421322E-18));
#8212=DIRECTION('ref_axis',(-0.963962860695855,0.266036845566669,1.40039500861725E-18));
#8213=DIRECTION('center_axis',(-0.266054961797368,-0.963957860719132,-7.7971543302215E-6));
#8214=DIRECTION('ref_axis',(0.680930002286065,-0.187944237109419,0.707821514030238));
#8215=DIRECTION('center_axis',(0.,-1.11093197257797E-18,1.));
#8216=DIRECTION('ref_axis',(-0.974927912181823,0.222520933956318,0.));
#8217=DIRECTION('center_axis',(0.323190933124234,0.946333778684297,-8.20900054053853E-6));
#8218=DIRECTION('ref_axis',(0.946333770519241,-0.3231909291694,0.000134452433916674));
#8219=DIRECTION('center_axis',(-0.323209657454446,-0.946327383799169,-9.35181335300084E-19));
#8220=DIRECTION('ref_axis',(0.946327383799169,-0.323209657454446,-1.46391011330557E-18));
#8221=DIRECTION('',(-0.670989862716168,0.229170588737738,0.705161999394278));
#8222=DIRECTION('center_axis',(0.689378137871811,-0.157346061356466,0.707106781186549));
#8223=DIRECTION('ref_axis',(-0.689378137871814,0.157346061356467,0.707106781186546));
#8224=DIRECTION('',(0.703974368922689,-0.0846560246536828,-0.705161999394278));
#8225=DIRECTION('center_axis',(0.119394224540238,0.992846926341838,1.21910940623738E-18));
#8226=DIRECTION('ref_axis',(-0.992846926341838,0.119394224540238,1.23748503237636E-18));
#8227=DIRECTION('center_axis',(-0.119412883634753,-0.992844682294888,-7.79715402249856E-6));
#8228=DIRECTION('ref_axis',(0.701336211775684,-0.0843577046163781,0.707821514030188));
#8229=DIRECTION('center_axis',(0.,-1.11093197257797E-18,1.));
#8230=DIRECTION('ref_axis',(-0.99720379718118,0.0747300935864281,0.));
#8231=DIRECTION('center_axis',(0.178537426495873,0.983933121341508,-8.20900048815949E-6));
#8232=DIRECTION('ref_axis',(0.983933112678212,-0.17853742380215,0.000134452433894795));
#8233=DIRECTION('center_axis',(-0.178556894798623,-0.983929588598632,-9.76954826851232E-19));
#8234=DIRECTION('ref_axis',(0.983929588598632,-0.178556894798623,-1.30321073434948E-18));
#8235=DIRECTION('',(-0.697651564224715,0.126605092887579,0.705161999394278));
#8236=DIRECTION('center_axis',(0.705129567211786,-0.0528421559336586,0.707106781186549));
#8237=DIRECTION('ref_axis',(-0.705129567211789,0.0528421559336588,0.707106781186546));
#8238=DIRECTION('',(0.708728882622987,0.0212114484709437,-0.705161999394278));
#8239=DIRECTION('center_axis',(-0.0299154661694047,0.999552432283503,1.22655876718029E-18));
#8240=DIRECTION('ref_axis',(-0.999552432283503,-0.0299154661694047,1.07161212315129E-18));
#8241=DIRECTION('center_axis',(0.0298966810222313,-0.999552994294479,-7.79715464332753E-6));
#8242=DIRECTION('ref_axis',(0.70607572921718,0.0211132395987035,0.70782151403025));
#8243=DIRECTION('center_axis',(-1.92592994438724E-34,-1.11093197257797E-18,
1.));
#8244=DIRECTION('ref_axis',(-0.99720379718118,-0.0747300935864208,0.));
#8245=DIRECTION('center_axis',(0.0298956887845916,0.999553023968567,-8.20899993922204E-6));
#8246=DIRECTION('ref_axis',(0.999553015000554,-0.0298956874121537,0.000134452433872949));
#8247=DIRECTION('center_axis',(-0.0299154661693838,-0.999552432283504,-9.94310743403343E-19));
#8248=DIRECTION('ref_axis',(0.999552432283504,-0.0299154661693838,-1.1380802188356E-18));
#8249=DIRECTION('',(-0.708728882622988,0.0212114484709289,0.705161999394278));
#8250=DIRECTION('center_axis',(0.705129567211785,0.0528421559336734,0.707106781186549));
#8251=DIRECTION('ref_axis',(-0.705129567211788,-0.0528421559336736,0.707106781186546));
#8252=DIRECTION('',(0.697651564224712,0.126605092887593,-0.705161999394278));
#8253=DIRECTION('center_axis',(-0.178556894798643,0.983929588598628,1.20920285062818E-18));
#8254=DIRECTION('ref_axis',(-0.983929588598628,-0.178556894798643,9.06481607637401E-19));
#8255=DIRECTION('center_axis',(0.178538403229445,-0.983932944113309,-7.79715463730437E-6));
#8256=DIRECTION('ref_axis',(0.695042681623272,0.126112548931224,0.707821514030197));
#8257=DIRECTION('center_axis',(0.,-1.11093197257797E-18,1.));
#8258=DIRECTION('ref_axis',(-0.974927912181824,-0.222520933956311,0.));
#8259=DIRECTION('center_axis',(-0.119413869214789,0.992844563751933,-8.20900023325547E-6));
#8260=DIRECTION('ref_axis',(0.992844554679534,0.119413869235284,0.000134452433960399));
#8261=DIRECTION('center_axis',(0.119394224540259,-0.992846926341835,-9.86861382460433E-19));
#8262=DIRECTION('ref_axis',(0.992846926341835,0.119394224540259,-9.72207309610527E-19));
#8263=DIRECTION('',(-0.703974368922688,-0.0846560246536981,0.705161999394278));
#8264=DIRECTION('center_axis',(0.689378137871807,0.157346061356481,0.707106781186549));
#8265=DIRECTION('ref_axis',(-0.68937813787181,-0.157346061356482,0.707106781186546));
#8266=DIRECTION('',(0.670989862716163,0.229170588737753,-0.705161999394278));
#8267=DIRECTION('center_axis',(-0.323209657454467,0.946327383799162,1.16742935907702E-18));
#8268=DIRECTION('ref_axis',(-0.946327383799162,-0.323209657454467,7.45782228681314E-19));
#8269=DIRECTION('center_axis',(0.323191872534239,-0.946333457860926,-7.79715451156382E-6));
#8270=DIRECTION('ref_axis',(0.668483529045239,0.228294712315313,0.707821514030261));
#8271=DIRECTION('center_axis',(0.,-1.11093197257797E-18,1.));
#8272=DIRECTION('ref_axis',(-0.930873748644205,-0.365341024366392,0.));
#8273=DIRECTION('center_axis',(-0.266055918712141,0.963957596604151,-8.20900799862149E-6));
#8274=DIRECTION('ref_axis',(0.963957587630027,0.266055917380239,0.000134452434419628));
#8275=DIRECTION('center_axis',(0.26603684556669,-0.963962860695849,-9.54773150436266E-19));
#8276=DIRECTION('ref_axis',(0.963962860695849,0.26603684556669,-8.09297333369632E-19));
#8277=DIRECTION('',(-0.683494231103281,-0.188632422077431,0.705161999394278));
#8278=DIRECTION('center_axis',(0.658227140094854,0.258335115775124,0.707106781186549));
#8279=DIRECTION('ref_axis',(-0.658227140094857,-0.258335115775125,0.707106781186546));
#8280=DIRECTION('',(0.629339356451907,0.326616792328508,-0.705161999394278));
#8281=DIRECTION('center_axis',(-0.460642450450639,0.887585789004551,1.10217144329947E-18));
#8282=DIRECTION('ref_axis',(-0.887585789004551,-0.460642450450639,5.93103744861178E-19));
#8283=DIRECTION('center_axis',(0.460625769465874,-0.887594445928531,-7.79715437416371E-6));
#8284=DIRECTION('ref_axis',(0.626991559063904,0.325377149072491,0.707821514030248));
#8285=DIRECTION('center_axis',(0.,-1.11093197257797E-18,1.));
#8286=DIRECTION('ref_axis',(-0.86602540378444,-0.499999999999998,0.));
#8287=DIRECTION('center_axis',(-0.406754718617815,0.913537409641638,-8.20900798463277E-6));
#8288=DIRECTION('ref_axis',(0.913537400966258,0.406754715963266,0.000134452434485222));
#8289=DIRECTION('center_axis',(0.406736643075815,-0.913545457642595,-8.98762845410055E-19));
#8290=DIRECTION('ref_axis',(0.913545457642595,0.406736643075815,-6.52989429781499E-19));
#8291=DIRECTION('',(-0.647745961601246,-0.288395082897648,0.705161999394278));
#8292=DIRECTION('center_axis',(0.612372435695789,0.35355339059328,0.707106781186549));
#8293=DIRECTION('ref_axis',(-0.612372435695792,-0.353553390593282,0.707106781186546));
#8294=DIRECTION('',(0.573630448916496,0.416766916496648,-0.705161999394278));
#8295=DIRECTION('center_axis',(-0.587785252292479,0.809016994374943,1.01488685729853E-18));
#8296=DIRECTION('ref_axis',(-0.809016994374943,-0.587785252292479,4.51856741211933E-19));
#8297=DIRECTION('center_axis',(0.587770047867009,-0.809028040780799,-7.79715496914949E-6));
#8298=DIRECTION('ref_axis',(0.571493633726393,0.415191197987201,0.707821514030307));
#8299=DIRECTION('center_axis',(0.,-1.11093197257797E-18,1.));
#8300=DIRECTION('ref_axis',(-0.781831482468031,-0.623489801858732,0.));
#8301=DIRECTION('center_axis',(-0.538367290250967,0.84271030652321,-8.20900771886085E-6));
#8302=DIRECTION('ref_axis',(0.842710298340367,0.538367286333068,0.000134452434244694));
#8303=DIRECTION('center_axis',(0.538350616090696,-0.84272095865403,-8.20081645041843E-19));
#8304=DIRECTION('ref_axis',(0.84272095865403,0.538350616090696,-5.06775259121254E-19));
#8305=DIRECTION('',(-0.597528117685019,-0.381715474124461,0.705161999394278));
#8306=DIRECTION('center_axis',(0.552838342998269,0.440873866894973,0.707106781186549));
#8307=DIRECTION('ref_axis',(-0.552838342998271,-0.440873866894975,0.707106781186546));
#8308=DIRECTION('',(0.505107585048073,0.49760715643685,-0.705161999394278));
#8309=DIRECTION('center_axis',(-0.701797902883997,0.712376096951339,9.07525394492017E-19));
#8310=DIRECTION('ref_axis',(-0.712376096951339,-0.701797902883997,3.25196442391455E-19));
#8311=DIRECTION('center_axis',(0.701784514662231,-0.712389286078546,-7.79715388829773E-6));
#8312=DIRECTION('ref_axis',(0.50322948497419,0.495730561624593,0.707821514030181));
#8313=DIRECTION('center_axis',(-9.62964972193618E-35,-1.11093197257797E-18,
1.));
#8314=DIRECTION('ref_axis',(-0.680172737770921,-0.733051871829825,0.));
#8315=DIRECTION('center_axis',(-0.657953626245229,0.753058447694046,-8.20900749767064E-6));
#8316=DIRECTION('ref_axis',(0.75305844018653,0.657953621151502,0.000134452434310294));
#8317=DIRECTION('center_axis',(0.657938725939725,-0.7530714660036,-7.20487157331087E-19));
#8318=DIRECTION('ref_axis',(0.7530714660036,0.657938725939725,-3.73921004349801E-19));
#8319=DIRECTION('',(-0.5339624830052,-0.466508972425167,0.705161999394278));
#8320=DIRECTION('center_axis',(0.480954755256029,0.518345949532367,0.707106781186549));
#8321=DIRECTION('ref_axis',(-0.480954755256031,-0.518345949532369,0.707106781186546));
#8322=DIRECTION('',(0.425301452394834,0.567331674773327,-0.705161999394278));
#8323=DIRECTION('center_axis',(-0.800133548011212,0.599821894687907,7.82485332549563E-19));
#8324=DIRECTION('ref_axis',(-0.599821894687907,-0.800133548011212,2.15952230175552E-19));
#8325=DIRECTION('center_axis',(0.800122275061263,-0.599836931915661,-7.79715465363981E-6));
#8326=DIRECTION('ref_axis',(0.42372402109183,0.565196123682431,0.707821514030285));
#8327=DIRECTION('center_axis',(0.,-1.11093197257797E-18,1.));
#8328=DIRECTION('ref_axis',(-0.563320058063623,-0.826238774315994,0.));
#8329=DIRECTION('center_axis',(-0.762842365465293,0.64658450753473,-8.20900741948595E-6));
#8330=DIRECTION('ref_axis',(0.646584500870251,0.762842359309518,0.000134452434244695));
#8331=DIRECTION('center_axis',(0.762829571862277,-0.646599601215787,-6.02204158558307E-19));
#8332=DIRECTION('ref_axis',(0.646599601215787,0.762829571862277,-2.57394409983689E-19));
#8333=DIRECTION('',(-0.458469008801488,-0.540881431164766,0.705161999394278));
#8334=DIRECTION('center_axis',(0.398327433035179,0.584239040198105,0.707106781186549));
#8335=DIRECTION('ref_axis',(-0.39832743303518,-0.584239040198108,0.707106781186546));
#8336=DIRECTION('',(0.33599478808459,0.624382940982739,-0.705161999394278));
#8337=DIRECTION('center_axis',(-0.880595531856742,0.473868662472991,6.42559859832476E-19));
#8338=DIRECTION('ref_axis',(-0.473868662472991,-0.880595531856742,1.265644397445E-19));
#8339=DIRECTION('center_axis',(0.880586625999332,-0.473885211892413,-7.79715430276482E-6));
#8340=DIRECTION('ref_axis',(0.334753262759174,0.622036138297425,0.707821514030278));
#8341=DIRECTION('center_axis',(0.,-1.11093197257797E-18,1.));
#8342=DIRECTION('ref_axis',(-0.433883739117559,-0.900968867902419,0.));
#8343=DIRECTION('center_axis',(-0.850690466800664,0.525666937924652,-8.20900797077996E-6));
#8344=DIRECTION('ref_axis',(0.525666932252086,0.850690459720352,0.000134452434397762));
#8345=DIRECTION('center_axis',(0.850680065687348,-0.52568376981049,-4.67874895459316E-19));
#8346=DIRECTION('ref_axis',(0.52568376981049,0.850680065687349,-1.59798487586654E-19));
#8347=DIRECTION('',(-0.372734094538382,-0.603171492511804,0.705161999394278));
#8348=DIRECTION('center_axis',(0.306802134176591,0.63708119613177,0.707106781186549));
#8349=DIRECTION('ref_axis',(-0.306802134176593,-0.637081196131773,0.707106781186546));
#8350=DIRECTION('',(0.23918255542321,0.667486524052349,-0.705161999394278));
#8351=DIRECTION('center_axis',(-0.941386466660906,0.337329987382821,4.90874680181372E-19));
#8352=DIRECTION('ref_axis',(-0.337329987382821,-0.941386466660906,5.90298466276517E-20));
#8353=DIRECTION('center_axis',(0.941380126837364,-0.337347679308564,-7.79715442220226E-6));
#8354=DIRECTION('ref_axis',(0.238304669700825,0.66498089346589,0.707821514030258));
#8355=DIRECTION('center_axis',(0.,-1.11093197257797E-18,1.));
#8356=DIRECTION('ref_axis',(-0.294755174410905,-0.955572805786141,0.));
#8357=DIRECTION('center_axis',(-0.919535548829888,0.393006837562312,-8.20900730572887E-6));
#8358=DIRECTION('ref_axis',(0.393006833008363,0.919535540983207,0.000134452434375892));
#8359=DIRECTION('center_axis',(0.919527772551458,-0.393025031653907,-3.2050006179932E-19));
#8360=DIRECTION('ref_axis',(0.393025031653907,0.919527772551458,-8.33133687926399E-20));
#8361=DIRECTION('',(-0.278672916527838,-0.651987699427016,0.705161999394278));
#8362=DIRECTION('center_axis',(0.208423382615764,0.675692010888837,0.707106781186549));
#8363=DIRECTION('ref_axis',(-0.208423382615765,-0.67569201088884,0.707106781186546));
#8364=DIRECTION('',(0.13702737971095,0.695679561162907,-0.705161999394278));
#8365=DIRECTION('center_axis',(-0.981148383394175,0.193255917795544,3.30818189857442E-19));
#8366=DIRECTION('ref_axis',(-0.193255917795544,-0.981148383394175,1.48570620376811E-20));
#8367=DIRECTION('center_axis',(0.981144751225858,-0.193274357019117,-7.79715449988652E-6));
#8368=DIRECTION('ref_axis',(0.136532744107875,0.69307107432236,0.707821514030213));
#8369=DIRECTION('center_axis',(0.,-1.11093197257797E-18,1.));
#8370=DIRECTION('ref_axis',(-0.149042266176175,-0.988830826225129,0.));
#8371=DIRECTION('center_axis',(-0.967839726185687,0.251567613872349,-8.20900705145366E-6));
#8372=DIRECTION('ref_axis',(0.251567610538749,0.967839717747917,0.000134452434244704));
#8373=DIRECTION('center_axis',(0.967834748450671,-0.251586763744492,-1.63371767832702E-19));
#8374=DIRECTION('ref_axis',(0.251586763744492,0.967834748450671,-2.96476047676506E-20));
#8375=DIRECTION('',(-0.178386646055196,-0.686239578514269,0.705161999394278));
#8376=DIRECTION('center_axis',(0.105388797096574,0.699208982670085,0.707106781186549));
#8377=DIRECTION('ref_axis',(-0.105388797096574,-0.699208982670088,0.707106781186546));
#8378=DIRECTION('',(0.0318112387668775,0.708332266452955,-0.705161999394278));
#8379=DIRECTION('center_axis',(-0.998993066541315,0.0448648303505055,1.65965786369136E-19));
#8380=DIRECTION('ref_axis',(-0.0448648303505055,-0.998993066541315,-4.96716701100052E-21));
#8381=DIRECTION('center_axis',(0.998992223165023,-0.0448836049689499,-7.79715431098674E-6));
#8382=DIRECTION('ref_axis',(0.0317109026240856,0.705679192643905,0.707821514030347));
#8383=DIRECTION('center_axis',(0.,-1.11093197257797E-18,1.));
#8384=DIRECTION('ref_axis',(0.,-1.,0.));
#8385=DIRECTION('center_axis',(-0.99452396336584,0.104508785390101,-8.20900734680503E-6));
#8386=DIRECTION('ref_axis',(0.104508783351319,0.994523954525465,0.000134452434310298));
#8387=DIRECTION('center_axis',(0.994521895368274,-0.10452846326765,0.));
#8388=DIRECTION('ref_axis',(0.10452846326765,0.994521895368274,0.));
#8389=DIRECTION('',(-0.0741155126847486,-0.705161999394281,0.705161999394278));
#8390=DIRECTION('center_axis',(0.,0.707106781186546,0.707106781186549));
#8391=DIRECTION('ref_axis',(0.,-0.707106781186549,0.707106781186546));
#8392=DIRECTION('',(-0.0741155126847486,0.705161999394281,-0.705161999394278));
#8393=DIRECTION('center_axis',(-0.994521895368274,-0.10452846326765,0.));
#8394=DIRECTION('ref_axis',(0.10452846326765,-0.994521895368274,0.));
#8395=DIRECTION('center_axis',(0.994523859623478,0.104509772647467,-7.7971543125218E-6));
#8396=DIRECTION('ref_axis',(-0.0738193080229005,0.702523603901649,0.707821514030238));
#8397=DIRECTION('center_axis',(0.,-1.11093197257797E-18,1.));
#8398=DIRECTION('ref_axis',(0.149042266176161,-0.988830826225131,0.));
#8399=DIRECTION('center_axis',(-0.998992178606043,-0.0448845966514517,-8.20900045577559E-6));
#8400=DIRECTION('ref_axis',(-0.0448845973498724,0.998992169560544,0.000134452434004135));
#8401=DIRECTION('center_axis',(0.998993066541314,0.0448648303505192,1.65965786369151E-19));
#8402=DIRECTION('ref_axis',(-0.0448648303505192,0.998993066541314,4.96716701099988E-21));
#8403=DIRECTION('',(0.0318112387668872,-0.708332266452955,0.705161999394278));
#8404=DIRECTION('center_axis',(-0.105388797096583,0.699208982670083,0.707106781186549));
#8405=DIRECTION('ref_axis',(0.105388797096584,-0.699208982670086,0.707106781186546));
#8406=DIRECTION('',(-0.178386646055205,0.686239578514267,-0.705161999394278));
#8407=DIRECTION('center_axis',(-0.967834748450667,-0.251586763744505,-1.63371767832716E-19));
#8408=DIRECTION('ref_axis',(0.251586763744505,-0.967834748450667,2.96476047676544E-20));
#8409=DIRECTION('center_axis',(0.967839476459177,0.251568574640057,-7.79715435611057E-6));
#8410=DIRECTION('ref_axis',(-0.177700517311293,0.683674798733377,0.70782151403032));
#8411=DIRECTION('center_axis',(0.,-1.11093197257797E-18,1.));
#8412=DIRECTION('ref_axis',(0.294755174410891,-0.955572805786145,0.));
#8413=DIRECTION('center_axis',(-0.981144559362183,-0.193275330983031,-8.20900023954707E-6));
#8414=DIRECTION('ref_axis',(-0.193275330325492,0.98114455031362,0.00013445243391668));
#8415=DIRECTION('center_axis',(0.981148383394172,0.193255917795558,3.30818189857458E-19));
#8416=DIRECTION('ref_axis',(-0.193255917795558,0.981148383394172,-1.48570620376842E-20));
#8417=DIRECTION('',(0.13702737971096,-0.695679561162905,0.705161999394278));
#8418=DIRECTION('center_axis',(-0.208423382615774,0.675692010888834,0.707106781186549));
#8419=DIRECTION('ref_axis',(0.208423382615775,-0.675692010888837,0.707106781186546));
#8420=DIRECTION('',(-0.278672916527847,0.651987699427012,-0.705161999394278));
#8421=DIRECTION('center_axis',(-0.919527772551452,-0.393025031653921,-3.20500061799334E-19));
#8422=DIRECTION('ref_axis',(0.393025031653921,-0.919527772551452,8.33133687926461E-20));
#8423=DIRECTION('center_axis',(0.919535158697331,0.393007750379912,-7.79715433087202E-6));
#8424=DIRECTION('ref_axis',(-0.277612190684412,0.64955382830012,0.707821514030239));
#8425=DIRECTION('center_axis',(0.,-1.11093197257797E-18,1.));
#8426=DIRECTION('ref_axis',(0.433883739117546,-0.900968867902425,0.));
#8427=DIRECTION('center_axis',(-0.941379791954852,-0.337348613798326,-8.20900017226308E-6));
#8428=DIRECTION('ref_axis',(-0.337348611799511,0.941379783105355,0.000134452433938536));
#8429=DIRECTION('center_axis',(0.941386466660902,0.337329987382835,4.90874680181386E-19));
#8430=DIRECTION('ref_axis',(-0.337329987382835,0.941386466660902,-5.9029846627657E-20));
#8431=DIRECTION('',(0.239182555423219,-0.667486524052345,0.705161999394278));
#8432=DIRECTION('center_axis',(-0.3068021341766,0.637081196131766,0.707106781186549));
#8433=DIRECTION('ref_axis',(0.306802134176602,-0.637081196131768,0.707106781186546));
#8434=DIRECTION('',(-0.37273409453839,0.603171492511798,-0.705161999394278));
#8435=DIRECTION('center_axis',(-0.850680065687341,-0.525683769810502,-4.67874895459329E-19));
#8436=DIRECTION('ref_axis',(0.525683769810502,-0.850680065687341,1.59798487586662E-19));
#8437=DIRECTION('center_axis',(0.850689944976239,0.525667782402088,-7.79715426423811E-6));
#8438=DIRECTION('ref_axis',(-0.371322466458057,0.600922898697937,0.707821514030179));
#8439=DIRECTION('center_axis',(0.,-1.11093197257797E-18,1.));
#8440=DIRECTION('ref_axis',(0.563320058063612,-0.826238774316002,0.));
#8441=DIRECTION('center_axis',(-0.88058615557833,-0.473886086033753,-8.20900026647653E-6));
#8442=DIRECTION('ref_axis',(-0.473886082738307,0.880586147125587,0.000134452433960399));
#8443=DIRECTION('center_axis',(0.880595531856736,0.473868662473003,6.4255985983249E-19));
#8444=DIRECTION('ref_axis',(-0.473868662473003,0.880595531856736,-1.26564439744508E-19));
#8445=DIRECTION('',(0.335994788084599,-0.624382940982735,0.705161999394278));
#8446=DIRECTION('center_axis',(-0.398327433035187,0.5842390401981,0.707106781186549));
#8447=DIRECTION('ref_axis',(0.398327433035188,-0.584239040198102,0.707106781186546));
#8448=DIRECTION('',(-0.458469008801495,0.540881431164759,-0.705161999394278));
#8449=DIRECTION('center_axis',(-0.762829571862268,-0.646599601215798,-6.02204158558319E-19));
#8450=DIRECTION('ref_axis',(0.646599601215798,-0.762829571862268,2.57394409983699E-19));
#8451=DIRECTION('center_axis',(0.7628417236073,0.646585264805074,-7.79715427277866E-6));
#8452=DIRECTION('ref_axis',(-0.456738011922664,0.538868344534021,0.707821514030265));
#8453=DIRECTION('center_axis',(0.,-1.11093197257797E-18,1.));
#8454=DIRECTION('ref_axis',(0.68017273777091,-0.733051871829835,0.));
#8455=DIRECTION('center_axis',(-0.800121679611793,-0.599837726179185,-8.20899965991831E-6));
#8456=DIRECTION('ref_axis',(-0.59983772166073,0.800121671744621,0.000134452433763597));
#8457=DIRECTION('center_axis',(0.800133548011203,0.599821894687918,7.82485332549576E-19));
#8458=DIRECTION('ref_axis',(-0.599821894687918,0.800133548011203,-2.15952230175562E-19));
#8459=DIRECTION('',(0.425301452394843,-0.567331674773321,0.705161999394278));
#8460=DIRECTION('center_axis',(-0.480954755256036,0.51834594953236,0.707106781186549));
#8461=DIRECTION('ref_axis',(0.480954755256038,-0.518345949532362,0.707106781186546));
#8462=DIRECTION('',(-0.533962483005207,0.466508972425159,-0.705161999394278));
#8463=DIRECTION('center_axis',(-0.657938725939714,-0.75307146600361,-7.20487157331098E-19));
#8464=DIRECTION('ref_axis',(0.75307146600361,-0.657938725939714,3.73921004349813E-19));
#8465=DIRECTION('center_axis',(0.657952878691305,0.753059100842045,-7.79715459004756E-6));
#8466=DIRECTION('ref_axis',(-0.531950784937516,0.464776362006831,0.707821514030236));
#8467=DIRECTION('center_axis',(0.,-1.11093197257797E-18,1.));
#8468=DIRECTION('ref_axis',(0.781831482468022,-0.623489801858743,0.));
#8469=DIRECTION('center_axis',(-0.701783807482233,-0.712389982726001,-8.20900045363923E-6));
#8470=DIRECTION('ref_axis',(-0.712389977085478,0.701783800376366,0.000134452434026004));
#8471=DIRECTION('center_axis',(0.701797902883987,0.712376096951349,9.07525394492028E-19));
#8472=DIRECTION('ref_axis',(-0.712376096951349,0.701797902883987,-3.25196442391466E-19));
#8473=DIRECTION('',(0.50510758504808,-0.497607156436843,0.705161999394278));
#8474=DIRECTION('center_axis',(-0.552838342998275,0.440873866894965,0.707106781186549));
#8475=DIRECTION('ref_axis',(0.552838342998277,-0.440873866894967,0.707106781186546));
#8476=DIRECTION('',(-0.597528117685024,0.381715474124453,-0.705161999394278));
#8477=DIRECTION('center_axis',(-0.538350616090684,-0.842720958654038,-8.20081645041852E-19));
#8478=DIRECTION('ref_axis',(0.842720958654038,-0.538350616090684,5.06775259121267E-19));
#8479=DIRECTION('center_axis',(0.538366453699605,0.842710840959172,-7.79715461690302E-6));
#8480=DIRECTION('ref_axis',(-0.595280656439319,0.38030204357193,0.707821514030329));
#8481=DIRECTION('center_axis',(0.,-1.11093197257797E-18,1.));
#8482=DIRECTION('ref_axis',(0.866025403784433,-0.50000000000001,0.));
#8483=DIRECTION('center_axis',(-0.58776924475824,-0.809028624245731,-8.20900009436082E-6));
#8484=DIRECTION('ref_axis',(-0.80902861760913,0.58776923857242,0.000134452433982268));
#8485=DIRECTION('center_axis',(0.587785252292468,0.809016994374951,1.01488685729854E-18));
#8486=DIRECTION('ref_axis',(-0.809016994374951,0.587785252292468,-4.51856741211945E-19));
#8487=DIRECTION('',(0.573630448916501,-0.41676691649664,0.705161999394278));
#8488=DIRECTION('center_axis',(-0.612372435695794,0.353553390593272,0.707106781186549));
#8489=DIRECTION('ref_axis',(0.612372435695797,-0.353553390593273,0.707106781186546));
#8490=DIRECTION('',(-0.64774596160125,0.288395082897639,-0.705161999394278));
#8491=DIRECTION('center_axis',(-0.406736643075802,-0.9135454576426,-8.98762845410062E-19));
#8492=DIRECTION('ref_axis',(0.9135454576426,-0.406736643075802,6.52989429781514E-19));
#8493=DIRECTION('center_axis',(0.406753811754194,0.913537813427905,-7.79715389217805E-6));
#8494=DIRECTION('ref_axis',(-0.645312941748849,0.287332405912118,0.707821514030338));
#8495=DIRECTION('center_axis',(0.,-1.11093197257797E-18,1.));
#8496=DIRECTION('ref_axis',(0.9308737486442,-0.365341024366405,0.));
#8497=DIRECTION('center_axis',(-0.460624888364735,-0.887594903180267,-8.20900022787454E-6));
#8498=DIRECTION('ref_axis',(-0.887594895695849,0.460624883237128,0.0001344524338292));
#8499=DIRECTION('center_axis',(0.460642450450626,0.887585789004557,1.10217144329948E-18));
#8500=DIRECTION('ref_axis',(-0.887585789004557,0.460642450450626,-5.93103744861192E-19));
#8501=DIRECTION('',(0.629339356451911,-0.326616792328499,0.705161999394278));
#8502=DIRECTION('center_axis',(-0.658227140094858,0.258335115775115,0.707106781186549));
#8503=DIRECTION('ref_axis',(0.658227140094861,-0.258335115775116,0.707106781186546));
#8504=DIRECTION('',(-0.683494231103284,0.188632422077421,-0.705161999394278));
#8505=DIRECTION('center_axis',(-0.266036845566676,-0.963962860695853,-9.5477315043627E-19));
#8506=DIRECTION('ref_axis',(0.963962860695853,-0.266036845566676,8.09297333369647E-19));
#8507=DIRECTION('center_axis',(0.26605496179669,0.963957860719319,-7.79715402212807E-6));
#8508=DIRECTION('ref_axis',(-0.680930002286234,0.187944237108727,0.707821514030259));
#8509=DIRECTION('center_axis',(0.,-1.11093197257797E-18,1.));
#8510=DIRECTION('ref_axis',(0.974927912181821,-0.222520933956325,0.));
#8511=DIRECTION('center_axis',(-0.32319093312486,-0.946333778684083,-8.20900026858553E-6));
#8512=DIRECTION('ref_axis',(-0.946333770519027,0.323190929170024,0.000134452433938539));
#8513=DIRECTION('center_axis',(0.323209657454453,0.946327383799166,1.16742935907703E-18));
#8514=DIRECTION('ref_axis',(-0.946327383799166,0.323209657454453,-7.4578222868133E-19));
#8515=CARTESIAN_POINT('',(0.,0.,0.));
#8516=CARTESIAN_POINT('Origin',(0.,0.,0.25));
#8517=CARTESIAN_POINT('',(2.50378485368381E-15,0.1565,-0.749999999999999));
#8518=CARTESIAN_POINT('',(8.55134578894206E-15,0.1565,-0.756944444444445));
#8519=CARTESIAN_POINT('',(-1.91657224066561E-17,0.1565,0.25));
#8520=CARTESIAN_POINT('',(-0.110662211255692,0.110662211255697,-0.798611111111111));
#8521=CARTESIAN_POINT('Ctrl Pts',(5.02673542977428E-15,0.1565,-0.749999999999999));
#8522=CARTESIAN_POINT('Ctrl Pts',(0.00220279810110936,0.1565,-0.750117989551181));
#8523=CARTESIAN_POINT('Ctrl Pts',(0.00440723050102391,0.156453492565574,
-0.750237098488696));
#8524=CARTESIAN_POINT('Ctrl Pts',(0.0274520544602651,0.15547901989475,-0.751493080011942));
#8525=CARTESIAN_POINT('Ctrl Pts',(0.0479052085003769,0.150440256774696,
-0.752700415941055));
#8526=CARTESIAN_POINT('Ctrl Pts',(0.0849318710069119,0.132974464393495,
-0.755071201865218));
#8527=CARTESIAN_POINT('Ctrl Pts',(0.101276151598127,0.120989994364717,-0.756183006440615));
#8528=CARTESIAN_POINT('Ctrl Pts',(0.129073388383151,0.0909267510100169,
-0.758410028241752));
#8529=CARTESIAN_POINT('Ctrl Pts',(0.140031506646151,0.0729289134966733,
-0.759617179947492));
#8530=CARTESIAN_POINT('Ctrl Pts',(0.153981866979303,0.034429059704787,-0.761988879217702));
#8531=CARTESIAN_POINT('Ctrl Pts',(0.157124523060259,0.0144032710756758,
-0.763103543321049));
#8532=CARTESIAN_POINT('Ctrl Pts',(0.155641691010029,-0.026524218402436,
-0.765328661625588));
#8533=CARTESIAN_POINT('Ctrl Pts',(0.150721167783853,-0.0470194881419144,
-0.76653563006266));
#8534=CARTESIAN_POINT('Ctrl Pts',(0.133462376098416,-0.0841647928311838,
-0.768908178208843));
#8535=CARTESIAN_POINT('Ctrl Pts',(0.121567666934089,-0.100583313899878,
-0.77002558137295));
#8536=CARTESIAN_POINT('Ctrl Pts',(0.0916491959338386,-0.128563353965967,
-0.772248904467562));
#8537=CARTESIAN_POINT('Ctrl Pts',(0.0737022053052747,-0.139627811218151,
-0.77345569195051));
#8538=CARTESIAN_POINT('Ctrl Pts',(0.0352613211545992,-0.153794334407082,
-0.775829028546514));
#8539=CARTESIAN_POINT('Ctrl Pts',(0.0152458207414521,-0.15704583374594,
-0.776949048168499));
#8540=CARTESIAN_POINT('Ctrl Pts',(-0.0257066054052635,-0.155780318468486,
-0.779170680620863));
#8541=CARTESIAN_POINT('Ctrl Pts',(-0.0462384069834003,-0.150964147443964,
-0.780377290597221));
#8542=CARTESIAN_POINT('Ctrl Pts',(-0.0834877415870758,-0.133887980980921,
-0.782751359093241));
#8543=CARTESIAN_POINT('Ctrl Pts',(-0.0999716060458684,-0.122072241253592,
-0.783873871707983));
#8544=CARTESIAN_POINT('Ctrl Pts',(-0.128112001712563,-0.0922814396298428,
-0.786093914150757));
#8545=CARTESIAN_POINT('Ctrl Pts',(-0.139269690273823,-0.0743796128949319,
-0.787300350995271));
#8546=CARTESIAN_POINT('Ctrl Pts',(-0.153626079696434,-0.0359910322675196,
-0.789675098541721));
#8547=CARTESIAN_POINT('Ctrl Pts',(-0.156973150147761,-0.0159845466926056,
-0.790799980929149));
#8548=CARTESIAN_POINT('Ctrl Pts',(-0.155898308980743,0.0249892924818243,
-0.793018529904221));
#8549=CARTESIAN_POINT('Ctrl Pts',(-0.151173811285907,0.0455526973838264,
-0.794224798734045));
#8550=CARTESIAN_POINT('Ctrl Pts',(-0.134781098088621,0.0817382934208373,
-0.796526726092768));
#8551=CARTESIAN_POINT('Ctrl Pts',(-0.123975580560271,0.0973488419511225,
-0.797602620561755));
#8552=CARTESIAN_POINT('Ctrl Pts',(-0.110662211255677,0.110662211255712,
-0.798611111111112));
#8553=CARTESIAN_POINT('',(-0.1565,-5.25385091643929E-15,-0.798611111111111));
#8554=CARTESIAN_POINT('Origin',(0.,1.16493561013384E-18,-0.798611111111111));
#8555=CARTESIAN_POINT('Ctrl Pts',(-0.1565,1.47629065577617E-14,-0.798611111111112));
#8556=CARTESIAN_POINT('Ctrl Pts',(-0.156500000000002,-0.018415816479937,
-0.797624695733315));
#8557=CARTESIAN_POINT('Ctrl Pts',(-0.153249452623129,-0.0366924285072472,
-0.796573617635882));
#8558=CARTESIAN_POINT('Ctrl Pts',(-0.140494294576797,-0.0713983980667244,
-0.794431649663479));
#8559=CARTESIAN_POINT('Ctrl Pts',(-0.131049328629917,-0.0875360269369181,
-0.793357709114361));
#8560=CARTESIAN_POINT('Ctrl Pts',(-0.10597552882029,-0.116891132967352,
-0.791229041761832));
#8561=CARTESIAN_POINT('Ctrl Pts',(-0.0901420851603,-0.12949449992725,-0.790149710343612));
#8562=CARTESIAN_POINT('Ctrl Pts',(-0.053944106077463,-0.148370001598746,
-0.787792034764455));
#8563=CARTESIAN_POINT('Ctrl Pts',(-0.033797936678282,-0.154212323007398,
-0.786583313678148));
#8564=CARTESIAN_POINT('Ctrl Pts',(0.00688238328234788,-0.157629099950041,
-0.78432852673474));
#8565=CARTESIAN_POINT('Ctrl Pts',(0.0270005881417247,-0.155452014882832,
-0.783252725168597));
#8566=CARTESIAN_POINT('Ctrl Pts',(0.0659958317794362,-0.143414449713634,
-0.780896929747328));
#8567=CARTESIAN_POINT('Ctrl Pts',(0.0844168307594001,-0.133405637709755,
-0.77968817403261));
#8568=CARTESIAN_POINT('Ctrl Pts',(0.11573437063984,-0.10723725381831,-0.777430106642413));
#8569=CARTESIAN_POINT('Ctrl Pts',(0.12850729739498,-0.0915434196110832,
-0.77635778460632));
#8570=CARTESIAN_POINT('Ctrl Pts',(0.147763440971215,-0.0555754497126056,
-0.774003983924829));
#8571=CARTESIAN_POINT('Ctrl Pts',(0.153822053266128,-0.0355182519370792,
-0.772795229682998));
#8572=CARTESIAN_POINT('Ctrl Pts',(0.157696842244126,0.00509678479496993,
-0.770533777750695));
#8573=CARTESIAN_POINT('Ctrl Pts',(0.155747866480342,0.0252371510506529,
-0.769464856099977));
#8574=CARTESIAN_POINT('Ctrl Pts',(0.144160467589564,0.0643421839945952,
-0.767113167695178));
#8575=CARTESIAN_POINT('Ctrl Pts',(0.134377028865343,0.082855718107852,-0.765904455770526));
#8576=CARTESIAN_POINT('Ctrl Pts',(0.108594977692201,0.114461472910508,-0.763639522040788));
#8577=CARTESIAN_POINT('Ctrl Pts',(0.0930527086978906,0.127418692071188,
-0.762573891091648));
#8578=CARTESIAN_POINT('Ctrl Pts',(0.0573360414920614,0.147085719823306,
-0.760224434885507));
#8579=CARTESIAN_POINT('Ctrl Pts',(0.037377809778972,0.153377385039718,-0.759015810930521));
#8580=CARTESIAN_POINT('Ctrl Pts',(0.0111922705206186,0.156200175037293,
-0.75755059363346));
#8581=CARTESIAN_POINT('Ctrl Pts',(0.00559317461004807,0.1565,-0.757244034389427));
#8582=CARTESIAN_POINT('Ctrl Pts',(1.71148372966123E-14,0.1565,-0.756944444444445));
#8583=CARTESIAN_POINT('Origin',(0.,0.,0.25));
#8584=CARTESIAN_POINT('',(8.12894116795498E-15,0.1565,-0.694444444444444));
#8585=CARTESIAN_POINT('',(5.83228153421817E-16,0.1565,-0.701388888888888));
#8586=CARTESIAN_POINT('',(-1.91657224066561E-17,0.1565,0.25));
#8587=CARTESIAN_POINT('Ctrl Pts',(1.62770480583166E-14,0.1565,-0.694444444444444));
#8588=CARTESIAN_POINT('Ctrl Pts',(0.00390184914449629,0.1565,-0.694653441096976));
#8589=CARTESIAN_POINT('Ctrl Pts',(0.00780771615905827,0.156354083270906,
-0.694865890374765));
#8590=CARTESIAN_POINT('Ctrl Pts',(0.0324420497004608,0.154505731401741,
-0.696226400092658));
#8591=CARTESIAN_POINT('Ctrl Pts',(0.052656604345923,0.148834347857843,-0.697434991580195));
#8592=CARTESIAN_POINT('Ctrl Pts',(0.0890342252371503,0.130259259314796,
-0.699795624218319));
#8593=CARTESIAN_POINT('Ctrl Pts',(0.104977330210584,0.117788949382122,-0.700881027048157));
#8594=CARTESIAN_POINT('Ctrl Pts',(0.131775621823291,0.0869489202548358,
-0.703127492884947));
#8595=CARTESIAN_POINT('Ctrl Pts',(0.142151816988248,0.0686852128453652,
-0.704335974543008));
#8596=CARTESIAN_POINT('Ctrl Pts',(0.154926256254869,0.0298752353205795,
-0.706698195286759));
#8597=CARTESIAN_POINT('Ctrl Pts',(0.157475931157142,0.00979295088609068,
-0.70778713600457));
#8598=CARTESIAN_POINT('Ctrl Pts',(0.154806510364969,-0.0309883092623336,
-0.710030748272345));
#8599=CARTESIAN_POINT('Ctrl Pts',(0.149318856479626,-0.0512744911911221,
-0.711239100007937));
#8600=CARTESIAN_POINT('Ctrl Pts',(0.131066304116247,-0.0878431389331045,
-0.713602808689596));
#8601=CARTESIAN_POINT('Ctrl Pts',(0.118738125263884,-0.103903485633454,
-0.714695249672759));
#8602=CARTESIAN_POINT('Ctrl Pts',(0.0881240998033418,-0.130995633610496,
-0.716936129674595));
#8603=CARTESIAN_POINT('Ctrl Pts',(0.0699365040477111,-0.141543128107495,
-0.718144335097855));
#8604=CARTESIAN_POINT('Ctrl Pts',(0.0312156519083943,-0.154662549448287,
-0.72050943599691));
#8605=CARTESIAN_POINT('Ctrl Pts',(0.0111500411598684,-0.157386366829476,
-0.721605321542894));
#8606=CARTESIAN_POINT('Ctrl Pts',(-0.0296759902207347,-0.155065828697278,
-0.72384359135096));
#8607=CARTESIAN_POINT('Ctrl Pts',(-0.0500253337957301,-0.149744435308511,
-0.725051637469013));
#8608=CARTESIAN_POINT('Ctrl Pts',(-0.0867650434250232,-0.131783472096179,
-0.727418039414279));
#8609=CARTESIAN_POINT('Ctrl Pts',(-0.102930954646529,-0.119583162180674,
-0.728517298160243));
#8610=CARTESIAN_POINT('Ctrl Pts',(-0.130286343520582,-0.0891733589142214,
-0.730753079761881));
#8611=CARTESIAN_POINT('Ctrl Pts',(-0.140987217432409,-0.0710554282889724,
-0.73196095666438));
#8612=CARTESIAN_POINT('Ctrl Pts',(-0.154416340639819,-0.0324158956370528,
-0.734328573077662));
#8613=CARTESIAN_POINT('Ctrl Pts',(-0.157296356370026,-0.0123651807955336,
-0.735431120350821));
#8614=CARTESIAN_POINT('Ctrl Pts',(-0.155288475807374,0.0284997122518227,
-0.737664534878299));
#8615=CARTESIAN_POINT('Ctrl Pts',(-0.150116433353171,0.0489044673357911,
-0.738872235422203));
#8616=CARTESIAN_POINT('Ctrl Pts',(-0.132417206306774,0.0857964077486277,
-0.741240984311387));
#8617=CARTESIAN_POINT('Ctrl Pts',(-0.120331184844863,0.102056739415286,
-0.742346724374033));
#8618=CARTESIAN_POINT('Ctrl Pts',(-0.0901046066599794,0.129646485529312,
-0.744577891420361));
#8619=CARTESIAN_POINT('Ctrl Pts',(-0.072049879660479,0.14048383764178,-0.745785410920263));
#8620=CARTESIAN_POINT('Ctrl Pts',(-0.0355635939963358,0.153450147745351,
-0.748027423606511));
#8621=CARTESIAN_POINT('Ctrl Pts',(-0.0178389691072752,0.1565,-0.749044482579926));
#8622=CARTESIAN_POINT('Ctrl Pts',(5.02660030834224E-15,0.1565,-0.749999999999999));
#8623=CARTESIAN_POINT('Ctrl Pts',(1.7104100288332E-14,0.1565,-0.756944444444445));
#8624=CARTESIAN_POINT('Ctrl Pts',(-0.0143867434768459,0.1565,-0.756173840272893));
#8625=CARTESIAN_POINT('Ctrl Pts',(-0.0287295847649323,0.154516537116348,
-0.755361581113229));
#8626=CARTESIAN_POINT('Ctrl Pts',(-0.0625487771618275,0.144943909861573,
-0.753337721949938));
#8627=CARTESIAN_POINT('Ctrl Pts',(-0.0811591444360573,0.13540445072086,
-0.752129236410913));
#8628=CARTESIAN_POINT('Ctrl Pts',(-0.113072989242078,0.110040671310997,
-0.749857080385709));
#8629=CARTESIAN_POINT('Ctrl Pts',(-0.126228684826833,0.0946614308635804,
-0.748797573335943));
#8630=CARTESIAN_POINT('Ctrl Pts',(-0.146334859634077,0.0592168429272804,
-0.746452947410406));
#8631=CARTESIAN_POINT('Ctrl Pts',(-0.15287505980898,0.039367755425173,-0.745244655423736));
#8632=CARTESIAN_POINT('Ctrl Pts',(-0.157776396106809,-0.00109138396417862,
-0.742968778175476));
#8633=CARTESIAN_POINT('Ctrl Pts',(-0.15633833891581,-0.0212818562946672,
-0.741912038356778));
#8634=CARTESIAN_POINT('Ctrl Pts',(-0.145756031983657,-0.0606228348190586,
-0.739570011580891));
#8635=CARTESIAN_POINT('Ctrl Pts',(-0.1364780804287,-0.0793331818823243,
-0.738361972772057));
#8636=CARTESIAN_POINT('Ctrl Pts',(-0.111562791914056,-0.111572842441084,
-0.736082315461933));
#8637=CARTESIAN_POINT('Ctrl Pts',(-0.0963571890274285,-0.124940203319239,
-0.735028102353188));
#8638=CARTESIAN_POINT('Ctrl Pts',(-0.0612042944906339,-0.145510797006783,
-0.732688796610489));
#8639=CARTESIAN_POINT('Ctrl Pts',(-0.0414744349845324,-0.152313140487573,
-0.731481074790198));
#8640=CARTESIAN_POINT('Ctrl Pts',(-0.00110650282618852,-0.157777530007171,
-0.729197590613298));
#8641=CARTESIAN_POINT('Ctrl Pts',(0.0191117134199335,-0.156619662129927,
-0.728145631531578));
#8642=CARTESIAN_POINT('Ctrl Pts',(0.0585762732383901,-0.146586402596576,
-0.72580916687325));
#8643=CARTESIAN_POINT('Ctrl Pts',(0.077388394412267,-0.13758577635849,-0.724601829628108));
#8644=CARTESIAN_POINT('Ctrl Pts',(0.109968726709222,-0.113146439624884,
-0.722314484561736));
#8645=CARTESIAN_POINT('Ctrl Pts',(0.123559483432345,-0.0981238594138278,
-0.721264476143878));
#8646=CARTESIAN_POINT('Ctrl Pts',(0.144615784715592,-0.0632804216043907,
-0.718930969722985));
#8647=CARTESIAN_POINT('Ctrl Pts',(0.151691433503519,-0.0436794511657068,
-0.717724087901529));
#8648=CARTESIAN_POINT('Ctrl Pts',(0.157746353366743,-0.00341157799989472,
-0.715432861299912));
#8649=CARTESIAN_POINT('Ctrl Pts',(0.156882441699848,0.0168359319428284,
-0.714384471655756));
#8650=CARTESIAN_POINT('Ctrl Pts',(0.147423353231434,0.0564257515724959,
-0.712054036619586));
#8651=CARTESIAN_POINT('Ctrl Pts',(0.138713529044178,0.075339949757079,-0.710847683718319));
#8652=CARTESIAN_POINT('Ctrl Pts',(0.114773804846445,0.108272288307839,-0.708552568734124));
#8653=CARTESIAN_POINT('Ctrl Pts',(0.099942055760785,0.122096263071246,-0.707505440259981));
#8654=CARTESIAN_POINT('Ctrl Pts',(0.0654233001261064,0.143654681248227,
-0.705178184620416));
#8655=CARTESIAN_POINT('Ctrl Pts',(0.0459600955455457,0.151011847068317,
-0.7039724360784));
#8656=CARTESIAN_POINT('Ctrl Pts',(0.0171406049043145,0.155796422353147,
-0.702322609568559));
#8657=CARTESIAN_POINT('Ctrl Pts',(0.00856828926681071,0.1565,-0.701847836354149));
#8658=CARTESIAN_POINT('Ctrl Pts',(1.19928126921861E-15,0.1565,-0.701388888888888));
#8659=CARTESIAN_POINT('Origin',(0.,0.,0.25));
#8660=CARTESIAN_POINT('',(6.50041090769861E-15,0.1565,-0.638888888888888));
#8661=CARTESIAN_POINT('',(-1.37960463002596E-15,0.1565,-0.645833333333332));
#8662=CARTESIAN_POINT('',(-1.91657224066561E-17,0.1565,0.25));
#8663=CARTESIAN_POINT('Ctrl Pts',(1.29339343260035E-14,0.1565,-0.638888888888888));
#8664=CARTESIAN_POINT('Ctrl Pts',(0.00638238125757936,0.1565,-0.639230751495212));
#8665=CARTESIAN_POINT('Ctrl Pts',(0.0127710316815936,0.156109600346903,
-0.639581611589107));
#8666=CARTESIAN_POINT('Ctrl Pts',(0.0396679789890588,0.152796881133633,
-0.641095804307189));
#8667=CARTESIAN_POINT('Ctrl Pts',(0.0595003074111222,0.146219261716324,
-0.642304028829448));
#8668=CARTESIAN_POINT('Ctrl Pts',(0.0949035580755064,0.126046874763408,
-0.644647909617054));
#8669=CARTESIAN_POINT('Ctrl Pts',(0.110258121659315,0.112861114864663,-0.645706586960606));
#8670=CARTESIAN_POINT('Ctrl Pts',(0.135558348981378,0.0809008167832737,
-0.647979821172703));
#8671=CARTESIAN_POINT('Ctrl Pts',(0.145060744072799,0.0622760404894416,
-0.649188256179274));
#8672=CARTESIAN_POINT('Ctrl Pts',(0.156088590563343,0.02303809493898,-0.651534649212601));
#8673=CARTESIAN_POINT('Ctrl Pts',(0.157753426292975,0.00286994206656874,
-0.652596244245798));
#8674=CARTESIAN_POINT('Ctrl Pts',(0.15330781017123,-0.0376600509818141,
-0.654865805725698));
#8675=CARTESIAN_POINT('Ctrl Pts',(0.146980840226767,-0.0576030067893049,
-0.656074394746126));
#8676=CARTESIAN_POINT('Ctrl Pts',(0.127251494765822,-0.0932812844719533,
-0.658423177301249));
#8677=CARTESIAN_POINT('Ctrl Pts',(0.11426620684579,-0.108800485157906,-0.659487874043082));
#8678=CARTESIAN_POINT('Ctrl Pts',(0.0826167341185711,-0.13452352079871,
-0.661753840096082));
#8679=CARTESIAN_POINT('Ctrl Pts',(0.0640893266979773,-0.144272532550175,
-0.662962531301751));
#8680=CARTESIAN_POINT('Ctrl Pts',(0.0249677760084955,-0.155791283196573,
-0.665313581375011));
#8681=CARTESIAN_POINT('Ctrl Pts',(0.0048240152466551,-0.157705436907943,
-0.666381530885215));
#8682=CARTESIAN_POINT('Ctrl Pts',(-0.0357808217315153,-0.153760707195119,
-0.66864398823886));
#8683=CARTESIAN_POINT('Ctrl Pts',(-0.0558242218887932,-0.147669140858035,
-0.669852734574342));
#8684=CARTESIAN_POINT('Ctrl Pts',(-0.0917568778404175,-0.128354946716285,
-0.672205931669485));
#8685=CARTESIAN_POINT('Ctrl Pts',(-0.107429353870708,-0.115556063333594,
-0.673277252807869));
#8686=CARTESIAN_POINT('Ctrl Pts',(-0.133543446855232,-0.084197808296647,
-0.675536296506552));
#8687=CARTESIAN_POINT('Ctrl Pts',(-0.143520587959781,-0.0657636253113954,
-0.676745055729103));
#8688=CARTESIAN_POINT('Ctrl Pts',(-0.155494810513759,-0.0267527784061471,
-0.679100281550729));
#8689=CARTESIAN_POINT('Ctrl Pts',(-0.157639822578944,-0.0066314654344474,
-0.68017506220338));
#8690=CARTESIAN_POINT('Ctrl Pts',(-0.154158665158608,0.0340398358583886,
-0.682430794467333));
#8691=CARTESIAN_POINT('Ctrl Pts',(-0.148285890432079,0.0541736440541741,
-0.683639529103804));
#8692=CARTESIAN_POINT('Ctrl Pts',(-0.129356832066142,0.0903394225584468,
-0.685996668155204));
#8693=CARTESIAN_POINT('Ctrl Pts',(-0.116729674112102,0.106153268313673,
-0.687074966851722));
#8694=CARTESIAN_POINT('Ctrl Pts',(-0.0856415066522142,0.132625783174255,
-0.689327495924573));
#8695=CARTESIAN_POINT('Ctrl Pts',(-0.0672954552998537,0.142811997375501,
-0.690536173156383));
#8696=CARTESIAN_POINT('Ctrl Pts',(-0.0321172618182132,0.154017235675632,
-0.692669047448699));
#8697=CARTESIAN_POINT('Ctrl Pts',(-0.016095754378382,0.1565,-0.69358229968679));
#8698=CARTESIAN_POINT('Ctrl Pts',(1.63446465460933E-14,0.1565,-0.694444444444444));
#8699=CARTESIAN_POINT('Ctrl Pts',(1.18835387724395E-15,0.1565,-0.701388888888888));
#8700=CARTESIAN_POINT('Ctrl Pts',(-0.0114437134408352,0.1565,-0.700775923673393));
#8701=CARTESIAN_POINT('Ctrl Pts',(-0.0228772415506743,0.155245021443849,
-0.700135660157581));
#8702=CARTESIAN_POINT('Ctrl Pts',(-0.0541923614408159,0.148254585418005,
-0.698303218216421));
#8703=CARTESIAN_POINT('Ctrl Pts',(-0.0732073897972167,0.139846118550802,
-0.69709815063091));
#8704=CARTESIAN_POINT('Ctrl Pts',(-0.106499022458676,0.116424898056927,
-0.694795294498972));
#8705=CARTESIAN_POINT('Ctrl Pts',(-0.120563725455465,0.10178990205803,-0.693749530453621));
#8706=CARTESIAN_POINT('Ctrl Pts',(-0.142635066359117,0.0676078821337904,
-0.691428931478779));
#8707=CARTESIAN_POINT('Ctrl Pts',(-0.150278622245395,0.0482901661804359,
-0.690224621758001));
#8708=CARTESIAN_POINT('Ctrl Pts',(-0.157573166262574,0.00824723848051479,
-0.687917940821999));
#8709=CARTESIAN_POINT('Ctrl Pts',(-0.157327102109779,-0.0120623717782727,
-0.686872247971429));
#8710=CARTESIAN_POINT('Ctrl Pts',(-0.149067876862384,-0.0519009336064486,
-0.684555110468801));
#8711=CARTESIAN_POINT('Ctrl Pts',(-0.140967921804134,-0.0710140289202734,
-0.683351634941117));
#8712=CARTESIAN_POINT('Ctrl Pts',(-0.118078509183304,-0.104667848842103,
-0.681041177870168));
#8713=CARTESIAN_POINT('Ctrl Pts',(-0.103644059521586,-0.118978154112706,
-0.679995135339982));
#8714=CARTESIAN_POINT('Ctrl Pts',(-0.0698071294085672,-0.14156713463223,
-0.67768153585233));
#8715=CARTESIAN_POINT('Ctrl Pts',(-0.0506411236473001,-0.149498380825682,
-0.676478969353421));
#8716=CARTESIAN_POINT('Ctrl Pts',(-0.0107213733455323,-0.157427985124141,
-0.674164796321749));
#8717=CARTESIAN_POINT('Ctrl Pts',(0.00962027940237062,-0.157499108349759,
-0.673117982324784));
#8718=CARTESIAN_POINT('Ctrl Pts',(0.049578995299631,-0.149851805135702,
-0.670807985495972));
#8719=CARTESIAN_POINT('Ctrl Pts',(0.0687859981362676,-0.142063784990013,
-0.669606400767395));
#8720=CARTESIAN_POINT('Ctrl Pts',(0.10280043995415,-0.119713257744101,-0.667288583630387));
#8721=CARTESIAN_POINT('Ctrl Pts',(0.117358252780398,-0.105480978347352,
-0.666240578534747));
#8722=CARTESIAN_POINT('Ctrl Pts',(0.140463350297493,-0.071993346588052,
-0.663934237740414));
#8723=CARTESIAN_POINT('Ctrl Pts',(0.148679954422658,-0.0529834891658953,
-0.662733703933782));
#8724=CARTESIAN_POINT('Ctrl Pts',(0.157244651885473,-0.0131923238297609,
-0.660412327725051));
#8725=CARTESIAN_POINT('Ctrl Pts',(0.157633590929503,0.00718134336958666,
-0.659362715086318));
#8726=CARTESIAN_POINT('Ctrl Pts',(0.150596401912555,0.0472554538910339,
-0.657060073753831));
#8727=CARTESIAN_POINT('Ctrl Pts',(0.143119853311776,0.0665510185919906,
-0.65586065587587));
#8728=CARTESIAN_POINT('Ctrl Pts',(0.121308824671763,0.100920041881884,-0.653535815824574));
#8729=CARTESIAN_POINT('Ctrl Pts',(0.107277935109101,0.115724387004751,-0.65248419104719));
#8730=CARTESIAN_POINT('Ctrl Pts',(0.0741395976020902,0.139337864850971,
-0.650185280377814));
#8731=CARTESIAN_POINT('Ctrl Pts',(0.0552883149021673,0.147833998814416,
-0.648987038535301));
#8732=CARTESIAN_POINT('Ctrl Pts',(0.0237233614309206,0.155150169108066,
-0.647133987659822));
#8733=CARTESIAN_POINT('Ctrl Pts',(0.0118683247569399,0.1565,-0.646469042212256));
#8734=CARTESIAN_POINT('Ctrl Pts',(-2.84658560939816E-15,0.1565,-0.645833333333332));
#8735=CARTESIAN_POINT('Origin',(0.,0.,0.25));
#8736=CARTESIAN_POINT('',(1.8164649835317E-16,0.1565,-0.583333333333331));
#8737=CARTESIAN_POINT('',(-8.89765030859001E-15,0.1565,-0.590277777777775));
#8738=CARTESIAN_POINT('',(-1.91657224066561E-17,0.1565,0.25));
#8739=CARTESIAN_POINT('Ctrl Pts',(-3.55140239176354E-17,0.1565,-0.583333333333331));
#8740=CARTESIAN_POINT('Ctrl Pts',(0.00950563691936632,0.1565,-0.583842488408982));
#8741=CARTESIAN_POINT('Ctrl Pts',(0.0190123791484619,0.155634077868143,
-0.584370914663759));
#8742=CARTESIAN_POINT('Ctrl Pts',(0.0486322789087615,0.150167621359003,
-0.586078742588559));
#8743=CARTESIAN_POINT('Ctrl Pts',(0.0679282266157159,0.142482121254535,
-0.587282816930888));
#8744=CARTESIAN_POINT('Ctrl Pts',(0.102060366970845,0.120335465312806,-0.589602415175916));
#8745=CARTESIAN_POINT('Ctrl Pts',(0.116666311059814,0.106235196612897,-0.590648115428548));
#8746=CARTESIAN_POINT('Ctrl Pts',(0.140010692918307,0.0728908382196976,
-0.592952090937067));
#8747=CARTESIAN_POINT('Ctrl Pts',(0.148374545416902,0.0538613070309179,
-0.594156945498217));
#8748=CARTESIAN_POINT('Ctrl Pts',(0.157152332020679,0.014128095680277,-0.596479945239145));
#8749=CARTESIAN_POINT('Ctrl Pts',(0.157666049545437,-0.00615453446143529,
-0.597526009740445));
#8750=CARTESIAN_POINT('Ctrl Pts',(0.15090816793168,-0.0462973478885055,
-0.599826134124125));
#8751=CARTESIAN_POINT('Ctrl Pts',(0.143509473251089,-0.0657397923582715,
-0.601031692071524));
#8752=CARTESIAN_POINT('Ctrl Pts',(0.12187681483484,-0.100210127374218,-0.603358001281484));
#8753=CARTESIAN_POINT('Ctrl Pts',(0.10801815547282,-0.115013514779794,-0.604404832686694));
#8754=CARTESIAN_POINT('Ctrl Pts',(0.0750337922572789,-0.138878704528219,
-0.606701080618218));
#8755=CARTESIAN_POINT('Ctrl Pts',(0.0561047808488368,-0.14754517876736,
-0.607907265174122));
#8756=CARTESIAN_POINT('Ctrl Pts',(0.0164966618521545,-0.15691879963791,
-0.610236784142272));
#8757=CARTESIAN_POINT('Ctrl Pts',(-0.00375523267771451,-0.157738866090335,
-0.611284768094826));
#8758=CARTESIAN_POINT('Ctrl Pts',(-0.0440077971575065,-0.151595894737696,
-0.613577128283858));
#8759=CARTESIAN_POINT('Ctrl Pts',(-0.0635892137993065,-0.144479642763813,
-0.614783863587394));
#8760=CARTESIAN_POINT('Ctrl Pts',(-0.0983861995762157,-0.123351039818875,
-0.617116486012342));
#8761=CARTESIAN_POINT('Ctrl Pts',(-0.113381405464781,-0.109726845997348,
-0.618165986991957));
#8762=CARTESIAN_POINT('Ctrl Pts',(-0.137749280100598,-0.077095813833149,
-0.620454462210293));
#8763=CARTESIAN_POINT('Ctrl Pts',(-0.146708289753505,-0.0582687944101669,
-0.621661674121966));
#8764=CARTESIAN_POINT('Ctrl Pts',(-0.156659286707185,-0.0187860394849527,
-0.623997288236583));
#8765=CARTESIAN_POINT('Ctrl Pts',(-0.157775100515094,0.00143635625533168,
-0.625048645949522));
#8766=CARTESIAN_POINT('Ctrl Pts',(-0.152226211708535,0.0417902483761406,
-0.627333252855343));
#8767=CARTESIAN_POINT('Ctrl Pts',(-0.145384656534084,0.0615019057870836,
-0.628540869686919));
#8768=CARTESIAN_POINT('Ctrl Pts',(-0.124744476554511,0.0966107417454445,
-0.630879359390269));
#8769=CARTESIAN_POINT('Ctrl Pts',(-0.111345239519272,0.111790214734055,
-0.631932885769011));
#8770=CARTESIAN_POINT('Ctrl Pts',(-0.0790567648100463,0.136637751182484,
-0.634213654538974));
#8771=CARTESIAN_POINT('Ctrl Pts',(-0.0603316588646727,0.145876211108426,
-0.635421607695172));
#8772=CARTESIAN_POINT('Ctrl Pts',(-0.0271637706686908,0.154728008653877,
-0.637394587883836));
#8773=CARTESIAN_POINT('Ctrl Pts',(-0.0135982296533436,0.1565,-0.638160520268604));
#8774=CARTESIAN_POINT('Ctrl Pts',(1.28915906821017E-14,0.1565,-0.638888888888888));
#8775=CARTESIAN_POINT('Ctrl Pts',(-2.89302702529045E-15,0.1565,-0.645833333333332));
#8776=CARTESIAN_POINT('Ctrl Pts',(-0.00827119055150984,0.1565,-0.645390299511748));
#8777=CARTESIAN_POINT('Ctrl Pts',(-0.0165472663057769,0.155844364290259,
-0.644932457613476));
#8778=CARTESIAN_POINT('Ctrl Pts',(-0.0449591501265538,0.151293655794908,
-0.643309652684739));
#8779=CARTESIAN_POINT('Ctrl Pts',(-0.0643370152625325,0.14412426817299,
-0.642112641404054));
#8780=CARTESIAN_POINT('Ctrl Pts',(-0.0990504270304739,0.1228468716891,-0.639781194253488));
#8781=CARTESIAN_POINT('Ctrl Pts',(-0.114097469391163,0.109014270482746,
-0.638724402309647));
#8782=CARTESIAN_POINT('Ctrl Pts',(-0.138205783344094,0.0762210086274081,
-0.636432996304177));
#8783=CARTESIAN_POINT('Ctrl Pts',(-0.146972417739838,0.0575286216984244,
-0.635237263955206));
#8784=CARTESIAN_POINT('Ctrl Pts',(-0.156777082331577,0.0180046331324583,
-0.632902687858588));
#8785=CARTESIAN_POINT('Ctrl Pts',(-0.157788809165414,-0.00243173333699792,
-0.631842786775894));
#8786=CARTESIAN_POINT('Ctrl Pts',(-0.151937810887203,-0.0427174368189367,
-0.629555129472157));
#8787=CARTESIAN_POINT('Ctrl Pts',(-0.145067658866884,-0.0621707160240501,
-0.628360717808376));
#8788=CARTESIAN_POINT('Ctrl Pts',(-0.124311834970474,-0.0972146906239932,
-0.626023136546061));
#8789=CARTESIAN_POINT('Ctrl Pts',(-0.110672288644198,-0.112497874790657,
-0.624959812420859));
#8790=CARTESIAN_POINT('Ctrl Pts',(-0.0782158686735702,-0.137082332939851,
-0.62267588476226));
#8791=CARTESIAN_POINT('Ctrl Pts',(-0.0596806039062444,-0.146107673398229,
-0.621482828584549));
#8792=CARTESIAN_POINT('Ctrl Pts',(-0.0202916112353116,-0.156503389296225,
-0.619142369847142));
#8793=CARTESIAN_POINT('Ctrl Pts',(0.000174613705715828,-0.157813261340032,
-0.61807533960249));
#8794=CARTESIAN_POINT('Ctrl Pts',(0.0405549155878292,-0.152525446376549,
-0.615795110470879));
#8795=CARTESIAN_POINT('Ctrl Pts',(0.0600763967960569,-0.145943383238811,
-0.614603437418246));
#8796=CARTESIAN_POINT('Ctrl Pts',(0.0954341026944379,-0.125691461220327,
-0.612260231544694));
#8797=CARTESIAN_POINT('Ctrl Pts',(0.110944452087319,-0.112237833113807,
-0.611189244915508));
#8798=CARTESIAN_POINT('Ctrl Pts',(0.136164641426985,-0.0798720789533307,
-0.608896068841879));
#8799=CARTESIAN_POINT('Ctrl Pts',(0.145519657061265,-0.0611907882675125,
-0.60768787659448));
#8800=CARTESIAN_POINT('Ctrl Pts',(0.15625481730595,-0.021884879315481,-0.60534433695306));
#8801=CARTESIAN_POINT('Ctrl Pts',(0.157770733144137,-0.00170208380518993,
-0.604286029618185));
#8802=CARTESIAN_POINT('Ctrl Pts',(0.15302586279132,0.038781680135543,-0.6020123048597));
#8803=CARTESIAN_POINT('Ctrl Pts',(0.146558768260495,0.0586632621179761,
-0.600803894330009));
#8804=CARTESIAN_POINT('Ctrl Pts',(0.12658187811645,0.0941883263183139,-0.598457826218084));
#8805=CARTESIAN_POINT('Ctrl Pts',(0.113484779444665,0.109615676740892,-0.597396627993372));
#8806=CARTESIAN_POINT('Ctrl Pts',(0.0816616384556483,0.135103176994432,
-0.595126585420898));
#8807=CARTESIAN_POINT('Ctrl Pts',(0.0630795516641811,0.14471479665773,-0.593918013677633));
#8808=CARTESIAN_POINT('Ctrl Pts',(0.0291059463316436,0.15446389311636,-0.591881968345383));
#8809=CARTESIAN_POINT('Ctrl Pts',(0.0145764004139307,0.156500000000002,
-0.591058540636533));
#8810=CARTESIAN_POINT('Ctrl Pts',(-1.77324253268747E-14,0.1565,-0.590277777777775));
#8811=CARTESIAN_POINT('Origin',(0.,0.,0.25));
#8812=CARTESIAN_POINT('',(-3.34994999545631E-15,0.1565,-0.527777777777775));
#8813=CARTESIAN_POINT('',(-6.22789932124317E-15,0.1565,-0.534722222222219));
#8814=CARTESIAN_POINT('',(-1.91657224066561E-17,0.1565,0.25));
#8815=CARTESIAN_POINT('Ctrl Pts',(-6.77225117629371E-15,0.1565,-0.527777777777775));
#8816=CARTESIAN_POINT('Ctrl Pts',(0.0126244110212362,0.156500000000001,
-0.528453985274768));
#8817=CARTESIAN_POINT('Ctrl Pts',(0.0252277171757787,0.154972716491857,
-0.529162947738319));
#8818=CARTESIAN_POINT('Ctrl Pts',(0.0575710759871273,0.146982114034751,
-0.531072656159338));
#8819=CARTESIAN_POINT('Ctrl Pts',(0.0764315251352961,0.138117491758071,
-0.532279564537103));
#8820=CARTESIAN_POINT('Ctrl Pts',(0.109177142303317,0.113911738627315,-0.534570580382995));
#8821=CARTESIAN_POINT('Ctrl Pts',(0.122877094217174,0.0989785362842309,
-0.535619048844867));
#8822=CARTESIAN_POINT('Ctrl Pts',(0.144169125014254,0.064286920195375,-0.537949653230282));
#8823=CARTESIAN_POINT('Ctrl Pts',(0.151377073873444,0.0447500536377089,
-0.539156036729328));
#8824=CARTESIAN_POINT('Ctrl Pts',(0.157719213054079,0.00453249163565925,
-0.541450940945062));
#8825=CARTESIAN_POINT('Ctrl Pts',(0.156998340548235,-0.015729336176092,
-0.542498128243146));
#8826=CARTESIAN_POINT('Ctrl Pts',(0.147817905736631,-0.0553784885751024,
-0.54482555893781));
#8827=CARTESIAN_POINT('Ctrl Pts',(0.13924947336767,-0.0743406184213257,
-0.54603134220486));
#8828=CARTESIAN_POINT('Ctrl Pts',(0.115486291952544,-0.107535284067416,
-0.548336591437562));
#8829=CARTESIAN_POINT('Ctrl Pts',(0.100646261064663,-0.121537021911976,
-0.549388876762678));
#8830=CARTESIAN_POINT('Ctrl Pts',(0.0662263066487327,-0.143269741946716,
-0.551714707451397));
#8831=CARTESIAN_POINT('Ctrl Pts',(0.0469183363783165,-0.150701155811218,
-0.552913788423025));
#8832=CARTESIAN_POINT('Ctrl Pts',(0.00682788604177692,-0.157649992991537,
-0.555215344735246));
#8833=CARTESIAN_POINT('Ctrl Pts',(-0.0135504337272917,-0.157214894710212,
-0.556265502888049));
#8834=CARTESIAN_POINT('Ctrl Pts',(-0.0533224866123859,-0.148558075223972,
-0.558587899253084));
#8835=CARTESIAN_POINT('Ctrl Pts',(-0.0723093290972754,-0.140300279054269,
-0.559788114215885));
#8836=CARTESIAN_POINT('Ctrl Pts',(-0.105745941086295,-0.117120445266309,
-0.562093380366303));
#8837=CARTESIAN_POINT('Ctrl Pts',(-0.11994875598843,-0.102526565455043,
-0.563141811571779));
#8838=CARTESIAN_POINT('Ctrl Pts',(-0.142220520124356,-0.0684599535217145,
-0.565460675626835));
#8839=CARTESIAN_POINT('Ctrl Pts',(-0.14996301307649,-0.0492396828655518,
-0.56666196092686));
#8840=CARTESIAN_POINT('Ctrl Pts',(-0.157521088107317,-0.00926381094483556,
-0.568970897011114));
#8841=CARTESIAN_POINT('Ctrl Pts',(-0.157403584580525,0.0110825101825957,
-0.570018014772083));
#8842=CARTESIAN_POINT('Ctrl Pts',(-0.149381214920508,0.0509838231016044,
-0.572333258392636));
#8843=CARTESIAN_POINT('Ctrl Pts',(-0.141408139564474,0.0701272961474191,
-0.573535546012759));
#8844=CARTESIAN_POINT('Ctrl Pts',(-0.118743680363038,0.103913462981659,
-0.575848101066745));
#8845=CARTESIAN_POINT('Ctrl Pts',(-0.104397333491598,0.118318496018439,
-0.576894325470965));
#8846=CARTESIAN_POINT('Ctrl Pts',(-0.0706907440807737,0.141129635920244,
-0.579205872444668));
#8847=CARTESIAN_POINT('Ctrl Pts',(-0.0515636690186004,0.149184239707797,
-0.580409090580344));
#8848=CARTESIAN_POINT('Ctrl Pts',(-0.0210619812135131,0.155436816816589,
-0.582181591589465));
#8849=CARTESIAN_POINT('Ctrl Pts',(-0.0105329415098912,0.1565,-0.582769152239861));
#8850=CARTESIAN_POINT('Ctrl Pts',(-4.09777199049639E-17,0.1565,-0.583333333333331));
#8851=CARTESIAN_POINT('Ctrl Pts',(-1.766549505103E-14,0.1565,-0.590277777777775));
#8852=CARTESIAN_POINT('Ctrl Pts',(-0.00540419498432267,0.156499999999999,
-0.589988310240838));
#8853=CARTESIAN_POINT('Ctrl Pts',(-0.0108141639491763,0.156220092406333,
-0.589692323196983));
#8854=CARTESIAN_POINT('Ctrl Pts',(-0.0368281192338674,0.153511308863878,
-0.588238825965848));
#8855=CARTESIAN_POINT('Ctrl Pts',(-0.0568159089332449,0.147288454105613,
-0.587030145460604));
#8856=CARTESIAN_POINT('Ctrl Pts',(-0.0926071552089449,0.127742828916181,
-0.584679388064383));
#8857=CARTESIAN_POINT('Ctrl Pts',(-0.108194302317168,0.1148402013429,-0.583611875871282));
#8858=CARTESIAN_POINT('Ctrl Pts',(-0.134091002871075,0.0833196112228723,
-0.581348960164953));
#8859=CARTESIAN_POINT('Ctrl Pts',(-0.143941324103947,0.0648332271609248,
-0.580140218588043));
#8860=CARTESIAN_POINT('Ctrl Pts',(-0.15566217548545,0.0257604746045708,
-0.577787298359913));
#8861=CARTESIAN_POINT('Ctrl Pts',(-0.157678817128509,0.00562669584408226,
-0.576716428437756));
#8862=CARTESIAN_POINT('Ctrl Pts',(-0.153939920539089,-0.0350079835692596,
-0.574456939381762));
#8863=CARTESIAN_POINT('Ctrl Pts',(-0.147945394003031,-0.0550918297556695,
-0.573248179611086));
#8864=CARTESIAN_POINT('Ctrl Pts',(-0.128802097697532,-0.0911282691892787,
-0.570893215173613));
#8865=CARTESIAN_POINT('Ctrl Pts',(-0.116079554714324,-0.10686357153527,
-0.569818895628554));
#8866=CARTESIAN_POINT('Ctrl Pts',(-0.0848411577708405,-0.133137222225909,
-0.567562731884802));
#8867=CARTESIAN_POINT('Ctrl Pts',(-0.0664458899765586,-0.143207440482773,
-0.566353992018603));
#8868=CARTESIAN_POINT('Ctrl Pts',(-0.0274810638993191,-0.155367898913588,
-0.56399709926918));
#8869=CARTESIAN_POINT('Ctrl Pts',(-0.00736887981827542,-0.157607188557933,
-0.562919267797182));
#8870=CARTESIAN_POINT('Ctrl Pts',(0.0333287822728477,-0.154315256696571,
-0.560666321852058));
#8871=CARTESIAN_POINT('Ctrl Pts',(0.0534987868020871,-0.148532035589966,
-0.559457635315091));
#8872=CARTESIAN_POINT('Ctrl Pts',(0.0897590866501473,-0.129760438051988,
-0.557098926910607));
#8873=CARTESIAN_POINT('Ctrl Pts',(0.105630510194675,-0.117203166625645,
-0.556017548904551));
#8874=CARTESIAN_POINT('Ctrl Pts',(0.132248371649946,-0.0862253942574086,
-0.55376770821324));
#8875=CARTESIAN_POINT('Ctrl Pts',(0.142519354402701,-0.067915817004311,
-0.552559103925023));
#8876=CARTESIAN_POINT('Ctrl Pts',(0.155082358179537,-0.0290519710133964,
-0.550198688859038));
#8877=CARTESIAN_POINT('Ctrl Pts',(0.15752521616333,-0.00895942337425825,
-0.549113755271219));
#8878=CARTESIAN_POINT('Ctrl Pts',(0.15464165203276,0.0317936177428162,-0.54686690337418));
#8879=CARTESIAN_POINT('Ctrl Pts',(0.149052161789564,0.0520403372629255,
-0.545658405967759));
#8880=CARTESIAN_POINT('Ctrl Pts',(0.130620879405724,0.0885033648668619,
-0.543296389235632));
#8881=CARTESIAN_POINT('Ctrl Pts',(0.118214031335569,0.104498805698298,-0.542207914270827));
#8882=CARTESIAN_POINT('Ctrl Pts',(0.0874747811575078,0.131428466001219,
-0.539963931865343));
#8883=CARTESIAN_POINT('Ctrl Pts',(0.0692448839360927,0.141881249932143,
-0.538755561945137));
#8884=CARTESIAN_POINT('Ctrl Pts',(0.0335235682516635,0.153793070676539,
-0.536577919383556));
#8885=CARTESIAN_POINT('Ctrl Pts',(0.0168065035346336,0.156500000000001,
-0.535622437184267));
#8886=CARTESIAN_POINT('Ctrl Pts',(-1.24353720671597E-14,0.1565,-0.534722222222219));
#8887=CARTESIAN_POINT('Origin',(0.,0.,0.25));
#8888=CARTESIAN_POINT('',(-9.22547206782972E-15,0.1565,-0.472222222222218));
#8889=CARTESIAN_POINT('',(-1.44632476371737E-15,0.1565,-0.479166666666664));
#8890=CARTESIAN_POINT('',(-1.91657224066561E-17,0.1565,0.25));
#8891=CARTESIAN_POINT('Ctrl Pts',(-1.82214261177406E-14,0.1565,-0.472222222222218));
#8892=CARTESIAN_POINT('Ctrl Pts',(0.0153490132586339,0.156500000000002,
-0.473044368920347));
#8893=CARTESIAN_POINT('Ctrl Pts',(0.0306380878363148,0.15424230012226,-0.47391339605647));
#8894=CARTESIAN_POINT('Ctrl Pts',(0.0652315346175264,0.143762091660221,
-0.475998863238988));
#8895=CARTESIAN_POINT('Ctrl Pts',(0.0836956931526469,0.133857493570128,
-0.477207618564764));
#8896=CARTESIAN_POINT('Ctrl Pts',(0.115146943215993,0.107867752994921,-0.479468884428976));
#8897=CARTESIAN_POINT('Ctrl Pts',(0.12800520741467,0.092244124353366,-0.480537987916032));
#8898=CARTESIAN_POINT('Ctrl Pts',(0.147451982714668,0.0563923565134287,
-0.482889793903213));
#8899=CARTESIAN_POINT('Ctrl Pts',(0.153618778902208,0.0363806961333466,
-0.484098509249387));
#8900=CARTESIAN_POINT('Ctrl Pts',(0.157723335836502,-0.00420060218084867,
-0.486363251832435));
#8901=CARTESIAN_POINT('Ctrl Pts',(0.155888747640385,-0.0243521304776716,
-0.48742905786367));
#8902=CARTESIAN_POINT('Ctrl Pts',(0.144526777174101,-0.0635111825773431,
-0.489778638204791));
#8903=CARTESIAN_POINT('Ctrl Pts',(0.13485644659436,-0.0820700376677431,
-0.490987268179966));
#8904=CARTESIAN_POINT('Ctrl Pts',(0.109268292949193,-0.113819122447953,
-0.493255577212503));
#8905=CARTESIAN_POINT('Ctrl Pts',(0.0938017334915662,-0.126868481532876,
-0.494318225602665));
#8906=CARTESIAN_POINT('Ctrl Pts',(0.0582111958633541,-0.146739814456132,
-0.496665458730936));
#8907=CARTESIAN_POINT('Ctrl Pts',(0.0383033074964619,-0.153147180679729,
-0.497873953146918));
#8908=CARTESIAN_POINT('Ctrl Pts',(-0.00220031669947705,-0.15776439018156,
-0.50014590931396));
#8909=CARTESIAN_POINT('Ctrl Pts',(-0.0223768593027882,-0.156184947551168,
-0.501205572631807));
#8910=CARTESIAN_POINT('Ctrl Pts',(-0.0616539186174074,-0.1453249833149,
-0.503550335977648));
#8911=CARTESIAN_POINT('Ctrl Pts',(-0.0803112518532928,-0.135907093694842,
-0.504758639948092));
#8912=CARTESIAN_POINT('Ctrl Pts',(-0.112377121843361,-0.110751779126669,
-0.507034313820729));
#8913=CARTESIAN_POINT('Ctrl Pts',(-0.12563134654083,-0.0954533942949883,
-0.508091197804828));
#8914=CARTESIAN_POINT('Ctrl Pts',(-0.145954212118207,-0.0601443977272903,
-0.51043336864182));
#8915=CARTESIAN_POINT('Ctrl Pts',(-0.152616818149457,-0.0403504529288451,
-0.511641422777791));
#8916=CARTESIAN_POINT('Ctrl Pts',(-0.157780672940842,6.66685098105814E-5,
-0.513920873823245));
#8917=CARTESIAN_POINT('Ctrl Pts',(-0.156473246741993,0.020270053203668,
-0.514975217221605));
#8918=CARTESIAN_POINT('Ctrl Pts',(-0.146147123294262,0.0596691584659918,
-0.517314673596237));
#8919=CARTESIAN_POINT('Ctrl Pts',(-0.136998473631161,0.0784274987559095,
-0.518522414304407));
#8920=CARTESIAN_POINT('Ctrl Pts',(-0.112305044218906,0.110826609581236,
-0.520805690000528));
#8921=CARTESIAN_POINT('Ctrl Pts',(-0.0971849098950131,0.124298256809738,
-0.521857763784236));
#8922=CARTESIAN_POINT('Ctrl Pts',(-0.0621762801479224,0.145096162908462,
-0.52419438551911));
#8923=CARTESIAN_POINT('Ctrl Pts',(-0.0425062062586898,0.152026528544913,
-0.525401745405352));
#8924=CARTESIAN_POINT('Ctrl Pts',(-0.0147358918644949,0.155980150786168,
-0.526976938249759));
#8925=CARTESIAN_POINT('Ctrl Pts',(-0.00736497587167915,0.1565,-0.527383283975948));
#8926=CARTESIAN_POINT('Ctrl Pts',(-6.56872850076572E-15,0.1565,-0.527777777777775));
#8927=CARTESIAN_POINT('Ctrl Pts',(-1.24366329200797E-14,0.1565,-0.534722222222219));
#8928=CARTESIAN_POINT('Ctrl Pts',(-0.0032059864528013,0.1565,-0.534550498403105));
#8929=CARTESIAN_POINT('Ctrl Pts',(-0.00641499518873033,0.156401487412885,
-0.534376427028434));
#8930=CARTESIAN_POINT('Ctrl Pts',(-0.030401745242508,0.154923844246602,
-0.533058828952836));
#8931=CARTESIAN_POINT('Ctrl Pts',(-0.0507163336122308,0.149510456017946,
-0.531850603380754));
#8932=CARTESIAN_POINT('Ctrl Pts',(-0.0873616012595089,0.131388182045299,
-0.529485681120293));
#8933=CARTESIAN_POINT('Ctrl Pts',(-0.103469162345134,0.119117205551189,
-0.528390246956168));
#8934=CARTESIAN_POINT('Ctrl Pts',(-0.130679205256591,0.0885944361682108,
-0.526151639245904));
#8935=CARTESIAN_POINT('Ctrl Pts',(-0.141295401772089,0.0704378670661015,
-0.524943571445763));
#8936=CARTESIAN_POINT('Ctrl Pts',(-0.154553448721876,0.0317532608141272,
-0.522577336354833));
#8937=CARTESIAN_POINT('Ctrl Pts',(-0.157347196864869,0.0116943258783333,
-0.521478518747849));
#8938=CARTESIAN_POINT('Ctrl Pts',(-0.155166671145004,-0.0291492552639327,
-0.519242415329997));
#8939=CARTESIAN_POINT('Ctrl Pts',(-0.149912118744313,-0.0495235522756447,
-0.518034515601337));
#8940=CARTESIAN_POINT('Ctrl Pts',(-0.132068315174003,-0.0863315580349053,
-0.515667054865664));
#8941=CARTESIAN_POINT('Ctrl Pts',(-0.11991921996859,-0.102539773030551,
-0.514564936861171));
#8942=CARTESIAN_POINT('Ctrl Pts',(-0.0895914437697378,-0.130000290815259,
-0.512331216449372));
#8943=CARTESIAN_POINT('Ctrl Pts',(-0.0715017273802415,-0.140762395796416,
-0.511123492282968));
#8944=CARTESIAN_POINT('Ctrl Pts',(-0.032895064913318,-0.15431537743715,
-0.50875488849866));
#8945=CARTESIAN_POINT('Ctrl Pts',(-0.0128502890100925,-0.157257828976684,
-0.507649564496476));
#8946=CARTESIAN_POINT('Ctrl Pts',(0.0280297962287059,-0.155374844546891,
-0.505418107258184));
#8947=CARTESIAN_POINT('Ctrl Pts',(0.0484563710903086,-0.150262552956923,
-0.50421056364677));
#8948=CARTESIAN_POINT('Ctrl Pts',(0.0854088396839201,-0.132667992462084,
-0.501840894864894));
#8949=CARTESIAN_POINT('Ctrl Pts',(0.101706842237344,-0.120627547823059,
-0.50073246848848));
#8950=CARTESIAN_POINT('Ctrl Pts',(0.129389799183932,-0.0904742145877817,
-0.498503156654216));
#8951=CARTESIAN_POINT('Ctrl Pts',(0.140281411184187,-0.0724449356687342,
-0.497295796393157));
#8952=CARTESIAN_POINT('Ctrl Pts',(0.154096789713778,-0.0339085695808209,
-0.49492513620094));
#8953=CARTESIAN_POINT('Ctrl Pts',(0.15717145790336,-0.013876342433417,-0.493813718317406));
#8954=CARTESIAN_POINT('Ctrl Pts',(0.155552796775138,0.0270352725303732,
-0.491586436705044));
#8955=CARTESIAN_POINT('Ctrl Pts',(0.150567123068556,0.0475074316281738,
-0.490379260678873));
#8956=CARTESIAN_POINT('Ctrl Pts',(0.133194283490977,0.0845874656044915,
-0.488007678310741));
#8957=CARTESIAN_POINT('Ctrl Pts',(0.121250153608167,0.100965106847715,-0.486893385215495));
#8958=CARTESIAN_POINT('Ctrl Pts',(0.0912519276777438,0.12884456856773,-0.484668021672533));
#8959=CARTESIAN_POINT('Ctrl Pts',(0.073276876863908,0.139850525242365,-0.483461029124305));
#8960=CARTESIAN_POINT('Ctrl Pts',(0.0364623859456976,0.153292365907085,
-0.481190886154583));
#8961=CARTESIAN_POINT('Ctrl Pts',(0.0182944093073405,0.1565,-0.480146579052744));
#8962=CARTESIAN_POINT('Ctrl Pts',(-2.80833973748686E-15,0.1565,-0.479166666666664));
#8963=CARTESIAN_POINT('Origin',(0.,0.,0.25));
#8964=CARTESIAN_POINT('',(-4.31959842659205E-15,0.1565,-0.416666666666663));
#8965=CARTESIAN_POINT('',(-9.58286120332804E-18,0.1565,-0.423611111111108));
#8966=CARTESIAN_POINT('',(-1.91657224066561E-17,0.1565,0.25));
#8967=CARTESIAN_POINT('Ctrl Pts',(-8.59439378806777E-15,0.1565,-0.416666666666663));
#8968=CARTESIAN_POINT('Ctrl Pts',(0.0173419218568641,0.156500000000001,
-0.417595560501959));
#8969=CARTESIAN_POINT('Ctrl Pts',(0.0345819164598257,0.153617794078344,
-0.418582941463695));
#8970=CARTESIAN_POINT('Ctrl Pts',(0.0707035257670802,0.141163241826731,
-0.420794066582082));
#8971=CARTESIAN_POINT('Ctrl Pts',(0.0888435307230805,0.130510626456101,
-0.422002055163839));
#8972=CARTESIAN_POINT('Ctrl Pts',(0.119317781181902,0.103238076994145,-0.424239450846808));
#8973=CARTESIAN_POINT('Ctrl Pts',(0.131558387050015,0.0871054415832316,
-0.425336511550922));
#8974=CARTESIAN_POINT('Ctrl Pts',(0.149611383499896,0.0504195562228301,
-0.42770207239656));
#8975=CARTESIAN_POINT('Ctrl Pts',(0.15498526818032,0.0300899851000005,-0.428910224042868));
#8976=CARTESIAN_POINT('Ctrl Pts',(0.157415858543353,-0.0107220841545941,
-0.431150187689167));
#8977=CARTESIAN_POINT('Ctrl Pts',(0.15474698954544,-0.030792948371094,-0.432243826855639));
#8978=CARTESIAN_POINT('Ctrl Pts',(0.141736458531194,-0.0695420976075835,
-0.434608027526375));
#8979=CARTESIAN_POINT('Ctrl Pts',(0.13124298295982,-0.0877538870691885,
-0.435816330345967));
#8980=CARTESIAN_POINT('Ctrl Pts',(0.104243516280099,-0.11843941715826,-0.43805898409085));
#8981=CARTESIAN_POINT('Ctrl Pts',(0.0882202147600641,-0.130812491957876,
-0.439149140331215));
#8982=CARTESIAN_POINT('Ctrl Pts',(0.0517118090682049,-0.149167106829742,
-0.441511886671155));
#8983=CARTESIAN_POINT('Ctrl Pts',(0.0314480921833376,-0.154712920873758,
-0.442720325483978));
#8984=CARTESIAN_POINT('Ctrl Pts',(-0.00931712631208659,-0.157504599160775,
-0.444965790998083));
#8985=CARTESIAN_POINT('Ctrl Pts',(-0.0294052673772519,-0.155015913768488,
-0.446052420161935));
#8986=CARTESIAN_POINT('Ctrl Pts',(-0.0682460767385209,-0.142362215216716,
-0.44841361352556));
#8987=CARTESIAN_POINT('Ctrl Pts',(-0.0865360507602747,-0.132046081294621,
-0.449622169552824));
#8988=CARTESIAN_POINT('Ctrl Pts',(-0.117454810288985,-0.105350794012621,
-0.451870567135979));
#8989=CARTESIAN_POINT('Ctrl Pts',(-0.129974793181989,-0.089448638794249,
-0.452953644752151));
#8990=CARTESIAN_POINT('Ctrl Pts',(-0.148662206878977,-0.0531379920400263,
-0.455313182148974));
#8991=CARTESIAN_POINT('Ctrl Pts',(-0.154397527123956,-0.0329488178419163,
-0.456521832717113));
#8992=CARTESIAN_POINT('Ctrl Pts',(-0.157588364740976,0.00776274561785903,
-0.458773280317996));
#8993=CARTESIAN_POINT('Ctrl Pts',(-0.155298694843144,0.0278700604433476,
-0.459852804026074));
#8994=CARTESIAN_POINT('Ctrl Pts',(-0.143038663809687,0.0668101004472466,
-0.462210578336737));
#8995=CARTESIAN_POINT('Ctrl Pts',(-0.132918730794321,0.0851843724882864,
-0.463419296604744));
#8996=CARTESIAN_POINT('Ctrl Pts',(-0.106559851833639,0.116358499745769,
-0.465673908775955));
#8997=CARTESIAN_POINT('Ctrl Pts',(-0.090790920642031,0.12904019581486,-0.466749900689128));
#8998=CARTESIAN_POINT('Ctrl Pts',(-0.0546990479202929,0.148091844219585,
-0.469105800960272));
#8999=CARTESIAN_POINT('Ctrl Pts',(-0.0345937278668151,0.154034300637036,
-0.470314555680862));
#9000=CARTESIAN_POINT('Ctrl Pts',(-0.0092803379092353,0.156293861082968,
-0.471720561400403));
#9001=CARTESIAN_POINT('Ctrl Pts',(-0.00463767763279043,0.1565,-0.471973812028773));
#9002=CARTESIAN_POINT('Ctrl Pts',(-1.82542082936646E-14,0.1565,-0.472222222222218));
#9003=CARTESIAN_POINT('Ctrl Pts',(-2.87348380502808E-15,0.1565,-0.479166666666664));
#9004=CARTESIAN_POINT('Ctrl Pts',(-0.00176309929193613,0.1565,-0.479072228917676));
#9005=CARTESIAN_POINT('Ctrl Pts',(-0.00352730298029948,0.156470206055815,
-0.478977070983361));
#9006=CARTESIAN_POINT('Ctrl Pts',(-0.0261564733404777,0.155704588977278,
-0.477747987138239));
#9007=CARTESIAN_POINT('Ctrl Pts',(-0.0466682415651633,0.150830982768679,
-0.476541175919636));
#9008=CARTESIAN_POINT('Ctrl Pts',(-0.0838603965177862,0.133654306569645,
-0.47416794018349));
#9009=CARTESIAN_POINT('Ctrl Pts',(-0.100308316357336,0.121795130579906,
-0.473048259223454));
#9010=CARTESIAN_POINT('Ctrl Pts',(-0.128360565069957,0.0919340713350215,
-0.470826409229479));
#9011=CARTESIAN_POINT('Ctrl Pts',(-0.139467010664497,0.0740073532402032,
-0.469619776030422));
#9012=CARTESIAN_POINT('Ctrl Pts',(-0.153719002619144,0.0355899547769976,
-0.467245801137904));
#9013=CARTESIAN_POINT('Ctrl Pts',(-0.157013526921177,0.0155785148642552,
-0.466123610862352));
#9014=CARTESIAN_POINT('Ctrl Pts',(-0.155833867851482,-0.0253836069594853,
-0.463903363943641));
#9015=CARTESIAN_POINT('Ctrl Pts',(-0.151058962194325,-0.0459296908358368,
-0.462696904500858));
#9016=CARTESIAN_POINT('Ctrl Pts',(-0.134054999357561,-0.0832199896597028,
-0.460322243780183));
#9017=CARTESIAN_POINT('Ctrl Pts',(-0.122270425130992,-0.099729649098383,
-0.459197667499331));
#9018=CARTESIAN_POINT('Ctrl Pts',(-0.0925300846193272,-0.12793320700959,
-0.456978926566511));
#9019=CARTESIAN_POINT('Ctrl Pts',(-0.0746461914625536,-0.139127604727936,
-0.455772635851089));
#9020=CARTESIAN_POINT('Ctrl Pts',(-0.0362783609751993,-0.153558843744648,
-0.453397339087287));
#9021=CARTESIAN_POINT('Ctrl Pts',(-0.0162754239198109,-0.156943583279655,
-0.452270499033548));
#9022=CARTESIAN_POINT('Ctrl Pts',(0.0247067314097524,-0.155943857438485,
-0.450053171179158));
#9023=CARTESIAN_POINT('Ctrl Pts',(0.0452824708518668,-0.151255502765714,
-0.44884704356357));
#9024=CARTESIAN_POINT('Ctrl Pts',(0.0826583716354977,-0.134402958333693,
-0.446471157181564));
#9025=CARTESIAN_POINT('Ctrl Pts',(0.0992220539108134,-0.122683639519524,
-0.445342173688728));
#9026=CARTESIAN_POINT('Ctrl Pts',(0.127557636325284,-0.0930490927566433,
-0.44312617024703));
#9027=CARTESIAN_POINT('Ctrl Pts',(0.138828738928795,-0.075202948278637,
-0.441920199652462));
#9028=CARTESIAN_POINT('Ctrl Pts',(0.153416547575388,-0.0368787627916174,
-0.43954376690006));
#9029=CARTESIAN_POINT('Ctrl Pts',(0.156880070955602,-0.016883239181666,
-0.438412757720195));
#9030=CARTESIAN_POINT('Ctrl Pts',(0.156037374319741,0.024116083532069,-0.43619799428437));
#9031=CARTESIAN_POINT('Ctrl Pts',(0.151424628122683,0.0447173975532529,
-0.434992174309448));
#9032=CARTESIAN_POINT('Ctrl Pts',(0.134704335674885,0.08216772828054,-0.432615235438198));
#9033=CARTESIAN_POINT('Ctrl Pts',(0.123041901091044,0.0987785163672564,
-0.431482315184299));
#9034=CARTESIAN_POINT('Ctrl Pts',(0.0934997244353803,0.127228934168948,
-0.429268711586815));
#9035=CARTESIAN_POINT('Ctrl Pts',(0.0756867035489597,0.138566724780102,
-0.428063035618986));
#9036=CARTESIAN_POINT('Ctrl Pts',(0.0382395625924965,0.152968264287666,
-0.425737713133258));
#9037=CARTESIAN_POINT('Ctrl Pts',(0.0191959916651748,0.1565,-0.424639315393617));
#9038=CARTESIAN_POINT('Ctrl Pts',(-3.27821759239712E-17,0.1565,-0.423611111111108));
#9039=CARTESIAN_POINT('Origin',(0.,0.,0.25));
#9040=CARTESIAN_POINT('',(-7.3733294559845E-18,0.120415608175649,-0.777777777777777));
#9041=CARTESIAN_POINT('',(3.81429748485186E-15,0.120415608175649,-0.784722222222222));
#9042=CARTESIAN_POINT('',(-1.4746658911969E-17,0.120415608175649,0.25));
#9043=CARTESIAN_POINT('',(-0.0851466931017049,-0.0851466931017021,-0.8125));
#9044=CARTESIAN_POINT('Ctrl Pts',(-0.0851466931017049,-0.0851466931017021,
-0.8125));
#9045=CARTESIAN_POINT('Ctrl Pts',(-0.0498777780277605,-0.120415608175649,
-0.809027777777778));
#9046=CARTESIAN_POINT('Ctrl Pts',(-1.4746658911969E-17,-0.120415608175649,
-0.805555555555555));
#9047=CARTESIAN_POINT('Ctrl Pts',(0.0498777780277582,-0.120415608175649,
-0.802083333333333));
#9048=CARTESIAN_POINT('Ctrl Pts',(0.0851466931017034,-0.0851466931017035,
-0.798611111111111));
#9049=CARTESIAN_POINT('Ctrl Pts',(0.120415608175649,-0.0498777780277583,
-0.795138888888889));
#9050=CARTESIAN_POINT('Ctrl Pts',(0.120415608175649,-2.12173561402339E-17,
-0.791666666666666));
#9051=CARTESIAN_POINT('Ctrl Pts',(0.120415608175649,0.0498777780277583,
-0.788194444444444));
#9052=CARTESIAN_POINT('Ctrl Pts',(0.0851466931017035,0.0851466931017034,
-0.784722222222222));
#9053=CARTESIAN_POINT('Ctrl Pts',(0.0498777780277583,0.120415608175649,
-0.78125));
#9054=CARTESIAN_POINT('Ctrl Pts',(0.,0.120415608175649,-0.777777777777777));
#9055=CARTESIAN_POINT('',(-1.25418456128223E-11,-0.120415608175649,-0.812500000000873));
#9056=CARTESIAN_POINT('Origin',(-5.46369598732853E-17,1.8576566356917E-16,
-0.81250000000574));
#9057=CARTESIAN_POINT('Ctrl Pts',(-1.25418075968409E-11,-0.120415608175649,
-0.812500000000873));
#9058=CARTESIAN_POINT('Ctrl Pts',(0.015159065714274,-0.120415608177228,
-0.811444707504619));
#9059=CARTESIAN_POINT('Ctrl Pts',(0.0301794401597839,-0.117553116183162,
-0.810316529084432));
#9060=CARTESIAN_POINT('Ctrl Pts',(0.0584062857744522,-0.106393855435118,
-0.80802974732639));
#9061=CARTESIAN_POINT('Ctrl Pts',(0.0713587255300848,-0.0981785893962108,
-0.80689117844374));
#9062=CARTESIAN_POINT('Ctrl Pts',(0.0937195157921985,-0.0771751137342306,
-0.804728898803049));
#9063=CARTESIAN_POINT('Ctrl Pts',(0.10285358980843,-0.0645035835877252,
-0.803607909494551));
#9064=CARTESIAN_POINT('Ctrl Pts',(0.116073209621802,-0.0358512041241189,
-0.801232093255642));
#9065=CARTESIAN_POINT('Ctrl Pts',(0.119818234457719,-0.0200514387037218,
-0.800024209720063));
#9066=CARTESIAN_POINT('Ctrl Pts',(0.120861260735072,0.0114826174300278,
-0.797798902607989));
#9067=CARTESIAN_POINT('Ctrl Pts',(0.118387845143674,0.0269041331735626,
-0.796679719098446));
#9068=CARTESIAN_POINT('Ctrl Pts',(0.107530763456604,0.0565273234329383,
-0.794304444777123));
#9069=CARTESIAN_POINT('Ctrl Pts',(0.099034034002074,0.0703607288544695,
-0.793096431723656));
#9070=CARTESIAN_POINT('Ctrl Pts',(0.0775204729637026,0.0934334974238487,
-0.790869879515055));
#9071=CARTESIAN_POINT('Ctrl Pts',(0.0648859281433181,0.102612229179084,
-0.789752597084226));
#9072=CARTESIAN_POINT('Ctrl Pts',(0.0362924741199082,0.115935145933131,
-0.787377904317022));
#9073=CARTESIAN_POINT('Ctrl Pts',(0.0205133711389406,0.119739174385384,
-0.786169757801194));
#9074=CARTESIAN_POINT('Ctrl Pts',(0.00296694297846242,0.120388212358324,
-0.784929554776991));
#9075=CARTESIAN_POINT('Ctrl Pts',(0.0014829939338421,0.120415608175649,
-0.784825460271231));
#9076=CARTESIAN_POINT('Ctrl Pts',(7.6433416286157E-15,0.120415608175649,
-0.784722222222222));
#9077=CARTESIAN_POINT('Origin',(0.,0.,0.25));
#9078=CARTESIAN_POINT('',(-7.3733294559845E-18,0.120415608175649,-0.722222222222221));
#9079=CARTESIAN_POINT('',(1.20562140602867E-14,0.120415608175649,-0.729166666666668));
#9080=CARTESIAN_POINT('',(-1.4746658911969E-17,0.120415608175649,0.25));
#9081=CARTESIAN_POINT('Ctrl Pts',(0.,0.120415608175649,-0.777777777777777));
#9082=CARTESIAN_POINT('Ctrl Pts',(-0.0498777780277582,0.120415608175649,
-0.774305555555555));
#9083=CARTESIAN_POINT('Ctrl Pts',(-0.0851466931017034,0.0851466931017035,
-0.770833333333333));
#9084=CARTESIAN_POINT('Ctrl Pts',(-0.120415608175649,0.0498777780277582,
-0.76736111111111));
#9085=CARTESIAN_POINT('Ctrl Pts',(-0.120415608175649,8.2759616837041E-18,
-0.763888888888888));
#9086=CARTESIAN_POINT('Ctrl Pts',(-0.120415608175649,-0.0498777780277582,
-0.760416666666666));
#9087=CARTESIAN_POINT('Ctrl Pts',(-0.0851466931017035,-0.0851466931017034,
-0.756944444444444));
#9088=CARTESIAN_POINT('Ctrl Pts',(-0.0498777780277582,-0.120415608175649,
-0.753472222222222));
#9089=CARTESIAN_POINT('Ctrl Pts',(-1.4746658911969E-17,-0.120415608175649,
-0.749999999999999));
#9090=CARTESIAN_POINT('Ctrl Pts',(0.0498777780277582,-0.120415608175649,
-0.746527777777777));
#9091=CARTESIAN_POINT('Ctrl Pts',(0.0851466931017034,-0.0851466931017035,
-0.743055555555555));
#9092=CARTESIAN_POINT('Ctrl Pts',(0.120415608175649,-0.0498777780277583,
-0.739583333333332));
#9093=CARTESIAN_POINT('Ctrl Pts',(0.120415608175649,-2.12173561402339E-17,
-0.73611111111111));
#9094=CARTESIAN_POINT('Ctrl Pts',(0.120415608175649,0.0498777780277583,
-0.732638888888888));
#9095=CARTESIAN_POINT('Ctrl Pts',(0.0851466931017035,0.0851466931017034,
-0.729166666666666));
#9096=CARTESIAN_POINT('Ctrl Pts',(0.0498777780277583,0.120415608175649,
-0.725694444444444));
#9097=CARTESIAN_POINT('Ctrl Pts',(0.,0.120415608175649,-0.722222222222221));
#9098=CARTESIAN_POINT('Ctrl Pts',(7.63824699028528E-15,0.120415608175649,
-0.784722222222222));
#9099=CARTESIAN_POINT('Ctrl Pts',(-0.0139626609456578,0.120415608175649,
-0.783750216981934));
#9100=CARTESIAN_POINT('Ctrl Pts',(-0.027831048865434,0.117987480588589,
-0.78271475869342));
#9101=CARTESIAN_POINT('Ctrl Pts',(-0.0560904547936477,0.107758315075531,
-0.7804525298526));
#9102=CARTESIAN_POINT('Ctrl Pts',(-0.0699526208678377,0.0993216425841833,
-0.77924424639899));
#9103=CARTESIAN_POINT('Ctrl Pts',(-0.0931072757460814,0.0779112799838393,
-0.77701496946634));
#9104=CARTESIAN_POINT('Ctrl Pts',(-0.10233667465172,0.0653186867352163,
-0.775901780219421));
#9105=CARTESIAN_POINT('Ctrl Pts',(-0.115776548270091,0.0367922475702342,
-0.773528380177415));
#9106=CARTESIAN_POINT('Ctrl Pts',(-0.119647365549463,0.0210368337524971,
-0.772319956896525));
#9107=CARTESIAN_POINT('Ctrl Pts',(-0.120952541692888,-0.010467010287565,
-0.7700891938132));
#9108=CARTESIAN_POINT('Ctrl Pts',(-0.11861030620468,-0.0259008712672925,
-0.768978197745355));
#9109=CARTESIAN_POINT('Ctrl Pts',(-0.108013786904648,-0.0555947689672473,
-0.766605514551914));
#9110=CARTESIAN_POINT('Ctrl Pts',(-0.0996452116832208,-0.069489190254417,
-0.765396949270489));
#9111=CARTESIAN_POINT('Ctrl Pts',(-0.0783518223640549,-0.0927362392443926,
-0.763164613319125));
#9112=CARTESIAN_POINT('Ctrl Pts',(-0.0658066493520887,-0.102022927571743,
-0.762055907655817));
#9113=CARTESIAN_POINT('Ctrl Pts',(-0.0373561853940131,-0.115594733230421,
-0.759683992296256));
#9114=CARTESIAN_POINT('Ctrl Pts',(-0.0216278699352338,-0.119540866337812,
-0.758475283701374));
#9115=CARTESIAN_POINT('Ctrl Pts',(0.00985732098504553,-0.121003278462103,
-0.756241285198429));
#9116=CARTESIAN_POINT('Ctrl Pts',(0.0252985982964,-0.11873965665389,-0.755134965717541));
#9117=CARTESIAN_POINT('Ctrl Pts',(0.0550342997483655,-0.108299194248675,
-0.752763872322092));
#9118=CARTESIAN_POINT('Ctrl Pts',(0.0689647120051046,-0.100007558561789,
-0.751555020119105));
#9119=CARTESIAN_POINT('Ctrl Pts',(0.0923155770394256,-0.0788462834908668,
-0.749319266610192));
#9120=CARTESIAN_POINT('Ctrl Pts',(0.101666794197102,-0.066354503612881,
-0.748215426648075));
#9121=CARTESIAN_POINT('Ctrl Pts',(0.115386803001616,-0.0379898664189386,
-0.74584521260082));
#9122=CARTESIAN_POINT('Ctrl Pts',(0.119417505865675,-0.0222924679558598,
-0.744636217684899));
#9123=CARTESIAN_POINT('Ctrl Pts',(0.121056732485703,0.0091712690050087,
-0.742398614189021));
#9124=CARTESIAN_POINT('Ctrl Pts',(0.118881457406633,0.0246208981629829,
-0.741297343530915));
#9125=CARTESIAN_POINT('Ctrl Pts',(0.108616281239576,0.0544030697846277,
-0.738928069566808));
#9126=CARTESIAN_POINT('Ctrl Pts',(0.100411226233216,0.0683734124180749,
-0.737718934207454));
#9127=CARTESIAN_POINT('Ctrl Pts',(0.0793985668121198,0.0918403818722674,
-0.735479383513626));
#9128=CARTESIAN_POINT('Ctrl Pts',(0.0669666428373143,0.101263969623251,
-0.734380767168734));
#9129=CARTESIAN_POINT('Ctrl Pts',(0.0386985714497719,0.115149680001394,
-0.732012497455348));
#9130=CARTESIAN_POINT('Ctrl Pts',(0.0230363390981903,0.119274889261892,
-0.730803225492784));
#9131=CARTESIAN_POINT('Ctrl Pts',(0.00468290683760876,0.120347376392741,
-0.729494632899678));
#9132=CARTESIAN_POINT('Ctrl Pts',(0.00234041860668798,0.120415608175649,
-0.729329594002582));
#9133=CARTESIAN_POINT('Ctrl Pts',(2.41271747794854E-14,0.120415608175649,
-0.729166666666668));
#9134=CARTESIAN_POINT('Origin',(0.,0.,0.25));
#9135=CARTESIAN_POINT('',(-7.3733294559845E-18,0.120415608175649,-0.666666666666665));
#9136=CARTESIAN_POINT('',(2.09887940358974E-14,0.120415608175649,-0.673611111111113));
#9137=CARTESIAN_POINT('',(-1.4746658911969E-17,0.120415608175649,0.25));
#9138=CARTESIAN_POINT('Ctrl Pts',(0.,0.120415608175649,-0.722222222222221));
#9139=CARTESIAN_POINT('Ctrl Pts',(-0.0498777780277582,0.120415608175649,
-0.718749999999999));
#9140=CARTESIAN_POINT('Ctrl Pts',(-0.0851466931017034,0.0851466931017035,
-0.715277777777777));
#9141=CARTESIAN_POINT('Ctrl Pts',(-0.120415608175649,0.0498777780277582,
-0.711805555555555));
#9142=CARTESIAN_POINT('Ctrl Pts',(-0.120415608175649,8.2759616837041E-18,
-0.708333333333332));
#9143=CARTESIAN_POINT('Ctrl Pts',(-0.120415608175649,-0.0498777780277582,
-0.70486111111111));
#9144=CARTESIAN_POINT('Ctrl Pts',(-0.0851466931017035,-0.0851466931017034,
-0.701388888888888));
#9145=CARTESIAN_POINT('Ctrl Pts',(-0.0498777780277582,-0.120415608175649,
-0.697916666666666));
#9146=CARTESIAN_POINT('Ctrl Pts',(-1.4746658911969E-17,-0.120415608175649,
-0.694444444444443));
#9147=CARTESIAN_POINT('Ctrl Pts',(0.0498777780277582,-0.120415608175649,
-0.690972222222221));
#9148=CARTESIAN_POINT('Ctrl Pts',(0.0851466931017034,-0.0851466931017035,
-0.687499999999999));
#9149=CARTESIAN_POINT('Ctrl Pts',(0.120415608175649,-0.0498777780277583,
-0.684027777777777));
#9150=CARTESIAN_POINT('Ctrl Pts',(0.120415608175649,-2.12173561402339E-17,
-0.680555555555554));
#9151=CARTESIAN_POINT('Ctrl Pts',(0.120415608175649,0.0498777780277583,
-0.677083333333332));
#9152=CARTESIAN_POINT('Ctrl Pts',(0.0851466931017035,0.0851466931017034,
-0.67361111111111));
#9153=CARTESIAN_POINT('Ctrl Pts',(0.0498777780277583,0.120415608175649,
-0.670138888888888));
#9154=CARTESIAN_POINT('Ctrl Pts',(0.,0.120415608175649,-0.666666666666665));
#9155=CARTESIAN_POINT('Ctrl Pts',(2.41153881640713E-14,0.120415608175649,
-0.729166666666667));
#9156=CARTESIAN_POINT('Ctrl Pts',(-0.0130789478236297,0.120415608175649,
-0.728256180773503));
#9157=CARTESIAN_POINT('Ctrl Pts',(-0.0260848002206298,0.118285296003898,
-0.727289355163617));
#9158=CARTESIAN_POINT('Ctrl Pts',(-0.0536952929534131,0.10896638276513,
-0.72509854757666));
#9159=CARTESIAN_POINT('Ctrl Pts',(-0.0677096537187921,0.10085831703083,
-0.723889144628476));
#9160=CARTESIAN_POINT('Ctrl Pts',(-0.0913057919001132,0.0800120819978062,
-0.721645400803649));
#9161=CARTESIAN_POINT('Ctrl Pts',(-0.100810155650817,0.0676469320111108,
-0.720552322217221));
#9162=CARTESIAN_POINT('Ctrl Pts',(-0.114880164525217,0.0394870179553365,
-0.718186267529101));
#9163=CARTESIAN_POINT('Ctrl Pts',(-0.119110419506318,0.0238646431125589,
-0.71697674120495));
#9164=CARTESIAN_POINT('Ctrl Pts',(-0.121168002938842,-0.00754630720277786,
-0.714730748979712));
#9165=CARTESIAN_POINT('Ctrl Pts',(-0.119201553569154,-0.0230157558538855,
-0.713640537188324));
#9166=CARTESIAN_POINT('Ctrl Pts',(-0.109350270419459,-0.0529056290527837,
-0.711275700356901));
#9167=CARTESIAN_POINT('Ctrl Pts',(-0.101350303196686,-0.0669681691449182,
-0.710066060478361));
#9168=CARTESIAN_POINT('Ctrl Pts',(-0.080689496758903,-0.0907071756019607,
-0.707817717826095));
#9169=CARTESIAN_POINT('Ctrl Pts',(-0.0683984355304041,-0.100301216989747,
-0.706730424362687));
#9170=CARTESIAN_POINT('Ctrl Pts',(-0.0403590489643724,-0.114575020711222,
-0.70436688366014));
#9171=CARTESIAN_POINT('Ctrl Pts',(-0.0247816639107867,-0.118921341715821,
-0.703157142482189));
#9172=CARTESIAN_POINT('Ctrl Pts',(0.0065971638376789,-0.121223034242051,
-0.70090634749394));
#9173=CARTESIAN_POINT('Ctrl Pts',(0.0220782199386405,-0.119378315953688,
-0.699822011498865));
#9174=CARTESIAN_POINT('Ctrl Pts',(0.0520294897115734,-0.10976799074691,
-0.697459848667337));
#9175=CARTESIAN_POINT('Ctrl Pts',(0.0661443485406045,-0.101887823039387,
-0.696250021097154));
#9176=CARTESIAN_POINT('Ctrl Pts',(0.0900403614408569,-0.0814324634324634,
-0.693996672626557));
#9177=CARTESIAN_POINT('Ctrl Pts',(0.0997333780516413,-0.0692231164307608,
-0.692915319131381));
#9178=CARTESIAN_POINT('Ctrl Pts',(0.114231095415688,-0.0413172862466702,
-0.690554619283854));
#9179=CARTESIAN_POINT('Ctrl Pts',(0.11870481594378,-0.0257904450587308,
-0.689344723091924));
#9180=CARTESIAN_POINT('Ctrl Pts',(0.121275152979215,0.00555189898062508,
-0.687088721453413));
#9181=CARTESIAN_POINT('Ctrl Pts',(0.119564318275818,0.0210457698708854,
-0.686010359657944));
#9182=CARTESIAN_POINT('Ctrl Pts',(0.11021870831081,0.0510633883873312,-0.68365121113219));
#9183=CARTESIAN_POINT('Ctrl Pts',(0.102470476318611,0.0652345690137481,
-0.682441267150033));
#9184=CARTESIAN_POINT('Ctrl Pts',(0.0822413359044927,0.0893019096870675,
-0.680182514864907));
#9185=CARTESIAN_POINT('Ctrl Pts',(0.0701215238338601,0.099103458985722,
-0.679107136442202));
#9186=CARTESIAN_POINT('Ctrl Pts',(0.0423627658062648,0.113845472704316,
-0.676749630603151));
#9187=CARTESIAN_POINT('Ctrl Pts',(0.0268924028713001,0.118458023736885,
-0.675539662901361));
#9188=CARTESIAN_POINT('Ctrl Pts',(0.00731818899485716,0.120249007377269,
-0.674125367993777));
#9189=CARTESIAN_POINT('Ctrl Pts',(0.00365718437467568,0.120415608175649,
-0.673865704586575));
#9190=CARTESIAN_POINT('Ctrl Pts',(4.19923347307067E-14,0.120415608175649,
-0.673611111111113));
#9191=CARTESIAN_POINT('Origin',(0.,0.,0.25));
#9192=CARTESIAN_POINT('',(-7.3733294559845E-18,0.120415608175649,-0.611111111111109));
#9193=CARTESIAN_POINT('',(9.73507957794919E-15,0.120415608175649,-0.618055555555555));
#9194=CARTESIAN_POINT('',(-1.4746658911969E-17,0.120415608175649,0.25));
#9195=CARTESIAN_POINT('Ctrl Pts',(0.,0.120415608175649,-0.666666666666665));
#9196=CARTESIAN_POINT('Ctrl Pts',(-0.0498777780277582,0.120415608175649,
-0.663194444444443));
#9197=CARTESIAN_POINT('Ctrl Pts',(-0.0851466931017034,0.0851466931017035,
-0.659722222222221));
#9198=CARTESIAN_POINT('Ctrl Pts',(-0.120415608175649,0.0498777780277582,
-0.656249999999999));
#9199=CARTESIAN_POINT('Ctrl Pts',(-0.120415608175649,8.2759616837041E-18,
-0.652777777777776));
#9200=CARTESIAN_POINT('Ctrl Pts',(-0.120415608175649,-0.0498777780277582,
-0.649305555555554));
#9201=CARTESIAN_POINT('Ctrl Pts',(-0.0851466931017035,-0.0851466931017034,
-0.645833333333332));
#9202=CARTESIAN_POINT('Ctrl Pts',(-0.0498777780277582,-0.120415608175649,
-0.642361111111109));
#9203=CARTESIAN_POINT('Ctrl Pts',(-1.4746658911969E-17,-0.120415608175649,
-0.638888888888887));
#9204=CARTESIAN_POINT('Ctrl Pts',(0.0498777780277582,-0.120415608175649,
-0.635416666666665));
#9205=CARTESIAN_POINT('Ctrl Pts',(0.0851466931017034,-0.0851466931017035,
-0.631944444444443));
#9206=CARTESIAN_POINT('Ctrl Pts',(0.120415608175649,-0.0498777780277583,
-0.628472222222221));
#9207=CARTESIAN_POINT('Ctrl Pts',(0.120415608175649,-2.12173561402339E-17,
-0.624999999999998));
#9208=CARTESIAN_POINT('Ctrl Pts',(0.120415608175649,0.0498777780277583,
-0.621527777777776));
#9209=CARTESIAN_POINT('Ctrl Pts',(0.0851466931017035,0.0851466931017034,
-0.618055555555554));
#9210=CARTESIAN_POINT('Ctrl Pts',(0.0498777780277583,0.120415608175649,
-0.614583333333331));
#9211=CARTESIAN_POINT('Ctrl Pts',(0.,0.120415608175649,-0.611111111111109));
#9212=CARTESIAN_POINT('Ctrl Pts',(4.19010845268225E-14,0.120415608175649,
-0.673611111111113));
#9213=CARTESIAN_POINT('Ctrl Pts',(-0.011738207984342,0.120415608175649,
-0.672793960303194));
#9214=CARTESIAN_POINT('Ctrl Pts',(-0.0234301895491336,0.118699803233727,
-0.671930551750355));
#9215=CARTESIAN_POINT('Ctrl Pts',(-0.0500053195198022,0.110700570236924,
-0.669849873939545));
#9216=CARTESIAN_POINT('Ctrl Pts',(-0.0642365579204804,0.103096637704974,
-0.668639909979332));
#9217=CARTESIAN_POINT('Ctrl Pts',(-0.0884894178706076,0.0831148993123314,
-0.666375376757211));
#9218=CARTESIAN_POINT('Ctrl Pts',(-0.0984091444123005,0.0710924928403389,
-0.665305861965838));
#9219=CARTESIAN_POINT('Ctrl Pts',(-0.113415663277822,0.0434945823545894,
-0.662951926376454));
#9220=CARTESIAN_POINT('Ctrl Pts',(-0.118178311442494,0.0280869440555743,
-0.661741997127559));
#9221=CARTESIAN_POINT('Ctrl Pts',(-0.121360802704768,-0.00316779985253314,
-0.65947444207717));
#9222=CARTESIAN_POINT('Ctrl Pts',(-0.119954805691815,-0.0186910467926068,
-0.658407764844725));
#9223=CARTESIAN_POINT('Ctrl Pts',(-0.111210611926247,-0.0488551429123558,
-0.656055761363986));
#9224=CARTESIAN_POINT('Ctrl Pts',(-0.103763311417478,-0.0631497667991297,
-0.654845901381705));
#9225=CARTESIAN_POINT('Ctrl Pts',(-0.0840501410780679,-0.0876018439393734,
-0.652575243976887));
#9226=CARTESIAN_POINT('Ctrl Pts',(-0.0721328878062219,-0.0976492716512014,
-0.651511310941897));
#9227=CARTESIAN_POINT('Ctrl Pts',(-0.0447095774046847,-0.112939823124014,
-0.649161339899589));
#9228=CARTESIAN_POINT('Ctrl Pts',(-0.0293711235278077,-0.117863369249493,
-0.647951587353788));
#9229=CARTESIAN_POINT('Ctrl Pts',(0.00183183650331414,-0.12138862812309,
-0.645677753405265));
#9230=CARTESIAN_POINT('Ctrl Pts',(0.017371646917278,-0.120153231193639,
-0.644616447129976));
#9231=CARTESIAN_POINT('Ctrl Pts',(0.0476149403999032,-0.111744724456467,
-0.642268609997302));
#9232=CARTESIAN_POINT('Ctrl Pts',(0.0619757259076292,-0.104466052140118,
-0.641059006646741));
#9233=CARTESIAN_POINT('Ctrl Pts',(0.0866398230907718,-0.0850420955947327,
-0.638781929120061));
#9234=CARTESIAN_POINT('Ctrl Pts',(0.0968241177455949,-0.0732374241631267,
-0.63772310749857));
#9235=CARTESIAN_POINT('Ctrl Pts',(0.112416989251373,-0.0460021110468149,
-0.635377506320588));
#9236=CARTESIAN_POINT('Ctrl Pts',(0.117511439148262,-0.0307393843199266,
-0.634168097426629));
#9237=CARTESIAN_POINT('Ctrl Pts',(0.121402358378345,0.000406149898756343,
-0.631887717221565));
#9238=CARTESIAN_POINT('Ctrl Pts',(0.120348932689576,0.0159637258524346,
-0.630831213236017));
#9239=CARTESIAN_POINT('Ctrl Pts',(0.112297701678713,0.046289304625224,-0.628487950003492));
#9240=CARTESIAN_POINT('Ctrl Pts',(0.105198975697271,0.0607183413797824,
-0.627278784178378));
#9241=CARTESIAN_POINT('Ctrl Pts',(0.0860837945823902,0.0856059467536733,
-0.624995050852855));
#9242=CARTESIAN_POINT('Ctrl Pts',(0.0743986038076658,0.0959356574258987,
-0.623940672716311));
#9243=CARTESIAN_POINT('Ctrl Pts',(0.0473639581997076,0.111847313275529,
-0.621599848681716));
#9244=CARTESIAN_POINT('Ctrl Pts',(0.0321834231440224,0.117121537895291,
-0.620390977668046));
#9245=CARTESIAN_POINT('Ctrl Pts',(0.0109647606540718,0.120041556785816,
-0.618829649017151));
#9246=CARTESIAN_POINT('Ctrl Pts',(0.00548013766337206,0.120415608175649,
-0.618437053219003));
#9247=CARTESIAN_POINT('Ctrl Pts',(1.94780761948262E-14,0.120415608175649,
-0.618055555555555));
#9248=CARTESIAN_POINT('Origin',(0.,0.,0.25));
#9249=CARTESIAN_POINT('',(-7.3733294559845E-18,0.120415608175649,-0.555555555555553));
#9250=CARTESIAN_POINT('',(-9.41095032548249E-17,0.120415608175649,-0.562499999999998));
#9251=CARTESIAN_POINT('',(-1.4746658911969E-17,0.120415608175649,0.25));
#9252=CARTESIAN_POINT('Ctrl Pts',(0.,0.120415608175649,-0.611111111111109));
#9253=CARTESIAN_POINT('Ctrl Pts',(-0.0498777780277582,0.120415608175649,
-0.607638888888887));
#9254=CARTESIAN_POINT('Ctrl Pts',(-0.0851466931017034,0.0851466931017035,
-0.604166666666665));
#9255=CARTESIAN_POINT('Ctrl Pts',(-0.120415608175649,0.0498777780277582,
-0.600694444444443));
#9256=CARTESIAN_POINT('Ctrl Pts',(-0.120415608175649,8.2759616837041E-18,
-0.59722222222222));
#9257=CARTESIAN_POINT('Ctrl Pts',(-0.120415608175649,-0.0498777780277582,
-0.593749999999998));
#9258=CARTESIAN_POINT('Ctrl Pts',(-0.0851466931017035,-0.0851466931017034,
-0.590277777777776));
#9259=CARTESIAN_POINT('Ctrl Pts',(-0.0498777780277582,-0.120415608175649,
-0.586805555555553));
#9260=CARTESIAN_POINT('Ctrl Pts',(-1.4746658911969E-17,-0.120415608175649,
-0.583333333333331));
#9261=CARTESIAN_POINT('Ctrl Pts',(0.0498777780277582,-0.120415608175649,
-0.579861111111109));
#9262=CARTESIAN_POINT('Ctrl Pts',(0.0851466931017034,-0.0851466931017035,
-0.576388888888887));
#9263=CARTESIAN_POINT('Ctrl Pts',(0.120415608175649,-0.0498777780277583,
-0.572916666666665));
#9264=CARTESIAN_POINT('Ctrl Pts',(0.120415608175649,-2.12173561402339E-17,
-0.569444444444442));
#9265=CARTESIAN_POINT('Ctrl Pts',(0.120415608175649,0.0498777780277583,
-0.56597222222222));
#9266=CARTESIAN_POINT('Ctrl Pts',(0.0851466931017035,0.0851466931017034,
-0.562499999999998));
#9267=CARTESIAN_POINT('Ctrl Pts',(0.0498777780277583,0.120415608175649,
-0.559027777777776));
#9268=CARTESIAN_POINT('Ctrl Pts',(0.,0.120415608175649,-0.555555555555553));
#9269=CARTESIAN_POINT('Ctrl Pts',(1.95777886465949E-14,0.120415608175649,
-0.618055555555555));
#9270=CARTESIAN_POINT('Ctrl Pts',(-0.00991536015594372,0.120415608175649,
-0.617365301594046));
#9271=CARTESIAN_POINT('Ctrl Pts',(-0.0198111034396956,0.119191336946198,
-0.616641111004636));
#9272=CARTESIAN_POINT('Ctrl Pts',(-0.044885516503529,0.112863378456955,
-0.614713096750807));
#9273=CARTESIAN_POINT('Ctrl Pts',(-0.0593840928445977,0.105954876718011,
-0.613504575130596));
#9274=CARTESIAN_POINT('Ctrl Pts',(-0.0845049671799223,0.0871663493205532,
-0.611214022040023));
#9275=CARTESIAN_POINT('Ctrl Pts',(-0.0949877590499962,0.0756067930421734,
-0.61016322440366));
#9276=CARTESIAN_POINT('Ctrl Pts',(-0.111232267262476,0.0487843643335141,
-0.607827575863047));
#9277=CARTESIAN_POINT('Ctrl Pts',(-0.116693673796516,0.0336922201622887,
-0.606619460696788));
#9278=CARTESIAN_POINT('Ctrl Pts',(-0.121375666225724,0.0026787203137501,
-0.604325461166931));
#9279=CARTESIAN_POINT('Ctrl Pts',(-0.120716033003405,-0.012917637046434,
-0.603276073205977));
#9280=CARTESIAN_POINT('Ctrl Pts',(-0.113434861016772,-0.043413570877343,
-0.600943155667983));
#9281=CARTESIAN_POINT('Ctrl Pts',(-0.106725459489936,-0.0579820908538897,
-0.599735506066353));
#9282=CARTESIAN_POINT('Ctrl Pts',(-0.0882137332769783,-0.0834338721302661,
-0.59742989866696));
#9283=CARTESIAN_POINT('Ctrl Pts',(-0.0766865921193112,-0.0941383930074047,
-0.596373997048799));
#9284=CARTESIAN_POINT('Ctrl Pts',(-0.0500334301413421,-0.110658444191124,
-0.594042186577265));
#9285=CARTESIAN_POINT('Ctrl Pts',(-0.0351256700027121,-0.116253418296395,
-0.592843055770862));
#9286=CARTESIAN_POINT('Ctrl Pts',(-0.00419709926145155,-0.121345895809651,
-0.590543132080469));
#9287=CARTESIAN_POINT('Ctrl Pts',(0.0115123722430281,-0.120871435346387,
-0.589489492358545));
#9288=CARTESIAN_POINT('Ctrl Pts',(0.0420864914226641,-0.113919705891886,
-0.587160631557561));
#9289=CARTESIAN_POINT('Ctrl Pts',(0.0566386839350065,-0.107429322054268,
-0.585960434030517));
#9290=CARTESIAN_POINT('Ctrl Pts',(0.0822289668243299,-0.0893332247401677,
-0.583657169685936));
#9291=CARTESIAN_POINT('Ctrl Pts',(0.0930706319846102,-0.0779736002199302,
-0.582605491958429));
#9292=CARTESIAN_POINT('Ctrl Pts',(0.109958991700433,-0.0515590238984164,
-0.58027967024183));
#9293=CARTESIAN_POINT('Ctrl Pts',(0.115766034542126,-0.0367091078619203,
-0.579078451160999));
#9294=CARTESIAN_POINT('Ctrl Pts',(0.121273784788911,-0.00585683140148802,
-0.576771864146578));
#9295=CARTESIAN_POINT('Ctrl Pts',(0.121016455323829,0.00983099328103588,
-0.575721833712663));
#9296=CARTESIAN_POINT('Ctrl Pts',(0.114497741724991,0.0404959705951148,
-0.573399134007221));
#9297=CARTESIAN_POINT('Ctrl Pts',(0.108200685051047,0.0551568823360195,
-0.57219694268317));
#9298=CARTESIAN_POINT('Ctrl Pts',(0.0904557997465475,0.0809877019820397,
-0.569887060774921));
#9299=CARTESIAN_POINT('Ctrl Pts',(0.0792659033542525,0.0919683349987105,
-0.568838351335223));
#9300=CARTESIAN_POINT('Ctrl Pts',(0.0530960185119419,0.109228270867059,
-0.566518849205177));
#9301=CARTESIAN_POINT('Ctrl Pts',(0.0383077845242729,0.115249825204319,
-0.565315738589358));
#9302=CARTESIAN_POINT('Ctrl Pts',(0.0152545547731546,0.119691007361897,
-0.563582834023406));
#9303=CARTESIAN_POINT('Ctrl Pts',(0.00762778106708018,0.120415608175649,
-0.563031005028181));
#9304=CARTESIAN_POINT('Ctrl Pts',(-9.56146797782492E-18,0.120415608175649,
-0.562499999999998));
#9305=CARTESIAN_POINT('Origin',(0.,0.,0.25));
#9306=CARTESIAN_POINT('',(-7.3733294559845E-18,0.120415608175649,-0.499999999999997));
#9307=CARTESIAN_POINT('',(-8.51981167771383E-15,0.120415608175649,-0.506944444444441));
#9308=CARTESIAN_POINT('',(-1.4746658911969E-17,0.120415608175649,0.25));
#9309=CARTESIAN_POINT('Ctrl Pts',(0.,0.120415608175649,-0.555555555555553));
#9310=CARTESIAN_POINT('Ctrl Pts',(-0.0498777780277582,0.120415608175649,
-0.552083333333331));
#9311=CARTESIAN_POINT('Ctrl Pts',(-0.0851466931017034,0.0851466931017035,
-0.548611111111109));
#9312=CARTESIAN_POINT('Ctrl Pts',(-0.120415608175649,0.0498777780277582,
-0.545138888888887));
#9313=CARTESIAN_POINT('Ctrl Pts',(-0.120415608175649,8.2759616837041E-18,
-0.541666666666664));
#9314=CARTESIAN_POINT('Ctrl Pts',(-0.120415608175649,-0.0498777780277582,
-0.538194444444442));
#9315=CARTESIAN_POINT('Ctrl Pts',(-0.0851466931017035,-0.0851466931017034,
-0.53472222222222));
#9316=CARTESIAN_POINT('Ctrl Pts',(-0.0498777780277582,-0.120415608175649,
-0.531249999999998));
#9317=CARTESIAN_POINT('Ctrl Pts',(-1.4746658911969E-17,-0.120415608175649,
-0.527777777777775));
#9318=CARTESIAN_POINT('Ctrl Pts',(0.0498777780277582,-0.120415608175649,
-0.524305555555553));
#9319=CARTESIAN_POINT('Ctrl Pts',(0.0851466931017034,-0.0851466931017035,
-0.520833333333331));
#9320=CARTESIAN_POINT('Ctrl Pts',(0.120415608175649,-0.0498777780277583,
-0.517361111111108));
#9321=CARTESIAN_POINT('Ctrl Pts',(0.120415608175649,-2.12173561402339E-17,
-0.513888888888886));
#9322=CARTESIAN_POINT('Ctrl Pts',(0.120415608175649,0.0498777780277583,
-0.510416666666664));
#9323=CARTESIAN_POINT('Ctrl Pts',(0.0851466931017035,0.0851466931017034,
-0.506944444444442));
#9324=CARTESIAN_POINT('Ctrl Pts',(0.0498777780277583,0.120415608175649,
-0.50347222222222));
#9325=CARTESIAN_POINT('Ctrl Pts',(0.,0.120415608175649,-0.499999999999997));
#9326=CARTESIAN_POINT('Ctrl Pts',(-3.82458719112997E-17,0.120415608175649,
-0.562499999999998));
#9327=CARTESIAN_POINT('Ctrl Pts',(-0.00782491080463043,0.120415608175649,
-0.561955271861394));
#9328=CARTESIAN_POINT('Ctrl Pts',(-0.0156478049111339,0.119653078025158,
-0.561388696315903));
#9329=CARTESIAN_POINT('Ctrl Pts',(-0.038883787525955,0.115058248282405,
-0.559638639003231));
#9330=CARTESIAN_POINT('Ctrl Pts',(-0.0536518002447564,0.108957940292354,
-0.558434665196686));
#9331=CARTESIAN_POINT('Ctrl Pts',(-0.079722922669256,0.0915687541816366,
-0.556118311402451));
#9332=CARTESIAN_POINT('Ctrl Pts',(-0.0908428817257444,0.0805490701731721,
-0.55507124240983));
#9333=CARTESIAN_POINT('Ctrl Pts',(-0.108473701296584,0.0546274019238287,
-0.552758325232785));
#9334=CARTESIAN_POINT('Ctrl Pts',(-0.114709855738213,0.0399041056602094,
-0.551553547169487));
#9335=CARTESIAN_POINT('Ctrl Pts',(-0.121059352708634,0.00921478525448628,
-0.549234032244244));
#9336=CARTESIAN_POINT('Ctrl Pts',(-0.121239201443952,-0.00642937962061964,
-0.548187280908906));
#9337=CARTESIAN_POINT('Ctrl Pts',(-0.115594841127473,-0.037267632959745,
-0.545877730913998));
#9338=CARTESIAN_POINT('Ctrl Pts',(-0.109692561145794,-0.0521399105926079,
-0.544672208946173));
#9339=CARTESIAN_POINT('Ctrl Pts',(-0.0926597348791101,-0.0784485530540095,
-0.542349596035489));
#9340=CARTESIAN_POINT('Ctrl Pts',(-0.0818090054381836,-0.0897066948960174,
-0.54130282573431));
#9341=CARTESIAN_POINT('Ctrl Pts',(-0.0561363365576417,-0.107703763902872,
-0.538996681633444));
#9342=CARTESIAN_POINT('Ctrl Pts',(-0.041480499745012,-0.114152242368385,
-0.537790477303215));
#9343=CARTESIAN_POINT('Ctrl Pts',(-0.0108761187013181,-0.120919228954084,
-0.535464836953439));
#9344=CARTESIAN_POINT('Ctrl Pts',(0.00474650603831355,-0.121314564481549,
-0.534417717730503));
#9345=CARTESIAN_POINT('Ctrl Pts',(0.0356654231867258,-0.116102150811498,
-0.532115007674152));
#9346=CARTESIAN_POINT('Ctrl Pts',(0.050638051652411,-0.110396963856731,
-0.530908183061813));
#9347=CARTESIAN_POINT('Ctrl Pts',(0.0771788734963235,-0.0937173652864209,
-0.528579592505798));
#9348=CARTESIAN_POINT('Ctrl Pts',(0.0885727716371441,-0.0830324646328968,
-0.527531804520484));
#9349=CARTESIAN_POINT('Ctrl Pts',(0.106927621386675,-0.0576069009150769,
-0.52523254582883));
#9350=CARTESIAN_POINT('Ctrl Pts',(0.113583875622088,-0.0430201975235079,
-0.524025162914794));
#9351=CARTESIAN_POINT('Ctrl Pts',(0.120760201068009,-0.0125018064300019,
-0.521693705306378));
#9352=CARTESIAN_POINT('Ctrl Pts',(0.121366035192446,0.00309988310702477,
-0.520644942034241));
#9353=CARTESIAN_POINT('Ctrl Pts',(0.116576027580306,0.0340945188931067,
-0.518349141066764));
#9354=CARTESIAN_POINT('Ctrl Pts',(0.111064825165598,0.0491626580406723,
-0.51714126112094));
#9355=CARTESIAN_POINT('Ctrl Pts',(0.0947315955553653,0.0759280518377631,
-0.514807024734012));
#9356=CARTESIAN_POINT('Ctrl Pts',(0.0842077783948263,0.0874539627139616,
-0.51375699585432));
#9357=CARTESIAN_POINT('Ctrl Pts',(0.0590247495950954,0.106154677156999,
-0.511464648019121));
#9358=CARTESIAN_POINT('Ctrl Pts',(0.0445079436694178,0.11301207223832,-0.510256331030098));
#9359=CARTESIAN_POINT('Ctrl Pts',(0.0195468889902296,0.119223923097033,
-0.508339556176684));
#9360=CARTESIAN_POINT('Ctrl Pts',(0.00978249798011356,0.12041560817565,
-0.507625449256975));
#9361=CARTESIAN_POINT('Ctrl Pts',(-1.69265301687438E-14,0.120415608175649,
-0.506944444444441));
#9362=CARTESIAN_POINT('Origin',(0.,0.,0.25));
#9363=CARTESIAN_POINT('',(-7.3733294559845E-18,0.120415608175649,-0.444444444444441));
#9364=CARTESIAN_POINT('',(-2.13758883358963E-14,0.120415608175649,-0.451388888888883));
#9365=CARTESIAN_POINT('',(-1.4746658911969E-17,0.120415608175649,0.25));
#9366=CARTESIAN_POINT('Ctrl Pts',(0.,0.120415608175649,-0.499999999999997));
#9367=CARTESIAN_POINT('Ctrl Pts',(-0.0498777780277582,0.120415608175649,
-0.496527777777775));
#9368=CARTESIAN_POINT('Ctrl Pts',(-0.0851466931017034,0.0851466931017035,
-0.493055555555553));
#9369=CARTESIAN_POINT('Ctrl Pts',(-0.120415608175649,0.0498777780277582,
-0.489583333333331));
#9370=CARTESIAN_POINT('Ctrl Pts',(-0.120415608175649,8.2759616837041E-18,
-0.486111111111108));
#9371=CARTESIAN_POINT('Ctrl Pts',(-0.120415608175649,-0.0498777780277582,
-0.482638888888886));
#9372=CARTESIAN_POINT('Ctrl Pts',(-0.0851466931017035,-0.0851466931017034,
-0.479166666666664));
#9373=CARTESIAN_POINT('Ctrl Pts',(-0.0498777780277582,-0.120415608175649,
-0.475694444444442));
#9374=CARTESIAN_POINT('Ctrl Pts',(-1.4746658911969E-17,-0.120415608175649,
-0.472222222222219));
#9375=CARTESIAN_POINT('Ctrl Pts',(0.0498777780277582,-0.120415608175649,
-0.468749999999997));
#9376=CARTESIAN_POINT('Ctrl Pts',(0.0851466931017034,-0.0851466931017035,
-0.465277777777775));
#9377=CARTESIAN_POINT('Ctrl Pts',(0.120415608175649,-0.0498777780277583,
-0.461805555555553));
#9378=CARTESIAN_POINT('Ctrl Pts',(0.120415608175649,-2.12173561402339E-17,
-0.45833333333333));
#9379=CARTESIAN_POINT('Ctrl Pts',(0.120415608175649,0.0498777780277583,
-0.454861111111108));
#9380=CARTESIAN_POINT('Ctrl Pts',(0.0851466931017035,0.0851466931017034,
-0.451388888888886));
#9381=CARTESIAN_POINT('Ctrl Pts',(0.0498777780277583,0.120415608175649,
-0.447916666666664));
#9382=CARTESIAN_POINT('Ctrl Pts',(0.,0.120415608175649,-0.444444444444441));
#9383=CARTESIAN_POINT('Ctrl Pts',(-1.69825330526139E-14,0.120415608175649,
-0.506944444444441));
#9384=CARTESIAN_POINT('Ctrl Pts',(-0.00561454824892775,0.120415608175648,
-0.506553589840076));
#9385=CARTESIAN_POINT('Ctrl Pts',(-0.0112334788511922,0.120022985830743,
-0.506151108770132));
#9386=CARTESIAN_POINT('Ctrl Pts',(-0.0325709697888696,0.117013643542543,
-0.504578932254337));
#9387=CARTESIAN_POINT('Ctrl Pts',(-0.0477290470286717,0.111691275741212,
-0.503370236408935));
#9388=CARTESIAN_POINT('Ctrl Pts',(-0.0747094348844743,0.0956941050921626,
-0.501030723660424));
#9389=CARTESIAN_POINT('Ctrl Pts',(-0.086362435918811,0.0853251892391338,
-0.499977369610138));
#9390=CARTESIAN_POINT('Ctrl Pts',(-0.105394112632611,0.0603776418891628,
-0.497691871323007));
#9391=CARTESIAN_POINT('Ctrl Pts',(-0.112444194915279,0.0459305685528137,
-0.496482852544699));
#9392=CARTESIAN_POINT('Ctrl Pts',(-0.120399002056738,0.0155831355180011,
-0.494140848349008));
#9393=CARTESIAN_POINT('Ctrl Pts',(-0.121403240777966,2.07403218601871E-5,
-0.493085478084104));
#9394=CARTESIAN_POINT('Ctrl Pts',(-0.117413485674056,-0.0311088828036917,
-0.490803355559889));
#9395=CARTESIAN_POINT('Ctrl Pts',(-0.112272977099257,-0.0463508012138605,
-0.489594067112274));
#9396=CARTESIAN_POINT('Ctrl Pts',(-0.0965985110548554,-0.0735349911681891,
-0.487249672049058));
#9397=CARTESIAN_POINT('Ctrl Pts',(-0.0863771051817752,-0.085309157319971,
-0.486192081064852));
#9398=CARTESIAN_POINT('Ctrl Pts',(-0.0616557928250693,-0.104654456406799,
-0.483913288638742));
#9399=CARTESIAN_POINT('Ctrl Pts',(-0.0472773877700981,-0.111887279124314,
-0.482703780797928));
#9400=CARTESIAN_POINT('Ctrl Pts',(-0.0170129116562911,-0.120204664368689,
-0.4803570965617));
#9401=CARTESIAN_POINT('Ctrl Pts',(-0.00146858376097565,-0.121393690962357,
-0.479297104884172));
#9402=CARTESIAN_POINT('Ctrl Pts',(0.0297199577743674,-0.117775255023231,
-0.477021587883442));
#9403=CARTESIAN_POINT('Ctrl Pts',(0.0450393030758375,-0.112808085557501,
-0.475811907680885));
#9404=CARTESIAN_POINT('Ctrl Pts',(0.072414878682198,-0.0974404304606739,
-0.473463036370443));
#9405=CARTESIAN_POINT('Ctrl Pts',(0.0843034846933841,-0.0873581901221211,
-0.472400488913445));
#9406=CARTESIAN_POINT('Ctrl Pts',(0.103943224817937,-0.0628520360255995,
-0.470128184345751));
#9407=CARTESIAN_POINT('Ctrl Pts',(0.111347705684853,-0.0485404085188592,
-0.468918375380986));
#9408=CARTESIAN_POINT('Ctrl Pts',(0.120006573635095,-0.0183560083899949,
-0.466567418841431));
#9409=CARTESIAN_POINT('Ctrl Pts',(0.121369239745354,-0.002828562925071,
-0.465502185360094));
#9410=CARTESIAN_POINT('Ctrl Pts',(0.118099696434202,0.0284132163230264,
-0.463233022666079));
#9411=CARTESIAN_POINT('Ctrl Pts',(0.113296123365925,0.043803449480196,-0.462023124986836));
#9412=CARTESIAN_POINT('Ctrl Pts',(0.0982174105650054,0.0713571659760596,
-0.459670184209955));
#9413=CARTESIAN_POINT('Ctrl Pts',(0.0882653052282312,0.0833529006096886,
-0.45860215888505));
#9414=CARTESIAN_POINT('Ctrl Pts',(0.0639618085934961,0.10326666234108,-0.456336060738289));
#9415=CARTESIAN_POINT('Ctrl Pts',(0.0497143490468579,0.110830947845083,
-0.45512611078389));
#9416=CARTESIAN_POINT('Ctrl Pts',(0.0232225899316302,0.118730285750953,
-0.453054117309533));
#9417=CARTESIAN_POINT('Ctrl Pts',(0.0116334910864954,0.120415608175653,
-0.452198749870465));
#9418=CARTESIAN_POINT('Ctrl Pts',(-4.27971306687443E-14,0.120415608175649,
-0.451388888888883));
#9419=CARTESIAN_POINT('Origin',(0.,0.,0.25));
#9420=CARTESIAN_POINT('',(-1.4746658911969E-17,0.120415608175649,-0.323611111111111));
#9421=CARTESIAN_POINT('Origin',(0.,6.37242923159306E-19,-0.323611111111111));
#9422=CARTESIAN_POINT('',(-1.4746658911969E-17,0.120415608175649,-0.384722222222223));
#9423=CARTESIAN_POINT('',(-1.4746658911969E-17,0.120415608175649,0.25));
#9424=CARTESIAN_POINT('',(-0.0544605610248045,0.10739630340554,-0.384722222222223));
#9425=CARTESIAN_POINT('Origin',(0.,7.05133210372404E-19,-0.384722222222223));
#9426=CARTESIAN_POINT('',(-7.3733294559845E-18,0.120415608175649,-0.388888888888885));
#9427=CARTESIAN_POINT('Ctrl Pts',(0.,0.120415608175649,-0.388888888888885));
#9428=CARTESIAN_POINT('Ctrl Pts',(-0.028786473595133,0.120415608175649,
-0.386884929665586));
#9429=CARTESIAN_POINT('Ctrl Pts',(-0.0544605610248045,0.10739630340554,
-0.384722222222223));
#9430=CARTESIAN_POINT('',(-1.29016958595508E-14,0.120415608175649,-0.395833333333328));
#9431=CARTESIAN_POINT('',(-1.4746658911969E-17,0.120415608175649,0.25));
#9432=CARTESIAN_POINT('',(-0.114450086420288,0.0374312224045654,-0.384722222222223));
#9433=CARTESIAN_POINT('Ctrl Pts',(-2.57886450601895E-14,0.120415608175649,
-0.395833333333328));
#9434=CARTESIAN_POINT('Ctrl Pts',(-0.00241109493459615,0.120415608175648,
-0.395665485892188));
#9435=CARTESIAN_POINT('Ctrl Pts',(-0.00482435855056367,0.120343193330214,
-0.395495399374108));
#9436=CARTESIAN_POINT('Ctrl Pts',(-0.0232439160870754,0.11923423379236,
-0.394181151802085));
#9437=CARTESIAN_POINT('Ctrl Pts',(-0.0388962292965182,0.115082680998954,
-0.392971810732643));
#9438=CARTESIAN_POINT('Ctrl Pts',(-0.0671372586686921,0.101150764146332,
-0.390604091160361));
#9439=CARTESIAN_POINT('Ctrl Pts',(-0.0795524613546621,0.0917069529054341,
-0.389506890282558));
#9440=CARTESIAN_POINT('Ctrl Pts',(-0.0953232380147412,0.0740348249891449,
-0.387821896591261));
#9441=CARTESIAN_POINT('Ctrl Pts',(-0.100159101093556,0.0673483100074592,
-0.38721697379309));
#9442=CARTESIAN_POINT('Ctrl Pts',(-0.108446941798584,0.0529978840872117,
-0.385978991930904));
#9443=CARTESIAN_POINT('Ctrl Pts',(-0.111856919690463,0.0453601153785339,
-0.385348963823765));
#9444=CARTESIAN_POINT('Ctrl Pts',(-0.114450086420288,0.0374312224045652,
-0.384722222222223));
#9445=CARTESIAN_POINT('Origin',(0.,7.05133210372404E-19,-0.384722222222223));
#9446=CARTESIAN_POINT('Origin',(0.,0.,0.046875));
#9447=CARTESIAN_POINT('',(3.44431912260193E-17,0.28125,0.075));
#9448=CARTESIAN_POINT('Origin',(0.,1.94413095201144E-19,0.075));
#9449=CARTESIAN_POINT('',(-3.44431912260193E-17,0.28125,0.01875));
#9450=CARTESIAN_POINT('Origin',(-1.03594239533176E-16,0.845911160714278,
0.046875));
#9451=CARTESIAN_POINT('Origin',(0.,2.56903018658655E-19,0.01875));
#9452=CARTESIAN_POINT('Origin',(0.,0.,0.25));
#9453=CARTESIAN_POINT('',(-0.0134660976097137,-0.280927440302947,0.0940725596970533));
#9454=CARTESIAN_POINT('',(0.0134660976097137,-0.280927440302947,0.0940725596970534));
#9455=CARTESIAN_POINT('Origin',(0.,-1.38866496572244E-19,0.374999999999999));
#9456=CARTESIAN_POINT('',(-0.0134660976097137,-0.280927440302947,0.234171572875254));
#9457=CARTESIAN_POINT('',(-0.0134660976097137,-0.280927440302947,0.25));
#9458=CARTESIAN_POINT('',(-0.028554369908378,-0.279796730608375,0.234171572875254));
#9459=CARTESIAN_POINT('Origin',(0.,-5.37881680520482E-19,0.234171572875254));
#9460=CARTESIAN_POINT('',(-0.0285543699083798,-0.279796730608375,0.0940725596970534));
#9461=CARTESIAN_POINT('',(-0.0285543699083798,-0.279796730608375,0.25));
#9462=CARTESIAN_POINT('',(-0.0551857547592627,-0.275782695199772,0.0940725596970533));
#9463=CARTESIAN_POINT('Origin',(-0.0209470499239667,-0.138974595694995,
0.234455639924261));
#9464=CARTESIAN_POINT('',(-0.0551857547592627,-0.275782695199772,0.234171572875254));
#9465=CARTESIAN_POINT('',(-0.0551857547592627,-0.275782695199772,0.25));
#9466=CARTESIAN_POINT('',(-0.0699369799873982,-0.272415824302191,0.234171572875254));
#9467=CARTESIAN_POINT('Origin',(-4.1393954690149E-20,-5.34779632457036E-19,
0.234171572875254));
#9468=CARTESIAN_POINT('',(-0.0699369799873981,-0.272415824302191,0.0940725596970534));
#9469=CARTESIAN_POINT('',(-0.0699369799873981,-0.272415824302191,0.25));
#9470=CARTESIAN_POINT('',(-0.0956726533392064,-0.264477420403021,0.0940725596970533));
#9471=CARTESIAN_POINT('Origin',(-0.0414261773665988,-0.13430036849501,0.234455639924261));
#9472=CARTESIAN_POINT('',(-0.0956726533392064,-0.264477420403021,0.234171572875254));
#9473=CARTESIAN_POINT('',(-0.0956726533392064,-0.264477420403021,0.25));
#9474=CARTESIAN_POINT('',(-0.109757313500878,-0.258949598634696,0.234171572875254));
#9475=CARTESIAN_POINT('Origin',(-8.18632368339692E-20,-5.25542782894455E-19,
0.234171572875254));
#9476=CARTESIAN_POINT('',(-0.109757313500878,-0.258949598634696,0.0940725596970534));
#9477=CARTESIAN_POINT('',(-0.109757313500878,-0.258949598634696,0.25));
#9478=CARTESIAN_POINT('',(-0.134022382937853,-0.247264157070247,0.0940725596970533));
#9479=CARTESIAN_POINT('Origin',(-0.0609799124615556,-0.126626092987526,
0.234455639924289));
#9480=CARTESIAN_POINT('',(-0.134022382937853,-0.247264157070247,0.234171572875254));
#9481=CARTESIAN_POINT('',(-0.134022382937853,-0.247264157070247,0.25));
#9482=CARTESIAN_POINT('',(-0.14712584999925,-0.239698866835032,0.234171572875254));
#9483=CARTESIAN_POINT('Origin',(-1.20503829541845E-19,-5.10377467788533E-19,
0.234171572875254));
#9484=CARTESIAN_POINT('',(-0.14712584999925,-0.239698866835032,0.0940725596970534));
#9485=CARTESIAN_POINT('',(-0.14712584999925,-0.239698866835032,0.25));
#9486=CARTESIAN_POINT('',(-0.169378273966989,-0.224527421060243,0.0940725596970533));
#9487=CARTESIAN_POINT('Origin',(-0.0791714570783914,-0.11612319980602,0.234455639924255));
#9488=CARTESIAN_POINT('',(-0.169378273966989,-0.224527421060243,0.234171572875254));
#9489=CARTESIAN_POINT('',(-0.169378273966989,-0.224527421060243,0.25));
#9490=CARTESIAN_POINT('',(-0.181207838126787,-0.215093658440727,0.234171572875254));
#9491=CARTESIAN_POINT('Origin',(-1.5645256582434E-19,-4.89622455218807E-19,
0.234171572875254));
#9492=CARTESIAN_POINT('',(-0.181207838126787,-0.215093658440727,0.0940725596970534));
#9493=CARTESIAN_POINT('',(-0.181207838126787,-0.215093658440727,0.25));
#9494=CARTESIAN_POINT('',(-0.200950534244874,-0.196775113484149,0.0940725596970533));
#9495=CARTESIAN_POINT('Origin',(-0.0955944421709871,-0.103026306228663,
0.234455639924235));
#9496=CARTESIAN_POINT('',(-0.200950534244875,-0.196775113484149,0.234171572875254));
#9497=CARTESIAN_POINT('',(-0.200950534244875,-0.196775113484149,0.25));
#9498=CARTESIAN_POINT('',(-0.21124194258751,-0.185683613148428,0.234171572875254));
#9499=CARTESIAN_POINT('Origin',(-1.88906410316403E-19,-4.63741377869459E-19,
0.234171572875254));
#9500=CARTESIAN_POINT('',(-0.21124194258751,-0.185683613148428,0.0940725596970534));
#9501=CARTESIAN_POINT('',(-0.21124194258751,-0.185683613148428,0.25));
#9502=CARTESIAN_POINT('',(-0.228033891648492,-0.164627175033905,0.0940725596970533));
#9503=CARTESIAN_POINT('Origin',(-0.109882005390551,-0.0876279752159982,
0.234455639924264));
#9504=CARTESIAN_POINT('',(-0.228033891648492,-0.164627175033905,0.234171572875254));
#9505=CARTESIAN_POINT('',(-0.228033891648492,-0.164627175033905,0.25));
#9506=CARTESIAN_POINT('',(-0.236557251117631,-0.152125702771327,0.234171572875254));
#9507=CARTESIAN_POINT('Origin',(-2.17140397760443E-19,-4.33312376241281E-19,
0.234171572875254));
#9508=CARTESIAN_POINT('',(-0.236557251117631,-0.152125702771327,0.0940725596970534));
#9509=CARTESIAN_POINT('',(-0.236557251117631,-0.152125702771327,0.25));
#9510=CARTESIAN_POINT('',(-0.250023348727344,-0.128801737531622,0.0940725596970533));
#9511=CARTESIAN_POINT('Origin',(-0.121714986184234,-0.0702721800378804,
0.234455639924251));
#9512=CARTESIAN_POINT('',(-0.250023348727345,-0.128801737531622,0.234171572875254));
#9513=CARTESIAN_POINT('',(-0.250023348727345,-0.128801737531622,0.25));
#9514=CARTESIAN_POINT('',(-0.256588261556874,-0.115169555574472,0.234171572875254));
#9515=CARTESIAN_POINT('Origin',(-2.4052382753222E-19,-3.99015183948234E-19,
0.234171572875254));
#9516=CARTESIAN_POINT('',(-0.256588261556874,-0.115169555574472,0.0940725596970534));
#9517=CARTESIAN_POINT('',(-0.256588261556874,-0.115169555574472,0.25));
#9518=CARTESIAN_POINT('',(-0.266427697346775,-0.090099082051346,0.0940725596970533));
#9519=CARTESIAN_POINT('Origin',(-0.130829055314522,-0.0513466204789989,
0.234455639924242));
#9520=CARTESIAN_POINT('',(-0.266427697346775,-0.0900990820513461,0.234171572875254));
#9521=CARTESIAN_POINT('',(-0.266427697346775,-0.0900990820513461,0.25));
#9522=CARTESIAN_POINT('',(-0.270887514232275,-0.0756407108180442,0.234171572875254));
#9523=CARTESIAN_POINT('Origin',(-2.58534352450589E-19,-3.61615943591742E-19,
0.234171572875254));
#9524=CARTESIAN_POINT('',(-0.270887514232275,-0.0756407108180443,0.0940725596970534));
#9525=CARTESIAN_POINT('',(-0.270887514232275,-0.0756407108180443,0.25));
#9526=CARTESIAN_POINT('',(-0.276880491465996,-0.0493837619622947,0.0940725596970533));
#9527=CARTESIAN_POINT('Origin',(-0.137020619537589,-0.0312740622663513,
0.234455639924238));
#9528=CARTESIAN_POINT('',(-0.276880491465996,-0.0493837619622948,0.234171572875254));
#9529=CARTESIAN_POINT('',(-0.276880491465996,-0.0493837619622948,0.25));
#9530=CARTESIAN_POINT('',(-0.27913558746787,-0.0344221775744535,0.234171572875254));
#9531=CARTESIAN_POINT('Origin',(-2.70769647150369E-19,-3.21950092400983E-19,
0.234171572875254));
#9532=CARTESIAN_POINT('',(-0.27913558746787,-0.0344221775744538,0.0940725596970534));
#9533=CARTESIAN_POINT('',(-0.27913558746787,-0.0344221775744538,0.25));
#9534=CARTESIAN_POINT('',(-0.281148232937106,-0.00756529023521599,0.0940725596970533));
#9535=CARTESIAN_POINT('Origin',(-0.140151369539946,-0.0105028931815026,
0.234455639924264));
#9536=CARTESIAN_POINT('',(-0.281148232937106,-0.007565290235216,0.234171572875254));
#9537=CARTESIAN_POINT('',(-0.281148232937106,-0.007565290235216,0.25));
#9538=CARTESIAN_POINT('',(-0.281148232937106,0.00756529023521403,0.234171572875254));
#9539=CARTESIAN_POINT('Origin',(-2.76956395366182E-19,-2.80903699945713E-19,
0.234171572875254));
#9540=CARTESIAN_POINT('',(-0.281148232937106,0.00756529023521397,0.0940725596970534));
#9541=CARTESIAN_POINT('',(-0.281148232937106,0.00756529023521398,0.25));
#9542=CARTESIAN_POINT('',(-0.27913558746787,0.0344221775744517,0.0940725596970533));
#9543=CARTESIAN_POINT('Origin',(-0.140151369539946,0.0105028931815075,0.234455639924234));
#9544=CARTESIAN_POINT('',(-0.27913558746787,0.0344221775744518,0.234171572875254));
#9545=CARTESIAN_POINT('',(-0.27913558746787,0.0344221775744518,0.25));
#9546=CARTESIAN_POINT('',(-0.276880491465996,0.049383761962293,0.234171572875254));
#9547=CARTESIAN_POINT('Origin',(-2.76956395366181E-19,-2.39393674806262E-19,
0.234171572875254));
#9548=CARTESIAN_POINT('',(-0.276880491465996,0.0493837619622928,0.0940725596970534));
#9549=CARTESIAN_POINT('',(-0.276880491465996,0.0493837619622928,0.25));
#9550=CARTESIAN_POINT('',(-0.270887514232276,0.0756407108180424,0.0940725596970533));
#9551=CARTESIAN_POINT('Origin',(-0.13702061953759,0.031274062266352,0.234455639924243));
#9552=CARTESIAN_POINT('',(-0.270887514232276,0.0756407108180424,0.234171572875254));
#9553=CARTESIAN_POINT('',(-0.270887514232276,0.0756407108180424,0.25));
#9554=CARTESIAN_POINT('',(-0.266427697346776,0.0900990820513444,0.234171572875254));
#9555=CARTESIAN_POINT('Origin',(-2.70769647150367E-19,-1.98347282350993E-19,
0.234171572875254));
#9556=CARTESIAN_POINT('',(-0.266427697346776,0.0900990820513442,0.0940725596970534));
#9557=CARTESIAN_POINT('',(-0.266427697346776,0.0900990820513442,0.25));
#9558=CARTESIAN_POINT('',(-0.256588261556874,0.11516955557447,0.0940725596970533));
#9559=CARTESIAN_POINT('Origin',(-0.130829055314523,0.051346620478996,0.234455639924262));
#9560=CARTESIAN_POINT('',(-0.256588261556875,0.11516955557447,0.234171572875254));
#9561=CARTESIAN_POINT('',(-0.256588261556875,0.11516955557447,0.25));
#9562=CARTESIAN_POINT('',(-0.250023348727345,0.12880173753162,0.234171572875254));
#9563=CARTESIAN_POINT('Origin',(-2.58534352450587E-19,-1.58681431160234E-19,
0.234171572875254));
#9564=CARTESIAN_POINT('',(-0.250023348727345,0.12880173753162,0.0940725596970534));
#9565=CARTESIAN_POINT('',(-0.250023348727345,0.12880173753162,0.25));
#9566=CARTESIAN_POINT('',(-0.236557251117632,0.152125702771326,0.0940725596970533));
#9567=CARTESIAN_POINT('Origin',(-0.121714986184233,0.07027218003788,0.234455639924267));
#9568=CARTESIAN_POINT('',(-0.236557251117632,0.152125702771326,0.234171572875254));
#9569=CARTESIAN_POINT('',(-0.236557251117632,0.152125702771326,0.25));
#9570=CARTESIAN_POINT('',(-0.228033891648493,0.164627175033903,0.234171572875254));
#9571=CARTESIAN_POINT('Origin',(-2.40523827532217E-19,-1.21282190803742E-19,
0.234171572875254));
#9572=CARTESIAN_POINT('',(-0.228033891648493,0.164627175033903,0.0940725596970534));
#9573=CARTESIAN_POINT('',(-0.228033891648493,0.164627175033903,0.25));
#9574=CARTESIAN_POINT('',(-0.211241942587511,0.185683613148427,0.0940725596970533));
#9575=CARTESIAN_POINT('Origin',(-0.10988200539055,0.0876279752159985,0.234455639924261));
#9576=CARTESIAN_POINT('',(-0.211241942587511,0.185683613148427,0.234171572875254));
#9577=CARTESIAN_POINT('',(-0.211241942587511,0.185683613148427,0.25));
#9578=CARTESIAN_POINT('',(-0.200950534244876,0.196775113484147,0.234171572875254));
#9579=CARTESIAN_POINT('Origin',(-2.17140397760439E-19,-8.69849985106958E-20,
0.234171572875254));
#9580=CARTESIAN_POINT('',(-0.200950534244876,0.196775113484147,0.0940725596970534));
#9581=CARTESIAN_POINT('',(-0.200950534244876,0.196775113484147,0.25));
#9582=CARTESIAN_POINT('',(-0.181207838126788,0.215093658440726,0.0940725596970533));
#9583=CARTESIAN_POINT('Origin',(-0.0955944421709884,0.103026306228662,0.234455639924276));
#9584=CARTESIAN_POINT('',(-0.181207838126788,0.215093658440726,0.234171572875254));
#9585=CARTESIAN_POINT('',(-0.181207838126788,0.215093658440726,0.25));
#9586=CARTESIAN_POINT('',(-0.16937827396699,0.224527421060242,0.234171572875254));
#9587=CARTESIAN_POINT('Origin',(-1.88906410316398E-19,-5.65559968825183E-20,
0.234171572875254));
#9588=CARTESIAN_POINT('',(-0.16937827396699,0.224527421060242,0.0940725596970534));
#9589=CARTESIAN_POINT('',(-0.16937827396699,0.224527421060242,0.25));
#9590=CARTESIAN_POINT('',(-0.147125849999252,0.239698866835031,0.0940725596970533));
#9591=CARTESIAN_POINT('Origin',(-0.0791714570783894,0.116123199806021,0.234455639924272));
#9592=CARTESIAN_POINT('',(-0.147125849999252,0.239698866835031,0.234171572875254));
#9593=CARTESIAN_POINT('',(-0.147125849999252,0.239698866835031,0.25));
#9594=CARTESIAN_POINT('',(-0.134022382937855,0.247264157070246,0.234171572875254));
#9595=CARTESIAN_POINT('Origin',(-1.56452565824336E-19,-3.06749195331713E-20,
0.234171572875254));
#9596=CARTESIAN_POINT('',(-0.134022382937855,0.247264157070246,0.0940725596970534));
#9597=CARTESIAN_POINT('',(-0.134022382937855,0.247264157070246,0.25));
#9598=CARTESIAN_POINT('',(-0.10975731350088,0.258949598634695,0.0940725596970533));
#9599=CARTESIAN_POINT('Origin',(-0.0609799124615522,0.126626092987527,0.234455639924251));
#9600=CARTESIAN_POINT('',(-0.10975731350088,0.258949598634695,0.234171572875254));
#9601=CARTESIAN_POINT('',(-0.10975731350088,0.258949598634695,0.25));
#9602=CARTESIAN_POINT('',(-0.0956726533392082,0.26447742040302,0.234171572875254));
#9603=CARTESIAN_POINT('Origin',(-1.2050382954184E-19,-9.91990696344607E-21,
0.234171572875254));
#9604=CARTESIAN_POINT('',(-0.0956726533392082,0.26447742040302,0.0940725596970534));
#9605=CARTESIAN_POINT('',(-0.0956726533392083,0.26447742040302,0.25));
#9606=CARTESIAN_POINT('',(-0.0699369799874,0.272415824302191,0.0940725596970533));
#9607=CARTESIAN_POINT('Origin',(-0.041426177366597,0.134300368495011,0.234455639924239));
#9608=CARTESIAN_POINT('',(-0.0699369799874,0.272415824302191,0.234171572875254));
#9609=CARTESIAN_POINT('',(-0.0699369799874,0.272415824302191,0.25));
#9610=CARTESIAN_POINT('',(-0.0551857547592645,0.275782695199772,0.234171572875254));
#9611=CARTESIAN_POINT('Origin',(-8.18632368339635E-20,5.24540814247537E-21,
0.234171572875254));
#9612=CARTESIAN_POINT('',(-0.0551857547592646,0.275782695199772,0.0940725596970534));
#9613=CARTESIAN_POINT('',(-0.0551857547592646,0.275782695199772,0.25));
#9614=CARTESIAN_POINT('',(-0.0285543699083818,0.279796730608374,0.0940725596970533));
#9615=CARTESIAN_POINT('Origin',(-0.020947049923972,0.138974595694994,0.234455639924254));
#9616=CARTESIAN_POINT('',(-0.0285543699083818,0.279796730608375,0.234171572875254));
#9617=CARTESIAN_POINT('',(-0.0285543699083818,0.279796730608375,0.25));
#9618=CARTESIAN_POINT('',(-0.0134660976097137,0.280927440302947,0.234171572875254));
#9619=CARTESIAN_POINT('Origin',(-4.13939546901433E-20,1.44822577050556E-20,
0.234171572875254));
#9620=CARTESIAN_POINT('',(-0.0134660976097137,0.280927440302947,0.0940725596970534));
#9621=CARTESIAN_POINT('',(-0.0134660976097137,0.280927440302947,0.25));
#9622=CARTESIAN_POINT('',(-3.44431912260193E-17,0.28125,0.09375));
#9623=CARTESIAN_POINT('Origin',(0.,-1.38866496572244E-19,0.374999999999999));
#9624=CARTESIAN_POINT('',(-3.44431912260193E-17,0.28125,0.25));
#9625=CARTESIAN_POINT('',(0.0134660976097137,0.280927440302947,0.0940725596970533));
#9626=CARTESIAN_POINT('Origin',(0.,-1.38866496572244E-19,0.374999999999999));
#9627=CARTESIAN_POINT('',(0.0134660976097137,0.280927440302947,0.234171572875254));
#9628=CARTESIAN_POINT('',(0.0134660976097137,0.280927440302947,0.25));
#9629=CARTESIAN_POINT('',(0.028554369908378,0.279796730608375,0.234171572875254));
#9630=CARTESIAN_POINT('Origin',(0.,1.7584305768501E-20,0.234171572875254));
#9631=CARTESIAN_POINT('',(0.028554369908378,0.279796730608375,0.0940725596970534));
#9632=CARTESIAN_POINT('',(0.028554369908378,0.279796730608375,0.25));
#9633=CARTESIAN_POINT('',(0.0551857547592608,0.275782695199773,0.0940725596970533));
#9634=CARTESIAN_POINT('Origin',(0.0209470499239719,0.138974595694995,0.23445563992428));
#9635=CARTESIAN_POINT('',(0.0551857547592646,0.275782695199772,0.234171572875254));
#9636=CARTESIAN_POINT('',(0.0551857547592609,0.275782695199773,0.25));
#9637=CARTESIAN_POINT('',(0.0699369799873962,0.272415824302192,0.234171572875254));
#9638=CARTESIAN_POINT('Origin',(4.1393954690147E-20,1.4482257705055E-20,
0.234171572875254));
#9639=CARTESIAN_POINT('',(0.0699369799873961,0.272415824302192,0.0940725596970534));
#9640=CARTESIAN_POINT('',(0.0699369799873961,0.272415824302192,0.25));
#9641=CARTESIAN_POINT('',(0.0956726533392044,0.264477420403021,0.0940725596970533));
#9642=CARTESIAN_POINT('Origin',(0.0414261773665965,0.134300368495011,0.234455639924269));
#9643=CARTESIAN_POINT('',(0.0956726533392083,0.26447742040302,0.234171572875254));
#9644=CARTESIAN_POINT('',(0.0956726533392045,0.264477420403021,0.25));
#9645=CARTESIAN_POINT('',(0.109757313500877,0.258949598634696,0.234171572875254));
#9646=CARTESIAN_POINT('Origin',(8.18632368339672E-20,5.2454081424742E-21,
0.234171572875254));
#9647=CARTESIAN_POINT('',(0.109757313500877,0.258949598634696,0.0940725596970534));
#9648=CARTESIAN_POINT('',(0.109757313500877,0.258949598634696,0.25));
#9649=CARTESIAN_POINT('',(0.134022382937851,0.247264157070247,0.0940725596970533));
#9650=CARTESIAN_POINT('Origin',(0.0609799124615543,0.126626092987526,0.234455639924251));
#9651=CARTESIAN_POINT('',(0.134022382937855,0.247264157070246,0.234171572875254));
#9652=CARTESIAN_POINT('',(0.134022382937851,0.247264157070247,0.25));
#9653=CARTESIAN_POINT('',(0.147125849999248,0.239698866835033,0.234171572875254));
#9654=CARTESIAN_POINT('Origin',(1.20503829541843E-19,-9.91990696344777E-21,
0.234171572875254));
#9655=CARTESIAN_POINT('',(0.147125849999248,0.239698866835033,0.0940725596970534));
#9656=CARTESIAN_POINT('',(0.147125849999248,0.239698866835033,0.25));
#9657=CARTESIAN_POINT('',(0.169378273966987,0.224527421060244,0.0940725596970533));
#9658=CARTESIAN_POINT('Origin',(0.0791714570783886,0.116123199806021,0.234455639924272));
#9659=CARTESIAN_POINT('',(0.16937827396699,0.224527421060242,0.234171572875254));
#9660=CARTESIAN_POINT('',(0.169378273966987,0.224527421060244,0.25));
#9661=CARTESIAN_POINT('',(0.181207838126785,0.215093658440729,0.234171572875254));
#9662=CARTESIAN_POINT('Origin',(1.56452565824339E-19,-3.06749195331734E-20,
0.234171572875254));
#9663=CARTESIAN_POINT('',(0.181207838126785,0.215093658440729,0.0940725596970534));
#9664=CARTESIAN_POINT('',(0.181207838126785,0.215093658440729,0.25));
#9665=CARTESIAN_POINT('',(0.200950534244873,0.19677511348415,0.0940725596970533));
#9666=CARTESIAN_POINT('Origin',(0.0955944421709924,0.103026306228658,0.234455639924266));
#9667=CARTESIAN_POINT('',(0.200950534244876,0.196775113484147,0.234171572875254));
#9668=CARTESIAN_POINT('',(0.200950534244873,0.19677511348415,0.25));
#9669=CARTESIAN_POINT('',(0.211241942587509,0.18568361314843,0.234171572875254));
#9670=CARTESIAN_POINT('Origin',(1.88906410316401E-19,-5.6555996882521E-20,
0.234171572875254));
#9671=CARTESIAN_POINT('',(0.211241942587509,0.18568361314843,0.0940725596970534));
#9672=CARTESIAN_POINT('',(0.211241942587509,0.18568361314843,0.25));
#9673=CARTESIAN_POINT('',(0.22803389164849,0.164627175033907,0.0940725596970533));
#9674=CARTESIAN_POINT('Origin',(0.10988200539055,0.0876279752159995,0.234455639924257));
#9675=CARTESIAN_POINT('',(0.228033891648493,0.164627175033903,0.234171572875254));
#9676=CARTESIAN_POINT('',(0.22803389164849,0.164627175033907,0.25));
#9677=CARTESIAN_POINT('',(0.23655725111763,0.152125702771329,0.234171572875254));
#9678=CARTESIAN_POINT('Origin',(2.17140397760441E-19,-8.69849985106989E-20,
0.234171572875254));
#9679=CARTESIAN_POINT('',(0.23655725111763,0.152125702771329,0.0940725596970534));
#9680=CARTESIAN_POINT('',(0.23655725111763,0.152125702771329,0.25));
#9681=CARTESIAN_POINT('',(0.250023348727344,0.128801737531623,0.0940725596970533));
#9682=CARTESIAN_POINT('Origin',(0.121714986184234,0.0702721800378794,0.234455639924264));
#9683=CARTESIAN_POINT('',(0.250023348727345,0.12880173753162,0.234171572875254));
#9684=CARTESIAN_POINT('',(0.250023348727344,0.128801737531623,0.25));
#9685=CARTESIAN_POINT('',(0.256588261556873,0.115169555574474,0.234171572875254));
#9686=CARTESIAN_POINT('Origin',(2.40523827532219E-19,-1.21282190803745E-19,
0.234171572875254));
#9687=CARTESIAN_POINT('',(0.256588261556873,0.115169555574474,0.0940725596970534));
#9688=CARTESIAN_POINT('',(0.256588261556873,0.115169555574474,0.25));
#9689=CARTESIAN_POINT('',(0.266427697346775,0.0900990820513478,0.0940725596970533));
#9690=CARTESIAN_POINT('Origin',(0.130829055314522,0.0513466204789985,0.234455639924256));
#9691=CARTESIAN_POINT('',(0.266427697346776,0.0900990820513442,0.234171572875254));
#9692=CARTESIAN_POINT('',(0.266427697346775,0.0900990820513479,0.25));
#9693=CARTESIAN_POINT('',(0.270887514232275,0.0756407108180462,0.234171572875254));
#9694=CARTESIAN_POINT('Origin',(2.58534352450588E-19,-1.58681431160238E-19,
0.234171572875254));
#9695=CARTESIAN_POINT('',(0.270887514232274,0.0756407108180463,0.0940725596970534));
#9696=CARTESIAN_POINT('',(0.270887514232275,0.0756407108180463,0.25));
#9697=CARTESIAN_POINT('',(0.276880491465996,0.0493837619622968,0.0940725596970533));
#9698=CARTESIAN_POINT('Origin',(0.13702061953759,0.0312740622663502,0.234455639924275));
#9699=CARTESIAN_POINT('',(0.276880491465996,0.0493837619622968,0.234171572875254));
#9700=CARTESIAN_POINT('',(0.276880491465996,0.0493837619622968,0.25));
#9701=CARTESIAN_POINT('',(0.27913558746787,0.0344221775744556,0.234171572875254));
#9702=CARTESIAN_POINT('Origin',(2.70769647150368E-19,-1.98347282350996E-19,
0.234171572875254));
#9703=CARTESIAN_POINT('',(0.27913558746787,0.0344221775744557,0.0940725596970534));
#9704=CARTESIAN_POINT('',(0.27913558746787,0.0344221775744557,0.25));
#9705=CARTESIAN_POINT('',(0.281148232937106,0.00756529023521796,0.0940725596970533));
#9706=CARTESIAN_POINT('Origin',(0.140151369539946,0.0105028931815058,0.234455639924245));
#9707=CARTESIAN_POINT('',(0.281148232937106,0.00756529023521796,0.234171572875254));
#9708=CARTESIAN_POINT('',(0.281148232937106,0.00756529023521796,0.25));
#9709=CARTESIAN_POINT('',(0.281148232937106,-0.00756529023521213,0.234171572875254));
#9710=CARTESIAN_POINT('Origin',(2.76956395366182E-19,-2.39393674806266E-19,
0.234171572875254));
#9711=CARTESIAN_POINT('',(0.281148232937106,-0.00756529023521207,0.0940725596970534));
#9712=CARTESIAN_POINT('',(0.281148232937106,-0.00756529023521207,0.25));
#9713=CARTESIAN_POINT('',(0.27913558746787,-0.0344221775744499,0.0940725596970533));
#9714=CARTESIAN_POINT('Origin',(0.140151369539946,-0.0105028931815031,0.234455639924244));
#9715=CARTESIAN_POINT('',(0.27913558746787,-0.0344221775744499,0.234171572875254));
#9716=CARTESIAN_POINT('',(0.27913558746787,-0.0344221775744499,0.25));
#9717=CARTESIAN_POINT('',(0.276880491465997,-0.049383761962291,0.234171572875254));
#9718=CARTESIAN_POINT('Origin',(2.76956395366182E-19,-2.80903699945717E-19,
0.234171572875254));
#9719=CARTESIAN_POINT('',(0.276880491465997,-0.0493837619622907,0.0940725596970534));
#9720=CARTESIAN_POINT('',(0.276880491465997,-0.0493837619622908,0.25));
#9721=CARTESIAN_POINT('',(0.270887514232276,-0.0756407108180404,0.0940725596970533));
#9722=CARTESIAN_POINT('Origin',(0.137020619537591,-0.0312740622663485,0.234455639924271));
#9723=CARTESIAN_POINT('',(0.270887514232276,-0.0756407108180404,0.234171572875254));
#9724=CARTESIAN_POINT('',(0.270887514232276,-0.0756407108180404,0.25));
#9725=CARTESIAN_POINT('',(0.266427697346776,-0.0900990820513424,0.234171572875254));
#9726=CARTESIAN_POINT('Origin',(2.70769647150368E-19,-3.21950092400987E-19,
0.234171572875254));
#9727=CARTESIAN_POINT('',(0.266427697346776,-0.0900990820513423,0.0940725596970534));
#9728=CARTESIAN_POINT('',(0.266427697346777,-0.0900990820513423,0.25));
#9729=CARTESIAN_POINT('',(0.256588261556875,-0.115169555574468,0.0940725596970533));
#9730=CARTESIAN_POINT('Origin',(0.130829055314523,-0.0513466204789956,0.23445563992427));
#9731=CARTESIAN_POINT('',(0.256588261556875,-0.115169555574468,0.234171572875254));
#9732=CARTESIAN_POINT('',(0.256588261556875,-0.115169555574468,0.25));
#9733=CARTESIAN_POINT('',(0.250023348727346,-0.128801737531618,0.234171572875254));
#9734=CARTESIAN_POINT('Origin',(2.58534352450587E-19,-3.61615943591745E-19,
0.234171572875254));
#9735=CARTESIAN_POINT('',(0.250023348727346,-0.128801737531618,0.0940725596970534));
#9736=CARTESIAN_POINT('',(0.250023348727346,-0.128801737531618,0.25));
#9737=CARTESIAN_POINT('',(0.236557251117633,-0.152125702771324,0.0940725596970533));
#9738=CARTESIAN_POINT('Origin',(0.121714986184234,-0.0702721800378796,0.234455639924272));
#9739=CARTESIAN_POINT('',(0.236557251117633,-0.152125702771324,0.234171572875254));
#9740=CARTESIAN_POINT('',(0.236557251117633,-0.152125702771324,0.25));
#9741=CARTESIAN_POINT('',(0.228033891648494,-0.164627175033902,0.234171572875254));
#9742=CARTESIAN_POINT('Origin',(2.40523827532218E-19,-3.99015183948237E-19,
0.234171572875254));
#9743=CARTESIAN_POINT('',(0.228033891648494,-0.164627175033902,0.0940725596970534));
#9744=CARTESIAN_POINT('',(0.228033891648494,-0.164627175033902,0.25));
#9745=CARTESIAN_POINT('',(0.211241942587513,-0.185683613148425,0.0940725596970533));
#9746=CARTESIAN_POINT('Origin',(0.10988200539055,-0.0876279752159989,0.23445563992425));
#9747=CARTESIAN_POINT('',(0.211241942587513,-0.185683613148425,0.234171572875254));
#9748=CARTESIAN_POINT('',(0.211241942587513,-0.185683613148425,0.25));
#9749=CARTESIAN_POINT('',(0.200950534244877,-0.196775113484146,0.234171572875254));
#9750=CARTESIAN_POINT('Origin',(2.1714039776044E-19,-4.33312376241284E-19,
0.234171572875254));
#9751=CARTESIAN_POINT('',(0.200950534244877,-0.196775113484146,0.0940725596970534));
#9752=CARTESIAN_POINT('',(0.200950534244877,-0.196775113484146,0.25));
#9753=CARTESIAN_POINT('',(0.18120783812679,-0.215093658440725,0.0940725596970533));
#9754=CARTESIAN_POINT('Origin',(0.0955944421709897,-0.10302630622866,0.234455639924259));
#9755=CARTESIAN_POINT('',(0.18120783812679,-0.215093658440725,0.234171572875254));
#9756=CARTESIAN_POINT('',(0.18120783812679,-0.215093658440725,0.25));
#9757=CARTESIAN_POINT('',(0.169378273966992,-0.224527421060241,0.234171572875254));
#9758=CARTESIAN_POINT('Origin',(1.889064103164E-19,-4.63741377869462E-19,
0.234171572875254));
#9759=CARTESIAN_POINT('',(0.169378273966992,-0.224527421060241,0.0940725596970534));
#9760=CARTESIAN_POINT('',(0.169378273966992,-0.224527421060241,0.25));
#9761=CARTESIAN_POINT('',(0.147125849999253,-0.23969886683503,0.0940725596970533));
#9762=CARTESIAN_POINT('Origin',(0.0791714570783907,-0.116123199806021,0.234455639924284));
#9763=CARTESIAN_POINT('',(0.147125849999253,-0.23969886683503,0.234171572875254));
#9764=CARTESIAN_POINT('',(0.147125849999253,-0.23969886683503,0.25));
#9765=CARTESIAN_POINT('',(0.134022382937856,-0.247264157070245,0.234171572875254));
#9766=CARTESIAN_POINT('Origin',(1.56452565824337E-19,-4.89622455218809E-19,
0.234171572875254));
#9767=CARTESIAN_POINT('',(0.134022382937856,-0.247264157070245,0.0940725596970534));
#9768=CARTESIAN_POINT('',(0.134022382937856,-0.247264157070245,0.25));
#9769=CARTESIAN_POINT('',(0.109757313500882,-0.258949598634694,0.0940725596970533));
#9770=CARTESIAN_POINT('Origin',(0.0609799124615559,-0.126626092987526,0.234455639924237));
#9771=CARTESIAN_POINT('',(0.109757313500882,-0.258949598634694,0.234171572875254));
#9772=CARTESIAN_POINT('',(0.109757313500882,-0.258949598634694,0.25));
#9773=CARTESIAN_POINT('',(0.09567265333921,-0.264477420403019,0.234171572875254));
#9774=CARTESIAN_POINT('Origin',(1.20503829541842E-19,-5.10377467788534E-19,
0.234171572875254));
#9775=CARTESIAN_POINT('',(0.0956726533392101,-0.264477420403019,0.0940725596970534));
#9776=CARTESIAN_POINT('',(0.0956726533392101,-0.264477420403019,0.25));
#9777=CARTESIAN_POINT('',(0.0699369799874019,-0.27241582430219,0.0940725596970533));
#9778=CARTESIAN_POINT('Origin',(0.0414261773665978,-0.134300368495011,0.234455639924274));
#9779=CARTESIAN_POINT('',(0.0699369799874019,-0.27241582430219,0.234171572875254));
#9780=CARTESIAN_POINT('',(0.0699369799874019,-0.27241582430219,0.25));
#9781=CARTESIAN_POINT('',(0.0551857547592665,-0.275782695199772,0.234171572875254));
#9782=CARTESIAN_POINT('Origin',(8.18632368339654E-20,-5.25542782894456E-19,
0.234171572875254));
#9783=CARTESIAN_POINT('',(0.0551857547592666,-0.275782695199771,0.0940725596970534));
#9784=CARTESIAN_POINT('',(0.0551857547592666,-0.275782695199772,0.25));
#9785=CARTESIAN_POINT('',(0.0285543699083839,-0.279796730608374,0.0940725596970533));
#9786=CARTESIAN_POINT('Origin',(0.0209470499239707,-0.138974595694994,0.234455639924255));
#9787=CARTESIAN_POINT('',(0.0285543699083839,-0.279796730608374,0.234171572875254));
#9788=CARTESIAN_POINT('',(0.0285543699083839,-0.279796730608374,0.25));
#9789=CARTESIAN_POINT('',(0.0134660976097155,-0.280927440302947,0.234171572875254));
#9790=CARTESIAN_POINT('Origin',(4.13939546901451E-20,-5.34779632457036E-19,
0.234171572875254));
#9791=CARTESIAN_POINT('',(0.0134660976097137,-0.280927440302947,0.25));
#9792=CARTESIAN_POINT('Origin',(0.,2.14196514322767E-73,0.25));
#9793=CARTESIAN_POINT('',(-0.0129324371295654,0.27585,0.240097016257093));
#9794=CARTESIAN_POINT('',(0.,0.27855,0.2377));
#9795=CARTESIAN_POINT('Ctrl Pts',(-0.0129324371295858,0.275849999999996,
0.240097016257096));
#9796=CARTESIAN_POINT('Ctrl Pts',(-0.00649416078157565,0.277194166297923,
0.239055833702077));
#9797=CARTESIAN_POINT('Ctrl Pts',(-1.6724346530392E-16,0.27855,0.2377));
#9798=CARTESIAN_POINT('',(-0.0134047670633313,0.280343919132488,0.235585786437627));
#9799=CARTESIAN_POINT('',(-0.0134047670633313,0.280343919132488,0.235585786437627));
#9800=CARTESIAN_POINT('',(-0.0285280461256232,0.279210586043652,0.235585786437627));
#9801=CARTESIAN_POINT('Origin',(-4.13939546901433E-20,1.2911162642562E-20,
0.235585786437627));
#9802=CARTESIAN_POINT('',(-0.0283253166327652,0.274696463151173,0.240097016257093));
#9803=CARTESIAN_POINT('',(-0.0283253166327652,0.274696463151173,0.240097016257093));
#9804=CARTESIAN_POINT('',(-0.0415157232433735,0.27543882664501,0.2377));
#9805=CARTESIAN_POINT('Ctrl Pts',(-0.0415157232433739,0.27543882664501,
0.2377));
#9806=CARTESIAN_POINT('Ctrl Pts',(-0.0348920203445742,0.27506604092496,
0.239055833702077));
#9807=CARTESIAN_POINT('Ctrl Pts',(-0.0283253166327448,0.274696463151172,
0.240097016257096));
#9808=CARTESIAN_POINT('',(-0.0539013016166305,0.27084150367723,0.240097016257093));
#9809=CARTESIAN_POINT('Ctrl Pts',(-0.0539013016166499,0.270841503677223,
0.240097016257096));
#9810=CARTESIAN_POINT('Ctrl Pts',(-0.047735273087142,0.273130232045363,
0.239055833702077));
#9811=CARTESIAN_POINT('Ctrl Pts',(-0.0415157232433733,0.27543882664501,
0.2377));
#9812=CARTESIAN_POINT('',(-0.0550381399068055,0.275214832322287,0.235585786437627));
#9813=CARTESIAN_POINT('',(-0.0550381399068055,0.275214832322287,0.235585786437627));
#9814=CARTESIAN_POINT('',(-0.0698235899053122,0.271840149844206,0.235585786437627));
#9815=CARTESIAN_POINT('Origin',(-8.18632368339635E-20,3.67431307998177E-21,
0.235585786437627));
#9816=CARTESIAN_POINT('',(-0.0689503296276965,0.26740666123779,0.240097016257093));
#9817=CARTESIAN_POINT('',(-0.0689503296276965,0.26740666123779,0.240097016257093));
#9818=CARTESIAN_POINT('',(-0.0821040538321576,0.266174805051729,0.2377));
#9819=CARTESIAN_POINT('Ctrl Pts',(-0.0821040538321578,0.26617480505173,
0.2377));
#9820=CARTESIAN_POINT('Ctrl Pts',(-0.0754987713935534,0.266793394730682,
0.239055833702077));
#9821=CARTESIAN_POINT('Ctrl Pts',(-0.0689503296276758,0.267406661237792,
0.240097016257096));
#9822=CARTESIAN_POINT('',(-0.0936661000947997,0.259782855714424,0.240097016257093));
#9823=CARTESIAN_POINT('Ctrl Pts',(-0.0936661000948177,0.259782855714414,
0.240097016257096));
#9824=CARTESIAN_POINT('Ctrl Pts',(-0.087910058272106,0.262965019743031,
0.239055833702077));
#9825=CARTESIAN_POINT('Ctrl Pts',(-0.0821040538321575,0.266174805051729,
0.2377));
#9826=CARTESIAN_POINT('',(-0.0954420516525503,0.263937900936825,0.235585786437627));
#9827=CARTESIAN_POINT('',(-0.0954420516525503,0.263937900936825,0.235585786437627));
#9828=CARTESIAN_POINT('',(-0.109559390066526,0.258397253899565,0.235585786437627));
#9829=CARTESIAN_POINT('Origin',(-1.2050382954184E-19,-1.14910020259397E-20,
0.235585786437627));
#9830=CARTESIAN_POINT('',(-0.108035106195735,0.254143436388561,0.240097016257093));
#9831=CARTESIAN_POINT('',(-0.108035106195735,0.254143436388561,0.240097016257093));
#9832=CARTESIAN_POINT('',(-0.120858315531196,0.250964878154219,0.2377));
#9833=CARTESIAN_POINT('Ctrl Pts',(-0.120858315531196,0.250964878154219,
0.2377));
#9834=CARTESIAN_POINT('Ctrl Pts',(-0.114419004647565,0.252561024960935,
0.239055833702076));
#9835=CARTESIAN_POINT('Ctrl Pts',(-0.108035106195715,0.254143436388566,
0.240097016257096));
#9836=CARTESIAN_POINT('',(-0.131338552675422,0.242921088033204,0.240097016257093));
#9837=CARTESIAN_POINT('Ctrl Pts',(-0.131338552675439,0.242921088033191,
0.240097016257096));
#9838=CARTESIAN_POINT('Ctrl Pts',(-0.12612107802227,0.246925603436254,0.239055833702077));
#9839=CARTESIAN_POINT('Ctrl Pts',(-0.120858315531196,0.250964878154219,
0.2377));
#9840=CARTESIAN_POINT('',(-0.13371394567762,0.246765032988687,0.235585786437627));
#9841=CARTESIAN_POINT('',(-0.13371394567762,0.246765032988687,0.235585786437627));
#9842=CARTESIAN_POINT('',(-0.146847814495095,0.239182190291417,0.235585786437627));
#9843=CARTESIAN_POINT('Origin',(-1.56452565824336E-19,-3.22460145956649E-20,
0.235585786437627));
#9844=CARTESIAN_POINT('',(-0.144706557014,0.235203067129798,0.240097016257093));
#9845=CARTESIAN_POINT('',(-0.144706557014,0.235203067129798,0.240097016257093));
#9846=CARTESIAN_POINT('',(-0.156912802173622,0.23014881058572,0.2377));
#9847=CARTESIAN_POINT('Ctrl Pts',(-0.156912802173622,0.23014881058572,0.2377));
#9848=CARTESIAN_POINT('Ctrl Pts',(-0.150783306409464,0.232686859238092,
0.239055833702077));
#9849=CARTESIAN_POINT('Ctrl Pts',(-0.14470655701398,0.235203067129806,0.240097016257096));
#9850=CARTESIAN_POINT('',(-0.166077119019701,0.220632864660336,0.240097016257093));
#9851=CARTESIAN_POINT('Ctrl Pts',(-0.166077119019716,0.220632864660321,
0.240097016257096));
#9852=CARTESIAN_POINT('Ctrl Pts',(-0.161514761298224,0.225370277180988,
0.239055833702077));
#9853=CARTESIAN_POINT('Ctrl Pts',(-0.156912802173622,0.23014881058572,0.2377));
#9854=CARTESIAN_POINT('',(-0.168998891111895,0.224079841970524,0.235585786437627));
#9855=CARTESIAN_POINT('',(-0.168998891111895,0.224079841970524,0.235585786437627));
#9856=CARTESIAN_POINT('',(-0.180855901406553,0.21462419178883,0.235585786437627));
#9857=CARTESIAN_POINT('Origin',(-1.88906410316398E-19,-5.81270919450119E-20,
0.235585786437627));
#9858=CARTESIAN_POINT('',(-0.178145502468959,0.211008650012724,0.240097016257093));
#9859=CARTESIAN_POINT('',(-0.178145502468959,0.211008650012724,0.240097016257093));
#9860=CARTESIAN_POINT('',(-0.18946211610609,0.204191598898198,0.2377));
#9861=CARTESIAN_POINT('Ctrl Pts',(-0.18946211610609,0.204191598898198,0.2377));
#9862=CARTESIAN_POINT('Ctrl Pts',(-0.183779358268089,0.207614853583329,
0.239055833702077));
#9863=CARTESIAN_POINT('Ctrl Pts',(-0.178145502468941,0.211008650012735,
0.240097016257096));
#9864=CARTESIAN_POINT('',(-0.197105796959258,0.193416067675791,0.240097016257093));
#9865=CARTESIAN_POINT('Ctrl Pts',(-0.19710579695927,0.193416067675774,0.240097016257096));
#9866=CARTESIAN_POINT('Ctrl Pts',(-0.193300471701884,0.198780551346672,
0.239055833702077));
#9867=CARTESIAN_POINT('Ctrl Pts',(-0.18946211610609,0.204191598898198,0.2377));
#9868=CARTESIAN_POINT('',(-0.200508680580992,0.196389077563532,0.235585786437627));
#9869=CARTESIAN_POINT('',(-0.200508680580992,0.196389077563532,0.235585786437627));
#9870=CARTESIAN_POINT('',(-0.21082396633597,0.185271843497482,0.235585786437627));
#9871=CARTESIAN_POINT('Origin',(-2.17140397760439E-19,-8.85560935731895E-20,
0.235585786437627));
#9872=CARTESIAN_POINT('',(-0.207604971775343,0.182100648335664,0.240097016257093));
#9873=CARTESIAN_POINT('',(-0.207604971775343,0.182100648335664,0.240097016257093));
#9874=CARTESIAN_POINT('',(-0.21777915944147,0.17367308430775,0.2377));
#9875=CARTESIAN_POINT('Ctrl Pts',(-0.21777915944147,0.17367308430775,0.2377));
#9876=CARTESIAN_POINT('Ctrl Pts',(-0.212670082949252,0.177905075172734,
0.239055833702077));
#9877=CARTESIAN_POINT('Ctrl Pts',(-0.207604971775327,0.182100648335677,
0.240097016257096));
#9878=CARTESIAN_POINT('',(-0.22373145710227,0.161878675349799,0.240097016257093));
#9879=CARTESIAN_POINT('Ctrl Pts',(-0.223731457102279,0.16187867534978,0.240097016257096));
#9880=CARTESIAN_POINT('Ctrl Pts',(-0.220768168987138,0.167750396470244,
0.239055833702077));
#9881=CARTESIAN_POINT('Ctrl Pts',(-0.21777915944147,0.17367308430775,0.2377));
#9882=CARTESIAN_POINT('',(-0.22753943745653,0.164311305686953,0.235585786437627));
#9883=CARTESIAN_POINT('',(-0.22753943745653,0.164311305686953,0.235585786437627));
#9884=CARTESIAN_POINT('',(-0.236082572233558,0.151780828374905,0.235585786437627));
#9885=CARTESIAN_POINT('Origin',(-2.40523827532217E-19,-1.22853285866236E-19,
0.235585786437627));
#9886=CARTESIAN_POINT('',(-0.232426889069155,0.149124819087048,0.240097016257093));
#9887=CARTESIAN_POINT('',(-0.232426889069155,0.149124819087048,0.240097016257093));
#9888=CARTESIAN_POINT('',(-0.241231376224156,0.139274999999999,0.2377));
#9889=CARTESIAN_POINT('Ctrl Pts',(-0.241231376224156,0.139274999999999,
0.2377));
#9890=CARTESIAN_POINT('Ctrl Pts',(-0.236810109404063,0.144221191362066,
0.239055833702076));
#9891=CARTESIAN_POINT('Ctrl Pts',(-0.232426889069141,0.149124819087064,
0.240097016257096));
#9892=CARTESIAN_POINT('',(-0.24535932619872,0.126725180912951,0.240097016257093));
#9893=CARTESIAN_POINT('Ctrl Pts',(-0.245359326198727,0.126725180912931,
0.240097016257096));
#9894=CARTESIAN_POINT('Ctrl Pts',(-0.243304270185638,0.132972974935856,
0.239055833702077));
#9895=CARTESIAN_POINT('Ctrl Pts',(-0.241231376224156,0.139274999999999,
0.2377));
#9896=CARTESIAN_POINT('',(-0.249487339296891,0.128563090757586,0.235585786437627));
#9897=CARTESIAN_POINT('',(-0.249487339296891,0.128563090757586,0.235585786437627));
#9898=CARTESIAN_POINT('',(-0.256067483582156,0.114899280356702,0.235585786437627));
#9899=CARTESIAN_POINT('Origin',(-2.58534352450587E-19,-1.60252526222728E-19,
0.235585786437627));
#9900=CARTESIAN_POINT('',(-0.252056773735035,0.112817787801373,0.240097016257093));
#9901=CARTESIAN_POINT('',(-0.252056773735035,0.112817787801373,0.240097016257093));
#9902=CARTESIAN_POINT('',(-0.259294882684843,0.101765742337259,0.2377));
#9903=CARTESIAN_POINT('Ctrl Pts',(-0.259294882684844,0.101765742337258,
0.2377));
#9904=CARTESIAN_POINT('Ctrl Pts',(-0.255660189331712,0.107315644454715,
0.239055833702077));
#9905=CARTESIAN_POINT('Ctrl Pts',(-0.252056773735023,0.112817787801391,
0.240097016257096));
#9906=CARTESIAN_POINT('',(-0.261506273391973,0.0887408553415654,0.240097016257093));
#9907=CARTESIAN_POINT('Ctrl Pts',(-0.261506273391977,0.0887408553415447,
0.240097016257096));
#9908=CARTESIAN_POINT('Ctrl Pts',(-0.260405356036394,0.0952251568726279,
0.239055833702077));
#9909=CARTESIAN_POINT('Ctrl Pts',(-0.259294882684844,0.101765742337259,
0.2377));
#9910=CARTESIAN_POINT('',(-0.265862106242778,0.089942988824807,0.235585786437627));
#9911=CARTESIAN_POINT('',(-0.265862106242778,0.089942988824807,0.235585786437627));
#9912=CARTESIAN_POINT('',(-0.270332270486307,0.0754510722806752,0.235585786437627));
#9913=CARTESIAN_POINT('Origin',(-2.70769647150367E-19,-1.99918377413486E-19,
0.235585786437627));
#9914=CARTESIAN_POINT('',(-0.266056126586954,0.0739905935619984,0.240097016257093));
#9915=CARTESIAN_POINT('',(-0.266056126586954,0.0739905935619984,0.240097016257093));
#9916=CARTESIAN_POINT('',(-0.271566169938247,0.0619832061535306,0.2377));
#9917=CARTESIAN_POINT('Ctrl Pts',(-0.271566169938247,0.0619832061535305,
0.2377));
#9918=CARTESIAN_POINT('Ctrl Pts',(-0.268799243095437,0.0680128433840095,
0.239055833702077));
#9919=CARTESIAN_POINT('Ctrl Pts',(-0.266056126586945,0.0739905935620174,
0.240097016257096));
#9920=CARTESIAN_POINT('',(-0.271811602563758,0.0487742057016987,0.240097016257093));
#9921=CARTESIAN_POINT('Ctrl Pts',(-0.271811602563759,0.0487742057016779,
0.240097016257096));
#9922=CARTESIAN_POINT('Ctrl Pts',(-0.271689416540194,0.0553501661597005,
0.239055833702077));
#9923=CARTESIAN_POINT('Ctrl Pts',(-0.271566169938247,0.0619832061535307,
0.2377));
#9924=CARTESIAN_POINT('',(-0.276297953059106,0.0493137091479968,0.235585786437627));
#9925=CARTESIAN_POINT('',(-0.276297953059106,0.0493137091479968,0.235585786437627));
#9926=CARTESIAN_POINT('',(-0.278558281178424,0.034317411929042,0.235585786437627));
#9927=CARTESIAN_POINT('Origin',(-2.76956395366182E-19,-2.40964769868756E-19,
0.235585786437627));
#9928=CARTESIAN_POINT('',(-0.274112225215436,0.0335105717282237,0.240097016257093));
#9929=CARTESIAN_POINT('',(-0.274112225215436,0.0335105717282237,0.240097016257093));
#9930=CARTESIAN_POINT('',(-0.277771117704818,0.0208160675684975,0.2377));
#9931=CARTESIAN_POINT('Ctrl Pts',(-0.277771117704818,0.0208160675684978,
0.2377));
#9932=CARTESIAN_POINT('Ctrl Pts',(-0.275933765945788,0.0271907477799459,
0.239055833702076));
#9933=CARTESIAN_POINT('Ctrl Pts',(-0.27411222521543,0.0335105717282434,
0.240097016257096));
#9934=CARTESIAN_POINT('',(-0.276045109689422,0.00771802090340472,0.240097016257093));
#9935=CARTESIAN_POINT('Ctrl Pts',(-0.276045109689419,0.00771802090338415,
0.240097016257096));
#9936=CARTESIAN_POINT('Ctrl Pts',(-0.276904384431733,0.0142387441981615,
0.239055833702077));
#9937=CARTESIAN_POINT('Ctrl Pts',(-0.277771117704818,0.0208160675684976,
0.2377));
#9938=CARTESIAN_POINT('',(-0.280561760172718,0.0075828426972717,0.235585786437627));
#9939=CARTESIAN_POINT('',(-0.280561760172718,0.0075828426972717,0.235585786437627));
#9940=CARTESIAN_POINT('',(-0.280561760172718,-0.00758284269726974,0.235585786437627));
#9941=CARTESIAN_POINT('Origin',(-2.76956395366182E-19,-2.82474795008207E-19,
0.235585786437627));
#9942=CARTESIAN_POINT('',(-0.276045109689422,-0.00771802090340672,0.240097016257093));
#9943=CARTESIAN_POINT('',(-0.276045109689422,-0.00771802090340672,0.240097016257093));
#9944=CARTESIAN_POINT('',(-0.277771117704818,-0.0208160675684995,0.2377));
#9945=CARTESIAN_POINT('Ctrl Pts',(-0.277771117704818,-0.0208160675684997,
0.2377));
#9946=CARTESIAN_POINT('Ctrl Pts',(-0.276904384431733,-0.0142387441981635,
0.239055833702077));
#9947=CARTESIAN_POINT('Ctrl Pts',(-0.276045109689419,-0.00771802090338591,
0.240097016257096));
#9948=CARTESIAN_POINT('',(-0.274112225215436,-0.0335105717282256,0.240097016257093));
#9949=CARTESIAN_POINT('Ctrl Pts',(-0.27411222521543,-0.0335105717282455,
0.240097016257096));
#9950=CARTESIAN_POINT('Ctrl Pts',(-0.275933765945788,-0.0271907477799479,
0.239055833702077));
#9951=CARTESIAN_POINT('Ctrl Pts',(-0.277771117704818,-0.0208160675684995,
0.2377));
#9952=CARTESIAN_POINT('',(-0.278558281178424,-0.0343174119290398,0.235585786437627));
#9953=CARTESIAN_POINT('',(-0.278558281178424,-0.0343174119290398,0.235585786437627));
#9954=CARTESIAN_POINT('',(-0.276297953059107,-0.0493137091479946,0.235585786437627));
#9955=CARTESIAN_POINT('Origin',(-2.70769647150369E-19,-3.23521187463476E-19,
0.235585786437627));
#9956=CARTESIAN_POINT('',(-0.271811602563758,-0.0487742057017006,0.240097016257093));
#9957=CARTESIAN_POINT('',(-0.271811602563758,-0.0487742057017006,0.240097016257093));
#9958=CARTESIAN_POINT('',(-0.271566169938247,-0.0619832061535324,0.2377));
#9959=CARTESIAN_POINT('Ctrl Pts',(-0.271566169938247,-0.0619832061535324,
0.2377));
#9960=CARTESIAN_POINT('Ctrl Pts',(-0.271689416540194,-0.0553501661597025,
0.239055833702077));
#9961=CARTESIAN_POINT('Ctrl Pts',(-0.271811602563758,-0.04877420570168,
0.240097016257096));
#9962=CARTESIAN_POINT('',(-0.266056126586954,-0.0739905935620002,0.240097016257093));
#9963=CARTESIAN_POINT('Ctrl Pts',(-0.266056126586945,-0.073990593562019,
0.240097016257096));
#9964=CARTESIAN_POINT('Ctrl Pts',(-0.268799243095437,-0.0680128433840114,
0.239055833702077));
#9965=CARTESIAN_POINT('Ctrl Pts',(-0.271566169938247,-0.0619832061535326,
0.2377));
#9966=CARTESIAN_POINT('',(-0.270332270486307,-0.075451072280673,0.235585786437627));
#9967=CARTESIAN_POINT('',(-0.270332270486307,-0.075451072280673,0.235585786437627));
#9968=CARTESIAN_POINT('',(-0.265862106242778,-0.0899429888248049,0.235585786437627));
#9969=CARTESIAN_POINT('Origin',(-2.58534352450589E-19,-3.63187038654235E-19,
0.235585786437627));
#9970=CARTESIAN_POINT('',(-0.261506273391973,-0.0887408553415672,0.240097016257093));
#9971=CARTESIAN_POINT('',(-0.261506273391973,-0.0887408553415672,0.240097016257093));
#9972=CARTESIAN_POINT('',(-0.259294882684843,-0.10176574233726,0.2377));
#9973=CARTESIAN_POINT('Ctrl Pts',(-0.259294882684843,-0.101765742337261,
0.2377));
#9974=CARTESIAN_POINT('Ctrl Pts',(-0.260405356036393,-0.0952251568726297,
0.239055833702077));
#9975=CARTESIAN_POINT('Ctrl Pts',(-0.261506273391976,-0.0887408553415463,
0.240097016257096));
#9976=CARTESIAN_POINT('',(-0.252056773735034,-0.112817787801375,0.240097016257093));
#9977=CARTESIAN_POINT('Ctrl Pts',(-0.252056773735022,-0.112817787801393,
0.240097016257096));
#9978=CARTESIAN_POINT('Ctrl Pts',(-0.255660189331711,-0.107315644454717,
0.239055833702077));
#9979=CARTESIAN_POINT('Ctrl Pts',(-0.259294882684843,-0.101765742337261,
0.2377));
#9980=CARTESIAN_POINT('',(-0.256067483582156,-0.1148992803567,0.235585786437627));
#9981=CARTESIAN_POINT('',(-0.256067483582156,-0.1148992803567,0.235585786437627));
#9982=CARTESIAN_POINT('',(-0.249487339296892,-0.128563090757584,0.235585786437627));
#9983=CARTESIAN_POINT('Origin',(-2.4052382753222E-19,-4.00586279010728E-19,
0.235585786437627));
#9984=CARTESIAN_POINT('',(-0.24535932619872,-0.126725180912952,0.240097016257093));
#9985=CARTESIAN_POINT('',(-0.24535932619872,-0.126725180912952,0.240097016257093));
#9986=CARTESIAN_POINT('',(-0.241231376224155,-0.139275000000001,0.2377));
#9987=CARTESIAN_POINT('Ctrl Pts',(-0.241231376224155,-0.139275000000001,
0.2377));
#9988=CARTESIAN_POINT('Ctrl Pts',(-0.243304270185637,-0.132972974935858,
0.239055833702076));
#9989=CARTESIAN_POINT('Ctrl Pts',(-0.245359326198726,-0.126725180912933,
0.240097016257096));
#9990=CARTESIAN_POINT('',(-0.232426889069154,-0.14912481908705,0.240097016257093));
#9991=CARTESIAN_POINT('Ctrl Pts',(-0.23242688906914,-0.149124819087065,
0.240097016257096));
#9992=CARTESIAN_POINT('Ctrl Pts',(-0.236810109404061,-0.144221191362068,
0.239055833702077));
#9993=CARTESIAN_POINT('Ctrl Pts',(-0.241231376224155,-0.139275000000001,
0.2377));
#9994=CARTESIAN_POINT('',(-0.236082572233559,-0.151780828374903,0.235585786437627));
#9995=CARTESIAN_POINT('',(-0.236082572233559,-0.151780828374903,0.235585786437627));
#9996=CARTESIAN_POINT('',(-0.227539437456531,-0.164311305686951,0.235585786437627));
#9997=CARTESIAN_POINT('Origin',(-2.17140397760443E-19,-4.34883471303774E-19,
0.235585786437627));
#9998=CARTESIAN_POINT('',(-0.223731457102268,-0.1618786753498,0.240097016257093));
#9999=CARTESIAN_POINT('',(-0.223731457102268,-0.1618786753498,0.240097016257093));
#10000=CARTESIAN_POINT('',(-0.217779159441469,-0.173673084307751,0.2377));
#10001=CARTESIAN_POINT('Ctrl Pts',(-0.217779159441469,-0.173673084307752,
0.2377));
#10002=CARTESIAN_POINT('Ctrl Pts',(-0.220768168987137,-0.167750396470245,
0.239055833702077));
#10003=CARTESIAN_POINT('Ctrl Pts',(-0.223731457102278,-0.161878675349782,
0.240097016257096));
#10004=CARTESIAN_POINT('',(-0.207604971775342,-0.182100648335665,0.240097016257093));
#10005=CARTESIAN_POINT('Ctrl Pts',(-0.207604971775326,-0.182100648335679,
0.240097016257096));
#10006=CARTESIAN_POINT('Ctrl Pts',(-0.212670082949251,-0.177905075172735,
0.239055833702077));
#10007=CARTESIAN_POINT('Ctrl Pts',(-0.217779159441469,-0.173673084307751,
0.2377));
#10008=CARTESIAN_POINT('',(-0.210823966335971,-0.18527184349748,0.235585786437627));
#10009=CARTESIAN_POINT('',(-0.210823966335971,-0.18527184349748,0.235585786437627));
#10010=CARTESIAN_POINT('',(-0.200508680580993,-0.196389077563531,0.235585786437627));
#10011=CARTESIAN_POINT('Origin',(-1.88906410316403E-19,-4.65312472931953E-19,
0.235585786437627));
#10012=CARTESIAN_POINT('',(-0.197105796959257,-0.193416067675792,0.240097016257093));
#10013=CARTESIAN_POINT('',(-0.197105796959257,-0.193416067675792,0.240097016257093));
#10014=CARTESIAN_POINT('',(-0.189462116106089,-0.204191598898199,0.2377));
#10015=CARTESIAN_POINT('Ctrl Pts',(-0.189462116106088,-0.204191598898199,
0.2377));
#10016=CARTESIAN_POINT('Ctrl Pts',(-0.193300471701883,-0.198780551346673,
0.239055833702077));
#10017=CARTESIAN_POINT('Ctrl Pts',(-0.197105796959269,-0.193416067675775,
0.240097016257096));
#10018=CARTESIAN_POINT('',(-0.178145502468958,-0.211008650012725,0.240097016257093));
#10019=CARTESIAN_POINT('Ctrl Pts',(-0.17814550246894,-0.211008650012736,
0.240097016257096));
#10020=CARTESIAN_POINT('Ctrl Pts',(-0.183779358268087,-0.207614853583331,
0.239055833702076));
#10021=CARTESIAN_POINT('Ctrl Pts',(-0.189462116106089,-0.204191598898199,
0.2377));
#10022=CARTESIAN_POINT('',(-0.180855901406555,-0.214624191788829,0.235585786437627));
#10023=CARTESIAN_POINT('',(-0.180855901406555,-0.214624191788829,0.235585786437627));
#10024=CARTESIAN_POINT('',(-0.168998891111897,-0.224079841970523,0.235585786437627));
#10025=CARTESIAN_POINT('Origin',(-1.56452565824341E-19,-4.911935502813E-19,
0.235585786437627));
#10026=CARTESIAN_POINT('',(-0.1660771190197,-0.220632864660337,0.240097016257093));
#10027=CARTESIAN_POINT('',(-0.1660771190197,-0.220632864660337,0.240097016257093));
#10028=CARTESIAN_POINT('',(-0.156912802173621,-0.230148810585721,0.2377));
#10029=CARTESIAN_POINT('Ctrl Pts',(-0.156912802173621,-0.230148810585721,
0.2377));
#10030=CARTESIAN_POINT('Ctrl Pts',(-0.161514761298222,-0.225370277180989,
0.239055833702077));
#10031=CARTESIAN_POINT('Ctrl Pts',(-0.166077119019714,-0.220632864660322,
0.240097016257096));
#10032=CARTESIAN_POINT('',(-0.144706557013998,-0.235203067129799,0.240097016257093));
#10033=CARTESIAN_POINT('Ctrl Pts',(-0.144706557013979,-0.235203067129807,
0.240097016257096));
#10034=CARTESIAN_POINT('Ctrl Pts',(-0.150783306409462,-0.232686859238093,
0.239055833702077));
#10035=CARTESIAN_POINT('Ctrl Pts',(-0.156912802173621,-0.230148810585721,
0.2377));
#10036=CARTESIAN_POINT('',(-0.146847814495097,-0.239182190291416,0.235585786437627));
#10037=CARTESIAN_POINT('',(-0.146847814495097,-0.239182190291416,0.235585786437627));
#10038=CARTESIAN_POINT('',(-0.133713945677622,-0.246765032988686,0.235585786437627));
#10039=CARTESIAN_POINT('Origin',(-1.20503829541845E-19,-5.11948562851026E-19,
0.235585786437627));
#10040=CARTESIAN_POINT('',(-0.131338552675421,-0.242921088033205,0.240097016257093));
#10041=CARTESIAN_POINT('',(-0.131338552675421,-0.242921088033205,0.240097016257093));
#10042=CARTESIAN_POINT('',(-0.120858315531194,-0.25096487815422,0.2377));
#10043=CARTESIAN_POINT('Ctrl Pts',(-0.120858315531194,-0.25096487815422,
0.2377));
#10044=CARTESIAN_POINT('Ctrl Pts',(-0.126121078022268,-0.246925603436255,
0.239055833702077));
#10045=CARTESIAN_POINT('Ctrl Pts',(-0.131338552675437,-0.242921088033192,
0.240097016257096));
#10046=CARTESIAN_POINT('',(-0.108035106195733,-0.254143436388562,0.240097016257093));
#10047=CARTESIAN_POINT('Ctrl Pts',(-0.108035106195713,-0.254143436388567,
0.240097016257096));
#10048=CARTESIAN_POINT('Ctrl Pts',(-0.114419004647563,-0.252561024960936,
0.239055833702077));
#10049=CARTESIAN_POINT('Ctrl Pts',(-0.120858315531194,-0.25096487815422,
0.2377));
#10050=CARTESIAN_POINT('',(-0.109559390066528,-0.258397253899564,0.235585786437627));
#10051=CARTESIAN_POINT('',(-0.109559390066528,-0.258397253899564,0.235585786437627));
#10052=CARTESIAN_POINT('',(-0.0954420516525522,-0.263937900936824,0.235585786437627));
#10053=CARTESIAN_POINT('Origin',(-8.18632368339692E-20,-5.27113877956948E-19,
0.235585786437627));
#10054=CARTESIAN_POINT('',(-0.0936661000947979,-0.259782855714425,0.240097016257093));
#10055=CARTESIAN_POINT('',(-0.0936661000947979,-0.259782855714425,0.240097016257093));
#10056=CARTESIAN_POINT('',(-0.0821040538321557,-0.26617480505173,0.2377));
#10057=CARTESIAN_POINT('Ctrl Pts',(-0.0821040538321558,-0.26617480505173,
0.2377));
#10058=CARTESIAN_POINT('Ctrl Pts',(-0.0879100582721044,-0.262965019743031,
0.239055833702077));
#10059=CARTESIAN_POINT('Ctrl Pts',(-0.0936661000948162,-0.259782855714414,
0.240097016257096));
#10060=CARTESIAN_POINT('',(-0.0689503296276946,-0.267406661237791,0.240097016257093));
#10061=CARTESIAN_POINT('Ctrl Pts',(-0.0689503296276739,-0.267406661237793,
0.240097016257096));
#10062=CARTESIAN_POINT('Ctrl Pts',(-0.0754987713935513,-0.266793394730683,
0.239055833702077));
#10063=CARTESIAN_POINT('Ctrl Pts',(-0.0821040538321556,-0.26617480505173,
0.2377));
#10064=CARTESIAN_POINT('',(-0.0698235899053143,-0.271840149844205,0.235585786437627));
#10065=CARTESIAN_POINT('',(-0.0698235899053143,-0.271840149844205,0.235585786437627));
#10066=CARTESIAN_POINT('',(-0.0550381399068077,-0.275214832322286,0.235585786437627));
#10067=CARTESIAN_POINT('Origin',(-4.1393954690149E-20,-5.3635072751953E-19,
0.235585786437627));
#10068=CARTESIAN_POINT('',(-0.0539013016166285,-0.270841503677231,0.240097016257093));
#10069=CARTESIAN_POINT('',(-0.0539013016166285,-0.270841503677231,0.240097016257093));
#10070=CARTESIAN_POINT('',(-0.0415157232433715,-0.27543882664501,0.2377));
#10071=CARTESIAN_POINT('Ctrl Pts',(-0.0415157232433718,-0.27543882664501,
0.2377));
#10072=CARTESIAN_POINT('Ctrl Pts',(-0.0477352730871403,-0.273130232045363,
0.239055833702077));
#10073=CARTESIAN_POINT('Ctrl Pts',(-0.0539013016166481,-0.270841503677224,
0.240097016257096));
#10074=CARTESIAN_POINT('',(-0.0283253166327632,-0.274696463151173,0.240097016257093));
#10075=CARTESIAN_POINT('Ctrl Pts',(-0.0283253166327424,-0.274696463151172,
0.240097016257096));
#10076=CARTESIAN_POINT('Ctrl Pts',(-0.0348920203445716,-0.27506604092496,
0.239055833702077));
#10077=CARTESIAN_POINT('Ctrl Pts',(-0.0415157232433713,-0.27543882664501,
0.2377));
#10078=CARTESIAN_POINT('',(-0.0285280461256232,-0.279210586043652,0.235585786437627));
#10079=CARTESIAN_POINT('',(-0.0285280461256232,-0.279210586043652,0.235585786437627));
#10080=CARTESIAN_POINT('',(-0.0134047670633313,-0.280343919132488,0.235585786437627));
#10081=CARTESIAN_POINT('Origin',(0.,-5.39452775582976E-19,0.235585786437627));
#10082=CARTESIAN_POINT('',(-0.0129324371295654,-0.27585,0.240097016257093));
#10083=CARTESIAN_POINT('',(-0.0129324371295654,-0.27585,0.240097016257093));
#10084=CARTESIAN_POINT('',(0.,-0.27855,0.2377));
#10085=CARTESIAN_POINT('Ctrl Pts',(1.8814889846691E-16,-0.27855,0.2377));
#10086=CARTESIAN_POINT('Ctrl Pts',(-0.0064941607815755,-0.277194166297923,
0.239055833702077));
#10087=CARTESIAN_POINT('Ctrl Pts',(-0.0129324371295858,-0.275849999999996,
0.240097016257096));
#10088=CARTESIAN_POINT('',(-3.26062210272983E-17,-0.26625,0.25));
#10089=CARTESIAN_POINT('',(-3.26062210272983E-17,-0.26625,0.25));
#10090=CARTESIAN_POINT('Origin',(0.,-6.75707991613544E-37,0.25));
#10091=CARTESIAN_POINT('',(0.0129324371295654,-0.27585,0.240097016257093));
#10092=CARTESIAN_POINT('Ctrl Pts',(0.012932437129586,-0.275849999999996,
0.240097016257096));
#10093=CARTESIAN_POINT('Ctrl Pts',(0.00649416078157566,-0.277194166297923,
0.239055833702077));
#10094=CARTESIAN_POINT('Ctrl Pts',(-3.13581497444851E-17,-0.27855,0.2377));
#10095=CARTESIAN_POINT('',(0.0134047670633332,-0.280343919132488,0.235585786437627));
#10096=CARTESIAN_POINT('',(0.0134047670633332,-0.280343919132488,0.235585786437627));
#10097=CARTESIAN_POINT('',(0.028528046125625,-0.279210586043652,0.235585786437627));
#10098=CARTESIAN_POINT('Origin',(4.13939546901451E-20,-5.3635072751953E-19,
0.235585786437627));
#10099=CARTESIAN_POINT('',(0.0283253166327672,-0.274696463151173,0.240097016257093));
#10100=CARTESIAN_POINT('',(0.0283253166327672,-0.274696463151173,0.240097016257093));
#10101=CARTESIAN_POINT('',(0.0415157232433755,-0.275438826645009,0.2377));
#10102=CARTESIAN_POINT('Ctrl Pts',(0.0415157232433755,-0.275438826645009,
0.2377));
#10103=CARTESIAN_POINT('Ctrl Pts',(0.0348920203445757,-0.275066040924959,
0.239055833702077));
#10104=CARTESIAN_POINT('Ctrl Pts',(0.0283253166327463,-0.274696463151172,
0.240097016257096));
#10105=CARTESIAN_POINT('',(0.0539013016166325,-0.27084150367723,0.240097016257093));
#10106=CARTESIAN_POINT('Ctrl Pts',(0.0539013016166521,-0.270841503677223,
0.240097016257096));
#10107=CARTESIAN_POINT('Ctrl Pts',(0.0477352730871441,-0.273130232045362,
0.239055833702077));
#10108=CARTESIAN_POINT('Ctrl Pts',(0.0415157232433754,-0.275438826645009,
0.2377));
#10109=CARTESIAN_POINT('',(0.0550381399068075,-0.275214832322286,0.235585786437627));
#10110=CARTESIAN_POINT('',(0.0550381399068075,-0.275214832322286,0.235585786437627));
#10111=CARTESIAN_POINT('',(0.0698235899053142,-0.271840149844205,0.235585786437627));
#10112=CARTESIAN_POINT('Origin',(8.18632368339654E-20,-5.2711387795695E-19,
0.235585786437627));
#10113=CARTESIAN_POINT('',(0.0689503296276984,-0.26740666123779,0.240097016257093));
#10114=CARTESIAN_POINT('',(0.0689503296276984,-0.26740666123779,0.240097016257093));
#10115=CARTESIAN_POINT('',(0.0821040538321594,-0.266174805051729,0.2377));
#10116=CARTESIAN_POINT('Ctrl Pts',(0.0821040538321593,-0.266174805051729,
0.2377));
#10117=CARTESIAN_POINT('Ctrl Pts',(0.0754987713935551,-0.266793394730682,
0.239055833702077));
#10118=CARTESIAN_POINT('Ctrl Pts',(0.0689503296276777,-0.267406661237791,
0.240097016257096));
#10119=CARTESIAN_POINT('',(0.0936661000948016,-0.259782855714423,0.240097016257093));
#10120=CARTESIAN_POINT('Ctrl Pts',(0.0936661000948196,-0.259782855714413,
0.240097016257096));
#10121=CARTESIAN_POINT('Ctrl Pts',(0.087910058272108,-0.26296501974303,
0.239055833702076));
#10122=CARTESIAN_POINT('Ctrl Pts',(0.0821040538321594,-0.266174805051729,
0.2377));
#10123=CARTESIAN_POINT('',(0.0954420516525521,-0.263937900936825,0.235585786437627));
#10124=CARTESIAN_POINT('',(0.0954420516525521,-0.263937900936825,0.235585786437627));
#10125=CARTESIAN_POINT('',(0.109559390066528,-0.258397253899564,0.235585786437627));
#10126=CARTESIAN_POINT('Origin',(1.20503829541842E-19,-5.11948562851028E-19,
0.235585786437627));
#10127=CARTESIAN_POINT('',(0.108035106195737,-0.25414343638856,0.240097016257093));
#10128=CARTESIAN_POINT('',(0.108035106195737,-0.25414343638856,0.240097016257093));
#10129=CARTESIAN_POINT('',(0.120858315531198,-0.250964878154218,0.2377));
#10130=CARTESIAN_POINT('Ctrl Pts',(0.120858315531198,-0.250964878154218,
0.2377));
#10131=CARTESIAN_POINT('Ctrl Pts',(0.114419004647567,-0.252561024960934,
0.239055833702077));
#10132=CARTESIAN_POINT('Ctrl Pts',(0.108035106195717,-0.254143436388565,
0.240097016257096));
#10133=CARTESIAN_POINT('',(0.131338552675424,-0.242921088033203,0.240097016257093));
#10134=CARTESIAN_POINT('Ctrl Pts',(0.13133855267544,-0.24292108803319,0.240097016257096));
#10135=CARTESIAN_POINT('Ctrl Pts',(0.126121078022271,-0.246925603436253,
0.239055833702077));
#10136=CARTESIAN_POINT('Ctrl Pts',(0.120858315531198,-0.250964878154218,
0.2377));
#10137=CARTESIAN_POINT('',(0.133713945677622,-0.246765032988686,0.235585786437627));
#10138=CARTESIAN_POINT('',(0.133713945677622,-0.246765032988686,0.235585786437627));
#10139=CARTESIAN_POINT('',(0.146847814495097,-0.239182190291416,0.235585786437627));
#10140=CARTESIAN_POINT('Origin',(1.56452565824337E-19,-4.91193550281303E-19,
0.235585786437627));
#10141=CARTESIAN_POINT('',(0.144706557014001,-0.235203067129797,0.240097016257093));
#10142=CARTESIAN_POINT('',(0.144706557014001,-0.235203067129797,0.240097016257093));
#10143=CARTESIAN_POINT('',(0.156912802173624,-0.230148810585719,0.2377));
#10144=CARTESIAN_POINT('Ctrl Pts',(0.156912802173624,-0.230148810585719,
0.2377));
#10145=CARTESIAN_POINT('Ctrl Pts',(0.150783306409465,-0.23268685923809,
0.239055833702077));
#10146=CARTESIAN_POINT('Ctrl Pts',(0.144706557013982,-0.235203067129805,
0.240097016257096));
#10147=CARTESIAN_POINT('',(0.166077119019703,-0.220632864660335,0.240097016257093));
#10148=CARTESIAN_POINT('Ctrl Pts',(0.166077119019717,-0.22063286466032,
0.240097016257096));
#10149=CARTESIAN_POINT('Ctrl Pts',(0.161514761298225,-0.225370277180987,
0.239055833702077));
#10150=CARTESIAN_POINT('Ctrl Pts',(0.156912802173624,-0.230148810585719,
0.2377));
#10151=CARTESIAN_POINT('',(0.168998891111897,-0.224079841970523,0.235585786437627));
#10152=CARTESIAN_POINT('',(0.168998891111897,-0.224079841970523,0.235585786437627));
#10153=CARTESIAN_POINT('',(0.180855901406555,-0.214624191788829,0.235585786437627));
#10154=CARTESIAN_POINT('Origin',(1.889064103164E-19,-4.65312472931955E-19,
0.235585786437627));
#10155=CARTESIAN_POINT('',(0.178145502468961,-0.211008650012723,0.240097016257093));
#10156=CARTESIAN_POINT('',(0.178145502468961,-0.211008650012723,0.240097016257093));
#10157=CARTESIAN_POINT('',(0.189462116106091,-0.204191598898197,0.2377));
#10158=CARTESIAN_POINT('Ctrl Pts',(0.189462116106091,-0.204191598898197,
0.2377));
#10159=CARTESIAN_POINT('Ctrl Pts',(0.18377935826809,-0.207614853583328,
0.239055833702077));
#10160=CARTESIAN_POINT('Ctrl Pts',(0.178145502468943,-0.211008650012734,
0.240097016257096));
#10161=CARTESIAN_POINT('',(0.197105796959259,-0.193416067675789,0.240097016257093));
#10162=CARTESIAN_POINT('Ctrl Pts',(0.197105796959271,-0.193416067675772,
0.240097016257096));
#10163=CARTESIAN_POINT('Ctrl Pts',(0.193300471701886,-0.19878055134667,
0.239055833702077));
#10164=CARTESIAN_POINT('Ctrl Pts',(0.189462116106092,-0.204191598898196,
0.2377));
#10165=CARTESIAN_POINT('',(0.200508680580993,-0.196389077563531,0.235585786437627));
#10166=CARTESIAN_POINT('',(0.200508680580993,-0.196389077563531,0.235585786437627));
#10167=CARTESIAN_POINT('',(0.210823966335971,-0.18527184349748,0.235585786437627));
#10168=CARTESIAN_POINT('Origin',(2.1714039776044E-19,-4.34883471303777E-19,
0.235585786437627));
#10169=CARTESIAN_POINT('',(0.207604971775344,-0.182100648335663,0.240097016257093));
#10170=CARTESIAN_POINT('',(0.207604971775344,-0.182100648335663,0.240097016257093));
#10171=CARTESIAN_POINT('',(0.217779159441471,-0.173673084307748,0.2377));
#10172=CARTESIAN_POINT('Ctrl Pts',(0.217779159441471,-0.173673084307748,
0.2377));
#10173=CARTESIAN_POINT('Ctrl Pts',(0.212670082949253,-0.177905075172732,
0.239055833702077));
#10174=CARTESIAN_POINT('Ctrl Pts',(0.207604971775328,-0.182100648335676,
0.240097016257096));
#10175=CARTESIAN_POINT('',(0.223731457102271,-0.161878675349797,0.240097016257093));
#10176=CARTESIAN_POINT('Ctrl Pts',(0.22373145710228,-0.161878675349779,
0.240097016257096));
#10177=CARTESIAN_POINT('Ctrl Pts',(0.22076816898714,-0.167750396470242,
0.239055833702077));
#10178=CARTESIAN_POINT('Ctrl Pts',(0.217779159441471,-0.173673084307749,
0.2377));
#10179=CARTESIAN_POINT('',(0.227539437456531,-0.164311305686951,0.235585786437627));
#10180=CARTESIAN_POINT('',(0.227539437456531,-0.164311305686951,0.235585786437627));
#10181=CARTESIAN_POINT('',(0.236082572233559,-0.151780828374903,0.235585786437627));
#10182=CARTESIAN_POINT('Origin',(2.40523827532218E-19,-4.00586279010731E-19,
0.235585786437627));
#10183=CARTESIAN_POINT('',(0.232426889069156,-0.149124819087047,0.240097016257093));
#10184=CARTESIAN_POINT('',(0.232426889069156,-0.149124819087047,0.240097016257093));
#10185=CARTESIAN_POINT('',(0.241231376224157,-0.139274999999998,0.2377));
#10186=CARTESIAN_POINT('Ctrl Pts',(0.241231376224157,-0.139274999999998,
0.2377));
#10187=CARTESIAN_POINT('Ctrl Pts',(0.236810109404063,-0.144221191362065,
0.239055833702077));
#10188=CARTESIAN_POINT('Ctrl Pts',(0.232426889069142,-0.149124819087062,
0.240097016257096));
#10189=CARTESIAN_POINT('',(0.245359326198721,-0.126725180912949,0.240097016257093));
#10190=CARTESIAN_POINT('Ctrl Pts',(0.245359326198728,-0.12672518091293,
0.240097016257096));
#10191=CARTESIAN_POINT('Ctrl Pts',(0.243304270185639,-0.132972974935855,
0.239055833702077));
#10192=CARTESIAN_POINT('Ctrl Pts',(0.241231376224157,-0.139274999999998,
0.2377));
#10193=CARTESIAN_POINT('',(0.249487339296892,-0.128563090757584,0.235585786437627));
#10194=CARTESIAN_POINT('',(0.249487339296892,-0.128563090757584,0.235585786437627));
#10195=CARTESIAN_POINT('',(0.256067483582156,-0.1148992803567,0.235585786437627));
#10196=CARTESIAN_POINT('Origin',(2.58534352450588E-19,-3.63187038654239E-19,
0.235585786437627));
#10197=CARTESIAN_POINT('',(0.252056773735035,-0.112817787801372,0.240097016257093));
#10198=CARTESIAN_POINT('',(0.252056773735035,-0.112817787801372,0.240097016257093));
#10199=CARTESIAN_POINT('',(0.259294882684844,-0.101765742337257,0.2377));
#10200=CARTESIAN_POINT('Ctrl Pts',(0.259294882684844,-0.101765742337257,
0.2377));
#10201=CARTESIAN_POINT('Ctrl Pts',(0.255660189331713,-0.107315644454713,
0.239055833702077));
#10202=CARTESIAN_POINT('Ctrl Pts',(0.252056773735024,-0.112817787801389,
0.240097016257096));
#10203=CARTESIAN_POINT('',(0.261506273391974,-0.0887408553415635,0.240097016257093));
#10204=CARTESIAN_POINT('Ctrl Pts',(0.261506273391978,-0.088740855341543,
0.240097016257096));
#10205=CARTESIAN_POINT('Ctrl Pts',(0.260405356036395,-0.0952251568726262,
0.239055833702077));
#10206=CARTESIAN_POINT('Ctrl Pts',(0.259294882684844,-0.101765742337257,
0.2377));
#10207=CARTESIAN_POINT('',(0.265862106242778,-0.089942988824805,0.235585786437627));
#10208=CARTESIAN_POINT('',(0.265862106242778,-0.089942988824805,0.235585786437627));
#10209=CARTESIAN_POINT('',(0.270332270486307,-0.0754510722806731,0.235585786437627));
#10210=CARTESIAN_POINT('Origin',(2.70769647150368E-19,-3.2352118746348E-19,
0.235585786437627));
#10211=CARTESIAN_POINT('',(0.266056126586955,-0.0739905935619964,0.240097016257093));
#10212=CARTESIAN_POINT('',(0.266056126586955,-0.0739905935619964,0.240097016257093));
#10213=CARTESIAN_POINT('',(0.271566169938248,-0.0619832061535285,0.2377));
#10214=CARTESIAN_POINT('Ctrl Pts',(0.271566169938248,-0.0619832061535284,
0.2377));
#10215=CARTESIAN_POINT('Ctrl Pts',(0.268799243095438,-0.0680128433840074,
0.239055833702076));
#10216=CARTESIAN_POINT('Ctrl Pts',(0.266056126586946,-0.0739905935620151,
0.240097016257096));
#10217=CARTESIAN_POINT('',(0.271811602563759,-0.0487742057016966,0.240097016257093));
#10218=CARTESIAN_POINT('Ctrl Pts',(0.271811602563759,-0.0487742057016761,
0.240097016257096));
#10219=CARTESIAN_POINT('Ctrl Pts',(0.271689416540195,-0.0553501661596986,
0.239055833702077));
#10220=CARTESIAN_POINT('Ctrl Pts',(0.271566169938248,-0.0619832061535287,
0.2377));
#10221=CARTESIAN_POINT('',(0.276297953059107,-0.0493137091479949,0.235585786437627));
#10222=CARTESIAN_POINT('',(0.276297953059107,-0.0493137091479949,0.235585786437627));
#10223=CARTESIAN_POINT('',(0.278558281178424,-0.0343174119290401,0.235585786437627));
#10224=CARTESIAN_POINT('Origin',(2.76956395366182E-19,-2.82474795008211E-19,
0.235585786437627));
#10225=CARTESIAN_POINT('',(0.274112225215436,-0.0335105717282218,0.240097016257093));
#10226=CARTESIAN_POINT('',(0.274112225215436,-0.0335105717282218,0.240097016257093));
#10227=CARTESIAN_POINT('',(0.277771117704818,-0.0208160675684957,0.2377));
#10228=CARTESIAN_POINT('Ctrl Pts',(0.277771117704818,-0.0208160675684956,
0.2377));
#10229=CARTESIAN_POINT('Ctrl Pts',(0.275933765945789,-0.027190747779944,
0.239055833702077));
#10230=CARTESIAN_POINT('Ctrl Pts',(0.27411222521543,-0.0335105717282417,
0.240097016257096));
#10231=CARTESIAN_POINT('',(0.276045109689422,-0.00771802090340287,0.240097016257093));
#10232=CARTESIAN_POINT('Ctrl Pts',(0.276045109689419,-0.0077180209033826,
0.240097016257096));
#10233=CARTESIAN_POINT('Ctrl Pts',(0.276904384431733,-0.0142387441981597,
0.239055833702077));
#10234=CARTESIAN_POINT('Ctrl Pts',(0.277771117704818,-0.0208160675684954,
0.2377));
#10235=CARTESIAN_POINT('',(0.280561760172718,-0.0075828426972698,0.235585786437627));
#10236=CARTESIAN_POINT('',(0.280561760172718,-0.0075828426972698,0.235585786437627));
#10237=CARTESIAN_POINT('',(0.280561760172718,0.00758284269727164,0.235585786437627));
#10238=CARTESIAN_POINT('Origin',(2.76956395366182E-19,-2.4096476986876E-19,
0.235585786437627));
#10239=CARTESIAN_POINT('',(0.276045109689421,0.00771802090340865,0.240097016257093));
#10240=CARTESIAN_POINT('',(0.276045109689421,0.00771802090340865,0.240097016257093));
#10241=CARTESIAN_POINT('',(0.277771117704818,0.0208160675685015,0.2377));
#10242=CARTESIAN_POINT('Ctrl Pts',(0.277771117704818,0.0208160675685015,
0.2377));
#10243=CARTESIAN_POINT('Ctrl Pts',(0.276904384431733,0.0142387441981655,
0.239055833702077));
#10244=CARTESIAN_POINT('Ctrl Pts',(0.276045109689419,0.00771802090338815,
0.240097016257096));
#10245=CARTESIAN_POINT('',(0.274112225215435,0.0335105717282275,0.240097016257093));
#10246=CARTESIAN_POINT('Ctrl Pts',(0.274112225215429,0.0335105717282474,
0.240097016257096));
#10247=CARTESIAN_POINT('Ctrl Pts',(0.275933765945788,0.0271907477799499,
0.239055833702077));
#10248=CARTESIAN_POINT('Ctrl Pts',(0.277771117704818,0.0208160675685016,
0.2377));
#10249=CARTESIAN_POINT('',(0.278558281178424,0.0343174119290419,0.235585786437627));
#10250=CARTESIAN_POINT('',(0.278558281178424,0.0343174119290419,0.235585786437627));
#10251=CARTESIAN_POINT('',(0.276297953059106,0.0493137091479967,0.235585786437627));
#10252=CARTESIAN_POINT('Origin',(2.70769647150368E-19,-1.9991837741349E-19,
0.235585786437627));
#10253=CARTESIAN_POINT('',(0.271811602563758,0.0487742057017026,0.240097016257093));
#10254=CARTESIAN_POINT('',(0.271811602563758,0.0487742057017026,0.240097016257093));
#10255=CARTESIAN_POINT('',(0.271566169938246,0.0619832061535345,0.2377));
#10256=CARTESIAN_POINT('Ctrl Pts',(0.271566169938246,0.0619832061535345,
0.2377));
#10257=CARTESIAN_POINT('Ctrl Pts',(0.271689416540194,0.0553501661597045,
0.239055833702077));
#10258=CARTESIAN_POINT('Ctrl Pts',(0.271811602563758,0.0487742057016819,
0.240097016257096));
#10259=CARTESIAN_POINT('',(0.266056126586953,0.0739905935620022,0.240097016257093));
#10260=CARTESIAN_POINT('Ctrl Pts',(0.266056126586944,0.0739905935620212,
0.240097016257096));
#10261=CARTESIAN_POINT('Ctrl Pts',(0.268799243095436,0.0680128433840135,
0.239055833702077));
#10262=CARTESIAN_POINT('Ctrl Pts',(0.271566169938246,0.0619832061535347,
0.2377));
#10263=CARTESIAN_POINT('',(0.270332270486307,0.0754510722806752,0.235585786437627));
#10264=CARTESIAN_POINT('',(0.270332270486307,0.0754510722806752,0.235585786437627));
#10265=CARTESIAN_POINT('',(0.265862106242778,0.0899429888248068,0.235585786437627));
#10266=CARTESIAN_POINT('Origin',(2.58534352450588E-19,-1.60252526222731E-19,
0.235585786437627));
#10267=CARTESIAN_POINT('',(0.261506273391972,0.088740855341569,0.240097016257093));
#10268=CARTESIAN_POINT('',(0.261506273391972,0.088740855341569,0.240097016257093));
#10269=CARTESIAN_POINT('',(0.259294882684842,0.101765742337262,0.2377));
#10270=CARTESIAN_POINT('Ctrl Pts',(0.259294882684842,0.101765742337262,
0.2377));
#10271=CARTESIAN_POINT('Ctrl Pts',(0.260405356036393,0.0952251568726316,
0.239055833702077));
#10272=CARTESIAN_POINT('Ctrl Pts',(0.261506273391976,0.0887408553415485,
0.240097016257096));
#10273=CARTESIAN_POINT('',(0.252056773735033,0.112817787801377,0.240097016257093));
#10274=CARTESIAN_POINT('Ctrl Pts',(0.252056773735022,0.112817787801394,
0.240097016257096));
#10275=CARTESIAN_POINT('Ctrl Pts',(0.255660189331711,0.107315644454718,
0.239055833702077));
#10276=CARTESIAN_POINT('Ctrl Pts',(0.259294882684842,0.101765742337262,
0.2377));
#10277=CARTESIAN_POINT('',(0.256067483582156,0.114899280356702,0.235585786437627));
#10278=CARTESIAN_POINT('',(0.256067483582156,0.114899280356702,0.235585786437627));
#10279=CARTESIAN_POINT('',(0.249487339296891,0.128563090757586,0.235585786437627));
#10280=CARTESIAN_POINT('Origin',(2.40523827532219E-19,-1.22853285866239E-19,
0.235585786437627));
#10281=CARTESIAN_POINT('',(0.245359326198719,0.126725180912954,0.240097016257093));
#10282=CARTESIAN_POINT('',(0.245359326198719,0.126725180912954,0.240097016257093));
#10283=CARTESIAN_POINT('',(0.241231376224154,0.139275000000003,0.2377));
#10284=CARTESIAN_POINT('Ctrl Pts',(0.241231376224154,0.139275000000003,
0.2377));
#10285=CARTESIAN_POINT('Ctrl Pts',(0.243304270185636,0.132972974935859,
0.239055833702077));
#10286=CARTESIAN_POINT('Ctrl Pts',(0.245359326198725,0.126725180912934,
0.240097016257096));
#10287=CARTESIAN_POINT('',(0.232426889069153,0.149124819087051,0.240097016257093));
#10288=CARTESIAN_POINT('Ctrl Pts',(0.232426889069139,0.149124819087067,
0.240097016257096));
#10289=CARTESIAN_POINT('Ctrl Pts',(0.23681010940406,0.14422119136207,0.239055833702077));
#10290=CARTESIAN_POINT('Ctrl Pts',(0.241231376224154,0.139275000000003,
0.2377));
#10291=CARTESIAN_POINT('',(0.236082572233558,0.151780828374905,0.235585786437627));
#10292=CARTESIAN_POINT('',(0.236082572233558,0.151780828374905,0.235585786437627));
#10293=CARTESIAN_POINT('',(0.22753943745653,0.164311305686953,0.235585786437627));
#10294=CARTESIAN_POINT('Origin',(2.17140397760441E-19,-8.85560935731925E-20,
0.235585786437627));
#10295=CARTESIAN_POINT('',(0.223731457102267,0.161878675349802,0.240097016257093));
#10296=CARTESIAN_POINT('',(0.223731457102267,0.161878675349802,0.240097016257093));
#10297=CARTESIAN_POINT('',(0.217779159441468,0.173673084307753,0.2377));
#10298=CARTESIAN_POINT('Ctrl Pts',(0.217779159441468,0.173673084307753,
0.2377));
#10299=CARTESIAN_POINT('Ctrl Pts',(0.220768168987136,0.167750396470247,
0.239055833702077));
#10300=CARTESIAN_POINT('Ctrl Pts',(0.223731457102277,0.161878675349783,
0.240097016257096));
#10301=CARTESIAN_POINT('',(0.207604971775341,0.182100648335667,0.240097016257093));
#10302=CARTESIAN_POINT('Ctrl Pts',(0.207604971775325,0.18210064833568,0.240097016257096));
#10303=CARTESIAN_POINT('Ctrl Pts',(0.21267008294925,0.177905075172736,0.239055833702077));
#10304=CARTESIAN_POINT('Ctrl Pts',(0.217779159441468,0.173673084307753,
0.2377));
#10305=CARTESIAN_POINT('',(0.21082396633597,0.185271843497482,0.235585786437627));
#10306=CARTESIAN_POINT('',(0.21082396633597,0.185271843497482,0.235585786437627));
#10307=CARTESIAN_POINT('',(0.200508680580992,0.196389077563532,0.235585786437627));
#10308=CARTESIAN_POINT('Origin',(1.88906410316401E-19,-5.81270919450146E-20,
0.235585786437627));
#10309=CARTESIAN_POINT('',(0.197105796959255,0.193416067675793,0.240097016257093));
#10310=CARTESIAN_POINT('',(0.197105796959255,0.193416067675793,0.240097016257093));
#10311=CARTESIAN_POINT('',(0.189462116106087,0.204191598898201,0.2377));
#10312=CARTESIAN_POINT('Ctrl Pts',(0.189462116106087,0.204191598898201,
0.2377));
#10313=CARTESIAN_POINT('Ctrl Pts',(0.193300471701881,0.198780551346674,
0.239055833702077));
#10314=CARTESIAN_POINT('Ctrl Pts',(0.197105796959267,0.193416067675776,
0.240097016257096));
#10315=CARTESIAN_POINT('',(0.178145502468956,0.211008650012727,0.240097016257093));
#10316=CARTESIAN_POINT('Ctrl Pts',(0.178145502468938,0.211008650012737,
0.240097016257096));
#10317=CARTESIAN_POINT('Ctrl Pts',(0.183779358268086,0.207614853583332,
0.239055833702077));
#10318=CARTESIAN_POINT('Ctrl Pts',(0.189462116106087,0.204191598898201,
0.2377));
#10319=CARTESIAN_POINT('',(0.180855901406553,0.21462419178883,0.235585786437627));
#10320=CARTESIAN_POINT('',(0.180855901406553,0.21462419178883,0.235585786437627));
#10321=CARTESIAN_POINT('',(0.168998891111895,0.224079841970524,0.235585786437627));
#10322=CARTESIAN_POINT('Origin',(1.56452565824339E-19,-3.2246014595667E-20,
0.235585786437627));
#10323=CARTESIAN_POINT('',(0.166077119019698,0.220632864660338,0.240097016257093));
#10324=CARTESIAN_POINT('',(0.166077119019698,0.220632864660338,0.240097016257093));
#10325=CARTESIAN_POINT('',(0.156912802173619,0.230148810585722,0.2377));
#10326=CARTESIAN_POINT('Ctrl Pts',(0.156912802173619,0.230148810585722,
0.2377));
#10327=CARTESIAN_POINT('Ctrl Pts',(0.161514761298221,0.225370277180991,
0.239055833702077));
#10328=CARTESIAN_POINT('Ctrl Pts',(0.166077119019713,0.220632864660323,
0.240097016257096));
#10329=CARTESIAN_POINT('',(0.144706557013997,0.2352030671298,0.240097016257093));
#10330=CARTESIAN_POINT('Ctrl Pts',(0.144706557013977,0.235203067129808,
0.240097016257096));
#10331=CARTESIAN_POINT('Ctrl Pts',(0.150783306409461,0.232686859238094,
0.239055833702077));
#10332=CARTESIAN_POINT('Ctrl Pts',(0.156912802173619,0.230148810585722,
0.2377));
#10333=CARTESIAN_POINT('',(0.146847814495095,0.239182190291417,0.235585786437627));
#10334=CARTESIAN_POINT('',(0.146847814495095,0.239182190291417,0.235585786437627));
#10335=CARTESIAN_POINT('',(0.13371394567762,0.246765032988687,0.235585786437627));
#10336=CARTESIAN_POINT('Origin',(1.20503829541843E-19,-1.14910020259414E-20,
0.235585786437627));
#10337=CARTESIAN_POINT('',(0.131338552675419,0.242921088033206,0.240097016257093));
#10338=CARTESIAN_POINT('',(0.131338552675419,0.242921088033206,0.240097016257093));
#10339=CARTESIAN_POINT('',(0.120858315531193,0.250964878154221,0.2377));
#10340=CARTESIAN_POINT('Ctrl Pts',(0.120858315531193,0.25096487815422,0.2377));
#10341=CARTESIAN_POINT('Ctrl Pts',(0.126121078022266,0.246925603436256,
0.239055833702077));
#10342=CARTESIAN_POINT('Ctrl Pts',(0.131338552675436,0.242921088033193,
0.240097016257096));
#10343=CARTESIAN_POINT('',(0.108035106195731,0.254143436388562,0.240097016257093));
#10344=CARTESIAN_POINT('Ctrl Pts',(0.108035106195711,0.254143436388567,
0.240097016257096));
#10345=CARTESIAN_POINT('Ctrl Pts',(0.114419004647561,0.252561024960937,
0.239055833702077));
#10346=CARTESIAN_POINT('Ctrl Pts',(0.120858315531193,0.25096487815422,0.2377));
#10347=CARTESIAN_POINT('',(0.109559390066526,0.258397253899565,0.235585786437627));
#10348=CARTESIAN_POINT('',(0.109559390066526,0.258397253899565,0.235585786437627));
#10349=CARTESIAN_POINT('',(0.0954420516525504,0.263937900936825,0.235585786437627));
#10350=CARTESIAN_POINT('Origin',(8.18632368339673E-20,3.67431307998059E-21,
0.235585786437627));
#10351=CARTESIAN_POINT('',(0.093666100094796,0.259782855714425,0.240097016257093));
#10352=CARTESIAN_POINT('',(0.093666100094796,0.259782855714425,0.240097016257093));
#10353=CARTESIAN_POINT('',(0.0821040538321538,0.266174805051731,0.2377));
#10354=CARTESIAN_POINT('Ctrl Pts',(0.0821040538321538,0.266174805051731,
0.2377));
#10355=CARTESIAN_POINT('Ctrl Pts',(0.0879100582721024,0.262965019743032,
0.239055833702077));
#10356=CARTESIAN_POINT('Ctrl Pts',(0.093666100094814,0.259782855714415,
0.240097016257096));
#10357=CARTESIAN_POINT('',(0.0689503296276927,0.267406661237791,0.240097016257093));
#10358=CARTESIAN_POINT('Ctrl Pts',(0.0689503296276722,0.267406661237793,
0.240097016257096));
#10359=CARTESIAN_POINT('Ctrl Pts',(0.0754987713935496,0.266793394730684,
0.239055833702077));
#10360=CARTESIAN_POINT('Ctrl Pts',(0.0821040538321538,0.266174805051731,
0.2377));
#10361=CARTESIAN_POINT('',(0.0698235899053122,0.271840149844206,0.235585786437627));
#10362=CARTESIAN_POINT('',(0.0698235899053122,0.271840149844206,0.235585786437627));
#10363=CARTESIAN_POINT('',(0.0550381399068057,0.275214832322287,0.235585786437627));
#10364=CARTESIAN_POINT('Origin',(4.1393954690147E-20,1.29111626425614E-20,
0.235585786437627));
#10365=CARTESIAN_POINT('',(0.0539013016166267,0.270841503677231,0.240097016257093));
#10366=CARTESIAN_POINT('',(0.0539013016166267,0.270841503677231,0.240097016257093));
#10367=CARTESIAN_POINT('',(0.0415157232433697,0.27543882664501,0.2377));
#10368=CARTESIAN_POINT('Ctrl Pts',(0.0415157232433697,0.27543882664501,
0.2377));
#10369=CARTESIAN_POINT('Ctrl Pts',(0.0477352730871384,0.273130232045363,
0.239055833702077));
#10370=CARTESIAN_POINT('Ctrl Pts',(0.0539013016166463,0.270841503677224,
0.240097016257096));
#10371=CARTESIAN_POINT('',(0.0283253166327614,0.274696463151174,0.240097016257093));
#10372=CARTESIAN_POINT('Ctrl Pts',(0.0283253166327408,0.274696463151172,
0.240097016257096));
#10373=CARTESIAN_POINT('Ctrl Pts',(0.0348920203445701,0.27506604092496,
0.239055833702077));
#10374=CARTESIAN_POINT('Ctrl Pts',(0.0415157232433699,0.27543882664501,
0.2377));
#10375=CARTESIAN_POINT('',(0.0285280461256232,0.279210586043652,0.235585786437627));
#10376=CARTESIAN_POINT('',(0.0285280461256232,0.279210586043652,0.235585786437627));
#10377=CARTESIAN_POINT('',(0.0134047670633313,0.280343919132488,0.235585786437627));
#10378=CARTESIAN_POINT('Origin',(0.,1.60132107060074E-20,0.235585786437627));
#10379=CARTESIAN_POINT('',(0.0129324371295654,0.27585,0.240097016257093));
#10380=CARTESIAN_POINT('',(0.0129324371295654,0.27585,0.240097016257093));
#10381=CARTESIAN_POINT('Ctrl Pts',(8.36217326519601E-17,0.27855,0.2377));
#10382=CARTESIAN_POINT('Ctrl Pts',(0.00649416078157545,0.277194166297923,
0.239055833702077));
#10383=CARTESIAN_POINT('Ctrl Pts',(0.0129324371295855,0.275849999999996,
0.240097016257096));
#10384=CARTESIAN_POINT('Origin',(6.82535343695406E-17,0.101481709188245,
0.244375));
#10385=CARTESIAN_POINT('',(-0.00312041352637836,0.106161842137681,0.244375));
#10386=CARTESIAN_POINT('',(0.00312041352637853,0.106161842137681,0.244375));
#10387=CARTESIAN_POINT('Origin',(6.82535343695406E-17,0.101481709188245,
0.244375));
#10388=CARTESIAN_POINT('',(0.00624082705275695,0.110841975087117,0.25));
#10389=CARTESIAN_POINT('Origin',(0.00624082705275695,0.110841975087117,
0.244375));
#10390=CARTESIAN_POINT('',(-0.00624082705275687,0.110841975087117,0.25));
#10391=CARTESIAN_POINT('Origin',(6.82535343695406E-17,0.101481709188245,
0.25));
#10392=CARTESIAN_POINT('Origin',(-0.00624082705275687,0.110841975087117,
0.244375));
#10393=CARTESIAN_POINT('Origin',(-0.087885738176485,-0.0507408545941225,
0.0935));
#10394=CARTESIAN_POINT('',(-0.0903786454405957,-0.0557832784529967,0.244375));
#10395=CARTESIAN_POINT('',(-0.0934990589669742,-0.0503785636846841,0.244375));
#10396=CARTESIAN_POINT('Origin',(-0.087885738176485,-0.0507408545941225,
0.244375));
#10397=CARTESIAN_POINT('',(-0.0903786454405957,-0.0557832784529967,0.099125));
#10398=CARTESIAN_POINT('',(-0.0903786454405957,-0.0557832784529966,0.0935));
#10399=CARTESIAN_POINT('',(-0.0934990589669742,-0.0503785636846841,0.099125));
#10400=CARTESIAN_POINT('Origin',(-0.087885738176485,-0.0507408545941225,
0.099125));
#10401=CARTESIAN_POINT('',(-0.0934990589669741,-0.0503785636846841,0.0935));
#10402=CARTESIAN_POINT('Origin',(-0.874062499999981,-4.83809498374173E-16,
0.0935));
#10403=CARTESIAN_POINT('',(-0.0934990589669742,0.0503785636846839,0.099125));
#10404=CARTESIAN_POINT('Origin',(-0.874062499999981,-4.83809498374173E-16,
0.099125));
#10405=CARTESIAN_POINT('',(-0.0934990589669742,0.0503785636846839,0.244375));
#10406=CARTESIAN_POINT('',(-0.0934990589669742,0.0503785636846839,0.0935));
#10407=CARTESIAN_POINT('Origin',(-0.874062499999981,-4.83809498374173E-16,
0.244375));
#10408=CARTESIAN_POINT('Origin',(-0.087885738176485,0.0507408545941223,
0.0935));
#10409=CARTESIAN_POINT('',(-0.0903786454405957,0.0557832784529964,0.244375));
#10410=CARTESIAN_POINT('Origin',(-0.087885738176485,0.0507408545941223,
0.244375));
#10411=CARTESIAN_POINT('',(-0.0903786454405957,0.0557832784529964,0.099125));
#10412=CARTESIAN_POINT('Origin',(-0.0878857381764849,0.0507408545941222,
0.099125));
#10413=CARTESIAN_POINT('',(-0.0903786454405957,0.0557832784529964,0.0935));
#10414=CARTESIAN_POINT('Origin',(0.0878857381764849,0.0507408545941224,
0.099125));
#10415=CARTESIAN_POINT('',(0.0903786454405957,0.0557832784529967,0.099125));
#10416=CARTESIAN_POINT('',(0.0878857381764849,0.0507408545941225,0.0935));
#10417=CARTESIAN_POINT('Origin',(0.087885738176485,0.0507408545941225,0.099125));
#10418=CARTESIAN_POINT('',(0.0934990589669741,0.0503785636846842,0.099125));
#10419=CARTESIAN_POINT('Origin',(0.0878857381764849,0.0507408545941225,
0.099125));
#10420=CARTESIAN_POINT('Origin',(0.0878857381764848,0.0507408545941226,
0.099125));
#10421=CARTESIAN_POINT('Origin',(0.874062499999981,9.76628788364915E-16,
0.099125));
#10422=CARTESIAN_POINT('',(0.0878857381764849,-0.0507408545941224,0.0935));
#10423=CARTESIAN_POINT('Origin',(0.874062499999981,9.76628788364915E-16,
0.0935));
#10424=CARTESIAN_POINT('',(0.0934990589669741,-0.0503785636846838,0.099125));
#10425=CARTESIAN_POINT('Origin',(0.0878857381764849,-0.0507408545941223,
0.099125));
#10426=CARTESIAN_POINT('Origin',(0.874062499999981,9.76628788364915E-16,
0.099125));
#10427=CARTESIAN_POINT('Origin',(0.0878857381764849,-0.0507408545941223,
0.099125));
#10428=CARTESIAN_POINT('',(0.0903786454405956,-0.0557832784529965,0.099125));
#10429=CARTESIAN_POINT('Origin',(0.0878857381764849,-0.0507408545941224,
0.099125));
#10430=CARTESIAN_POINT('Origin',(0.0878857381764848,-0.0507408545941223,
0.099125));
#10431=CARTESIAN_POINT('Origin',(0.,2.71484000798741E-19,0.00562499999999999));
#10432=CARTESIAN_POINT('',(-3.44431912260193E-17,0.28125,0.00562499999999999));
#10433=CARTESIAN_POINT('Origin',(0.,2.71484000798741E-19,0.00562499999999999));
#10434=CARTESIAN_POINT('',(-3.37543274014989E-17,0.275625,1.53100312470901E-19));
#10435=CARTESIAN_POINT('Origin',(-3.37543274014989E-17,0.275625,0.00562499999999999));
#10436=CARTESIAN_POINT('Origin',(0.,2.77732993144492E-19,0.));
#10437=CARTESIAN_POINT('Origin',(0.,6.37242923159306E-19,-0.323611111111111));
#10438=CARTESIAN_POINT('',(-1.61073775776883E-17,0.13152671928676,-0.3125));
#10439=CARTESIAN_POINT('Origin',(0.,6.24899234575106E-19,-0.3125));
#10440=CARTESIAN_POINT('Origin',(-1.61073775776883E-17,0.13152671928676,
-0.323611111111111));
#10441=CARTESIAN_POINT('Origin',(0.,2.90230977835994E-19,-0.01125));
#10442=CARTESIAN_POINT('',(-2.20436423846524E-17,0.18,9.9983877532017E-20));
#10443=CARTESIAN_POINT('Origin',(0.,2.77732993144492E-19,0.));
#10444=CARTESIAN_POINT('',(-2.06659147356116E-17,0.16875,-0.01125));
#10445=CARTESIAN_POINT('Origin',(-2.20436423846524E-17,0.18,-0.01125));
#10446=CARTESIAN_POINT('Origin',(0.,2.90230977835994E-19,-0.01125));
#10447=CARTESIAN_POINT('Origin',(0.,3.26336266944778E-19,-0.0437500000000003));
#10448=CARTESIAN_POINT('',(2.29621274840129E-17,0.1875,-0.0625));
#10449=CARTESIAN_POINT('',(-2.29621274840128E-17,-0.1875,-0.0625000000000003));
#10450=CARTESIAN_POINT('Origin',(0.,3.47166241430614E-19,-0.0625));
#10451=CARTESIAN_POINT('',(-2.06659147356116E-17,-0.16875,-0.0437500000000003));
#10452=CARTESIAN_POINT('',(-2.06659147356116E-17,-0.16875,-0.0437500000000003));
#10453=CARTESIAN_POINT('',(2.06659147356116E-17,0.16875,-0.0437500000000003));
#10454=CARTESIAN_POINT('Origin',(0.,3.26336266944778E-19,-0.0437500000000003));
#10455=CARTESIAN_POINT('Origin',(0.,3.26336266944778E-19,-0.0437500000000003));
#10456=CARTESIAN_POINT('Origin',(0.,3.47166241430614E-19,-0.0625));
#10457=CARTESIAN_POINT('Origin',(0.,0.,0.25));
#10458=CARTESIAN_POINT('Ctrl Pts',(0.,0.120415608175649,-0.444444444444441));
#10459=CARTESIAN_POINT('Ctrl Pts',(-0.0498777780277582,0.120415608175649,
-0.440972222222219));
#10460=CARTESIAN_POINT('Ctrl Pts',(-0.0851466931017034,0.0851466931017035,
-0.437499999999997));
#10461=CARTESIAN_POINT('Ctrl Pts',(-0.120415608175649,0.0498777780277582,
-0.434027777777775));
#10462=CARTESIAN_POINT('Ctrl Pts',(-0.120415608175649,8.2759616837041E-18,
-0.430555555555552));
#10463=CARTESIAN_POINT('Ctrl Pts',(-0.120415608175649,-0.0498777780277582,
-0.42708333333333));
#10464=CARTESIAN_POINT('Ctrl Pts',(-0.0851466931017035,-0.0851466931017034,
-0.423611111111108));
#10465=CARTESIAN_POINT('Ctrl Pts',(-0.0498777780277582,-0.120415608175649,
-0.420138888888886));
#10466=CARTESIAN_POINT('Ctrl Pts',(-1.4746658911969E-17,-0.120415608175649,
-0.416666666666663));
#10467=CARTESIAN_POINT('Ctrl Pts',(0.0498777780277582,-0.120415608175649,
-0.413194444444441));
#10468=CARTESIAN_POINT('Ctrl Pts',(0.0851466931017034,-0.0851466931017035,
-0.409722222222219));
#10469=CARTESIAN_POINT('Ctrl Pts',(0.120415608175649,-0.0498777780277583,
-0.406249999999997));
#10470=CARTESIAN_POINT('Ctrl Pts',(0.120415608175649,-2.12173561402339E-17,
-0.402777777777774));
#10471=CARTESIAN_POINT('Ctrl Pts',(0.120415608175649,0.0498777780277583,
-0.399305555555552));
#10472=CARTESIAN_POINT('Ctrl Pts',(0.0851466931017035,0.0851466931017034,
-0.39583333333333));
#10473=CARTESIAN_POINT('Ctrl Pts',(0.0498777780277583,0.120415608175649,
-0.392361111111108));
#10474=CARTESIAN_POINT('Ctrl Pts',(0.,0.120415608175649,-0.388888888888885));
#10475=CARTESIAN_POINT('Ctrl Pts',(-4.27370300128807E-14,0.120415608175649,
-0.451388888888883));
#10476=CARTESIAN_POINT('Ctrl Pts',(-0.00376086592149266,0.120415608175647,
-0.451127077662649));
#10477=CARTESIAN_POINT('Ctrl Pts',(-0.00752566551266158,0.12023942784358,
-0.450859912379805));
#10478=CARTESIAN_POINT('Ctrl Pts',(-0.0271949243584305,0.118388387628896,
-0.449437269203097));
#10479=CARTESIAN_POINT('Ctrl Pts',(-0.0426495501054163,0.113737784862561,
-0.448227299805758));
#10480=CARTESIAN_POINT('Ctrl Pts',(-0.0703677137072245,0.0989287547606614,
-0.445870687493303));
#10481=CARTESIAN_POINT('Ctrl Pts',(-0.0824628928569056,0.0890973299315252,
-0.444796854729614));
#10482=CARTESIAN_POINT('Ctrl Pts',(-0.10262959447172,0.0649829863361005,
-0.442536630796813));
#10483=CARTESIAN_POINT('Ctrl Pts',(-0.110341408626089,0.0507964971415911,
-0.441326671234505));
#10484=CARTESIAN_POINT('Ctrl Pts',(-0.119614065834026,0.0207607956747612,
-0.438968367487024));
#10485=CARTESIAN_POINT('Ctrl Pts',(-0.121287974036597,0.00526338113988012,
-0.437891563187966));
#10486=CARTESIAN_POINT('Ctrl Pts',(-0.118643515537625,-0.0260686870457002,
-0.43563413958315));
#10487=CARTESIAN_POINT('Ctrl Pts',(-0.114134707436644,-0.0415813925928276,
-0.434424215677103));
#10488=CARTESIAN_POINT('Ctrl Pts',(-0.0995752774739391,-0.0694502044923982,
-0.432064313340791));
#10489=CARTESIAN_POINT('Ctrl Pts',(-0.089854898698977,-0.0816369718601151,
-0.430984519391088));
#10490=CARTESIAN_POINT('Ctrl Pts',(-0.0659156084368109,-0.102035390456925,
-0.428729800095755));
#10491=CARTESIAN_POINT('Ctrl Pts',(-0.0517864461788526,-0.109882350710098,
-0.427519934345371));
#10492=CARTESIAN_POINT('Ctrl Pts',(-0.0218183525193051,-0.119425985520047,
-0.425158523364211));
#10493=CARTESIAN_POINT('Ctrl Pts',(-0.0063340742926162,-0.121236989549816,
-0.424075740034875));
#10494=CARTESIAN_POINT('Ctrl Pts',(0.0250356802718711,-0.118867662783949,
-0.421823626418085));
#10495=CARTESIAN_POINT('Ctrl Pts',(0.0406004421481389,-0.114489234218157,
-0.420613838166038));
#10496=CARTESIAN_POINT('Ctrl Pts',(0.0686062947282152,-0.10015902177317,
-0.418251005355531));
#10497=CARTESIAN_POINT('Ctrl Pts',(0.0808768014068313,-0.0905400907666467,
-0.417165249638847));
#10498=CARTESIAN_POINT('Ctrl Pts',(0.101486021078367,-0.0667615339662421,
-0.414915641225481));
#10499=CARTESIAN_POINT('Ctrl Pts',(0.109455909809222,-0.0526857520597744,
-0.413705946846005));
#10500=CARTESIAN_POINT('Ctrl Pts',(0.119246640156823,-0.0227803598056314,
-0.411341775720792));
#10501=CARTESIAN_POINT('Ctrl Pts',(0.121182510097426,-0.00730799916996389,
-0.410253079617286));
#10502=CARTESIAN_POINT('Ctrl Pts',(0.119063620178084,0.0240949756371361,
-0.408005874811992));
#10503=CARTESIAN_POINT('Ctrl Pts',(0.114804189518878,0.0397061356241487,
-0.406796287915762));
#10504=CARTESIAN_POINT('Ctrl Pts',(0.100682969152025,0.067835854315461,
-0.404430858566643));
#10505=CARTESIAN_POINT('Ctrl Pts',(0.0911561059875332,0.0801824116026892,
-0.403339267361314));
#10506=CARTESIAN_POINT('Ctrl Pts',(0.0675240697315949,0.100982189165615,
-0.401094364121782));
#10507=CARTESIAN_POINT('Ctrl Pts',(0.0534975525379692,0.109063174815078,
-0.399884895771377));
#10508=CARTESIAN_POINT('Ctrl Pts',(0.0259414744329134,0.118308850784633,
-0.397699988057545));
#10509=CARTESIAN_POINT('Ctrl Pts',(0.0130064779475315,0.120415608175651,
-0.396738774264101));
#10510=CARTESIAN_POINT('Ctrl Pts',(-2.57886450601906E-14,0.120415608175649,
-0.395833333333328));
#10511=CARTESIAN_POINT('Origin',(0.,0.,0.25));
#10512=CARTESIAN_POINT('',(-2.29621274840129E-17,0.1875,-0.3125));
#10513=CARTESIAN_POINT('',(-2.29621274840129E-17,0.1875,0.25));
#10514=CARTESIAN_POINT('Origin',(0.,6.24899234575106E-19,-0.3125));
#10515=CARTESIAN_POINT('Origin',(0.,0.,0.25));
#10516=CARTESIAN_POINT('',(-2.06659147356116E-17,0.16875,0.25));
#10517=CARTESIAN_POINT('Origin',(0.,0.,0.25));
#10518=CARTESIAN_POINT('',(-0.0486480647738673,-0.148746817760104,-0.398611111111112));
#10519=CARTESIAN_POINT('Ctrl Pts',(0.,0.1565,-0.423611111111108));
#10520=CARTESIAN_POINT('Ctrl Pts',(-0.00089767699774273,0.1565,-0.423563028399389));
#10521=CARTESIAN_POINT('Ctrl Pts',(-0.00179566917409026,0.156492276458028,
-0.423514757445514));
#10522=CARTESIAN_POINT('Ctrl Pts',(-0.0236023161901703,0.156116856914248,
-0.422338388025034));
#10523=CARTESIAN_POINT('Ctrl Pts',(-0.0442256465165128,0.151569940896007,
-0.421132849335972));
#10524=CARTESIAN_POINT('Ctrl Pts',(-0.0817405177906077,0.134964781682649,
-0.418755007877107));
#10525=CARTESIAN_POINT('Ctrl Pts',(-0.0983922550712232,0.123351785162775,
-0.417618594639943));
#10526=CARTESIAN_POINT('Ctrl Pts',(-0.126942283388742,0.0938899968651452,
-0.415407086892396));
#10527=CARTESIAN_POINT('Ctrl Pts',(-0.138337896641852,0.0761059264686762,
-0.414201678718841));
#10528=CARTESIAN_POINT('Ctrl Pts',(-0.153180352837501,0.0378534221129587,
-0.411823435663153));
#10529=CARTESIAN_POINT('Ctrl Pts',(-0.156771981182649,0.017869930482705,
-0.410685432412861));
#10530=CARTESIAN_POINT('Ctrl Pts',(-0.156184401974695,-0.023156657014192,
-0.408474868799956));
#10531=CARTESIAN_POINT('Ctrl Pts',(-0.151694636865594,-0.0437989123755872,
-0.40726958441141));
#10532=CARTESIAN_POINT('Ctrl Pts',(-0.135189421735874,-0.0813696172531143,
-0.404890969741705));
#10533=CARTESIAN_POINT('Ctrl Pts',(-0.123619279301806,-0.0980568571512606,
-0.403751475051246));
#10534=CARTESIAN_POINT('Ctrl Pts',(-0.100751727422601,-0.120336383766712,
-0.402032299498785));
#10535=CARTESIAN_POINT('Ctrl Pts',(-0.0913867037890803,-0.127593783933892,
-0.4013696582307));
#10536=CARTESIAN_POINT('Ctrl Pts',(-0.0710258918543038,-0.139971521784171,
-0.400004440664047));
#10537=CARTESIAN_POINT('Ctrl Pts',(-0.0600712153792228,-0.14501084425197,
-0.399305863920497));
#10538=CARTESIAN_POINT('Ctrl Pts',(-0.0486480647738677,-0.148746817760104,
-0.398611111111112));
#10539=CARTESIAN_POINT('',(-0.139579260011296,-0.0707805070248792,-0.398611111111112));
#10540=CARTESIAN_POINT('Origin',(0.,7.20562821102654E-19,-0.398611111111112));
#10541=CARTESIAN_POINT('Ctrl Pts',(-0.139579260011296,-0.0707805070248788,
-0.398611111111112));
#10542=CARTESIAN_POINT('Ctrl Pts',(-0.144633031359257,-0.0608144627753409,
-0.399257053836937));
#10543=CARTESIAN_POINT('Ctrl Pts',(-0.148604854958604,-0.0503360214182851,
-0.399906437463936));
#10544=CARTESIAN_POINT('Ctrl Pts',(-0.154207898221901,-0.02886917430494,
-0.401180589858011));
#10545=CARTESIAN_POINT('Ctrl Pts',(-0.15585681593311,-0.0179498536046898,
-0.401802050850149));
#10546=CARTESIAN_POINT('Ctrl Pts',(-0.157236847577318,0.0131069277044113,
-0.403496178785104));
#10547=CARTESIAN_POINT('Ctrl Pts',(-0.154261346308797,0.0331485633384756,
-0.404602998865726));
#10548=CARTESIAN_POINT('Ctrl Pts',(-0.140642787746113,0.0717377418537909,
-0.406972121085623));
#10549=CARTESIAN_POINT('Ctrl Pts',(-0.129848289782522,0.0898124386361398,
-0.408179759443613));
#10550=CARTESIAN_POINT('Ctrl Pts',(-0.102332145656662,0.120096703856821,
-0.410412383421872));
#10551=CARTESIAN_POINT('Ctrl Pts',(-0.0861015127054672,0.132218665133734,
-0.411516046002379));
#10552=CARTESIAN_POINT('Ctrl Pts',(-0.049257374821256,0.150000311587876,
-0.41388406303797));
#10553=CARTESIAN_POINT('Ctrl Pts',(-0.0288699378230897,0.155219394444502,
-0.41509187963718));
#10554=CARTESIAN_POINT('Ctrl Pts',(-0.00537154309379648,0.156430921906762,
-0.416377415462343));
#10555=CARTESIAN_POINT('Ctrl Pts',(-0.00268463146026954,0.1565,-0.416522868439796));
#10556=CARTESIAN_POINT('Ctrl Pts',(-8.62003113077745E-15,0.1565,-0.416666666666663));
#10557=CARTESIAN_POINT('Origin',(0.,0.,0.25));
#10558=CARTESIAN_POINT('',(-3.44431912260193E-17,0.28125,0.25));
#10559=CARTESIAN_POINT('Origin',(0.,0.1565,-0.384722222222223));
#10560=CARTESIAN_POINT('',(-0.0600431326626994,-0.129355136088194,-0.384722222222223));
#10561=CARTESIAN_POINT('Ctrl Pts',(-0.114450086420288,0.037431222404565,
-0.384722222222223));
#10562=CARTESIAN_POINT('Ctrl Pts',(-0.117635449794111,0.0307603381867026,
-0.384722222222223));
#10563=CARTESIAN_POINT('Ctrl Pts',(-0.120188311657098,0.0238060048415662,
-0.384722222222223));
#10564=CARTESIAN_POINT('Ctrl Pts',(-0.124110734525836,0.00896362765399754,
-0.384722222222223));
#10565=CARTESIAN_POINT('Ctrl Pts',(-0.125321287520658,0.00118848539425376,
-0.384722222222223));
#10566=CARTESIAN_POINT('Ctrl Pts',(-0.126908415197025,-0.0234644742402685,
-0.384722222222223));
#10567=CARTESIAN_POINT('Ctrl Pts',(-0.124720592916535,-0.0403279927443326,
-0.384722222222223));
#10568=CARTESIAN_POINT('Ctrl Pts',(-0.116960565949369,-0.0635580717011062,
-0.384722222222223));
#10569=CARTESIAN_POINT('Ctrl Pts',(-0.11390864008894,-0.0705756232307212,
-0.384722222222247));
#10570=CARTESIAN_POINT('Ctrl Pts',(-0.107390321181809,-0.0825667516546891,
-0.384722222222247));
#10571=CARTESIAN_POINT('Ctrl Pts',(-0.104158892688872,-0.0876425309688926,
-0.384722222222223));
#10572=CARTESIAN_POINT('Ctrl Pts',(-0.0977870287337174,-0.0962758473528579,
-0.384722222222223));
#10573=CARTESIAN_POINT('Ctrl Pts',(-0.0947525132053393,-0.0999411041180062,
-0.384722222222223));
#10574=CARTESIAN_POINT('Ctrl Pts',(-0.0824336738972007,-0.113485771711151,
-0.384722222222223));
#10575=CARTESIAN_POINT('Ctrl Pts',(-0.0717839957639438,-0.12224951619156,
-0.384722222222223));
#10576=CARTESIAN_POINT('Ctrl Pts',(-0.0600431326626996,-0.129355136088194,
-0.384722222222223));
#10577=CARTESIAN_POINT('',(0.118588999399784,0.0792122353787833,-0.384722222222223));
#10578=CARTESIAN_POINT('Origin',(0.,7.05133210372404E-19,-0.384722222222223));
#10579=CARTESIAN_POINT('Ctrl Pts',(0.118588999399784,0.0792122353787834,
-0.384722222222223));
#10580=CARTESIAN_POINT('Ctrl Pts',(0.109954512760253,0.0895353023394668,
-0.384722222222223));
#10581=CARTESIAN_POINT('Ctrl Pts',(0.0975570543793269,0.101524907982202,
-0.384722222222223));
#10582=CARTESIAN_POINT('Ctrl Pts',(0.0671835731974523,0.11877254339255,
-0.384722222222223));
#10583=CARTESIAN_POINT('Ctrl Pts',(0.0525567200382364,0.123995630289259,
-0.384722222222223));
#10584=CARTESIAN_POINT('Ctrl Pts',(0.0289987116874878,0.128017953699384,
-0.384722222222223));
#10585=CARTESIAN_POINT('Ctrl Pts',(0.0205225516868886,0.12864061359384,
-0.384722222222223));
#10586=CARTESIAN_POINT('Ctrl Pts',(-0.00117405429180069,0.128154808491195,
-0.384722222222223));
#10587=CARTESIAN_POINT('Ctrl Pts',(-0.0130591486421941,0.12598792532613,
-0.384722222222223));
#10588=CARTESIAN_POINT('Ctrl Pts',(-0.0348638854030245,0.118828319979749,
-0.384722222222223));
#10589=CARTESIAN_POINT('Ctrl Pts',(-0.0450890224969274,0.113790004079069,
-0.384722222222223));
#10590=CARTESIAN_POINT('Ctrl Pts',(-0.0544605610248044,0.10739630340554,
-0.384722222222223));
#10591=CARTESIAN_POINT('Origin',(0.,0.1565,-0.8125));
#10592=CARTESIAN_POINT('',(0.14149412296409,-0.0178141005658441,-0.812499999999991));
#10593=CARTESIAN_POINT('Ctrl Pts',(-1.23621858594095E-11,-0.120415608174159,
-0.8125));
#10594=CARTESIAN_POINT('Ctrl Pts',(0.0164890566337789,-0.122403793443753,
-0.8125));
#10595=CARTESIAN_POINT('Ctrl Pts',(0.0332007967933391,-0.121102621082915,
-0.8125));
#10596=CARTESIAN_POINT('Ctrl Pts',(0.0639911297055204,-0.112393921195688,
-0.8125));
#10597=CARTESIAN_POINT('Ctrl Pts',(0.0779011769533646,-0.105517430490453,
-0.8125));
#10598=CARTESIAN_POINT('Ctrl Pts',(0.0935455015344512,-0.0938241834983665,
-0.8125));
#10599=CARTESIAN_POINT('Ctrl Pts',(0.0967713730001195,-0.0911503307870256,
-0.8125));
#10600=CARTESIAN_POINT('Ctrl Pts',(0.109969312607658,-0.0792305643820145,
-0.8125));
#10601=CARTESIAN_POINT('Ctrl Pts',(0.118729936577672,-0.0685457591192574,
-0.8125));
#10602=CARTESIAN_POINT('Ctrl Pts',(0.132966013552222,-0.0446435001496408,
-0.8125));
#10603=CARTESIAN_POINT('Ctrl Pts',(0.138269395591995,-0.0315171523454614,
-0.8125));
#10604=CARTESIAN_POINT('Ctrl Pts',(0.141494122964125,-0.0178141005658524,
-0.8125));
#10605=CARTESIAN_POINT('',(-0.112647925157025,0.0874549825348032,-0.8125));
#10606=CARTESIAN_POINT('Ctrl Pts',(-0.112647925157026,0.0874549825348034,
-0.8125));
#10607=CARTESIAN_POINT('Ctrl Pts',(-0.120051292475328,0.0754948100806345,
-0.8125));
#10608=CARTESIAN_POINT('Ctrl Pts',(-0.125580076135321,0.0624742389786681,
-0.8125));
#10609=CARTESIAN_POINT('Ctrl Pts',(-0.13241602292597,0.0355303334697052,
-0.8125));
#10610=CARTESIAN_POINT('Ctrl Pts',(-0.133780554827653,0.0217927217959346,
-0.8125));
#10611=CARTESIAN_POINT('Ctrl Pts',(-0.132886172690906,0.00404272017033825,
-0.8125));
#10612=CARTESIAN_POINT('Ctrl Pts',(-0.132497933268002,-0.000128161034036641,
-0.8125));
#10613=CARTESIAN_POINT('Ctrl Pts',(-0.129715620433365,-0.0194567033566579,
-0.8125));
#10614=CARTESIAN_POINT('Ctrl Pts',(-0.124751151281311,-0.0341567162226645,
-0.8125));
#10615=CARTESIAN_POINT('Ctrl Pts',(-0.113233788020775,-0.0547877466891771,
-0.8125));
#10616=CARTESIAN_POINT('Ctrl Pts',(-0.108519789598178,-0.0615676292717397,
-0.8125));
#10617=CARTESIAN_POINT('Ctrl Pts',(-0.0963141438333267,-0.0758837497461335,
-0.8125));
#10618=CARTESIAN_POINT('Ctrl Pts',(-0.0897871264686551,-0.0815048980921337,
-0.8125));
#10619=CARTESIAN_POINT('Ctrl Pts',(-0.0851466931017048,-0.085146693101702,
-0.8125));
#10620=CARTESIAN_POINT('Origin',(0.,1.18036522086409E-18,-0.8125));
#10621=CARTESIAN_POINT('Origin',(0.,7.05133210372404E-19,-0.384722222222223));
#10622=CARTESIAN_POINT('Ctrl Pts',(-0.0600431326626994,-0.129355136088194,
-0.384722222222223));
#10623=CARTESIAN_POINT('Ctrl Pts',(-0.0761762821372043,-0.12462335835432,
-0.387222764281548));
#10624=CARTESIAN_POINT('Ctrl Pts',(-0.0913419445184572,-0.117024904406267,
-0.389620881081871));
#10625=CARTESIAN_POINT('Ctrl Pts',(-0.113848648237259,-0.100151887718065,
-0.393329318699724));
#10626=CARTESIAN_POINT('Ctrl Pts',(-0.127219029335291,-0.0886458288637759,
-0.395667243293821));
#10627=CARTESIAN_POINT('Ctrl Pts',(-0.139579260011296,-0.070780507024879,
-0.398611111111111));
#10628=CARTESIAN_POINT('Ctrl Pts',(-0.0486480647738678,-0.148746817760104,
-0.398611111111112));
#10629=CARTESIAN_POINT('Ctrl Pts',(-0.0369207269174956,-0.152112157420114,
-0.398164282187447));
#10630=CARTESIAN_POINT('Ctrl Pts',(-0.0248409121396351,-0.154097565081327,
-0.397721024645176));
#10631=CARTESIAN_POINT('Ctrl Pts',(-0.000206426321594464,-0.155240243837485,
-0.396851294182953));
#10632=CARTESIAN_POINT('Ctrl Pts',(0.0123119999003075,-0.154334759805935,
-0.396427673598481));
#10633=CARTESIAN_POINT('Ctrl Pts',(0.0324013805459529,-0.150324204320404,
-0.395682800909429));
#10634=CARTESIAN_POINT('Ctrl Pts',(0.0400537173224994,-0.148164071680024,
-0.395388476383369));
#10635=CARTESIAN_POINT('Ctrl Pts',(0.0656523540623483,-0.138726643981609,
-0.394366354049461));
#10636=CARTESIAN_POINT('Ctrl Pts',(0.0823631617643805,-0.128641565746074,
-0.393632159893049));
#10637=CARTESIAN_POINT('Ctrl Pts',(0.104006601172002,-0.109164212184516,
-0.392573135685663));
#10638=CARTESIAN_POINT('Ctrl Pts',(0.110696684136834,-0.101879602008586,
-0.392230492953076));
#10639=CARTESIAN_POINT('Ctrl Pts',(0.127728461826452,-0.079073989410375,
-0.391182175519699));
#10640=CARTESIAN_POINT('Ctrl Pts',(0.135946873632052,-0.0622189837568459,
-0.390461314401492));
#10641=CARTESIAN_POINT('Ctrl Pts',(0.143341304501444,-0.0350651442436008,
-0.389369823632013));
#10642=CARTESIAN_POINT('Ctrl Pts',(0.144953360723552,-0.0256240475316196,
-0.389001844610001));
#10643=CARTESIAN_POINT('Ctrl Pts',(0.146895393040467,0.00116362894512098,
-0.387990050740289));
#10644=CARTESIAN_POINT('Ctrl Pts',(0.145113850449176,0.0185397887995211,
-0.3873676265217));
#10645=CARTESIAN_POINT('Ctrl Pts',(0.135577282515103,0.051025058491909,
-0.386036009224814));
#10646=CARTESIAN_POINT('Ctrl Pts',(0.128263055781666,0.0659003180646886,
-0.385372732116681));
#10647=CARTESIAN_POINT('Ctrl Pts',(0.118588999399784,0.0792122353787831,
-0.384722222222223));
#10648=CARTESIAN_POINT('Origin',(0.,1.16493561013384E-18,-0.798611111111111));
#10649=CARTESIAN_POINT('Ctrl Pts',(-0.110662211255692,0.110662211255697,
-0.79861111111111));
#10650=CARTESIAN_POINT('Ctrl Pts',(-0.10354227769135,0.117314470206191,
-0.798941807001951));
#10651=CARTESIAN_POINT('Ctrl Pts',(-0.0960445915380402,0.123090635468734,
-0.799275027144859));
#10652=CARTESIAN_POINT('Ctrl Pts',(-0.0802478213667997,0.133111211221095,
-0.799951608382307));
#10653=CARTESIAN_POINT('Ctrl Pts',(-0.0720891386118097,0.137319648521676,
-0.800289580711805));
#10654=CARTESIAN_POINT('Ctrl Pts',(-0.0466469554602953,0.147693371983204,
-0.801311454132861));
#10655=CARTESIAN_POINT('Ctrl Pts',(-0.028591570967246,0.151531632257566,
-0.801995775574888));
#10656=CARTESIAN_POINT('Ctrl Pts',(-0.00543788782806782,0.152267708751003,
-0.80282346002362));
#10657=CARTESIAN_POINT('Ctrl Pts',(-0.000537278659368852,0.15219457634984,
-0.802993630951891));
#10658=CARTESIAN_POINT('Ctrl Pts',(0.0243417717366235,0.15060374719771,
-0.803874959446581));
#10659=CARTESIAN_POINT('Ctrl Pts',(0.0438934117010652,0.145319522320544,
-0.804635408351734));
#10660=CARTESIAN_POINT('Ctrl Pts',(0.0705802069431088,0.131961250882182,
-0.805780634862756));
#10661=CARTESIAN_POINT('Ctrl Pts',(0.0788858159501669,0.126729990099934,
-0.80615572893556));
#10662=CARTESIAN_POINT('Ctrl Pts',(0.100047846692576,0.110304068965229,
-0.807164862719005));
#10663=CARTESIAN_POINT('Ctrl Pts',(0.113811602703953,0.0959751349388611,
-0.807850424894749));
#10664=CARTESIAN_POINT('Ctrl Pts',(0.132528389053207,0.062851871824526,
-0.809324873380649));
#10665=CARTESIAN_POINT('Ctrl Pts',(0.138075643142771,0.0475635658992413,
-0.809967426760709));
#10666=CARTESIAN_POINT('Ctrl Pts',(0.143654627105324,0.0172152147430077,
-0.811176701192142));
#10667=CARTESIAN_POINT('Ctrl Pts',(0.144503169131684,0.000355112837956711,
-0.811784107999231));
#10668=CARTESIAN_POINT('Ctrl Pts',(0.1414941229641,-0.017814100565846,-0.812499999999985));
#10669=CARTESIAN_POINT('Ctrl Pts',(-0.112647925157025,0.0874549825348029,
-0.8125));
#10670=CARTESIAN_POINT('Ctrl Pts',(-0.124653639387792,0.0758954896438811,
-0.810105491279209));
#10671=CARTESIAN_POINT('Ctrl Pts',(-0.134599878873016,0.0623789789168751,
-0.807680087546368));
#10672=CARTESIAN_POINT('Ctrl Pts',(-0.145681995800529,0.0402620650436266,
-0.804178990579952));
#10673=CARTESIAN_POINT('Ctrl Pts',(-0.148697010532382,0.0327618307778516,
-0.803058012204371));
#10674=CARTESIAN_POINT('Ctrl Pts',(-0.154506711901206,0.0139805641411304,
-0.800398431822019));
#10675=CARTESIAN_POINT('Ctrl Pts',(-0.155873367878578,0.00494452291846335,
-0.799237743232532));
#10676=CARTESIAN_POINT('Ctrl Pts',(-0.1565,-5.34538142281658E-15,-0.798611111111111));
#10677=CARTESIAN_POINT('Origin',(0.,0.28125,5.20749362145922E-20));
#10678=CARTESIAN_POINT('Origin',(0.,0.1875,-0.3125));
#10679=CARTESIAN_POINT('Ctrl Pts',(0.,0.120415608175649,-0.840277777777778));
#10680=CARTESIAN_POINT('Ctrl Pts',(-0.0498777780277582,0.120415608175649,
-0.836805555555556));
#10681=CARTESIAN_POINT('Ctrl Pts',(-0.0851466931017034,0.0851466931017035,
-0.833333333333333));
#10682=CARTESIAN_POINT('Ctrl Pts',(-0.120415608175649,0.0498777780277582,
-0.829861111111111));
#10683=CARTESIAN_POINT('Ctrl Pts',(-0.120415608175649,8.2759616837041E-18,
-0.826388888888889));
#10684=CARTESIAN_POINT('Ctrl Pts',(-0.120415608175649,-0.0498777780277582,
-0.822916666666667));
#10685=CARTESIAN_POINT('Ctrl Pts',(-0.0851466931017035,-0.0851466931017034,
-0.819444444444444));
#10686=CARTESIAN_POINT('Ctrl Pts',(-0.0498777780277582,-0.120415608175649,
-0.815972222222222));
#10687=CARTESIAN_POINT('Ctrl Pts',(-1.4746658911969E-17,-0.120415608175649,
-0.8125));
#10688=CARTESIAN_POINT('Ctrl Pts',(0.0498777780277582,-0.120415608175649,
-0.809027777777777));
#10689=CARTESIAN_POINT('Ctrl Pts',(0.0851466931017034,-0.0851466931017035,
-0.805555555555555));
#10690=CARTESIAN_POINT('Ctrl Pts',(0.120415608175649,-0.0498777780277583,
-0.802083333333333));
#10691=CARTESIAN_POINT('Ctrl Pts',(0.120415608175649,-2.12173561402339E-17,
-0.798611111111111));
#10692=CARTESIAN_POINT('Ctrl Pts',(0.120415608175649,0.0498777780277583,
-0.795138888888888));
#10693=CARTESIAN_POINT('Ctrl Pts',(0.0851466931017035,0.0851466931017034,
-0.791666666666666));
#10694=CARTESIAN_POINT('Ctrl Pts',(0.0498777780277583,0.120415608175649,
-0.788194444444444));
#10695=CARTESIAN_POINT('Ctrl Pts',(0.,0.120415608175649,-0.784722222222222));
#10696=CARTESIAN_POINT('Ctrl Pts',(-0.0498777780277582,0.120415608175649,
-0.781249999999999));
#10697=CARTESIAN_POINT('Ctrl Pts',(-0.0851466931017034,0.0851466931017035,
-0.777777777777777));
#10698=CARTESIAN_POINT('Ctrl Pts',(-0.120415608175649,0.0498777780277582,
-0.774305555555555));
#10699=CARTESIAN_POINT('Ctrl Pts',(-0.120415608175649,8.2759616837041E-18,
-0.770833333333333));
#10700=CARTESIAN_POINT('Ctrl Pts',(-0.120415608175649,-0.0498777780277582,
-0.76736111111111));
#10701=CARTESIAN_POINT('Ctrl Pts',(-0.0851466931017035,-0.0851466931017034,
-0.763888888888888));
#10702=CARTESIAN_POINT('Ctrl Pts',(-0.0498777780277582,-0.120415608175649,
-0.760416666666666));
#10703=CARTESIAN_POINT('Ctrl Pts',(-1.4746658911969E-17,-0.120415608175649,
-0.756944444444444));
#10704=CARTESIAN_POINT('Ctrl Pts',(0.0498777780277582,-0.120415608175649,
-0.753472222222221));
#10705=CARTESIAN_POINT('Ctrl Pts',(0.0851466931017034,-0.0851466931017035,
-0.749999999999999));
#10706=CARTESIAN_POINT('Ctrl Pts',(0.120415608175649,-0.0498777780277583,
-0.746527777777777));
#10707=CARTESIAN_POINT('Ctrl Pts',(0.120415608175649,-2.12173561402339E-17,
-0.743055555555555));
#10708=CARTESIAN_POINT('Ctrl Pts',(0.120415608175649,0.0498777780277583,
-0.739583333333332));
#10709=CARTESIAN_POINT('Ctrl Pts',(0.0851466931017035,0.0851466931017034,
-0.73611111111111));
#10710=CARTESIAN_POINT('Ctrl Pts',(0.0498777780277583,0.120415608175649,
-0.732638888888888));
#10711=CARTESIAN_POINT('Ctrl Pts',(0.,0.120415608175649,-0.729166666666666));
#10712=CARTESIAN_POINT('Ctrl Pts',(-0.0498777780277582,0.120415608175649,
-0.725694444444443));
#10713=CARTESIAN_POINT('Ctrl Pts',(-0.0851466931017034,0.0851466931017035,
-0.722222222222221));
#10714=CARTESIAN_POINT('Ctrl Pts',(-0.120415608175649,0.0498777780277582,
-0.718749999999999));
#10715=CARTESIAN_POINT('Ctrl Pts',(-0.120415608175649,8.2759616837041E-18,
-0.715277777777777));
#10716=CARTESIAN_POINT('Ctrl Pts',(-0.120415608175649,-0.0498777780277582,
-0.711805555555554));
#10717=CARTESIAN_POINT('Ctrl Pts',(-0.0851466931017035,-0.0851466931017034,
-0.708333333333332));
#10718=CARTESIAN_POINT('Ctrl Pts',(-0.0498777780277582,-0.120415608175649,
-0.70486111111111));
#10719=CARTESIAN_POINT('Ctrl Pts',(-1.4746658911969E-17,-0.120415608175649,
-0.701388888888888));
#10720=CARTESIAN_POINT('Ctrl Pts',(0.0498777780277582,-0.120415608175649,
-0.697916666666666));
#10721=CARTESIAN_POINT('Ctrl Pts',(0.0851466931017034,-0.0851466931017035,
-0.694444444444443));
#10722=CARTESIAN_POINT('Ctrl Pts',(0.120415608175649,-0.0498777780277583,
-0.690972222222221));
#10723=CARTESIAN_POINT('Ctrl Pts',(0.120415608175649,-2.12173561402339E-17,
-0.687499999999999));
#10724=CARTESIAN_POINT('Ctrl Pts',(0.120415608175649,0.0498777780277583,
-0.684027777777776));
#10725=CARTESIAN_POINT('Ctrl Pts',(0.0851466931017035,0.0851466931017034,
-0.680555555555554));
#10726=CARTESIAN_POINT('Ctrl Pts',(0.0498777780277583,0.120415608175649,
-0.677083333333332));
#10727=CARTESIAN_POINT('Ctrl Pts',(0.,0.120415608175649,-0.67361111111111));
#10728=CARTESIAN_POINT('Ctrl Pts',(-0.0498777780277582,0.120415608175649,
-0.670138888888887));
#10729=CARTESIAN_POINT('Ctrl Pts',(-0.0851466931017034,0.0851466931017035,
-0.666666666666665));
#10730=CARTESIAN_POINT('Ctrl Pts',(-0.120415608175649,0.0498777780277582,
-0.663194444444443));
#10731=CARTESIAN_POINT('Ctrl Pts',(-0.120415608175649,8.2759616837041E-18,
-0.659722222222221));
#10732=CARTESIAN_POINT('Ctrl Pts',(-0.120415608175649,-0.0498777780277582,
-0.656249999999998));
#10733=CARTESIAN_POINT('Ctrl Pts',(-0.0851466931017035,-0.0851466931017034,
-0.652777777777776));
#10734=CARTESIAN_POINT('Ctrl Pts',(-0.0498777780277582,-0.120415608175649,
-0.649305555555554));
#10735=CARTESIAN_POINT('Ctrl Pts',(-1.4746658911969E-17,-0.120415608175649,
-0.645833333333331));
#10736=CARTESIAN_POINT('Ctrl Pts',(0.0498777780277582,-0.120415608175649,
-0.642361111111109));
#10737=CARTESIAN_POINT('Ctrl Pts',(0.0851466931017034,-0.0851466931017035,
-0.638888888888887));
#10738=CARTESIAN_POINT('Ctrl Pts',(0.120415608175649,-0.0498777780277583,
-0.635416666666665));
#10739=CARTESIAN_POINT('Ctrl Pts',(0.120415608175649,-2.12173561402339E-17,
-0.631944444444443));
#10740=CARTESIAN_POINT('Ctrl Pts',(0.120415608175649,0.0498777780277583,
-0.62847222222222));
#10741=CARTESIAN_POINT('Ctrl Pts',(0.0851466931017035,0.0851466931017034,
-0.624999999999998));
#10742=CARTESIAN_POINT('Ctrl Pts',(0.0498777780277583,0.120415608175649,
-0.621527777777776));
#10743=CARTESIAN_POINT('Ctrl Pts',(0.,0.120415608175649,-0.618055555555554));
#10744=CARTESIAN_POINT('Ctrl Pts',(-0.0498777780277582,0.120415608175649,
-0.614583333333331));
#10745=CARTESIAN_POINT('Ctrl Pts',(-0.0851466931017034,0.0851466931017035,
-0.611111111111109));
#10746=CARTESIAN_POINT('Ctrl Pts',(-0.120415608175649,0.0498777780277582,
-0.607638888888887));
#10747=CARTESIAN_POINT('Ctrl Pts',(-0.120415608175649,8.2759616837041E-18,
-0.604166666666665));
#10748=CARTESIAN_POINT('Ctrl Pts',(-0.120415608175649,-0.0498777780277582,
-0.600694444444443));
#10749=CARTESIAN_POINT('Ctrl Pts',(-0.0851466931017035,-0.0851466931017034,
-0.59722222222222));
#10750=CARTESIAN_POINT('Ctrl Pts',(-0.0498777780277582,-0.120415608175649,
-0.593749999999998));
#10751=CARTESIAN_POINT('Ctrl Pts',(-1.4746658911969E-17,-0.120415608175649,
-0.590277777777776));
#10752=CARTESIAN_POINT('Ctrl Pts',(0.0498777780277582,-0.120415608175649,
-0.586805555555553));
#10753=CARTESIAN_POINT('Ctrl Pts',(0.0851466931017034,-0.0851466931017035,
-0.583333333333331));
#10754=CARTESIAN_POINT('Ctrl Pts',(0.120415608175649,-0.0498777780277583,
-0.579861111111109));
#10755=CARTESIAN_POINT('Ctrl Pts',(0.120415608175649,-2.12173561402339E-17,
-0.576388888888887));
#10756=CARTESIAN_POINT('Ctrl Pts',(0.120415608175649,0.0498777780277583,
-0.572916666666665));
#10757=CARTESIAN_POINT('Ctrl Pts',(0.0851466931017035,0.0851466931017034,
-0.569444444444442));
#10758=CARTESIAN_POINT('Ctrl Pts',(0.0498777780277583,0.120415608175649,
-0.56597222222222));
#10759=CARTESIAN_POINT('Ctrl Pts',(0.,0.120415608175649,-0.562499999999998));
#10760=CARTESIAN_POINT('Ctrl Pts',(-0.0498777780277582,0.120415608175649,
-0.559027777777775));
#10761=CARTESIAN_POINT('Ctrl Pts',(-0.0851466931017034,0.0851466931017035,
-0.555555555555553));
#10762=CARTESIAN_POINT('Ctrl Pts',(-0.120415608175649,0.0498777780277582,
-0.552083333333331));
#10763=CARTESIAN_POINT('Ctrl Pts',(-0.120415608175649,8.2759616837041E-18,
-0.548611111111109));
#10764=CARTESIAN_POINT('Ctrl Pts',(-0.120415608175649,-0.0498777780277582,
-0.545138888888886));
#10765=CARTESIAN_POINT('Ctrl Pts',(-0.0851466931017035,-0.0851466931017034,
-0.541666666666664));
#10766=CARTESIAN_POINT('Ctrl Pts',(-0.0498777780277582,-0.120415608175649,
-0.538194444444442));
#10767=CARTESIAN_POINT('Ctrl Pts',(-1.4746658911969E-17,-0.120415608175649,
-0.53472222222222));
#10768=CARTESIAN_POINT('Ctrl Pts',(0.0498777780277582,-0.120415608175649,
-0.531249999999998));
#10769=CARTESIAN_POINT('Ctrl Pts',(0.0851466931017034,-0.0851466931017035,
-0.527777777777775));
#10770=CARTESIAN_POINT('Ctrl Pts',(0.120415608175649,-0.0498777780277583,
-0.524305555555553));
#10771=CARTESIAN_POINT('Ctrl Pts',(0.120415608175649,-2.12173561402339E-17,
-0.520833333333331));
#10772=CARTESIAN_POINT('Ctrl Pts',(0.120415608175649,0.0498777780277583,
-0.517361111111108));
#10773=CARTESIAN_POINT('Ctrl Pts',(0.0851466931017035,0.0851466931017034,
-0.513888888888886));
#10774=CARTESIAN_POINT('Ctrl Pts',(0.0498777780277583,0.120415608175649,
-0.510416666666664));
#10775=CARTESIAN_POINT('Ctrl Pts',(0.,0.120415608175649,-0.506944444444442));
#10776=CARTESIAN_POINT('Ctrl Pts',(-0.0498777780277582,0.120415608175649,
-0.503472222222219));
#10777=CARTESIAN_POINT('Ctrl Pts',(-0.0851466931017034,0.0851466931017035,
-0.499999999999997));
#10778=CARTESIAN_POINT('Ctrl Pts',(-0.120415608175649,0.0498777780277582,
-0.496527777777775));
#10779=CARTESIAN_POINT('Ctrl Pts',(-0.120415608175649,8.2759616837041E-18,
-0.493055555555553));
#10780=CARTESIAN_POINT('Ctrl Pts',(-0.120415608175649,-0.0498777780277582,
-0.48958333333333));
#10781=CARTESIAN_POINT('Ctrl Pts',(-0.0851466931017035,-0.0851466931017034,
-0.486111111111108));
#10782=CARTESIAN_POINT('Ctrl Pts',(-0.0498777780277582,-0.120415608175649,
-0.482638888888886));
#10783=CARTESIAN_POINT('Ctrl Pts',(-1.4746658911969E-17,-0.120415608175649,
-0.479166666666664));
#10784=CARTESIAN_POINT('Ctrl Pts',(0.0498777780277582,-0.120415608175649,
-0.475694444444441));
#10785=CARTESIAN_POINT('Ctrl Pts',(0.0851466931017034,-0.0851466931017035,
-0.472222222222219));
#10786=CARTESIAN_POINT('Ctrl Pts',(0.120415608175649,-0.0498777780277583,
-0.468749999999997));
#10787=CARTESIAN_POINT('Ctrl Pts',(0.120415608175649,-2.12173561402339E-17,
-0.465277777777775));
#10788=CARTESIAN_POINT('Ctrl Pts',(0.120415608175649,0.0498777780277583,
-0.461805555555553));
#10789=CARTESIAN_POINT('Ctrl Pts',(0.0851466931017035,0.0851466931017034,
-0.45833333333333));
#10790=CARTESIAN_POINT('Ctrl Pts',(0.0498777780277583,0.120415608175649,
-0.454861111111108));
#10791=CARTESIAN_POINT('Ctrl Pts',(0.,0.120415608175649,-0.451388888888886));
#10792=CARTESIAN_POINT('Ctrl Pts',(-0.0498777780277582,0.120415608175649,
-0.447916666666663));
#10793=CARTESIAN_POINT('Ctrl Pts',(-0.0851466931017034,0.0851466931017035,
-0.444444444444441));
#10794=CARTESIAN_POINT('Ctrl Pts',(-0.120415608175649,0.0498777780277582,
-0.440972222222219));
#10795=CARTESIAN_POINT('Ctrl Pts',(-0.120415608175649,8.2759616837041E-18,
-0.437499999999997));
#10796=CARTESIAN_POINT('Ctrl Pts',(-0.120415608175649,-0.0498777780277582,
-0.434027777777774));
#10797=CARTESIAN_POINT('Ctrl Pts',(-0.0851466931017035,-0.0851466931017034,
-0.430555555555552));
#10798=CARTESIAN_POINT('Ctrl Pts',(-0.0498777780277582,-0.120415608175649,
-0.42708333333333));
#10799=CARTESIAN_POINT('Ctrl Pts',(-1.4746658911969E-17,-0.120415608175649,
-0.423611111111108));
#10800=CARTESIAN_POINT('Ctrl Pts',(0.0498777780277582,-0.120415608175649,
-0.420138888888885));
#10801=CARTESIAN_POINT('Ctrl Pts',(0.0851466931017034,-0.0851466931017035,
-0.416666666666663));
#10802=CARTESIAN_POINT('Ctrl Pts',(0.120415608175649,-0.0498777780277583,
-0.413194444444441));
#10803=CARTESIAN_POINT('Ctrl Pts',(0.120415608175649,-2.12173561402339E-17,
-0.409722222222219));
#10804=CARTESIAN_POINT('Ctrl Pts',(0.120415608175649,0.0498777780277583,
-0.406249999999996));
#10805=CARTESIAN_POINT('Ctrl Pts',(0.0851466931017035,0.0851466931017034,
-0.402777777777774));
#10806=CARTESIAN_POINT('Ctrl Pts',(0.0498777780277583,0.120415608175649,
-0.399305555555552));
#10807=CARTESIAN_POINT('Ctrl Pts',(0.,0.120415608175649,-0.39583333333333));
#10808=CARTESIAN_POINT('Ctrl Pts',(-0.0498777780277582,0.120415608175649,
-0.392361111111107));
#10809=CARTESIAN_POINT('Ctrl Pts',(-0.0851466931017034,0.0851466931017035,
-0.388888888888885));
#10810=CARTESIAN_POINT('Ctrl Pts',(-0.120415608175649,0.0498777780277582,
-0.385416666666663));
#10811=CARTESIAN_POINT('Ctrl Pts',(-0.120415608175649,8.2759616837041E-18,
-0.381944444444441));
#10812=CARTESIAN_POINT('Ctrl Pts',(-0.120415608175649,-0.0498777780277582,
-0.378472222222218));
#10813=CARTESIAN_POINT('Ctrl Pts',(-0.0851466931017035,-0.0851466931017034,
-0.374999999999996));
#10814=CARTESIAN_POINT('Ctrl Pts',(-0.0559951739817522,-0.114298212221655,
-0.372130034981577));
#10815=CARTESIAN_POINT('Ctrl Pts',(-0.0150938604550261,-0.11946586989126,
-0.369133694816488));
#10816=CARTESIAN_POINT('Ctrl Pts',(0.0165756802685875,-0.123467143466651,
-0.366813653998776));
#10817=CARTESIAN_POINT('Ctrl Pts',(0.0482452209922012,-0.127468417042042,
-0.364493613181063));
#10818=CARTESIAN_POINT('Ctrl Pts',(0.,0.159507032652029,-0.862847222222222));
#10819=CARTESIAN_POINT('Ctrl Pts',(-0.0660699762183587,0.159507032652029,
-0.859375));
#10820=CARTESIAN_POINT('Ctrl Pts',(-0.112788504435194,0.112788504435194,
-0.855902777777778));
#10821=CARTESIAN_POINT('Ctrl Pts',(-0.159507032652029,0.0660699762183587,
-0.852430555555556));
#10822=CARTESIAN_POINT('Ctrl Pts',(-0.159507032652029,1.06696210766596E-17,
-0.848958333333333));
#10823=CARTESIAN_POINT('Ctrl Pts',(-0.159507032652029,-0.0660699762183587,
-0.845486111111111));
#10824=CARTESIAN_POINT('Ctrl Pts',(-0.112788504435194,-0.112788504435194,
-0.842013888888889));
#10825=CARTESIAN_POINT('Ctrl Pts',(-0.0660699762183587,-0.159507032652029,
-0.838541666666666));
#10826=CARTESIAN_POINT('Ctrl Pts',(-1.953397769788E-17,-0.159507032652029,
-0.835069444444444));
#10827=CARTESIAN_POINT('Ctrl Pts',(0.0660699762183586,-0.159507032652029,
-0.831597222222222));
#10828=CARTESIAN_POINT('Ctrl Pts',(0.112788504435194,-0.112788504435194,
-0.828125));
#10829=CARTESIAN_POINT('Ctrl Pts',(0.159507032652029,-0.0660699762183588,
-0.824652777777777));
#10830=CARTESIAN_POINT('Ctrl Pts',(0.159507032652029,-2.83983343191004E-17,
-0.821180555555555));
#10831=CARTESIAN_POINT('Ctrl Pts',(0.159507032652029,0.0660699762183587,
-0.817708333333333));
#10832=CARTESIAN_POINT('Ctrl Pts',(0.112788504435194,0.112788504435194,
-0.814236111111111));
#10833=CARTESIAN_POINT('Ctrl Pts',(0.0660699762183588,0.159507032652029,
-0.810763888888888));
#10834=CARTESIAN_POINT('Ctrl Pts',(0.,0.159507032652029,-0.807291666666666));
#10835=CARTESIAN_POINT('Ctrl Pts',(-0.0660699762183587,0.159507032652029,
-0.803819444444444));
#10836=CARTESIAN_POINT('Ctrl Pts',(-0.112788504435194,0.112788504435194,
-0.800347222222222));
#10837=CARTESIAN_POINT('Ctrl Pts',(-0.159507032652029,0.0660699762183587,
-0.796874999999999));
#10838=CARTESIAN_POINT('Ctrl Pts',(-0.159507032652029,1.06696210766596E-17,
-0.793402777777777));
#10839=CARTESIAN_POINT('Ctrl Pts',(-0.159507032652029,-0.0660699762183587,
-0.789930555555555));
#10840=CARTESIAN_POINT('Ctrl Pts',(-0.112788504435194,-0.112788504435194,
-0.786458333333333));
#10841=CARTESIAN_POINT('Ctrl Pts',(-0.0660699762183587,-0.159507032652029,
-0.782986111111111));
#10842=CARTESIAN_POINT('Ctrl Pts',(-1.953397769788E-17,-0.159507032652029,
-0.779513888888888));
#10843=CARTESIAN_POINT('Ctrl Pts',(0.0660699762183586,-0.159507032652029,
-0.776041666666666));
#10844=CARTESIAN_POINT('Ctrl Pts',(0.112788504435194,-0.112788504435194,
-0.772569444444444));
#10845=CARTESIAN_POINT('Ctrl Pts',(0.159507032652029,-0.0660699762183588,
-0.769097222222221));
#10846=CARTESIAN_POINT('Ctrl Pts',(0.159507032652029,-2.83983343191004E-17,
-0.765624999999999));
#10847=CARTESIAN_POINT('Ctrl Pts',(0.159507032652029,0.0660699762183587,
-0.762152777777777));
#10848=CARTESIAN_POINT('Ctrl Pts',(0.112788504435194,0.112788504435194,
-0.758680555555555));
#10849=CARTESIAN_POINT('Ctrl Pts',(0.0660699762183588,0.159507032652029,
-0.755208333333332));
#10850=CARTESIAN_POINT('Ctrl Pts',(0.,0.159507032652029,-0.75173611111111));
#10851=CARTESIAN_POINT('Ctrl Pts',(-0.0660699762183587,0.159507032652029,
-0.748263888888888));
#10852=CARTESIAN_POINT('Ctrl Pts',(-0.112788504435194,0.112788504435194,
-0.744791666666666));
#10853=CARTESIAN_POINT('Ctrl Pts',(-0.159507032652029,0.0660699762183587,
-0.741319444444443));
#10854=CARTESIAN_POINT('Ctrl Pts',(-0.159507032652029,1.06696210766596E-17,
-0.737847222222221));
#10855=CARTESIAN_POINT('Ctrl Pts',(-0.159507032652029,-0.0660699762183587,
-0.734374999999999));
#10856=CARTESIAN_POINT('Ctrl Pts',(-0.112788504435194,-0.112788504435194,
-0.730902777777777));
#10857=CARTESIAN_POINT('Ctrl Pts',(-0.0660699762183587,-0.159507032652029,
-0.727430555555554));
#10858=CARTESIAN_POINT('Ctrl Pts',(-1.953397769788E-17,-0.159507032652029,
-0.723958333333332));
#10859=CARTESIAN_POINT('Ctrl Pts',(0.0660699762183586,-0.159507032652029,
-0.72048611111111));
#10860=CARTESIAN_POINT('Ctrl Pts',(0.112788504435194,-0.112788504435194,
-0.717013888888888));
#10861=CARTESIAN_POINT('Ctrl Pts',(0.159507032652029,-0.0660699762183588,
-0.713541666666666));
#10862=CARTESIAN_POINT('Ctrl Pts',(0.159507032652029,-2.83983343191004E-17,
-0.710069444444443));
#10863=CARTESIAN_POINT('Ctrl Pts',(0.159507032652029,0.0660699762183587,
-0.706597222222221));
#10864=CARTESIAN_POINT('Ctrl Pts',(0.112788504435194,0.112788504435194,
-0.703124999999999));
#10865=CARTESIAN_POINT('Ctrl Pts',(0.0660699762183588,0.159507032652029,
-0.699652777777777));
#10866=CARTESIAN_POINT('Ctrl Pts',(0.,0.159507032652029,-0.696180555555554));
#10867=CARTESIAN_POINT('Ctrl Pts',(-0.0660699762183587,0.159507032652029,
-0.692708333333332));
#10868=CARTESIAN_POINT('Ctrl Pts',(-0.112788504435194,0.112788504435194,
-0.68923611111111));
#10869=CARTESIAN_POINT('Ctrl Pts',(-0.159507032652029,0.0660699762183587,
-0.685763888888888));
#10870=CARTESIAN_POINT('Ctrl Pts',(-0.159507032652029,1.06696210766596E-17,
-0.682291666666665));
#10871=CARTESIAN_POINT('Ctrl Pts',(-0.159507032652029,-0.0660699762183587,
-0.678819444444443));
#10872=CARTESIAN_POINT('Ctrl Pts',(-0.112788504435194,-0.112788504435194,
-0.675347222222221));
#10873=CARTESIAN_POINT('Ctrl Pts',(-0.0660699762183587,-0.159507032652029,
-0.671874999999998));
#10874=CARTESIAN_POINT('Ctrl Pts',(-1.953397769788E-17,-0.159507032652029,
-0.668402777777776));
#10875=CARTESIAN_POINT('Ctrl Pts',(0.0660699762183586,-0.159507032652029,
-0.664930555555554));
#10876=CARTESIAN_POINT('Ctrl Pts',(0.112788504435194,-0.112788504435194,
-0.661458333333332));
#10877=CARTESIAN_POINT('Ctrl Pts',(0.159507032652029,-0.0660699762183588,
-0.657986111111109));
#10878=CARTESIAN_POINT('Ctrl Pts',(0.159507032652029,-2.83983343191004E-17,
-0.654513888888887));
#10879=CARTESIAN_POINT('Ctrl Pts',(0.159507032652029,0.0660699762183587,
-0.651041666666665));
#10880=CARTESIAN_POINT('Ctrl Pts',(0.112788504435194,0.112788504435194,
-0.647569444444443));
#10881=CARTESIAN_POINT('Ctrl Pts',(0.0660699762183588,0.159507032652029,
-0.64409722222222));
#10882=CARTESIAN_POINT('Ctrl Pts',(0.,0.159507032652029,-0.640624999999998));
#10883=CARTESIAN_POINT('Ctrl Pts',(-0.0660699762183587,0.159507032652029,
-0.637152777777776));
#10884=CARTESIAN_POINT('Ctrl Pts',(-0.112788504435194,0.112788504435194,
-0.633680555555554));
#10885=CARTESIAN_POINT('Ctrl Pts',(-0.159507032652029,0.0660699762183587,
-0.630208333333331));
#10886=CARTESIAN_POINT('Ctrl Pts',(-0.159507032652029,1.06696210766596E-17,
-0.626736111111109));
#10887=CARTESIAN_POINT('Ctrl Pts',(-0.159507032652029,-0.0660699762183587,
-0.623263888888887));
#10888=CARTESIAN_POINT('Ctrl Pts',(-0.112788504435194,-0.112788504435194,
-0.619791666666665));
#10889=CARTESIAN_POINT('Ctrl Pts',(-0.0660699762183587,-0.159507032652029,
-0.616319444444442));
#10890=CARTESIAN_POINT('Ctrl Pts',(-1.953397769788E-17,-0.159507032652029,
-0.61284722222222));
#10891=CARTESIAN_POINT('Ctrl Pts',(0.0660699762183586,-0.159507032652029,
-0.609374999999998));
#10892=CARTESIAN_POINT('Ctrl Pts',(0.112788504435194,-0.112788504435194,
-0.605902777777776));
#10893=CARTESIAN_POINT('Ctrl Pts',(0.159507032652029,-0.0660699762183588,
-0.602430555555553));
#10894=CARTESIAN_POINT('Ctrl Pts',(0.159507032652029,-2.83983343191004E-17,
-0.598958333333331));
#10895=CARTESIAN_POINT('Ctrl Pts',(0.159507032652029,0.0660699762183587,
-0.595486111111109));
#10896=CARTESIAN_POINT('Ctrl Pts',(0.112788504435194,0.112788504435194,
-0.592013888888887));
#10897=CARTESIAN_POINT('Ctrl Pts',(0.0660699762183588,0.159507032652029,
-0.588541666666665));
#10898=CARTESIAN_POINT('Ctrl Pts',(0.,0.159507032652029,-0.585069444444442));
#10899=CARTESIAN_POINT('Ctrl Pts',(-0.0660699762183587,0.159507032652029,
-0.58159722222222));
#10900=CARTESIAN_POINT('Ctrl Pts',(-0.112788504435194,0.112788504435194,
-0.578124999999998));
#10901=CARTESIAN_POINT('Ctrl Pts',(-0.159507032652029,0.0660699762183587,
-0.574652777777775));
#10902=CARTESIAN_POINT('Ctrl Pts',(-0.159507032652029,1.06696210766596E-17,
-0.571180555555553));
#10903=CARTESIAN_POINT('Ctrl Pts',(-0.159507032652029,-0.0660699762183587,
-0.567708333333331));
#10904=CARTESIAN_POINT('Ctrl Pts',(-0.112788504435194,-0.112788504435194,
-0.564236111111109));
#10905=CARTESIAN_POINT('Ctrl Pts',(-0.0660699762183587,-0.159507032652029,
-0.560763888888887));
#10906=CARTESIAN_POINT('Ctrl Pts',(-1.953397769788E-17,-0.159507032652029,
-0.557291666666664));
#10907=CARTESIAN_POINT('Ctrl Pts',(0.0660699762183586,-0.159507032652029,
-0.553819444444442));
#10908=CARTESIAN_POINT('Ctrl Pts',(0.112788504435194,-0.112788504435194,
-0.55034722222222));
#10909=CARTESIAN_POINT('Ctrl Pts',(0.159507032652029,-0.0660699762183588,
-0.546874999999997));
#10910=CARTESIAN_POINT('Ctrl Pts',(0.159507032652029,-2.83983343191004E-17,
-0.543402777777775));
#10911=CARTESIAN_POINT('Ctrl Pts',(0.159507032652029,0.0660699762183587,
-0.539930555555553));
#10912=CARTESIAN_POINT('Ctrl Pts',(0.112788504435194,0.112788504435194,
-0.536458333333331));
#10913=CARTESIAN_POINT('Ctrl Pts',(0.0660699762183588,0.159507032652029,
-0.532986111111108));
#10914=CARTESIAN_POINT('Ctrl Pts',(0.,0.159507032652029,-0.529513888888886));
#10915=CARTESIAN_POINT('Ctrl Pts',(-0.0660699762183587,0.159507032652029,
-0.526041666666664));
#10916=CARTESIAN_POINT('Ctrl Pts',(-0.112788504435194,0.112788504435194,
-0.522569444444442));
#10917=CARTESIAN_POINT('Ctrl Pts',(-0.159507032652029,0.0660699762183587,
-0.51909722222222));
#10918=CARTESIAN_POINT('Ctrl Pts',(-0.159507032652029,1.06696210766596E-17,
-0.515624999999997));
#10919=CARTESIAN_POINT('Ctrl Pts',(-0.159507032652029,-0.0660699762183587,
-0.512152777777775));
#10920=CARTESIAN_POINT('Ctrl Pts',(-0.112788504435194,-0.112788504435194,
-0.508680555555553));
#10921=CARTESIAN_POINT('Ctrl Pts',(-0.0660699762183587,-0.159507032652029,
-0.50520833333333));
#10922=CARTESIAN_POINT('Ctrl Pts',(-1.953397769788E-17,-0.159507032652029,
-0.501736111111108));
#10923=CARTESIAN_POINT('Ctrl Pts',(0.0660699762183586,-0.159507032652029,
-0.498263888888886));
#10924=CARTESIAN_POINT('Ctrl Pts',(0.112788504435194,-0.112788504435194,
-0.494791666666664));
#10925=CARTESIAN_POINT('Ctrl Pts',(0.159507032652029,-0.0660699762183588,
-0.491319444444441));
#10926=CARTESIAN_POINT('Ctrl Pts',(0.159507032652029,-2.83983343191004E-17,
-0.487847222222219));
#10927=CARTESIAN_POINT('Ctrl Pts',(0.159507032652029,0.0660699762183587,
-0.484374999999997));
#10928=CARTESIAN_POINT('Ctrl Pts',(0.112788504435194,0.112788504435194,
-0.480902777777775));
#10929=CARTESIAN_POINT('Ctrl Pts',(0.0660699762183588,0.159507032652029,
-0.477430555555552));
#10930=CARTESIAN_POINT('Ctrl Pts',(0.,0.159507032652029,-0.47395833333333));
#10931=CARTESIAN_POINT('Ctrl Pts',(-0.0660699762183587,0.159507032652029,
-0.470486111111108));
#10932=CARTESIAN_POINT('Ctrl Pts',(-0.112788504435194,0.112788504435194,
-0.467013888888886));
#10933=CARTESIAN_POINT('Ctrl Pts',(-0.159507032652029,0.0660699762183587,
-0.463541666666663));
#10934=CARTESIAN_POINT('Ctrl Pts',(-0.159507032652029,1.06696210766596E-17,
-0.460069444444441));
#10935=CARTESIAN_POINT('Ctrl Pts',(-0.159507032652029,-0.0660699762183587,
-0.456597222222219));
#10936=CARTESIAN_POINT('Ctrl Pts',(-0.112788504435194,-0.112788504435194,
-0.453124999999997));
#10937=CARTESIAN_POINT('Ctrl Pts',(-0.0660699762183587,-0.159507032652029,
-0.449652777777775));
#10938=CARTESIAN_POINT('Ctrl Pts',(-1.953397769788E-17,-0.159507032652029,
-0.446180555555552));
#10939=CARTESIAN_POINT('Ctrl Pts',(0.0660699762183586,-0.159507032652029,
-0.44270833333333));
#10940=CARTESIAN_POINT('Ctrl Pts',(0.112788504435194,-0.112788504435194,
-0.439236111111108));
#10941=CARTESIAN_POINT('Ctrl Pts',(0.159507032652029,-0.0660699762183588,
-0.435763888888886));
#10942=CARTESIAN_POINT('Ctrl Pts',(0.159507032652029,-2.83983343191004E-17,
-0.432291666666663));
#10943=CARTESIAN_POINT('Ctrl Pts',(0.159507032652029,0.0660699762183587,
-0.428819444444441));
#10944=CARTESIAN_POINT('Ctrl Pts',(0.112788504435194,0.112788504435194,
-0.425347222222219));
#10945=CARTESIAN_POINT('Ctrl Pts',(0.0660699762183588,0.159507032652029,
-0.421874999999996));
#10946=CARTESIAN_POINT('Ctrl Pts',(0.,0.159507032652029,-0.418402777777774));
#10947=CARTESIAN_POINT('Ctrl Pts',(-0.0660699762183587,0.159507032652029,
-0.414930555555552));
#10948=CARTESIAN_POINT('Ctrl Pts',(-0.112788504435194,0.112788504435194,
-0.41145833333333));
#10949=CARTESIAN_POINT('Ctrl Pts',(-0.159507032652029,0.0660699762183587,
-0.407986111111107));
#10950=CARTESIAN_POINT('Ctrl Pts',(-0.159507032652029,1.06696210766596E-17,
-0.404513888888885));
#10951=CARTESIAN_POINT('Ctrl Pts',(-0.159507032652029,-0.0660699762183587,
-0.401041666666663));
#10952=CARTESIAN_POINT('Ctrl Pts',(-0.112788504435194,-0.112788504435194,
-0.397569444444441));
#10953=CARTESIAN_POINT('Ctrl Pts',(-0.0741733084272179,-0.15140370044317,
-0.394699479426021));
#10954=CARTESIAN_POINT('Ctrl Pts',(-0.0199938938890142,-0.158248973685804,
-0.391703139260933));
#10955=CARTESIAN_POINT('Ctrl Pts',(0.0219567680127855,-0.163549210793843,
-0.389383098443221));
#10956=CARTESIAN_POINT('Ctrl Pts',(0.0639074299145851,-0.168849447901881,
-0.387063057625508));
#10957=CARTESIAN_POINT('Ctrl Pts',(0.,0.159507032652029,-0.810763888888889));
#10958=CARTESIAN_POINT('Ctrl Pts',(-0.0660699762183587,0.159507032652029,
-0.807291666666667));
#10959=CARTESIAN_POINT('Ctrl Pts',(-0.112788504435194,0.112788504435194,
-0.803819444444444));
#10960=CARTESIAN_POINT('Ctrl Pts',(-0.159507032652029,0.0660699762183587,
-0.800347222222222));
#10961=CARTESIAN_POINT('Ctrl Pts',(-0.159507032652029,1.06696210766596E-17,
-0.796875));
#10962=CARTESIAN_POINT('Ctrl Pts',(-0.159507032652029,-0.0660699762183587,
-0.793402777777778));
#10963=CARTESIAN_POINT('Ctrl Pts',(-0.112788504435194,-0.112788504435194,
-0.789930555555555));
#10964=CARTESIAN_POINT('Ctrl Pts',(-0.0660699762183587,-0.159507032652029,
-0.786458333333333));
#10965=CARTESIAN_POINT('Ctrl Pts',(-1.953397769788E-17,-0.159507032652029,
-0.782986111111111));
#10966=CARTESIAN_POINT('Ctrl Pts',(0.0660699762183586,-0.159507032652029,
-0.779513888888889));
#10967=CARTESIAN_POINT('Ctrl Pts',(0.112788504435194,-0.112788504435194,
-0.776041666666666));
#10968=CARTESIAN_POINT('Ctrl Pts',(0.159507032652029,-0.0660699762183588,
-0.772569444444444));
#10969=CARTESIAN_POINT('Ctrl Pts',(0.159507032652029,-2.83983343191004E-17,
-0.769097222222222));
#10970=CARTESIAN_POINT('Ctrl Pts',(0.159507032652029,0.0660699762183587,
-0.765624999999999));
#10971=CARTESIAN_POINT('Ctrl Pts',(0.112788504435194,0.112788504435194,
-0.762152777777777));
#10972=CARTESIAN_POINT('Ctrl Pts',(0.0660699762183588,0.159507032652029,
-0.758680555555555));
#10973=CARTESIAN_POINT('Ctrl Pts',(0.,0.159507032652029,-0.755208333333333));
#10974=CARTESIAN_POINT('Ctrl Pts',(-0.0660699762183587,0.159507032652029,
-0.751736111111111));
#10975=CARTESIAN_POINT('Ctrl Pts',(-0.112788504435194,0.112788504435194,
-0.748263888888888));
#10976=CARTESIAN_POINT('Ctrl Pts',(-0.159507032652029,0.0660699762183587,
-0.744791666666666));
#10977=CARTESIAN_POINT('Ctrl Pts',(-0.159507032652029,1.06696210766596E-17,
-0.741319444444444));
#10978=CARTESIAN_POINT('Ctrl Pts',(-0.159507032652029,-0.0660699762183587,
-0.737847222222222));
#10979=CARTESIAN_POINT('Ctrl Pts',(-0.112788504435194,-0.112788504435194,
-0.734374999999999));
#10980=CARTESIAN_POINT('Ctrl Pts',(-0.0660699762183587,-0.159507032652029,
-0.730902777777777));
#10981=CARTESIAN_POINT('Ctrl Pts',(-1.953397769788E-17,-0.159507032652029,
-0.727430555555555));
#10982=CARTESIAN_POINT('Ctrl Pts',(0.0660699762183586,-0.159507032652029,
-0.723958333333333));
#10983=CARTESIAN_POINT('Ctrl Pts',(0.112788504435194,-0.112788504435194,
-0.72048611111111));
#10984=CARTESIAN_POINT('Ctrl Pts',(0.159507032652029,-0.0660699762183588,
-0.717013888888888));
#10985=CARTESIAN_POINT('Ctrl Pts',(0.159507032652029,-2.83983343191004E-17,
-0.713541666666666));
#10986=CARTESIAN_POINT('Ctrl Pts',(0.159507032652029,0.0660699762183587,
-0.710069444444444));
#10987=CARTESIAN_POINT('Ctrl Pts',(0.112788504435194,0.112788504435194,
-0.706597222222221));
#10988=CARTESIAN_POINT('Ctrl Pts',(0.0660699762183588,0.159507032652029,
-0.703124999999999));
#10989=CARTESIAN_POINT('Ctrl Pts',(0.,0.159507032652029,-0.699652777777777));
#10990=CARTESIAN_POINT('Ctrl Pts',(-0.0660699762183587,0.159507032652029,
-0.696180555555555));
#10991=CARTESIAN_POINT('Ctrl Pts',(-0.112788504435194,0.112788504435194,
-0.692708333333332));
#10992=CARTESIAN_POINT('Ctrl Pts',(-0.159507032652029,0.0660699762183587,
-0.68923611111111));
#10993=CARTESIAN_POINT('Ctrl Pts',(-0.159507032652029,1.06696210766596E-17,
-0.685763888888888));
#10994=CARTESIAN_POINT('Ctrl Pts',(-0.159507032652029,-0.0660699762183587,
-0.682291666666665));
#10995=CARTESIAN_POINT('Ctrl Pts',(-0.112788504435194,-0.112788504435194,
-0.678819444444443));
#10996=CARTESIAN_POINT('Ctrl Pts',(-0.0660699762183587,-0.159507032652029,
-0.675347222222221));
#10997=CARTESIAN_POINT('Ctrl Pts',(-1.953397769788E-17,-0.159507032652029,
-0.671874999999999));
#10998=CARTESIAN_POINT('Ctrl Pts',(0.0660699762183586,-0.159507032652029,
-0.668402777777777));
#10999=CARTESIAN_POINT('Ctrl Pts',(0.112788504435194,-0.112788504435194,
-0.664930555555554));
#11000=CARTESIAN_POINT('Ctrl Pts',(0.159507032652029,-0.0660699762183588,
-0.661458333333332));
#11001=CARTESIAN_POINT('Ctrl Pts',(0.159507032652029,-2.83983343191004E-17,
-0.65798611111111));
#11002=CARTESIAN_POINT('Ctrl Pts',(0.159507032652029,0.0660699762183587,
-0.654513888888888));
#11003=CARTESIAN_POINT('Ctrl Pts',(0.112788504435194,0.112788504435194,
-0.651041666666665));
#11004=CARTESIAN_POINT('Ctrl Pts',(0.0660699762183588,0.159507032652029,
-0.647569444444443));
#11005=CARTESIAN_POINT('Ctrl Pts',(0.,0.159507032652029,-0.644097222222221));
#11006=CARTESIAN_POINT('Ctrl Pts',(-0.0660699762183587,0.159507032652029,
-0.640624999999999));
#11007=CARTESIAN_POINT('Ctrl Pts',(-0.112788504435194,0.112788504435194,
-0.637152777777776));
#11008=CARTESIAN_POINT('Ctrl Pts',(-0.159507032652029,0.0660699762183587,
-0.633680555555554));
#11009=CARTESIAN_POINT('Ctrl Pts',(-0.159507032652029,1.06696210766596E-17,
-0.630208333333332));
#11010=CARTESIAN_POINT('Ctrl Pts',(-0.159507032652029,-0.0660699762183587,
-0.62673611111111));
#11011=CARTESIAN_POINT('Ctrl Pts',(-0.112788504435194,-0.112788504435194,
-0.623263888888887));
#11012=CARTESIAN_POINT('Ctrl Pts',(-0.0660699762183587,-0.159507032652029,
-0.619791666666665));
#11013=CARTESIAN_POINT('Ctrl Pts',(-1.953397769788E-17,-0.159507032652029,
-0.616319444444443));
#11014=CARTESIAN_POINT('Ctrl Pts',(0.0660699762183586,-0.159507032652029,
-0.612847222222221));
#11015=CARTESIAN_POINT('Ctrl Pts',(0.112788504435194,-0.112788504435194,
-0.609374999999998));
#11016=CARTESIAN_POINT('Ctrl Pts',(0.159507032652029,-0.0660699762183588,
-0.605902777777776));
#11017=CARTESIAN_POINT('Ctrl Pts',(0.159507032652029,-2.83983343191004E-17,
-0.602430555555554));
#11018=CARTESIAN_POINT('Ctrl Pts',(0.159507032652029,0.0660699762183587,
-0.598958333333332));
#11019=CARTESIAN_POINT('Ctrl Pts',(0.112788504435194,0.112788504435194,
-0.595486111111109));
#11020=CARTESIAN_POINT('Ctrl Pts',(0.0660699762183588,0.159507032652029,
-0.592013888888887));
#11021=CARTESIAN_POINT('Ctrl Pts',(0.,0.159507032652029,-0.588541666666665));
#11022=CARTESIAN_POINT('Ctrl Pts',(-0.0660699762183587,0.159507032652029,
-0.585069444444443));
#11023=CARTESIAN_POINT('Ctrl Pts',(-0.112788504435194,0.112788504435194,
-0.58159722222222));
#11024=CARTESIAN_POINT('Ctrl Pts',(-0.159507032652029,0.0660699762183587,
-0.578124999999998));
#11025=CARTESIAN_POINT('Ctrl Pts',(-0.159507032652029,1.06696210766596E-17,
-0.574652777777776));
#11026=CARTESIAN_POINT('Ctrl Pts',(-0.159507032652029,-0.0660699762183587,
-0.571180555555554));
#11027=CARTESIAN_POINT('Ctrl Pts',(-0.112788504435194,-0.112788504435194,
-0.567708333333331));
#11028=CARTESIAN_POINT('Ctrl Pts',(-0.0660699762183587,-0.159507032652029,
-0.564236111111109));
#11029=CARTESIAN_POINT('Ctrl Pts',(-1.953397769788E-17,-0.159507032652029,
-0.560763888888887));
#11030=CARTESIAN_POINT('Ctrl Pts',(0.0660699762183586,-0.159507032652029,
-0.557291666666665));
#11031=CARTESIAN_POINT('Ctrl Pts',(0.112788504435194,-0.112788504435194,
-0.553819444444442));
#11032=CARTESIAN_POINT('Ctrl Pts',(0.159507032652029,-0.0660699762183588,
-0.55034722222222));
#11033=CARTESIAN_POINT('Ctrl Pts',(0.159507032652029,-2.83983343191004E-17,
-0.546874999999998));
#11034=CARTESIAN_POINT('Ctrl Pts',(0.159507032652029,0.0660699762183587,
-0.543402777777776));
#11035=CARTESIAN_POINT('Ctrl Pts',(0.112788504435194,0.112788504435194,
-0.539930555555553));
#11036=CARTESIAN_POINT('Ctrl Pts',(0.0660699762183588,0.159507032652029,
-0.536458333333331));
#11037=CARTESIAN_POINT('Ctrl Pts',(0.,0.159507032652029,-0.532986111111109));
#11038=CARTESIAN_POINT('Ctrl Pts',(-0.0660699762183587,0.159507032652029,
-0.529513888888887));
#11039=CARTESIAN_POINT('Ctrl Pts',(-0.112788504435194,0.112788504435194,
-0.526041666666664));
#11040=CARTESIAN_POINT('Ctrl Pts',(-0.159507032652029,0.0660699762183587,
-0.522569444444442));
#11041=CARTESIAN_POINT('Ctrl Pts',(-0.159507032652029,1.06696210766596E-17,
-0.51909722222222));
#11042=CARTESIAN_POINT('Ctrl Pts',(-0.159507032652029,-0.0660699762183587,
-0.515624999999998));
#11043=CARTESIAN_POINT('Ctrl Pts',(-0.112788504435194,-0.112788504435194,
-0.512152777777775));
#11044=CARTESIAN_POINT('Ctrl Pts',(-0.0660699762183587,-0.159507032652029,
-0.508680555555553));
#11045=CARTESIAN_POINT('Ctrl Pts',(-1.953397769788E-17,-0.159507032652029,
-0.505208333333331));
#11046=CARTESIAN_POINT('Ctrl Pts',(0.0660699762183586,-0.159507032652029,
-0.501736111111109));
#11047=CARTESIAN_POINT('Ctrl Pts',(0.112788504435194,-0.112788504435194,
-0.498263888888886));
#11048=CARTESIAN_POINT('Ctrl Pts',(0.159507032652029,-0.0660699762183588,
-0.494791666666664));
#11049=CARTESIAN_POINT('Ctrl Pts',(0.159507032652029,-2.83983343191004E-17,
-0.491319444444442));
#11050=CARTESIAN_POINT('Ctrl Pts',(0.159507032652029,0.0660699762183587,
-0.48784722222222));
#11051=CARTESIAN_POINT('Ctrl Pts',(0.112788504435194,0.112788504435194,
-0.484374999999997));
#11052=CARTESIAN_POINT('Ctrl Pts',(0.0660699762183588,0.159507032652029,
-0.480902777777775));
#11053=CARTESIAN_POINT('Ctrl Pts',(0.,0.159507032652029,-0.477430555555553));
#11054=CARTESIAN_POINT('Ctrl Pts',(-0.0660699762183587,0.159507032652029,
-0.47395833333333));
#11055=CARTESIAN_POINT('Ctrl Pts',(-0.112788504435194,0.112788504435194,
-0.470486111111108));
#11056=CARTESIAN_POINT('Ctrl Pts',(-0.159507032652029,0.0660699762183587,
-0.467013888888886));
#11057=CARTESIAN_POINT('Ctrl Pts',(-0.159507032652029,1.06696210766596E-17,
-0.463541666666664));
#11058=CARTESIAN_POINT('Ctrl Pts',(-0.159507032652029,-0.0660699762183587,
-0.460069444444442));
#11059=CARTESIAN_POINT('Ctrl Pts',(-0.112788504435194,-0.112788504435194,
-0.456597222222219));
#11060=CARTESIAN_POINT('Ctrl Pts',(-0.0660699762183587,-0.159507032652029,
-0.453124999999997));
#11061=CARTESIAN_POINT('Ctrl Pts',(-1.953397769788E-17,-0.159507032652029,
-0.449652777777775));
#11062=CARTESIAN_POINT('Ctrl Pts',(0.0660699762183586,-0.159507032652029,
-0.446180555555553));
#11063=CARTESIAN_POINT('Ctrl Pts',(0.112788504435194,-0.112788504435194,
-0.44270833333333));
#11064=CARTESIAN_POINT('Ctrl Pts',(0.159507032652029,-0.0660699762183588,
-0.439236111111108));
#11065=CARTESIAN_POINT('Ctrl Pts',(0.159507032652029,-2.83983343191004E-17,
-0.435763888888886));
#11066=CARTESIAN_POINT('Ctrl Pts',(0.159507032652029,0.0660699762183587,
-0.432291666666664));
#11067=CARTESIAN_POINT('Ctrl Pts',(0.112788504435194,0.112788504435194,
-0.428819444444441));
#11068=CARTESIAN_POINT('Ctrl Pts',(0.0660699762183588,0.159507032652029,
-0.425347222222219));
#11069=CARTESIAN_POINT('Ctrl Pts',(0.,0.159507032652029,-0.421874999999997));
#11070=CARTESIAN_POINT('Ctrl Pts',(-0.0660699762183587,0.159507032652029,
-0.418402777777775));
#11071=CARTESIAN_POINT('Ctrl Pts',(-0.112788504435194,0.112788504435194,
-0.414930555555552));
#11072=CARTESIAN_POINT('Ctrl Pts',(-0.159507032652029,0.0660699762183587,
-0.41145833333333));
#11073=CARTESIAN_POINT('Ctrl Pts',(-0.159507032652029,1.06696210766596E-17,
-0.407986111111108));
#11074=CARTESIAN_POINT('Ctrl Pts',(-0.159507032652029,-0.0660699762183587,
-0.404513888888886));
#11075=CARTESIAN_POINT('Ctrl Pts',(-0.112788504435194,-0.112788504435194,
-0.401041666666663));
#11076=CARTESIAN_POINT('Ctrl Pts',(-0.0660699762183587,-0.159507032652029,
-0.397569444444441));
#11077=CARTESIAN_POINT('Ctrl Pts',(-1.953397769788E-17,-0.159507032652029,
-0.394097222222219));
#11078=CARTESIAN_POINT('Ctrl Pts',(0.0660699762183586,-0.159507032652029,
-0.390624999999997));
#11079=CARTESIAN_POINT('Ctrl Pts',(0.112788504435194,-0.112788504435194,
-0.387152777777774));
#11080=CARTESIAN_POINT('Ctrl Pts',(0.159507032652029,-0.0660699762183588,
-0.383680555555552));
#11081=CARTESIAN_POINT('Ctrl Pts',(0.159507032652029,-2.83983343191004E-17,
-0.38020833333333));
#11082=CARTESIAN_POINT('Ctrl Pts',(0.159507032652029,0.0660699762183587,
-0.376736111111108));
#11083=CARTESIAN_POINT('Ctrl Pts',(0.112788504435194,0.112788504435194,
-0.373263888888885));
#11084=CARTESIAN_POINT('Ctrl Pts',(0.0660699762183588,0.159507032652029,
-0.369791666666663));
#11085=CARTESIAN_POINT('Ctrl Pts',(0.,0.159507032652029,-0.366319444444441));
#11086=CARTESIAN_POINT('Ctrl Pts',(-0.0660699762183587,0.159507032652029,
-0.362847222222219));
#11087=CARTESIAN_POINT('Ctrl Pts',(-0.112788504435194,0.112788504435194,
-0.359374999999996));
#11088=CARTESIAN_POINT('Ctrl Pts',(-0.159507032652029,0.0660699762183587,
-0.355902777777774));
#11089=CARTESIAN_POINT('Ctrl Pts',(-0.159507032652029,1.06696210766596E-17,
-0.352430555555552));
#11090=CARTESIAN_POINT('Ctrl Pts',(-0.159507032652029,-0.0660699762183587,
-0.34895833333333));
#11091=CARTESIAN_POINT('Ctrl Pts',(-0.112788504435194,-0.112788504435194,
-0.345486111111107));
#11092=CARTESIAN_POINT('Ctrl Pts',(-0.0741729050425079,-0.15140410382788,
-0.342616116112262));
#11093=CARTESIAN_POINT('Ctrl Pts',(-0.019992880705641,-0.158249101692697,
-0.339619749894544));
#11094=CARTESIAN_POINT('Ctrl Pts',(0.,0.120415608175649,-0.833333333333333));
#11095=CARTESIAN_POINT('Ctrl Pts',(-0.0498777780277582,0.120415608175649,
-0.829861111111111));
#11096=CARTESIAN_POINT('Ctrl Pts',(-0.0851466931017034,0.0851466931017035,
-0.826388888888889));
#11097=CARTESIAN_POINT('Ctrl Pts',(-0.120415608175649,0.0498777780277582,
-0.822916666666667));
#11098=CARTESIAN_POINT('Ctrl Pts',(-0.120415608175649,8.2759616837041E-18,
-0.819444444444444));
#11099=CARTESIAN_POINT('Ctrl Pts',(-0.120415608175649,-0.0498777780277582,
-0.815972222222222));
#11100=CARTESIAN_POINT('Ctrl Pts',(-0.0851466931017035,-0.0851466931017034,
-0.8125));
#11101=CARTESIAN_POINT('Ctrl Pts',(-0.0498777780277582,-0.120415608175649,
-0.809027777777777));
#11102=CARTESIAN_POINT('Ctrl Pts',(-1.4746658911969E-17,-0.120415608175649,
-0.805555555555555));
#11103=CARTESIAN_POINT('Ctrl Pts',(0.0498777780277582,-0.120415608175649,
-0.802083333333333));
#11104=CARTESIAN_POINT('Ctrl Pts',(0.0851466931017034,-0.0851466931017035,
-0.798611111111111));
#11105=CARTESIAN_POINT('Ctrl Pts',(0.120415608175649,-0.0498777780277583,
-0.795138888888889));
#11106=CARTESIAN_POINT('Ctrl Pts',(0.120415608175649,-2.12173561402339E-17,
-0.791666666666666));
#11107=CARTESIAN_POINT('Ctrl Pts',(0.120415608175649,0.0498777780277583,
-0.788194444444444));
#11108=CARTESIAN_POINT('Ctrl Pts',(0.0851466931017035,0.0851466931017034,
-0.784722222222222));
#11109=CARTESIAN_POINT('Ctrl Pts',(0.0498777780277583,0.120415608175649,
-0.781249999999999));
#11110=CARTESIAN_POINT('Ctrl Pts',(0.,0.120415608175649,-0.777777777777777));
#11111=CARTESIAN_POINT('Ctrl Pts',(-0.0498777780277582,0.120415608175649,
-0.774305555555555));
#11112=CARTESIAN_POINT('Ctrl Pts',(-0.0851466931017034,0.0851466931017035,
-0.770833333333333));
#11113=CARTESIAN_POINT('Ctrl Pts',(-0.120415608175649,0.0498777780277582,
-0.76736111111111));
#11114=CARTESIAN_POINT('Ctrl Pts',(-0.120415608175649,8.2759616837041E-18,
-0.763888888888888));
#11115=CARTESIAN_POINT('Ctrl Pts',(-0.120415608175649,-0.0498777780277582,
-0.760416666666666));
#11116=CARTESIAN_POINT('Ctrl Pts',(-0.0851466931017035,-0.0851466931017034,
-0.756944444444444));
#11117=CARTESIAN_POINT('Ctrl Pts',(-0.0498777780277582,-0.120415608175649,
-0.753472222222222));
#11118=CARTESIAN_POINT('Ctrl Pts',(-1.4746658911969E-17,-0.120415608175649,
-0.749999999999999));
#11119=CARTESIAN_POINT('Ctrl Pts',(0.0498777780277582,-0.120415608175649,
-0.746527777777777));
#11120=CARTESIAN_POINT('Ctrl Pts',(0.0851466931017034,-0.0851466931017035,
-0.743055555555555));
#11121=CARTESIAN_POINT('Ctrl Pts',(0.120415608175649,-0.0498777780277583,
-0.739583333333332));
#11122=CARTESIAN_POINT('Ctrl Pts',(0.120415608175649,-2.12173561402339E-17,
-0.73611111111111));
#11123=CARTESIAN_POINT('Ctrl Pts',(0.120415608175649,0.0498777780277583,
-0.732638888888888));
#11124=CARTESIAN_POINT('Ctrl Pts',(0.0851466931017035,0.0851466931017034,
-0.729166666666666));
#11125=CARTESIAN_POINT('Ctrl Pts',(0.0498777780277583,0.120415608175649,
-0.725694444444444));
#11126=CARTESIAN_POINT('Ctrl Pts',(0.,0.120415608175649,-0.722222222222221));
#11127=CARTESIAN_POINT('Ctrl Pts',(-0.0498777780277582,0.120415608175649,
-0.718749999999999));
#11128=CARTESIAN_POINT('Ctrl Pts',(-0.0851466931017034,0.0851466931017035,
-0.715277777777777));
#11129=CARTESIAN_POINT('Ctrl Pts',(-0.120415608175649,0.0498777780277582,
-0.711805555555555));
#11130=CARTESIAN_POINT('Ctrl Pts',(-0.120415608175649,8.2759616837041E-18,
-0.708333333333332));
#11131=CARTESIAN_POINT('Ctrl Pts',(-0.120415608175649,-0.0498777780277582,
-0.70486111111111));
#11132=CARTESIAN_POINT('Ctrl Pts',(-0.0851466931017035,-0.0851466931017034,
-0.701388888888888));
#11133=CARTESIAN_POINT('Ctrl Pts',(-0.0498777780277582,-0.120415608175649,
-0.697916666666666));
#11134=CARTESIAN_POINT('Ctrl Pts',(-1.4746658911969E-17,-0.120415608175649,
-0.694444444444443));
#11135=CARTESIAN_POINT('Ctrl Pts',(0.0498777780277582,-0.120415608175649,
-0.690972222222221));
#11136=CARTESIAN_POINT('Ctrl Pts',(0.0851466931017034,-0.0851466931017035,
-0.687499999999999));
#11137=CARTESIAN_POINT('Ctrl Pts',(0.120415608175649,-0.0498777780277583,
-0.684027777777777));
#11138=CARTESIAN_POINT('Ctrl Pts',(0.120415608175649,-2.12173561402339E-17,
-0.680555555555554));
#11139=CARTESIAN_POINT('Ctrl Pts',(0.120415608175649,0.0498777780277583,
-0.677083333333332));
#11140=CARTESIAN_POINT('Ctrl Pts',(0.0851466931017035,0.0851466931017034,
-0.67361111111111));
#11141=CARTESIAN_POINT('Ctrl Pts',(0.0498777780277583,0.120415608175649,
-0.670138888888888));
#11142=CARTESIAN_POINT('Ctrl Pts',(0.,0.120415608175649,-0.666666666666665));
#11143=CARTESIAN_POINT('Ctrl Pts',(-0.0498777780277582,0.120415608175649,
-0.663194444444443));
#11144=CARTESIAN_POINT('Ctrl Pts',(-0.0851466931017034,0.0851466931017035,
-0.659722222222221));
#11145=CARTESIAN_POINT('Ctrl Pts',(-0.120415608175649,0.0498777780277582,
-0.656249999999999));
#11146=CARTESIAN_POINT('Ctrl Pts',(-0.120415608175649,8.2759616837041E-18,
-0.652777777777776));
#11147=CARTESIAN_POINT('Ctrl Pts',(-0.120415608175649,-0.0498777780277582,
-0.649305555555554));
#11148=CARTESIAN_POINT('Ctrl Pts',(-0.0851466931017035,-0.0851466931017034,
-0.645833333333332));
#11149=CARTESIAN_POINT('Ctrl Pts',(-0.0498777780277582,-0.120415608175649,
-0.642361111111109));
#11150=CARTESIAN_POINT('Ctrl Pts',(-1.4746658911969E-17,-0.120415608175649,
-0.638888888888887));
#11151=CARTESIAN_POINT('Ctrl Pts',(0.0498777780277582,-0.120415608175649,
-0.635416666666665));
#11152=CARTESIAN_POINT('Ctrl Pts',(0.0851466931017034,-0.0851466931017035,
-0.631944444444443));
#11153=CARTESIAN_POINT('Ctrl Pts',(0.120415608175649,-0.0498777780277583,
-0.628472222222221));
#11154=CARTESIAN_POINT('Ctrl Pts',(0.120415608175649,-2.12173561402339E-17,
-0.624999999999998));
#11155=CARTESIAN_POINT('Ctrl Pts',(0.120415608175649,0.0498777780277583,
-0.621527777777776));
#11156=CARTESIAN_POINT('Ctrl Pts',(0.0851466931017035,0.0851466931017034,
-0.618055555555554));
#11157=CARTESIAN_POINT('Ctrl Pts',(0.0498777780277583,0.120415608175649,
-0.614583333333331));
#11158=CARTESIAN_POINT('Ctrl Pts',(0.,0.120415608175649,-0.611111111111109));
#11159=CARTESIAN_POINT('Ctrl Pts',(-0.0498777780277582,0.120415608175649,
-0.607638888888887));
#11160=CARTESIAN_POINT('Ctrl Pts',(-0.0851466931017034,0.0851466931017035,
-0.604166666666665));
#11161=CARTESIAN_POINT('Ctrl Pts',(-0.120415608175649,0.0498777780277582,
-0.600694444444443));
#11162=CARTESIAN_POINT('Ctrl Pts',(-0.120415608175649,8.2759616837041E-18,
-0.59722222222222));
#11163=CARTESIAN_POINT('Ctrl Pts',(-0.120415608175649,-0.0498777780277582,
-0.593749999999998));
#11164=CARTESIAN_POINT('Ctrl Pts',(-0.0851466931017035,-0.0851466931017034,
-0.590277777777776));
#11165=CARTESIAN_POINT('Ctrl Pts',(-0.0498777780277582,-0.120415608175649,
-0.586805555555554));
#11166=CARTESIAN_POINT('Ctrl Pts',(-1.4746658911969E-17,-0.120415608175649,
-0.583333333333331));
#11167=CARTESIAN_POINT('Ctrl Pts',(0.0498777780277582,-0.120415608175649,
-0.579861111111109));
#11168=CARTESIAN_POINT('Ctrl Pts',(0.0851466931017034,-0.0851466931017035,
-0.576388888888887));
#11169=CARTESIAN_POINT('Ctrl Pts',(0.120415608175649,-0.0498777780277583,
-0.572916666666665));
#11170=CARTESIAN_POINT('Ctrl Pts',(0.120415608175649,-2.12173561402339E-17,
-0.569444444444442));
#11171=CARTESIAN_POINT('Ctrl Pts',(0.120415608175649,0.0498777780277583,
-0.56597222222222));
#11172=CARTESIAN_POINT('Ctrl Pts',(0.0851466931017035,0.0851466931017034,
-0.562499999999998));
#11173=CARTESIAN_POINT('Ctrl Pts',(0.0498777780277583,0.120415608175649,
-0.559027777777776));
#11174=CARTESIAN_POINT('Ctrl Pts',(0.,0.120415608175649,-0.555555555555553));
#11175=CARTESIAN_POINT('Ctrl Pts',(-0.0498777780277582,0.120415608175649,
-0.552083333333331));
#11176=CARTESIAN_POINT('Ctrl Pts',(-0.0851466931017034,0.0851466931017035,
-0.548611111111109));
#11177=CARTESIAN_POINT('Ctrl Pts',(-0.120415608175649,0.0498777780277582,
-0.545138888888887));
#11178=CARTESIAN_POINT('Ctrl Pts',(-0.120415608175649,8.2759616837041E-18,
-0.541666666666664));
#11179=CARTESIAN_POINT('Ctrl Pts',(-0.120415608175649,-0.0498777780277582,
-0.538194444444442));
#11180=CARTESIAN_POINT('Ctrl Pts',(-0.0851466931017035,-0.0851466931017034,
-0.53472222222222));
#11181=CARTESIAN_POINT('Ctrl Pts',(-0.0498777780277582,-0.120415608175649,
-0.531249999999998));
#11182=CARTESIAN_POINT('Ctrl Pts',(-1.4746658911969E-17,-0.120415608175649,
-0.527777777777775));
#11183=CARTESIAN_POINT('Ctrl Pts',(0.0498777780277582,-0.120415608175649,
-0.524305555555553));
#11184=CARTESIAN_POINT('Ctrl Pts',(0.0851466931017034,-0.0851466931017035,
-0.520833333333331));
#11185=CARTESIAN_POINT('Ctrl Pts',(0.120415608175649,-0.0498777780277583,
-0.517361111111108));
#11186=CARTESIAN_POINT('Ctrl Pts',(0.120415608175649,-2.12173561402339E-17,
-0.513888888888886));
#11187=CARTESIAN_POINT('Ctrl Pts',(0.120415608175649,0.0498777780277583,
-0.510416666666664));
#11188=CARTESIAN_POINT('Ctrl Pts',(0.0851466931017035,0.0851466931017034,
-0.506944444444442));
#11189=CARTESIAN_POINT('Ctrl Pts',(0.0498777780277583,0.120415608175649,
-0.50347222222222));
#11190=CARTESIAN_POINT('Ctrl Pts',(0.,0.120415608175649,-0.499999999999997));
#11191=CARTESIAN_POINT('Ctrl Pts',(-0.0498777780277582,0.120415608175649,
-0.496527777777775));
#11192=CARTESIAN_POINT('Ctrl Pts',(-0.0851466931017034,0.0851466931017035,
-0.493055555555553));
#11193=CARTESIAN_POINT('Ctrl Pts',(-0.120415608175649,0.0498777780277582,
-0.489583333333331));
#11194=CARTESIAN_POINT('Ctrl Pts',(-0.120415608175649,8.2759616837041E-18,
-0.486111111111108));
#11195=CARTESIAN_POINT('Ctrl Pts',(-0.120415608175649,-0.0498777780277582,
-0.482638888888886));
#11196=CARTESIAN_POINT('Ctrl Pts',(-0.0851466931017035,-0.0851466931017034,
-0.479166666666664));
#11197=CARTESIAN_POINT('Ctrl Pts',(-0.0498777780277582,-0.120415608175649,
-0.475694444444442));
#11198=CARTESIAN_POINT('Ctrl Pts',(-1.4746658911969E-17,-0.120415608175649,
-0.472222222222219));
#11199=CARTESIAN_POINT('Ctrl Pts',(0.0498777780277582,-0.120415608175649,
-0.468749999999997));
#11200=CARTESIAN_POINT('Ctrl Pts',(0.0851466931017034,-0.0851466931017035,
-0.465277777777775));
#11201=CARTESIAN_POINT('Ctrl Pts',(0.120415608175649,-0.0498777780277583,
-0.461805555555553));
#11202=CARTESIAN_POINT('Ctrl Pts',(0.120415608175649,-2.12173561402339E-17,
-0.45833333333333));
#11203=CARTESIAN_POINT('Ctrl Pts',(0.120415608175649,0.0498777780277583,
-0.454861111111108));
#11204=CARTESIAN_POINT('Ctrl Pts',(0.0851466931017035,0.0851466931017034,
-0.451388888888886));
#11205=CARTESIAN_POINT('Ctrl Pts',(0.0498777780277583,0.120415608175649,
-0.447916666666664));
#11206=CARTESIAN_POINT('Ctrl Pts',(0.,0.120415608175649,-0.444444444444441));
#11207=CARTESIAN_POINT('Ctrl Pts',(-0.0498777780277582,0.120415608175649,
-0.440972222222219));
#11208=CARTESIAN_POINT('Ctrl Pts',(-0.0851466931017034,0.0851466931017035,
-0.437499999999997));
#11209=CARTESIAN_POINT('Ctrl Pts',(-0.120415608175649,0.0498777780277582,
-0.434027777777775));
#11210=CARTESIAN_POINT('Ctrl Pts',(-0.120415608175649,8.2759616837041E-18,
-0.430555555555552));
#11211=CARTESIAN_POINT('Ctrl Pts',(-0.120415608175649,-0.0498777780277582,
-0.42708333333333));
#11212=CARTESIAN_POINT('Ctrl Pts',(-0.0851466931017035,-0.0851466931017034,
-0.423611111111108));
#11213=CARTESIAN_POINT('Ctrl Pts',(-0.0498777780277582,-0.120415608175649,
-0.420138888888886));
#11214=CARTESIAN_POINT('Ctrl Pts',(-1.4746658911969E-17,-0.120415608175649,
-0.416666666666663));
#11215=CARTESIAN_POINT('Ctrl Pts',(0.0498777780277582,-0.120415608175649,
-0.413194444444441));
#11216=CARTESIAN_POINT('Ctrl Pts',(0.0851466931017034,-0.0851466931017035,
-0.409722222222219));
#11217=CARTESIAN_POINT('Ctrl Pts',(0.120415608175649,-0.0498777780277583,
-0.406249999999997));
#11218=CARTESIAN_POINT('Ctrl Pts',(0.120415608175649,-2.12173561402339E-17,
-0.402777777777774));
#11219=CARTESIAN_POINT('Ctrl Pts',(0.120415608175649,0.0498777780277583,
-0.399305555555552));
#11220=CARTESIAN_POINT('Ctrl Pts',(0.0851466931017035,0.0851466931017034,
-0.39583333333333));
#11221=CARTESIAN_POINT('Ctrl Pts',(0.0498777780277583,0.120415608175649,
-0.392361111111108));
#11222=CARTESIAN_POINT('Ctrl Pts',(0.,0.120415608175649,-0.388888888888885));
#11223=CARTESIAN_POINT('Ctrl Pts',(-0.0498777780277582,0.120415608175649,
-0.385416666666663));
#11224=CARTESIAN_POINT('Ctrl Pts',(-0.0851466931017034,0.0851466931017035,
-0.381944444444441));
#11225=CARTESIAN_POINT('Ctrl Pts',(-0.120415608175649,0.0498777780277582,
-0.378472222222219));
#11226=CARTESIAN_POINT('Ctrl Pts',(-0.120415608175649,8.2759616837041E-18,
-0.374999999999996));
#11227=CARTESIAN_POINT('Ctrl Pts',(-0.120415608175649,-0.0498777780277582,
-0.371527777777774));
#11228=CARTESIAN_POINT('Ctrl Pts',(-0.0851466931017035,-0.0851466931017034,
-0.368055555555552));
#11229=CARTESIAN_POINT('Ctrl Pts',(-0.055994869457153,-0.114298516746254,
-0.365185560556707));
#11230=CARTESIAN_POINT('Ctrl Pts',(-0.0150930955790828,-0.119465966526672,
-0.362189194338988));
#11231=CARTESIAN_POINT('Origin',(0.655546874999986,0.37848016474766,0.0935));
#11232=CARTESIAN_POINT('',(-0.0878857381764849,-0.0507408545941224,0.0935));
#11233=CARTESIAN_POINT('',(6.24036215873323E-17,-0.101481709188245,0.0935));
#11234=CARTESIAN_POINT('Origin',(-0.43703124999999,-0.75696032949532,0.0935));
#11235=CARTESIAN_POINT('Origin',(0.437031249999991,-0.756960329495319,0.0935));
#11236=CARTESIAN_POINT('',(5.89449612400921E-18,0.101481709188245,0.0935));
#11237=CARTESIAN_POINT('Origin',(0.43703124999999,0.75696032949532,0.0935));
#11238=CARTESIAN_POINT('',(-0.087885738176485,0.0507408545941223,0.0935));
#11239=CARTESIAN_POINT('Origin',(-0.437031249999991,0.756960329495319,0.0935));
#11240=CARTESIAN_POINT('Origin',(-0.874062499999981,-4.83809498374173E-16,
0.0935));
#11241=CARTESIAN_POINT('Origin',(0.43703124999999,0.75696032949532,0.099125));
#11242=CARTESIAN_POINT('',(0.00312041352637853,0.106161842137681,0.099125));
#11243=CARTESIAN_POINT('Origin',(5.89449612400921E-18,0.101481709188245,
0.099125));
#11244=CARTESIAN_POINT('Origin',(0.43703124999999,0.75696032949532,0.099125));
#11245=CARTESIAN_POINT('Origin',(6.04790240931295E-17,0.101481709188245,
0.099125));
#11246=CARTESIAN_POINT('',(-0.00312041352637836,0.106161842137681,0.099125));
#11247=CARTESIAN_POINT('Origin',(1.00843607578622E-16,0.101481709188245,
0.099125));
#11248=CARTESIAN_POINT('Origin',(7.46989685767572E-17,0.101481709188245,
0.099125));
#11249=CARTESIAN_POINT('Origin',(-0.437031249999991,0.756960329495319,0.099125));
#11250=CARTESIAN_POINT('Origin',(-0.087885738176485,0.0507408545941223,
0.099125));
#11251=CARTESIAN_POINT('Origin',(-0.437031249999991,0.756960329495319,0.099125));
#11252=CARTESIAN_POINT('Origin',(-0.087885738176485,0.0507408545941223,
0.099125));
#11253=CARTESIAN_POINT('Origin',(-0.087885738176485,0.0507408545941223,
0.099125));
#11254=CARTESIAN_POINT('Origin',(-0.874062499999981,-4.83809498374173E-16,
0.099125));
#11255=CARTESIAN_POINT('Origin',(-0.0878857381764849,-0.0507408545941224,
0.099125));
#11256=CARTESIAN_POINT('Origin',(-0.087885738176485,-0.0507408545941225,
0.099125));
#11257=CARTESIAN_POINT('Origin',(-0.087885738176485,-0.0507408545941225,
0.099125));
#11258=CARTESIAN_POINT('Origin',(-0.43703124999999,-0.75696032949532,0.099125));
#11259=CARTESIAN_POINT('',(-0.0031204135263783,-0.106161842137681,0.099125));
#11260=CARTESIAN_POINT('Origin',(-0.43703124999999,-0.75696032949532,0.099125));
#11261=CARTESIAN_POINT('Origin',(6.24036215873323E-17,-0.101481709188245,
0.099125));
#11262=CARTESIAN_POINT('Origin',(6.38420414709566E-17,-0.101481709188245,
0.099125));
#11263=CARTESIAN_POINT('',(0.00312041352637844,-0.106161842137681,0.099125));
#11264=CARTESIAN_POINT('Origin',(3.20138436757531E-18,-0.101481709188245,
0.099125));
#11265=CARTESIAN_POINT('Origin',(1.25921118457962E-16,-0.101481709188245,
0.099125));
#11266=CARTESIAN_POINT('Origin',(0.437031249999991,-0.756960329495319,0.099125));
#11267=CARTESIAN_POINT('Origin',(0.437031249999991,-0.756960329495319,0.099125));
#11268=CARTESIAN_POINT('Origin',(0.43703124999999,0.75696032949532,0.0935));
#11269=CARTESIAN_POINT('',(0.0903786454405957,0.0557832784529967,0.244375));
#11270=CARTESIAN_POINT('',(0.0903786454405958,0.0557832784529967,0.0935));
#11271=CARTESIAN_POINT('Origin',(0.43703124999999,0.75696032949532,0.244375));
#11272=CARTESIAN_POINT('',(0.00312041352637851,0.106161842137681,0.0935));
#11273=CARTESIAN_POINT('Origin',(6.82535343695406E-17,0.101481709188245,
0.0935));
#11274=CARTESIAN_POINT('',(-0.00312041352637838,0.106161842137681,0.0935));
#11275=CARTESIAN_POINT('Origin',(-0.437031249999991,0.756960329495319,0.0935));
#11276=CARTESIAN_POINT('Origin',(-0.437031249999991,0.756960329495319,0.244375));
#11277=CARTESIAN_POINT('Origin',(-0.43703124999999,-0.75696032949532,0.0935));
#11278=CARTESIAN_POINT('',(-0.0031204135263783,-0.106161842137681,0.244375));
#11279=CARTESIAN_POINT('Origin',(-0.43703124999999,-0.75696032949532,0.244375));
#11280=CARTESIAN_POINT('',(-0.00312041352637831,-0.106161842137681,0.0935));
#11281=CARTESIAN_POINT('Origin',(3.42014317608856E-17,-0.101481709188245,
0.0935));
#11282=CARTESIAN_POINT('',(0.00312041352637844,-0.106161842137681,0.244375));
#11283=CARTESIAN_POINT('Origin',(3.42014317608856E-17,-0.101481709188245,
0.244375));
#11284=CARTESIAN_POINT('',(0.00312041352637845,-0.106161842137681,0.0935));
#11285=CARTESIAN_POINT('Origin',(0.437031249999991,-0.756960329495319,0.0935));
#11286=CARTESIAN_POINT('',(0.0903786454405956,-0.0557832784529965,0.244375));
#11287=CARTESIAN_POINT('Origin',(0.437031249999991,-0.756960329495319,0.244375));
#11288=CARTESIAN_POINT('',(0.0903786454405956,-0.0557832784529966,0.0935));
#11289=CARTESIAN_POINT('Origin',(0.0878857381764848,-0.0507408545941223,
0.0935));
#11290=CARTESIAN_POINT('',(0.0934990589669741,-0.0503785636846838,0.244375));
#11291=CARTESIAN_POINT('Origin',(0.0878857381764848,-0.0507408545941223,
0.244375));
#11292=CARTESIAN_POINT('',(0.0934990589669742,-0.0503785636846838,0.0935));
#11293=CARTESIAN_POINT('Origin',(0.874062499999981,9.76628788364915E-16,
0.0935));
#11294=CARTESIAN_POINT('',(0.0934990589669741,0.0503785636846842,0.244375));
#11295=CARTESIAN_POINT('Origin',(0.874062499999981,9.76628788364915E-16,
0.244375));
#11296=CARTESIAN_POINT('',(0.0934990589669741,0.0503785636846842,0.0935));
#11297=CARTESIAN_POINT('Origin',(0.087885738176485,0.0507408545941226,0.0935));
#11298=CARTESIAN_POINT('Origin',(0.087885738176485,0.0507408545941226,0.244375));
#11299=CARTESIAN_POINT('Origin',(0.43703124999999,0.75696032949532,0.244375));
#11300=CARTESIAN_POINT('',(0.0928715527047065,0.0608257023118709,0.25));
#11301=CARTESIAN_POINT('Origin',(0.0928715527047065,0.0608257023118709,
0.244375));
#11302=CARTESIAN_POINT('Origin',(0.43703124999999,0.75696032949532,0.25));
#11303=CARTESIAN_POINT('Origin',(-0.437031249999991,0.756960329495319,0.244375));
#11304=CARTESIAN_POINT('',(-0.0928715527047065,0.0608257023118706,0.25));
#11305=CARTESIAN_POINT('Origin',(-0.0928715527047065,0.0608257023118706,
0.244375));
#11306=CARTESIAN_POINT('Origin',(-0.437031249999991,0.756960329495319,0.25));
#11307=CARTESIAN_POINT('Origin',(-0.087885738176485,0.0507408545941223,
0.244375));
#11308=CARTESIAN_POINT('',(-0.0991123797574633,0.0500162727752455,0.25));
#11309=CARTESIAN_POINT('Origin',(-0.0991123797574633,0.0500162727752455,
0.244375));
#11310=CARTESIAN_POINT('Origin',(-0.087885738176485,0.0507408545941223,
0.25));
#11311=CARTESIAN_POINT('Origin',(-0.874062499999981,-4.83809498374173E-16,
0.244375));
#11312=CARTESIAN_POINT('',(-0.0991123797574633,-0.0500162727752457,0.25));
#11313=CARTESIAN_POINT('Origin',(-0.874062499999981,-4.83815747366518E-16,
0.25));
#11314=CARTESIAN_POINT('Origin',(-0.0991123797574635,-0.0500162727752457,
0.244375));
#11315=CARTESIAN_POINT('Origin',(-0.087885738176485,-0.0507408545941225,
0.244375));
#11316=CARTESIAN_POINT('',(-0.0928715527047065,-0.0608257023118709,0.25));
#11317=CARTESIAN_POINT('Origin',(-0.087885738176485,-0.0507408545941225,
0.25));
#11318=CARTESIAN_POINT('Origin',(-0.0928715527047065,-0.0608257023118709,
0.244375));
#11319=CARTESIAN_POINT('Origin',(-0.43703124999999,-0.75696032949532,0.244375));
#11320=CARTESIAN_POINT('',(-0.00624082705275672,-0.110841975087117,0.25));
#11321=CARTESIAN_POINT('Origin',(-0.43703124999999,-0.75696032949532,0.25));
#11322=CARTESIAN_POINT('Origin',(-0.00624082705275672,-0.110841975087117,
0.244375));
#11323=CARTESIAN_POINT('Origin',(3.42014317608856E-17,-0.101481709188245,
0.244375));
#11324=CARTESIAN_POINT('',(0.00624082705275687,-0.110841975087117,0.25));
#11325=CARTESIAN_POINT('Origin',(3.42014317608856E-17,-0.101481709188245,
0.25));
#11326=CARTESIAN_POINT('Origin',(0.00624082705275687,-0.110841975087117,
0.244375));
#11327=CARTESIAN_POINT('Origin',(0.437031249999991,-0.756960329495319,0.244375));
#11328=CARTESIAN_POINT('',(0.0928715527047064,-0.0608257023118708,0.25));
#11329=CARTESIAN_POINT('Origin',(0.437031249999991,-0.756960329495319,0.25));
#11330=CARTESIAN_POINT('Origin',(0.0928715527047063,-0.0608257023118707,
0.244375));
#11331=CARTESIAN_POINT('Origin',(0.0878857381764848,-0.0507408545941223,
0.244375));
#11332=CARTESIAN_POINT('',(0.0991123797574633,-0.0500162727752454,0.25));
#11333=CARTESIAN_POINT('Origin',(0.0878857381764848,-0.0507408545941223,
0.25));
#11334=CARTESIAN_POINT('Origin',(0.0991123797574633,-0.0500162727752454,
0.244375));
#11335=CARTESIAN_POINT('Origin',(0.874062499999981,9.76628788364915E-16,
0.244375));
#11336=CARTESIAN_POINT('',(0.0991123797574634,0.0500162727752458,0.25));
#11337=CARTESIAN_POINT('Origin',(0.874062499999981,9.76622539372569E-16,
0.25));
#11338=CARTESIAN_POINT('Origin',(0.0991123797574633,0.0500162727752458,
0.244375));
#11339=CARTESIAN_POINT('Origin',(0.087885738176485,0.0507408545941226,0.244375));
#11340=CARTESIAN_POINT('Origin',(0.087885738176485,0.0507408545941226,0.25));
#11341=CARTESIAN_POINT('Origin',(0.,1.73555134832246E-37,0.25));
#11342=CARTESIAN_POINT('Origin',(-0.271566169938247,0.0619832061535306,
0.0632126704257939));
#11343=CARTESIAN_POINT('',(-0.271566169938247,0.0619832061535306,0.0964499999999999));
#11344=CARTESIAN_POINT('',(-0.271566169938247,0.0619832061535306,0.0632126704257939));
#11345=CARTESIAN_POINT('',(-0.271811602563758,0.0487742057016987,0.0991499999999999));
#11346=CARTESIAN_POINT('',(-0.271445037185677,0.0685024803539405,0.0951174207177677));
#11347=CARTESIAN_POINT('',(-0.271811602563758,0.0487742057016987,0.0632126704257939));
#11348=CARTESIAN_POINT('Origin',(-0.274112225215436,0.0335105717282237,
0.0632126704257939));
#11349=CARTESIAN_POINT('',(-0.274112225215436,0.0335105717282237,0.0991499999999999));
#11350=CARTESIAN_POINT('',(-0.274112225215436,0.0335105717282237,0.0632126704257939));
#11351=CARTESIAN_POINT('',(-0.277771117704818,0.0208160675684975,0.0964499999999999));
#11352=CARTESIAN_POINT('',(-0.276064759284361,0.0267362672270912,0.0977091700216944));
#11353=CARTESIAN_POINT('',(-0.277771117704818,0.0208160675684975,0.0632126704257939));
#11354=CARTESIAN_POINT('Origin',(-0.277771117704818,0.0208160675684975,
0.0632126704257939));
#11355=CARTESIAN_POINT('',(-0.276045109689422,0.00771802090340473,0.0991499999999999));
#11356=CARTESIAN_POINT('',(-0.278622985305664,0.0272805807624283,0.0951174207177677));
#11357=CARTESIAN_POINT('',(-0.276045109689422,0.00771802090340473,0.0632126704257939));
#11358=CARTESIAN_POINT('Origin',(-0.276045109689422,-0.00771802090340672,
0.0632126704257939));
#11359=CARTESIAN_POINT('',(-0.276045109689422,-0.00771802090340672,0.0991499999999999));
#11360=CARTESIAN_POINT('',(-0.276045109689422,-0.00771802090340672,0.0632126704257939));
#11361=CARTESIAN_POINT('',(-0.277771117704818,-0.0208160675684995,0.0964499999999999));
#11362=CARTESIAN_POINT('',(-0.276966177871414,-0.014707672122781,0.0977091700216944));
#11363=CARTESIAN_POINT('',(-0.277771117704818,-0.0208160675684995,0.0632126704257939));
#11364=CARTESIAN_POINT('Origin',(-0.277771117704818,-0.0208160675684995,
0.0632126704257939));
#11365=CARTESIAN_POINT('',(-0.274112225215436,-0.0335105717282256,0.0991499999999999));
#11366=CARTESIAN_POINT('',(-0.279576956344546,-0.0145507219235139,0.0951174207177677));
#11367=CARTESIAN_POINT('',(-0.274112225215436,-0.0335105717282256,0.0632126704257939));
#11368=CARTESIAN_POINT('Origin',(-0.271811602563758,-0.0487742057017006,
0.0632126704257939));
#11369=CARTESIAN_POINT('',(-0.271811602563758,-0.0487742057017006,0.0991499999999999));
#11370=CARTESIAN_POINT('',(-0.271811602563758,-0.0487742057017006,0.0632126704257939));
#11371=CARTESIAN_POINT('',(-0.271566169938247,-0.0619832061535324,0.0964499999999999));
#11372=CARTESIAN_POINT('',(-0.27168062971765,-0.0558230663811267,0.0977091700216944));
#11373=CARTESIAN_POINT('',(-0.271566169938247,-0.0619832061535324,0.0632126704257939));
#11374=CARTESIAN_POINT('Origin',(-0.271566169938247,-0.0619832061535324,
0.0632126704257939));
#11375=CARTESIAN_POINT('',(-0.266056126586954,-0.0739905935620002,0.0991499999999999));
#11376=CARTESIAN_POINT('',(-0.274285640165704,-0.0560569855260288,0.0951174207177677));
#11377=CARTESIAN_POINT('',(-0.266056126586954,-0.0739905935620002,0.0632126704257939));
#11378=CARTESIAN_POINT('Origin',(-0.261506273391973,-0.0887408553415672,
0.0632126704257939));
#11379=CARTESIAN_POINT('',(-0.261506273391973,-0.0887408553415672,0.0991499999999999));
#11380=CARTESIAN_POINT('',(-0.261506273391973,-0.0887408553415672,0.0632126704257939));
#11381=CARTESIAN_POINT('',(-0.259294882684843,-0.10176574233726,0.0964499999999999));
#11382=CARTESIAN_POINT('',(-0.260326185234721,-0.0956914655813586,0.0977091700216944));
#11383=CARTESIAN_POINT('',(-0.259294882684843,-0.10176574233726,0.0632126704257939));
#11384=CARTESIAN_POINT('Origin',(-0.259294882684843,-0.10176574233726,0.0632126704257939));
#11385=CARTESIAN_POINT('',(-0.252056773735034,-0.112817787801375,0.0991499999999999));
#11386=CARTESIAN_POINT('',(-0.262867236028937,-0.0963110287032725,0.0951174207177677));
#11387=CARTESIAN_POINT('',(-0.252056773735034,-0.112817787801375,0.0632126704257939));
#11388=CARTESIAN_POINT('Origin',(-0.24535932619872,-0.126725180912952,0.0632126704257939));
#11389=CARTESIAN_POINT('',(-0.24535932619872,-0.126725180912952,0.0991499999999999));
#11390=CARTESIAN_POINT('',(-0.24535932619872,-0.126725180912952,0.0632126704257939));
#11391=CARTESIAN_POINT('',(-0.241231376224155,-0.139275000000001,0.0964499999999999));
#11392=CARTESIAN_POINT('',(-0.24315648394972,-0.13342227556589,0.0977091700216944));
#11393=CARTESIAN_POINT('',(-0.241231376224155,-0.139275000000001,0.0632126704257939));
#11394=CARTESIAN_POINT('Origin',(-0.241231376224155,-0.139275000000001,
0.0632126704257939));
#11395=CARTESIAN_POINT('',(-0.232426889069154,-0.14912481908705,0.0991499999999999));
#11396=CARTESIAN_POINT('',(-0.245576812214315,-0.134413642648469,0.0951174207177677));
#11397=CARTESIAN_POINT('',(-0.232426889069154,-0.14912481908705,0.0632126704257939));
#11398=CARTESIAN_POINT('Origin',(-0.223731457102268,-0.1618786753498,0.0632126704257939));
#11399=CARTESIAN_POINT('',(-0.223731457102268,-0.1618786753498,0.0991499999999999));
#11400=CARTESIAN_POINT('',(-0.223731457102268,-0.1618786753498,0.0632126704257939));
#11401=CARTESIAN_POINT('',(-0.217779159441469,-0.173673084307751,0.0964499999999999));
#11402=CARTESIAN_POINT('',(-0.220555068617277,-0.168172652387953,0.0977091700216944));
#11403=CARTESIAN_POINT('',(-0.217779159441469,-0.173673084307751,0.0632126704257939));
#11404=CARTESIAN_POINT('Origin',(-0.217779159441469,-0.173673084307751,
0.0632126704257939));
#11405=CARTESIAN_POINT('',(-0.207604971775342,-0.182100648335665,0.0991499999999999));
#11406=CARTESIAN_POINT('',(-0.222800608218292,-0.169513677928757,0.0951174207177677));
#11407=CARTESIAN_POINT('',(-0.207604971775342,-0.182100648335665,0.0632126704257939));
#11408=CARTESIAN_POINT('Origin',(-0.197105796959257,-0.193416067675792,
0.0632126704257939));
#11409=CARTESIAN_POINT('',(-0.197105796959257,-0.193416067675792,0.0991499999999999));
#11410=CARTESIAN_POINT('',(-0.197105796959257,-0.193416067675792,0.0632126704257939));
#11411=CARTESIAN_POINT('',(-0.189462116106089,-0.204191598898199,0.0964499999999999));
#11412=CARTESIAN_POINT('',(-0.193026817508203,-0.199166330052611,0.0977091700216944));
#11413=CARTESIAN_POINT('',(-0.189462116106089,-0.204191598898199,0.0632126704257939));
#11414=CARTESIAN_POINT('Origin',(-0.189462116106089,-0.204191598898199,
0.0632126704257939));
#11415=CARTESIAN_POINT('',(-0.178145502468958,-0.211008650012725,0.0991499999999999));
#11416=CARTESIAN_POINT('',(-0.195047406801595,-0.200827057757038,0.0951174207177677));
#11417=CARTESIAN_POINT('',(-0.178145502468958,-0.211008650012725,0.0632126704257939));
#11418=CARTESIAN_POINT('Origin',(-0.1660771190197,-0.220632864660337,0.0632126704257939));
#11419=CARTESIAN_POINT('',(-0.1660771190197,-0.220632864660337,0.0991499999999999));
#11420=CARTESIAN_POINT('',(-0.1660771190197,-0.220632864660337,0.0632126704257939));
#11421=CARTESIAN_POINT('',(-0.156912802173621,-0.230148810585721,0.0964499999999999));
#11422=CARTESIAN_POINT('',(-0.16118666626321,-0.225710961016347,0.0977091700216944));
#11423=CARTESIAN_POINT('',(-0.156912802173621,-0.230148810585721,0.0632126704257939));
#11424=CARTESIAN_POINT('Origin',(-0.156912802173621,-0.230148810585721,
0.0632126704257939));
#11425=CARTESIAN_POINT('',(-0.144706557013998,-0.235203067129799,0.0991499999999999));
#11426=CARTESIAN_POINT('',(-0.162937168623087,-0.227654292971749,0.0951174207177677));
#11427=CARTESIAN_POINT('',(-0.144706557013998,-0.235203067129799,0.0632126704257939));
#11428=CARTESIAN_POINT('Origin',(-0.131338552675421,-0.242921088033205,
0.0632126704257939));
#11429=CARTESIAN_POINT('',(-0.131338552675421,-0.242921088033205,0.0991499999999999));
#11430=CARTESIAN_POINT('',(-0.131338552675421,-0.242921088033205,0.0632126704257939));
#11431=CARTESIAN_POINT('',(-0.120858315531194,-0.25096487815422,0.0964499999999999));
#11432=CARTESIAN_POINT('',(-0.125745871246846,-0.247213582087114,0.0977091700216944));
#11433=CARTESIAN_POINT('',(-0.120858315531194,-0.25096487815422,0.0632126704257939));
#11434=CARTESIAN_POINT('Origin',(-0.120858315531194,-0.25096487815422,0.0632126704257939));
#11435=CARTESIAN_POINT('',(-0.108035106195733,-0.254143436388562,0.0991499999999999));
#11436=CARTESIAN_POINT('',(-0.127187183343106,-0.249396107468867,0.0951174207177677));
#11437=CARTESIAN_POINT('',(-0.108035106195733,-0.254143436388562,0.0632126704257939));
#11438=CARTESIAN_POINT('Origin',(-0.0936661000947979,-0.259782855714425,
0.0632126704257939));
#11439=CARTESIAN_POINT('',(-0.0936661000947979,-0.259782855714425,0.0991499999999999));
#11440=CARTESIAN_POINT('',(-0.0936661000947979,-0.259782855714425,0.0632126704257939));
#11441=CARTESIAN_POINT('',(-0.0821040538321557,-0.26617480505173,0.0964499999999999));
#11442=CARTESIAN_POINT('',(-0.0874961212556238,-0.263193860242202,0.0977091700216944));
#11443=CARTESIAN_POINT('',(-0.0821040538321557,-0.26617480505173,0.0632126704257939));
#11444=CARTESIAN_POINT('Origin',(-0.0821040538321557,-0.26617480505173,
0.0632126704257939));
#11445=CARTESIAN_POINT('',(-0.0689503296276946,-0.26740666123779,0.0991499999999999));
#11446=CARTESIAN_POINT('',(-0.0885960465577338,-0.265566825039792,0.0951174207177677));
#11447=CARTESIAN_POINT('',(-0.0689503296276946,-0.26740666123779,0.0632126704257939));
#11448=CARTESIAN_POINT('Origin',(-0.0539013016166285,-0.270841503677231,
0.0632126704257939));
#11449=CARTESIAN_POINT('',(-0.0539013016166285,-0.270841503677231,0.0991499999999999));
#11450=CARTESIAN_POINT('',(-0.0539013016166285,-0.270841503677231,0.0632126704257939));
#11451=CARTESIAN_POINT('',(-0.0415157232433715,-0.27543882664501,0.0964499999999999));
#11452=CARTESIAN_POINT('',(-0.0472918524985392,-0.273294822474241,0.0977091700216944));
#11453=CARTESIAN_POINT('',(-0.0415157232433715,-0.27543882664501,0.0632126704257939));
#11454=CARTESIAN_POINT('Origin',(-0.0415157232433715,-0.27543882664501,
0.0632126704257939));
#11455=CARTESIAN_POINT('',(-0.0283253166327632,-0.274696463151173,0.0991499999999999));
#11456=CARTESIAN_POINT('',(-0.0480258204928216,-0.275805218575296,0.0951174207177677));
#11457=CARTESIAN_POINT('',(-0.0283253166327632,-0.274696463151173,0.0632126704257939));
#11458=CARTESIAN_POINT('Origin',(-0.0129324371295654,-0.27585,0.0632126704257939));
#11459=CARTESIAN_POINT('',(-0.0129324371295654,-0.27585,0.0991499999999999));
#11460=CARTESIAN_POINT('',(-0.0129324371295654,-0.27585,0.0632126704257939));
#11461=CARTESIAN_POINT('',(0.,-0.27855,0.0964499999999999));
#11462=CARTESIAN_POINT('',(-0.00603116190407305,-0.277290829978306,0.0977091700216944));
#11463=CARTESIAN_POINT('',(0.,-0.27855,0.0632126704257939));
#11464=CARTESIAN_POINT('Origin',(0.,-0.27855,0.0632126704257939));
#11465=CARTESIAN_POINT('',(0.0129324371295654,-0.27585,0.0991499999999999));
#11466=CARTESIAN_POINT('',(-0.00638277695838113,-0.279882579282232,0.0951174207177677));
#11467=CARTESIAN_POINT('',(0.0129324371295654,-0.27585,0.0632126704257939));
#11468=CARTESIAN_POINT('Origin',(0.0283253166327672,-0.274696463151173,
0.0632126704257939));
#11469=CARTESIAN_POINT('',(0.0283253166327672,-0.274696463151173,0.0991499999999999));
#11470=CARTESIAN_POINT('',(0.0283253166327672,-0.274696463151173,0.0632126704257939));
#11471=CARTESIAN_POINT('',(0.0415157232433755,-0.275438826645009,0.0964499999999999));
#11472=CARTESIAN_POINT('',(0.035364254881139,-0.275092618549958,0.0977091700216944));
#11473=CARTESIAN_POINT('',(0.0415157232433755,-0.275438826645009,0.0632126704257939));
#11474=CARTESIAN_POINT('Origin',(0.0415157232433755,-0.275438826645009,
0.0632126704257939));
#11475=CARTESIAN_POINT('',(0.0539013016166324,-0.27084150367723,0.0991499999999999));
#11476=CARTESIAN_POINT('',(0.0354028472660921,-0.277707825660044,0.0951174207177677));
#11477=CARTESIAN_POINT('',(0.0539013016166324,-0.27084150367723,0.0632126704257939));
#11478=CARTESIAN_POINT('Origin',(0.0689503296276984,-0.26740666123779,0.0632126704257939));
#11479=CARTESIAN_POINT('',(0.0689503296276984,-0.26740666123779,0.0991499999999999));
#11480=CARTESIAN_POINT('',(0.0689503296276984,-0.26740666123779,0.0632126704257939));
#11481=CARTESIAN_POINT('',(0.0821040538321594,-0.266174805051729,0.0964499999999999));
#11482=CARTESIAN_POINT('',(0.0759696926499763,-0.266749292600072,0.0977091700216944));
#11483=CARTESIAN_POINT('',(0.0821040538321594,-0.266174805051729,0.0632126704257939));
#11484=CARTESIAN_POINT('Origin',(0.0821040538321594,-0.266174805051729,
0.0632126704257939));
#11485=CARTESIAN_POINT('',(0.0936661000948016,-0.259782855714423,0.0991499999999999));
#11486=CARTESIAN_POINT('',(0.0763976303840828,-0.269329538110978,0.0951174207177677));
#11487=CARTESIAN_POINT('',(0.0936661000948016,-0.259782855714423,0.0632126704257939));
#11488=CARTESIAN_POINT('Origin',(0.108035106195737,-0.25414343638856,0.0632126704257939));
#11489=CARTESIAN_POINT('',(0.108035106195737,-0.25414343638856,0.0991499999999999));
#11490=CARTESIAN_POINT('',(0.108035106195737,-0.25414343638856,0.0632126704257939));
#11491=CARTESIAN_POINT('',(0.120858315531198,-0.250964878154218,0.0964499999999999));
#11492=CARTESIAN_POINT('',(0.114878093021151,-0.252447228243438,0.0977091700216944));
#11493=CARTESIAN_POINT('',(0.120858315531198,-0.250964878154218,0.0632126704257939));
#11494=CARTESIAN_POINT('Origin',(0.120858315531198,-0.250964878154218,0.0632126704257939));
#11495=CARTESIAN_POINT('',(0.131338552675424,-0.242921088033203,0.0991499999999999));
#11496=CARTESIAN_POINT('',(0.115685816682577,-0.254934873734177,0.0951174207177677));
#11497=CARTESIAN_POINT('',(0.131338552675424,-0.242921088033203,0.0632126704257939));
#11498=CARTESIAN_POINT('Origin',(0.144706557014001,-0.235203067129797,0.0632126704257939));
#11499=CARTESIAN_POINT('',(0.144706557014001,-0.235203067129797,0.0991499999999999));
#11500=CARTESIAN_POINT('',(0.144706557014001,-0.235203067129797,0.0632126704257939));
#11501=CARTESIAN_POINT('',(0.156912802173624,-0.230148810585719,0.0964499999999999));
#11502=CARTESIAN_POINT('',(0.151220306624568,-0.232505909964332,0.0977091700216944));
#11503=CARTESIAN_POINT('',(0.156912802173624,-0.230148810585719,0.0632126704257939));
#11504=CARTESIAN_POINT('Origin',(0.156912802173624,-0.230148810585719,0.0632126704257939));
#11505=CARTESIAN_POINT('',(0.166077119019703,-0.220632864660335,0.0991499999999999));
#11506=CARTESIAN_POINT('',(0.15238977300144,-0.234845385545352,0.0951174207177677));
#11507=CARTESIAN_POINT('',(0.166077119019703,-0.220632864660335,0.0632126704257939));
#11508=CARTESIAN_POINT('Origin',(0.178145502468961,-0.211008650012723,0.0632126704257939));
#11509=CARTESIAN_POINT('',(0.178145502468961,-0.211008650012723,0.0991499999999999));
#11510=CARTESIAN_POINT('',(0.178145502468961,-0.211008650012723,0.0632126704257939));
#11511=CARTESIAN_POINT('',(0.189462116106091,-0.204191598898197,0.0964499999999999));
#11512=CARTESIAN_POINT('',(0.184184508462027,-0.207370793861074,0.0977091700216944));
#11513=CARTESIAN_POINT('',(0.189462116106091,-0.204191598898197,0.0632126704257939));
#11514=CARTESIAN_POINT('Origin',(0.189462116106091,-0.204191598898197,0.0632126704257939));
#11515=CARTESIAN_POINT('',(0.197105796959259,-0.193416067675789,0.0991499999999999));
#11516=CARTESIAN_POINT('',(0.185689593607971,-0.209509839513762,0.0951174207177677));
#11517=CARTESIAN_POINT('',(0.197105796959259,-0.193416067675789,0.0632126704257939));
#11518=CARTESIAN_POINT('Origin',(0.207604971775344,-0.182100648335663,0.0632126704257939));
#11519=CARTESIAN_POINT('',(0.207604971775344,-0.182100648335663,0.0991499999999999));
#11520=CARTESIAN_POINT('',(0.207604971775344,-0.182100648335663,0.0632126704257939));
#11521=CARTESIAN_POINT('',(0.217779159441471,-0.173673084307748,0.0964499999999999));
#11522=CARTESIAN_POINT('',(0.213034332736182,-0.177603356892882,0.0977091700216944));
#11523=CARTESIAN_POINT('',(0.217779159441471,-0.173673084307748,0.0632126704257939));
#11524=CARTESIAN_POINT('Origin',(0.217779159441471,-0.173673084307748,0.0632126704257939));
#11525=CARTESIAN_POINT('',(0.223731457102271,-0.161878675349797,0.0991499999999999));
#11526=CARTESIAN_POINT('',(0.214841415536116,-0.179494189872022,0.0951174207177677));
#11527=CARTESIAN_POINT('',(0.223731457102271,-0.161878675349797,0.0632126704257939));
#11528=CARTESIAN_POINT('Origin',(0.232426889069156,-0.149124819087047,0.0632126704257939));
#11529=CARTESIAN_POINT('',(0.232426889069156,-0.149124819087047,0.0991499999999999));
#11530=CARTESIAN_POINT('',(0.232426889069156,-0.149124819087047,0.0632126704257939));
#11531=CARTESIAN_POINT('',(0.241231376224157,-0.139274999999998,0.0964499999999999));
#11532=CARTESIAN_POINT('',(0.237125322045649,-0.143868554412415,0.0977091700216944));
#11533=CARTESIAN_POINT('',(0.241231376224157,-0.139274999999998,0.0632126704257939));
#11534=CARTESIAN_POINT('Origin',(0.241231376224157,-0.139274999999998,0.0632126704257939));
#11535=CARTESIAN_POINT('',(0.245359326198721,-0.126725180912949,0.0991499999999999));
#11536=CARTESIAN_POINT('',(0.239194035255936,-0.145468936633762,0.0951174207177677));
#11537=CARTESIAN_POINT('',(0.245359326198721,-0.126725180912949,0.0632126704257939));
#11538=CARTESIAN_POINT('Origin',(0.252056773735035,-0.112817787801372,0.0632126704257939));
#11539=CARTESIAN_POINT('',(0.252056773735035,-0.112817787801372,0.0991499999999999));
#11540=CARTESIAN_POINT('',(0.252056773735035,-0.112817787801372,0.0632126704257939));
#11541=CARTESIAN_POINT('',(0.259294882684844,-0.101765742337257,0.0964499999999999));
#11542=CARTESIAN_POINT('',(0.255919323498415,-0.106919966162004,0.0977091700216944));
#11543=CARTESIAN_POINT('',(0.259294882684844,-0.101765742337257,0.0632126704257939));
#11544=CARTESIAN_POINT('Origin',(0.259294882684844,-0.101765742337257,0.0632126704257939));
#11545=CARTESIAN_POINT('',(0.261506273391974,-0.0887408553415635,0.0991499999999999));
#11546=CARTESIAN_POINT('',(0.258203455484384,-0.108194147731285,0.0951174207177677));
#11547=CARTESIAN_POINT('',(0.261506273391974,-0.0887408553415635,0.0632126704257939));
#11548=CARTESIAN_POINT('Origin',(0.266056126586955,-0.0739905935619964,
0.0632126704257939));
#11549=CARTESIAN_POINT('',(0.266056126586955,-0.0739905935619964,0.0991499999999999));
#11550=CARTESIAN_POINT('',(0.266056126586955,-0.0739905935619964,0.0632126704257939));
#11551=CARTESIAN_POINT('',(0.271566169938248,-0.0619832061535285,0.0964499999999999));
#11552=CARTESIAN_POINT('',(0.268996510158179,-0.0675829625474598,0.0977091700216944));
#11553=CARTESIAN_POINT('',(0.271566169938248,-0.0619832061535285,0.0632126704257939));
#11554=CARTESIAN_POINT('Origin',(0.271566169938248,-0.0619832061535285,
0.0632126704257939));
#11555=CARTESIAN_POINT('',(0.271811602563759,-0.0487742057016966,0.0991499999999999));
#11556=CARTESIAN_POINT('',(0.271445037185677,-0.0685024803539385,0.0951174207177677));
#11557=CARTESIAN_POINT('',(0.271811602563759,-0.0487742057016966,0.0632126704257939));
#11558=CARTESIAN_POINT('Origin',(0.274112225215436,-0.0335105717282218,
0.0632126704257939));
#11559=CARTESIAN_POINT('',(0.274112225215436,-0.0335105717282218,0.0991499999999999));
#11560=CARTESIAN_POINT('',(0.274112225215436,-0.0335105717282218,0.0632126704257939));
#11561=CARTESIAN_POINT('',(0.277771117704818,-0.0208160675684957,0.0964499999999999));
#11562=CARTESIAN_POINT('',(0.276064759284361,-0.0267362672270893,0.0977091700216944));
#11563=CARTESIAN_POINT('',(0.277771117704818,-0.0208160675684957,0.0632126704257939));
#11564=CARTESIAN_POINT('Origin',(0.277771117704818,-0.0208160675684957,
0.0632126704257939));
#11565=CARTESIAN_POINT('',(0.276045109689422,-0.00771802090340286,0.0991499999999999));
#11566=CARTESIAN_POINT('',(0.278622985305664,-0.0272805807624264,0.0951174207177677));
#11567=CARTESIAN_POINT('',(0.276045109689422,-0.00771802090340286,0.0632126704257939));
#11568=CARTESIAN_POINT('Origin',(0.276045109689421,0.00771802090340865,
0.0632126704257939));
#11569=CARTESIAN_POINT('',(0.276045109689421,0.00771802090340865,0.0991499999999999));
#11570=CARTESIAN_POINT('',(0.276045109689421,0.00771802090340865,0.0632126704257939));
#11571=CARTESIAN_POINT('',(0.277771117704818,0.0208160675685015,0.0964499999999999));
#11572=CARTESIAN_POINT('',(0.276966177871413,0.0147076721227829,0.0977091700216944));
#11573=CARTESIAN_POINT('',(0.277771117704818,0.0208160675685015,0.0632126704257939));
#11574=CARTESIAN_POINT('Origin',(0.277771117704818,0.0208160675685015,0.0632126704257939));
#11575=CARTESIAN_POINT('',(0.274112225215435,0.0335105717282276,0.0991499999999999));
#11576=CARTESIAN_POINT('',(0.279576956344546,0.0145507219235158,0.0951174207177677));
#11577=CARTESIAN_POINT('',(0.274112225215435,0.0335105717282276,0.0632126704257939));
#11578=CARTESIAN_POINT('Origin',(0.271811602563758,0.0487742057017026,0.0632126704257939));
#11579=CARTESIAN_POINT('',(0.271811602563758,0.0487742057017026,0.0991499999999999));
#11580=CARTESIAN_POINT('',(0.271811602563758,0.0487742057017026,0.0632126704257939));
#11581=CARTESIAN_POINT('',(0.271566169938246,0.0619832061535345,0.0964499999999999));
#11582=CARTESIAN_POINT('',(0.27168062971765,0.0558230663811287,0.0977091700216944));
#11583=CARTESIAN_POINT('',(0.271566169938246,0.0619832061535345,0.0632126704257939));
#11584=CARTESIAN_POINT('Origin',(0.271566169938246,0.0619832061535345,0.0632126704257939));
#11585=CARTESIAN_POINT('',(0.266056126586953,0.0739905935620022,0.0991499999999999));
#11586=CARTESIAN_POINT('',(0.274285640165704,0.0560569855260309,0.0951174207177677));
#11587=CARTESIAN_POINT('',(0.266056126586953,0.0739905935620022,0.0632126704257939));
#11588=CARTESIAN_POINT('Origin',(0.261506273391972,0.088740855341569,0.0632126704257939));
#11589=CARTESIAN_POINT('',(0.261506273391972,0.088740855341569,0.0991499999999999));
#11590=CARTESIAN_POINT('',(0.261506273391972,0.088740855341569,0.0632126704257939));
#11591=CARTESIAN_POINT('',(0.259294882684842,0.101765742337262,0.0964499999999999));
#11592=CARTESIAN_POINT('',(0.260326185234721,0.0956914655813603,0.0977091700216944));
#11593=CARTESIAN_POINT('',(0.259294882684842,0.101765742337262,0.0632126704257939));
#11594=CARTESIAN_POINT('Origin',(0.259294882684842,0.101765742337262,0.0632126704257939));
#11595=CARTESIAN_POINT('',(0.252056773735033,0.112817787801377,0.0991499999999999));
#11596=CARTESIAN_POINT('',(0.262867236028936,0.0963110287032743,0.0951174207177677));
#11597=CARTESIAN_POINT('',(0.252056773735033,0.112817787801377,0.0632126704257939));
#11598=CARTESIAN_POINT('Origin',(0.245359326198719,0.126725180912954,0.0632126704257939));
#11599=CARTESIAN_POINT('',(0.245359326198719,0.126725180912954,0.0991499999999999));
#11600=CARTESIAN_POINT('',(0.245359326198719,0.126725180912954,0.0632126704257939));
#11601=CARTESIAN_POINT('',(0.241231376224154,0.139275000000003,0.0964499999999999));
#11602=CARTESIAN_POINT('',(0.243156483949719,0.133422275565891,0.0977091700216944));
#11603=CARTESIAN_POINT('',(0.241231376224154,0.139275000000003,0.0632126704257939));
#11604=CARTESIAN_POINT('Origin',(0.241231376224154,0.139275000000003,0.0632126704257939));
#11605=CARTESIAN_POINT('',(0.232426889069153,0.149124819087051,0.0991499999999999));
#11606=CARTESIAN_POINT('',(0.245576812214314,0.134413642648471,0.0951174207177677));
#11607=CARTESIAN_POINT('',(0.232426889069153,0.149124819087051,0.0632126704257939));
#11608=CARTESIAN_POINT('Origin',(0.223731457102267,0.161878675349802,0.0632126704257939));
#11609=CARTESIAN_POINT('',(0.223731457102267,0.161878675349802,0.0991499999999999));
#11610=CARTESIAN_POINT('',(0.223731457102267,0.161878675349802,0.0632126704257939));
#11611=CARTESIAN_POINT('',(0.217779159441468,0.173673084307753,0.0964499999999999));
#11612=CARTESIAN_POINT('',(0.220555068617275,0.168172652387954,0.0977091700216944));
#11613=CARTESIAN_POINT('',(0.217779159441468,0.173673084307753,0.0632126704257939));
#11614=CARTESIAN_POINT('Origin',(0.217779159441468,0.173673084307753,0.0632126704257939));
#11615=CARTESIAN_POINT('',(0.207604971775341,0.182100648335667,0.0991499999999999));
#11616=CARTESIAN_POINT('',(0.222800608218291,0.169513677928759,0.0951174207177677));
#11617=CARTESIAN_POINT('',(0.207604971775341,0.182100648335667,0.0632126704257939));
#11618=CARTESIAN_POINT('Origin',(0.197105796959255,0.193416067675793,0.0632126704257939));
#11619=CARTESIAN_POINT('',(0.197105796959255,0.193416067675793,0.0991499999999999));
#11620=CARTESIAN_POINT('',(0.197105796959255,0.193416067675793,0.0632126704257939));
#11621=CARTESIAN_POINT('',(0.189462116106087,0.204191598898201,0.0964499999999999));
#11622=CARTESIAN_POINT('',(0.193026817508202,0.199166330052612,0.0977091700216944));
#11623=CARTESIAN_POINT('',(0.189462116106087,0.204191598898201,0.0632126704257939));
#11624=CARTESIAN_POINT('Origin',(0.189462116106087,0.204191598898201,0.0632126704257939));
#11625=CARTESIAN_POINT('',(0.178145502468956,0.211008650012727,0.0991499999999999));
#11626=CARTESIAN_POINT('',(0.195047406801593,0.200827057757039,0.0951174207177677));
#11627=CARTESIAN_POINT('',(0.178145502468956,0.211008650012727,0.0632126704257939));
#11628=CARTESIAN_POINT('Origin',(0.166077119019698,0.220632864660338,0.0632126704257939));
#11629=CARTESIAN_POINT('',(0.166077119019698,0.220632864660338,0.0991499999999999));
#11630=CARTESIAN_POINT('',(0.166077119019698,0.220632864660338,0.0632126704257939));
#11631=CARTESIAN_POINT('',(0.156912802173619,0.230148810585722,0.0964499999999999));
#11632=CARTESIAN_POINT('',(0.161186666263209,0.225710961016349,0.0977091700216944));
#11633=CARTESIAN_POINT('',(0.156912802173619,0.230148810585722,0.0632126704257939));
#11634=CARTESIAN_POINT('Origin',(0.156912802173619,0.230148810585722,0.0632126704257939));
#11635=CARTESIAN_POINT('',(0.144706557013996,0.2352030671298,0.0991499999999999));
#11636=CARTESIAN_POINT('',(0.162937168623086,0.22765429297175,0.0951174207177677));
#11637=CARTESIAN_POINT('',(0.144706557013996,0.2352030671298,0.0632126704257939));
#11638=CARTESIAN_POINT('Origin',(0.131338552675419,0.242921088033206,0.0632126704257939));
#11639=CARTESIAN_POINT('',(0.131338552675419,0.242921088033206,0.0991499999999999));
#11640=CARTESIAN_POINT('',(0.131338552675419,0.242921088033206,0.0632126704257939));
#11641=CARTESIAN_POINT('',(0.120858315531193,0.250964878154221,0.0964499999999999));
#11642=CARTESIAN_POINT('',(0.125745871246844,0.247213582087115,0.0977091700216944));
#11643=CARTESIAN_POINT('',(0.120858315531193,0.250964878154221,0.0632126704257939));
#11644=CARTESIAN_POINT('Origin',(0.120858315531193,0.250964878154221,0.0632126704257939));
#11645=CARTESIAN_POINT('',(0.108035106195731,0.254143436388562,0.0991499999999999));
#11646=CARTESIAN_POINT('',(0.127187183343104,0.249396107468868,0.0951174207177677));
#11647=CARTESIAN_POINT('',(0.108035106195731,0.254143436388562,0.0632126704257939));
#11648=CARTESIAN_POINT('Origin',(0.093666100094796,0.259782855714425,0.0632126704257939));
#11649=CARTESIAN_POINT('',(0.093666100094796,0.259782855714425,0.0991499999999999));
#11650=CARTESIAN_POINT('',(0.093666100094796,0.259782855714425,0.0632126704257939));
#11651=CARTESIAN_POINT('',(0.0821040538321538,0.266174805051731,0.0964499999999999));
#11652=CARTESIAN_POINT('',(0.0874961212556218,0.263193860242203,0.0977091700216944));
#11653=CARTESIAN_POINT('',(0.0821040538321538,0.266174805051731,0.0632126704257939));
#11654=CARTESIAN_POINT('Origin',(0.0821040538321538,0.266174805051731,0.0632126704257939));
#11655=CARTESIAN_POINT('',(0.0689503296276927,0.267406661237791,0.0991499999999999));
#11656=CARTESIAN_POINT('',(0.0885960465577318,0.265566825039792,0.0951174207177677));
#11657=CARTESIAN_POINT('',(0.0689503296276927,0.267406661237791,0.0632126704257939));
#11658=CARTESIAN_POINT('Origin',(0.0539013016166267,0.270841503677231,0.0632126704257939));
#11659=CARTESIAN_POINT('',(0.0539013016166267,0.270841503677231,0.0991499999999999));
#11660=CARTESIAN_POINT('',(0.0539013016166267,0.270841503677231,0.0632126704257939));
#11661=CARTESIAN_POINT('',(0.0415157232433697,0.27543882664501,0.0964499999999999));
#11662=CARTESIAN_POINT('',(0.0472918524985374,0.273294822474242,0.0977091700216944));
#11663=CARTESIAN_POINT('',(0.0415157232433697,0.27543882664501,0.0632126704257939));
#11664=CARTESIAN_POINT('Origin',(0.0415157232433697,0.27543882664501,0.0632126704257939));
#11665=CARTESIAN_POINT('',(0.0283253166327614,0.274696463151174,0.0991499999999999));
#11666=CARTESIAN_POINT('',(0.0480258204928197,0.275805218575296,0.0951174207177677));
#11667=CARTESIAN_POINT('',(0.0283253166327614,0.274696463151174,0.0632126704257939));
#11668=CARTESIAN_POINT('Origin',(0.0129324371295654,0.27585,0.0632126704257939));
#11669=CARTESIAN_POINT('',(0.0129324371295654,0.27585,0.0991499999999999));
#11670=CARTESIAN_POINT('',(0.0129324371295654,0.27585,0.0632126704257939));
#11671=CARTESIAN_POINT('',(0.,0.27855,0.0964499999999999));
#11672=CARTESIAN_POINT('',(0.00603116190407305,0.277290829978306,0.0977091700216944));
#11673=CARTESIAN_POINT('',(0.,0.27855,0.0632126704257939));
#11674=CARTESIAN_POINT('Origin',(0.,0.27855,0.0632126704257939));
#11675=CARTESIAN_POINT('',(-0.0129324371295654,0.27585,0.0991499999999999));
#11676=CARTESIAN_POINT('',(0.00638277695838113,0.279882579282232,0.0951174207177677));
#11677=CARTESIAN_POINT('',(-0.0129324371295654,0.27585,0.0632126704257939));
#11678=CARTESIAN_POINT('Origin',(-0.0283253166327652,0.274696463151173,
0.0632126704257939));
#11679=CARTESIAN_POINT('',(-0.0283253166327652,0.274696463151173,0.0991499999999999));
#11680=CARTESIAN_POINT('',(-0.0283253166327652,0.274696463151173,0.0632126704257939));
#11681=CARTESIAN_POINT('',(-0.0415157232433735,0.27543882664501,0.0964499999999999));
#11682=CARTESIAN_POINT('',(-0.035364254881137,0.275092618549958,0.0977091700216944));
#11683=CARTESIAN_POINT('',(-0.0415157232433735,0.27543882664501,0.0632126704257939));
#11684=CARTESIAN_POINT('Origin',(-0.0415157232433735,0.27543882664501,0.0632126704257939));
#11685=CARTESIAN_POINT('',(-0.0539013016166305,0.27084150367723,0.0991499999999999));
#11686=CARTESIAN_POINT('',(-0.0354028472660901,0.277707825660044,0.0951174207177677));
#11687=CARTESIAN_POINT('',(-0.0539013016166305,0.27084150367723,0.0632126704257939));
#11688=CARTESIAN_POINT('Origin',(-0.0689503296276965,0.26740666123779,0.0632126704257939));
#11689=CARTESIAN_POINT('',(-0.0689503296276965,0.26740666123779,0.0991499999999999));
#11690=CARTESIAN_POINT('',(-0.0689503296276965,0.26740666123779,0.0632126704257939));
#11691=CARTESIAN_POINT('',(-0.0821040538321576,0.266174805051729,0.0964499999999999));
#11692=CARTESIAN_POINT('',(-0.0759696926499745,0.266749292600073,0.0977091700216944));
#11693=CARTESIAN_POINT('',(-0.0821040538321576,0.266174805051729,0.0632126704257939));
#11694=CARTESIAN_POINT('Origin',(-0.0821040538321576,0.266174805051729,
0.0632126704257939));
#11695=CARTESIAN_POINT('',(-0.0936661000947998,0.259782855714424,0.0991499999999999));
#11696=CARTESIAN_POINT('',(-0.0763976303840809,0.269329538110978,0.0951174207177677));
#11697=CARTESIAN_POINT('',(-0.0936661000947998,0.259782855714424,0.0632126704257939));
#11698=CARTESIAN_POINT('Origin',(-0.108035106195735,0.254143436388561,0.0632126704257939));
#11699=CARTESIAN_POINT('',(-0.108035106195735,0.254143436388561,0.0991499999999999));
#11700=CARTESIAN_POINT('',(-0.108035106195735,0.254143436388561,0.0632126704257939));
#11701=CARTESIAN_POINT('',(-0.120858315531196,0.250964878154219,0.0964499999999999));
#11702=CARTESIAN_POINT('',(-0.11487809302115,0.252447228243439,0.0977091700216944));
#11703=CARTESIAN_POINT('',(-0.120858315531196,0.250964878154219,0.0632126704257939));
#11704=CARTESIAN_POINT('Origin',(-0.120858315531196,0.250964878154219,0.0632126704257939));
#11705=CARTESIAN_POINT('',(-0.131338552675422,0.242921088033204,0.0991499999999999));
#11706=CARTESIAN_POINT('',(-0.115685816682575,0.254934873734178,0.0951174207177677));
#11707=CARTESIAN_POINT('',(-0.131338552675422,0.242921088033204,0.0632126704257939));
#11708=CARTESIAN_POINT('Origin',(-0.144706557014,0.235203067129798,0.0632126704257939));
#11709=CARTESIAN_POINT('',(-0.144706557014,0.235203067129798,0.0991499999999999));
#11710=CARTESIAN_POINT('',(-0.144706557014,0.235203067129798,0.0632126704257939));
#11711=CARTESIAN_POINT('',(-0.156912802173622,0.23014881058572,0.0964499999999999));
#11712=CARTESIAN_POINT('',(-0.151220306624567,0.232505909964333,0.0977091700216944));
#11713=CARTESIAN_POINT('',(-0.156912802173622,0.23014881058572,0.0632126704257939));
#11714=CARTESIAN_POINT('Origin',(-0.156912802173622,0.23014881058572,0.0632126704257939));
#11715=CARTESIAN_POINT('',(-0.166077119019701,0.220632864660336,0.0991499999999999));
#11716=CARTESIAN_POINT('',(-0.152389773001438,0.234845385545353,0.0951174207177677));
#11717=CARTESIAN_POINT('',(-0.166077119019701,0.220632864660336,0.0632126704257939));
#11718=CARTESIAN_POINT('Origin',(-0.178145502468959,0.211008650012724,0.0632126704257939));
#11719=CARTESIAN_POINT('',(-0.178145502468959,0.211008650012724,0.0991499999999999));
#11720=CARTESIAN_POINT('',(-0.178145502468959,0.211008650012724,0.0632126704257939));
#11721=CARTESIAN_POINT('',(-0.18946211610609,0.204191598898198,0.0964499999999999));
#11722=CARTESIAN_POINT('',(-0.184184508462026,0.207370793861076,0.0977091700216944));
#11723=CARTESIAN_POINT('',(-0.18946211610609,0.204191598898198,0.0632126704257939));
#11724=CARTESIAN_POINT('Origin',(-0.18946211610609,0.204191598898198,0.0632126704257939));
#11725=CARTESIAN_POINT('',(-0.197105796959258,0.193416067675791,0.0991499999999999));
#11726=CARTESIAN_POINT('',(-0.185689593607969,0.209509839513763,0.0951174207177677));
#11727=CARTESIAN_POINT('',(-0.197105796959258,0.193416067675791,0.0632126704257939));
#11728=CARTESIAN_POINT('Origin',(-0.207604971775343,0.182100648335664,0.0632126704257939));
#11729=CARTESIAN_POINT('',(-0.207604971775343,0.182100648335664,0.0991499999999999));
#11730=CARTESIAN_POINT('',(-0.207604971775343,0.182100648335664,0.0632126704257939));
#11731=CARTESIAN_POINT('',(-0.21777915944147,0.17367308430775,0.0964499999999999));
#11732=CARTESIAN_POINT('',(-0.213034332736181,0.177603356892883,0.0977091700216944));
#11733=CARTESIAN_POINT('',(-0.21777915944147,0.17367308430775,0.0632126704257939));
#11734=CARTESIAN_POINT('Origin',(-0.21777915944147,0.17367308430775,0.0632126704257939));
#11735=CARTESIAN_POINT('',(-0.22373145710227,0.161878675349799,0.0991499999999999));
#11736=CARTESIAN_POINT('',(-0.214841415536114,0.179494189872024,0.0951174207177677));
#11737=CARTESIAN_POINT('',(-0.22373145710227,0.161878675349799,0.0632126704257939));
#11738=CARTESIAN_POINT('Origin',(-0.232426889069155,0.149124819087048,0.0632126704257939));
#11739=CARTESIAN_POINT('',(-0.232426889069155,0.149124819087048,0.0991499999999999));
#11740=CARTESIAN_POINT('',(-0.232426889069155,0.149124819087048,0.0632126704257939));
#11741=CARTESIAN_POINT('',(-0.241231376224156,0.139274999999999,0.0964499999999999));
#11742=CARTESIAN_POINT('',(-0.237125322045648,0.143868554412416,0.0977091700216944));
#11743=CARTESIAN_POINT('',(-0.241231376224156,0.139274999999999,0.0632126704257939));
#11744=CARTESIAN_POINT('Origin',(-0.241231376224156,0.139274999999999,0.0632126704257939));
#11745=CARTESIAN_POINT('',(-0.24535932619872,0.126725180912951,0.0991499999999999));
#11746=CARTESIAN_POINT('',(-0.239194035255935,0.145468936633764,0.0951174207177677));
#11747=CARTESIAN_POINT('',(-0.24535932619872,0.126725180912951,0.0632126704257939));
#11748=CARTESIAN_POINT('Origin',(-0.252056773735035,0.112817787801373,0.0632126704257939));
#11749=CARTESIAN_POINT('',(-0.252056773735035,0.112817787801373,0.0991499999999999));
#11750=CARTESIAN_POINT('',(-0.252056773735035,0.112817787801373,0.0632126704257939));
#11751=CARTESIAN_POINT('',(-0.259294882684843,0.101765742337259,0.0964499999999999));
#11752=CARTESIAN_POINT('',(-0.255919323498415,0.106919966162006,0.0977091700216944));
#11753=CARTESIAN_POINT('',(-0.259294882684843,0.101765742337259,0.0632126704257939));
#11754=CARTESIAN_POINT('Origin',(-0.259294882684843,0.101765742337259,0.0632126704257939));
#11755=CARTESIAN_POINT('',(-0.261506273391973,0.0887408553415654,0.0991499999999999));
#11756=CARTESIAN_POINT('',(-0.258203455484383,0.108194147731287,0.0951174207177677));
#11757=CARTESIAN_POINT('',(-0.261506273391973,0.0887408553415654,0.0632126704257939));
#11758=CARTESIAN_POINT('Origin',(-0.266056126586954,0.0739905935619984,
0.0632126704257939));
#11759=CARTESIAN_POINT('',(-0.266056126586954,0.0739905935619984,0.0991499999999999));
#11760=CARTESIAN_POINT('',(-0.266056126586954,0.0739905935619984,0.0632126704257939));
#11761=CARTESIAN_POINT('',(-0.268996510158179,0.0675829625474618,0.0977091700216944));
#11762=CARTESIAN_POINT('Origin',(-0.328056142322373,0.074876673718687,0.0385072827198011));
#11763=CARTESIAN_POINT('',(-0.28564338029696,0.0806804449500759,0.0785652076562241));
#11764=CARTESIAN_POINT('',(-0.289651467009754,0.0509195281324994,0.0812800390511195));
#11765=CARTESIAN_POINT('Origin',(-0.271811602563758,0.0487742057016987,
0.0632126704257939));
#11766=CARTESIAN_POINT('Origin',(-0.274896431891027,0.0491451322133878,
0.234171305310774));
#11767=CARTESIAN_POINT('Origin',(-2.76956395366181E-19,-2.39393674806262E-19,
0.234171572875254));
#11768=CARTESIAN_POINT('Origin',(-0.277169333729201,0.0340653953170787,
0.234171304190729));
#11769=CARTESIAN_POINT('Origin',(-0.27945471169379,0.0344800900831268,0.0632126704257939));
#11770=CARTESIAN_POINT('',(-0.294477776096243,0.0372063743225126,0.0785652076562241));
#11771=CARTESIAN_POINT('Origin',(-0.335551815395628,0.0251461322534983,
0.0385072827198011));
#11772=CARTESIAN_POINT('',(-0.294005461306065,0.00718048802986579,0.0812800390511195));
#11773=CARTESIAN_POINT('Origin',(-0.276045109689422,0.00771802090340473,
0.0632126704257939));
#11774=CARTESIAN_POINT('Origin',(-0.279150767749755,0.0076250345187242,
0.234171305310774));
#11775=CARTESIAN_POINT('Origin',(-2.76956395366182E-19,-2.80903699945713E-19,
0.234171572875254));
#11776=CARTESIAN_POINT('Origin',(-0.279150764991959,-0.00762503261646898,
0.234171304190729));
#11777=CARTESIAN_POINT('Origin',(-0.281472424220624,-0.00755558755923696,
0.0632126704257939));
#11778=CARTESIAN_POINT('',(-0.296734024987413,-0.00709882522573274,0.0785652076562241));
#11779=CARTESIAN_POINT('Origin',(-0.335551815395628,-0.0251461322535008,
0.0385072827198011));
#11780=CARTESIAN_POINT('',(-0.291791859426198,-0.0367189523099557,0.0812800390511195));
#11781=CARTESIAN_POINT('Origin',(-0.274112225215436,-0.0335105717282256,
0.0632126704257939));
#11782=CARTESIAN_POINT('Origin',(-0.277169336739712,-0.0340653938470972,
0.234171305310774));
#11783=CARTESIAN_POINT('Origin',(-2.70769647150369E-19,-3.21950092400983E-19,
0.234171572875254));
#11784=CARTESIAN_POINT('Origin',(-0.27489642944755,-0.0491451299213515,
0.234171304190729));
#11785=CARTESIAN_POINT('Origin',(-0.277202507909548,-0.0494224858607599,
0.0632126704257939));
#11786=CARTESIAN_POINT('',(-0.29236172609858,-0.0512454487488907,0.0785652076562241));
#11787=CARTESIAN_POINT('Origin',(-0.328056142322373,-0.0748766737186893,
0.0385072827198011));
#11788=CARTESIAN_POINT('',(-0.283060109578283,-0.079798151931415,0.0812800390511195));
#11789=CARTESIAN_POINT('Origin',(-0.266056126586954,-0.0739905935620002,
0.0632126704257939));
#11790=CARTESIAN_POINT('Origin',(-0.268996400755445,-0.0749948576057435,
0.234171305310774));
#11791=CARTESIAN_POINT('Origin',(-2.58534352450589E-19,-3.61615943591742E-19,
0.234171572875254));
#11792=CARTESIAN_POINT('Origin',(-0.264501361921958,-0.0895674062336717,
0.234171304190729));
#11793=CARTESIAN_POINT('Origin',(-0.266740345635128,-0.090185367496353,
0.0632126704257939));
#11794=CARTESIAN_POINT('',(-0.281458549361913,-0.0942473336275535,0.0785652076562241));
#11795=CARTESIAN_POINT('Origin',(-0.313232237126093,-0.122934594022981,
0.0385072827198011));
#11796=CARTESIAN_POINT('',(-0.268005264625141,-0.121094792701203,0.0812800390511195));
#11797=CARTESIAN_POINT('Origin',(-0.252056773735034,-0.112817787801375,
0.0632126704257939));
#11798=CARTESIAN_POINT('Origin',(-0.254814529681473,-0.114249060170749,
0.234171305310774));
#11799=CARTESIAN_POINT('Origin',(-2.4052382753222E-19,-3.99015183948234E-19,
0.234171572875254));
#11800=CARTESIAN_POINT('Origin',(-0.248197771046373,-0.127988894696416,
0.234171304190729));
#11801=CARTESIAN_POINT('Origin',(-0.250319644814373,-0.128933657048911,
0.0632126704257939));
#11802=CARTESIAN_POINT('',(-0.264268053728755,-0.135143888812007,0.0785652076562241));
#11803=CARTESIAN_POINT('Origin',(-0.291411241353107,-0.168246358640101,
0.0385072827198011));
#11804=CARTESIAN_POINT('',(-0.246963624925641,-0.159686375905168,0.0812800390511195));
#11805=CARTESIAN_POINT('Origin',(-0.232426889069154,-0.14912481908705,0.0632126704257939));
#11806=CARTESIAN_POINT('Origin',(-0.234940523082751,-0.15095112752243,0.234171305310774));
#11807=CARTESIAN_POINT('Origin',(-2.17140397760443E-19,-4.33312376241281E-19,
0.234171572875254));
#11808=CARTESIAN_POINT('Origin',(-0.226349852100084,-0.163551322746922,
0.234171304190729));
#11809=CARTESIAN_POINT('Origin',(-0.228307216769225,-0.164801781759452,
0.0632126704257939));
#11810=CARTESIAN_POINT('',(-0.241174246465108,-0.173021552838955,0.0785652076562241));
#11811=CARTESIAN_POINT('Origin',(-0.263080599990873,-0.20979977762394,0.0385072827198011));
#11812=CARTESIAN_POINT('',(-0.220405225940407,-0.194710829345204,0.0812800390511195));
#11813=CARTESIAN_POINT('Origin',(-0.207604971775342,-0.182100648335665,
0.0632126704257939));
#11814=CARTESIAN_POINT('Origin',(-0.209818333425889,-0.184281196124489,
0.234171305310774));
#11815=CARTESIAN_POINT('Origin',(-1.88906410316403E-19,-4.63741377869459E-19,
0.234171572875254));
#11816=CARTESIAN_POINT('Origin',(-0.199445651489748,-0.195460284507693,
0.234171304190729));
#11817=CARTESIAN_POINT('Origin',(-0.201194782767773,-0.196988506992232,
0.0632126704257939));
#11818=CARTESIAN_POINT('',(-0.212693005063877,-0.20703420128499,0.0785652076562241));
#11819=CARTESIAN_POINT('Origin',(-0.228873172752448,-0.246666616259356,
0.0385072827198011));
#11820=CARTESIAN_POINT('',(-0.188923338416337,-0.225385764607628,0.0812800390511195));
#11821=CARTESIAN_POINT('Origin',(-0.178145502468958,-0.211008650012725,
0.0632126704257939));
#11822=CARTESIAN_POINT('Origin',(-0.180009148914652,-0.213494727320635,
0.234171305310774));
#11823=CARTESIAN_POINT('Origin',(-1.5645256582434E-19,-4.89622455218807E-19,
0.234171572875254));
#11824=CARTESIAN_POINT('Origin',(-0.168086164599152,-0.223002986500954,
0.234171304190729));
#11825=CARTESIAN_POINT('Origin',(-0.169587989783658,-0.224774834492516,
0.0632126704257939));
#11826=CARTESIAN_POINT('',(-0.17946055339413,-0.236422047788037,0.0785652076562241));
#11827=CARTESIAN_POINT('Origin',(-0.189553097036266,-0.278023330291851,
0.0385072827198011));
#11828=CARTESIAN_POINT('',(-0.153221215698466,-0.251025954327482,0.0812800390511195));
#11829=CARTESIAN_POINT('Origin',(-0.144706557013998,-0.235203067129799,
0.0632126704257939));
#11830=CARTESIAN_POINT('Origin',(-0.146178857472827,-0.237939139097856,
0.234171305310774));
#11831=CARTESIAN_POINT('Origin',(-1.20503829541845E-19,-5.10377467788533E-19,
0.234171572875254));
#11832=CARTESIAN_POINT('Origin',(-0.132971910545436,-0.245564170277128,
0.234171304190729));
#11833=CARTESIAN_POINT('Origin',(-0.134192881343494,-0.247540063619469,
0.0632126704257939));
#11834=CARTESIAN_POINT('',(-0.142219249511196,-0.260528616419173,0.0785652076562241));
#11835=CARTESIAN_POINT('Origin',(-0.145998718359358,-0.303169462545351,
0.0385072827198011));
#11836=CARTESIAN_POINT('',(-0.114096384212328,-0.271058639035564,0.0812800390511195));
#11837=CARTESIAN_POINT('Origin',(-0.108035106195733,-0.254143436388562,
0.0632126704257939));
#11838=CARTESIAN_POINT('Origin',(-0.109083171908347,-0.257068383690223,
0.234171305310774));
#11839=CARTESIAN_POINT('Origin',(-8.18632368339692E-20,-5.25542782894455E-19,
0.234171572875254));
#11840=CARTESIAN_POINT('Origin',(-0.0948872837395992,-0.26263985627189,
0.234171304190729));
#11841=CARTESIAN_POINT('Origin',(-0.0958001256811781,-0.264775656772806,
0.0632126704257939));
#11842=CARTESIAN_POINT('',(-0.101801002604416,-0.278815406270084,0.0785652076562241));
#11843=CARTESIAN_POINT('Origin',(-0.0991829695699222,-0.321543289978043,
0.0385072827198011));
#11844=CARTESIAN_POINT('',(-0.0724228280414854,-0.285036321658508,0.0812800390511195));
#11845=CARTESIAN_POINT('Origin',(-0.0689503296276946,-0.26740666123779,
0.0632126704257939));
#11846=CARTESIAN_POINT('Origin',(-0.0695507485379514,-0.270455145383667,
0.234171305310774));
#11847=CARTESIAN_POINT('Origin',(-4.1393954690149E-20,-5.34779632457036E-19,
0.234171572875254));
#11848=CARTESIAN_POINT('Origin',(-0.0546830318115383,-0.273848601876834,
0.234171304190729));
#11849=CARTESIAN_POINT('Origin',(-0.0552673535160864,-0.27609659928244,
0.0632126704257939));
#11850=CARTESIAN_POINT('',(-0.0591086895205473,-0.290873920673511,0.0785652076562241));
#11851=CARTESIAN_POINT('Origin',(-0.0501516371352174,-0.332734371646918,
0.0385072827198011));
#11852=CARTESIAN_POINT('',(-0.0291314655673172,-0.292646763863945,0.0812800390511195));
#11853=CARTESIAN_POINT('Origin',(-0.0283253166327632,-0.274696463151173,
0.0632126704257939));
#11854=CARTESIAN_POINT('Origin',(-0.028464676374368,-0.277800386042915,
0.234171305310774));
#11855=CARTESIAN_POINT('Origin',(0.,-5.37881680520482E-19,0.234171572875254));
#11856=CARTESIAN_POINT('Origin',(-0.0132572513138215,-0.278940022237037,
0.234171304190728));
#11857=CARTESIAN_POINT('Origin',(-0.0135,-0.28125,0.0632126704257939));
#11858=CARTESIAN_POINT('',(-0.0150959859869606,-0.296434792343776,0.0785652076562241));
#11859=CARTESIAN_POINT('Origin',(0.,-0.336492717280199,0.0385072827198011));
#11860=CARTESIAN_POINT('',(0.0148106457093249,-0.293719960948881,0.0812800390511195));
#11861=CARTESIAN_POINT('Origin',(0.0129324371295654,-0.27585,0.0632126704257939));
#11862=CARTESIAN_POINT('Origin',(0.0132572496229515,-0.278940025129282,
0.234171305310774));
#11863=CARTESIAN_POINT('Origin',(4.13939546901451E-20,-5.34779632457036E-19,
0.234171572875254));
#11864=CARTESIAN_POINT('Origin',(0.028464674271343,-0.277800383434985,0.234171304190729));
#11865=CARTESIAN_POINT('Origin',(0.028568921208012,-0.280120740469196,0.0632126704257939));
#11866=CARTESIAN_POINT('',(0.0292539369282131,-0.295373800596831,0.0785652076562241));
#11867=CARTESIAN_POINT('Origin',(0.0501516371352222,-0.332734371646918,
0.0385072827198011));
#11868=CARTESIAN_POINT('',(0.0584219116346802,-0.288231939463843,0.0812800390511195));
#11869=CARTESIAN_POINT('Origin',(0.0539013016166324,-0.27084150367723,0.0632126704257939));
#11870=CARTESIAN_POINT('Origin',(0.0546830305706451,-0.273848604988778,
0.234171305310774));
#11871=CARTESIAN_POINT('Origin',(8.18632368339654E-20,-5.25542782894456E-19,
0.234171572875254));
#11872=CARTESIAN_POINT('Origin',(0.0695507460697178,-0.270455143118306,
0.234171304190728));
#11873=CARTESIAN_POINT('Origin',(0.069999659924956,-0.272734046481899,0.0632126704257939));
#11874=CARTESIAN_POINT('',(0.0729503752330839,-0.287714646235065,0.0785652076562241));
#11875=CARTESIAN_POINT('Origin',(0.0991829695699267,-0.321543289978042,
0.0385072827198011));
#11876=CARTESIAN_POINT('',(0.100728128593417,-0.276305292740126,0.0812800390511195));
#11877=CARTESIAN_POINT('Origin',(0.0936661000948016,-0.259782855714423,
0.0632126704257939));
#11878=CARTESIAN_POINT('Origin',(0.0948872829763742,-0.262639859534023,
0.234171305310774));
#11879=CARTESIAN_POINT('Origin',(1.20503829541842E-19,-5.10377467788534E-19,
0.234171572875254));
#11880=CARTESIAN_POINT('Origin',(0.109083169130049,-0.257068381818035,0.234171304190729));
#11881=CARTESIAN_POINT('Origin',(0.109866721910133,-0.259254924575642,0.0632126704257939));
#11882=CARTESIAN_POINT('',(0.115017222702114,-0.273628422110548,0.0785652076562241));
#11883=CARTESIAN_POINT('Origin',(0.145998718359363,-0.303169462545349,0.0385072827198011));
#11884=CARTESIAN_POINT('',(0.1407842456076,-0.258206442357347,0.0812800390511195));
#11885=CARTESIAN_POINT('Origin',(0.131338552675424,-0.242921088033203,0.0632126704257939));
#11886=CARTESIAN_POINT('Origin',(0.132971910276931,-0.24556417361658,0.234171305310774));
#11887=CARTESIAN_POINT('Origin',(1.56452565824337E-19,-4.89622455218809E-19,
0.234171572875254));
#11888=CARTESIAN_POINT('Origin',(0.146178854446526,-0.237939137660661,0.234171304190729));
#11889=CARTESIAN_POINT('Origin',(0.14727954287713,-0.239984476060231,0.0632126704257939));
#11890=CARTESIAN_POINT('',(0.154514775476218,-0.253429791193439,0.0785652076562241));
#11891=CARTESIAN_POINT('Origin',(0.18955309703627,-0.278023330291849,0.0385072827198011));
#11892=CARTESIAN_POINT('',(0.177695475213871,-0.234339686725607,0.0812800390511195));
#11893=CARTESIAN_POINT('Origin',(0.166077119019703,-0.220632864660335,0.0632126704257939));
#11894=CARTESIAN_POINT('Origin',(0.168086164831367,-0.223002989843123,0.234171305310774));
#11895=CARTESIAN_POINT('Origin',(1.889064103164E-19,-4.63741377869462E-19,
0.234171572875254));
#11896=CARTESIAN_POINT('Origin',(0.180009145707951,-0.21349472635054,0.234171304190729));
#11897=CARTESIAN_POINT('Origin',(0.18140238222837,-0.215353170912045,0.0632126704257939));
#11898=CARTESIAN_POINT('',(0.190560723494164,-0.227569957521192,0.0785652076562241));
#11899=CARTESIAN_POINT('Origin',(0.228873172752451,-0.246666616259353,0.0385072827198011));
#11900=CARTESIAN_POINT('',(0.210637281536798,-0.205238169727092,0.0812800390511195));
#11901=CARTESIAN_POINT('Origin',(0.197105796959259,-0.193416067675789,0.0632126704257939));
#11902=CARTESIAN_POINT('Origin',(0.199445652217494,-0.195460287777922,0.234171305310774));
#11903=CARTESIAN_POINT('Origin',(2.1714039776044E-19,-4.33312376241284E-19,
0.234171572875254));
#11904=CARTESIAN_POINT('Origin',(0.209818330110418,-0.184281195643163,0.234171304190729));
#11905=CARTESIAN_POINT('Origin',(0.211472992119042,-0.185911231786085,0.0632126704257939));
#11906=CARTESIAN_POINT('',(0.222349859841366,-0.196626587045956,0.0785652076562241));
#11907=CARTESIAN_POINT('Origin',(0.263080599990876,-0.209799777623936,0.0385072827198011));
#11908=CARTESIAN_POINT('',(0.238873799057823,-0.17155197116274,0.0812800390511195));
#11909=CARTESIAN_POINT('Origin',(0.223731457102271,-0.161878675349797,0.0632126704257939));
#11910=CARTESIAN_POINT('Origin',(0.226349853307104,-0.163551325872163,0.234171305310774));
#11911=CARTESIAN_POINT('Origin',(2.40523827532218E-19,-3.99015183948237E-19,
0.234171572875254));
#11912=CARTESIAN_POINT('Origin',(0.234940519732573,-0.150951127540626,0.234171304190729));
#11913=CARTESIAN_POINT('Origin',(0.236819644814375,-0.152316342951088,0.0632126704257939));
#11914=CARTESIAN_POINT('',(0.249172067741796,-0.161290903531767,0.0785652076562241));
#11915=CARTESIAN_POINT('Origin',(0.291411241353109,-0.168246358640097,0.0385072827198011));
#11916=CARTESIAN_POINT('',(0.261774270634968,-0.134033585043711,0.0812800390511195));
#11917=CARTESIAN_POINT('Origin',(0.245359326198721,-0.126725180912949,0.0632126704257939));
#11918=CARTESIAN_POINT('Origin',(0.248197772705704,-0.127988897606854,0.234171305310774));
#11919=CARTESIAN_POINT('Origin',(2.58534352450587E-19,-3.61615943591745E-19,
0.234171572875254));
#11920=CARTESIAN_POINT('Origin',(0.254814526371426,-0.114249060688061,0.234171304190729));
#11921=CARTESIAN_POINT('Origin',(0.256876137977237,-0.115318958709743,0.0632126704257939));
#11922=CARTESIAN_POINT('',(0.270428183393321,-0.122352247757874,0.0785652076562241));
#11923=CARTESIAN_POINT('Origin',(0.313232237126095,-0.122934594022977,0.0385072827198011));
#11924=CARTESIAN_POINT('',(0.278827137575087,-0.0935211101186384,0.0812800390511195));
#11925=CARTESIAN_POINT('Origin',(0.261506273391974,-0.0887408553415635,
0.0632126704257939));
#11926=CARTESIAN_POINT('Origin',(0.264501363996534,-0.0895674088642887,
0.234171305310774));
#11927=CARTESIAN_POINT('Origin',(2.70769647150368E-19,-3.21950092400987E-19,
0.234171572875254));
#11928=CARTESIAN_POINT('Origin',(0.268996397559469,-0.0749948586106138,
0.234171304190729));
#11929=CARTESIAN_POINT('Origin',(0.271194442692728,-0.0757455394896652,
0.0632126704257939));
#11930=CARTESIAN_POINT('',(0.285643380296961,-0.0806804449500737,0.0785652076562241));
#11931=CARTESIAN_POINT('Origin',(0.328056142322374,-0.0748766737186845,
0.0385072827198011));
#11932=CARTESIAN_POINT('',(0.289651467009754,-0.0509195281324973,0.0812800390511195));
#11933=CARTESIAN_POINT('Origin',(0.271811602563759,-0.0487742057016966,
0.0632126704257939));
#11934=CARTESIAN_POINT('Origin',(0.274896431891027,-0.0491451322133873,
0.234171305310774));
#11935=CARTESIAN_POINT('Origin',(2.76956395366182E-19,-2.80903699945717E-19,
0.234171572875254));
#11936=CARTESIAN_POINT('Origin',(0.277169333729201,-0.0340653953170789,
0.234171304190729));
#11937=CARTESIAN_POINT('Origin',(0.279454711693791,-0.0344800900831249,
0.0632126704257939));
#11938=CARTESIAN_POINT('',(0.294477776096243,-0.0372063743225106,0.0785652076562241));
#11939=CARTESIAN_POINT('Origin',(0.335551815395628,-0.0251461322534961,
0.0385072827198011));
#11940=CARTESIAN_POINT('',(0.294005461306065,-0.0071804880298638,0.0812800390511195));
#11941=CARTESIAN_POINT('Origin',(0.276045109689422,-0.00771802090340286,
0.0632126704257939));
#11942=CARTESIAN_POINT('Origin',(0.279150767749756,-0.00762503451872074,
0.234171305310774));
#11943=CARTESIAN_POINT('Origin',(2.76956395366182E-19,-2.39393674806266E-19,
0.234171572875254));
#11944=CARTESIAN_POINT('Origin',(0.279150764991959,0.00762503261647014,
0.234171304190729));
#11945=CARTESIAN_POINT('Origin',(0.281472424220624,0.00755558755923893,
0.0632126704257939));
#11946=CARTESIAN_POINT('',(0.296734024987413,0.00709882522573481,0.0785652076562241));
#11947=CARTESIAN_POINT('Origin',(0.335551815395628,0.0251461322535031,0.0385072827198011));
#11948=CARTESIAN_POINT('',(0.291791859426198,0.0367189523099578,0.0812800390511195));
#11949=CARTESIAN_POINT('Origin',(0.274112225215435,0.0335105717282276,0.0632126704257939));
#11950=CARTESIAN_POINT('Origin',(0.277169336739711,0.0340653938471008,0.234171305310774));
#11951=CARTESIAN_POINT('Origin',(2.70769647150368E-19,-1.98347282350996E-19,
0.234171572875254));
#11952=CARTESIAN_POINT('Origin',(0.274896429447549,0.0491451299213507,0.234171304190729));
#11953=CARTESIAN_POINT('Origin',(0.277202507909548,0.049422485860762,0.0632126704257939));
#11954=CARTESIAN_POINT('',(0.292361726098579,0.0512454487488929,0.0785652076562241));
#11955=CARTESIAN_POINT('Origin',(0.328056142322372,0.0748766737186917,0.0385072827198011));
#11956=CARTESIAN_POINT('',(0.283060109578283,0.0797981519314171,0.0812800390511195));
#11957=CARTESIAN_POINT('Origin',(0.266056126586953,0.0739905935620022,0.0632126704257939));
#11958=CARTESIAN_POINT('Origin',(0.268996400755444,0.0749948576057473,0.234171305310774));
#11959=CARTESIAN_POINT('Origin',(2.58534352450588E-19,-1.58681431160238E-19,
0.234171572875254));
#11960=CARTESIAN_POINT('Origin',(0.264501361921963,0.0895674062336451,0.234171304190728));
#11961=CARTESIAN_POINT('Origin',(0.266740345635128,0.0901853674963548,0.0632126704257939));
#11962=CARTESIAN_POINT('',(0.281458549361913,0.0942473336275554,0.0785652076562241));
#11963=CARTESIAN_POINT('Origin',(0.313232237126092,0.122934594022983,0.0385072827198011));
#11964=CARTESIAN_POINT('',(0.26800526462514,0.121094792701205,0.0812800390511195));
#11965=CARTESIAN_POINT('Origin',(0.252056773735033,0.112817787801377,0.0632126704257939));
#11966=CARTESIAN_POINT('Origin',(0.254814529681472,0.114249060170751,0.234171305310774));
#11967=CARTESIAN_POINT('Origin',(2.40523827532219E-19,-1.21282190803745E-19,
0.234171572875254));
#11968=CARTESIAN_POINT('Origin',(0.248197771046382,0.127988894696391,0.234171304190728));
#11969=CARTESIAN_POINT('Origin',(0.250319644814372,0.128933657048913,0.0632126704257939));
#11970=CARTESIAN_POINT('',(0.264268053728754,0.135143888812009,0.0785652076562241));
#11971=CARTESIAN_POINT('Origin',(0.291411241353105,0.168246358640103,0.0385072827198011));
#11972=CARTESIAN_POINT('',(0.24696362492564,0.159686375905169,0.0812800390511195));
#11973=CARTESIAN_POINT('Origin',(0.232426889069153,0.149124819087051,0.0632126704257939));
#11974=CARTESIAN_POINT('Origin',(0.234940523082749,0.150951127522434,0.234171305310774));
#11975=CARTESIAN_POINT('Origin',(2.17140397760441E-19,-8.69849985106989E-20,
0.234171572875254));
#11976=CARTESIAN_POINT('Origin',(0.226349852100096,0.163551322746903,0.234171304190728));
#11977=CARTESIAN_POINT('Origin',(0.228307216769224,0.164801781759453,0.0632126704257939));
#11978=CARTESIAN_POINT('',(0.241174246465107,0.173021552838957,0.0785652076562241));
#11979=CARTESIAN_POINT('Origin',(0.263080599990871,0.209799777623941,0.0385072827198011));
#11980=CARTESIAN_POINT('',(0.220405225940406,0.194710829345205,0.0812800390511195));
#11981=CARTESIAN_POINT('Origin',(0.207604971775341,0.182100648335667,0.0632126704257939));
#11982=CARTESIAN_POINT('Origin',(0.209818333425889,0.184281196124488,0.234171305310774));
#11983=CARTESIAN_POINT('Origin',(1.88906410316401E-19,-5.6555996882521E-20,
0.234171572875254));
#11984=CARTESIAN_POINT('Origin',(0.199445651489763,0.195460284507674,0.234171304190728));
#11985=CARTESIAN_POINT('Origin',(0.201194782767771,0.196988506992234,0.0632126704257939));
#11986=CARTESIAN_POINT('',(0.212693005063876,0.207034201284991,0.0785652076562241));
#11987=CARTESIAN_POINT('Origin',(0.228873172752446,0.246666616259357,0.0385072827198011));
#11988=CARTESIAN_POINT('',(0.188923338416336,0.225385764607629,0.0812800390511195));
#11989=CARTESIAN_POINT('Origin',(0.178145502468956,0.211008650012727,0.0632126704257939));
#11990=CARTESIAN_POINT('Origin',(0.180009148914649,0.213494727320638,0.234171305310774));
#11991=CARTESIAN_POINT('Origin',(1.56452565824339E-19,-3.06749195331734E-20,
0.234171572875254));
#11992=CARTESIAN_POINT('Origin',(0.168086164599168,0.22300298650094,0.234171304190728));
#11993=CARTESIAN_POINT('Origin',(0.169587989783657,0.224774834492517,0.0632126704257939));
#11994=CARTESIAN_POINT('',(0.179460553394128,0.236422047788038,0.0785652076562241));
#11995=CARTESIAN_POINT('Origin',(0.189553097036264,0.278023330291853,0.0385072827198011));
#11996=CARTESIAN_POINT('',(0.153221215698464,0.251025954327483,0.0812800390511195));
#11997=CARTESIAN_POINT('Origin',(0.144706557013996,0.2352030671298,0.0632126704257939));
#11998=CARTESIAN_POINT('Origin',(0.146178857472824,0.237939139097857,0.234171305310774));
#11999=CARTESIAN_POINT('Origin',(1.20503829541843E-19,-9.91990696344777E-21,
0.234171572875254));
#12000=CARTESIAN_POINT('Origin',(0.132971910545455,0.245564170277115,0.234171304190728));
#12001=CARTESIAN_POINT('Origin',(0.134192881343493,0.24754006361947,0.0632126704257939));
#12002=CARTESIAN_POINT('',(0.142219249511194,0.260528616419174,0.0785652076562241));
#12003=CARTESIAN_POINT('Origin',(0.145998718359356,0.303169462545352,0.0385072827198011));
#12004=CARTESIAN_POINT('',(0.114096384212326,0.271058639035564,0.0812800390511195));
#12005=CARTESIAN_POINT('Origin',(0.108035106195731,0.254143436388562,0.0632126704257939));
#12006=CARTESIAN_POINT('Origin',(0.109083171908344,0.257068383690224,0.234171305310774));
#12007=CARTESIAN_POINT('Origin',(8.18632368339672E-20,5.2454081424742E-21,
0.234171572875254));
#12008=CARTESIAN_POINT('Origin',(0.0948872837396198,0.262639856271879,0.234171304190728));
#12009=CARTESIAN_POINT('Origin',(0.0958001256811761,0.264775656772806,0.0632126704257939));
#12010=CARTESIAN_POINT('',(0.101801002604414,0.278815406270084,0.0785652076562241));
#12011=CARTESIAN_POINT('Origin',(0.0991829695699198,0.321543289978044,0.0385072827198011));
#12012=CARTESIAN_POINT('',(0.0724228280414833,0.285036321658509,0.0812800390511195));
#12013=CARTESIAN_POINT('Origin',(0.0689503296276927,0.267406661237791,0.0632126704257939));
#12014=CARTESIAN_POINT('Origin',(0.0695507485379476,0.270455145383667,0.234171305310774));
#12015=CARTESIAN_POINT('Origin',(4.1393954690147E-20,1.4482257705055E-20,
0.234171572875254));
#12016=CARTESIAN_POINT('Origin',(0.0546830318115596,0.273848601876827,0.234171304190728));
#12017=CARTESIAN_POINT('Origin',(0.0552673535160846,0.27609659928244,0.0632126704257939));
#12018=CARTESIAN_POINT('',(0.0591086895205454,0.290873920673511,0.0785652076562241));
#12019=CARTESIAN_POINT('Origin',(0.0501516371352152,0.332734371646919,0.0385072827198011));
#12020=CARTESIAN_POINT('',(0.0291314655673153,0.292646763863945,0.0812800390511195));
#12021=CARTESIAN_POINT('Origin',(0.0283253166327614,0.274696463151174,0.0632126704257939));
#12022=CARTESIAN_POINT('Origin',(0.028464676374368,0.277800386042915,0.234171305310774));
#12023=CARTESIAN_POINT('Origin',(0.,1.7584305768501E-20,0.234171572875254));
#12024=CARTESIAN_POINT('Origin',(0.0132572513138215,0.278940022237037,0.234171304190728));
#12025=CARTESIAN_POINT('Origin',(0.0135,0.28125,0.0632126704257939));
#12026=CARTESIAN_POINT('',(0.0150959859869606,0.296434792343776,0.0785652076562241));
#12027=CARTESIAN_POINT('Origin',(0.,0.336492717280199,0.0385072827198011));
#12028=CARTESIAN_POINT('',(-0.0148106457093249,0.293719960948881,0.0812800390511195));
#12029=CARTESIAN_POINT('Origin',(-0.0129324371295654,0.27585,0.0632126704257939));
#12030=CARTESIAN_POINT('Origin',(-0.0132572496229512,0.278940025129282,
0.234171305310774));
#12031=CARTESIAN_POINT('Origin',(-4.13939546901433E-20,1.44822577050556E-20,
0.234171572875254));
#12032=CARTESIAN_POINT('Origin',(-0.0284646742713404,0.277800383434984,
0.234171304190729));
#12033=CARTESIAN_POINT('Origin',(-0.0285689212080099,0.280120740469196,
0.0632126704257939));
#12034=CARTESIAN_POINT('',(-0.0292539369282109,0.295373800596831,0.0785652076562241));
#12035=CARTESIAN_POINT('Origin',(-0.0501516371352198,0.332734371646918,
0.0385072827198011));
#12036=CARTESIAN_POINT('',(-0.0584219116346781,0.288231939463844,0.0812800390511195));
#12037=CARTESIAN_POINT('Origin',(-0.0539013016166305,0.27084150367723,0.0632126704257939));
#12038=CARTESIAN_POINT('Origin',(-0.0546830305706431,0.273848604988779,
0.234171305310774));
#12039=CARTESIAN_POINT('Origin',(-8.18632368339635E-20,5.24540814247537E-21,
0.234171572875254));
#12040=CARTESIAN_POINT('Origin',(-0.0695507460697197,0.270455143118306,
0.234171304190729));
#12041=CARTESIAN_POINT('Origin',(-0.0699996599249541,0.272734046481899,
0.0632126704257939));
#12042=CARTESIAN_POINT('',(-0.0729503752330818,0.287714646235065,0.0785652076562241));
#12043=CARTESIAN_POINT('Origin',(-0.0991829695699244,0.321543289978043,
0.0385072827198011));
#12044=CARTESIAN_POINT('',(-0.100728128593415,0.276305292740127,0.0812800390511195));
#12045=CARTESIAN_POINT('Origin',(-0.0936661000947998,0.259782855714424,
0.0632126704257939));
#12046=CARTESIAN_POINT('Origin',(-0.0948872829763744,0.262639859534023,
0.234171305310774));
#12047=CARTESIAN_POINT('Origin',(-1.2050382954184E-19,-9.91990696344607E-21,
0.234171572875254));
#12048=CARTESIAN_POINT('Origin',(-0.10908316913005,0.257068381818035,0.234171304190729));
#12049=CARTESIAN_POINT('Origin',(-0.109866721910131,0.259254924575642,0.0632126704257939));
#12050=CARTESIAN_POINT('',(-0.115017222702112,0.273628422110549,0.0785652076562241));
#12051=CARTESIAN_POINT('Origin',(-0.14599871835936,0.30316946254535,0.0385072827198011));
#12052=CARTESIAN_POINT('',(-0.140784245607598,0.258206442357348,0.0812800390511195));
#12053=CARTESIAN_POINT('Origin',(-0.131338552675422,0.242921088033204,0.0632126704257939));
#12054=CARTESIAN_POINT('Origin',(-0.132971910276928,0.24556417361658,0.234171305310774));
#12055=CARTESIAN_POINT('Origin',(-1.56452565824336E-19,-3.06749195331713E-20,
0.234171572875254));
#12056=CARTESIAN_POINT('Origin',(-0.146178854446524,0.237939137660663,0.234171304190729));
#12057=CARTESIAN_POINT('Origin',(-0.147279542877128,0.239984476060232,0.0632126704257939));
#12058=CARTESIAN_POINT('',(-0.154514775476216,0.25342979119344,0.0785652076562241));
#12059=CARTESIAN_POINT('Origin',(-0.189553097036268,0.27802333029185,0.0385072827198011));
#12060=CARTESIAN_POINT('',(-0.17769547521387,0.234339686725608,0.0812800390511195));
#12061=CARTESIAN_POINT('Origin',(-0.166077119019701,0.220632864660336,0.0632126704257939));
#12062=CARTESIAN_POINT('Origin',(-0.168086164831364,0.223002989843126,0.234171305310774));
#12063=CARTESIAN_POINT('Origin',(-1.88906410316398E-19,-5.65559968825183E-20,
0.234171572875254));
#12064=CARTESIAN_POINT('Origin',(-0.180009145707951,0.21349472635054,0.234171304190729));
#12065=CARTESIAN_POINT('Origin',(-0.181402382228369,0.215353170912046,0.0632126704257939));
#12066=CARTESIAN_POINT('',(-0.190560723494162,0.227569957521193,0.0785652076562241));
#12067=CARTESIAN_POINT('Origin',(-0.228873172752449,0.246666616259354,0.0385072827198011));
#12068=CARTESIAN_POINT('',(-0.210637281536797,0.205238169727093,0.0812800390511195));
#12069=CARTESIAN_POINT('Origin',(-0.197105796959258,0.193416067675791,0.0632126704257939));
#12070=CARTESIAN_POINT('Origin',(-0.199445652217493,0.195460287777923,0.234171305310774));
#12071=CARTESIAN_POINT('Origin',(-2.17140397760439E-19,-8.69849985106958E-20,
0.234171572875254));
#12072=CARTESIAN_POINT('Origin',(-0.209818330110417,0.184281195643164,0.234171304190729));
#12073=CARTESIAN_POINT('Origin',(-0.211472992119041,0.185911231786087,0.0632126704257939));
#12074=CARTESIAN_POINT('',(-0.222349859841365,0.196626587045957,0.0785652076562241));
#12075=CARTESIAN_POINT('Origin',(-0.263080599990874,0.209799777623938,0.0385072827198011));
#12076=CARTESIAN_POINT('',(-0.238873799057822,0.171551971162742,0.0812800390511195));
#12077=CARTESIAN_POINT('Origin',(-0.22373145710227,0.161878675349799,0.0632126704257939));
#12078=CARTESIAN_POINT('Origin',(-0.226349853307103,0.163551325872164,0.234171305310774));
#12079=CARTESIAN_POINT('Origin',(-2.40523827532217E-19,-1.21282190803742E-19,
0.234171572875254));
#12080=CARTESIAN_POINT('Origin',(-0.234940519732574,0.150951127540625,0.234171304190729));
#12081=CARTESIAN_POINT('Origin',(-0.236819644814374,0.152316342951089,0.0632126704257939));
#12082=CARTESIAN_POINT('',(-0.249172067741795,0.161290903531769,0.0785652076562241));
#12083=CARTESIAN_POINT('Origin',(-0.291411241353108,0.168246358640099,0.0385072827198011));
#12084=CARTESIAN_POINT('',(-0.261774270634967,0.134033585043713,0.0812800390511195));
#12085=CARTESIAN_POINT('Origin',(-0.24535932619872,0.126725180912951,0.0632126704257939));
#12086=CARTESIAN_POINT('Origin',(-0.248197772705703,0.127988897606855,0.234171305310774));
#12087=CARTESIAN_POINT('Origin',(-2.58534352450587E-19,-1.58681431160234E-19,
0.234171572875254));
#12088=CARTESIAN_POINT('Origin',(-0.254814526371426,0.114249060688061,0.234171304190729));
#12089=CARTESIAN_POINT('Origin',(-0.256876137977237,0.115318958709745,0.0632126704257939));
#12090=CARTESIAN_POINT('',(-0.27042818339332,0.122352247757876,0.0785652076562241));
#12091=CARTESIAN_POINT('Origin',(-0.313232237126094,0.122934594022979,0.0385072827198011));
#12092=CARTESIAN_POINT('',(-0.278827137575086,0.0935211101186404,0.0812800390511195));
#12093=CARTESIAN_POINT('Origin',(-0.261506273391973,0.0887408553415654,
0.0632126704257939));
#12094=CARTESIAN_POINT('Origin',(-0.264501363996533,0.0895674088642922,
0.234171305310774));
#12095=CARTESIAN_POINT('Origin',(-2.70769647150367E-19,-1.98347282350993E-19,
0.234171572875254));
#12096=CARTESIAN_POINT('Origin',(-0.268996397559469,0.0749948586106146,
0.234171304190729));
#12097=CARTESIAN_POINT('Origin',(-0.271194442692728,0.0757455394896672,
0.0632126704257939));
#12098=CARTESIAN_POINT('',(0.,0.,0.));
#12099=UNCERTAINTY_MEASURE_WITH_UNIT(LENGTH_MEASURE(0.000393700787401575),
#12105,'DISTANCE_ACCURACY_VALUE',
'Maximum model space distance between geometric entities at asserted c
onnectivities');
#12100=UNCERTAINTY_MEASURE_WITH_UNIT(LENGTH_MEASURE(0.000393700787401575),
#12105,'DISTANCE_ACCURACY_VALUE',
'Maximum model space distance between geometric entities at asserted c
onnectivities');
#12101=(
GEOMETRIC_REPRESENTATION_CONTEXT(3)
GLOBAL_UNCERTAINTY_ASSIGNED_CONTEXT((#12099))
GLOBAL_UNIT_ASSIGNED_CONTEXT((#12105,#12109,#12110))
REPRESENTATION_CONTEXT('','3D')
);
#12102=(
GEOMETRIC_REPRESENTATION_CONTEXT(3)
GLOBAL_UNCERTAINTY_ASSIGNED_CONTEXT((#12100))
GLOBAL_UNIT_ASSIGNED_CONTEXT((#12105,#12109,#12110))
REPRESENTATION_CONTEXT('','3D')
);
#12103=DIMENSIONAL_EXPONENTS(1.,0.,0.,0.,0.,0.,0.);
#12104=DIMENSIONAL_EXPONENTS(0.,1.,0.,0.,0.,0.,0.);
#12105=(
CONVERSION_BASED_UNIT('inch',#12108)
LENGTH_UNIT()
NAMED_UNIT(#12103)
);
#12106=(
LENGTH_UNIT()
NAMED_UNIT(*)
SI_UNIT(.MILLI.,.METRE.)
);
#12107=(
LENGTH_UNIT()
NAMED_UNIT(*)
SI_UNIT(.CENTI.,.METRE.)
);
#12108=LENGTH_MEASURE_WITH_UNIT(LENGTH_MEASURE(25.4),#12106);
#12109=(
NAMED_UNIT(*)
PLANE_ANGLE_UNIT()
SI_UNIT($,.RADIAN.)
);
#12110=(
NAMED_UNIT(*)
SI_UNIT($,.STERADIAN.)
SOLID_ANGLE_UNIT()
);
#12111=SHAPE_DEFINITION_REPRESENTATION(#12112,#12113);
#12112=PRODUCT_DEFINITION_SHAPE('',$,#12115);
#12113=SHAPE_REPRESENTATION('',(#6141),#12101);
#12114=PRODUCT_DEFINITION_CONTEXT('part definition',#12119,'design');
#12115=PRODUCT_DEFINITION('91259A177','91259A177',#12116,#12114);
#12116=PRODUCT_DEFINITION_FORMATION('ANY',$,#12121);
#12117=PRODUCT_RELATED_PRODUCT_CATEGORY('91259A177','91259A177',(#12121));
#12118=APPLICATION_PROTOCOL_DEFINITION('international standard',
'automotive_design',2009,#12119);
#12119=APPLICATION_CONTEXT(
'Core Data for Automotive Mechanical Design Process');
#12120=PRODUCT_CONTEXT('part definition',#12119,'mechanical');
#12121=PRODUCT('91259A177','91259A177',
'5/16"-18 X 3/8"DIA Alloy Steel Shoulder Screw',(#12120));
#12122=PRESENTATION_STYLE_ASSIGNMENT((#12124));
#12123=PRESENTATION_STYLE_ASSIGNMENT((#12125));
#12124=SURFACE_STYLE_USAGE(.BOTH.,#12128);
#12125=SURFACE_STYLE_USAGE(.BOTH.,#12129);
#12126=SURFACE_STYLE_RENDERING_WITH_PROPERTIES($,#12136,(#12127));
#12127=SURFACE_STYLE_TRANSPARENT(0.);
#12128=SURFACE_SIDE_STYLE('',(#12130,#12126));
#12129=SURFACE_SIDE_STYLE('',(#12131));
#12130=SURFACE_STYLE_FILL_AREA(#12132);
#12131=SURFACE_STYLE_FILL_AREA(#12133);
#12132=FILL_AREA_STYLE('',(#12134));
#12133=FILL_AREA_STYLE('',(#12135));
#12134=FILL_AREA_STYLE_COLOUR('',#12136);
#12135=FILL_AREA_STYLE_COLOUR('',#12137);
#12136=COLOUR_RGB('',0.749019607843137,0.749019607843137,0.749019607843137);
#12137=COLOUR_RGB('',0.227450980392157,0.580392156862745,0.341176470588235);
ENDSEC;
END-ISO-10303-21;
