ISO-10303-21;
HEADER;
/* Generated by software containing ST-Developer
 * from STEP Tools, Inc. (www.steptools.com) 
 */

FILE_DESCRIPTION(
/* description */ ('Robot Arm Tube 1'),
/* implementation_level */ '2;1');

FILE_NAME(
/* name */ 'CRA-1002.stp',
/* time_stamp */ '2025-12-22T15:25:56-06:00',
/* author */ ('josh'),
/* organization */ (''),
/* preprocessor_version */ 'ST-DEVELOPER v20',
/* originating_system */ 'Autodesk Inventor 2025',
/* authorisation */ '');

FILE_SCHEMA (('AUTOMOTIVE_DESIGN { 1 0 10303 214 3 1 1 }'));
ENDSEC;

DATA;
#10=MECHANICAL_DESIGN_GEOMETRIC_PRESENTATION_REPRESENTATION('',(#13),#3671);
#11=SHAPE_REPRESENTATION_RELATIONSHIP('SRR','None',#3682,#12);
#12=ADVANCED_BREP_SHAPE_REPRESENTATION('',(#14),#3670);
#13=STYLED_ITEM('',(#3691),#14);
#14=MANIFOLD_SOLID_BREP('CRA-1002',#2083);
#15=ELLIPSE('',#2333,0.0751643835339835,0.075);
#16=ELLIPSE('',#2335,0.0751643835339835,0.075);
#17=ELLIPSE('',#2339,0.0751643835339834,0.075);
#18=ELLIPSE('',#2342,0.0751643835339834,0.075);
#19=ELLIPSE('',#2348,0.150328767067967,0.15);
#20=ELLIPSE('',#2354,0.150328767067967,0.15);
#21=ELLIPSE('',#2356,0.150328767067967,0.15);
#22=ELLIPSE('',#2359,0.150328767067967,0.15);
#23=FACE_BOUND('',#175,.T.);
#24=FACE_BOUND('',#176,.T.);
#25=FACE_BOUND('',#177,.T.);
#26=FACE_BOUND('',#178,.T.);
#27=FACE_BOUND('',#179,.T.);
#28=FACE_BOUND('',#180,.T.);
#29=FACE_BOUND('',#195,.T.);
#30=FACE_BOUND('',#196,.T.);
#31=FACE_BOUND('',#197,.T.);
#32=FACE_BOUND('',#198,.T.);
#33=FACE_BOUND('',#199,.T.);
#34=FACE_BOUND('',#200,.T.);
#35=FACE_BOUND('',#284,.T.);
#36=FACE_BOUND('',#289,.T.);
#37=PLANE('',#2108);
#38=PLANE('',#2192);
#39=PLANE('',#2195);
#40=PLANE('',#2200);
#41=PLANE('',#2257);
#42=PLANE('',#2258);
#43=PLANE('',#2268);
#44=PLANE('',#2270);
#45=PLANE('',#2273);
#46=PLANE('',#2274);
#47=PLANE('',#2285);
#48=PLANE('',#2286);
#49=PLANE('',#2297);
#50=PLANE('',#2298);
#51=PLANE('',#2308);
#52=PLANE('',#2310);
#53=PLANE('',#2313);
#54=PLANE('',#2314);
#55=PLANE('',#2324);
#56=PLANE('',#2326);
#57=PLANE('',#2329);
#58=PLANE('',#2330);
#59=PLANE('',#2340);
#60=PLANE('',#2344);
#61=PLANE('',#2345);
#62=PLANE('',#2349);
#63=PLANE('',#2357);
#64=PLANE('',#2358);
#65=PLANE('',#2361);
#66=PLANE('',#2362);
#67=FACE_OUTER_BOUND('',#173,.T.);
#68=FACE_OUTER_BOUND('',#174,.T.);
#69=FACE_OUTER_BOUND('',#181,.T.);
#70=FACE_OUTER_BOUND('',#182,.T.);
#71=FACE_OUTER_BOUND('',#183,.T.);
#72=FACE_OUTER_BOUND('',#184,.T.);
#73=FACE_OUTER_BOUND('',#185,.T.);
#74=FACE_OUTER_BOUND('',#186,.T.);
#75=FACE_OUTER_BOUND('',#187,.T.);
#76=FACE_OUTER_BOUND('',#188,.T.);
#77=FACE_OUTER_BOUND('',#189,.T.);
#78=FACE_OUTER_BOUND('',#190,.T.);
#79=FACE_OUTER_BOUND('',#191,.T.);
#80=FACE_OUTER_BOUND('',#192,.T.);
#81=FACE_OUTER_BOUND('',#193,.T.);
#82=FACE_OUTER_BOUND('',#194,.T.);
#83=FACE_OUTER_BOUND('',#201,.T.);
#84=FACE_OUTER_BOUND('',#202,.T.);
#85=FACE_OUTER_BOUND('',#203,.T.);
#86=FACE_OUTER_BOUND('',#204,.T.);
#87=FACE_OUTER_BOUND('',#205,.T.);
#88=FACE_OUTER_BOUND('',#206,.T.);
#89=FACE_OUTER_BOUND('',#207,.T.);
#90=FACE_OUTER_BOUND('',#208,.T.);
#91=FACE_OUTER_BOUND('',#209,.T.);
#92=FACE_OUTER_BOUND('',#210,.T.);
#93=FACE_OUTER_BOUND('',#211,.T.);
#94=FACE_OUTER_BOUND('',#212,.T.);
#95=FACE_OUTER_BOUND('',#213,.T.);
#96=FACE_OUTER_BOUND('',#214,.T.);
#97=FACE_OUTER_BOUND('',#215,.T.);
#98=FACE_OUTER_BOUND('',#216,.T.);
#99=FACE_OUTER_BOUND('',#217,.T.);
#100=FACE_OUTER_BOUND('',#218,.T.);
#101=FACE_OUTER_BOUND('',#219,.T.);
#102=FACE_OUTER_BOUND('',#220,.T.);
#103=FACE_OUTER_BOUND('',#221,.T.);
#104=FACE_OUTER_BOUND('',#222,.T.);
#105=FACE_OUTER_BOUND('',#223,.T.);
#106=FACE_OUTER_BOUND('',#224,.T.);
#107=FACE_OUTER_BOUND('',#225,.T.);
#108=FACE_OUTER_BOUND('',#226,.T.);
#109=FACE_OUTER_BOUND('',#227,.T.);
#110=FACE_OUTER_BOUND('',#228,.T.);
#111=FACE_OUTER_BOUND('',#229,.T.);
#112=FACE_OUTER_BOUND('',#230,.T.);
#113=FACE_OUTER_BOUND('',#231,.T.);
#114=FACE_OUTER_BOUND('',#232,.T.);
#115=FACE_OUTER_BOUND('',#233,.T.);
#116=FACE_OUTER_BOUND('',#234,.T.);
#117=FACE_OUTER_BOUND('',#235,.T.);
#118=FACE_OUTER_BOUND('',#236,.T.);
#119=FACE_OUTER_BOUND('',#237,.T.);
#120=FACE_OUTER_BOUND('',#238,.T.);
#121=FACE_OUTER_BOUND('',#239,.T.);
#122=FACE_OUTER_BOUND('',#240,.T.);
#123=FACE_OUTER_BOUND('',#241,.T.);
#124=FACE_OUTER_BOUND('',#242,.T.);
#125=FACE_OUTER_BOUND('',#243,.T.);
#126=FACE_OUTER_BOUND('',#244,.T.);
#127=FACE_OUTER_BOUND('',#245,.T.);
#128=FACE_OUTER_BOUND('',#246,.T.);
#129=FACE_OUTER_BOUND('',#247,.T.);
#130=FACE_OUTER_BOUND('',#248,.T.);
#131=FACE_OUTER_BOUND('',#249,.T.);
#132=FACE_OUTER_BOUND('',#250,.T.);
#133=FACE_OUTER_BOUND('',#251,.T.);
#134=FACE_OUTER_BOUND('',#252,.T.);
#135=FACE_OUTER_BOUND('',#253,.T.);
#136=FACE_OUTER_BOUND('',#254,.T.);
#137=FACE_OUTER_BOUND('',#255,.T.);
#138=FACE_OUTER_BOUND('',#256,.T.);
#139=FACE_OUTER_BOUND('',#257,.T.);
#140=FACE_OUTER_BOUND('',#258,.T.);
#141=FACE_OUTER_BOUND('',#259,.T.);
#142=FACE_OUTER_BOUND('',#260,.T.);
#143=FACE_OUTER_BOUND('',#261,.T.);
#144=FACE_OUTER_BOUND('',#262,.T.);
#145=FACE_OUTER_BOUND('',#263,.T.);
#146=FACE_OUTER_BOUND('',#264,.T.);
#147=FACE_OUTER_BOUND('',#265,.T.);
#148=FACE_OUTER_BOUND('',#266,.T.);
#149=FACE_OUTER_BOUND('',#267,.T.);
#150=FACE_OUTER_BOUND('',#268,.T.);
#151=FACE_OUTER_BOUND('',#269,.T.);
#152=FACE_OUTER_BOUND('',#270,.T.);
#153=FACE_OUTER_BOUND('',#271,.T.);
#154=FACE_OUTER_BOUND('',#272,.T.);
#155=FACE_OUTER_BOUND('',#273,.T.);
#156=FACE_OUTER_BOUND('',#274,.T.);
#157=FACE_OUTER_BOUND('',#275,.T.);
#158=FACE_OUTER_BOUND('',#276,.T.);
#159=FACE_OUTER_BOUND('',#277,.T.);
#160=FACE_OUTER_BOUND('',#278,.T.);
#161=FACE_OUTER_BOUND('',#279,.T.);
#162=FACE_OUTER_BOUND('',#280,.T.);
#163=FACE_OUTER_BOUND('',#281,.T.);
#164=FACE_OUTER_BOUND('',#282,.T.);
#165=FACE_OUTER_BOUND('',#283,.T.);
#166=FACE_OUTER_BOUND('',#285,.T.);
#167=FACE_OUTER_BOUND('',#286,.T.);
#168=FACE_OUTER_BOUND('',#287,.T.);
#169=FACE_OUTER_BOUND('',#288,.T.);
#170=FACE_OUTER_BOUND('',#290,.T.);
#171=FACE_OUTER_BOUND('',#291,.T.);
#172=FACE_OUTER_BOUND('',#292,.T.);
#173=EDGE_LOOP('',(#1277,#1278,#1279,#1280));
#174=EDGE_LOOP('',(#1281,#1282,#1283,#1284));
#175=EDGE_LOOP('',(#1285,#1286,#1287,#1288,#1289,#1290,#1291,#1292,#1293,
#1294,#1295,#1296,#1297,#1298,#1299,#1300));
#176=EDGE_LOOP('',(#1301,#1302,#1303,#1304,#1305,#1306,#1307,#1308,#1309,
#1310,#1311,#1312,#1313,#1314,#1315,#1316));
#177=EDGE_LOOP('',(#1317,#1318,#1319,#1320,#1321,#1322,#1323,#1324,#1325,
#1326,#1327,#1328));
#178=EDGE_LOOP('',(#1329,#1330,#1331,#1332,#1333,#1334,#1335,#1336,#1337,
#1338,#1339,#1340));
#179=EDGE_LOOP('',(#1341,#1342,#1343,#1344,#1345,#1346,#1347,#1348,#1349,
#1350,#1351,#1352,#1353,#1354,#1355,#1356));
#180=EDGE_LOOP('',(#1357,#1358,#1359,#1360,#1361,#1362,#1363,#1364,#1365,
#1366,#1367,#1368,#1369,#1370,#1371,#1372));
#181=EDGE_LOOP('',(#1373,#1374,#1375,#1376));
#182=EDGE_LOOP('',(#1377,#1378,#1379,#1380));
#183=EDGE_LOOP('',(#1381,#1382,#1383,#1384));
#184=EDGE_LOOP('',(#1385,#1386,#1387,#1388));
#185=EDGE_LOOP('',(#1389,#1390,#1391,#1392));
#186=EDGE_LOOP('',(#1393,#1394,#1395,#1396));
#187=EDGE_LOOP('',(#1397,#1398,#1399,#1400));
#188=EDGE_LOOP('',(#1401,#1402,#1403,#1404));
#189=EDGE_LOOP('',(#1405,#1406,#1407,#1408));
#190=EDGE_LOOP('',(#1409,#1410,#1411,#1412));
#191=EDGE_LOOP('',(#1413,#1414,#1415,#1416));
#192=EDGE_LOOP('',(#1417,#1418,#1419,#1420));
#193=EDGE_LOOP('',(#1421,#1422,#1423,#1424));
#194=EDGE_LOOP('',(#1425,#1426,#1427,#1428));
#195=EDGE_LOOP('',(#1429,#1430,#1431,#1432,#1433,#1434,#1435,#1436,#1437,
#1438,#1439,#1440,#1441,#1442,#1443,#1444));
#196=EDGE_LOOP('',(#1445,#1446,#1447,#1448,#1449,#1450,#1451,#1452,#1453,
#1454,#1455,#1456));
#197=EDGE_LOOP('',(#1457,#1458,#1459,#1460,#1461,#1462,#1463,#1464,#1465,
#1466,#1467,#1468,#1469,#1470,#1471,#1472));
#198=EDGE_LOOP('',(#1473,#1474,#1475,#1476,#1477,#1478,#1479,#1480,#1481,
#1482,#1483,#1484,#1485,#1486,#1487,#1488));
#199=EDGE_LOOP('',(#1489,#1490,#1491,#1492,#1493,#1494,#1495,#1496,#1497,
#1498,#1499,#1500));
#200=EDGE_LOOP('',(#1501,#1502,#1503,#1504,#1505,#1506,#1507,#1508,#1509,
#1510,#1511,#1512,#1513,#1514,#1515,#1516));
#201=EDGE_LOOP('',(#1517,#1518,#1519,#1520));
#202=EDGE_LOOP('',(#1521,#1522,#1523,#1524));
#203=EDGE_LOOP('',(#1525,#1526,#1527,#1528));
#204=EDGE_LOOP('',(#1529,#1530,#1531,#1532));
#205=EDGE_LOOP('',(#1533,#1534,#1535,#1536));
#206=EDGE_LOOP('',(#1537,#1538,#1539,#1540));
#207=EDGE_LOOP('',(#1541,#1542,#1543,#1544));
#208=EDGE_LOOP('',(#1545,#1546,#1547,#1548));
#209=EDGE_LOOP('',(#1549,#1550,#1551,#1552));
#210=EDGE_LOOP('',(#1553,#1554,#1555,#1556));
#211=EDGE_LOOP('',(#1557,#1558,#1559,#1560));
#212=EDGE_LOOP('',(#1561,#1562,#1563,#1564));
#213=EDGE_LOOP('',(#1565,#1566,#1567,#1568));
#214=EDGE_LOOP('',(#1569,#1570,#1571,#1572));
#215=EDGE_LOOP('',(#1573,#1574,#1575,#1576));
#216=EDGE_LOOP('',(#1577,#1578,#1579,#1580));
#217=EDGE_LOOP('',(#1581,#1582,#1583,#1584));
#218=EDGE_LOOP('',(#1585,#1586,#1587,#1588));
#219=EDGE_LOOP('',(#1589,#1590,#1591,#1592));
#220=EDGE_LOOP('',(#1593,#1594,#1595,#1596));
#221=EDGE_LOOP('',(#1597,#1598,#1599,#1600));
#222=EDGE_LOOP('',(#1601,#1602,#1603,#1604));
#223=EDGE_LOOP('',(#1605,#1606,#1607,#1608));
#224=EDGE_LOOP('',(#1609,#1610,#1611,#1612));
#225=EDGE_LOOP('',(#1613,#1614,#1615,#1616));
#226=EDGE_LOOP('',(#1617,#1618,#1619,#1620));
#227=EDGE_LOOP('',(#1621,#1622,#1623,#1624));
#228=EDGE_LOOP('',(#1625,#1626,#1627,#1628));
#229=EDGE_LOOP('',(#1629,#1630,#1631,#1632));
#230=EDGE_LOOP('',(#1633,#1634,#1635,#1636));
#231=EDGE_LOOP('',(#1637,#1638,#1639,#1640));
#232=EDGE_LOOP('',(#1641,#1642,#1643,#1644));
#233=EDGE_LOOP('',(#1645,#1646,#1647,#1648));
#234=EDGE_LOOP('',(#1649,#1650,#1651,#1652));
#235=EDGE_LOOP('',(#1653,#1654,#1655,#1656));
#236=EDGE_LOOP('',(#1657,#1658,#1659,#1660));
#237=EDGE_LOOP('',(#1661,#1662,#1663,#1664));
#238=EDGE_LOOP('',(#1665,#1666,#1667,#1668));
#239=EDGE_LOOP('',(#1669,#1670,#1671,#1672));
#240=EDGE_LOOP('',(#1673,#1674,#1675,#1676));
#241=EDGE_LOOP('',(#1677,#1678,#1679,#1680));
#242=EDGE_LOOP('',(#1681,#1682,#1683,#1684));
#243=EDGE_LOOP('',(#1685,#1686,#1687,#1688));
#244=EDGE_LOOP('',(#1689,#1690,#1691,#1692));
#245=EDGE_LOOP('',(#1693,#1694,#1695,#1696));
#246=EDGE_LOOP('',(#1697,#1698,#1699,#1700));
#247=EDGE_LOOP('',(#1701,#1702,#1703,#1704));
#248=EDGE_LOOP('',(#1705,#1706,#1707,#1708));
#249=EDGE_LOOP('',(#1709,#1710,#1711,#1712));
#250=EDGE_LOOP('',(#1713,#1714,#1715,#1716));
#251=EDGE_LOOP('',(#1717,#1718,#1719,#1720));
#252=EDGE_LOOP('',(#1721,#1722,#1723,#1724));
#253=EDGE_LOOP('',(#1725,#1726,#1727,#1728));
#254=EDGE_LOOP('',(#1729,#1730,#1731,#1732));
#255=EDGE_LOOP('',(#1733,#1734,#1735,#1736));
#256=EDGE_LOOP('',(#1737,#1738,#1739,#1740));
#257=EDGE_LOOP('',(#1741,#1742,#1743,#1744));
#258=EDGE_LOOP('',(#1745,#1746,#1747,#1748));
#259=EDGE_LOOP('',(#1749,#1750,#1751,#1752));
#260=EDGE_LOOP('',(#1753,#1754,#1755,#1756));
#261=EDGE_LOOP('',(#1757,#1758,#1759,#1760));
#262=EDGE_LOOP('',(#1761,#1762,#1763,#1764));
#263=EDGE_LOOP('',(#1765,#1766,#1767,#1768));
#264=EDGE_LOOP('',(#1769,#1770,#1771,#1772));
#265=EDGE_LOOP('',(#1773,#1774,#1775,#1776));
#266=EDGE_LOOP('',(#1777,#1778,#1779,#1780));
#267=EDGE_LOOP('',(#1781,#1782,#1783,#1784));
#268=EDGE_LOOP('',(#1785,#1786,#1787,#1788));
#269=EDGE_LOOP('',(#1789,#1790,#1791,#1792));
#270=EDGE_LOOP('',(#1793,#1794,#1795,#1796));
#271=EDGE_LOOP('',(#1797,#1798,#1799,#1800));
#272=EDGE_LOOP('',(#1801,#1802,#1803,#1804));
#273=EDGE_LOOP('',(#1805,#1806,#1807,#1808));
#274=EDGE_LOOP('',(#1809,#1810,#1811,#1812));
#275=EDGE_LOOP('',(#1813,#1814,#1815,#1816));
#276=EDGE_LOOP('',(#1817,#1818,#1819,#1820));
#277=EDGE_LOOP('',(#1821,#1822,#1823,#1824));
#278=EDGE_LOOP('',(#1825,#1826,#1827,#1828));
#279=EDGE_LOOP('',(#1829,#1830,#1831,#1832));
#280=EDGE_LOOP('',(#1833,#1834,#1835,#1836));
#281=EDGE_LOOP('',(#1837,#1838,#1839,#1840));
#282=EDGE_LOOP('',(#1841,#1842,#1843,#1844));
#283=EDGE_LOOP('',(#1845,#1846,#1847,#1848,#1849,#1850,#1851,#1852));
#284=EDGE_LOOP('',(#1853,#1854,#1855,#1856,#1857,#1858,#1859,#1860));
#285=EDGE_LOOP('',(#1861,#1862,#1863,#1864));
#286=EDGE_LOOP('',(#1865,#1866,#1867,#1868));
#287=EDGE_LOOP('',(#1869,#1870,#1871,#1872));
#288=EDGE_LOOP('',(#1873,#1874,#1875,#1876,#1877,#1878,#1879,#1880));
#289=EDGE_LOOP('',(#1881,#1882,#1883,#1884,#1885,#1886,#1887,#1888));
#290=EDGE_LOOP('',(#1889,#1890,#1891,#1892));
#291=EDGE_LOOP('',(#1893,#1894,#1895,#1896));
#292=EDGE_LOOP('',(#1897,#1898,#1899,#1900));
#293=LINE('',#3047,#453);
#294=LINE('',#3050,#454);
#295=LINE('',#3054,#455);
#296=LINE('',#3056,#456);
#297=LINE('',#3058,#457);
#298=LINE('',#3059,#458);
#299=LINE('',#3065,#459);
#300=LINE('',#3073,#460);
#301=LINE('',#3081,#461);
#302=LINE('',#3088,#462);
#303=LINE('',#3097,#463);
#304=LINE('',#3105,#464);
#305=LINE('',#3113,#465);
#306=LINE('',#3120,#466);
#307=LINE('',#3129,#467);
#308=LINE('',#3141,#468);
#309=LINE('',#3153,#469);
#310=LINE('',#3165,#470);
#311=LINE('',#3177,#471);
#312=LINE('',#3185,#472);
#313=LINE('',#3193,#473);
#314=LINE('',#3200,#474);
#315=LINE('',#3209,#475);
#316=LINE('',#3217,#476);
#317=LINE('',#3225,#477);
#318=LINE('',#3232,#478);
#319=LINE('',#3236,#479);
#320=LINE('',#3240,#480);
#321=LINE('',#3243,#481);
#322=LINE('',#3246,#482);
#323=LINE('',#3250,#483);
#324=LINE('',#3254,#484);
#325=LINE('',#3259,#485);
#326=LINE('',#3260,#486);
#327=LINE('',#3263,#487);
#328=LINE('',#3267,#488);
#329=LINE('',#3271,#489);
#330=LINE('',#3272,#490);
#331=LINE('',#3275,#491);
#332=LINE('',#3278,#492);
#333=LINE('',#3280,#493);
#334=LINE('',#3284,#494);
#335=LINE('',#3290,#495);
#336=LINE('',#3292,#496);
#337=LINE('',#3294,#497);
#338=LINE('',#3295,#498);
#339=LINE('',#3296,#499);
#340=LINE('',#3297,#500);
#341=LINE('',#3306,#501);
#342=LINE('',#3318,#502);
#343=LINE('',#3326,#503);
#344=LINE('',#3334,#504);
#345=LINE('',#3342,#505);
#346=LINE('',#3350,#506);
#347=LINE('',#3358,#507);
#348=LINE('',#3366,#508);
#349=LINE('',#3374,#509);
#350=LINE('',#3382,#510);
#351=LINE('',#3394,#511);
#352=LINE('',#3406,#512);
#353=LINE('',#3414,#513);
#354=LINE('',#3422,#514);
#355=LINE('',#3430,#515);
#356=LINE('',#3438,#516);
#357=LINE('',#3445,#517);
#358=LINE('',#3446,#518);
#359=LINE('',#3448,#519);
#360=LINE('',#3450,#520);
#361=LINE('',#3452,#521);
#362=LINE('',#3453,#522);
#363=LINE('',#3455,#523);
#364=LINE('',#3457,#524);
#365=LINE('',#3459,#525);
#366=LINE('',#3460,#526);
#367=LINE('',#3462,#527);
#368=LINE('',#3464,#528);
#369=LINE('',#3466,#529);
#370=LINE('',#3468,#530);
#371=LINE('',#3469,#531);
#372=LINE('',#3472,#532);
#373=LINE('',#3477,#533);
#374=LINE('',#3478,#534);
#375=LINE('',#3480,#535);
#376=LINE('',#3482,#536);
#377=LINE('',#3484,#537);
#378=LINE('',#3485,#538);
#379=LINE('',#3488,#539);
#380=LINE('',#3489,#540);
#381=LINE('',#3491,#541);
#382=LINE('',#3493,#542);
#383=LINE('',#3495,#543);
#384=LINE('',#3497,#544);
#385=LINE('',#3501,#545);
#386=LINE('',#3502,#546);
#387=LINE('',#3504,#547);
#388=LINE('',#3506,#548);
#389=LINE('',#3508,#549);
#390=LINE('',#3509,#550);
#391=LINE('',#3512,#551);
#392=LINE('',#3513,#552);
#393=LINE('',#3515,#553);
#394=LINE('',#3517,#554);
#395=LINE('',#3519,#555);
#396=LINE('',#3521,#556);
#397=LINE('',#3525,#557);
#398=LINE('',#3526,#558);
#399=LINE('',#3528,#559);
#400=LINE('',#3530,#560);
#401=LINE('',#3532,#561);
#402=LINE('',#3533,#562);
#403=LINE('',#3535,#563);
#404=LINE('',#3537,#564);
#405=LINE('',#3539,#565);
#406=LINE('',#3540,#566);
#407=LINE('',#3542,#567);
#408=LINE('',#3544,#568);
#409=LINE('',#3546,#569);
#410=LINE('',#3548,#570);
#411=LINE('',#3549,#571);
#412=LINE('',#3552,#572);
#413=LINE('',#3557,#573);
#414=LINE('',#3558,#574);
#415=LINE('',#3560,#575);
#416=LINE('',#3562,#576);
#417=LINE('',#3564,#577);
#418=LINE('',#3565,#578);
#419=LINE('',#3567,#579);
#420=LINE('',#3569,#580);
#421=LINE('',#3571,#581);
#422=LINE('',#3572,#582);
#423=LINE('',#3574,#583);
#424=LINE('',#3576,#584);
#425=LINE('',#3578,#585);
#426=LINE('',#3580,#586);
#427=LINE('',#3581,#587);
#428=LINE('',#3584,#588);
#429=LINE('',#3593,#589);
#430=LINE('',#3599,#590);
#431=LINE('',#3605,#591);
#432=LINE('',#3608,#592);
#433=LINE('',#3611,#593);
#434=LINE('',#3613,#594);
#435=LINE('',#3614,#595);
#436=LINE('',#3620,#596);
#437=LINE('',#3622,#597);
#438=LINE('',#3623,#598);
#439=LINE('',#3625,#599);
#440=LINE('',#3626,#600);
#441=LINE('',#3631,#601);
#442=LINE('',#3637,#602);
#443=LINE('',#3641,#603);
#444=LINE('',#3644,#604);
#445=LINE('',#3648,#605);
#446=LINE('',#3651,#606);
#447=LINE('',#3654,#607);
#448=LINE('',#3657,#608);
#449=LINE('',#3658,#609);
#450=LINE('',#3661,#610);
#451=LINE('',#3663,#611);
#452=LINE('',#3665,#612);
#453=VECTOR('',#2369,0.393700787401575);
#454=VECTOR('',#2372,0.393700787401575);
#455=VECTOR('',#2375,0.393700787401575);
#456=VECTOR('',#2376,0.393700787401575);
#457=VECTOR('',#2377,0.393700787401575);
#458=VECTOR('',#2378,0.393700787401575);
#459=VECTOR('',#2383,0.393700787401575);
#460=VECTOR('',#2390,0.393700787401575);
#461=VECTOR('',#2397,0.393700787401575);
#462=VECTOR('',#2404,0.393700787401575);
#463=VECTOR('',#2411,0.393700787401575);
#464=VECTOR('',#2418,0.393700787401575);
#465=VECTOR('',#2425,0.393700787401575);
#466=VECTOR('',#2432,0.393700787401575);
#467=VECTOR('',#2439,0.393700787401575);
#468=VECTOR('',#2450,0.393700787401575);
#469=VECTOR('',#2461,0.393700787401575);
#470=VECTOR('',#2472,0.393700787401575);
#471=VECTOR('',#2483,0.393700787401575);
#472=VECTOR('',#2490,0.393700787401575);
#473=VECTOR('',#2497,0.393700787401575);
#474=VECTOR('',#2504,0.393700787401575);
#475=VECTOR('',#2511,0.393700787401575);
#476=VECTOR('',#2518,0.393700787401575);
#477=VECTOR('',#2525,0.393700787401575);
#478=VECTOR('',#2532,0.393700787401575);
#479=VECTOR('',#2537,0.393700787401575);
#480=VECTOR('',#2542,0.393700787401575);
#481=VECTOR('',#2545,0.393700787401575);
#482=VECTOR('',#2548,0.393700787401575);
#483=VECTOR('',#2553,0.393700787401575);
#484=VECTOR('',#2558,0.393700787401575);
#485=VECTOR('',#2563,0.393700787401575);
#486=VECTOR('',#2564,0.393700787401575);
#487=VECTOR('',#2567,0.393700787401575);
#488=VECTOR('',#2572,0.393700787401575);
#489=VECTOR('',#2577,0.393700787401575);
#490=VECTOR('',#2578,0.393700787401575);
#491=VECTOR('',#2581,0.393700787401575);
#492=VECTOR('',#2584,0.393700787401575);
#493=VECTOR('',#2587,0.393700787401575);
#494=VECTOR('',#2592,0.393700787401575);
#495=VECTOR('',#2599,0.393700787401575);
#496=VECTOR('',#2600,0.393700787401575);
#497=VECTOR('',#2601,0.393700787401575);
#498=VECTOR('',#2602,0.393700787401575);
#499=VECTOR('',#2603,0.393700787401575);
#500=VECTOR('',#2604,0.393700787401575);
#501=VECTOR('',#2611,0.393700787401575);
#502=VECTOR('',#2622,0.393700787401575);
#503=VECTOR('',#2629,0.393700787401575);
#504=VECTOR('',#2636,0.393700787401575);
#505=VECTOR('',#2643,0.393700787401575);
#506=VECTOR('',#2650,0.393700787401575);
#507=VECTOR('',#2657,0.393700787401575);
#508=VECTOR('',#2664,0.393700787401575);
#509=VECTOR('',#2671,0.393700787401575);
#510=VECTOR('',#2678,0.393700787401575);
#511=VECTOR('',#2689,0.393700787401575);
#512=VECTOR('',#2700,0.393700787401575);
#513=VECTOR('',#2707,0.393700787401575);
#514=VECTOR('',#2714,0.393700787401575);
#515=VECTOR('',#2721,0.393700787401575);
#516=VECTOR('',#2728,0.393700787401575);
#517=VECTOR('',#2739,0.393700787401575);
#518=VECTOR('',#2740,0.393700787401575);
#519=VECTOR('',#2743,0.393700787401575);
#520=VECTOR('',#2746,0.393700787401575);
#521=VECTOR('',#2749,0.393700787401575);
#522=VECTOR('',#2750,0.393700787401575);
#523=VECTOR('',#2753,0.393700787401575);
#524=VECTOR('',#2756,0.393700787401575);
#525=VECTOR('',#2759,0.393700787401575);
#526=VECTOR('',#2760,0.393700787401575);
#527=VECTOR('',#2763,0.393700787401575);
#528=VECTOR('',#2766,0.393700787401575);
#529=VECTOR('',#2769,0.393700787401575);
#530=VECTOR('',#2772,0.393700787401575);
#531=VECTOR('',#2773,0.393700787401575);
#532=VECTOR('',#2778,0.393700787401575);
#533=VECTOR('',#2787,0.0299999999999993);
#534=VECTOR('',#2788,0.0299999999999993);
#535=VECTOR('',#2791,0.393700787401575);
#536=VECTOR('',#2794,0.393700787401575);
#537=VECTOR('',#2797,0.393700787401575);
#538=VECTOR('',#2798,0.393700787401575);
#539=VECTOR('',#2803,0.393700787401575);
#540=VECTOR('',#2804,0.393700787401575);
#541=VECTOR('',#2807,0.0299999999999993);
#542=VECTOR('',#2810,0.0299999999999993);
#543=VECTOR('',#2813,0.393700787401575);
#544=VECTOR('',#2816,0.393700787401575);
#545=VECTOR('',#2823,0.0300000000000001);
#546=VECTOR('',#2824,0.0300000000000001);
#547=VECTOR('',#2827,0.393700787401575);
#548=VECTOR('',#2830,0.393700787401575);
#549=VECTOR('',#2833,0.393700787401575);
#550=VECTOR('',#2834,0.393700787401575);
#551=VECTOR('',#2839,0.393700787401575);
#552=VECTOR('',#2840,0.393700787401575);
#553=VECTOR('',#2843,0.0300000000000001);
#554=VECTOR('',#2846,0.0300000000000001);
#555=VECTOR('',#2849,0.393700787401575);
#556=VECTOR('',#2852,0.393700787401575);
#557=VECTOR('',#2859,0.393700787401575);
#558=VECTOR('',#2860,0.393700787401575);
#559=VECTOR('',#2863,0.393700787401575);
#560=VECTOR('',#2866,0.393700787401575);
#561=VECTOR('',#2869,0.393700787401575);
#562=VECTOR('',#2870,0.393700787401575);
#563=VECTOR('',#2873,0.393700787401575);
#564=VECTOR('',#2876,0.393700787401575);
#565=VECTOR('',#2879,0.393700787401575);
#566=VECTOR('',#2880,0.393700787401575);
#567=VECTOR('',#2883,0.393700787401575);
#568=VECTOR('',#2886,0.393700787401575);
#569=VECTOR('',#2889,0.393700787401575);
#570=VECTOR('',#2892,0.393700787401575);
#571=VECTOR('',#2893,0.393700787401575);
#572=VECTOR('',#2898,0.393700787401575);
#573=VECTOR('',#2907,0.393700787401575);
#574=VECTOR('',#2908,0.393700787401575);
#575=VECTOR('',#2911,0.393700787401575);
#576=VECTOR('',#2914,0.393700787401575);
#577=VECTOR('',#2917,0.393700787401575);
#578=VECTOR('',#2918,0.393700787401575);
#579=VECTOR('',#2921,0.393700787401575);
#580=VECTOR('',#2924,0.393700787401575);
#581=VECTOR('',#2927,0.393700787401575);
#582=VECTOR('',#2928,0.393700787401575);
#583=VECTOR('',#2931,0.393700787401575);
#584=VECTOR('',#2934,0.393700787401575);
#585=VECTOR('',#2937,0.393700787401575);
#586=VECTOR('',#2940,0.393700787401575);
#587=VECTOR('',#2941,0.393700787401575);
#588=VECTOR('',#2946,0.393700787401575);
#589=VECTOR('',#2959,0.393700787401575);
#590=VECTOR('',#2966,0.393700787401575);
#591=VECTOR('',#2971,0.393700787401575);
#592=VECTOR('',#2974,0.393700787401575);
#593=VECTOR('',#2977,0.393700787401575);
#594=VECTOR('',#2978,0.393700787401575);
#595=VECTOR('',#2979,0.393700787401575);
#596=VECTOR('',#2986,0.393700787401575);
#597=VECTOR('',#2989,0.393700787401575);
#598=VECTOR('',#2990,0.393700787401575);
#599=VECTOR('',#2993,0.393700787401575);
#600=VECTOR('',#2994,0.393700787401575);
#601=VECTOR('',#2999,0.393700787401575);
#602=VECTOR('',#3006,0.393700787401575);
#603=VECTOR('',#3009,0.393700787401575);
#604=VECTOR('',#3012,0.393700787401575);
#605=VECTOR('',#3017,0.393700787401575);
#606=VECTOR('',#3020,0.393700787401575);
#607=VECTOR('',#3023,0.393700787401575);
#608=VECTOR('',#3026,0.393700787401575);
#609=VECTOR('',#3027,0.393700787401575);
#610=VECTOR('',#3030,0.393700787401575);
#611=VECTOR('',#3033,0.393700787401575);
#612=VECTOR('',#3036,0.393700787401575);
#613=CIRCLE('',#2106,0.02);
#614=CIRCLE('',#2107,0.02);
#615=CIRCLE('',#2109,0.0200000393700787);
#616=CIRCLE('',#2110,0.02);
#617=CIRCLE('',#2111,0.02);
#618=CIRCLE('',#2112,0.0200000393700787);
#619=CIRCLE('',#2113,0.02);
#620=CIRCLE('',#2114,0.02);
#621=CIRCLE('',#2115,0.0200000393700787);
#622=CIRCLE('',#2116,0.02);
#623=CIRCLE('',#2117,0.02);
#624=CIRCLE('',#2118,0.0200000393700787);
#625=CIRCLE('',#2119,0.02);
#626=CIRCLE('',#2120,0.02);
#627=CIRCLE('',#2121,0.0200000393700787);
#628=CIRCLE('',#2122,0.02);
#629=CIRCLE('',#2123,0.02);
#630=CIRCLE('',#2124,0.0200000393700787);
#631=CIRCLE('',#2125,0.02);
#632=CIRCLE('',#2126,0.02);
#633=CIRCLE('',#2127,0.0200000393700787);
#634=CIRCLE('',#2128,0.02);
#635=CIRCLE('',#2129,0.02);
#636=CIRCLE('',#2130,0.0200000393700787);
#637=CIRCLE('',#2131,0.02);
#638=CIRCLE('',#2132,0.0299999999999993);
#639=CIRCLE('',#2133,0.0250000393700788);
#640=CIRCLE('',#2134,0.03);
#641=CIRCLE('',#2135,0.03);
#642=CIRCLE('',#2136,0.0250000393700788);
#643=CIRCLE('',#2137,0.0299999999999993);
#644=CIRCLE('',#2138,0.0250000393700788);
#645=CIRCLE('',#2139,0.03);
#646=CIRCLE('',#2140,0.03);
#647=CIRCLE('',#2141,0.0250000393700788);
#648=CIRCLE('',#2142,0.0300000000000001);
#649=CIRCLE('',#2143,0.0250000393700788);
#650=CIRCLE('',#2144,0.03);
#651=CIRCLE('',#2145,0.03);
#652=CIRCLE('',#2146,0.0250000393700787);
#653=CIRCLE('',#2147,0.0300000000000001);
#654=CIRCLE('',#2148,0.0250000393700787);
#655=CIRCLE('',#2149,0.03);
#656=CIRCLE('',#2150,0.03);
#657=CIRCLE('',#2151,0.0250000393700788);
#658=CIRCLE('',#2152,0.03);
#659=CIRCLE('',#2153,0.0250000393700788);
#660=CIRCLE('',#2154,0.03);
#661=CIRCLE('',#2155,0.03);
#662=CIRCLE('',#2156,0.0250000393700788);
#663=CIRCLE('',#2157,0.03);
#664=CIRCLE('',#2158,0.03);
#665=CIRCLE('',#2159,0.0250000393700788);
#666=CIRCLE('',#2160,0.03);
#667=CIRCLE('',#2161,0.03);
#668=CIRCLE('',#2162,0.0250000393700788);
#669=CIRCLE('',#2163,0.03);
#670=CIRCLE('',#2164,0.03);
#671=CIRCLE('',#2165,0.0250000393700788);
#672=CIRCLE('',#2166,0.03);
#673=CIRCLE('',#2167,0.03);
#674=CIRCLE('',#2168,0.0250000393700787);
#675=CIRCLE('',#2169,0.03);
#676=CIRCLE('',#2170,0.03);
#677=CIRCLE('',#2171,0.0250000393700787);
#678=CIRCLE('',#2172,0.03);
#679=CIRCLE('',#2173,0.03);
#680=CIRCLE('',#2174,0.0250000393700788);
#681=CIRCLE('',#2175,0.03);
#682=CIRCLE('',#2177,0.0200000393700787);
#683=CIRCLE('',#2179,0.02);
#684=CIRCLE('',#2181,0.02);
#685=CIRCLE('',#2183,0.0200000393700787);
#686=CIRCLE('',#2185,0.02);
#687=CIRCLE('',#2187,0.02);
#688=CIRCLE('',#2189,0.0200000393700787);
#689=CIRCLE('',#2191,0.02);
#690=CIRCLE('',#2194,0.02);
#691=CIRCLE('',#2197,0.02);
#692=CIRCLE('',#2199,0.0200000393700787);
#693=CIRCLE('',#2201,0.0299999999999993);
#694=CIRCLE('',#2202,0.0250000393700788);
#695=CIRCLE('',#2203,0.03);
#696=CIRCLE('',#2204,0.03);
#697=CIRCLE('',#2205,0.0250000393700788);
#698=CIRCLE('',#2206,0.0299999999999993);
#699=CIRCLE('',#2207,0.0250000393700788);
#700=CIRCLE('',#2208,0.03);
#701=CIRCLE('',#2209,0.03);
#702=CIRCLE('',#2210,0.0250000393700788);
#703=CIRCLE('',#2211,0.03);
#704=CIRCLE('',#2212,0.03);
#705=CIRCLE('',#2213,0.0250000393700788);
#706=CIRCLE('',#2214,0.03);
#707=CIRCLE('',#2215,0.03);
#708=CIRCLE('',#2216,0.0250000393700788);
#709=CIRCLE('',#2217,0.03);
#710=CIRCLE('',#2218,0.03);
#711=CIRCLE('',#2219,0.0250000393700788);
#712=CIRCLE('',#2220,0.03);
#713=CIRCLE('',#2221,0.03);
#714=CIRCLE('',#2222,0.0250000393700788);
#715=CIRCLE('',#2223,0.03);
#716=CIRCLE('',#2224,0.03);
#717=CIRCLE('',#2225,0.0250000393700788);
#718=CIRCLE('',#2226,0.03);
#719=CIRCLE('',#2227,0.03);
#720=CIRCLE('',#2228,0.0250000393700787);
#721=CIRCLE('',#2229,0.03);
#722=CIRCLE('',#2230,0.03);
#723=CIRCLE('',#2231,0.0250000393700787);
#724=CIRCLE('',#2232,0.03);
#725=CIRCLE('',#2233,0.03);
#726=CIRCLE('',#2234,0.0250000393700788);
#727=CIRCLE('',#2235,0.0300000000000001);
#728=CIRCLE('',#2236,0.0250000393700788);
#729=CIRCLE('',#2237,0.03);
#730=CIRCLE('',#2238,0.03);
#731=CIRCLE('',#2239,0.0250000393700787);
#732=CIRCLE('',#2240,0.0300000000000001);
#733=CIRCLE('',#2241,0.0250000393700787);
#734=CIRCLE('',#2242,0.03);
#735=CIRCLE('',#2243,0.03);
#736=CIRCLE('',#2244,0.0250000393700788);
#737=CIRCLE('',#2245,0.02);
#738=CIRCLE('',#2246,0.02);
#739=CIRCLE('',#2247,0.0200000393700787);
#740=CIRCLE('',#2248,0.02);
#741=CIRCLE('',#2249,0.02);
#742=CIRCLE('',#2250,0.0200000393700787);
#743=CIRCLE('',#2251,0.02);
#744=CIRCLE('',#2252,0.02);
#745=CIRCLE('',#2253,0.0200000393700787);
#746=CIRCLE('',#2254,0.02);
#747=CIRCLE('',#2255,0.02);
#748=CIRCLE('',#2256,0.0200000393700787);
#749=CIRCLE('',#2332,0.075);
#750=CIRCLE('',#2336,0.075);
#751=CIRCLE('',#2338,0.075);
#752=CIRCLE('',#2343,0.075);
#753=CIRCLE('',#2347,0.15);
#754=CIRCLE('',#2350,0.15);
#755=CIRCLE('',#2351,0.15);
#756=CIRCLE('',#2352,0.15);
#757=VERTEX_POINT('',#3043);
#758=VERTEX_POINT('',#3044);
#759=VERTEX_POINT('',#3046);
#760=VERTEX_POINT('',#3048);
#761=VERTEX_POINT('',#3052);
#762=VERTEX_POINT('',#3053);
#763=VERTEX_POINT('',#3055);
#764=VERTEX_POINT('',#3057);
#765=VERTEX_POINT('',#3060);
#766=VERTEX_POINT('',#3062);
#767=VERTEX_POINT('',#3064);
#768=VERTEX_POINT('',#3066);
#769=VERTEX_POINT('',#3068);
#770=VERTEX_POINT('',#3070);
#771=VERTEX_POINT('',#3072);
#772=VERTEX_POINT('',#3074);
#773=VERTEX_POINT('',#3076);
#774=VERTEX_POINT('',#3078);
#775=VERTEX_POINT('',#3080);
#776=VERTEX_POINT('',#3082);
#777=VERTEX_POINT('',#3084);
#778=VERTEX_POINT('',#3086);
#779=VERTEX_POINT('',#3089);
#780=VERTEX_POINT('',#3090);
#781=VERTEX_POINT('',#3092);
#782=VERTEX_POINT('',#3094);
#783=VERTEX_POINT('',#3096);
#784=VERTEX_POINT('',#3098);
#785=VERTEX_POINT('',#3100);
#786=VERTEX_POINT('',#3102);
#787=VERTEX_POINT('',#3104);
#788=VERTEX_POINT('',#3106);
#789=VERTEX_POINT('',#3108);
#790=VERTEX_POINT('',#3110);
#791=VERTEX_POINT('',#3112);
#792=VERTEX_POINT('',#3114);
#793=VERTEX_POINT('',#3116);
#794=VERTEX_POINT('',#3118);
#795=VERTEX_POINT('',#3121);
#796=VERTEX_POINT('',#3122);
#797=VERTEX_POINT('',#3124);
#798=VERTEX_POINT('',#3126);
#799=VERTEX_POINT('',#3128);
#800=VERTEX_POINT('',#3130);
#801=VERTEX_POINT('',#3132);
#802=VERTEX_POINT('',#3134);
#803=VERTEX_POINT('',#3136);
#804=VERTEX_POINT('',#3138);
#805=VERTEX_POINT('',#3140);
#806=VERTEX_POINT('',#3142);
#807=VERTEX_POINT('',#3145);
#808=VERTEX_POINT('',#3146);
#809=VERTEX_POINT('',#3148);
#810=VERTEX_POINT('',#3150);
#811=VERTEX_POINT('',#3152);
#812=VERTEX_POINT('',#3154);
#813=VERTEX_POINT('',#3156);
#814=VERTEX_POINT('',#3158);
#815=VERTEX_POINT('',#3160);
#816=VERTEX_POINT('',#3162);
#817=VERTEX_POINT('',#3164);
#818=VERTEX_POINT('',#3166);
#819=VERTEX_POINT('',#3169);
#820=VERTEX_POINT('',#3170);
#821=VERTEX_POINT('',#3172);
#822=VERTEX_POINT('',#3174);
#823=VERTEX_POINT('',#3176);
#824=VERTEX_POINT('',#3178);
#825=VERTEX_POINT('',#3180);
#826=VERTEX_POINT('',#3182);
#827=VERTEX_POINT('',#3184);
#828=VERTEX_POINT('',#3186);
#829=VERTEX_POINT('',#3188);
#830=VERTEX_POINT('',#3190);
#831=VERTEX_POINT('',#3192);
#832=VERTEX_POINT('',#3194);
#833=VERTEX_POINT('',#3196);
#834=VERTEX_POINT('',#3198);
#835=VERTEX_POINT('',#3201);
#836=VERTEX_POINT('',#3202);
#837=VERTEX_POINT('',#3204);
#838=VERTEX_POINT('',#3206);
#839=VERTEX_POINT('',#3208);
#840=VERTEX_POINT('',#3210);
#841=VERTEX_POINT('',#3212);
#842=VERTEX_POINT('',#3214);
#843=VERTEX_POINT('',#3216);
#844=VERTEX_POINT('',#3218);
#845=VERTEX_POINT('',#3220);
#846=VERTEX_POINT('',#3222);
#847=VERTEX_POINT('',#3224);
#848=VERTEX_POINT('',#3226);
#849=VERTEX_POINT('',#3228);
#850=VERTEX_POINT('',#3230);
#851=VERTEX_POINT('',#3234);
#852=VERTEX_POINT('',#3238);
#853=VERTEX_POINT('',#3242);
#854=VERTEX_POINT('',#3244);
#855=VERTEX_POINT('',#3248);
#856=VERTEX_POINT('',#3252);
#857=VERTEX_POINT('',#3256);
#858=VERTEX_POINT('',#3257);
#859=VERTEX_POINT('',#3262);
#860=VERTEX_POINT('',#3266);
#861=VERTEX_POINT('',#3270);
#862=VERTEX_POINT('',#3274);
#863=VERTEX_POINT('',#3276);
#864=VERTEX_POINT('',#3282);
#865=VERTEX_POINT('',#3288);
#866=VERTEX_POINT('',#3289);
#867=VERTEX_POINT('',#3291);
#868=VERTEX_POINT('',#3293);
#869=VERTEX_POINT('',#3298);
#870=VERTEX_POINT('',#3299);
#871=VERTEX_POINT('',#3301);
#872=VERTEX_POINT('',#3303);
#873=VERTEX_POINT('',#3305);
#874=VERTEX_POINT('',#3307);
#875=VERTEX_POINT('',#3309);
#876=VERTEX_POINT('',#3311);
#877=VERTEX_POINT('',#3313);
#878=VERTEX_POINT('',#3315);
#879=VERTEX_POINT('',#3317);
#880=VERTEX_POINT('',#3319);
#881=VERTEX_POINT('',#3322);
#882=VERTEX_POINT('',#3323);
#883=VERTEX_POINT('',#3325);
#884=VERTEX_POINT('',#3327);
#885=VERTEX_POINT('',#3329);
#886=VERTEX_POINT('',#3331);
#887=VERTEX_POINT('',#3333);
#888=VERTEX_POINT('',#3335);
#889=VERTEX_POINT('',#3337);
#890=VERTEX_POINT('',#3339);
#891=VERTEX_POINT('',#3341);
#892=VERTEX_POINT('',#3343);
#893=VERTEX_POINT('',#3345);
#894=VERTEX_POINT('',#3347);
#895=VERTEX_POINT('',#3349);
#896=VERTEX_POINT('',#3351);
#897=VERTEX_POINT('',#3354);
#898=VERTEX_POINT('',#3355);
#899=VERTEX_POINT('',#3357);
#900=VERTEX_POINT('',#3359);
#901=VERTEX_POINT('',#3361);
#902=VERTEX_POINT('',#3363);
#903=VERTEX_POINT('',#3365);
#904=VERTEX_POINT('',#3367);
#905=VERTEX_POINT('',#3369);
#906=VERTEX_POINT('',#3371);
#907=VERTEX_POINT('',#3373);
#908=VERTEX_POINT('',#3375);
#909=VERTEX_POINT('',#3377);
#910=VERTEX_POINT('',#3379);
#911=VERTEX_POINT('',#3381);
#912=VERTEX_POINT('',#3383);
#913=VERTEX_POINT('',#3386);
#914=VERTEX_POINT('',#3387);
#915=VERTEX_POINT('',#3389);
#916=VERTEX_POINT('',#3391);
#917=VERTEX_POINT('',#3393);
#918=VERTEX_POINT('',#3395);
#919=VERTEX_POINT('',#3397);
#920=VERTEX_POINT('',#3399);
#921=VERTEX_POINT('',#3401);
#922=VERTEX_POINT('',#3403);
#923=VERTEX_POINT('',#3405);
#924=VERTEX_POINT('',#3407);
#925=VERTEX_POINT('',#3410);
#926=VERTEX_POINT('',#3411);
#927=VERTEX_POINT('',#3413);
#928=VERTEX_POINT('',#3415);
#929=VERTEX_POINT('',#3417);
#930=VERTEX_POINT('',#3419);
#931=VERTEX_POINT('',#3421);
#932=VERTEX_POINT('',#3423);
#933=VERTEX_POINT('',#3425);
#934=VERTEX_POINT('',#3427);
#935=VERTEX_POINT('',#3429);
#936=VERTEX_POINT('',#3431);
#937=VERTEX_POINT('',#3433);
#938=VERTEX_POINT('',#3435);
#939=VERTEX_POINT('',#3437);
#940=VERTEX_POINT('',#3439);
#941=VERTEX_POINT('',#3589);
#942=VERTEX_POINT('',#3591);
#943=VERTEX_POINT('',#3595);
#944=VERTEX_POINT('',#3597);
#945=VERTEX_POINT('',#3601);
#946=VERTEX_POINT('',#3602);
#947=VERTEX_POINT('',#3604);
#948=VERTEX_POINT('',#3606);
#949=VERTEX_POINT('',#3610);
#950=VERTEX_POINT('',#3612);
#951=VERTEX_POINT('',#3616);
#952=VERTEX_POINT('',#3618);
#953=VERTEX_POINT('',#3628);
#954=VERTEX_POINT('',#3630);
#955=VERTEX_POINT('',#3634);
#956=VERTEX_POINT('',#3636);
#957=VERTEX_POINT('',#3638);
#958=VERTEX_POINT('',#3640);
#959=VERTEX_POINT('',#3642);
#960=VERTEX_POINT('',#3646);
#961=VERTEX_POINT('',#3650);
#962=VERTEX_POINT('',#3652);
#963=VERTEX_POINT('',#3656);
#964=VERTEX_POINT('',#3660);
#965=EDGE_CURVE('',#757,#758,#613,.T.);
#966=EDGE_CURVE('',#758,#759,#293,.T.);
#967=EDGE_CURVE('',#759,#760,#614,.T.);
#968=EDGE_CURVE('',#760,#757,#294,.T.);
#969=EDGE_CURVE('',#761,#762,#295,.T.);
#970=EDGE_CURVE('',#763,#762,#296,.T.);
#971=EDGE_CURVE('',#763,#764,#297,.T.);
#972=EDGE_CURVE('',#761,#764,#298,.T.);
#973=EDGE_CURVE('',#757,#765,#615,.T.);
#974=EDGE_CURVE('',#766,#765,#616,.T.);
#975=EDGE_CURVE('',#766,#767,#299,.T.);
#976=EDGE_CURVE('',#768,#767,#617,.T.);
#977=EDGE_CURVE('',#768,#769,#618,.T.);
#978=EDGE_CURVE('',#770,#769,#619,.T.);
#979=EDGE_CURVE('',#770,#771,#300,.T.);
#980=EDGE_CURVE('',#772,#771,#620,.T.);
#981=EDGE_CURVE('',#772,#773,#621,.T.);
#982=EDGE_CURVE('',#774,#773,#622,.T.);
#983=EDGE_CURVE('',#774,#775,#301,.T.);
#984=EDGE_CURVE('',#776,#775,#623,.T.);
#985=EDGE_CURVE('',#776,#777,#624,.T.);
#986=EDGE_CURVE('',#778,#777,#625,.T.);
#987=EDGE_CURVE('',#778,#758,#302,.T.);
#988=EDGE_CURVE('',#779,#780,#626,.T.);
#989=EDGE_CURVE('',#779,#781,#627,.T.);
#990=EDGE_CURVE('',#782,#781,#628,.T.);
#991=EDGE_CURVE('',#782,#783,#303,.T.);
#992=EDGE_CURVE('',#784,#783,#629,.T.);
#993=EDGE_CURVE('',#784,#785,#630,.T.);
#994=EDGE_CURVE('',#786,#785,#631,.T.);
#995=EDGE_CURVE('',#786,#787,#304,.T.);
#996=EDGE_CURVE('',#788,#787,#632,.T.);
#997=EDGE_CURVE('',#788,#789,#633,.T.);
#998=EDGE_CURVE('',#790,#789,#634,.T.);
#999=EDGE_CURVE('',#790,#791,#305,.T.);
#1000=EDGE_CURVE('',#792,#791,#635,.T.);
#1001=EDGE_CURVE('',#792,#793,#636,.T.);
#1002=EDGE_CURVE('',#794,#793,#637,.T.);
#1003=EDGE_CURVE('',#794,#780,#306,.T.);
#1004=EDGE_CURVE('',#795,#796,#638,.T.);
#1005=EDGE_CURVE('',#795,#797,#639,.T.);
#1006=EDGE_CURVE('',#798,#797,#640,.T.);
#1007=EDGE_CURVE('',#798,#799,#307,.T.);
#1008=EDGE_CURVE('',#800,#799,#641,.T.);
#1009=EDGE_CURVE('',#800,#801,#642,.T.);
#1010=EDGE_CURVE('',#802,#801,#643,.T.);
#1011=EDGE_CURVE('',#802,#803,#644,.T.);
#1012=EDGE_CURVE('',#804,#803,#645,.T.);
#1013=EDGE_CURVE('',#804,#805,#308,.T.);
#1014=EDGE_CURVE('',#806,#805,#646,.T.);
#1015=EDGE_CURVE('',#806,#796,#647,.T.);
#1016=EDGE_CURVE('',#807,#808,#648,.T.);
#1017=EDGE_CURVE('',#807,#809,#649,.T.);
#1018=EDGE_CURVE('',#810,#809,#650,.T.);
#1019=EDGE_CURVE('',#810,#811,#309,.T.);
#1020=EDGE_CURVE('',#812,#811,#651,.T.);
#1021=EDGE_CURVE('',#812,#813,#652,.T.);
#1022=EDGE_CURVE('',#814,#813,#653,.T.);
#1023=EDGE_CURVE('',#814,#815,#654,.T.);
#1024=EDGE_CURVE('',#816,#815,#655,.T.);
#1025=EDGE_CURVE('',#816,#817,#310,.T.);
#1026=EDGE_CURVE('',#818,#817,#656,.T.);
#1027=EDGE_CURVE('',#818,#808,#657,.T.);
#1028=EDGE_CURVE('',#819,#820,#658,.T.);
#1029=EDGE_CURVE('',#819,#821,#659,.T.);
#1030=EDGE_CURVE('',#822,#821,#660,.T.);
#1031=EDGE_CURVE('',#822,#823,#311,.T.);
#1032=EDGE_CURVE('',#824,#823,#661,.T.);
#1033=EDGE_CURVE('',#824,#825,#662,.T.);
#1034=EDGE_CURVE('',#826,#825,#663,.T.);
#1035=EDGE_CURVE('',#826,#827,#312,.T.);
#1036=EDGE_CURVE('',#828,#827,#664,.T.);
#1037=EDGE_CURVE('',#828,#829,#665,.T.);
#1038=EDGE_CURVE('',#830,#829,#666,.T.);
#1039=EDGE_CURVE('',#830,#831,#313,.T.);
#1040=EDGE_CURVE('',#832,#831,#667,.T.);
#1041=EDGE_CURVE('',#832,#833,#668,.T.);
#1042=EDGE_CURVE('',#834,#833,#669,.T.);
#1043=EDGE_CURVE('',#834,#820,#314,.T.);
#1044=EDGE_CURVE('',#835,#836,#670,.T.);
#1045=EDGE_CURVE('',#835,#837,#671,.T.);
#1046=EDGE_CURVE('',#838,#837,#672,.T.);
#1047=EDGE_CURVE('',#838,#839,#315,.T.);
#1048=EDGE_CURVE('',#840,#839,#673,.T.);
#1049=EDGE_CURVE('',#840,#841,#674,.T.);
#1050=EDGE_CURVE('',#842,#841,#675,.T.);
#1051=EDGE_CURVE('',#842,#843,#316,.T.);
#1052=EDGE_CURVE('',#844,#843,#676,.T.);
#1053=EDGE_CURVE('',#844,#845,#677,.T.);
#1054=EDGE_CURVE('',#846,#845,#678,.T.);
#1055=EDGE_CURVE('',#846,#847,#317,.T.);
#1056=EDGE_CURVE('',#848,#847,#679,.T.);
#1057=EDGE_CURVE('',#848,#849,#680,.T.);
#1058=EDGE_CURVE('',#850,#849,#681,.T.);
#1059=EDGE_CURVE('',#850,#836,#318,.T.);
#1060=EDGE_CURVE('',#851,#760,#682,.T.);
#1061=EDGE_CURVE('',#765,#851,#319,.T.);
#1062=EDGE_CURVE('',#851,#852,#683,.T.);
#1063=EDGE_CURVE('',#852,#766,#320,.T.);
#1064=EDGE_CURVE('',#775,#853,#321,.T.);
#1065=EDGE_CURVE('',#853,#854,#684,.T.);
#1066=EDGE_CURVE('',#854,#776,#322,.T.);
#1067=EDGE_CURVE('',#855,#854,#685,.T.);
#1068=EDGE_CURVE('',#777,#855,#323,.T.);
#1069=EDGE_CURVE('',#855,#856,#686,.T.);
#1070=EDGE_CURVE('',#856,#778,#324,.T.);
#1071=EDGE_CURVE('',#857,#858,#687,.T.);
#1072=EDGE_CURVE('',#858,#774,#325,.T.);
#1073=EDGE_CURVE('',#773,#857,#326,.T.);
#1074=EDGE_CURVE('',#859,#772,#327,.T.);
#1075=EDGE_CURVE('',#857,#859,#688,.T.);
#1076=EDGE_CURVE('',#771,#860,#328,.T.);
#1077=EDGE_CURVE('',#860,#859,#689,.T.);
#1078=EDGE_CURVE('',#861,#770,#329,.T.);
#1079=EDGE_CURVE('',#860,#861,#330,.T.);
#1080=EDGE_CURVE('',#767,#862,#331,.T.);
#1081=EDGE_CURVE('',#862,#863,#690,.T.);
#1082=EDGE_CURVE('',#863,#768,#332,.T.);
#1083=EDGE_CURVE('',#862,#852,#333,.T.);
#1084=EDGE_CURVE('',#864,#861,#691,.T.);
#1085=EDGE_CURVE('',#769,#864,#334,.T.);
#1086=EDGE_CURVE('',#864,#863,#692,.T.);
#1087=EDGE_CURVE('',#865,#866,#335,.T.);
#1088=EDGE_CURVE('',#865,#867,#336,.T.);
#1089=EDGE_CURVE('',#868,#867,#337,.T.);
#1090=EDGE_CURVE('',#866,#868,#338,.T.);
#1091=EDGE_CURVE('',#759,#856,#339,.T.);
#1092=EDGE_CURVE('',#853,#858,#340,.T.);
#1093=EDGE_CURVE('',#869,#870,#693,.T.);
#1094=EDGE_CURVE('',#869,#871,#694,.T.);
#1095=EDGE_CURVE('',#872,#871,#695,.T.);
#1096=EDGE_CURVE('',#872,#873,#341,.T.);
#1097=EDGE_CURVE('',#874,#873,#696,.T.);
#1098=EDGE_CURVE('',#874,#875,#697,.T.);
#1099=EDGE_CURVE('',#876,#875,#698,.T.);
#1100=EDGE_CURVE('',#876,#877,#699,.T.);
#1101=EDGE_CURVE('',#878,#877,#700,.T.);
#1102=EDGE_CURVE('',#878,#879,#342,.T.);
#1103=EDGE_CURVE('',#880,#879,#701,.T.);
#1104=EDGE_CURVE('',#880,#870,#702,.T.);
#1105=EDGE_CURVE('',#881,#882,#703,.T.);
#1106=EDGE_CURVE('',#881,#883,#343,.T.);
#1107=EDGE_CURVE('',#884,#883,#704,.T.);
#1108=EDGE_CURVE('',#884,#885,#705,.T.);
#1109=EDGE_CURVE('',#886,#885,#706,.T.);
#1110=EDGE_CURVE('',#886,#887,#344,.T.);
#1111=EDGE_CURVE('',#888,#887,#707,.T.);
#1112=EDGE_CURVE('',#888,#889,#708,.T.);
#1113=EDGE_CURVE('',#890,#889,#709,.T.);
#1114=EDGE_CURVE('',#890,#891,#345,.T.);
#1115=EDGE_CURVE('',#892,#891,#710,.T.);
#1116=EDGE_CURVE('',#892,#893,#711,.T.);
#1117=EDGE_CURVE('',#894,#893,#712,.T.);
#1118=EDGE_CURVE('',#894,#895,#346,.T.);
#1119=EDGE_CURVE('',#896,#895,#713,.T.);
#1120=EDGE_CURVE('',#896,#882,#714,.T.);
#1121=EDGE_CURVE('',#897,#898,#715,.T.);
#1122=EDGE_CURVE('',#897,#899,#347,.T.);
#1123=EDGE_CURVE('',#900,#899,#716,.T.);
#1124=EDGE_CURVE('',#900,#901,#717,.T.);
#1125=EDGE_CURVE('',#902,#901,#718,.T.);
#1126=EDGE_CURVE('',#902,#903,#348,.T.);
#1127=EDGE_CURVE('',#904,#903,#719,.T.);
#1128=EDGE_CURVE('',#904,#905,#720,.T.);
#1129=EDGE_CURVE('',#906,#905,#721,.T.);
#1130=EDGE_CURVE('',#906,#907,#349,.T.);
#1131=EDGE_CURVE('',#908,#907,#722,.T.);
#1132=EDGE_CURVE('',#908,#909,#723,.T.);
#1133=EDGE_CURVE('',#910,#909,#724,.T.);
#1134=EDGE_CURVE('',#910,#911,#350,.T.);
#1135=EDGE_CURVE('',#912,#911,#725,.T.);
#1136=EDGE_CURVE('',#912,#898,#726,.T.);
#1137=EDGE_CURVE('',#913,#914,#727,.T.);
#1138=EDGE_CURVE('',#913,#915,#728,.T.);
#1139=EDGE_CURVE('',#916,#915,#729,.T.);
#1140=EDGE_CURVE('',#916,#917,#351,.T.);
#1141=EDGE_CURVE('',#918,#917,#730,.T.);
#1142=EDGE_CURVE('',#918,#919,#731,.T.);
#1143=EDGE_CURVE('',#920,#919,#732,.T.);
#1144=EDGE_CURVE('',#920,#921,#733,.T.);
#1145=EDGE_CURVE('',#922,#921,#734,.T.);
#1146=EDGE_CURVE('',#922,#923,#352,.T.);
#1147=EDGE_CURVE('',#924,#923,#735,.T.);
#1148=EDGE_CURVE('',#924,#914,#736,.T.);
#1149=EDGE_CURVE('',#925,#926,#737,.T.);
#1150=EDGE_CURVE('',#925,#927,#353,.T.);
#1151=EDGE_CURVE('',#928,#927,#738,.T.);
#1152=EDGE_CURVE('',#928,#929,#739,.T.);
#1153=EDGE_CURVE('',#930,#929,#740,.T.);
#1154=EDGE_CURVE('',#930,#931,#354,.T.);
#1155=EDGE_CURVE('',#932,#931,#741,.T.);
#1156=EDGE_CURVE('',#932,#933,#742,.T.);
#1157=EDGE_CURVE('',#934,#933,#743,.T.);
#1158=EDGE_CURVE('',#934,#935,#355,.T.);
#1159=EDGE_CURVE('',#936,#935,#744,.T.);
#1160=EDGE_CURVE('',#936,#937,#745,.T.);
#1161=EDGE_CURVE('',#938,#937,#746,.T.);
#1162=EDGE_CURVE('',#938,#939,#356,.T.);
#1163=EDGE_CURVE('',#940,#939,#747,.T.);
#1164=EDGE_CURVE('',#940,#926,#748,.T.);
#1165=EDGE_CURVE('',#780,#925,#357,.T.);
#1166=EDGE_CURVE('',#926,#779,#358,.T.);
#1167=EDGE_CURVE('',#781,#940,#359,.T.);
#1168=EDGE_CURVE('',#939,#782,#360,.T.);
#1169=EDGE_CURVE('',#791,#930,#361,.T.);
#1170=EDGE_CURVE('',#929,#792,#362,.T.);
#1171=EDGE_CURVE('',#793,#928,#363,.T.);
#1172=EDGE_CURVE('',#927,#794,#364,.T.);
#1173=EDGE_CURVE('',#931,#790,#365,.T.);
#1174=EDGE_CURVE('',#789,#932,#366,.T.);
#1175=EDGE_CURVE('',#933,#788,#367,.T.);
#1176=EDGE_CURVE('',#787,#934,#368,.T.);
#1177=EDGE_CURVE('',#935,#786,#369,.T.);
#1178=EDGE_CURVE('',#783,#938,#370,.T.);
#1179=EDGE_CURVE('',#937,#784,#371,.T.);
#1180=EDGE_CURVE('',#785,#936,#372,.T.);
#1181=EDGE_CURVE('',#870,#795,#373,.T.);
#1182=EDGE_CURVE('',#796,#869,#374,.T.);
#1183=EDGE_CURVE('',#797,#880,#375,.T.);
#1184=EDGE_CURVE('',#879,#798,#376,.T.);
#1185=EDGE_CURVE('',#805,#872,#377,.T.);
#1186=EDGE_CURVE('',#871,#806,#378,.T.);
#1187=EDGE_CURVE('',#873,#804,#379,.T.);
#1188=EDGE_CURVE('',#803,#874,#380,.T.);
#1189=EDGE_CURVE('',#875,#802,#381,.T.);
#1190=EDGE_CURVE('',#801,#876,#382,.T.);
#1191=EDGE_CURVE('',#877,#800,#383,.T.);
#1192=EDGE_CURVE('',#799,#878,#384,.T.);
#1193=EDGE_CURVE('',#914,#807,#385,.T.);
#1194=EDGE_CURVE('',#808,#913,#386,.T.);
#1195=EDGE_CURVE('',#809,#924,#387,.T.);
#1196=EDGE_CURVE('',#923,#810,#388,.T.);
#1197=EDGE_CURVE('',#817,#916,#389,.T.);
#1198=EDGE_CURVE('',#915,#818,#390,.T.);
#1199=EDGE_CURVE('',#917,#816,#391,.T.);
#1200=EDGE_CURVE('',#815,#918,#392,.T.);
#1201=EDGE_CURVE('',#919,#814,#393,.T.);
#1202=EDGE_CURVE('',#813,#920,#394,.T.);
#1203=EDGE_CURVE('',#921,#812,#395,.T.);
#1204=EDGE_CURVE('',#811,#922,#396,.T.);
#1205=EDGE_CURVE('',#820,#881,#397,.T.);
#1206=EDGE_CURVE('',#882,#819,#398,.T.);
#1207=EDGE_CURVE('',#821,#896,#399,.T.);
#1208=EDGE_CURVE('',#895,#822,#400,.T.);
#1209=EDGE_CURVE('',#831,#886,#401,.T.);
#1210=EDGE_CURVE('',#885,#832,#402,.T.);
#1211=EDGE_CURVE('',#833,#884,#403,.T.);
#1212=EDGE_CURVE('',#883,#834,#404,.T.);
#1213=EDGE_CURVE('',#887,#830,#405,.T.);
#1214=EDGE_CURVE('',#829,#888,#406,.T.);
#1215=EDGE_CURVE('',#889,#828,#407,.T.);
#1216=EDGE_CURVE('',#827,#890,#408,.T.);
#1217=EDGE_CURVE('',#891,#826,#409,.T.);
#1218=EDGE_CURVE('',#823,#894,#410,.T.);
#1219=EDGE_CURVE('',#893,#824,#411,.T.);
#1220=EDGE_CURVE('',#825,#892,#412,.T.);
#1221=EDGE_CURVE('',#836,#897,#413,.T.);
#1222=EDGE_CURVE('',#898,#835,#414,.T.);
#1223=EDGE_CURVE('',#837,#912,#415,.T.);
#1224=EDGE_CURVE('',#911,#838,#416,.T.);
#1225=EDGE_CURVE('',#847,#902,#417,.T.);
#1226=EDGE_CURVE('',#901,#848,#418,.T.);
#1227=EDGE_CURVE('',#849,#900,#419,.T.);
#1228=EDGE_CURVE('',#899,#850,#420,.T.);
#1229=EDGE_CURVE('',#903,#846,#421,.T.);
#1230=EDGE_CURVE('',#845,#904,#422,.T.);
#1231=EDGE_CURVE('',#905,#844,#423,.T.);
#1232=EDGE_CURVE('',#843,#906,#424,.T.);
#1233=EDGE_CURVE('',#907,#842,#425,.T.);
#1234=EDGE_CURVE('',#839,#910,#426,.T.);
#1235=EDGE_CURVE('',#909,#840,#427,.T.);
#1236=EDGE_CURVE('',#841,#908,#428,.T.);
#1237=EDGE_CURVE('',#762,#941,#749,.T.);
#1238=EDGE_CURVE('',#942,#761,#15,.T.);
#1239=EDGE_CURVE('',#941,#942,#429,.T.);
#1240=EDGE_CURVE('',#764,#943,#16,.T.);
#1241=EDGE_CURVE('',#944,#763,#750,.T.);
#1242=EDGE_CURVE('',#943,#944,#430,.T.);
#1243=EDGE_CURVE('',#945,#946,#751,.T.);
#1244=EDGE_CURVE('',#947,#945,#431,.T.);
#1245=EDGE_CURVE('',#948,#947,#17,.T.);
#1246=EDGE_CURVE('',#946,#948,#432,.T.);
#1247=EDGE_CURVE('',#949,#945,#433,.T.);
#1248=EDGE_CURVE('',#949,#950,#434,.T.);
#1249=EDGE_CURVE('',#947,#950,#435,.T.);
#1250=EDGE_CURVE('',#950,#951,#18,.T.);
#1251=EDGE_CURVE('',#952,#949,#752,.T.);
#1252=EDGE_CURVE('',#951,#952,#436,.T.);
#1253=EDGE_CURVE('',#951,#942,#437,.T.);
#1254=EDGE_CURVE('',#941,#952,#438,.T.);
#1255=EDGE_CURVE('',#946,#944,#439,.T.);
#1256=EDGE_CURVE('',#943,#948,#440,.T.);
#1257=EDGE_CURVE('',#866,#953,#753,.T.);
#1258=EDGE_CURVE('',#953,#954,#441,.T.);
#1259=EDGE_CURVE('',#954,#865,#19,.T.);
#1260=EDGE_CURVE('',#955,#868,#754,.T.);
#1261=EDGE_CURVE('',#956,#955,#442,.T.);
#1262=EDGE_CURVE('',#957,#956,#755,.T.);
#1263=EDGE_CURVE('',#958,#957,#443,.T.);
#1264=EDGE_CURVE('',#959,#958,#756,.T.);
#1265=EDGE_CURVE('',#953,#959,#444,.T.);
#1266=EDGE_CURVE('',#867,#960,#20,.T.);
#1267=EDGE_CURVE('',#960,#955,#445,.T.);
#1268=EDGE_CURVE('',#956,#961,#446,.T.);
#1269=EDGE_CURVE('',#961,#962,#21,.T.);
#1270=EDGE_CURVE('',#962,#957,#447,.T.);
#1271=EDGE_CURVE('',#962,#963,#448,.T.);
#1272=EDGE_CURVE('',#958,#963,#449,.T.);
#1273=EDGE_CURVE('',#964,#954,#450,.T.);
#1274=EDGE_CURVE('',#963,#964,#22,.T.);
#1275=EDGE_CURVE('',#960,#961,#451,.T.);
#1276=EDGE_CURVE('',#964,#959,#452,.T.);
#1277=ORIENTED_EDGE('',*,*,#965,.T.);
#1278=ORIENTED_EDGE('',*,*,#966,.T.);
#1279=ORIENTED_EDGE('',*,*,#967,.T.);
#1280=ORIENTED_EDGE('',*,*,#968,.T.);
#1281=ORIENTED_EDGE('',*,*,#969,.T.);
#1282=ORIENTED_EDGE('',*,*,#970,.F.);
#1283=ORIENTED_EDGE('',*,*,#971,.T.);
#1284=ORIENTED_EDGE('',*,*,#972,.F.);
#1285=ORIENTED_EDGE('',*,*,#965,.F.);
#1286=ORIENTED_EDGE('',*,*,#973,.T.);
#1287=ORIENTED_EDGE('',*,*,#974,.F.);
#1288=ORIENTED_EDGE('',*,*,#975,.T.);
#1289=ORIENTED_EDGE('',*,*,#976,.F.);
#1290=ORIENTED_EDGE('',*,*,#977,.T.);
#1291=ORIENTED_EDGE('',*,*,#978,.F.);
#1292=ORIENTED_EDGE('',*,*,#979,.T.);
#1293=ORIENTED_EDGE('',*,*,#980,.F.);
#1294=ORIENTED_EDGE('',*,*,#981,.T.);
#1295=ORIENTED_EDGE('',*,*,#982,.F.);
#1296=ORIENTED_EDGE('',*,*,#983,.T.);
#1297=ORIENTED_EDGE('',*,*,#984,.F.);
#1298=ORIENTED_EDGE('',*,*,#985,.T.);
#1299=ORIENTED_EDGE('',*,*,#986,.F.);
#1300=ORIENTED_EDGE('',*,*,#987,.T.);
#1301=ORIENTED_EDGE('',*,*,#988,.F.);
#1302=ORIENTED_EDGE('',*,*,#989,.T.);
#1303=ORIENTED_EDGE('',*,*,#990,.F.);
#1304=ORIENTED_EDGE('',*,*,#991,.T.);
#1305=ORIENTED_EDGE('',*,*,#992,.F.);
#1306=ORIENTED_EDGE('',*,*,#993,.T.);
#1307=ORIENTED_EDGE('',*,*,#994,.F.);
#1308=ORIENTED_EDGE('',*,*,#995,.T.);
#1309=ORIENTED_EDGE('',*,*,#996,.F.);
#1310=ORIENTED_EDGE('',*,*,#997,.T.);
#1311=ORIENTED_EDGE('',*,*,#998,.F.);
#1312=ORIENTED_EDGE('',*,*,#999,.T.);
#1313=ORIENTED_EDGE('',*,*,#1000,.F.);
#1314=ORIENTED_EDGE('',*,*,#1001,.T.);
#1315=ORIENTED_EDGE('',*,*,#1002,.F.);
#1316=ORIENTED_EDGE('',*,*,#1003,.T.);
#1317=ORIENTED_EDGE('',*,*,#1004,.F.);
#1318=ORIENTED_EDGE('',*,*,#1005,.T.);
#1319=ORIENTED_EDGE('',*,*,#1006,.F.);
#1320=ORIENTED_EDGE('',*,*,#1007,.T.);
#1321=ORIENTED_EDGE('',*,*,#1008,.F.);
#1322=ORIENTED_EDGE('',*,*,#1009,.T.);
#1323=ORIENTED_EDGE('',*,*,#1010,.F.);
#1324=ORIENTED_EDGE('',*,*,#1011,.T.);
#1325=ORIENTED_EDGE('',*,*,#1012,.F.);
#1326=ORIENTED_EDGE('',*,*,#1013,.T.);
#1327=ORIENTED_EDGE('',*,*,#1014,.F.);
#1328=ORIENTED_EDGE('',*,*,#1015,.T.);
#1329=ORIENTED_EDGE('',*,*,#1016,.F.);
#1330=ORIENTED_EDGE('',*,*,#1017,.T.);
#1331=ORIENTED_EDGE('',*,*,#1018,.F.);
#1332=ORIENTED_EDGE('',*,*,#1019,.T.);
#1333=ORIENTED_EDGE('',*,*,#1020,.F.);
#1334=ORIENTED_EDGE('',*,*,#1021,.T.);
#1335=ORIENTED_EDGE('',*,*,#1022,.F.);
#1336=ORIENTED_EDGE('',*,*,#1023,.T.);
#1337=ORIENTED_EDGE('',*,*,#1024,.F.);
#1338=ORIENTED_EDGE('',*,*,#1025,.T.);
#1339=ORIENTED_EDGE('',*,*,#1026,.F.);
#1340=ORIENTED_EDGE('',*,*,#1027,.T.);
#1341=ORIENTED_EDGE('',*,*,#1028,.F.);
#1342=ORIENTED_EDGE('',*,*,#1029,.T.);
#1343=ORIENTED_EDGE('',*,*,#1030,.F.);
#1344=ORIENTED_EDGE('',*,*,#1031,.T.);
#1345=ORIENTED_EDGE('',*,*,#1032,.F.);
#1346=ORIENTED_EDGE('',*,*,#1033,.T.);
#1347=ORIENTED_EDGE('',*,*,#1034,.F.);
#1348=ORIENTED_EDGE('',*,*,#1035,.T.);
#1349=ORIENTED_EDGE('',*,*,#1036,.F.);
#1350=ORIENTED_EDGE('',*,*,#1037,.T.);
#1351=ORIENTED_EDGE('',*,*,#1038,.F.);
#1352=ORIENTED_EDGE('',*,*,#1039,.T.);
#1353=ORIENTED_EDGE('',*,*,#1040,.F.);
#1354=ORIENTED_EDGE('',*,*,#1041,.T.);
#1355=ORIENTED_EDGE('',*,*,#1042,.F.);
#1356=ORIENTED_EDGE('',*,*,#1043,.T.);
#1357=ORIENTED_EDGE('',*,*,#1044,.F.);
#1358=ORIENTED_EDGE('',*,*,#1045,.T.);
#1359=ORIENTED_EDGE('',*,*,#1046,.F.);
#1360=ORIENTED_EDGE('',*,*,#1047,.T.);
#1361=ORIENTED_EDGE('',*,*,#1048,.F.);
#1362=ORIENTED_EDGE('',*,*,#1049,.T.);
#1363=ORIENTED_EDGE('',*,*,#1050,.F.);
#1364=ORIENTED_EDGE('',*,*,#1051,.T.);
#1365=ORIENTED_EDGE('',*,*,#1052,.F.);
#1366=ORIENTED_EDGE('',*,*,#1053,.T.);
#1367=ORIENTED_EDGE('',*,*,#1054,.F.);
#1368=ORIENTED_EDGE('',*,*,#1055,.T.);
#1369=ORIENTED_EDGE('',*,*,#1056,.F.);
#1370=ORIENTED_EDGE('',*,*,#1057,.T.);
#1371=ORIENTED_EDGE('',*,*,#1058,.F.);
#1372=ORIENTED_EDGE('',*,*,#1059,.T.);
#1373=ORIENTED_EDGE('',*,*,#968,.F.);
#1374=ORIENTED_EDGE('',*,*,#1060,.F.);
#1375=ORIENTED_EDGE('',*,*,#1061,.F.);
#1376=ORIENTED_EDGE('',*,*,#973,.F.);
#1377=ORIENTED_EDGE('',*,*,#1062,.T.);
#1378=ORIENTED_EDGE('',*,*,#1063,.T.);
#1379=ORIENTED_EDGE('',*,*,#974,.T.);
#1380=ORIENTED_EDGE('',*,*,#1061,.T.);
#1381=ORIENTED_EDGE('',*,*,#984,.T.);
#1382=ORIENTED_EDGE('',*,*,#1064,.T.);
#1383=ORIENTED_EDGE('',*,*,#1065,.T.);
#1384=ORIENTED_EDGE('',*,*,#1066,.T.);
#1385=ORIENTED_EDGE('',*,*,#1066,.F.);
#1386=ORIENTED_EDGE('',*,*,#1067,.F.);
#1387=ORIENTED_EDGE('',*,*,#1068,.F.);
#1388=ORIENTED_EDGE('',*,*,#985,.F.);
#1389=ORIENTED_EDGE('',*,*,#1069,.T.);
#1390=ORIENTED_EDGE('',*,*,#1070,.T.);
#1391=ORIENTED_EDGE('',*,*,#986,.T.);
#1392=ORIENTED_EDGE('',*,*,#1068,.T.);
#1393=ORIENTED_EDGE('',*,*,#1071,.T.);
#1394=ORIENTED_EDGE('',*,*,#1072,.T.);
#1395=ORIENTED_EDGE('',*,*,#982,.T.);
#1396=ORIENTED_EDGE('',*,*,#1073,.T.);
#1397=ORIENTED_EDGE('',*,*,#1073,.F.);
#1398=ORIENTED_EDGE('',*,*,#981,.F.);
#1399=ORIENTED_EDGE('',*,*,#1074,.F.);
#1400=ORIENTED_EDGE('',*,*,#1075,.F.);
#1401=ORIENTED_EDGE('',*,*,#980,.T.);
#1402=ORIENTED_EDGE('',*,*,#1076,.T.);
#1403=ORIENTED_EDGE('',*,*,#1077,.T.);
#1404=ORIENTED_EDGE('',*,*,#1074,.T.);
#1405=ORIENTED_EDGE('',*,*,#1076,.F.);
#1406=ORIENTED_EDGE('',*,*,#979,.F.);
#1407=ORIENTED_EDGE('',*,*,#1078,.F.);
#1408=ORIENTED_EDGE('',*,*,#1079,.F.);
#1409=ORIENTED_EDGE('',*,*,#976,.T.);
#1410=ORIENTED_EDGE('',*,*,#1080,.T.);
#1411=ORIENTED_EDGE('',*,*,#1081,.T.);
#1412=ORIENTED_EDGE('',*,*,#1082,.T.);
#1413=ORIENTED_EDGE('',*,*,#1063,.F.);
#1414=ORIENTED_EDGE('',*,*,#1083,.F.);
#1415=ORIENTED_EDGE('',*,*,#1080,.F.);
#1416=ORIENTED_EDGE('',*,*,#975,.F.);
#1417=ORIENTED_EDGE('',*,*,#1084,.T.);
#1418=ORIENTED_EDGE('',*,*,#1078,.T.);
#1419=ORIENTED_EDGE('',*,*,#978,.T.);
#1420=ORIENTED_EDGE('',*,*,#1085,.T.);
#1421=ORIENTED_EDGE('',*,*,#1082,.F.);
#1422=ORIENTED_EDGE('',*,*,#1086,.F.);
#1423=ORIENTED_EDGE('',*,*,#1085,.F.);
#1424=ORIENTED_EDGE('',*,*,#977,.F.);
#1425=ORIENTED_EDGE('',*,*,#1087,.F.);
#1426=ORIENTED_EDGE('',*,*,#1088,.T.);
#1427=ORIENTED_EDGE('',*,*,#1089,.F.);
#1428=ORIENTED_EDGE('',*,*,#1090,.F.);
#1429=ORIENTED_EDGE('',*,*,#967,.F.);
#1430=ORIENTED_EDGE('',*,*,#1091,.T.);
#1431=ORIENTED_EDGE('',*,*,#1069,.F.);
#1432=ORIENTED_EDGE('',*,*,#1067,.T.);
#1433=ORIENTED_EDGE('',*,*,#1065,.F.);
#1434=ORIENTED_EDGE('',*,*,#1092,.T.);
#1435=ORIENTED_EDGE('',*,*,#1071,.F.);
#1436=ORIENTED_EDGE('',*,*,#1075,.T.);
#1437=ORIENTED_EDGE('',*,*,#1077,.F.);
#1438=ORIENTED_EDGE('',*,*,#1079,.T.);
#1439=ORIENTED_EDGE('',*,*,#1084,.F.);
#1440=ORIENTED_EDGE('',*,*,#1086,.T.);
#1441=ORIENTED_EDGE('',*,*,#1081,.F.);
#1442=ORIENTED_EDGE('',*,*,#1083,.T.);
#1443=ORIENTED_EDGE('',*,*,#1062,.F.);
#1444=ORIENTED_EDGE('',*,*,#1060,.T.);
#1445=ORIENTED_EDGE('',*,*,#1093,.F.);
#1446=ORIENTED_EDGE('',*,*,#1094,.T.);
#1447=ORIENTED_EDGE('',*,*,#1095,.F.);
#1448=ORIENTED_EDGE('',*,*,#1096,.T.);
#1449=ORIENTED_EDGE('',*,*,#1097,.F.);
#1450=ORIENTED_EDGE('',*,*,#1098,.T.);
#1451=ORIENTED_EDGE('',*,*,#1099,.F.);
#1452=ORIENTED_EDGE('',*,*,#1100,.T.);
#1453=ORIENTED_EDGE('',*,*,#1101,.F.);
#1454=ORIENTED_EDGE('',*,*,#1102,.T.);
#1455=ORIENTED_EDGE('',*,*,#1103,.F.);
#1456=ORIENTED_EDGE('',*,*,#1104,.T.);
#1457=ORIENTED_EDGE('',*,*,#1105,.F.);
#1458=ORIENTED_EDGE('',*,*,#1106,.T.);
#1459=ORIENTED_EDGE('',*,*,#1107,.F.);
#1460=ORIENTED_EDGE('',*,*,#1108,.T.);
#1461=ORIENTED_EDGE('',*,*,#1109,.F.);
#1462=ORIENTED_EDGE('',*,*,#1110,.T.);
#1463=ORIENTED_EDGE('',*,*,#1111,.F.);
#1464=ORIENTED_EDGE('',*,*,#1112,.T.);
#1465=ORIENTED_EDGE('',*,*,#1113,.F.);
#1466=ORIENTED_EDGE('',*,*,#1114,.T.);
#1467=ORIENTED_EDGE('',*,*,#1115,.F.);
#1468=ORIENTED_EDGE('',*,*,#1116,.T.);
#1469=ORIENTED_EDGE('',*,*,#1117,.F.);
#1470=ORIENTED_EDGE('',*,*,#1118,.T.);
#1471=ORIENTED_EDGE('',*,*,#1119,.F.);
#1472=ORIENTED_EDGE('',*,*,#1120,.T.);
#1473=ORIENTED_EDGE('',*,*,#1121,.F.);
#1474=ORIENTED_EDGE('',*,*,#1122,.T.);
#1475=ORIENTED_EDGE('',*,*,#1123,.F.);
#1476=ORIENTED_EDGE('',*,*,#1124,.T.);
#1477=ORIENTED_EDGE('',*,*,#1125,.F.);
#1478=ORIENTED_EDGE('',*,*,#1126,.T.);
#1479=ORIENTED_EDGE('',*,*,#1127,.F.);
#1480=ORIENTED_EDGE('',*,*,#1128,.T.);
#1481=ORIENTED_EDGE('',*,*,#1129,.F.);
#1482=ORIENTED_EDGE('',*,*,#1130,.T.);
#1483=ORIENTED_EDGE('',*,*,#1131,.F.);
#1484=ORIENTED_EDGE('',*,*,#1132,.T.);
#1485=ORIENTED_EDGE('',*,*,#1133,.F.);
#1486=ORIENTED_EDGE('',*,*,#1134,.T.);
#1487=ORIENTED_EDGE('',*,*,#1135,.F.);
#1488=ORIENTED_EDGE('',*,*,#1136,.T.);
#1489=ORIENTED_EDGE('',*,*,#1137,.F.);
#1490=ORIENTED_EDGE('',*,*,#1138,.T.);
#1491=ORIENTED_EDGE('',*,*,#1139,.F.);
#1492=ORIENTED_EDGE('',*,*,#1140,.T.);
#1493=ORIENTED_EDGE('',*,*,#1141,.F.);
#1494=ORIENTED_EDGE('',*,*,#1142,.T.);
#1495=ORIENTED_EDGE('',*,*,#1143,.F.);
#1496=ORIENTED_EDGE('',*,*,#1144,.T.);
#1497=ORIENTED_EDGE('',*,*,#1145,.F.);
#1498=ORIENTED_EDGE('',*,*,#1146,.T.);
#1499=ORIENTED_EDGE('',*,*,#1147,.F.);
#1500=ORIENTED_EDGE('',*,*,#1148,.T.);
#1501=ORIENTED_EDGE('',*,*,#1149,.F.);
#1502=ORIENTED_EDGE('',*,*,#1150,.T.);
#1503=ORIENTED_EDGE('',*,*,#1151,.F.);
#1504=ORIENTED_EDGE('',*,*,#1152,.T.);
#1505=ORIENTED_EDGE('',*,*,#1153,.F.);
#1506=ORIENTED_EDGE('',*,*,#1154,.T.);
#1507=ORIENTED_EDGE('',*,*,#1155,.F.);
#1508=ORIENTED_EDGE('',*,*,#1156,.T.);
#1509=ORIENTED_EDGE('',*,*,#1157,.F.);
#1510=ORIENTED_EDGE('',*,*,#1158,.T.);
#1511=ORIENTED_EDGE('',*,*,#1159,.F.);
#1512=ORIENTED_EDGE('',*,*,#1160,.T.);
#1513=ORIENTED_EDGE('',*,*,#1161,.F.);
#1514=ORIENTED_EDGE('',*,*,#1162,.T.);
#1515=ORIENTED_EDGE('',*,*,#1163,.F.);
#1516=ORIENTED_EDGE('',*,*,#1164,.T.);
#1517=ORIENTED_EDGE('',*,*,#966,.F.);
#1518=ORIENTED_EDGE('',*,*,#987,.F.);
#1519=ORIENTED_EDGE('',*,*,#1070,.F.);
#1520=ORIENTED_EDGE('',*,*,#1091,.F.);
#1521=ORIENTED_EDGE('',*,*,#1064,.F.);
#1522=ORIENTED_EDGE('',*,*,#983,.F.);
#1523=ORIENTED_EDGE('',*,*,#1072,.F.);
#1524=ORIENTED_EDGE('',*,*,#1092,.F.);
#1525=ORIENTED_EDGE('',*,*,#988,.T.);
#1526=ORIENTED_EDGE('',*,*,#1165,.T.);
#1527=ORIENTED_EDGE('',*,*,#1149,.T.);
#1528=ORIENTED_EDGE('',*,*,#1166,.T.);
#1529=ORIENTED_EDGE('',*,*,#1166,.F.);
#1530=ORIENTED_EDGE('',*,*,#1164,.F.);
#1531=ORIENTED_EDGE('',*,*,#1167,.F.);
#1532=ORIENTED_EDGE('',*,*,#989,.F.);
#1533=ORIENTED_EDGE('',*,*,#1163,.T.);
#1534=ORIENTED_EDGE('',*,*,#1168,.T.);
#1535=ORIENTED_EDGE('',*,*,#990,.T.);
#1536=ORIENTED_EDGE('',*,*,#1167,.T.);
#1537=ORIENTED_EDGE('',*,*,#1000,.T.);
#1538=ORIENTED_EDGE('',*,*,#1169,.T.);
#1539=ORIENTED_EDGE('',*,*,#1153,.T.);
#1540=ORIENTED_EDGE('',*,*,#1170,.T.);
#1541=ORIENTED_EDGE('',*,*,#1170,.F.);
#1542=ORIENTED_EDGE('',*,*,#1152,.F.);
#1543=ORIENTED_EDGE('',*,*,#1171,.F.);
#1544=ORIENTED_EDGE('',*,*,#1001,.F.);
#1545=ORIENTED_EDGE('',*,*,#1151,.T.);
#1546=ORIENTED_EDGE('',*,*,#1172,.T.);
#1547=ORIENTED_EDGE('',*,*,#1002,.T.);
#1548=ORIENTED_EDGE('',*,*,#1171,.T.);
#1549=ORIENTED_EDGE('',*,*,#1155,.T.);
#1550=ORIENTED_EDGE('',*,*,#1173,.T.);
#1551=ORIENTED_EDGE('',*,*,#998,.T.);
#1552=ORIENTED_EDGE('',*,*,#1174,.T.);
#1553=ORIENTED_EDGE('',*,*,#1174,.F.);
#1554=ORIENTED_EDGE('',*,*,#997,.F.);
#1555=ORIENTED_EDGE('',*,*,#1175,.F.);
#1556=ORIENTED_EDGE('',*,*,#1156,.F.);
#1557=ORIENTED_EDGE('',*,*,#996,.T.);
#1558=ORIENTED_EDGE('',*,*,#1176,.T.);
#1559=ORIENTED_EDGE('',*,*,#1157,.T.);
#1560=ORIENTED_EDGE('',*,*,#1175,.T.);
#1561=ORIENTED_EDGE('',*,*,#1176,.F.);
#1562=ORIENTED_EDGE('',*,*,#995,.F.);
#1563=ORIENTED_EDGE('',*,*,#1177,.F.);
#1564=ORIENTED_EDGE('',*,*,#1158,.F.);
#1565=ORIENTED_EDGE('',*,*,#992,.T.);
#1566=ORIENTED_EDGE('',*,*,#1178,.T.);
#1567=ORIENTED_EDGE('',*,*,#1161,.T.);
#1568=ORIENTED_EDGE('',*,*,#1179,.T.);
#1569=ORIENTED_EDGE('',*,*,#1168,.F.);
#1570=ORIENTED_EDGE('',*,*,#1162,.F.);
#1571=ORIENTED_EDGE('',*,*,#1178,.F.);
#1572=ORIENTED_EDGE('',*,*,#991,.F.);
#1573=ORIENTED_EDGE('',*,*,#1159,.T.);
#1574=ORIENTED_EDGE('',*,*,#1177,.T.);
#1575=ORIENTED_EDGE('',*,*,#994,.T.);
#1576=ORIENTED_EDGE('',*,*,#1180,.T.);
#1577=ORIENTED_EDGE('',*,*,#1179,.F.);
#1578=ORIENTED_EDGE('',*,*,#1160,.F.);
#1579=ORIENTED_EDGE('',*,*,#1180,.F.);
#1580=ORIENTED_EDGE('',*,*,#993,.F.);
#1581=ORIENTED_EDGE('',*,*,#1165,.F.);
#1582=ORIENTED_EDGE('',*,*,#1003,.F.);
#1583=ORIENTED_EDGE('',*,*,#1172,.F.);
#1584=ORIENTED_EDGE('',*,*,#1150,.F.);
#1585=ORIENTED_EDGE('',*,*,#1169,.F.);
#1586=ORIENTED_EDGE('',*,*,#999,.F.);
#1587=ORIENTED_EDGE('',*,*,#1173,.F.);
#1588=ORIENTED_EDGE('',*,*,#1154,.F.);
#1589=ORIENTED_EDGE('',*,*,#1093,.T.);
#1590=ORIENTED_EDGE('',*,*,#1181,.T.);
#1591=ORIENTED_EDGE('',*,*,#1004,.T.);
#1592=ORIENTED_EDGE('',*,*,#1182,.T.);
#1593=ORIENTED_EDGE('',*,*,#1181,.F.);
#1594=ORIENTED_EDGE('',*,*,#1104,.F.);
#1595=ORIENTED_EDGE('',*,*,#1183,.F.);
#1596=ORIENTED_EDGE('',*,*,#1005,.F.);
#1597=ORIENTED_EDGE('',*,*,#1103,.T.);
#1598=ORIENTED_EDGE('',*,*,#1184,.T.);
#1599=ORIENTED_EDGE('',*,*,#1006,.T.);
#1600=ORIENTED_EDGE('',*,*,#1183,.T.);
#1601=ORIENTED_EDGE('',*,*,#1014,.T.);
#1602=ORIENTED_EDGE('',*,*,#1185,.T.);
#1603=ORIENTED_EDGE('',*,*,#1095,.T.);
#1604=ORIENTED_EDGE('',*,*,#1186,.T.);
#1605=ORIENTED_EDGE('',*,*,#1182,.F.);
#1606=ORIENTED_EDGE('',*,*,#1015,.F.);
#1607=ORIENTED_EDGE('',*,*,#1186,.F.);
#1608=ORIENTED_EDGE('',*,*,#1094,.F.);
#1609=ORIENTED_EDGE('',*,*,#1097,.T.);
#1610=ORIENTED_EDGE('',*,*,#1187,.T.);
#1611=ORIENTED_EDGE('',*,*,#1012,.T.);
#1612=ORIENTED_EDGE('',*,*,#1188,.T.);
#1613=ORIENTED_EDGE('',*,*,#1188,.F.);
#1614=ORIENTED_EDGE('',*,*,#1011,.F.);
#1615=ORIENTED_EDGE('',*,*,#1189,.F.);
#1616=ORIENTED_EDGE('',*,*,#1098,.F.);
#1617=ORIENTED_EDGE('',*,*,#1099,.T.);
#1618=ORIENTED_EDGE('',*,*,#1189,.T.);
#1619=ORIENTED_EDGE('',*,*,#1010,.T.);
#1620=ORIENTED_EDGE('',*,*,#1190,.T.);
#1621=ORIENTED_EDGE('',*,*,#1190,.F.);
#1622=ORIENTED_EDGE('',*,*,#1009,.F.);
#1623=ORIENTED_EDGE('',*,*,#1191,.F.);
#1624=ORIENTED_EDGE('',*,*,#1100,.F.);
#1625=ORIENTED_EDGE('',*,*,#1008,.T.);
#1626=ORIENTED_EDGE('',*,*,#1192,.T.);
#1627=ORIENTED_EDGE('',*,*,#1101,.T.);
#1628=ORIENTED_EDGE('',*,*,#1191,.T.);
#1629=ORIENTED_EDGE('',*,*,#1184,.F.);
#1630=ORIENTED_EDGE('',*,*,#1102,.F.);
#1631=ORIENTED_EDGE('',*,*,#1192,.F.);
#1632=ORIENTED_EDGE('',*,*,#1007,.F.);
#1633=ORIENTED_EDGE('',*,*,#1185,.F.);
#1634=ORIENTED_EDGE('',*,*,#1013,.F.);
#1635=ORIENTED_EDGE('',*,*,#1187,.F.);
#1636=ORIENTED_EDGE('',*,*,#1096,.F.);
#1637=ORIENTED_EDGE('',*,*,#1137,.T.);
#1638=ORIENTED_EDGE('',*,*,#1193,.T.);
#1639=ORIENTED_EDGE('',*,*,#1016,.T.);
#1640=ORIENTED_EDGE('',*,*,#1194,.T.);
#1641=ORIENTED_EDGE('',*,*,#1193,.F.);
#1642=ORIENTED_EDGE('',*,*,#1148,.F.);
#1643=ORIENTED_EDGE('',*,*,#1195,.F.);
#1644=ORIENTED_EDGE('',*,*,#1017,.F.);
#1645=ORIENTED_EDGE('',*,*,#1147,.T.);
#1646=ORIENTED_EDGE('',*,*,#1196,.T.);
#1647=ORIENTED_EDGE('',*,*,#1018,.T.);
#1648=ORIENTED_EDGE('',*,*,#1195,.T.);
#1649=ORIENTED_EDGE('',*,*,#1026,.T.);
#1650=ORIENTED_EDGE('',*,*,#1197,.T.);
#1651=ORIENTED_EDGE('',*,*,#1139,.T.);
#1652=ORIENTED_EDGE('',*,*,#1198,.T.);
#1653=ORIENTED_EDGE('',*,*,#1194,.F.);
#1654=ORIENTED_EDGE('',*,*,#1027,.F.);
#1655=ORIENTED_EDGE('',*,*,#1198,.F.);
#1656=ORIENTED_EDGE('',*,*,#1138,.F.);
#1657=ORIENTED_EDGE('',*,*,#1141,.T.);
#1658=ORIENTED_EDGE('',*,*,#1199,.T.);
#1659=ORIENTED_EDGE('',*,*,#1024,.T.);
#1660=ORIENTED_EDGE('',*,*,#1200,.T.);
#1661=ORIENTED_EDGE('',*,*,#1200,.F.);
#1662=ORIENTED_EDGE('',*,*,#1023,.F.);
#1663=ORIENTED_EDGE('',*,*,#1201,.F.);
#1664=ORIENTED_EDGE('',*,*,#1142,.F.);
#1665=ORIENTED_EDGE('',*,*,#1143,.T.);
#1666=ORIENTED_EDGE('',*,*,#1201,.T.);
#1667=ORIENTED_EDGE('',*,*,#1022,.T.);
#1668=ORIENTED_EDGE('',*,*,#1202,.T.);
#1669=ORIENTED_EDGE('',*,*,#1202,.F.);
#1670=ORIENTED_EDGE('',*,*,#1021,.F.);
#1671=ORIENTED_EDGE('',*,*,#1203,.F.);
#1672=ORIENTED_EDGE('',*,*,#1144,.F.);
#1673=ORIENTED_EDGE('',*,*,#1020,.T.);
#1674=ORIENTED_EDGE('',*,*,#1204,.T.);
#1675=ORIENTED_EDGE('',*,*,#1145,.T.);
#1676=ORIENTED_EDGE('',*,*,#1203,.T.);
#1677=ORIENTED_EDGE('',*,*,#1196,.F.);
#1678=ORIENTED_EDGE('',*,*,#1146,.F.);
#1679=ORIENTED_EDGE('',*,*,#1204,.F.);
#1680=ORIENTED_EDGE('',*,*,#1019,.F.);
#1681=ORIENTED_EDGE('',*,*,#1197,.F.);
#1682=ORIENTED_EDGE('',*,*,#1025,.F.);
#1683=ORIENTED_EDGE('',*,*,#1199,.F.);
#1684=ORIENTED_EDGE('',*,*,#1140,.F.);
#1685=ORIENTED_EDGE('',*,*,#1028,.T.);
#1686=ORIENTED_EDGE('',*,*,#1205,.T.);
#1687=ORIENTED_EDGE('',*,*,#1105,.T.);
#1688=ORIENTED_EDGE('',*,*,#1206,.T.);
#1689=ORIENTED_EDGE('',*,*,#1206,.F.);
#1690=ORIENTED_EDGE('',*,*,#1120,.F.);
#1691=ORIENTED_EDGE('',*,*,#1207,.F.);
#1692=ORIENTED_EDGE('',*,*,#1029,.F.);
#1693=ORIENTED_EDGE('',*,*,#1119,.T.);
#1694=ORIENTED_EDGE('',*,*,#1208,.T.);
#1695=ORIENTED_EDGE('',*,*,#1030,.T.);
#1696=ORIENTED_EDGE('',*,*,#1207,.T.);
#1697=ORIENTED_EDGE('',*,*,#1040,.T.);
#1698=ORIENTED_EDGE('',*,*,#1209,.T.);
#1699=ORIENTED_EDGE('',*,*,#1109,.T.);
#1700=ORIENTED_EDGE('',*,*,#1210,.T.);
#1701=ORIENTED_EDGE('',*,*,#1210,.F.);
#1702=ORIENTED_EDGE('',*,*,#1108,.F.);
#1703=ORIENTED_EDGE('',*,*,#1211,.F.);
#1704=ORIENTED_EDGE('',*,*,#1041,.F.);
#1705=ORIENTED_EDGE('',*,*,#1107,.T.);
#1706=ORIENTED_EDGE('',*,*,#1212,.T.);
#1707=ORIENTED_EDGE('',*,*,#1042,.T.);
#1708=ORIENTED_EDGE('',*,*,#1211,.T.);
#1709=ORIENTED_EDGE('',*,*,#1111,.T.);
#1710=ORIENTED_EDGE('',*,*,#1213,.T.);
#1711=ORIENTED_EDGE('',*,*,#1038,.T.);
#1712=ORIENTED_EDGE('',*,*,#1214,.T.);
#1713=ORIENTED_EDGE('',*,*,#1214,.F.);
#1714=ORIENTED_EDGE('',*,*,#1037,.F.);
#1715=ORIENTED_EDGE('',*,*,#1215,.F.);
#1716=ORIENTED_EDGE('',*,*,#1112,.F.);
#1717=ORIENTED_EDGE('',*,*,#1036,.T.);
#1718=ORIENTED_EDGE('',*,*,#1216,.T.);
#1719=ORIENTED_EDGE('',*,*,#1113,.T.);
#1720=ORIENTED_EDGE('',*,*,#1215,.T.);
#1721=ORIENTED_EDGE('',*,*,#1216,.F.);
#1722=ORIENTED_EDGE('',*,*,#1035,.F.);
#1723=ORIENTED_EDGE('',*,*,#1217,.F.);
#1724=ORIENTED_EDGE('',*,*,#1114,.F.);
#1725=ORIENTED_EDGE('',*,*,#1032,.T.);
#1726=ORIENTED_EDGE('',*,*,#1218,.T.);
#1727=ORIENTED_EDGE('',*,*,#1117,.T.);
#1728=ORIENTED_EDGE('',*,*,#1219,.T.);
#1729=ORIENTED_EDGE('',*,*,#1208,.F.);
#1730=ORIENTED_EDGE('',*,*,#1118,.F.);
#1731=ORIENTED_EDGE('',*,*,#1218,.F.);
#1732=ORIENTED_EDGE('',*,*,#1031,.F.);
#1733=ORIENTED_EDGE('',*,*,#1115,.T.);
#1734=ORIENTED_EDGE('',*,*,#1217,.T.);
#1735=ORIENTED_EDGE('',*,*,#1034,.T.);
#1736=ORIENTED_EDGE('',*,*,#1220,.T.);
#1737=ORIENTED_EDGE('',*,*,#1219,.F.);
#1738=ORIENTED_EDGE('',*,*,#1116,.F.);
#1739=ORIENTED_EDGE('',*,*,#1220,.F.);
#1740=ORIENTED_EDGE('',*,*,#1033,.F.);
#1741=ORIENTED_EDGE('',*,*,#1205,.F.);
#1742=ORIENTED_EDGE('',*,*,#1043,.F.);
#1743=ORIENTED_EDGE('',*,*,#1212,.F.);
#1744=ORIENTED_EDGE('',*,*,#1106,.F.);
#1745=ORIENTED_EDGE('',*,*,#1209,.F.);
#1746=ORIENTED_EDGE('',*,*,#1039,.F.);
#1747=ORIENTED_EDGE('',*,*,#1213,.F.);
#1748=ORIENTED_EDGE('',*,*,#1110,.F.);
#1749=ORIENTED_EDGE('',*,*,#1044,.T.);
#1750=ORIENTED_EDGE('',*,*,#1221,.T.);
#1751=ORIENTED_EDGE('',*,*,#1121,.T.);
#1752=ORIENTED_EDGE('',*,*,#1222,.T.);
#1753=ORIENTED_EDGE('',*,*,#1222,.F.);
#1754=ORIENTED_EDGE('',*,*,#1136,.F.);
#1755=ORIENTED_EDGE('',*,*,#1223,.F.);
#1756=ORIENTED_EDGE('',*,*,#1045,.F.);
#1757=ORIENTED_EDGE('',*,*,#1135,.T.);
#1758=ORIENTED_EDGE('',*,*,#1224,.T.);
#1759=ORIENTED_EDGE('',*,*,#1046,.T.);
#1760=ORIENTED_EDGE('',*,*,#1223,.T.);
#1761=ORIENTED_EDGE('',*,*,#1056,.T.);
#1762=ORIENTED_EDGE('',*,*,#1225,.T.);
#1763=ORIENTED_EDGE('',*,*,#1125,.T.);
#1764=ORIENTED_EDGE('',*,*,#1226,.T.);
#1765=ORIENTED_EDGE('',*,*,#1226,.F.);
#1766=ORIENTED_EDGE('',*,*,#1124,.F.);
#1767=ORIENTED_EDGE('',*,*,#1227,.F.);
#1768=ORIENTED_EDGE('',*,*,#1057,.F.);
#1769=ORIENTED_EDGE('',*,*,#1123,.T.);
#1770=ORIENTED_EDGE('',*,*,#1228,.T.);
#1771=ORIENTED_EDGE('',*,*,#1058,.T.);
#1772=ORIENTED_EDGE('',*,*,#1227,.T.);
#1773=ORIENTED_EDGE('',*,*,#1127,.T.);
#1774=ORIENTED_EDGE('',*,*,#1229,.T.);
#1775=ORIENTED_EDGE('',*,*,#1054,.T.);
#1776=ORIENTED_EDGE('',*,*,#1230,.T.);
#1777=ORIENTED_EDGE('',*,*,#1230,.F.);
#1778=ORIENTED_EDGE('',*,*,#1053,.F.);
#1779=ORIENTED_EDGE('',*,*,#1231,.F.);
#1780=ORIENTED_EDGE('',*,*,#1128,.F.);
#1781=ORIENTED_EDGE('',*,*,#1052,.T.);
#1782=ORIENTED_EDGE('',*,*,#1232,.T.);
#1783=ORIENTED_EDGE('',*,*,#1129,.T.);
#1784=ORIENTED_EDGE('',*,*,#1231,.T.);
#1785=ORIENTED_EDGE('',*,*,#1232,.F.);
#1786=ORIENTED_EDGE('',*,*,#1051,.F.);
#1787=ORIENTED_EDGE('',*,*,#1233,.F.);
#1788=ORIENTED_EDGE('',*,*,#1130,.F.);
#1789=ORIENTED_EDGE('',*,*,#1048,.T.);
#1790=ORIENTED_EDGE('',*,*,#1234,.T.);
#1791=ORIENTED_EDGE('',*,*,#1133,.T.);
#1792=ORIENTED_EDGE('',*,*,#1235,.T.);
#1793=ORIENTED_EDGE('',*,*,#1224,.F.);
#1794=ORIENTED_EDGE('',*,*,#1134,.F.);
#1795=ORIENTED_EDGE('',*,*,#1234,.F.);
#1796=ORIENTED_EDGE('',*,*,#1047,.F.);
#1797=ORIENTED_EDGE('',*,*,#1131,.T.);
#1798=ORIENTED_EDGE('',*,*,#1233,.T.);
#1799=ORIENTED_EDGE('',*,*,#1050,.T.);
#1800=ORIENTED_EDGE('',*,*,#1236,.T.);
#1801=ORIENTED_EDGE('',*,*,#1235,.F.);
#1802=ORIENTED_EDGE('',*,*,#1132,.F.);
#1803=ORIENTED_EDGE('',*,*,#1236,.F.);
#1804=ORIENTED_EDGE('',*,*,#1049,.F.);
#1805=ORIENTED_EDGE('',*,*,#1221,.F.);
#1806=ORIENTED_EDGE('',*,*,#1059,.F.);
#1807=ORIENTED_EDGE('',*,*,#1228,.F.);
#1808=ORIENTED_EDGE('',*,*,#1122,.F.);
#1809=ORIENTED_EDGE('',*,*,#1225,.F.);
#1810=ORIENTED_EDGE('',*,*,#1055,.F.);
#1811=ORIENTED_EDGE('',*,*,#1229,.F.);
#1812=ORIENTED_EDGE('',*,*,#1126,.F.);
#1813=ORIENTED_EDGE('',*,*,#1237,.F.);
#1814=ORIENTED_EDGE('',*,*,#969,.F.);
#1815=ORIENTED_EDGE('',*,*,#1238,.F.);
#1816=ORIENTED_EDGE('',*,*,#1239,.F.);
#1817=ORIENTED_EDGE('',*,*,#1240,.F.);
#1818=ORIENTED_EDGE('',*,*,#971,.F.);
#1819=ORIENTED_EDGE('',*,*,#1241,.F.);
#1820=ORIENTED_EDGE('',*,*,#1242,.F.);
#1821=ORIENTED_EDGE('',*,*,#1243,.F.);
#1822=ORIENTED_EDGE('',*,*,#1244,.F.);
#1823=ORIENTED_EDGE('',*,*,#1245,.F.);
#1824=ORIENTED_EDGE('',*,*,#1246,.F.);
#1825=ORIENTED_EDGE('',*,*,#1244,.T.);
#1826=ORIENTED_EDGE('',*,*,#1247,.F.);
#1827=ORIENTED_EDGE('',*,*,#1248,.T.);
#1828=ORIENTED_EDGE('',*,*,#1249,.F.);
#1829=ORIENTED_EDGE('',*,*,#1250,.F.);
#1830=ORIENTED_EDGE('',*,*,#1248,.F.);
#1831=ORIENTED_EDGE('',*,*,#1251,.F.);
#1832=ORIENTED_EDGE('',*,*,#1252,.F.);
#1833=ORIENTED_EDGE('',*,*,#1239,.T.);
#1834=ORIENTED_EDGE('',*,*,#1253,.F.);
#1835=ORIENTED_EDGE('',*,*,#1252,.T.);
#1836=ORIENTED_EDGE('',*,*,#1254,.F.);
#1837=ORIENTED_EDGE('',*,*,#1242,.T.);
#1838=ORIENTED_EDGE('',*,*,#1255,.F.);
#1839=ORIENTED_EDGE('',*,*,#1246,.T.);
#1840=ORIENTED_EDGE('',*,*,#1256,.F.);
#1841=ORIENTED_EDGE('',*,*,#1257,.T.);
#1842=ORIENTED_EDGE('',*,*,#1258,.T.);
#1843=ORIENTED_EDGE('',*,*,#1259,.T.);
#1844=ORIENTED_EDGE('',*,*,#1087,.T.);
#1845=ORIENTED_EDGE('',*,*,#1257,.F.);
#1846=ORIENTED_EDGE('',*,*,#1090,.T.);
#1847=ORIENTED_EDGE('',*,*,#1260,.F.);
#1848=ORIENTED_EDGE('',*,*,#1261,.F.);
#1849=ORIENTED_EDGE('',*,*,#1262,.F.);
#1850=ORIENTED_EDGE('',*,*,#1263,.F.);
#1851=ORIENTED_EDGE('',*,*,#1264,.F.);
#1852=ORIENTED_EDGE('',*,*,#1265,.F.);
#1853=ORIENTED_EDGE('',*,*,#1243,.T.);
#1854=ORIENTED_EDGE('',*,*,#1255,.T.);
#1855=ORIENTED_EDGE('',*,*,#1241,.T.);
#1856=ORIENTED_EDGE('',*,*,#970,.T.);
#1857=ORIENTED_EDGE('',*,*,#1237,.T.);
#1858=ORIENTED_EDGE('',*,*,#1254,.T.);
#1859=ORIENTED_EDGE('',*,*,#1251,.T.);
#1860=ORIENTED_EDGE('',*,*,#1247,.T.);
#1861=ORIENTED_EDGE('',*,*,#1266,.T.);
#1862=ORIENTED_EDGE('',*,*,#1267,.T.);
#1863=ORIENTED_EDGE('',*,*,#1260,.T.);
#1864=ORIENTED_EDGE('',*,*,#1089,.T.);
#1865=ORIENTED_EDGE('',*,*,#1262,.T.);
#1866=ORIENTED_EDGE('',*,*,#1268,.T.);
#1867=ORIENTED_EDGE('',*,*,#1269,.T.);
#1868=ORIENTED_EDGE('',*,*,#1270,.T.);
#1869=ORIENTED_EDGE('',*,*,#1270,.F.);
#1870=ORIENTED_EDGE('',*,*,#1271,.T.);
#1871=ORIENTED_EDGE('',*,*,#1272,.F.);
#1872=ORIENTED_EDGE('',*,*,#1263,.T.);
#1873=ORIENTED_EDGE('',*,*,#1259,.F.);
#1874=ORIENTED_EDGE('',*,*,#1273,.F.);
#1875=ORIENTED_EDGE('',*,*,#1274,.F.);
#1876=ORIENTED_EDGE('',*,*,#1271,.F.);
#1877=ORIENTED_EDGE('',*,*,#1269,.F.);
#1878=ORIENTED_EDGE('',*,*,#1275,.F.);
#1879=ORIENTED_EDGE('',*,*,#1266,.F.);
#1880=ORIENTED_EDGE('',*,*,#1088,.F.);
#1881=ORIENTED_EDGE('',*,*,#1245,.T.);
#1882=ORIENTED_EDGE('',*,*,#1249,.T.);
#1883=ORIENTED_EDGE('',*,*,#1250,.T.);
#1884=ORIENTED_EDGE('',*,*,#1253,.T.);
#1885=ORIENTED_EDGE('',*,*,#1238,.T.);
#1886=ORIENTED_EDGE('',*,*,#972,.T.);
#1887=ORIENTED_EDGE('',*,*,#1240,.T.);
#1888=ORIENTED_EDGE('',*,*,#1256,.T.);
#1889=ORIENTED_EDGE('',*,*,#1274,.T.);
#1890=ORIENTED_EDGE('',*,*,#1276,.T.);
#1891=ORIENTED_EDGE('',*,*,#1264,.T.);
#1892=ORIENTED_EDGE('',*,*,#1272,.T.);
#1893=ORIENTED_EDGE('',*,*,#1258,.F.);
#1894=ORIENTED_EDGE('',*,*,#1265,.T.);
#1895=ORIENTED_EDGE('',*,*,#1276,.F.);
#1896=ORIENTED_EDGE('',*,*,#1273,.T.);
#1897=ORIENTED_EDGE('',*,*,#1267,.F.);
#1898=ORIENTED_EDGE('',*,*,#1275,.T.);
#1899=ORIENTED_EDGE('',*,*,#1268,.F.);
#1900=ORIENTED_EDGE('',*,*,#1261,.T.);
#1901=CYLINDRICAL_SURFACE('',#2105,0.02);
#1902=CYLINDRICAL_SURFACE('',#2176,0.0200000393700787);
#1903=CYLINDRICAL_SURFACE('',#2178,0.02);
#1904=CYLINDRICAL_SURFACE('',#2180,0.02);
#1905=CYLINDRICAL_SURFACE('',#2182,0.0200000393700787);
#1906=CYLINDRICAL_SURFACE('',#2184,0.02);
#1907=CYLINDRICAL_SURFACE('',#2186,0.02);
#1908=CYLINDRICAL_SURFACE('',#2188,0.0200000393700787);
#1909=CYLINDRICAL_SURFACE('',#2190,0.02);
#1910=CYLINDRICAL_SURFACE('',#2193,0.02);
#1911=CYLINDRICAL_SURFACE('',#2196,0.02);
#1912=CYLINDRICAL_SURFACE('',#2198,0.0200000393700787);
#1913=CYLINDRICAL_SURFACE('',#2259,0.02);
#1914=CYLINDRICAL_SURFACE('',#2260,0.0200000393700787);
#1915=CYLINDRICAL_SURFACE('',#2261,0.02);
#1916=CYLINDRICAL_SURFACE('',#2262,0.02);
#1917=CYLINDRICAL_SURFACE('',#2263,0.0200000393700787);
#1918=CYLINDRICAL_SURFACE('',#2264,0.02);
#1919=CYLINDRICAL_SURFACE('',#2265,0.02);
#1920=CYLINDRICAL_SURFACE('',#2266,0.0200000393700787);
#1921=CYLINDRICAL_SURFACE('',#2267,0.02);
#1922=CYLINDRICAL_SURFACE('',#2269,0.02);
#1923=CYLINDRICAL_SURFACE('',#2271,0.02);
#1924=CYLINDRICAL_SURFACE('',#2272,0.0200000393700787);
#1925=CYLINDRICAL_SURFACE('',#2275,0.0299999999999993);
#1926=CYLINDRICAL_SURFACE('',#2276,0.0250000393700788);
#1927=CYLINDRICAL_SURFACE('',#2277,0.03);
#1928=CYLINDRICAL_SURFACE('',#2278,0.03);
#1929=CYLINDRICAL_SURFACE('',#2279,0.0250000393700788);
#1930=CYLINDRICAL_SURFACE('',#2280,0.03);
#1931=CYLINDRICAL_SURFACE('',#2281,0.0250000393700788);
#1932=CYLINDRICAL_SURFACE('',#2282,0.0299999999999993);
#1933=CYLINDRICAL_SURFACE('',#2283,0.0250000393700788);
#1934=CYLINDRICAL_SURFACE('',#2284,0.03);
#1935=CYLINDRICAL_SURFACE('',#2287,0.0300000000000001);
#1936=CYLINDRICAL_SURFACE('',#2288,0.0250000393700788);
#1937=CYLINDRICAL_SURFACE('',#2289,0.03);
#1938=CYLINDRICAL_SURFACE('',#2290,0.03);
#1939=CYLINDRICAL_SURFACE('',#2291,0.0250000393700788);
#1940=CYLINDRICAL_SURFACE('',#2292,0.03);
#1941=CYLINDRICAL_SURFACE('',#2293,0.0250000393700787);
#1942=CYLINDRICAL_SURFACE('',#2294,0.0300000000000001);
#1943=CYLINDRICAL_SURFACE('',#2295,0.0250000393700787);
#1944=CYLINDRICAL_SURFACE('',#2296,0.03);
#1945=CYLINDRICAL_SURFACE('',#2299,0.03);
#1946=CYLINDRICAL_SURFACE('',#2300,0.0250000393700788);
#1947=CYLINDRICAL_SURFACE('',#2301,0.03);
#1948=CYLINDRICAL_SURFACE('',#2302,0.03);
#1949=CYLINDRICAL_SURFACE('',#2303,0.0250000393700788);
#1950=CYLINDRICAL_SURFACE('',#2304,0.03);
#1951=CYLINDRICAL_SURFACE('',#2305,0.03);
#1952=CYLINDRICAL_SURFACE('',#2306,0.0250000393700788);
#1953=CYLINDRICAL_SURFACE('',#2307,0.03);
#1954=CYLINDRICAL_SURFACE('',#2309,0.03);
#1955=CYLINDRICAL_SURFACE('',#2311,0.03);
#1956=CYLINDRICAL_SURFACE('',#2312,0.0250000393700788);
#1957=CYLINDRICAL_SURFACE('',#2315,0.03);
#1958=CYLINDRICAL_SURFACE('',#2316,0.0250000393700788);
#1959=CYLINDRICAL_SURFACE('',#2317,0.03);
#1960=CYLINDRICAL_SURFACE('',#2318,0.03);
#1961=CYLINDRICAL_SURFACE('',#2319,0.0250000393700788);
#1962=CYLINDRICAL_SURFACE('',#2320,0.03);
#1963=CYLINDRICAL_SURFACE('',#2321,0.03);
#1964=CYLINDRICAL_SURFACE('',#2322,0.0250000393700787);
#1965=CYLINDRICAL_SURFACE('',#2323,0.03);
#1966=CYLINDRICAL_SURFACE('',#2325,0.03);
#1967=CYLINDRICAL_SURFACE('',#2327,0.03);
#1968=CYLINDRICAL_SURFACE('',#2328,0.0250000393700787);
#1969=CYLINDRICAL_SURFACE('',#2331,0.075);
#1970=CYLINDRICAL_SURFACE('',#2334,0.075);
#1971=CYLINDRICAL_SURFACE('',#2337,0.075);
#1972=CYLINDRICAL_SURFACE('',#2341,0.075);
#1973=CYLINDRICAL_SURFACE('',#2346,0.15);
#1974=CYLINDRICAL_SURFACE('',#2353,0.15);
#1975=CYLINDRICAL_SURFACE('',#2355,0.15);
#1976=CYLINDRICAL_SURFACE('',#2360,0.15);
#1977=ADVANCED_FACE('',(#67),#1901,.T.);
#1978=ADVANCED_FACE('',(#68,#23,#24,#25,#26,#27,#28),#37,.F.);
#1979=ADVANCED_FACE('',(#69),#1902,.F.);
#1980=ADVANCED_FACE('',(#70),#1903,.T.);
#1981=ADVANCED_FACE('',(#71),#1904,.T.);
#1982=ADVANCED_FACE('',(#72),#1905,.F.);
#1983=ADVANCED_FACE('',(#73),#1906,.T.);
#1984=ADVANCED_FACE('',(#74),#1907,.T.);
#1985=ADVANCED_FACE('',(#75),#1908,.F.);
#1986=ADVANCED_FACE('',(#76),#1909,.T.);
#1987=ADVANCED_FACE('',(#77),#38,.F.);
#1988=ADVANCED_FACE('',(#78),#1910,.T.);
#1989=ADVANCED_FACE('',(#79),#39,.F.);
#1990=ADVANCED_FACE('',(#80),#1911,.T.);
#1991=ADVANCED_FACE('',(#81),#1912,.F.);
#1992=ADVANCED_FACE('',(#82,#29,#30,#31,#32,#33,#34),#40,.T.);
#1993=ADVANCED_FACE('',(#83),#41,.F.);
#1994=ADVANCED_FACE('',(#84),#42,.F.);
#1995=ADVANCED_FACE('',(#85),#1913,.T.);
#1996=ADVANCED_FACE('',(#86),#1914,.F.);
#1997=ADVANCED_FACE('',(#87),#1915,.T.);
#1998=ADVANCED_FACE('',(#88),#1916,.T.);
#1999=ADVANCED_FACE('',(#89),#1917,.F.);
#2000=ADVANCED_FACE('',(#90),#1918,.T.);
#2001=ADVANCED_FACE('',(#91),#1919,.T.);
#2002=ADVANCED_FACE('',(#92),#1920,.F.);
#2003=ADVANCED_FACE('',(#93),#1921,.T.);
#2004=ADVANCED_FACE('',(#94),#43,.F.);
#2005=ADVANCED_FACE('',(#95),#1922,.T.);
#2006=ADVANCED_FACE('',(#96),#44,.F.);
#2007=ADVANCED_FACE('',(#97),#1923,.T.);
#2008=ADVANCED_FACE('',(#98),#1924,.F.);
#2009=ADVANCED_FACE('',(#99),#45,.F.);
#2010=ADVANCED_FACE('',(#100),#46,.F.);
#2011=ADVANCED_FACE('',(#101),#1925,.T.);
#2012=ADVANCED_FACE('',(#102),#1926,.F.);
#2013=ADVANCED_FACE('',(#103),#1927,.T.);
#2014=ADVANCED_FACE('',(#104),#1928,.T.);
#2015=ADVANCED_FACE('',(#105),#1929,.F.);
#2016=ADVANCED_FACE('',(#106),#1930,.T.);
#2017=ADVANCED_FACE('',(#107),#1931,.F.);
#2018=ADVANCED_FACE('',(#108),#1932,.T.);
#2019=ADVANCED_FACE('',(#109),#1933,.F.);
#2020=ADVANCED_FACE('',(#110),#1934,.T.);
#2021=ADVANCED_FACE('',(#111),#47,.F.);
#2022=ADVANCED_FACE('',(#112),#48,.F.);
#2023=ADVANCED_FACE('',(#113),#1935,.T.);
#2024=ADVANCED_FACE('',(#114),#1936,.F.);
#2025=ADVANCED_FACE('',(#115),#1937,.T.);
#2026=ADVANCED_FACE('',(#116),#1938,.T.);
#2027=ADVANCED_FACE('',(#117),#1939,.F.);
#2028=ADVANCED_FACE('',(#118),#1940,.T.);
#2029=ADVANCED_FACE('',(#119),#1941,.F.);
#2030=ADVANCED_FACE('',(#120),#1942,.T.);
#2031=ADVANCED_FACE('',(#121),#1943,.F.);
#2032=ADVANCED_FACE('',(#122),#1944,.T.);
#2033=ADVANCED_FACE('',(#123),#49,.F.);
#2034=ADVANCED_FACE('',(#124),#50,.F.);
#2035=ADVANCED_FACE('',(#125),#1945,.T.);
#2036=ADVANCED_FACE('',(#126),#1946,.F.);
#2037=ADVANCED_FACE('',(#127),#1947,.T.);
#2038=ADVANCED_FACE('',(#128),#1948,.T.);
#2039=ADVANCED_FACE('',(#129),#1949,.F.);
#2040=ADVANCED_FACE('',(#130),#1950,.T.);
#2041=ADVANCED_FACE('',(#131),#1951,.T.);
#2042=ADVANCED_FACE('',(#132),#1952,.F.);
#2043=ADVANCED_FACE('',(#133),#1953,.T.);
#2044=ADVANCED_FACE('',(#134),#51,.F.);
#2045=ADVANCED_FACE('',(#135),#1954,.T.);
#2046=ADVANCED_FACE('',(#136),#52,.F.);
#2047=ADVANCED_FACE('',(#137),#1955,.T.);
#2048=ADVANCED_FACE('',(#138),#1956,.F.);
#2049=ADVANCED_FACE('',(#139),#53,.F.);
#2050=ADVANCED_FACE('',(#140),#54,.F.);
#2051=ADVANCED_FACE('',(#141),#1957,.T.);
#2052=ADVANCED_FACE('',(#142),#1958,.F.);
#2053=ADVANCED_FACE('',(#143),#1959,.T.);
#2054=ADVANCED_FACE('',(#144),#1960,.T.);
#2055=ADVANCED_FACE('',(#145),#1961,.F.);
#2056=ADVANCED_FACE('',(#146),#1962,.T.);
#2057=ADVANCED_FACE('',(#147),#1963,.T.);
#2058=ADVANCED_FACE('',(#148),#1964,.F.);
#2059=ADVANCED_FACE('',(#149),#1965,.T.);
#2060=ADVANCED_FACE('',(#150),#55,.F.);
#2061=ADVANCED_FACE('',(#151),#1966,.T.);
#2062=ADVANCED_FACE('',(#152),#56,.F.);
#2063=ADVANCED_FACE('',(#153),#1967,.T.);
#2064=ADVANCED_FACE('',(#154),#1968,.F.);
#2065=ADVANCED_FACE('',(#155),#57,.F.);
#2066=ADVANCED_FACE('',(#156),#58,.F.);
#2067=ADVANCED_FACE('',(#157),#1969,.F.);
#2068=ADVANCED_FACE('',(#158),#1970,.F.);
#2069=ADVANCED_FACE('',(#159),#1971,.F.);
#2070=ADVANCED_FACE('',(#160),#59,.F.);
#2071=ADVANCED_FACE('',(#161),#1972,.F.);
#2072=ADVANCED_FACE('',(#162),#60,.F.);
#2073=ADVANCED_FACE('',(#163),#61,.F.);
#2074=ADVANCED_FACE('',(#164),#1973,.T.);
#2075=ADVANCED_FACE('',(#165,#35),#62,.T.);
#2076=ADVANCED_FACE('',(#166),#1974,.T.);
#2077=ADVANCED_FACE('',(#167),#1975,.T.);
#2078=ADVANCED_FACE('',(#168),#63,.T.);
#2079=ADVANCED_FACE('',(#169,#36),#64,.T.);
#2080=ADVANCED_FACE('',(#170),#1976,.T.);
#2081=ADVANCED_FACE('',(#171),#65,.T.);
#2082=ADVANCED_FACE('',(#172),#66,.T.);
#2083=CLOSED_SHELL('',(#1977,#1978,#1979,#1980,#1981,#1982,#1983,#1984,
#1985,#1986,#1987,#1988,#1989,#1990,#1991,#1992,#1993,#1994,#1995,#1996,
#1997,#1998,#1999,#2000,#2001,#2002,#2003,#2004,#2005,#2006,#2007,#2008,
#2009,#2010,#2011,#2012,#2013,#2014,#2015,#2016,#2017,#2018,#2019,#2020,
#2021,#2022,#2023,#2024,#2025,#2026,#2027,#2028,#2029,#2030,#2031,#2032,
#2033,#2034,#2035,#2036,#2037,#2038,#2039,#2040,#2041,#2042,#2043,#2044,
#2045,#2046,#2047,#2048,#2049,#2050,#2051,#2052,#2053,#2054,#2055,#2056,
#2057,#2058,#2059,#2060,#2061,#2062,#2063,#2064,#2065,#2066,#2067,#2068,
#2069,#2070,#2071,#2072,#2073,#2074,#2075,#2076,#2077,#2078,#2079,#2080,
#2081,#2082));
#2084=DERIVED_UNIT_ELEMENT(#2086,1.);
#2085=DERIVED_UNIT_ELEMENT(#3676,-3.);
#2086=(
CONVERSION_BASED_UNIT('gram',#2088)
MASS_UNIT()
NAMED_UNIT(#3673)
);
#2087=(
MASS_UNIT()
NAMED_UNIT(*)
SI_UNIT(.KILO.,.GRAM.)
);
#2088=MASS_MEASURE_WITH_UNIT(MASS_MEASURE(0.001),#2087);
#2089=DERIVED_UNIT((#2084,#2085));
#2090=MEASURE_REPRESENTATION_ITEM('density measure',
POSITIVE_RATIO_MEASURE(1.),#2089);
#2091=PROPERTY_DEFINITION_REPRESENTATION(#2096,#2093);
#2092=PROPERTY_DEFINITION_REPRESENTATION(#2097,#2094);
#2093=REPRESENTATION('material name',(#2095),#3670);
#2094=REPRESENTATION('density',(#2090),#3670);
#2095=DESCRIPTIVE_REPRESENTATION_ITEM('Generic','Generic');
#2096=PROPERTY_DEFINITION('material property','material name',#3684);
#2097=PROPERTY_DEFINITION('material property','density of part',#3684);
#2098=DATE_TIME_ROLE('creation_date');
#2099=APPLIED_DATE_AND_TIME_ASSIGNMENT(#2100,#2098,(#3684));
#2100=DATE_AND_TIME(#2101,#2102);
#2101=CALENDAR_DATE(2025,20,12);
#2102=LOCAL_TIME(0,0,0.,#2103);
#2103=COORDINATED_UNIVERSAL_TIME_OFFSET(0,0,.BEHIND.);
#2104=AXIS2_PLACEMENT_3D('',#3041,#2363,#2364);
#2105=AXIS2_PLACEMENT_3D('',#3042,#2365,#2366);
#2106=AXIS2_PLACEMENT_3D('',#3045,#2367,#2368);
#2107=AXIS2_PLACEMENT_3D('',#3049,#2370,#2371);
#2108=AXIS2_PLACEMENT_3D('',#3051,#2373,#2374);
#2109=AXIS2_PLACEMENT_3D('',#3061,#2379,#2380);
#2110=AXIS2_PLACEMENT_3D('',#3063,#2381,#2382);
#2111=AXIS2_PLACEMENT_3D('',#3067,#2384,#2385);
#2112=AXIS2_PLACEMENT_3D('',#3069,#2386,#2387);
#2113=AXIS2_PLACEMENT_3D('',#3071,#2388,#2389);
#2114=AXIS2_PLACEMENT_3D('',#3075,#2391,#2392);
#2115=AXIS2_PLACEMENT_3D('',#3077,#2393,#2394);
#2116=AXIS2_PLACEMENT_3D('',#3079,#2395,#2396);
#2117=AXIS2_PLACEMENT_3D('',#3083,#2398,#2399);
#2118=AXIS2_PLACEMENT_3D('',#3085,#2400,#2401);
#2119=AXIS2_PLACEMENT_3D('',#3087,#2402,#2403);
#2120=AXIS2_PLACEMENT_3D('',#3091,#2405,#2406);
#2121=AXIS2_PLACEMENT_3D('',#3093,#2407,#2408);
#2122=AXIS2_PLACEMENT_3D('',#3095,#2409,#2410);
#2123=AXIS2_PLACEMENT_3D('',#3099,#2412,#2413);
#2124=AXIS2_PLACEMENT_3D('',#3101,#2414,#2415);
#2125=AXIS2_PLACEMENT_3D('',#3103,#2416,#2417);
#2126=AXIS2_PLACEMENT_3D('',#3107,#2419,#2420);
#2127=AXIS2_PLACEMENT_3D('',#3109,#2421,#2422);
#2128=AXIS2_PLACEMENT_3D('',#3111,#2423,#2424);
#2129=AXIS2_PLACEMENT_3D('',#3115,#2426,#2427);
#2130=AXIS2_PLACEMENT_3D('',#3117,#2428,#2429);
#2131=AXIS2_PLACEMENT_3D('',#3119,#2430,#2431);
#2132=AXIS2_PLACEMENT_3D('',#3123,#2433,#2434);
#2133=AXIS2_PLACEMENT_3D('',#3125,#2435,#2436);
#2134=AXIS2_PLACEMENT_3D('',#3127,#2437,#2438);
#2135=AXIS2_PLACEMENT_3D('',#3131,#2440,#2441);
#2136=AXIS2_PLACEMENT_3D('',#3133,#2442,#2443);
#2137=AXIS2_PLACEMENT_3D('',#3135,#2444,#2445);
#2138=AXIS2_PLACEMENT_3D('',#3137,#2446,#2447);
#2139=AXIS2_PLACEMENT_3D('',#3139,#2448,#2449);
#2140=AXIS2_PLACEMENT_3D('',#3143,#2451,#2452);
#2141=AXIS2_PLACEMENT_3D('',#3144,#2453,#2454);
#2142=AXIS2_PLACEMENT_3D('',#3147,#2455,#2456);
#2143=AXIS2_PLACEMENT_3D('',#3149,#2457,#2458);
#2144=AXIS2_PLACEMENT_3D('',#3151,#2459,#2460);
#2145=AXIS2_PLACEMENT_3D('',#3155,#2462,#2463);
#2146=AXIS2_PLACEMENT_3D('',#3157,#2464,#2465);
#2147=AXIS2_PLACEMENT_3D('',#3159,#2466,#2467);
#2148=AXIS2_PLACEMENT_3D('',#3161,#2468,#2469);
#2149=AXIS2_PLACEMENT_3D('',#3163,#2470,#2471);
#2150=AXIS2_PLACEMENT_3D('',#3167,#2473,#2474);
#2151=AXIS2_PLACEMENT_3D('',#3168,#2475,#2476);
#2152=AXIS2_PLACEMENT_3D('',#3171,#2477,#2478);
#2153=AXIS2_PLACEMENT_3D('',#3173,#2479,#2480);
#2154=AXIS2_PLACEMENT_3D('',#3175,#2481,#2482);
#2155=AXIS2_PLACEMENT_3D('',#3179,#2484,#2485);
#2156=AXIS2_PLACEMENT_3D('',#3181,#2486,#2487);
#2157=AXIS2_PLACEMENT_3D('',#3183,#2488,#2489);
#2158=AXIS2_PLACEMENT_3D('',#3187,#2491,#2492);
#2159=AXIS2_PLACEMENT_3D('',#3189,#2493,#2494);
#2160=AXIS2_PLACEMENT_3D('',#3191,#2495,#2496);
#2161=AXIS2_PLACEMENT_3D('',#3195,#2498,#2499);
#2162=AXIS2_PLACEMENT_3D('',#3197,#2500,#2501);
#2163=AXIS2_PLACEMENT_3D('',#3199,#2502,#2503);
#2164=AXIS2_PLACEMENT_3D('',#3203,#2505,#2506);
#2165=AXIS2_PLACEMENT_3D('',#3205,#2507,#2508);
#2166=AXIS2_PLACEMENT_3D('',#3207,#2509,#2510);
#2167=AXIS2_PLACEMENT_3D('',#3211,#2512,#2513);
#2168=AXIS2_PLACEMENT_3D('',#3213,#2514,#2515);
#2169=AXIS2_PLACEMENT_3D('',#3215,#2516,#2517);
#2170=AXIS2_PLACEMENT_3D('',#3219,#2519,#2520);
#2171=AXIS2_PLACEMENT_3D('',#3221,#2521,#2522);
#2172=AXIS2_PLACEMENT_3D('',#3223,#2523,#2524);
#2173=AXIS2_PLACEMENT_3D('',#3227,#2526,#2527);
#2174=AXIS2_PLACEMENT_3D('',#3229,#2528,#2529);
#2175=AXIS2_PLACEMENT_3D('',#3231,#2530,#2531);
#2176=AXIS2_PLACEMENT_3D('',#3233,#2533,#2534);
#2177=AXIS2_PLACEMENT_3D('',#3235,#2535,#2536);
#2178=AXIS2_PLACEMENT_3D('',#3237,#2538,#2539);
#2179=AXIS2_PLACEMENT_3D('',#3239,#2540,#2541);
#2180=AXIS2_PLACEMENT_3D('',#3241,#2543,#2544);
#2181=AXIS2_PLACEMENT_3D('',#3245,#2546,#2547);
#2182=AXIS2_PLACEMENT_3D('',#3247,#2549,#2550);
#2183=AXIS2_PLACEMENT_3D('',#3249,#2551,#2552);
#2184=AXIS2_PLACEMENT_3D('',#3251,#2554,#2555);
#2185=AXIS2_PLACEMENT_3D('',#3253,#2556,#2557);
#2186=AXIS2_PLACEMENT_3D('',#3255,#2559,#2560);
#2187=AXIS2_PLACEMENT_3D('',#3258,#2561,#2562);
#2188=AXIS2_PLACEMENT_3D('',#3261,#2565,#2566);
#2189=AXIS2_PLACEMENT_3D('',#3264,#2568,#2569);
#2190=AXIS2_PLACEMENT_3D('',#3265,#2570,#2571);
#2191=AXIS2_PLACEMENT_3D('',#3268,#2573,#2574);
#2192=AXIS2_PLACEMENT_3D('',#3269,#2575,#2576);
#2193=AXIS2_PLACEMENT_3D('',#3273,#2579,#2580);
#2194=AXIS2_PLACEMENT_3D('',#3277,#2582,#2583);
#2195=AXIS2_PLACEMENT_3D('',#3279,#2585,#2586);
#2196=AXIS2_PLACEMENT_3D('',#3281,#2588,#2589);
#2197=AXIS2_PLACEMENT_3D('',#3283,#2590,#2591);
#2198=AXIS2_PLACEMENT_3D('',#3285,#2593,#2594);
#2199=AXIS2_PLACEMENT_3D('',#3286,#2595,#2596);
#2200=AXIS2_PLACEMENT_3D('',#3287,#2597,#2598);
#2201=AXIS2_PLACEMENT_3D('',#3300,#2605,#2606);
#2202=AXIS2_PLACEMENT_3D('',#3302,#2607,#2608);
#2203=AXIS2_PLACEMENT_3D('',#3304,#2609,#2610);
#2204=AXIS2_PLACEMENT_3D('',#3308,#2612,#2613);
#2205=AXIS2_PLACEMENT_3D('',#3310,#2614,#2615);
#2206=AXIS2_PLACEMENT_3D('',#3312,#2616,#2617);
#2207=AXIS2_PLACEMENT_3D('',#3314,#2618,#2619);
#2208=AXIS2_PLACEMENT_3D('',#3316,#2620,#2621);
#2209=AXIS2_PLACEMENT_3D('',#3320,#2623,#2624);
#2210=AXIS2_PLACEMENT_3D('',#3321,#2625,#2626);
#2211=AXIS2_PLACEMENT_3D('',#3324,#2627,#2628);
#2212=AXIS2_PLACEMENT_3D('',#3328,#2630,#2631);
#2213=AXIS2_PLACEMENT_3D('',#3330,#2632,#2633);
#2214=AXIS2_PLACEMENT_3D('',#3332,#2634,#2635);
#2215=AXIS2_PLACEMENT_3D('',#3336,#2637,#2638);
#2216=AXIS2_PLACEMENT_3D('',#3338,#2639,#2640);
#2217=AXIS2_PLACEMENT_3D('',#3340,#2641,#2642);
#2218=AXIS2_PLACEMENT_3D('',#3344,#2644,#2645);
#2219=AXIS2_PLACEMENT_3D('',#3346,#2646,#2647);
#2220=AXIS2_PLACEMENT_3D('',#3348,#2648,#2649);
#2221=AXIS2_PLACEMENT_3D('',#3352,#2651,#2652);
#2222=AXIS2_PLACEMENT_3D('',#3353,#2653,#2654);
#2223=AXIS2_PLACEMENT_3D('',#3356,#2655,#2656);
#2224=AXIS2_PLACEMENT_3D('',#3360,#2658,#2659);
#2225=AXIS2_PLACEMENT_3D('',#3362,#2660,#2661);
#2226=AXIS2_PLACEMENT_3D('',#3364,#2662,#2663);
#2227=AXIS2_PLACEMENT_3D('',#3368,#2665,#2666);
#2228=AXIS2_PLACEMENT_3D('',#3370,#2667,#2668);
#2229=AXIS2_PLACEMENT_3D('',#3372,#2669,#2670);
#2230=AXIS2_PLACEMENT_3D('',#3376,#2672,#2673);
#2231=AXIS2_PLACEMENT_3D('',#3378,#2674,#2675);
#2232=AXIS2_PLACEMENT_3D('',#3380,#2676,#2677);
#2233=AXIS2_PLACEMENT_3D('',#3384,#2679,#2680);
#2234=AXIS2_PLACEMENT_3D('',#3385,#2681,#2682);
#2235=AXIS2_PLACEMENT_3D('',#3388,#2683,#2684);
#2236=AXIS2_PLACEMENT_3D('',#3390,#2685,#2686);
#2237=AXIS2_PLACEMENT_3D('',#3392,#2687,#2688);
#2238=AXIS2_PLACEMENT_3D('',#3396,#2690,#2691);
#2239=AXIS2_PLACEMENT_3D('',#3398,#2692,#2693);
#2240=AXIS2_PLACEMENT_3D('',#3400,#2694,#2695);
#2241=AXIS2_PLACEMENT_3D('',#3402,#2696,#2697);
#2242=AXIS2_PLACEMENT_3D('',#3404,#2698,#2699);
#2243=AXIS2_PLACEMENT_3D('',#3408,#2701,#2702);
#2244=AXIS2_PLACEMENT_3D('',#3409,#2703,#2704);
#2245=AXIS2_PLACEMENT_3D('',#3412,#2705,#2706);
#2246=AXIS2_PLACEMENT_3D('',#3416,#2708,#2709);
#2247=AXIS2_PLACEMENT_3D('',#3418,#2710,#2711);
#2248=AXIS2_PLACEMENT_3D('',#3420,#2712,#2713);
#2249=AXIS2_PLACEMENT_3D('',#3424,#2715,#2716);
#2250=AXIS2_PLACEMENT_3D('',#3426,#2717,#2718);
#2251=AXIS2_PLACEMENT_3D('',#3428,#2719,#2720);
#2252=AXIS2_PLACEMENT_3D('',#3432,#2722,#2723);
#2253=AXIS2_PLACEMENT_3D('',#3434,#2724,#2725);
#2254=AXIS2_PLACEMENT_3D('',#3436,#2726,#2727);
#2255=AXIS2_PLACEMENT_3D('',#3440,#2729,#2730);
#2256=AXIS2_PLACEMENT_3D('',#3441,#2731,#2732);
#2257=AXIS2_PLACEMENT_3D('',#3442,#2733,#2734);
#2258=AXIS2_PLACEMENT_3D('',#3443,#2735,#2736);
#2259=AXIS2_PLACEMENT_3D('',#3444,#2737,#2738);
#2260=AXIS2_PLACEMENT_3D('',#3447,#2741,#2742);
#2261=AXIS2_PLACEMENT_3D('',#3449,#2744,#2745);
#2262=AXIS2_PLACEMENT_3D('',#3451,#2747,#2748);
#2263=AXIS2_PLACEMENT_3D('',#3454,#2751,#2752);
#2264=AXIS2_PLACEMENT_3D('',#3456,#2754,#2755);
#2265=AXIS2_PLACEMENT_3D('',#3458,#2757,#2758);
#2266=AXIS2_PLACEMENT_3D('',#3461,#2761,#2762);
#2267=AXIS2_PLACEMENT_3D('',#3463,#2764,#2765);
#2268=AXIS2_PLACEMENT_3D('',#3465,#2767,#2768);
#2269=AXIS2_PLACEMENT_3D('',#3467,#2770,#2771);
#2270=AXIS2_PLACEMENT_3D('',#3470,#2774,#2775);
#2271=AXIS2_PLACEMENT_3D('',#3471,#2776,#2777);
#2272=AXIS2_PLACEMENT_3D('',#3473,#2779,#2780);
#2273=AXIS2_PLACEMENT_3D('',#3474,#2781,#2782);
#2274=AXIS2_PLACEMENT_3D('',#3475,#2783,#2784);
#2275=AXIS2_PLACEMENT_3D('',#3476,#2785,#2786);
#2276=AXIS2_PLACEMENT_3D('',#3479,#2789,#2790);
#2277=AXIS2_PLACEMENT_3D('',#3481,#2792,#2793);
#2278=AXIS2_PLACEMENT_3D('',#3483,#2795,#2796);
#2279=AXIS2_PLACEMENT_3D('',#3486,#2799,#2800);
#2280=AXIS2_PLACEMENT_3D('',#3487,#2801,#2802);
#2281=AXIS2_PLACEMENT_3D('',#3490,#2805,#2806);
#2282=AXIS2_PLACEMENT_3D('',#3492,#2808,#2809);
#2283=AXIS2_PLACEMENT_3D('',#3494,#2811,#2812);
#2284=AXIS2_PLACEMENT_3D('',#3496,#2814,#2815);
#2285=AXIS2_PLACEMENT_3D('',#3498,#2817,#2818);
#2286=AXIS2_PLACEMENT_3D('',#3499,#2819,#2820);
#2287=AXIS2_PLACEMENT_3D('',#3500,#2821,#2822);
#2288=AXIS2_PLACEMENT_3D('',#3503,#2825,#2826);
#2289=AXIS2_PLACEMENT_3D('',#3505,#2828,#2829);
#2290=AXIS2_PLACEMENT_3D('',#3507,#2831,#2832);
#2291=AXIS2_PLACEMENT_3D('',#3510,#2835,#2836);
#2292=AXIS2_PLACEMENT_3D('',#3511,#2837,#2838);
#2293=AXIS2_PLACEMENT_3D('',#3514,#2841,#2842);
#2294=AXIS2_PLACEMENT_3D('',#3516,#2844,#2845);
#2295=AXIS2_PLACEMENT_3D('',#3518,#2847,#2848);
#2296=AXIS2_PLACEMENT_3D('',#3520,#2850,#2851);
#2297=AXIS2_PLACEMENT_3D('',#3522,#2853,#2854);
#2298=AXIS2_PLACEMENT_3D('',#3523,#2855,#2856);
#2299=AXIS2_PLACEMENT_3D('',#3524,#2857,#2858);
#2300=AXIS2_PLACEMENT_3D('',#3527,#2861,#2862);
#2301=AXIS2_PLACEMENT_3D('',#3529,#2864,#2865);
#2302=AXIS2_PLACEMENT_3D('',#3531,#2867,#2868);
#2303=AXIS2_PLACEMENT_3D('',#3534,#2871,#2872);
#2304=AXIS2_PLACEMENT_3D('',#3536,#2874,#2875);
#2305=AXIS2_PLACEMENT_3D('',#3538,#2877,#2878);
#2306=AXIS2_PLACEMENT_3D('',#3541,#2881,#2882);
#2307=AXIS2_PLACEMENT_3D('',#3543,#2884,#2885);
#2308=AXIS2_PLACEMENT_3D('',#3545,#2887,#2888);
#2309=AXIS2_PLACEMENT_3D('',#3547,#2890,#2891);
#2310=AXIS2_PLACEMENT_3D('',#3550,#2894,#2895);
#2311=AXIS2_PLACEMENT_3D('',#3551,#2896,#2897);
#2312=AXIS2_PLACEMENT_3D('',#3553,#2899,#2900);
#2313=AXIS2_PLACEMENT_3D('',#3554,#2901,#2902);
#2314=AXIS2_PLACEMENT_3D('',#3555,#2903,#2904);
#2315=AXIS2_PLACEMENT_3D('',#3556,#2905,#2906);
#2316=AXIS2_PLACEMENT_3D('',#3559,#2909,#2910);
#2317=AXIS2_PLACEMENT_3D('',#3561,#2912,#2913);
#2318=AXIS2_PLACEMENT_3D('',#3563,#2915,#2916);
#2319=AXIS2_PLACEMENT_3D('',#3566,#2919,#2920);
#2320=AXIS2_PLACEMENT_3D('',#3568,#2922,#2923);
#2321=AXIS2_PLACEMENT_3D('',#3570,#2925,#2926);
#2322=AXIS2_PLACEMENT_3D('',#3573,#2929,#2930);
#2323=AXIS2_PLACEMENT_3D('',#3575,#2932,#2933);
#2324=AXIS2_PLACEMENT_3D('',#3577,#2935,#2936);
#2325=AXIS2_PLACEMENT_3D('',#3579,#2938,#2939);
#2326=AXIS2_PLACEMENT_3D('',#3582,#2942,#2943);
#2327=AXIS2_PLACEMENT_3D('',#3583,#2944,#2945);
#2328=AXIS2_PLACEMENT_3D('',#3585,#2947,#2948);
#2329=AXIS2_PLACEMENT_3D('',#3586,#2949,#2950);
#2330=AXIS2_PLACEMENT_3D('',#3587,#2951,#2952);
#2331=AXIS2_PLACEMENT_3D('',#3588,#2953,#2954);
#2332=AXIS2_PLACEMENT_3D('',#3590,#2955,#2956);
#2333=AXIS2_PLACEMENT_3D('',#3592,#2957,#2958);
#2334=AXIS2_PLACEMENT_3D('',#3594,#2960,#2961);
#2335=AXIS2_PLACEMENT_3D('',#3596,#2962,#2963);
#2336=AXIS2_PLACEMENT_3D('',#3598,#2964,#2965);
#2337=AXIS2_PLACEMENT_3D('',#3600,#2967,#2968);
#2338=AXIS2_PLACEMENT_3D('',#3603,#2969,#2970);
#2339=AXIS2_PLACEMENT_3D('',#3607,#2972,#2973);
#2340=AXIS2_PLACEMENT_3D('',#3609,#2975,#2976);
#2341=AXIS2_PLACEMENT_3D('',#3615,#2980,#2981);
#2342=AXIS2_PLACEMENT_3D('',#3617,#2982,#2983);
#2343=AXIS2_PLACEMENT_3D('',#3619,#2984,#2985);
#2344=AXIS2_PLACEMENT_3D('',#3621,#2987,#2988);
#2345=AXIS2_PLACEMENT_3D('',#3624,#2991,#2992);
#2346=AXIS2_PLACEMENT_3D('',#3627,#2995,#2996);
#2347=AXIS2_PLACEMENT_3D('',#3629,#2997,#2998);
#2348=AXIS2_PLACEMENT_3D('',#3632,#3000,#3001);
#2349=AXIS2_PLACEMENT_3D('',#3633,#3002,#3003);
#2350=AXIS2_PLACEMENT_3D('',#3635,#3004,#3005);
#2351=AXIS2_PLACEMENT_3D('',#3639,#3007,#3008);
#2352=AXIS2_PLACEMENT_3D('',#3643,#3010,#3011);
#2353=AXIS2_PLACEMENT_3D('',#3645,#3013,#3014);
#2354=AXIS2_PLACEMENT_3D('',#3647,#3015,#3016);
#2355=AXIS2_PLACEMENT_3D('',#3649,#3018,#3019);
#2356=AXIS2_PLACEMENT_3D('',#3653,#3021,#3022);
#2357=AXIS2_PLACEMENT_3D('',#3655,#3024,#3025);
#2358=AXIS2_PLACEMENT_3D('',#3659,#3028,#3029);
#2359=AXIS2_PLACEMENT_3D('',#3662,#3031,#3032);
#2360=AXIS2_PLACEMENT_3D('',#3664,#3034,#3035);
#2361=AXIS2_PLACEMENT_3D('',#3666,#3037,#3038);
#2362=AXIS2_PLACEMENT_3D('',#3667,#3039,#3040);
#2363=DIRECTION('axis',(0.,0.,1.));
#2364=DIRECTION('refdir',(1.,0.,0.));
#2365=DIRECTION('center_axis',(0.,0.,1.));
#2366=DIRECTION('ref_axis',(-0.866025261720034,-0.500000246062687,0.));
#2367=DIRECTION('center_axis',(0.,4.41696686133506E-16,-1.));
#2368=DIRECTION('ref_axis',(-0.866025261720034,-0.500000246062687,0.));
#2369=DIRECTION('',(0.,0.,-1.));
#2370=DIRECTION('center_axis',(0.,-4.41696686133506E-16,1.));
#2371=DIRECTION('ref_axis',(-0.866025261720034,-0.500000246062687,0.));
#2372=DIRECTION('',(0.,0.,1.));
#2373=DIRECTION('center_axis',(0.,4.41696686133506E-16,-1.));
#2374=DIRECTION('ref_axis',(0.,1.,4.41696686133506E-16));
#2375=DIRECTION('',(0.,-1.,-4.41696686133506E-16));
#2376=DIRECTION('',(-1.,0.,0.));
#2377=DIRECTION('',(0.,1.,4.41696686133506E-16));
#2378=DIRECTION('',(1.,0.,0.));
#2379=DIRECTION('center_axis',(0.,4.41696686133506E-16,-1.));
#2380=DIRECTION('ref_axis',(-1.,0.,0.));
#2381=DIRECTION('center_axis',(0.,4.41696686133506E-16,-1.));
#2382=DIRECTION('ref_axis',(0.50000024606269,0.866025261720031,0.));
#2383=DIRECTION('',(-1.,0.,0.));
#2384=DIRECTION('center_axis',(0.,4.41696686133506E-16,-1.));
#2385=DIRECTION('ref_axis',(-0.500000246062688,0.866025261720033,0.));
#2386=DIRECTION('center_axis',(0.,4.41696686133506E-16,-1.));
#2387=DIRECTION('ref_axis',(-1.,0.,0.));
#2388=DIRECTION('center_axis',(0.,4.41696686133506E-16,-1.));
#2389=DIRECTION('ref_axis',(0.866025261720034,-0.500000246062687,0.));
#2390=DIRECTION('',(0.,1.,4.41696686133506E-16));
#2391=DIRECTION('center_axis',(0.,4.41696686133506E-16,-1.));
#2392=DIRECTION('ref_axis',(0.866025261720034,0.500000246062687,0.));
#2393=DIRECTION('center_axis',(0.,4.41696686133506E-16,-1.));
#2394=DIRECTION('ref_axis',(-1.,0.,0.));
#2395=DIRECTION('center_axis',(0.,4.41696686133506E-16,-1.));
#2396=DIRECTION('ref_axis',(-0.500000246062688,-0.866025261720033,0.));
#2397=DIRECTION('',(1.,0.,0.));
#2398=DIRECTION('center_axis',(0.,4.41696686133506E-16,-1.));
#2399=DIRECTION('ref_axis',(0.50000024606269,-0.866025261720031,0.));
#2400=DIRECTION('center_axis',(0.,4.41696686133506E-16,-1.));
#2401=DIRECTION('ref_axis',(-1.,0.,0.));
#2402=DIRECTION('center_axis',(0.,4.41696686133506E-16,-1.));
#2403=DIRECTION('ref_axis',(-0.866025261720034,0.500000246062687,0.));
#2404=DIRECTION('',(0.,-1.,-4.41696686133506E-16));
#2405=DIRECTION('center_axis',(0.,4.41696686133506E-16,-1.));
#2406=DIRECTION('ref_axis',(-0.866025261720042,-0.500000246062673,0.));
#2407=DIRECTION('center_axis',(0.,4.41696686133506E-16,-1.));
#2408=DIRECTION('ref_axis',(-1.,0.,0.));
#2409=DIRECTION('center_axis',(0.,4.41696686133506E-16,-1.));
#2410=DIRECTION('ref_axis',(0.500000246062682,0.866025261720037,0.));
#2411=DIRECTION('',(-1.,0.,0.));
#2412=DIRECTION('center_axis',(0.,4.41696686133506E-16,-1.));
#2413=DIRECTION('ref_axis',(-0.500000246062682,0.866025261720037,0.));
#2414=DIRECTION('center_axis',(0.,4.41696686133506E-16,-1.));
#2415=DIRECTION('ref_axis',(-1.,0.,0.));
#2416=DIRECTION('center_axis',(0.,4.41696686133506E-16,-1.));
#2417=DIRECTION('ref_axis',(0.866025261720042,-0.500000246062673,0.));
#2418=DIRECTION('',(0.,1.,4.41696686133506E-16));
#2419=DIRECTION('center_axis',(0.,4.41696686133506E-16,-1.));
#2420=DIRECTION('ref_axis',(0.866025261720042,0.500000246062673,0.));
#2421=DIRECTION('center_axis',(0.,4.41696686133506E-16,-1.));
#2422=DIRECTION('ref_axis',(-1.,0.,0.));
#2423=DIRECTION('center_axis',(0.,4.41696686133506E-16,-1.));
#2424=DIRECTION('ref_axis',(-0.500000246062682,-0.866025261720037,0.));
#2425=DIRECTION('',(1.,0.,0.));
#2426=DIRECTION('center_axis',(0.,4.41696686133506E-16,-1.));
#2427=DIRECTION('ref_axis',(0.500000246062682,-0.866025261720037,0.));
#2428=DIRECTION('center_axis',(0.,4.41696686133506E-16,-1.));
#2429=DIRECTION('ref_axis',(-1.,0.,0.));
#2430=DIRECTION('center_axis',(0.,4.41696686133506E-16,-1.));
#2431=DIRECTION('ref_axis',(-0.866025261720042,0.500000246062673,0.));
#2432=DIRECTION('',(0.,-1.,-4.41696686133506E-16));
#2433=DIRECTION('center_axis',(0.,4.41696686133506E-16,-1.));
#2434=DIRECTION('ref_axis',(0.63473885719823,-0.772726719586352,0.));
#2435=DIRECTION('center_axis',(0.,4.41696686133506E-16,-1.));
#2436=DIRECTION('ref_axis',(-1.,0.,0.));
#2437=DIRECTION('center_axis',(0.,4.41696686133506E-16,-1.));
#2438=DIRECTION('ref_axis',(0.476731499374744,0.879048961949167,0.));
#2439=DIRECTION('',(-1.,0.,0.));
#2440=DIRECTION('center_axis',(0.,4.41696686133506E-16,-1.));
#2441=DIRECTION('ref_axis',(-0.476731499374744,0.879048961949167,0.));
#2442=DIRECTION('center_axis',(0.,4.41696686133506E-16,-1.));
#2443=DIRECTION('ref_axis',(-1.,0.,0.));
#2444=DIRECTION('center_axis',(0.,4.41696686133506E-16,-1.));
#2445=DIRECTION('ref_axis',(-0.63473885719823,0.772726719586352,0.));
#2446=DIRECTION('center_axis',(0.,4.41696686133506E-16,-1.));
#2447=DIRECTION('ref_axis',(-1.,0.,0.));
#2448=DIRECTION('center_axis',(0.,4.41696686133506E-16,-1.));
#2449=DIRECTION('ref_axis',(-0.476731499374772,-0.879048961949152,0.));
#2450=DIRECTION('',(1.,0.,0.));
#2451=DIRECTION('center_axis',(0.,4.41696686133506E-16,-1.));
#2452=DIRECTION('ref_axis',(0.476731499374772,-0.879048961949152,0.));
#2453=DIRECTION('center_axis',(0.,4.41696686133506E-16,-1.));
#2454=DIRECTION('ref_axis',(-1.,0.,0.));
#2455=DIRECTION('center_axis',(0.,4.41696686133506E-16,-1.));
#2456=DIRECTION('ref_axis',(0.634738857188493,-0.772726719594351,0.));
#2457=DIRECTION('center_axis',(0.,4.41696686133506E-16,-1.));
#2458=DIRECTION('ref_axis',(-1.,0.,0.));
#2459=DIRECTION('center_axis',(0.,4.41696686133506E-16,-1.));
#2460=DIRECTION('ref_axis',(0.476731499374772,0.879048961949152,0.));
#2461=DIRECTION('',(-1.,0.,0.));
#2462=DIRECTION('center_axis',(0.,4.41696686133506E-16,-1.));
#2463=DIRECTION('ref_axis',(-0.476731499374785,0.879048961949145,0.));
#2464=DIRECTION('center_axis',(0.,4.41696686133506E-16,-1.));
#2465=DIRECTION('ref_axis',(-1.,0.,0.));
#2466=DIRECTION('center_axis',(0.,4.41696686133506E-16,-1.));
#2467=DIRECTION('ref_axis',(-0.634738857188493,0.772726719594351,0.));
#2468=DIRECTION('center_axis',(0.,4.41696686133506E-16,-1.));
#2469=DIRECTION('ref_axis',(-1.,0.,0.));
#2470=DIRECTION('center_axis',(0.,4.41696686133506E-16,-1.));
#2471=DIRECTION('ref_axis',(-0.476731499374785,-0.879048961949145,0.));
#2472=DIRECTION('',(1.,0.,0.));
#2473=DIRECTION('center_axis',(0.,4.41696686133506E-16,-1.));
#2474=DIRECTION('ref_axis',(0.476731499374772,-0.879048961949152,0.));
#2475=DIRECTION('center_axis',(0.,4.41696686133506E-16,-1.));
#2476=DIRECTION('ref_axis',(-1.,0.,0.));
#2477=DIRECTION('center_axis',(0.,4.41696686133506E-16,-1.));
#2478=DIRECTION('ref_axis',(-0.879048961949104,-0.476731499374861,0.));
#2479=DIRECTION('center_axis',(0.,4.41696686133506E-16,-1.));
#2480=DIRECTION('ref_axis',(-1.,0.,0.));
#2481=DIRECTION('center_axis',(0.,4.41696686133506E-16,-1.));
#2482=DIRECTION('ref_axis',(0.476731499374761,0.879048961949158,0.));
#2483=DIRECTION('',(-1.,0.,0.));
#2484=DIRECTION('center_axis',(0.,4.41696686133506E-16,-1.));
#2485=DIRECTION('ref_axis',(-0.476731499374785,0.879048961949145,0.));
#2486=DIRECTION('center_axis',(0.,4.41696686133506E-16,-1.));
#2487=DIRECTION('ref_axis',(-1.,0.,0.));
#2488=DIRECTION('center_axis',(0.,4.41696686133506E-16,-1.));
#2489=DIRECTION('ref_axis',(0.879048961949103,-0.476731499374862,0.));
#2490=DIRECTION('',(0.,1.,4.41696686133506E-16));
#2491=DIRECTION('center_axis',(0.,4.41696686133506E-16,-1.));
#2492=DIRECTION('ref_axis',(0.879048961949103,0.476731499374862,0.));
#2493=DIRECTION('center_axis',(0.,4.41696686133506E-16,-1.));
#2494=DIRECTION('ref_axis',(-1.,0.,0.));
#2495=DIRECTION('center_axis',(0.,4.41696686133506E-16,-1.));
#2496=DIRECTION('ref_axis',(-0.476731499374785,-0.879048961949145,0.));
#2497=DIRECTION('',(1.,0.,0.));
#2498=DIRECTION('center_axis',(0.,4.41696686133506E-16,-1.));
#2499=DIRECTION('ref_axis',(0.476731499374761,-0.879048961949158,0.));
#2500=DIRECTION('center_axis',(0.,4.41696686133506E-16,-1.));
#2501=DIRECTION('ref_axis',(-1.,0.,0.));
#2502=DIRECTION('center_axis',(0.,4.41696686133506E-16,-1.));
#2503=DIRECTION('ref_axis',(-0.879048961949104,0.476731499374861,0.));
#2504=DIRECTION('',(0.,-1.,-4.41696686133506E-16));
#2505=DIRECTION('center_axis',(0.,4.41696686133506E-16,-1.));
#2506=DIRECTION('ref_axis',(-0.879048961949104,-0.476731499374861,0.));
#2507=DIRECTION('center_axis',(0.,4.41696686133506E-16,-1.));
#2508=DIRECTION('ref_axis',(-1.,0.,0.));
#2509=DIRECTION('center_axis',(0.,4.41696686133506E-16,-1.));
#2510=DIRECTION('ref_axis',(0.476731499374761,0.879048961949158,0.));
#2511=DIRECTION('',(-1.,0.,0.));
#2512=DIRECTION('center_axis',(0.,4.41696686133506E-16,-1.));
#2513=DIRECTION('ref_axis',(-0.476731499374785,0.879048961949145,0.));
#2514=DIRECTION('center_axis',(0.,4.41696686133506E-16,-1.));
#2515=DIRECTION('ref_axis',(-1.,0.,0.));
#2516=DIRECTION('center_axis',(0.,4.41696686133506E-16,-1.));
#2517=DIRECTION('ref_axis',(0.879048961949104,-0.476731499374861,0.));
#2518=DIRECTION('',(0.,1.,4.41696686133506E-16));
#2519=DIRECTION('center_axis',(0.,4.41696686133506E-16,-1.));
#2520=DIRECTION('ref_axis',(0.879048961949104,0.476731499374861,0.));
#2521=DIRECTION('center_axis',(0.,4.41696686133506E-16,-1.));
#2522=DIRECTION('ref_axis',(-1.,0.,0.));
#2523=DIRECTION('center_axis',(0.,4.41696686133506E-16,-1.));
#2524=DIRECTION('ref_axis',(-0.476731499374785,-0.879048961949145,0.));
#2525=DIRECTION('',(1.,0.,0.));
#2526=DIRECTION('center_axis',(0.,4.41696686133506E-16,-1.));
#2527=DIRECTION('ref_axis',(0.476731499374761,-0.879048961949158,0.));
#2528=DIRECTION('center_axis',(0.,4.41696686133506E-16,-1.));
#2529=DIRECTION('ref_axis',(-1.,0.,0.));
#2530=DIRECTION('center_axis',(0.,4.41696686133506E-16,-1.));
#2531=DIRECTION('ref_axis',(-0.879048961949104,0.476731499374861,0.));
#2532=DIRECTION('',(0.,-1.,-4.41696686133506E-16));
#2533=DIRECTION('center_axis',(0.,0.,-1.));
#2534=DIRECTION('ref_axis',(0.707106781186548,-0.707106781186547,0.));
#2535=DIRECTION('center_axis',(0.,-4.41696686133506E-16,1.));
#2536=DIRECTION('ref_axis',(-1.,0.,0.));
#2537=DIRECTION('',(0.,0.,-1.));
#2538=DIRECTION('center_axis',(0.,0.,-1.));
#2539=DIRECTION('ref_axis',(0.50000024606269,0.866025261720031,0.));
#2540=DIRECTION('center_axis',(0.,-4.41696686133506E-16,1.));
#2541=DIRECTION('ref_axis',(0.50000024606269,0.866025261720031,0.));
#2542=DIRECTION('',(0.,0.,1.));
#2543=DIRECTION('center_axis',(0.,0.,1.));
#2544=DIRECTION('ref_axis',(0.50000024606269,-0.866025261720031,0.));
#2545=DIRECTION('',(0.,0.,-1.));
#2546=DIRECTION('center_axis',(0.,-4.41696686133506E-16,1.));
#2547=DIRECTION('ref_axis',(0.50000024606269,-0.866025261720031,0.));
#2548=DIRECTION('',(0.,0.,1.));
#2549=DIRECTION('center_axis',(0.,0.,-1.));
#2550=DIRECTION('ref_axis',(0.707106781186548,0.707106781186547,0.));
#2551=DIRECTION('center_axis',(0.,-4.41696686133506E-16,1.));
#2552=DIRECTION('ref_axis',(-1.,0.,0.));
#2553=DIRECTION('',(0.,0.,-1.));
#2554=DIRECTION('center_axis',(0.,0.,-1.));
#2555=DIRECTION('ref_axis',(-0.866025261720034,0.500000246062687,0.));
#2556=DIRECTION('center_axis',(0.,-4.41696686133506E-16,1.));
#2557=DIRECTION('ref_axis',(-0.866025261720034,0.500000246062687,0.));
#2558=DIRECTION('',(0.,0.,1.));
#2559=DIRECTION('center_axis',(0.,0.,-1.));
#2560=DIRECTION('ref_axis',(-0.500000246062688,-0.866025261720033,0.));
#2561=DIRECTION('center_axis',(0.,-4.41696686133506E-16,1.));
#2562=DIRECTION('ref_axis',(-0.500000246062688,-0.866025261720033,0.));
#2563=DIRECTION('',(0.,0.,1.));
#2564=DIRECTION('',(0.,0.,-1.));
#2565=DIRECTION('center_axis',(0.,0.,-1.));
#2566=DIRECTION('ref_axis',(-1.,0.,0.));
#2567=DIRECTION('',(0.,0.,1.));
#2568=DIRECTION('center_axis',(0.,-4.41696686133506E-16,1.));
#2569=DIRECTION('ref_axis',(-1.,0.,0.));
#2570=DIRECTION('center_axis',(0.,0.,1.));
#2571=DIRECTION('ref_axis',(0.866025261720034,0.500000246062687,0.));
#2572=DIRECTION('',(0.,0.,-1.));
#2573=DIRECTION('center_axis',(0.,-4.41696686133506E-16,1.));
#2574=DIRECTION('ref_axis',(0.866025261720034,0.500000246062687,0.));
#2575=DIRECTION('center_axis',(-1.,0.,0.));
#2576=DIRECTION('ref_axis',(0.,1.,4.41696686133506E-16));
#2577=DIRECTION('',(0.,0.,1.));
#2578=DIRECTION('',(0.,-1.,-4.41696686133506E-16));
#2579=DIRECTION('center_axis',(0.,0.,1.));
#2580=DIRECTION('ref_axis',(-0.500000246062688,0.866025261720033,0.));
#2581=DIRECTION('',(0.,0.,-1.));
#2582=DIRECTION('center_axis',(0.,-4.41696686133506E-16,1.));
#2583=DIRECTION('ref_axis',(-0.500000246062688,0.866025261720033,0.));
#2584=DIRECTION('',(0.,0.,1.));
#2585=DIRECTION('center_axis',(0.,-1.,0.));
#2586=DIRECTION('ref_axis',(-1.,0.,0.));
#2587=DIRECTION('',(1.,0.,0.));
#2588=DIRECTION('center_axis',(0.,0.,-1.));
#2589=DIRECTION('ref_axis',(0.866025261720034,-0.500000246062687,0.));
#2590=DIRECTION('center_axis',(0.,-4.41696686133506E-16,1.));
#2591=DIRECTION('ref_axis',(0.866025261720034,-0.500000246062687,0.));
#2592=DIRECTION('',(0.,0.,-1.));
#2593=DIRECTION('center_axis',(0.,0.,-1.));
#2594=DIRECTION('ref_axis',(-1.,0.,0.));
#2595=DIRECTION('center_axis',(0.,-4.41696686133506E-16,1.));
#2596=DIRECTION('ref_axis',(-1.,0.,0.));
#2597=DIRECTION('center_axis',(0.,4.41696686133506E-16,-1.));
#2598=DIRECTION('ref_axis',(0.,1.,4.41696686133506E-16));
#2599=DIRECTION('',(0.,-1.,-4.41696686133506E-16));
#2600=DIRECTION('',(1.,0.,0.));
#2601=DIRECTION('',(0.,1.,4.41696686133506E-16));
#2602=DIRECTION('',(1.,0.,0.));
#2603=DIRECTION('',(0.,1.,4.41696686133506E-16));
#2604=DIRECTION('',(-1.,0.,0.));
#2605=DIRECTION('center_axis',(0.,-4.41696686133506E-16,1.));
#2606=DIRECTION('ref_axis',(0.63473885719823,-0.772726719586352,0.));
#2607=DIRECTION('center_axis',(0.,-4.41696686133506E-16,1.));
#2608=DIRECTION('ref_axis',(-1.,0.,0.));
#2609=DIRECTION('center_axis',(0.,-4.41696686133506E-16,1.));
#2610=DIRECTION('ref_axis',(0.476731499374772,-0.879048961949152,0.));
#2611=DIRECTION('',(-1.,0.,0.));
#2612=DIRECTION('center_axis',(0.,-4.41696686133506E-16,1.));
#2613=DIRECTION('ref_axis',(-0.476731499374772,-0.879048961949152,0.));
#2614=DIRECTION('center_axis',(0.,-4.41696686133506E-16,1.));
#2615=DIRECTION('ref_axis',(-1.,0.,0.));
#2616=DIRECTION('center_axis',(0.,-4.41696686133506E-16,1.));
#2617=DIRECTION('ref_axis',(-0.63473885719823,0.772726719586352,0.));
#2618=DIRECTION('center_axis',(0.,-4.41696686133506E-16,1.));
#2619=DIRECTION('ref_axis',(-1.,0.,0.));
#2620=DIRECTION('center_axis',(0.,-4.41696686133506E-16,1.));
#2621=DIRECTION('ref_axis',(-0.476731499374744,0.879048961949167,0.));
#2622=DIRECTION('',(1.,0.,0.));
#2623=DIRECTION('center_axis',(0.,-4.41696686133506E-16,1.));
#2624=DIRECTION('ref_axis',(0.476731499374744,0.879048961949167,0.));
#2625=DIRECTION('center_axis',(0.,-4.41696686133506E-16,1.));
#2626=DIRECTION('ref_axis',(-1.,0.,0.));
#2627=DIRECTION('center_axis',(0.,-4.41696686133506E-16,1.));
#2628=DIRECTION('ref_axis',(-0.879048961949104,-0.476731499374861,0.));
#2629=DIRECTION('',(0.,1.,4.41696686133506E-16));
#2630=DIRECTION('center_axis',(0.,-4.41696686133506E-16,1.));
#2631=DIRECTION('ref_axis',(-0.879048961949104,0.476731499374861,0.));
#2632=DIRECTION('center_axis',(0.,-4.41696686133506E-16,1.));
#2633=DIRECTION('ref_axis',(-1.,0.,0.));
#2634=DIRECTION('center_axis',(0.,-4.41696686133506E-16,1.));
#2635=DIRECTION('ref_axis',(0.476731499374761,-0.879048961949158,0.));
#2636=DIRECTION('',(-1.,0.,0.));
#2637=DIRECTION('center_axis',(0.,-4.41696686133506E-16,1.));
#2638=DIRECTION('ref_axis',(-0.476731499374785,-0.879048961949145,0.));
#2639=DIRECTION('center_axis',(0.,-4.41696686133506E-16,1.));
#2640=DIRECTION('ref_axis',(-1.,0.,0.));
#2641=DIRECTION('center_axis',(0.,-4.41696686133506E-16,1.));
#2642=DIRECTION('ref_axis',(0.879048961949103,0.476731499374862,0.));
#2643=DIRECTION('',(0.,-1.,-4.41696686133506E-16));
#2644=DIRECTION('center_axis',(0.,-4.41696686133506E-16,1.));
#2645=DIRECTION('ref_axis',(0.879048961949103,-0.476731499374862,0.));
#2646=DIRECTION('center_axis',(0.,-4.41696686133506E-16,1.));
#2647=DIRECTION('ref_axis',(-1.,0.,0.));
#2648=DIRECTION('center_axis',(0.,-4.41696686133506E-16,1.));
#2649=DIRECTION('ref_axis',(-0.476731499374785,0.879048961949145,0.));
#2650=DIRECTION('',(1.,0.,0.));
#2651=DIRECTION('center_axis',(0.,-4.41696686133506E-16,1.));
#2652=DIRECTION('ref_axis',(0.476731499374761,0.879048961949158,0.));
#2653=DIRECTION('center_axis',(0.,-4.41696686133506E-16,1.));
#2654=DIRECTION('ref_axis',(-1.,0.,0.));
#2655=DIRECTION('center_axis',(0.,-4.41696686133506E-16,1.));
#2656=DIRECTION('ref_axis',(-0.879048961949104,-0.476731499374861,0.));
#2657=DIRECTION('',(0.,1.,4.41696686133506E-16));
#2658=DIRECTION('center_axis',(0.,-4.41696686133506E-16,1.));
#2659=DIRECTION('ref_axis',(-0.879048961949104,0.476731499374861,0.));
#2660=DIRECTION('center_axis',(0.,-4.41696686133506E-16,1.));
#2661=DIRECTION('ref_axis',(-1.,0.,0.));
#2662=DIRECTION('center_axis',(0.,-4.41696686133506E-16,1.));
#2663=DIRECTION('ref_axis',(0.476731499374761,-0.879048961949158,0.));
#2664=DIRECTION('',(-1.,0.,0.));
#2665=DIRECTION('center_axis',(0.,-4.41696686133506E-16,1.));
#2666=DIRECTION('ref_axis',(-0.476731499374785,-0.879048961949145,0.));
#2667=DIRECTION('center_axis',(0.,-4.41696686133506E-16,1.));
#2668=DIRECTION('ref_axis',(-1.,0.,0.));
#2669=DIRECTION('center_axis',(0.,-4.41696686133506E-16,1.));
#2670=DIRECTION('ref_axis',(0.879048961949104,0.476731499374861,0.));
#2671=DIRECTION('',(0.,-1.,-4.41696686133506E-16));
#2672=DIRECTION('center_axis',(0.,-4.41696686133506E-16,1.));
#2673=DIRECTION('ref_axis',(0.879048961949104,-0.476731499374861,0.));
#2674=DIRECTION('center_axis',(0.,-4.41696686133506E-16,1.));
#2675=DIRECTION('ref_axis',(-1.,0.,0.));
#2676=DIRECTION('center_axis',(0.,-4.41696686133506E-16,1.));
#2677=DIRECTION('ref_axis',(-0.476731499374785,0.879048961949145,0.));
#2678=DIRECTION('',(1.,0.,0.));
#2679=DIRECTION('center_axis',(0.,-4.41696686133506E-16,1.));
#2680=DIRECTION('ref_axis',(0.476731499374761,0.879048961949158,0.));
#2681=DIRECTION('center_axis',(0.,-4.41696686133506E-16,1.));
#2682=DIRECTION('ref_axis',(-1.,0.,0.));
#2683=DIRECTION('center_axis',(0.,-4.41696686133506E-16,1.));
#2684=DIRECTION('ref_axis',(0.634738857188493,-0.772726719594351,0.));
#2685=DIRECTION('center_axis',(0.,-4.41696686133506E-16,1.));
#2686=DIRECTION('ref_axis',(-1.,0.,0.));
#2687=DIRECTION('center_axis',(0.,-4.41696686133506E-16,1.));
#2688=DIRECTION('ref_axis',(0.476731499374772,-0.879048961949152,0.));
#2689=DIRECTION('',(-1.,0.,0.));
#2690=DIRECTION('center_axis',(0.,-4.41696686133506E-16,1.));
#2691=DIRECTION('ref_axis',(-0.476731499374785,-0.879048961949145,0.));
#2692=DIRECTION('center_axis',(0.,-4.41696686133506E-16,1.));
#2693=DIRECTION('ref_axis',(-1.,0.,0.));
#2694=DIRECTION('center_axis',(0.,-4.41696686133506E-16,1.));
#2695=DIRECTION('ref_axis',(-0.634738857188493,0.772726719594351,0.));
#2696=DIRECTION('center_axis',(0.,-4.41696686133506E-16,1.));
#2697=DIRECTION('ref_axis',(-1.,0.,0.));
#2698=DIRECTION('center_axis',(0.,-4.41696686133506E-16,1.));
#2699=DIRECTION('ref_axis',(-0.476731499374785,0.879048961949145,0.));
#2700=DIRECTION('',(1.,0.,0.));
#2701=DIRECTION('center_axis',(0.,-4.41696686133506E-16,1.));
#2702=DIRECTION('ref_axis',(0.476731499374772,0.879048961949152,0.));
#2703=DIRECTION('center_axis',(0.,-4.41696686133506E-16,1.));
#2704=DIRECTION('ref_axis',(-1.,0.,0.));
#2705=DIRECTION('center_axis',(0.,-4.41696686133506E-16,1.));
#2706=DIRECTION('ref_axis',(-0.866025261720042,-0.500000246062673,0.));
#2707=DIRECTION('',(0.,1.,4.41696686133506E-16));
#2708=DIRECTION('center_axis',(0.,-4.41696686133506E-16,1.));
#2709=DIRECTION('ref_axis',(-0.866025261720042,0.500000246062673,0.));
#2710=DIRECTION('center_axis',(0.,-4.41696686133506E-16,1.));
#2711=DIRECTION('ref_axis',(-1.,0.,0.));
#2712=DIRECTION('center_axis',(0.,-4.41696686133506E-16,1.));
#2713=DIRECTION('ref_axis',(0.500000246062682,-0.866025261720037,0.));
#2714=DIRECTION('',(-1.,0.,0.));
#2715=DIRECTION('center_axis',(0.,-4.41696686133506E-16,1.));
#2716=DIRECTION('ref_axis',(-0.500000246062682,-0.866025261720037,0.));
#2717=DIRECTION('center_axis',(0.,-4.41696686133506E-16,1.));
#2718=DIRECTION('ref_axis',(-1.,0.,0.));
#2719=DIRECTION('center_axis',(0.,-4.41696686133506E-16,1.));
#2720=DIRECTION('ref_axis',(0.866025261720042,0.500000246062673,0.));
#2721=DIRECTION('',(0.,-1.,-4.41696686133506E-16));
#2722=DIRECTION('center_axis',(0.,-4.41696686133506E-16,1.));
#2723=DIRECTION('ref_axis',(0.866025261720042,-0.500000246062673,0.));
#2724=DIRECTION('center_axis',(0.,-4.41696686133506E-16,1.));
#2725=DIRECTION('ref_axis',(-1.,0.,0.));
#2726=DIRECTION('center_axis',(0.,-4.41696686133506E-16,1.));
#2727=DIRECTION('ref_axis',(-0.500000246062682,0.866025261720037,0.));
#2728=DIRECTION('',(1.,0.,0.));
#2729=DIRECTION('center_axis',(0.,-4.41696686133506E-16,1.));
#2730=DIRECTION('ref_axis',(0.500000246062682,0.866025261720037,0.));
#2731=DIRECTION('center_axis',(0.,-4.41696686133506E-16,1.));
#2732=DIRECTION('ref_axis',(-1.,0.,0.));
#2733=DIRECTION('center_axis',(1.,0.,0.));
#2734=DIRECTION('ref_axis',(0.,-1.,-4.41696686133506E-16));
#2735=DIRECTION('center_axis',(0.,1.,0.));
#2736=DIRECTION('ref_axis',(1.,0.,0.));
#2737=DIRECTION('center_axis',(0.,0.,1.));
#2738=DIRECTION('ref_axis',(-0.866025261720042,-0.500000246062673,0.));
#2739=DIRECTION('',(0.,0.,-1.));
#2740=DIRECTION('',(0.,0.,1.));
#2741=DIRECTION('center_axis',(0.,0.,-1.));
#2742=DIRECTION('ref_axis',(0.707106781186541,-0.707106781186554,0.));
#2743=DIRECTION('',(0.,0.,-1.));
#2744=DIRECTION('center_axis',(0.,0.,-1.));
#2745=DIRECTION('ref_axis',(0.500000246062682,0.866025261720037,0.));
#2746=DIRECTION('',(0.,0.,1.));
#2747=DIRECTION('center_axis',(0.,0.,1.));
#2748=DIRECTION('ref_axis',(0.500000246062682,-0.866025261720037,0.));
#2749=DIRECTION('',(0.,0.,-1.));
#2750=DIRECTION('',(0.,0.,1.));
#2751=DIRECTION('center_axis',(0.,0.,-1.));
#2752=DIRECTION('ref_axis',(0.707106781186541,0.707106781186554,0.));
#2753=DIRECTION('',(0.,0.,-1.));
#2754=DIRECTION('center_axis',(0.,0.,-1.));
#2755=DIRECTION('ref_axis',(-0.866025261720042,0.500000246062673,0.));
#2756=DIRECTION('',(0.,0.,1.));
#2757=DIRECTION('center_axis',(0.,0.,-1.));
#2758=DIRECTION('ref_axis',(-0.500000246062682,-0.866025261720037,0.));
#2759=DIRECTION('',(0.,0.,1.));
#2760=DIRECTION('',(0.,0.,-1.));
#2761=DIRECTION('center_axis',(0.,0.,-1.));
#2762=DIRECTION('ref_axis',(-1.,0.,0.));
#2763=DIRECTION('',(0.,0.,1.));
#2764=DIRECTION('center_axis',(0.,0.,1.));
#2765=DIRECTION('ref_axis',(0.866025261720042,0.500000246062673,0.));
#2766=DIRECTION('',(0.,0.,-1.));
#2767=DIRECTION('center_axis',(-1.,0.,0.));
#2768=DIRECTION('ref_axis',(0.,1.,4.41696686133506E-16));
#2769=DIRECTION('',(0.,0.,1.));
#2770=DIRECTION('center_axis',(0.,0.,1.));
#2771=DIRECTION('ref_axis',(-0.500000246062682,0.866025261720037,0.));
#2772=DIRECTION('',(0.,0.,-1.));
#2773=DIRECTION('',(0.,0.,1.));
#2774=DIRECTION('center_axis',(0.,-1.,0.));
#2775=DIRECTION('ref_axis',(-1.,0.,0.));
#2776=DIRECTION('center_axis',(0.,0.,-1.));
#2777=DIRECTION('ref_axis',(0.866025261720042,-0.500000246062673,0.));
#2778=DIRECTION('',(0.,0.,-1.));
#2779=DIRECTION('center_axis',(0.,0.,-1.));
#2780=DIRECTION('ref_axis',(-1.,0.,0.));
#2781=DIRECTION('center_axis',(1.,0.,0.));
#2782=DIRECTION('ref_axis',(0.,-1.,-4.41696686133506E-16));
#2783=DIRECTION('center_axis',(0.,1.,0.));
#2784=DIRECTION('ref_axis',(1.,0.,0.));
#2785=DIRECTION('center_axis',(0.,0.,1.));
#2786=DIRECTION('ref_axis',(0.63473885719823,-0.772726719586352,0.));
#2787=DIRECTION('',(0.,0.,1.));
#2788=DIRECTION('',(0.,0.,-1.));
#2789=DIRECTION('center_axis',(0.,0.,-1.));
#2790=DIRECTION('ref_axis',(0.666890754030884,-0.745155502018283,0.));
#2791=DIRECTION('',(0.,0.,-1.));
#2792=DIRECTION('center_axis',(0.,0.,-1.));
#2793=DIRECTION('ref_axis',(0.476731499374744,0.879048961949167,0.));
#2794=DIRECTION('',(0.,0.,1.));
#2795=DIRECTION('center_axis',(0.,0.,1.));
#2796=DIRECTION('ref_axis',(0.476731499374772,-0.879048961949152,0.));
#2797=DIRECTION('',(0.,0.,-1.));
#2798=DIRECTION('',(0.,0.,1.));
#2799=DIRECTION('center_axis',(0.,0.,-1.));
#2800=DIRECTION('ref_axis',(0.666890754030835,0.745155502018326,0.));
#2801=DIRECTION('center_axis',(0.,0.,-1.));
#2802=DIRECTION('ref_axis',(-0.476731499374772,-0.879048961949152,0.));
#2803=DIRECTION('',(0.,0.,1.));
#2804=DIRECTION('',(0.,0.,-1.));
#2805=DIRECTION('center_axis',(0.,0.,-1.));
#2806=DIRECTION('ref_axis',(-1.,0.,0.));
#2807=DIRECTION('',(0.,0.,1.));
#2808=DIRECTION('center_axis',(0.,0.,1.));
#2809=DIRECTION('ref_axis',(-0.63473885719823,0.772726719586352,0.));
#2810=DIRECTION('',(0.,0.,-1.));
#2811=DIRECTION('center_axis',(0.,0.,-1.));
#2812=DIRECTION('ref_axis',(-1.,0.,0.));
#2813=DIRECTION('',(0.,0.,1.));
#2814=DIRECTION('center_axis',(0.,0.,1.));
#2815=DIRECTION('ref_axis',(-0.476731499374744,0.879048961949167,0.));
#2816=DIRECTION('',(0.,0.,-1.));
#2817=DIRECTION('center_axis',(0.,-1.,0.));
#2818=DIRECTION('ref_axis',(-1.,0.,0.));
#2819=DIRECTION('center_axis',(0.,1.,0.));
#2820=DIRECTION('ref_axis',(1.,0.,0.));
#2821=DIRECTION('center_axis',(0.,0.,1.));
#2822=DIRECTION('ref_axis',(0.634738857188493,-0.772726719594351,0.));
#2823=DIRECTION('',(0.,0.,1.));
#2824=DIRECTION('',(0.,0.,-1.));
#2825=DIRECTION('center_axis',(0.,0.,-1.));
#2826=DIRECTION('ref_axis',(0.666890754035505,-0.745155502014147,0.));
#2827=DIRECTION('',(0.,0.,-1.));
#2828=DIRECTION('center_axis',(0.,0.,-1.));
#2829=DIRECTION('ref_axis',(0.476731499374772,0.879048961949152,0.));
#2830=DIRECTION('',(0.,0.,1.));
#2831=DIRECTION('center_axis',(0.,0.,1.));
#2832=DIRECTION('ref_axis',(0.476731499374772,-0.879048961949152,0.));
#2833=DIRECTION('',(0.,0.,-1.));
#2834=DIRECTION('',(0.,0.,1.));
#2835=DIRECTION('center_axis',(0.,0.,-1.));
#2836=DIRECTION('ref_axis',(0.666890754035505,0.745155502014147,0.));
#2837=DIRECTION('center_axis',(0.,0.,-1.));
#2838=DIRECTION('ref_axis',(-0.476731499374785,-0.879048961949145,0.));
#2839=DIRECTION('',(0.,0.,1.));
#2840=DIRECTION('',(0.,0.,-1.));
#2841=DIRECTION('center_axis',(0.,0.,-1.));
#2842=DIRECTION('ref_axis',(-1.,0.,0.));
#2843=DIRECTION('',(0.,0.,1.));
#2844=DIRECTION('center_axis',(0.,0.,1.));
#2845=DIRECTION('ref_axis',(-0.634738857188493,0.772726719594351,0.));
#2846=DIRECTION('',(0.,0.,-1.));
#2847=DIRECTION('center_axis',(0.,0.,-1.));
#2848=DIRECTION('ref_axis',(-1.,0.,0.));
#2849=DIRECTION('',(0.,0.,1.));
#2850=DIRECTION('center_axis',(0.,0.,1.));
#2851=DIRECTION('ref_axis',(-0.476731499374785,0.879048961949145,0.));
#2852=DIRECTION('',(0.,0.,-1.));
#2853=DIRECTION('center_axis',(0.,-1.,0.));
#2854=DIRECTION('ref_axis',(-1.,0.,0.));
#2855=DIRECTION('center_axis',(0.,1.,0.));
#2856=DIRECTION('ref_axis',(1.,0.,0.));
#2857=DIRECTION('center_axis',(0.,0.,1.));
#2858=DIRECTION('ref_axis',(-0.879048961949104,-0.476731499374861,0.));
#2859=DIRECTION('',(0.,0.,-1.));
#2860=DIRECTION('',(0.,0.,1.));
#2861=DIRECTION('center_axis',(0.,0.,-1.));
#2862=DIRECTION('ref_axis',(0.707106781186561,-0.707106781186534,0.));
#2863=DIRECTION('',(0.,0.,-1.));
#2864=DIRECTION('center_axis',(0.,0.,-1.));
#2865=DIRECTION('ref_axis',(0.476731499374761,0.879048961949158,0.));
#2866=DIRECTION('',(0.,0.,1.));
#2867=DIRECTION('center_axis',(0.,0.,1.));
#2868=DIRECTION('ref_axis',(0.476731499374761,-0.879048961949158,0.));
#2869=DIRECTION('',(0.,0.,-1.));
#2870=DIRECTION('',(0.,0.,1.));
#2871=DIRECTION('center_axis',(0.,0.,-1.));
#2872=DIRECTION('ref_axis',(0.707106781186561,0.707106781186534,0.));
#2873=DIRECTION('',(0.,0.,-1.));
#2874=DIRECTION('center_axis',(0.,0.,-1.));
#2875=DIRECTION('ref_axis',(-0.879048961949104,0.476731499374861,0.));
#2876=DIRECTION('',(0.,0.,1.));
#2877=DIRECTION('center_axis',(0.,0.,-1.));
#2878=DIRECTION('ref_axis',(-0.476731499374785,-0.879048961949145,0.));
#2879=DIRECTION('',(0.,0.,1.));
#2880=DIRECTION('',(0.,0.,-1.));
#2881=DIRECTION('center_axis',(0.,0.,-1.));
#2882=DIRECTION('ref_axis',(-1.,0.,0.));
#2883=DIRECTION('',(0.,0.,1.));
#2884=DIRECTION('center_axis',(0.,0.,1.));
#2885=DIRECTION('ref_axis',(0.879048961949103,0.476731499374862,0.));
#2886=DIRECTION('',(0.,0.,-1.));
#2887=DIRECTION('center_axis',(-1.,0.,0.));
#2888=DIRECTION('ref_axis',(0.,1.,4.41696686133506E-16));
#2889=DIRECTION('',(0.,0.,1.));
#2890=DIRECTION('center_axis',(0.,0.,1.));
#2891=DIRECTION('ref_axis',(-0.476731499374785,0.879048961949145,0.));
#2892=DIRECTION('',(0.,0.,-1.));
#2893=DIRECTION('',(0.,0.,1.));
#2894=DIRECTION('center_axis',(0.,-1.,0.));
#2895=DIRECTION('ref_axis',(-1.,0.,0.));
#2896=DIRECTION('center_axis',(0.,0.,-1.));
#2897=DIRECTION('ref_axis',(0.879048961949103,-0.476731499374862,0.));
#2898=DIRECTION('',(0.,0.,-1.));
#2899=DIRECTION('center_axis',(0.,0.,-1.));
#2900=DIRECTION('ref_axis',(-1.,0.,0.));
#2901=DIRECTION('center_axis',(1.,0.,0.));
#2902=DIRECTION('ref_axis',(0.,-1.,-4.41696686133506E-16));
#2903=DIRECTION('center_axis',(0.,1.,0.));
#2904=DIRECTION('ref_axis',(1.,0.,0.));
#2905=DIRECTION('center_axis',(0.,0.,1.));
#2906=DIRECTION('ref_axis',(-0.879048961949104,-0.476731499374861,0.));
#2907=DIRECTION('',(0.,0.,-1.));
#2908=DIRECTION('',(0.,0.,1.));
#2909=DIRECTION('center_axis',(0.,0.,-1.));
#2910=DIRECTION('ref_axis',(0.707106781186561,-0.707106781186534,0.));
#2911=DIRECTION('',(0.,0.,-1.));
#2912=DIRECTION('center_axis',(0.,0.,-1.));
#2913=DIRECTION('ref_axis',(0.476731499374761,0.879048961949158,0.));
#2914=DIRECTION('',(0.,0.,1.));
#2915=DIRECTION('center_axis',(0.,0.,1.));
#2916=DIRECTION('ref_axis',(0.476731499374761,-0.879048961949158,0.));
#2917=DIRECTION('',(0.,0.,-1.));
#2918=DIRECTION('',(0.,0.,1.));
#2919=DIRECTION('center_axis',(0.,0.,-1.));
#2920=DIRECTION('ref_axis',(0.707106781186561,0.707106781186534,0.));
#2921=DIRECTION('',(0.,0.,-1.));
#2922=DIRECTION('center_axis',(0.,0.,-1.));
#2923=DIRECTION('ref_axis',(-0.879048961949104,0.476731499374861,0.));
#2924=DIRECTION('',(0.,0.,1.));
#2925=DIRECTION('center_axis',(0.,0.,-1.));
#2926=DIRECTION('ref_axis',(-0.476731499374785,-0.879048961949145,0.));
#2927=DIRECTION('',(0.,0.,1.));
#2928=DIRECTION('',(0.,0.,-1.));
#2929=DIRECTION('center_axis',(0.,0.,-1.));
#2930=DIRECTION('ref_axis',(-1.,0.,0.));
#2931=DIRECTION('',(0.,0.,1.));
#2932=DIRECTION('center_axis',(0.,0.,1.));
#2933=DIRECTION('ref_axis',(0.879048961949104,0.476731499374861,0.));
#2934=DIRECTION('',(0.,0.,-1.));
#2935=DIRECTION('center_axis',(-1.,0.,0.));
#2936=DIRECTION('ref_axis',(0.,1.,4.41696686133506E-16));
#2937=DIRECTION('',(0.,0.,1.));
#2938=DIRECTION('center_axis',(0.,0.,1.));
#2939=DIRECTION('ref_axis',(-0.476731499374785,0.879048961949145,0.));
#2940=DIRECTION('',(0.,0.,-1.));
#2941=DIRECTION('',(0.,0.,1.));
#2942=DIRECTION('center_axis',(0.,-1.,0.));
#2943=DIRECTION('ref_axis',(-1.,0.,0.));
#2944=DIRECTION('center_axis',(0.,0.,-1.));
#2945=DIRECTION('ref_axis',(0.879048961949104,-0.476731499374861,0.));
#2946=DIRECTION('',(0.,0.,-1.));
#2947=DIRECTION('center_axis',(0.,0.,-1.));
#2948=DIRECTION('ref_axis',(-1.,0.,0.));
#2949=DIRECTION('center_axis',(1.,0.,0.));
#2950=DIRECTION('ref_axis',(0.,-1.,-4.41696686133506E-16));
#2951=DIRECTION('center_axis',(0.,1.,0.));
#2952=DIRECTION('ref_axis',(1.,0.,0.));
#2953=DIRECTION('center_axis',(0.,-1.,-4.41696686133506E-16));
#2954=DIRECTION('ref_axis',(-0.707106781186548,0.,-0.707106781186548));
#2955=DIRECTION('center_axis',(0.,1.,-7.45976625469921E-16));
#2956=DIRECTION('ref_axis',(-0.707106781186548,0.,-0.707106781186548));
#2957=DIRECTION('center_axis',(0.,-0.997813012942371,0.0660998578127646));
#2958=DIRECTION('ref_axis',(0.,-0.0660998578127646,-0.997813012942371));
#2959=DIRECTION('',(0.,1.,4.41696686133506E-16));
#2960=DIRECTION('center_axis',(0.,1.,4.41696686133506E-16));
#2961=DIRECTION('ref_axis',(0.707106781186548,0.,-0.707106781186548));
#2962=DIRECTION('center_axis',(0.,-0.997813012942371,0.0660998578127646));
#2963=DIRECTION('ref_axis',(0.,-0.0660998578127646,-0.997813012942371));
#2964=DIRECTION('center_axis',(0.,1.,-7.45976625469921E-16));
#2965=DIRECTION('ref_axis',(0.707106781186548,0.,-0.707106781186548));
#2966=DIRECTION('',(0.,-1.,-4.41696686133506E-16));
#2967=DIRECTION('center_axis',(0.,-1.,1.37298450601205E-14));
#2968=DIRECTION('ref_axis',(0.707106781186548,0.,0.707106781186548));
#2969=DIRECTION('center_axis',(0.,1.,-7.45976625469921E-16));
#2970=DIRECTION('ref_axis',(0.707106781186548,0.,0.707106781186548));
#2971=DIRECTION('',(0.,-1.,1.37298450601205E-14));
#2972=DIRECTION('center_axis',(0.,-0.997813012942371,0.0660998578127646));
#2973=DIRECTION('ref_axis',(0.,0.0660998578127646,0.997813012942371));
#2974=DIRECTION('',(0.,1.,-1.37298450601205E-14));
#2975=DIRECTION('center_axis',(0.,1.37298450601205E-14,1.));
#2976=DIRECTION('ref_axis',(0.,-1.,1.37298450601205E-14));
#2977=DIRECTION('',(1.,0.,0.));
#2978=DIRECTION('',(0.,1.,-1.37298450601205E-14));
#2979=DIRECTION('',(-1.,0.,0.));
#2980=DIRECTION('center_axis',(0.,1.,-1.37298450601205E-14));
#2981=DIRECTION('ref_axis',(-0.707106781186548,0.,0.707106781186548));
#2982=DIRECTION('center_axis',(0.,-0.997813012942371,0.0660998578127646));
#2983=DIRECTION('ref_axis',(0.,0.0660998578127646,0.997813012942371));
#2984=DIRECTION('center_axis',(0.,1.,-7.45976625469921E-16));
#2985=DIRECTION('ref_axis',(-0.707106781186548,0.,0.707106781186548));
#2986=DIRECTION('',(0.,-1.,1.37298450601205E-14));
#2987=DIRECTION('center_axis',(-1.,0.,0.));
#2988=DIRECTION('ref_axis',(0.,0.,1.));
#2989=DIRECTION('',(0.,-0.0660998578127646,-0.997813012942371));
#2990=DIRECTION('',(0.,7.45976625469921E-16,1.));
#2991=DIRECTION('center_axis',(1.,0.,0.));
#2992=DIRECTION('ref_axis',(0.,0.,-1.));
#2993=DIRECTION('',(0.,-7.45976625469921E-16,-1.));
#2994=DIRECTION('',(0.,0.0660998578127646,0.997813012942371));
#2995=DIRECTION('center_axis',(0.,-1.,-4.41696686133506E-16));
#2996=DIRECTION('ref_axis',(-0.707106781186547,0.,-0.707106781186547));
#2997=DIRECTION('center_axis',(0.,1.,-7.45976625469921E-16));
#2998=DIRECTION('ref_axis',(-0.707106781186547,0.,-0.707106781186547));
#2999=DIRECTION('',(0.,1.,4.41696686133506E-16));
#3000=DIRECTION('center_axis',(0.,-0.997813012942371,0.0660998578127646));
#3001=DIRECTION('ref_axis',(0.,-0.0660998578127646,-0.997813012942371));
#3002=DIRECTION('center_axis',(0.,-1.,7.45976625469921E-16));
#3003=DIRECTION('ref_axis',(0.,-7.45976625469921E-16,-1.));
#3004=DIRECTION('center_axis',(0.,1.,-7.45976625469921E-16));
#3005=DIRECTION('ref_axis',(0.707106781186547,0.,-0.707106781186547));
#3006=DIRECTION('',(0.,-7.45976625469921E-16,-1.));
#3007=DIRECTION('center_axis',(0.,1.,-7.45976625469921E-16));
#3008=DIRECTION('ref_axis',(0.707106781186547,0.,0.707106781186547));
#3009=DIRECTION('',(1.,0.,0.));
#3010=DIRECTION('center_axis',(0.,1.,-7.45976625469921E-16));
#3011=DIRECTION('ref_axis',(-0.707106781186547,0.,0.707106781186547));
#3012=DIRECTION('',(0.,7.45976625469921E-16,1.));
#3013=DIRECTION('center_axis',(0.,1.,4.41696686133506E-16));
#3014=DIRECTION('ref_axis',(0.707106781186547,0.,-0.707106781186547));
#3015=DIRECTION('center_axis',(0.,-0.997813012942371,0.0660998578127646));
#3016=DIRECTION('ref_axis',(0.,-0.0660998578127646,-0.997813012942371));
#3017=DIRECTION('',(0.,-1.,-4.41696686133506E-16));
#3018=DIRECTION('center_axis',(0.,-1.,1.37298450601205E-14));
#3019=DIRECTION('ref_axis',(0.707106781186547,0.,0.707106781186547));
#3020=DIRECTION('',(0.,1.,-1.37298450601205E-14));
#3021=DIRECTION('center_axis',(0.,-0.997813012942371,0.0660998578127646));
#3022=DIRECTION('ref_axis',(0.,0.0660998578127646,0.997813012942371));
#3023=DIRECTION('',(0.,-1.,1.37298450601205E-14));
#3024=DIRECTION('center_axis',(0.,1.37298450601205E-14,1.));
#3025=DIRECTION('ref_axis',(0.,-1.,1.37298450601205E-14));
#3026=DIRECTION('',(-1.,0.,0.));
#3027=DIRECTION('',(0.,1.,-1.37298450601205E-14));
#3028=DIRECTION('center_axis',(0.,0.997813012942371,-0.0660998578127646));
#3029=DIRECTION('ref_axis',(0.,0.0660998578127646,0.997813012942371));
#3030=DIRECTION('',(0.,-0.0660998578127646,-0.997813012942371));
#3031=DIRECTION('center_axis',(0.,-0.997813012942371,0.0660998578127646));
#3032=DIRECTION('ref_axis',(0.,0.0660998578127646,0.997813012942371));
#3033=DIRECTION('',(0.,0.0660998578127646,0.997813012942371));
#3034=DIRECTION('center_axis',(0.,1.,-1.37298450601205E-14));
#3035=DIRECTION('ref_axis',(-0.707106781186547,0.,0.707106781186547));
#3036=DIRECTION('',(0.,-1.,1.37298450601205E-14));
#3037=DIRECTION('center_axis',(-1.,0.,0.));
#3038=DIRECTION('ref_axis',(0.,0.,1.));
#3039=DIRECTION('center_axis',(1.,0.,0.));
#3040=DIRECTION('ref_axis',(0.,0.,-1.));
#3041=CARTESIAN_POINT('',(0.,0.,0.));
#3042=CARTESIAN_POINT('Origin',(0.399999999999281,-2.29535893838706,41.2718503937008));
#3043=CARTESIAN_POINT('',(0.390000009841791,-2.31267945214532,41.2718503937008));
#3044=CARTESIAN_POINT('',(0.379999999999281,-2.29535893838706,41.2718503937008));
#3045=CARTESIAN_POINT('Origin',(0.399999999999281,-2.29535893838706,41.2718503937008));
#3046=CARTESIAN_POINT('',(0.379999999999281,-2.29535893838706,41.1968503937008));
#3047=CARTESIAN_POINT('',(0.379999999999281,-2.29535893838706,41.2718503937008));
#3048=CARTESIAN_POINT('',(0.390000009841791,-2.31267945214532,41.1968503937008));
#3049=CARTESIAN_POINT('Origin',(0.399999999999281,-2.29535893838706,41.1968503937008));
#3050=CARTESIAN_POINT('',(0.390000009841791,-2.31267945214532,41.2718503937008));
#3051=CARTESIAN_POINT('Origin',(0.,-22.,41.2718503937008));
#3052=CARTESIAN_POINT('',(-0.6,54.0049683550642,41.2718503937008));
#3053=CARTESIAN_POINT('',(-0.6,-22.,41.2718503937008));
#3054=CARTESIAN_POINT('',(-0.6,-2.9751582246791,41.2718503937008));
#3055=CARTESIAN_POINT('',(0.6,-22.,41.2718503937008));
#3056=CARTESIAN_POINT('',(0.,-22.,41.2718503937008));
#3057=CARTESIAN_POINT('',(0.6,54.0049683550642,41.2718503937008));
#3058=CARTESIAN_POINT('',(0.6,-2.9751582246791,41.2718503937008));
#3059=CARTESIAN_POINT('',(0.,54.0049683550642,41.2718503937008));
#3060=CARTESIAN_POINT('',(0.36267945214552,-2.34000000984159,41.2718503937008));
#3061=CARTESIAN_POINT('Origin',(0.379999999999281,-2.32999999999908,41.2718503937008));
#3062=CARTESIAN_POINT('',(0.34535893838726,-2.32999999999908,41.2718503937008));
#3063=CARTESIAN_POINT('Origin',(0.34535893838726,-2.34999999999908,41.2718503937008));
#3064=CARTESIAN_POINT('',(-0.345358938388199,-2.32999999999908,41.2718503937008));
#3065=CARTESIAN_POINT('',(0.18999999999964,-2.32999999999908,41.2718503937008));
#3066=CARTESIAN_POINT('',(-0.36267945214646,-2.34000000984159,41.2718503937008));
#3067=CARTESIAN_POINT('Origin',(-0.345358938388199,-2.34999999999908,41.2718503937008));
#3068=CARTESIAN_POINT('',(-0.39000000984273,-2.31267945214532,41.2718503937008));
#3069=CARTESIAN_POINT('Origin',(-0.38000000000022,-2.32999999999908,41.2718503937008));
#3070=CARTESIAN_POINT('',(-0.38000000000022,-2.29535893838706,41.2718503937008));
#3071=CARTESIAN_POINT('Origin',(-0.40000000000022,-2.29535893838706,41.2718503937008));
#3072=CARTESIAN_POINT('',(-0.38000000000022,-2.27964106161197,41.2718503937008));
#3073=CARTESIAN_POINT('',(-0.38000000000022,-12.1649999999995,41.2718503937008));
#3074=CARTESIAN_POINT('',(-0.39000000984273,-2.26232054785371,41.2718503937008));
#3075=CARTESIAN_POINT('Origin',(-0.40000000000022,-2.27964106161197,41.2718503937008));
#3076=CARTESIAN_POINT('',(-0.36267945214646,-2.23499999015744,41.2718503937008));
#3077=CARTESIAN_POINT('Origin',(-0.38000000000022,-2.24499999999995,41.2718503937008));
#3078=CARTESIAN_POINT('',(-0.345358938388199,-2.24499999999995,41.2718503937008));
#3079=CARTESIAN_POINT('Origin',(-0.345358938388199,-2.22499999999995,41.2718503937008));
#3080=CARTESIAN_POINT('',(0.34535893838726,-2.24499999999995,41.2718503937008));
#3081=CARTESIAN_POINT('',(-0.19000000000011,-2.24499999999995,41.2718503937008));
#3082=CARTESIAN_POINT('',(0.36267945214552,-2.23499999015744,41.2718503937008));
#3083=CARTESIAN_POINT('Origin',(0.34535893838726,-2.22499999999995,41.2718503937008));
#3084=CARTESIAN_POINT('',(0.390000009841791,-2.26232054785371,41.2718503937008));
#3085=CARTESIAN_POINT('Origin',(0.379999999999281,-2.24499999999995,41.2718503937008));
#3086=CARTESIAN_POINT('',(0.379999999999281,-2.27964106161197,41.2718503937008));
#3087=CARTESIAN_POINT('Origin',(0.399999999999281,-2.27964106161197,41.2718503937008));
#3088=CARTESIAN_POINT('',(0.379999999999281,-12.1225,41.2718503937008));
#3089=CARTESIAN_POINT('',(0.39000000984179,3.68732054785284,41.2718503937008));
#3090=CARTESIAN_POINT('',(0.379999999999279,3.7046410616111,41.2718503937008));
#3091=CARTESIAN_POINT('Origin',(0.399999999999279,3.7046410616111,41.2718503937008));
#3092=CARTESIAN_POINT('',(0.362679452145519,3.65999999015657,41.2718503937008));
#3093=CARTESIAN_POINT('Origin',(0.379999999999279,3.66999999999907,41.2718503937008));
#3094=CARTESIAN_POINT('',(0.345358938387258,3.66999999999908,41.2718503937008));
#3095=CARTESIAN_POINT('Origin',(0.345358938387258,3.64999999999907,41.2718503937008));
#3096=CARTESIAN_POINT('',(-0.345358938388198,3.66999999999908,41.2718503937008));
#3097=CARTESIAN_POINT('',(0.18999999999964,3.66999999999908,41.2718503937008));
#3098=CARTESIAN_POINT('',(-0.362679452146459,3.65999999015657,41.2718503937008));
#3099=CARTESIAN_POINT('Origin',(-0.345358938388198,3.64999999999907,41.2718503937008));
#3100=CARTESIAN_POINT('',(-0.390000009842729,3.68732054785284,41.2718503937008));
#3101=CARTESIAN_POINT('Origin',(-0.380000000000219,3.66999999999907,41.2718503937008));
#3102=CARTESIAN_POINT('',(-0.380000000000219,3.7046410616111,41.2718503937008));
#3103=CARTESIAN_POINT('Origin',(-0.400000000000219,3.7046410616111,41.2718503937008));
#3104=CARTESIAN_POINT('',(-0.380000000000219,3.72035893838905,41.2718503937008));
#3105=CARTESIAN_POINT('',(-0.380000000000219,-9.16500000000046,41.2718503937008));
#3106=CARTESIAN_POINT('',(-0.390000009842729,3.73767945214731,41.2718503937008));
#3107=CARTESIAN_POINT('Origin',(-0.400000000000219,3.72035893838905,41.2718503937008));
#3108=CARTESIAN_POINT('',(-0.362679452146459,3.76500000984358,41.2718503937008));
#3109=CARTESIAN_POINT('Origin',(-0.380000000000219,3.75500000000107,41.2718503937008));
#3110=CARTESIAN_POINT('',(-0.345358938388198,3.75500000000107,41.2718503937008));
#3111=CARTESIAN_POINT('Origin',(-0.345358938388198,3.77500000000107,41.2718503937008));
#3112=CARTESIAN_POINT('',(0.345358938387258,3.75500000000107,41.2718503937008));
#3113=CARTESIAN_POINT('',(-0.19000000000011,3.75500000000107,41.2718503937008));
#3114=CARTESIAN_POINT('',(0.362679452145519,3.76500000984358,41.2718503937008));
#3115=CARTESIAN_POINT('Origin',(0.345358938387258,3.77500000000107,41.2718503937008));
#3116=CARTESIAN_POINT('',(0.39000000984179,3.73767945214731,41.2718503937008));
#3117=CARTESIAN_POINT('Origin',(0.379999999999279,3.75500000000107,41.2718503937008));
#3118=CARTESIAN_POINT('',(0.379999999999279,3.72035893838905,41.2718503937008));
#3119=CARTESIAN_POINT('Origin',(0.399999999999279,3.72035893838905,41.2718503937008));
#3120=CARTESIAN_POINT('',(0.379999999999279,-9.12249999999946,41.2718503937008));
#3121=CARTESIAN_POINT('',(0.395868496418953,19.6809848650792,41.2718503937008));
#3122=CARTESIAN_POINT('',(0.395868496418953,19.7273484682544,41.2718503937008));
#3123=CARTESIAN_POINT('Origin',(0.4149106621349,19.7041666666668,41.2718503937008));
#3124=CARTESIAN_POINT('',(0.359046450518924,19.6480302913175,41.2718503937008));
#3125=CARTESIAN_POINT('Origin',(0.379999999999279,19.6616666666673,41.2718503937008));
#3126=CARTESIAN_POINT('',(0.333902230739696,19.6616666666673,41.2718503937008));
#3127=CARTESIAN_POINT('Origin',(0.333902230739696,19.6316666666673,41.2718503937008));
#3128=CARTESIAN_POINT('',(-0.333902230740635,19.6616666666673,41.2718503937008));
#3129=CARTESIAN_POINT('',(0.18999999999964,19.6616666666673,41.2718503937008));
#3130=CARTESIAN_POINT('',(-0.359046450519864,19.6480302913175,41.2718503937008));
#3131=CARTESIAN_POINT('Origin',(-0.333902230740635,19.6316666666673,41.2718503937008));
#3132=CARTESIAN_POINT('',(-0.395868496419893,19.6809848650792,41.2718503937008));
#3133=CARTESIAN_POINT('Origin',(-0.380000000000219,19.6616666666673,41.2718503937008));
#3134=CARTESIAN_POINT('',(-0.395868496419893,19.7273484682544,41.2718503937008));
#3135=CARTESIAN_POINT('Origin',(-0.41491066213584,19.7041666666668,41.2718503937008));
#3136=CARTESIAN_POINT('',(-0.359046450519863,19.7603030420162,41.2718503937008));
#3137=CARTESIAN_POINT('Origin',(-0.380000000000219,19.7466666666664,41.2718503937008));
#3138=CARTESIAN_POINT('',(-0.333902230740632,19.7466666666664,41.2718503937008));
#3139=CARTESIAN_POINT('Origin',(-0.333902230740632,19.7766666666664,41.2718503937008));
#3140=CARTESIAN_POINT('',(0.333902230739692,19.7466666666664,41.2718503937008));
#3141=CARTESIAN_POINT('',(-0.190000000000109,19.7466666666664,41.2718503937008));
#3142=CARTESIAN_POINT('',(0.359046450518923,19.7603030420162,41.2718503937008));
#3143=CARTESIAN_POINT('Origin',(0.333902230739692,19.7766666666664,41.2718503937008));
#3144=CARTESIAN_POINT('Origin',(0.379999999999279,19.7466666666664,41.2718503937008));
#3145=CARTESIAN_POINT('',(0.395868496419429,20.8559848650788,41.2718503937008));
#3146=CARTESIAN_POINT('',(0.395868496419429,20.9023484682545,41.2718503937008));
#3147=CARTESIAN_POINT('Origin',(0.414910662135084,20.8791666666666,41.2718503937008));
#3148=CARTESIAN_POINT('',(0.359046450519642,20.8230302913169,41.2718503937008));
#3149=CARTESIAN_POINT('Origin',(0.379999999999998,20.8366666666666,41.2718503937008));
#3150=CARTESIAN_POINT('',(0.33390223074041,20.8366666666666,41.2718503937008));
#3151=CARTESIAN_POINT('Origin',(0.33390223074041,20.8066666666666,41.2718503937008));
#3152=CARTESIAN_POINT('',(-0.33390223074041,20.8366666666666,41.2718503937008));
#3153=CARTESIAN_POINT('',(0.189999999999999,20.8366666666666,41.2718503937008));
#3154=CARTESIAN_POINT('',(-0.359046450519642,20.8230302913169,41.2718503937008));
#3155=CARTESIAN_POINT('Origin',(-0.33390223074041,20.8066666666666,41.2718503937008));
#3156=CARTESIAN_POINT('',(-0.395868496419429,20.8559848650788,41.2718503937008));
#3157=CARTESIAN_POINT('Origin',(-0.379999999999998,20.8366666666666,41.2718503937008));
#3158=CARTESIAN_POINT('',(-0.395868496419429,20.9023484682545,41.2718503937008));
#3159=CARTESIAN_POINT('Origin',(-0.414910662135084,20.8791666666666,41.2718503937008));
#3160=CARTESIAN_POINT('',(-0.359046450519642,20.9353030420164,41.2718503937008));
#3161=CARTESIAN_POINT('Origin',(-0.379999999999998,20.9216666666666,41.2718503937008));
#3162=CARTESIAN_POINT('',(-0.33390223074041,20.9216666666666,41.2718503937008));
#3163=CARTESIAN_POINT('Origin',(-0.33390223074041,20.9516666666667,41.2718503937008));
#3164=CARTESIAN_POINT('',(0.333902230740411,20.9216666666666,41.2718503937008));
#3165=CARTESIAN_POINT('',(-0.189999999999999,20.9216666666666,41.2718503937008));
#3166=CARTESIAN_POINT('',(0.359046450519642,20.9353030420164,41.2718503937008));
#3167=CARTESIAN_POINT('Origin',(0.33390223074041,20.9516666666667,41.2718503937008));
#3168=CARTESIAN_POINT('Origin',(0.379999999999998,20.9216666666666,41.2718503937008));
#3169=CARTESIAN_POINT('',(0.398636375350343,36.8442868828129,41.2718503937008));
#3170=CARTESIAN_POINT('',(0.385000000000576,36.8694311025921,41.2718503937008));
#3171=CARTESIAN_POINT('Origin',(0.415000000000576,36.8694311025921,41.2718503937008));
#3172=CARTESIAN_POINT('',(0.364046450520219,36.8096969579827,41.2718503937008));
#3173=CARTESIAN_POINT('Origin',(0.385000000000576,36.8233333333325,41.2718503937008));
#3174=CARTESIAN_POINT('',(0.338902230740989,36.8233333333325,41.2718503937008));
#3175=CARTESIAN_POINT('Origin',(0.338902230740989,36.7933333333325,41.2718503937008));
#3176=CARTESIAN_POINT('',(-0.338902230739062,36.8233333333325,41.2718503937008));
#3177=CARTESIAN_POINT('',(0.192500000000288,36.8233333333325,41.2718503937008));
#3178=CARTESIAN_POINT('',(-0.364046450518294,36.8096969579827,41.2718503937008));
#3179=CARTESIAN_POINT('Origin',(-0.338902230739062,36.7933333333325,41.2718503937008));
#3180=CARTESIAN_POINT('',(-0.398636375348418,36.8442868828129,41.2718503937008));
#3181=CARTESIAN_POINT('Origin',(-0.384999999998651,36.8233333333325,41.2718503937008));
#3182=CARTESIAN_POINT('',(-0.384999999998651,36.8694311025921,41.2718503937008));
#3183=CARTESIAN_POINT('Origin',(-0.414999999998651,36.8694311025921,41.2718503937008));
#3184=CARTESIAN_POINT('',(-0.384999999998651,36.8722355640746,41.2718503937008));
#3185=CARTESIAN_POINT('',(-0.384999999998651,7.41166666666625,41.2718503937008));
#3186=CARTESIAN_POINT('',(-0.398636375348418,36.8973797838539,41.2718503937008));
#3187=CARTESIAN_POINT('Origin',(-0.414999999998651,36.8722355640746,41.2718503937008));
#3188=CARTESIAN_POINT('',(-0.364046450518294,36.931969708684,41.2718503937008));
#3189=CARTESIAN_POINT('Origin',(-0.384999999998651,36.9183333333342,41.2718503937008));
#3190=CARTESIAN_POINT('',(-0.338902230739062,36.9183333333342,41.2718503937008));
#3191=CARTESIAN_POINT('Origin',(-0.338902230739062,36.9483333333342,41.2718503937008));
#3192=CARTESIAN_POINT('',(0.338902230740989,36.9183333333342,41.2718503937008));
#3193=CARTESIAN_POINT('',(-0.192499999999325,36.9183333333342,41.2718503937008));
#3194=CARTESIAN_POINT('',(0.364046450520219,36.931969708684,41.2718503937008));
#3195=CARTESIAN_POINT('Origin',(0.338902230740989,36.9483333333342,41.2718503937008));
#3196=CARTESIAN_POINT('',(0.398636375350343,36.8973797838539,41.2718503937008));
#3197=CARTESIAN_POINT('Origin',(0.385000000000576,36.9183333333342,41.2718503937008));
#3198=CARTESIAN_POINT('',(0.385000000000576,36.8722355640746,41.2718503937008));
#3199=CARTESIAN_POINT('Origin',(0.415000000000576,36.8722355640746,41.2718503937008));
#3200=CARTESIAN_POINT('',(0.385000000000576,7.45916666666711,41.2718503937008));
#3201=CARTESIAN_POINT('',(0.398636375349764,38.0192868828137,41.2718503937008));
#3202=CARTESIAN_POINT('',(0.384999999999996,38.0444311025929,41.2718503937008));
#3203=CARTESIAN_POINT('Origin',(0.414999999999996,38.0444311025929,41.2718503937008));
#3204=CARTESIAN_POINT('',(0.36404645051964,37.9846969579836,41.2718503937008));
#3205=CARTESIAN_POINT('Origin',(0.384999999999996,37.9983333333333,41.2718503937008));
#3206=CARTESIAN_POINT('',(0.338902230740409,37.9983333333333,41.2718503937008));
#3207=CARTESIAN_POINT('Origin',(0.338902230740409,37.9683333333333,41.2718503937008));
#3208=CARTESIAN_POINT('',(-0.338902230740408,37.9983333333333,41.2718503937008));
#3209=CARTESIAN_POINT('',(0.192499999999998,37.9983333333333,41.2718503937008));
#3210=CARTESIAN_POINT('',(-0.36404645051964,37.9846969579836,41.2718503937008));
#3211=CARTESIAN_POINT('Origin',(-0.338902230740408,37.9683333333333,41.2718503937008));
#3212=CARTESIAN_POINT('',(-0.398636375349764,38.0192868828137,41.2718503937008));
#3213=CARTESIAN_POINT('Origin',(-0.384999999999996,37.9983333333333,41.2718503937008));
#3214=CARTESIAN_POINT('',(-0.384999999999996,38.0444311025929,41.2718503937008));
#3215=CARTESIAN_POINT('Origin',(-0.414999999999996,38.0444311025929,41.2718503937008));
#3216=CARTESIAN_POINT('',(-0.384999999999996,38.0472355640737,41.2718503937008));
#3217=CARTESIAN_POINT('',(-0.384999999999996,7.99916666666666,41.2718503937008));
#3218=CARTESIAN_POINT('',(-0.398636375349764,38.072379783853,41.2718503937008));
#3219=CARTESIAN_POINT('Origin',(-0.414999999999996,38.0472355640737,41.2718503937008));
#3220=CARTESIAN_POINT('',(-0.36404645051964,38.1069697086831,41.2718503937008));
#3221=CARTESIAN_POINT('Origin',(-0.384999999999996,38.0933333333333,41.2718503937008));
#3222=CARTESIAN_POINT('',(-0.338902230740408,38.0933333333333,41.2718503937008));
#3223=CARTESIAN_POINT('Origin',(-0.338902230740408,38.1233333333333,41.2718503937008));
#3224=CARTESIAN_POINT('',(0.33890223074041,38.0933333333333,41.2718503937008));
#3225=CARTESIAN_POINT('',(-0.192499999999998,38.0933333333333,41.2718503937008));
#3226=CARTESIAN_POINT('',(0.36404645051964,38.1069697086831,41.2718503937008));
#3227=CARTESIAN_POINT('Origin',(0.338902230740409,38.1233333333333,41.2718503937008));
#3228=CARTESIAN_POINT('',(0.398636375349764,38.072379783853,41.2718503937008));
#3229=CARTESIAN_POINT('Origin',(0.384999999999996,38.0933333333333,41.2718503937008));
#3230=CARTESIAN_POINT('',(0.384999999999996,38.0472355640737,41.2718503937008));
#3231=CARTESIAN_POINT('Origin',(0.414999999999996,38.0472355640737,41.2718503937008));
#3232=CARTESIAN_POINT('',(0.384999999999996,8.04666666666666,41.2718503937008));
#3233=CARTESIAN_POINT('Origin',(0.379999999999281,-2.32999999999908,41.2718503937008));
#3234=CARTESIAN_POINT('',(0.36267945214552,-2.34000000984159,41.1968503937008));
#3235=CARTESIAN_POINT('Origin',(0.379999999999281,-2.32999999999908,41.1968503937008));
#3236=CARTESIAN_POINT('',(0.36267945214552,-2.34000000984159,41.2718503937008));
#3237=CARTESIAN_POINT('Origin',(0.34535893838726,-2.34999999999908,41.2718503937008));
#3238=CARTESIAN_POINT('',(0.34535893838726,-2.32999999999908,41.1968503937008));
#3239=CARTESIAN_POINT('Origin',(0.34535893838726,-2.34999999999908,41.1968503937008));
#3240=CARTESIAN_POINT('',(0.34535893838726,-2.32999999999908,41.2718503937008));
#3241=CARTESIAN_POINT('Origin',(0.34535893838726,-2.22499999999995,41.2718503937008));
#3242=CARTESIAN_POINT('',(0.34535893838726,-2.24499999999995,41.1968503937008));
#3243=CARTESIAN_POINT('',(0.34535893838726,-2.24499999999995,41.2718503937008));
#3244=CARTESIAN_POINT('',(0.36267945214552,-2.23499999015744,41.1968503937008));
#3245=CARTESIAN_POINT('Origin',(0.34535893838726,-2.22499999999995,41.1968503937008));
#3246=CARTESIAN_POINT('',(0.36267945214552,-2.23499999015744,41.2718503937008));
#3247=CARTESIAN_POINT('Origin',(0.379999999999281,-2.24499999999995,41.2718503937008));
#3248=CARTESIAN_POINT('',(0.390000009841791,-2.26232054785371,41.1968503937008));
#3249=CARTESIAN_POINT('Origin',(0.379999999999281,-2.24499999999995,41.1968503937008));
#3250=CARTESIAN_POINT('',(0.390000009841791,-2.26232054785371,41.2718503937008));
#3251=CARTESIAN_POINT('Origin',(0.399999999999281,-2.27964106161197,41.2718503937008));
#3252=CARTESIAN_POINT('',(0.379999999999281,-2.27964106161197,41.1968503937008));
#3253=CARTESIAN_POINT('Origin',(0.399999999999281,-2.27964106161197,41.1968503937008));
#3254=CARTESIAN_POINT('',(0.379999999999281,-2.27964106161197,41.2718503937008));
#3255=CARTESIAN_POINT('Origin',(-0.345358938388199,-2.22499999999995,41.2718503937008));
#3256=CARTESIAN_POINT('',(-0.36267945214646,-2.23499999015744,41.1968503937008));
#3257=CARTESIAN_POINT('',(-0.345358938388199,-2.24499999999995,41.1968503937008));
#3258=CARTESIAN_POINT('Origin',(-0.345358938388199,-2.22499999999995,41.1968503937008));
#3259=CARTESIAN_POINT('',(-0.345358938388199,-2.24499999999995,41.2718503937008));
#3260=CARTESIAN_POINT('',(-0.36267945214646,-2.23499999015744,41.2718503937008));
#3261=CARTESIAN_POINT('Origin',(-0.38000000000022,-2.24499999999995,41.2718503937008));
#3262=CARTESIAN_POINT('',(-0.39000000984273,-2.26232054785371,41.1968503937008));
#3263=CARTESIAN_POINT('',(-0.39000000984273,-2.26232054785371,41.2718503937008));
#3264=CARTESIAN_POINT('Origin',(-0.38000000000022,-2.24499999999995,41.1968503937008));
#3265=CARTESIAN_POINT('Origin',(-0.40000000000022,-2.27964106161197,41.2718503937008));
#3266=CARTESIAN_POINT('',(-0.38000000000022,-2.27964106161197,41.1968503937008));
#3267=CARTESIAN_POINT('',(-0.38000000000022,-2.27964106161197,41.2718503937008));
#3268=CARTESIAN_POINT('Origin',(-0.40000000000022,-2.27964106161197,41.1968503937008));
#3269=CARTESIAN_POINT('Origin',(-0.38000000000022,-2.32999999999908,41.2718503937008));
#3270=CARTESIAN_POINT('',(-0.38000000000022,-2.29535893838706,41.1968503937008));
#3271=CARTESIAN_POINT('',(-0.38000000000022,-2.29535893838706,41.2718503937008));
#3272=CARTESIAN_POINT('',(-0.38000000000022,-12.1649999999995,41.1968503937008));
#3273=CARTESIAN_POINT('Origin',(-0.345358938388199,-2.34999999999908,41.2718503937008));
#3274=CARTESIAN_POINT('',(-0.345358938388199,-2.32999999999908,41.1968503937008));
#3275=CARTESIAN_POINT('',(-0.345358938388199,-2.32999999999908,41.2718503937008));
#3276=CARTESIAN_POINT('',(-0.36267945214646,-2.34000000984159,41.1968503937008));
#3277=CARTESIAN_POINT('Origin',(-0.345358938388199,-2.34999999999908,41.1968503937008));
#3278=CARTESIAN_POINT('',(-0.36267945214646,-2.34000000984159,41.2718503937008));
#3279=CARTESIAN_POINT('Origin',(0.379999999999281,-2.32999999999908,41.2718503937008));
#3280=CARTESIAN_POINT('',(0.18999999999964,-2.32999999999908,41.1968503937008));
#3281=CARTESIAN_POINT('Origin',(-0.40000000000022,-2.29535893838706,41.2718503937008));
#3282=CARTESIAN_POINT('',(-0.39000000984273,-2.31267945214532,41.1968503937008));
#3283=CARTESIAN_POINT('Origin',(-0.40000000000022,-2.29535893838706,41.1968503937008));
#3284=CARTESIAN_POINT('',(-0.39000000984273,-2.31267945214532,41.2718503937008));
#3285=CARTESIAN_POINT('Origin',(-0.38000000000022,-2.32999999999908,41.2718503937008));
#3286=CARTESIAN_POINT('Origin',(-0.38000000000022,-2.32999999999908,41.1968503937008));
#3287=CARTESIAN_POINT('Origin',(0.,-22.,41.1968503937008));
#3288=CARTESIAN_POINT('',(-0.6,54.,41.1968503937008));
#3289=CARTESIAN_POINT('',(-0.6,-22.,41.1968503937008));
#3290=CARTESIAN_POINT('',(-0.6,-2.9751582246791,41.1968503937008));
#3291=CARTESIAN_POINT('',(0.6,54.,41.1968503937008));
#3292=CARTESIAN_POINT('',(0.,54.,41.1968503937008));
#3293=CARTESIAN_POINT('',(0.6,-22.,41.1968503937008));
#3294=CARTESIAN_POINT('',(0.6,-2.9751582246791,41.1968503937008));
#3295=CARTESIAN_POINT('',(0.,-22.,41.1968503937008));
#3296=CARTESIAN_POINT('',(0.379999999999281,-12.1225,41.1968503937008));
#3297=CARTESIAN_POINT('',(-0.19000000000011,-2.24499999999995,41.1968503937008));
#3298=CARTESIAN_POINT('',(0.395868496418953,19.7273484682544,41.1968503937008));
#3299=CARTESIAN_POINT('',(0.395868496418953,19.6809848650792,41.1968503937008));
#3300=CARTESIAN_POINT('Origin',(0.4149106621349,19.7041666666668,41.1968503937008));
#3301=CARTESIAN_POINT('',(0.359046450518923,19.7603030420162,41.1968503937008));
#3302=CARTESIAN_POINT('Origin',(0.379999999999279,19.7466666666664,41.1968503937008));
#3303=CARTESIAN_POINT('',(0.333902230739692,19.7466666666664,41.1968503937008));
#3304=CARTESIAN_POINT('Origin',(0.333902230739692,19.7766666666664,41.1968503937008));
#3305=CARTESIAN_POINT('',(-0.333902230740632,19.7466666666664,41.1968503937008));
#3306=CARTESIAN_POINT('',(-0.190000000000109,19.7466666666664,41.1968503937008));
#3307=CARTESIAN_POINT('',(-0.359046450519863,19.7603030420162,41.1968503937008));
#3308=CARTESIAN_POINT('Origin',(-0.333902230740632,19.7766666666664,41.1968503937008));
#3309=CARTESIAN_POINT('',(-0.395868496419893,19.7273484682544,41.1968503937008));
#3310=CARTESIAN_POINT('Origin',(-0.380000000000219,19.7466666666664,41.1968503937008));
#3311=CARTESIAN_POINT('',(-0.395868496419893,19.6809848650792,41.1968503937008));
#3312=CARTESIAN_POINT('Origin',(-0.41491066213584,19.7041666666668,41.1968503937008));
#3313=CARTESIAN_POINT('',(-0.359046450519864,19.6480302913175,41.1968503937008));
#3314=CARTESIAN_POINT('Origin',(-0.380000000000219,19.6616666666673,41.1968503937008));
#3315=CARTESIAN_POINT('',(-0.333902230740635,19.6616666666673,41.1968503937008));
#3316=CARTESIAN_POINT('Origin',(-0.333902230740635,19.6316666666673,41.1968503937008));
#3317=CARTESIAN_POINT('',(0.333902230739696,19.6616666666673,41.1968503937008));
#3318=CARTESIAN_POINT('',(0.18999999999964,19.6616666666673,41.1968503937008));
#3319=CARTESIAN_POINT('',(0.359046450518924,19.6480302913175,41.1968503937008));
#3320=CARTESIAN_POINT('Origin',(0.333902230739696,19.6316666666673,41.1968503937008));
#3321=CARTESIAN_POINT('Origin',(0.379999999999279,19.6616666666673,41.1968503937008));
#3322=CARTESIAN_POINT('',(0.385000000000576,36.8694311025921,41.1968503937008));
#3323=CARTESIAN_POINT('',(0.398636375350343,36.8442868828129,41.1968503937008));
#3324=CARTESIAN_POINT('Origin',(0.415000000000576,36.8694311025921,41.1968503937008));
#3325=CARTESIAN_POINT('',(0.385000000000576,36.8722355640746,41.1968503937008));
#3326=CARTESIAN_POINT('',(0.385000000000576,7.45916666666711,41.1968503937008));
#3327=CARTESIAN_POINT('',(0.398636375350343,36.8973797838539,41.1968503937008));
#3328=CARTESIAN_POINT('Origin',(0.415000000000576,36.8722355640746,41.1968503937008));
#3329=CARTESIAN_POINT('',(0.364046450520219,36.931969708684,41.1968503937008));
#3330=CARTESIAN_POINT('Origin',(0.385000000000576,36.9183333333342,41.1968503937008));
#3331=CARTESIAN_POINT('',(0.338902230740989,36.9183333333342,41.1968503937008));
#3332=CARTESIAN_POINT('Origin',(0.338902230740989,36.9483333333342,41.1968503937008));
#3333=CARTESIAN_POINT('',(-0.338902230739062,36.9183333333342,41.1968503937008));
#3334=CARTESIAN_POINT('',(-0.192499999999325,36.9183333333342,41.1968503937008));
#3335=CARTESIAN_POINT('',(-0.364046450518294,36.931969708684,41.1968503937008));
#3336=CARTESIAN_POINT('Origin',(-0.338902230739062,36.9483333333342,41.1968503937008));
#3337=CARTESIAN_POINT('',(-0.398636375348418,36.8973797838539,41.1968503937008));
#3338=CARTESIAN_POINT('Origin',(-0.384999999998651,36.9183333333342,41.1968503937008));
#3339=CARTESIAN_POINT('',(-0.384999999998651,36.8722355640746,41.1968503937008));
#3340=CARTESIAN_POINT('Origin',(-0.414999999998651,36.8722355640746,41.1968503937008));
#3341=CARTESIAN_POINT('',(-0.384999999998651,36.8694311025921,41.1968503937008));
#3342=CARTESIAN_POINT('',(-0.384999999998651,7.41166666666625,41.1968503937008));
#3343=CARTESIAN_POINT('',(-0.398636375348418,36.8442868828129,41.1968503937008));
#3344=CARTESIAN_POINT('Origin',(-0.414999999998651,36.8694311025921,41.1968503937008));
#3345=CARTESIAN_POINT('',(-0.364046450518294,36.8096969579827,41.1968503937008));
#3346=CARTESIAN_POINT('Origin',(-0.384999999998651,36.8233333333325,41.1968503937008));
#3347=CARTESIAN_POINT('',(-0.338902230739062,36.8233333333325,41.1968503937008));
#3348=CARTESIAN_POINT('Origin',(-0.338902230739062,36.7933333333325,41.1968503937008));
#3349=CARTESIAN_POINT('',(0.338902230740989,36.8233333333325,41.1968503937008));
#3350=CARTESIAN_POINT('',(0.192500000000288,36.8233333333325,41.1968503937008));
#3351=CARTESIAN_POINT('',(0.364046450520219,36.8096969579827,41.1968503937008));
#3352=CARTESIAN_POINT('Origin',(0.338902230740989,36.7933333333325,41.1968503937008));
#3353=CARTESIAN_POINT('Origin',(0.385000000000576,36.8233333333325,41.1968503937008));
#3354=CARTESIAN_POINT('',(0.384999999999996,38.0444311025929,41.1968503937008));
#3355=CARTESIAN_POINT('',(0.398636375349764,38.0192868828137,41.1968503937008));
#3356=CARTESIAN_POINT('Origin',(0.414999999999996,38.0444311025929,41.1968503937008));
#3357=CARTESIAN_POINT('',(0.384999999999996,38.0472355640737,41.1968503937008));
#3358=CARTESIAN_POINT('',(0.384999999999996,8.04666666666666,41.1968503937008));
#3359=CARTESIAN_POINT('',(0.398636375349764,38.072379783853,41.1968503937008));
#3360=CARTESIAN_POINT('Origin',(0.414999999999996,38.0472355640737,41.1968503937008));
#3361=CARTESIAN_POINT('',(0.36404645051964,38.1069697086831,41.1968503937008));
#3362=CARTESIAN_POINT('Origin',(0.384999999999996,38.0933333333333,41.1968503937008));
#3363=CARTESIAN_POINT('',(0.33890223074041,38.0933333333333,41.1968503937008));
#3364=CARTESIAN_POINT('Origin',(0.338902230740409,38.1233333333333,41.1968503937008));
#3365=CARTESIAN_POINT('',(-0.338902230740408,38.0933333333333,41.1968503937008));
#3366=CARTESIAN_POINT('',(-0.192499999999998,38.0933333333333,41.1968503937008));
#3367=CARTESIAN_POINT('',(-0.36404645051964,38.1069697086831,41.1968503937008));
#3368=CARTESIAN_POINT('Origin',(-0.338902230740408,38.1233333333333,41.1968503937008));
#3369=CARTESIAN_POINT('',(-0.398636375349764,38.072379783853,41.1968503937008));
#3370=CARTESIAN_POINT('Origin',(-0.384999999999996,38.0933333333333,41.1968503937008));
#3371=CARTESIAN_POINT('',(-0.384999999999996,38.0472355640737,41.1968503937008));
#3372=CARTESIAN_POINT('Origin',(-0.414999999999996,38.0472355640737,41.1968503937008));
#3373=CARTESIAN_POINT('',(-0.384999999999996,38.0444311025929,41.1968503937008));
#3374=CARTESIAN_POINT('',(-0.384999999999996,7.99916666666666,41.1968503937008));
#3375=CARTESIAN_POINT('',(-0.398636375349764,38.0192868828137,41.1968503937008));
#3376=CARTESIAN_POINT('Origin',(-0.414999999999996,38.0444311025929,41.1968503937008));
#3377=CARTESIAN_POINT('',(-0.36404645051964,37.9846969579836,41.1968503937008));
#3378=CARTESIAN_POINT('Origin',(-0.384999999999996,37.9983333333333,41.1968503937008));
#3379=CARTESIAN_POINT('',(-0.338902230740408,37.9983333333333,41.1968503937008));
#3380=CARTESIAN_POINT('Origin',(-0.338902230740408,37.9683333333333,41.1968503937008));
#3381=CARTESIAN_POINT('',(0.338902230740409,37.9983333333333,41.1968503937008));
#3382=CARTESIAN_POINT('',(0.192499999999998,37.9983333333333,41.1968503937008));
#3383=CARTESIAN_POINT('',(0.36404645051964,37.9846969579836,41.1968503937008));
#3384=CARTESIAN_POINT('Origin',(0.338902230740409,37.9683333333333,41.1968503937008));
#3385=CARTESIAN_POINT('Origin',(0.384999999999996,37.9983333333333,41.1968503937008));
#3386=CARTESIAN_POINT('',(0.395868496419429,20.9023484682545,41.1968503937008));
#3387=CARTESIAN_POINT('',(0.395868496419429,20.8559848650788,41.1968503937008));
#3388=CARTESIAN_POINT('Origin',(0.414910662135084,20.8791666666666,41.1968503937008));
#3389=CARTESIAN_POINT('',(0.359046450519642,20.9353030420164,41.1968503937008));
#3390=CARTESIAN_POINT('Origin',(0.379999999999998,20.9216666666666,41.1968503937008));
#3391=CARTESIAN_POINT('',(0.333902230740411,20.9216666666666,41.1968503937008));
#3392=CARTESIAN_POINT('Origin',(0.33390223074041,20.9516666666667,41.1968503937008));
#3393=CARTESIAN_POINT('',(-0.33390223074041,20.9216666666666,41.1968503937008));
#3394=CARTESIAN_POINT('',(-0.189999999999999,20.9216666666666,41.1968503937008));
#3395=CARTESIAN_POINT('',(-0.359046450519642,20.9353030420164,41.1968503937008));
#3396=CARTESIAN_POINT('Origin',(-0.33390223074041,20.9516666666667,41.1968503937008));
#3397=CARTESIAN_POINT('',(-0.395868496419429,20.9023484682545,41.1968503937008));
#3398=CARTESIAN_POINT('Origin',(-0.379999999999998,20.9216666666666,41.1968503937008));
#3399=CARTESIAN_POINT('',(-0.395868496419429,20.8559848650788,41.1968503937008));
#3400=CARTESIAN_POINT('Origin',(-0.414910662135084,20.8791666666666,41.1968503937008));
#3401=CARTESIAN_POINT('',(-0.359046450519642,20.8230302913169,41.1968503937008));
#3402=CARTESIAN_POINT('Origin',(-0.379999999999998,20.8366666666666,41.1968503937008));
#3403=CARTESIAN_POINT('',(-0.33390223074041,20.8366666666666,41.1968503937008));
#3404=CARTESIAN_POINT('Origin',(-0.33390223074041,20.8066666666666,41.1968503937008));
#3405=CARTESIAN_POINT('',(0.33390223074041,20.8366666666666,41.1968503937008));
#3406=CARTESIAN_POINT('',(0.189999999999999,20.8366666666666,41.1968503937008));
#3407=CARTESIAN_POINT('',(0.359046450519642,20.8230302913169,41.1968503937008));
#3408=CARTESIAN_POINT('Origin',(0.33390223074041,20.8066666666666,41.1968503937008));
#3409=CARTESIAN_POINT('Origin',(0.379999999999998,20.8366666666666,41.1968503937008));
#3410=CARTESIAN_POINT('',(0.379999999999279,3.7046410616111,41.1968503937008));
#3411=CARTESIAN_POINT('',(0.39000000984179,3.68732054785284,41.1968503937008));
#3412=CARTESIAN_POINT('Origin',(0.399999999999279,3.7046410616111,41.1968503937008));
#3413=CARTESIAN_POINT('',(0.379999999999279,3.72035893838905,41.1968503937008));
#3414=CARTESIAN_POINT('',(0.379999999999279,-9.12249999999946,41.1968503937008));
#3415=CARTESIAN_POINT('',(0.39000000984179,3.73767945214731,41.1968503937008));
#3416=CARTESIAN_POINT('Origin',(0.399999999999279,3.72035893838905,41.1968503937008));
#3417=CARTESIAN_POINT('',(0.362679452145519,3.76500000984358,41.1968503937008));
#3418=CARTESIAN_POINT('Origin',(0.379999999999279,3.75500000000107,41.1968503937008));
#3419=CARTESIAN_POINT('',(0.345358938387258,3.75500000000107,41.1968503937008));
#3420=CARTESIAN_POINT('Origin',(0.345358938387258,3.77500000000107,41.1968503937008));
#3421=CARTESIAN_POINT('',(-0.345358938388198,3.75500000000107,41.1968503937008));
#3422=CARTESIAN_POINT('',(-0.19000000000011,3.75500000000107,41.1968503937008));
#3423=CARTESIAN_POINT('',(-0.362679452146459,3.76500000984358,41.1968503937008));
#3424=CARTESIAN_POINT('Origin',(-0.345358938388198,3.77500000000107,41.1968503937008));
#3425=CARTESIAN_POINT('',(-0.390000009842729,3.73767945214731,41.1968503937008));
#3426=CARTESIAN_POINT('Origin',(-0.380000000000219,3.75500000000107,41.1968503937008));
#3427=CARTESIAN_POINT('',(-0.380000000000219,3.72035893838905,41.1968503937008));
#3428=CARTESIAN_POINT('Origin',(-0.400000000000219,3.72035893838905,41.1968503937008));
#3429=CARTESIAN_POINT('',(-0.380000000000219,3.7046410616111,41.1968503937008));
#3430=CARTESIAN_POINT('',(-0.380000000000219,-9.16500000000046,41.1968503937008));
#3431=CARTESIAN_POINT('',(-0.390000009842729,3.68732054785284,41.1968503937008));
#3432=CARTESIAN_POINT('Origin',(-0.400000000000219,3.7046410616111,41.1968503937008));
#3433=CARTESIAN_POINT('',(-0.362679452146459,3.65999999015657,41.1968503937008));
#3434=CARTESIAN_POINT('Origin',(-0.380000000000219,3.66999999999907,41.1968503937008));
#3435=CARTESIAN_POINT('',(-0.345358938388198,3.66999999999908,41.1968503937008));
#3436=CARTESIAN_POINT('Origin',(-0.345358938388198,3.64999999999907,41.1968503937008));
#3437=CARTESIAN_POINT('',(0.345358938387258,3.66999999999908,41.1968503937008));
#3438=CARTESIAN_POINT('',(0.18999999999964,3.66999999999908,41.1968503937008));
#3439=CARTESIAN_POINT('',(0.362679452145519,3.65999999015657,41.1968503937008));
#3440=CARTESIAN_POINT('Origin',(0.345358938387258,3.64999999999907,41.1968503937008));
#3441=CARTESIAN_POINT('Origin',(0.379999999999279,3.66999999999907,41.1968503937008));
#3442=CARTESIAN_POINT('Origin',(0.379999999999281,-2.24499999999995,41.2718503937008));
#3443=CARTESIAN_POINT('Origin',(-0.38000000000022,-2.24499999999995,41.2718503937008));
#3444=CARTESIAN_POINT('Origin',(0.399999999999279,3.7046410616111,41.2718503937008));
#3445=CARTESIAN_POINT('',(0.379999999999279,3.7046410616111,41.2718503937008));
#3446=CARTESIAN_POINT('',(0.390000009841789,3.68732054785284,41.2718503937008));
#3447=CARTESIAN_POINT('Origin',(0.379999999999279,3.66999999999907,41.2718503937008));
#3448=CARTESIAN_POINT('',(0.362679452145519,3.65999999015657,41.2718503937008));
#3449=CARTESIAN_POINT('Origin',(0.345358938387258,3.64999999999907,41.2718503937008));
#3450=CARTESIAN_POINT('',(0.345358938387258,3.66999999999907,41.2718503937008));
#3451=CARTESIAN_POINT('Origin',(0.345358938387258,3.77500000000107,41.2718503937008));
#3452=CARTESIAN_POINT('',(0.345358938387258,3.75500000000107,41.2718503937008));
#3453=CARTESIAN_POINT('',(0.362679452145519,3.76500000984358,41.2718503937008));
#3454=CARTESIAN_POINT('Origin',(0.379999999999279,3.75500000000107,41.2718503937008));
#3455=CARTESIAN_POINT('',(0.390000009841789,3.73767945214731,41.2718503937008));
#3456=CARTESIAN_POINT('Origin',(0.399999999999279,3.72035893838905,41.2718503937008));
#3457=CARTESIAN_POINT('',(0.379999999999279,3.72035893838905,41.2718503937008));
#3458=CARTESIAN_POINT('Origin',(-0.345358938388198,3.77500000000107,41.2718503937008));
#3459=CARTESIAN_POINT('',(-0.345358938388198,3.75500000000107,41.2718503937008));
#3460=CARTESIAN_POINT('',(-0.362679452146459,3.76500000984358,41.2718503937008));
#3461=CARTESIAN_POINT('Origin',(-0.380000000000219,3.75500000000107,41.2718503937008));
#3462=CARTESIAN_POINT('',(-0.390000009842729,3.73767945214731,41.2718503937008));
#3463=CARTESIAN_POINT('Origin',(-0.400000000000219,3.72035893838905,41.2718503937008));
#3464=CARTESIAN_POINT('',(-0.380000000000219,3.72035893838905,41.2718503937008));
#3465=CARTESIAN_POINT('Origin',(-0.380000000000219,3.66999999999907,41.2718503937008));
#3466=CARTESIAN_POINT('',(-0.380000000000219,3.7046410616111,41.2718503937008));
#3467=CARTESIAN_POINT('Origin',(-0.345358938388198,3.64999999999907,41.2718503937008));
#3468=CARTESIAN_POINT('',(-0.345358938388198,3.66999999999907,41.2718503937008));
#3469=CARTESIAN_POINT('',(-0.362679452146459,3.65999999015657,41.2718503937008));
#3470=CARTESIAN_POINT('Origin',(0.379999999999279,3.66999999999907,41.2718503937008));
#3471=CARTESIAN_POINT('Origin',(-0.400000000000219,3.7046410616111,41.2718503937008));
#3472=CARTESIAN_POINT('',(-0.390000009842729,3.68732054785284,41.2718503937008));
#3473=CARTESIAN_POINT('Origin',(-0.380000000000219,3.66999999999907,41.2718503937008));
#3474=CARTESIAN_POINT('Origin',(0.379999999999279,3.75500000000107,41.2718503937008));
#3475=CARTESIAN_POINT('Origin',(-0.380000000000219,3.75500000000107,41.2718503937008));
#3476=CARTESIAN_POINT('Origin',(0.4149106621349,19.7041666666668,41.2718503937008));
#3477=CARTESIAN_POINT('',(0.395868496418954,19.6809848650792,41.2718503937008));
#3478=CARTESIAN_POINT('',(0.395868496418954,19.7273484682544,41.2718503937008));
#3479=CARTESIAN_POINT('Origin',(0.379999999999279,19.6616666666673,41.2718503937008));
#3480=CARTESIAN_POINT('',(0.359046450518924,19.6480302913175,41.2718503937008));
#3481=CARTESIAN_POINT('Origin',(0.333902230739696,19.6316666666673,41.2718503937008));
#3482=CARTESIAN_POINT('',(0.333902230739696,19.6616666666673,41.2718503937008));
#3483=CARTESIAN_POINT('Origin',(0.333902230739692,19.7766666666664,41.2718503937008));
#3484=CARTESIAN_POINT('',(0.333902230739692,19.7466666666664,41.2718503937008));
#3485=CARTESIAN_POINT('',(0.359046450518923,19.7603030420162,41.2718503937008));
#3486=CARTESIAN_POINT('Origin',(0.379999999999279,19.7466666666664,41.2718503937008));
#3487=CARTESIAN_POINT('Origin',(-0.333902230740632,19.7766666666664,41.2718503937008));
#3488=CARTESIAN_POINT('',(-0.333902230740632,19.7466666666664,41.2718503937008));
#3489=CARTESIAN_POINT('',(-0.359046450519863,19.7603030420162,41.2718503937008));
#3490=CARTESIAN_POINT('Origin',(-0.380000000000219,19.7466666666664,41.2718503937008));
#3491=CARTESIAN_POINT('',(-0.395868496419893,19.7273484682544,41.2718503937008));
#3492=CARTESIAN_POINT('Origin',(-0.41491066213584,19.7041666666668,41.2718503937008));
#3493=CARTESIAN_POINT('',(-0.395868496419893,19.6809848650792,41.2718503937008));
#3494=CARTESIAN_POINT('Origin',(-0.380000000000219,19.6616666666673,41.2718503937008));
#3495=CARTESIAN_POINT('',(-0.359046450519864,19.6480302913175,41.2718503937008));
#3496=CARTESIAN_POINT('Origin',(-0.333902230740635,19.6316666666673,41.2718503937008));
#3497=CARTESIAN_POINT('',(-0.333902230740635,19.6616666666673,41.2718503937008));
#3498=CARTESIAN_POINT('Origin',(0.379999999999279,19.6616666666673,41.2718503937008));
#3499=CARTESIAN_POINT('Origin',(-0.380000000000219,19.7466666666664,41.2718503937008));
#3500=CARTESIAN_POINT('Origin',(0.414910662135084,20.8791666666666,41.2718503937008));
#3501=CARTESIAN_POINT('',(0.395868496419429,20.8559848650788,41.2718503937008));
#3502=CARTESIAN_POINT('',(0.395868496419429,20.9023484682545,41.2718503937008));
#3503=CARTESIAN_POINT('Origin',(0.379999999999998,20.8366666666666,41.2718503937008));
#3504=CARTESIAN_POINT('',(0.359046450519641,20.8230302913169,41.2718503937008));
#3505=CARTESIAN_POINT('Origin',(0.33390223074041,20.8066666666666,41.2718503937008));
#3506=CARTESIAN_POINT('',(0.33390223074041,20.8366666666666,41.2718503937008));
#3507=CARTESIAN_POINT('Origin',(0.33390223074041,20.9516666666667,41.2718503937008));
#3508=CARTESIAN_POINT('',(0.33390223074041,20.9216666666666,41.2718503937008));
#3509=CARTESIAN_POINT('',(0.359046450519641,20.9353030420164,41.2718503937008));
#3510=CARTESIAN_POINT('Origin',(0.379999999999998,20.9216666666666,41.2718503937008));
#3511=CARTESIAN_POINT('Origin',(-0.33390223074041,20.9516666666667,41.2718503937008));
#3512=CARTESIAN_POINT('',(-0.33390223074041,20.9216666666666,41.2718503937008));
#3513=CARTESIAN_POINT('',(-0.359046450519641,20.9353030420164,41.2718503937008));
#3514=CARTESIAN_POINT('Origin',(-0.379999999999998,20.9216666666666,41.2718503937008));
#3515=CARTESIAN_POINT('',(-0.395868496419429,20.9023484682545,41.2718503937008));
#3516=CARTESIAN_POINT('Origin',(-0.414910662135084,20.8791666666666,41.2718503937008));
#3517=CARTESIAN_POINT('',(-0.395868496419429,20.8559848650788,41.2718503937008));
#3518=CARTESIAN_POINT('Origin',(-0.379999999999998,20.8366666666666,41.2718503937008));
#3519=CARTESIAN_POINT('',(-0.359046450519641,20.8230302913169,41.2718503937008));
#3520=CARTESIAN_POINT('Origin',(-0.33390223074041,20.8066666666666,41.2718503937008));
#3521=CARTESIAN_POINT('',(-0.33390223074041,20.8366666666666,41.2718503937008));
#3522=CARTESIAN_POINT('Origin',(0.379999999999998,20.8366666666666,41.2718503937008));
#3523=CARTESIAN_POINT('Origin',(-0.379999999999998,20.9216666666666,41.2718503937008));
#3524=CARTESIAN_POINT('Origin',(0.415000000000576,36.8694311025921,41.2718503937008));
#3525=CARTESIAN_POINT('',(0.385000000000576,36.8694311025921,41.2718503937008));
#3526=CARTESIAN_POINT('',(0.398636375350343,36.8442868828129,41.2718503937008));
#3527=CARTESIAN_POINT('Origin',(0.385000000000576,36.8233333333325,41.2718503937008));
#3528=CARTESIAN_POINT('',(0.364046450520219,36.8096969579827,41.2718503937008));
#3529=CARTESIAN_POINT('Origin',(0.338902230740989,36.7933333333325,41.2718503937008));
#3530=CARTESIAN_POINT('',(0.338902230740989,36.8233333333325,41.2718503937008));
#3531=CARTESIAN_POINT('Origin',(0.338902230740989,36.9483333333342,41.2718503937008));
#3532=CARTESIAN_POINT('',(0.338902230740989,36.9183333333342,41.2718503937008));
#3533=CARTESIAN_POINT('',(0.364046450520219,36.931969708684,41.2718503937008));
#3534=CARTESIAN_POINT('Origin',(0.385000000000576,36.9183333333342,41.2718503937008));
#3535=CARTESIAN_POINT('',(0.398636375350343,36.8973797838539,41.2718503937008));
#3536=CARTESIAN_POINT('Origin',(0.415000000000576,36.8722355640746,41.2718503937008));
#3537=CARTESIAN_POINT('',(0.385000000000576,36.8722355640746,41.2718503937008));
#3538=CARTESIAN_POINT('Origin',(-0.338902230739062,36.9483333333342,41.2718503937008));
#3539=CARTESIAN_POINT('',(-0.338902230739062,36.9183333333342,41.2718503937008));
#3540=CARTESIAN_POINT('',(-0.364046450518294,36.931969708684,41.2718503937008));
#3541=CARTESIAN_POINT('Origin',(-0.384999999998651,36.9183333333342,41.2718503937008));
#3542=CARTESIAN_POINT('',(-0.398636375348418,36.8973797838539,41.2718503937008));
#3543=CARTESIAN_POINT('Origin',(-0.414999999998651,36.8722355640746,41.2718503937008));
#3544=CARTESIAN_POINT('',(-0.384999999998651,36.8722355640746,41.2718503937008));
#3545=CARTESIAN_POINT('Origin',(-0.384999999998651,36.8233333333325,41.2718503937008));
#3546=CARTESIAN_POINT('',(-0.384999999998651,36.8694311025921,41.2718503937008));
#3547=CARTESIAN_POINT('Origin',(-0.338902230739062,36.7933333333325,41.2718503937008));
#3548=CARTESIAN_POINT('',(-0.338902230739062,36.8233333333325,41.2718503937008));
#3549=CARTESIAN_POINT('',(-0.364046450518294,36.8096969579827,41.2718503937008));
#3550=CARTESIAN_POINT('Origin',(0.385000000000575,36.8233333333325,41.2718503937008));
#3551=CARTESIAN_POINT('Origin',(-0.414999999998651,36.8694311025921,41.2718503937008));
#3552=CARTESIAN_POINT('',(-0.398636375348418,36.8442868828129,41.2718503937008));
#3553=CARTESIAN_POINT('Origin',(-0.384999999998651,36.8233333333325,41.2718503937008));
#3554=CARTESIAN_POINT('Origin',(0.385000000000576,36.9183333333342,41.2718503937008));
#3555=CARTESIAN_POINT('Origin',(-0.384999999998651,36.9183333333342,41.2718503937008));
#3556=CARTESIAN_POINT('Origin',(0.414999999999996,38.0444311025929,41.2718503937008));
#3557=CARTESIAN_POINT('',(0.384999999999996,38.0444311025929,41.2718503937008));
#3558=CARTESIAN_POINT('',(0.398636375349763,38.0192868828137,41.2718503937008));
#3559=CARTESIAN_POINT('Origin',(0.384999999999996,37.9983333333333,41.2718503937008));
#3560=CARTESIAN_POINT('',(0.36404645051964,37.9846969579836,41.2718503937008));
#3561=CARTESIAN_POINT('Origin',(0.338902230740409,37.9683333333333,41.2718503937008));
#3562=CARTESIAN_POINT('',(0.338902230740409,37.9983333333333,41.2718503937008));
#3563=CARTESIAN_POINT('Origin',(0.338902230740409,38.1233333333333,41.2718503937008));
#3564=CARTESIAN_POINT('',(0.338902230740409,38.0933333333333,41.2718503937008));
#3565=CARTESIAN_POINT('',(0.36404645051964,38.1069697086831,41.2718503937008));
#3566=CARTESIAN_POINT('Origin',(0.384999999999996,38.0933333333333,41.2718503937008));
#3567=CARTESIAN_POINT('',(0.398636375349763,38.072379783853,41.2718503937008));
#3568=CARTESIAN_POINT('Origin',(0.414999999999996,38.0472355640737,41.2718503937008));
#3569=CARTESIAN_POINT('',(0.384999999999996,38.0472355640737,41.2718503937008));
#3570=CARTESIAN_POINT('Origin',(-0.338902230740408,38.1233333333333,41.2718503937008));
#3571=CARTESIAN_POINT('',(-0.338902230740408,38.0933333333333,41.2718503937008));
#3572=CARTESIAN_POINT('',(-0.36404645051964,38.1069697086831,41.2718503937008));
#3573=CARTESIAN_POINT('Origin',(-0.384999999999996,38.0933333333333,41.2718503937008));
#3574=CARTESIAN_POINT('',(-0.398636375349763,38.072379783853,41.2718503937008));
#3575=CARTESIAN_POINT('Origin',(-0.414999999999996,38.0472355640737,41.2718503937008));
#3576=CARTESIAN_POINT('',(-0.384999999999996,38.0472355640737,41.2718503937008));
#3577=CARTESIAN_POINT('Origin',(-0.384999999999996,37.9983333333333,41.2718503937008));
#3578=CARTESIAN_POINT('',(-0.384999999999996,38.0444311025929,41.2718503937008));
#3579=CARTESIAN_POINT('Origin',(-0.338902230740408,37.9683333333333,41.2718503937008));
#3580=CARTESIAN_POINT('',(-0.338902230740408,37.9983333333333,41.2718503937008));
#3581=CARTESIAN_POINT('',(-0.36404645051964,37.9846969579836,41.2718503937008));
#3582=CARTESIAN_POINT('Origin',(0.384999999999996,37.9983333333333,41.2718503937008));
#3583=CARTESIAN_POINT('Origin',(-0.414999999999996,38.0444311025929,41.2718503937008));
#3584=CARTESIAN_POINT('',(-0.398636375349763,38.0192868828137,41.2718503937008));
#3585=CARTESIAN_POINT('Origin',(-0.384999999999996,37.9983333333333,41.2718503937008));
#3586=CARTESIAN_POINT('Origin',(0.384999999999996,38.0933333333333,41.2718503937008));
#3587=CARTESIAN_POINT('Origin',(-0.384999999999996,38.0933333333333,41.2718503937008));
#3588=CARTESIAN_POINT('Origin',(-0.6,-2.9751582246791,41.3468503937008));
#3589=CARTESIAN_POINT('',(-0.675,-22.,41.3468503937008));
#3590=CARTESIAN_POINT('Origin',(-0.6,-22.,41.3468503937008));
#3591=CARTESIAN_POINT('',(-0.675,54.0099367101284,41.3468503937008));
#3592=CARTESIAN_POINT('Origin',(-0.6,54.0099367101284,41.3468503937008));
#3593=CARTESIAN_POINT('',(-0.675,-2.9751582246791,41.3468503937008));
#3594=CARTESIAN_POINT('Origin',(0.6,-2.9751582246791,41.3468503937008));
#3595=CARTESIAN_POINT('',(0.675,54.0099367101284,41.3468503937008));
#3596=CARTESIAN_POINT('Origin',(0.6,54.0099367101284,41.3468503937008));
#3597=CARTESIAN_POINT('',(0.675,-22.,41.3468503937008));
#3598=CARTESIAN_POINT('Origin',(0.6,-22.,41.3468503937008));
#3599=CARTESIAN_POINT('',(0.675,-2.9751582246791,41.3468503937008));
#3600=CARTESIAN_POINT('Origin',(0.6,35.0745253259627,42.546850393701));
#3601=CARTESIAN_POINT('',(0.6,-22.,42.6218503937018));
#3602=CARTESIAN_POINT('',(0.675,-22.,42.5468503937018));
#3603=CARTESIAN_POINT('Origin',(0.6,-22.,42.5468503937018));
#3604=CARTESIAN_POINT('',(0.6,54.0943987462194,42.6218503937008));
#3605=CARTESIAN_POINT('',(0.6,35.0745253259627,42.621850393701));
#3606=CARTESIAN_POINT('',(0.675,54.0894303911552,42.5468503937008));
#3607=CARTESIAN_POINT('Origin',(0.6,54.0894303911552,42.5468503937008));
#3608=CARTESIAN_POINT('',(0.675,35.0745253259627,42.546850393701));
#3609=CARTESIAN_POINT('Origin',(0.,54.0993671012836,42.6218503937008));
#3610=CARTESIAN_POINT('',(-0.6,-22.,42.6218503937018));
#3611=CARTESIAN_POINT('',(0.,-22.,42.6218503937018));
#3612=CARTESIAN_POINT('',(-0.6,54.0943987462194,42.6218503937008));
#3613=CARTESIAN_POINT('',(-0.6,35.0745253259627,42.621850393701));
#3614=CARTESIAN_POINT('',(0.,54.0943987462194,42.6218503937008));
#3615=CARTESIAN_POINT('Origin',(-0.6,35.0745253259627,42.546850393701));
#3616=CARTESIAN_POINT('',(-0.675,54.0894303911552,42.5468503937008));
#3617=CARTESIAN_POINT('Origin',(-0.6,54.0894303911552,42.5468503937008));
#3618=CARTESIAN_POINT('',(-0.675,-22.,42.5468503937018));
#3619=CARTESIAN_POINT('Origin',(-0.6,-22.,42.5468503937018));
#3620=CARTESIAN_POINT('',(-0.675,35.0745253259627,42.546850393701));
#3621=CARTESIAN_POINT('Origin',(-0.675,16.0496835506418,41.9468503937008));
#3622=CARTESIAN_POINT('',(-0.675,53.9418271424664,40.3186997263957));
#3623=CARTESIAN_POINT('',(-0.675,-22.,42.3218503937008));
#3624=CARTESIAN_POINT('Origin',(0.675,16.0496835506418,41.9468503937008));
#3625=CARTESIAN_POINT('',(0.675,-22.,42.3218503937008));
#3626=CARTESIAN_POINT('',(0.675,53.9418271424664,40.3186997263957));
#3627=CARTESIAN_POINT('Origin',(-0.6,-2.9751582246791,41.3468503937008));
#3628=CARTESIAN_POINT('',(-0.75,-22.,41.3468503937008));
#3629=CARTESIAN_POINT('Origin',(-0.6,-22.,41.3468503937008));
#3630=CARTESIAN_POINT('',(-0.75,54.0099367101284,41.3468503937008));
#3631=CARTESIAN_POINT('',(-0.75,-2.9751582246791,41.3468503937008));
#3632=CARTESIAN_POINT('Origin',(-0.6,54.0099367101284,41.3468503937008));
#3633=CARTESIAN_POINT('Origin',(0.,-22.,42.6968503937008));
#3634=CARTESIAN_POINT('',(0.75,-22.,41.3468503937008));
#3635=CARTESIAN_POINT('Origin',(0.6,-22.,41.3468503937008));
#3636=CARTESIAN_POINT('',(0.75,-22.,42.5468503937018));
#3637=CARTESIAN_POINT('',(0.75,-22.,42.6968503937008));
#3638=CARTESIAN_POINT('',(0.6,-22.,42.6968503937008));
#3639=CARTESIAN_POINT('Origin',(0.6,-22.,42.5468503937018));
#3640=CARTESIAN_POINT('',(-0.6,-22.,42.6968503937008));
#3641=CARTESIAN_POINT('',(0.,-22.,42.6968503937008));
#3642=CARTESIAN_POINT('',(-0.75,-22.,42.5468503937018));
#3643=CARTESIAN_POINT('Origin',(-0.6,-22.,42.5468503937018));
#3644=CARTESIAN_POINT('',(-0.75,-22.,42.6968503937008));
#3645=CARTESIAN_POINT('Origin',(0.6,-2.9751582246791,41.3468503937008));
#3646=CARTESIAN_POINT('',(0.75,54.0099367101284,41.3468503937008));
#3647=CARTESIAN_POINT('Origin',(0.6,54.0099367101284,41.3468503937008));
#3648=CARTESIAN_POINT('',(0.75,-2.9751582246791,41.3468503937008));
#3649=CARTESIAN_POINT('Origin',(0.6,35.0745253259627,42.546850393701));
#3650=CARTESIAN_POINT('',(0.75,54.0894303911552,42.5468503937008));
#3651=CARTESIAN_POINT('',(0.75,35.0745253259627,42.546850393701));
#3652=CARTESIAN_POINT('',(0.6,54.0993671012836,42.6968503937008));
#3653=CARTESIAN_POINT('Origin',(0.6,54.0894303911552,42.5468503937008));
#3654=CARTESIAN_POINT('',(0.6,35.0745253259627,42.696850393701));
#3655=CARTESIAN_POINT('Origin',(0.,54.0993671012836,42.6968503937008));
#3656=CARTESIAN_POINT('',(-0.6,54.0993671012836,42.6968503937008));
#3657=CARTESIAN_POINT('',(0.,54.0993671012836,42.6968503937008));
#3658=CARTESIAN_POINT('',(-0.6,35.0745253259627,42.696850393701));
#3659=CARTESIAN_POINT('Origin',(0.,54.,41.1968503937008));
#3660=CARTESIAN_POINT('',(-0.75,54.0894303911552,42.5468503937008));
#3661=CARTESIAN_POINT('',(-0.75,54.,41.1968503937008));
#3662=CARTESIAN_POINT('Origin',(-0.6,54.0894303911552,42.5468503937008));
#3663=CARTESIAN_POINT('',(0.75,54.,41.1968503937008));
#3664=CARTESIAN_POINT('Origin',(-0.6,35.0745253259627,42.546850393701));
#3665=CARTESIAN_POINT('',(-0.75,35.0745253259627,42.546850393701));
#3666=CARTESIAN_POINT('Origin',(-0.75,16.0496835506418,41.9468503937008));
#3667=CARTESIAN_POINT('Origin',(0.75,16.0496835506418,41.9468503937008));
#3668=UNCERTAINTY_MEASURE_WITH_UNIT(LENGTH_MEASURE(0.000393700787401575),
#3674,'DISTANCE_ACCURACY_VALUE',
'Maximum model space distance between geometric entities at asserted c
onnectivities');
#3669=UNCERTAINTY_MEASURE_WITH_UNIT(LENGTH_MEASURE(0.000393700787401575),
#3674,'DISTANCE_ACCURACY_VALUE',
'Maximum model space distance between geometric entities at asserted c
onnectivities');
#3670=(
GEOMETRIC_REPRESENTATION_CONTEXT(3)
GLOBAL_UNCERTAINTY_ASSIGNED_CONTEXT((#3668))
GLOBAL_UNIT_ASSIGNED_CONTEXT((#3674,#3678,#3679))
REPRESENTATION_CONTEXT('','3D')
);
#3671=(
GEOMETRIC_REPRESENTATION_CONTEXT(3)
GLOBAL_UNCERTAINTY_ASSIGNED_CONTEXT((#3669))
GLOBAL_UNIT_ASSIGNED_CONTEXT((#3674,#3678,#3679))
REPRESENTATION_CONTEXT('','3D')
);
#3672=DIMENSIONAL_EXPONENTS(1.,0.,0.,0.,0.,0.,0.);
#3673=DIMENSIONAL_EXPONENTS(0.,1.,0.,0.,0.,0.,0.);
#3674=(
CONVERSION_BASED_UNIT('inch',#3677)
LENGTH_UNIT()
NAMED_UNIT(#3672)
);
#3675=(
LENGTH_UNIT()
NAMED_UNIT(*)
SI_UNIT(.MILLI.,.METRE.)
);
#3676=(
LENGTH_UNIT()
NAMED_UNIT(*)
SI_UNIT(.CENTI.,.METRE.)
);
#3677=LENGTH_MEASURE_WITH_UNIT(LENGTH_MEASURE(25.4),#3675);
#3678=(
NAMED_UNIT(*)
PLANE_ANGLE_UNIT()
SI_UNIT($,.RADIAN.)
);
#3679=(
NAMED_UNIT(*)
SI_UNIT($,.STERADIAN.)
SOLID_ANGLE_UNIT()
);
#3680=SHAPE_DEFINITION_REPRESENTATION(#3681,#3682);
#3681=PRODUCT_DEFINITION_SHAPE('',$,#3684);
#3682=SHAPE_REPRESENTATION('',(#2104),#3670);
#3683=PRODUCT_DEFINITION_CONTEXT('part definition',#3688,'design');
#3684=PRODUCT_DEFINITION('CRA-1002','CRA-1002',#3685,#3683);
#3685=PRODUCT_DEFINITION_FORMATION('',$,#3690);
#3686=PRODUCT_RELATED_PRODUCT_CATEGORY('CRA-1002','CRA-1002',(#3690));
#3687=APPLICATION_PROTOCOL_DEFINITION('international standard',
'automotive_design',2009,#3688);
#3688=APPLICATION_CONTEXT(
'Core Data for Automotive Mechanical Design Process');
#3689=PRODUCT_CONTEXT('part definition',#3688,'mechanical');
#3690=PRODUCT('CRA-1002','CRA-1002','Robot Arm Tube 1',(#3689));
#3691=PRESENTATION_STYLE_ASSIGNMENT((#3692));
#3692=SURFACE_STYLE_USAGE(.BOTH.,#3695);
#3693=SURFACE_STYLE_RENDERING_WITH_PROPERTIES($,#3699,(#3694));
#3694=SURFACE_STYLE_TRANSPARENT(0.);
#3695=SURFACE_SIDE_STYLE('',(#3696,#3693));
#3696=SURFACE_STYLE_FILL_AREA(#3697);
#3697=FILL_AREA_STYLE('',(#3698));
#3698=FILL_AREA_STYLE_COLOUR('',#3699);
#3699=COLOUR_RGB('',0.749019607843137,0.749019607843137,0.749019607843137);
ENDSEC;
END-ISO-10303-21;
