ISO-10303-21;
HEADER;
FILE_DESCRIPTION (( 'STEP AP203' ),
    '1' );
FILE_NAME ('94842A104_Medium-Strength Steel Flange Nut.STEP',
    '2021-07-11T08:47:04',
    ( 'Administrator' ),
    ( 'Managed by Terraform' ),
    'SwSTEP 2.0',
    'SolidWorks 2017',
    '' );
FILE_SCHEMA (( 'CONFIG_CONTROL_DESIGN' ));
ENDSEC;

DATA;
#1 = CARTESIAN_POINT ( 'NONE',  ( 0.2165063509461101200, -0.1249999999999992000, -0.3717948717948709200 ) ) ;
#2 = CARTESIAN_POINT ( 'NONE',  ( -0.1443375672974059900, -0.2500000000000002200, -0.3237179487179480100 ) ) ;
#3 = CARTESIAN_POINT ( 'NONE',  ( 0.2499999999999999200, 0.06698729810778081300, -0.05425706163549824000 ) ) ;
#4 = CARTESIAN_POINT ( 'NONE',  ( -0.1732371201768789500, -0.1000184979677567300, -0.5128205128205116600 ) ) ;
#5 = CARTESIAN_POINT ( 'NONE',  ( -0.2165063509461095700, -0.1250000000000001100, -0.3301282051282043400 ) ) ;
#6 = CARTESIAN_POINT ( 'NONE',  ( 0.06156911023824438600, 0.3974657595224033200, -0.01484626796048527800 ) ) ;
#7 = EDGE_CURVE ( 'NONE', #510, #491, #478, .T. ) ;
#8 = EDGE_CURVE ( 'NONE', #341, #1093, #246, .T. ) ;
#9 = LINE ( 'NONE', #319, #1133 ) ;
#10 = CARTESIAN_POINT ( 'NONE',  ( -0.3750000000000001100, 0.2165063509461098200, -0.4031250000000000100 ) ) ;
#11 = CONICAL_SURFACE ( 'NONE', #1477, 0.3750000000000001100, 1.047197551196600100 ) ;
#12 = CARTESIAN_POINT ( 'NONE',  ( 0.2165063509461096800, -0.1249999999999999400, -0.07371794871794851200 ) ) ;
#13 = CARTESIAN_POINT ( 'NONE',  ( -0.1443375672974063500, -0.2500000000000001100, -0.4775641025641015300 ) ) ;
#14 = DIRECTION ( 'NONE',  ( 1.000000000000000000, 0.0000000000000000000, 0.0000000000000000000 ) ) ;
#15 = ORIENTED_EDGE ( 'NONE', *, *, #508, .T. ) ;
#16 = EDGE_CURVE ( 'NONE', #1917, #1733, #1999, .T. ) ;
#17 = DIRECTION ( 'NONE',  ( 0.0000000000000000000, 0.0000000000000000000, 1.000000000000000000 ) ) ;
#18 = ORIENTED_EDGE ( 'NONE', *, *, #2026, .T. ) ;
#19 = CARTESIAN_POINT ( 'NONE',  ( 0.1154914134512526600, 0.2000369959355133000, -0.1698717948717944100 ) ) ;
#20 = ORIENTED_EDGE ( 'NONE', *, *, #269, .T. ) ;
#21 = CARTESIAN_POINT ( 'NONE',  ( 0.2500000000000000600, 8.234960217152874200E-017, -0.2884615384615378300 ) ) ;
#22 = AXIS2_PLACEMENT_3D ( 'NONE', #1792, #2153, #1430 ) ;
#23 = CARTESIAN_POINT ( 'NONE',  ( 0.2165063509461096500, 0.1250000000000000300, -0.2147435897435892300 ) ) ;
#24 = VERTEX_POINT ( 'NONE', #1567 ) ;
#25 = CONICAL_SURFACE ( 'NONE', #1105, 0.2600000000000000100, 0.7853981633974500600 ) ;
#26 = DIRECTION ( 'NONE',  ( 0.0000000000000000000, 0.0000000000000000000, -1.000000000000000000 ) ) ;
#27 = CARTESIAN_POINT ( 'NONE',  ( 0.0000000000000000000, 0.0000000000000000000, 0.0000000000000000000 ) ) ;
#28 = VERTEX_POINT ( 'NONE', #866 ) ;
#29 = CARTESIAN_POINT ( 'NONE',  ( -0.2500000000000000600, -0.06698729810778099300, -0.2465647539431901900 ) ) ;
#30 = CARTESIAN_POINT ( 'NONE',  ( 0.1154914134512529500, -0.2000369959355131100, -0.1089743589743587400 ) ) ;
#31 = CARTESIAN_POINT ( 'NONE',  ( 0.1443375672974065700, -0.2499999999999999400, -0.1570512820512816600 ) ) ;
#32 = CARTESIAN_POINT ( 'NONE',  ( 0.2500000000000000000, 0.0000000000000000000, -0.3653846153846145900 ) ) ;
#33 = PERSON_AND_ORGANIZATION_ROLE ( 'design_owner' ) ;
#34 = CARTESIAN_POINT ( 'NONE',  ( -0.1732371201768790900, 0.1000184979677565100, -0.06410256410256395800 ) ) ;
#35 = CARTESIAN_POINT ( 'NONE',  ( 0.2500000000000000000, 3.061616997868383000E-017, 0.0000000000000000000 ) ) ;
#36 = B_SPLINE_CURVE_WITH_KNOTS ( 'NONE', 3,
 ( #1752, #121, #1398, #2313, #1578, #306, #666, #1231, #298, #2137, #127, #1571, #1048, #490, #1210, #1559, #1768, #673, #1408, #1759, #655, #1583, #503, #1949, #1954, #1930, #840, #2130 ),
 .UNSPECIFIED., .F., .F.,
 ( 4, 2, 2, 2, 2, 2, 2, 2, 2, 2, 2, 2, 2, 4 ),
 ( 0.02196507721498860600, 0.02380556863589938800, 0.02564606005681017300, 0.02748655147772095800, 0.02840679718817635000, 0.02932704289863174300, 0.03024728860908713600, 0.03116753431954252800, 0.03208778002999792400, 0.03300802574045332000, 0.03392827145090870900, 0.03484851716136409800, 0.03576876287181949400, 0.03668900858227489000 ),
 .UNSPECIFIED. ) ;
#37 = CC_DESIGN_PERSON_AND_ORGANIZATION_ASSIGNMENT ( #917, #1154, ( #2170 ) ) ;
#38 = CARTESIAN_POINT ( 'NONE',  ( 0.1443375672974065700, -0.2499999999999999400, -0.2339743589743583900 ) ) ;
#39 = CARTESIAN_POINT ( 'NONE',  ( 0.04713487206325930200, -0.2041788738272051500, -0.05074261061496461400 ) ) ;
#40 = FACE_OUTER_BOUND ( 'NONE', #317, .T. ) ;
#41 = CYLINDRICAL_SURFACE ( 'NONE', #22, 0.2500000000000000000 ) ;
#42 = APPLICATION_PROTOCOL_DEFINITION ( 'international standard', 'config_control_design', 1994, #763 ) ;
#43 = ORIENTED_EDGE ( 'NONE', *, *, #925, .F. ) ;
#44 = VERTEX_POINT ( 'NONE', #2308 ) ;
#45 = CARTESIAN_POINT ( 'NONE',  ( 0.1460365981771721300, -0.1561072005044654400, -0.04651940915140175700 ) ) ;
#46 = CARTESIAN_POINT ( 'NONE',  ( 0.1443375672974061000, 0.2500000000000001700, -0.2083333333333328700 ) ) ;
#47 = MANIFOLD_SOLID_BREP ( 'Cut-Extrude7', #1061 ) ;
#48 = EDGE_CURVE ( 'NONE', #1431, #1306, #846, .T. ) ;
#49 = ORIENTED_EDGE ( 'NONE', *, *, #1170, .T. ) ;
#50 = CARTESIAN_POINT ( 'NONE',  ( -0.2165063509461105700, 0.1249999999999984000, -0.4198717948717939400 ) ) ;
#51 = ORIENTED_EDGE ( 'NONE', *, *, #383, .T. ) ;
#52 = CARTESIAN_POINT ( 'NONE',  ( -0.2000369959355133300, 0.05359975151726847200, -0.1476660152875780600 ) ) ;
#53 = CIRCLE ( 'NONE', #257, 0.5156250000000000000 ) ;
#54 = CARTESIAN_POINT ( 'NONE',  ( 0.0000000000000000000, 0.0000000000000000000, -0.4531250000000000600 ) ) ;
#55 = VERTEX_POINT ( 'NONE', #1928 ) ;
#56 = CARTESIAN_POINT ( 'NONE',  ( -0.1732371201768793700, 0.1000184979677560300, -0.3717948717948710300 ) ) ;
#57 = CARTESIAN_POINT ( 'NONE',  ( 0.0000000000000000000, 0.2500000000000000000, 0.03846153846153845000 ) ) ;
#58 = CARTESIAN_POINT ( 'NONE',  ( -0.1732371201768789500, -0.1000184979677567300, -0.3685897435897426700 ) ) ;
#59 =( BOUNDED_CURVE ( )  B_SPLINE_CURVE ( 2, ( #1076, #1242, #534, #1973, #1799, #1427, #525, #867, #2155 ),
 .UNSPECIFIED., .F., .F. ) 
 B_SPLINE_CURVE_WITH_KNOTS ( ( 3, 2, 2, 2, 3 ),
 ( 0.5357142857142858100, 0.5476190476190476700, 0.5714285714285714000, 0.5952380952380952300, 0.6071428571428572100 ),
 .UNSPECIFIED. ) 
 CURVE ( )  GEOMETRIC_REPRESENTATION_ITEM ( )  RATIONAL_B_SPLINE_CURVE ( ( 0.9330127018922193000, 0.9330127018922196300, 1.000000000000000000, 0.8660254037844387100, 1.000000000000000000, 0.8660254037844387100, 1.000000000000000000, 0.9330127018922189700, 0.9330127018922193000 ) ) 
 REPRESENTATION_ITEM ( '' )  );
#60 =( BOUNDED_CURVE ( )  B_SPLINE_CURVE ( 2, ( #2322, #1248, #1611, #1604, #152, #521, #511, #1978, #878 ),
 .UNSPECIFIED., .F., .T. ) 
 B_SPLINE_CURVE_WITH_KNOTS ( ( 3, 2, 2, 2, 3 ),
 ( 0.3214285714285714500, 0.3333333333333333100, 0.3571428571428571500, 0.3809523809523809300, 0.3928571428571429000 ),
 .UNSPECIFIED. ) 
 CURVE ( )  GEOMETRIC_REPRESENTATION_ITEM ( )  RATIONAL_B_SPLINE_CURVE ( ( 0.9330127018922194100, 0.9330127018922195200, 1.000000000000000000, 0.8660254037844387100, 1.000000000000000000, 0.8660254037844387100, 1.000000000000000000, 0.9330127018922189700, 0.9330127018922193000 ) ) 
 REPRESENTATION_ITEM ( '' )  );
#61 = CARTESIAN_POINT ( 'NONE',  ( 0.2000369959355132200, -0.05359975151726863900, -0.1092044768260397000 ) ) ;
#62 = FACE_OUTER_BOUND ( 'NONE', #911, .T. ) ;
#63 = CARTESIAN_POINT ( 'NONE',  ( -9.556488385097367000E-016, 0.2000369959355133000, -0.3846153846153838000 ) ) ;
#64 = CARTESIAN_POINT ( 'NONE',  ( 0.0000000000000000000, 0.2500000000000000000, -0.03846153846153831100 ) ) ;
#65 = CARTESIAN_POINT ( 'NONE',  ( 0.2500000000000000600, 8.234960217152874200E-017, -0.2980769230769224600 ) ) ;
#66 = ADVANCED_FACE ( 'NONE', ( #1588 ), #2296, .T. ) ;
#67 = VECTOR ( 'NONE', #765, 39.37007874015748100 ) ;
#68 = CARTESIAN_POINT ( 'NONE',  ( 0.1732371201768789800, 0.1000184979677566600, -0.2532051282051275300 ) ) ;
#69 = CARTESIAN_POINT ( 'NONE',  ( 0.2500000000000000600, 8.234960217152875400E-017, -0.05769230769230750800 ) ) ;
#70 = CARTESIAN_POINT ( 'NONE',  ( -0.2165063509461097600, 0.1249999999999998100, -0.3333333333333325400 ) ) ;
#71 = VECTOR ( 'NONE', #1332, 39.37007874015748900 ) ;
#72 = EDGE_LOOP ( 'NONE', ( #1455, #1851, #1714, #888 ) ) ;
#73 = VERTEX_POINT ( 'NONE', #477 ) ;
#74 = DIRECTION ( 'NONE',  ( -0.0000000000000000000, -0.0000000000000000000, -1.000000000000000000 ) ) ;
#75 = CARTESIAN_POINT ( 'NONE',  ( 0.1732371201768789800, 0.1000184979677566600, -0.01282051282051278900 ) ) ;
#76 = CARTESIAN_POINT ( 'NONE',  ( 0.2500000000000000000, 0.06698729810778102100, -0.2946416770201131800 ) ) ;
#77 = ORIENTED_EDGE ( 'NONE', *, *, #1610, .F. ) ;
#78 = APPROVAL_DATE_TIME ( #2244, #824 ) ;
#79 = CARTESIAN_POINT ( 'NONE',  ( -0.2886751345948128700, -5.302876193624534000E-017, -0.1730769230769226600 ) ) ;
#80 = DIRECTION ( 'NONE',  ( -0.0000000000000000000, -0.0000000000000000000, 1.000000000000000000 ) ) ;
#81 = CARTESIAN_POINT ( 'NONE',  ( 0.2268864036155682200, 0.07519297849928399700, -0.4316427498768827300 ) ) ;
#82 = VERTEX_POINT ( 'NONE', #1727 ) ;
#83 = FACE_OUTER_BOUND ( 'NONE', #1476, .T. ) ;
#84 = ORIENTED_EDGE ( 'NONE', *, *, #2224, .F. ) ;
#85 = CYLINDRICAL_SURFACE ( 'NONE', #1295, 0.2000369959355133000 ) ;
#86 = CARTESIAN_POINT ( 'NONE',  ( -1.224646799147353200E-016, 0.2500000000000000000, -0.1249999999999996900 ) ) ;
#87 = ADVANCED_FACE ( 'NONE', ( #2341 ), #1336, .F. ) ;
#88 = CARTESIAN_POINT ( 'NONE',  ( -0.2309828269025053500, -4.243085694362404500E-017, -0.3653846153846146400 ) ) ;
#89 = DIRECTION ( 'NONE',  ( 1.000000000000000000, 0.0000000000000000000, 0.0000000000000000000 ) ) ;
#90 = CARTESIAN_POINT ( 'NONE',  ( 0.5156250000000000000, 6.314585058103540900E-017, -0.4031250000000000100 ) ) ;
#91 = AXIS2_PLACEMENT_3D ( 'NONE', #828, #1921, #89 ) ;
#92 = CARTESIAN_POINT ( 'NONE',  ( 0.0000000000000000000, 0.2500000000000000000, -0.1923076923076918500 ) ) ;
#93 = DIRECTION ( 'NONE',  ( -1.000000000000000000, 0.0000000000000000000, 0.0000000000000000000 ) ) ;
#94 = EDGE_CURVE ( 'NONE', #1733, #974, #1393, .T. ) ;
#95 = CARTESIAN_POINT ( 'NONE',  ( 0.2068104806328142400, 1.056819894534618900E-015, -0.3999354806328143700 ) ) ;
#96 = ADVANCED_FACE ( 'NONE', ( #1451 ), #619, .F. ) ;
#97 = CARTESIAN_POINT ( 'NONE',  ( -0.2309828269025053500, -4.243085694362404500E-017, -0.2884615384615378800 ) ) ;
#98 = CARTESIAN_POINT ( 'NONE',  ( -0.2165063509461094300, -0.1250000000000003900, -0.1666666666666662400 ) ) ;
#99 = CARTESIAN_POINT ( 'NONE',  ( -0.2500000000000000600, -5.901721488959560200E-016, -0.4038461538461528600 ) ) ;
#100 = CARTESIAN_POINT ( 'NONE',  ( -0.2165063509461095700, -0.1250000000000001100, -0.2435897435897430000 ) ) ;
#101 = CARTESIAN_POINT ( 'NONE',  ( 0.1465874698688914300, 0.1693980763759292100, -0.4166101019713651100 ) ) ;
#102 = CYLINDRICAL_SURFACE ( 'NONE', #2154, 0.2500000000000000000 ) ;
#103 = EDGE_CURVE ( 'NONE', #2148, #28, #733, .T. ) ;
#104 = LINE ( 'NONE', #804, #1794 ) ;
#105 = CARTESIAN_POINT ( 'NONE',  ( 0.1644012154984129400, -0.1341261996724290600, -0.4051769758048883700 ) ) ;
#106 = CARTESIAN_POINT ( 'NONE',  ( -0.1154914134512527900, 0.2000369959355132200, -0.3782051282051274200 ) ) ;
#107 = ORIENTED_EDGE ( 'NONE', *, *, #508, .F. ) ;
#108 = CARTESIAN_POINT ( 'NONE',  ( -0.2000369959355133000, -0.05359975151726882600, -0.2850262924047286500 ) ) ;
#109 = CARTESIAN_POINT ( 'NONE',  ( -0.1732371201768789500, -0.1000184979677567300, -0.06089743589743563900 ) ) ;
#110 = B_SPLINE_CURVE_WITH_KNOTS ( 'NONE', 3,
 ( #1739, #2123, #608, #382 ),
 .UNSPECIFIED., .F., .F.,
 ( 4, 4 ),
 ( 0.008994447406103745300, 0.009927205278768462900 ),
 .UNSPECIFIED. ) ;
#111 = VERTEX_POINT ( 'NONE', #1188 ) ;
#112 = DIRECTION ( 'NONE',  ( -1.000000000000000000, 0.0000000000000000000, 0.0000000000000000000 ) ) ;
#113 = ADVANCED_FACE ( 'NONE', ( #2133 ), #877, .F. ) ;
#114 = ORIENTED_EDGE ( 'NONE', *, *, #2179, .F. ) ;
#115 = CARTESIAN_POINT ( 'NONE',  ( 0.1004148673139394300, -0.1909421630113727600, -0.4083860166040800800 ) ) ;
#116 = EDGE_LOOP ( 'NONE', ( #533, #858, #2136, #547 ) ) ;
#117 = B_SPLINE_CURVE_WITH_KNOTS ( 'NONE', 3,
 ( #597, #1324, #408, #230, #2207, #1341, #2056, #218 ),
 .UNSPECIFIED., .F., .F.,
 ( 4, 2, 2, 4 ),
 ( 0.005564589980275974100, 0.006950476802621084700, 0.008336363624966194500, 0.01110813726965641200 ),
 .UNSPECIFIED. ) ;
#118 = DIRECTION ( 'NONE',  ( 0.0000000000000000000, 0.0000000000000000000, 1.000000000000000000 ) ) ;
#119 = CARTESIAN_POINT ( 'NONE',  ( -0.1732371201768790900, 0.1000184979677565100, 0.003205128205128323800 ) ) ;
#120 = ORIENTED_EDGE ( 'NONE', *, *, #1890, .T. ) ;
#121 = CARTESIAN_POINT ( 'NONE',  ( -0.2320480587816943800, 0.02428996010159407300, -0.4251730587815812900 ) ) ;
#122 = CARTESIAN_POINT ( 'NONE',  ( 0.1242382589397950700, -0.1750481896844812700, -0.4073031122628782400 ) ) ;
#123 = ADVANCED_FACE ( 'NONE', ( #1424 ), #361, .F. ) ;
#124 = CARTESIAN_POINT ( 'NONE',  ( -0.2000369959355133000, -7.777462427311046400E-017, -0.06730769230769204100 ) ) ;
#125 = CARTESIAN_POINT ( 'NONE',  ( 0.0000000000000000000, 0.2500000000000000000, -0.4999999999999988900 ) ) ;
#126 = CARTESIAN_POINT ( 'NONE',  ( -0.2500000000000000600, 9.149955796836526500E-018, -0.1730769230769226600 ) ) ;
#127 = CARTESIAN_POINT ( 'NONE',  ( -0.09184734270639197100, 0.2224853296193484400, -0.4335194820254559300 ) ) ;
#128 = CARTESIAN_POINT ( 'NONE',  ( -0.2285052101232338300, -0.02865070612018568200, -0.4233077220732899300 ) ) ;
#129 = CARTESIAN_POINT ( 'NONE',  ( 2.449746667834784500E-017, -0.2000369959355133000, -0.2788461538461531300 ) ) ;
#130 = CARTESIAN_POINT ( 'NONE',  ( -0.2416970966403986800, 0.03039922662054430100, -0.01686729723137018000 ) ) ;
#131 = CARTESIAN_POINT ( 'NONE',  ( -0.1732371201768790900, 0.1000184979677565100, -0.1506410256410251900 ) ) ;
#132 = FACE_OUTER_BOUND ( 'NONE', #565, .T. ) ;
#133 = DIRECTION ( 'NONE',  ( -0.0000000000000000000, -0.0000000000000000000, -1.000000000000000000 ) ) ;
#134 = FACE_OUTER_BOUND ( 'NONE', #221, .T. ) ;
#135 = VERTEX_POINT ( 'NONE', #856 ) ;
#136 = CARTESIAN_POINT ( 'NONE',  ( -0.3750000000000001100, 0.6495190528383291100, 0.0000000000000000000 ) ) ;
#137 = AXIS2_PLACEMENT_3D ( 'NONE', #2036, #774, #1308 ) ;
#138 =( BOUNDED_CURVE ( )  B_SPLINE_CURVE ( 2, ( #808, #1174, #56, #1350, #63, #235, #2073 ),
 .UNSPECIFIED., .F., .F. ) 
 B_SPLINE_CURVE_WITH_KNOTS ( ( 3, 2, 2, 3 ),
 ( 0.6785714285714286000, 0.6904761904761904700, 0.7142857142857143000, 0.7299182793338028200 ),
 .UNSPECIFIED. ) 
 CURVE ( )  GEOMETRIC_REPRESENTATION_ITEM ( )  RATIONAL_B_SPLINE_CURVE ( ( 0.9330127018922193000, 0.9330127018922196300, 1.000000000000000000, 0.8660254037844387100, 1.000000000000000000, 0.9120366032144915400, 0.9395810622854066100 ) ) 
 REPRESENTATION_ITEM ( '' )  );
#139 = VERTEX_POINT ( 'NONE', #1550 ) ;
#140 =( BOUNDED_CURVE ( )  B_SPLINE_CURVE ( 2, ( #2041, #955, #788, #979, #245 ),
 .UNSPECIFIED., .F., .T. ) 
 B_SPLINE_CURVE_WITH_KNOTS ( ( 3, 2, 3 ),
 ( 0.08968035851627369200, 0.09523809523809523300, 0.1071428571428571500 ),
 .UNSPECIFIED. ) 
 CURVE ( )  GEOMETRIC_REPRESENTATION_ITEM ( )  RATIONAL_B_SPLINE_CURVE ( ( 0.9520537774410408000, 0.9687269876065056600, 1.000000000000000000, 0.9330127018922193000, 0.9330127018922194100 ) ) 
 REPRESENTATION_ITEM ( '' )  );
#141 = CARTESIAN_POINT ( 'NONE',  ( 0.1438127696092205700, 0.1757500524460127700, -0.03342202905219365100 ) ) ;
#142 = CARTESIAN_POINT ( 'NONE',  ( 2.449746667834784500E-017, -0.2000369959355133000, -0.2019230769230764000 ) ) ;
#143 = EDGE_CURVE ( 'NONE', #1701, #111, #110, .T. ) ;
#144 = EDGE_CURVE ( 'NONE', #139, #1471, #2316, .T. ) ;
#145 = ORIENTED_EDGE ( 'NONE', *, *, #1000, .F. ) ;
#146 = DIRECTION ( 'NONE',  ( 0.0000000000000000000, 0.0000000000000000000, 1.000000000000000000 ) ) ;
#147 = ORIENTED_EDGE ( 'NONE', *, *, #269, .F. ) ;
#149 = EDGE_CURVE ( 'NONE', #454, #1947, #1447, .T. ) ;
#148 = DIRECTION ( 'NONE',  ( 1.000000000000000000, 0.0000000000000000000, 0.0000000000000000000 ) ) ;
#150 = CARTESIAN_POINT ( 'NONE',  ( -0.1510675699946126500, 0.1837022571496438900, -0.02264410860073597400 ) ) ;
#151 = CIRCLE ( 'NONE', #2032, 0.3750000000000001100 ) ;
#152 = CARTESIAN_POINT ( 'NONE',  ( 5.971700597434817500E-016, -0.2500000000000000000, -0.1634615384615380800 ) ) ;
#153 = AXIS2_PLACEMENT_3D ( 'NONE', #1225, #882, #1437 ) ;
#154 = CARTESIAN_POINT ( 'NONE',  ( 0.2500000000000000600, 3.248234307876966900E-016, -0.2211538461538456700 ) ) ;
#155 = CARTESIAN_POINT ( 'NONE',  ( -0.2500000000000000600, -4.574977898418263600E-017, -0.2499999999999994400 ) ) ;
#156 = CARTESIAN_POINT ( 'NONE',  ( 0.1599574438656427300, 0.1595211025993132100, -0.03422309275996707200 ) ) ;
#157 = DIRECTION ( 'NONE',  ( 1.000000000000000000, 0.0000000000000000000, 0.0000000000000000000 ) ) ;
#158 = FACE_OUTER_BOUND ( 'NONE', #663, .T. ) ;
#159 = FACE_OUTER_BOUND ( 'NONE', #1112, .T. ) ;
#160 = CARTESIAN_POINT ( 'NONE',  ( 0.2000369959355133000, -2.287488949209131700E-016, -0.1826923076923072400 ) ) ;
#161 = CARTESIAN_POINT ( 'NONE',  ( 0.2500000000000000600, -0.06698729810778049400, -0.07074293836450137900 ) ) ;
#162 = CARTESIAN_POINT ( 'NONE',  ( 0.1154914134512527400, -0.2000369959355132500, -0.3493589743589735100 ) ) ;
#163 = DIRECTION ( 'NONE',  ( 1.000000000000000000, 0.0000000000000000000, -0.0000000000000000000 ) ) ;
#164 = ORIENTED_EDGE ( 'NONE', *, *, #1420, .F. ) ;
#165 = APPROVAL ( #580, 'UNSPECIFIED' ) ;
#166 = ORIENTED_EDGE ( 'NONE', *, *, #1612, .T. ) ;
#167 = CARTESIAN_POINT ( 'NONE',  ( -0.3750000000000001100, -0.2165063509461096500, -0.03349364905389014300 ) ) ;
#168 = ORIENTED_EDGE ( 'NONE', *, *, #2057, .T. ) ;
#169 = AXIS2_PLACEMENT_3D ( 'NONE', #1011, #639, #286 ) ;
#170 = CARTESIAN_POINT ( 'NONE',  ( 0.1154914134512526300, 0.2000369959355133000, -0.2467948717948712000 ) ) ;
#171 = ORIENTED_EDGE ( 'NONE', *, *, #785, .F. ) ;
#172 = FACE_OUTER_BOUND ( 'NONE', #1631, .T. ) ;
#173 = DIRECTION ( 'NONE',  ( -0.8660254037844386000, 0.4999999999999998300, 0.0000000000000000000 ) ) ;
#174 = ORIENTED_EDGE ( 'NONE', *, *, #1898, .T. ) ;
#175 = DIRECTION ( 'NONE',  ( 0.0000000000000000000, 0.0000000000000000000, -1.000000000000000000 ) ) ;
#177 = EDGE_CURVE ( 'NONE', #491, #797, #934, .T. ) ;
#176 = CARTESIAN_POINT ( 'NONE',  ( -0.1443375672974060700, -0.2500000000000001700, -0.2467948717948711700 ) ) ;
#178 = CARTESIAN_POINT ( 'NONE',  ( -0.2000369959355133000, -1.646992043430574600E-016, -0.1346153846153843300 ) ) ;
#179 = PLANE ( 'NONE',  #980 ) ;
#180 = CARTESIAN_POINT ( 'NONE',  ( -0.2500000000000000600, 0.06698729810778049400, -0.09958909221065515000 ) ) ;
#181 = CARTESIAN_POINT ( 'NONE',  ( 0.2886751345948128700, 1.767625397874844800E-017, -0.4519230769230759300 ) ) ;
#182 = CARTESIAN_POINT ( 'NONE',  ( 0.0000000000000000000, 0.0000000000000000000, 0.0000000000000000000 ) ) ;
#183 = CARTESIAN_POINT ( 'NONE',  ( 0.0000000000000000000, 0.0000000000000000000, 0.0000000000000000000 ) ) ;
#184 = CARTESIAN_POINT ( 'NONE',  ( -0.2165063509461097600, 0.1249999999999998100, -0.02564102564102551500 ) ) ;
#185 = PRODUCT_DEFINITION_SHAPE ( 'NONE', 'NONE',  #700 ) ;
#186 = CARTESIAN_POINT ( 'NONE',  ( 0.2165063509461096500, 0.1250000000000000300, -0.2916666666666659600 ) ) ;
#187 = VECTOR ( 'NONE', #686, 39.37007874015748100 ) ;
#188 = CARTESIAN_POINT ( 'NONE',  ( 0.2500000000000000600, 8.234960217152875400E-017, -0.05769230769230750800 ) ) ;
#189 = EDGE_LOOP ( 'NONE', ( #290, #1850, #994, #287 ) ) ;
#190 = EDGE_LOOP ( 'NONE', ( #823, #2323 ) ) ;
#191 = CARTESIAN_POINT ( 'NONE',  ( -0.5156250000000000000, 0.0000000000000000000, -0.4531250000000000600 ) ) ;
#192 = CARTESIAN_POINT ( 'NONE',  ( 0.2500000000000001100, 0.06698729810778125700, -0.3715647539431898300 ) ) ;
#193 = CARTESIAN_POINT ( 'NONE',  ( -0.2165063509461095700, -0.1250000000000001100, -0.1762820512820508500 ) ) ;
#194 = ORIENTED_EDGE ( 'NONE', *, *, #881, .T. ) ;
#195 = CARTESIAN_POINT ( 'NONE',  ( 3.061616997868383000E-017, -0.2500000000000000000, -0.3173076923076916200 ) ) ;
#196 = ORIENTED_EDGE ( 'NONE', *, *, #1657, .F. ) ;
#197 = COORDINATED_UNIVERSAL_TIME_OFFSET ( 6, 0, .BEHIND. ) ;
#198 = VERTEX_POINT ( 'NONE', #2050 ) ;
#199 = LINE ( 'NONE', #35, #288 ) ;
#200 = CARTESIAN_POINT ( 'NONE',  ( -9.798986671339138100E-017, 0.2000369959355133000, -0.1538461538461535200 ) ) ;
#201 = ORIENTED_EDGE ( 'NONE', *, *, #960, .T. ) ;
#202 = CARTESIAN_POINT ( 'NONE',  ( -0.1732371201768790900, 0.1000184979677565100, -0.5256410256410245500 ) ) ;
#203 = CARTESIAN_POINT ( 'NONE',  ( 0.2500000000000000000, 0.0000000000000000000, -0.3653846153846145900 ) ) ;
#204 = CARTESIAN_POINT ( 'NONE',  ( 0.0000000000000000000, 0.0000000000000000000, -0.4531250000000000600 ) ) ;
#205 = PERSON_AND_ORGANIZATION_ROLE ( 'design_supplier' ) ;
#206 = DIRECTION ( 'NONE',  ( -1.000000000000000000, 0.0000000000000000000, 0.0000000000000000000 ) ) ;
#207 = AXIS2_PLACEMENT_3D ( 'NONE', #2149, #513, #148 ) ;
#208 = CARTESIAN_POINT ( 'NONE',  ( -0.1154914134512527900, 0.2000369959355132200, -0.5320512820512809400 ) ) ;
#209 = CARTESIAN_POINT ( 'NONE',  ( 0.1373552426340719500, -0.1632547177179812500, -0.04693884941168752200 ) ) ;
#210 = DIRECTION ( 'NONE',  ( 1.000000000000000000, 0.0000000000000000000, 0.0000000000000000000 ) ) ;
#211 = EDGE_CURVE ( 'NONE', #491, #438, #964, .T. ) ;
#212 = LINE ( 'NONE', #732, #2206 ) ;
#213 = CARTESIAN_POINT ( 'NONE',  ( -0.1154914134512527900, 0.2000369959355132200, -0.07051282051282035900 ) ) ;
#214 = DIRECTION ( 'NONE',  ( -1.000000000000000000, 0.0000000000000000000, 0.0000000000000000000 ) ) ;
#215 = CYLINDRICAL_SURFACE ( 'NONE', #1926, 0.2000369959355133000 ) ;
#216 = CARTESIAN_POINT ( 'NONE',  ( -0.2886751345948128700, -5.302876193624534000E-017, -0.1057692307692305200 ) ) ;
#217 = DIRECTION ( 'NONE',  ( 0.0000000000000000000, 0.0000000000000000000, 1.000000000000000000 ) ) ;
#218 = CARTESIAN_POINT ( 'NONE',  ( -6.438656778682172300E-018, 0.4330127018922194100, -0.03349364905389015000 ) ) ;
#219 = ORIENTED_EDGE ( 'NONE', *, *, #629, .T. ) ;
#220 = EDGE_CURVE ( 'NONE', #1286, #2049, #296, .T. ) ;
#221 = EDGE_LOOP ( 'NONE', ( #978, #1284, #1674 ) ) ;
#222 = CARTESIAN_POINT ( 'NONE',  ( -4.899493335669569100E-017, 0.2000369959355133000, -0.07692307692307676100 ) ) ;
#223 = VERTEX_POINT ( 'NONE', #419 ) ;
#224 = CALENDAR_DATE ( 2021, 11, 7 ) ;
#225 = EDGE_CURVE ( 'NONE', #1223, #1279, #1469, .T. ) ;
#226 = CARTESIAN_POINT ( 'NONE',  ( 0.1154914134512526300, 0.2000369959355133000, -0.4679487179487169000 ) ) ;
#227 = ORIENTED_EDGE ( 'NONE', *, *, #144, .T. ) ;
#228 = FACE_OUTER_BOUND ( 'NONE', #2111, .T. ) ;
#229 = DIRECTION ( 'NONE',  ( 1.000000000000000000, 0.0000000000000000000, 0.0000000000000000000 ) ) ;
#230 = CARTESIAN_POINT ( 'NONE',  ( -0.1239841412737627000, 0.3614304245525678500, -0.003855317748774944400 ) ) ;
#231 =( CONVERSION_BASED_UNIT ( 'INCH', #2273 ) LENGTH_UNIT ( ) NAMED_UNIT ( #2023 ) );
#232 = LINE ( 'NONE', #1132, #1605 ) ;
#233 = CARTESIAN_POINT ( 'NONE',  ( -0.2500000000000000000, 0.0000000000000000000, 0.0000000000000000000 ) ) ;
#234 = FACE_OUTER_BOUND ( 'NONE', #395, .T. ) ;
#235 = CARTESIAN_POINT ( 'NONE',  ( 0.07200250312241492100, 0.2000369959355134400, -0.3886118246398173000 ) ) ;
#236 = DIRECTION ( 'NONE',  ( -0.0000000000000000000, -0.0000000000000000000, -1.000000000000000000 ) ) ;
#237 = DIRECTION ( 'NONE',  ( 1.000000000000000000, 0.0000000000000000000, 0.0000000000000000000 ) ) ;
#238 = CARTESIAN_POINT ( 'NONE',  ( 0.1120539921623834600, 0.2500000000000006700, -0.4376688001952855900 ) ) ;
#239 = AXIS2_PLACEMENT_3D ( 'NONE', #371, #1832, #1643 ) ;
#240 = CARTESIAN_POINT ( 'NONE',  ( -0.2667198356508251300, -0.2790219329810027000, -0.006124360615781259900 ) ) ;
#241 = CARTESIAN_POINT ( 'NONE',  ( -0.2499999999999998600, -0.06698729810778091000, -0.09271860009703661300 ) ) ;
#242 = CARTESIAN_POINT ( 'NONE',  ( 0.1443375672974066300, -0.2499999999999998600, -0.3878205128205119400 ) ) ;
#243 = CARTESIAN_POINT ( 'NONE',  ( 0.2886751345948128700, 1.767625397874844800E-017, 0.01923076923076926000 ) ) ;
#244 = FACE_OUTER_BOUND ( 'NONE', #2027, .T. ) ;
#245 = CARTESIAN_POINT ( 'NONE',  ( -0.2500000000000000600, 4.574977898418264200E-017, -0.01923076923076913100 ) ) ;
#246 = LINE ( 'NONE', #1593, #1168 ) ;
#247 = DIRECTION ( 'NONE',  ( -0.0000000000000000000, -0.0000000000000000000, 1.000000000000000000 ) ) ;
#248 = B_SPLINE_CURVE_WITH_KNOTS ( 'NONE', 3,
 ( #1438, #869, #1784, #1966, #1590, #1244, #1068, #1253, #1052, #2152, #1803, #1412, #156, #141, #342, #873, #1236, #1982, #1059, #2319, #495, #2332, #2143, #705, #893, #1227, #2326, #1791, #1614, #150, #1776, #676, #1607, #328, #523, #517, #1259, #130, #501, #698 ),
 .UNSPECIFIED., .F., .F.,
 ( 4, 2, 2, 2, 2, 2, 2, 2, 2, 2, 2, 2, 2, 2, 2, 2, 2, 2, 2, 4 ),
 ( 0.01349033768748558200, 0.01464502661013159300, 0.01579971553277760200, 0.01637705999410060700, 0.01695440445542361100, 0.01753174891674661600, 0.01810909337806962400, 0.01926378230071563000, 0.02041847122336163900, 0.02157316014600764400, 0.02215050460733065200, 0.02272784906865365400, 0.02388253799129966300, 0.02503722691394567200, 0.02619191583659168100, 0.02734660475923768300, 0.02850129368188369200, 0.02965598260452970100, 0.03081067152717571100, 0.03196536044982171300 ),
 .UNSPECIFIED. ) ;
#249 = CARTESIAN_POINT ( 'NONE',  ( -0.1732371201768790900, 0.1000184979677565100, -0.2275641025641019500 ) ) ;
#250 = ORIENTED_EDGE ( 'NONE', *, *, #177, .F. ) ;
#251 = CARTESIAN_POINT ( 'NONE',  ( -0.1443375672974059300, -0.2500000000000002800, -0.4006410256410247200 ) ) ;
#252 = CARTESIAN_POINT ( 'NONE',  ( -0.1443375672974063500, -0.2500000000000001100, -0.3141025641025633800 ) ) ;
#253 = CARTESIAN_POINT ( 'NONE',  ( 0.2500000000000001100, -0.06698729810778018800, -0.3015121691337317400 ) ) ;
#254 = ORIENTED_EDGE ( 'NONE', *, *, #1365, .F. ) ;
#255 = EDGE_LOOP ( 'NONE', ( #429, #114, #2145, #1679 ) ) ;
#256 = LOCAL_TIME ( 3, 47, 4.000000000000000000, #197 ) ;
#257 = AXIS2_PLACEMENT_3D ( 'NONE', #54, #815, #2072 ) ;
#258 = DIRECTION ( 'NONE',  ( -1.000000000000000000, 0.0000000000000000000, 0.0000000000000000000 ) ) ;
#259 = ORIENTED_EDGE ( 'NONE', *, *, #1564, .F. ) ;
#260 = CARTESIAN_POINT ( 'NONE',  ( 9.184850993605148400E-017, -0.2500000000000000000, -0.07692307692307669100 ) ) ;
#261 = DIRECTION ( 'NONE',  ( -0.0000000000000000000, -0.0000000000000000000, -1.000000000000000000 ) ) ;
#262 = CARTESIAN_POINT ( 'NONE',  ( 0.0000000000000000000, 0.2500000000000000000, -0.3461538461538453700 ) ) ;
#263 = EDGE_CURVE ( 'NONE', #2171, #600, #2318, .T. ) ;
#264 = EDGE_CURVE ( 'NONE', #825, #139, #1836, .T. ) ;
#265 = ADVANCED_FACE ( 'NONE', ( #2160 ), #336, .F. ) ;
#266 = CARTESIAN_POINT ( 'NONE',  ( -0.2165063509461094300, -0.1250000000000003300, -0.08974358974358948000 ) ) ;
#267 = DIRECTION ( 'NONE',  ( 0.0000000000000000000, 0.0000000000000000000, 1.000000000000000000 ) ) ;
#268 = CARTESIAN_POINT ( 'NONE',  ( -3.673940397442059400E-016, 0.2500000000000000000, -0.4230769230769221300 ) ) ;
#269 = EDGE_CURVE ( 'NONE', #73, #1114, #140, .T. ) ;
#270 = CARTESIAN_POINT ( 'NONE',  ( 0.2165063509461096500, 0.1250000000000000300, -0.1282051282051278600 ) ) ;
#271 = DIRECTION ( 'NONE',  ( -1.000000000000000000, 0.0000000000000000000, 0.0000000000000000000 ) ) ;
#272 = CARTESIAN_POINT ( 'NONE',  ( -0.01874740449256523700, 0.1991565579329405400, -0.3931619959355135400 ) ) ;
#273 = CARTESIAN_POINT ( 'NONE',  ( 0.2165063509461094300, 0.1250000000000003600, -0.1378205128205124700 ) ) ;
#274 = VECTOR ( 'NONE', #333, 39.37007874015748900 ) ;
#275 = CARTESIAN_POINT ( 'NONE',  ( 0.1154914134512527400, -0.2000369959355132500, -0.4166666666666658000 ) ) ;
#276 = CARTESIAN_POINT ( 'NONE',  ( 0.1154914134512534500, -0.2000369959355128000, -0.2628205128205122800 ) ) ;
#277 = CARTESIAN_POINT ( 'NONE',  ( -0.2165063509461097600, 0.1249999999999998100, -0.02564102564102551500 ) ) ;
#278 = VECTOR ( 'NONE', #601, 39.37007874015748100 ) ;
#279 = EDGE_LOOP ( 'NONE', ( #920, #541, #682, #908, #685, #451 ) ) ;
#280 = ORIENTED_EDGE ( 'NONE', *, *, #1728, .T. ) ;
#281 = CARTESIAN_POINT ( 'NONE',  ( 0.1504843905726607200, -0.1506870496006749200, -0.4059641327569544200 ) ) ;
#282 = CARTESIAN_POINT ( 'NONE',  ( 0.2309828269025053500, 1.414361898120801500E-017, -0.1730769230769227100 ) ) ;
#283 = CARTESIAN_POINT ( 'NONE',  ( 0.2062264143182576900, 0.01486132221158606300, -0.3993514143182579400 ) ) ;
#284 = ORIENTED_EDGE ( 'NONE', *, *, #7, .F. ) ;
#285 = CARTESIAN_POINT ( 'NONE',  ( 0.1443375672974065700, -0.2499999999999999400, -0.4551282051282041200 ) ) ;
#286 = DIRECTION ( 'NONE',  ( 1.000000000000000000, 0.0000000000000000000, 0.0000000000000000000 ) ) ;
#287 = ORIENTED_EDGE ( 'NONE', *, *, #551, .T. ) ;
#288 = VECTOR ( 'NONE', #2215, 39.37007874015748100 ) ;
#289 = CARTESIAN_POINT ( 'NONE',  ( 0.2500000000000000000, 3.061616997868383000E-017, -0.4431250000000000500 ) ) ;
#290 = ORIENTED_EDGE ( 'NONE', *, *, #94, .F. ) ;
#291 = CC_DESIGN_APPROVAL ( #165, ( #2170 ) ) ;
#292 = LINE ( 'NONE', #2013, #1975 ) ;
#293 = CARTESIAN_POINT ( 'NONE',  ( 0.1154914134512526300, 0.2000369959355133000, -0.3910256410256401900 ) ) ;
#294 = CARTESIAN_POINT ( 'NONE',  ( 0.0000000000000000000, 0.0000000000000000000, 0.0000000000000000000 ) ) ;
#295 = CARTESIAN_POINT ( 'NONE',  ( -0.1154914134512527900, 0.2000369959355132200, -0.08012820512820484400 ) ) ;
#296 = B_SPLINE_CURVE_WITH_KNOTS ( 'NONE', 3,
 ( #1327, #411, #1146, #1873, #1841, #1505 ),
 .UNSPECIFIED., .F., .F.,
 ( 4, 2, 4 ),
 ( 2.380730676607833700E-007, 0.002782414026671816600, 0.005564589980275972400 ),
 .UNSPECIFIED. ) ;
#297 = CARTESIAN_POINT ( 'NONE',  ( 0.1443375672974061000, 0.2500000000000001700, -0.1987179487179482100 ) ) ;
#298 = CARTESIAN_POINT ( 'NONE',  ( -0.1235473581992789900, 0.2051455350046720300, -0.4322974090028066100 ) ) ;
#299 = CARTESIAN_POINT ( 'NONE',  ( -0.01678273842300274900, -0.2190242615704908700, -0.4126753559655509900 ) ) ;
#300 = CARTESIAN_POINT ( 'NONE',  ( 0.2000369959355132500, 1.235244032572931100E-016, -0.1730769230769227700 ) ) ;
#301 = EDGE_CURVE ( 'NONE', #28, #1800, #1585, .T. ) ;
#302 = ADVANCED_FACE ( 'NONE', ( #531 ), #1819, .T. ) ;
#303 = CARTESIAN_POINT ( 'NONE',  ( -0.1154914134512526100, -0.2000369959355133300, -0.1314102564102560000 ) ) ;
#304 = CARTESIAN_POINT ( 'NONE',  ( 0.1651233003861855600, 0.1552210441400094500, -0.4196195383988807800 ) ) ;
#305 = ADVANCED_FACE ( 'NONE', ( #1024 ), #1672, .F. ) ;
#306 = CARTESIAN_POINT ( 'NONE',  ( -0.1783634655567098400, 0.1575412361289819400, -0.4298504489851653900 ) ) ;
#307 = EDGE_CURVE ( 'NONE', #742, #1917, #1169, .T. ) ;
#308 = VECTOR ( 'NONE', #1533, 39.37007874015748100 ) ;
#309 = CARTESIAN_POINT ( 'NONE',  ( -0.1065204009395754900, -0.1962676752982799000, -0.4159778362224937900 ) ) ;
#310 = VERTEX_POINT ( 'NONE', #467 ) ;
#311 = CARTESIAN_POINT ( 'NONE',  ( -0.2000369959355133300, 0.05359975151726847200, -0.07074293836450129500 ) ) ;
#312 = CARTESIAN_POINT ( 'NONE',  ( 0.1154914134512526300, 0.2000369959355133000, -0.1698717948717943500 ) ) ;
#313 = EDGE_CURVE ( 'NONE', #198, #1257, #738, .T. ) ;
#314 = ORIENTED_EDGE ( 'NONE', *, *, #2147, .T. ) ;
#315 = DIRECTION ( 'NONE',  ( 0.0000000000000000000, 0.0000000000000000000, 1.000000000000000000 ) ) ;
#316 = ORIENTED_EDGE ( 'NONE', *, *, #628, .F. ) ;
#317 = EDGE_LOOP ( 'NONE', ( #488, #2344, #1989, #829, #544, #1532, #1705 ) ) ;
#318 =( BOUNDED_CURVE ( )  B_SPLINE_CURVE ( 2, ( #540, #1450, #735, #2334, #1998, #907, #2182, #192, #377 ),
 .UNSPECIFIED., .F., .F. ) 
 B_SPLINE_CURVE_WITH_KNOTS ( ( 3, 2, 2, 2, 3 ),
 ( 0.6785714285714286000, 0.6904761904761904700, 0.7142857142857143000, 0.7380952380952381400, 0.7500000000000001100 ),
 .UNSPECIFIED. ) 
 CURVE ( )  GEOMETRIC_REPRESENTATION_ITEM ( )  RATIONAL_B_SPLINE_CURVE ( ( 0.9330127018922193000, 0.9330127018922196300, 1.000000000000000000, 0.8660254037844387100, 1.000000000000000000, 0.8660254037844387100, 1.000000000000000000, 0.9330127018922187400, 0.9330127018922194100 ) ) 
 REPRESENTATION_ITEM ( '' )  );
#319 = CARTESIAN_POINT ( 'NONE',  ( -0.2000369959355133000, 2.449746667834783900E-017, -1.160231781186547700 ) ) ;
#320 =( BOUNDED_CURVE ( )  B_SPLINE_CURVE ( 2, ( #1317, #2231, #1695, #606, #1488, #1879, #58, #1861, #784 ),
 .UNSPECIFIED., .F., .T. ) 
 B_SPLINE_CURVE_WITH_KNOTS ( ( 3, 2, 2, 2, 3 ),
 ( 0.7500000000000000000, 0.7619047619047618600, 0.7857142857142857000, 0.8095238095238095300, 0.8214285714285715100 ),
 .UNSPECIFIED. ) 
 CURVE ( )  GEOMETRIC_REPRESENTATION_ITEM ( )  RATIONAL_B_SPLINE_CURVE ( ( 0.9330127018922194100, 0.9330127018922194100, 1.000000000000000000, 0.8660254037844387100, 1.000000000000000000, 0.8660254037844387100, 1.000000000000000000, 0.9330127018922189700, 0.9330127018922193000 ) ) 
 REPRESENTATION_ITEM ( '' )  );
#321 = CARTESIAN_POINT ( 'NONE',  ( 0.1154914134512527400, -0.2000369959355132500, -0.04166666666666645600 ) ) ;
#322 = VERTEX_POINT ( 'NONE', #1340 ) ;
#323 = CARTESIAN_POINT ( 'NONE',  ( -1.836970198721029700E-016, 0.2500000000000000000, -0.1923076923076918500 ) ) ;
#324 = VECTOR ( 'NONE', #633, 39.37007874015748100 ) ;
#325 = DIRECTION ( 'NONE',  ( 0.0000000000000000000, 0.0000000000000000000, 1.000000000000000000 ) ) ;
#326 = AXIS2_PLACEMENT_3D ( 'NONE', #2128, #2310, #1957 ) ;
#327 = CARTESIAN_POINT ( 'NONE',  ( -0.2500000000000000600, -1.143744474604565800E-016, -0.3269230769230762100 ) ) ;
#328 = CARTESIAN_POINT ( 'NONE',  ( -0.2110667912783138200, 0.1157503175021818800, -0.01975308269279412900 ) ) ;
#329 = CARTESIAN_POINT ( 'NONE',  ( 2.449746667834784500E-017, -0.2000369959355133000, -0.4326923076923066500 ) ) ;
#330 = DIRECTION ( 'NONE',  ( 1.000000000000000000, 0.0000000000000000000, 0.0000000000000000000 ) ) ;
#331 = CARTESIAN_POINT ( 'NONE',  ( -0.1732371201768790900, 0.1000184979677565100, -0.3044871794871787400 ) ) ;
#332 = DIRECTION ( 'NONE',  ( 0.0000000000000000000, 0.0000000000000000000, -1.000000000000000000 ) ) ;
#333 = DIRECTION ( 'NONE',  ( -0.7071067811865486800, 8.659560562354947600E-017, 0.7071067811865462400 ) ) ;
#334 = CARTESIAN_POINT ( 'NONE',  ( 0.0000000000000000000, 0.0000000000000000000, 0.0000000000000000000 ) ) ;
#335 = FACE_OUTER_BOUND ( 'NONE', #1406, .T. ) ;
#336 = CYLINDRICAL_SURFACE ( 'NONE', #1318, 0.2500000000000000000 ) ;
#337 = AXIS2_PLACEMENT_3D ( 'NONE', #1064, #890, #701 ) ;
#338 = ORIENTED_EDGE ( 'NONE', *, *, #2256, .T. ) ;
#339 = AXIS2_PLACEMENT_3D ( 'NONE', #1720, #820, #271 ) ;
#340 = CARTESIAN_POINT ( 'NONE',  ( 0.2000369959355131900, -0.05359975151726876400, -0.2630506306721932000 ) ) ;
#341 = VERTEX_POINT ( 'NONE', #2101 ) ;
#342 = CARTESIAN_POINT ( 'NONE',  ( 0.1321203190802295600, 0.1853504020911239100, -0.03288472195124080000 ) ) ;
#343 = CARTESIAN_POINT ( 'NONE',  ( -0.1154914134512527900, 0.2000369959355132200, -0.3108974358974351300 ) ) ;
#344 = EDGE_CURVE ( 'NONE', #1279, #1907, #1343, .T. ) ;
#345 = EDGE_LOOP ( 'NONE', ( #1775, #107, #2016 ) ) ;
#346 = ORIENTED_EDGE ( 'NONE', *, *, #798, .T. ) ;
#348 = EDGE_CURVE ( 'NONE', #82, #135, #2339, .T. ) ;
#347 = CARTESIAN_POINT ( 'NONE',  ( -0.3750000000000001700, -0.1452110024078279400, -0.01480023785327277600 ) ) ;
#349 = DIRECTION ( 'NONE',  ( -0.0000000000000000000, -0.0000000000000000000, -1.000000000000000000 ) ) ;
#350 = CARTESIAN_POINT ( 'NONE',  ( 0.2309828269025053500, 1.414361898120801500E-017, -0.4134615384615374400 ) ) ;
#351 = CARTESIAN_POINT ( 'NONE',  ( -0.1691190421827387700, -0.1071512182831388400, -0.06044029479800637500 ) ) ;
#352 = CIRCLE ( 'NONE', #1180, 0.2000369959355133000 ) ;
#353 = EDGE_CURVE ( 'NONE', #2190, #55, #1508, .T. ) ;
#354 = CARTESIAN_POINT ( 'NONE',  ( -0.1443375672974065700, 0.2499999999999999400, -0.3493589743589735600 ) ) ;
#355 = CARTESIAN_POINT ( 'NONE',  ( 0.1274875785638130700, 0.1541483605324434300, -0.3931619959355135400 ) ) ;
#356 = PLANE ( 'NONE',  #1148 ) ;
#357 = CARTESIAN_POINT ( 'NONE',  ( -0.3750000000000001100, 0.1460293047778759300, -0.01497234743241305400 ) ) ;
#358 = CARTESIAN_POINT ( 'NONE',  ( 0.1732371201768790300, -0.1000184979677565900, -0.2660256410256403600 ) ) ;
#359 = CARTESIAN_POINT ( 'NONE',  ( -0.2499999999999999200, -2.058740054288218500E-016, -0.09615384615384588200 ) ) ;
#360 = CARTESIAN_POINT ( 'NONE',  ( 2.143131898507868100E-016, -0.2500000000000000000, -0.2403846153846148400 ) ) ;
#361 = CYLINDRICAL_SURFACE ( 'NONE', #1197, 0.2500000000000000000 ) ;
#362 = CARTESIAN_POINT ( 'NONE',  ( 0.1154914134512526600, 0.2000369959355133000, -0.09294871794871763200 ) ) ;
#363 = DIRECTION ( 'NONE',  ( -1.000000000000000000, 0.0000000000000000000, 0.0000000000000000000 ) ) ;
#364 = CARTESIAN_POINT ( 'NONE',  ( 0.1732371201768791200, -0.1000184979677564400, -0.1794871794871791000 ) ) ;
#365 = ORIENTED_EDGE ( 'NONE', *, *, #8, .T. ) ;
#366 = AXIS2_PLACEMENT_3D ( 'NONE', #484, #844, #1762 ) ;
#367 = CARTESIAN_POINT ( 'NONE',  ( 0.0000000000000000000, 0.2500000000000000000, -0.5096153846153834700 ) ) ;
#368 = ORIENTED_EDGE ( 'NONE', *, *, #1364, .F. ) ;
#369 = ORIENTED_EDGE ( 'NONE', *, *, #1170, .F. ) ;
#370 = CARTESIAN_POINT ( 'NONE',  ( 0.1154914134512524500, 0.2000369959355134400, -0.1602564102564099100 ) ) ;
#371 = CARTESIAN_POINT ( 'NONE',  ( -0.3750000000000001100, 0.2165063509461098200, -0.4531250000000000600 ) ) ;
#372 = VERTEX_POINT ( 'NONE', #69 ) ;
#373 = CARTESIAN_POINT ( 'NONE',  ( -0.1732371201768787800, -0.1000184979677570400, -0.3589743589743582000 ) ) ;
#374 = ORIENTED_EDGE ( 'NONE', *, *, #1789, .T. ) ;
#375 = CARTESIAN_POINT ( 'NONE',  ( -0.2165063509461097600, 0.1249999999999998100, -0.4967948717948707000 ) ) ;
#376 = CARTESIAN_POINT ( 'NONE',  ( 0.2600000000000000100, 3.184081677783118700E-017, -0.4531250000000000600 ) ) ;
#377 = CARTESIAN_POINT ( 'NONE',  ( 0.2500000000000000000, 0.0000000000000000000, -0.3749999999999992200 ) ) ;
#378 = CARTESIAN_POINT ( 'NONE',  ( 0.2165063509461096500, 0.1250000000000000300, -0.1378205128205124700 ) ) ;
#379 = CARTESIAN_POINT ( 'NONE',  ( -0.1443375672974063500, -0.2500000000000001100, -0.3237179487179480100 ) ) ;
#380 = DIRECTION ( 'NONE',  ( -1.000000000000000000, 0.0000000000000000000, 0.0000000000000000000 ) ) ;
#381 = AXIS2_PLACEMENT_3D ( 'NONE', #1384, #2295, #822 ) ;
#382 = CARTESIAN_POINT ( 'NONE',  ( -0.1968744682044053000, 0.03542941591583451100, -0.05996300406448598600 ) ) ;
#383 = EDGE_CURVE ( 'NONE', #600, #198, #104, .T. ) ;
#384 = EDGE_CURVE ( 'NONE', #1143, #1480, #1845, .T. ) ;
#385 = CARTESIAN_POINT ( 'NONE',  ( 0.2000369959355133000, 0.05359975151726865900, -0.09271860009703668200 ) ) ;
#386 = CARTESIAN_POINT ( 'NONE',  ( 0.1732371201768791200, -0.1000184979677565000, -0.1025641025641023500 ) ) ;
#387 =( BOUNDED_CURVE ( )  B_SPLINE_CURVE ( 2, ( #583, #768, #2043, #2203, #776, #957, #413, #2052, #963 ),
 .UNSPECIFIED., .F., .F. ) 
 B_SPLINE_CURVE_WITH_KNOTS ( ( 3, 2, 2, 2, 3 ),
 ( 0.3928571428571429000, 0.4047619047619047700, 0.4285714285714285500, 0.4523809523809523800, 0.4642857142857143600 ),
 .UNSPECIFIED. ) 
 CURVE ( )  GEOMETRIC_REPRESENTATION_ITEM ( )  RATIONAL_B_SPLINE_CURVE ( ( 0.9330127018922193000, 0.9330127018922196300, 1.000000000000000000, 0.8660254037844387100, 1.000000000000000000, 0.8660254037844387100, 1.000000000000000000, 0.9330127018922188500, 0.9330127018922194100 ) ) 
 REPRESENTATION_ITEM ( '' )  );
#388 = CARTESIAN_POINT ( 'NONE',  ( -0.2165063509461095700, -0.1250000000000001100, -0.2532051282051276400 ) ) ;
#389 =( BOUNDED_CURVE ( )  B_SPLINE_CURVE ( 2, ( #160, #1985, #1086, #1993, #904, #2268, #1934, #810, #1574 ),
 .UNSPECIFIED., .F., .F. ) 
 B_SPLINE_CURVE_WITH_KNOTS ( ( 3, 2, 2, 2, 3 ),
 ( 0.4642857142857143000, 0.4761904761904761600, 0.5000000000000000000, 0.5238095238095238400, 0.5357142857142858100 ),
 .UNSPECIFIED. ) 
 CURVE ( )  GEOMETRIC_REPRESENTATION_ITEM ( )  RATIONAL_B_SPLINE_CURVE ( ( 0.9330127018922194100, 0.9330127018922195200, 1.000000000000000000, 0.8660254037844387100, 1.000000000000000000, 0.8660254037844387100, 1.000000000000000000, 0.9330127018922189700, 0.9330127018922193000 ) ) 
 REPRESENTATION_ITEM ( '' )  );
#390 = CARTESIAN_POINT ( 'NONE',  ( 0.1239841412737627700, -0.3614304245525680700, -0.003855317748774941000 ) ) ;
#391 = CONICAL_SURFACE ( 'NONE', #2173, 0.2600000000000000100, 0.7853981633974500600 ) ;
#392 = CARTESIAN_POINT ( 'NONE',  ( -0.008575316918365162900, -0.2498528845936135700, -0.009999999999999943000 ) ) ;
#393 = EDGE_CURVE ( 'NONE', #454, #883, #1906, .T. ) ;
#394 = CARTESIAN_POINT ( 'NONE',  ( 0.2000369959355133000, -2.287488949209131700E-016, -0.1826923076923072400 ) ) ;
#395 = EDGE_LOOP ( 'NONE', ( #1829, #1937, #1063, #480, #1426 ) ) ;
#396 = CARTESIAN_POINT ( 'NONE',  ( -0.3134308897617557000, 0.2520532933159259600, -0.01484626796048529900 ) ) ;
#397 = CARTESIAN_POINT ( 'NONE',  ( 7.349240003504353000E-017, -0.2000369959355133000, -0.1153846153846151400 ) ) ;
#398 = CARTESIAN_POINT ( 'NONE',  ( -0.2309828269025053500, -4.243085694362404500E-017, -0.5192307692307680500 ) ) ;
#399 = ORIENTED_EDGE ( 'NONE', *, *, #707, .F. ) ;
#400 = CARTESIAN_POINT ( 'NONE',  ( 0.02523345765350566000, -0.2072112728821872700, -0.05155052092873367600 ) ) ;
#401 = VERTEX_POINT ( 'NONE', #452 ) ;
#402 = APPROVAL_PERSON_ORGANIZATION ( #1066, #165, #599 ) ;
#403 = DIRECTION ( 'NONE',  ( 0.0000000000000000000, 0.0000000000000000000, 1.000000000000000000 ) ) ;
#404 = EDGE_LOOP ( 'NONE', ( #1171, #168, #2240, #1682 ) ) ;
#405 = FACE_OUTER_BOUND ( 'NONE', #1823, .T. ) ;
#406 = CARTESIAN_POINT ( 'NONE',  ( 3.061616997868383000E-017, -0.2500000000000000000, -0.08653846153846131400 ) ) ;
#407 = CARTESIAN_POINT ( 'NONE',  ( 0.2480662292372889700, -5.901721488959559200E-016, -0.4411912292372892600 ) ) ;
#408 = CARTESIAN_POINT ( 'NONE',  ( -0.1556036036585210800, 0.3431749194330963000, -0.0007916646988955431900 ) ) ;
#409 = FACE_OUTER_BOUND ( 'NONE', #939, .T. ) ;
#410 = CARTESIAN_POINT ( 'NONE',  ( 0.0000000000000000000, 0.0000000000000000000, 0.0000000000000000000 ) ) ;
#411 = CARTESIAN_POINT ( 'NONE',  ( -0.03067253151033686200, -0.4153039075679992300, -0.02326947188376291300 ) ) ;
#412 = CARTESIAN_POINT ( 'NONE',  ( 0.1154914134512524900, 0.2000369959355134400, -0.08333333333333316200 ) ) ;
#413 = CARTESIAN_POINT ( 'NONE',  ( 0.1732371201768788100, 0.1000184979677569800, -0.2435897435897430900 ) ) ;
#414 = APPROVAL ( #1868, 'UNSPECIFIED' ) ;
#415 = CARTESIAN_POINT ( 'NONE',  ( -0.2886751345948128700, -5.302876193624534000E-017, -0.02884615384615373700 ) ) ;
#416 = CARTESIAN_POINT ( 'NONE',  ( 0.1887093257338677300, -0.1052677032169477600, -0.04419985848735996000 ) ) ;
#417 = AXIS2_PLACEMENT_3D ( 'NONE', #182, #175, #1828 ) ;
#418 = APPROVAL_ROLE ( '' ) ;
#419 = CARTESIAN_POINT ( 'NONE',  ( -0.3750000000000001100, 0.2165063509461098200, -0.4031250000000000100 ) ) ;
#420 = DIRECTION ( 'NONE',  ( -1.000000000000000000, 0.0000000000000000000, -0.0000000000000000000 ) ) ;
#421 = CARTESIAN_POINT ( 'NONE',  ( 0.1775907950718257400, 0.09912942058517391900, -0.3959647514431275400 ) ) ;
#422 = DIRECTION ( 'NONE',  ( 0.0000000000000000000, 0.0000000000000000000, 1.000000000000000000 ) ) ;
#423 = CARTESIAN_POINT ( 'NONE',  ( 0.3750000000000001100, 0.2165063509461097900, -0.4031250000000000100 ) ) ;
#424 = ORIENTED_EDGE ( 'NONE', *, *, #755, .F. ) ;
#425 = EDGE_CURVE ( 'NONE', #2089, #44, #593, .T. ) ;
#426 = CARTESIAN_POINT ( 'NONE',  ( -0.2500000000000000600, 4.574977898418264200E-017, -0.02884615384615374400 ) ) ;
#427 = ORIENTED_EDGE ( 'NONE', *, *, #301, .T. ) ;
#428 = CARTESIAN_POINT ( 'NONE',  ( 0.2000369959355133300, 6.862466847627395900E-017, -0.3269230769230762600 ) ) ;
#429 = ORIENTED_EDGE ( 'NONE', *, *, #1815, .F. ) ;
#430 = CARTESIAN_POINT ( 'NONE',  ( -0.1443375672974068500, 0.2499999999999997500, -0.1185897435897432700 ) ) ;
#431 = EDGE_CURVE ( 'NONE', #1529, #1909, #1303, .T. ) ;
#432 = CARTESIAN_POINT ( 'NONE',  ( -0.1154914134512526100, -0.2000369959355133300, -0.04487179487179476800 ) ) ;
#433 = CARTESIAN_POINT ( 'NONE',  ( -0.2165063509461100700, 0.1249999999999992800, -0.2660256410256404100 ) ) ;
#434 = ORIENTED_EDGE ( 'NONE', *, *, #149, .F. ) ;
#435 = ORGANIZATION ( 'UNSPECIFIED', 'UNSPECIFIED', '' ) ;
#436 = CARTESIAN_POINT ( 'NONE',  ( -0.2886751345948128700, -5.302876193624534000E-017, -0.2499999999999994200 ) ) ;
#437 = CARTESIAN_POINT ( 'NONE',  ( -8.185882966657249600E-017, -0.4330127018922194100, -0.4031250000000000100 ) ) ;
#438 = VERTEX_POINT ( 'NONE', #689 ) ;
#439 = EDGE_CURVE ( 'NONE', #595, #1286, #993, .T. ) ;
#440 = ORIENTED_EDGE ( 'NONE', *, *, #1935, .T. ) ;
#441 = CARTESIAN_POINT ( 'NONE',  ( -0.3135528506394797400, -0.2519828791703412300, -0.01487581996710185400 ) ) ;
#442 = B_SPLINE_CURVE_WITH_KNOTS ( 'NONE', 3,
 ( #573, #596, #2055, #407 ),
 .UNSPECIFIED., .F., .F.,
 ( 4, 4 ),
 ( 6.051560161881919400E-017, 0.0004055811715106720600 ),
 .UNSPECIFIED. ) ;
#443 = CARTESIAN_POINT ( 'NONE',  ( -0.1732371201768789500, -0.1000184979677567300, -0.1282051282051279200 ) ) ;
#444 = CARTESIAN_POINT ( 'NONE',  ( -0.2165063509461095700, -0.1250000000000001100, -0.3205128205128197600 ) ) ;
#445 = CARTESIAN_POINT ( 'NONE',  ( 0.0000000000000000000, 0.0000000000000000000, -0.4031250000000000100 ) ) ;
#446 = CARTESIAN_POINT ( 'NONE',  ( -0.2165063509461095700, -0.1250000000000001100, -0.08974358974358948000 ) ) ;
#447 = CARTESIAN_POINT ( 'NONE',  ( -0.2007110177777542100, -0.1482355547910066700, -0.01097757874006605700 ) ) ;
#448 = LINE ( 'NONE', #1352, #816 ) ;
#449 = CARTESIAN_POINT ( 'NONE',  ( 0.3750000000000002200, -0.03661676679737017200, -7.114187483500687400E-019 ) ) ;
#450 = CARTESIAN_POINT ( 'NONE',  ( 0.1154914134512527400, -0.2000369959355132500, -0.1089743589743587400 ) ) ;
#451 = ORIENTED_EDGE ( 'NONE', *, *, #750, .F. ) ;
#452 = CARTESIAN_POINT ( 'NONE',  ( -0.2499999999999999200, -2.058740054288218500E-016, -0.1057692307692304800 ) ) ;
#453 = CARTESIAN_POINT ( 'NONE',  ( -0.2169727294723393400, -0.1213562748049685100, -0.01189118375640803800 ) ) ;
#454 = VERTEX_POINT ( 'NONE', #498 ) ;
#455 = CARTESIAN_POINT ( 'NONE',  ( 0.1710559983730358700, 0.1501571469618881200, -0.4206040520499690900 ) ) ;
#456 = ORIENTED_EDGE ( 'NONE', *, *, #1009, .T. ) ;
#457 = CARTESIAN_POINT ( 'NONE',  ( 0.2000369959355133000, -2.287488949209131700E-016, -0.1057692307692304400 ) ) ;
#458 = VERTEX_POINT ( 'NONE', #2287 ) ;
#459 = FACE_OUTER_BOUND ( 'NONE', #2080, .T. ) ;
#460 = ADVANCED_FACE ( 'NONE', ( #1363 ), #11, .T. ) ;
#461 = CARTESIAN_POINT ( 'NONE',  ( 0.0000000000000000000, 0.2000369959355133000, -0.3846153846153838000 ) ) ;
#462 = CARTESIAN_POINT ( 'NONE',  ( 0.1443375672974064100, 0.2500000000000000000, -0.04487179487179470500 ) ) ;
#463 = CARTESIAN_POINT ( 'NONE',  ( 0.0000000000000000000, 0.0000000000000000000, -0.4531250000000000600 ) ) ;
#464 = EDGE_CURVE ( 'NONE', #1114, #2347, #1275, .T. ) ;
#465 = CARTESIAN_POINT ( 'NONE',  ( 0.08752373480238509500, -0.1977811126396125700, -0.4089343826498638100 ) ) ;
#466 = CARTESIAN_POINT ( 'NONE',  ( 0.2309828269025053500, 1.414361898120801500E-017, -0.2499999999999995000 ) ) ;
#467 = CARTESIAN_POINT ( 'NONE',  ( -0.3750000000000001100, 0.2165063509461097900, -0.03349364905389019800 ) ) ;
#468 = CARTESIAN_POINT ( 'NONE',  ( -0.1154914134512523700, -0.2000369959355134400, -0.2756410256410250500 ) ) ;
#469 = EDGE_CURVE ( 'NONE', #2217, #510, #36, .T. ) ;
#470 = CARTESIAN_POINT ( 'NONE',  ( -0.1154914134512527900, 0.2000369959355132200, -0.003205128205128076200 ) ) ;
#471 = ADVANCED_FACE ( 'NONE', ( #1251 ), #215, .F. ) ;
#472 = EDGE_CURVE ( 'NONE', #1145, #1800, #1984, .T. ) ;
#473 = CARTESIAN_POINT ( 'NONE',  ( 0.2073720924266403100, -0.01428997635689868000, -0.4004970924266403300 ) ) ;
#474 = CARTESIAN_POINT ( 'NONE',  ( 0.1732371201768789800, 0.1000184979677566600, -0.2435897435897430900 ) ) ;
#475 = CARTESIAN_POINT ( 'NONE',  ( 0.2886751345948128700, 1.767625397874844800E-017, -0.4423076923076913500 ) ) ;
#476 = CIRCLE ( 'NONE', #953, 0.3750000000000001100 ) ;
#477 = CARTESIAN_POINT ( 'NONE',  ( -0.1806217782649113500, -0.1728460969082645500, -0.009999999999999956800 ) ) ;
#478 = CIRCLE ( 'NONE', #1278, 0.2500000000000000000 ) ;
#479 = CARTESIAN_POINT ( 'NONE',  ( -0.2500000000000000000, 0.0000000000000000000, 0.0000000000000000000 ) ) ;
#480 = ORIENTED_EDGE ( 'NONE', *, *, #2292, .T. ) ;
#481 = CARTESIAN_POINT ( 'NONE',  ( -0.1875000000000001100, -0.3247595264191645600, 0.0000000000000000000 ) ) ;
#482 = ADVANCED_FACE ( 'NONE', ( #1391 ), #1617, .F. ) ;
#483 = B_SPLINE_CURVE_WITH_KNOTS ( 'NONE', 3,
 ( #516, #1403, #1981, #1442, #1632, #2331, #722, #1258, #897, #1636, #548, #2343, #1822, #1078, #892, #1264, #2163, #2336, #1620, #526, #1809, #2174 ),
 .UNSPECIFIED., .F., .F.,
 ( 4, 2, 2, 2, 2, 2, 2, 2, 2, 2, 4 ),
 ( 0.0000000000000000000, 0.001124305925762966600, 0.001686458888644449700, 0.002248611851525932900, 0.003372917777288900800, 0.004497223703051870000, 0.005621529628814838000, 0.006745835554577806800, 0.007870141480340774700, 0.008432294443222260900, 0.008994447406103745300 ),
 .UNSPECIFIED. ) ;
#484 = CARTESIAN_POINT ( 'NONE',  ( 0.0000000000000000000, 0.0000000000000000000, 0.0000000000000000000 ) ) ;
#485 = ORIENTED_EDGE ( 'NONE', *, *, #1609, .T. ) ;
#486 = CARTESIAN_POINT ( 'NONE',  ( 0.2165063509461096800, -0.1249999999999999400, -0.3717948717948709200 ) ) ;
#487 = CARTESIAN_POINT ( 'NONE',  ( 0.1824175908642733700, 0.1393371599349919300, -0.4225382022223163600 ) ) ;
#488 = ORIENTED_EDGE ( 'NONE', *, *, #2026, .F. ) ;
#489 = VECTOR ( 'NONE', #173, 39.37007874015748900 ) ;
#490 = CARTESIAN_POINT ( 'NONE',  ( -0.03400450380185833500, 0.2402704403115165100, -0.4354888531207522000 ) ) ;
#491 = VERTEX_POINT ( 'NONE', #289 ) ;
#492 = CARTESIAN_POINT ( 'NONE',  ( -0.1541821560543659400, -0.1643891731053572800, -0.4180472502868953800 ) ) ;
#493 = CARTESIAN_POINT ( 'NONE',  ( -0.1732371201768790900, 0.1000184979677565100, -0.07371794871794844200 ) ) ;
#494 =( BOUNDED_CURVE ( )  B_SPLINE_CURVE ( 2, ( #1580, #161, #1443, #884, #2157, #1421, #1952, #863, #2306 ),
 .UNSPECIFIED., .F., .T. ) 
 B_SPLINE_CURVE_WITH_KNOTS ( ( 3, 2, 2, 2, 3 ),
 ( 0.1785714285714285800, 0.1904761904761904700, 0.2142857142857142700, 0.2380952380952380800, 0.2500000000000000000 ),
 .UNSPECIFIED. ) 
 CURVE ( )  GEOMETRIC_REPRESENTATION_ITEM ( )  RATIONAL_B_SPLINE_CURVE ( ( 0.9330127018922194100, 0.9330127018922194100, 1.000000000000000000, 0.8660254037844387100, 1.000000000000000000, 0.8660254037844387100, 1.000000000000000000, 0.9330127018922194100, 0.9330127018922194100 ) ) 
 REPRESENTATION_ITEM ( '' )  );
#495 = CARTESIAN_POINT ( 'NONE',  ( 0.02062671254514292200, 0.2305185905025957400, -0.02868530834285775900 ) ) ;
#496 = CARTESIAN_POINT ( 'NONE',  ( -0.2886751345948128700, -5.302876193624534000E-017, -0.4807692307692296700 ) ) ;
#497 = CARTESIAN_POINT ( 'NONE',  ( -0.2500000000000000600, 0.06698729810778028500, -0.1765121691337319400 ) ) ;
#498 = CARTESIAN_POINT ( 'NONE',  ( -0.5156250000000000000, 0.0000000000000000000, -0.4031250000000000100 ) ) ;
#499 = CARTESIAN_POINT ( 'NONE',  ( -0.2309413596089016100, -0.007189633326440167400, -0.4240663596089354100 ) ) ;
#500 = CARTESIAN_POINT ( 'NONE',  ( 0.0000000000000000000, 0.2000369959355133000, -0.08653846153846124500 ) ) ;
#501 = CARTESIAN_POINT ( 'NONE',  ( -0.2436398119912404300, 0.01526292055511711000, -0.01636018800875976800 ) ) ;
#502 = CARTESIAN_POINT ( 'NONE',  ( -0.1154914134512526100, -0.2000369959355133300, 0.02243589743589751200 ) ) ;
#503 = CARTESIAN_POINT ( 'NONE',  ( 0.1190776566290966100, 0.2170465357828985600, -0.4403980425519792300 ) ) ;
#504 = LINE ( 'NONE', #751, #187 ) ;
#505 = AXIS2_PLACEMENT_3D ( 'NONE', #1475, #910, #380 ) ;
#506 = CIRCLE ( 'NONE', #1808, 0.3750000000000001100 ) ;
#507 = CARTESIAN_POINT ( 'NONE',  ( 0.3750000000000002200, 0.1814913697929705400, -0.02338569465667290600 ) ) ;
#508 = EDGE_CURVE ( 'NONE', #2190, #82, #506, .T. ) ;
#509 = EDGE_CURVE ( 'NONE', #766, #1179, #60, .T. ) ;
#510 = VERTEX_POINT ( 'NONE', #1222 ) ;
#511 = CARTESIAN_POINT ( 'NONE',  ( -0.2165063509461094300, -0.1250000000000003900, -0.1762820512820508500 ) ) ;
#512 = ORIENTED_EDGE ( 'NONE', *, *, #755, .T. ) ;
#514 = EDGE_CURVE ( 'NONE', #2347, #1453, #814, .T. ) ;
#513 = DIRECTION ( 'NONE',  ( 0.0000000000000000000, 0.0000000000000000000, 1.000000000000000000 ) ) ;
#515 = ORIENTED_EDGE ( 'NONE', *, *, #384, .F. ) ;
#516 = CARTESIAN_POINT ( 'NONE',  ( -0.008575316918365162900, -0.2498528845936135700, -0.009999999999999943000 ) ) ;
#517 = CARTESIAN_POINT ( 'NONE',  ( -0.2304068335724429600, 0.07441977043059958000, -0.01835427307841835200 ) ) ;
#518 = CARTESIAN_POINT ( 'NONE',  ( 2.449746667834784500E-017, -0.2000369959355133000, -0.2788461538461531300 ) ) ;
#519 = ORIENTED_EDGE ( 'NONE', *, *, #628, .T. ) ;
#520 = ORIENTED_EDGE ( 'NONE', *, *, #439, .F. ) ;
#521 = CARTESIAN_POINT ( 'NONE',  ( -0.1443375672974061300, -0.2500000000000001700, -0.1698717948717944300 ) ) ;
#522 = CARTESIAN_POINT ( 'NONE',  ( 0.1732371201768790300, -0.1000184979677565900, -0.2660256410256403600 ) ) ;
#523 = CARTESIAN_POINT ( 'NONE',  ( -0.2183216848451633700, 0.1024675978549027700, -0.01931137784385825500 ) ) ;
#524 = DIRECTION ( 'NONE',  ( -0.7071067811865486800, 0.0000000000000000000, -0.7071067811865462400 ) ) ;
#525 = CARTESIAN_POINT ( 'NONE',  ( 0.2165063509461093700, 0.1250000000000004700, -0.2820512820512813800 ) ) ;
#526 = CARTESIAN_POINT ( 'NONE',  ( -0.2071546665152124700, -0.01449943991808601100, -0.05246587827927845500 ) ) ;
#527 = CARTESIAN_POINT ( 'NONE',  ( 0.0000000000000000000, 0.0000000000000000000, -0.009999999999999962000 ) ) ;
#528 = CARTESIAN_POINT ( 'NONE',  ( -0.1154914134512527900, 0.2000369959355132200, -0.3878205128205118900 ) ) ;
#529 = CARTESIAN_POINT ( 'NONE',  ( -0.1154914134512523000, -0.2000369959355134700, -0.3525641025641019200 ) ) ;
#530 = VECTOR ( 'NONE', #933, 39.37007874015748100 ) ;
#531 = FACE_OUTER_BOUND ( 'NONE', #627, .T. ) ;
#532 = PRODUCT_RELATED_PRODUCT_CATEGORY ( 'detail', '', ( #1716 ) ) ;
#533 = ORIENTED_EDGE ( 'NONE', *, *, #1289, .F. ) ;
#534 = CARTESIAN_POINT ( 'NONE',  ( -0.2165063509461100700, 0.1249999999999992800, -0.2564102564102557800 ) ) ;
#535 = AXIS2_PLACEMENT_3D ( 'NONE', #812, #80, #2090 ) ;
#536 = DIRECTION ( 'NONE',  ( -0.8660254037844386000, 0.4999999999999998300, 0.0000000000000000000 ) ) ;
#537 = ORIENTED_EDGE ( 'NONE', *, *, #1001, .F. ) ;
#538 = CARTESIAN_POINT ( 'NONE',  ( -0.3750000000000001100, 0.07359271505753843500, -0.003878414234829161500 ) ) ;
#539 = CARTESIAN_POINT ( 'NONE',  ( -0.1732371201768789500, -0.1000184979677567300, -0.2916666666666659100 ) ) ;
#540 = CARTESIAN_POINT ( 'NONE',  ( -0.2500000000000000600, -1.143744474604565800E-016, -0.3365384615384608400 ) ) ;
#541 = ORIENTED_EDGE ( 'NONE', *, *, #1789, .F. ) ;
#542 = CARTESIAN_POINT ( 'NONE',  ( -0.2165063509461095700, -0.1250000000000001100, -0.4839743589743578700 ) ) ;
#543 = CARTESIAN_POINT ( 'NONE',  ( 0.03067253151033675500, 0.4153039075679991800, -0.02326947188376292000 ) ) ;
#544 = ORIENTED_EDGE ( 'NONE', *, *, #177, .T. ) ;
#545 = FACE_BOUND ( 'NONE', #559, .T. ) ;
#546 = EDGE_CURVE ( 'NONE', #2049, #1172, #476, .T. ) ;
#547 = ORIENTED_EDGE ( 'NONE', *, *, #1862, .F. ) ;
#548 = CARTESIAN_POINT ( 'NONE',  ( -0.1492926753707309300, -0.1759868188678130300, -0.02968051765399987200 ) ) ;
#549 = CARTESIAN_POINT ( 'NONE',  ( -0.1732371201768788100, -0.1000184979677569600, -0.2051282051282047000 ) ) ;
#550 = CARTESIAN_POINT ( 'NONE',  ( -0.1443375672974065700, 0.2499999999999999400, -0.4262820512820503800 ) ) ;
#551 = EDGE_CURVE ( 'NONE', #1179, #974, #1660, .T. ) ;
#552 = DIRECTION ( 'NONE',  ( -1.000000000000000000, 0.0000000000000000000, 0.0000000000000000000 ) ) ;
#553 = CARTESIAN_POINT ( 'NONE',  ( 4.778244192548683500E-016, -0.2000369959355133000, -0.1923076923076919000 ) ) ;
#554 = CARTESIAN_POINT ( 'NONE',  ( -6.123233995736766000E-017, 0.2500000000000000000, -0.03846153846153831100 ) ) ;
#555 = CARTESIAN_POINT ( 'NONE',  ( -0.2499999999999997500, -0.06698729810778153400, -0.4004109077893437400 ) ) ;
#556 = CARTESIAN_POINT ( 'NONE',  ( 0.2000369959355133000, 0.0000000000000000000, -1.160231781186547700 ) ) ;
#557 = CIRCLE ( 'NONE', #1121, 0.2500000000000000000 ) ;
#558 =( BOUNDED_CURVE ( )  B_SPLINE_CURVE ( 2, ( #1485, #1302, #386, #30, #397, #1663, #1497, #1874, #1138 ),
 .UNSPECIFIED., .F., .F. ) 
 B_SPLINE_CURVE_WITH_KNOTS ( ( 3, 2, 2, 2, 3 ),
 ( 0.1785714285714285800, 0.1904761904761904700, 0.2142857142857142700, 0.2380952380952380800, 0.2500000000000000000 ),
 .UNSPECIFIED. ) 
 CURVE ( )  GEOMETRIC_REPRESENTATION_ITEM ( )  RATIONAL_B_SPLINE_CURVE ( ( 0.9330127018922194100, 0.9330127018922194100, 1.000000000000000000, 0.8660254037844387100, 1.000000000000000000, 0.8660254037844387100, 1.000000000000000000, 0.9330127018922194100, 0.9330127018922194100 ) ) 
 REPRESENTATION_ITEM ( '' )  );
#559 = EDGE_LOOP ( 'NONE', ( #709, #369 ) ) ;
#560 = CARTESIAN_POINT ( 'NONE',  ( 0.0000000000000000000, 0.2500000000000000000, 0.02884615384615383700 ) ) ;
#561 =( BOUNDED_CURVE ( )  B_SPLINE_CURVE ( 2, ( #2222, #2042, #1309, #2037, #956, #936, #582, #29, #2214 ),
 .UNSPECIFIED., .F., .T. ) 
 B_SPLINE_CURVE_WITH_KNOTS ( ( 3, 2, 2, 2, 3 ),
 ( 0.4642857142857143000, 0.4761904761904761600, 0.5000000000000000000, 0.5238095238095238400, 0.5357142857142858100 ),
 .UNSPECIFIED. ) 
 CURVE ( )  GEOMETRIC_REPRESENTATION_ITEM ( )  RATIONAL_B_SPLINE_CURVE ( ( 0.9330127018922194100, 0.9330127018922195200, 1.000000000000000000, 0.8660254037844387100, 1.000000000000000000, 0.8660254037844387100, 1.000000000000000000, 0.9330127018922189700, 0.9330127018922193000 ) ) 
 REPRESENTATION_ITEM ( '' )  );
#562 =( BOUNDED_CURVE ( )  B_SPLINE_CURVE ( 2, ( #961, #2064, #50, #944, #2210, #238, #2239 ),
 .UNSPECIFIED., .F., .F. ) 
 B_SPLINE_CURVE_WITH_KNOTS ( ( 3, 2, 2, 3 ),
 ( 0.8214285714285715100, 0.8333333333333333700, 0.8571428571428571000, 0.8761979723773127800 ),
 .UNSPECIFIED. ) 
 CURVE ( )  GEOMETRIC_REPRESENTATION_ITEM ( )  RATIONAL_B_SPLINE_CURVE ( ( 0.9330127018922193000, 0.9330127018922196300, 1.000000000000000000, 0.8660254037844387100, 1.000000000000000000, 0.8927781424861580600, 0.9571787724209222000 ) ) 
 REPRESENTATION_ITEM ( '' )  );
#563 = CARTESIAN_POINT ( 'NONE',  ( 0.2165063509461096500, 0.1250000000000000300, -0.4455128205128194900 ) ) ;
#564 = ORIENTED_EDGE ( 'NONE', *, *, #1420, .T. ) ;
#565 = EDGE_LOOP ( 'NONE', ( #365, #2321, #485, #520, #219 ) ) ;
#566 = CARTESIAN_POINT ( 'NONE',  ( -0.1732371201768790900, 0.1000184979677565100, -0.1506410256410251900 ) ) ;
#567 = CARTESIAN_POINT ( 'NONE',  ( 0.1732371201768789500, 0.1000184979677567300, -0.08974358974358955000 ) ) ;
#568 = ORIENTED_EDGE ( 'NONE', *, *, #469, .F. ) ;
#569 = PLANE ( 'NONE',  #1584 ) ;
#570 = CARTESIAN_POINT ( 'NONE',  ( -0.2165063509461097600, 0.1249999999999998100, -0.03525641025641012400 ) ) ;
#571 = ORIENTED_EDGE ( 'NONE', *, *, #348, .F. ) ;
#572 = CYLINDRICAL_SURFACE ( 'NONE', #1239, 0.2000369959355133000 ) ;
#573 = CARTESIAN_POINT ( 'NONE',  ( 0.2494914749921315900, -0.01593750000001815600, -0.4431250000000000500 ) ) ;
#574 = CARTESIAN_POINT ( 'NONE',  ( 0.0000000000000000000, 0.0000000000000000000, 0.0000000000000000000 ) ) ;
#575 = CARTESIAN_POINT ( 'NONE',  ( -0.2194444540394059600, 0.3063163872803980600, 2.008868690653506200E-016 ) ) ;
#576 = CARTESIAN_POINT ( 'NONE',  ( 0.2000369959355133300, 6.862466847627395900E-017, -0.3269230769230762600 ) ) ;
#577 = CARTESIAN_POINT ( 'NONE',  ( -0.1443375672974063500, -0.2500000000000001100, -0.01602564102564093700 ) ) ;
#578 = CARTESIAN_POINT ( 'NONE',  ( 0.0000000000000000000, 0.0000000000000000000, -1.160231781186547700 ) ) ;
#579 = CARTESIAN_POINT ( 'NONE',  ( 0.1555555459605940700, 0.3432026655579312700, 2.243636877609028600E-016 ) ) ;
#580 = APPROVAL_STATUS ( 'not_yet_approved' ) ;
#581 = EDGE_CURVE ( 'NONE', #82, #1480, #117, .T. ) ;
#582 = CARTESIAN_POINT ( 'NONE',  ( -0.2165063509461094000, -0.1250000000000004400, -0.2435897435897430000 ) ) ;
#583 = CARTESIAN_POINT ( 'NONE',  ( -0.2000369959355133000, 4.574977898418263200E-018, -0.2115384615384611500 ) ) ;
#584 = CARTESIAN_POINT ( 'NONE',  ( 3.061616997868383000E-017, -0.2500000000000000000, -0.2403846153846148400 ) ) ;
#585 = CARTESIAN_POINT ( 'NONE',  ( 0.01409944466672549200, -0.2078755865823038500, -0.05194633466928554700 ) ) ;
#586 = FACE_OUTER_BOUND ( 'NONE', #1230, .T. ) ;
#587 = DIRECTION ( 'NONE',  ( 0.0000000000000000000, 0.0000000000000000000, -1.000000000000000000 ) ) ;
#588 = EDGE_CURVE ( 'NONE', #2078, #630, #1134, .T. ) ;
#589 = DIRECTION ( 'NONE',  ( 1.000000000000000000, 0.0000000000000000000, 0.0000000000000000000 ) ) ;
#590 = DIRECTION ( 'NONE',  ( 0.0000000000000000000, 0.0000000000000000000, -1.000000000000000000 ) ) ;
#591 = ORIENTED_EDGE ( 'NONE', *, *, #588, .T. ) ;
#592 = DIRECTION ( 'NONE',  ( 1.000000000000000000, 0.0000000000000000000, 0.0000000000000000000 ) ) ;
#593 = B_SPLINE_CURVE_WITH_KNOTS ( 'NONE', 3,
 ( #1186, #1182, #2093, #1007, #421, #1693, #1877, #973, #283, #1162 ),
 .UNSPECIFIED., .F., .F.,
 ( 4, 2, 2, 2, 4 ),
 ( 0.0000000000000000000, 0.001133103741058323500, 0.002266207482116646200, 0.003399311223174968400, 0.004532414964233291500 ),
 .UNSPECIFIED. ) ;
#594 = CARTESIAN_POINT ( 'NONE',  ( 0.1443375672974064100, 0.2500000000000000000, -0.2083333333333328700 ) ) ;
#595 = VERTEX_POINT ( 'NONE', #1867 ) ;
#596 = CARTESIAN_POINT ( 'NONE',  ( 0.2491876478235991700, -0.01058548839953461600, -0.4424806001067895200 ) ) ;
#597 = CARTESIAN_POINT ( 'NONE',  ( -0.1874999999999999700, 0.3247595264191646100, 0.0000000000000000000 ) ) ;
#598 = VERTEX_POINT ( 'NONE', #423 ) ;
#599 = APPROVAL_ROLE ( '' ) ;
#600 = VERTEX_POINT ( 'NONE', #32 ) ;
#601 = DIRECTION ( 'NONE',  ( -0.0000000000000000000, -0.0000000000000000000, -1.000000000000000000 ) ) ;
#602 = DIRECTION ( 'NONE',  ( 0.0000000000000000000, 0.0000000000000000000, 1.000000000000000000 ) ) ;
#603 = ORIENTED_EDGE ( 'NONE', *, *, #1786, .T. ) ;
#604 = CARTESIAN_POINT ( 'NONE',  ( 0.0000000000000000000, 0.2000369959355133000, 4.268512490100411300E-018 ) ) ;
#605 = CARTESIAN_POINT ( 'NONE',  ( -0.1025526121022387500, -0.1771918338374765800, -0.05649623995081011500 ) ) ;
#606 = CARTESIAN_POINT ( 'NONE',  ( 0.1154914134512527400, -0.2000369959355132500, -0.3493589743589735100 ) ) ;
#607 =( NAMED_UNIT ( * ) PLANE_ANGLE_UNIT ( ) SI_UNIT ( $, .RADIAN. ) );
#608 = CARTESIAN_POINT ( 'NONE',  ( -0.2008115481224734000, 0.02379116367886625500, -0.05814946935099867000 ) ) ;
#609 = CARTESIAN_POINT ( 'NONE',  ( 0.2500000000000000000, 1.555492485462209300E-016, -0.1442307692307689100 ) ) ;
#610 = CARTESIAN_POINT ( 'NONE',  ( 0.1874999999999999700, 0.3247595264191646100, 0.0000000000000000000 ) ) ;
#611 = CARTESIAN_POINT ( 'NONE',  ( -0.1443375672974065700, 0.2499999999999999400, -0.2628205128205121600 ) ) ;
#612 = CARTESIAN_POINT ( 'NONE',  ( 0.1154914134512523300, 0.2000369959355134700, -0.3141025641025634900 ) ) ;
#613 = CARTESIAN_POINT ( 'NONE',  ( 0.3750000000000001100, 0.0000000000000000000, 0.0000000000000000000 ) ) ;
#614 = B_SPLINE_CURVE_WITH_KNOTS ( 'NONE', 3,
 ( #1268, #909, #1511, #390, #753, #1141, #2039, #1316 ),
 .UNSPECIFIED., .F., .F.,
 ( 4, 2, 2, 4 ),
 ( 0.005564589980275973200, 0.006950476802621083900, 0.008336363624966192800, 0.01110813726965641400 ),
 .UNSPECIFIED. ) ;
#615 = CARTESIAN_POINT ( 'NONE',  ( 0.0000000000000000000, 0.2000369959355133000, -0.1538461538461535200 ) ) ;
#616 = CARTESIAN_POINT ( 'NONE',  ( 0.2193963963414789500, 0.3063441334052327500, -0.0007916646988955471000 ) ) ;
#617 = CARTESIAN_POINT ( 'NONE',  ( 0.2886751345948128700, 1.767625397874844800E-017, -0.05769230769230751500 ) ) ;
#618 = DIRECTION ( 'NONE',  ( -1.000000000000000000, 0.0000000000000000000, 0.0000000000000000000 ) ) ;
#619 = CYLINDRICAL_SURFACE ( 'NONE', #169, 0.2000369959355133000 ) ;
#620 = ORIENTED_EDGE ( 'NONE', *, *, #1735, .F. ) ;
#621 = ORIENTED_EDGE ( 'NONE', *, *, #2146, .F. ) ;
#622 = CARTESIAN_POINT ( 'NONE',  ( 0.2500000000000000600, 8.234960217152874200E-017, -0.2980769230769224600 ) ) ;
#623 = CARTESIAN_POINT ( 'NONE',  ( 0.0000000000000000000, 0.2000369959355133000, -0.07692307692307676100 ) ) ;
#624 = EDGE_LOOP ( 'NONE', ( #2266, #2303, #1644, #1568 ) ) ;
#625 = APPROVAL_DATE_TIME ( #1311, #165 ) ;
#626 = CARTESIAN_POINT ( 'NONE',  ( 0.2165063509461096800, -0.1249999999999999400, -0.2179487179487174000 ) ) ;
#627 = EDGE_LOOP ( 'NONE', ( #1091, #1038, #1991 ) ) ;
#628 = EDGE_CURVE ( 'NONE', #1145, #1529, #320, .T. ) ;
#629 = EDGE_CURVE ( 'NONE', #595, #341, #758, .T. ) ;
#630 = VERTEX_POINT ( 'NONE', #1889 ) ;
#631 = CARTESIAN_POINT ( 'NONE',  ( -0.2499999999999999200, -2.058740054288218500E-016, -0.1057692307692304800 ) ) ;
#632 = CARTESIAN_POINT ( 'NONE',  ( 0.1443375672974060400, 0.2500000000000002200, -0.2852564102564096300 ) ) ;
#633 = DIRECTION ( 'NONE',  ( 0.0000000000000000000, 0.0000000000000000000, -1.000000000000000000 ) ) ;
#634 = EDGE_CURVE ( 'NONE', #1254, #438, #2082, .T. ) ;
#635 = ADVANCED_FACE ( 'NONE', ( #1333 ), #2234, .T. ) ;
#636 = CARTESIAN_POINT ( 'NONE',  ( -0.2165063509461095700, -0.1250000000000001100, -0.1666666666666662400 ) ) ;
#637 = CARTESIAN_POINT ( 'NONE',  ( -0.2343237757238918500, -0.07757234168141011200, -0.01329613053142523700 ) ) ;
#638 =( BOUNDED_SURFACE ( )  B_SPLINE_SURFACE ( 1, 2, ( 
 ( #57, #1361, #1711, #243, #795, #997, #1699, #819, #1183, #2278, #277, #1165, #64, #462, #1017, #617, #1737, #643, #2069, #2095, #446, #2269, #811, #1517, #1198, #2104, #270, #2262, #1010, #2088, #1351, #1725, #636, #79, #1187, #1916, #92, #1895, #1374, #1549, #626, #2253, #1922, #830, #100, #436, #805, #611, #1535, #2076, #1887, #1904, #988, #982, #2245, #252, #444, #1177, #70, #1356, #262, #1576, #1749, #2299, #486, #1046, #1237, #1208, #1591, #652, #1927, #2144, #870, #845, #662, #475, #1213, #285, #1581, #864, #2312, #496, #2135, #839, #125 ),
 ( #1036, #1764, #677, #1777, #1556, #1953, #1219, #502, #2113, #854, #119, #470, #1053, #687, #1383, #2307, #1023, #321, #2285, #1758, #109, #2293, #1388, #295, #1785, #1566, #1413, #1936, #2122, #1405, #1395, #303, #671, #1228, #131, #1946, #2129, #312, #1959, #1060, #1260, #1608, #142, #695, #894, #1599, #716, #1080, #2181, #170, #1069, #2320, #358, #906, #518, #1633, #539, #1967, #1987, #343, #2175, #706, #1422, #1096, #1995, #162, #2167, #899, #1983, #1245, #1623, #528, #2333, #1089, #1444, #350, #1795, #1266, #329, #1811, #1615, #2158, #2338, #1449, #1817 ) ),
 .UNSPECIFIED., .F., .F., .F. ) 
 B_SPLINE_SURFACE_WITH_KNOTS ( ( 2, 2 ),
 ( 3, 2, 2, 2, 2, 2, 2, 2, 2, 2, 2, 2, 2, 2, 2, 2, 2, 2, 2, 2, 2, 2, 2, 2, 2, 2, 2, 2, 2, 2, 2, 2, 2, 2, 2, 2, 2, 2, 2, 2, 2, 2, 3 ),
 ( 0.0000000000000000000, 1.000000000000000000 ),
 ( 0.0000000000000000000, 0.02380952380952380800, 0.04761904761904761600, 0.07142857142857142500, 0.09523809523809523300, 0.1190476190476190400, 0.1428571428571428500, 0.1666666666666666600, 0.1904761904761904700, 0.2142857142857142700, 0.2380952380952380800, 0.2619047619047619200, 0.2857142857142857000, 0.3095238095238095300, 0.3333333333333333100, 0.3571428571428571500, 0.3809523809523809300, 0.4047619047619047700, 0.4285714285714285500, 0.4523809523809523800, 0.4761904761904761600, 0.5000000000000000000, 0.5238095238095238400, 0.5476190476190476700, 0.5714285714285714000, 0.5952380952380952300, 0.6190476190476190700, 0.6428571428571429000, 0.6666666666666666300, 0.6904761904761904700, 0.7142857142857143000, 0.7380952380952381400, 0.7619047619047618600, 0.7857142857142857000, 0.8095238095238095300, 0.8333333333333333700, 0.8571428571428571000, 0.8809523809523809300, 0.9047619047619047700, 0.9285714285714286000, 0.9523809523809523300, 0.9761904761904761600, 1.000000000000000000 ),
 .UNSPECIFIED. ) 
 GEOMETRIC_REPRESENTATION_ITEM ( )  RATIONAL_B_SPLINE_SURFACE ( (
 ( 1.000000000000000000, 0.8660254037844387100, 1.000000000000000000, 0.8660254037844387100, 1.000000000000000000, 0.8660254037844387100, 1.000000000000000000, 0.8660254037844387100, 1.000000000000000000, 0.8660254037844387100, 1.000000000000000000, 0.8660254037844387100, 1.000000000000000000, 0.8660254037844387100, 1.000000000000000000, 0.8660254037844387100, 1.000000000000000000, 0.8660254037844387100, 1.000000000000000000, 0.8660254037844387100, 1.000000000000000000, 0.8660254037844387100, 1.000000000000000000, 0.8660254037844387100, 1.000000000000000000, 0.8660254037844387100, 1.000000000000000000, 0.8660254037844387100, 1.000000000000000000, 0.8660254037844387100, 1.000000000000000000, 0.8660254037844387100, 1.000000000000000000, 0.8660254037844387100, 1.000000000000000000, 0.8660254037844387100, 1.000000000000000000, 0.8660254037844387100, 1.000000000000000000, 0.8660254037844387100, 1.000000000000000000, 0.8660254037844387100, 1.000000000000000000, 0.8660254037844387100, 1.000000000000000000, 0.8660254037844387100, 1.000000000000000000, 0.8660254037844387100, 1.000000000000000000, 0.8660254037844387100, 1.000000000000000000, 0.8660254037844387100, 1.000000000000000000, 0.8660254037844387100, 1.000000000000000000, 0.8660254037844387100, 1.000000000000000000, 0.8660254037844387100, 1.000000000000000000, 0.8660254037844387100, 1.000000000000000000, 0.8660254037844387100, 1.000000000000000000, 0.8660254037844387100, 1.000000000000000000, 0.8660254037844387100, 1.000000000000000000, 0.8660254037844387100, 1.000000000000000000, 0.8660254037844387100, 1.000000000000000000, 0.8660254037844387100, 1.000000000000000000, 0.8660254037844387100, 1.000000000000000000, 0.8660254037844387100, 1.000000000000000000, 0.8660254037844387100, 1.000000000000000000, 0.8660254037844387100, 1.000000000000000000, 0.8660254037844387100, 1.000000000000000000, 0.8660254037844387100, 1.000000000000000000),
 ( 1.000000000000000000, 0.8660254037844387100, 1.000000000000000000, 0.8660254037844387100, 1.000000000000000000, 0.8660254037844387100, 1.000000000000000000, 0.8660254037844387100, 1.000000000000000000, 0.8660254037844387100, 1.000000000000000000, 0.8660254037844387100, 1.000000000000000000, 0.8660254037844387100, 1.000000000000000000, 0.8660254037844387100, 1.000000000000000000, 0.8660254037844387100, 1.000000000000000000, 0.8660254037844387100, 1.000000000000000000, 0.8660254037844387100, 1.000000000000000000, 0.8660254037844387100, 1.000000000000000000, 0.8660254037844387100, 1.000000000000000000, 0.8660254037844387100, 1.000000000000000000, 0.8660254037844387100, 1.000000000000000000, 0.8660254037844387100, 1.000000000000000000, 0.8660254037844387100, 1.000000000000000000, 0.8660254037844387100, 1.000000000000000000, 0.8660254037844387100, 1.000000000000000000, 0.8660254037844387100, 1.000000000000000000, 0.8660254037844387100, 1.000000000000000000, 0.8660254037844387100, 1.000000000000000000, 0.8660254037844387100, 1.000000000000000000, 0.8660254037844387100, 1.000000000000000000, 0.8660254037844387100, 1.000000000000000000, 0.8660254037844387100, 1.000000000000000000, 0.8660254037844387100, 1.000000000000000000, 0.8660254037844387100, 1.000000000000000000, 0.8660254037844387100, 1.000000000000000000, 0.8660254037844387100, 1.000000000000000000, 0.8660254037844387100, 1.000000000000000000, 0.8660254037844387100, 1.000000000000000000, 0.8660254037844387100, 1.000000000000000000, 0.8660254037844387100, 1.000000000000000000, 0.8660254037844387100, 1.000000000000000000, 0.8660254037844387100, 1.000000000000000000, 0.8660254037844387100, 1.000000000000000000, 0.8660254037844387100, 1.000000000000000000, 0.8660254037844387100, 1.000000000000000000, 0.8660254037844387100, 1.000000000000000000, 0.8660254037844387100, 1.000000000000000000, 0.8660254037844387100, 1.000000000000000000) ) ) 
 REPRESENTATION_ITEM ( '' )  SURFACE ( )  );
#639 = DIRECTION ( 'NONE',  ( 0.0000000000000000000, 0.0000000000000000000, 1.000000000000000000 ) ) ;
#640 = ADVANCED_FACE ( 'NONE', ( #159 ), #786, .F. ) ;
#641 = CARTESIAN_POINT ( 'NONE',  ( 0.1154914134512527400, -0.2000369959355132500, -0.2628205128205122800 ) ) ;
#642 = CARTESIAN_POINT ( 'NONE',  ( 0.2165063509461098200, -0.1249999999999997400, -0.1410256410256406400 ) ) ;
#643 = CARTESIAN_POINT ( 'NONE',  ( 0.1443375672974065700, -0.2499999999999999400, -0.07051282051282029000 ) ) ;
#644 = DIRECTION ( 'NONE',  ( -0.0000000000000000000, -0.0000000000000000000, -1.000000000000000000 ) ) ;
#645 = VECTOR ( 'NONE', #1666, 39.37007874015748100 ) ;
#646 = CARTESIAN_POINT ( 'NONE',  ( 0.1977483624347633800, -0.07083855899486293800, -0.4026842397732249800 ) ) ;
#647 = ADVANCED_FACE ( 'NONE', ( #1872 ), #2264, .T. ) ;
#648 = CARTESIAN_POINT ( 'NONE',  ( 0.0000000000000000000, 0.2000369959355133000, -0.3076923076923070400 ) ) ;
#649 = ORIENTED_EDGE ( 'NONE', *, *, #2179, .T. ) ;
#650 = CARTESIAN_POINT ( 'NONE',  ( -0.2500000000000000600, -0.06698729810778092400, -0.1696416770201134300 ) ) ;
#651 = DIRECTION ( 'NONE',  ( -0.5000000000000003300, -0.8660254037844386000, 0.0000000000000000000 ) ) ;
#652 = CARTESIAN_POINT ( 'NONE',  ( -0.2886751345948128700, -5.302876193624534000E-017, -0.4038461538461529100 ) ) ;
#653 = EDGE_LOOP ( 'NONE', ( #1628, #1458, #1805, #1538, #1339, #1201, #427, #2019, #1003, #1942, #18, #924, #1709, #2272, #1603, #399, #1136, #1618, #1461, #1234, #2054, #1652, #1648, #764, #2161, #1232 ) ) ;
#654 = CARTESIAN_POINT ( 'NONE',  ( -0.2000369959355133000, 2.449746667834783900E-017, -1.160231781186547700 ) ) ;
#655 = CARTESIAN_POINT ( 'NONE',  ( 0.08545572746475364700, 0.2310853081852861900, -0.4392036124528934700 ) ) ;
#656 = AXIS2_PLACEMENT_3D ( 'NONE', #2325, #332, #1218 ) ;
#657 = ORIENTED_EDGE ( 'NONE', *, *, #1446, .F. ) ;
#658 = CC_DESIGN_SECURITY_CLASSIFICATION ( #2170, ( #1151 ) ) ;
#659 = CARTESIAN_POINT ( 'NONE',  ( 0.04735752507797974500, -0.2126491754318712600, -0.4105065174616855900 ) ) ;
#660 = ORIENTED_EDGE ( 'NONE', *, *, #2057, .F. ) ;
#661 = CARTESIAN_POINT ( 'NONE',  ( -0.1732371201768790900, 0.1000184979677565100, -0.2948717948717942700 ) ) ;
#662 = CARTESIAN_POINT ( 'NONE',  ( 0.2165063509461096500, 0.1250000000000000300, -0.4358974358974349000 ) ) ;
#663 = EDGE_LOOP ( 'NONE', ( #1770, #1781, #440, #1113, #166 ) ) ;
#664 = CARTESIAN_POINT ( 'NONE',  ( 0.1878743740021403800, 0.1335428768713641200, -0.4234931085274965500 ) ) ;
#665 = ADVANCED_FACE ( 'NONE', ( #849 ), #1527, .F. ) ;
#666 = CARTESIAN_POINT ( 'NONE',  ( -0.1620195294907646500, 0.1753757759602786200, -0.4306490525930733400 ) ) ;
#667 = CARTESIAN_POINT ( 'NONE',  ( -0.04536518101287798800, -0.2159387027376210600, -0.4136602425682678300 ) ) ;
#668 = B_SPLINE_CURVE_WITH_KNOTS ( 'NONE', 3,
 ( #2118, #1032, #2107, #1931, #1192, #1782 ),
 .UNSPECIFIED., .F., .F.,
 ( 4, 2, 4 ),
 ( 2.380730676605164200E-007, 0.002782414026671815300, 0.005564589980275973200 ),
 .UNSPECIFIED. ) ;
#669 = CARTESIAN_POINT ( 'NONE',  ( 0.2500000000000000000, -5.672972594038645900E-016, -0.4423076923076913500 ) ) ;
#670 = EDGE_CURVE ( 'NONE', #111, #1507, #992, .T. ) ;
#671 = CARTESIAN_POINT ( 'NONE',  ( -0.1732371201768789500, -0.1000184979677567300, -0.1378205128205124100 ) ) ;
#672 = DIRECTION ( 'NONE',  ( -0.0000000000000000000, -0.0000000000000000000, -1.000000000000000000 ) ) ;
#673 = CARTESIAN_POINT ( 'NONE',  ( 0.03842478288736073100, 0.2418045003087053700, -0.4376629685262144500 ) ) ;
#674 = CARTESIAN_POINT ( 'NONE',  ( -0.1878106442923176400, -0.1270260100563193300, -0.4197470058818013600 ) ) ;
#675 = CARTESIAN_POINT ( 'NONE',  ( -0.2500000000000000600, -5.901721488959560200E-016, -0.4134615384615376000 ) ) ;
#676 = CARTESIAN_POINT ( 'NONE',  ( -0.1842837668638713800, 0.1527114585457436400, -0.02114641897054990400 ) ) ;
#677 = CARTESIAN_POINT ( 'NONE',  ( 0.1732371201768789800, 0.1000184979677566600, 0.05448717948717949500 ) ) ;
#678 = EDGE_CURVE ( 'NONE', #1176, #73, #802, .T. ) ;
#679 = DIRECTION ( 'NONE',  ( 0.0000000000000000000, 0.0000000000000000000, 1.000000000000000000 ) ) ;
#680 = ORIENTED_EDGE ( 'NONE', *, *, #1980, .T. ) ;
#681 = CARTESIAN_POINT ( 'NONE',  ( 0.0000000000000000000, 0.0000000000000000000, -1.160231781186547700 ) ) ;
#682 = ORIENTED_EDGE ( 'NONE', *, *, #629, .F. ) ;
#683 = CARTESIAN_POINT ( 'NONE',  ( -0.2165063509461093700, -0.1250000000000005000, -0.3205128205128197600 ) ) ;
#684 = DIRECTION ( 'NONE',  ( 0.0000000000000000000, 0.0000000000000000000, -1.000000000000000000 ) ) ;
#685 = ORIENTED_EDGE ( 'NONE', *, *, #1786, .F. ) ;
#686 = DIRECTION ( 'NONE',  ( 0.0000000000000000000, 0.0000000000000000000, 1.000000000000000000 ) ) ;
#687 = CARTESIAN_POINT ( 'NONE',  ( 0.1154914134512526300, 0.2000369959355133000, -0.01602564102564086800 ) ) ;
#688 = ORIENTED_EDGE ( 'NONE', *, *, #464, .T. ) ;
#689 = CARTESIAN_POINT ( 'NONE',  ( 0.2494914749921315900, -0.01593750000001815600, -0.4431250000000000500 ) ) ;
#690 = VERTEX_POINT ( 'NONE', #1166 ) ;
#691 = CONICAL_SURFACE ( 'NONE', #1270, 0.2600000000000000100, 0.7853981633974500600 ) ;
#692 = ORIENTED_EDGE ( 'NONE', *, *, #1404, .T. ) ;
#693 = DIRECTION ( 'NONE',  ( 1.000000000000000000, 0.0000000000000000000, 0.0000000000000000000 ) ) ;
#694 = CARTESIAN_POINT ( 'NONE',  ( -0.2500000000000000600, 4.574977898418264200E-017, -0.01923076923076913100 ) ) ;
#695 = CARTESIAN_POINT ( 'NONE',  ( -0.1154914134512526100, -0.2000369959355133300, -0.2083333333333327600 ) ) ;
#696 = CARTESIAN_POINT ( 'NONE',  ( -0.2500000000000000600, 4.574977898418264200E-017, -0.02884615384615374400 ) ) ;
#697 = CARTESIAN_POINT ( 'NONE',  ( -0.1154914134512527900, 0.2000369959355132200, -0.3108974358974351300 ) ) ;
#698 = CARTESIAN_POINT ( 'NONE',  ( -0.2441479268041642500, -2.708386915863612200E-015, -0.01585207319583580700 ) ) ;
#699 = DIRECTION ( 'NONE',  ( 0.0000000000000000000, 0.0000000000000000000, 1.000000000000000000 ) ) ;
#700 = PRODUCT_DEFINITION ( 'UNKNOWN', '', #1151, #1602 ) ;
#701 = DIRECTION ( 'NONE',  ( 1.000000000000000000, 0.0000000000000000000, 0.0000000000000000000 ) ) ;
#702 = AXIS2_PLACEMENT_3D ( 'NONE', #1335, #590, #1864 ) ;
#703 = VECTOR ( 'NONE', #315, 39.37007874015748100 ) ;
#704 = DIRECTION ( 'NONE',  ( 0.4999999999999998900, 0.8660254037844387100, -0.0000000000000000000 ) ) ;
#705 = CARTESIAN_POINT ( 'NONE',  ( -0.02478312862666846500, 0.2318910996993632000, -0.02727885562823374000 ) ) ;
#706 = CARTESIAN_POINT ( 'NONE',  ( 0.1154914134512526300, 0.2000369959355133000, -0.3237179487179479600 ) ) ;
#707 = EDGE_CURVE ( 'NONE', #1907, #1031, #1769, .T. ) ;
#708 = EDGE_LOOP ( 'NONE', ( #712, #1796, #1738 ) ) ;
#709 = ORIENTED_EDGE ( 'NONE', *, *, #1009, .F. ) ;
#711 = EDGE_CURVE ( 'NONE', #1914, #322, #448, .T. ) ;
#710 = CARTESIAN_POINT ( 'NONE',  ( 0.2165063509461100900, -0.1249999999999992500, -0.2948717948717941600 ) ) ;
#712 = ORIENTED_EDGE ( 'NONE', *, *, #634, .F. ) ;
#713 = CALENDAR_DATE ( 2021, 11, 7 ) ;
#714 = PLANE ( 'NONE',  #1029 ) ;
#715 = CARTESIAN_POINT ( 'NONE',  ( -0.2000369959355133600, 0.05359975151726842400, -0.1380506306721936100 ) ) ;
#716 = CARTESIAN_POINT ( 'NONE',  ( -0.1732371201768790900, 0.1000184979677565100, -0.2275641025641019500 ) ) ;
#717 = ORIENTED_EDGE ( 'NONE', *, *, #2098, .T. ) ;
#718 = CIRCLE ( 'NONE', #1520, 0.5156250000000000000 ) ;
#719 = CARTESIAN_POINT ( 'NONE',  ( 0.1443375672974062100, 0.2500000000000000600, -0.04487179487179470500 ) ) ;
#720 = CARTESIAN_POINT ( 'NONE',  ( 0.2165063509461096800, -0.1249999999999999400, -0.4583333333333323200 ) ) ;
#721 = VECTOR ( 'NONE', #2218, 39.37007874015748100 ) ;
#722 = CARTESIAN_POINT ( 'NONE',  ( -0.08532788121212460400, -0.2251014655731057300, -0.01938032242038750100 ) ) ;
#723 = CARTESIAN_POINT ( 'NONE',  ( 0.0000000000000000000, 0.0000000000000000000, 0.0000000000000000000 ) ) ;
#724 = CARTESIAN_POINT ( 'NONE',  ( 0.1443375672974066300, -0.2499999999999998600, -0.3782051282051273600 ) ) ;
#725 = CARTESIAN_POINT ( 'NONE',  ( 0.2500000000000000000, 1.555492485462209300E-016, -0.1442307692307689100 ) ) ;
#726 = CARTESIAN_POINT ( 'NONE',  ( 0.1732371201768789800, 0.1000184979677566600, -0.09935897435897402000 ) ) ;
#727 = CARTESIAN_POINT ( 'NONE',  ( -0.2000369959355132500, 0.05359975151726870100, -0.3784352460568083900 ) ) ;
#728 = PLANE ( 'NONE',  #239 ) ;
#729 = CARTESIAN_POINT ( 'NONE',  ( 0.2500000000000000000, 0.06698729810778103500, -0.1311801385585750200 ) ) ;
#730 = CARTESIAN_POINT ( 'NONE',  ( -0.2165063509461097600, 0.1249999999999998100, -0.4198717948717939400 ) ) ;
#731 = CYLINDRICAL_SURFACE ( 'NONE', #794, 0.2500000000000000000 ) ;
#732 = CARTESIAN_POINT ( 'NONE',  ( -0.2600000000000000100, 3.184081677783118700E-017, 0.0000000000000000000 ) ) ;
#733 = LINE ( 'NONE', #654, #1109 ) ;
#734 = EDGE_LOOP ( 'NONE', ( #1428, #1373, #512, #338 ) ) ;
#735 = CARTESIAN_POINT ( 'NONE',  ( -0.2165063509461100900, 0.1249999999999992100, -0.3429487179487171700 ) ) ;
#736 =( BOUNDED_CURVE ( )  B_SPLINE_CURVE ( 2, ( #203, #1627, #1, #724, #1285, #2001, #1645, #555, #1990 ),
 .UNSPECIFIED., .F., .F. ) 
 B_SPLINE_CURVE_WITH_KNOTS ( ( 3, 2, 2, 2, 3 ),
 ( 0.7500000000000001100, 0.7619047619047618600, 0.7857142857142857000, 0.8095238095238095300, 0.8214285714285715100 ),
 .UNSPECIFIED. ) 
 CURVE ( )  GEOMETRIC_REPRESENTATION_ITEM ( )  RATIONAL_B_SPLINE_CURVE ( ( 0.9330127018922194100, 0.9330127018922199600, 1.000000000000000000, 0.8660254037844387100, 1.000000000000000000, 0.8660254037844387100, 1.000000000000000000, 0.9330127018922189700, 0.9330127018922193000 ) ) 
 REPRESENTATION_ITEM ( '' )  );
#737 = VERTEX_POINT ( 'NONE', #2349 ) ;
#738 =( BOUNDED_CURVE ( )  B_SPLINE_CURVE ( 2, ( #1158, #809, #1175, #242, #2075, #251, #2235, #1330, #1164 ),
 .UNSPECIFIED., .F., .T. ) 
 B_SPLINE_CURVE_WITH_KNOTS ( ( 3, 2, 2, 2, 3 ),
 ( 0.7500000000000001100, 0.7619047619047618600, 0.7857142857142857000, 0.8095238095238095300, 0.8214285714285715100 ),
 .UNSPECIFIED. ) 
 CURVE ( )  GEOMETRIC_REPRESENTATION_ITEM ( )  RATIONAL_B_SPLINE_CURVE ( ( 0.9330127018922194100, 0.9330127018922199600, 1.000000000000000000, 0.8660254037844387100, 1.000000000000000000, 0.8660254037844387100, 1.000000000000000000, 0.9330127018922189700, 0.9330127018922193000 ) ) 
 REPRESENTATION_ITEM ( '' )  );
#739 = CARTESIAN_POINT ( 'NONE',  ( -0.2886751345948128700, -5.302876193624534000E-017, -0.3365384615384607900 ) ) ;
#740 = DIRECTION ( 'NONE',  ( 0.7071067811865486800, 8.659560562354947600E-017, -0.7071067811865462400 ) ) ;
#741 = VERTEX_POINT ( 'NONE', #922 ) ;
#742 = VERTEX_POINT ( 'NONE', #2340 ) ;
#743 = CARTESIAN_POINT ( 'NONE',  ( 0.2500000000000000600, 3.248234307876966900E-016, -0.2211538461538456700 ) ) ;
#744 = CARTESIAN_POINT ( 'NONE',  ( 0.2165063509461094300, 0.1250000000000003600, -0.1282051282051278600 ) ) ;
#745 = ORIENTED_EDGE ( 'NONE', *, *, #711, .T. ) ;
#746 = CARTESIAN_POINT ( 'NONE',  ( 0.2886751345948128700, 1.767625397874844800E-017, -0.2211538461538456700 ) ) ;
#747 = CARTESIAN_POINT ( 'NONE',  ( 0.0000000000000000000, 0.2500000000000000000, -0.3557692307692300000 ) ) ;
#748 = CARTESIAN_POINT ( 'NONE',  ( -0.1154914134512527900, 0.2000369959355132200, -0.1570512820512816000 ) ) ;
#749 = EDGE_CURVE ( 'NONE', #44, #1431, #1586, .T. ) ;
#750 = EDGE_CURVE ( 'NONE', #1143, #223, #1357, .T. ) ;
#751 = CARTESIAN_POINT ( 'NONE',  ( -0.2000369959355133000, 2.449746667834783900E-017, -1.160231781186547700 ) ) ;
#752 = CARTESIAN_POINT ( 'NONE',  ( -0.2165063509461095700, -0.1250000000000001100, -0.02243589743589733500 ) ) ;
#753 = CARTESIAN_POINT ( 'NONE',  ( 0.1082801643491750200, -0.3704971198573264700, -0.006124360615781246000 ) ) ;
#754 = CARTESIAN_POINT ( 'NONE',  ( 0.1443375672974064100, 0.2500000000000000000, -0.2852564102564096300 ) ) ;
#755 = EDGE_CURVE ( 'NONE', #2171, #1031, #1842, .T. ) ;
#756 = LINE ( 'NONE', #1137, #67 ) ;
#757 = DIRECTION ( 'NONE',  ( 0.4999999999999998300, -0.8660254037844388200, 0.0000000000000000000 ) ) ;
#758 = LINE ( 'NONE', #437, #1498 ) ;
#759 = CARTESIAN_POINT ( 'NONE',  ( 0.1443375672974065700, -0.2499999999999999400, -0.08012820512820489900 ) ) ;
#760 = CARTESIAN_POINT ( 'NONE',  ( 0.2036332937729422300, -0.07560278714060264500, -0.04306762731191604600 ) ) ;
#761 = CARTESIAN_POINT ( 'NONE',  ( -0.2500000000000000600, 0.06698729810778028500, -0.1861275537491165500 ) ) ;
#762 = ORIENTED_EDGE ( 'NONE', *, *, #1526, .F. ) ;
#763 = APPLICATION_CONTEXT ( 'configuration controlled 3d designs of mechanical parts and assemblies' ) ;
#764 = ORIENTED_EDGE ( 'NONE', *, *, #1890, .F. ) ;
#765 = DIRECTION ( 'NONE',  ( -0.0000000000000000000, -0.0000000000000000000, -1.000000000000000000 ) ) ;
#766 = VERTEX_POINT ( 'NONE', #725 ) ;
#767 = COORDINATED_UNIVERSAL_TIME_OFFSET ( 6, 0, .BEHIND. ) ;
#768 = CARTESIAN_POINT ( 'NONE',  ( -0.2000369959355133600, 0.05359975151726825000, -0.2149737075952703700 ) ) ;
#769 = CARTESIAN_POINT ( 'NONE',  ( 0.2165063509461096800, -0.1249999999999999400, 0.003205128205128251000 ) ) ;
#770 = ORIENTED_EDGE ( 'NONE', *, *, #384, .T. ) ;
#771 = FACE_OUTER_BOUND ( 'NONE', #969, .T. ) ;
#772 = CARTESIAN_POINT ( 'NONE',  ( -0.04117790140029488300, -0.2031918711878580900, -0.05388774843589545100 ) ) ;
#773 = PERSON_AND_ORGANIZATION_ROLE ( 'creator' ) ;
#774 = DIRECTION ( 'NONE',  ( -0.0000000000000000000, -0.0000000000000000000, -1.000000000000000000 ) ) ;
#775 = CIRCLE ( 'NONE', #1425, 0.2000369959355133000 ) ;
#776 = CARTESIAN_POINT ( 'NONE',  ( -1.469848000700870600E-016, 0.2000369959355133000, -0.2307692307692302800 ) ) ;
#777 = CARTESIAN_POINT ( 'NONE',  ( 0.1732371201768789800, 0.1000184979677566600, -0.4743589743589733400 ) ) ;
#778 = CARTESIAN_POINT ( 'NONE',  ( 0.2110276281131360500, -0.05470948520749435700, -0.04227737333349524500 ) ) ;
#779 = DIRECTION ( 'NONE',  ( 0.0000000000000000000, 0.0000000000000000000, 1.000000000000000000 ) ) ;
#780 = DIRECTION ( 'NONE',  ( 0.0000000000000000000, 0.0000000000000000000, -1.000000000000000000 ) ) ;
#781 = CARTESIAN_POINT ( 'NONE',  ( 0.1732371201768789800, 0.1000184979677566600, -0.08974358974358955000 ) ) ;
#782 = CARTESIAN_POINT ( 'NONE',  ( 0.2510158587262372700, 0.2880886282857612100, -0.003855317748774950100 ) ) ;
#783 = CARTESIAN_POINT ( 'NONE',  ( 0.1991700808370350500, -0.08571462105288439600, -0.04345226974118678000 ) ) ;
#784 = CARTESIAN_POINT ( 'NONE',  ( -0.2000369959355133000, 4.163229887560619800E-016, -0.3749999999999991700 ) ) ;
#785 = EDGE_CURVE ( 'NONE', #741, #401, #1423, .T. ) ;
#786 = CYLINDRICAL_SURFACE ( 'NONE', #339, 0.2500000000000000000 ) ;
#787 = CARTESIAN_POINT ( 'NONE',  ( 0.0000000000000000000, 0.0000000000000000000, -1.160231781186547700 ) ) ;
#788 = CARTESIAN_POINT ( 'NONE',  ( -0.2165063509461095700, -0.1250000000000001100, -0.01282051282051272300 ) ) ;
#789 = ORIENTED_EDGE ( 'NONE', *, *, #1247, .F. ) ;
#790 = AXIS2_PLACEMENT_3D ( 'NONE', #410, #1503, #589 ) ;
#791 = CARTESIAN_POINT ( 'NONE',  ( 0.2309828269025053500, 1.414361898120801500E-017, -0.01923076923076918700 ) ) ;
#792 = ORIENTED_EDGE ( 'NONE', *, *, #1092, .F. ) ;
#793 = CARTESIAN_POINT ( 'NONE',  ( 0.2500000000000000600, 8.234960217152874200E-017, -0.2980769230769224600 ) ) ;
#794 = AXIS2_PLACEMENT_3D ( 'NONE', #723, #929, #552 ) ;
#795 = CARTESIAN_POINT ( 'NONE',  ( 0.2165063509461096800, -0.1249999999999999400, 0.01282051282051286300 ) ) ;
#796 = CARTESIAN_POINT ( 'NONE',  ( 0.0000000000000000000, 0.0000000000000000000, -1.160231781186547700 ) ) ;
#797 = VERTEX_POINT ( 'NONE', #2002 ) ;
#798 = EDGE_CURVE ( 'NONE', #1512, #2190, #876, .T. ) ;
#799 = ORIENTED_EDGE ( 'NONE', *, *, #307, .F. ) ;
#800 = CARTESIAN_POINT ( 'NONE',  ( -0.1154914134512534700, 0.2000369959355128000, -0.3012820512820506600 ) ) ;
#801 = ORIENTED_EDGE ( 'NONE', *, *, #1128, .T. ) ;
#802 = B_SPLINE_CURVE_WITH_KNOTS ( 'NONE', 3,
 ( #983, #806, #1905, #1545, #998, #637, #2263, #2077, #453, #447, #989, #2246 ),
 .UNSPECIFIED., .F., .F.,
 ( 4, 2, 2, 2, 2, 4 ),
 ( 0.03196536044982171300, 0.03316087750525770900, 0.03375863603297570700, 0.03435639456069370500, 0.03555191161612970100, 0.03674742867156569800 ),
 .UNSPECIFIED. ) ;
#803 = CARTESIAN_POINT ( 'NONE',  ( -0.1443375672974061800, -0.2500000000000000600, -0.08333333333333309300 ) ) ;
#804 = CARTESIAN_POINT ( 'NONE',  ( 0.2500000000000000000, 3.061616997868383000E-017, 0.0000000000000000000 ) ) ;
#805 = CARTESIAN_POINT ( 'NONE',  ( -0.2165063509461097600, 0.1249999999999998100, -0.2564102564102557800 ) ) ;
#806 = CARTESIAN_POINT ( 'NONE',  ( -0.2446740078230917900, -0.01580259538439095600, -0.01532599217690798700 ) ) ;
#807 = CARTESIAN_POINT ( 'NONE',  ( -0.2193963963414790300, -0.3063441334052326400, -0.0007916646988955440600 ) ) ;
#808 = CARTESIAN_POINT ( 'NONE',  ( -0.2000369959355133300, -8.692458006994701900E-017, -0.3653846153846146400 ) ) ;
#809 = CARTESIAN_POINT ( 'NONE',  ( 0.2499999999999999200, -0.06698729810777993800, -0.3784352460568084500 ) ) ;
#810 = CARTESIAN_POINT ( 'NONE',  ( -0.2000369959355133800, -0.05359975151726841000, -0.2177186000970363600 ) ) ;
#811 = CARTESIAN_POINT ( 'NONE',  ( -0.2165063509461097600, 0.1249999999999998100, -0.1025641025641022800 ) ) ;
#812 = CARTESIAN_POINT ( 'NONE',  ( 0.0000000000000000000, 0.0000000000000000000, -0.05996300406448650000 ) ) ;
#813 =( BOUNDED_CURVE ( )  B_SPLINE_CURVE ( 2, ( #154, #896, #1814, #2003, #360, #176, #912, #2185, #1101 ),
 .UNSPECIFIED., .F., .F. ) 
 B_SPLINE_CURVE_WITH_KNOTS ( ( 3, 2, 2, 2, 3 ),
 ( 0.4642857142857143000, 0.4761904761904761600, 0.5000000000000000000, 0.5238095238095238400, 0.5357142857142858100 ),
 .UNSPECIFIED. ) 
 CURVE ( )  GEOMETRIC_REPRESENTATION_ITEM ( )  RATIONAL_B_SPLINE_CURVE ( ( 0.9330127018922194100, 0.9330127018922195200, 1.000000000000000000, 0.8660254037844387100, 1.000000000000000000, 0.8660254037844387100, 1.000000000000000000, 0.9330127018922189700, 0.9330127018922193000 ) ) 
 REPRESENTATION_ITEM ( '' )  );
#814 =( BOUNDED_CURVE ( )  B_SPLINE_CURVE ( 2, ( #696, #1970, #1072, #1433, #1028, #1902, #1358, #995, #2271 ),
 .UNSPECIFIED., .F., .T. ) 
 B_SPLINE_CURVE_WITH_KNOTS ( ( 3, 2, 2, 2, 3 ),
 ( 0.1071428571428571500, 0.1190476190476190400, 0.1428571428571428500, 0.1666666666666666600, 0.1785714285714285800 ),
 .UNSPECIFIED. ) 
 CURVE ( )  GEOMETRIC_REPRESENTATION_ITEM ( )  RATIONAL_B_SPLINE_CURVE ( ( 0.9330127018922194100, 0.9330127018922194100, 1.000000000000000000, 0.8660254037844387100, 1.000000000000000000, 0.8660254037844387100, 1.000000000000000000, 0.9330127018922193000, 0.9330127018922194100 ) ) 
 REPRESENTATION_ITEM ( '' )  );
#815 = DIRECTION ( 'NONE',  ( 0.0000000000000000000, 0.0000000000000000000, -1.000000000000000000 ) ) ;
#816 = VECTOR ( 'NONE', #1525, 39.37007874015748100 ) ;
#817 = ADVANCED_FACE ( 'NONE', ( #335 ), #1220, .T. ) ;
#818 = CARTESIAN_POINT ( 'NONE',  ( 2.449746667834784500E-017, -0.2000369959355133000, -0.1153846153846151400 ) ) ;
#819 = CARTESIAN_POINT ( 'NONE',  ( -0.1443375672974063500, -0.2500000000000001100, -0.006410256410256323300 ) ) ;
#820 = DIRECTION ( 'NONE',  ( -0.0000000000000000000, -0.0000000000000000000, -1.000000000000000000 ) ) ;
#821 = VECTOR ( 'NONE', #146, 39.37007874015748100 ) ;
#822 = DIRECTION ( 'NONE',  ( -1.000000000000000000, 0.0000000000000000000, 0.0000000000000000000 ) ) ;
#823 = ORIENTED_EDGE ( 'NONE', *, *, #1207, .F. ) ;
#824 = APPROVAL ( #1496, 'UNSPECIFIED' ) ;
#825 = VERTEX_POINT ( 'NONE', #2189 ) ;
#826 = CARTESIAN_POINT ( 'NONE',  ( 0.1801115887929098900, -0.1102550760236377100, -0.4041817222653370500 ) ) ;
#827 = CARTESIAN_POINT ( 'NONE',  ( -0.1732371201768790900, 0.1000184979677565100, -0.3717948717948710300 ) ) ;
#828 = CARTESIAN_POINT ( 'NONE',  ( 0.0000000000000000000, 0.0000000000000000000, -1.160231781186547700 ) ) ;
#829 = ORIENTED_EDGE ( 'NONE', *, *, #211, .F. ) ;
#830 = CARTESIAN_POINT ( 'NONE',  ( -0.1443375672974063500, -0.2500000000000001100, -0.2371794871794866100 ) ) ;
#831 = CARTESIAN_POINT ( 'NONE',  ( 0.2500000000000000000, 0.06698729810778109000, -0.2081032154816517800 ) ) ;
#832 = VERTEX_POINT ( 'NONE', #928 ) ;
#833 = FACE_OUTER_BOUND ( 'NONE', #2028, .T. ) ;
#834 = EDGE_CURVE ( 'NONE', #1176, #458, #212, .T. ) ;
#835 = CARTESIAN_POINT ( 'NONE',  ( -0.1998131261302478500, -0.1092888342359835700, -0.4204258743953104300 ) ) ;
#836 = CARTESIAN_POINT ( 'NONE',  ( -0.1154914134512526100, -0.2000369959355133300, -0.2756410256410250500 ) ) ;
#837 = DIRECTION ( 'NONE',  ( -1.000000000000000000, 0.0000000000000000000, 0.0000000000000000000 ) ) ;
#838 = EDGE_CURVE ( 'NONE', #797, #1027, #1299, .T. ) ;
#839 = CARTESIAN_POINT ( 'NONE',  ( -0.1443375672974065700, 0.2499999999999999400, -0.4935897435897424500 ) ) ;
#840 = CARTESIAN_POINT ( 'NONE',  ( 0.1782149366075261600, 0.1752145812461645700, -0.4427482589484429400 ) ) ;
#841 = CYLINDRICAL_SURFACE ( 'NONE', #1760, 0.2500000000000000000 ) ;
#842 = ADVANCED_FACE ( 'NONE', ( #40 ), #2314, .F. ) ;
#843 = CARTESIAN_POINT ( 'NONE',  ( 0.1732371201768790300, -0.1000184979677565900, -0.3333333333333326500 ) ) ;
#844 = DIRECTION ( 'NONE',  ( -0.0000000000000000000, -0.0000000000000000000, -1.000000000000000000 ) ) ;
#845 = CARTESIAN_POINT ( 'NONE',  ( 0.1443375672974064100, 0.2500000000000000000, -0.4294871794871784600 ) ) ;
#846 = B_SPLINE_CURVE_WITH_KNOTS ( 'NONE', 3,
 ( #1018, #2280, #2300, #2114, #81, #1397, #2097, #664, #487, #455, #304, #101, #1047, #1200, #1577, #1557, #1923, #2286, #1938, #272 ),
 .UNSPECIFIED., .F., .F.,
 ( 4, 2, 2, 2, 2, 2, 2, 2, 2, 4 ),
 ( 0.0004055811715106720600, 0.001602265615900348600, 0.002798950060290024800, 0.003995634504679702200, 0.004593976726874541100, 0.005192318949069380800, 0.006389003393459053400, 0.007585687837848726800, 0.008782372282238401100, 0.009979056726628073700 ),
 .UNSPECIFIED. ) ;
#847 = CARTESIAN_POINT ( 'NONE',  ( 0.0000000000000000000, 0.0000000000000000000, 0.0000000000000000000 ) ) ;
#848 = DIRECTION ( 'NONE',  ( -0.0000000000000000000, -0.0000000000000000000, -1.000000000000000000 ) ) ;
#849 = FACE_OUTER_BOUND ( 'NONE', #624, .T. ) ;
#850 = CARTESIAN_POINT ( 'NONE',  ( -0.03819329509101104100, -0.2170646302886706000, -0.4134073743858275300 ) ) ;
#851 = B_SPLINE_CURVE_WITH_KNOTS ( 'NONE', 3,
 ( #901, #543, #6, #1820, #579, #1962 ),
 .UNSPECIFIED., .F., .F.,
 ( 4, 2, 4 ),
 ( 2.380730676612451100E-007, 0.002782414026671817100, 0.005564589980275972400 ),
 .UNSPECIFIED. ) ;
#852 = VERTEX_POINT ( 'NONE', #392 ) ;
#853 = CARTESIAN_POINT ( 'NONE',  ( -0.2000369959355133800, -0.05359975151726841000, -0.2946416770201130700 ) ) ;
#854 = CARTESIAN_POINT ( 'NONE',  ( -0.2309828269025053500, -4.243085694362404500E-017, 0.009615384615384714800 ) ) ;
#855 = VERTEX_POINT ( 'NONE', #1849 ) ;
#856 = CARTESIAN_POINT ( 'NONE',  ( -0.3750000000000001100, 0.0000000000000000000, 0.0000000000000000000 ) ) ;
#857 = ADVANCED_FACE ( 'NONE', ( #1729 ), #391, .F. ) ;
#858 = ORIENTED_EDGE ( 'NONE', *, *, #1526, .T. ) ;
#859 = CARTESIAN_POINT ( 'NONE',  ( -0.2066785082219232700, -0.09674292968591646800, -0.4208674759365140800 ) ) ;
#860 = ORIENTED_EDGE ( 'NONE', *, *, #678, .F. ) ;
#861 = PERSON_AND_ORGANIZATION ( #2120, #435 ) ;
#862 = CARTESIAN_POINT ( 'NONE',  ( -1.004744121418641700E-016, -0.4330127018922194100, -0.03349364905389017000 ) ) ;
#863 = CARTESIAN_POINT ( 'NONE',  ( -0.2499999999999998600, -0.06698729810778091000, -0.1023339847124212400 ) ) ;
#864 = CARTESIAN_POINT ( 'NONE',  ( -0.1443375672974063500, -0.2500000000000001100, -0.4679487179487167900 ) ) ;
#865 = ORIENTED_EDGE ( 'NONE', *, *, #144, .F. ) ;
#866 = CARTESIAN_POINT ( 'NONE',  ( -0.2000369959355133000, -5.032475688260090000E-017, -0.2884615384615378800 ) ) ;
#867 = CARTESIAN_POINT ( 'NONE',  ( 0.2500000000000000000, 0.06698729810778102100, -0.2850262924047284900 ) ) ;
#868 = CARTESIAN_POINT ( 'NONE',  ( -0.1732371201768789500, -0.1000184979677567300, -0.2916666666666659100 ) ) ;
#869 = CARTESIAN_POINT ( 'NONE',  ( 0.2203236954322151700, 0.01512542969649092000, -0.03967630456778472500 ) ) ;
#870 = CARTESIAN_POINT ( 'NONE',  ( 0.0000000000000000000, 0.2500000000000000000, -0.4230769230769221300 ) ) ;
#871 = CARTESIAN_POINT ( 'NONE',  ( 0.2197642884881809400, -3.888731213655523700E-016, -0.04023571151181890700 ) ) ;
#872 = CARTESIAN_POINT ( 'NONE',  ( -0.01874740449256523700, 0.1991565579329405400, -0.3931619959355135400 ) ) ;
#873 = CARTESIAN_POINT ( 'NONE',  ( 0.1069172701854770700, 0.2021663749168805300, -0.03180415195514792200 ) ) ;
#874 = EDGE_CURVE ( 'NONE', #855, #832, #1641, .T. ) ;
#875 = EDGE_CURVE ( 'NONE', #1480, #2190, #851, .T. ) ;
#876 = CIRCLE ( 'NONE', #2048, 0.3750000000000001100 ) ;
#877 = CONICAL_SURFACE ( 'NONE', #1077, 0.2600000000000000100, 0.7853981633974500600 ) ;
#878 = CARTESIAN_POINT ( 'NONE',  ( -0.2500000000000000600, 9.149955796836526500E-018, -0.1826923076923073200 ) ) ;
#879 = ORIENTED_EDGE ( 'NONE', *, *, #225, .F. ) ;
#881 = EDGE_CURVE ( 'NONE', #372, #1453, #1056, .T. ) ;
#880 = CARTESIAN_POINT ( 'NONE',  ( -0.3750000000000000600, -0.1812631435221027900, -0.02331981140721108400 ) ) ;
#882 = DIRECTION ( 'NONE',  ( 0.0000000000000000000, 0.0000000000000000000, 1.000000000000000000 ) ) ;
#883 = VERTEX_POINT ( 'NONE', #191 ) ;
#884 = CARTESIAN_POINT ( 'NONE',  ( 0.1443375672974068200, -0.2499999999999997500, -0.08012820512820489900 ) ) ;
#885 = CARTESIAN_POINT ( 'NONE',  ( 0.2000369959355132500, 1.235244032572931100E-016, -0.1730769230769227700 ) ) ;
#886 = ORIENTED_EDGE ( 'NONE', *, *, #472, .F. ) ;
#887 = DATE_AND_TIME ( #224, #2142 ) ;
#888 = ORIENTED_EDGE ( 'NONE', *, *, #874, .F. ) ;
#889 = FACE_OUTER_BOUND ( 'NONE', #916, .T. ) ;
#890 = DIRECTION ( 'NONE',  ( 0.0000000000000000000, 0.0000000000000000000, 1.000000000000000000 ) ) ;
#891 = ORIENTED_EDGE ( 'NONE', *, *, #1489, .F. ) ;
#892 = CARTESIAN_POINT ( 'NONE',  ( -0.1952937031441863400, -0.1010077329996763700, -0.04060920707079217200 ) ) ;
#893 = CARTESIAN_POINT ( 'NONE',  ( -0.03996520178251773700, 0.2302717078944564500, -0.02678525471623429900 ) ) ;
#894 = CARTESIAN_POINT ( 'NONE',  ( -0.1732371201768789500, -0.1000184979677567300, -0.2147435897435891700 ) ) ;
#895 = CARTESIAN_POINT ( 'NONE',  ( 0.3750000000000001100, 0.2165063509461097900, -0.4031250000000000100 ) ) ;
#896 = CARTESIAN_POINT ( 'NONE',  ( 0.2500000000000001100, -0.06698729810778010500, -0.2245890922106549000 ) ) ;
#897 = CARTESIAN_POINT ( 'NONE',  ( -0.1165667114131902500, -0.2057213500795628800, -0.02399621998280425000 ) ) ;
#898 = CARTESIAN_POINT ( 'NONE',  ( -0.3750000000000001100, 0.2165063509461098200, -0.4531250000000000600 ) ) ;
#899 = CARTESIAN_POINT ( 'NONE',  ( -0.1154914134512526100, -0.2000369959355133300, -0.3621794871794862800 ) ) ;
#900 = DIRECTION ( 'NONE',  ( 1.000000000000000000, 0.0000000000000000000, 0.0000000000000000000 ) ) ;
#901 = CARTESIAN_POINT ( 'NONE',  ( -6.438656778682172300E-018, 0.4330127018922194100, -0.03349364905389015000 ) ) ;
#902 = CARTESIAN_POINT ( 'NONE',  ( -0.2500000000000000600, -1.143744474604565800E-016, -0.3269230769230762100 ) ) ;
#903 = VECTOR ( 'NONE', #848, 39.37007874015748100 ) ;
#904 = CARTESIAN_POINT ( 'NONE',  ( 2.449746667834784500E-017, -0.2000369959355133000, -0.2019230769230764000 ) ) ;
#905 = CARTESIAN_POINT ( 'NONE',  ( 0.5156250000000000000, 6.314585058103540900E-017, -0.4531250000000000600 ) ) ;
#906 = CARTESIAN_POINT ( 'NONE',  ( 0.1154914134512527400, -0.2000369959355132500, -0.2724358974358966900 ) ) ;
#907 = CARTESIAN_POINT ( 'NONE',  ( 0.1443375672974059600, 0.2500000000000002800, -0.3621794871794863400 ) ) ;
#908 = ORIENTED_EDGE ( 'NONE', *, *, #1612, .F. ) ;
#909 = CARTESIAN_POINT ( 'NONE',  ( 0.1715874917192529700, -0.3339466173585359800, 2.310332385266848100E-016 ) ) ;
#910 = DIRECTION ( 'NONE',  ( -0.0000000000000000000, -0.0000000000000000000, -1.000000000000000000 ) ) ;
#911 = EDGE_LOOP ( 'NONE', ( #20, #2193, #2169, #649, #2074, #1963, #1095, #2297, #1400, #1649, #2022, #1940, #1572, #1880, #1221, #1885, #316, #660, #1996, #762, #2243, #1537, #1226, #368, #84, #935, #801, #1876 ) ) ;
#913 = EDGE_CURVE ( 'NONE', #1529, #1306, #1418, .T. ) ;
#912 = CARTESIAN_POINT ( 'NONE',  ( -0.2165063509461094000, -0.1250000000000004400, -0.2532051282051276400 ) ) ;
#914 = ORIENTED_EDGE ( 'NONE', *, *, #960, .F. ) ;
#915 = CARTESIAN_POINT ( 'NONE',  ( -0.1215889997555708500, 0.1894756666528981900, -0.3871436297427781100 ) ) ;
#916 = EDGE_LOOP ( 'NONE', ( #174, #1654 ) ) ;
#917 = PERSON_AND_ORGANIZATION ( #2120, #435 ) ;
#918 = CARTESIAN_POINT ( 'NONE',  ( -0.1644285434240387900, -0.1139212616255348300, -0.05996300406448650000 ) ) ;
#919 =( BOUNDED_CURVE ( )  B_SPLINE_CURVE ( 2, ( #178, #715, #2337, #1088, #200, #370, #1651, #1642, #1986 ),
 .UNSPECIFIED., .F., .T. ) 
 B_SPLINE_CURVE_WITH_KNOTS ( ( 3, 2, 2, 2, 3 ),
 ( 0.2500000000000000000, 0.2619047619047619200, 0.2857142857142857000, 0.3095238095238095300, 0.3214285714285714500 ),
 .UNSPECIFIED. ) 
 CURVE ( )  GEOMETRIC_REPRESENTATION_ITEM ( )  RATIONAL_B_SPLINE_CURVE ( ( 0.9330127018922194100, 0.9330127018922194100, 1.000000000000000000, 0.8660254037844387100, 1.000000000000000000, 0.8660254037844387100, 1.000000000000000000, 0.9330127018922191900, 0.9330127018922194100 ) ) 
 REPRESENTATION_ITEM ( '' )  );
#920 = ORIENTED_EDGE ( 'NONE', *, *, #2212, .F. ) ;
#921 = CARTESIAN_POINT ( 'NONE',  ( 3.061616997868383000E-017, -0.2500000000000000000, -0.4711538461538451500 ) ) ;
#922 = CARTESIAN_POINT ( 'NONE',  ( -0.2499999999999999200, -2.058740054288218500E-016, -0.09615384615384588200 ) ) ;
#923 = AXIS2_PLACEMENT_3D ( 'NONE', #183, #2345, #1457 ) ;
#924 = ORIENTED_EDGE ( 'NONE', *, *, #469, .T. ) ;
#925 = EDGE_CURVE ( 'NONE', #73, #852, #557, .T. ) ;
#926 = CARTESIAN_POINT ( 'NONE',  ( -0.2000369959355133000, -7.777462427311046400E-017, -0.06730769230769204100 ) ) ;
#927 = CARTESIAN_POINT ( 'NONE',  ( 0.0000000000000000000, 0.0000000000000000000, -1.160231781186547700 ) ) ;
#928 = CARTESIAN_POINT ( 'NONE',  ( 0.2000369959355133600, -2.424738286161679500E-016, -0.2499999999999995600 ) ) ;
#929 = DIRECTION ( 'NONE',  ( -0.0000000000000000000, -0.0000000000000000000, -1.000000000000000000 ) ) ;
#930 = CARTESIAN_POINT ( 'NONE',  ( 0.2886751345948128700, 1.767625397874844800E-017, 0.009615384615384648900 ) ) ;
#931 = CARTESIAN_POINT ( 'NONE',  ( -0.2886751345948128700, -5.302876193624534000E-017, -0.4903846153846143100 ) ) ;
#932 = CYLINDRICAL_SURFACE ( 'NONE', #1243, 0.2500000000000000000 ) ;
#933 = DIRECTION ( 'NONE',  ( -0.0000000000000000000, -0.0000000000000000000, -1.000000000000000000 ) ) ;
#934 = LINE ( 'NONE', #1470, #2209 ) ;
#935 = ORIENTED_EDGE ( 'NONE', *, *, #1657, .T. ) ;
#936 = CARTESIAN_POINT ( 'NONE',  ( -0.1443375672974060700, -0.2500000000000001700, -0.2371794871794866100 ) ) ;
#937 = CARTESIAN_POINT ( 'NONE',  ( 0.2500000000000000000, 3.061616997868383000E-017, 0.0000000000000000000 ) ) ;
#938 = CARTESIAN_POINT ( 'NONE',  ( -0.1443375672974065700, 0.2499999999999999400, -0.1185897435897432700 ) ) ;
#939 = EDGE_LOOP ( 'NONE', ( #1972, #945, #1681, #1261 ) ) ;
#940 = CARTESIAN_POINT ( 'NONE',  ( 0.08971205786357353000, -0.1912382770702146800, -0.04905344390615881000 ) ) ;
#941 = CARTESIAN_POINT ( 'NONE',  ( 0.2499999999999999700, -0.007976862868494067800, -0.4427167621983833500 ) ) ;
#942 = VERTEX_POINT ( 'NONE', #905 ) ;
#943 = SHAPE_DEFINITION_REPRESENTATION ( #185, #1241 ) ;
#944 = CARTESIAN_POINT ( 'NONE',  ( -0.1443375672974075200, 0.2499999999999993600, -0.4262820512820503200 ) ) ;
#945 = ORIENTED_EDGE ( 'NONE', *, *, #2103, .F. ) ;
#946 = CARTESIAN_POINT ( 'NONE',  ( 0.1443375672974059600, 0.2500000000000002800, -0.3525641025641017600 ) ) ;
#947 = FACE_OUTER_BOUND ( 'NONE', #999, .T. ) ;
#948 = CARTESIAN_POINT ( 'NONE',  ( 0.2000369959355133300, 6.404969057785569500E-017, -0.09615384615384597900 ) ) ;
#949 = DIRECTION ( 'NONE',  ( 0.0000000000000000000, -1.000000000000000000, 0.0000000000000000000 ) ) ;
#950 = CC_DESIGN_APPROVAL ( #824, ( #700 ) ) ;
#951 = CARTESIAN_POINT ( 'NONE',  ( 0.0000000000000000000, 0.2500000000000000000, -0.1249999999999996900 ) ) ;
#952 = LINE ( 'NONE', #90, #324 ) ;
#953 = AXIS2_PLACEMENT_3D ( 'NONE', #27, #779, #237 ) ;
#954 =( NAMED_UNIT ( * ) SI_UNIT ( $, .STERADIAN. ) SOLID_ANGLE_UNIT ( ) );
#955 = CARTESIAN_POINT ( 'NONE',  ( -0.2014463195013083400, -0.1510847396259807400, -0.01148283386533423100 ) ) ;
#956 = CARTESIAN_POINT ( 'NONE',  ( 2.143131898507868100E-016, -0.2500000000000000000, -0.2307692307692302300 ) ) ;
#957 = CARTESIAN_POINT ( 'NONE',  ( 0.1154914134512524000, 0.2000369959355134400, -0.2371794871794866700 ) ) ;
#958 = CARTESIAN_POINT ( 'NONE',  ( 0.2309828269025053500, 1.414361898120801500E-017, -0.4807692307692297800 ) ) ;
#959 = CARTESIAN_POINT ( 'NONE',  ( 0.05795011229331162300, -0.2018119614524291300, -0.05032887997362619400 ) ) ;
#960 = EDGE_CURVE ( 'NONE', #135, #310, #1044, .T. ) ;
#961 = CARTESIAN_POINT ( 'NONE',  ( -0.2500000000000000600, -5.901721488959560200E-016, -0.4134615384615376000 ) ) ;
#962 = CARTESIAN_POINT ( 'NONE',  ( -0.1443375672974074600, 0.2499999999999993900, -0.3397435897435889800 ) ) ;
#963 = CARTESIAN_POINT ( 'NONE',  ( 0.2000369959355133600, -2.424738286161679500E-016, -0.2499999999999995600 ) ) ;
#964 = CIRCLE ( 'NONE', #137, 0.2500000000000000000 ) ;
#965 = CARTESIAN_POINT ( 'NONE',  ( 0.2886751345948128700, 1.767625397874844800E-017, -0.06730769230769212400 ) ) ;
#966 = CARTESIAN_POINT ( 'NONE',  ( 0.2193558132902433400, -0.01104448730044193600, -0.04064418670975645400 ) ) ;
#967 = EDGE_LOOP ( 'NONE', ( #1702, #51, #2324, #1713 ) ) ;
#968 = MECHANICAL_CONTEXT ( 'NONE', #1334, 'mechanical' ) ;
#969 = EDGE_LOOP ( 'NONE', ( #2106, #1968, #688, #1065 ) ) ;
#970 = EDGE_LOOP ( 'NONE', ( #1288, #1596, #254, #43, #860, #1307, #49, #1502, #196 ) ) ;
#971 = DIRECTION ( 'NONE',  ( -1.000000000000000000, 0.0000000000000000000, 0.0000000000000000000 ) ) ;
#972 = CARTESIAN_POINT ( 'NONE',  ( -0.1732371201768790900, 0.1000184979677565100, -0.1410256410256407200 ) ) ;
#973 = CARTESIAN_POINT ( 'NONE',  ( 0.2040604283467318000, 0.02957033874083452000, -0.3987683838159926100 ) ) ;
#974 = VERTEX_POINT ( 'NONE', #743 ) ;
#975 = CYLINDRICAL_SURFACE ( 'NONE', #337, 0.2000369959355133000 ) ;
#976 = CARTESIAN_POINT ( 'NONE',  ( 0.2197642884881809400, -3.888731213655523700E-016, -0.04023571151181890700 ) ) ;
#977 = CARTESIAN_POINT ( 'NONE',  ( -1.836970198721029700E-016, 0.2500000000000000000, -0.2019230769230764600 ) ) ;
#978 = ORIENTED_EDGE ( 'NONE', *, *, #1124, .F. ) ;
#979 = CARTESIAN_POINT ( 'NONE',  ( -0.2499999999999999200, -0.06698729810778068800, -0.01579552317395986600 ) ) ;
#980 = AXIS2_PLACEMENT_3D ( 'NONE', #2183, #26, #420 ) ;
#981 = CARTESIAN_POINT ( 'NONE',  ( 2.449746667834784500E-017, -0.2000369959355133000, -0.03846153846153838000 ) ) ;
#982 = CARTESIAN_POINT ( 'NONE',  ( 0.1443375672974065700, -0.2499999999999999400, -0.3012820512820506000 ) ) ;
#983 = CARTESIAN_POINT ( 'NONE',  ( -0.2441479268041642500, -2.708386915863612200E-015, -0.01585207319583580700 ) ) ;
#984 = CARTESIAN_POINT ( 'NONE',  ( -0.2499999999999999200, -0.06698729810778068800, -0.02541090778934447500 ) ) ;
#985 = B_SPLINE_CURVE_WITH_KNOTS ( 'NONE', 3,
 ( #1159, #1680, #1687, #605, #1474, #772, #1860, #585, #400, #39, #959, #1153, #940, #2046, #1878, #209, #45, #1866, #1331, #2226, #416, #783, #760, #778, #2063, #2236, #966, #976 ),
 .UNSPECIFIED., .F., .F.,
 ( 4, 2, 2, 2, 2, 2, 2, 2, 2, 2, 2, 2, 2, 4 ),
 ( 1.690382107092599500E-017, 0.001686292210935712100, 0.003372584421871408100, 0.005058876632807103100, 0.005902022738274951400, 0.006745168843742800600, 0.007588314949210648100, 0.008431461054678497300, 0.009274607160146344800, 0.01011775326561419100, 0.01096089937108203800, 0.01180404547654988700, 0.01264719158201773500, 0.01349033768748558200 ),
 .UNSPECIFIED. ) ;
#986 = CARTESIAN_POINT ( 'NONE',  ( -0.1154914134512527900, 0.2000369959355132200, -0.07051282051282034600 ) ) ;
#987 = CARTESIAN_POINT ( 'NONE',  ( -0.2500000000000000600, -4.574977898418263600E-017, -0.2596153846153840300 ) ) ;
#988 = CARTESIAN_POINT ( 'NONE',  ( 0.2165063509461096800, -0.1249999999999999400, -0.2948717948717941600 ) ) ;
#989 = CARTESIAN_POINT ( 'NONE',  ( -0.1912220556124094300, -0.1610534906800925000, -0.01049466005719185500 ) ) ;
#990 =( BOUNDED_CURVE ( )  B_SPLINE_CURVE ( 2, ( #457, #61, #2060, #1353, #1337, #1715, #1731, #2091, #1696 ),
 .UNSPECIFIED., .F., .F. ) 
 B_SPLINE_CURVE_WITH_KNOTS ( ( 3, 2, 2, 2, 3 ),
 ( 0.3214285714285714500, 0.3333333333333333100, 0.3571428571428571500, 0.3809523809523809300, 0.3928571428571428500 ),
 .UNSPECIFIED. ) 
 CURVE ( )  GEOMETRIC_REPRESENTATION_ITEM ( )  RATIONAL_B_SPLINE_CURVE ( ( 0.9330127018922194100, 0.9330127018922195200, 1.000000000000000000, 0.8660254037844387100, 1.000000000000000000, 0.8660254037844387100, 1.000000000000000000, 0.9330127018922194100, 0.9330127018922194100 ) ) 
 REPRESENTATION_ITEM ( '' )  );
#991 =( BOUNDED_CURVE ( )  B_SPLINE_CURVE ( 2, ( #124, #311, #493, #2305, #500, #362, #726, #1271, #2004 ),
 .UNSPECIFIED., .F., .F. ) 
 B_SPLINE_CURVE_WITH_KNOTS ( ( 3, 2, 2, 2, 3 ),
 ( 0.2500000000000000000, 0.2619047619047619200, 0.2857142857142857000, 0.3095238095238095300, 0.3214285714285714500 ),
 .UNSPECIFIED. ) 
 CURVE ( )  GEOMETRIC_REPRESENTATION_ITEM ( )  RATIONAL_B_SPLINE_CURVE ( ( 0.9330127018922194100, 0.9330127018922194100, 1.000000000000000000, 0.8660254037844387100, 1.000000000000000000, 0.8660254037844387100, 1.000000000000000000, 0.9330127018922191900, 0.9330127018922194100 ) ) 
 REPRESENTATION_ITEM ( '' )  );
#992 = CIRCLE ( 'NONE', #535, 0.2000369959355133000 ) ;
#993 = LINE ( 'NONE', #1215, #703 ) ;
#994 = ORIENTED_EDGE ( 'NONE', *, *, #2018, .T. ) ;
#995 = CARTESIAN_POINT ( 'NONE',  ( 0.2499999999999999200, 0.06698729810778081300, -0.06387244625088285600 ) ) ;
#996 = AXIS2_PLACEMENT_3D ( 'NONE', #796, #1896, #1362 ) ;
#997 = CARTESIAN_POINT ( 'NONE',  ( 0.1443375672974065700, -0.2499999999999999400, 0.006410256410256469000 ) ) ;
#998 = CARTESIAN_POINT ( 'NONE',  ( -0.2383244995229193100, -0.06229337451338533300, -0.01379534787408208600 ) ) ;
#999 = EDGE_LOOP ( 'NONE', ( #1767, #346, #15, #2241, #1376, #1041 ) ) ;
#1000 = EDGE_CURVE ( 'NONE', #223, #310, #1793, .T. ) ;
#1001 = EDGE_CURVE ( 'NONE', #690, #1471, #919, .T. ) ;
#1002 = ADVANCED_FACE ( 'NONE', ( #586 ), #731, .F. ) ;
#1003 = ORIENTED_EDGE ( 'NONE', *, *, #1518, .T. ) ;
#1004 = COORDINATED_UNIVERSAL_TIME_OFFSET ( 6, 0, .BEHIND. ) ;
#1005 = ORIENTED_EDGE ( 'NONE', *, *, #1128, .F. ) ;
#1006 = CARTESIAN_POINT ( 'NONE',  ( 0.1154914134512526300, 0.2000369959355133000, -0.3141025641025634900 ) ) ;
#1007 = CARTESIAN_POINT ( 'NONE',  ( 0.1692595632444678100, 0.1118409888243054500, -0.3954512305939077400 ) ) ;
#1008 = CARTESIAN_POINT ( 'NONE',  ( 0.2000369959355133600, -2.424738286161679500E-016, -0.2499999999999995600 ) ) ;
#1009 = EDGE_CURVE ( 'NONE', #630, #458, #1108, .T. ) ;
#1010 = CARTESIAN_POINT ( 'NONE',  ( 0.2165063509461096800, -0.1249999999999999400, -0.1410256410256406400 ) ) ;
#1011 = CARTESIAN_POINT ( 'NONE',  ( 0.0000000000000000000, 0.0000000000000000000, -1.160231781186547700 ) ) ;
#1012 = AXIS2_PLACEMENT_3D ( 'NONE', #578, #217, #1665 ) ;
#1013 = CARTESIAN_POINT ( 'NONE',  ( 0.2064232053571545500, -0.02886426461176491400, -0.4010651469768653500 ) ) ;
#1014 = CARTESIAN_POINT ( 'NONE',  ( 0.0000000000000000000, 0.2000369959355133000, -0.2307692307692302800 ) ) ;
#1015 = CARTESIAN_POINT ( 'NONE',  ( -0.1443375672974061300, -0.2500000000000001700, -0.1602564102564098300 ) ) ;
#1016 = CARTESIAN_POINT ( 'NONE',  ( -0.1732371201768787800, -0.1000184979677570000, -0.2820512820512814400 ) ) ;
#1017 = CARTESIAN_POINT ( 'NONE',  ( 0.2165063509461096500, 0.1250000000000000300, -0.05128205128205110000 ) ) ;
#1018 = CARTESIAN_POINT ( 'NONE',  ( 0.2480662292372889700, -5.901721488959559200E-016, -0.4411912292372892600 ) ) ;
#1019 = CARTESIAN_POINT ( 'NONE',  ( 0.3750000000000001700, -0.07296624394899425800, -0.003149479541616271100 ) ) ;
#1020 = VECTOR ( 'NONE', #1297, 39.37007874015748100 ) ;
#1021 = CARTESIAN_POINT ( 'NONE',  ( 0.1732371201768789800, 0.1000184979677566600, -0.3205128205128198200 ) ) ;
#1022 = CARTESIAN_POINT ( 'NONE',  ( 0.2500000000000000600, -0.06698729810778049400, -0.06112755374911677700 ) ) ;
#1023 = CARTESIAN_POINT ( 'NONE',  ( 0.1732371201768790300, -0.1000184979677565900, -0.03525641025641006200 ) ) ;
#1024 = FACE_OUTER_BOUND ( 'NONE', #1150, .T. ) ;
#1025 = DIRECTION ( 'NONE',  ( 0.0000000000000000000, 0.0000000000000000000, -1.000000000000000000 ) ) ;
#1026 = ADVANCED_FACE ( 'NONE', ( #244 ), #932, .F. ) ;
#1027 = VERTEX_POINT ( 'NONE', #1448 ) ;
#1028 = CARTESIAN_POINT ( 'NONE',  ( -6.123233995736766000E-017, 0.2500000000000000000, -0.04807692307692292700 ) ) ;
#1029 = AXIS2_PLACEMENT_3D ( 'NONE', #1456, #704, #536 ) ;
#1030 = AXIS2_PLACEMENT_3D ( 'NONE', #2355, #2168, #163 ) ;
#1031 = VERTEX_POINT ( 'NONE', #1637 ) ;
#1032 = CARTESIAN_POINT ( 'NONE',  ( 0.3443274684896632200, -0.2342151452703299100, -0.02326947188376296200 ) ) ;
#1033 = CARTESIAN_POINT ( 'NONE',  ( 0.1732371201768790300, -0.1000184979677565900, -0.2564102564102558300 ) ) ;
#1034 = CARTESIAN_POINT ( 'NONE',  ( 0.2165063509461097900, -0.1249999999999998100, -0.06410256410256390300 ) ) ;
#1035 = ORIENTED_EDGE ( 'NONE', *, *, #1085, .F. ) ;
#1036 = CARTESIAN_POINT ( 'NONE',  ( 0.0000000000000000000, 0.2000369959355133000, 0.06730769230769229100 ) ) ;
#1037 = DIRECTION ( 'NONE',  ( 0.0000000000000000000, 0.0000000000000000000, 1.000000000000000000 ) ) ;
#1038 = ORIENTED_EDGE ( 'NONE', *, *, #2098, .F. ) ;
#1039 = FACE_OUTER_BOUND ( 'NONE', #1560, .T. ) ;
#1040 = CARTESIAN_POINT ( 'NONE',  ( 0.0000000000000000000, 0.0000000000000000000, 0.0000000000000000000 ) ) ;
#1041 = ORIENTED_EDGE ( 'NONE', *, *, #546, .T. ) ;
#1042 = CARTESIAN_POINT ( 'NONE',  ( 0.1867613116498444700, -0.09753825801530484300, -0.4037005757744325800 ) ) ;
#1043 = ADVANCED_FACE ( 'NONE', ( #132 ), #2005, .T. ) ;
#1044 = B_SPLINE_CURVE_WITH_KNOTS ( 'NONE', 3,
 ( #2187, #1465, #2180, #538, #1824, #357, #2353, #1102 ),
 .UNSPECIFIED., .F., .F.,
 ( 4, 2, 2, 4 ),
 ( 0.01564204323938205700, 0.01703449672741655400, 0.01842695021545105000, 0.02121185719152004400 ),
 .UNSPECIFIED. ) ;
#1045 = EDGE_CURVE ( 'NONE', #1733, #1223, #561, .T. ) ;
#1046 = CARTESIAN_POINT ( 'NONE',  ( 0.1443375672974065700, -0.2499999999999999400, -0.3782051282051273600 ) ) ;
#1047 = CARTESIAN_POINT ( 'NONE',  ( 0.1332011468040954500, 0.1775337699022631900, -0.4145215762418881800 ) ) ;
#1048 = CARTESIAN_POINT ( 'NONE',  ( -0.05758496312423939900, 0.2349446525418140700, -0.4347219045109037000 ) ) ;
#1049 = CC_DESIGN_DATE_AND_TIME_ASSIGNMENT ( #2220, #1689, ( #2170 ) ) ;
#1050 = CARTESIAN_POINT ( 'NONE',  ( -0.2225557573108408500, -0.05656789829402635700, -0.4223140881184872000 ) ) ;
#1051 = CARTESIAN_POINT ( 'NONE',  ( -0.1154914134512525900, -0.2000369959355133300, -0.2852564102564095800 ) ) ;
#1052 = CARTESIAN_POINT ( 'NONE',  ( 0.1874770356256413000, 0.1232629957237470900, -0.03575856812775177900 ) ) ;
#1053 = CARTESIAN_POINT ( 'NONE',  ( 0.0000000000000000000, 0.2000369959355133000, -0.009615384615384475400 ) ) ;
#1054 = EDGE_CURVE ( 'NONE', #1798, #1907, #756, .T. ) ;
#1055 = CARTESIAN_POINT ( 'NONE',  ( 0.0000000000000000000, 0.0000000000000000000, -0.4431250000000000500 ) ) ;
#1056 = LINE ( 'NONE', #2199, #1901 ) ;
#1057 = VERTEX_POINT ( 'NONE', #926 ) ;
#1058 = CARTESIAN_POINT ( 'NONE',  ( 0.3750000000000001100, 0.01832130904015911700, 3.038350904411752000E-019 ) ) ;
#1059 = CARTESIAN_POINT ( 'NONE',  ( 0.05070594279524497800, 0.2251816520024310900, -0.02968309272533195900 ) ) ;
#1060 = CARTESIAN_POINT ( 'NONE',  ( 0.2309828269025053500, 1.414361898120801500E-017, -0.1826923076923071800 ) ) ;
#1061 = CLOSED_SHELL ( 'NONE', ( #842, #113, #857, #1722, #640, #1002, #1385, #1026, #1204, #482, #1944, #265, #1662, #1721, #123, #1392, #1772, #471, #305, #96, #2289, #1647, #2079, #1570, #2108, #66, #1369, #1763, #1043, #1382, #1736, #1755, #635, #1753, #2164, #1190, #817, #302, #1740, #647, #460, #2124, #665, #87, #1708, #1528, #1929, #1766 ) ) ;
#1062 = CARTESIAN_POINT ( 'NONE',  ( 0.1443375672974068200, -0.2499999999999997500, -0.07051282051282029000 ) ) ;
#1063 = ORIENTED_EDGE ( 'NONE', *, *, #1483, .T. ) ;
#1064 = CARTESIAN_POINT ( 'NONE',  ( 0.0000000000000000000, 0.0000000000000000000, -1.160231781186547700 ) ) ;
#1065 = ORIENTED_EDGE ( 'NONE', *, *, #514, .T. ) ;
#1066 = PERSON_AND_ORGANIZATION ( #2120, #435 ) ;
#1067 = CARTESIAN_POINT ( 'NONE',  ( 0.3749999999999999400, 0.09182848675553960400, -0.006171946431217592200 ) ) ;
#1068 = CARTESIAN_POINT ( 'NONE',  ( 0.1983870573036867500, 0.1032532959574519000, -0.03648082901023034400 ) ) ;
#1069 = CARTESIAN_POINT ( 'NONE',  ( 0.1732371201768789800, 0.1000184979677566600, -0.2532051282051275300 ) ) ;
#1070 = ORIENTED_EDGE ( 'NONE', *, *, #925, .T. ) ;
#1071 =( BOUNDED_CURVE ( )  B_SPLINE_CURVE ( 2, ( #918, #351, #1634, #2007, #1460 ),
 .UNSPECIFIED., .F., .F. ) 
 B_SPLINE_CURVE_WITH_KNOTS ( ( 3, 2, 3 ),
 ( 0.2361560054773298200, 0.2380952380952380800, 0.2500000000000000000 ),
 .UNSPECIFIED. ) 
 CURVE ( )  GEOMETRIC_REPRESENTATION_ITEM ( )  RATIONAL_B_SPLINE_CURVE ( ( 0.9799536408855311600, 0.9890880679080031900, 1.000000000000000000, 0.9330127018922194100, 0.9330127018922194100 ) ) 
 REPRESENTATION_ITEM ( '' )  );
#1072 = CARTESIAN_POINT ( 'NONE',  ( -0.2165063509461097600, 0.1249999999999998100, -0.03525641025641012400 ) ) ;
#1073 = CARTESIAN_POINT ( 'NONE',  ( 0.3750000000000001100, 0.1460293047778759800, -0.01497234743241305400 ) ) ;
#1074 = CARTESIAN_POINT ( 'NONE',  ( 0.2500000000000000600, 3.248234307876966900E-016, -0.2115384615384610400 ) ) ;
#1075 = CC_DESIGN_PERSON_AND_ORGANIZATION_ASSIGNMENT ( #1742, #1863, ( #700 ) ) ;
#1076 = CARTESIAN_POINT ( 'NONE',  ( -0.2500000000000000600, -4.574977898418263600E-017, -0.2499999999999994400 ) ) ;
#1077 = AXIS2_PLACEMENT_3D ( 'NONE', #463, #644, #112 ) ;
#1078 = CARTESIAN_POINT ( 'NONE',  ( -0.1895232904968491600, -0.1148364045589031100, -0.03888146143760208600 ) ) ;
#1079 = CARTESIAN_POINT ( 'NONE',  ( 0.0000000000000000000, 0.2500000000000000000, -0.2788461538461532400 ) ) ;
#1080 = CARTESIAN_POINT ( 'NONE',  ( -0.1154914134512527900, 0.2000369959355132200, -0.2339743589743583700 ) ) ;
#1081 = CARTESIAN_POINT ( 'NONE',  ( -0.2165063509461097900, 0.1249999999999997800, -0.1025641025641022800 ) ) ;
#1082 = LINE ( 'NONE', #1734, #1440 ) ;
#1083 = ORIENTED_EDGE ( 'NONE', *, *, #1980, .F. ) ;
#1085 = EDGE_CURVE ( 'NONE', #111, #2270, #2249, .T. ) ;
#1084 = CARTESIAN_POINT ( 'NONE',  ( 1.163723949508279500E-015, -0.2500000000000000000, -0.3076923076923069900 ) ) ;
#1086 = CARTESIAN_POINT ( 'NONE',  ( 0.1732371201768790300, -0.1000184979677565900, -0.1891025641025635700 ) ) ;
#1087 = ORIENTED_EDGE ( 'NONE', *, *, #2224, .T. ) ;
#1088 = CARTESIAN_POINT ( 'NONE',  ( -0.1154914134512530100, 0.2000369959355130800, -0.1474358974358971300 ) ) ;
#1089 = CARTESIAN_POINT ( 'NONE',  ( 0.1154914134512526300, 0.2000369959355133000, -0.4006410256410246600 ) ) ;
#1090 = CARTESIAN_POINT ( 'NONE',  ( 0.1443375672974061600, 0.2500000000000000600, -0.1217948717948714600 ) ) ;
#1091 = ORIENTED_EDGE ( 'NONE', *, *, #1688, .F. ) ;
#1092 = EDGE_CURVE ( 'NONE', #310, #82, #1217, .T. ) ;
#1093 = VERTEX_POINT ( 'NONE', #1843 ) ;
#1094 = CARTESIAN_POINT ( 'NONE',  ( 9.311513718313888100E-016, -0.2000369959355133000, -0.3461538461538454200 ) ) ;
#1095 = ORIENTED_EDGE ( 'NONE', *, *, #1045, .T. ) ;
#1096 = CARTESIAN_POINT ( 'NONE',  ( 0.2309828269025053500, 1.414361898120801500E-017, -0.3365384615384606800 ) ) ;
#1097 = PLANE ( 'NONE',  #1030 ) ;
#1098 = CYLINDRICAL_SURFACE ( 'NONE', #366, 0.2500000000000000000 ) ;
#1099 = CARTESIAN_POINT ( 'NONE',  ( 0.2165063509461096800, -0.1249999999999999400, -0.3814102564102555500 ) ) ;
#1100 = CARTESIAN_POINT ( 'NONE',  ( -0.2500000000000000000, 0.0000000000000000000, 0.0000000000000000000 ) ) ;
#1101 = CARTESIAN_POINT ( 'NONE',  ( -0.2500000000000000600, -4.574977898418263600E-017, -0.2596153846153840300 ) ) ;
#1102 = CARTESIAN_POINT ( 'NONE',  ( -0.3750000000000001100, 0.2165063509461097900, -0.03349364905389019800 ) ) ;
#1103 = CARTESIAN_POINT ( 'NONE',  ( -0.2000369959355133000, 4.574977898418263200E-018, -0.2115384615384611500 ) ) ;
#1104 = CARTESIAN_POINT ( 'NONE',  ( -0.2000369959355133300, -8.692458006994701900E-017, -0.3653846153846146400 ) ) ;
#1105 = AXIS2_PLACEMENT_3D ( 'NONE', #334, #1976, #157 ) ;
#1106 = CARTESIAN_POINT ( 'NONE',  ( 0.2165063509461096500, 0.1250000000000000300, -0.3685897435897427200 ) ) ;
#1107 = CARTESIAN_POINT ( 'NONE',  ( -0.2165063509461093700, -0.1250000000000005000, -0.3301282051282043400 ) ) ;
#1108 = CIRCLE ( 'NONE', #923, 0.2600000000000000100 ) ;
#1109 = VECTOR ( 'NONE', #1037, 39.37007874015748100 ) ;
#1110 = CARTESIAN_POINT ( 'NONE',  ( -0.1154914134512527900, 0.2000369959355132200, -0.4551282051282042300 ) ) ;
#1111 = DIRECTION ( 'NONE',  ( 0.0000000000000000000, 0.0000000000000000000, -1.000000000000000000 ) ) ;
#1112 = EDGE_LOOP ( 'NONE', ( #891, #194, #1595, #171 ) ) ;
#1113 = ORIENTED_EDGE ( 'NONE', *, *, #711, .F. ) ;
#1114 = VERTEX_POINT ( 'NONE', #694 ) ;
#1115 = PERSON_AND_ORGANIZATION ( #2120, #435 ) ;
#1116 = CARTESIAN_POINT ( 'NONE',  ( -0.3750000000000001100, -0.2165063509461096800, -0.4031250000000000100 ) ) ;
#1117 = CARTESIAN_POINT ( 'NONE',  ( 0.0000000000000000000, 0.2000369959355133000, -0.5384615384615373300 ) ) ;
#1118 = EDGE_LOOP ( 'NONE', ( #2301, #1199, #314, #879 ) ) ;
#1119 = LINE ( 'NONE', #10, #2328 ) ;
#1120 = CARTESIAN_POINT ( 'NONE',  ( -0.2000369959355133000, 4.163229887560619800E-016, -0.3749999999999991700 ) ) ;
#1121 = AXIS2_PLACEMENT_3D ( 'NONE', #527, #1994, #1837 ) ;
#1122 = CARTESIAN_POINT ( 'NONE',  ( 0.0000000000000000000, 0.2000369959355133000, -0.1634615384615379900 ) ) ;
#1123 = EDGE_CURVE ( 'NONE', #1057, #1507, #504, .T. ) ;
#1124 = EDGE_CURVE ( 'NONE', #1507, #1701, #2159, .T. ) ;
#1125 = DIRECTION ( 'NONE',  ( 0.8660254037844388200, 0.4999999999999998300, 0.0000000000000000000 ) ) ;
#1126 = CARTESIAN_POINT ( 'NONE',  ( -0.1732371201768790900, 0.1000184979677565100, -0.4487179487179477900 ) ) ;
#1127 = CARTESIAN_POINT ( 'NONE',  ( 0.0000000000000000000, 0.0000000000000000000, -0.4031250000000000100 ) ) ;
#1128 = EDGE_CURVE ( 'NONE', #2078, #1176, #248, .T. ) ;
#1129 = APPLICATION_PROTOCOL_DEFINITION ( 'international standard', 'config_control_design', 1994, #1334 ) ;
#1130 = CARTESIAN_POINT ( 'NONE',  ( 0.0000000000000000000, 0.0000000000000000000, 0.0000000000000000000 ) ) ;
#1131 = CARTESIAN_POINT ( 'NONE',  ( 0.1443375672974064100, 0.2500000000000000000, -0.1314102564102560500 ) ) ;
#1132 = CARTESIAN_POINT ( 'NONE',  ( 0.3750000000000001100, 0.2165063509461097900, -0.4531250000000000600 ) ) ;
#1133 = VECTOR ( 'NONE', #1802, 39.37007874015748100 ) ;
#1134 = LINE ( 'NONE', #1871, #71 ) ;
#1135 = DIRECTION ( 'NONE',  ( 1.000000000000000000, 0.0000000000000000000, 0.0000000000000000000 ) ) ;
#1136 = ORIENTED_EDGE ( 'NONE', *, *, #344, .F. ) ;
#1137 = CARTESIAN_POINT ( 'NONE',  ( 0.2500000000000000000, 3.061616997868383000E-017, 0.0000000000000000000 ) ) ;
#1138 = CARTESIAN_POINT ( 'NONE',  ( -0.2000369959355133000, -1.646992043430574600E-016, -0.1346153846153843300 ) ) ;
#1139 = CARTESIAN_POINT ( 'NONE',  ( -0.2309828269025053500, -4.243085694362404500E-017, -0.4423076923076913500 ) ) ;
#1140 = ORIENTED_EDGE ( 'NONE', *, *, #798, .F. ) ;
#1141 = CARTESIAN_POINT ( 'NONE',  ( 0.06144714936052037700, -0.3975361736679877700, -0.01487581996710183500 ) ) ;
#1142 = CARTESIAN_POINT ( 'NONE',  ( 0.2165063509461094300, 0.1250000000000004200, -0.2147435897435892300 ) ) ;
#1143 = VERTEX_POINT ( 'NONE', #2166 ) ;
#1144 = APPROVAL_PERSON_ORGANIZATION ( #2112, #824, #418 ) ;
#1145 = VERTEX_POINT ( 'NONE', #1958 ) ;
#1146 = CARTESIAN_POINT ( 'NONE',  ( -0.06156911023824451800, -0.3974657595224033200, -0.01484626796048529900 ) ) ;
#1147 = CYLINDRICAL_SURFACE ( 'NONE', #207, 0.2000369959355133000 ) ;
#1148 = AXIS2_PLACEMENT_3D ( 'NONE', #1816, #651, #2094 ) ;
#1149 = CARTESIAN_POINT ( 'NONE',  ( -6.438656778682172300E-018, 0.4330127018922194100, -0.4531250000000000600 ) ) ;
#1150 = EDGE_LOOP ( 'NONE', ( #1965, #1277, #620, #865 ) ) ;
#1151 = PRODUCT_DEFINITION_FORMATION_WITH_SPECIFIED_SOURCE ( 'ANY', '', #1716, .NOT_KNOWN. ) ;
#1152 = CARTESIAN_POINT ( 'NONE',  ( -0.2499999999999999200, -2.058740054288218500E-016, -0.09615384615384588200 ) ) ;
#1153 = CARTESIAN_POINT ( 'NONE',  ( 0.07930206002228527800, -0.1953288581231757100, -0.04948188958545222300 ) ) ;
#1154 = PERSON_AND_ORGANIZATION_ROLE ( 'classification_officer' ) ;
#1155 = DIRECTION ( 'NONE',  ( -0.0000000000000000000, -0.0000000000000000000, -1.000000000000000000 ) ) ;
#1156 = CARTESIAN_POINT ( 'NONE',  ( -0.2500000000000000600, 4.574977898418264200E-017, -0.02884615384615374400 ) ) ;
#1157 = CARTESIAN_POINT ( 'NONE',  ( -0.1154914134512527900, 0.2000369959355132200, -0.1474358974358971100 ) ) ;
#1158 = CARTESIAN_POINT ( 'NONE',  ( 0.2500000000000000000, 0.0000000000000000000, -0.3749999999999992200 ) ) ;
#1159 = CARTESIAN_POINT ( 'NONE',  ( -0.1644285434240387900, -0.1139212616255348300, -0.05996300406448650000 ) ) ;
#1160 = CARTESIAN_POINT ( 'NONE',  ( -0.2165063509461100100, 0.1249999999999993300, -0.1891025641025636300 ) ) ;
#1161 = EDGE_CURVE ( 'NONE', #1453, #401, #494, .T. ) ;
#1162 = CARTESIAN_POINT ( 'NONE',  ( 0.2068104806328142400, 1.056819894534618900E-015, -0.3999354806328143700 ) ) ;
#1163 = CARTESIAN_POINT ( 'NONE',  ( 0.1154914134512526300, 0.2000369959355133000, -0.08333333333333316200 ) ) ;
#1164 = CARTESIAN_POINT ( 'NONE',  ( -0.2500000000000000600, -5.901721488959560200E-016, -0.4134615384615376000 ) ) ;
#1165 = CARTESIAN_POINT ( 'NONE',  ( -0.1443375672974065700, 0.2499999999999999400, -0.03205128205128191700 ) ) ;
#1166 = CARTESIAN_POINT ( 'NONE',  ( -0.2000369959355133000, -1.646992043430574600E-016, -0.1346153846153843300 ) ) ;
#1167 =( BOUNDED_CURVE ( )  B_SPLINE_CURVE ( 2, ( #1273, #1812, #184, #1463, #554, #719, #1988, #3, #2176 ),
 .UNSPECIFIED., .F., .F. ) 
 B_SPLINE_CURVE_WITH_KNOTS ( ( 3, 2, 2, 2, 3 ),
 ( 0.1071428571428571500, 0.1190476190476190400, 0.1428571428571428500, 0.1666666666666666600, 0.1785714285714285800 ),
 .UNSPECIFIED. ) 
 CURVE ( )  GEOMETRIC_REPRESENTATION_ITEM ( )  RATIONAL_B_SPLINE_CURVE ( ( 0.9330127018922194100, 0.9330127018922194100, 1.000000000000000000, 0.8660254037844387100, 1.000000000000000000, 0.8660254037844387100, 1.000000000000000000, 0.9330127018922193000, 0.9330127018922194100 ) ) 
 REPRESENTATION_ITEM ( '' )  );
#1168 = VECTOR ( 'NONE', #679, 39.37007874015748100 ) ;
#1169 =( BOUNDED_CURVE ( )  B_SPLINE_CURVE ( 2, ( #1195, #1371, #642, #1747, #1380, #1015, #98, #650, #1555 ),
 .UNSPECIFIED., .F., .T. ) 
 B_SPLINE_CURVE_WITH_KNOTS ( ( 3, 2, 2, 2, 3 ),
 ( 0.3214285714285714500, 0.3333333333333333100, 0.3571428571428571500, 0.3809523809523809300, 0.3928571428571429000 ),
 .UNSPECIFIED. ) 
 CURVE ( )  GEOMETRIC_REPRESENTATION_ITEM ( )  RATIONAL_B_SPLINE_CURVE ( ( 0.9330127018922194100, 0.9330127018922195200, 1.000000000000000000, 0.8660254037844387100, 1.000000000000000000, 0.8660254037844387100, 1.000000000000000000, 0.9330127018922189700, 0.9330127018922193000 ) ) 
 REPRESENTATION_ITEM ( '' )  );
#1170 = EDGE_CURVE ( 'NONE', #458, #630, #1249, .T. ) ;
#1171 = ORIENTED_EDGE ( 'NONE', *, *, #103, .F. ) ;
#1172 = VERTEX_POINT ( 'NONE', #1589 ) ;
#1173 = B_SPLINE_CURVE_WITH_KNOTS ( 'NONE', 3,
 ( #167, #880, #347, #1250, #1956, #1630 ),
 .UNSPECIFIED., .F., .F.,
 ( 4, 2, 4 ),
 ( 0.01007615877820265200, 0.01285910100879235400, 0.01564204323938205700 ),
 .UNSPECIFIED. ) ;
#1174 = CARTESIAN_POINT ( 'NONE',  ( -0.2000369959355133800, 0.05359975151726815300, -0.3688198614414238700 ) ) ;
#1175 = CARTESIAN_POINT ( 'NONE',  ( 0.2165063509461101200, -0.1249999999999992000, -0.3814102564102555500 ) ) ;
#1176 = VERTEX_POINT ( 'NONE', #1945 ) ;
#1177 = CARTESIAN_POINT ( 'NONE',  ( -0.2886751345948128700, -5.302876193624534000E-017, -0.3269230769230761500 ) ) ;
#1178 = CARTESIAN_POINT ( 'NONE',  ( 1.163723949508279500E-015, -0.2500000000000000000, -0.3173076923076916200 ) ) ;
#1179 = VERTEX_POINT ( 'NONE', #1252 ) ;
#1180 = AXIS2_PLACEMENT_3D ( 'NONE', #1495, #1323, #229 ) ;
#1181 = CARTESIAN_POINT ( 'NONE',  ( 0.0000000000000000000, 0.2000369959355133000, -0.2403846153846147800 ) ) ;
#1182 = CARTESIAN_POINT ( 'NONE',  ( 0.1394703101533270600, 0.1450206233541283000, -0.3937650029590634700 ) ) ;
#1183 = CARTESIAN_POINT ( 'NONE',  ( -0.2165063509461095700, -0.1250000000000001100, -0.01282051282051272300 ) ) ;
#1184 = CARTESIAN_POINT ( 'NONE',  ( -0.2165063509461097900, 0.1249999999999997800, -0.1121794871794868900 ) ) ;
#1185 = CARTESIAN_POINT ( 'NONE',  ( 0.1154914134512526300, 0.2000369959355133000, -0.2371794871794866700 ) ) ;
#1186 = CARTESIAN_POINT ( 'NONE',  ( 0.1274875785638130700, 0.1541483605324434300, -0.3931619959355135400 ) ) ;
#1187 = CARTESIAN_POINT ( 'NONE',  ( -0.2165063509461097600, 0.1249999999999998100, -0.1794871794871790200 ) ) ;
#1188 = CARTESIAN_POINT ( 'NONE',  ( -0.1968744682044053000, 0.03542941591583451100, -0.05996300406448598600 ) ) ;
#1189 = VECTOR ( 'NONE', #1280, 39.37007874015748100 ) ;
#1190 = ADVANCED_FACE ( 'NONE', ( #2014 ), #1697, .T. ) ;
#1191 = CC_DESIGN_DATE_AND_TIME_ASSIGNMENT ( #887, #1673, ( #700 ) ) ;
#1192 = CARTESIAN_POINT ( 'NONE',  ( 0.2194444540394059900, -0.3063163872803980100, 2.243636877609029100E-016 ) ) ;
#1193 = CARTESIAN_POINT ( 'NONE',  ( -0.1154914134512526100, -0.2000369959355133300, -0.4294871794871785700 ) ) ;
#1194 = ORIENTED_EDGE ( 'NONE', *, *, #1092, .T. ) ;
#1195 = CARTESIAN_POINT ( 'NONE',  ( 0.2500000000000000000, 1.555492485462209300E-016, -0.1346153846153842800 ) ) ;
#1196 = CARTESIAN_POINT ( 'NONE',  ( 0.1732371201768793400, -0.1000184979677560800, -0.2564102564102558300 ) ) ;
#1197 = AXIS2_PLACEMENT_3D ( 'NONE', #847, #1948, #93 ) ;
#1198 = CARTESIAN_POINT ( 'NONE',  ( 0.0000000000000000000, 0.2500000000000000000, -0.1153846153846150700 ) ) ;
#1199 = ORIENTED_EDGE ( 'NONE', *, *, #94, .T. ) ;
#1200 = CARTESIAN_POINT ( 'NONE',  ( 0.1045920794545938500, 0.1908585413214196900, -0.4102013572708239600 ) ) ;
#1201 = ORIENTED_EDGE ( 'NONE', *, *, #1414, .T. ) ;
#1202 = CARTESIAN_POINT ( 'NONE',  ( 0.2015947554932882000, -0.05708128057620950200, -0.4021564265317036400 ) ) ;
#1203 = ORIENTED_EDGE ( 'NONE', *, *, #581, .T. ) ;
#1204 = ADVANCED_FACE ( 'NONE', ( #2070 ), #2131, .F. ) ;
#1205 = CARTESIAN_POINT ( 'NONE',  ( -0.1154914134512526100, -0.2000369959355133300, -0.3525641025641018100 ) ) ;
#1206 = CARTESIAN_POINT ( 'NONE',  ( -0.2165063509461105700, 0.1249999999999984000, -0.4102564102564093000 ) ) ;
#1207 = EDGE_CURVE ( 'NONE', #1027, #797, #1468, .T. ) ;
#1208 = CARTESIAN_POINT ( 'NONE',  ( -0.1443375672974063500, -0.2500000000000001100, -0.3910256410256401400 ) ) ;
#1209 = LINE ( 'NONE', #1500, #721 ) ;
#1210 = CARTESIAN_POINT ( 'NONE',  ( -0.02209175604737904200, 0.2420272398949555300, -0.4358590006813359800 ) ) ;
#1211 = DIRECTION ( 'NONE',  ( -0.0000000000000000000, -0.0000000000000000000, -1.000000000000000000 ) ) ;
#1212 = DIRECTION ( 'NONE',  ( -0.0000000000000000000, -0.0000000000000000000, -1.000000000000000000 ) ) ;
#1213 = CARTESIAN_POINT ( 'NONE',  ( 0.2165063509461096800, -0.1249999999999999400, -0.4487179487179476800 ) ) ;
#1214 = CARTESIAN_POINT ( 'NONE',  ( 0.2165063509461094300, 0.1250000000000004200, -0.2051282051282046200 ) ) ;
#1215 = CARTESIAN_POINT ( 'NONE',  ( -8.185882966657249600E-017, -0.4330127018922194100, -0.4531250000000000600 ) ) ;
#1216 = CARTESIAN_POINT ( 'NONE',  ( 0.1352710266441647700, -0.1659833209532421700, -0.4067652216845812900 ) ) ;
#1217 = B_SPLINE_CURVE_WITH_KNOTS ( 'NONE', 3,
 ( #2030, #1301, #396, #1668, #575, #1853 ),
 .UNSPECIFIED., .F., .F.,
 ( 4, 2, 4 ),
 ( 2.380730676605164200E-007, 0.002782414026671817100, 0.005564589980275974100 ),
 .UNSPECIFIED. ) ;
#1218 = DIRECTION ( 'NONE',  ( -1.000000000000000000, 0.0000000000000000000, 0.0000000000000000000 ) ) ;
#1219 = CARTESIAN_POINT ( 'NONE',  ( 2.449746667834784500E-017, -0.2000369959355133000, 0.02884615384615390700 ) ) ;
#1220 = CONICAL_SURFACE ( 'NONE', #417, 0.3750000000000001100, 1.047197551196600100 ) ;
#1221 = ORIENTED_EDGE ( 'NONE', *, *, #48, .T. ) ;
#1222 = CARTESIAN_POINT ( 'NONE',  ( 0.1866170711025305100, 0.1663552487092398200, -0.4431249999999999900 ) ) ;
#1223 = VERTEX_POINT ( 'NONE', #155 ) ;
#1224 = CARTESIAN_POINT ( 'NONE',  ( -0.2272583441627124800, -0.03568762896593220800, -0.4230578669928091200 ) ) ;
#1225 = CARTESIAN_POINT ( 'NONE',  ( 0.0000000000000000000, 0.0000000000000000000, 0.0000000000000000000 ) ) ;
#1226 = ORIENTED_EDGE ( 'NONE', *, *, #1903, .F. ) ;
#1227 = CARTESIAN_POINT ( 'NONE',  ( -0.06988844484632278400, 0.2240850309091954600, -0.02576649170488638800 ) ) ;
#1228 = CARTESIAN_POINT ( 'NONE',  ( -0.2309828269025053500, -4.243085694362404500E-017, -0.1442307692307688000 ) ) ;
#1229 = CARTESIAN_POINT ( 'NONE',  ( -0.2165063509461100100, 0.1249999999999993300, -0.1794871794871790200 ) ) ;
#1230 = EDGE_LOOP ( 'NONE', ( #799, #2198, #1344, #1349 ) ) ;
#1231 = CARTESIAN_POINT ( 'NONE',  ( -0.1336392066975590500, 0.1982238856898945200, -0.4318818169336594600 ) ) ;
#1232 = ORIENTED_EDGE ( 'NONE', *, *, #143, .T. ) ;
#1233 = CARTESIAN_POINT ( 'NONE',  ( -0.2500000000000000000, -0.06698729810778104900, -0.3234878308662669200 ) ) ;
#1234 = ORIENTED_EDGE ( 'NONE', *, *, #509, .F. ) ;
#1235 = CARTESIAN_POINT ( 'NONE',  ( 0.2500000000000000000, -5.672972594038645900E-016, -0.4423076923076913500 ) ) ;
#1236 = CARTESIAN_POINT ( 'NONE',  ( 0.09326350922354924300, 0.2094162546678367500, -0.03125597224137025000 ) ) ;
#1237 = CARTESIAN_POINT ( 'NONE',  ( 3.061616997868383000E-017, -0.2500000000000000000, -0.3846153846153837500 ) ) ;
#1238 =( BOUNDED_CURVE ( )  B_SPLINE_CURVE ( 2, ( #631, #1910, #1184, #430, #86, #1368, #273, #1546, #609 ),
 .UNSPECIFIED., .F., .F. ) 
 B_SPLINE_CURVE_WITH_KNOTS ( ( 3, 2, 2, 2, 3 ),
 ( 0.2500000000000000000, 0.2619047619047619200, 0.2857142857142857000, 0.3095238095238095300, 0.3214285714285714500 ),
 .UNSPECIFIED. ) 
 CURVE ( )  GEOMETRIC_REPRESENTATION_ITEM ( )  RATIONAL_B_SPLINE_CURVE ( ( 0.9330127018922194100, 0.9330127018922194100, 1.000000000000000000, 0.8660254037844387100, 1.000000000000000000, 0.8660254037844387100, 1.000000000000000000, 0.9330127018922191900, 0.9330127018922194100 ) ) 
 REPRESENTATION_ITEM ( '' )  );
#1239 = AXIS2_PLACEMENT_3D ( 'NONE', #787, #403, #210 ) ;
#1240 =( BOUNDED_CURVE ( )  B_SPLINE_CURVE ( 2, ( #1598, #340, #522, #1411, #129, #1051, #868, #853, #2151 ),
 .UNSPECIFIED., .F., .F. ) 
 B_SPLINE_CURVE_WITH_KNOTS ( ( 3, 2, 2, 2, 3 ),
 ( 0.6071428571428572100, 0.6190476190476190700, 0.6428571428571429000, 0.6666666666666666300, 0.6785714285714286000 ),
 .UNSPECIFIED. ) 
 CURVE ( )  GEOMETRIC_REPRESENTATION_ITEM ( )  RATIONAL_B_SPLINE_CURVE ( ( 0.9330127018922193000, 0.9330127018922196300, 1.000000000000000000, 0.8660254037844387100, 1.000000000000000000, 0.8660254037844387100, 1.000000000000000000, 0.9330127018922189700, 0.9330127018922193000 ) ) 
 REPRESENTATION_ITEM ( '' )  );
#1241 = ADVANCED_BREP_SHAPE_REPRESENTATION ( '94842A104_Medium-Strength Steel Flange Nut', ( #47, #790 ), #1971 ) ;
#1242 = CARTESIAN_POINT ( 'NONE',  ( -0.2500000000000000600, 0.06698729810778023000, -0.2534352460568087300 ) ) ;
#1243 = AXIS2_PLACEMENT_3D ( 'NONE', #1265, #1810, #363 ) ;
#1244 = CARTESIAN_POINT ( 'NONE',  ( 0.2015989775265673900, 0.09625320197343684200, -0.03673141595938085600 ) ) ;
#1245 = CARTESIAN_POINT ( 'NONE',  ( -0.2309828269025053500, -4.243085694362404500E-017, -0.3749999999999991100 ) ) ;
#1246 = EDGE_CURVE ( 'NONE', #855, #2148, #1240, .T. ) ;
#1247 = EDGE_CURVE ( 'NONE', #55, #1512, #1402, .T. ) ;
#1248 = CARTESIAN_POINT ( 'NONE',  ( 0.2499999999999999700, -0.06698729810778036900, -0.1476660152875781400 ) ) ;
#1249 = CIRCLE ( 'NONE', #153, 0.2600000000000000100 ) ;
#1250 = CARTESIAN_POINT ( 'NONE',  ( -0.3750000000000001100, -0.07296624394899414700, -0.003149479541616290600 ) ) ;
#1251 = FACE_OUTER_BOUND ( 'NONE', #72, .T. ) ;
#1252 = CARTESIAN_POINT ( 'NONE',  ( -0.2500000000000000600, 9.149955796836526500E-018, -0.1826923076923073200 ) ) ;
#1253 = CARTESIAN_POINT ( 'NONE',  ( 0.1913284478359142700, 0.1167365778379708500, -0.03599965240008839300 ) ) ;
#1254 = VERTEX_POINT ( 'NONE', #1235 ) ;
#1255 = ORIENTED_EDGE ( 'NONE', *, *, #1897, .T. ) ;
#1256 = DIRECTION ( 'NONE',  ( 0.0000000000000000000, 0.0000000000000000000, 1.000000000000000000 ) ) ;
#1257 = VERTEX_POINT ( 'NONE', #675 ) ;
#1258 = CARTESIAN_POINT ( 'NONE',  ( -0.1045800214114372400, -0.2141400633285431800, -0.02213828367390956500 ) ) ;
#1259 = CARTESIAN_POINT ( 'NONE',  ( -0.2351002234911679400, 0.05989198840610535800, -0.01786145079131319600 ) ) ;
#1260 = CARTESIAN_POINT ( 'NONE',  ( 0.1732371201768790300, -0.1000184979677565900, -0.1891025641025635700 ) ) ;
#1261 = ORIENTED_EDGE ( 'NONE', *, *, #344, .T. ) ;
#1262 = LINE ( 'NONE', #937, #1859 ) ;
#1263 = CARTESIAN_POINT ( 'NONE',  ( -0.1443375672974059900, -0.2500000000000002200, -0.3141025641025633800 ) ) ;
#1264 = CARTESIAN_POINT ( 'NONE',  ( -0.2034856324897917900, -0.07297034252488256200, -0.04431226060210946600 ) ) ;
#1265 = CARTESIAN_POINT ( 'NONE',  ( 0.0000000000000000000, 0.0000000000000000000, 0.0000000000000000000 ) ) ;
#1266 = CARTESIAN_POINT ( 'NONE',  ( 0.1154914134512527400, -0.2000369959355132500, -0.4262820512820503200 ) ) ;
#1267 = CARTESIAN_POINT ( 'NONE',  ( -0.1443375672974068500, 0.2499999999999997500, -0.1089743589743586700 ) ) ;
#1268 = CARTESIAN_POINT ( 'NONE',  ( 0.1874999999999999700, -0.3247595264191646100, 0.0000000000000000000 ) ) ;
#1269 = CARTESIAN_POINT ( 'NONE',  ( -0.2500000000000000000, -0.06698729810778104900, -0.3331032154816515600 ) ) ;
#1270 = AXIS2_PLACEMENT_3D ( 'NONE', #1530, #247, #1899 ) ;
#1271 = CARTESIAN_POINT ( 'NONE',  ( 0.2000369959355133300, 0.05359975151726846500, -0.1023339847124211800 ) ) ;
#1272 = DIRECTION ( 'NONE',  ( 0.0000000000000000000, 0.0000000000000000000, -1.000000000000000000 ) ) ;
#1273 = CARTESIAN_POINT ( 'NONE',  ( -0.2500000000000000600, 4.574977898418264200E-017, -0.01923076923076913100 ) ) ;
#1274 = CARTESIAN_POINT ( 'NONE',  ( -0.2165063509461097600, 0.1249999999999998100, -0.3429487179487171700 ) ) ;
#1275 = LINE ( 'NONE', #479, #903 ) ;
#1276 = DIRECTION ( 'NONE',  ( 0.0000000000000000000, 0.0000000000000000000, 1.000000000000000000 ) ) ;
#1277 = ORIENTED_EDGE ( 'NONE', *, *, #1289, .T. ) ;
#1278 = AXIS2_PLACEMENT_3D ( 'NONE', #1055, #133, #1407 ) ;
#1279 = VERTEX_POINT ( 'NONE', #1579 ) ;
#1280 = DIRECTION ( 'NONE',  ( 0.0000000000000000000, 0.0000000000000000000, 1.000000000000000000 ) ) ;
#1281 = CARTESIAN_POINT ( 'NONE',  ( -0.1154914134512524300, -0.2000369959355134400, -0.1987179487179482900 ) ) ;
#1282 = CARTESIAN_POINT ( 'NONE',  ( -1.224646799147353200E-016, 0.2500000000000000000, -0.1153846153846150700 ) ) ;
#1283 = AXIS2_PLACEMENT_3D ( 'NONE', #136, #1256, #1419 ) ;
#1284 = ORIENTED_EDGE ( 'NONE', *, *, #670, .F. ) ;
#1285 = CARTESIAN_POINT ( 'NONE',  ( 1.224956289465647300E-015, -0.2500000000000000000, -0.3846153846153837500 ) ) ;
#1286 = VERTEX_POINT ( 'NONE', #862 ) ;
#1287 = AXIS2_PLACEMENT_3D ( 'NONE', #2117, #1594, #1788 ) ;
#1288 = ORIENTED_EDGE ( 'NONE', *, *, #1640, .F. ) ;
#1289 = EDGE_CURVE ( 'NONE', #1888, #2115, #9, .T. ) ;
#1290 = CARTESIAN_POINT ( 'NONE',  ( -0.1732371201768790900, 0.1000184979677565100, -0.3814102564102555000 ) ) ;
#1291 = CARTESIAN_POINT ( 'NONE',  ( 0.2000369959355133300, 6.404969057785569500E-017, -0.09615384615384597900 ) ) ;
#1292 = CARTESIAN_POINT ( 'NONE',  ( 0.0000000000000000000, 0.2500000000000000000, -0.04807692307692292700 ) ) ;
#1293 = VECTOR ( 'NONE', #1212, 39.37007874015748100 ) ;
#1294 = CARTESIAN_POINT ( 'NONE',  ( 0.2165063509461096800, -0.1249999999999999400, -0.3044871794871787900 ) ) ;
#1295 = AXIS2_PLACEMENT_3D ( 'NONE', #927, #1813, #900 ) ;
#1296 = CARTESIAN_POINT ( 'NONE',  ( -0.2165063509461097600, 0.1249999999999998100, -0.1121794871794868900 ) ) ;
#1297 = DIRECTION ( 'NONE',  ( -0.8660254037844388200, -0.4999999999999998300, 0.0000000000000000000 ) ) ;
#1298 = CARTESIAN_POINT ( 'NONE',  ( 0.1732371201768789800, 0.1000184979677566600, -0.1762820512820507900 ) ) ;
#1299 = CIRCLE ( 'NONE', #1974, 0.2600000000000000100 ) ;
#1300 = AXIS2_PLACEMENT_3D ( 'NONE', #1127, #587, #618 ) ;
#1301 = CARTESIAN_POINT ( 'NONE',  ( -0.3443274684896632800, 0.2342151452703299100, -0.02326947188376296200 ) ) ;
#1302 = CARTESIAN_POINT ( 'NONE',  ( 0.2000369959355133300, -0.05359975151726841000, -0.09958909221065522000 ) ) ;
#1303 = LINE ( 'NONE', #1939, #1730 ) ;
#1304 = CARTESIAN_POINT ( 'NONE',  ( 0.1154914134512527400, -0.2000369959355132500, -0.4935897435897425000 ) ) ;
#1305 = CARTESIAN_POINT ( 'NONE',  ( 0.2494914749921315900, -0.01593750000001815900, -0.4431250000000000500 ) ) ;
#1306 = VERTEX_POINT ( 'NONE', #872 ) ;
#1307 = ORIENTED_EDGE ( 'NONE', *, *, #834, .T. ) ;
#1308 = DIRECTION ( 'NONE',  ( -1.000000000000000000, 0.0000000000000000000, 0.0000000000000000000 ) ) ;
#1309 = CARTESIAN_POINT ( 'NONE',  ( 0.2165063509461100700, -0.1249999999999992900, -0.2179487179487174000 ) ) ;
#1310 = EDGE_LOOP ( 'NONE', ( #2188, #1826, #657, #1366 ) ) ;
#1311 = DATE_AND_TIME ( #1779, #1801 ) ;
#1312 = DIRECTION ( 'NONE',  ( -0.8660254037844388200, -0.4999999999999998300, 0.0000000000000000000 ) ) ;
#1313 = CARTESIAN_POINT ( 'NONE',  ( 2.449746667834784500E-017, -0.2000369959355133000, -0.4999999999999989500 ) ) ;
#1314 = ORIENTED_EDGE ( 'NONE', *, *, #149, .T. ) ;
#1315 = FACE_OUTER_BOUND ( 'NONE', #2139, .T. ) ;
#1316 = CARTESIAN_POINT ( 'NONE',  ( -1.004744121418641700E-016, -0.4330127018922194100, -0.03349364905389017000 ) ) ;
#1317 = CARTESIAN_POINT ( 'NONE',  ( 0.2000369959355133000, 2.744986739050957900E-017, -0.3365384615384606200 ) ) ;
#1318 = AXIS2_PLACEMENT_3D ( 'NONE', #1130, #1155, #206 ) ;
#1319 = EDGE_LOOP ( 'NONE', ( #2352, #147, #1070, #120 ) ) ;
#1320 = DIRECTION ( 'NONE',  ( 1.000000000000000000, 0.0000000000000000000, 0.0000000000000000000 ) ) ;
#1321 = CARTESIAN_POINT ( 'NONE',  ( 0.2000369959355133000, 0.0000000000000000000, -1.160231781186547700 ) ) ;
#1322 = CARTESIAN_POINT ( 'NONE',  ( 0.2165063509461096500, 0.1250000000000000300, 0.01602564102564104500 ) ) ;
#1323 = DIRECTION ( 'NONE',  ( -0.0000000000000000000, -0.0000000000000000000, 1.000000000000000000 ) ) ;
#1324 = CARTESIAN_POINT ( 'NONE',  ( -0.1715874917192528300, 0.3339466173585361500, 1.992111444354478500E-016 ) ) ;
#1325 = EDGE_CURVE ( 'NONE', #942, #883, #1960, .T. ) ;
#1326 =( LENGTH_UNIT ( ) NAMED_UNIT ( * ) SI_UNIT ( $, .METRE. ) );
#1327 = CARTESIAN_POINT ( 'NONE',  ( -1.004744121418641700E-016, -0.4330127018922194100, -0.03349364905389017000 ) ) ;
#1328 = CARTESIAN_POINT ( 'NONE',  ( 0.0000000000000000000, 0.0000000000000000000, -1.160231781186547700 ) ) ;
#1329 = CARTESIAN_POINT ( 'NONE',  ( 0.2000369959355133000, -4.666477456386628800E-016, -0.2596153846153839700 ) ) ;
#1330 = CARTESIAN_POINT ( 'NONE',  ( -0.2499999999999997500, -0.06698729810778153400, -0.4100262924047282700 ) ) ;
#1331 = CARTESIAN_POINT ( 'NONE',  ( 0.1692860662061800000, -0.1324860226490604500, -0.04532033378926367300 ) ) ;
#1332 = DIRECTION ( 'NONE',  ( 0.7071067811865486800, 0.0000000000000000000, 0.7071067811865462400 ) ) ;
#1333 = FACE_OUTER_BOUND ( 'NONE', #2000, .T. ) ;
#1334 = APPLICATION_CONTEXT ( 'configuration controlled 3d designs of mechanical parts and assemblies' ) ;
#1335 = CARTESIAN_POINT ( 'NONE',  ( 0.0000000000000000000, 0.0000000000000000000, -0.4031250000000000100 ) ) ;
#1336 = CYLINDRICAL_SURFACE ( 'NONE', #381, 0.2500000000000000000 ) ;
#1337 = CARTESIAN_POINT ( 'NONE',  ( 2.449746667834784500E-017, -0.2000369959355133000, -0.1249999999999996300 ) ) ;
#1338 = CARTESIAN_POINT ( 'NONE',  ( -0.1732371201768789500, -0.1000184979677567300, -0.05128205128205116200 ) ) ;
#1339 = ORIENTED_EDGE ( 'NONE', *, *, #1862, .T. ) ;
#1340 = CARTESIAN_POINT ( 'NONE',  ( -0.3750000000000001100, -0.2165063509461096500, -0.03349364905389014300 ) ) ;
#1341 = CARTESIAN_POINT ( 'NONE',  ( -0.06144714936052041200, 0.3975361736679878200, -0.01487581996710187600 ) ) ;
#1342 = ORIENTED_EDGE ( 'NONE', *, *, #2212, .T. ) ;
#1343 =( BOUNDED_CURVE ( )  B_SPLINE_CURVE ( 2, ( #987, #1516, #433, #1913, #2252, #632, #1698, #76, #793 ),
 .UNSPECIFIED., .F., .T. ) 
 B_SPLINE_CURVE_WITH_KNOTS ( ( 3, 2, 2, 2, 3 ),
 ( 0.5357142857142858100, 0.5476190476190476700, 0.5714285714285714000, 0.5952380952380952300, 0.6071428571428572100 ),
 .UNSPECIFIED. ) 
 CURVE ( )  GEOMETRIC_REPRESENTATION_ITEM ( )  RATIONAL_B_SPLINE_CURVE ( ( 0.9330127018922193000, 0.9330127018922196300, 1.000000000000000000, 0.8660254037844387100, 1.000000000000000000, 0.8660254037844387100, 1.000000000000000000, 0.9330127018922189700, 0.9330127018922193000 ) ) 
 REPRESENTATION_ITEM ( '' )  );
#1344 = ORIENTED_EDGE ( 'NONE', *, *, #509, .T. ) ;
#1345 = CARTESIAN_POINT ( 'NONE',  ( -0.2000369959355133600, 0.05359975151726818800, -0.2918967845183471600 ) ) ;
#1346 = COORDINATED_UNIVERSAL_TIME_OFFSET ( 6, 0, .BEHIND. ) ;
#1347 = AXIS2_PLACEMENT_3D ( 'NONE', #1149, #2020, #1312 ) ;
#1348 = CARTESIAN_POINT ( 'NONE',  ( -0.2510158587262373300, -0.2880886282857611500, -0.003855317748774944000 ) ) ;
#1349 = ORIENTED_EDGE ( 'NONE', *, *, #2018, .F. ) ;
#1350 = CARTESIAN_POINT ( 'NONE',  ( -0.1154914134512534700, 0.2000369959355128000, -0.3782051282051274200 ) ) ;
#1351 = CARTESIAN_POINT ( 'NONE',  ( 3.061616997868383000E-017, -0.2500000000000000000, -0.1538461538461534700 ) ) ;
#1352 = CARTESIAN_POINT ( 'NONE',  ( -0.3750000000000001100, -0.2165063509461096500, -0.4531250000000000600 ) ) ;
#1353 = CARTESIAN_POINT ( 'NONE',  ( 0.1154914134512527400, -0.2000369959355132500, -0.1185897435897432100 ) ) ;
#1354 = B_SPLINE_CURVE_WITH_KNOTS ( 'NONE', 3,
 ( #613, #449, #1019, #2274, #1561, #2099 ),
 .UNSPECIFIED., .F., .F.,
 ( 4, 2, 4 ),
 ( 0.03692365109160636300, 0.03970579511732359700, 0.04248793914304083200 ),
 .UNSPECIFIED. ) ;
#1355 = CARTESIAN_POINT ( 'NONE',  ( 0.2000369959355134400, 0.05359975151726835400, -0.2561801385585746900 ) ) ;
#1356 = CARTESIAN_POINT ( 'NONE',  ( -0.1443375672974065700, 0.2499999999999999400, -0.3397435897435889800 ) ) ;
#1357 = LINE ( 'NONE', #2015, #1020 ) ;
#1358 = CARTESIAN_POINT ( 'NONE',  ( 0.2165063509461095700, 0.1250000000000001100, -0.06089743589743570900 ) ) ;
#1359 = DIRECTION ( 'NONE',  ( -0.0000000000000000000, -0.0000000000000000000, -1.000000000000000000 ) ) ;
#1360 = AXIS2_PLACEMENT_3D ( 'NONE', #1891, #1415, #1135 ) ;
#1361 = CARTESIAN_POINT ( 'NONE',  ( 0.1443375672974064100, 0.2500000000000000000, 0.03205128205128205500 ) ) ;
#1362 = DIRECTION ( 'NONE',  ( 1.000000000000000000, 0.0000000000000000000, 0.0000000000000000000 ) ) ;
#1363 = FACE_OUTER_BOUND ( 'NONE', #1854, .T. ) ;
#1364 = EDGE_CURVE ( 'NONE', #1057, #24, #991, .T. ) ;
#1365 = EDGE_CURVE ( 'NONE', #852, #1701, #483, .T. ) ;
#1366 = ORIENTED_EDGE ( 'NONE', *, *, #48, .F. ) ;
#1367 = ORIENTED_EDGE ( 'NONE', *, *, #393, .T. ) ;
#1368 = CARTESIAN_POINT ( 'NONE',  ( 0.1443375672974061600, 0.2500000000000000600, -0.1314102564102560500 ) ) ;
#1369 = ADVANCED_FACE ( 'NONE', ( #1671 ), #714, .T. ) ;
#1370 = CARTESIAN_POINT ( 'NONE',  ( 0.1732371201768790300, -0.1000184979677565900, -0.4102564102564094100 ) ) ;
#1371 = CARTESIAN_POINT ( 'NONE',  ( 0.2499999999999999700, -0.06698729810778036900, -0.1380506306721935300 ) ) ;
#1372 = EDGE_CURVE ( 'NONE', #139, #1888, #389, .T. ) ;
#1373 = ORIENTED_EDGE ( 'NONE', *, *, #263, .F. ) ;
#1374 = CARTESIAN_POINT ( 'NONE',  ( 0.2165063509461096500, 0.1250000000000000300, -0.2051282051282046200 ) ) ;
#1375 = CARTESIAN_POINT ( 'NONE',  ( 0.2500000000000000600, 3.248234307876966900E-016, -0.2115384615384610400 ) ) ;
#1376 = ORIENTED_EDGE ( 'NONE', *, *, #1688, .T. ) ;
#1377 = ORIENTED_EDGE ( 'NONE', *, *, #1054, .T. ) ;
#1378 = CARTESIAN_POINT ( 'NONE',  ( 0.1764809579464680600, -0.1164154369030513400, -0.4044236145997632800 ) ) ;
#1379 = CARTESIAN_POINT ( 'NONE',  ( -0.1732371201768789500, -0.1000184979677567300, -0.2051282051282047000 ) ) ;
#1380 = CARTESIAN_POINT ( 'NONE',  ( 5.971700597434817500E-016, -0.2500000000000000000, -0.1538461538461534700 ) ) ;
#1381 = CARTESIAN_POINT ( 'NONE',  ( 0.0000000000000000000, 0.0000000000000000000, -0.3931619959355135400 ) ) ;
#1382 = ADVANCED_FACE ( 'NONE', ( #158 ), #356, .T. ) ;
#1383 = CARTESIAN_POINT ( 'NONE',  ( 0.1732371201768789800, 0.1000184979677566600, -0.02243589743589725900 ) ) ;
#1384 = CARTESIAN_POINT ( 'NONE',  ( 0.0000000000000000000, 0.0000000000000000000, 0.0000000000000000000 ) ) ;
#1385 = ADVANCED_FACE ( 'NONE', ( #1553 ), #102, .F. ) ;
#1386 = CARTESIAN_POINT ( 'NONE',  ( -0.1431427029072416300, -0.1734286369806401500, -0.4175415742593162600 ) ) ;
#1387 = CARTESIAN_POINT ( 'NONE',  ( 2.449746667834784500E-017, -0.2000369959355133000, -0.2692307692307686600 ) ) ;
#1388 = CARTESIAN_POINT ( 'NONE',  ( -0.1732371201768790900, 0.1000184979677565100, -0.07371794871794844200 ) ) ;
#1389 = CARTESIAN_POINT ( 'NONE',  ( 0.0000000000000000000, 0.0000000000000000000, -0.4031250000000000100 ) ) ;
#1390 = DIRECTION ( 'NONE',  ( 1.000000000000000000, 0.0000000000000000000, 0.0000000000000000000 ) ) ;
#1391 = FACE_OUTER_BOUND ( 'NONE', #708, .T. ) ;
#1392 = ADVANCED_FACE ( 'NONE', ( #234 ), #1098, .F. ) ;
#1393 = LINE ( 'NONE', #1751, #2238 ) ;
#1394 = CARTESIAN_POINT ( 'NONE',  ( 0.2500000000000002800, 0.06698729810778103500, -0.4388724462508821200 ) ) ;
#1395 = CARTESIAN_POINT ( 'NONE',  ( 2.449746667834784500E-017, -0.2000369959355133000, -0.1249999999999996300 ) ) ;
#1396 = ORIENTED_EDGE ( 'NONE', *, *, #1404, .F. ) ;
#1397 = CARTESIAN_POINT ( 'NONE',  ( 0.2118176300012135400, 0.1025671655543154700, -0.4279569072747743700 ) ) ;
#1398 = CARTESIAN_POINT ( 'NONE',  ( -0.2291205390234332700, 0.04829337055154207100, -0.4260074122224997200 ) ) ;
#1399 = EDGE_LOOP ( 'NONE', ( #164, #1434, #227, #537 ) ) ;
#1400 = ORIENTED_EDGE ( 'NONE', *, *, #2146, .T. ) ;
#1401 = FACE_BOUND ( 'NONE', #190, .T. ) ;
#1402 = B_SPLINE_CURVE_WITH_KNOTS ( 'NONE', 3,
 ( #2317, #507, #1073, #1067, #1951, #1790, #1058, #2134 ),
 .UNSPECIFIED., .F., .F.,
 ( 4, 2, 2, 4 ),
 ( 0.03135543467627187300, 0.03413954288393911800, 0.03553159698777273700, 0.03692365109160636300 ),
 .UNSPECIFIED. ) ;
#1403 = CARTESIAN_POINT ( 'NONE',  ( -0.02331057570381435100, -0.2477613440628349500, -0.01158487168360052200 ) ) ;
#1404 = EDGE_CURVE ( 'NONE', #1947, #942, #952, .T. ) ;
#1405 = CARTESIAN_POINT ( 'NONE',  ( 0.1154914134512527400, -0.2000369959355132500, -0.1185897435897432200 ) ) ;
#1406 = EDGE_LOOP ( 'NONE', ( #2298, #1831, #1565 ) ) ;
#1407 = DIRECTION ( 'NONE',  ( -1.000000000000000000, 0.0000000000000000000, 0.0000000000000000000 ) ) ;
#1408 = CARTESIAN_POINT ( 'NONE',  ( 0.05034563295848743700, 0.2399872157875360700, -0.4380402662710303800 ) ) ;
#1409 = CARTESIAN_POINT ( 'NONE',  ( -0.2303467538096586900, -0.01442058987772349200, -0.4238113063328423100 ) ) ;
#1410 = AXIS2_PLACEMENT_3D ( 'NONE', #1462, #757, #1125 ) ;
#1411 = CARTESIAN_POINT ( 'NONE',  ( 0.1154914134512527400, -0.2000369959355132500, -0.2724358974358966900 ) ) ;
#1412 = CARTESIAN_POINT ( 'NONE',  ( 0.1650961908598530500, 0.1538054931351004500, -0.03448900387646867300 ) ) ;
#1413 = CARTESIAN_POINT ( 'NONE',  ( 0.1732371201768789800, 0.1000184979677566600, -0.09935897435897402000 ) ) ;
#1414 = EDGE_CURVE ( 'NONE', #832, #28, #2011, .T. ) ;
#1415 = DIRECTION ( 'NONE',  ( 0.0000000000000000000, 0.0000000000000000000, -1.000000000000000000 ) ) ;
#1416 =( BOUNDED_CURVE ( )  B_SPLINE_CURVE ( 2, ( #1441, #1807, #710, #2172, #1084, #1263, #683, #1233, #327 ),
 .UNSPECIFIED., .F., .F. ) 
 B_SPLINE_CURVE_WITH_KNOTS ( ( 3, 2, 2, 2, 3 ),
 ( 0.6071428571428572100, 0.6190476190476190700, 0.6428571428571429000, 0.6666666666666666300, 0.6785714285714286000 ),
 .UNSPECIFIED. ) 
 CURVE ( )  GEOMETRIC_REPRESENTATION_ITEM ( )  RATIONAL_B_SPLINE_CURVE ( ( 0.9330127018922193000, 0.9330127018922196300, 1.000000000000000000, 0.8660254037844387100, 1.000000000000000000, 0.8660254037844387100, 1.000000000000000000, 0.9330127018922189700, 0.9330127018922193000 ) ) 
 REPRESENTATION_ITEM ( '' )  );
#1417 = DIRECTION ( 'NONE',  ( 1.000000000000000000, 0.0000000000000000000, 0.0000000000000000000 ) ) ;
#1418 =( BOUNDED_CURVE ( )  B_SPLINE_CURVE ( 2, ( #2192, #727, #1290, #915, #1622 ),
 .UNSPECIFIED., .F., .T. ) 
 B_SPLINE_CURVE_WITH_KNOTS ( ( 3, 2, 3 ),
 ( 0.8214285714285715100, 0.8333333333333333700, 0.8549343064005738800 ),
 .UNSPECIFIED. ) 
 CURVE ( )  GEOMETRIC_REPRESENTATION_ITEM ( )  RATIONAL_B_SPLINE_CURVE ( ( 0.9330127018922193000, 0.9330127018922196300, 1.000000000000000000, 0.8784527709290355100, 0.9774507692690797000 ) ) 
 REPRESENTATION_ITEM ( '' )  );
#1420 = EDGE_CURVE ( 'NONE', #825, #690, #1082, .T. ) ;
#1419 = DIRECTION ( 'NONE',  ( 1.000000000000000000, 0.0000000000000000000, -0.0000000000000000000 ) ) ;
#1421 = CARTESIAN_POINT ( 'NONE',  ( -0.1443375672974061800, -0.2500000000000000600, -0.09294871794871770200 ) ) ;
#1422 = CARTESIAN_POINT ( 'NONE',  ( 0.1732371201768789800, 0.1000184979677566600, -0.3301282051282042900 ) ) ;
#1423 = LINE ( 'NONE', #2025, #645 ) ;
#1424 = FACE_OUTER_BOUND ( 'NONE', #734, .T. ) ;
#1425 = AXIS2_PLACEMENT_3D ( 'NONE', #1381, #1359, #2102 ) ;
#1426 = ORIENTED_EDGE ( 'NONE', *, *, #7, .T. ) ;
#1427 = CARTESIAN_POINT ( 'NONE',  ( 0.1443375672974060400, 0.2500000000000002200, -0.2756410256410249900 ) ) ;
#1428 = ORIENTED_EDGE ( 'NONE', *, *, #383, .F. ) ;
#1429 = CARTESIAN_POINT ( 'NONE',  ( -0.2600000000000000100, 3.184081677783118700E-017, 0.0000000000000000000 ) ) ;
#1430 = DIRECTION ( 'NONE',  ( -1.000000000000000000, 0.0000000000000000000, 0.0000000000000000000 ) ) ;
#1431 = VERTEX_POINT ( 'NONE', #1563 ) ;
#1432 = PERSON_AND_ORGANIZATION ( #2120, #435 ) ;
#1433 = CARTESIAN_POINT ( 'NONE',  ( -0.1443375672974065700, 0.2499999999999999200, -0.04166666666666652600 ) ) ;
#1434 = ORIENTED_EDGE ( 'NONE', *, *, #264, .T. ) ;
#1435 = VECTOR ( 'NONE', #524, 39.37007874015748900 ) ;
#1436 = CARTESIAN_POINT ( 'NONE',  ( -0.2000369959355132500, 0.05359975151726870100, -0.3015121691337316900 ) ) ;
#1437 = DIRECTION ( 'NONE',  ( 1.000000000000000000, 0.0000000000000000000, 0.0000000000000000000 ) ) ;
#1438 = CARTESIAN_POINT ( 'NONE',  ( 0.2197642884881809400, -3.888731213655523700E-016, -0.04023571151181890700 ) ) ;
#1439 = CARTESIAN_POINT ( 'NONE',  ( -0.2600000000000000100, 0.0000000000000000000, -0.4531250000000000600 ) ) ;
#1440 = VECTOR ( 'NONE', #118, 39.37007874015748100 ) ;
#1441 = CARTESIAN_POINT ( 'NONE',  ( 0.2500000000000000600, 8.234960217152874200E-017, -0.2884615384615378300 ) ) ;
#1442 = CARTESIAN_POINT ( 'NONE',  ( -0.05841244349313333400, -0.2372184111795890600, -0.01580414585422966100 ) ) ;
#1443 = CARTESIAN_POINT ( 'NONE',  ( 0.2165063509461097900, -0.1249999999999998100, -0.07371794871794851200 ) ) ;
#1444 = CARTESIAN_POINT ( 'NONE',  ( 0.1732371201768789800, 0.1000184979677566600, -0.4070512820512810500 ) ) ;
#1446 = EDGE_CURVE ( 'NONE', #1306, #2089, #775, .T. ) ;
#1445 = CARTESIAN_POINT ( 'NONE',  ( 0.1154914134512526600, 0.2000369959355133000, -0.3237179487179479600 ) ) ;
#1447 = CIRCLE ( 'NONE', #702, 0.5156250000000000000 ) ;
#1448 = CARTESIAN_POINT ( 'NONE',  ( -0.2600000000000000100, 0.0000000000000000000, -0.4531250000000000600 ) ) ;
#1449 = CARTESIAN_POINT ( 'NONE',  ( -0.1154914134512527900, 0.2000369959355132200, -0.4647435897435887000 ) ) ;
#1450 = CARTESIAN_POINT ( 'NONE',  ( -0.2500000000000001100, 0.06698729810778016000, -0.3399737075952700700 ) ) ;
#1451 = FACE_OUTER_BOUND ( 'NONE', #1541, .T. ) ;
#1452 = DIRECTION ( 'NONE',  ( 1.000000000000000000, 0.0000000000000000000, 0.0000000000000000000 ) ) ;
#1453 = VERTEX_POINT ( 'NONE', #1757 ) ;
#1454 = CARTESIAN_POINT ( 'NONE',  ( 0.2000369959355133800, -0.05359975151726817400, -0.3303583229798855400 ) ) ;
#1455 = ORIENTED_EDGE ( 'NONE', *, *, #1246, .T. ) ;
#1456 = CARTESIAN_POINT ( 'NONE',  ( 0.3750000000000001100, 0.2165063509461097900, -0.4531250000000000600 ) ) ;
#1457 = DIRECTION ( 'NONE',  ( 1.000000000000000000, 0.0000000000000000000, 0.0000000000000000000 ) ) ;
#1458 = ORIENTED_EDGE ( 'NONE', *, *, #1774, .T. ) ;
#1459 = VECTOR ( 'NONE', #1211, 39.37007874015748100 ) ;
#1460 = CARTESIAN_POINT ( 'NONE',  ( -0.2000369959355133000, -7.777462427311046400E-017, -0.06730769230769204100 ) ) ;
#1461 = ORIENTED_EDGE ( 'NONE', *, *, #551, .F. ) ;
#1462 = CARTESIAN_POINT ( 'NONE',  ( -8.185882966657249600E-017, -0.4330127018922194100, -0.4531250000000000600 ) ) ;
#1463 = CARTESIAN_POINT ( 'NONE',  ( -0.1443375672974065700, 0.2499999999999999200, -0.03205128205128191700 ) ) ;
#1464 = CARTESIAN_POINT ( 'NONE',  ( 0.0000000000000000000, 0.2500000000000000000, -0.4326923076923067700 ) ) ;
#1465 = CARTESIAN_POINT ( 'NONE',  ( -0.3750000000000001100, 0.01832130904015908900, 1.275551583955786900E-018 ) ) ;
#1466 = CARTESIAN_POINT ( 'NONE',  ( -0.1732371201768789500, -0.1000184979677567300, -0.4358974358974349600 ) ) ;
#1467 = CARTESIAN_POINT ( 'NONE',  ( 0.1443375672974064100, 0.2500000000000000000, -0.3621794871794863400 ) ) ;
#1468 = CIRCLE ( 'NONE', #1506, 0.2600000000000000100 ) ;
#1469 = LINE ( 'NONE', #233, #278 ) ;
#1470 = CARTESIAN_POINT ( 'NONE',  ( 0.2600000000000000100, 3.184081677783118700E-017, -0.4531250000000000600 ) ) ;
#1471 = VERTEX_POINT ( 'NONE', #300 ) ;
#1472 = CARTESIAN_POINT ( 'NONE',  ( 0.1443375672974064100, 0.2500000000000000000, -0.05448717948717931400 ) ) ;
#1473 = ORIENTED_EDGE ( 'NONE', *, *, #875, .T. ) ;
#1474 = CARTESIAN_POINT ( 'NONE',  ( -0.08328207342561720600, -0.1879794840550389800, -0.05561826318396789100 ) ) ;
#1475 = CARTESIAN_POINT ( 'NONE',  ( 0.0000000000000000000, 0.0000000000000000000, -0.4531250000000000600 ) ) ;
#1476 = EDGE_LOOP ( 'NONE', ( #1087, #1741, #2221 ) ) ;
#1477 = AXIS2_PLACEMENT_3D ( 'NONE', #1040, #1780, #1417 ) ;
#1478 =( BOUNDED_CURVE ( )  B_SPLINE_CURVE ( 2, ( #885, #1804, #364, #2354, #553, #1281, #549, #2006, #1103 ),
 .UNSPECIFIED., .F., .F. ) 
 B_SPLINE_CURVE_WITH_KNOTS ( ( 3, 2, 2, 2, 3 ),
 ( 0.3214285714285714500, 0.3333333333333333100, 0.3571428571428571500, 0.3809523809523809300, 0.3928571428571429000 ),
 .UNSPECIFIED. ) 
 CURVE ( )  GEOMETRIC_REPRESENTATION_ITEM ( )  RATIONAL_B_SPLINE_CURVE ( ( 0.9330127018922194100, 0.9330127018922195200, 1.000000000000000000, 0.8660254037844387100, 1.000000000000000000, 0.8660254037844387100, 1.000000000000000000, 0.9330127018922189700, 0.9330127018922193000 ) ) 
 REPRESENTATION_ITEM ( '' )  );
#1479 = SECURITY_CLASSIFICATION_LEVEL ( 'unclassified' ) ;
#1480 = VERTEX_POINT ( 'NONE', #1748 ) ;
#1481 = CARTESIAN_POINT ( 'NONE',  ( 0.2000369959355133300, 0.05359975151726846500, -0.1792570616354979800 ) ) ;
#1482 = LINE ( 'NONE', #1919, #1459 ) ;
#1483 = EDGE_CURVE ( 'NONE', #737, #1257, #1750, .T. ) ;
#1484 = EDGE_CURVE ( 'NONE', #737, #1254, #2010, .T. ) ;
#1485 = CARTESIAN_POINT ( 'NONE',  ( 0.2000369959355133300, 6.404969057785569500E-017, -0.09615384615384597900 ) ) ;
#1486 = ORIENTED_EDGE ( 'NONE', *, *, #1247, .T. ) ;
#1487 = CARTESIAN_POINT ( 'NONE',  ( 0.2165063509461096800, -0.1249999999999999400, -0.2275641025641020300 ) ) ;
#1488 = CARTESIAN_POINT ( 'NONE',  ( 2.449746667834784500E-017, -0.2000369959355133000, -0.3557692307692298900 ) ) ;
#1489 = EDGE_CURVE ( 'NONE', #372, #741, #2248, .T. ) ;
#1490 = CARTESIAN_POINT ( 'NONE',  ( 0.0000000000000000000, 0.0000000000000000000, 0.0000000000000000000 ) ) ;
#1491 = CARTESIAN_POINT ( 'NONE',  ( -0.2165063509461100900, 0.1249999999999992100, -0.3333333333333325400 ) ) ;
#1492 = CARTESIAN_POINT ( 'NONE',  ( -0.1968744682044053000, 0.03542941591583450400, -0.05996300406448598600 ) ) ;
#1493 = CARTESIAN_POINT ( 'NONE',  ( -0.2500000000000000600, 9.149955796836526500E-018, -0.1730769230769226600 ) ) ;
#1494 = CARTESIAN_POINT ( 'NONE',  ( 0.2165063509461096500, 0.1250000000000000300, -0.06089743589743570900 ) ) ;
#1495 = CARTESIAN_POINT ( 'NONE',  ( 0.0000000000000000000, 0.0000000000000000000, -0.05996300406448650000 ) ) ;
#1496 = APPROVAL_STATUS ( 'not_yet_approved' ) ;
#1497 = CARTESIAN_POINT ( 'NONE',  ( -0.1732371201768788700, -0.1000184979677569100, -0.1282051282051279200 ) ) ;
#1498 = VECTOR ( 'NONE', #2227, 39.37007874015748100 ) ;
#1499 = CARTESIAN_POINT ( 'NONE',  ( -0.1154914134512526100, -0.2000369959355133300, -0.5064102564102552800 ) ) ;
#1500 = CARTESIAN_POINT ( 'NONE',  ( -0.3750000000000001100, -0.2165063509461096500, -0.4031250000000000100 ) ) ;
#1501 = CARTESIAN_POINT ( 'NONE',  ( 0.2500000000000000600, 3.248234307876966900E-016, -0.2211538461538456700 ) ) ;
#1502 = ORIENTED_EDGE ( 'NONE', *, *, #588, .F. ) ;
#1503 = DIRECTION ( 'NONE',  ( 0.0000000000000000000, 0.0000000000000000000, 1.000000000000000000 ) ) ;
#1504 = EDGE_LOOP ( 'NONE', ( #1314, #692, #1621, #2165 ) ) ;
#1505 = CARTESIAN_POINT ( 'NONE',  ( -0.1875000000000001100, -0.3247595264191645600, 0.0000000000000000000 ) ) ;
#1506 = AXIS2_PLACEMENT_3D ( 'NONE', #1613, #1773, #2156 ) ;
#1507 = VERTEX_POINT ( 'NONE', #1543 ) ;
#1508 = B_SPLINE_CURVE_WITH_KNOTS ( 'NONE', 3,
 ( #610, #2086, #616, #782, #1509, #1894, #2062, #1886 ),
 .UNSPECIFIED., .F., .F.,
 ( 4, 2, 2, 4 ),
 ( 0.005564589980275972400, 0.006950476802621082100, 0.008336363624966192800, 0.01110813726965641400 ),
 .UNSPECIFIED. ) ;
#1509 = CARTESIAN_POINT ( 'NONE',  ( 0.2667198356508250800, 0.2790219329810028600, -0.006124360615781290200 ) ) ;
#1510 = ORIENTED_EDGE ( 'NONE', *, *, #1610, .T. ) ;
#1511 = CARTESIAN_POINT ( 'NONE',  ( 0.1556036036585211600, -0.3431749194330964700, -0.0007916646988955398300 ) ) ;
#1512 = VERTEX_POINT ( 'NONE', #1706 ) ;
#1513 = CARTESIAN_POINT ( 'NONE',  ( 0.2000369959355133000, 0.05359975151726884000, -0.3234878308662670300 ) ) ;
#1514 = CARTESIAN_POINT ( 'NONE',  ( -0.3444040581839057900, -0.2341709261897417800, -0.02329500178185109300 ) ) ;
#1515 = CARTESIAN_POINT ( 'NONE',  ( -0.1154914134512527900, 0.2000369959355132200, -0.2339743589743583700 ) ) ;
#1516 = CARTESIAN_POINT ( 'NONE',  ( -0.2500000000000000600, 0.06698729810778023000, -0.2630506306721932500 ) ) ;
#1517 = CARTESIAN_POINT ( 'NONE',  ( -0.1443375672974065700, 0.2499999999999999400, -0.1089743589743586600 ) ) ;
#1518 = EDGE_CURVE ( 'NONE', #1909, #2089, #138, .T. ) ;
#1519 = CARTESIAN_POINT ( 'NONE',  ( -0.1732371201768793400, 0.1000184979677560700, -0.2948717948717942700 ) ) ;
#1520 = AXIS2_PLACEMENT_3D ( 'NONE', #445, #780, #258 ) ;
#1521 = CARTESIAN_POINT ( 'NONE',  ( -0.3750000000000001100, -0.2165063509461096500, -0.03349364905389014300 ) ) ;
#1522 = CARTESIAN_POINT ( 'NONE',  ( 0.2309828269025053500, 1.414361898120801500E-017, -0.09615384615384596500 ) ) ;
#1523 = AXIS2_PLACEMENT_3D ( 'NONE', #2068, #267, #1707 ) ;
#1524 = DIRECTION ( 'NONE',  ( 0.0000000000000000000, 0.0000000000000000000, 1.000000000000000000 ) ) ;
#1525 = DIRECTION ( 'NONE',  ( 0.0000000000000000000, 0.0000000000000000000, 1.000000000000000000 ) ) ;
#1526 = EDGE_CURVE ( 'NONE', #1888, #855, #1658, .T. ) ;
#1527 = CYLINDRICAL_SURFACE ( 'NONE', #996, 0.2000369959355133000 ) ;
#1528 = ADVANCED_FACE ( 'NONE', ( #2279 ), #1835, .F. ) ;
#1529 = VERTEX_POINT ( 'NONE', #1120 ) ;
#1530 = CARTESIAN_POINT ( 'NONE',  ( 0.0000000000000000000, 0.0000000000000000000, 0.0000000000000000000 ) ) ;
#1531 = B_SPLINE_CURVE_WITH_KNOTS ( 'NONE', 3,
 ( #2233, #1884, #807, #1348, #240, #441, #1514, #1521 ),
 .UNSPECIFIED., .F., .F.,
 ( 4, 2, 2, 4 ),
 ( 0.005564589980275972400, 0.006950476802621083900, 0.008336363624966194500, 0.01110813726965641800 ),
 .UNSPECIFIED. ) ;
#1532 = ORIENTED_EDGE ( 'NONE', *, *, #838, .T. ) ;
#1533 = DIRECTION ( 'NONE',  ( 0.0000000000000000000, 0.0000000000000000000, 1.000000000000000000 ) ) ;
#1534 = EDGE_CURVE ( 'NONE', #600, #737, #736, .T. ) ;
#1535 = CARTESIAN_POINT ( 'NONE',  ( 0.0000000000000000000, 0.2500000000000000000, -0.2692307692307686100 ) ) ;
#1536 = CARTESIAN_POINT ( 'NONE',  ( 0.0000000000000000000, 0.0000000000000000000, 0.0000000000000000000 ) ) ;
#1537 = ORIENTED_EDGE ( 'NONE', *, *, #264, .F. ) ;
#1538 = ORIENTED_EDGE ( 'NONE', *, *, #1735, .T. ) ;
#1539 = LOCAL_TIME ( 3, 47, 4.000000000000000000, #1969 ) ;
#1540 = CARTESIAN_POINT ( 'NONE',  ( 0.5156250000000000000, 6.314585058103540900E-017, -0.4031250000000000100 ) ) ;
#1541 = EDGE_LOOP ( 'NONE', ( #1933, #564, #2191, #259 ) ) ;
#1542 = CIRCLE ( 'NONE', #1846, 0.3750000000000001100 ) ;
#1543 = CARTESIAN_POINT ( 'NONE',  ( -0.2000369959355133000, 2.449746667834783900E-017, -0.05996300406448650000 ) ) ;
#1544 = CARTESIAN_POINT ( 'NONE',  ( 0.0000000000000000000, 0.0000000000000000000, 0.0000000000000000000 ) ) ;
#1545 = CARTESIAN_POINT ( 'NONE',  ( -0.2399412228452357800, -0.05460951189534597000, -0.01404715788093605600 ) ) ;
#1546 = CARTESIAN_POINT ( 'NONE',  ( 0.2500000000000000000, 0.06698729810778103500, -0.1407955231739596300 ) ) ;
#1547 = CARTESIAN_POINT ( 'NONE',  ( 2.449746667834784500E-017, -0.2000369959355133000, -0.4230769230769221800 ) ) ;
#1548 = CARTESIAN_POINT ( 'NONE',  ( -0.2000369959355133000, -5.032475688260090000E-017, -0.2884615384615378800 ) ) ;
#1549 = CARTESIAN_POINT ( 'NONE',  ( 0.2886751345948128700, 1.767625397874844800E-017, -0.2115384615384610400 ) ) ;
#1550 = CARTESIAN_POINT ( 'NONE',  ( 0.2000369959355133000, -2.287488949209131700E-016, -0.1826923076923072400 ) ) ;
#1551 = CC_DESIGN_APPROVAL ( #414, ( #1151 ) ) ;
#1552 = CARTESIAN_POINT ( 'NONE',  ( 0.06105265391212858600, -0.2085853757084291900, -0.4099917850965996100 ) ) ;
#1553 = FACE_OUTER_BOUND ( 'NONE', #1118, .T. ) ;
#1554 = CARTESIAN_POINT ( 'NONE',  ( -0.1154914134512526100, -0.2000369959355133300, -0.1987179487179482600 ) ) ;
#1555 = CARTESIAN_POINT ( 'NONE',  ( -0.2500000000000000600, 9.149955796836526500E-018, -0.1730769230769226600 ) ) ;
#1556 = CARTESIAN_POINT ( 'NONE',  ( 0.1732371201768790300, -0.1000184979677565900, 0.04166666666666670600 ) ) ;
#1557 = CARTESIAN_POINT ( 'NONE',  ( 0.05934273645487230700, 0.2026190325789775600, -0.4036889793667892700 ) ) ;
#1558 = ORIENTED_EDGE ( 'NONE', *, *, #1325, .F. ) ;
#1559 = CARTESIAN_POINT ( 'NONE',  ( 0.001977357655574830400, 0.2437389789454935400, -0.4365734839776772600 ) ) ;
#1560 = EDGE_LOOP ( 'NONE', ( #434, #2195 ) ) ;
#1561 = CARTESIAN_POINT ( 'NONE',  ( 0.3750000000000001100, -0.1812631435221030700, -0.02331981140721117700 ) ) ;
#1562 = CARTESIAN_POINT ( 'NONE',  ( 0.1154914134512527400, -0.2000369959355132500, -0.3397435897435890400 ) ) ;
#1563 = CARTESIAN_POINT ( 'NONE',  ( 0.2480662292372889700, -5.901721488959559200E-016, -0.4411912292372892600 ) ) ;
#1564 = EDGE_CURVE ( 'NONE', #24, #2270, #292, .T. ) ;
#1565 = ORIENTED_EDGE ( 'NONE', *, *, #1609, .F. ) ;
#1566 = CARTESIAN_POINT ( 'NONE',  ( 0.1154914134512526300, 0.2000369959355133000, -0.09294871794871760500 ) ) ;
#1567 = CARTESIAN_POINT ( 'NONE',  ( 0.2000369959355133000, -2.287488949209131700E-016, -0.1057692307692304500 ) ) ;
#1568 = ORIENTED_EDGE ( 'NONE', *, *, #1518, .F. ) ;
#1569 = FACE_OUTER_BOUND ( 'NONE', #116, .T. ) ;
#1570 = ADVANCED_FACE ( 'NONE', ( #1659 ), #85, .F. ) ;
#1571 = CARTESIAN_POINT ( 'NONE',  ( -0.06933184187073304600, 0.2313336889146114500, -0.4343220784529993600 ) ) ;
#1572 = ORIENTED_EDGE ( 'NONE', *, *, #634, .T. ) ;
#1573 = CARTESIAN_POINT ( 'NONE',  ( 0.1686266297618074800, -0.1283515125702281200, -0.4049222452810449200 ) ) ;
#1574 = CARTESIAN_POINT ( 'NONE',  ( -0.2000369959355133000, 4.163229887560619800E-016, -0.2211538461538456200 ) ) ;
#1575 = FACE_OUTER_BOUND ( 'NONE', #189, .T. ) ;
#1576 = CARTESIAN_POINT ( 'NONE',  ( 0.1443375672974064100, 0.2500000000000000000, -0.3525641025641017600 ) ) ;
#1577 = CARTESIAN_POINT ( 'NONE',  ( 0.08981423744258336400, 0.1958545631981007100, -0.4080360603168111700 ) ) ;
#1578 = CARTESIAN_POINT ( 'NONE',  ( -0.2054743239136513600, 0.1170115833862859400, -0.4283218956111429200 ) ) ;
#1579 = CARTESIAN_POINT ( 'NONE',  ( -0.2500000000000000600, -4.574977898418263600E-017, -0.2596153846153840300 ) ) ;
#1580 = CARTESIAN_POINT ( 'NONE',  ( 0.2500000000000000600, 8.234960217152875400E-017, -0.06730769230769212400 ) ) ;
#1581 = CARTESIAN_POINT ( 'NONE',  ( 3.061616997868383000E-017, -0.2500000000000000000, -0.4615384615384605100 ) ) ;
#1582 =( BOUNDED_CURVE ( )  B_SPLINE_CURVE ( 2, ( #2351, #1454, #2342, #2178, #1094, #529, #373, #1838, #1104 ),
 .UNSPECIFIED., .F., .F. ) 
 B_SPLINE_CURVE_WITH_KNOTS ( ( 3, 2, 2, 2, 3 ),
 ( 0.6071428571428572100, 0.6190476190476190700, 0.6428571428571429000, 0.6666666666666666300, 0.6785714285714286000 ),
 .UNSPECIFIED. ) 
 CURVE ( )  GEOMETRIC_REPRESENTATION_ITEM ( )  RATIONAL_B_SPLINE_CURVE ( ( 0.9330127018922193000, 0.9330127018922196300, 1.000000000000000000, 0.8660254037844387100, 1.000000000000000000, 0.8660254037844387100, 1.000000000000000000, 0.9330127018922189700, 0.9330127018922193000 ) ) 
 REPRESENTATION_ITEM ( '' )  );
#1583 = CARTESIAN_POINT ( 'NONE',  ( 0.1081760380313291800, 0.2222482353894380500, -0.4400013168653424400 ) ) ;
#1584 = AXIS2_PLACEMENT_3D ( 'NONE', #1844, #2229, #1691 ) ;
#1585 =( BOUNDED_CURVE ( )  B_SPLINE_CURVE ( 2, ( #1882, #1345, #1519, #800, #1703, #612, #2065, #1513, #428 ),
 .UNSPECIFIED., .F., .T. ) 
 B_SPLINE_CURVE_WITH_KNOTS ( ( 3, 2, 2, 2, 3 ),
 ( 0.5357142857142858100, 0.5476190476190476700, 0.5714285714285714000, 0.5952380952380952300, 0.6071428571428572100 ),
 .UNSPECIFIED. ) 
 CURVE ( )  GEOMETRIC_REPRESENTATION_ITEM ( )  RATIONAL_B_SPLINE_CURVE ( ( 0.9330127018922193000, 0.9330127018922196300, 1.000000000000000000, 0.8660254037844387100, 1.000000000000000000, 0.8660254037844387100, 1.000000000000000000, 0.9330127018922189700, 0.9330127018922193000 ) ) 
 REPRESENTATION_ITEM ( '' )  );
#1586 = LINE ( 'NONE', #376, #1616 ) ;
#1587 = CARTESIAN_POINT ( 'NONE',  ( -0.2311941189487594100, -1.079877783142646800E-012, -0.4243191189487595700 ) ) ;
#1588 = FACE_OUTER_BOUND ( 'NONE', #1504, .T. ) ;
#1589 = CARTESIAN_POINT ( 'NONE',  ( 0.1874999999999999700, -0.3247595264191646100, 0.0000000000000000000 ) ) ;
#1590 = CARTESIAN_POINT ( 'NONE',  ( 0.2100325412041664200, 0.07501288039661603600, -0.03749441232071926100 ) ) ;
#1591 = CARTESIAN_POINT ( 'NONE',  ( -0.2165063509461095700, -0.1250000000000001100, -0.3974358974358965200 ) ) ;
#1592 = ORIENTED_EDGE ( 'NONE', *, *, #1564, .T. ) ;
#1593 = CARTESIAN_POINT ( 'NONE',  ( 0.3750000000000001100, -0.2165063509461097900, -0.4531250000000000600 ) ) ;
#1594 = DIRECTION ( 'NONE',  ( -0.0000000000000000000, -0.0000000000000000000, -1.000000000000000000 ) ) ;
#1595 = ORIENTED_EDGE ( 'NONE', *, *, #1161, .T. ) ;
#1596 = ORIENTED_EDGE ( 'NONE', *, *, #1124, .T. ) ;
#1597 = DATE_AND_TIME ( #1830, #1710 ) ;
#1598 = CARTESIAN_POINT ( 'NONE',  ( 0.2000369959355133000, -4.666477456386628800E-016, -0.2596153846153839700 ) ) ;
#1599 = CARTESIAN_POINT ( 'NONE',  ( -0.2309828269025053500, -4.243085694362404500E-017, -0.2211538461538455900 ) ) ;
#1600 = ORIENTED_EDGE ( 'NONE', *, *, #670, .T. ) ;
#1601 = FACE_OUTER_BOUND ( 'NONE', #2219, .T. ) ;
#1602 = DESIGN_CONTEXT ( 'detailed design', #763, 'design' ) ;
#1603 = ORIENTED_EDGE ( 'NONE', *, *, #2256, .F. ) ;
#1604 = CARTESIAN_POINT ( 'NONE',  ( 0.1443375672974068800, -0.2499999999999997200, -0.1570512820512816600 ) ) ;
#1605 = VECTOR ( 'NONE', #422, 39.37007874015748100 ) ;
#1606 = FACE_OUTER_BOUND ( 'NONE', #404, .T. ) ;
#1607 = CARTESIAN_POINT ( 'NONE',  ( -0.1941169930862950700, 0.1408204090394418500, -0.02066122441163722000 ) ) ;
#1608 = CARTESIAN_POINT ( 'NONE',  ( 0.1154914134512527400, -0.2000369959355132500, -0.1955128205128199800 ) ) ;
#1609 = EDGE_CURVE ( 'NONE', #1172, #1286, #614, .T. ) ;
#1610 = EDGE_CURVE ( 'NONE', #598, #55, #232, .T. ) ;
#1611 = CARTESIAN_POINT ( 'NONE',  ( 0.2165063509461098200, -0.1249999999999997400, -0.1506410256410252400 ) ) ;
#1612 = EDGE_CURVE ( 'NONE', #1914, #595, #1209, .T. ) ;
#1613 = CARTESIAN_POINT ( 'NONE',  ( 0.0000000000000000000, 0.0000000000000000000, -0.4531250000000000600 ) ) ;
#1614 = CARTESIAN_POINT ( 'NONE',  ( -0.1258476447968087100, 0.2005981637809038700, -0.02368000040376983300 ) ) ;
#1615 = CARTESIAN_POINT ( 'NONE',  ( -0.1732371201768789500, -0.1000184979677567300, -0.4455128205128194300 ) ) ;
#1616 = VECTOR ( 'NONE', #740, 39.37007874015748900 ) ;
#1617 = CYLINDRICAL_SURFACE ( 'NONE', #1287, 0.2500000000000000000 ) ;
#1618 = ORIENTED_EDGE ( 'NONE', *, *, #2147, .F. ) ;
#1619 = CARTESIAN_POINT ( 'NONE',  ( 0.1732371201768789800, 0.1000184979677566600, -0.3301282051282042900 ) ) ;
#1620 = CARTESIAN_POINT ( 'NONE',  ( -0.2077235976983247700, -0.02918317880605690900, -0.05036251998417373000 ) ) ;
#1621 = ORIENTED_EDGE ( 'NONE', *, *, #1898, .F. ) ;
#1622 = CARTESIAN_POINT ( 'NONE',  ( -0.01874740449256523700, 0.1991565579329405400, -0.3931619959355135400 ) ) ;
#1623 = CARTESIAN_POINT ( 'NONE',  ( -0.1732371201768790900, 0.1000184979677565100, -0.3814102564102555000 ) ) ;
#1624 = CARTESIAN_POINT ( 'NONE',  ( 0.2500000000000000000, 1.555492485462209300E-016, -0.1346153846153842800 ) ) ;
#1625 = ORIENTED_EDGE ( 'NONE', *, *, #2017, .F. ) ;
#1626 = APPROVAL_DATE_TIME ( #1597, #414 ) ;
#1627 = CARTESIAN_POINT ( 'NONE',  ( 0.2499999999999999200, -0.06698729810777993800, -0.3688198614414238700 ) ) ;
#1628 = ORIENTED_EDGE ( 'NONE', *, *, #1085, .T. ) ;
#1629 = FACE_OUTER_BOUND ( 'NONE', #1858, .T. ) ;
#1630 = CARTESIAN_POINT ( 'NONE',  ( -0.3750000000000001100, 0.0000000000000000000, 0.0000000000000000000 ) ) ;
#1631 = EDGE_LOOP ( 'NONE', ( #2051, #2247, #1592, #1035, #1600 ) ) ;
#1632 = CARTESIAN_POINT ( 'NONE',  ( -0.06524167884406209500, -0.2345257207970145000, -0.01667865922234106800 ) ) ;
#1633 = CARTESIAN_POINT ( 'NONE',  ( -0.1154914134512526100, -0.2000369959355133300, -0.2852564102564095800 ) ) ;
#1634 = CARTESIAN_POINT ( 'NONE',  ( -0.1732371201768789500, -0.1000184979677567300, -0.06089743589743563900 ) ) ;
#1635 = CARTESIAN_POINT ( 'NONE',  ( 0.1443375672974064100, 0.2500000000000000000, -0.4391025641025631000 ) ) ;
#1636 = CARTESIAN_POINT ( 'NONE',  ( -0.1388792519895631900, -0.1867095419082426300, -0.02775742903824185100 ) ) ;
#1637 = CARTESIAN_POINT ( 'NONE',  ( -0.2500000000000000600, -1.143744474604565800E-016, -0.3365384615384608400 ) ) ;
#1638 = CARTESIAN_POINT ( 'NONE',  ( 0.0000000000000000000, 0.0000000000000000000, 0.0000000000000000000 ) ) ;
#1639 = DIRECTION ( 'NONE',  ( 0.0000000000000000000, 0.0000000000000000000, 1.000000000000000000 ) ) ;
#1640 = EDGE_CURVE ( 'NONE', #1507, #1778, #352, .T. ) ;
#1641 = LINE ( 'NONE', #556, #2186 ) ;
#1642 = CARTESIAN_POINT ( 'NONE',  ( 0.2000369959355132500, 0.05359975151726884700, -0.1696416770201134600 ) ) ;
#1643 = DIRECTION ( 'NONE',  ( 0.0000000000000000000, 0.0000000000000000000, 1.000000000000000000 ) ) ;
#1644 = ORIENTED_EDGE ( 'NONE', *, *, #1446, .T. ) ;
#1645 = CARTESIAN_POINT ( 'NONE',  ( -0.2165063509461089000, -0.1250000000000013300, -0.3974358974358965200 ) ) ;
#1646 = DIRECTION ( 'NONE',  ( -0.7071067811865486800, 8.659560562354947600E-017, 0.7071067811865462400 ) ) ;
#1647 = ADVANCED_FACE ( 'NONE', ( #1606 ), #2034, .F. ) ;
#1648 = ORIENTED_EDGE ( 'NONE', *, *, #514, .F. ) ;
#1649 = ORIENTED_EDGE ( 'NONE', *, *, #263, .T. ) ;
#1650 = EDGE_CURVE ( 'NONE', #438, #1431, #442, .T. ) ;
#1651 = CARTESIAN_POINT ( 'NONE',  ( 0.1732371201768788700, 0.1000184979677569400, -0.1666666666666663200 ) ) ;
#1652 = ORIENTED_EDGE ( 'NONE', *, *, #1161, .F. ) ;
#1653 = CARTESIAN_POINT ( 'NONE',  ( 3.061616997868383000E-017, -0.2500000000000000000, -0.1634615384615380800 ) ) ;
#1654 = ORIENTED_EDGE ( 'NONE', *, *, #1325, .T. ) ;
#1655 = CARTESIAN_POINT ( 'NONE',  ( -0.1443375672974063500, -0.2500000000000001100, -0.4006410256410247200 ) ) ;
#1656 = DIRECTION ( 'NONE',  ( 0.0000000000000000000, 0.0000000000000000000, 1.000000000000000000 ) ) ;
#1657 = EDGE_CURVE ( 'NONE', #1778, #2078, #985, .T. ) ;
#1658 =( BOUNDED_CURVE ( )  B_SPLINE_CURVE ( 2, ( #1912, #1717, #249, #1515, #1181, #1723, #68, #1355, #1329 ),
 .UNSPECIFIED., .F., .F. ) 
 B_SPLINE_CURVE_WITH_KNOTS ( ( 3, 2, 2, 2, 3 ),
 ( 0.5357142857142858100, 0.5476190476190476700, 0.5714285714285714000, 0.5952380952380952300, 0.6071428571428572100 ),
 .UNSPECIFIED. ) 
 CURVE ( )  GEOMETRIC_REPRESENTATION_ITEM ( )  RATIONAL_B_SPLINE_CURVE ( ( 0.9330127018922193000, 0.9330127018922196300, 1.000000000000000000, 0.8660254037844387100, 1.000000000000000000, 0.8660254037844387100, 1.000000000000000000, 0.9330127018922189700, 0.9330127018922193000 ) ) 
 REPRESENTATION_ITEM ( '' )  );
#1659 = FACE_OUTER_BOUND ( 'NONE', #1399, .T. ) ;
#1660 =( BOUNDED_CURVE ( )  B_SPLINE_CURVE ( 2, ( #2035, #761, #1160, #1700, #977, #46, #1142, #2040, #1501 ),
 .UNSPECIFIED., .F., .T. ) 
 B_SPLINE_CURVE_WITH_KNOTS ( ( 3, 2, 2, 2, 3 ),
 ( 0.3928571428571429000, 0.4047619047619047700, 0.4285714285714285500, 0.4523809523809523800, 0.4642857142857143000 ),
 .UNSPECIFIED. ) 
 CURVE ( )  GEOMETRIC_REPRESENTATION_ITEM ( )  RATIONAL_B_SPLINE_CURVE ( ( 0.9330127018922193000, 0.9330127018922196300, 1.000000000000000000, 0.8660254037844387100, 1.000000000000000000, 0.8660254037844387100, 1.000000000000000000, 0.9330127018922191900, 0.9330127018922194100 ) ) 
 REPRESENTATION_ITEM ( '' )  );
#1661 = CARTESIAN_POINT ( 'NONE',  ( -0.2000369959355133000, -7.777462427311046400E-017, -0.1442307692307688000 ) ) ;
#1662 = ADVANCED_FACE ( 'NONE', ( #1575 ), #841, .F. ) ;
#1663 = CARTESIAN_POINT ( 'NONE',  ( -0.1154914134512524700, -0.2000369959355134400, -0.1217948717948715100 ) ) ;
#1664 = CARTESIAN_POINT ( 'NONE',  ( -0.1443375672974063500, -0.2500000000000001100, -0.1698717948717944600 ) ) ;
#1665 = DIRECTION ( 'NONE',  ( 1.000000000000000000, 0.0000000000000000000, 0.0000000000000000000 ) ) ;
#1666 = DIRECTION ( 'NONE',  ( -0.0000000000000000000, -0.0000000000000000000, -1.000000000000000000 ) ) ;
#1667 = CARTESIAN_POINT ( 'NONE',  ( -0.2500000000000000600, -1.143744474604565800E-016, -0.3269230769230762100 ) ) ;
#1668 = CARTESIAN_POINT ( 'NONE',  ( -0.2509917967568807100, 0.2881025204702465400, -0.003192125635717269300 ) ) ;
#1669 = DIRECTION ( 'NONE',  ( 0.0000000000000000000, 1.000000000000000000, 0.0000000000000000000 ) ) ;
#1670 = CARTESIAN_POINT ( 'NONE',  ( 0.1443375672974064100, 0.2500000000000000000, 0.02243589743589744300 ) ) ;
#1671 = FACE_OUTER_BOUND ( 'NONE', #1744, .T. ) ;
#1672 = CYLINDRICAL_SURFACE ( 'NONE', #91, 0.2000369959355133000 ) ;
#1673 = DATE_TIME_ROLE ( 'creation_date' ) ;
#1674 = ORIENTED_EDGE ( 'NONE', *, *, #143, .F. ) ;
#1675 = CARTESIAN_POINT ( 'NONE',  ( -0.1906915938403579100, 0.06978646276323838300, -0.06216497154316227200 ) ) ;
#1676 = CARTESIAN_POINT ( 'NONE',  ( 0.0000000000000000000, 0.0000000000000000000, -0.4531250000000000600 ) ) ;
#1677 = CC_DESIGN_PERSON_AND_ORGANIZATION_ASSIGNMENT ( #2302, #33, ( #1716 ) ) ;
#1678 = CARTESIAN_POINT ( 'NONE',  ( -0.2165063509461097600, 0.1249999999999998100, -0.1891025641025636300 ) ) ;
#1679 = ORIENTED_EDGE ( 'NONE', *, *, #1977, .T. ) ;
#1680 = CARTESIAN_POINT ( 'NONE',  ( -0.1523535745194616600, -0.1327941075368046500, -0.05914041188829197200 ) ) ;
#1681 = ORIENTED_EDGE ( 'NONE', *, *, #225, .T. ) ;
#1682 = ORIENTED_EDGE ( 'NONE', *, *, #301, .F. ) ;
#1683 = DIRECTION ( 'NONE',  ( 0.7071067811865486800, 8.659560562354947600E-017, -0.7071067811865462400 ) ) ;
#1684 = FACE_BOUND ( 'NONE', #279, .T. ) ;
#1685 = DIRECTION ( 'NONE',  ( -0.0000000000000000000, -0.0000000000000000000, -1.000000000000000000 ) ) ;
#1686 = CARTESIAN_POINT ( 'NONE',  ( -0.2165063509461095700, -0.1250000000000001100, -0.09935897435897408900 ) ) ;
#1687 = CARTESIAN_POINT ( 'NONE',  ( -0.1375305151307666100, -0.1492536442277132600, -0.05827967620027764400 ) ) ;
#1688 = EDGE_CURVE ( 'NONE', #135, #2049, #151, .T. ) ;
#1689 = DATE_TIME_ROLE ( 'classification_date' ) ;
#1690 = CARTESIAN_POINT ( 'NONE',  ( 0.2500000000000001100, 0.06698729810778125700, -0.3619493693278053000 ) ) ;
#1691 = DIRECTION ( 'NONE',  ( 0.0000000000000000000, 0.0000000000000000000, -1.000000000000000000 ) ) ;
#1692 = CARTESIAN_POINT ( 'NONE',  ( 0.1732371201768790300, -0.1000184979677565900, -0.02564102564102558100 ) ) ;
#1693 = CARTESIAN_POINT ( 'NONE',  ( 0.1911266114538088300, 0.07262255879722619200, -0.3970422623830215400 ) ) ;
#1694 = DIRECTION ( 'NONE',  ( -1.000000000000000000, 0.0000000000000000000, 0.0000000000000000000 ) ) ;
#1695 = CARTESIAN_POINT ( 'NONE',  ( 0.1732371201768790300, -0.1000184979677565900, -0.3429487179487171200 ) ) ;
#1696 = CARTESIAN_POINT ( 'NONE',  ( -0.2000369959355133000, -7.777462427311046400E-017, -0.1442307692307688000 ) ) ;
#1697 = CONICAL_SURFACE ( 'NONE', #2194, 0.3750000000000001100, 1.047197551196600100 ) ;
#1698 = CARTESIAN_POINT ( 'NONE',  ( 0.2165063509461093700, 0.1250000000000004700, -0.2916666666666659600 ) ) ;
#1699 = CARTESIAN_POINT ( 'NONE',  ( 3.061616997868383000E-017, -0.2500000000000000000, 6.829619984160658000E-017 ) ) ;
#1700 = CARTESIAN_POINT ( 'NONE',  ( -0.1443375672974073500, 0.2499999999999994400, -0.1955128205128200400 ) ) ;
#1701 = VERTEX_POINT ( 'NONE', #1848 ) ;
#1702 = ORIENTED_EDGE ( 'NONE', *, *, #1534, .F. ) ;
#1703 = CARTESIAN_POINT ( 'NONE',  ( -1.959797334267827600E-016, 0.2000369959355133000, -0.3076923076923070400 ) ) ;
#1704 = AXIS2_PLACEMENT_3D ( 'NONE', #1676, #1685, #214 ) ;
#1705 = ORIENTED_EDGE ( 'NONE', *, *, #1728, .F. ) ;
#1706 = CARTESIAN_POINT ( 'NONE',  ( 0.3750000000000001100, 0.0000000000000000000, 0.0000000000000000000 ) ) ;
#1707 = DIRECTION ( 'NONE',  ( 1.000000000000000000, 0.0000000000000000000, 0.0000000000000000000 ) ) ;
#1708 = ADVANCED_FACE ( 'NONE', ( #62 ), #638, .F. ) ;
#1709 = ORIENTED_EDGE ( 'NONE', *, *, #2292, .F. ) ;
#1710 = LOCAL_TIME ( 3, 47, 4.000000000000000000, #1004 ) ;
#1711 = CARTESIAN_POINT ( 'NONE',  ( 0.2165063509461096500, 0.1250000000000000300, 0.02564102564102566100 ) ) ;
#1712 = CARTESIAN_POINT ( 'NONE',  ( 0.2165063509461100900, -0.1249999999999992500, -0.3044871794871787900 ) ) ;
#1713 = ORIENTED_EDGE ( 'NONE', *, *, #1483, .F. ) ;
#1714 = ORIENTED_EDGE ( 'NONE', *, *, #1414, .F. ) ;
#1715 = CARTESIAN_POINT ( 'NONE',  ( -0.1154914134512525900, -0.2000369959355133300, -0.1314102564102560000 ) ) ;
#1716 = PRODUCT ( '94842A104_Medium-Strength Steel Flange Nut', '94842A104_Medium-Strength Steel Flange Nut', '', ( #968 ) ) ;
#1717 = CARTESIAN_POINT ( 'NONE',  ( -0.2000369959355132500, 0.05359975151726870100, -0.2245890922106548700 ) ) ;
#1718 = CARTESIAN_POINT ( 'NONE',  ( -0.5156250000000000000, 0.0000000000000000000, -0.4031250000000000100 ) ) ;
#1719 = DIRECTION ( 'NONE',  ( 1.000000000000000000, 0.0000000000000000000, 0.0000000000000000000 ) ) ;
#1720 = CARTESIAN_POINT ( 'NONE',  ( 0.0000000000000000000, 0.0000000000000000000, 0.0000000000000000000 ) ) ;
#1721 = ADVANCED_FACE ( 'NONE', ( #409 ), #41, .F. ) ;
#1722 = ADVANCED_FACE ( 'NONE', ( #134 ), #25, .F. ) ;
#1723 = CARTESIAN_POINT ( 'NONE',  ( 0.1154914134512526600, 0.2000369959355133000, -0.2467948717948711700 ) ) ;
#1724 = CARTESIAN_POINT ( 'NONE',  ( 0.2165063509461093200, 0.1250000000000005800, -0.4358974358974349000 ) ) ;
#1725 = CARTESIAN_POINT ( 'NONE',  ( -0.1443375672974063500, -0.2500000000000001100, -0.1602564102564098300 ) ) ;
#1726 = DIRECTION ( 'NONE',  ( 1.000000000000000000, 0.0000000000000000000, 0.0000000000000000000 ) ) ;
#1727 = CARTESIAN_POINT ( 'NONE',  ( -0.1874999999999999700, 0.3247595264191646100, 0.0000000000000000000 ) ) ;
#1728 = EDGE_CURVE ( 'NONE', #2217, #1027, #1806, .T. ) ;
#1729 = FACE_OUTER_BOUND ( 'NONE', #970, .T. ) ;
#1730 = VECTOR ( 'NONE', #2125, 39.37007874015748100 ) ;
#1731 = CARTESIAN_POINT ( 'NONE',  ( -0.1732371201768789500, -0.1000184979677567300, -0.1378205128205124100 ) ) ;
#1732 = CARTESIAN_POINT ( 'NONE',  ( -0.1732371201768790900, 0.1000184979677565100, -0.2179487179487174800 ) ) ;
#1733 = VERTEX_POINT ( 'NONE', #1074 ) ;
#1734 = CARTESIAN_POINT ( 'NONE',  ( -0.2000369959355133000, 2.449746667834783900E-017, -1.160231781186547700 ) ) ;
#1735 = EDGE_CURVE ( 'NONE', #1471, #2115, #1478, .T. ) ;
#1736 = ADVANCED_FACE ( 'NONE', ( #405 ), #728, .T. ) ;
#1737 = CARTESIAN_POINT ( 'NONE',  ( 0.2165063509461096800, -0.1249999999999999400, -0.06410256410256390300 ) ) ;
#1738 = ORIENTED_EDGE ( 'NONE', *, *, #211, .T. ) ;
#1739 = CARTESIAN_POINT ( 'NONE',  ( -0.2054095212363698800, -8.600958449026334300E-016, -0.05459047876362985200 ) ) ;
#1740 = ADVANCED_FACE ( 'NONE', ( #1601 ), #1918, .T. ) ;
#1741 = ORIENTED_EDGE ( 'NONE', *, *, #1123, .T. ) ;
#1742 = PERSON_AND_ORGANIZATION ( #2120, #435 ) ;
#1743 = CARTESIAN_POINT ( 'NONE',  ( 0.004636802863197201000, -0.2192623570782250300, -0.4119714450906091200 ) ) ;
#1744 = EDGE_LOOP ( 'NONE', ( #770, #1473, #2058, #77, #1342 ) ) ;
#1745 = LINE ( 'NONE', #1856, #1997 ) ;
#1746 = CARTESIAN_POINT ( 'NONE',  ( 2.449746667834784500E-017, -0.2000369959355133000, -0.3461538461538454200 ) ) ;
#1747 = CARTESIAN_POINT ( 'NONE',  ( 0.1443375672974068800, -0.2499999999999997200, -0.1474358974358970500 ) ) ;
#1748 = CARTESIAN_POINT ( 'NONE',  ( -6.438656778682172300E-018, 0.4330127018922194100, -0.03349364905389015000 ) ) ;
#1749 = CARTESIAN_POINT ( 'NONE',  ( 0.2165063509461096500, 0.1250000000000000300, -0.3589743589743581400 ) ) ;
#1750 = LINE ( 'NONE', #2121, #1293 ) ;
#1751 = CARTESIAN_POINT ( 'NONE',  ( 0.2500000000000000000, 3.061616997868383000E-017, 0.0000000000000000000 ) ) ;
#1752 = CARTESIAN_POINT ( 'NONE',  ( -0.2311941189487594100, -1.079877783142646800E-012, -0.4243191189487595700 ) ) ;
#1753 = ADVANCED_FACE ( 'NONE', ( #1684, #1039 ), #179, .F. ) ;
#1754 = CARTESIAN_POINT ( 'NONE',  ( 0.1553435240942134800, -0.1452821632179598600, -0.4056972483630742500 ) ) ;
#1755 = ADVANCED_FACE ( 'NONE', ( #1315 ), #2223, .T. ) ;
#1756 = CARTESIAN_POINT ( 'NONE',  ( -0.1154914134512527900, 0.2000369959355132200, -0.2243589743589738700 ) ) ;
#1757 = CARTESIAN_POINT ( 'NONE',  ( 0.2500000000000000600, 8.234960217152875400E-017, -0.06730769230769212400 ) ) ;
#1758 = CARTESIAN_POINT ( 'NONE',  ( -0.1154914134512526100, -0.2000369959355133300, -0.05448717948717925200 ) ) ;
#1759 = CARTESIAN_POINT ( 'NONE',  ( 0.07384400913487240700, 0.2346342563113721400, -0.4388099874800399600 ) ) ;
#1760 = AXIS2_PLACEMENT_3D ( 'NONE', #2205, #236, #1694 ) ;
#1761 = CARTESIAN_POINT ( 'NONE',  ( -0.02392079860221564900, -0.2186027643291094900, -0.4129156188418594600 ) ) ;
#1762 = DIRECTION ( 'NONE',  ( -1.000000000000000000, 0.0000000000000000000, 0.0000000000000000000 ) ) ;
#1763 = ADVANCED_FACE ( 'NONE', ( #459 ), #569, .T. ) ;
#1764 = CARTESIAN_POINT ( 'NONE',  ( 0.1154914134512526300, 0.2000369959355133000, 0.06089743589743589600 ) ) ;
#1765 = DIRECTION ( 'NONE',  ( -1.000000000000000000, 0.0000000000000000000, 0.0000000000000000000 ) ) ;
#1766 = ADVANCED_FACE ( 'NONE', ( #833 ), #2116, .F. ) ;
#1767 = ORIENTED_EDGE ( 'NONE', *, *, #2329, .T. ) ;
#1768 = CARTESIAN_POINT ( 'NONE',  ( 0.01423270480340149900, 0.2436854555290723400, -0.4369243208847731800 ) ) ;
#1769 =( BOUNDED_CURVE ( )  B_SPLINE_CURVE ( 2, ( #65, #253, #1712, #2254, #1178, #2, #1107, #1269, #1834 ),
 .UNSPECIFIED., .F., .T. ) 
 B_SPLINE_CURVE_WITH_KNOTS ( ( 3, 2, 2, 2, 3 ),
 ( 0.6071428571428572100, 0.6190476190476190700, 0.6428571428571429000, 0.6666666666666666300, 0.6785714285714286000 ),
 .UNSPECIFIED. ) 
 CURVE ( )  GEOMETRIC_REPRESENTATION_ITEM ( )  RATIONAL_B_SPLINE_CURVE ( ( 0.9330127018922193000, 0.9330127018922196300, 1.000000000000000000, 0.8660254037844387100, 1.000000000000000000, 0.8660254037844387100, 1.000000000000000000, 0.9330127018922189700, 0.9330127018922193000 ) ) 
 REPRESENTATION_ITEM ( '' )  );
#1770 = ORIENTED_EDGE ( 'NONE', *, *, #439, .T. ) ;
#1771 = CARTESIAN_POINT ( 'NONE',  ( -0.1835210428231926200, -0.1327550022418564300, -0.4195144694588260300 ) ) ;
#1772 = ADVANCED_FACE ( 'NONE', ( #1629 ), #1883, .F. ) ;
#1773 = DIRECTION ( 'NONE',  ( 0.0000000000000000000, 0.0000000000000000000, -1.000000000000000000 ) ) ;
#1774 = EDGE_CURVE ( 'NONE', #2270, #690, #558, .T. ) ;
#1775 = ORIENTED_EDGE ( 'NONE', *, *, #581, .F. ) ;
#1776 = CARTESIAN_POINT ( 'NONE',  ( -0.1627550563141951500, 0.1741252275773859900, -0.02213756054265462300 ) ) ;
#1777 = CARTESIAN_POINT ( 'NONE',  ( 0.2309828269025053500, 1.414361898120801500E-017, 0.04807692307692309300 ) ) ;
#1778 = VERTEX_POINT ( 'NONE', #2031 ) ;
#1779 = CALENDAR_DATE ( 2021, 11, 7 ) ;
#1780 = DIRECTION ( 'NONE',  ( 0.0000000000000000000, 0.0000000000000000000, -1.000000000000000000 ) ) ;
#1781 = ORIENTED_EDGE ( 'NONE', *, *, #220, .T. ) ;
#1782 = CARTESIAN_POINT ( 'NONE',  ( 0.1874999999999999700, -0.3247595264191646100, 0.0000000000000000000 ) ) ;
#1783 = CARTESIAN_POINT ( 'NONE',  ( 0.0000000000000000000, 0.0000000000000000000, 0.0000000000000000000 ) ) ;
#1784 = CARTESIAN_POINT ( 'NONE',  ( 0.2192920637456134400, 0.03054847166607524100, -0.03911030348185071800 ) ) ;
#1785 = CARTESIAN_POINT ( 'NONE',  ( 0.0000000000000000000, 0.2000369959355133000, -0.08653846153846124500 ) ) ;
#1786 = EDGE_CURVE ( 'NONE', #223, #1914, #1119, .T. ) ;
#1787 = CARTESIAN_POINT ( 'NONE',  ( -0.1443375672974073500, 0.2499999999999994400, -0.1858974358974354300 ) ) ;
#1788 = DIRECTION ( 'NONE',  ( -1.000000000000000000, 0.0000000000000000000, 0.0000000000000000000 ) ) ;
#1789 = EDGE_CURVE ( 'NONE', #341, #598, #1745, .T. ) ;
#1790 = CARTESIAN_POINT ( 'NONE',  ( 0.3750000000000001700, 0.03672815597128145600, -0.0007810193749188741400 ) ) ;
#1791 = CARTESIAN_POINT ( 'NONE',  ( -0.1122542927167713000, 0.2079040829701752400, -0.02421103502464067400 ) ) ;
#1792 = CARTESIAN_POINT ( 'NONE',  ( 0.0000000000000000000, 0.0000000000000000000, 0.0000000000000000000 ) ) ;
#1793 = LINE ( 'NONE', #898, #1189 ) ;
#1794 = VECTOR ( 'NONE', #261, 39.37007874015748100 ) ;
#1795 = CARTESIAN_POINT ( 'NONE',  ( 0.1732371201768790300, -0.1000184979677565900, -0.4198717948717938800 ) ) ;
#1796 = ORIENTED_EDGE ( 'NONE', *, *, #1852, .T. ) ;
#1797 = CARTESIAN_POINT ( 'NONE',  ( 0.0000000000000000000, 0.0000000000000000000, 0.0000000000000000000 ) ) ;
#1798 = VERTEX_POINT ( 'NONE', #21 ) ;
#1799 = CARTESIAN_POINT ( 'NONE',  ( -2.449293598294706400E-016, 0.2500000000000000000, -0.2692307692307686100 ) ) ;
#1800 = VERTEX_POINT ( 'NONE', #576 ) ;
#1801 = LOCAL_TIME ( 3, 47, 4.000000000000000000, #1346 ) ;
#1802 = DIRECTION ( 'NONE',  ( 0.0000000000000000000, 0.0000000000000000000, 1.000000000000000000 ) ) ;
#1803 = CARTESIAN_POINT ( 'NONE',  ( 0.1746785171247133300, 0.1420098151240552200, -0.03500733488817895500 ) ) ;
#1804 = CARTESIAN_POINT ( 'NONE',  ( 0.2000369959355132500, -0.05359975151726831900, -0.1765121691337319900 ) ) ;
#1805 = ORIENTED_EDGE ( 'NONE', *, *, #1001, .T. ) ;
#1806 = LINE ( 'NONE', #1439, #1435 ) ;
#1807 = CARTESIAN_POINT ( 'NONE',  ( 0.2500000000000001100, -0.06698729810778018800, -0.2918967845183471100 ) ) ;
#1808 = AXIS2_PLACEMENT_3D ( 'NONE', #1797, #699, #330 ) ;
#1809 = CARTESIAN_POINT ( 'NONE',  ( -0.2064756317351925400, -0.007219348215891149100, -0.05352436826480715800 ) ) ;
#1810 = DIRECTION ( 'NONE',  ( -0.0000000000000000000, -0.0000000000000000000, -1.000000000000000000 ) ) ;
#1811 = CARTESIAN_POINT ( 'NONE',  ( -0.1154914134512526100, -0.2000369959355133300, -0.4391025641025629900 ) ) ;
#1812 = CARTESIAN_POINT ( 'NONE',  ( -0.2500000000000000600, 0.06698729810778063200, -0.02266601528757838200 ) ) ;
#1813 = DIRECTION ( 'NONE',  ( 0.0000000000000000000, 0.0000000000000000000, 1.000000000000000000 ) ) ;
#1815 = EDGE_CURVE ( 'NONE', #742, #766, #1262, .T. ) ;
#1814 = CARTESIAN_POINT ( 'NONE',  ( 0.2165063509461100700, -0.1249999999999992900, -0.2275641025641020300 ) ) ;
#1816 = CARTESIAN_POINT ( 'NONE',  ( -0.3750000000000001100, -0.2165063509461096500, -0.4531250000000000600 ) ) ;
#1817 = CARTESIAN_POINT ( 'NONE',  ( 0.0000000000000000000, 0.2000369959355133000, -0.4711538461538450900 ) ) ;
#1818 = CARTESIAN_POINT ( 'NONE',  ( -0.1443375672974065700, 0.2499999999999999400, -0.5032051282051270800 ) ) ;
#1819 = CONICAL_SURFACE ( 'NONE', #1360, 0.3750000000000001100, 1.047197551196600100 ) ;
#1820 = CARTESIAN_POINT ( 'NONE',  ( 0.1240082032431194000, 0.3614165323680825800, -0.003192125635717262800 ) ) ;
#1821 = CARTESIAN_POINT ( 'NONE',  ( -0.2000369959355133000, 4.163229887560619800E-016, -0.2980769230769223500 ) ) ;
#1822 = CARTESIAN_POINT ( 'NONE',  ( -0.1757321857919657800, -0.1408179971761944800, -0.03528142022712449400 ) ) ;
#1823 = EDGE_LOOP ( 'NONE', ( #745, #717, #201, #145, #603 ) ) ;
#1824 = CARTESIAN_POINT ( 'NONE',  ( -0.3750000000000001100, 0.09182848675553953500, -0.006171946431217594000 ) ) ;
#1825 = DIRECTION ( 'NONE',  ( 1.000000000000000000, 0.0000000000000000000, 0.0000000000000000000 ) ) ;
#1826 = ORIENTED_EDGE ( 'NONE', *, *, #425, .F. ) ;
#1827 = CARTESIAN_POINT ( 'NONE',  ( 0.1443375672974065700, -0.2499999999999999400, -0.3878205128205119400 ) ) ;
#1828 = DIRECTION ( 'NONE',  ( 1.000000000000000000, 0.0000000000000000000, 0.0000000000000000000 ) ) ;
#1829 = ORIENTED_EDGE ( 'NONE', *, *, #1852, .F. ) ;
#1830 = CALENDAR_DATE ( 2021, 11, 7 ) ;
#1831 = ORIENTED_EDGE ( 'NONE', *, *, #220, .F. ) ;
#1832 = DIRECTION ( 'NONE',  ( -1.000000000000000000, 0.0000000000000000000, 0.0000000000000000000 ) ) ;
#1833 = CARTESIAN_POINT ( 'NONE',  ( -0.2886751345948128700, -5.302876193624534000E-017, -0.4134615384615374900 ) ) ;
#1834 = CARTESIAN_POINT ( 'NONE',  ( -0.2500000000000000600, -1.143744474604565800E-016, -0.3365384615384608400 ) ) ;
#1835 =( BOUNDED_SURFACE ( )  B_SPLINE_SURFACE ( 1, 2, ( 
 ( #604, #2067, #75, #791, #1692, #1875, #981, #432, #1338, #2092, #2242, #986, #623, #1163, #781, #1522, #2258, #450, #818, #2230, #443, #2061, #972, #1157, #615, #1893, #2251, #282, #2265, #1932, #2283, #1554, #1379, #1925, #1732, #1756, #1014, #1185, #474, #466, #1033, #641, #1387, #836, #1920, #97, #661, #2109, #648, #1006, #1021, #2290, #843, #1562, #1746, #1205, #2276, #88, #827, #106, #461, #293, #2100, #2119, #1370, #275, #1547, #1193, #1466, #1139, #1126, #1110, #2201, #226, #777, #958, #2053, #1304, #1313, #1499, #4, #398, #202, #208, #1117 ),
 ( #560, #1670, #1322, #930, #769, #2033, #2045, #577, #752, #415, #570, #1857, #1292, #1472, #1494, #965, #12, #759, #406, #2038, #1686, #216, #1296, #938, #951, #1131, #378, #1847, #2216, #31, #1653, #1664, #193, #1870, #1678, #1839, #2204, #594, #23, #746, #1487, #38, #584, #2021, #388, #1865, #2225, #2311, #1079, #754, #186, #2024, #1294, #2196, #195, #379, #5, #739, #1274, #354, #747, #1467, #1106, #2008, #1099, #1827, #2177, #1655, #2348, #1833, #730, #550, #1464, #1635, #563, #181, #720, #1840, #921, #13, #542, #931, #375, #1818, #367 ) ),
 .UNSPECIFIED., .F., .F., .F. ) 
 B_SPLINE_SURFACE_WITH_KNOTS ( ( 2, 2 ),
 ( 3, 2, 2, 2, 2, 2, 2, 2, 2, 2, 2, 2, 2, 2, 2, 2, 2, 2, 2, 2, 2, 2, 2, 2, 2, 2, 2, 2, 2, 2, 2, 2, 2, 2, 2, 2, 2, 2, 2, 2, 2, 2, 3 ),
 ( 0.0000000000000000000, 1.000000000000000000 ),
 ( 0.0000000000000000000, 0.02380952380952380800, 0.04761904761904761600, 0.07142857142857142500, 0.09523809523809523300, 0.1190476190476190400, 0.1428571428571428500, 0.1666666666666666600, 0.1904761904761904700, 0.2142857142857142700, 0.2380952380952380800, 0.2619047619047619200, 0.2857142857142857000, 0.3095238095238095300, 0.3333333333333333100, 0.3571428571428571500, 0.3809523809523809300, 0.4047619047619047700, 0.4285714285714285500, 0.4523809523809523800, 0.4761904761904761600, 0.5000000000000000000, 0.5238095238095238400, 0.5476190476190476700, 0.5714285714285714000, 0.5952380952380952300, 0.6190476190476190700, 0.6428571428571429000, 0.6666666666666666300, 0.6904761904761904700, 0.7142857142857143000, 0.7380952380952381400, 0.7619047619047618600, 0.7857142857142857000, 0.8095238095238095300, 0.8333333333333333700, 0.8571428571428571000, 0.8809523809523809300, 0.9047619047619047700, 0.9285714285714286000, 0.9523809523809523300, 0.9761904761904761600, 1.000000000000000000 ),
 .UNSPECIFIED. ) 
 GEOMETRIC_REPRESENTATION_ITEM ( )  RATIONAL_B_SPLINE_SURFACE ( (
 ( 1.000000000000000000, 0.8660254037844387100, 1.000000000000000000, 0.8660254037844387100, 1.000000000000000000, 0.8660254037844387100, 1.000000000000000000, 0.8660254037844387100, 1.000000000000000000, 0.8660254037844387100, 1.000000000000000000, 0.8660254037844387100, 1.000000000000000000, 0.8660254037844387100, 1.000000000000000000, 0.8660254037844387100, 1.000000000000000000, 0.8660254037844387100, 1.000000000000000000, 0.8660254037844387100, 1.000000000000000000, 0.8660254037844387100, 1.000000000000000000, 0.8660254037844387100, 1.000000000000000000, 0.8660254037844387100, 1.000000000000000000, 0.8660254037844387100, 1.000000000000000000, 0.8660254037844387100, 1.000000000000000000, 0.8660254037844387100, 1.000000000000000000, 0.8660254037844387100, 1.000000000000000000, 0.8660254037844387100, 1.000000000000000000, 0.8660254037844387100, 1.000000000000000000, 0.8660254037844387100, 1.000000000000000000, 0.8660254037844387100, 1.000000000000000000, 0.8660254037844387100, 1.000000000000000000, 0.8660254037844387100, 1.000000000000000000, 0.8660254037844387100, 1.000000000000000000, 0.8660254037844387100, 1.000000000000000000, 0.8660254037844387100, 1.000000000000000000, 0.8660254037844387100, 1.000000000000000000, 0.8660254037844387100, 1.000000000000000000, 0.8660254037844387100, 1.000000000000000000, 0.8660254037844387100, 1.000000000000000000, 0.8660254037844387100, 1.000000000000000000, 0.8660254037844387100, 1.000000000000000000, 0.8660254037844387100, 1.000000000000000000, 0.8660254037844387100, 1.000000000000000000, 0.8660254037844387100, 1.000000000000000000, 0.8660254037844387100, 1.000000000000000000, 0.8660254037844387100, 1.000000000000000000, 0.8660254037844387100, 1.000000000000000000, 0.8660254037844387100, 1.000000000000000000, 0.8660254037844387100, 1.000000000000000000, 0.8660254037844387100, 1.000000000000000000, 0.8660254037844387100, 1.000000000000000000),
 ( 1.000000000000000000, 0.8660254037844387100, 1.000000000000000000, 0.8660254037844387100, 1.000000000000000000, 0.8660254037844387100, 1.000000000000000000, 0.8660254037844387100, 1.000000000000000000, 0.8660254037844387100, 1.000000000000000000, 0.8660254037844387100, 1.000000000000000000, 0.8660254037844387100, 1.000000000000000000, 0.8660254037844387100, 1.000000000000000000, 0.8660254037844387100, 1.000000000000000000, 0.8660254037844387100, 1.000000000000000000, 0.8660254037844387100, 1.000000000000000000, 0.8660254037844387100, 1.000000000000000000, 0.8660254037844387100, 1.000000000000000000, 0.8660254037844387100, 1.000000000000000000, 0.8660254037844387100, 1.000000000000000000, 0.8660254037844387100, 1.000000000000000000, 0.8660254037844387100, 1.000000000000000000, 0.8660254037844387100, 1.000000000000000000, 0.8660254037844387100, 1.000000000000000000, 0.8660254037844387100, 1.000000000000000000, 0.8660254037844387100, 1.000000000000000000, 0.8660254037844387100, 1.000000000000000000, 0.8660254037844387100, 1.000000000000000000, 0.8660254037844387100, 1.000000000000000000, 0.8660254037844387100, 1.000000000000000000, 0.8660254037844387100, 1.000000000000000000, 0.8660254037844387100, 1.000000000000000000, 0.8660254037844387100, 1.000000000000000000, 0.8660254037844387100, 1.000000000000000000, 0.8660254037844387100, 1.000000000000000000, 0.8660254037844387100, 1.000000000000000000, 0.8660254037844387100, 1.000000000000000000, 0.8660254037844387100, 1.000000000000000000, 0.8660254037844387100, 1.000000000000000000, 0.8660254037844387100, 1.000000000000000000, 0.8660254037844387100, 1.000000000000000000, 0.8660254037844387100, 1.000000000000000000, 0.8660254037844387100, 1.000000000000000000, 0.8660254037844387100, 1.000000000000000000, 0.8660254037844387100, 1.000000000000000000, 0.8660254037844387100, 1.000000000000000000, 0.8660254037844387100, 1.000000000000000000) ) ) 
 REPRESENTATION_ITEM ( '' )  SURFACE ( )  );
#1836 =( BOUNDED_CURVE ( )  B_SPLINE_CURVE ( 2, ( #1661, #52, #566, #748, #1122, #19, #1298, #1481, #394 ),
 .UNSPECIFIED., .F., .T. ) 
 B_SPLINE_CURVE_WITH_KNOTS ( ( 3, 2, 2, 2, 3 ),
 ( 0.3928571428571428500, 0.4047619047619047700, 0.4285714285714285500, 0.4523809523809523800, 0.4642857142857143000 ),
 .UNSPECIFIED. ) 
 CURVE ( )  GEOMETRIC_REPRESENTATION_ITEM ( )  RATIONAL_B_SPLINE_CURVE ( ( 0.9330127018922194100, 0.9330127018922194100, 1.000000000000000000, 0.8660254037844387100, 1.000000000000000000, 0.8660254037844387100, 1.000000000000000000, 0.9330127018922191900, 0.9330127018922194100 ) ) 
 REPRESENTATION_ITEM ( '' )  );
#1837 = DIRECTION ( 'NONE',  ( 1.000000000000000000, 0.0000000000000000000, 0.0000000000000000000 ) ) ;
#1838 = CARTESIAN_POINT ( 'NONE',  ( -0.2000369959355133000, -0.05359975151726885400, -0.3619493693278053600 ) ) ;
#1839 = CARTESIAN_POINT ( 'NONE',  ( -0.1443375672974065700, 0.2499999999999999400, -0.1955128205128200700 ) ) ;
#1840 = CARTESIAN_POINT ( 'NONE',  ( 0.1443375672974065700, -0.2499999999999999400, -0.4647435897435887600 ) ) ;
#1841 = CARTESIAN_POINT ( 'NONE',  ( -0.1555555459605941800, -0.3432026655579312200, 2.370358342158884900E-016 ) ) ;
#1842 = LINE ( 'NONE', #1100, #530 ) ;
#1843 = CARTESIAN_POINT ( 'NONE',  ( 0.3750000000000001100, -0.2165063509461097600, -0.03349364905389016400 ) ) ;
#1844 = CARTESIAN_POINT ( 'NONE',  ( 0.3750000000000001100, -0.2165063509461097900, -0.4531250000000000600 ) ) ;
#1845 = LINE ( 'NONE', #2267, #308 ) ;
#1846 = AXIS2_PLACEMENT_3D ( 'NONE', #1490, #17, #1320 ) ;
#1847 = CARTESIAN_POINT ( 'NONE',  ( 0.2886751345948128700, 1.767625397874844800E-017, -0.1442307692307688800 ) ) ;
#1848 = CARTESIAN_POINT ( 'NONE',  ( -0.2054095212363698800, -8.600958449026334300E-016, -0.05459047876362985200 ) ) ;
#1849 = CARTESIAN_POINT ( 'NONE',  ( 0.2000369959355133000, -4.666477456386628800E-016, -0.2596153846153839700 ) ) ;
#1850 = ORIENTED_EDGE ( 'NONE', *, *, #16, .F. ) ;
#1851 = ORIENTED_EDGE ( 'NONE', *, *, #103, .T. ) ;
#1852 = EDGE_CURVE ( 'NONE', #1254, #491, #199, .T. ) ;
#1853 = CARTESIAN_POINT ( 'NONE',  ( -0.1874999999999999700, 0.3247595264191646100, 0.0000000000000000000 ) ) ;
#1854 = EDGE_LOOP ( 'NONE', ( #1140, #789, #2141 ) ) ;
#1855 = APPROVAL_PERSON_ORGANIZATION ( #1432, #414, #2232 ) ;
#1856 = CARTESIAN_POINT ( 'NONE',  ( 0.3750000000000001100, -0.2165063509461097900, -0.4031250000000000100 ) ) ;
#1857 = CARTESIAN_POINT ( 'NONE',  ( -0.1443375672974065700, 0.2499999999999999400, -0.04166666666666652600 ) ) ;
#1858 = EDGE_LOOP ( 'NONE', ( #519, #1992, #2084, #886 ) ) ;
#1859 = VECTOR ( 'NONE', #2200, 39.37007874015748100 ) ;
#1860 = CARTESIAN_POINT ( 'NONE',  ( -0.01941762460718390900, -0.2072031948691034600, -0.05309107464359889100 ) ) ;
#1861 = CARTESIAN_POINT ( 'NONE',  ( -0.2000369959355133800, -0.05359975151726841000, -0.3715647539431898300 ) ) ;
#1862 = EDGE_CURVE ( 'NONE', #2115, #832, #387, .T. ) ;
#1863 = PERSON_AND_ORGANIZATION_ROLE ( 'creator' ) ;
#1864 = DIRECTION ( 'NONE',  ( -1.000000000000000000, 0.0000000000000000000, 0.0000000000000000000 ) ) ;
#1865 = CARTESIAN_POINT ( 'NONE',  ( -0.2886751345948128700, -5.302876193624534000E-017, -0.2596153846153840300 ) ) ;
#1866 = CARTESIAN_POINT ( 'NONE',  ( 0.1619596385758152700, -0.1407500480487589000, -0.04571206948150100000 ) ) ;
#1867 = CARTESIAN_POINT ( 'NONE',  ( -6.829619984160658000E-017, -0.4330127018922194100, -0.4031250000000000100 ) ) ;
#1868 = APPROVAL_STATUS ( 'not_yet_approved' ) ;
#1869 = CARTESIAN_POINT ( 'NONE',  ( -0.2000369959355133000, 4.163229887560619800E-016, -0.2211538461538456200 ) ) ;
#1870 = CARTESIAN_POINT ( 'NONE',  ( -0.2886751345948128700, -5.302876193624534000E-017, -0.1826923076923072900 ) ) ;
#1871 = CARTESIAN_POINT ( 'NONE',  ( 0.2600000000000000100, 0.0000000000000000000, 0.0000000000000000000 ) ) ;
#1872 = FACE_OUTER_BOUND ( 'NONE', #345, .T. ) ;
#1873 = CARTESIAN_POINT ( 'NONE',  ( -0.1240082032431194900, -0.3614165323680825200, -0.003192125635717272700 ) ) ;
#1874 = CARTESIAN_POINT ( 'NONE',  ( -0.2000369959355132200, -0.05359975151726875700, -0.1311801385585750500 ) ) ;
#1875 = CARTESIAN_POINT ( 'NONE',  ( 0.1154914134512527400, -0.2000369959355132500, -0.03205128205128197900 ) ) ;
#1876 = ORIENTED_EDGE ( 'NONE', *, *, #678, .T. ) ;
#1877 = CARTESIAN_POINT ( 'NONE',  ( 0.1964569472573150200, 0.05867341221648537200, -0.3976049241582932400 ) ) ;
#1878 = CARTESIAN_POINT ( 'NONE',  ( 0.1191163892899756400, -0.1759866321872087500, -0.04778195821313885300 ) ) ;
#1879 = CARTESIAN_POINT ( 'NONE',  ( -0.1154914134512525900, -0.2000369959355133300, -0.3621794871794863400 ) ) ;
#1880 = ORIENTED_EDGE ( 'NONE', *, *, #1650, .T. ) ;
#1881 = ORIENTED_EDGE ( 'NONE', *, *, #750, .T. ) ;
#1882 = CARTESIAN_POINT ( 'NONE',  ( -0.2000369959355133000, -5.032475688260090000E-017, -0.2884615384615378800 ) ) ;
#1883 = CYLINDRICAL_SURFACE ( 'NONE', #1955, 0.2000369959355133000 ) ;
#1884 = CARTESIAN_POINT ( 'NONE',  ( -0.2034125082807473100, -0.3155724354797930200, 2.402538924603781300E-016 ) ) ;
#1885 = ORIENTED_EDGE ( 'NONE', *, *, #913, .F. ) ;
#1886 = CARTESIAN_POINT ( 'NONE',  ( 0.3750000000000001100, 0.2165063509461097900, -0.03349364905389020500 ) ) ;
#1887 = CARTESIAN_POINT ( 'NONE',  ( 0.2165063509461096500, 0.1250000000000000300, -0.2820512820512813800 ) ) ;
#1888 = VERTEX_POINT ( 'NONE', #1869 ) ;
#1889 = CARTESIAN_POINT ( 'NONE',  ( 0.2600000000000000100, 0.0000000000000000000, 0.0000000000000000000 ) ) ;
#1890 = EDGE_CURVE ( 'NONE', #852, #2347, #2081, .T. ) ;
#1891 = CARTESIAN_POINT ( 'NONE',  ( 0.0000000000000000000, 0.0000000000000000000, 0.0000000000000000000 ) ) ;
#1892 = CARTESIAN_POINT ( 'NONE',  ( 0.0000000000000000000, 0.0000000000000000000, 0.0000000000000000000 ) ) ;
#1893 = CARTESIAN_POINT ( 'NONE',  ( 0.1154914134512526300, 0.2000369959355133000, -0.1602564102564099100 ) ) ;
#1894 = CARTESIAN_POINT ( 'NONE',  ( 0.3135528506394796900, 0.2519828791703414600, -0.01487581996710188800 ) ) ;
#1895 = CARTESIAN_POINT ( 'NONE',  ( 0.1443375672974064100, 0.2500000000000000000, -0.1987179487179482300 ) ) ;
#1896 = DIRECTION ( 'NONE',  ( 0.0000000000000000000, 0.0000000000000000000, 1.000000000000000000 ) ) ;
#1897 = EDGE_CURVE ( 'NONE', #1947, #454, #718, .T. ) ;
#1898 = EDGE_CURVE ( 'NONE', #883, #942, #53, .T. ) ;
#1899 = DIRECTION ( 'NONE',  ( 1.000000000000000000, 0.0000000000000000000, 0.0000000000000000000 ) ) ;
#1900 = B_SPLINE_CURVE_WITH_KNOTS ( 'NONE', 3,
 ( #95, #473, #1013, #1202, #646, #2288, #1042, #826, #1378, #1573, #105, #1754, #281, #1216, #122, #115, #465, #1552, #659, #1950, #1743, #299, #1761, #850, #667, #1941, #2127, #309, #2304, #1386, #492, #1924, #2282, #1771, #674, #835, #859, #2132, #1050, #1224, #128, #1409, #499, #1587 ),
 .UNSPECIFIED., .F., .F.,
 ( 4, 2, 2, 2, 2, 2, 2, 2, 2, 2, 2, 2, 2, 2, 2, 2, 2, 2, 2, 2, 2, 4 ),
 ( 0.004532414964233291500, 0.005621956354905501700, 0.006711497745577711000, 0.007256268440913815600, 0.007801039136249920300, 0.008345809831586024900, 0.008890580526922129600, 0.009980121917594338800, 0.01106966330826654500, 0.01215920469893875000, 0.01324874608961096000, 0.01379351678494706100, 0.01433828748028316200, 0.01542782887095537100, 0.01651737026162757700, 0.01760691165229978000, 0.01815168234763588400, 0.01869645304297198900, 0.01978599443364419500, 0.02087553582431640000, 0.02142030651965250200, 0.02196507721498860600 ),
 .UNSPECIFIED. ) ;
#1901 = VECTOR ( 'NONE', #349, 39.37007874015748100 ) ;
#1902 = CARTESIAN_POINT ( 'NONE',  ( 0.1443375672974062100, 0.2500000000000000600, -0.05448717948717930700 ) ) ;
#1903 = EDGE_CURVE ( 'NONE', #24, #825, #990, .T. ) ;
#1904 = CARTESIAN_POINT ( 'NONE',  ( 0.2886751345948128700, 1.767625397874844800E-017, -0.2884615384615377700 ) ) ;
#1905 = CARTESIAN_POINT ( 'NONE',  ( -0.2436709774416349100, -0.03142832113154938500, -0.01480919682290182000 ) ) ;
#1906 = LINE ( 'NONE', #1718, #2294 ) ;
#1907 = VERTEX_POINT ( 'NONE', #622 ) ;
#1908 =( BOUNDED_CURVE ( )  B_SPLINE_CURVE ( 2, ( #359, #180, #1081, #1267, #1282, #1090, #744, #729, #1624 ),
 .UNSPECIFIED., .F., .F. ) 
 B_SPLINE_CURVE_WITH_KNOTS ( ( 3, 2, 2, 2, 3 ),
 ( 0.2500000000000000000, 0.2619047619047619200, 0.2857142857142857000, 0.3095238095238095300, 0.3214285714285714500 ),
 .UNSPECIFIED. ) 
 CURVE ( )  GEOMETRIC_REPRESENTATION_ITEM ( )  RATIONAL_B_SPLINE_CURVE ( ( 0.9330127018922194100, 0.9330127018922194100, 1.000000000000000000, 0.8660254037844387100, 1.000000000000000000, 0.8660254037844387100, 1.000000000000000000, 0.9330127018922191900, 0.9330127018922194100 ) ) 
 REPRESENTATION_ITEM ( '' )  );
#1909 = VERTEX_POINT ( 'NONE', #2257 ) ;
#1910 = CARTESIAN_POINT ( 'NONE',  ( -0.2500000000000000600, 0.06698729810778049400, -0.1092044768260397500 ) ) ;
#1911 = UNCERTAINTY_MEASURE_WITH_UNIT (LENGTH_MEASURE( 1.000000000000000100E-005 ), #231, 'distance_accuracy_value', 'NONE');
#1912 = CARTESIAN_POINT ( 'NONE',  ( -0.2000369959355133000, 4.163229887560619800E-016, -0.2211538461538456200 ) ) ;
#1913 = CARTESIAN_POINT ( 'NONE',  ( -0.1443375672974074300, 0.2499999999999994200, -0.2724358974358968000 ) ) ;
#1914 = VERTEX_POINT ( 'NONE', #1116 ) ;
#1915 = CALENDAR_DATE ( 2021, 11, 7 ) ;
#1916 = CARTESIAN_POINT ( 'NONE',  ( -0.1443375672974065700, 0.2499999999999999400, -0.1858974358974354300 ) ) ;
#1917 = VERTEX_POINT ( 'NONE', #1493 ) ;
#1918 = CONICAL_SURFACE ( 'NONE', #2126, 0.3750000000000001100, 1.047197551196600100 ) ;
#1919 = CARTESIAN_POINT ( 'NONE',  ( -0.2500000000000000000, 0.0000000000000000000, 0.0000000000000000000 ) ) ;
#1920 = CARTESIAN_POINT ( 'NONE',  ( -0.1732371201768789500, -0.1000184979677567300, -0.2820512820512814400 ) ) ;
#1921 = DIRECTION ( 'NONE',  ( 0.0000000000000000000, 0.0000000000000000000, 1.000000000000000000 ) ) ;
#1922 = CARTESIAN_POINT ( 'NONE',  ( 3.061616997868383000E-017, -0.2500000000000000000, -0.2307692307692302300 ) ) ;
#1923 = CARTESIAN_POINT ( 'NONE',  ( 0.04349292919748481300, 0.2043597633486259100, -0.4014868671411549500 ) ) ;
#1924 = CARTESIAN_POINT ( 'NONE',  ( -0.1694544075567887000, -0.1492027449975861200, -0.4187901848509385000 ) ) ;
#1925 = CARTESIAN_POINT ( 'NONE',  ( -0.2309828269025053500, -4.243085694362404500E-017, -0.2115384615384610900 ) ) ;
#1926 = AXIS2_PLACEMENT_3D ( 'NONE', #681, #325, #1390 ) ;
#1927 = CARTESIAN_POINT ( 'NONE',  ( -0.2165063509461097600, 0.1249999999999998100, -0.4102564102564093000 ) ) ;
#1928 = CARTESIAN_POINT ( 'NONE',  ( 0.3750000000000001100, 0.2165063509461097900, -0.03349364905389020500 ) ) ;
#1929 = ADVANCED_FACE ( 'NONE', ( #228 ), #691, .F. ) ;
#1930 = CARTESIAN_POINT ( 'NONE',  ( 0.1691458774636931400, 0.1834549118150893300, -0.4423611844717848500 ) ) ;
#1931 = CARTESIAN_POINT ( 'NONE',  ( 0.2509917967568806000, -0.2881025204702464800, -0.003192125635717286600 ) ) ;
#1932 = CARTESIAN_POINT ( 'NONE',  ( 0.1154914134512527400, -0.2000369959355132500, -0.1858974358974354900 ) ) ;
#1933 = ORIENTED_EDGE ( 'NONE', *, *, #1903, .T. ) ;
#1934 = CARTESIAN_POINT ( 'NONE',  ( -0.1732371201768789500, -0.1000184979677567300, -0.2147435897435891700 ) ) ;
#1935 = EDGE_CURVE ( 'NONE', #2049, #322, #1531, .T. ) ;
#1936 = CARTESIAN_POINT ( 'NONE',  ( 0.2309828269025053500, 1.414361898120801500E-017, -0.1057692307692304400 ) ) ;
#1937 = ORIENTED_EDGE ( 'NONE', *, *, #1484, .F. ) ;
#1938 = CARTESIAN_POINT ( 'NONE',  ( -0.003330964558469095700, 0.2027799779018139800, -0.3953246439579120600 ) ) ;
#1939 = CARTESIAN_POINT ( 'NONE',  ( -0.2000369959355133000, 2.449746667834783900E-017, -1.160231781186547700 ) ) ;
#1940 = ORIENTED_EDGE ( 'NONE', *, *, #1484, .T. ) ;
#1941 = CARTESIAN_POINT ( 'NONE',  ( -0.06650644447636031000, -0.2115573373097913400, -0.4144227519807255300 ) ) ;
#1942 = ORIENTED_EDGE ( 'NONE', *, *, #425, .T. ) ;
#1943 = CYLINDRICAL_SURFACE ( 'NONE', #2281, 0.2500000000000000000 ) ;
#1944 = ADVANCED_FACE ( 'NONE', ( #771 ), #1943, .F. ) ;
#1945 = CARTESIAN_POINT ( 'NONE',  ( -0.2441479268041642500, -2.708386915863612200E-015, -0.01585207319583580700 ) ) ;
#1946 = CARTESIAN_POINT ( 'NONE',  ( -0.1154914134512527900, 0.2000369959355132200, -0.1570512820512815800 ) ) ;
#1947 = VERTEX_POINT ( 'NONE', #1540 ) ;
#1948 = DIRECTION ( 'NONE',  ( -0.0000000000000000000, -0.0000000000000000000, -1.000000000000000000 ) ) ;
#1949 = CARTESIAN_POINT ( 'NONE',  ( 0.1399977828575291500, 0.2051348151655739400, -0.4411873755576749500 ) ) ;
#1950 = CARTESIAN_POINT ( 'NONE',  ( 0.01902415943861838700, -0.2180302691731494700, -0.4115086854223338200 ) ) ;
#1951 = CARTESIAN_POINT ( 'NONE',  ( 0.3750000000000001100, 0.07359271505753860200, -0.003878414234829169700 ) ) ;
#1952 = CARTESIAN_POINT ( 'NONE',  ( -0.2165063509461094300, -0.1250000000000003300, -0.09935897435897408900 ) ) ;
#1953 = CARTESIAN_POINT ( 'NONE',  ( 0.1154914134512527400, -0.2000369959355132500, 0.03525641025641030500 ) ) ;
#1954 = CARTESIAN_POINT ( 'NONE',  ( 0.1500162383439036200, 0.1984247051054072700, -0.4415799828058020200 ) ) ;
#1955 = AXIS2_PLACEMENT_3D ( 'NONE', #1328, #602, #592 ) ;
#1956 = CARTESIAN_POINT ( 'NONE',  ( -0.3750000000000001100, -0.03661676679737013700, -2.534429290997118700E-018 ) ) ;
#1957 = DIRECTION ( 'NONE',  ( -1.000000000000000000, 0.0000000000000000000, 0.0000000000000000000 ) ) ;
#1958 = CARTESIAN_POINT ( 'NONE',  ( 0.2000369959355133000, 2.744986739050957900E-017, -0.3365384615384606200 ) ) ;
#1959 = CARTESIAN_POINT ( 'NONE',  ( 0.1732371201768789800, 0.1000184979677566600, -0.1762820512820507900 ) ) ;
#1960 = CIRCLE ( 'NONE', #656, 0.5156250000000000000 ) ;
#1961 = VECTOR ( 'NONE', #2228, 39.37007874015748100 ) ;
#1962 = CARTESIAN_POINT ( 'NONE',  ( 0.1874999999999999700, 0.3247595264191646100, 0.0000000000000000000 ) ) ;
#1963 = ORIENTED_EDGE ( 'NONE', *, *, #16, .T. ) ;
#1964 = CARTESIAN_POINT ( 'NONE',  ( 0.2000369959355133000, 2.744986739050957900E-017, -0.3365384615384606200 ) ) ;
#1965 = ORIENTED_EDGE ( 'NONE', *, *, #1372, .T. ) ;
#1966 = CARTESIAN_POINT ( 'NONE',  ( 0.2141261955227083700, 0.06045402365232799300, -0.03802082018864409700 ) ) ;
#1967 = CARTESIAN_POINT ( 'NONE',  ( -0.2309828269025053500, -4.243085694362404500E-017, -0.2980769230769223000 ) ) ;
#1968 = ORIENTED_EDGE ( 'NONE', *, *, #2255, .F. ) ;
#1969 = COORDINATED_UNIVERSAL_TIME_OFFSET ( 6, 0, .BEHIND. ) ;
#1970 = CARTESIAN_POINT ( 'NONE',  ( -0.2500000000000000600, 0.06698729810778063200, -0.03228139990296299800 ) ) ;
#1971 =( GEOMETRIC_REPRESENTATION_CONTEXT ( 3 ) GLOBAL_UNCERTAINTY_ASSIGNED_CONTEXT ( ( #1911 ) ) GLOBAL_UNIT_ASSIGNED_CONTEXT ( ( #231, #607, #954 ) ) REPRESENTATION_CONTEXT ( 'NONE', 'WORKASPACE' ) );
#1972 = ORIENTED_EDGE ( 'NONE', *, *, #1054, .F. ) ;
#1973 = CARTESIAN_POINT ( 'NONE',  ( -0.1443375672974074300, 0.2499999999999994200, -0.2628205128205122200 ) ) ;
#1974 = AXIS2_PLACEMENT_3D ( 'NONE', #204, #1111, #2184 ) ;
#1975 = VECTOR ( 'NONE', #1639, 39.37007874015748100 ) ;
#1976 = DIRECTION ( 'NONE',  ( -0.0000000000000000000, -0.0000000000000000000, 1.000000000000000000 ) ) ;
#1977 = EDGE_CURVE ( 'NONE', #401, #766, #1238, .T. ) ;
#1978 = CARTESIAN_POINT ( 'NONE',  ( -0.2500000000000000600, -0.06698729810778092400, -0.1792570616354980400 ) ) ;
#1980 = EDGE_CURVE ( 'NONE', #1512, #1093, #1354, .T. ) ;
#1979 = CARTESIAN_POINT ( 'NONE',  ( 0.2000369959355133000, 0.05359975151726857600, -0.3331032154816514500 ) ) ;
#1981 = CARTESIAN_POINT ( 'NONE',  ( -0.03760521858891864600, -0.2443200378944206700, -0.01323180618209197000 ) ) ;
#1982 = CARTESIAN_POINT ( 'NONE',  ( 0.06520245276858885300, 0.2208781765031852000, -0.03019767393288264700 ) ) ;
#1983 = CARTESIAN_POINT ( 'NONE',  ( -0.1732371201768789500, -0.1000184979677567300, -0.3685897435897426700 ) ) ;
#1984 = LINE ( 'NONE', #2309, #821 ) ;
#1985 = CARTESIAN_POINT ( 'NONE',  ( 0.2000369959355132200, -0.05359975151726863900, -0.1861275537491164400 ) ) ;
#1986 = CARTESIAN_POINT ( 'NONE',  ( 0.2000369959355132500, 1.235244032572931100E-016, -0.1730769230769227700 ) ) ;
#1987 = CARTESIAN_POINT ( 'NONE',  ( -0.1732371201768790900, 0.1000184979677565100, -0.3044871794871787400 ) ) ;
#1988 = CARTESIAN_POINT ( 'NONE',  ( 0.2165063509461095700, 0.1250000000000001100, -0.05128205128205110000 ) ) ;
#1989 = ORIENTED_EDGE ( 'NONE', *, *, #1650, .F. ) ;
#1990 = CARTESIAN_POINT ( 'NONE',  ( -0.2500000000000000600, -5.901721488959560200E-016, -0.4038461538461528600 ) ) ;
#1991 = ORIENTED_EDGE ( 'NONE', *, *, #1935, .F. ) ;
#1992 = ORIENTED_EDGE ( 'NONE', *, *, #431, .T. ) ;
#1993 = CARTESIAN_POINT ( 'NONE',  ( 0.1154914134512527400, -0.2000369959355132500, -0.1955128205128199800 ) ) ;
#1994 = DIRECTION ( 'NONE',  ( -0.0000000000000000000, -0.0000000000000000000, 1.000000000000000000 ) ) ;
#1995 = CARTESIAN_POINT ( 'NONE',  ( 0.1732371201768790300, -0.1000184979677565900, -0.3429487179487171200 ) ) ;
#1996 = ORIENTED_EDGE ( 'NONE', *, *, #1246, .F. ) ;
#1997 = VECTOR ( 'NONE', #1669, 39.37007874015748100 ) ;
#1998 = CARTESIAN_POINT ( 'NONE',  ( -1.194340119486963500E-015, 0.2500000000000000000, -0.3557692307692300000 ) ) ;
#1999 =( BOUNDED_CURVE ( )  B_SPLINE_CURVE ( 2, ( #126, #497, #1229, #1787, #323, #297, #1214, #831, #1375 ),
 .UNSPECIFIED., .F., .T. ) 
 B_SPLINE_CURVE_WITH_KNOTS ( ( 3, 2, 2, 2, 3 ),
 ( 0.3928571428571429000, 0.4047619047619047700, 0.4285714285714285500, 0.4523809523809523800, 0.4642857142857143000 ),
 .UNSPECIFIED. ) 
 CURVE ( )  GEOMETRIC_REPRESENTATION_ITEM ( )  RATIONAL_B_SPLINE_CURVE ( ( 0.9330127018922193000, 0.9330127018922196300, 1.000000000000000000, 0.8660254037844387100, 1.000000000000000000, 0.8660254037844387100, 1.000000000000000000, 0.9330127018922191900, 0.9330127018922194100 ) ) 
 REPRESENTATION_ITEM ( '' )  );
#2000 = EDGE_LOOP ( 'NONE', ( #1396, #1255, #1367, #1558 ) ) ;
#2001 = CARTESIAN_POINT ( 'NONE',  ( -0.1443375672974059300, -0.2500000000000002800, -0.3910256410256400800 ) ) ;
#2002 = CARTESIAN_POINT ( 'NONE',  ( 0.2600000000000000100, 3.184081677783118700E-017, -0.4531250000000000600 ) ) ;
#2003 = CARTESIAN_POINT ( 'NONE',  ( 0.1443375672974074000, -0.2499999999999994200, -0.2339743589743583900 ) ) ;
#2004 = CARTESIAN_POINT ( 'NONE',  ( 0.2000369959355133000, -2.287488949209131700E-016, -0.1057692307692304400 ) ) ;
#2005 = PLANE ( 'NONE',  #1410 ) ;
#2006 = CARTESIAN_POINT ( 'NONE',  ( -0.2000369959355133000, -0.05359975151726876400, -0.2081032154816518700 ) ) ;
#2007 = CARTESIAN_POINT ( 'NONE',  ( -0.2000369959355132500, -0.05359975151726863200, -0.06387244625088278600 ) ) ;
#2008 = CARTESIAN_POINT ( 'NONE',  ( 0.2886751345948128700, 1.767625397874844800E-017, -0.3749999999999991700 ) ) ;
#2009 = CARTESIAN_POINT ( 'NONE',  ( 0.0000000000000000000, 0.0000000000000000000, 0.0000000000000000000 ) ) ;
#2010 =( BOUNDED_CURVE ( )  B_SPLINE_CURVE ( 2, ( #99, #2284, #1206, #2260, #268, #2291, #1724, #1394, #669 ),
 .UNSPECIFIED., .F., .F. ) 
 B_SPLINE_CURVE_WITH_KNOTS ( ( 3, 2, 2, 2, 3 ),
 ( 0.8214285714285715100, 0.8333333333333333700, 0.8571428571428571000, 0.8809523809523809300, 0.8928571428571430200 ),
 .UNSPECIFIED. ) 
 CURVE ( )  GEOMETRIC_REPRESENTATION_ITEM ( )  RATIONAL_B_SPLINE_CURVE ( ( 0.9330127018922193000, 0.9330127018922196300, 1.000000000000000000, 0.8660254037844387100, 1.000000000000000000, 0.8660254037844387100, 1.000000000000000000, 0.9330127018922184100, 0.9330127018922194100 ) ) 
 REPRESENTATION_ITEM ( '' )  );
#2011 =( BOUNDED_CURVE ( )  B_SPLINE_CURVE ( 2, ( #1008, #2110, #1196, #276, #2087, #468, #1016, #108, #1548 ),
 .UNSPECIFIED., .F., .T. ) 
 B_SPLINE_CURVE_WITH_KNOTS ( ( 3, 2, 2, 2, 3 ),
 ( 0.4642857142857143600, 0.4761904761904761600, 0.5000000000000000000, 0.5238095238095238400, 0.5357142857142858100 ),
 .UNSPECIFIED. ) 
 CURVE ( )  GEOMETRIC_REPRESENTATION_ITEM ( )  RATIONAL_B_SPLINE_CURVE ( ( 0.9330127018922194100, 0.9330127018922198500, 1.000000000000000000, 0.8660254037844387100, 1.000000000000000000, 0.8660254037844387100, 1.000000000000000000, 0.9330127018922189700, 0.9330127018922193000 ) ) 
 REPRESENTATION_ITEM ( '' )  );
#2012 = CARTESIAN_POINT ( 'NONE',  ( 0.1874999999999999700, 0.3247595264191646100, 0.0000000000000000000 ) ) ;
#2013 = CARTESIAN_POINT ( 'NONE',  ( 0.2000369959355133000, 0.0000000000000000000, -1.160231781186547700 ) ) ;
#2014 = FACE_OUTER_BOUND ( 'NONE', #2105, .T. ) ;
#2015 = CARTESIAN_POINT ( 'NONE',  ( -6.438656778682172300E-018, 0.4330127018922194100, -0.4031250000000000100 ) ) ;
#2016 = ORIENTED_EDGE ( 'NONE', *, *, #875, .F. ) ;
#2017 = EDGE_CURVE ( 'NONE', #1093, #1172, #668, .T. ) ;
#2018 = EDGE_CURVE ( 'NONE', #1917, #1179, #1482, .T. ) ;
#2019 = ORIENTED_EDGE ( 'NONE', *, *, #2150, .T. ) ;
#2020 = DIRECTION ( 'NONE',  ( -0.4999999999999998300, 0.8660254037844388200, 0.0000000000000000000 ) ) ;
#2021 = CARTESIAN_POINT ( 'NONE',  ( -0.1443375672974063500, -0.2500000000000001100, -0.2467948717948712000 ) ) ;
#2022 = ORIENTED_EDGE ( 'NONE', *, *, #1534, .T. ) ;
#2023 = DIMENSIONAL_EXPONENTS ( 1.000000000000000000, 0.0000000000000000000, 0.0000000000000000000, 0.0000000000000000000, 0.0000000000000000000, 0.0000000000000000000, 0.0000000000000000000 ) ;
#2024 = CARTESIAN_POINT ( 'NONE',  ( 0.2886751345948128700, 1.767625397874844800E-017, -0.2980769230769223500 ) ) ;
#2025 = CARTESIAN_POINT ( 'NONE',  ( -0.2500000000000000000, 0.0000000000000000000, 0.0000000000000000000 ) ) ;
#2026 = EDGE_CURVE ( 'NONE', #44, #2217, #1900, .T. ) ;
#2027 = EDGE_LOOP ( 'NONE', ( #621, #1377, #2213, #424 ) ) ;
#2028 = EDGE_LOOP ( 'NONE', ( #250, #284, #568, #280, #2071 ) ) ;
#2029 = CARTESIAN_POINT ( 'NONE',  ( -1.194340119486963500E-015, 0.2500000000000000000, -0.3461538461538453700 ) ) ;
#2030 = CARTESIAN_POINT ( 'NONE',  ( -0.3750000000000001100, 0.2165063509461097900, -0.03349364905389019800 ) ) ;
#2031 = CARTESIAN_POINT ( 'NONE',  ( -0.1644285434240387900, -0.1139212616255348300, -0.05996300406448650000 ) ) ;
#2032 = AXIS2_PLACEMENT_3D ( 'NONE', #1544, #1524, #1719 ) ;
#2033 = CARTESIAN_POINT ( 'NONE',  ( 0.1443375672974065700, -0.2499999999999999400, -0.003205128205128144300 ) ) ;
#2034 = CYLINDRICAL_SURFACE ( 'NONE', #1012, 0.2000369959355133000 ) ;
#2035 = CARTESIAN_POINT ( 'NONE',  ( -0.2500000000000000600, 9.149955796836526500E-018, -0.1826923076923073200 ) ) ;
#2036 = CARTESIAN_POINT ( 'NONE',  ( 0.0000000000000000000, 0.0000000000000000000, -0.4431250000000000500 ) ) ;
#2037 = CARTESIAN_POINT ( 'NONE',  ( 0.1443375672974074000, -0.2499999999999994200, -0.2243589743589738100 ) ) ;
#2038 = CARTESIAN_POINT ( 'NONE',  ( -0.1443375672974063500, -0.2500000000000001100, -0.09294871794871770200 ) ) ;
#2039 = CARTESIAN_POINT ( 'NONE',  ( 0.03059594181609418000, -0.4153481266485872200, -0.02329500178185110400 ) ) ;
#2040 = CARTESIAN_POINT ( 'NONE',  ( 0.2500000000000000000, 0.06698729810778109000, -0.2177186000970363900 ) ) ;
#2041 = CARTESIAN_POINT ( 'NONE',  ( -0.1806217782649113800, -0.1728460969082645500, -0.009999999999999956800 ) ) ;
#2042 = CARTESIAN_POINT ( 'NONE',  ( 0.2500000000000001100, -0.06698729810778010500, -0.2149737075952702900 ) ) ;
#2043 = CARTESIAN_POINT ( 'NONE',  ( -0.1732371201768793100, 0.1000184979677561100, -0.2179487179487174800 ) ) ;
#2044 = CC_DESIGN_PERSON_AND_ORGANIZATION_ASSIGNMENT ( #861, #773, ( #1151 ) ) ;
#2045 = CARTESIAN_POINT ( 'NONE',  ( 3.061616997868383000E-017, -0.2500000000000000000, -0.009615384615384544800 ) ) ;
#2046 = CARTESIAN_POINT ( 'NONE',  ( 0.1095845158861440400, -0.1815772633165373400, -0.04820484835465558400 ) ) ;
#2047 = ORIENTED_EDGE ( 'NONE', *, *, #8, .F. ) ;
#2048 = AXIS2_PLACEMENT_3D ( 'NONE', #574, #1276, #14 ) ;
#2049 = VERTEX_POINT ( 'NONE', #481 ) ;
#2050 = CARTESIAN_POINT ( 'NONE',  ( 0.2500000000000000000, 0.0000000000000000000, -0.3749999999999992200 ) ) ;
#2051 = ORIENTED_EDGE ( 'NONE', *, *, #1123, .F. ) ;
#2052 = CARTESIAN_POINT ( 'NONE',  ( 0.2000369959355134700, 0.05359975151726866600, -0.2465647539431902500 ) ) ;
#2053 = CARTESIAN_POINT ( 'NONE',  ( 0.1732371201768790300, -0.1000184979677565900, -0.4871794871794861700 ) ) ;
#2054 = ORIENTED_EDGE ( 'NONE', *, *, #1977, .F. ) ;
#2055 = CARTESIAN_POINT ( 'NONE',  ( 0.2487110547394757200, -0.005273331210152835300, -0.4418360547394757400 ) ) ;
#2056 = CARTESIAN_POINT ( 'NONE',  ( -0.03059594181609424900, 0.4153481266485873900, -0.02329500178185112500 ) ) ;
#2057 = EDGE_CURVE ( 'NONE', #2148, #1145, #2315, .T. ) ;
#2058 = ORIENTED_EDGE ( 'NONE', *, *, #353, .T. ) ;
#2059 = CARTESIAN_POINT ( 'NONE',  ( -0.2500000000000001100, 0.06698729810778016000, -0.3303583229798855400 ) ) ;
#2060 = CARTESIAN_POINT ( 'NONE',  ( 0.1732371201768790300, -0.1000184979677565900, -0.1121794871794868100 ) ) ;
#2061 = CARTESIAN_POINT ( 'NONE',  ( -0.2309828269025053500, -4.243085694362404500E-017, -0.1346153846153843300 ) ) ;
#2062 = CARTESIAN_POINT ( 'NONE',  ( 0.3444040581839059000, 0.2341709261897419700, -0.02329500178185115600 ) ) ;
#2063 = CARTESIAN_POINT ( 'NONE',  ( 0.2139692227967907300, -0.04383719061321472000, -0.04186838154774931400 ) ) ;
#2064 = CARTESIAN_POINT ( 'NONE',  ( -0.2500000000000003300, 0.06698729810777968900, -0.4168967845183468300 ) ) ;
#2065 = CARTESIAN_POINT ( 'NONE',  ( 0.1732371201768787800, 0.1000184979677570300, -0.3205128205128198200 ) ) ;
#2066 = CARTESIAN_POINT ( 'NONE',  ( -0.1471688046133966500, -0.2450961531204198500, -0.01627712035279889300 ) ) ;
#2067 = CARTESIAN_POINT ( 'NONE',  ( 0.1154914134512526300, 0.2000369959355133000, -0.006410256410256391800 ) ) ;
#2068 = CARTESIAN_POINT ( 'NONE',  ( 0.0000000000000000000, 0.0000000000000000000, 0.0000000000000000000 ) ) ;
#2069 = CARTESIAN_POINT ( 'NONE',  ( 3.061616997868383000E-017, -0.2500000000000000000, -0.07692307692307669100 ) ) ;
#2070 = FACE_OUTER_BOUND ( 'NONE', #967, .T. ) ;
#2071 = ORIENTED_EDGE ( 'NONE', *, *, #1207, .T. ) ;
#2072 = DIRECTION ( 'NONE',  ( -1.000000000000000000, 0.0000000000000000000, 0.0000000000000000000 ) ) ;
#2073 = CARTESIAN_POINT ( 'NONE',  ( 0.1274875785638130700, 0.1541483605324434300, -0.3931619959355135400 ) ) ;
#2074 = ORIENTED_EDGE ( 'NONE', *, *, #307, .T. ) ;
#2075 = CARTESIAN_POINT ( 'NONE',  ( 1.224956289465647300E-015, -0.2500000000000000000, -0.3942307692307683900 ) ) ;
#2076 = CARTESIAN_POINT ( 'NONE',  ( 0.1443375672974064100, 0.2500000000000000000, -0.2756410256410250500 ) ) ;
#2077 = CARTESIAN_POINT ( 'NONE',  ( -0.2237833726040124300, -0.1072749552653727200, -0.01233065492633109900 ) ) ;
#2078 = VERTEX_POINT ( 'NONE', #871 ) ;
#2079 = ADVANCED_FACE ( 'NONE', ( #1569 ), #1147, .F. ) ;
#2080 = EDGE_LOOP ( 'NONE', ( #1510, #1486, #680, #2047, #374 ) ) ;
#2081 =( BOUNDED_CURVE ( )  B_SPLINE_CURVE ( 2, ( #2083, #2066, #2250, #984, #1156 ),
 .UNSPECIFIED., .F., .F. ) 
 B_SPLINE_CURVE_WITH_KNOTS ( ( 3, 2, 3 ),
 ( 0.07224177049110541700, 0.09523809523809523300, 0.1071428571428571500 ),
 .UNSPECIFIED. ) 
 CURVE ( )  GEOMETRIC_REPRESENTATION_ITEM ( )  RATIONAL_B_SPLINE_CURVE ( ( 0.9911609348378309600, 0.8706012204583650800, 1.000000000000000000, 0.9330127018922193000, 0.9330127018922194100 ) ) 
 REPRESENTATION_ITEM ( '' )  );
#2082 =( BOUNDED_CURVE ( )  B_SPLINE_CURVE ( 2, ( #2237, #941, #1305 ),
 .UNSPECIFIED., .F., .T. ) 
 B_SPLINE_CURVE_WITH_KNOTS ( ( 3, 3 ),
 ( 0.8928571428571430200, 0.8942747646433443200 ),
 .UNSPECIFIED. ) 
 CURVE ( )  GEOMETRIC_REPRESENTATION_ITEM ( )  RATIONAL_B_SPLINE_CURVE ( ( 0.9330127018922194100, 0.9330127018922195200, 0.9339625885576046100 ) ) 
 REPRESENTATION_ITEM ( '' )  );
#2083 = CARTESIAN_POINT ( 'NONE',  ( -0.008575316918365162900, -0.2498528845936135700, -0.009999999999999943000 ) ) ;
#2084 = ORIENTED_EDGE ( 'NONE', *, *, #2150, .F. ) ;
#2085 = LINE ( 'NONE', #895, #489 ) ;
#2086 = CARTESIAN_POINT ( 'NONE',  ( 0.2034125082807470800, 0.3155724354797931900, 2.317446572750345600E-016 ) ) ;
#2087 = CARTESIAN_POINT ( 'NONE',  ( 1.714822667484349200E-016, -0.2000369959355133000, -0.2692307692307686600 ) ) ;
#2088 = CARTESIAN_POINT ( 'NONE',  ( 0.1443375672974065700, -0.2499999999999999400, -0.1474358974358970500 ) ) ;
#2089 = VERTEX_POINT ( 'NONE', #355 ) ;
#2090 = DIRECTION ( 'NONE',  ( 1.000000000000000000, 0.0000000000000000000, 0.0000000000000000000 ) ) ;
#2091 = CARTESIAN_POINT ( 'NONE',  ( -0.2000369959355132500, -0.05359975151726863200, -0.1407955231739595700 ) ) ;
#2092 = CARTESIAN_POINT ( 'NONE',  ( -0.2309828269025053500, -4.243085694362404500E-017, -0.05769230769230757800 ) ) ;
#2093 = CARTESIAN_POINT ( 'NONE',  ( 0.1502037328829234900, 0.1347170899539278400, -0.3943426750513035500 ) ) ;
#2094 = DIRECTION ( 'NONE',  ( 0.8660254037844384900, -0.5000000000000002200, 0.0000000000000000000 ) ) ;
#2095 = CARTESIAN_POINT ( 'NONE',  ( -0.1443375672974063500, -0.2500000000000001100, -0.08333333333333307900 ) ) ;
#2096 = DIRECTION ( 'NONE',  ( 0.0000000000000000000, 0.0000000000000000000, -1.000000000000000000 ) ) ;
#2097 = CARTESIAN_POINT ( 'NONE',  ( 0.2030896482352729000, 0.1155098443653536800, -0.4262427161707685900 ) ) ;
#2098 = EDGE_CURVE ( 'NONE', #322, #135, #1173, .T. ) ;
#2099 = CARTESIAN_POINT ( 'NONE',  ( 0.3750000000000001100, -0.2165063509461097600, -0.03349364905389016400 ) ) ;
#2100 = CARTESIAN_POINT ( 'NONE',  ( 0.1732371201768789800, 0.1000184979677566600, -0.3974358974358965800 ) ) ;
#2101 = CARTESIAN_POINT ( 'NONE',  ( 0.3750000000000001100, -0.2165063509461097600, -0.4031250000000000100 ) ) ;
#2102 = DIRECTION ( 'NONE',  ( -1.000000000000000000, 0.0000000000000000000, 0.0000000000000000000 ) ) ;
#2103 = EDGE_CURVE ( 'NONE', #1223, #1798, #59, .T. ) ;
#2104 = CARTESIAN_POINT ( 'NONE',  ( 0.1443375672974064100, 0.2500000000000000000, -0.1217948717948714500 ) ) ;
#2105 = EDGE_LOOP ( 'NONE', ( #2275, #1625, #1083 ) ) ;
#2106 = ORIENTED_EDGE ( 'NONE', *, *, #881, .F. ) ;
#2107 = CARTESIAN_POINT ( 'NONE',  ( 0.3134308897617557600, -0.2520532933159259100, -0.01484626796048531800 ) ) ;
#2108 = ADVANCED_FACE ( 'NONE', ( #172 ), #975, .F. ) ;
#2109 = CARTESIAN_POINT ( 'NONE',  ( -0.1154914134512527900, 0.2000369959355132200, -0.3012820512820506600 ) ) ;
#2110 = CARTESIAN_POINT ( 'NONE',  ( 0.2000369959355132500, -0.05359975151726833300, -0.2534352460568087300 ) ) ;
#2111 = EDGE_LOOP ( 'NONE', ( #2327, #1005, #591, #456 ) ) ;
#2112 = PERSON_AND_ORGANIZATION ( #2120, #435 ) ;
#2113 = CARTESIAN_POINT ( 'NONE',  ( -0.1732371201768789500, -0.1000184979677567300, 0.01602564102564111400 ) ) ;
#2114 = CARTESIAN_POINT ( 'NONE',  ( 0.2332059425447785000, 0.06056317465454377800, -0.4335658211314382700 ) ) ;
#2115 = VERTEX_POINT ( 'NONE', #2162 ) ;
#2116 = CONICAL_SURFACE ( 'NONE', #1704, 0.2600000000000000100, 0.7853981633974500600 ) ;
#2117 = CARTESIAN_POINT ( 'NONE',  ( 0.0000000000000000000, 0.0000000000000000000, 0.0000000000000000000 ) ) ;
#2118 = CARTESIAN_POINT ( 'NONE',  ( 0.3750000000000001100, -0.2165063509461097600, -0.03349364905389016400 ) ) ;
#2119 = CARTESIAN_POINT ( 'NONE',  ( 0.2309828269025053500, 1.414361898120801500E-017, -0.4038461538461529700 ) ) ;
#2120 = PERSON ( 'UNSPECIFIED', 'UNSPECIFIED', 'UNSPECIFIED', ('UNSPECIFIED'), ('UNSPECIFIED'), ('UNSPECIFIED') ) ;
#2121 = CARTESIAN_POINT ( 'NONE',  ( -0.2500000000000000000, 0.0000000000000000000, 0.0000000000000000000 ) ) ;
#2122 = CARTESIAN_POINT ( 'NONE',  ( 0.1732371201768790300, -0.1000184979677565900, -0.1121794871794868100 ) ) ;
#2123 = CARTESIAN_POINT ( 'NONE',  ( -0.2036405668297078000, 0.01197877504614137800, -0.05635943317029198200 ) ) ;
#2124 = ADVANCED_FACE ( 'NONE', ( #545, #947 ), #2330, .T. ) ;
#2125 = DIRECTION ( 'NONE',  ( 0.0000000000000000000, 0.0000000000000000000, 1.000000000000000000 ) ) ;
#2126 = AXIS2_PLACEMENT_3D ( 'NONE', #1638, #1272, #1825 ) ;
#2127 = CARTESIAN_POINT ( 'NONE',  ( -0.08014336219282666700, -0.2073208589222854900, -0.4149372798154681900 ) ) ;
#2128 = CARTESIAN_POINT ( 'NONE',  ( 0.0000000000000000000, 0.0000000000000000000, 0.0000000000000000000 ) ) ;
#2129 = CARTESIAN_POINT ( 'NONE',  ( 0.0000000000000000000, 0.2000369959355133000, -0.1634615384615379900 ) ) ;
#2130 = CARTESIAN_POINT ( 'NONE',  ( 0.1866170711025305100, 0.1663552487092398200, -0.4431249999999999900 ) ) ;
#2131 = CYLINDRICAL_SURFACE ( 'NONE', #326, 0.2500000000000000000 ) ;
#2132 = CARTESIAN_POINT ( 'NONE',  ( -0.2181343491289991500, -0.07021106733125115400, -0.4218248543645480300 ) ) ;
#2133 = FACE_OUTER_BOUND ( 'NONE', #1310, .T. ) ;
#2134 = CARTESIAN_POINT ( 'NONE',  ( 0.3750000000000001100, 0.0000000000000000000, 0.0000000000000000000 ) ) ;
#2135 = CARTESIAN_POINT ( 'NONE',  ( -0.2165063509461097600, 0.1249999999999998100, -0.4871794871794860600 ) ) ;
#2136 = ORIENTED_EDGE ( 'NONE', *, *, #874, .T. ) ;
#2137 = CARTESIAN_POINT ( 'NONE',  ( -0.1026888498929545300, 0.2172445638133116400, -0.4331145859753200400 ) ) ;
#2138 = CC_DESIGN_PERSON_AND_ORGANIZATION_ASSIGNMENT ( #1115, #205, ( #1151 ) ) ;
#2139 = EDGE_LOOP ( 'NONE', ( #2350, #1194, #1203, #515, #1881 ) ) ;
#2140 = CARTESIAN_POINT ( 'NONE',  ( -0.2000369959355133000, 4.163229887560619800E-016, -0.2980769230769223500 ) ) ;
#2141 = ORIENTED_EDGE ( 'NONE', *, *, #353, .F. ) ;
#2142 = LOCAL_TIME ( 3, 47, 4.000000000000000000, #767 ) ;
#2143 = CARTESIAN_POINT ( 'NONE',  ( -0.002096472494462915800, 0.2321315913310555100, -0.02798204325061836400 ) ) ;
#2144 = CARTESIAN_POINT ( 'NONE',  ( -0.1443375672974065700, 0.2499999999999999400, -0.4166666666666658000 ) ) ;
#2145 = ORIENTED_EDGE ( 'NONE', *, *, #785, .T. ) ;
#2146 = EDGE_CURVE ( 'NONE', #1798, #2171, #1416, .T. ) ;
#2147 = EDGE_CURVE ( 'NONE', #974, #1279, #813, .T. ) ;
#2148 = VERTEX_POINT ( 'NONE', #1821 ) ;
#2150 = EDGE_CURVE ( 'NONE', #1800, #1909, #1582, .T. ) ;
#2149 = CARTESIAN_POINT ( 'NONE',  ( 0.0000000000000000000, 0.0000000000000000000, -1.160231781186547700 ) ) ;
#2151 = CARTESIAN_POINT ( 'NONE',  ( -0.2000369959355133000, 4.163229887560619800E-016, -0.2980769230769223500 ) ) ;
#2152 = CARTESIAN_POINT ( 'NONE',  ( 0.1791530516962852600, 0.1359002241519160200, -0.03526125918529637200 ) ) ;
#2153 = DIRECTION ( 'NONE',  ( -0.0000000000000000000, -0.0000000000000000000, -1.000000000000000000 ) ) ;
#2154 = AXIS2_PLACEMENT_3D ( 'NONE', #294, #2277, #837 ) ;
#2155 = CARTESIAN_POINT ( 'NONE',  ( 0.2500000000000000600, 8.234960217152874200E-017, -0.2884615384615378300 ) ) ;
#2156 = DIRECTION ( 'NONE',  ( -1.000000000000000000, 0.0000000000000000000, 0.0000000000000000000 ) ) ;
#2157 = CARTESIAN_POINT ( 'NONE',  ( 9.184850993605148400E-017, -0.2500000000000000000, -0.08653846153846131400 ) ) ;
#2158 = CARTESIAN_POINT ( 'NONE',  ( -0.2309828269025053500, -4.243085694362404500E-017, -0.4519230769230758700 ) ) ;
#2159 = LINE ( 'NONE', #1429, #274 ) ;
#2160 = FACE_OUTER_BOUND ( 'NONE', #255, .T. ) ;
#2161 = ORIENTED_EDGE ( 'NONE', *, *, #1365, .T. ) ;
#2162 = CARTESIAN_POINT ( 'NONE',  ( -0.2000369959355133000, 4.574977898418263200E-018, -0.2115384615384611500 ) ) ;
#2163 = CARTESIAN_POINT ( 'NONE',  ( -0.2060662319215480500, -0.05863044034247957100, -0.04625061514308458800 ) ) ;
#2164 = ADVANCED_FACE ( 'NONE', ( #1401, #889 ), #1097, .F. ) ;
#2165 = ORIENTED_EDGE ( 'NONE', *, *, #393, .F. ) ;
#2166 = CARTESIAN_POINT ( 'NONE',  ( -6.438656778682172300E-018, 0.4330127018922194100, -0.4031250000000000100 ) ) ;
#2167 = CARTESIAN_POINT ( 'NONE',  ( 2.449746667834784500E-017, -0.2000369959355133000, -0.3557692307692298900 ) ) ;
#2168 = DIRECTION ( 'NONE',  ( 0.0000000000000000000, 0.0000000000000000000, 1.000000000000000000 ) ) ;
#2169 = ORIENTED_EDGE ( 'NONE', *, *, #1489, .T. ) ;
#2170 = SECURITY_CLASSIFICATION ( '', '', #1479 ) ;
#2171 = VERTEX_POINT ( 'NONE', #902 ) ;
#2172 = CARTESIAN_POINT ( 'NONE',  ( 0.1443375672974074300, -0.2499999999999993900, -0.3012820512820506000 ) ) ;
#2173 = AXIS2_PLACEMENT_3D ( 'NONE', #2009, #2197, #1452 ) ;
#2174 = CARTESIAN_POINT ( 'NONE',  ( -0.2054095212363698800, -8.600958449026334300E-016, -0.05459047876362985200 ) ) ;
#2175 = CARTESIAN_POINT ( 'NONE',  ( 0.0000000000000000000, 0.2000369959355133000, -0.3173076923076915100 ) ) ;
#2176 = CARTESIAN_POINT ( 'NONE',  ( 0.2500000000000000600, 8.234960217152875400E-017, -0.05769230769230750800 ) ) ;
#2177 = CARTESIAN_POINT ( 'NONE',  ( 3.061616997868383000E-017, -0.2500000000000000000, -0.3942307692307683900 ) ) ;
#2179 = EDGE_CURVE ( 'NONE', #741, #742, #1908, .T. ) ;
#2178 = CARTESIAN_POINT ( 'NONE',  ( 0.1154914134512534700, -0.2000369959355128000, -0.3397435897435890400 ) ) ;
#2180 = CARTESIAN_POINT ( 'NONE',  ( -0.3750000000000001100, 0.03672815597128129700, -0.0007810193749188780500 ) ) ;
#2181 = CARTESIAN_POINT ( 'NONE',  ( 0.0000000000000000000, 0.2000369959355133000, -0.2403846153846147800 ) ) ;
#2182 = CARTESIAN_POINT ( 'NONE',  ( 0.2165063509461093400, 0.1250000000000005300, -0.3685897435897427200 ) ) ;
#2183 = CARTESIAN_POINT ( 'NONE',  ( 0.0000000000000000000, 0.0000000000000000000, -0.4031250000000000100 ) ) ;
#2184 = DIRECTION ( 'NONE',  ( -1.000000000000000000, 0.0000000000000000000, 0.0000000000000000000 ) ) ;
#2185 = CARTESIAN_POINT ( 'NONE',  ( -0.2500000000000000600, -0.06698729810778099300, -0.2561801385585748000 ) ) ;
#2186 = VECTOR ( 'NONE', #1656, 39.37007874015748100 ) ;
#2187 = CARTESIAN_POINT ( 'NONE',  ( -0.3750000000000001100, 0.0000000000000000000, 0.0000000000000000000 ) ) ;
#2188 = ORIENTED_EDGE ( 'NONE', *, *, #749, .F. ) ;
#2189 = CARTESIAN_POINT ( 'NONE',  ( -0.2000369959355133000, -7.777462427311046400E-017, -0.1442307692307688000 ) ) ;
#2190 = VERTEX_POINT ( 'NONE', #2012 ) ;
#2191 = ORIENTED_EDGE ( 'NONE', *, *, #1774, .F. ) ;
#2192 = CARTESIAN_POINT ( 'NONE',  ( -0.2000369959355133000, 4.163229887560619800E-016, -0.3749999999999991700 ) ) ;
#2193 = ORIENTED_EDGE ( 'NONE', *, *, #2255, .T. ) ;
#2194 = AXIS2_PLACEMENT_3D ( 'NONE', #1783, #684, #693 ) ;
#2195 = ORIENTED_EDGE ( 'NONE', *, *, #1897, .F. ) ;
#2196 = CARTESIAN_POINT ( 'NONE',  ( 0.1443375672974065700, -0.2499999999999999400, -0.3108974358974351800 ) ) ;
#2197 = DIRECTION ( 'NONE',  ( -0.0000000000000000000, -0.0000000000000000000, 1.000000000000000000 ) ) ;
#2198 = ORIENTED_EDGE ( 'NONE', *, *, #1815, .T. ) ;
#2199 = CARTESIAN_POINT ( 'NONE',  ( 0.2500000000000000000, 3.061616997868383000E-017, 0.0000000000000000000 ) ) ;
#2200 = DIRECTION ( 'NONE',  ( -0.0000000000000000000, -0.0000000000000000000, -1.000000000000000000 ) ) ;
#2201 = CARTESIAN_POINT ( 'NONE',  ( 0.0000000000000000000, 0.2000369959355133000, -0.4615384615384605600 ) ) ;
#2202 = CARTESIAN_POINT ( 'NONE',  ( 0.2500000000000000000, 0.0000000000000000000, -0.3653846153846145900 ) ) ;
#2203 = CARTESIAN_POINT ( 'NONE',  ( -0.1154914134512534000, 0.2000369959355128600, -0.2243589743589738900 ) ) ;
#2204 = CARTESIAN_POINT ( 'NONE',  ( 0.0000000000000000000, 0.2500000000000000000, -0.2019230769230764600 ) ) ;
#2205 = CARTESIAN_POINT ( 'NONE',  ( 0.0000000000000000000, 0.0000000000000000000, 0.0000000000000000000 ) ) ;
#2206 = VECTOR ( 'NONE', #1646, 39.37007874015748900 ) ;
#2207 = CARTESIAN_POINT ( 'NONE',  ( -0.1082801643491749800, 0.3704971198573263100, -0.006124360615781282400 ) ) ;
#2208 = AXIS2_PLACEMENT_3D ( 'NONE', #1536, #2096, #1726 ) ;
#2209 = VECTOR ( 'NONE', #1683, 39.37007874015748900 ) ;
#2210 = CARTESIAN_POINT ( 'NONE',  ( -3.673940397442059400E-016, 0.2500000000000000000, -0.4326923076923067700 ) ) ;
#2211 = CARTESIAN_POINT ( 'NONE',  ( 0.2165063509461093400, 0.1250000000000005300, -0.3589743589743581400 ) ) ;
#2212 = EDGE_CURVE ( 'NONE', #598, #1143, #2085, .T. ) ;
#2213 = ORIENTED_EDGE ( 'NONE', *, *, #707, .T. ) ;
#2214 = CARTESIAN_POINT ( 'NONE',  ( -0.2500000000000000600, -4.574977898418263600E-017, -0.2499999999999994400 ) ) ;
#2215 = DIRECTION ( 'NONE',  ( -0.0000000000000000000, -0.0000000000000000000, -1.000000000000000000 ) ) ;
#2216 = CARTESIAN_POINT ( 'NONE',  ( 0.2165063509461096800, -0.1249999999999999400, -0.1506410256410252400 ) ) ;
#2217 = VERTEX_POINT ( 'NONE', #2346 ) ;
#2218 = DIRECTION ( 'NONE',  ( 0.8660254037844383700, -0.5000000000000002200, 0.0000000000000000000 ) ) ;
#2219 = EDGE_LOOP ( 'NONE', ( #571, #792, #914 ) ) ;
#2220 = DATE_AND_TIME ( #713, #256 ) ;
#2221 = ORIENTED_EDGE ( 'NONE', *, *, #1640, .T. ) ;
#2222 = CARTESIAN_POINT ( 'NONE',  ( 0.2500000000000000600, 3.248234307876966900E-016, -0.2115384615384610400 ) ) ;
#2223 = PLANE ( 'NONE',  #1347 ) ;
#2224 = EDGE_CURVE ( 'NONE', #1778, #1057, #1071, .T. ) ;
#2225 = CARTESIAN_POINT ( 'NONE',  ( -0.2165063509461097600, 0.1249999999999998100, -0.2660256410256404100 ) ) ;
#2226 = CARTESIAN_POINT ( 'NONE',  ( 0.1826571990817980100, -0.1147764772902628700, -0.04456014112752389200 ) ) ;
#2227 = DIRECTION ( 'NONE',  ( 0.8660254037844388200, 0.4999999999999998300, 0.0000000000000000000 ) ) ;
#2228 = DIRECTION ( 'NONE',  ( 0.0000000000000000000, 0.0000000000000000000, 1.000000000000000000 ) ) ;
#2229 = DIRECTION ( 'NONE',  ( 1.000000000000000000, 0.0000000000000000000, 0.0000000000000000000 ) ) ;
#2230 = CARTESIAN_POINT ( 'NONE',  ( -0.1154914134512526100, -0.2000369959355133300, -0.1217948717948715300 ) ) ;
#2231 = CARTESIAN_POINT ( 'NONE',  ( 0.2000369959355133000, -0.05359975151726852100, -0.3399737075952699000 ) ) ;
#2232 = APPROVAL_ROLE ( '' ) ;
#2233 = CARTESIAN_POINT ( 'NONE',  ( -0.1875000000000001100, -0.3247595264191645600, 0.0000000000000000000 ) ) ;
#2234 = CYLINDRICAL_SURFACE ( 'NONE', #1300, 0.5156250000000000000 ) ;
#2235 = CARTESIAN_POINT ( 'NONE',  ( -0.2165063509461089000, -0.1250000000000013300, -0.4070512820512811000 ) ) ;
#2236 = CARTESIAN_POINT ( 'NONE',  ( 0.2181197565633860600, -0.02202120319254736000, -0.04105243327044131400 ) ) ;
#2237 = CARTESIAN_POINT ( 'NONE',  ( 0.2500000000000000000, -5.672972594038645900E-016, -0.4423076923076913500 ) ) ;
#2238 = VECTOR ( 'NONE', #672, 39.37007874015748100 ) ;
#2239 = CARTESIAN_POINT ( 'NONE',  ( 0.1866170711025305100, 0.1663552487092398200, -0.4431249999999999900 ) ) ;
#2240 = ORIENTED_EDGE ( 'NONE', *, *, #472, .T. ) ;
#2241 = ORIENTED_EDGE ( 'NONE', *, *, #348, .T. ) ;
#2242 = CARTESIAN_POINT ( 'NONE',  ( -0.1732371201768790900, 0.1000184979677565100, -0.06410256410256395800 ) ) ;
#2243 = ORIENTED_EDGE ( 'NONE', *, *, #1372, .F. ) ;
#2244 = DATE_AND_TIME ( #1915, #1539 ) ;
#2245 = CARTESIAN_POINT ( 'NONE',  ( 3.061616997868383000E-017, -0.2500000000000000000, -0.3076923076923069900 ) ) ;
#2246 = CARTESIAN_POINT ( 'NONE',  ( -0.1806217782649113500, -0.1728460969082645500, -0.009999999999999956800 ) ) ;
#2247 = ORIENTED_EDGE ( 'NONE', *, *, #1364, .T. ) ;
#2248 =( BOUNDED_CURVE ( )  B_SPLINE_CURVE ( 2, ( #188, #1022, #1034, #1062, #260, #803, #266, #241, #1152 ),
 .UNSPECIFIED., .F., .F. ) 
 B_SPLINE_CURVE_WITH_KNOTS ( ( 3, 2, 2, 2, 3 ),
 ( 0.1785714285714285800, 0.1904761904761904700, 0.2142857142857142700, 0.2380952380952380800, 0.2500000000000000000 ),
 .UNSPECIFIED. ) 
 CURVE ( )  GEOMETRIC_REPRESENTATION_ITEM ( )  RATIONAL_B_SPLINE_CURVE ( ( 0.9330127018922194100, 0.9330127018922194100, 1.000000000000000000, 0.8660254037844387100, 1.000000000000000000, 0.8660254037844387100, 1.000000000000000000, 0.9330127018922194100, 0.9330127018922194100 ) ) 
 REPRESENTATION_ITEM ( '' )  );
#2249 =( BOUNDED_CURVE ( )  B_SPLINE_CURVE ( 2, ( #1492, #1675, #34, #213, #222, #412, #567, #385, #948 ),
 .UNSPECIFIED., .F., .F. ) 
 B_SPLINE_CURVE_WITH_KNOTS ( ( 3, 2, 2, 2, 3 ),
 ( 0.1111087283949098900, 0.1190476190476190400, 0.1428571428571428500, 0.1666666666666666600, 0.1785714285714285800 ),
 .UNSPECIFIED. ) 
 CURVE ( )  GEOMETRIC_REPRESENTATION_ITEM ( )  RATIONAL_B_SPLINE_CURVE ( ( 0.9404467994424226000, 0.9553283938769594500, 1.000000000000000000, 0.8660254037844387100, 1.000000000000000000, 0.8660254037844387100, 1.000000000000000000, 0.9330127018922193000, 0.9330127018922194100 ) ) 
 REPRESENTATION_ITEM ( '' )  );
#2250 = CARTESIAN_POINT ( 'NONE',  ( -0.2165063509461095700, -0.1250000000000001100, -0.02243589743589733500 ) ) ;
#2251 = CARTESIAN_POINT ( 'NONE',  ( 0.1732371201768789800, 0.1000184979677566600, -0.1666666666666663200 ) ) ;
#2252 = CARTESIAN_POINT ( 'NONE',  ( -2.449293598294706400E-016, 0.2500000000000000000, -0.2788461538461532400 ) ) ;
#2253 = CARTESIAN_POINT ( 'NONE',  ( 0.1443375672974065700, -0.2499999999999999400, -0.2243589743589738100 ) ) ;
#2254 = CARTESIAN_POINT ( 'NONE',  ( 0.1443375672974074300, -0.2499999999999993900, -0.3108974358974351800 ) ) ;
#2255 = EDGE_CURVE ( 'NONE', #1114, #372, #1167, .T. ) ;
#2256 = EDGE_CURVE ( 'NONE', #1031, #198, #318, .T. ) ;
#2257 = CARTESIAN_POINT ( 'NONE',  ( -0.2000369959355133300, -8.692458006994701900E-017, -0.3653846153846146400 ) ) ;
#2258 = CARTESIAN_POINT ( 'NONE',  ( 0.1732371201768790300, -0.1000184979677565900, -0.1025641025641023500 ) ) ;
#2259 = DIRECTION ( 'NONE',  ( 0.0000000000000000000, 0.0000000000000000000, -1.000000000000000000 ) ) ;
#2260 = CARTESIAN_POINT ( 'NONE',  ( -0.1443375672974075200, 0.2499999999999993600, -0.4166666666666658000 ) ) ;
#2261 = AXIS2_PLACEMENT_3D ( 'NONE', #1389, #1025, #1765 ) ;
#2262 = CARTESIAN_POINT ( 'NONE',  ( 0.2886751345948128700, 1.767625397874844800E-017, -0.1346153846153842800 ) ) ;
#2263 = CARTESIAN_POINT ( 'NONE',  ( -0.2319379693643472400, -0.08515392559428472400, -0.01304917426950090100 ) ) ;
#2264 = CONICAL_SURFACE ( 'NONE', #2208, 0.3750000000000001100, 1.047197551196600100 ) ;
#2265 = CARTESIAN_POINT ( 'NONE',  ( 0.1732371201768790300, -0.1000184979677565900, -0.1794871794871791000 ) ) ;
#2266 = ORIENTED_EDGE ( 'NONE', *, *, #431, .F. ) ;
#2267 = CARTESIAN_POINT ( 'NONE',  ( -6.438656778682172300E-018, 0.4330127018922194100, -0.4531250000000000600 ) ) ;
#2268 = CARTESIAN_POINT ( 'NONE',  ( -0.1154914134512525900, -0.2000369959355133300, -0.2083333333333327600 ) ) ;
#2269 = CARTESIAN_POINT ( 'NONE',  ( -0.2886751345948128700, -5.302876193624534000E-017, -0.09615384615384588200 ) ) ;
#2270 = VERTEX_POINT ( 'NONE', #1291 ) ;
#2271 = CARTESIAN_POINT ( 'NONE',  ( 0.2500000000000000600, 8.234960217152875400E-017, -0.06730769230769212400 ) ) ;
#2272 = ORIENTED_EDGE ( 'NONE', *, *, #313, .F. ) ;
#2273 = LENGTH_MEASURE_WITH_UNIT ( LENGTH_MEASURE( 0.02539999999999999900 ), #1326 );
#2274 = CARTESIAN_POINT ( 'NONE',  ( 0.3750000000000001700, -0.1452110024078281100, -0.01480023785327279200 ) ) ;
#2275 = ORIENTED_EDGE ( 'NONE', *, *, #2329, .F. ) ;
#2276 = CARTESIAN_POINT ( 'NONE',  ( -0.1732371201768789500, -0.1000184979677567300, -0.3589743589743582000 ) ) ;
#2277 = DIRECTION ( 'NONE',  ( -0.0000000000000000000, -0.0000000000000000000, -1.000000000000000000 ) ) ;
#2278 = CARTESIAN_POINT ( 'NONE',  ( -0.2886751345948128700, -5.302876193624534000E-017, -0.01923076923076912400 ) ) ;
#2279 = FACE_OUTER_BOUND ( 'NONE', #653, .T. ) ;
#2280 = CARTESIAN_POINT ( 'NONE',  ( 0.2461636442505692700, 0.01555918734047649800, -0.4392886442505694000 ) ) ;
#2281 = AXIS2_PLACEMENT_3D ( 'NONE', #1892, #74, #971 ) ;
#2282 = CARTESIAN_POINT ( 'NONE',  ( -0.1743511386992905000, -0.1438378260112520000, -0.4190364159578567300 ) ) ;
#2283 = CARTESIAN_POINT ( 'NONE',  ( 2.449746667834784500E-017, -0.2000369959355133000, -0.1923076923076919000 ) ) ;
#2284 = CARTESIAN_POINT ( 'NONE',  ( -0.2500000000000003300, 0.06698729810777968900, -0.4072813999029620800 ) ) ;
#2285 = CARTESIAN_POINT ( 'NONE',  ( 2.449746667834784500E-017, -0.2000369959355133000, -0.04807692307692285800 ) ) ;
#2286 = CARTESIAN_POINT ( 'NONE',  ( 0.01223109706959818500, 0.2043660141663417600, -0.3972700155997637700 ) ) ;
#2287 = CARTESIAN_POINT ( 'NONE',  ( -0.2600000000000000100, 3.184081677783118700E-017, 0.0000000000000000000 ) ) ;
#2288 = CARTESIAN_POINT ( 'NONE',  ( 0.1897866085715284300, -0.09093681256065326600, -0.4034499874452203700 ) ) ;
#2289 = ADVANCED_FACE ( 'NONE', ( #83 ), #572, .F. ) ;
#2290 = CARTESIAN_POINT ( 'NONE',  ( 0.2309828269025053500, 1.414361898120801500E-017, -0.3269230769230762600 ) ) ;
#2291 = CARTESIAN_POINT ( 'NONE',  ( 0.1443375672974049900, 0.2500000000000007800, -0.4294871794871784600 ) ) ;
#2292 = EDGE_CURVE ( 'NONE', #1257, #510, #562, .T. ) ;
#2293 = CARTESIAN_POINT ( 'NONE',  ( -0.2309828269025053500, -4.243085694362404500E-017, -0.06730769230769204100 ) ) ;
#2294 = VECTOR ( 'NONE', #2259, 39.37007874015748100 ) ;
#2295 = DIRECTION ( 'NONE',  ( -0.0000000000000000000, -0.0000000000000000000, -1.000000000000000000 ) ) ;
#2296 = CYLINDRICAL_SURFACE ( 'NONE', #2261, 0.5156250000000000000 ) ;
#2297 = ORIENTED_EDGE ( 'NONE', *, *, #2103, .T. ) ;
#2298 = ORIENTED_EDGE ( 'NONE', *, *, #546, .F. ) ;
#2299 = CARTESIAN_POINT ( 'NONE',  ( 0.2886751345948128700, 1.767625397874844800E-017, -0.3653846153846145900 ) ) ;
#2300 = CARTESIAN_POINT ( 'NONE',  ( 0.2428078512521154000, 0.03078295059561527200, -0.4373833087245272400 ) ) ;
#2301 = ORIENTED_EDGE ( 'NONE', *, *, #1045, .F. ) ;
#2302 = PERSON_AND_ORGANIZATION ( #2120, #435 ) ;
#2303 = ORIENTED_EDGE ( 'NONE', *, *, #913, .T. ) ;
#2304 = CARTESIAN_POINT ( 'NONE',  ( -0.1193647198807227200, -0.1893591466808011700, -0.4165087417217695500 ) ) ;
#2305 = CARTESIAN_POINT ( 'NONE',  ( -0.1154914134512527900, 0.2000369959355132200, -0.08012820512820484400 ) ) ;
#2306 = CARTESIAN_POINT ( 'NONE',  ( -0.2499999999999999200, -2.058740054288218500E-016, -0.1057692307692304800 ) ) ;
#2307 = CARTESIAN_POINT ( 'NONE',  ( 0.2309828269025053500, 1.414361898120801500E-017, -0.02884615384615366700 ) ) ;
#2308 = CARTESIAN_POINT ( 'NONE',  ( 0.2068104806328142400, 1.056819894534618900E-015, -0.3999354806328143700 ) ) ;
#2309 = CARTESIAN_POINT ( 'NONE',  ( 0.2000369959355133000, 0.0000000000000000000, -1.160231781186547700 ) ) ;
#2310 = DIRECTION ( 'NONE',  ( -0.0000000000000000000, -0.0000000000000000000, -1.000000000000000000 ) ) ;
#2311 = CARTESIAN_POINT ( 'NONE',  ( -0.1443375672974065700, 0.2499999999999999400, -0.2724358974358968000 ) ) ;
#2312 = CARTESIAN_POINT ( 'NONE',  ( -0.2165063509461095700, -0.1250000000000001100, -0.4743589743589732800 ) ) ;
#2313 = CARTESIAN_POINT ( 'NONE',  ( -0.2156890647630464500, 0.09518913199900752600, -0.4276212481363726400 ) ) ;
#2314 = CONICAL_SURFACE ( 'NONE', #505, 0.2600000000000000100, 0.7853981633974500600 ) ;
#2315 =( BOUNDED_CURVE ( )  B_SPLINE_CURVE ( 2, ( #2140, #1436, #331, #697, #2335, #1445, #1619, #1979, #1964 ),
 .UNSPECIFIED., .F., .F. ) 
 B_SPLINE_CURVE_WITH_KNOTS ( ( 3, 2, 2, 2, 3 ),
 ( 0.6785714285714286000, 0.6904761904761904700, 0.7142857142857143000, 0.7380952380952381400, 0.7500000000000000000 ),
 .UNSPECIFIED. ) 
 CURVE ( )  GEOMETRIC_REPRESENTATION_ITEM ( )  RATIONAL_B_SPLINE_CURVE ( ( 0.9330127018922193000, 0.9330127018922196300, 1.000000000000000000, 0.8660254037844387100, 1.000000000000000000, 0.8660254037844387100, 1.000000000000000000, 0.9330127018922194100, 0.9330127018922194100 ) ) 
 REPRESENTATION_ITEM ( '' )  );
#2316 = LINE ( 'NONE', #1321, #1961 ) ;
#2317 = CARTESIAN_POINT ( 'NONE',  ( 0.3750000000000001100, 0.2165063509461097900, -0.03349364905389020500 ) ) ;
#2318 =( BOUNDED_CURVE ( )  B_SPLINE_CURVE ( 2, ( #1667, #2059, #1491, #962, #2029, #946, #2211, #1690, #2202 ),
 .UNSPECIFIED., .F., .T. ) 
 B_SPLINE_CURVE_WITH_KNOTS ( ( 3, 2, 2, 2, 3 ),
 ( 0.6785714285714286000, 0.6904761904761904700, 0.7142857142857143000, 0.7380952380952381400, 0.7500000000000001100 ),
 .UNSPECIFIED. ) 
 CURVE ( )  GEOMETRIC_REPRESENTATION_ITEM ( )  RATIONAL_B_SPLINE_CURVE ( ( 0.9330127018922193000, 0.9330127018922196300, 1.000000000000000000, 0.8660254037844387100, 1.000000000000000000, 0.8660254037844387100, 1.000000000000000000, 0.9330127018922187400, 0.9330127018922194100 ) ) 
 REPRESENTATION_ITEM ( '' )  );
#2319 = CARTESIAN_POINT ( 'NONE',  ( 0.02825074823515291000, 0.2294604347826316700, -0.02893248152910431500 ) ) ;
#2320 = CARTESIAN_POINT ( 'NONE',  ( 0.2309828269025053500, 1.414361898120801500E-017, -0.2596153846153839700 ) ) ;
#2321 = ORIENTED_EDGE ( 'NONE', *, *, #2017, .T. ) ;
#2322 = CARTESIAN_POINT ( 'NONE',  ( 0.2500000000000000000, 1.555492485462209300E-016, -0.1442307692307689100 ) ) ;
#2323 = ORIENTED_EDGE ( 'NONE', *, *, #838, .F. ) ;
#2324 = ORIENTED_EDGE ( 'NONE', *, *, #313, .T. ) ;
#2325 = CARTESIAN_POINT ( 'NONE',  ( 0.0000000000000000000, 0.0000000000000000000, -0.4531250000000000600 ) ) ;
#2326 = CARTESIAN_POINT ( 'NONE',  ( -0.08434047825466579900, 0.2195956708031143500, -0.02525146014759823600 ) ) ;
#2327 = ORIENTED_EDGE ( 'NONE', *, *, #834, .F. ) ;
#2328 = VECTOR ( 'NONE', #949, 39.37007874015748100 ) ;
#2329 = EDGE_CURVE ( 'NONE', #1172, #1512, #1542, .T. ) ;
#2330 = PLANE ( 'NONE',  #1283 ) ;
#2331 = CARTESIAN_POINT ( 'NONE',  ( -0.07868303098548762300, -0.2284775297338139900, -0.01846431844877297100 ) ) ;
#2332 = CARTESIAN_POINT ( 'NONE',  ( 0.005473094811910977200, 0.2318512477430126300, -0.02820879959427409500 ) ) ;
#2333 = CARTESIAN_POINT ( 'NONE',  ( 0.0000000000000000000, 0.2000369959355133000, -0.3942307692307682700 ) ) ;
#2334 = CARTESIAN_POINT ( 'NONE',  ( -0.1443375672974074600, 0.2499999999999993900, -0.3493589743589735600 ) ) ;
#2335 = CARTESIAN_POINT ( 'NONE',  ( 0.0000000000000000000, 0.2000369959355133000, -0.3173076923076915100 ) ) ;
#2336 = CARTESIAN_POINT ( 'NONE',  ( -0.2076072949467012200, -0.03662945506194804200, -0.04931184025526085000 ) ) ;
#2337 = CARTESIAN_POINT ( 'NONE',  ( -0.1732371201768791200, 0.1000184979677564700, -0.1410256410256407200 ) ) ;
#2338 = CARTESIAN_POINT ( 'NONE',  ( -0.1732371201768790900, 0.1000184979677565100, -0.4583333333333322600 ) ) ;
#2339 = CIRCLE ( 'NONE', #1523, 0.3750000000000001100 ) ;
#2340 = CARTESIAN_POINT ( 'NONE',  ( 0.2500000000000000000, 1.555492485462209300E-016, -0.1346153846153842800 ) ) ;
#2341 = FACE_OUTER_BOUND ( 'NONE', #1319, .T. ) ;
#2342 = CARTESIAN_POINT ( 'NONE',  ( 0.1732371201768793700, -0.1000184979677560500, -0.3333333333333326500 ) ) ;
#2343 = CARTESIAN_POINT ( 'NONE',  ( -0.1676866659010840300, -0.1530481208418368600, -0.03343886955656793400 ) ) ;
#2344 = ORIENTED_EDGE ( 'NONE', *, *, #749, .T. ) ;
#2345 = DIRECTION ( 'NONE',  ( 0.0000000000000000000, 0.0000000000000000000, 1.000000000000000000 ) ) ;
#2346 = CARTESIAN_POINT ( 'NONE',  ( -0.2311941189487594100, -1.079877783142646800E-012, -0.4243191189487595700 ) ) ;
#2347 = VERTEX_POINT ( 'NONE', #426 ) ;
#2348 = CARTESIAN_POINT ( 'NONE',  ( -0.2165063509461095700, -0.1250000000000001100, -0.4070512820512811000 ) ) ;
#2349 = CARTESIAN_POINT ( 'NONE',  ( -0.2500000000000000600, -5.901721488959560200E-016, -0.4038461538461529100 ) ) ;
#2350 = ORIENTED_EDGE ( 'NONE', *, *, #1000, .T. ) ;
#2351 = CARTESIAN_POINT ( 'NONE',  ( 0.2000369959355133300, 6.862466847627395900E-017, -0.3269230769230762600 ) ) ;
#2352 = ORIENTED_EDGE ( 'NONE', *, *, #464, .F. ) ;
#2353 = CARTESIAN_POINT ( 'NONE',  ( -0.3750000000000000600, 0.1814913697929704000, -0.02338569465667288100 ) ) ;
#2354 = CARTESIAN_POINT ( 'NONE',  ( 0.1154914134512530200, -0.2000369959355130500, -0.1858974358974355100 ) ) ;
#2355 = CARTESIAN_POINT ( 'NONE',  ( -0.3750000000000001100, 0.6495190528383291100, -0.4531250000000000600 ) ) ;
ENDSEC;
END-ISO-10303-21;
