ISO-10303-21;
HEADER;
FILE_DESCRIPTION (( 'STEP AP203' ),
    '1' );
FILE_NAME ('95031A124_Low-Strength steel Flanged Hex Head Screws.STEP',
    '2025-09-25T14:34:43',
    ( 'Administrator' ),
    ( 'Managed by Terraform' ),
    'SwSTEP 2.0',
    'SolidWorks 2017',
    '' );
FILE_SCHEMA (( 'CONFIG_CONTROL_DESIGN' ));
ENDSEC;

DATA;
#1 = CARTESIAN_POINT ( 'NONE',  ( -1.133092784412359100E-017, -0.09252404735808418500, 0.1100000000000001900 ) ) ;
#2 = DIRECTION ( 'NONE',  ( 0.0000000000000000000, 0.0000000000000000000, -1.000000000000000000 ) ) ;
#3 = VECTOR ( 'NONE', #3481, 39.37007874015748100 ) ;
#4 = CARTESIAN_POINT ( 'NONE',  ( 0.09252404735808419900, 0.03832471526136902600, -0.1681249999999998900 ) ) ;
#5 = CARTESIAN_POINT ( 'NONE',  ( -0.06211008917028625800, -0.1806470742442531900, 0.2034928437216617400 ) ) ;
#6 = VERTEX_POINT ( 'NONE', #1087 ) ;
#7 = CARTESIAN_POINT ( 'NONE',  ( -0.03832471526136901900, -0.09252404735808419900, -0.3431249999999998500 ) ) ;
#8 = CONICAL_SURFACE ( 'NONE', #2758, 0.1874999999999999700, 1.047197551196600100 ) ;
#9 = CARTESIAN_POINT ( 'NONE',  ( -0.1277063293868266600, -0.05289769363290934600, -0.2728124999999997900 ) ) ;
#10 = ORIENTED_EDGE ( 'NONE', *, *, #1931, .F. ) ;
#11 = CARTESIAN_POINT ( 'NONE',  ( -0.1249999999999999200, 0.05177669529663717100, -0.03062499999999989900 ) ) ;
#12 = CARTESIAN_POINT ( 'NONE',  ( 0.05289769363290944300, 0.1277063293868266300, 0.2115625000000000400 ) ) ;
#13 = EDGE_CURVE ( 'NONE', #3416, #2192, #3815, .T. ) ;
#14 = DIRECTION ( 'NONE',  ( 0.4999999999999998300, 0.8660254037844388200, -0.0000000000000000000 ) ) ;
#15 = CARTESIAN_POINT ( 'NONE',  ( -0.09252404735808418500, 0.03832471526136901900, -0.2993749999999998900 ) ) ;
#16 = CARTESIAN_POINT ( 'NONE',  ( -0.1250000000000001400, 3.678806048192898800E-018, -0.3274999999999999000 ) ) ;
#17 = CARTESIAN_POINT ( 'NONE',  ( 0.0000000000000000000, 0.09252404735808418500, 0.1350000000000002000 ) ) ;
#18 = ADVANCED_FACE ( 'NONE', ( #358 ), #305, .T. ) ;
#19 = CARTESIAN_POINT ( 'NONE',  ( -0.1250000000000001400, 3.678806048192898800E-018, -0.02749999999999990000 ) ) ;
#20 = CARTESIAN_POINT ( 'NONE',  ( -0.06542438130972659500, 0.06542438130972659500, -0.1524999999999998900 ) ) ;
#21 = CARTESIAN_POINT ( 'NONE',  ( 0.05414006797443465100, -0.1852485681271251200, 0.3869378173891094300 ) ) ;
#22 = CARTESIAN_POINT ( 'NONE',  ( 0.09252404735808419900, -0.03832471526136906100, -0.2806249999999998500 ) ) ;
#23 = CARTESIAN_POINT ( 'NONE',  ( -0.1277063293868266600, 3.844520929243675400E-018, -0.2759374999999997800 ) ) ;
#24 = CARTESIAN_POINT ( 'NONE',  ( -1.657911502206777500E-019, -0.2165063509461095700, -0.3900393700787401200 ) ) ;
#25 = CARTESIAN_POINT ( 'NONE',  ( 0.0000000000000000000, 0.09252404735808418500, -0.3149999999999998400 ) ) ;
#26 = AXIS2_PLACEMENT_3D ( 'NONE', #2667, #2779, #72 ) ;
#27 = CARTESIAN_POINT ( 'NONE',  ( -0.09030201150986802400, -0.09030201150986801000, -0.3196874999999998500 ) ) ;
#28 = CARTESIAN_POINT ( 'NONE',  ( 0.1096982171783105300, 0.1531720557285900200, 0.3896041663575601800 ) ) ;
#29 = CARTESIAN_POINT ( 'NONE',  ( -0.09252404735808418500, 0.03832471526136901900, -0.2493749999999999000 ) ) ;
#30 = DIRECTION ( 'NONE',  ( -1.000000000000000000, 0.0000000000000000000, 0.0000000000000000000 ) ) ;
#31 = CARTESIAN_POINT ( 'NONE',  ( 0.06542438130972660900, 0.06542438130972656800, 0.02875000000000013700 ) ) ;
#32 = CARTESIAN_POINT ( 'NONE',  ( -1.530808498934193400E-017, -0.1250000000000001400, -0.008749999999999818700 ) ) ;
#33 = CARTESIAN_POINT ( 'NONE',  ( 0.03832471526136906800, 0.09252404735808419900, -0.1618749999999999100 ) ) ;
#34 = CARTESIAN_POINT ( 'NONE',  ( 0.05177669529663702500, 0.1250000000000001100, -0.1931249999999999100 ) ) ;
#35 = CARTESIAN_POINT ( 'NONE',  ( -0.1277063293868266600, 0.05289769363290935900, -0.2290624999999998100 ) ) ;
#36 = ORIENTED_EDGE ( 'NONE', *, *, #3771, .F. ) ;
#37 = DIRECTION ( 'NONE',  ( -0.0000000000000000000, -0.0000000000000000000, 1.000000000000000000 ) ) ;
#38 = ADVANCED_FACE ( 'NONE', ( #3708 ), #2292, .T. ) ;
#39 = CARTESIAN_POINT ( 'NONE',  ( 0.09252404735808419900, 0.03832471526136902600, -0.1243749999999998600 ) ) ;
#40 = CARTESIAN_POINT ( 'NONE',  ( -0.09030201150986802400, -0.09030201150986801000, -0.3696874999999998400 ) ) ;
#41 = ORIENTED_EDGE ( 'NONE', *, *, #802, .T. ) ;
#42 = CARTESIAN_POINT ( 'NONE',  ( -0.09252404735808418500, 0.03832471526136901900, -0.1493749999999999000 ) ) ;
#43 = EDGE_LOOP ( 'NONE', ( #1497, #3054 ) ) ;
#44 = EDGE_CURVE ( 'NONE', #2218, #1752, #2129, .T. ) ;
#45 = DIRECTION ( 'NONE',  ( 0.0000000000000000000, 0.0000000000000000000, -1.000000000000000000 ) ) ;
#46 = CARTESIAN_POINT ( 'NONE',  ( 0.09252404735808419900, 0.03832471526136902600, -0.02437499999999986200 ) ) ;
#47 = CARTESIAN_POINT ( 'NONE',  ( 0.09252404735808419900, 0.03832471526136903300, 0.1318750000000001900 ) ) ;
#48 = ORIENTED_EDGE ( 'NONE', *, *, #2973, .F. ) ;
#49 = CYLINDRICAL_SURFACE ( 'NONE', #1650, 0.1250000000000001400 ) ;
#50 = AXIS2_PLACEMENT_3D ( 'NONE', #2991, #1826, #2945 ) ;
#51 = VERTEX_POINT ( 'NONE', #3487 ) ;
#52 = CARTESIAN_POINT ( 'NONE',  ( 0.05289769363290944300, 0.1277063293868266300, 0.008437500000000243400 ) ) ;
#53 = CARTESIAN_POINT ( 'NONE',  ( 0.06542438130972660900, 0.06542438130972656800, -0.1712499999999998500 ) ) ;
#54 = VECTOR ( 'NONE', #2819, 39.37007874015748100 ) ;
#55 = VERTEX_POINT ( 'NONE', #3787 ) ;
#56 = CARTESIAN_POINT ( 'NONE',  ( 0.09030201150986801000, -0.09030201150986802400, -0.3571874999999998200 ) ) ;
#57 = CARTESIAN_POINT ( 'NONE',  ( 0.0000000000000000000, 0.09252404735808419900, -0.2087499999999998800 ) ) ;
#58 = ORIENTED_EDGE ( 'NONE', *, *, #2920, .T. ) ;
#59 = CARTESIAN_POINT ( 'NONE',  ( 0.09252404735808419900, 0.03832471526136902600, 0.03187500000000011900 ) ) ;
#60 = CARTESIAN_POINT ( 'NONE',  ( -0.03832471526136901900, -0.09252404735808419900, -0.04312499999999983000 ) ) ;
#61 = ADVANCED_FACE ( 'NONE', ( #2625 ), #403, .T. ) ;
#62 = CARTESIAN_POINT ( 'NONE',  ( -0.03832471526136901900, 0.09252404735808419900, 0.09437500000000013900 ) ) ;
#63 = CARTESIAN_POINT ( 'NONE',  ( -0.1250000000000001400, 3.678806048192898800E-018, -0.1774999999999999100 ) ) ;
#64 = CARTESIAN_POINT ( 'NONE',  ( -1.563951475144348500E-017, -0.1277063293868266600, 0.08656250000000025000 ) ) ;
#65 = CARTESIAN_POINT ( 'NONE',  ( -1.530808498934193400E-017, -0.1250000000000001400, 0.03500000000000011400 ) ) ;
#66 = CARTESIAN_POINT ( 'NONE',  ( 0.09252404735808418500, -2.097162821266345400E-017, -0.2774999999999998600 ) ) ;
#67 = EDGE_CURVE ( 'NONE', #1504, #3723, #2726, .T. ) ;
#68 = CARTESIAN_POINT ( 'NONE',  ( 0.09252404735808419900, -2.097162821266345700E-017, -0.2712499999999998800 ) ) ;
#69 = CARTESIAN_POINT ( 'NONE',  ( 0.06542438130972660900, 0.06542438130972656800, 0.08500000000000011700 ) ) ;
#70 = CARTESIAN_POINT ( 'NONE',  ( 0.03832471526136906800, 0.09252404735808419900, 0.1818750000000001500 ) ) ;
#71 = CARTESIAN_POINT ( 'NONE',  ( 0.03832471526136899800, -0.09252404735808421300, 0.1693750000000001900 ) ) ;
#72 = DIRECTION ( 'NONE',  ( -1.000000000000000000, 0.0000000000000000000, 0.0000000000000000000 ) ) ;
#73 = CARTESIAN_POINT ( 'NONE',  ( 0.09030201150986801000, -0.09030201150986802400, -0.05718749999999975900 ) ) ;
#74 = CARTESIAN_POINT ( 'NONE',  ( -0.1250000000000001400, 3.678806048192898800E-018, 0.02250000000000011000 ) ) ;
#75 = ADVANCED_FACE ( 'NONE', ( #3516 ), #3466, .T. ) ;
#76 = CARTESIAN_POINT ( 'NONE',  ( 0.03832471526136898400, -0.09252404735808419900, -0.2868749999999999400 ) ) ;
#77 = CARTESIAN_POINT ( 'NONE',  ( 0.09252404735808419900, -2.097162821266345700E-017, -0.1712499999999998700 ) ) ;
#78 = CARTESIAN_POINT ( 'NONE',  ( 0.09252404735808419900, -0.03832471526136906100, 0.1756250000000001100 ) ) ;
#79 = VERTEX_POINT ( 'NONE', #2015 ) ;
#80 = CARTESIAN_POINT ( 'NONE',  ( 0.09252404735808418500, -2.097162821266345400E-017, 0.2225000000000002300 ) ) ;
#81 = CARTESIAN_POINT ( 'NONE',  ( -0.03832471526136902600, -0.09252404735808419900, 0.1631250000000001300 ) ) ;
#82 = CLOSED_SHELL ( 'NONE', ( #18, #3558, #595, #3315, #2673, #1480, #61, #3851, #1814, #3256, #2997, #1854, #2074, #651, #3593, #2713, #1844, #1794, #3601, #3240, #3273, #2057, #2727, #869, #1570, #907, #1258, #3582, #299, #2655, #1279, #362, #284, #2414, #75, #2705, #1775, #3298, #321, #2976, #935, #2403, #3539, #1539, #2374, #892, #664, #576, #2951, #1196, #616, #38, #1507, #2736, #1220, #1239, #956 ) ) ;
#83 = FACE_OUTER_BOUND ( 'NONE', #3018, .T. ) ;
#84 = CARTESIAN_POINT ( 'NONE',  ( -0.01455762488767931900, -0.09137163070204353000, -0.3849759526419161400 ) ) ;
#85 = CARTESIAN_POINT ( 'NONE',  ( -1.563951475144348500E-017, -0.1277063293868266600, -0.01343749999999977900 ) ) ;
#86 = B_SPLINE_CURVE_WITH_KNOTS ( 'NONE', 3,
 ( #3116, #2601, #2304, #1389, #2866, #3789, #1116, #3200, #3187, #1129, #822, #212, #3456, #2294, #237, #2906, #2319, #1973, #486, #813, #1414, #3749, #2919, #3473, #2882, #836, #513, #1986, #1426, #2587, #1090, #3779 ),
 .UNSPECIFIED., .F., .F.,
 ( 4, 2, 2, 2, 2, 2, 2, 2, 2, 2, 2, 2, 2, 2, 2, 4 ),
 ( 0.02914191377783913500, 0.02962253029751003900, 0.03010314681718094200, 0.03058376333685184500, 0.03106437985652274800, 0.03154499637619365100, 0.03202561289586455800, 0.03298684593520636400, 0.03346746245487726400, 0.03394807897454817100, 0.03442869549421907100, 0.03490931201388997700, 0.03538992853356087700, 0.03587054505323178400, 0.03635116157290269000, 0.03683177809257359000 ),
 .UNSPECIFIED. ) ;
#87 = CARTESIAN_POINT ( 'NONE',  ( -0.1250000000000001400, 3.678806048192898800E-018, -0.2212499999999998400 ) ) ;
#88 = CARTESIAN_POINT ( 'NONE',  ( 0.09252404735808418500, -2.097162821266345400E-017, -0.07749999999999986100 ) ) ;
#89 = CARTESIAN_POINT ( 'NONE',  ( -0.09252404735808418500, 0.03832471526136901900, -0.04937499999999986300 ) ) ;
#90 = LINE ( 'NONE', #3782, #2226 ) ;
#91 = EDGE_CURVE ( 'NONE', #79, #3714, #1098, .T. ) ;
#92 = CARTESIAN_POINT ( 'NONE',  ( -0.09252404735808419900, -0.03832471526136901200, 0.2068750000000002300 ) ) ;
#93 = CARTESIAN_POINT ( 'NONE',  ( 0.09030201150986801000, -0.09030201150986802400, -0.4040624999999999900 ) ) ;
#94 = VECTOR ( 'NONE', #712, 39.37007874015748100 ) ;
#95 = CARTESIAN_POINT ( 'NONE',  ( 0.0000000000000000000, 0.09252404735808419900, 0.04125000000000014100 ) ) ;
#96 = ORIENTED_EDGE ( 'NONE', *, *, #1223, .T. ) ;
#97 = ORIENTED_EDGE ( 'NONE', *, *, #2153, .T. ) ;
#98 = CC_DESIGN_DATE_AND_TIME_ASSIGNMENT ( #794, #1998, ( #3806 ) ) ;
#99 = CARTESIAN_POINT ( 'NONE',  ( 0.05289769363290933200, -0.1277063293868267200, -0.01031249999999979600 ) ) ;
#100 = ORIENTED_EDGE ( 'NONE', *, *, #437, .F. ) ;
#101 = CARTESIAN_POINT ( 'NONE',  ( -0.09252404735808418500, 1.690227475583728000E-018, 0.04750000000000017400 ) ) ;
#102 = PERSON_AND_ORGANIZATION ( #2767, #3077 ) ;
#103 = CARTESIAN_POINT ( 'NONE',  ( 0.06542438130972659500, -0.06542438130972662300, -0.07749999999999986100 ) ) ;
#104 =( BOUNDED_CURVE ( )  B_SPLINE_CURVE ( 2, ( #3614, #3602, #1533, #1029, #32, #1240, #1005, #1828, #3083 ),
 .UNSPECIFIED., .F., .F. ) 
 B_SPLINE_CURVE_WITH_KNOTS ( ( 3, 2, 2, 2, 3 ),
 ( 0.6346153846153846900, 0.6442307692307693800, 0.6538461538461539700, 0.6634615384615384400, 0.6730769230769231300 ),
 .UNSPECIFIED. ) 
 CURVE ( )  GEOMETRIC_REPRESENTATION_ITEM ( )  RATIONAL_B_SPLINE_CURVE ( ( 0.9999999999999991100, 0.9238795325112876300, 1.000000000000000000, 0.9238795325112867400, 1.000000000000000000, 0.9238795325112867400, 1.000000000000000000, 0.9238795325112867400, 1.000000000000000000 ) ) 
 REPRESENTATION_ITEM ( '' )  );
#105 = CARTESIAN_POINT ( 'NONE',  ( 0.09252404735808419900, -0.03832471526136906100, -0.3306249999999998400 ) ) ;
#106 = CARTESIAN_POINT ( 'NONE',  ( 0.06542438130972659500, -0.06542438130972660900, 0.1662500000000001800 ) ) ;
#107 = CARTESIAN_POINT ( 'NONE',  ( -0.06542438130972659500, 0.06542438130972659500, -0.3587499999999999000 ) ) ;
#108 = CARTESIAN_POINT ( 'NONE',  ( 0.2800000000000000300, 3.057217119091497200E-017, 0.1374507732164213800 ) ) ;
#109 = CARTESIAN_POINT ( 'NONE',  ( 0.1238607764225512600, -0.007977629582503179300, -0.3536392235774489800 ) ) ;
#110 = CARTESIAN_POINT ( 'NONE',  ( -0.08556257247943364900, 0.06192005316706292200, 0.05616896103669030000 ) ) ;
#111 = CARTESIAN_POINT ( 'NONE',  ( 0.1277063293868266300, -0.05289769363290944300, 0.1959375000000002600 ) ) ;
#112 = DIRECTION ( 'NONE',  ( -0.3420201433256694300, 0.0000000000000000000, 0.9396926207859080900 ) ) ;
#113 = CARTESIAN_POINT ( 'NONE',  ( -0.03832471526136901900, -0.09252404735808419900, -0.04312499999999983000 ) ) ;
#114 = EDGE_CURVE ( 'NONE', #3701, #688, #454, .T. ) ;
#115 = CARTESIAN_POINT ( 'NONE',  ( -0.09252404735808418500, 1.690227475583728000E-018, -0.3524999999999998700 ) ) ;
#116 = CARTESIAN_POINT ( 'NONE',  ( 0.09252404735808419900, -0.03832471526136906100, 0.1693750000000001900 ) ) ;
#117 = CARTESIAN_POINT ( 'NONE',  ( 0.04951933698801391100, -0.07815711486351399600, 0.02077305344105831800 ) ) ;
#118 = AXIS2_PLACEMENT_3D ( 'NONE', #580, #1812, #30 ) ;
#119 = CARTESIAN_POINT ( 'NONE',  ( 0.06542438130972660900, 0.06542438130972656800, -0.07124999999999982700 ) ) ;
#120 = CARTESIAN_POINT ( 'NONE',  ( 0.1250000000000001400, -2.693736393049096200E-017, -0.3524999999999999200 ) ) ;
#121 = CARTESIAN_POINT ( 'NONE',  ( -0.1250000000000001400, -0.05177669529663693500, -0.2743749999999999200 ) ) ;
#122 = CARTESIAN_POINT ( 'NONE',  ( 0.1277063293868266600, 0.05289769363290938000, 0.1521875000000002300 ) ) ;
#123 = CARTESIAN_POINT ( 'NONE',  ( 0.05177669529663703200, 0.1250000000000001100, 0.06312500000000022300 ) ) ;
#124 = CARTESIAN_POINT ( 'NONE',  ( 0.0000000000000000000, 0.09252404735808418500, -0.01499999999999984000 ) ) ;
#125 = ORIENTED_EDGE ( 'NONE', *, *, #3000, .T. ) ;
#126 = VECTOR ( 'NONE', #2802, 39.37007874015748100 ) ;
#127 = CARTESIAN_POINT ( 'NONE',  ( -0.06542438130972659500, 0.06542438130972659500, -0.4087499999999998900 ) ) ;
#128 = ORIENTED_EDGE ( 'NONE', *, *, #2521, .F. ) ;
#129 = CARTESIAN_POINT ( 'NONE',  ( -0.1277063293868266600, 0.05289769363290935900, -0.2759375000000000000 ) ) ;
#130 = ORIENTED_EDGE ( 'NONE', *, *, #2348, .T. ) ;
#131 = CARTESIAN_POINT ( 'NONE',  ( 0.03832471526136907400, 0.09252404735808419900, 0.2381250000000001700 ) ) ;
#132 = CARTESIAN_POINT ( 'NONE',  ( 0.09304345669917260500, 6.100816615642727400E-013, 0.02220011887715262600 ) ) ;
#133 = CARTESIAN_POINT ( 'NONE',  ( 0.1250000000000001400, -2.693736393049096500E-017, -0.1962499999999998100 ) ) ;
#134 = CARTESIAN_POINT ( 'NONE',  ( 0.05289769363290944300, 0.1277063293868266300, 0.1584375000000002000 ) ) ;
#135 = EDGE_CURVE ( 'NONE', #738, #2746, #3366, .T. ) ;
#136 = CARTESIAN_POINT ( 'NONE',  ( -0.08838834764831854400, -0.08838834764831853000, -0.2649999999999998500 ) ) ;
#137 = CARTESIAN_POINT ( 'NONE',  ( -0.09252404735808419900, 0.03832471526136901200, -0.005624999999999821100 ) ) ;
#138 = FACE_OUTER_BOUND ( 'NONE', #282, .T. ) ;
#139 = ORIENTED_EDGE ( 'NONE', *, *, #3286, .T. ) ;
#140 = CARTESIAN_POINT ( 'NONE',  ( 0.06542438130972659500, -0.06542438130972660900, -0.3337499999999998800 ) ) ;
#141 = CARTESIAN_POINT ( 'NONE',  ( 0.1277063293868266600, -2.743450857364329300E-017, -0.1978124999999999500 ) ) ;
#142 = CARTESIAN_POINT ( 'NONE',  ( -0.03832471526136901900, -0.09252404735808418500, -0.2931249999999998600 ) ) ;
#143 = CARTESIAN_POINT ( 'NONE',  ( 0.003066972752539365700, -0.1212591562764101900, -0.3563424665872187400 ) ) ;
#144 = CARTESIAN_POINT ( 'NONE',  ( 0.1250000000000001400, -2.693736393049096200E-017, -0.1524999999999998900 ) ) ;
#145 = ORIENTED_EDGE ( 'NONE', *, *, #1979, .T. ) ;
#146 = CARTESIAN_POINT ( 'NONE',  ( 0.05177669529663691400, -0.1250000000000001900, -0.2618749999999999100 ) ) ;
#147 = CARTESIAN_POINT ( 'NONE',  ( 0.1277063293868266300, -0.05289769363290944300, 0.09593750000000028600 ) ) ;
#148 = DIRECTION ( 'NONE',  ( -1.000000000000000000, 1.224646799147353000E-016, 0.0000000000000000000 ) ) ;
#149 = CARTESIAN_POINT ( 'NONE',  ( -0.1250000000000001400, 3.678806048192898800E-018, -0.2712499999999998200 ) ) ;
#150 = CARTESIAN_POINT ( 'NONE',  ( -0.09030201150986802400, -0.09030201150986801000, -0.2165624999999999600 ) ) ;
#151 = CARTESIAN_POINT ( 'NONE',  ( 0.08210181628950402600, -0.04308819802811343600, 0.02077305344105825900 ) ) ;
#152 = CARTESIAN_POINT ( 'NONE',  ( 0.02775886604307484600, 0.1002986438764268500, -0.3736567637671967000 ) ) ;
#153 = CARTESIAN_POINT ( 'NONE',  ( -0.1250000000000001400, 3.678806048192898800E-018, -0.2712499999999998200 ) ) ;
#154 = EDGE_CURVE ( 'NONE', #2096, #1013, #1153, .T. ) ;
#155 = CARTESIAN_POINT ( 'NONE',  ( -0.2800000000000000300, -3.717939185210915300E-018, 0.1520000000000000200 ) ) ;
#156 = CARTESIAN_POINT ( 'NONE',  ( 0.1277063293868266300, -0.05289769363290944300, 0.1459375000000002200 ) ) ;
#157 = CARTESIAN_POINT ( 'NONE',  ( -0.2673999999999999200, -3.717939185210915300E-018, 0.1592746133917893000 ) ) ;
#158 = CARTESIAN_POINT ( 'NONE',  ( 0.03832471526136906800, 0.09252404735808419900, 0.08187500000000019800 ) ) ;
#159 = CARTESIAN_POINT ( 'NONE',  ( 0.1250000000000001100, -0.05177669529663702500, 0.05062500000000021800 ) ) ;
#160 = EDGE_CURVE ( 'NONE', #882, #412, #1385, .T. ) ;
#161 = CARTESIAN_POINT ( 'NONE',  ( -0.1277063293868266600, -0.05289769363290934600, -0.1696874999999999900 ) ) ;
#162 = CARTESIAN_POINT ( 'NONE',  ( -1.133092784412359100E-017, -0.09252404735808418500, -0.1899999999999998600 ) ) ;
#163 = CARTESIAN_POINT ( 'NONE',  ( -0.02031237434576995200, -0.1190599750185695600, -0.3572876286231021500 ) ) ;
#164 = DIRECTION ( 'NONE',  ( -1.000000000000000000, 0.0000000000000000000, 0.0000000000000000000 ) ) ;
#165 = ORIENTED_EDGE ( 'NONE', *, *, #2637, .F. ) ;
#166 = CARTESIAN_POINT ( 'NONE',  ( -0.1037158318650829900, 0.02641922148029669400, 0.06004740206227603100 ) ) ;
#167 =( BOUNDED_CURVE ( )  B_SPLINE_CURVE ( 2, ( #2148, #3331, #2483, #146, #1032, #3346, #3654, #121, #1881 ),
 .UNSPECIFIED., .F., .F. ) 
 B_SPLINE_CURVE_WITH_KNOTS ( ( 3, 2, 2, 2, 3 ),
 ( 0.7884615384615385500, 0.7980769230769232400, 0.8076923076923077100, 0.8173076923076922900, 0.8269230769230768700 ),
 .UNSPECIFIED. ) 
 CURVE ( )  GEOMETRIC_REPRESENTATION_ITEM ( )  RATIONAL_B_SPLINE_CURVE ( ( 0.9999999999999991100, 0.9238795325112876300, 1.000000000000000000, 0.9238795325112867400, 1.000000000000000000, 0.9238795325112867400, 1.000000000000000000, 0.9238795325112867400, 1.000000000000000000 ) ) 
 REPRESENTATION_ITEM ( '' )  );
#168 = CARTESIAN_POINT ( 'NONE',  ( 0.03832471526136899800, -0.09252404735808421300, -0.2306249999999998600 ) ) ;
#169 = CARTESIAN_POINT ( 'NONE',  ( -0.1250000000000001400, 3.678806048192898800E-018, -0.1212499999999998400 ) ) ;
#170 = ORIENTED_EDGE ( 'NONE', *, *, #1546, .T. ) ;
#171 = CARTESIAN_POINT ( 'NONE',  ( -0.09252404735808419900, 0.03832471526136901200, 0.1943750000000001600 ) ) ;
#172 = ORIENTED_EDGE ( 'NONE', *, *, #67, .T. ) ;
#173 = ORIENTED_EDGE ( 'NONE', *, *, #114, .T. ) ;
#174 = CARTESIAN_POINT ( 'NONE',  ( 0.05289769363290944300, 0.1277063293868266300, -0.1884375000000000100 ) ) ;
#175 = VECTOR ( 'NONE', #1064, 39.37007874015748100 ) ;
#176 = CARTESIAN_POINT ( 'NONE',  ( -0.09252404735808418500, 0.03832471526136900500, -0.2556249999999998200 ) ) ;
#177 = CARTESIAN_POINT ( 'NONE',  ( -0.09374999999999997200, 0.1623797632095822200, 0.3899999999999999600 ) ) ;
#178 = CYLINDRICAL_SURFACE ( 'NONE', #3105, 0.1250000000000001400 ) ;
#179 = CARTESIAN_POINT ( 'NONE',  ( 0.09252404735808419900, -0.03832471526136906800, -0.3743749999999998500 ) ) ;
#180 = CARTESIAN_POINT ( 'NONE',  ( 0.0000000000000000000, -3.717939185210915300E-018, 0.3899999999999999600 ) ) ;
#181 = EDGE_CURVE ( 'NONE', #3563, #2679, #2988, .T. ) ;
#182 = CARTESIAN_POINT ( 'NONE',  ( -0.1017062776261150300, -0.1577862041803972900, 0.3900000000000001200 ) ) ;
#183 = ORIENTED_EDGE ( 'NONE', *, *, #2153, .F. ) ;
#184 = CARTESIAN_POINT ( 'NONE',  ( -0.09252404735808419900, -0.03832471526136901200, 0.2006250000000001900 ) ) ;
#185 = CARTESIAN_POINT ( 'NONE',  ( 0.03067248984371271500, 0.1987975806781260000, 0.3834773387543226100 ) ) ;
#186 = ORIENTED_EDGE ( 'NONE', *, *, #505, .F. ) ;
#187 = CARTESIAN_POINT ( 'NONE',  ( -1.563951475144348500E-017, -0.1277063293868266600, -0.06031249999999994300 ) ) ;
#188 = CARTESIAN_POINT ( 'NONE',  ( 0.03832471526136906800, 0.09252404735808418500, -0.2681249999999998900 ) ) ;
#189 = DIRECTION ( 'NONE',  ( -1.000000000000000000, 0.0000000000000000000, 0.0000000000000000000 ) ) ;
#190 = CARTESIAN_POINT ( 'NONE',  ( -0.09252404735808419900, 1.690227475583729900E-018, -0.2962499999999999000 ) ) ;
#191 = CARTESIAN_POINT ( 'NONE',  ( -0.1042941968211958100, -0.05300570556329250300, 0.08728318169173092400 ) ) ;
#192 = CARTESIAN_POINT ( 'NONE',  ( -1.530808498934193400E-017, -0.1250000000000001400, -0.01499999999999989500 ) ) ;
#193 = CARTESIAN_POINT ( 'NONE',  ( -0.09252404735808418500, 1.690227475583728000E-018, 0.1975000000000001500 ) ) ;
#194 = DIRECTION ( 'NONE',  ( -0.0000000000000000000, -0.0000000000000000000, 1.000000000000000000 ) ) ;
#195 = CARTESIAN_POINT ( 'NONE',  ( -1.563951475144348500E-017, -0.1277063293868266600, -0.01031249999999993300 ) ) ;
#196 = CARTESIAN_POINT ( 'NONE',  ( 0.09252404735808418500, -0.03832471526136906100, -0.1306249999999998800 ) ) ;
#197 = APPLICATION_CONTEXT ( 'configuration controlled 3d designs of mechanical parts and assemblies' ) ;
#198 = EDGE_CURVE ( 'NONE', #1448, #695, #3428, .T. ) ;
#199 = CARTESIAN_POINT ( 'NONE',  ( -0.2800000000000000300, -3.717939185210915300E-018, 0.1374507732164213800 ) ) ;
#200 = CARTESIAN_POINT ( 'NONE',  ( 0.0000000000000000000, 0.09252404735808419900, -0.2587499999999999200 ) ) ;
#201 = CARTESIAN_POINT ( 'NONE',  ( 0.06542438130972662300, 0.06542438130972659500, -0.01499999999999984000 ) ) ;
#202 = CARTESIAN_POINT ( 'NONE',  ( 0.09252404735808419900, -0.03832471526136906100, -0.3743749999999998500 ) ) ;
#203 = CARTESIAN_POINT ( 'NONE',  ( -0.1015413876035400300, 0.1578814034793176400, 0.2054106943766596500 ) ) ;
#204 = CARTESIAN_POINT ( 'NONE',  ( -0.1077199065292465000, -9.516770904433263400E-015, 0.06252333338303914200 ) ) ;
#205 = AXIS2_PLACEMENT_3D ( 'NONE', #2687, #37, #1331 ) ;
#206 = ORIENTED_EDGE ( 'NONE', *, *, #3622, .T. ) ;
#207 = CARTESIAN_POINT ( 'NONE',  ( 0.05289769363290933200, -0.1277063293868267200, 0.04281250000000006600 ) ) ;
#208 = CONICAL_SURFACE ( 'NONE', #948, 0.1250000000000001900, 0.3490658503988666700 ) ;
#209 = CARTESIAN_POINT ( 'NONE',  ( 0.0000000000000000000, -3.717939185210915300E-018, 0.3899999999999999600 ) ) ;
#210 = CARTESIAN_POINT ( 'NONE',  ( -0.03832471526136901900, -0.09252404735808418500, -0.1431249999999998600 ) ) ;
#211 = AXIS2_PLACEMENT_3D ( 'NONE', #3069, #400, #997 ) ;
#212 = CARTESIAN_POINT ( 'NONE',  ( -0.05148282494248556500, 0.08378218431837143600, 0.03617852329178383700 ) ) ;
#213 =( BOUNDED_CURVE ( )  B_SPLINE_CURVE ( 2, ( #1360, #1974, #2256, #1065, #2267, #3420, #1348, #487, #3727 ),
 .UNSPECIFIED., .F., .F. ) 
 B_SPLINE_CURVE_WITH_KNOTS ( ( 3, 2, 2, 2, 3 ),
 ( 0.4038461538461538500, 0.4134615384615384400, 0.4230769230769231300, 0.4326923076923077600, 0.4423076923076923500 ),
 .UNSPECIFIED. ) 
 CURVE ( )  GEOMETRIC_REPRESENTATION_ITEM ( )  RATIONAL_B_SPLINE_CURVE ( ( 1.000000000000000000, 0.9238795325112867400, 1.000000000000000000, 0.9238795325112867400, 1.000000000000000000, 0.9238795325112867400, 1.000000000000000000, 0.9238795325112862900, 1.000000000000000400 ) ) 
 REPRESENTATION_ITEM ( '' )  );
#214 = ORIENTED_EDGE ( 'NONE', *, *, #91, .T. ) ;
#215 = CARTESIAN_POINT ( 'NONE',  ( 0.1021967976533446100, -0.03350119584239200100, 0.06144890148303369000 ) ) ;
#216 = ORIENTED_EDGE ( 'NONE', *, *, #2521, .T. ) ;
#217 = CARTESIAN_POINT ( 'NONE',  ( 0.06542438130972659500, -0.06542438130972662300, -0.2774999999999999100 ) ) ;
#218 = CARTESIAN_POINT ( 'NONE',  ( -0.004834361381904940500, -0.1194271231036867900, 0.09425026891651582000 ) ) ;
#219 = CARTESIAN_POINT ( 'NONE',  ( -0.09252404735808418500, 1.690227475583728000E-018, -0.2462499999999999100 ) ) ;
#220 = DIRECTION ( 'NONE',  ( 1.000000000000000000, 0.0000000000000000000, 0.0000000000000000000 ) ) ;
#221 = CARTESIAN_POINT ( 'NONE',  ( -0.08838834764831853000, 0.08838834764831854400, -0.1274999999999998400 ) ) ;
#222 = CARTESIAN_POINT ( 'NONE',  ( -0.09030201150986802400, -0.09030201150986801000, -0.1165624999999999300 ) ) ;
#223 = CARTESIAN_POINT ( 'NONE',  ( 0.03928891954301561700, 0.1176971398982270300, 0.1067748474237902300 ) ) ;
#224 = CARTESIAN_POINT ( 'NONE',  ( -0.09252404735808418500, 1.690227475583728000E-018, -0.002499999999999836600 ) ) ;
#225 = CARTESIAN_POINT ( 'NONE',  ( -0.05177669529663694900, -0.1250000000000001400, -0.2118749999999998100 ) ) ;
#226 = VERTEX_POINT ( 'NONE', #1059 ) ;
#227 = CARTESIAN_POINT ( 'NONE',  ( 0.09252404735808419900, -2.097162821266345700E-017, -0.07124999999999988300 ) ) ;
#228 = CARTESIAN_POINT ( 'NONE',  ( 0.07572875843485181400, -0.09467819624490816900, 0.09897024068115821400 ) ) ;
#229 = CARTESIAN_POINT ( 'NONE',  ( -1.133092784412359100E-017, -0.09252404735808418500, -0.3337499999999998800 ) ) ;
#230 = EDGE_CURVE ( 'NONE', #1714, #374, #3098, .T. ) ;
#231 = CARTESIAN_POINT ( 'NONE',  ( 0.0000000000000000000, 0.1250000000000001400, 0.01000000000000010900 ) ) ;
#232 = ORIENTED_EDGE ( 'NONE', *, *, #3311, .T. ) ;
#233 = AXIS2_PLACEMENT_3D ( 'NONE', #1763, #545, #887 ) ;
#234 = CARTESIAN_POINT ( 'NONE',  ( -0.05289769363290934600, 0.1277063293868266600, -0.03218749999999995900 ) ) ;
#235 = CARTESIAN_POINT ( 'NONE',  ( 0.08838834764831854400, 0.08838834764831853000, -0.08999999999999980200 ) ) ;
#236 = CARTESIAN_POINT ( 'NONE',  ( 0.09028088490205298000, -0.02024996693388080700, 0.02077305344105832800 ) ) ;
#237 = CARTESIAN_POINT ( 'NONE',  ( -0.01561529353322637500, 0.09673588033356271500, 0.03354549263333812800 ) ) ;
#238 = MECHANICAL_CONTEXT ( 'NONE', #197, 'mechanical' ) ;
#239 = CARTESIAN_POINT ( 'NONE',  ( -0.1875000000000000300, -3.717939189616745800E-018, 0.2054048999000400400 ) ) ;
#240 = CARTESIAN_POINT ( 'NONE',  ( 0.03832471526136907400, 0.09252404735808419900, -0.01187499999999985600 ) ) ;
#241 = CARTESIAN_POINT ( 'NONE',  ( -0.1122841900460199900, -0.03108068218699473800, 0.08593198080321351500 ) ) ;
#242 = CARTESIAN_POINT ( 'NONE',  ( -0.09252404735808418500, 1.690227475583728000E-018, -0.3462499999999998900 ) ) ;
#243 = CARTESIAN_POINT ( 'NONE',  ( 0.05177669529663703200, 0.1250000000000001100, 0.01312500000000020600 ) ) ;
#244 = CARTESIAN_POINT ( 'NONE',  ( -0.08838834764831853000, 0.08838834764831854400, -0.2837499999999999500 ) ) ;
#245 = CARTESIAN_POINT ( 'NONE',  ( 0.1250000000000001400, -2.693736393049096200E-017, 0.09750000000000011400 ) ) ;
#246 = CARTESIAN_POINT ( 'NONE',  ( 0.1250000000000003300, 0.05177669529663673400, -0.04937499999999994000 ) ) ;
#247 = CARTESIAN_POINT ( 'NONE',  ( 0.05289769363290933200, -0.1277063293868267200, 0.09281250000000007500 ) ) ;
#248 = DIRECTION ( 'NONE',  ( 1.000000000000000000, 0.0000000000000000000, 0.0000000000000000000 ) ) ;
#249 = CARTESIAN_POINT ( 'NONE',  ( 0.1874999999999999400, -0.1082531754730547800, 0.1886580753730950400 ) ) ;
#250 = CARTESIAN_POINT ( 'NONE',  ( -0.06542438130972659500, 0.06542438130972660900, -0.3524999999999999200 ) ) ;
#251 = EDGE_CURVE ( 'NONE', #1668, #2321, #1984, .T. ) ;
#252 = CARTESIAN_POINT ( 'NONE',  ( -0.06478458192052578800, -0.09066795624472627500, 0.07205495425067487400 ) ) ;
#253 = CARTESIAN_POINT ( 'NONE',  ( -0.03832471526136901900, 0.09252404735808419900, -0.1556249999999999000 ) ) ;
#254 = DIRECTION ( 'NONE',  ( 1.000000000000000000, 0.0000000000000000000, 0.0000000000000000000 ) ) ;
#255 = CARTESIAN_POINT ( 'NONE',  ( -0.03832471526136901900, -0.09252404735808419900, -0.3868749999999999100 ) ) ;
#256 = CARTESIAN_POINT ( 'NONE',  ( -0.1096982171783088400, -0.1531720557285909400, 0.3896041663575602300 ) ) ;
#257 = CARTESIAN_POINT ( 'NONE',  ( 0.1250000000000001400, -2.693736393049096200E-017, 0.04750000000000011900 ) ) ;
#258 = VERTEX_POINT ( 'NONE', #245 ) ;
#259 = CARTESIAN_POINT ( 'NONE',  ( 0.03832471526136898400, -0.09252404735808419900, -0.2868749999999999400 ) ) ;
#260 = ORIENTED_EDGE ( 'NONE', *, *, #91, .F. ) ;
#261 = CARTESIAN_POINT ( 'NONE',  ( 0.1781250000000000300, 0.0000000000000000000, 0.3899999999999999600 ) ) ;
#262 = VECTOR ( 'NONE', #3803, 39.37007874015748100 ) ;
#263 =( BOUNDED_CURVE ( )  B_SPLINE_CURVE ( 2, ( #2698, #2684, #2979, #296, #1566, #928, #910, #1843, #1856 ),
 .UNSPECIFIED., .F., .T. ) 
 B_SPLINE_CURVE_WITH_KNOTS ( ( 3, 2, 2, 2, 3 ),
 ( 0.7500000000000000000, 0.7596153846153845800, 0.7692307692307691600, 0.7788461538461539700, 0.7884615384615385500 ),
 .UNSPECIFIED. ) 
 CURVE ( )  GEOMETRIC_REPRESENTATION_ITEM ( )  RATIONAL_B_SPLINE_CURVE ( ( 1.000000000000000000, 0.9238795325112867400, 1.000000000000000000, 0.9238795325112867400, 1.000000000000000000, 0.9238795325112867400, 1.000000000000000000, 0.9238795325112858500, 1.000000000000000900 ) ) 
 REPRESENTATION_ITEM ( '' )  );
#264 = CARTESIAN_POINT ( 'NONE',  ( 0.05289769363290933200, -0.1277063293868267200, 0.1928125000000000300 ) ) ;
#265 = CARTESIAN_POINT ( 'NONE',  ( 0.1250000000000001400, -2.693736393049096500E-017, -0.09624999999999985000 ) ) ;
#266 = CARTESIAN_POINT ( 'NONE',  ( 0.06542438130972659500, -0.06542438130972660900, 0.01625000000000013200 ) ) ;
#267 = CARTESIAN_POINT ( 'NONE',  ( -0.09774799193257904800, -0.02708219543579141300, 0.04461611005061881500 ) ) ;
#268 = CARTESIAN_POINT ( 'NONE',  ( 0.0000000000000000000, 0.09252404735808419900, -0.1087499999999999000 ) ) ;
#269 = DIRECTION ( 'NONE',  ( 1.000000000000000000, 0.0000000000000000000, 0.0000000000000000000 ) ) ;
#270 = CARTESIAN_POINT ( 'NONE',  ( 0.06542438130972659500, -0.06542438130972660900, -0.1774999999999998800 ) ) ;
#271 = CARTESIAN_POINT ( 'NONE',  ( -7.352489739537068200E-018, -0.2165063509461095700, 0.1886580753730950400 ) ) ;
#272 = CARTESIAN_POINT ( 'NONE',  ( 0.09252404735808419900, 0.03832471526136902600, -0.2243749999999998200 ) ) ;
#273 = FACE_OUTER_BOUND ( 'NONE', #874, .T. ) ;
#274 = CARTESIAN_POINT ( 'NONE',  ( 0.1277063293868266300, -0.05289769363290944300, -0.2040624999999997600 ) ) ;
#275 = ORIENTED_EDGE ( 'NONE', *, *, #437, .T. ) ;
#276 = CARTESIAN_POINT ( 'NONE',  ( 0.1249999999999996500, 0.05177669529663742700, 0.1068750000000002100 ) ) ;
#277 = VERTEX_POINT ( 'NONE', #3411 ) ;
#278 = CARTESIAN_POINT ( 'NONE',  ( 0.1277063293868266600, -2.743450857364329300E-017, 0.1521875000000001100 ) ) ;
#279 = CARTESIAN_POINT ( 'NONE',  ( 0.03061516912634369000, -0.1988306748097291600, 0.1988631317485731200 ) ) ;
#280 = CARTESIAN_POINT ( 'NONE',  ( -0.08579372237388410700, 0.1669733222387676000, 0.3900000000000000700 ) ) ;
#281 = FACE_OUTER_BOUND ( 'NONE', #888, .T. ) ;
#282 = EDGE_LOOP ( 'NONE', ( #373, #1583, #1276, #539, #1503, #128, #260 ) ) ;
#283 = CARTESIAN_POINT ( 'NONE',  ( 0.06542438130972659500, -0.06542438130972662300, -0.1274999999999998600 ) ) ;
#284 = ADVANCED_FACE ( 'NONE', ( #3745 ), #2934, .T. ) ;
#285 = CARTESIAN_POINT ( 'NONE',  ( 0.1874999999999999700, 0.03688361398672140900, 0.3883803605511368900 ) ) ;
#286 = CARTESIAN_POINT ( 'NONE',  ( 0.06542438130972660900, 0.06542438130972656800, -0.1649999999999998700 ) ) ;
#287 = CARTESIAN_POINT ( 'NONE',  ( -1.133092784412359100E-017, -0.09252404735808418500, -0.3399999999999998600 ) ) ;
#288 = CARTESIAN_POINT ( 'NONE',  ( 0.1277063293868266600, 0.05289769363290938000, -0.2478124999999998000 ) ) ;
#289 = CARTESIAN_POINT ( 'NONE',  ( -0.1250000000000001400, 3.678806048192898800E-018, -0.07124999999999984100 ) ) ;
#290 = AXIS2_PLACEMENT_3D ( 'NONE', #3021, #3590, #2708 ) ;
#291 = CARTESIAN_POINT ( 'NONE',  ( -0.1875000000000000300, 0.1082531754730547600, 0.1886580753730950100 ) ) ;
#292 = CARTESIAN_POINT ( 'NONE',  ( -0.1874999999999999700, 0.0000000000000000000, 0.3899999999999999600 ) ) ;
#293 = DIRECTION ( 'NONE',  ( -0.0000000000000000000, -0.0000000000000000000, 1.000000000000000000 ) ) ;
#294 = CARTESIAN_POINT ( 'NONE',  ( 0.06542438130972659500, -0.06542438130972660900, 0.01625000000000013200 ) ) ;
#295 = CARTESIAN_POINT ( 'NONE',  ( -1.133092784412359100E-017, -0.09252404735808418500, -0.1337499999999998700 ) ) ;
#296 = CARTESIAN_POINT ( 'NONE',  ( -0.05177669529663694200, 0.1250000000000001400, -0.2368749999999998900 ) ) ;
#297 = CARTESIAN_POINT ( 'NONE',  ( 0.09252404735808419900, -0.03832471526136906100, -0.3306249999999998400 ) ) ;
#298 = CARTESIAN_POINT ( 'NONE',  ( 0.05289769363290944300, 0.1277063293868266300, -0.2415624999999997900 ) ) ;
#299 = ADVANCED_FACE ( 'NONE', ( #1479 ), #917, .T. ) ;
#300 = CARTESIAN_POINT ( 'NONE',  ( -0.08838834764831854400, -0.08838834764831853000, -0.3149999999999998400 ) ) ;
#301 = DIRECTION ( 'NONE',  ( -0.0000000000000000000, -0.0000000000000000000, 1.000000000000000000 ) ) ;
#302 = CARTESIAN_POINT ( 'NONE',  ( -0.1874999999999999700, 0.0000000000000000000, 0.3899999999999999600 ) ) ;
#303 = ORIENTED_EDGE ( 'NONE', *, *, #198, .F. ) ;
#304 = DIRECTION ( 'NONE',  ( 0.0000000000000000000, 0.0000000000000000000, 1.000000000000000000 ) ) ;
#305 = CONICAL_SURFACE ( 'NONE', #2022, 0.1250000000000001900, 0.3490658503988666700 ) ;
#306 = CARTESIAN_POINT ( 'NONE',  ( -0.09252404735808418500, 1.690227475583728000E-018, 0.09750000000000018400 ) ) ;
#307 = CARTESIAN_POINT ( 'NONE',  ( 0.0000000000000000000, -3.717939185210915300E-018, 0.3899999999999999600 ) ) ;
#308 = CARTESIAN_POINT ( 'NONE',  ( 0.09252404735808419900, -0.03832471526136906100, -0.07437499999999987200 ) ) ;
#309 = ORIENTED_EDGE ( 'NONE', *, *, #1131, .F. ) ;
#310 = ORIENTED_EDGE ( 'NONE', *, *, #2544, .T. ) ;
#311 = AXIS2_PLACEMENT_3D ( 'NONE', #3785, #1420, #2912 ) ;
#312 = CARTESIAN_POINT ( 'NONE',  ( 0.1277063293868266300, -0.05289769363290944300, -0.3040624999999998500 ) ) ;
#313 = DIRECTION ( 'NONE',  ( 0.0000000000000000000, 0.0000000000000000000, -1.000000000000000000 ) ) ;
#314 = CARTESIAN_POINT ( 'NONE',  ( -0.09252404735808418500, 1.690227475583728000E-018, -0.1524999999999998300 ) ) ;
#315 = CARTESIAN_POINT ( 'NONE',  ( 0.0000000000000000000, -3.717939185210915300E-018, 0.1351999999999999600 ) ) ;
#316 = CARTESIAN_POINT ( 'NONE',  ( -0.1875000000000000300, -3.717939189616745800E-018, 0.2054048999000400400 ) ) ;
#317 = CARTESIAN_POINT ( 'NONE',  ( -0.09252404735808418500, -0.03832471526136901200, -0.1931249999999999100 ) ) ;
#318 = TOROIDAL_SURFACE ( 'NONE', #2439, 0.2548000000000000300, 0.02520000000000000000 ) ;
#319 = CARTESIAN_POINT ( 'NONE',  ( -0.03071869647312326300, -0.09918400616129596800, 0.05123030954034876000 ) ) ;
#320 = CARTESIAN_POINT ( 'NONE',  ( 0.09252404735808418500, -2.097162821266345400E-017, 0.07250000000000018900 ) ) ;
#321 = ADVANCED_FACE ( 'NONE', ( #3012 ), #2170, .F. ) ;
#322 = CIRCLE ( 'NONE', #2133, 0.02520000000000001400 ) ;
#323 = CARTESIAN_POINT ( 'NONE',  ( -0.09252404735808419900, 0.03832471526136901200, -0.09937499999999988000 ) ) ;
#324 = CARTESIAN_POINT ( 'NONE',  ( -0.1875000000000000600, 0.03688361398672150600, 0.3883803605511368900 ) ) ;
#325 = ORIENTED_EDGE ( 'NONE', *, *, #1546, .F. ) ;
#326 = CARTESIAN_POINT ( 'NONE',  ( -0.09252404735808419900, 0.03832471526136901200, -0.2056249999999998900 ) ) ;
#327 = DIRECTION ( 'NONE',  ( 0.0000000000000000000, 0.0000000000000000000, -1.000000000000000000 ) ) ;
#328 = CARTESIAN_POINT ( 'NONE',  ( 0.1277063293868266300, -0.05289769363290944300, -0.2540624999999998000 ) ) ;
#330 = ORIENTED_EDGE ( 'NONE', *, *, #3741, .T. ) ;
#329 = B_SPLINE_CURVE_WITH_KNOTS ( 'NONE', 3,
 ( #2430, #3309, #2702, #3606, #1559, #916, #331, #3011, #1525, #1245 ),
 .UNSPECIFIED., .F., .F.,
 ( 4, 2, 2, 2, 4 ),
 ( 4.351389859355764500E-014, 0.0005676274578208371400, 0.001135254915598160300, 0.001702882373375483900, 0.002270509831152807600 ),
 .UNSPECIFIED. ) ;
#331 = CARTESIAN_POINT ( 'NONE',  ( 0.09146659237134567600, -0.02918701750265699200, -0.3817811937883517900 ) ) ;
#332 = CARTESIAN_POINT ( 'NONE',  ( 0.03832471526136906800, 0.09252404735808419900, -0.3181249999999998800 ) ) ;
#333 = CARTESIAN_POINT ( 'NONE',  ( 0.1250000000000003300, -0.05177669529663679600, -0.2993749999999998400 ) ) ;
#334 = EDGE_CURVE ( 'NONE', #2746, #738, #1898, .T. ) ;
#335 = CARTESIAN_POINT ( 'NONE',  ( 0.03832471526136898400, -0.09252404735808421300, -0.1806249999999999000 ) ) ;
#336 = CARTESIAN_POINT ( 'NONE',  ( -1.133092784412359100E-017, -0.09252404735808418500, 0.01625000000000013200 ) ) ;
#337 = CARTESIAN_POINT ( 'NONE',  ( 0.06542438130972659500, -0.06542438130972660900, -0.03374999999999980800 ) ) ;
#338 = DIRECTION ( 'NONE',  ( 1.000000000000000000, 0.0000000000000000000, 0.0000000000000000000 ) ) ;
#339 =( BOUNDED_CURVE ( )  B_SPLINE_CURVE ( 2, ( #3564, #11, #1749, #2671, #2986, #1219, #3816, #246, #2334 ),
 .UNSPECIFIED., .F., .F. ) 
 B_SPLINE_CURVE_WITH_KNOTS ( ( 3, 2, 2, 2, 3 ),
 ( 0.4423076923076923500, 0.4519230769230769300, 0.4615384615384616200, 0.4711538461538462000, 0.4807692307692307800 ),
 .UNSPECIFIED. ) 
 CURVE ( )  GEOMETRIC_REPRESENTATION_ITEM ( )  RATIONAL_B_SPLINE_CURVE ( ( 0.9999999999999995600, 0.9238795325112871800, 1.000000000000000000, 0.9238795325112867400, 1.000000000000000000, 0.9238795325112867400, 1.000000000000000000, 0.9238795325112862900, 1.000000000000000400 ) ) 
 REPRESENTATION_ITEM ( '' )  );
#340 = CARTESIAN_POINT ( 'NONE',  ( -1.133092784412359400E-017, -0.09252404735808419900, 0.1662500000000001800 ) ) ;
#341 = CARTESIAN_POINT ( 'NONE',  ( 0.06542438130972659500, -0.06542438130972660900, -0.1837499999999998600 ) ) ;
#342 = CARTESIAN_POINT ( 'NONE',  ( 0.06533489941044441600, 0.08919172867577586400, 0.06966098190941351400 ) ) ;
#343 = CARTESIAN_POINT ( 'NONE',  ( -0.1277063293868266600, 0.05289769363290935900, -0.02906249999999976900 ) ) ;
#344 = CARTESIAN_POINT ( 'NONE',  ( -0.05177669529663697000, -0.1250000000000001400, 0.03187500000000013200 ) ) ;
#345 = CARTESIAN_POINT ( 'NONE',  ( -0.09252404735808419900, 0.03832471526136901200, -0.2056249999999998900 ) ) ;
#346 = CARTESIAN_POINT ( 'NONE',  ( 0.08838834764831853000, -0.08838834764831854400, -0.3024999999999998800 ) ) ;
#347 = CARTESIAN_POINT ( 'NONE',  ( -1.133092784412359400E-017, -0.09252404735808419900, -0.2337499999999999000 ) ) ;
#348 = CARTESIAN_POINT ( 'NONE',  ( 0.09252404735808419900, -0.03832471526136906100, 0.02562500000000015500 ) ) ;
#349 = CARTESIAN_POINT ( 'NONE',  ( 0.0000000000000000000, 0.09252404735808418500, 0.03500000000000017000 ) ) ;
#350 = CARTESIAN_POINT ( 'NONE',  ( -0.09252404735808419900, 1.690227475583729900E-018, 0.2037500000000001300 ) ) ;
#351 = DIRECTION ( 'NONE',  ( -0.0000000000000000000, -0.0000000000000000000, 1.000000000000000000 ) ) ;
#352 = CARTESIAN_POINT ( 'NONE',  ( -0.09030201150986802400, -0.09030201150986801000, -0.06968749999999976400 ) ) ;
#353 = CARTESIAN_POINT ( 'NONE',  ( -0.1250000000000001400, -0.05177669529663693500, 0.02562500000000009900 ) ) ;
#354 = ORIENTED_EDGE ( 'NONE', *, *, #1433, .T. ) ;
#355 = CARTESIAN_POINT ( 'NONE',  ( -0.09252404735808419900, -0.03832471526136901200, -0.1993749999999999100 ) ) ;
#356 = ORIENTED_EDGE ( 'NONE', *, *, #991, .T. ) ;
#357 = CARTESIAN_POINT ( 'NONE',  ( -0.06542438130972660900, -0.06542438130972659500, -0.2399999999999999100 ) ) ;
#358 = FACE_OUTER_BOUND ( 'NONE', #3665, .T. ) ;
#359 = EDGE_CURVE ( 'NONE', #2914, #3854, #1487, .T. ) ;
#360 = CARTESIAN_POINT ( 'NONE',  ( 0.03832471526136906800, 0.09252404735808419900, 0.1881250000000001800 ) ) ;
#361 = CARTESIAN_POINT ( 'NONE',  ( 0.0000000000000000000, 0.09252404735808418500, 0.2350000000000001500 ) ) ;
#362 = ADVANCED_FACE ( 'NONE', ( #1010 ), #1726, .T. ) ;
#363 = CARTESIAN_POINT ( 'NONE',  ( 0.09252404735808419900, -0.03832471526136906800, 0.07562500000000016400 ) ) ;
#364 = DIRECTION ( 'NONE',  ( -1.000000000000000000, 0.0000000000000000000, -0.0000000000000000000 ) ) ;
#365 = CARTESIAN_POINT ( 'NONE',  ( 0.09252404735808419900, -0.03832471526136906100, -0.08062499999999985000 ) ) ;
#366 = CARTESIAN_POINT ( 'NONE',  ( -0.1115238645231117800, 0.02900815639788110000, 0.08252642648162558700 ) ) ;
#367 = CONICAL_SURFACE ( 'NONE', #3014, 0.1250000000000001900, 0.3490658503988666700 ) ;
#368 = AXIS2_PLACEMENT_3D ( 'NONE', #3045, #673, #3378 ) ;
#369 = CARTESIAN_POINT ( 'NONE',  ( 0.09030201150986802400, 0.09030201150986798300, 0.005312500000000258900 ) ) ;
#370 = DIRECTION ( 'NONE',  ( -1.000000000000000000, 0.0000000000000000000, 0.0000000000000000000 ) ) ;
#371 = CARTESIAN_POINT ( 'NONE',  ( -0.09252404735808418500, 1.690227475583728000E-018, -0.2024999999999998500 ) ) ;
#372 = FACE_OUTER_BOUND ( 'NONE', #2305, .T. ) ;
#373 = ORIENTED_EDGE ( 'NONE', *, *, #965, .F. ) ;
#374 = VERTEX_POINT ( 'NONE', #2195 ) ;
#375 = CARTESIAN_POINT ( 'NONE',  ( 0.06542438130972662300, 0.06542438130972659500, -0.1149999999999998700 ) ) ;
#376 = EDGE_LOOP ( 'NONE', ( #2718, #3797, #2279, #410 ) ) ;
#377 = CARTESIAN_POINT ( 'NONE',  ( -0.06542438130972659500, -0.06542438130972659500, 0.1600000000000001400 ) ) ;
#378 = CARTESIAN_POINT ( 'NONE',  ( -0.03832471526136901900, -0.09252404735808419900, 0.1568750000000001500 ) ) ;
#379 = CARTESIAN_POINT ( 'NONE',  ( -0.06542438130972659500, -0.06542438130972659500, -0.3962499999999998800 ) ) ;
#380 = CARTESIAN_POINT ( 'NONE',  ( 0.03832471526136907400, 0.09252404735808419900, 0.1881250000000001800 ) ) ;
#381 = APPROVAL_PERSON_ORGANIZATION ( #3823, #974, #1443 ) ;
#382 = CARTESIAN_POINT ( 'NONE',  ( 0.08838834764831854400, 0.08838834764831851600, -0.1962499999999999000 ) ) ;
#383 = CARTESIAN_POINT ( 'NONE',  ( 0.1277063293868266600, 0.05289769363290938000, -0.04781249999999980000 ) ) ;
#384 = B_SPLINE_CURVE_WITH_KNOTS ( 'NONE', 3,
 ( #1535, #3616, #949, #2409, #21, #627, #1267, #3023 ),
 .UNSPECIFIED., .F., .F.,
 ( 4, 2, 2, 4 ),
 ( 0.002782414345151441700, 0.003475358748974701300, 0.004168303152797961700, 0.005554191960444480900 ),
 .UNSPECIFIED. ) ;
#385 = CARTESIAN_POINT ( 'NONE',  ( 0.0000000000000000000, 0.09252404735808418500, -0.1149999999999998700 ) ) ;
#386 = EDGE_CURVE ( 'NONE', #1030, #606, #2959, .T. ) ;
#387 = CARTESIAN_POINT ( 'NONE',  ( -1.133092784412359400E-017, -0.09252404735808419900, -0.08374999999999989400 ) ) ;
#388 =( BOUNDED_CURVE ( )  B_SPLINE_CURVE ( 2, ( #1992, #2290, #1419, #506, #192, #2579, #2540, #2569, #768 ),
 .UNSPECIFIED., .F., .F. ) 
 B_SPLINE_CURVE_WITH_KNOTS ( ( 3, 2, 2, 2, 3 ),
 ( 0.4038461538461538500, 0.4134615384615384400, 0.4230769230769231300, 0.4326923076923077600, 0.4423076923076923500 ),
 .UNSPECIFIED. ) 
 CURVE ( )  GEOMETRIC_REPRESENTATION_ITEM ( )  RATIONAL_B_SPLINE_CURVE ( ( 1.000000000000000000, 0.9238795325112867400, 1.000000000000000000, 0.9238795325112867400, 1.000000000000000000, 0.9238795325112867400, 1.000000000000000000, 0.9238795325112862900, 1.000000000000000400 ) ) 
 REPRESENTATION_ITEM ( '' )  );
#389 = CARTESIAN_POINT ( 'NONE',  ( 0.06542438130972659500, -0.06542438130972660900, 0.07250000000000012000 ) ) ;
#390 = CARTESIAN_POINT ( 'NONE',  ( 0.09030201150986801000, -0.09030201150986802400, -0.3540625000000000000 ) ) ;
#391 = CARTESIAN_POINT ( 'NONE',  ( -0.06542438130972660900, -0.06542438130972659500, 0.1600000000000001400 ) ) ;
#392 = AXIS2_PLACEMENT_3D ( 'NONE', #1396, #1708, #2251 ) ;
#393 = CARTESIAN_POINT ( 'NONE',  ( 0.1874999999999999400, -0.09062956271589195400, 0.3783406742577765700 ) ) ;
#394 = CARTESIAN_POINT ( 'NONE',  ( 0.1080818300172012600, -2.382954652296114400E-017, 0.06351770999376513100 ) ) ;
#395 = CARTESIAN_POINT ( 'NONE',  ( 0.05289769363290933200, -0.1277063293868267200, 0.03968750000000021600 ) ) ;
#396 = CARTESIAN_POINT ( 'NONE',  ( -0.1250000000000001400, 3.678806048192898800E-018, 0.07875000000000019500 ) ) ;
#397 = CARTESIAN_POINT ( 'NONE',  ( 0.09252404735808418500, -2.097162821266345400E-017, -0.02749999999999984400 ) ) ;
#398 = CARTESIAN_POINT ( 'NONE',  ( -0.03832471526136901200, 0.09252404735808419900, -0.3618749999999998900 ) ) ;
#399 = CARTESIAN_POINT ( 'NONE',  ( 0.06542438130972660900, 0.06542438130972656800, 0.1787500000000001900 ) ) ;
#400 = DIRECTION ( 'NONE',  ( -0.4999999999999998900, 0.8660254037844387100, 0.0000000000000000000 ) ) ;
#401 = CARTESIAN_POINT ( 'NONE',  ( 0.0000000000000000000, 0.0000000000000000000, 0.1099999999999999900 ) ) ;
#402 = EDGE_LOOP ( 'NONE', ( #1709, #2535, #820, #2547, #1474, #36, #2513, #819 ) ) ;
#403 = CYLINDRICAL_SURFACE ( 'NONE', #2355, 0.2800000000000000300 ) ;
#404 = CARTESIAN_POINT ( 'NONE',  ( 0.05177669529663703200, 0.1250000000000001100, -0.1868749999999998700 ) ) ;
#405 = CARTESIAN_POINT ( 'NONE',  ( 0.09030201150986801000, -0.09030201150986802400, 0.1928125000000002500 ) ) ;
#406 = B_SPLINE_CURVE_WITH_KNOTS ( 'NONE', 3,
 ( #2261, #3772, #1084, #203, #3451, #1980, #3755, #1688, #2595, #2902 ),
 .UNSPECIFIED., .F., .F.,
 ( 4, 2, 2, 2, 4 ),
 ( 2.380735675742242900E-007, 0.002777215017006030700, 0.003471459252865643900, 0.004165703488725257100, 0.005554191960444484300 ),
 .UNSPECIFIED. ) ;
#407 = CARTESIAN_POINT ( 'NONE',  ( -0.09252404735808418500, 1.690227475583728000E-018, 0.003750000000000130800 ) ) ;
#408 = EDGE_CURVE ( 'NONE', #708, #55, #2581, .T. ) ;
#409 = DIRECTION ( 'NONE',  ( 0.0000000000000000000, 0.0000000000000000000, -1.000000000000000000 ) ) ;
#410 = ORIENTED_EDGE ( 'NONE', *, *, #408, .F. ) ;
#411 = CARTESIAN_POINT ( 'NONE',  ( 0.06542438130972660900, 0.06542438130972656800, 0.02875000000000013700 ) ) ;
#412 = VERTEX_POINT ( 'NONE', #1016 ) ;
#413 = CARTESIAN_POINT ( 'NONE',  ( -0.03832471526136901200, 0.09252404735808419900, -0.4118749999999998200 ) ) ;
#414 = CARTESIAN_POINT ( 'NONE',  ( -0.06542438130972659500, 0.06542438130972659500, 0.1412500000000001500 ) ) ;
#415 = FACE_OUTER_BOUND ( 'NONE', #402, .T. ) ;
#416 = CARTESIAN_POINT ( 'NONE',  ( 0.1250000000000001400, -2.693736393049096500E-017, -0.3462499999999998400 ) ) ;
#417 = CARTESIAN_POINT ( 'NONE',  ( -0.05177669529663693500, 0.1250000000000001400, -0.03062499999999984300 ) ) ;
#418 = CARTESIAN_POINT ( 'NONE',  ( -0.03729551592734563900, 0.09657722675498239800, 0.05040537643908534600 ) ) ;
#419 = AXIS2_PLACEMENT_3D ( 'NONE', #3726, #3152, #1403 ) ;
#420 = TOROIDAL_SURFACE ( 'NONE', #311, 0.2548000000000000300, 0.02520000000000000000 ) ;
#421 = CARTESIAN_POINT ( 'NONE',  ( 0.09030201150986802400, 0.09030201150986798300, 0.1053125000000002100 ) ) ;
#422 = ORIENTED_EDGE ( 'NONE', *, *, #3597, .F. ) ;
#423 = CARTESIAN_POINT ( 'NONE',  ( -0.1005626433581795100, 2.182449518641500500E-018, 0.04285891443543843300 ) ) ;
#424 = CARTESIAN_POINT ( 'NONE',  ( -1.530808498934193400E-017, -0.1250000000000001400, -0.2587499999999998700 ) ) ;
#425 = CARTESIAN_POINT ( 'NONE',  ( 0.03832471526136898400, -0.09252404735808419900, 0.06312500000000016700 ) ) ;
#426 = ORIENTED_EDGE ( 'NONE', *, *, #114, .F. ) ;
#427 = CARTESIAN_POINT ( 'NONE',  ( 0.0000000000000000000, 0.09252404735808418500, 0.2412500000000001300 ) ) ;
#428 = CARTESIAN_POINT ( 'NONE',  ( 0.09030201150986801000, -0.09030201150986802400, -0.3040624999999999600 ) ) ;
#429 = CARTESIAN_POINT ( 'NONE',  ( 0.09252404735808418500, 0.03832471526136902600, -0.3743749999999999000 ) ) ;
#430 = CARTESIAN_POINT ( 'NONE',  ( -0.07076295576702068500, 0.08371972187755023800, -0.3687578519344609800 ) ) ;
#431 = CARTESIAN_POINT ( 'NONE',  ( 0.08838834764831854400, 0.08838834764831853000, -0.03999999999999979300 ) ) ;
#432 = CARTESIAN_POINT ( 'NONE',  ( 0.09619984421541016900, -2.164686114100947900E-017, 0.03087222230506369800 ) ) ;
#433 = CARTESIAN_POINT ( 'NONE',  ( -1.563951475144348500E-017, -0.1277063293868266600, 0.2365625000000002300 ) ) ;
#434 = CARTESIAN_POINT ( 'NONE',  ( 0.1874999999999999400, 1.924418829439569500E-017, 0.2054048999000400700 ) ) ;
#435 = CARTESIAN_POINT ( 'NONE',  ( 0.1250000000000001400, -2.693736393049096500E-017, -0.2462499999999998300 ) ) ;
#436 = CARTESIAN_POINT ( 'NONE',  ( 0.06542438130972659500, -0.06542438130972660900, -0.03374999999999980800 ) ) ;
#437 = EDGE_CURVE ( 'NONE', #51, #708, #3629, .T. ) ;
#438 = CARTESIAN_POINT ( 'NONE',  ( 0.05289769363290933200, -0.1277063293868267200, -0.2071875000000000200 ) ) ;
#439 = CARTESIAN_POINT ( 'NONE',  ( 0.08838834764831853000, -0.08838834764831854400, -0.3524999999999998700 ) ) ;
#440 = CARTESIAN_POINT ( 'NONE',  ( -0.09635134545285266300, 0.04495700636007083500, 0.05811409497718371400 ) ) ;
#441 = CARTESIAN_POINT ( 'NONE',  ( -0.06542438130972659500, 0.06542438130972660900, -0.4024999999999999100 ) ) ;
#442 = CARTESIAN_POINT ( 'NONE',  ( 0.08838834764831853000, -0.08838834764831854400, 0.09125000000000010900 ) ) ;
#443 = CARTESIAN_POINT ( 'NONE',  ( -0.06542438130972659500, -0.06542438130972659500, 0.1037500000000001600 ) ) ;
#444 = B_SPLINE_CURVE_WITH_KNOTS ( 'NONE', 3,
 ( #2635, #279, #2016, #2610, #1740, #863, #1441, #2030, #1179, #249 ),
 .UNSPECIFIED., .F., .F.,
 ( 4, 2, 2, 2, 4 ),
 ( 2.380735675740230100E-007, 0.002777215017006026300, 0.003471459252865640000, 0.004165703488725254500, 0.005554191960444481700 ),
 .UNSPECIFIED. ) ;
#445 = CARTESIAN_POINT ( 'NONE',  ( -0.05177669529663697000, -0.1250000000000001400, -0.2181249999999998700 ) ) ;
#446 = VERTEX_POINT ( 'NONE', #1347 ) ;
#447 = ORIENTED_EDGE ( 'NONE', *, *, #2451, .F. ) ;
#448 = CARTESIAN_POINT ( 'NONE',  ( 0.1277063293868266600, 0.05289769363290938000, -0.2446874999999999500 ) ) ;
#449 = ORIENTED_EDGE ( 'NONE', *, *, #1639, .T. ) ;
#450 = CARTESIAN_POINT ( 'NONE',  ( 0.05942892527798481600, -0.07117087255042976700, 0.02077305344105566700 ) ) ;
#451 = CARTESIAN_POINT ( 'NONE',  ( -0.09763756163075938700, 0.05243552180968920300, -0.3668858474826153800 ) ) ;
#452 = CARTESIAN_POINT ( 'NONE',  ( -0.05177669529663693500, 0.1250000000000001400, -0.2806249999999998500 ) ) ;
#453 = DIRECTION ( 'NONE',  ( 1.000000000000000000, 0.0000000000000000000, 0.0000000000000000000 ) ) ;
#454 =( BOUNDED_CURVE ( )  B_SPLINE_CURVE ( 2, ( #265, #2609, #235, #2942, #2317, #535, #2349, #862, #3510 ),
 .UNSPECIFIED., .F., .F. ) 
 B_SPLINE_CURVE_WITH_KNOTS ( ( 3, 2, 2, 2, 3 ),
 ( 0.5192307692307692700, 0.5288461538461538500, 0.5384615384615384400, 0.5480769230769231300, 0.5576923076923077100 ),
 .UNSPECIFIED. ) 
 CURVE ( )  GEOMETRIC_REPRESENTATION_ITEM ( )  RATIONAL_B_SPLINE_CURVE ( ( 1.000000000000000000, 0.9238795325112867400, 1.000000000000000000, 0.9238795325112867400, 1.000000000000000000, 0.9238795325112867400, 1.000000000000000000, 0.9238795325112867400, 1.000000000000000000 ) ) 
 REPRESENTATION_ITEM ( '' )  );
#455 = CARTESIAN_POINT ( 'NONE',  ( 0.05289769363290944300, 0.1277063293868266300, 0.2084375000000002200 ) ) ;
#456 = VERTEX_POINT ( 'NONE', #3527 ) ;
#457 = CARTESIAN_POINT ( 'NONE',  ( 0.1874999999999999400, 0.1082531754730548400, 0.3732531754730548700 ) ) ;
#458 = EDGE_CURVE ( 'NONE', #2164, #818, #1033, .T. ) ;
#459 = CARTESIAN_POINT ( 'NONE',  ( 0.08838834764831853000, -0.08838834764831854400, -0.1024999999999998100 ) ) ;
#460 = DIRECTION ( 'NONE',  ( -1.000000000000000000, 0.0000000000000000000, 0.0000000000000000000 ) ) ;
#461 = LINE ( 'NONE', #2924, #3427 ) ;
#462 = VERTEX_POINT ( 'NONE', #2943 ) ;
#463 = LINE ( 'NONE', #3195, #3 ) ;
#464 = ORIENTED_EDGE ( 'NONE', *, *, #940, .F. ) ;
#465 = ORIENTED_EDGE ( 'NONE', *, *, #962, .F. ) ;
#466 = CARTESIAN_POINT ( 'NONE',  ( 0.1277063293868266300, -0.05289769363290944300, -0.1509374999999999500 ) ) ;
#467 = CARTESIAN_POINT ( 'NONE',  ( 0.09252404735808418500, 0.03832471526136902600, -0.2243749999999998500 ) ) ;
#468 = CARTESIAN_POINT ( 'NONE',  ( -0.03352351304161322500, 0.1016199855102387400, -0.3707133121225008600 ) ) ;
#469 = ORIENTED_EDGE ( 'NONE', *, *, #3171, .T. ) ;
#470 = CARTESIAN_POINT ( 'NONE',  ( -0.08838834764831853000, 0.08838834764831854400, -0.1337499999999999000 ) ) ;
#471 = CARTESIAN_POINT ( 'NONE',  ( -0.03832471526136902600, -0.09252404735808419900, -0.3368749999999998100 ) ) ;
#472 = PERSON_AND_ORGANIZATION ( #2767, #3077 ) ;
#473 = DIRECTION ( 'NONE',  ( -0.0000000000000000000, -0.0000000000000000000, 1.000000000000000000 ) ) ;
#474 = CARTESIAN_POINT ( 'NONE',  ( -0.09252404735808418500, 1.690227475583728000E-018, 0.09750000000000018400 ) ) ;
#475 = CARTESIAN_POINT ( 'NONE',  ( -0.05289769363290934600, 0.1277063293868266600, -0.1321874999999999600 ) ) ;
#476 = CARTESIAN_POINT ( 'NONE',  ( 0.1188985037974352300, 0.01608292282448983700, 0.09548604737305946300 ) ) ;
#477 = CARTESIAN_POINT ( 'NONE',  ( 0.03832471526136898400, -0.09252404735808418500, -0.08687499999999986900 ) ) ;
#478 = CARTESIAN_POINT ( 'NONE',  ( -0.002861347555775167400, -0.1210342817221815400, -0.3565732838901704600 ) ) ;
#479 = CARTESIAN_POINT ( 'NONE',  ( -0.09252404735808419900, 0.03832471526136901900, -0.1993749999999999700 ) ) ;
#480 = CARTESIAN_POINT ( 'NONE',  ( -0.08838834764831853000, 0.08838834764831854400, -0.3337499999999999400 ) ) ;
#481 = DIRECTION ( 'NONE',  ( 0.0000000000000000000, 0.0000000000000000000, -1.000000000000000000 ) ) ;
#482 = EDGE_CURVE ( 'NONE', #3588, #3322, #444, .T. ) ;
#483 = CARTESIAN_POINT ( 'NONE',  ( -0.1277063293868266600, -0.05289769363290934600, -0.01968749999999995200 ) ) ;
#484 = CARTESIAN_POINT ( 'NONE',  ( 0.06542438130972659500, -0.06542438130972660900, -0.2337499999999998700 ) ) ;
#485 = AXIS2_PLACEMENT_3D ( 'NONE', #801, #2563, #2284 ) ;
#486 = CARTESIAN_POINT ( 'NONE',  ( 0.02822871224762702300, 0.09207477082966050700, 0.03059082194193511400 ) ) ;
#487 = CARTESIAN_POINT ( 'NONE',  ( 0.1250000000000003300, -0.05177669529663679600, -0.1493749999999998100 ) ) ;
#488 = CARTESIAN_POINT ( 'NONE',  ( 0.0000000000000000000, -3.717939185210915300E-018, 0.3899999999999999600 ) ) ;
#489 = CARTESIAN_POINT ( 'NONE',  ( 0.03832471526136907400, 0.09252404735808419900, -0.2618749999999999100 ) ) ;
#490 = CARTESIAN_POINT ( 'NONE',  ( 0.0000000000000000000, 0.0000000000000000000, 0.3899999999999999600 ) ) ;
#491 = ORIENTED_EDGE ( 'NONE', *, *, #3648, .F. ) ;
#492 = CARTESIAN_POINT ( 'NONE',  ( 0.09252404735808419900, 0.03832471526136902600, 0.1756250000000002300 ) ) ;
#493 = CARTESIAN_POINT ( 'NONE',  ( -0.1250000000000001400, 3.678806048192898800E-018, 0.02875000000000019200 ) ) ;
#494 = ORIENTED_EDGE ( 'NONE', *, *, #334, .F. ) ;
#495 = VERTEX_POINT ( 'NONE', #2390 ) ;
#496 = CARTESIAN_POINT ( 'NONE',  ( -0.09030201150986802400, -0.09030201150986801000, 0.03343750000000004400 ) ) ;
#497 = CARTESIAN_POINT ( 'NONE',  ( 0.09252404735808418500, -0.03832471526136906100, -0.1806249999999999000 ) ) ;
#498 = ORIENTED_EDGE ( 'NONE', *, *, #3412, .T. ) ;
#499 =( BOUNDED_CURVE ( )  B_SPLINE_CURVE ( 2, ( #2045, #2318, #1205, #1516, #2378, #2955, #2100, #902, #1482 ),
 .UNSPECIFIED., .F., .F. ) 
 B_SPLINE_CURVE_WITH_KNOTS ( ( 3, 2, 2, 2, 3 ),
 ( 0.5576923076923077100, 0.5673076923076922900, 0.5769230769230768700, 0.5865384615384615600, 0.5961538461538461500 ),
 .UNSPECIFIED. ) 
 CURVE ( )  GEOMETRIC_REPRESENTATION_ITEM ( )  RATIONAL_B_SPLINE_CURVE ( ( 1.000000000000000000, 0.9238795325112867400, 1.000000000000000000, 0.9238795325112867400, 1.000000000000000000, 0.9238795325112867400, 1.000000000000000000, 0.9238795325112867400, 1.000000000000000000 ) ) 
 REPRESENTATION_ITEM ( '' )  );
#500 = CARTESIAN_POINT ( 'NONE',  ( 0.09591117873539790900, -0.007987827804907922700, 0.03007912041695401400 ) ) ;
#501 = CIRCLE ( 'NONE', #2507, 0.2800000000000000300 ) ;
#502 = CARTESIAN_POINT ( 'NONE',  ( 0.09252404735808419900, 0.03832471526136903300, -0.2681249999999999500 ) ) ;
#503 = CARTESIAN_POINT ( 'NONE',  ( 0.1188301026160504300, -0.03085727159845473200, 0.1031879045448452100 ) ) ;
#504 = CARTESIAN_POINT ( 'NONE',  ( 0.06542438130972659500, -0.06542438130972660900, -0.2774999999999999100 ) ) ;
#505 = EDGE_CURVE ( 'NONE', #818, #1604, #499, .T. ) ;
#506 = CARTESIAN_POINT ( 'NONE',  ( 0.05177669529663691400, -0.1250000000000001900, -0.01187499999999991300 ) ) ;
#507 = CARTESIAN_POINT ( 'NONE',  ( -0.1250000000000001400, 0.05177669529663694200, -0.1243749999999998200 ) ) ;
#508 = FACE_OUTER_BOUND ( 'NONE', #3840, .T. ) ;
#509 = ORIENTED_EDGE ( 'NONE', *, *, #1647, .T. ) ;
#510 = EDGE_LOOP ( 'NONE', ( #1626, #1310, #1549, #3118 ) ) ;
#511 = CARTESIAN_POINT ( 'NONE',  ( 0.09030201150986802400, 0.09030201150986798300, -0.09156249999999992200 ) ) ;
#512 = CARTESIAN_POINT ( 'NONE',  ( 0.0000000000000000000, 0.09252404735808418500, -0.1149999999999998700 ) ) ;
#513 = CARTESIAN_POINT ( 'NONE',  ( 0.08397320504897309900, 0.04312784808748520300, 0.02533565834119404900 ) ) ;
#514 = APPROVAL_ROLE ( '' ) ;
#515 = CARTESIAN_POINT ( 'NONE',  ( -0.09394951520728391000, -0.05719556398070948400, 0.06807235642796913300 ) ) ;
#516 = CARTESIAN_POINT ( 'NONE',  ( -1.133092784412359400E-017, -0.09252404735808419900, -0.3837499999999999200 ) ) ;
#517 = CARTESIAN_POINT ( 'NONE',  ( 0.09252404735808418500, 0.03832471526136903300, -0.01812499999999988800 ) ) ;
#518 = CARTESIAN_POINT ( 'NONE',  ( 0.0000000000000000000, 0.09252404735808418500, -0.3087499999999998600 ) ) ;
#519 = CARTESIAN_POINT ( 'NONE',  ( 0.2673999999999999200, 2.902911622398929500E-017, 0.1592746133917893000 ) ) ;
#520 = CARTESIAN_POINT ( 'NONE',  ( 0.05177669529663691400, -0.1250000000000001900, -0.05562499999999984800 ) ) ;
#521 = CARTESIAN_POINT ( 'NONE',  ( -0.1277063293868266600, 0.05289769363290935900, -0.02593749999999992600 ) ) ;
#522 = CARTESIAN_POINT ( 'NONE',  ( 0.1046837514363274400, 0.06160206899111726100, 0.09956962216764690700 ) ) ;
#523 = CARTESIAN_POINT ( 'NONE',  ( -1.133092784412359100E-017, -0.09252404735808418500, 0.01000000000000016700 ) ) ;
#524 = CARTESIAN_POINT ( 'NONE',  ( -1.530808498934193400E-017, -0.1250000000000001400, -0.2087499999999998500 ) ) ;
#525 = EDGE_CURVE ( 'NONE', #1013, #1260, #3645, .T. ) ;
#526 = CARTESIAN_POINT ( 'NONE',  ( 0.09619984421541016900, -2.164686114100947900E-017, 0.03087222230506369800 ) ) ;
#527 = CARTESIAN_POINT ( 'NONE',  ( 0.06542438130972662300, 0.06542438130972659500, -0.1149999999999998700 ) ) ;
#528 = CARTESIAN_POINT ( 'NONE',  ( 0.09252404735808418500, -0.03832471526136907400, -0.02437499999999985900 ) ) ;
#529 = CARTESIAN_POINT ( 'NONE',  ( -0.06542438130972659500, 0.06542438130972659500, -0.3524999999999999200 ) ) ;
#530 = CARTESIAN_POINT ( 'NONE',  ( -0.1567764340177028300, -0.1259914345633992800, 0.3825620876900740500 ) ) ;
#531 = CARTESIAN_POINT ( 'NONE',  ( -1.530808498934193400E-017, -0.1250000000000001400, -0.05874999999999983700 ) ) ;
#532 = ORIENTED_EDGE ( 'NONE', *, *, #1601, .F. ) ;
#533 = CARTESIAN_POINT ( 'NONE',  ( -0.1277063293868266600, 0.05289769363290935900, 0.1740625000000000400 ) ) ;
#534 = CIRCLE ( 'NONE', #3126, 0.2673999999999999700 ) ;
#535 = CARTESIAN_POINT ( 'NONE',  ( -0.05177669529663693500, 0.1250000000000001400, -0.08062499999999986300 ) ) ;
#536 = CARTESIAN_POINT ( 'NONE',  ( 0.09252404735808418500, -0.03832471526136906100, -0.03062499999999982600 ) ) ;
#537 = DIRECTION ( 'NONE',  ( 1.000000000000000000, 0.0000000000000000000, 0.0000000000000000000 ) ) ;
#538 = CARTESIAN_POINT ( 'NONE',  ( 0.0000000000000000000, 0.0000000000000000000, 0.0000000000000000000 ) ) ;
#539 = ORIENTED_EDGE ( 'NONE', *, *, #1751, .F. ) ;
#540 = CARTESIAN_POINT ( 'NONE',  ( -0.1055879617701642200, -0.02982773633174214100, 0.06526435741142099000 ) ) ;
#541 = ORIENTED_EDGE ( 'NONE', *, *, #2867, .F. ) ;
#542 = CARTESIAN_POINT ( 'NONE',  ( 0.06542438130972659500, -0.06542438130972662300, -0.07749999999999986100 ) ) ;
#543 = CARTESIAN_POINT ( 'NONE',  ( 0.01858702185701081200, -0.1185274743289281600, 0.09550013447019653500 ) ) ;
#544 = CARTESIAN_POINT ( 'NONE',  ( 0.09252404735808418500, -2.097162821266345400E-017, -0.2212499999999998900 ) ) ;
#545 = DIRECTION ( 'NONE',  ( -0.0000000000000000000, -0.0000000000000000000, 1.000000000000000000 ) ) ;
#546 = CARTESIAN_POINT ( 'NONE',  ( 0.0000000000000000000, 0.1250000000000001400, 0.06000000000000013000 ) ) ;
#547 = ORIENTED_EDGE ( 'NONE', *, *, #2920, .F. ) ;
#548 = CARTESIAN_POINT ( 'NONE',  ( -0.06180549377499659800, -0.1808229324777175500, 0.3900000000000000700 ) ) ;
#549 = LINE ( 'NONE', #2069, #1268 ) ;
#550 = CARTESIAN_POINT ( 'NONE',  ( 0.0000000000000000000, -3.717939185210915300E-018, 0.3899999999999999600 ) ) ;
#551 = DIRECTION ( 'NONE',  ( -0.0000000000000000000, -0.0000000000000000000, 1.000000000000000000 ) ) ;
#552 = CARTESIAN_POINT ( 'NONE',  ( -0.09252404735808418500, -0.03832471526136900500, 0.0006250000000001470300 ) ) ;
#553 = CARTESIAN_POINT ( 'NONE',  ( 0.0000000000000000000, 0.09252404735808419900, -0.3087499999999998600 ) ) ;
#554 = CONICAL_SURFACE ( 'NONE', #2721, 0.2800000000000000300, 1.047197551196600500 ) ;
#555 = CARTESIAN_POINT ( 'NONE',  ( 0.1256945062250000000, -0.1439365939414487500, 0.3900000000000000700 ) ) ;
#556 = CARTESIAN_POINT ( 'NONE',  ( -0.06542438130972659500, 0.06542438130972660900, -0.002499999999999905100 ) ) ;
#557 = CARTESIAN_POINT ( 'NONE',  ( -0.1875000000000000300, -3.717939189616745800E-018, 0.2054048999000400400 ) ) ;
#558 = CARTESIAN_POINT ( 'NONE',  ( 0.06542438130972660900, 0.06542438130972656800, -0.3149999999999998900 ) ) ;
#559 = EDGE_CURVE ( 'NONE', #277, #1987, #1542, .T. ) ;
#560 = CARTESIAN_POINT ( 'NONE',  ( -0.1250000000000001400, 0.05177669529663694900, 0.01937500000000013200 ) ) ;
#561 = ORIENTED_EDGE ( 'NONE', *, *, #1647, .F. ) ;
#562 = CARTESIAN_POINT ( 'NONE',  ( -0.03190836850769094400, 0.1081483392626973600, 0.07571598194691096800 ) ) ;
#563 = CARTESIAN_POINT ( 'NONE',  ( 0.0000000000000000000, 0.09252404735808418500, -0.2649999999999998500 ) ) ;
#564 = LOCAL_TIME ( 9, 34, 43.00000000000000000, #2238 ) ;
#565 = CARTESIAN_POINT ( 'NONE',  ( 0.1232693533998802100, 0.008092751514090099100, 0.1052450875452200500 ) ) ;
#566 = CARTESIAN_POINT ( 'NONE',  ( 0.09030201150986802400, 0.09030201150986798300, 0.2084375000000000800 ) ) ;
#567 = CARTESIAN_POINT ( 'NONE',  ( 0.06542438130972659500, -0.06542438130972660900, -0.3837499999999999200 ) ) ;
#568 = CARTESIAN_POINT ( 'NONE',  ( 0.1250000000000001100, 0.05177669529663698300, -0.09937499999999989400 ) ) ;
#569 = CARTESIAN_POINT ( 'NONE',  ( -0.09252404735808418500, 0.03832471526136901900, -0.3493749999999999400 ) ) ;
#570 = CARTESIAN_POINT ( 'NONE',  ( -0.03832471526136901900, 0.09252404735808419900, -0.05562499999999990400 ) ) ;
#571 = CARTESIAN_POINT ( 'NONE',  ( -0.06542438130972659500, -0.06542438130972659500, -0.08999999999999985800 ) ) ;
#572 = CARTESIAN_POINT ( 'NONE',  ( 0.08838834764831854400, 0.08838834764831851600, 0.003750000000000142500 ) ) ;
#573 = CARTESIAN_POINT ( 'NONE',  ( -0.09252404735808419900, 0.03832471526136901200, -0.3556249999999998000 ) ) ;
#574 = CARTESIAN_POINT ( 'NONE',  ( 0.09030201150986801000, -0.09030201150986802400, -0.2071874999999998000 ) ) ;
#575 = DIRECTION ( 'NONE',  ( -0.0000000000000000000, -0.0000000000000000000, 1.000000000000000000 ) ) ;
#576 = ADVANCED_FACE ( 'NONE', ( #2913 ), #2692, .T. ) ;
#577 = CARTESIAN_POINT ( 'NONE',  ( 0.09030201150986802400, 0.09030201150986798300, 0.1584375000000000600 ) ) ;
#578 = CARTESIAN_POINT ( 'NONE',  ( -0.03832471526136900500, 0.09252404735808418500, -0.01187499999999985400 ) ) ;
#579 = EDGE_CURVE ( 'NONE', #462, #2670, #3621, .T. ) ;
#580 = CARTESIAN_POINT ( 'NONE',  ( 0.0000000000000000000, 0.0000000000000000000, 0.1099999999999999900 ) ) ;
#581 = CARTESIAN_POINT ( 'NONE',  ( 0.09252404735808419900, -0.03832471526136906800, -0.1743749999999998900 ) ) ;
#582 = CARTESIAN_POINT ( 'NONE',  ( 0.0000000000000000000, 0.09252404735808418500, -0.008749999999999872500 ) ) ;
#583 = CARTESIAN_POINT ( 'NONE',  ( 0.0000000000000000000, 0.1250000000000001400, 0.01625000000000018800 ) ) ;
#584 = ORIENTED_EDGE ( 'NONE', *, *, #3626, .F. ) ;
#585 = CARTESIAN_POINT ( 'NONE',  ( -0.09252404735808418500, 1.690227475583728000E-018, -0.2524999999999998900 ) ) ;
#586 = CARTESIAN_POINT ( 'NONE',  ( 0.09030201150986802400, 0.09030201150986798300, -0.2946874999999998200 ) ) ;
#587 = VERTEX_POINT ( 'NONE', #1793 ) ;
#588 = CARTESIAN_POINT ( 'NONE',  ( 0.1874999999999999700, 0.0000000000000000000, 0.3899999999999999600 ) ) ;
#589 = VECTOR ( 'NONE', #1409, 39.37007874015748100 ) ;
#590 = CARTESIAN_POINT ( 'NONE',  ( -1.563951475144348500E-017, -0.1277063293868266600, 0.08968750000000008700 ) ) ;
#591 = CARTESIAN_POINT ( 'NONE',  ( -0.1875000000000000600, 0.07301485280742256400, 0.1979187364979757300 ) ) ;
#592 = ORIENTED_EDGE ( 'NONE', *, *, #154, .F. ) ;
#593 = DIRECTION ( 'NONE',  ( 1.000000000000000000, 0.0000000000000000000, 0.0000000000000000000 ) ) ;
#594 = CARTESIAN_POINT ( 'NONE',  ( -0.03832471526136901200, 0.09252404735808419900, -0.01187499999999985600 ) ) ;
#595 = ADVANCED_FACE ( 'NONE', ( #2672 ), #208, .T. ) ;
#596 = CARTESIAN_POINT ( 'NONE',  ( -0.1875000000000000300, -0.1082531754730801200, 0.1886580753731119700 ) ) ;
#597 = ORIENTED_EDGE ( 'NONE', *, *, #579, .F. ) ;
#598 = CARTESIAN_POINT ( 'NONE',  ( 0.06542438130972659500, -0.06542438130972660900, -0.07749999999999986100 ) ) ;
#599 = CARTESIAN_POINT ( 'NONE',  ( 0.1250000000000001400, -2.693736393049096200E-017, 0.04750000000000011900 ) ) ;
#600 = FACE_OUTER_BOUND ( 'NONE', #1806, .T. ) ;
#601 = CARTESIAN_POINT ( 'NONE',  ( -1.563951475144348500E-017, -0.1277063293868266600, -0.1634374999999997900 ) ) ;
#602 = PLANE ( 'NONE',  #858 ) ;
#603 = CONICAL_SURFACE ( 'NONE', #2778, 0.2800000000000000300, 1.047197551196600500 ) ;
#604 = EDGE_LOOP ( 'NONE', ( #1722, #597, #1177 ) ) ;
#605 = CARTESIAN_POINT ( 'NONE',  ( 0.1078325761089716000, 0.06252480335810514700, 0.1083133035810977000 ) ) ;
#606 = VERTEX_POINT ( 'NONE', #261 ) ;
#607 = CARTESIAN_POINT ( 'NONE',  ( -0.1005626433581795100, 2.182449518641500500E-018, 0.04285891443543843300 ) ) ;
#608 = CARTESIAN_POINT ( 'NONE',  ( -0.03832471526136901200, 0.09252404735808419900, 0.08812500000000018900 ) ) ;
#609 = CARTESIAN_POINT ( 'NONE',  ( -0.1875000000000000600, -0.03650324937762108900, 0.2038284778323503600 ) ) ;
#610 = CARTESIAN_POINT ( 'NONE',  ( 0.0000000000000000000, 0.09252404735808418500, -0.1087499999999999000 ) ) ;
#611 = AXIS2_PLACEMENT_3D ( 'NONE', #647, #2138, #370 ) ;
#612 = CARTESIAN_POINT ( 'NONE',  ( -0.09374999999999997200, -0.1623797632095822800, 0.3899999999999999600 ) ) ;
#613 = CARTESIAN_POINT ( 'NONE',  ( 0.09252404735808419900, 0.03832471526136902600, -0.3743749999999998500 ) ) ;
#614 = CARTESIAN_POINT ( 'NONE',  ( -0.09030201150986801000, 0.09030201150986802400, -0.1321874999999997600 ) ) ;
#615 = DIRECTION ( 'NONE',  ( 0.0000000000000000000, 0.0000000000000000000, 1.000000000000000000 ) ) ;
#616 = ADVANCED_FACE ( 'NONE', ( #3660 ), #602, .T. ) ;
#617 = CARTESIAN_POINT ( 'NONE',  ( -0.06542438130972659500, -0.06542438130972659500, -0.2962499999999999000 ) ) ;
#618 = AXIS2_PLACEMENT_3D ( 'NONE', #2947, #1486, #338 ) ;
#619 = CARTESIAN_POINT ( 'NONE',  ( -0.1277063293868266600, -0.05289769363290934600, -0.3228124999999997800 ) ) ;
#620 = CARTESIAN_POINT ( 'NONE',  ( 0.1567764340177094100, 0.1259914345633955700, 0.3825620876900726100 ) ) ;
#621 = CARTESIAN_POINT ( 'NONE',  ( -0.09252404735808418500, -0.03832471526136901200, -0.2431249999999998700 ) ) ;
#622 = CARTESIAN_POINT ( 'NONE',  ( -0.02411491177740738400, -0.1011633436415357000, 0.05167530247101621800 ) ) ;
#623 = CARTESIAN_POINT ( 'NONE',  ( -0.09252404735808418500, 1.690227475583728000E-018, 0.04750000000000017400 ) ) ;
#624 = CARTESIAN_POINT ( 'NONE',  ( 0.0000000000000000000, -3.717939185210915300E-018, -0.3899999999999999600 ) ) ;
#625 =( BOUNDED_CURVE ( )  B_SPLINE_CURVE ( 2, ( #2017, #2611, #2895, #225, #524, #3177, #1143, #3512, #1442 ),
 .UNSPECIFIED., .F., .F. ) 
 B_SPLINE_CURVE_WITH_KNOTS ( ( 3, 2, 2, 2, 3 ),
 ( 0.3269230769230769300, 0.3365384615384615600, 0.3461538461538461500, 0.3557692307692308400, 0.3653846153846154200 ),
 .UNSPECIFIED. ) 
 CURVE ( )  GEOMETRIC_REPRESENTATION_ITEM ( )  RATIONAL_B_SPLINE_CURVE ( ( 1.000000000000000000, 0.9238795325112867400, 1.000000000000000000, 0.9238795325112867400, 1.000000000000000000, 0.9238795325112867400, 1.000000000000000000, 0.9238795325112862900, 1.000000000000000400 ) ) 
 REPRESENTATION_ITEM ( '' )  );
#626 = CARTESIAN_POINT ( 'NONE',  ( -0.09252404735808419900, -0.03832471526136901200, -0.04312499999999989300 ) ) ;
#627 = CARTESIAN_POINT ( 'NONE',  ( 0.03072356598229056600, -0.1987680918557689400, 0.3825620876900725500 ) ) ;
#628 = CARTESIAN_POINT ( 'NONE',  ( -0.08719916971397546900, 0.07366323676869428200, 0.07953993381923958600 ) ) ;
#629 = CARTESIAN_POINT ( 'NONE',  ( 0.05289769363290944300, 0.1277063293868266300, -0.1915624999999998000 ) ) ;
#630 = B_SPLINE_CURVE_WITH_KNOTS ( 'NONE', 3,
 ( #1134, #1407, #3449, #503, #2272, #3794, #2288, #2002, #228, #2309, #2604, #1094, #3205, #543, #1147, #218, #2566, #2593, #2615, #1431, #1698, #793, #2872, #3503, #805, #1380, #191, #1734, #241, #3169, #840, #1394 ),
 .UNSPECIFIED., .F., .F.,
 ( 4, 2, 2, 2, 2, 2, 2, 2, 2, 2, 2, 2, 2, 2, 2, 4 ),
 ( 0.002466344178957048100, 0.003059732183757523400, 0.003653120188557999200, 0.004839896198158950000, 0.005433284202959425300, 0.006026672207759899800, 0.006620060212560374300, 0.007213448217360850600, 0.007806836222161325100, 0.008400224226961801300, 0.008993612231762275800, 0.009587000236562752100, 0.01018038824136322800, 0.01077377624616370300, 0.01136716425096417700, 0.01196055225576465400 ),
 .UNSPECIFIED. ) ;
#631 = CARTESIAN_POINT ( 'NONE',  ( 0.1250000000000001400, -2.693736393049096200E-017, 0.04750000000000011900 ) ) ;
#632 = CARTESIAN_POINT ( 'NONE',  ( 0.09252404735808418500, -2.097162821266345400E-017, -0.1274999999999998400 ) ) ;
#633 = CARTESIAN_POINT ( 'NONE',  ( -0.1277063293868266600, 3.844520929243675400E-018, -0.3259374999999997700 ) ) ;
#634 = CARTESIAN_POINT ( 'NONE',  ( -1.133092784412359400E-017, -0.09252404735808419900, -0.1337499999999998700 ) ) ;
#635 = EDGE_CURVE ( 'NONE', #456, #2911, #1569, .T. ) ;
#636 = EDGE_LOOP ( 'NONE', ( #2623, #2404, #2095, #3658, #2425, #3296, #145 ) ) ;
#637 = CARTESIAN_POINT ( 'NONE',  ( -0.09252404735808419900, 0.03832471526136901200, 0.1506250000000001200 ) ) ;
#638 = CONICAL_SURFACE ( 'NONE', #1139, 0.1874999999999999700, 1.047197551196600100 ) ;
#639 = CARTESIAN_POINT ( 'NONE',  ( 0.0000000000000000000, 0.09252404735808418500, 0.08500000000000018700 ) ) ;
#640 = CARTESIAN_POINT ( 'NONE',  ( 0.03832471526136907400, 0.09252404735808419900, 0.03812500000000016600 ) ) ;
#641 = DIRECTION ( 'NONE',  ( 0.0000000000000000000, 0.0000000000000000000, 1.000000000000000000 ) ) ;
#642 = CARTESIAN_POINT ( 'NONE',  ( 0.09252404735808419900, -0.03832471526136906100, -0.1806249999999999000 ) ) ;
#643 = ORIENTED_EDGE ( 'NONE', *, *, #251, .F. ) ;
#644 = ORIENTED_EDGE ( 'NONE', *, *, #1885, .T. ) ;
#645 = DIRECTION ( 'NONE',  ( -1.000000000000000000, 0.0000000000000000000, 0.0000000000000000000 ) ) ;
#646 = CARTESIAN_POINT ( 'NONE',  ( -0.1277063293868266600, -0.05289769363290934600, 0.02718750000000021500 ) ) ;
#647 = CARTESIAN_POINT ( 'NONE',  ( 0.0000000000000000000, 0.0000000000000000000, 0.3899999999999999600 ) ) ;
#648 = CARTESIAN_POINT ( 'NONE',  ( -0.09252404735808418500, 1.690227475583728000E-018, -0.3024999999999998200 ) ) ;
#649 = ORIENTED_EDGE ( 'NONE', *, *, #1707, .T. ) ;
#650 = CARTESIAN_POINT ( 'NONE',  ( 0.09252404735808419900, -2.097162821266345700E-017, -0.1212499999999998700 ) ) ;
#651 = ADVANCED_FACE ( 'NONE', ( #2124 ), #2495, .T. ) ;
#652 = VECTOR ( 'NONE', #3057, 39.37007874015748100 ) ;
#653 = ORIENTED_EDGE ( 'NONE', *, *, #2228, .T. ) ;
#654 = CARTESIAN_POINT ( 'NONE',  ( 0.03832471526136906800, 0.09252404735808419900, 0.1381250000000001400 ) ) ;
#655 = CARTESIAN_POINT ( 'NONE',  ( 0.03832471526136898400, -0.09252404735808419900, 0.1631250000000001900 ) ) ;
#656 = VECTOR ( 'NONE', #1349, 39.37007874015748100 ) ;
#657 = CARTESIAN_POINT ( 'NONE',  ( -0.09252404735808419900, 0.03832471526136901900, 0.2006250000000001400 ) ) ;
#658 = CARTESIAN_POINT ( 'NONE',  ( -0.1781250000000000300, 2.181402110981223500E-017, 0.3899999999999999600 ) ) ;
#659 = CARTESIAN_POINT ( 'NONE',  ( 0.1250000000000001400, -2.693736393049096200E-017, -0.2024999999999999300 ) ) ;
#660 = CARTESIAN_POINT ( 'NONE',  ( -0.1277063293868266600, 0.05289769363290935900, 0.02093750000000024800 ) ) ;
#662 = ORIENTED_EDGE ( 'NONE', *, *, #525, .T. ) ;
#661 = B_SPLINE_CURVE_WITH_KNOTS ( 'NONE', 3,
 ( #683, #970, #2146, #1326, #393, #2756 ),
 .UNSPECIFIED., .F., .F.,
 ( 4, 2, 4 ),
 ( 0.01886018456768853000, 0.02025110089490230600, 0.02164201722211608200 ),
 .UNSPECIFIED. ) ;
#663 = DIRECTION ( 'NONE',  ( 0.0000000000000000000, 0.0000000000000000000, -1.000000000000000000 ) ) ;
#664 = ADVANCED_FACE ( 'NONE', ( #2072 ), #2027, .T. ) ;
#665 = CARTESIAN_POINT ( 'NONE',  ( -0.06542438130972659500, 0.06542438130972659500, -0.1587499999999998400 ) ) ;
#666 = DATE_AND_TIME ( #3637, #890 ) ;
#667 = EDGE_CURVE ( 'NONE', #1024, #462, #1960, .T. ) ;
#668 = CARTESIAN_POINT ( 'NONE',  ( 0.09252404735808418500, -0.03832471526136907400, -0.2243749999999998800 ) ) ;
#669 = CARTESIAN_POINT ( 'NONE',  ( -0.06542438130972659500, 0.06542438130972659500, 0.04750000000000010500 ) ) ;
#670 = CARTESIAN_POINT ( 'NONE',  ( -0.09252404735808419900, -0.03832471526136901200, 0.1506250000000002000 ) ) ;
#671 = CARTESIAN_POINT ( 'NONE',  ( -0.09252404735808419900, 0.03832471526136901900, 0.05062500000000017700 ) ) ;
#672 = AXIS2_PLACEMENT_3D ( 'NONE', #2239, #473, #1978 ) ;
#673 = DIRECTION ( 'NONE',  ( -0.0000000000000000000, -0.0000000000000000000, 1.000000000000000000 ) ) ;
#674 = CARTESIAN_POINT ( 'NONE',  ( -0.05896694613290761500, 0.09685607000316215400, 0.07746842731450709300 ) ) ;
#675 = CARTESIAN_POINT ( 'NONE',  ( 0.1277063293868266600, 0.05289769363290938000, -0.09781249999999980200 ) ) ;
#676 = DIRECTION ( 'NONE',  ( 1.000000000000000000, 0.0000000000000000000, 0.0000000000000000000 ) ) ;
#677 = CARTESIAN_POINT ( 'NONE',  ( 0.09252404735808419900, 0.03832471526136902600, -0.2243749999999998200 ) ) ;
#678 = CARTESIAN_POINT ( 'NONE',  ( 0.06542438130972662300, 0.06542438130972659500, -0.2149999999999998900 ) ) ;
#679 =( BOUNDED_CURVE ( )  B_SPLINE_CURVE ( 2, ( #1598, #3086, #1908, #123, #3656, #3109, #687, #3074, #396 ),
 .UNSPECIFIED., .F., .T. ) 
 B_SPLINE_CURVE_WITH_KNOTS ( ( 3, 2, 2, 2, 3 ),
 ( 0.7500000000000000000, 0.7596153846153845800, 0.7692307692307693800, 0.7788461538461539700, 0.7884615384615385500 ),
 .UNSPECIFIED. ) 
 CURVE ( )  GEOMETRIC_REPRESENTATION_ITEM ( )  RATIONAL_B_SPLINE_CURVE ( ( 1.000000000000000000, 0.9238795325112867400, 1.000000000000000000, 0.9238795325112867400, 1.000000000000000000, 0.9238795325112867400, 1.000000000000000000, 0.9238795325112858500, 1.000000000000000900 ) ) 
 REPRESENTATION_ITEM ( '' )  );
#680 = CARTESIAN_POINT ( 'NONE',  ( 0.0000000000000000000, 0.09252404735808418500, 0.1912500000000001100 ) ) ;
#681 = CARTESIAN_POINT ( 'NONE',  ( 0.05289769363290933200, -0.1277063293868267200, -0.4071874999999999200 ) ) ;
#682 = CARTESIAN_POINT ( 'NONE',  ( -0.06542438130972660900, -0.06542438130972659500, 0.1100000000000001300 ) ) ;
#683 = CARTESIAN_POINT ( 'NONE',  ( 0.1874999999999999700, 0.0000000000000000000, 0.3899999999999999600 ) ) ;
#684 = CARTESIAN_POINT ( 'NONE',  ( 0.09481120544729583500, 0.05645560341232217600, 0.06708218567918444700 ) ) ;
#685 = CARTESIAN_POINT ( 'NONE',  ( 0.1277063293868266600, 0.05289769363290938000, 0.002187500000000207500 ) ) ;
#686 = B_SPLINE_CURVE_WITH_KNOTS ( 'NONE', 3,
 ( #2391, #2971, #2351, #2031, #2085, #292 ),
 .UNSPECIFIED., .F., .F.,
 ( 4, 2, 4 ),
 ( 0.005056000291736354400, 0.006447556008060743200, 0.007839111724385131000 ),
 .UNSPECIFIED. ) ;
#687 = CARTESIAN_POINT ( 'NONE',  ( -0.08838834764831853000, 0.08838834764831854400, 0.07250000000000016200 ) ) ;
#688 = VERTEX_POINT ( 'NONE', #289 ) ;
#689 = CARTESIAN_POINT ( 'NONE',  ( 0.03832471526136898400, -0.09252404735808419900, -0.03687499999999986600 ) ) ;
#690 = EDGE_LOOP ( 'NONE', ( #3624, #3073, #662, #3191, #214 ) ) ;
#691 = CARTESIAN_POINT ( 'NONE',  ( 0.0000000000000000000, 0.09252404735808419900, -0.05874999999999988600 ) ) ;
#692 = VECTOR ( 'NONE', #2219, 39.37007874015748900 ) ;
#693 = CARTESIAN_POINT ( 'NONE',  ( -0.09252404735808418500, 1.690227475583728000E-018, 0.1037500000000001600 ) ) ;
#694 = CARTESIAN_POINT ( 'NONE',  ( -0.06542438130972659500, -0.06542438130972659500, 0.2037500000000001800 ) ) ;
#695 = VERTEX_POINT ( 'NONE', #3264 ) ;
#696 = CARTESIAN_POINT ( 'NONE',  ( 0.06542438130972659500, -0.06542438130972662300, 0.1725000000000001500 ) ) ;
#697 = CARTESIAN_POINT ( 'NONE',  ( 0.1076567598945594600, 0.01459217399111632800, 0.06437522138701992600 ) ) ;
#698 = AXIS2_PLACEMENT_3D ( 'NONE', #538, #3474, #1694 ) ;
#699 = CARTESIAN_POINT ( 'NONE',  ( 0.1277063293868266600, -2.743450857364329300E-017, 0.04906250000000023800 ) ) ;
#700 = CARTESIAN_POINT ( 'NONE',  ( 0.0000000000000000000, 0.0000000000000000000, 0.3759999999999999500 ) ) ;
#701 = CARTESIAN_POINT ( 'NONE',  ( -0.09252404735808419900, -0.03832471526136901200, 0.0006250000000001470300 ) ) ;
#702 = LINE ( 'NONE', #3399, #3156 ) ;
#703 = ORIENTED_EDGE ( 'NONE', *, *, #44, .T. ) ;
#704 = CARTESIAN_POINT ( 'NONE',  ( -0.09252404735808419900, 0.03832471526136901200, -0.3556249999999998000 ) ) ;
#705 = CARTESIAN_POINT ( 'NONE',  ( -0.1277063293868266600, 3.844520929243675400E-018, -0.4228124999999999800 ) ) ;
#706 = CARTESIAN_POINT ( 'NONE',  ( 0.08894538061674497900, -0.02620407584979983100, 0.02077305344105826200 ) ) ;
#707 = CARTESIAN_POINT ( 'NONE',  ( -0.06313503881365056800, -0.1006031060591454100, -0.3593100175377755800 ) ) ;
#708 = VERTEX_POINT ( 'NONE', #1203 ) ;
#709 = CARTESIAN_POINT ( 'NONE',  ( 0.0000000000000000000, 0.1250000000000001400, -0.1837499999999998600 ) ) ;
#710 = CARTESIAN_POINT ( 'NONE',  ( 0.1277063293868266600, 0.05289769363290938000, 0.2021875000000002700 ) ) ;
#711 = B_SPLINE_CURVE_WITH_KNOTS ( 'NONE', 3,
 ( #903, #280, #2046, #2662, #2365, #848, #1771, #864 ),
 .UNSPECIFIED., .F., .F.,
 ( 4, 2, 2, 4 ),
 ( 0.002782414345151442600, 0.003475358748974703000, 0.004168303152797963500, 0.005554191960444483500 ),
 .UNSPECIFIED. ) ;
#712 = DIRECTION ( 'NONE',  ( 0.0000000000000000000, 0.0000000000000000000, 1.000000000000000000 ) ) ;
#713 = CARTESIAN_POINT ( 'NONE',  ( 0.06542438130972659500, -0.06542438130972660900, 0.06625000000000014200 ) ) ;
#714 = CARTESIAN_POINT ( 'NONE',  ( -0.09252404735808419900, -0.03832471526136901200, -0.3993749999999998700 ) ) ;
#715 = CARTESIAN_POINT ( 'NONE',  ( -0.1277063293868266600, 0.05289769363290935900, -0.2259374999999999900 ) ) ;
#716 = CARTESIAN_POINT ( 'NONE',  ( 0.05467387191482778200, -0.07489126820958971800, 0.02077305344105832100 ) ) ;
#717 = AXIS2_PLACEMENT_3D ( 'NONE', #2663, #304, #1435 ) ;
#718 = CARTESIAN_POINT ( 'NONE',  ( 0.05177669529663703200, 0.1250000000000001100, -0.3368749999999998700 ) ) ;
#719 = CARTESIAN_POINT ( 'NONE',  ( 0.1249999999999998800, 0.05177669529663719800, -0.2931249999999998000 ) ) ;
#720 = CARTESIAN_POINT ( 'NONE',  ( 0.08838834764831854400, 0.08838834764831853000, -0.1899999999999998600 ) ) ;
#721 = CARTESIAN_POINT ( 'NONE',  ( -0.03832471526136901900, -0.09252404735808419900, -0.1931249999999998500 ) ) ;
#722 = CARTESIAN_POINT ( 'NONE',  ( 0.1277063293868266600, -2.743450857364329300E-017, 0.1490625000000002600 ) ) ;
#723 = CARTESIAN_POINT ( 'NONE',  ( 0.1250000000000001400, -3.717939185210915300E-018, 0.3899999999999999600 ) ) ;
#724 = CARTESIAN_POINT ( 'NONE',  ( 0.0000000000000000000, 0.0000000000000000000, 0.3899999999999999600 ) ) ;
#725 = CARTESIAN_POINT ( 'NONE',  ( -0.09252404735808419900, -0.03832471526136901200, -0.09937499999999988000 ) ) ;
#726 = CARTESIAN_POINT ( 'NONE',  ( 0.0000000000000000000, 0.09252404735808418500, -0.4149999999999998700 ) ) ;
#727 = CARTESIAN_POINT ( 'NONE',  ( -0.1277063293868266600, 0.05289769363290935900, -0.1759374999999999400 ) ) ;
#728 = CARTESIAN_POINT ( 'NONE',  ( 0.07218184878184894000, -0.05819751361470865800, 0.02077305344105841500 ) ) ;
#729 = CARTESIAN_POINT ( 'NONE',  ( -0.03161500067840145000, -0.1160641109640904300, -0.3577837015040808400 ) ) ;
#730 = DIRECTION ( 'NONE',  ( -1.000000000000000000, 0.0000000000000000000, 0.0000000000000000000 ) ) ;
#731 = EDGE_LOOP ( 'NONE', ( #3484, #3365, #58, #1857, #3534, #1982 ) ) ;
#732 = CARTESIAN_POINT ( 'NONE',  ( 0.02192912073069379700, 0.09899538753633402300, 0.04454384586725924900 ) ) ;
#733 = CARTESIAN_POINT ( 'NONE',  ( -0.05289769363290934600, 0.1277063293868266600, 0.1646875000000002600 ) ) ;
#734 = CARTESIAN_POINT ( 'NONE',  ( 0.1250000000000001400, -2.693736393049096500E-017, 0.1037500000000002000 ) ) ;
#735 = EDGE_CURVE ( 'NONE', #1103, #1448, #3271, .T. ) ;
#736 = VERTEX_POINT ( 'NONE', #1738 ) ;
#737 = CARTESIAN_POINT ( 'NONE',  ( -1.133092784412359100E-017, -0.09252404735808418500, 0.2100000000000001600 ) ) ;
#738 = VERTEX_POINT ( 'NONE', #1176 ) ;
#739 = CARTESIAN_POINT ( 'NONE',  ( 0.09030201150986802400, 0.09030201150986798300, -0.1915624999999999400 ) ) ;
#740 = LINE ( 'NONE', #2833, #94 ) ;
#741 = CARTESIAN_POINT ( 'NONE',  ( -1.133092784412359100E-017, -0.09252404735808418500, -0.2899999999999998700 ) ) ;
#742 = CARTESIAN_POINT ( 'NONE',  ( 0.09760287143843574000, 0.006898989996240632900, -0.3798971285615644300 ) ) ;
#743 = ORIENTED_EDGE ( 'NONE', *, *, #482, .T. ) ;
#744 = CARTESIAN_POINT ( 'NONE',  ( 0.2548000000000000300, -3.717939185210915300E-018, 0.1099999999999999900 ) ) ;
#745 =( BOUNDED_SURFACE ( )  B_SPLINE_SURFACE ( 1, 2, ( 
 ( #2273, #841, #2037, #2310, #1135, #3462, #2021, #255, #1735, #3770, #3206, #202, #3479, #2925, #3182, #806, #1745, #817, #529, #3795, #242, #1699, #2938, #2327, #229, #2012, #1723, #3519, #2289, #1395, #558, #1124, #518, #2344, #2605, #1706, #1432, #3826, #2627, #1991, #1167, #853, #504, #2578, #2910, #2890, #1109, #1408, #3783, #2616, #2003, #2594, #219, #827, #2298, #3504, #2900, #3194, #1418, #3812, #544, #3492, #1148, #3216, #1446, #3848, #2657, #2948, #886, #2394, #2643, #1508, #2062, #1815, #270, #3252, #1211, #4, #286, #33, #898, #2089, #20, #2385, #1520, #871, #1489, #3591, #295, #1802, #2106, #2993, #3275, #2076, #3560, #2962, #610, #1778, #3533, #323, #3577, #2354, #571, #2683, #1761, #1789, #598, #308, #2408, #1185, #2978, #2368, #909, #2666, #3242, #1199, #1229, #626, #3260, #1472, #3546, #3835, #2697, #927, #3004, #3224, #1460, #2053, #582, #2661, #2632, #859, #407, #1158, #3283, #2455, #336, #1851, #1840, #348, #1588, #59, #1550, #2470, #1563, #3042, #669, #2753, #2420, #3661, #980, #966, #2734, #2443, #389, #944, #2115, #1298, #69, #1263, #3065, #1277, #2435, #1864, #693, #2763, #2706, #1888, #993, #3019, #3302, #3639, #3611, #1250, #2130, #654, #3342, #3351, #3313, #637, #3327, #2717, #377, #1605, #954, #3032, #1575, #78, #3627, #2143, #2154, #360, #680, #3053, #1288, #3650, #1877, #92, #2163, #3676, #3390, #2479, #2489, #3686, #1012, #1899, #1634, #1622, #427 ),
 ( #726, #413, #127, #3696, #1025, #714, #3374, #2790, #3089, #1002, #2215, #3079, #1914, #2203, #1323, #2178, #1311, #398, #2503, #704, #115, #1923, #2805, #2193, #3100, #1333, #140, #105, #2773, #3360, #1613, #332, #25, #952, #3310, #963, #648, #3040, #617, #1848, #1259, #76, #3623, #2688, #66, #936, #3299, #2703, #1807, #1861, #2098, #1571, #3027, #3636, #1526, #1820, #3013, #2714, #2151, #1560, #1544, #677, #2139, #1272, #2987, #1514, #1836, #345, #371, #355, #1246, #2441, #900, #2415, #1221, #3607, #2450, #3265, #53, #3323, #918, #2125, #665, #3583, #314, #2399, #2431, #2998, #2731, #1234, #3282, #3595, #632, #39, #2112, #1922, #385, #3694, #1599, #2500, #2161, #725, #3336, #2749, #1632, #2202, #3647, #2786, #88, #1008, #977, #1286, #1308, #2174, #3062, #3088, #1896, #2465, #3358, #113, #1319, #689, #436, #1875, #397, #3657, #1612, #1886, #124, #2478, #3371, #137, #2804, #701, #2190, #1001, #3076, #2761, #2515, #990, #1621, #3685, #411, #3050, #1296, #1584, #1910, #3349, #101, #3387, #2488, #2769, #3670, #425, #713, #2212, #1021, #3096, #1332, #158, #3707, #769, #3143, #781, #474, #2858, #443, #1677, #1071, #3756, #3441, #2523, #3740, #758, #3134, #2531, #1646, #1689, #1933, #1384, #2846, #3452, #1354, #1655, #2835, #2541, #1981, #1372, #1365, #492, #1970, #1085, #2811, #1341, #1665, #171, #193, #184, #1057, #2263, #737, #2241, #1037, #3426, #2275, #3110, #3732, #3159, #750 ) ),
 .UNSPECIFIED., .F., .F., .F. ) 
 B_SPLINE_SURFACE_WITH_KNOTS ( ( 2, 2 ),
 ( 3, 2, 2, 2, 2, 2, 2, 2, 2, 2, 2, 2, 2, 2, 2, 2, 2, 2, 2, 2, 2, 2, 2, 2, 2, 2, 2, 2, 2, 2, 2, 2, 2, 2, 2, 2, 2, 2, 2, 2, 2, 2, 2, 2, 2, 2, 2, 2, 2, 2, 2, 2, 2, 2, 2, 2, 2, 2, 2, 2, 2, 2, 2, 2, 2, 2, 2, 2, 2, 2, 2, 2, 2, 2, 2, 2, 2, 2, 2, 2, 2, 2, 2, 2, 2, 2, 2, 2, 2, 2, 2, 2, 2, 2, 2, 2, 2, 2, 2, 2, 2, 2, 2, 2, 3 ),
 ( 0.0000000000000000000, 1.000000000000000000 ),
 ( 0.0000000000000000000, 0.009615384615384615900, 0.01923076923076923200, 0.02884615384615384800, 0.03846153846153846400, 0.04807692307692308000, 0.05769230769230769600, 0.06730769230769230400, 0.07692307692307692700, 0.08653846153846153600, 0.09615384615384615900, 0.1057692307692307700, 0.1153846153846153900, 0.1250000000000000000, 0.1346153846153846100, 0.1442307692307692200, 0.1538461538461538500, 0.1634615384615384600, 0.1730769230769230700, 0.1826923076923076800, 0.1923076923076923200, 0.2019230769230769300, 0.2115384615384615400, 0.2211538461538461500, 0.2307692307692307800, 0.2403846153846153900, 0.2500000000000000000, 0.2596153846153846400, 0.2692307692307692200, 0.2788461538461538500, 0.2884615384615384400, 0.2980769230769230700, 0.3076923076923077100, 0.3173076923076922900, 0.3269230769230769300, 0.3365384615384615600, 0.3461538461538461500, 0.3557692307692307800, 0.3653846153846153600, 0.3750000000000000000, 0.3846153846153846400, 0.3942307692307692200, 0.4038461538461538500, 0.4134615384615384400, 0.4230769230769230700, 0.4326923076923077100, 0.4423076923076922900, 0.4519230769230769300, 0.4615384615384615600, 0.4711538461538461500, 0.4807692307692307800, 0.4903846153846153600, 0.5000000000000000000, 0.5096153846153845800, 0.5192307692307692700, 0.5288461538461538500, 0.5384615384615384400, 0.5480769230769231300, 0.5576923076923077100, 0.5673076923076922900, 0.5769230769230768700, 0.5865384615384615600, 0.5961538461538461500, 0.6057692307692307300, 0.6153846153846154200, 0.6250000000000000000, 0.6346153846153845800, 0.6442307692307692700, 0.6538461538461538500, 0.6634615384615384400, 0.6730769230769231300, 0.6826923076923077100, 0.6923076923076922900, 0.7019230769230768700, 0.7115384615384615600, 0.7211538461538461500, 0.7307692307692307300, 0.7403846153846154200, 0.7500000000000000000, 0.7596153846153845800, 0.7692307692307692700, 0.7788461538461538500, 0.7884615384615384400, 0.7980769230769231300, 0.8076923076923077100, 0.8173076923076922900, 0.8269230769230768700, 0.8365384615384615600, 0.8461538461538461500, 0.8557692307692307300, 0.8653846153846154200, 0.8750000000000000000, 0.8846153846153845800, 0.8942307692307692700, 0.9038461538461538500, 0.9134615384615384400, 0.9230769230769231300, 0.9326923076923077100, 0.9423076923076922900, 0.9519230769230768700, 0.9615384615384615600, 0.9711538461538461500, 0.9807692307692307300, 0.9903846153846154200, 1.000000000000000000 ),
 .UNSPECIFIED. ) 
 GEOMETRIC_REPRESENTATION_ITEM ( )  RATIONAL_B_SPLINE_SURFACE ( (
 ( 1.000000000000000000, 0.9238795325112867400, 1.000000000000000000, 0.9238795325112867400, 1.000000000000000000, 0.9238795325112867400, 1.000000000000000000, 0.9238795325112867400, 1.000000000000000000, 0.9238795325112867400, 1.000000000000000000, 0.9238795325112867400, 1.000000000000000000, 0.9238795325112867400, 1.000000000000000000, 0.9238795325112867400, 1.000000000000000000, 0.9238795325112867400, 1.000000000000000000, 0.9238795325112867400, 1.000000000000000000, 0.9238795325112867400, 1.000000000000000000, 0.9238795325112867400, 1.000000000000000000, 0.9238795325112867400, 1.000000000000000000, 0.9238795325112867400, 1.000000000000000000, 0.9238795325112867400, 1.000000000000000000, 0.9238795325112867400, 1.000000000000000000, 0.9238795325112867400, 1.000000000000000000, 0.9238795325112867400, 1.000000000000000000, 0.9238795325112867400, 1.000000000000000000, 0.9238795325112867400, 1.000000000000000000, 0.9238795325112867400, 1.000000000000000000, 0.9238795325112867400, 1.000000000000000000, 0.9238795325112867400, 1.000000000000000000, 0.9238795325112867400, 1.000000000000000000, 0.9238795325112867400, 1.000000000000000000, 0.9238795325112867400, 1.000000000000000000, 0.9238795325112867400, 1.000000000000000000, 0.9238795325112867400, 1.000000000000000000, 0.9238795325112867400, 1.000000000000000000, 0.9238795325112867400, 1.000000000000000000, 0.9238795325112867400, 1.000000000000000000, 0.9238795325112867400, 1.000000000000000000, 0.9238795325112867400, 1.000000000000000000, 0.9238795325112867400, 1.000000000000000000, 0.9238795325112867400, 1.000000000000000000, 0.9238795325112867400, 1.000000000000000000, 0.9238795325112867400, 1.000000000000000000, 0.9238795325112867400, 1.000000000000000000, 0.9238795325112867400, 1.000000000000000000, 0.9238795325112867400, 1.000000000000000000, 0.9238795325112867400, 1.000000000000000000, 0.9238795325112867400, 1.000000000000000000, 0.9238795325112867400, 1.000000000000000000, 0.9238795325112867400, 1.000000000000000000, 0.9238795325112867400, 1.000000000000000000, 0.9238795325112867400, 1.000000000000000000, 0.9238795325112867400, 1.000000000000000000, 0.9238795325112867400, 1.000000000000000000, 0.9238795325112867400, 1.000000000000000000, 0.9238795325112867400, 1.000000000000000000, 0.9238795325112867400, 1.000000000000000000, 0.9238795325112867400, 1.000000000000000000, 0.9238795325112867400, 1.000000000000000000, 0.9238795325112867400, 1.000000000000000000, 0.9238795325112867400, 1.000000000000000000, 0.9238795325112867400, 1.000000000000000000, 0.9238795325112867400, 1.000000000000000000, 0.9238795325112867400, 1.000000000000000000, 0.9238795325112867400, 1.000000000000000000, 0.9238795325112867400, 1.000000000000000000, 0.9238795325112867400, 1.000000000000000000, 0.9238795325112867400, 1.000000000000000000, 0.9238795325112867400, 1.000000000000000000, 0.9238795325112867400, 1.000000000000000000, 0.9238795325112867400, 1.000000000000000000, 0.9238795325112867400, 1.000000000000000000, 0.9238795325112867400, 1.000000000000000000, 0.9238795325112867400, 1.000000000000000000, 0.9238795325112867400, 1.000000000000000000, 0.9238795325112867400, 1.000000000000000000, 0.9238795325112867400, 1.000000000000000000, 0.9238795325112867400, 1.000000000000000000, 0.9238795325112867400, 1.000000000000000000, 0.9238795325112867400, 1.000000000000000000, 0.9238795325112867400, 1.000000000000000000, 0.9238795325112867400, 1.000000000000000000, 0.9238795325112867400, 1.000000000000000000, 0.9238795325112867400, 1.000000000000000000, 0.9238795325112867400, 1.000000000000000000, 0.9238795325112867400, 1.000000000000000000, 0.9238795325112867400, 1.000000000000000000, 0.9238795325112867400, 1.000000000000000000, 0.9238795325112867400, 1.000000000000000000, 0.9238795325112867400, 1.000000000000000000, 0.9238795325112867400, 1.000000000000000000, 0.9238795325112867400, 1.000000000000000000, 0.9238795325112867400, 1.000000000000000000, 0.9238795325112867400, 1.000000000000000000, 0.9238795325112867400, 1.000000000000000000, 0.9238795325112867400, 1.000000000000000000, 0.9238795325112867400, 1.000000000000000000, 0.9238795325112867400, 1.000000000000000000, 0.9238795325112867400, 1.000000000000000000, 0.9238795325112867400, 1.000000000000000000, 0.9238795325112867400, 1.000000000000000000, 0.9238795325112867400, 1.000000000000000000, 0.9238795325112867400, 1.000000000000000000, 0.9238795325112867400, 1.000000000000000000, 0.9238795325112867400, 1.000000000000000000, 0.9238795325112867400, 1.000000000000000000, 0.9238795325112867400, 1.000000000000000000, 0.9238795325112867400, 1.000000000000000000, 0.9238795325112867400, 1.000000000000000000, 0.9238795325112867400, 1.000000000000000000),
 ( 1.000000000000000000, 0.9238795325112867400, 1.000000000000000000, 0.9238795325112867400, 1.000000000000000000, 0.9238795325112867400, 1.000000000000000000, 0.9238795325112867400, 1.000000000000000000, 0.9238795325112867400, 1.000000000000000000, 0.9238795325112867400, 1.000000000000000000, 0.9238795325112867400, 1.000000000000000000, 0.9238795325112867400, 1.000000000000000000, 0.9238795325112867400, 1.000000000000000000, 0.9238795325112867400, 1.000000000000000000, 0.9238795325112867400, 1.000000000000000000, 0.9238795325112867400, 1.000000000000000000, 0.9238795325112867400, 1.000000000000000000, 0.9238795325112867400, 1.000000000000000000, 0.9238795325112867400, 1.000000000000000000, 0.9238795325112867400, 1.000000000000000000, 0.9238795325112867400, 1.000000000000000000, 0.9238795325112867400, 1.000000000000000000, 0.9238795325112867400, 1.000000000000000000, 0.9238795325112867400, 1.000000000000000000, 0.9238795325112867400, 1.000000000000000000, 0.9238795325112867400, 1.000000000000000000, 0.9238795325112867400, 1.000000000000000000, 0.9238795325112867400, 1.000000000000000000, 0.9238795325112867400, 1.000000000000000000, 0.9238795325112867400, 1.000000000000000000, 0.9238795325112867400, 1.000000000000000000, 0.9238795325112867400, 1.000000000000000000, 0.9238795325112867400, 1.000000000000000000, 0.9238795325112867400, 1.000000000000000000, 0.9238795325112867400, 1.000000000000000000, 0.9238795325112867400, 1.000000000000000000, 0.9238795325112867400, 1.000000000000000000, 0.9238795325112867400, 1.000000000000000000, 0.9238795325112867400, 1.000000000000000000, 0.9238795325112867400, 1.000000000000000000, 0.9238795325112867400, 1.000000000000000000, 0.9238795325112867400, 1.000000000000000000, 0.9238795325112867400, 1.000000000000000000, 0.9238795325112867400, 1.000000000000000000, 0.9238795325112867400, 1.000000000000000000, 0.9238795325112867400, 1.000000000000000000, 0.9238795325112867400, 1.000000000000000000, 0.9238795325112867400, 1.000000000000000000, 0.9238795325112867400, 1.000000000000000000, 0.9238795325112867400, 1.000000000000000000, 0.9238795325112867400, 1.000000000000000000, 0.9238795325112867400, 1.000000000000000000, 0.9238795325112867400, 1.000000000000000000, 0.9238795325112867400, 1.000000000000000000, 0.9238795325112867400, 1.000000000000000000, 0.9238795325112867400, 1.000000000000000000, 0.9238795325112867400, 1.000000000000000000, 0.9238795325112867400, 1.000000000000000000, 0.9238795325112867400, 1.000000000000000000, 0.9238795325112867400, 1.000000000000000000, 0.9238795325112867400, 1.000000000000000000, 0.9238795325112867400, 1.000000000000000000, 0.9238795325112867400, 1.000000000000000000, 0.9238795325112867400, 1.000000000000000000, 0.9238795325112867400, 1.000000000000000000, 0.9238795325112867400, 1.000000000000000000, 0.9238795325112867400, 1.000000000000000000, 0.9238795325112867400, 1.000000000000000000, 0.9238795325112867400, 1.000000000000000000, 0.9238795325112867400, 1.000000000000000000, 0.9238795325112867400, 1.000000000000000000, 0.9238795325112867400, 1.000000000000000000, 0.9238795325112867400, 1.000000000000000000, 0.9238795325112867400, 1.000000000000000000, 0.9238795325112867400, 1.000000000000000000, 0.9238795325112867400, 1.000000000000000000, 0.9238795325112867400, 1.000000000000000000, 0.9238795325112867400, 1.000000000000000000, 0.9238795325112867400, 1.000000000000000000, 0.9238795325112867400, 1.000000000000000000, 0.9238795325112867400, 1.000000000000000000, 0.9238795325112867400, 1.000000000000000000, 0.9238795325112867400, 1.000000000000000000, 0.9238795325112867400, 1.000000000000000000, 0.9238795325112867400, 1.000000000000000000, 0.9238795325112867400, 1.000000000000000000, 0.9238795325112867400, 1.000000000000000000, 0.9238795325112867400, 1.000000000000000000, 0.9238795325112867400, 1.000000000000000000, 0.9238795325112867400, 1.000000000000000000, 0.9238795325112867400, 1.000000000000000000, 0.9238795325112867400, 1.000000000000000000, 0.9238795325112867400, 1.000000000000000000, 0.9238795325112867400, 1.000000000000000000, 0.9238795325112867400, 1.000000000000000000, 0.9238795325112867400, 1.000000000000000000, 0.9238795325112867400, 1.000000000000000000, 0.9238795325112867400, 1.000000000000000000, 0.9238795325112867400, 1.000000000000000000, 0.9238795325112867400, 1.000000000000000000, 0.9238795325112867400, 1.000000000000000000, 0.9238795325112867400, 1.000000000000000000, 0.9238795325112867400, 1.000000000000000000, 0.9238795325112867400, 1.000000000000000000, 0.9238795325112867400, 1.000000000000000000, 0.9238795325112867400, 1.000000000000000000, 0.9238795325112867400, 1.000000000000000000, 0.9238795325112867400, 1.000000000000000000) ) ) 
 REPRESENTATION_ITEM ( '' )  SURFACE ( )  );
#746 = LINE ( 'NONE', #959, #2041 ) ;
#747 = CARTESIAN_POINT ( 'NONE',  ( -0.09252404735808419900, -0.03832471526136901200, -0.3931249999999999500 ) ) ;
#748 = CARTESIAN_POINT ( 'NONE',  ( -1.530808498934193400E-017, -0.1250000000000001400, 0.08500000000000011700 ) ) ;
#749 = CARTESIAN_POINT ( 'NONE',  ( -0.1250000000000001400, -0.05177669529663693500, -0.2681249999999998400 ) ) ;
#750 = CARTESIAN_POINT ( 'NONE',  ( 0.0000000000000000000, 0.09252404735808418500, 0.2350000000000001500 ) ) ;
#751 = VERTEX_POINT ( 'NONE', #588 ) ;
#752 = LENGTH_MEASURE_WITH_UNIT ( LENGTH_MEASURE( 0.02539999999999999900 ), #1337 );
#753 = CARTESIAN_POINT ( 'NONE',  ( 0.05289769363290944300, 0.1277063293868266300, -0.2384374999999999700 ) ) ;
#754 = CARTESIAN_POINT ( 'NONE',  ( 0.02105547202967723200, 0.1022691207016280900, -0.3733137261293212900 ) ) ;
#755 = EDGE_CURVE ( 'NONE', #3530, #1668, #339, .T. ) ;
#756 = DIRECTION ( 'NONE',  ( 1.000000000000000000, 0.0000000000000000000, 0.0000000000000000000 ) ) ;
#757 = CARTESIAN_POINT ( 'NONE',  ( -0.1277063293868266600, -0.05289769363290934600, 0.1771875000000002800 ) ) ;
#758 = CARTESIAN_POINT ( 'NONE',  ( 0.09252404735808419900, 0.03832471526136902600, 0.1256250000000001800 ) ) ;
#759 = CARTESIAN_POINT ( 'NONE',  ( 0.08838834764831853000, -0.08838834764831854400, 0.04750000000000016700 ) ) ;
#760 = EDGE_CURVE ( 'NONE', #2558, #2218, #534, .T. ) ;
#761 = CARTESIAN_POINT ( 'NONE',  ( 0.05289769363290933200, -0.1277063293868267200, -0.3071874999999999500 ) ) ;
#762 = CARTESIAN_POINT ( 'NONE',  ( 0.03832471526136898400, -0.09252404735808418500, -0.1368749999999998600 ) ) ;
#763 = CC_DESIGN_PERSON_AND_ORGANIZATION_ASSIGNMENT ( #102, #2285, ( #3806 ) ) ;
#764 = CARTESIAN_POINT ( 'NONE',  ( -0.1128227022814136100, 0.006864723733497772600, -0.3646772977185876500 ) ) ;
#765 = CARTESIAN_POINT ( 'NONE',  ( 0.06279607319480677600, -0.08732414553518413900, -0.3702319206244175100 ) ) ;
#766 = CARTESIAN_POINT ( 'NONE',  ( 0.1250000000000005800, 0.05177669529663651200, -0.1493749999999999500 ) ) ;
#767 = CARTESIAN_POINT ( 'NONE',  ( 0.03832471526136899800, -0.09252404735808421300, -0.3806249999999999400 ) ) ;
#768 = CARTESIAN_POINT ( 'NONE',  ( -0.1250000000000001400, 3.678806048192898800E-018, -0.02749999999999990000 ) ) ;
#769 = CARTESIAN_POINT ( 'NONE',  ( -0.03832471526136901200, 0.09252404735808419900, 0.08812500000000018900 ) ) ;
#770 = ORIENTED_EDGE ( 'NONE', *, *, #135, .T. ) ;
#771 = ORIENTED_EDGE ( 'NONE', *, *, #505, .T. ) ;
#772 = CARTESIAN_POINT ( 'NONE',  ( -0.05289769363290934600, 0.1277063293868266600, -0.08218749999999998300 ) ) ;
#773 = VECTOR ( 'NONE', #2498, 39.37007874015748100 ) ;
#774 = CARTESIAN_POINT ( 'NONE',  ( -0.09252404735808418500, -0.03832471526136900500, -0.2493749999999999000 ) ) ;
#775 = CARTESIAN_POINT ( 'NONE',  ( 0.01642345855167634200, -0.09743478725937437800, -0.3789968138920425900 ) ) ;
#776 = CARTESIAN_POINT ( 'NONE',  ( 0.1874999999999999400, -0.1082531754730547800, 0.1886580753730950400 ) ) ;
#777 = ORIENTED_EDGE ( 'NONE', *, *, #2715, .F. ) ;
#778 = CARTESIAN_POINT ( 'NONE',  ( 0.03832471526136907400, 0.09252404735808419900, -0.3618749999999998900 ) ) ;
#779 = DIRECTION ( 'NONE',  ( -0.0000000000000000000, -0.0000000000000000000, 1.000000000000000000 ) ) ;
#780 = EDGE_CURVE ( 'NONE', #51, #412, #329, .T. ) ;
#781 = CARTESIAN_POINT ( 'NONE',  ( -0.09252404735808419900, 0.03832471526136901200, 0.09437500000000013900 ) ) ;
#782 = CARTESIAN_POINT ( 'NONE',  ( 0.0000000000000000000, -3.717939185210915300E-018, 0.1351999999999999600 ) ) ;
#783 = AXIS2_PLACEMENT_3D ( 'NONE', #744, #3447, #3751 ) ;
#784 = CARTESIAN_POINT ( 'NONE',  ( -0.1277063293868266600, -0.05289769363290934600, -0.06968749999999995800 ) ) ;
#785 = CARTESIAN_POINT ( 'NONE',  ( 0.09113552841796770900, 0.08138529187780736700, 0.1015460869768697300 ) ) ;
#786 = CARTESIAN_POINT ( 'NONE',  ( 0.03832471526136898400, -0.09252404735808418500, -0.1868749999999998700 ) ) ;
#787 = DIRECTION ( 'NONE',  ( -0.0000000000000000000, -0.0000000000000000000, 1.000000000000000000 ) ) ;
#788 =( BOUNDED_CURVE ( )  B_SPLINE_CURVE ( 2, ( #2665, #897, #3215, #885, #1184, #3575, #1776, #1471, #1801 ),
 .UNSPECIFIED., .F., .F. ) 
 B_SPLINE_CURVE_WITH_KNOTS ( ( 3, 2, 2, 2, 3 ),
 ( 0.7884615384615385500, 0.7980769230769232400, 0.8076923076923078200, 0.8173076923076924000, 0.8269230769230769800 ),
 .UNSPECIFIED. ) 
 CURVE ( )  GEOMETRIC_REPRESENTATION_ITEM ( )  RATIONAL_B_SPLINE_CURVE ( ( 0.9999999999999991100, 0.9238795325112876300, 1.000000000000000000, 0.9238795325112867400, 1.000000000000000000, 0.9238795325112867400, 1.000000000000000000, 0.9238795325112858500, 1.000000000000000900 ) ) 
 REPRESENTATION_ITEM ( '' )  );
#789 = CALENDAR_DATE ( 2025, 25, 9 ) ;
#790 = ORIENTED_EDGE ( 'NONE', *, *, #3340, .F. ) ;
#791 = DIRECTION ( 'NONE',  ( 1.000000000000000000, 0.0000000000000000000, 0.0000000000000000000 ) ) ;
#792 = CARTESIAN_POINT ( 'NONE',  ( -0.03832471526136901900, 0.09252404735808419900, -0.2056249999999999200 ) ) ;
#793 = CARTESIAN_POINT ( 'NONE',  ( -0.06987517405925830500, -0.09520002086037232500, 0.09031353457826428500 ) ) ;
#794 = DATE_AND_TIME ( #1561, #2380 ) ;
#795 = DIRECTION ( 'NONE',  ( 1.000000000000000000, 0.0000000000000000000, 0.0000000000000000000 ) ) ;
#796 = ORIENTED_EDGE ( 'NONE', *, *, #181, .T. ) ;
#797 = CARTESIAN_POINT ( 'NONE',  ( -0.05177669529663694200, 0.1250000000000001400, -0.2868749999999999400 ) ) ;
#798 = CARTESIAN_POINT ( 'NONE',  ( -0.1277063293868266600, -0.05289769363290934600, -0.1196874999999999700 ) ) ;
#799 = DIRECTION ( 'NONE',  ( -0.0000000000000000000, -0.0000000000000000000, 1.000000000000000000 ) ) ;
#800 = CARTESIAN_POINT ( 'NONE',  ( 0.03832471526136906800, 0.09252404735808418500, -0.1681249999999998600 ) ) ;
#801 = CARTESIAN_POINT ( 'NONE',  ( 0.0000000000000000000, 0.0000000000000000000, 0.3759999999999999500 ) ) ;
#802 = EDGE_CURVE ( 'NONE', #972, #1013, #1424, .T. ) ;
#803 = CARTESIAN_POINT ( 'NONE',  ( 0.07391439986901317300, -0.05818965294886212900, 0.02410882357432951200 ) ) ;
#804 = CARTESIAN_POINT ( 'NONE',  ( 0.06542438130972662300, 0.06542438130972659500, -0.3649999999999999400 ) ) ;
#805 = CARTESIAN_POINT ( 'NONE',  ( -0.09198341737732952700, -0.07307648468440664000, 0.08861966745065602600 ) ) ;
#806 = CARTESIAN_POINT ( 'NONE',  ( 0.03832471526136906800, 0.09252404735808419900, -0.3618749999999998900 ) ) ;
#807 = CARTESIAN_POINT ( 'NONE',  ( 0.0000000000000000000, -3.717939185210915300E-018, 0.1099999999999999900 ) ) ;
#808 = CARTESIAN_POINT ( 'NONE',  ( 0.1250000000000003300, 0.05177669529663673400, 0.05062500000000008700 ) ) ;
#809 = CARTESIAN_POINT ( 'NONE',  ( -0.09030201150986802400, -0.09030201150986801000, -0.06656249999999991300 ) ) ;
#810 = CARTESIAN_POINT ( 'NONE',  ( 0.1140955562361284200, 0.03945287746369469800, 0.09751320655071717100 ) ) ;
#811 = CARTESIAN_POINT ( 'NONE',  ( 0.06542438130972660900, 0.06542438130972656800, -0.2212499999999998600 ) ) ;
#812 = AXIS2_PLACEMENT_3D ( 'NONE', #3166, #787, #1718 ) ;
#813 = CARTESIAN_POINT ( 'NONE',  ( 0.03992465152231188000, 0.08728464608448814600, 0.02970250072195438800 ) ) ;
#814 = CARTESIAN_POINT ( 'NONE',  ( -0.002865149974072207900, -0.1135970375094972100, 0.07810160517930762900 ) ) ;
#815 = CARTESIAN_POINT ( 'NONE',  ( -0.06542438130972660900, -0.06542438130972659500, -0.1399999999999998700 ) ) ;
#816 = CARTESIAN_POINT ( 'NONE',  ( 0.1250000000000001100, -0.05177669529663701800, -0.3056249999999999200 ) ) ;
#817 = CARTESIAN_POINT ( 'NONE',  ( -0.03832471526136901200, 0.09252404735808419900, -0.3556249999999999100 ) ) ;
#818 = VERTEX_POINT ( 'NONE', #3039 ) ;
#819 = ORIENTED_EDGE ( 'NONE', *, *, #3051, .F. ) ;
#820 = ORIENTED_EDGE ( 'NONE', *, *, #160, .T. ) ;
#821 = CARTESIAN_POINT ( 'NONE',  ( 0.1277063293868266600, -2.743450857364329300E-017, 0.002187500000000070500 ) ) ;
#822 = CARTESIAN_POINT ( 'NONE',  ( -0.06201559506975363300, 0.07671216636286563900, 0.03702769304499662500 ) ) ;
#823 = CARTESIAN_POINT ( 'NONE',  ( 0.07179162534383666500, -0.07842618312573367000, 0.05807502176472313600 ) ) ;
#824 = FACE_OUTER_BOUND ( 'NONE', #3161, .T. ) ;
#825 = CARTESIAN_POINT ( 'NONE',  ( -1.133092784412359400E-017, -0.09252404735808419900, -0.08374999999999989400 ) ) ;
#826 = CARTESIAN_POINT ( 'NONE',  ( -0.06542438130972660900, -0.06542438130972659500, 0.01000000000000009900 ) ) ;
#827 = CARTESIAN_POINT ( 'NONE',  ( -0.09252404735808419900, -0.03832471526136901200, -0.2431249999999999000 ) ) ;
#828 = EDGE_CURVE ( 'NONE', #446, #3235, #3845, .T. ) ;
#829 = CARTESIAN_POINT ( 'NONE',  ( 0.08838834764831853000, -0.08838834764831854400, -0.05249999999999979000 ) ) ;
#830 = FACE_OUTER_BOUND ( 'NONE', #3757, .T. ) ;
#831 = ORIENTED_EDGE ( 'NONE', *, *, #2102, .F. ) ;
#832 = AXIS2_PLACEMENT_3D ( 'NONE', #2424, #3276, #2090 ) ;
#833 = ORIENTED_EDGE ( 'NONE', *, *, #2200, .T. ) ;
#834 = CARTESIAN_POINT ( 'NONE',  ( 0.1277063293868266600, 0.05289769363290938000, 0.2053125000000001200 ) ) ;
#835 = CARTESIAN_POINT ( 'NONE',  ( -1.133092784412359100E-017, -0.09252404735808418500, -0.03999999999999984800 ) ) ;
#836 = CARTESIAN_POINT ( 'NONE',  ( 0.08102326567298490100, 0.04875142993709843200, 0.02578696399614548500 ) ) ;
#837 = PERSON_AND_ORGANIZATION_ROLE ( 'design_supplier' ) ;
#838 = CARTESIAN_POINT ( 'NONE',  ( 0.07425843913639078300, -0.09035625366123320500, 0.08531613689518284500 ) ) ;
#839 = CARTESIAN_POINT ( 'NONE',  ( 0.03832471526136899800, -0.09252404735808421300, -0.1306249999999998800 ) ) ;
#840 = CARTESIAN_POINT ( 'NONE',  ( -0.1157537331263572400, -0.007780202656012617400, 0.08459609055029758400 ) ) ;
#841 = CARTESIAN_POINT ( 'NONE',  ( -0.03832471526136901200, 0.09252404735808419900, -0.4056249999999999000 ) ) ;
#842 = CARTESIAN_POINT ( 'NONE',  ( 0.1250000000000001400, -2.693736393049096500E-017, -0.3462499999999998400 ) ) ;
#843 = CARTESIAN_POINT ( 'NONE',  ( -0.1250000000000001400, 3.678806048192898800E-018, 0.07250000000000012000 ) ) ;
#844 = DIRECTION ( 'NONE',  ( -1.000000000000000000, 0.0000000000000000000, 0.0000000000000000000 ) ) ;
#845 = CARTESIAN_POINT ( 'NONE',  ( 0.0000000000000000000, 0.0000000000000000000, 0.3899999999999999600 ) ) ;
#846 = CARTESIAN_POINT ( 'NONE',  ( 0.05424291001797065800, 0.1851891922456056200, 0.2023594254068995200 ) ) ;
#847 = CARTESIAN_POINT ( 'NONE',  ( 0.09252404735808418500, -2.097162821266345400E-017, -0.07749999999999986100 ) ) ;
#848 = CARTESIAN_POINT ( 'NONE',  ( -0.03072356598229053800, 0.1987680918557689600, 0.3825620876900725500 ) ) ;
#849 = EDGE_CURVE ( 'NONE', #2771, #1103, #1659, .T. ) ;
#850 = CARTESIAN_POINT ( 'NONE',  ( -0.09742824345323247700, -0.05048597987773992300, 0.06736511491884840400 ) ) ;
#851 = CARTESIAN_POINT ( 'NONE',  ( 0.09252404735808419900, -2.097162821266345700E-017, -0.1712499999999998700 ) ) ;
#852 = DIRECTION ( 'NONE',  ( -1.000000000000000000, 0.0000000000000000000, 0.0000000000000000000 ) ) ;
#853 = CARTESIAN_POINT ( 'NONE',  ( 0.03832471526136898400, -0.09252404735808419900, -0.2806249999999999000 ) ) ;
#854 = CARTESIAN_POINT ( 'NONE',  ( -0.1875000000000000300, -0.1082531754730739800, 0.3732531754730676900 ) ) ;
#855 = CARTESIAN_POINT ( 'NONE',  ( -0.01762522744328360500, 0.1110541066945997200, 0.07485353092433506800 ) ) ;
#856 = CARTESIAN_POINT ( 'NONE',  ( -0.03832471526136901900, -0.09252404735808419900, -0.2431249999999998100 ) ) ;
#857 =( BOUNDED_CURVE ( )  B_SPLINE_CURVE ( 2, ( #3357, #1035, #1874, #3668, #1921, #1295, #1895, #3095, #87 ),
 .UNSPECIFIED., .F., .T. ) 
 B_SPLINE_CURVE_WITH_KNOTS ( ( 3, 2, 2, 2, 3 ),
 ( 0.2884615384615384900, 0.2980769230769231300, 0.3076923076923077100, 0.3173076923076922900, 0.3269230769230769300 ),
 .UNSPECIFIED. ) 
 CURVE ( )  GEOMETRIC_REPRESENTATION_ITEM ( )  RATIONAL_B_SPLINE_CURVE ( ( 0.9999999999999995600, 0.9238795325112871800, 1.000000000000000000, 0.9238795325112867400, 1.000000000000000000, 0.9238795325112867400, 1.000000000000000000, 0.9238795325112867400, 1.000000000000000000 ) ) 
 REPRESENTATION_ITEM ( '' )  );
#858 = AXIS2_PLACEMENT_3D ( 'NONE', #2650, #1478, #1513 ) ;
#859 = CARTESIAN_POINT ( 'NONE',  ( -0.09252404735808419900, 0.03832471526136901200, 0.0006250000000001470300 ) ) ;
#860 = CARTESIAN_POINT ( 'NONE',  ( 0.0000000000000000000, 0.1277063293868266600, -0.3884374999999998200 ) ) ;
#861 = ORIENTED_EDGE ( 'NONE', *, *, #3513, .T. ) ;
#862 = CARTESIAN_POINT ( 'NONE',  ( -0.1250000000000001400, 0.05177669529663694200, -0.07437499999999981600 ) ) ;
#863 = CARTESIAN_POINT ( 'NONE',  ( 0.1253899108297093800, -0.1441124521749137200, 0.2034928437216623200 ) ) ;
#864 = CARTESIAN_POINT ( 'NONE',  ( 1.433642829545166100E-017, 0.2165063509461095700, 0.3732531754730548700 ) ) ;
#865 = ORIENTED_EDGE ( 'NONE', *, *, #386, .T. ) ;
#866 = CARTESIAN_POINT ( 'NONE',  ( -0.06079447560486436800, -0.08318245988912559300, 0.04900932983218742700 ) ) ;
#867 = FACE_OUTER_BOUND ( 'NONE', #1593, .T. ) ;
#868 = CARTESIAN_POINT ( 'NONE',  ( -0.03832471526136902600, -0.09252404735808419900, -0.03687499999999986600 ) ) ;
#869 = ADVANCED_FACE ( 'NONE', ( #867 ), #3612, .T. ) ;
#870 = CARTESIAN_POINT ( 'NONE',  ( 0.08838834764831853000, -0.08838834764831854400, -0.3087499999999999700 ) ) ;
#871 = CARTESIAN_POINT ( 'NONE',  ( -0.09252404735808419900, -0.03832471526136901200, -0.1431249999999998900 ) ) ;
#872 = CARTESIAN_POINT ( 'NONE',  ( -0.1250000000000001400, 3.678806048192898800E-018, -0.2274999999999999200 ) ) ;
#873 = CARTESIAN_POINT ( 'NONE',  ( -0.03832471526136901200, 0.09252404735808419900, -0.2118749999999998400 ) ) ;
#874 = EDGE_LOOP ( 'NONE', ( #541, #3058, #3485, #2985, #97, #1125 ) ) ;
#875 = CARTESIAN_POINT ( 'NONE',  ( 0.1277063293868266600, 0.05289769363290938000, -0.1978124999999997500 ) ) ;
#876 = DIRECTION ( 'NONE',  ( 1.000000000000000000, 0.0000000000000000000, 0.0000000000000000000 ) ) ;
#877 = CIRCLE ( 'NONE', #1235, 0.02520000000000001400 ) ;
#878 = CARTESIAN_POINT ( 'NONE',  ( -0.05289769363290934600, 0.1277063293868266600, 0.1678125000000000900 ) ) ;
#879 = CARTESIAN_POINT ( 'NONE',  ( 0.1255079452682649500, 0.1440443049600400000, 0.3880723390358635200 ) ) ;
#880 = CARTESIAN_POINT ( 'NONE',  ( 0.03832471526136907400, 0.09252404735808418500, -0.3618749999999998900 ) ) ;
#881 = LINE ( 'NONE', #2201, #1113 ) ;
#882 = VERTEX_POINT ( 'NONE', #1543 ) ;
#883 = CARTESIAN_POINT ( 'NONE',  ( 0.03651445385443831400, -0.09886075353952460100, 0.05550841487179770200 ) ) ;
#884 = CARTESIAN_POINT ( 'NONE',  ( -0.09252404735808419900, 0.03832471526136901200, 0.09437500000000013900 ) ) ;
#885 = CARTESIAN_POINT ( 'NONE',  ( -0.05177669529663694900, -0.1250000000000001400, 0.08812500000000017500 ) ) ;
#886 = CARTESIAN_POINT ( 'NONE',  ( -0.09252404735808418500, 1.690227475583728000E-018, -0.1962499999999999000 ) ) ;
#887 = DIRECTION ( 'NONE',  ( 1.000000000000000000, 0.0000000000000000000, 0.0000000000000000000 ) ) ;
#888 = EDGE_LOOP ( 'NONE', ( #2329, #170, #1596, #2690 ) ) ;
#889 = CARTESIAN_POINT ( 'NONE',  ( 0.09252404735808419900, 0.03832471526136902600, -0.3243749999999998600 ) ) ;
#890 = LOCAL_TIME ( 9, 34, 43.00000000000000000, #1502 ) ;
#891 = CARTESIAN_POINT ( 'NONE',  ( 0.1277063293868266600, -2.743450857364329300E-017, -0.2509374999999997600 ) ) ;
#892 = ADVANCED_FACE ( 'NONE', ( #2863 ), #2025, .T. ) ;
#893 = CARTESIAN_POINT ( 'NONE',  ( 0.0000000000000000000, 0.0000000000000000000, 0.1099999999999999900 ) ) ;
#894 = CARTESIAN_POINT ( 'NONE',  ( 0.03832471526136898400, -0.09252404735808421300, -0.3306249999999998900 ) ) ;
#895 = CARTESIAN_POINT ( 'NONE',  ( 0.0000000000000000000, -3.717939185210915300E-018, 0.1592746133917893000 ) ) ;
#896 = CARTESIAN_POINT ( 'NONE',  ( 0.09252404735808419900, -0.03832471526136906100, 0.1193750000000001300 ) ) ;
#897 = CARTESIAN_POINT ( 'NONE',  ( -0.1249999999999996800, -0.05177669529663739300, 0.08187500000000023900 ) ) ;
#898 = CARTESIAN_POINT ( 'NONE',  ( 0.0000000000000000000, 0.09252404735808418500, -0.1587499999999998900 ) ) ;
#899 = CARTESIAN_POINT ( 'NONE',  ( -0.05289769363290934600, 0.1277063293868266600, -0.2353124999999997900 ) ) ;
#900 = CARTESIAN_POINT ( 'NONE',  ( -1.133092784412359100E-017, -0.09252404735808418500, -0.1899999999999998600 ) ) ;
#901 = CARTESIAN_POINT ( 'NONE',  ( 0.05289769363290933200, -0.1277063293868267200, -0.3603124999999999200 ) ) ;
#902 = CARTESIAN_POINT ( 'NONE',  ( -0.1250000000000001400, -0.05177669529663693500, -0.1243749999999999000 ) ) ;
#903 = CARTESIAN_POINT ( 'NONE',  ( -0.09374999999999997200, 0.1623797632095822200, 0.3899999999999999600 ) ) ;
#904 = EDGE_CURVE ( 'NONE', #606, #2884, #1711, .T. ) ;
#905 = CARTESIAN_POINT ( 'NONE',  ( 0.03001790747247748100, -0.1008570745284623900, 0.05507321035132907400 ) ) ;
#906 = CARTESIAN_POINT ( 'NONE',  ( -0.06542438130972659500, -0.06542438130972659500, 0.1037500000000001600 ) ) ;
#907 = ADVANCED_FACE ( 'NONE', ( #83 ), #3059, .T. ) ;
#908 =( BOUNDED_CURVE ( )  B_SPLINE_CURVE ( 2, ( #144, #3154, #3715, #2234, #2246, #2551, #3700, #3117, #1376 ),
 .UNSPECIFIED., .F., .F. ) 
 B_SPLINE_CURVE_WITH_KNOTS ( ( 3, 2, 2, 2, 3 ),
 ( 0.6346153846153846900, 0.6442307692307692700, 0.6538461538461539700, 0.6634615384615384400, 0.6730769230769231300 ),
 .UNSPECIFIED. ) 
 CURVE ( )  GEOMETRIC_REPRESENTATION_ITEM ( )  RATIONAL_B_SPLINE_CURVE ( ( 0.9999999999999991100, 0.9238795325112876300, 1.000000000000000000, 0.9238795325112867400, 1.000000000000000000, 0.9238795325112867400, 1.000000000000000000, 0.9238795325112867400, 1.000000000000000000 ) ) 
 REPRESENTATION_ITEM ( '' )  );
#909 = CARTESIAN_POINT ( 'NONE',  ( 0.0000000000000000000, 0.09252404735808418500, -0.05874999999999988600 ) ) ;
#910 = CARTESIAN_POINT ( 'NONE',  ( 0.08838834764831854400, 0.08838834764831851600, -0.2462499999999999400 ) ) ;
#911 = CARTESIAN_POINT ( 'NONE',  ( -0.03832471526136901200, 0.09252404735808419900, -0.3618749999999998900 ) ) ;
#912 = CARTESIAN_POINT ( 'NONE',  ( 0.0000000000000000000, 0.09252404735808418500, -0.4149999999999998700 ) ) ;
#913 = AXIS2_PLACEMENT_3D ( 'NONE', #1081, #1363, #453 ) ;
#914 = CARTESIAN_POINT ( 'NONE',  ( -0.09030201150986802400, -0.09030201150986801000, -0.1196874999999997800 ) ) ;
#915 = ORIENTED_EDGE ( 'NONE', *, *, #2949, .T. ) ;
#916 = CARTESIAN_POINT ( 'NONE',  ( 0.08850590142394214300, -0.03613815248802999800, -0.3821896398515387500 ) ) ;
#917 = CYLINDRICAL_SURFACE ( 'NONE', #1737, 0.1250000000000001400 ) ;
#918 = CARTESIAN_POINT ( 'NONE',  ( 0.0000000000000000000, 0.09252404735808418500, -0.1649999999999998400 ) ) ;
#919 = CARTESIAN_POINT ( 'NONE',  ( 0.1250000000000001400, -2.693736393049096500E-017, -0.2962499999999997900 ) ) ;
#920 = ORIENTED_EDGE ( 'NONE', *, *, #3622, .F. ) ;
#921 = CARTESIAN_POINT ( 'NONE',  ( 0.09909486306989998000, 0.07612670923617274900, 0.1091720365349725100 ) ) ;
#922 = CARTESIAN_POINT ( 'NONE',  ( -0.03832471526136901900, 0.09252404735808418500, -0.2056249999999999200 ) ) ;
#923 = ORIENTED_EDGE ( 'NONE', *, *, #1953, .F. ) ;
#924 = CARTESIAN_POINT ( 'NONE',  ( -0.1250000000000001400, 3.678806048192898800E-018, -0.07749999999999993000 ) ) ;
#925 = CARTESIAN_POINT ( 'NONE',  ( -0.06542438130972659500, -0.06542438130972659500, 0.05375000000000014500 ) ) ;
#926 = DIRECTION ( 'NONE',  ( 1.000000000000000000, 0.0000000000000000000, 0.0000000000000000000 ) ) ;
#927 = CARTESIAN_POINT ( 'NONE',  ( 0.09252404735808419900, -0.03832471526136906100, -0.02437499999999986200 ) ) ;
#928 = CARTESIAN_POINT ( 'NONE',  ( 0.05177669529663702500, 0.1250000000000001100, -0.2431249999999999200 ) ) ;
#929 = CARTESIAN_POINT ( 'NONE',  ( -0.06542438130972659500, 0.06542438130972659500, -0.1087499999999998600 ) ) ;
#930 = CARTESIAN_POINT ( 'NONE',  ( -0.06542438130972659500, -0.06542438130972659500, -0.1962499999999998400 ) ) ;
#931 = CARTESIAN_POINT ( 'NONE',  ( 0.02602504146033160500, 0.1084469486364512400, 0.07232387982588227300 ) ) ;
#932 = FACE_BOUND ( 'NONE', #1015, .T. ) ;
#933 = CARTESIAN_POINT ( 'NONE',  ( -0.1277063293868266600, -0.05289769363290934600, -0.2228124999999997700 ) ) ;
#934 = DIRECTION ( 'NONE',  ( 1.000000000000000000, 0.0000000000000000000, 0.0000000000000000000 ) ) ;
#935 = ADVANCED_FACE ( 'NONE', ( #1257 ), #638, .T. ) ;
#936 = CARTESIAN_POINT ( 'NONE',  ( 0.09252404735808419900, 0.03832471526136902600, -0.2743749999999998700 ) ) ;
#937 = CYLINDRICAL_SURFACE ( 'NONE', #3317, 0.2800000000000000300 ) ;
#938 = ORIENTED_EDGE ( 'NONE', *, *, #3405, .F. ) ;
#939 = CARTESIAN_POINT ( 'NONE',  ( 0.05289769363290944300, 0.1277063293868266300, -0.3415624999999998800 ) ) ;
#940 = EDGE_CURVE ( 'NONE', #3588, #456, #1208, .T. ) ;
#941 = CARTESIAN_POINT ( 'NONE',  ( -0.09252404735808419900, 1.690227475583729900E-018, -0.2462499999999999100 ) ) ;
#942 = APPROVAL_PERSON_ORGANIZATION ( #2326, #1693, #514 ) ;
#943 = ORIENTED_EDGE ( 'NONE', *, *, #635, .F. ) ;
#944 = CARTESIAN_POINT ( 'NONE',  ( 0.09252404735808419900, -0.03832471526136906100, 0.07562500000000016400 ) ) ;
#945 = CARTESIAN_POINT ( 'NONE',  ( 0.0000000000000000000, 0.09252404735808418500, -0.01499999999999984000 ) ) ;
#946 = CARTESIAN_POINT ( 'NONE',  ( -0.1250000000000005800, 0.05177669529663647700, -0.02437499999999977500 ) ) ;
#947 = CARTESIAN_POINT ( 'NONE',  ( -1.133092784412359400E-017, -0.09252404735808419900, 0.06625000000000014200 ) ) ;
#948 = AXIS2_PLACEMENT_3D ( 'NONE', #893, #301, #844 ) ;
#949 = CARTESIAN_POINT ( 'NONE',  ( 0.07780178282168938300, -0.1715874706905744200, 0.3896041663575602300 ) ) ;
#950 = DIRECTION ( 'NONE',  ( 1.000000000000000000, 0.0000000000000000000, 0.0000000000000000000 ) ) ;
#951 = CARTESIAN_POINT ( 'NONE',  ( -0.1277063293868266600, 3.844520929243675400E-018, 0.02406250000000023000 ) ) ;
#952 = CARTESIAN_POINT ( 'NONE',  ( -0.03832471526136901200, 0.09252404735808419900, -0.3118749999999998500 ) ) ;
#953 = CARTESIAN_POINT ( 'NONE',  ( -0.06542438130972659500, 0.06542438130972660900, -0.1024999999999999000 ) ) ;
#954 = CARTESIAN_POINT ( 'NONE',  ( -1.133092784412359100E-017, -0.09252404735808418500, 0.1662500000000001800 ) ) ;
#955 = CARTESIAN_POINT ( 'NONE',  ( 0.03832471526136898400, -0.09252404735808419900, 0.2131250000000001200 ) ) ;
#956 = ADVANCED_FACE ( 'NONE', ( #2361 ), #3565, .T. ) ;
#957 = CARTESIAN_POINT ( 'NONE',  ( -0.06542438130972659500, 0.06542438130972660900, 0.04750000000000010500 ) ) ;
#958 = CARTESIAN_POINT ( 'NONE',  ( 0.0000000000000000000, -3.717939185210915300E-018, 0.1374507732164213800 ) ) ;
#959 = CARTESIAN_POINT ( 'NONE',  ( -0.1250000000000001400, 1.159014580413101600E-017, 0.3899999999999999600 ) ) ;
#960 = CARTESIAN_POINT ( 'NONE',  ( 0.0000000000000000000, 0.1277063293868266600, 0.01156250000000022700 ) ) ;
#961 = CARTESIAN_POINT ( 'NONE',  ( 0.0000000000000000000, -3.717939185210915300E-018, 0.3899999999999999600 ) ) ;
#962 = EDGE_CURVE ( 'NONE', #6, #1157, #1587, .T. ) ;
#963 = CARTESIAN_POINT ( 'NONE',  ( -0.09252404735808419900, 0.03832471526136901200, -0.3056249999999998700 ) ) ;
#964 = CARTESIAN_POINT ( 'NONE',  ( 0.09252404735808418500, 0.03832471526136903300, -0.1681249999999998900 ) ) ;
#965 = EDGE_CURVE ( 'NONE', #989, #79, #3048, .T. ) ;
#966 = CARTESIAN_POINT ( 'NONE',  ( -0.03832471526136901900, -0.09252404735808419900, 0.06312500000000016700 ) ) ;
#967 = ORIENTED_EDGE ( 'NONE', *, *, #2617, .F. ) ;
#968 = CARTESIAN_POINT ( 'NONE',  ( 0.09252404735808419900, 0.03832471526136902600, 0.2256250000000002400 ) ) ;
#969 = CARTESIAN_POINT ( 'NONE',  ( -0.03832471526136901900, 0.09252404735808419900, 0.1443750000000001400 ) ) ;
#970 = CARTESIAN_POINT ( 'NONE',  ( 0.1874999999999999400, -0.01831058772196633000, 0.3899999999999998500 ) ) ;
#971 = VERTEX_POINT ( 'NONE', #2784 ) ;
#972 = VERTEX_POINT ( 'NONE', #2189 ) ;
#973 = CARTESIAN_POINT ( 'NONE',  ( 0.0000000000000000000, 0.0000000000000000000, 0.3899999999999999600 ) ) ;
#974 = APPROVAL ( #1118, 'UNSPECIFIED' ) ;
#975 = CARTESIAN_POINT ( 'NONE',  ( 0.05289769363290933200, -0.1277063293868267200, -0.1103124999999997900 ) ) ;
#976 = CARTESIAN_POINT ( 'NONE',  ( 0.0000000000000000000, -3.717939185210915300E-018, 0.1592746133917893000 ) ) ;
#977 = CARTESIAN_POINT ( 'NONE',  ( 0.06542438130972660900, 0.06542438130972656800, -0.07124999999999982700 ) ) ;
#978 = CARTESIAN_POINT ( 'NONE',  ( 0.09252404735808418500, 0.03832471526136903300, -0.2681249999999999500 ) ) ;
#979 = VECTOR ( 'NONE', #3330, 39.37007874015748100 ) ;
#980 = CARTESIAN_POINT ( 'NONE',  ( -0.06542438130972659500, -0.06542438130972659500, 0.06000000000000010900 ) ) ;
#981 = CARTESIAN_POINT ( 'NONE',  ( 0.09252404735808419900, 0.03832471526136902600, 0.1756250000000002300 ) ) ;
#982 = FACE_OUTER_BOUND ( 'NONE', #43, .T. ) ;
#983 = CARTESIAN_POINT ( 'NONE',  ( -0.09252404735808419900, -0.03832471526136901200, 0.2068750000000002300 ) ) ;
#984 = CARTESIAN_POINT ( 'NONE',  ( -0.1250000000000001400, 3.678806048192898800E-018, -0.3212499999999998100 ) ) ;
#985 = VERTEX_POINT ( 'NONE', #423 ) ;
#986 = CARTESIAN_POINT ( 'NONE',  ( -0.05557399884025448400, 0.08820020129074430900, 0.05240368419658846000 ) ) ;
#987 = CARTESIAN_POINT ( 'NONE',  ( -0.1277063293868266600, 3.844520929243675400E-018, -0.07593749999999979700 ) ) ;
#989 = VERTEX_POINT ( 'NONE', #3646 ) ;
#988 = B_SPLINE_CURVE_WITH_KNOTS ( 'NONE', 3,
 ( #2885, #1719, #555, #3179 ),
 .UNSPECIFIED., .F., .F.,
 ( 4, 4 ),
 ( 2.380735678614809600E-007, 0.002782414345151441700 ),
 .UNSPECIFIED. ) ;
#990 = CARTESIAN_POINT ( 'NONE',  ( 0.09252404735808419900, -0.03832471526136906100, 0.01937500000000018700 ) ) ;
#991 = EDGE_CURVE ( 'NONE', #374, #1773, #857, .T. ) ;
#992 = CARTESIAN_POINT ( 'NONE',  ( -0.06542438130972660900, -0.06542438130972659500, -0.03999999999999984800 ) ) ;
#993 = CARTESIAN_POINT ( 'NONE',  ( -1.133092784412359100E-017, -0.09252404735808418500, 0.1162500000000001600 ) ) ;
#994 = CARTESIAN_POINT ( 'NONE',  ( 0.06542438130972660900, 0.06542438130972656800, 0.2287500000000002000 ) ) ;
#995 = CARTESIAN_POINT ( 'NONE',  ( -0.03832471526136902600, -0.09252404735808419900, 0.06312500000000016700 ) ) ;
#996 = AXIS2_PLACEMENT_3D ( 'NONE', #490, #3739, #795 ) ;
#997 = DIRECTION ( 'NONE',  ( -0.8660254037844386000, -0.4999999999999998300, 0.0000000000000000000 ) ) ;
#998 = CARTESIAN_POINT ( 'NONE',  ( 0.09375281522488596000, 0.02650227773084360600, 0.03361865119115431400 ) ) ;
#999 = CARTESIAN_POINT ( 'NONE',  ( 0.09030201150986801000, -0.09030201150986802400, 0.1428125000000002300 ) ) ;
#1000 = DIRECTION ( 'NONE',  ( 1.000000000000000000, 0.0000000000000000000, 0.0000000000000000000 ) ) ;
#1001 = CARTESIAN_POINT ( 'NONE',  ( -0.03832471526136901900, -0.09252404735808419900, 0.006875000000000183000 ) ) ;
#1002 = CARTESIAN_POINT ( 'NONE',  ( 0.03832471526136898400, -0.09252404735808419900, -0.3868749999999999100 ) ) ;
#1003 = CARTESIAN_POINT ( 'NONE',  ( 0.1277063293868266600, 0.05289769363290938000, -0.3946875000000000200 ) ) ;
#1004 = CARTESIAN_POINT ( 'NONE',  ( -0.09252404735808418500, -0.03832471526136900500, -0.3493749999999999400 ) ) ;
#1005 = CARTESIAN_POINT ( 'NONE',  ( 0.08838834764831853000, -0.08838834764831854400, -0.002499999999999850400 ) ) ;
#1006 = CARTESIAN_POINT ( 'NONE',  ( -0.05289769363290936600, -0.1277063293868266600, 0.2334375000000002400 ) ) ;
#1007 = B_SPLINE_CURVE_WITH_KNOTS ( 'NONE', 3,
 ( #3792, #1104, #540, #850, #515, #2018, #2590, #2921, #252, #1428, #2613, #3203, #3515, #2936, #814, #1163, #1743, #2897, #2575, #2624, #838, #2323, #3501, #3824, #2286, #3190, #1145, #1757, #2033, #1415 ),
 .UNSPECIFIED., .F., .F.,
 ( 4, 2, 2, 2, 2, 2, 2, 2, 2, 2, 2, 2, 2, 2, 4 ),
 ( 0.01056302299356191700, 0.01169672448155561000, 0.01226357522555245700, 0.01283042596954930300, 0.01339727671354615100, 0.01396412745754299600, 0.01453097820153984400, 0.01509782894553669100, 0.01566467968953353500, 0.01623153043353038300, 0.01736523192152407800, 0.01793208266552092500, 0.01849893340951776900, 0.01906578415351461700, 0.01963263489751146400 ),
 .UNSPECIFIED. ) ;
#1008 = CARTESIAN_POINT ( 'NONE',  ( 0.09252404735808419900, 0.03832471526136902600, -0.07437499999999987200 ) ) ;
#1009 = ORIENTED_EDGE ( 'NONE', *, *, #3827, .T. ) ;
#1010 = FACE_OUTER_BOUND ( 'NONE', #2314, .T. ) ;
#1011 = AXIS2_PLACEMENT_3D ( 'NONE', #1224, #14, #1796 ) ;
#1012 = CARTESIAN_POINT ( 'NONE',  ( 0.09252404735808418500, -2.097162821266345400E-017, 0.2287500000000002000 ) ) ;
#1013 = VERTEX_POINT ( 'NONE', #3368 ) ;
#1014 = CARTESIAN_POINT ( 'NONE',  ( 0.1277063293868266600, 0.05289769363290938000, -0.1946874999999999600 ) ) ;
#1015 = EDGE_LOOP ( 'NONE', ( #3231, #3293 ) ) ;
#1016 = CARTESIAN_POINT ( 'NONE',  ( 0.09726361141556944000, -1.794633416050685300E-015, -0.3802363885844306000 ) ) ;
#1017 = CARTESIAN_POINT ( 'NONE',  ( 0.0000000000000000000, 0.1250000000000001400, -0.3337499999999998200 ) ) ;
#1018 = CARTESIAN_POINT ( 'NONE',  ( 0.07667067343698183400, 0.06255350441718553200, 0.03780977984053655200 ) ) ;
#1019 = CARTESIAN_POINT ( 'NONE',  ( 0.1277063293868266300, -0.05289769363290944300, 0.2459375000000002800 ) ) ;
#1020 = CARTESIAN_POINT ( 'NONE',  ( 0.1874999999999999700, 0.03687882999704570500, 0.2037859329207419300 ) ) ;
#1021 = CARTESIAN_POINT ( 'NONE',  ( 0.09252404735808418500, -2.097162821266345400E-017, 0.07250000000000018900 ) ) ;
#1022 = FACE_OUTER_BOUND ( 'NONE', #3324, .T. ) ;
#1023 = FACE_OUTER_BOUND ( 'NONE', #2516, .T. ) ;
#1024 = VERTEX_POINT ( 'NONE', #734 ) ;
#1025 = CARTESIAN_POINT ( 'NONE',  ( -0.09252404735808418500, 1.690227475583728000E-018, -0.4024999999999998600 ) ) ;
#1026 = CARTESIAN_POINT ( 'NONE',  ( -0.05289769363290934600, 0.1277063293868266600, -0.3321874999999999700 ) ) ;
#1027 = CARTESIAN_POINT ( 'NONE',  ( 0.09252404735808418500, -0.03832471526136906100, -0.3806249999999998200 ) ) ;
#1028 = CARTESIAN_POINT ( 'NONE',  ( 0.05860529692982621700, 0.08473763176399690100, -0.3753896624114070300 ) ) ;
#1029 = CARTESIAN_POINT ( 'NONE',  ( -0.05177669529663694900, -0.1250000000000001400, -0.01187499999999980200 ) ) ;
#1030 = VERTEX_POINT ( 'NONE', #3348 ) ;
#1031 = EDGE_CURVE ( 'NONE', #695, #495, #679, .T. ) ;
#1032 = CARTESIAN_POINT ( 'NONE',  ( -1.530808498934193400E-017, -0.1250000000000001400, -0.2649999999999999000 ) ) ;
#1033 =( BOUNDED_CURVE ( )  B_SPLINE_CURVE ( 2, ( #2350, #1425, #2905, #1770, #1754, #1128, #3199, #568, #3499 ),
 .UNSPECIFIED., .F., .F. ) 
 B_SPLINE_CURVE_WITH_KNOTS ( ( 3, 2, 2, 2, 3 ),
 ( 0.5192307692307692700, 0.5288461538461539700, 0.5384615384615385500, 0.5480769230769231300, 0.5576923076923077100 ),
 .UNSPECIFIED. ) 
 CURVE ( )  GEOMETRIC_REPRESENTATION_ITEM ( )  RATIONAL_B_SPLINE_CURVE ( ( 0.9999999999999991100, 0.9238795325112876300, 1.000000000000000000, 0.9238795325112867400, 1.000000000000000000, 0.9238795325112867400, 1.000000000000000000, 0.9238795325112867400, 1.000000000000000000 ) ) 
 REPRESENTATION_ITEM ( '' )  );
#1034 = CARTESIAN_POINT ( 'NONE',  ( 0.09030201150986801000, -0.09030201150986802400, 0.09281250000000021400 ) ) ;
#1035 = CARTESIAN_POINT ( 'NONE',  ( 0.1249999999999998800, 0.05177669529663719800, -0.2431249999999998100 ) ) ;
#1036 = CARTESIAN_POINT ( 'NONE',  ( -1.530808498934193400E-017, -0.1250000000000001400, -0.1087499999999998500 ) ) ;
#1037 = CARTESIAN_POINT ( 'NONE',  ( 0.06542438130972659500, -0.06542438130972660900, 0.2162500000000001100 ) ) ;
#1038 = EDGE_CURVE ( 'NONE', #818, #3701, #2214, .T. ) ;
#1039 = CARTESIAN_POINT ( 'NONE',  ( -0.1277063293868266600, 3.844520929243675400E-018, -0.1728124999999999500 ) ) ;
#1040 = CARTESIAN_POINT ( 'NONE',  ( 0.06542438130972659500, -0.06542438130972660900, -0.3337499999999998800 ) ) ;
#1041 = AXIS2_PLACEMENT_3D ( 'NONE', #3307, #1254, #950 ) ;
#1042 = CARTESIAN_POINT ( 'NONE',  ( 0.02451668427412404000, -0.09728351106490043500, -0.3774757424048838500 ) ) ;
#1043 = CARTESIAN_POINT ( 'NONE',  ( -0.03832471526136902600, -0.09252404735808419900, -0.3868749999999999100 ) ) ;
#1044 = DIRECTION ( 'NONE',  ( -1.000000000000000000, 0.0000000000000000000, 0.0000000000000000000 ) ) ;
#1045 = DIRECTION ( 'NONE',  ( 0.0000000000000000000, 0.0000000000000000000, 1.000000000000000000 ) ) ;
#1046 = CARTESIAN_POINT ( 'NONE',  ( 0.1250000000000001100, -0.05177669529663701800, -0.2056249999999998900 ) ) ;
#1047 = CARTESIAN_POINT ( 'NONE',  ( -0.09030201150986801000, 0.09030201150986802400, -0.2290624999999999500 ) ) ;
#1048 = CARTESIAN_POINT ( 'NONE',  ( -0.09252404735808418500, 1.690227475583728000E-018, -0.1024999999999998700 ) ) ;
#1049 = CARTESIAN_POINT ( 'NONE',  ( -0.1131129763209585600, 2.950935773196544800E-018, -0.3643870236790416300 ) ) ;
#1050 = CARTESIAN_POINT ( 'NONE',  ( 0.08892201619229626900, -0.06930653241716194800, -0.3650327422472287000 ) ) ;
#1051 = ORIENTED_EDGE ( 'NONE', *, *, #2752, .T. ) ;
#1052 = CARTESIAN_POINT ( 'NONE',  ( -0.002404113543862885100, -0.09269045951668157500, -0.3849759526419155900 ) ) ;
#1053 = CARTESIAN_POINT ( 'NONE',  ( 0.03832471526136907400, 0.09252404735808419900, -0.2118749999999998400 ) ) ;
#1054 = EDGE_CURVE ( 'NONE', #258, #1024, #1531, .T. ) ;
#1055 = CARTESIAN_POINT ( 'NONE',  ( -0.1781250000000000300, 2.181402110981223500E-017, 0.3899999999999999600 ) ) ;
#1056 = VERTEX_POINT ( 'NONE', #1582 ) ;
#1057 = CARTESIAN_POINT ( 'NONE',  ( -0.06542438130972659500, -0.06542438130972659500, 0.2037500000000001800 ) ) ;
#1058 = EDGE_LOOP ( 'NONE', ( #1666, #172, #1951 ) ) ;
#1059 = CARTESIAN_POINT ( 'NONE',  ( 0.1250000000000001400, -2.693736393049096200E-017, -0.3024999999999998800 ) ) ;
#1060 = VERTEX_POINT ( 'NONE', #2464 ) ;
#1061 = CARTESIAN_POINT ( 'NONE',  ( -1.563951475144348500E-017, -0.1277063293868266600, -0.1603124999999999400 ) ) ;
#1062 = VECTOR ( 'NONE', #1291, 39.37007874015748100 ) ;
#1063 = CARTESIAN_POINT ( 'NONE',  ( -0.06542438130972659500, 0.06542438130972659500, -0.1587499999999998400 ) ) ;
#1064 = DIRECTION ( 'NONE',  ( 0.8660254037844400400, 1.060575238724908600E-016, -0.4999999999999976700 ) ) ;
#1065 = CARTESIAN_POINT ( 'NONE',  ( -0.05177669529663694900, -0.1250000000000001400, -0.1618749999999998200 ) ) ;
#1066 = CARTESIAN_POINT ( 'NONE',  ( -0.01455762488767931900, -0.09137163070204353000, -0.3849759526419161400 ) ) ;
#1067 = CONICAL_SURFACE ( 'NONE', #2182, 0.1250000000000001900, 0.3490658503988666700 ) ;
#1068 = CARTESIAN_POINT ( 'NONE',  ( 0.09252404735808419900, -2.097162821266345700E-017, -0.2712499999999998800 ) ) ;
#1069 = CARTESIAN_POINT ( 'NONE',  ( 0.1250000000000001400, -3.717939185210915300E-018, 0.3899999999999999600 ) ) ;
#1070 = ORIENTED_EDGE ( 'NONE', *, *, #1574, .T. ) ;
#1071 = CARTESIAN_POINT ( 'NONE',  ( -1.133092784412359100E-017, -0.09252404735808418500, 0.1100000000000001900 ) ) ;
#1072 = CALENDAR_DATE ( 2025, 25, 9 ) ;
#1073 = CARTESIAN_POINT ( 'NONE',  ( 1.433642829545166100E-017, 0.2165063509461095700, 0.3732531754730548700 ) ) ;
#1074 = ORIENTED_EDGE ( 'NONE', *, *, #230, .F. ) ;
#1075 = VECTOR ( 'NONE', #3690, 39.37007874015748100 ) ;
#1076 = CARTESIAN_POINT ( 'NONE',  ( 0.05289769363290933200, -0.1277063293868267200, -0.1071874999999999800 ) ) ;
#1077 = CARTESIAN_POINT ( 'NONE',  ( 0.06542438130972660900, 0.06542438130972656800, -0.1712499999999998500 ) ) ;
#1078 = CARTESIAN_POINT ( 'NONE',  ( 0.09502642547180043000, 0.02742784583152730500, -0.3788324174692397900 ) ) ;
#1079 =( BOUNDED_CURVE ( )  B_SPLINE_CURVE ( 2, ( #2553, #2247, #470, #3406, #3155, #3766, #1652, #766, #2236 ),
 .UNSPECIFIED., .F., .F. ) 
 B_SPLINE_CURVE_WITH_KNOTS ( ( 3, 2, 2, 2, 3 ),
 ( 0.5961538461538461500, 0.6057692307692308400, 0.6153846153846154200, 0.6250000000000001100, 0.6346153846153846900 ),
 .UNSPECIFIED. ) 
 CURVE ( )  GEOMETRIC_REPRESENTATION_ITEM ( )  RATIONAL_B_SPLINE_CURVE ( ( 1.000000000000000000, 0.9238795325112867400, 1.000000000000000000, 0.9238795325112867400, 1.000000000000000000, 0.9238795325112867400, 1.000000000000000000, 0.9238795325112858500, 1.000000000000000900 ) ) 
 REPRESENTATION_ITEM ( '' )  );
#1080 = CARTESIAN_POINT ( 'NONE',  ( 0.0000000000000000000, 0.1250000000000001400, -0.2837499999999998400 ) ) ;
#1081 = CARTESIAN_POINT ( 'NONE',  ( 0.0000000000000000000, -3.717939185210915300E-018, 0.3899999999999999600 ) ) ;
#1082 = CARTESIAN_POINT ( 'NONE',  ( -0.06542438130972659500, 0.06542438130972659500, -0.1587499999999998400 ) ) ;
#1083 = CARTESIAN_POINT ( 'NONE',  ( -0.09252404735808419900, -0.03832471526136901200, -0.3431249999999999000 ) ) ;
#1084 = CARTESIAN_POINT ( 'NONE',  ( -0.06168902263632368400, 0.1808901771209831500, 0.2053813928108440300 ) ) ;
#1085 = CARTESIAN_POINT ( 'NONE',  ( 0.03832471526136906800, 0.09252404735808419900, 0.1818750000000001500 ) ) ;
#1086 = CARTESIAN_POINT ( 'NONE',  ( 0.09030201150986802400, 0.09030201150986798300, 0.008437500000000038700 ) ) ;
#1087 = CARTESIAN_POINT ( 'NONE',  ( -0.1156010166762106200, 6.333863449667399700E-013, 0.08417650555205764800 ) ) ;
#1088 = CARTESIAN_POINT ( 'NONE',  ( 0.0000000000000000000, 0.09252404735808418500, -0.2149999999999998600 ) ) ;
#1089 = CC_DESIGN_APPROVAL ( #974, ( #2674 ) ) ;
#1090 = CARTESIAN_POINT ( 'NONE',  ( 0.09319815400809784700, 0.006343252968053051500, 0.02262514624038957200 ) ) ;
#1091 = CARTESIAN_POINT ( 'NONE',  ( 0.1874999999999999400, 1.924418829439569500E-017, 0.2054048999000400700 ) ) ;
#1092 = CARTESIAN_POINT ( 'NONE',  ( -0.09252404735808418500, 1.690227475583728000E-018, -0.1524999999999998300 ) ) ;
#1093 = CARTESIAN_POINT ( 'NONE',  ( 0.09252404735808419900, -0.03832471526136906800, -0.3243749999999998600 ) ) ;
#1094 = CARTESIAN_POINT ( 'NONE',  ( 0.04147194264292373300, -0.1130873039035718100, 0.09681028851806786100 ) ) ;
#1095 = DIRECTION ( 'NONE',  ( 0.0000000000000000000, 0.0000000000000000000, 1.000000000000000000 ) ) ;
#1096 = CARTESIAN_POINT ( 'NONE',  ( -0.09374999999999997200, -0.1623797632095822800, 0.3899999999999999600 ) ) ;
#1097 = CARTESIAN_POINT ( 'NONE',  ( 0.1250000000000001400, -2.693736393049096200E-017, -0.3024999999999998800 ) ) ;
#1098 = B_SPLINE_CURVE_WITH_KNOTS ( 'NONE', 3,
 ( #1440, #1141, #1739, #1452, #2634, #3526, #846, #3198, #1753, #2044 ),
 .UNSPECIFIED., .F., .F.,
 ( 4, 2, 2, 2, 4 ),
 ( 2.380735675733787900E-007, 0.002777215017006024600, 0.003471459252865637800, 0.004165703488725251000, 0.005554191960444479100 ),
 .UNSPECIFIED. ) ;
#1099 = CARTESIAN_POINT ( 'NONE',  ( -0.1250000000000001400, -0.05177669529663693500, 0.03187500000000018100 ) ) ;
#1100 = ORIENTED_EDGE ( 'NONE', *, *, #3842, .T. ) ;
#1101 = CARTESIAN_POINT ( 'NONE',  ( 0.05289769363290933200, -0.1277063293868267200, -0.05718749999999996100 ) ) ;
#1102 = CARTESIAN_POINT ( 'NONE',  ( 0.09252404735808418500, 0.03832471526136902600, -0.1243749999999998500 ) ) ;
#1103 = VERTEX_POINT ( 'NONE', #3384 ) ;
#1104 = CARTESIAN_POINT ( 'NONE',  ( -0.1081977231062370400, -0.01480528098081748300, 0.06383612363894579400 ) ) ;
#1105 = ORIENTED_EDGE ( 'NONE', *, *, #3669, .F. ) ;
#1106 = VERTEX_POINT ( 'NONE', #1884 ) ;
#1107 = CARTESIAN_POINT ( 'NONE',  ( -0.03832471526136901900, 0.09252404735808419900, -0.2556249999999998800 ) ) ;
#1108 = CARTESIAN_POINT ( 'NONE',  ( -0.09252404735808418500, 0.03832471526136901900, 0.0006250000000001470300 ) ) ;
#1109 = CARTESIAN_POINT ( 'NONE',  ( 0.06542438130972660900, 0.06542438130972656800, -0.2649999999999999000 ) ) ;
#1110 = EDGE_CURVE ( 'NONE', #1030, #3227, #3071, .T. ) ;
#1111 = CARTESIAN_POINT ( 'NONE',  ( 0.1250000000000001100, 0.05177669529663698300, 0.1006250000000001200 ) ) ;
#1112 = CARTESIAN_POINT ( 'NONE',  ( -0.1250000000000001400, 3.678806048192898800E-018, 0.02875000000000019200 ) ) ;
#1113 = VECTOR ( 'NONE', #2224, 39.37007874015748100 ) ;
#1114 = CARTESIAN_POINT ( 'NONE',  ( 0.05289769363290944300, 0.1277063293868266300, 0.01156250000000009000 ) ) ;
#1115 = CARTESIAN_POINT ( 'NONE',  ( -0.06542438130972659500, 0.06542438130972659500, -0.05874999999999981600 ) ) ;
#1116 = CARTESIAN_POINT ( 'NONE',  ( -0.08702822815567205800, 0.04832145048867922400, 0.03950700562567723700 ) ) ;
#1117 = CIRCLE ( 'NONE', #3261, 0.1250000000000001900 ) ;
#1118 = APPROVAL_STATUS ( 'not_yet_approved' ) ;
#1119 = VERTEX_POINT ( 'NONE', #3692 ) ;
#1120 = CARTESIAN_POINT ( 'NONE',  ( 0.08639989225133921900, -0.06384506568787062800, 0.05929590444235334500 ) ) ;
#1121 = PRODUCT_RELATED_PRODUCT_CATEGORY ( 'detail', '', ( #2477 ) ) ;
#1122 = CARTESIAN_POINT ( 'NONE',  ( -1.133092784412359400E-017, -0.09252404735808419900, -0.1337499999999998700 ) ) ;
#1123 = CARTESIAN_POINT ( 'NONE',  ( 0.02684379120088634800, -0.09252404735808419900, 0.01843884463800131100 ) ) ;
#1124 = CARTESIAN_POINT ( 'NONE',  ( 0.03832471526136906800, 0.09252404735808419900, -0.3118749999999999600 ) ) ;
#1125 = ORIENTED_EDGE ( 'NONE', *, *, #802, .F. ) ;
#1126 = CARTESIAN_POINT ( 'NONE',  ( 0.06542438130972660900, 0.06542438130972656800, -0.1212499999999998300 ) ) ;
#1127 = CARTESIAN_POINT ( 'NONE',  ( -1.563951475144348500E-017, -0.1277063293868266600, 0.03968750000000008400 ) ) ;
#1128 = CARTESIAN_POINT ( 'NONE',  ( 0.05177669529663702500, 0.1250000000000001100, -0.09312499999999991600 ) ) ;
#1129 = CARTESIAN_POINT ( 'NONE',  ( -0.06688468041620333800, 0.07270424376171574800, 0.03743152687388633100 ) ) ;
#1130 = APPROVAL_STATUS ( 'not_yet_approved' ) ;
#1131 = EDGE_CURVE ( 'NONE', #258, #3567, #1572, .T. ) ;
#1132 = CARTESIAN_POINT ( 'NONE',  ( 0.04913378280118687500, -0.09359356424702249000, 0.05638397257381747000 ) ) ;
#1133 = CARTESIAN_POINT ( 'NONE',  ( -0.06542438130972660900, -0.06542438130972659500, -0.03999999999999984800 ) ) ;
#1134 = CARTESIAN_POINT ( 'NONE',  ( 0.1231202033352554300, 5.766315375880719300E-013, 0.1048353011104477000 ) ) ;
#1135 = CARTESIAN_POINT ( 'NONE',  ( -0.09252404735808418500, 1.690227475583728000E-018, -0.3962499999999998800 ) ) ;
#1136 = CARTESIAN_POINT ( 'NONE',  ( 0.08838834764831853000, -0.08838834764831854400, -0.3524999999999998700 ) ) ;
#1137 = CARTESIAN_POINT ( 'NONE',  ( -0.08838834764831853000, 0.08838834764831854400, 0.06625000000000010000 ) ) ;
#1138 = CARTESIAN_POINT ( 'NONE',  ( 0.0000000000000000000, 0.09252404735808418500, -0.1149999999999998700 ) ) ;
#1139 = AXIS2_PLACEMENT_3D ( 'NONE', #2097, #313, #2398 ) ;
#1140 = CARTESIAN_POINT ( 'NONE',  ( 0.09030201150986802400, 0.09030201150986798300, 0.1084375000000000600 ) ) ;
#1141 = CARTESIAN_POINT ( 'NONE',  ( 0.1568848308736562300, 0.1259288516094352900, 0.1988631317485730600 ) ) ;
#1142 = CARTESIAN_POINT ( 'NONE',  ( 0.09252404735808418500, 0.03832471526136902600, -0.02437499999999985900 ) ) ;
#1143 = CARTESIAN_POINT ( 'NONE',  ( 0.08838834764831853000, -0.08838834764831854400, -0.2024999999999998200 ) ) ;
#1144 = APPLICATION_CONTEXT ( 'configuration controlled 3d designs of mechanical parts and assemblies' ) ;
#1145 = CARTESIAN_POINT ( 'NONE',  ( 0.1149017458902980200, -0.02926969435013834400, 0.09169830259968839200 ) ) ;
#1146 = CARTESIAN_POINT ( 'NONE',  ( 0.03832471526136907400, 0.09252404735808419900, -0.1118749999999998800 ) ) ;
#1147 = CARTESIAN_POINT ( 'NONE',  ( 0.01084706151026132300, -0.1193332458027485800, 0.09507707393570444300 ) ) ;
#1148 = CARTESIAN_POINT ( 'NONE',  ( 0.06542438130972660900, 0.06542438130972656800, -0.2149999999999998900 ) ) ;
#1149 = CARTESIAN_POINT ( 'NONE',  ( -0.1255079452682616400, -0.1440443049600419700, 0.3880723390358640800 ) ) ;
#1150 = CARTESIAN_POINT ( 'NONE',  ( 0.08838834764831854400, 0.08838834764831851600, 0.05375000000000008200 ) ) ;
#1151 = ORIENTED_EDGE ( 'NONE', *, *, #2268, .F. ) ;
#1152 =( BOUNDED_CURVE ( )  B_SPLINE_CURVE ( 2, ( #3561, #560, #2628, #3505, #231, #1736, #572, #2644, #1461 ),
 .UNSPECIFIED., .F., .F. ) 
 B_SPLINE_CURVE_WITH_KNOTS ( ( 3, 2, 2, 2, 3 ),
 ( 0.3653846153846154200, 0.3750000000000000000, 0.3846153846153845800, 0.3942307692307692700, 0.4038461538461538500 ),
 .UNSPECIFIED. ) 
 CURVE ( )  GEOMETRIC_REPRESENTATION_ITEM ( )  RATIONAL_B_SPLINE_CURVE ( ( 1.000000000000000000, 0.9238795325112867400, 1.000000000000000000, 0.9238795325112867400, 1.000000000000000000, 0.9238795325112867400, 1.000000000000000000, 0.9238795325112867400, 1.000000000000000000 ) ) 
 REPRESENTATION_ITEM ( '' )  );
#1153 = B_SPLINE_CURVE_WITH_KNOTS ( 'NONE', 3,
 ( #1073, #185, #2877, #2559 ),
 .UNSPECIFIED., .F., .F.,
 ( 4, 4 ),
 ( 2.380735675742879200E-007, 0.002782414345151439500 ),
 .UNSPECIFIED. ) ;
#1154 = CARTESIAN_POINT ( 'NONE',  ( 0.1250000000000001400, -3.717939185210915300E-018, 0.3899999999999999600 ) ) ;
#1155 = ORIENTED_EDGE ( 'NONE', *, *, #3359, .F. ) ;
#1156 = DIRECTION ( 'NONE',  ( 0.0000000000000000000, 0.0000000000000000000, -1.000000000000000000 ) ) ;
#1157 = VERTEX_POINT ( 'NONE', #3424 ) ;
#1158 = CARTESIAN_POINT ( 'NONE',  ( -0.09252404735808419900, -0.03832471526136901200, 0.006875000000000114500 ) ) ;
#1159 = EDGE_CURVE ( 'NONE', #3563, #2028, #2320, .T. ) ;
#1160 = CARTESIAN_POINT ( 'NONE',  ( 0.0000000000000000000, -3.717939185210915300E-018, 0.3899999999999999600 ) ) ;
#1161 = CARTESIAN_POINT ( 'NONE',  ( 0.09252404735808418500, 0.03832471526136902600, -0.07437499999999987200 ) ) ;
#1162 = CARTESIAN_POINT ( 'NONE',  ( -0.09252404735808418500, -0.03832471526136901200, -0.3431249999999999000 ) ) ;
#1163 = CARTESIAN_POINT ( 'NONE',  ( 0.01200329362856674000, -0.1134609576416697000, 0.07937077334218117800 ) ) ;
#1164 = LINE ( 'NONE', #1880, #652 ) ;
#1165 = CARTESIAN_POINT ( 'NONE',  ( -0.09252404735808419900, -0.03832471526136901200, -0.1431249999999998900 ) ) ;
#1166 = CARTESIAN_POINT ( 'NONE',  ( 0.0000000000000000000, -3.717939185210915300E-018, 0.3899999999999999600 ) ) ;
#1167 = CARTESIAN_POINT ( 'NONE',  ( -1.133092784412359100E-017, -0.09252404735808418500, -0.2837499999999998900 ) ) ;
#1168 = EDGE_CURVE ( 'NONE', #2127, #1504, #3145, .T. ) ;
#1169 = DIRECTION ( 'NONE',  ( -1.000000000000000000, 0.0000000000000000000, 0.0000000000000000000 ) ) ;
#1170 = CARTESIAN_POINT ( 'NONE',  ( -0.1250000000000001900, 0.0000000000000000000, 0.1099999999999999900 ) ) ;
#1171 = CARTESIAN_POINT ( 'NONE',  ( 0.0000000000000000000, 0.09252404735808418500, -0.3649999999999998800 ) ) ;
#1172 = CYLINDRICAL_SURFACE ( 'NONE', #672, 0.1250000000000001400 ) ;
#1173 = EDGE_LOOP ( 'NONE', ( #1400, #3706, #2262, #1383 ) ) ;
#1174 = CARTESIAN_POINT ( 'NONE',  ( 0.09030201150986801000, -0.09030201150986802400, -0.2571874999999997900 ) ) ;
#1175 = ORIENTED_EDGE ( 'NONE', *, *, #667, .T. ) ;
#1176 = CARTESIAN_POINT ( 'NONE',  ( -0.2800000000000000300, 3.057217119091497200E-017, 0.1351999999999999600 ) ) ;
#1177 = ORIENTED_EDGE ( 'NONE', *, *, #1321, .F. ) ;
#1178 = CARTESIAN_POINT ( 'NONE',  ( -0.05289769363290934600, 0.1277063293868266600, 0.1178125000000000800 ) ) ;
#1179 = CARTESIAN_POINT ( 'NONE',  ( 0.1721733375312264100, -0.1171020281751797600, 0.1937669628627015900 ) ) ;
#1180 = CARTESIAN_POINT ( 'NONE',  ( 0.06542438130972662300, 0.06542438130972659500, -0.3649999999999999400 ) ) ;
#1181 = COORDINATED_UNIVERSAL_TIME_OFFSET ( 6, 0, .BEHIND. ) ;
#1182 = CARTESIAN_POINT ( 'NONE',  ( 1.433642829545166100E-017, 0.2165063509461095700, 0.3732531754730548700 ) ) ;
#1183 = CARTESIAN_POINT ( 'NONE',  ( 0.09252404735808419900, 0.03832471526136903300, -0.1681249999999998900 ) ) ;
#1184 = CARTESIAN_POINT ( 'NONE',  ( -1.530808498934193400E-017, -0.1250000000000001400, 0.09125000000000020600 ) ) ;
#1185 = CARTESIAN_POINT ( 'NONE',  ( 0.09252404735808419900, 0.03832471526136902600, -0.06812499999999990800 ) ) ;
#1186 = DIRECTION ( 'NONE',  ( 1.000000000000000000, 0.0000000000000000000, 0.0000000000000000000 ) ) ;
#1187 = CARTESIAN_POINT ( 'NONE',  ( -0.06542438130972659500, 0.06542438130972659500, -0.3587499999999999000 ) ) ;
#1188 = CARTESIAN_POINT ( 'NONE',  ( -0.05289769363290936600, -0.1277063293868266600, -0.1665624999999997800 ) ) ;
#1189 = CARTESIAN_POINT ( 'NONE',  ( 0.1250000000000001400, -2.693736393049096500E-017, 0.1037500000000002000 ) ) ;
#1190 = CARTESIAN_POINT ( 'NONE',  ( 0.1277063293868266600, 0.05289769363290938000, 0.1053125000000000700 ) ) ;
#1191 = CARTESIAN_POINT ( 'NONE',  ( 0.1333599320255652300, 0.1395109582920393300, 0.3869378173891092600 ) ) ;
#1192 = CARTESIAN_POINT ( 'NONE',  ( 0.09252404735808418500, -0.03832471526136907400, -0.3243749999999998600 ) ) ;
#1193 = EDGE_CURVE ( 'NONE', #2533, #1728, #3381, .T. ) ;
#1194 = CARTESIAN_POINT ( 'NONE',  ( 0.01665390348448579300, -0.1035849215810243100, 0.05420802031288136200 ) ) ;
#1195 = CARTESIAN_POINT ( 'NONE',  ( 0.09252404735808419900, 0.03832471526136902600, 0.07562500000000016400 ) ) ;
#1196 = ADVANCED_FACE ( 'NONE', ( #2422 ), #3704, .T. ) ;
#1197 = DIRECTION ( 'NONE',  ( -0.0000000000000000000, -0.0000000000000000000, 1.000000000000000000 ) ) ;
#1198 = CARTESIAN_POINT ( 'NONE',  ( -0.09252404735808418500, 1.690227475583728000E-018, -0.4024999999999998600 ) ) ;
#1199 = CARTESIAN_POINT ( 'NONE',  ( -0.09252404735808419900, 0.03832471526136901200, -0.04937499999999986300 ) ) ;
#1200 = CARTESIAN_POINT ( 'NONE',  ( 0.03832471526136906800, 0.09252404735808419900, -0.3181249999999998800 ) ) ;
#1201 = AXIS2_PLACEMENT_3D ( 'NONE', #807, #3158, #220 ) ;
#1202 = CARTESIAN_POINT ( 'NONE',  ( 0.1277063293868266300, -0.05289769363290944300, -0.1540624999999998200 ) ) ;
#1203 = CARTESIAN_POINT ( 'NONE',  ( 0.09028088490205298000, -0.02024996693388080700, 0.02077305344105832800 ) ) ;
#1204 = CARTESIAN_POINT ( 'NONE',  ( 0.1277063293868266600, 0.05289769363290938000, 0.1553125000000001000 ) ) ;
#1205 = CARTESIAN_POINT ( 'NONE',  ( 0.08838834764831853000, -0.08838834764831854400, -0.1087499999999998900 ) ) ;
#1206 = ORIENTED_EDGE ( 'NONE', *, *, #1273, .T. ) ;
#1207 = CARTESIAN_POINT ( 'NONE',  ( -0.06605290234948098200, -0.07886201455950087000, 0.04857873558578412700 ) ) ;
#1208 = LINE ( 'NONE', #24, #3144 ) ;
#1209 = CARTESIAN_POINT ( 'NONE',  ( -1.133092784412359100E-017, -0.09252404735808418500, -0.03999999999999984800 ) ) ;
#1210 = CARTESIAN_POINT ( 'NONE',  ( 0.0000000000000000000, 0.0000000000000000000, 0.1099999999999999900 ) ) ;
#1211 = CARTESIAN_POINT ( 'NONE',  ( 0.09252404735808418500, -2.097162821266345400E-017, -0.1712499999999998700 ) ) ;
#1212 = CARTESIAN_POINT ( 'NONE',  ( -0.1250000000000001400, 3.678806048192898800E-018, 0.02875000000000019200 ) ) ;
#1213 = CARTESIAN_POINT ( 'NONE',  ( -0.03832471526136901900, -0.09252404735808419900, -0.09312499999999983300 ) ) ;
#1214 = CARTESIAN_POINT ( 'NONE',  ( 0.06542438130972660900, 0.06542438130972656800, -0.2712499999999998800 ) ) ;
#1215 = ORIENTED_EDGE ( 'NONE', *, *, #3791, .F. ) ;
#1216 = ORIENTED_EDGE ( 'NONE', *, *, #1862, .T. ) ;
#1217 = ORIENTED_EDGE ( 'NONE', *, *, #2617, .T. ) ;
#1218 = CARTESIAN_POINT ( 'NONE',  ( 0.09030201150986801000, -0.09030201150986802400, -0.3071874999999998400 ) ) ;
#1219 = CARTESIAN_POINT ( 'NONE',  ( 0.05177669529663702500, 0.1250000000000001100, -0.04312499999999990000 ) ) ;
#1220 = ADVANCED_FACE ( 'NONE', ( #3112 ), #937, .T. ) ;
#1221 = CARTESIAN_POINT ( 'NONE',  ( 0.06542438130972659500, -0.06542438130972660900, -0.1837499999999998600 ) ) ;
#1222 = CARTESIAN_POINT ( 'NONE',  ( 0.1277063293868266600, -2.743450857364329300E-017, -0.3509374999999997900 ) ) ;
#1223 = EDGE_CURVE ( 'NONE', #3235, #738, #322, .T. ) ;
#1224 = CARTESIAN_POINT ( 'NONE',  ( 0.1874999999999999400, 0.1082531754730548400, -0.3900393700787401200 ) ) ;
#1225 = CONICAL_SURFACE ( 'NONE', #3496, 0.1874999999999999700, 1.047197551196600100 ) ;
#1226 = CARTESIAN_POINT ( 'NONE',  ( 0.03832471526136898400, -0.09252404735808419900, 0.1131250000000001700 ) ) ;
#1227 = CARTESIAN_POINT ( 'NONE',  ( 0.1250000000000001400, -2.693736393049096500E-017, -0.09624999999999985000 ) ) ;
#1228 = LINE ( 'NONE', #2252, #1641 ) ;
#1229 = CARTESIAN_POINT ( 'NONE',  ( -0.09252404735808418500, 1.690227475583728000E-018, -0.04624999999999988100 ) ) ;
#1230 = ORIENTED_EDGE ( 'NONE', *, *, #3030, .T. ) ;
#1231 = CARTESIAN_POINT ( 'NONE',  ( -1.563951475144348500E-017, -0.1277063293868266600, -0.1134374999999997700 ) ) ;
#1232 = VERTEX_POINT ( 'NONE', #3450 ) ;
#1233 = CARTESIAN_POINT ( 'NONE',  ( 0.0000000000000000000, -3.717939185210915300E-018, 0.3899999999999999600 ) ) ;
#1234 = CARTESIAN_POINT ( 'NONE',  ( 0.03832471526136898400, -0.09252404735808419900, -0.1368749999999998600 ) ) ;
#1235 = AXIS2_PLACEMENT_3D ( 'NONE', #1741, #3841, #2933 ) ;
#1236 = CARTESIAN_POINT ( 'NONE',  ( 0.09252404735808418500, -0.03832471526136907400, -0.1743749999999998900 ) ) ;
#1237 = CARTESIAN_POINT ( 'NONE',  ( -0.04329240244672073100, -0.09402207232966848500, 0.05034426107617275000 ) ) ;
#1238 = CARTESIAN_POINT ( 'NONE',  ( 0.03832471526136898400, -0.09252404735808419900, 0.06312500000000016700 ) ) ;
#1239 = ADVANCED_FACE ( 'NONE', ( #3201 ), #3716, .T. ) ;
#1240 = CARTESIAN_POINT ( 'NONE',  ( 0.05177669529663691400, -0.1250000000000001900, -0.005624999999999834100 ) ) ;
#1241 = CARTESIAN_POINT ( 'NONE',  ( -0.06542438130972659500, 0.06542438130972660900, 0.1975000000000001500 ) ) ;
#1242 = DIRECTION ( 'NONE',  ( 1.000000000000000000, 0.0000000000000000000, 0.0000000000000000000 ) ) ;
#1243 = CARTESIAN_POINT ( 'NONE',  ( 0.0000000000000000000, 0.1277063293868266600, 0.06156250000000024200 ) ) ;
#1244 = B_SPLINE_CURVE_WITH_KNOTS ( 'NONE', 3,
 ( #557, #3545, #609, #3559, #1458, #596 ),
 .UNSPECIFIED., .F., .F.,
 ( 4, 2, 4 ),
 ( 0.02250858946179753300, 0.02389937630431340800, 0.02529016314682928600 ),
 .UNSPECIFIED. ) ;
#1245 = CARTESIAN_POINT ( 'NONE',  ( 0.09726361141556944000, -1.794633416050685300E-015, -0.3802363885844306000 ) ) ;
#1246 = CARTESIAN_POINT ( 'NONE',  ( -0.06542438130972659500, -0.06542438130972659500, -0.1962499999999998400 ) ) ;
#1247 = CARTESIAN_POINT ( 'NONE',  ( -0.09030201150986801000, 0.09030201150986802400, -0.3321874999999998000 ) ) ;
#1248 = CARTESIAN_POINT ( 'NONE',  ( 0.06542438130972659500, -0.06542438130972662300, -0.2774999999999999100 ) ) ;
#1249 = EDGE_CURVE ( 'NONE', #3208, #3742, #1955, .T. ) ;
#1250 = CARTESIAN_POINT ( 'NONE',  ( 0.09252404735808419900, 0.03832471526136902600, 0.1318750000000001900 ) ) ;
#1251 = CARTESIAN_POINT ( 'NONE',  ( 0.06542438130972659500, -0.06542438130972660900, 0.1162500000000001600 ) ) ;
#1252 = CARTESIAN_POINT ( 'NONE',  ( 0.1250000000000001400, -2.693736393049096500E-017, -0.3462499999999998400 ) ) ;
#1253 = CARTESIAN_POINT ( 'NONE',  ( 0.09252404735808419900, -0.03832471526136906800, 0.1256250000000001000 ) ) ;
#1254 = DIRECTION ( 'NONE',  ( -0.0000000000000000000, -0.0000000000000000000, 1.000000000000000000 ) ) ;
#1255 = CARTESIAN_POINT ( 'NONE',  ( -0.09030201150986802400, -0.09030201150986801000, 0.08031250000000021700 ) ) ;
#1256 = CARTESIAN_POINT ( 'NONE',  ( 0.0000000000000000000, 0.0000000000000000000, 0.3899999999999999600 ) ) ;
#1257 = FACE_OUTER_BOUND ( 'NONE', #1529, .T. ) ;
#1258 = ADVANCED_FACE ( 'NONE', ( #2276 ), #1172, .T. ) ;
#1259 = CARTESIAN_POINT ( 'NONE',  ( -1.133092784412359100E-017, -0.09252404735808418500, -0.2899999999999998700 ) ) ;
#1260 = VERTEX_POINT ( 'NONE', #457 ) ;
#1261 = CARTESIAN_POINT ( 'NONE',  ( -0.09252404735808419900, 1.690227475583729900E-018, -0.1462499999999998800 ) ) ;
#1262 = ORIENTED_EDGE ( 'NONE', *, *, #2538, .F. ) ;
#1263 = CARTESIAN_POINT ( 'NONE',  ( 0.03832471526136906800, 0.09252404735808419900, 0.08812500000000018900 ) ) ;
#1264 = CARTESIAN_POINT ( 'NONE',  ( -0.03832471526136901200, 0.09252404735808419900, 0.1881250000000002100 ) ) ;
#1265 = ORIENTED_EDGE ( 'NONE', *, *, #3493, .T. ) ;
#1266 = CARTESIAN_POINT ( 'NONE',  ( 0.09252404735808419900, -0.03832471526136906800, 0.02562500000000015500 ) ) ;
#1267 = CARTESIAN_POINT ( 'NONE',  ( 0.01529796639056608800, -0.2076740659324623800, 0.3783524976032589000 ) ) ;
#1268 = VECTOR ( 'NONE', #1784, 39.37007874015748100 ) ;
#1269 = CARTESIAN_POINT ( 'NONE',  ( -0.09030201150986802400, -0.09030201150986801000, -0.01968749999999974700 ) ) ;
#1270 = B_SPLINE_CURVE_WITH_KNOTS ( 'NONE', 3,
 ( #432, #1891, #3702, #998, #2757, #2781, #2509, #1018, #2475, #3070, #2496, #3682, #732, #1906, #2808, #3395, #1314, #1304, #418, #1640, #986, #3060, #3355, #1610, #110, #3119, #440, #3459, #166, #3421, #1391, #2842 ),
 .UNSPECIFIED., .F., .F.,
 ( 4, 2, 2, 2, 2, 2, 2, 2, 2, 2, 2, 2, 2, 2, 2, 4 ),
 ( 0.002415530678232101500, 0.002924748947940214600, 0.003433967217648327800, 0.003943185487356440900, 0.004452403757064554000, 0.005470840296480782000, 0.005980058566188895100, 0.006489276835897009100, 0.006998495105605123100, 0.007507713375313237100, 0.008016931645021350300, 0.008526149914729464300, 0.009035368184437578300, 0.009544586454145690500, 0.01005380472385380300, 0.01056302299356191700 ),
 .UNSPECIFIED. ) ;
#1271 = DIRECTION ( 'NONE',  ( -0.0000000000000000000, -0.0000000000000000000, 1.000000000000000000 ) ) ;
#1272 = CARTESIAN_POINT ( 'NONE',  ( 0.03832471526136906800, 0.09252404735808419900, -0.2181249999999998500 ) ) ;
#1273 = EDGE_CURVE ( 'NONE', #2746, #2968, #2088, .T. ) ;
#1274 = ORIENTED_EDGE ( 'NONE', *, *, #3547, .F. ) ;
#1275 = CARTESIAN_POINT ( 'NONE',  ( 0.03832471526136907400, 0.09252404735808418500, -0.1618749999999999100 ) ) ;
#1276 = ORIENTED_EDGE ( 'NONE', *, *, #760, .T. ) ;
#1277 = CARTESIAN_POINT ( 'NONE',  ( -0.03832471526136901200, 0.09252404735808419900, 0.09437500000000013900 ) ) ;
#1278 = CARTESIAN_POINT ( 'NONE',  ( 0.05289769363290944300, 0.1277063293868266300, -0.3884374999999999400 ) ) ;
#1279 = ADVANCED_FACE ( 'NONE', ( #1553 ), #745, .T. ) ;
#1280 = CARTESIAN_POINT ( 'NONE',  ( 0.03832471526136899800, -0.09252404735808421300, 0.06937500000000013100 ) ) ;
#1281 = AXIS2_PLACEMENT_3D ( 'NONE', #1233, #3049, #2413 ) ;
#1282 = CARTESIAN_POINT ( 'NONE',  ( 0.1250000000000001400, -3.717939185210915300E-018, 0.3899999999999999600 ) ) ;
#1283 = APPROVAL_DATE_TIME ( #2047, #974 ) ;
#1284 = CARTESIAN_POINT ( 'NONE',  ( 0.0000000000000000000, 0.0000000000000000000, 0.3899999999999999600 ) ) ;
#1285 = CARTESIAN_POINT ( 'NONE',  ( 0.1277063293868266300, -0.05289769363290944300, -0.004062499999999759900 ) ) ;
#1286 = CARTESIAN_POINT ( 'NONE',  ( 0.03832471526136906800, 0.09252404735808419900, -0.06812499999999983800 ) ) ;
#1287 = CARTESIAN_POINT ( 'NONE',  ( -0.09252404735808419900, 1.690227475583729900E-018, -0.09624999999999989100 ) ) ;
#1288 = CARTESIAN_POINT ( 'NONE',  ( -0.06542438130972659500, 0.06542438130972659500, 0.1975000000000001500 ) ) ;
#1289 = CARTESIAN_POINT ( 'NONE',  ( -1.563951475144348500E-017, -0.1277063293868266600, -0.3603124999999999800 ) ) ;
#1290 = CARTESIAN_POINT ( 'NONE',  ( -0.03832471526136901900, 0.09252404735808419900, 0.04437500000000013000 ) ) ;
#1291 = DIRECTION ( 'NONE',  ( 0.3420201433256694300, -4.188538737677000400E-017, 0.9396926207859080900 ) ) ;
#1292 = CARTESIAN_POINT ( 'NONE',  ( -0.1250000000000001400, 3.678806048192898800E-018, -0.1712499999999998200 ) ) ;
#1293 = CARTESIAN_POINT ( 'NONE',  ( 0.09030201150986801000, -0.09030201150986802400, 0.04281250000000019800 ) ) ;
#1294 = B_SPLINE_CURVE_WITH_KNOTS ( 'NONE', 3,
 ( #3518, #1760, #3241, #285, #2656, #2036 ),
 .UNSPECIFIED., .F., .F.,
 ( 4, 2, 4 ),
 ( 0.01607634201438918800, 0.01746826329103885700, 0.01886018456768853000 ),
 .UNSPECIFIED. ) ;
#1295 = CARTESIAN_POINT ( 'NONE',  ( -0.05177669529663693500, 0.1250000000000001400, -0.2306249999999998600 ) ) ;
#1296 = CARTESIAN_POINT ( 'NONE',  ( 0.0000000000000000000, 0.09252404735808418500, 0.03500000000000017000 ) ) ;
#1297 = CARTESIAN_POINT ( 'NONE',  ( 0.09252404735808418500, -0.03832471526136907400, -0.07437499999999987200 ) ) ;
#1298 = CARTESIAN_POINT ( 'NONE',  ( 0.09252404735808419900, 0.03832471526136902600, 0.08187500000000012800 ) ) ;
#1299 = CARTESIAN_POINT ( 'NONE',  ( -0.05289769363290934600, 0.1277063293868266600, -0.3821874999999999600 ) ) ;
#1300 = CARTESIAN_POINT ( 'NONE',  ( 0.09252404735808419900, 0.03832471526136903300, 0.2318750000000001600 ) ) ;
#1301 = CARTESIAN_POINT ( 'NONE',  ( -0.1250000000000003600, 0.05177669529663671300, -0.3243749999999998600 ) ) ;
#1302 = EDGE_LOOP ( 'NONE', ( #547, #130, #2411 ) ) ;
#1303 = VECTOR ( 'NONE', #2631, 39.37007874015748100 ) ;
#1304 = CARTESIAN_POINT ( 'NONE',  ( -0.03092437986811360400, 0.09854226641179414400, 0.04973887074452819400 ) ) ;
#1305 = CC_DESIGN_PERSON_AND_ORGANIZATION_ASSIGNMENT ( #1961, #3764, ( #1768 ) ) ;
#1306 = CARTESIAN_POINT ( 'NONE',  ( -0.09030201150986801000, 0.09030201150986802400, 0.1178125000000002200 ) ) ;
#1307 = ORIENTED_EDGE ( 'NONE', *, *, #3359, .T. ) ;
#1308 = CARTESIAN_POINT ( 'NONE',  ( 0.0000000000000000000, 0.09252404735808418500, -0.06499999999999985000 ) ) ;
#1309 = VERTEX_POINT ( 'NONE', #2225 ) ;
#1310 = ORIENTED_EDGE ( 'NONE', *, *, #3669, .T. ) ;
#1311 = CARTESIAN_POINT ( 'NONE',  ( 0.0000000000000000000, 0.09252404735808418500, -0.3649999999999998800 ) ) ;
#1312 = CARTESIAN_POINT ( 'NONE',  ( 0.05289769363290933200, -0.1277063293868267200, -0.3571875000000000500 ) ) ;
#1313 = CARTESIAN_POINT ( 'NONE',  ( 0.03832471526136898400, -0.09252404735808418500, -0.3368749999999998700 ) ) ;
#1314 = CARTESIAN_POINT ( 'NONE',  ( -0.01790232235490393800, 0.1012302707464206400, 0.04841846119100224500 ) ) ;
#1315 = CARTESIAN_POINT ( 'NONE',  ( 0.1277063293868266600, 0.05289769363290938000, 0.2521875000000002900 ) ) ;
#1316 = ORIENTED_EDGE ( 'NONE', *, *, #2715, .T. ) ;
#1317 = CARTESIAN_POINT ( 'NONE',  ( 0.1874999999999999400, 0.1082531754730548400, 0.1886580753730950100 ) ) ;
#1318 = CARTESIAN_POINT ( 'NONE',  ( 0.1250000000000003300, -0.05177669529663679600, -0.2493749999999997400 ) ) ;
#1319 = CARTESIAN_POINT ( 'NONE',  ( -1.133092784412359100E-017, -0.09252404735808418500, -0.03999999999999984800 ) ) ;
#1320 = CIRCLE ( 'NONE', #3418, 0.08750000000000018900 ) ;
#1321 = EDGE_CURVE ( 'NONE', #971, #462, #1117, .T. ) ;
#1322 = ORIENTED_EDGE ( 'NONE', *, *, #2200, .F. ) ;
#1323 = CARTESIAN_POINT ( 'NONE',  ( 0.06542438130972660900, 0.06542438130972656800, -0.3712499999999999100 ) ) ;
#1324 = CARTESIAN_POINT ( 'NONE',  ( 0.05289769363290944300, 0.1277063293868266300, -0.2884374999999999600 ) ) ;
#1325 = CARTESIAN_POINT ( 'NONE',  ( 0.03832471526136906800, 0.09252404735808418500, -0.3181249999999998800 ) ) ;
#1326 = CARTESIAN_POINT ( 'NONE',  ( 0.1874999999999999700, -0.07260493872418138900, 0.3825999269809655700 ) ) ;
#1327 = CARTESIAN_POINT ( 'NONE',  ( 0.1165394580277428800, -0.03061885065460860000, -0.3572606567118711300 ) ) ;
#1328 = CARTESIAN_POINT ( 'NONE',  ( -0.08838834764831853000, 0.08838834764831854400, -0.1774999999999998200 ) ) ;
#1329 =( BOUNDED_CURVE ( )  B_SPLINE_CURVE ( 2, ( #843, #1725, #1137, #2039, #546, #2024, #1150, #808, #257 ),
 .UNSPECIFIED., .F., .F. ) 
 B_SPLINE_CURVE_WITH_KNOTS ( ( 3, 2, 2, 2, 3 ),
 ( 0.2884615384615384900, 0.2980769230769231800, 0.3076923076923077600, 0.3173076923076923500, 0.3269230769230769300 ),
 .UNSPECIFIED. ) 
 CURVE ( )  GEOMETRIC_REPRESENTATION_ITEM ( )  RATIONAL_B_SPLINE_CURVE ( ( 0.9999999999999995600, 0.9238795325112871800, 1.000000000000000000, 0.9238795325112867400, 1.000000000000000000, 0.9238795325112867400, 1.000000000000000000, 0.9238795325112862900, 1.000000000000000400 ) ) 
 REPRESENTATION_ITEM ( '' )  );
#1330 = CARTESIAN_POINT ( 'NONE',  ( -0.05289769363290936600, -0.1277063293868266600, 0.1334375000000002100 ) ) ;
#1331 = DIRECTION ( 'NONE',  ( -1.000000000000000000, 0.0000000000000000000, 0.0000000000000000000 ) ) ;
#1332 = CARTESIAN_POINT ( 'NONE',  ( 0.06542438130972660900, 0.06542438130972656800, 0.07875000000000015300 ) ) ;
#1333 = CARTESIAN_POINT ( 'NONE',  ( 0.03832471526136898400, -0.09252404735808419900, -0.3368749999999998100 ) ) ;
#1334 = CARTESIAN_POINT ( 'NONE',  ( 0.1277063293868266600, 0.05289769363290938000, -0.1446874999999999400 ) ) ;
#1335 = CARTESIAN_POINT ( 'NONE',  ( 0.1781250000000000300, 0.0000000000000000000, 0.3899999999999999600 ) ) ;
#1336 = CARTESIAN_POINT ( 'NONE',  ( -0.1010421551530015200, 0.04631973758230689700, -0.3665598447686452800 ) ) ;
#1337 =( LENGTH_UNIT ( ) NAMED_UNIT ( * ) SI_UNIT ( $, .METRE. ) );
#1338 = CARTESIAN_POINT ( 'NONE',  ( 0.1250000000000001400, -2.693736393049096200E-017, -0.05249999999999990100 ) ) ;
#1339 = CARTESIAN_POINT ( 'NONE',  ( 0.1277063293868266600, -2.743450857364329300E-017, 0.2490625000000003000 ) ) ;
#1340 = EDGE_CURVE ( 'NONE', #3742, #1873, #3672, .T. ) ;
#1341 = CARTESIAN_POINT ( 'NONE',  ( -0.03832471526136901200, 0.09252404735808419900, 0.1881250000000002100 ) ) ;
#1342 = ORIENTED_EDGE ( 'NONE', *, *, #3385, .F. ) ;
#1343 = VECTOR ( 'NONE', #3829, 39.37007874015748100 ) ;
#1344 = ORIENTED_EDGE ( 'NONE', *, *, #3439, .F. ) ;
#1345 = CARTESIAN_POINT ( 'NONE',  ( -0.09030201150986801000, 0.09030201150986802400, -0.2790624999999999900 ) ) ;
#1346 = ORIENTED_EDGE ( 'NONE', *, *, #1362, .T. ) ;
#1347 = CARTESIAN_POINT ( 'NONE',  ( 0.2548000000000000300, -3.717939185210915300E-018, 0.1099999999999999900 ) ) ;
#1348 = CARTESIAN_POINT ( 'NONE',  ( 0.08838834764831853000, -0.08838834764831854400, -0.1524999999999998000 ) ) ;
#1349 = DIRECTION ( 'NONE',  ( -0.8660254037844400400, 0.0000000000000000000, -0.4999999999999976700 ) ) ;
#1350 = CARTESIAN_POINT ( 'NONE',  ( -0.03832471526136901200, 0.09252404735808419900, -0.1618749999999998800 ) ) ;
#1351 = CARTESIAN_POINT ( 'NONE',  ( 0.1277063293868266600, 0.05289769363290938000, 0.1021875000000002200 ) ) ;
#1352 = DIRECTION ( 'NONE',  ( -0.0000000000000000000, -0.0000000000000000000, 1.000000000000000000 ) ) ;
#1353 = CARTESIAN_POINT ( 'NONE',  ( 0.1250000000000001100, -0.05177669529663702500, -0.09937499999999981100 ) ) ;
#1354 = CARTESIAN_POINT ( 'NONE',  ( -0.06542438130972659500, -0.06542438130972659500, 0.1537500000000001600 ) ) ;
#1355 = FACE_OUTER_BOUND ( 'NONE', #3370, .T. ) ;
#1356 = CARTESIAN_POINT ( 'NONE',  ( 0.05177669529663691400, -0.1250000000000001900, -0.2118749999999999000 ) ) ;
#1357 = CARTESIAN_POINT ( 'NONE',  ( 0.09030201150986802400, 0.09030201150986798300, -0.2915624999999999500 ) ) ;
#1358 = CARTESIAN_POINT ( 'NONE',  ( -0.09252404735808418500, 0.03832471526136900500, -0.2056249999999998900 ) ) ;
#1359 = CARTESIAN_POINT ( 'NONE',  ( -0.2548000000000000300, 2.902911622398930800E-017, 0.1099999999999999900 ) ) ;
#1360 = CARTESIAN_POINT ( 'NONE',  ( -0.1250000000000001400, 3.678806048192898800E-018, -0.1712499999999998200 ) ) ;
#1361 = EDGE_LOOP ( 'NONE', ( #3246, #1009, #1377, #1074 ) ) ;
#1362 = EDGE_CURVE ( 'NONE', #688, #2321, #2242, .T. ) ;
#1363 = DIRECTION ( 'NONE',  ( -0.0000000000000000000, -0.0000000000000000000, 1.000000000000000000 ) ) ;
#1364 = CARTESIAN_POINT ( 'NONE',  ( 0.06542438130972659500, -0.06542438130972662300, -0.3774999999999999500 ) ) ;
#1365 = CARTESIAN_POINT ( 'NONE',  ( 0.09252404735808418500, -2.097162821266345400E-017, 0.1725000000000002100 ) ) ;
#1366 = CARTESIAN_POINT ( 'NONE',  ( 0.09030201150986802400, 0.09030201150986798300, -0.2415624999999999600 ) ) ;
#1367 = CARTESIAN_POINT ( 'NONE',  ( 0.1162056015918029500, 0.03176947723010577200, 0.09683189768905739500 ) ) ;
#1368 = CARTESIAN_POINT ( 'NONE',  ( -0.03832471526136901900, -0.09252404735808418500, -0.09312499999999984700 ) ) ;
#1369 = CARTESIAN_POINT ( 'NONE',  ( 0.09321242232724767700, 0.03415021825153213100, -0.3784693023397136500 ) ) ;
#1370 = CARTESIAN_POINT ( 'NONE',  ( 0.0000000000000000000, -3.717939185210915300E-018, 0.1520000000000000200 ) ) ;
#1371 = CARTESIAN_POINT ( 'NONE',  ( 0.09252404735808419900, -0.03832471526136906800, -0.2743749999999998700 ) ) ;
#1372 = CARTESIAN_POINT ( 'NONE',  ( 0.09252404735808419900, -0.03832471526136906100, 0.1693750000000001900 ) ) ;
#1373 = CARTESIAN_POINT ( 'NONE',  ( 0.1277063293868266600, 0.05289769363290938000, -0.09468749999999996600 ) ) ;
#1374 = CARTESIAN_POINT ( 'NONE',  ( 0.09252404735808418500, -2.097162821266345400E-017, -0.2274999999999998700 ) ) ;
#1375 = CARTESIAN_POINT ( 'NONE',  ( 0.04682875424103488000, 0.09255349558673640900, -0.3746833564810243000 ) ) ;
#1376 = CARTESIAN_POINT ( 'NONE',  ( -0.1250000000000001400, 3.678806048192898800E-018, -0.1774999999999999100 ) ) ;
#1377 = ORIENTED_EDGE ( 'NONE', *, *, #991, .F. ) ;
#1378 = CARTESIAN_POINT ( 'NONE',  ( 0.0000000000000000000, -3.717939185210915300E-018, 0.3899999999999999600 ) ) ;
#1379 = CARTESIAN_POINT ( 'NONE',  ( -1.133092784412359400E-017, -0.09252404735808419900, -0.2837499999999998900 ) ) ;
#1380 = CARTESIAN_POINT ( 'NONE',  ( -0.1006029001546754100, -0.06004296416078846300, 0.08773925983707514500 ) ) ;
#1381 = CARTESIAN_POINT ( 'NONE',  ( -0.2548000000000000300, 2.748606125706364700E-017, 0.1351999999999999600 ) ) ;
#1382 = EDGE_CURVE ( 'NONE', #3530, #1106, #1228, .T. ) ;
#1383 = ORIENTED_EDGE ( 'NONE', *, *, #160, .F. ) ;
#1384 = CARTESIAN_POINT ( 'NONE',  ( -0.09252404735808419900, 0.03832471526136901200, 0.1443750000000001400 ) ) ;
#1385 = LINE ( 'NONE', #2543, #2817 ) ;
#1386 = CARTESIAN_POINT ( 'NONE',  ( -0.1250000000000001400, 3.678806048192898800E-018, -0.2274999999999999200 ) ) ;
#1387 = CARTESIAN_POINT ( 'NONE',  ( -0.1277063293868266600, 0.05289769363290935900, 0.02406250000000009100 ) ) ;
#1388 = CARTESIAN_POINT ( 'NONE',  ( -0.06542438130972659500, -0.06542438130972659500, -0.1962499999999998400 ) ) ;
#1389 = CARTESIAN_POINT ( 'NONE',  ( -0.09699876956781627900, 0.02499030620348049300, 0.04122436684540732600 ) ) ;
#1390 = ORIENTED_EDGE ( 'NONE', *, *, #1031, .T. ) ;
#1391 = CARTESIAN_POINT ( 'NONE',  ( -0.1075052883663994200, 0.006650004117906674200, 0.06193367482680939300 ) ) ;
#1392 = VECTOR ( 'NONE', #293, 39.37007874015748100 ) ;
#1393 = CARTESIAN_POINT ( 'NONE',  ( -0.06542438130972660900, -0.06542438130972659500, -0.2399999999999999100 ) ) ;
#1394 = CARTESIAN_POINT ( 'NONE',  ( -0.1156010166762106200, 6.333863449667399700E-013, 0.08417650555205764800 ) ) ;
#1395 = CARTESIAN_POINT ( 'NONE',  ( 0.09252404735808419900, 0.03832471526136902600, -0.3181249999999998800 ) ) ;
#1396 = CARTESIAN_POINT ( 'NONE',  ( 0.0000000000000000000, -3.717939185210915300E-018, -0.3524999999999999800 ) ) ;
#1397 = DIMENSIONAL_EXPONENTS ( 1.000000000000000000, 0.0000000000000000000, 0.0000000000000000000, 0.0000000000000000000, 0.0000000000000000000, 0.0000000000000000000, 0.0000000000000000000 ) ;
#1398 = ORIENTED_EDGE ( 'NONE', *, *, #735, .T. ) ;
#1399 = VECTOR ( 'NONE', #2528, 39.37007874015748100 ) ;
#1400 = ORIENTED_EDGE ( 'NONE', *, *, #2048, .T. ) ;
#1401 = CARTESIAN_POINT ( 'NONE',  ( 0.1277063293868266300, -0.05289769363290944300, 0.04906250000000009900 ) ) ;
#1402 = CARTESIAN_POINT ( 'NONE',  ( 0.03832471526136906800, 0.09252404735808418500, -0.1181249999999998600 ) ) ;
#1403 = DIRECTION ( 'NONE',  ( 0.0000000000000000000, 0.0000000000000000000, -1.000000000000000000 ) ) ;
#1404 = CARTESIAN_POINT ( 'NONE',  ( 0.1080818300172012600, -2.382954652296114400E-017, 0.06351770999376513100 ) ) ;
#1405 = CARTESIAN_POINT ( 'NONE',  ( 0.03832471526136898400, -0.09252404735808419900, -0.1368749999999998600 ) ) ;
#1406 = CARTESIAN_POINT ( 'NONE',  ( -0.03832471526136902600, -0.09252404735808419900, -0.1868749999999999000 ) ) ;
#1407 = CARTESIAN_POINT ( 'NONE',  ( 0.1229766647974969200, -0.007788274993518961100, 0.1044409322190362200 ) ) ;
#1408 = CARTESIAN_POINT ( 'NONE',  ( 0.03832471526136906800, 0.09252404735808419900, -0.2618749999999999100 ) ) ;
#1409 = DIRECTION ( 'NONE',  ( -0.0000000000000000000, -0.0000000000000000000, 1.000000000000000000 ) ) ;
#1410 = CARTESIAN_POINT ( 'NONE',  ( -0.1277063293868266600, -0.05289769363290934600, 0.03031250000000006500 ) ) ;
#1411 = DIRECTION ( 'NONE',  ( 0.8660254037844386000, 0.4999999999999998900, 0.0000000000000000000 ) ) ;
#1412 = CARTESIAN_POINT ( 'NONE',  ( 0.03832471526136906800, 0.09252404735808418500, -0.01812499999999982500 ) ) ;
#1413 = AXIS2_PLACEMENT_3D ( 'NONE', #1166, #1197, #269 ) ;
#1414 = CARTESIAN_POINT ( 'NONE',  ( 0.04562256769699144000, 0.08425946488342475600, 0.02924881580324006600 ) ) ;
#1415 = CARTESIAN_POINT ( 'NONE',  ( 0.1192399688430822600, -2.587926337259468600E-017, 0.09417444446101290400 ) ) ;
#1416 = CARTESIAN_POINT ( 'NONE',  ( 0.03832471526136907400, 0.09252404735808419900, -0.1618749999999999100 ) ) ;
#1417 = CARTESIAN_POINT ( 'NONE',  ( 0.04951933698801391100, -0.07815711486351399600, 0.02077305344105831500 ) ) ;
#1418 = CARTESIAN_POINT ( 'NONE',  ( 0.06542438130972659500, -0.06542438130972660900, -0.2274999999999999000 ) ) ;
#1419 = CARTESIAN_POINT ( 'NONE',  ( 0.08838834764831853000, -0.08838834764831854400, -0.008749999999999860300 ) ) ;
#1420 = DIRECTION ( 'NONE',  ( -0.0000000000000000000, -0.0000000000000000000, 1.000000000000000000 ) ) ;
#1421 = ORIENTED_EDGE ( 'NONE', *, *, #1321, .T. ) ;
#1422 = CARTESIAN_POINT ( 'NONE',  ( -0.1277063293868266600, 3.844520929243675400E-018, -0.1228124999999999600 ) ) ;
#1423 = EDGE_CURVE ( 'NONE', #3567, #2771, #1329, .T. ) ;
#1424 = CIRCLE ( 'NONE', #611, 0.1874999999999999700 ) ;
#1425 = CARTESIAN_POINT ( 'NONE',  ( -0.1249999999999996800, 0.05177669529663741400, -0.08062499999999991900 ) ) ;
#1426 = CARTESIAN_POINT ( 'NONE',  ( 0.09045524712745051100, 0.02519611797486311100, 0.02396663020947613700 ) ) ;
#1427 = ORIENTED_EDGE ( 'NONE', *, *, #1054, .T. ) ;
#1428 = CARTESIAN_POINT ( 'NONE',  ( -0.05246478184682774900, -0.09886880522619830000, 0.07340943728365853500 ) ) ;
#1429 = ORIENTED_EDGE ( 'NONE', *, *, #1455, .F. ) ;
#1430 = CARTESIAN_POINT ( 'NONE',  ( 0.06542438130972659500, -0.06542438130972662300, -0.02749999999999984400 ) ) ;
#1431 = CARTESIAN_POINT ( 'NONE',  ( -0.05004431313860239300, -0.1074992172401072500, 0.09163348400298615400 ) ) ;
#1432 = CARTESIAN_POINT ( 'NONE',  ( -0.09252404735808418500, 1.690227475583728000E-018, -0.2962499999999999000 ) ) ;
#1433 = EDGE_CURVE ( 'NONE', #2169, #226, #1777, .T. ) ;
#1434 = DIRECTION ( 'NONE',  ( -0.0000000000000000000, -0.0000000000000000000, 1.000000000000000000 ) ) ;
#1435 = DIRECTION ( 'NONE',  ( 1.000000000000000000, 0.0000000000000000000, 0.0000000000000000000 ) ) ;
#1436 = VERTEX_POINT ( 'NONE', #204 ) ;
#1437 = CYLINDRICAL_SURFACE ( 'NONE', #812, 0.1250000000000001400 ) ;
#1438 = AXIS2_PLACEMENT_3D ( 'NONE', #2405, #2639, #3270 ) ;
#1439 = CARTESIAN_POINT ( 'NONE',  ( 0.0000000000000000000, 0.1277063293868266600, 0.2146875000000000600 ) ) ;
#1440 = CARTESIAN_POINT ( 'NONE',  ( 0.1874999999999999400, 0.1082531754730548400, 0.1886580753730950100 ) ) ;
#1441 = CARTESIAN_POINT ( 'NONE',  ( 0.1332570899820293100, -0.1395703341735587700, 0.2023594254068995200 ) ) ;
#1442 = CARTESIAN_POINT ( 'NONE',  ( 0.1250000000000001400, -2.693736393049096500E-017, -0.1962499999999998100 ) ) ;
#1443 = APPROVAL_ROLE ( '' ) ;
#1444 = CARTESIAN_POINT ( 'NONE',  ( 0.06542438130972659500, -0.06542438130972662300, -0.1774999999999998800 ) ) ;
#1445 = CARTESIAN_POINT ( 'NONE',  ( -0.1250000000000001400, -0.05177669529663693500, -0.3243749999999999100 ) ) ;
#1446 = CARTESIAN_POINT ( 'NONE',  ( 0.0000000000000000000, 0.09252404735808418500, -0.2087499999999998800 ) ) ;
#1447 = CARTESIAN_POINT ( 'NONE',  ( 0.0000000000000000000, -3.717939185210915300E-018, -0.3899999999999999600 ) ) ;
#1448 = VERTEX_POINT ( 'NONE', #1112 ) ;
#1449 = CARTESIAN_POINT ( 'NONE',  ( -0.05177669529663693500, 0.1250000000000001400, -0.1306249999999998800 ) ) ;
#1450 = LINE ( 'NONE', #2696, #1075 ) ;
#1451 = CARTESIAN_POINT ( 'NONE',  ( -0.03067248984371270800, -0.1987975806781259500, 0.3834773387543226100 ) ) ;
#1452 = CARTESIAN_POINT ( 'NONE',  ( 0.08595861239646003500, 0.1668781229398467500, 0.2054106943766596500 ) ) ;
#1453 = CARTESIAN_POINT ( 'NONE',  ( 0.03832471526136898400, -0.09252404735808418500, -0.03687499999999986600 ) ) ;
#1454 = CARTESIAN_POINT ( 'NONE',  ( -0.03832471526136901900, 0.09252404735808418500, -0.3056249999999999200 ) ) ;
#1455 = EDGE_CURVE ( 'NONE', #3714, #2096, #463, .T. ) ;
#1456 = DIRECTION ( 'NONE',  ( -0.0000000000000000000, -0.0000000000000000000, 1.000000000000000000 ) ) ;
#1457 = CARTESIAN_POINT ( 'NONE',  ( 0.09252404735808419900, -0.03832471526136906800, -0.02437499999999986200 ) ) ;
#1458 = CARTESIAN_POINT ( 'NONE',  ( -0.1875000000000000300, -0.09071216770989451500, 0.1937217281500544200 ) ) ;
#1459 = CARTESIAN_POINT ( 'NONE',  ( -0.09252404735808419900, 0.03832471526136901200, -0.4056249999999998500 ) ) ;
#1460 = CARTESIAN_POINT ( 'NONE',  ( 0.06542438130972660900, 0.06542438130972656800, -0.01499999999999984000 ) ) ;
#1461 = CARTESIAN_POINT ( 'NONE',  ( 0.1250000000000001400, -2.693736393049096200E-017, -0.002499999999999893400 ) ) ;
#1462 = CARTESIAN_POINT ( 'NONE',  ( 0.01169492481714139900, 0.1112258471695496800, 0.07318572672907755500 ) ) ;
#1463 = CARTESIAN_POINT ( 'NONE',  ( 0.06542438130972659500, -0.06542438130972660900, -0.2337499999999998700 ) ) ;
#1464 = CARTESIAN_POINT ( 'NONE',  ( -0.09030201150986801000, 0.09030201150986802400, -0.2821874999999998100 ) ) ;
#1465 = CARTESIAN_POINT ( 'NONE',  ( -0.1277063293868266600, 3.844520929243675400E-018, 0.07718750000000008900 ) ) ;
#1466 = DIRECTION ( 'NONE',  ( -0.0000000000000000000, -1.000000000000000000, -0.0000000000000000000 ) ) ;
#1467 = CARTESIAN_POINT ( 'NONE',  ( -0.06542438130972659500, 0.06542438130972659500, -0.008749999999999872500 ) ) ;
#1468 = CARTESIAN_POINT ( 'NONE',  ( -0.01455762488767931900, -0.09137163070204353000, -0.3849759526419161400 ) ) ;
#1469 = CARTESIAN_POINT ( 'NONE',  ( -0.1875000000000000300, -0.1082531754730801200, 0.1886580753731119700 ) ) ;
#1470 = CARTESIAN_POINT ( 'NONE',  ( -1.133092784412359400E-017, -0.09252404735808419900, -0.1837499999999998900 ) ) ;
#1471 = CARTESIAN_POINT ( 'NONE',  ( 0.1250000000000005600, -0.05177669529663657400, 0.1006250000000002000 ) ) ;
#1472 = CARTESIAN_POINT ( 'NONE',  ( -0.03832471526136901900, -0.09252404735808419900, -0.03687499999999986600 ) ) ;
#1473 = DIRECTION ( 'NONE',  ( 0.0000000000000000000, -0.0000000000000000000, 1.000000000000000000 ) ) ;
#1474 = ORIENTED_EDGE ( 'NONE', *, *, #1839, .F. ) ;
#1475 = CARTESIAN_POINT ( 'NONE',  ( -0.06542438130972659500, 0.06542438130972659500, -0.3087499999999998600 ) ) ;
#1476 = CARTESIAN_POINT ( 'NONE',  ( 0.1277063293868266600, 0.05289769363290938000, -0.1478124999999997900 ) ) ;
#1477 = ORIENTED_EDGE ( 'NONE', *, *, #3791, .T. ) ;
#1478 = DIRECTION ( 'NONE',  ( -0.4999999999999998900, -0.8660254037844387100, 0.0000000000000000000 ) ) ;
#1479 = FACE_OUTER_BOUND ( 'NONE', #2042, .T. ) ;
#1480 = ADVANCED_FACE ( 'NONE', ( #372 ), #420, .T. ) ;
#1481 = CARTESIAN_POINT ( 'NONE',  ( 0.09030201150986801000, -0.09030201150986802400, 0.1959375000000000100 ) ) ;
#1482 = CARTESIAN_POINT ( 'NONE',  ( -0.1250000000000001400, 3.678806048192898800E-018, -0.1274999999999998900 ) ) ;
#1483 = ORIENTED_EDGE ( 'NONE', *, *, #849, .F. ) ;
#1484 = CARTESIAN_POINT ( 'NONE',  ( 0.09252404735808419900, -2.097162821266345700E-017, -0.3712499999999999100 ) ) ;
#1485 = CARTESIAN_POINT ( 'NONE',  ( -0.06542438130972659500, -0.06542438130972659500, 0.003750000000000130800 ) ) ;
#1486 = DIRECTION ( 'NONE',  ( -0.0000000000000000000, -0.0000000000000000000, 1.000000000000000000 ) ) ;
#1487 =( BOUNDED_CURVE ( )  B_SPLINE_CURVE ( 2, ( #2113, #1545, #300, #2675, #1527, #1823, #346, #333, #919 ),
 .UNSPECIFIED., .F., .F. ) 
 B_SPLINE_CURVE_WITH_KNOTS ( ( 3, 2, 2, 2, 3 ),
 ( 0.1730769230769231300, 0.1826923076923077400, 0.1923076923076923700, 0.2019230769230769800, 0.2115384615384615900 ),
 .UNSPECIFIED. ) 
 CURVE ( )  GEOMETRIC_REPRESENTATION_ITEM ( )  RATIONAL_B_SPLINE_CURVE ( ( 0.9999999999999995600, 0.9238795325112871800, 1.000000000000000000, 0.9238795325112867400, 1.000000000000000000, 0.9238795325112867400, 1.000000000000000000, 0.9238795325112862900, 1.000000000000000400 ) ) 
 REPRESENTATION_ITEM ( '' )  );
#1488 = CARTESIAN_POINT ( 'NONE',  ( -0.09252404735808419900, -0.03832471526136901200, -0.3993749999999998700 ) ) ;
#1489 = CARTESIAN_POINT ( 'NONE',  ( -0.06542438130972659500, -0.06542438130972659500, -0.1399999999999998700 ) ) ;
#1490 = AXIS2_PLACEMENT_3D ( 'NONE', #961, #1271, #934 ) ;
#1491 = CARTESIAN_POINT ( 'NONE',  ( -0.1722020336094257400, -0.1170854604867066500, 0.3783524976032611700 ) ) ;
#1492 = CARTESIAN_POINT ( 'NONE',  ( -0.09252404735808419900, -0.03832471526136901200, -0.3493749999999999900 ) ) ;
#1493 = CYLINDRICAL_SURFACE ( 'NONE', #2055, 0.1250000000000001400 ) ;
#1494 = CARTESIAN_POINT ( 'NONE',  ( -0.05289769363290936600, -0.1277063293868266600, -0.2665624999999997600 ) ) ;
#1495 = CARTESIAN_POINT ( 'NONE',  ( -0.1250000000000001400, 1.159014580413101600E-017, 0.3899999999999999600 ) ) ;
#1496 = VECTOR ( 'NONE', #1817, 39.37007874015748100 ) ;
#1497 = ORIENTED_EDGE ( 'NONE', *, *, #2048, .F. ) ;
#1498 = EDGE_LOOP ( 'NONE', ( #3103, #915, #310, #3372 ) ) ;
#1499 = CARTESIAN_POINT ( 'NONE',  ( 0.1277063293868266600, -2.743450857364329300E-017, 0.1021875000000001000 ) ) ;
#1500 = CARTESIAN_POINT ( 'NONE',  ( 0.1017062776261158700, 0.1577862041803968800, 0.3900000000000002400 ) ) ;
#1501 = CARTESIAN_POINT ( 'NONE',  ( 0.03832471526136898400, -0.09252404735808421300, -0.3806249999999999400 ) ) ;
#1502 = COORDINATED_UNIVERSAL_TIME_OFFSET ( 6, 0, .BEHIND. ) ;
#1503 = ORIENTED_EDGE ( 'NONE', *, *, #559, .F. ) ;
#1504 = VERTEX_POINT ( 'NONE', #2728 ) ;
#1505 = CARTESIAN_POINT ( 'NONE',  ( 0.0000000000000000000, -3.717939185210915300E-018, 0.3899999999999999600 ) ) ;
#1506 = CARTESIAN_POINT ( 'NONE',  ( 0.06542438130972660900, 0.06542438130972656800, 0.1287500000000001700 ) ) ;
#1507 = ADVANCED_FACE ( 'NONE', ( #2689 ), #554, .T. ) ;
#1508 = CARTESIAN_POINT ( 'NONE',  ( -0.03832471526136901900, -0.09252404735808419900, -0.1868749999999999000 ) ) ;
#1509 = CARTESIAN_POINT ( 'NONE',  ( -0.1875000000000000300, 0.01832381728469569300, 0.3899999999999998500 ) ) ;
#1510 = CARTESIAN_POINT ( 'NONE',  ( -1.133092784412359100E-017, -0.09252404735808418500, -0.08999999999999985800 ) ) ;
#1511 = CARTESIAN_POINT ( 'NONE',  ( -1.133092784412359100E-017, -0.09252404735808418500, -0.2399999999999998500 ) ) ;
#1512 = CARTESIAN_POINT ( 'NONE',  ( 0.1277063293868266600, -2.743450857364329300E-017, -0.1509374999999997800 ) ) ;
#1513 = DIRECTION ( 'NONE',  ( 0.8660254037844386000, -0.4999999999999998300, 0.0000000000000000000 ) ) ;
#1514 = CARTESIAN_POINT ( 'NONE',  ( -0.03832471526136901200, 0.09252404735808419900, -0.2118749999999998400 ) ) ;
#1515 = CARTESIAN_POINT ( 'NONE',  ( -0.1277063293868266600, -0.05289769363290934600, -0.3728124999999998200 ) ) ;
#1516 = CARTESIAN_POINT ( 'NONE',  ( 0.05177669529663691400, -0.1250000000000001900, -0.1118749999999999200 ) ) ;
#1517 = CARTESIAN_POINT ( 'NONE',  ( 0.0000000000000000000, 0.09252404735808419900, -0.3587499999999999000 ) ) ;
#1518 = AXIS2_PLACEMENT_3D ( 'NONE', #2585, #2600, #1411 ) ;
#1519 = CARTESIAN_POINT ( 'NONE',  ( -0.03832471526136901900, -0.09252404735808419900, 0.006875000000000183000 ) ) ;
#1520 = CARTESIAN_POINT ( 'NONE',  ( -0.09252404735808418500, 1.690227475583728000E-018, -0.1462499999999998800 ) ) ;
#1521 = CARTESIAN_POINT ( 'NONE',  ( 0.0000000000000000000, 0.0000000000000000000, 0.3759999999999999500 ) ) ;
#1522 = CARTESIAN_POINT ( 'NONE',  ( -0.03832471526136901200, 0.09252404735808419900, -0.1118749999999998400 ) ) ;
#1523 = AXIS2_PLACEMENT_3D ( 'NONE', #3386, #1630, #3693 ) ;
#1524 = CARTESIAN_POINT ( 'NONE',  ( 0.1277063293868266600, 0.05289769363290938000, -0.2978124999999998700 ) ) ;
#1525 = CARTESIAN_POINT ( 'NONE',  ( 0.09689597618085152300, -0.007476011423793226500, -0.3806040238191482600 ) ) ;
#1526 = CARTESIAN_POINT ( 'NONE',  ( -0.06542438130972659500, -0.06542438130972659500, -0.2462499999999998600 ) ) ;
#1527 = CARTESIAN_POINT ( 'NONE',  ( -1.530808498934193400E-017, -0.1250000000000001400, -0.3087499999999998000 ) ) ;
#1528 = CARTESIAN_POINT ( 'NONE',  ( 0.06542438130972662300, 0.06542438130972659500, -0.1649999999999998700 ) ) ;
#1529 = EDGE_LOOP ( 'NONE', ( #2078, #183, #422 ) ) ;
#1530 = CARTESIAN_POINT ( 'NONE',  ( 0.1250000000000001400, -2.693736393049096500E-017, -0.1962499999999998100 ) ) ;
#1531 = LINE ( 'NONE', #723, #126 ) ;
#1532 = CARTESIAN_POINT ( 'NONE',  ( -0.09252404735808419900, -0.03832471526136901200, 0.0006250000000001470300 ) ) ;
#1533 = CARTESIAN_POINT ( 'NONE',  ( -0.08838834764831854400, -0.08838834764831853000, -0.01499999999999985200 ) ) ;
#1534 = CARTESIAN_POINT ( 'NONE',  ( 0.09252404735808419900, -2.097162821266345700E-017, 0.07875000000000015300 ) ) ;
#1535 = CARTESIAN_POINT ( 'NONE',  ( 0.09374999999999997200, -0.1623797632095822200, 0.3899999999999999600 ) ) ;
#1536 = CARTESIAN_POINT ( 'NONE',  ( -1.133092784412359100E-017, -0.09252404735808418500, -0.1899999999999998600 ) ) ;
#1537 = VERTEX_POINT ( 'NONE', #84 ) ;
#1538 = ORIENTED_EDGE ( 'NONE', *, *, #359, .F. ) ;
#1539 = ADVANCED_FACE ( 'NONE', ( #1023 ), #2511, .T. ) ;
#1540 = CARTESIAN_POINT ( 'NONE',  ( 0.03316438559238555500, 0.1063110825760336000, 0.07187530374267581100 ) ) ;
#1541 = CARTESIAN_POINT ( 'NONE',  ( -0.1277063293868266600, -0.05289769363290934600, -0.02281249999999979800 ) ) ;
#1542 = B_SPLINE_CURVE_WITH_KNOTS ( 'NONE', 3,
 ( #291, #3586, #591, #3568, #1783, #316 ),
 .UNSPECIFIED., .F., .F.,
 ( 4, 2, 4 ),
 ( 0.01972674109470702900, 0.02111766527825228300, 0.02250858946179753300 ),
 .UNSPECIFIED. ) ;
#1543 = CARTESIAN_POINT ( 'NONE',  ( 0.08750000000000018900, -3.717939185210915300E-018, -0.3899999999999999600 ) ) ;
#1544 = CARTESIAN_POINT ( 'NONE',  ( 0.09252404735808418500, -2.097162821266345400E-017, -0.2274999999999998700 ) ) ;
#1545 = CARTESIAN_POINT ( 'NONE',  ( -0.1249999999999999200, -0.05177669529663716400, -0.3181249999999997700 ) ) ;
#1546 = EDGE_CURVE ( 'NONE', #3567, #495, #746, .T. ) ;
#1547 = CARTESIAN_POINT ( 'NONE',  ( -0.03832471526136902600, -0.09252404735808418500, -0.2868749999999999400 ) ) ;
#1548 = CIRCLE ( 'NONE', #1438, 0.08750000000000018900 ) ;
#1549 = ORIENTED_EDGE ( 'NONE', *, *, #1340, .F. ) ;
#1550 = CARTESIAN_POINT ( 'NONE',  ( 0.06542438130972660900, 0.06542438130972656800, 0.03500000000000010700 ) ) ;
#1551 = CARTESIAN_POINT ( 'NONE',  ( -0.09252404735808419900, -0.03832471526136901200, 0.05062500000000017700 ) ) ;
#1552 = CARTESIAN_POINT ( 'NONE',  ( 0.09287704857940710900, -0.006823446424165929300, 0.02174291632556024000 ) ) ;
#1553 = FACE_OUTER_BOUND ( 'NONE', #2177, .T. ) ;
#1554 = CARTESIAN_POINT ( 'NONE',  ( 0.09252404735808419900, -2.097162821266345700E-017, 0.1787500000000001900 ) ) ;
#1555 = CARTESIAN_POINT ( 'NONE',  ( 0.2800000000000000300, -3.717939185210915300E-018, 0.1351999999999999600 ) ) ;
#1556 = ORIENTED_EDGE ( 'NONE', *, *, #760, .F. ) ;
#1557 = CARTESIAN_POINT ( 'NONE',  ( 0.09030201150986802400, 0.09030201150986798300, -0.04468749999999975500 ) ) ;
#1558 = ORIENTED_EDGE ( 'NONE', *, *, #1168, .T. ) ;
#1559 = CARTESIAN_POINT ( 'NONE',  ( 0.08111458030972737400, -0.04905347164329851300, -0.3829980300808505900 ) ) ;
#1560 = CARTESIAN_POINT ( 'NONE',  ( 0.09252404735808419900, -0.03832471526136906100, -0.2306249999999998600 ) ) ;
#1561 = CALENDAR_DATE ( 2025, 25, 9 ) ;
#1562 = CARTESIAN_POINT ( 'NONE',  ( -0.06542438130972660900, -0.06542438130972659500, -0.2899999999999999200 ) ) ;
#1563 = CARTESIAN_POINT ( 'NONE',  ( 0.0000000000000000000, 0.09252404735808418500, 0.04125000000000014100 ) ) ;
#1564 = CARTESIAN_POINT ( 'NONE',  ( -0.09252404735808419900, -0.03832471526136901200, 0.2006250000000001900 ) ) ;
#1565 = CARTESIAN_POINT ( 'NONE',  ( -0.09252404735808419900, -0.03832471526136901200, 0.05687500000000012700 ) ) ;
#1566 = CARTESIAN_POINT ( 'NONE',  ( 0.0000000000000000000, 0.1250000000000001400, -0.2399999999999999100 ) ) ;
#1567 = CARTESIAN_POINT ( 'NONE',  ( -0.1146093945018040500, 0.01464314173340044500, 0.08336972209042387000 ) ) ;
#1568 = CARTESIAN_POINT ( 'NONE',  ( -0.05289769363290936600, -0.1277063293868266600, 0.03343750000000025200 ) ) ;
#1569 = B_SPLINE_CURVE_WITH_KNOTS ( 'NONE', 3,
 ( #2928, #1451, #548, #2967 ),
 .UNSPECIFIED., .F., .F.,
 ( 4, 4 ),
 ( 2.380735675740057000E-007, 0.002782414345151440400 ),
 .UNSPECIFIED. ) ;
#1570 = ADVANCED_FACE ( 'NONE', ( #508 ), #2229, .T. ) ;
#1571 = CARTESIAN_POINT ( 'NONE',  ( -0.09252404735808419900, 0.03832471526136901200, -0.2556249999999998800 ) ) ;
#1572 =( BOUNDED_CURVE ( )  B_SPLINE_CURVE ( 2, ( #2160, #2856, #442, #3438, #748, #1676, #1644, #1930, #1957 ),
 .UNSPECIFIED., .F., .F. ) 
 B_SPLINE_CURVE_WITH_KNOTS ( ( 3, 2, 2, 2, 3 ),
 ( 0.2500000000000000000, 0.2596153846153845800, 0.2692307692307692700, 0.2788461538461539100, 0.2884615384615384900 ),
 .UNSPECIFIED. ) 
 CURVE ( )  GEOMETRIC_REPRESENTATION_ITEM ( )  RATIONAL_B_SPLINE_CURVE ( ( 1.000000000000000000, 0.9238795325112867400, 1.000000000000000000, 0.9238795325112867400, 1.000000000000000000, 0.9238795325112867400, 1.000000000000000000, 0.9238795325112862900, 1.000000000000000400 ) ) 
 REPRESENTATION_ITEM ( '' )  );
#1573 = CARTESIAN_POINT ( 'NONE',  ( 0.09252404735808418500, 0.03832471526136903300, -0.1181249999999998800 ) ) ;
#1574 = EDGE_CURVE ( 'NONE', #2911, #3388, #3290, .T. ) ;
#1575 = CARTESIAN_POINT ( 'NONE',  ( 0.06542438130972659500, -0.06542438130972660900, 0.1725000000000001500 ) ) ;
#1576 = CARTESIAN_POINT ( 'NONE',  ( -0.1277063293868266600, 3.844520929243675400E-018, -0.3728124999999999400 ) ) ;
#1577 = CARTESIAN_POINT ( 'NONE',  ( 0.06542438130972659500, -0.06542438130972662300, 0.07250000000000012000 ) ) ;
#1578 = CARTESIAN_POINT ( 'NONE',  ( -0.1058053824814354900, -0.04588802017795568000, -0.3623196362886211800 ) ) ;
#1579 = CARTESIAN_POINT ( 'NONE',  ( -0.1035960342708244800, 0.04938556519892013000, 0.08124230741727540800 ) ) ;
#1580 = CC_DESIGN_PERSON_AND_ORGANIZATION_ASSIGNMENT ( #472, #2588, ( #2674 ) ) ;
#1581 = CARTESIAN_POINT ( 'NONE',  ( -0.05289769363290934600, 0.1277063293868266600, -0.03531249999999980200 ) ) ;
#1582 = CARTESIAN_POINT ( 'NONE',  ( -0.1250000000000001400, 3.678806048192898800E-018, -0.2712499999999998200 ) ) ;
#1583 = ORIENTED_EDGE ( 'NONE', *, *, #3123, .T. ) ;
#1584 = CARTESIAN_POINT ( 'NONE',  ( -0.03832471526136901200, 0.09252404735808419900, 0.03812500000000016600 ) ) ;
#1585 = ORIENTED_EDGE ( 'NONE', *, *, #2221, .F. ) ;
#1586 = CARTESIAN_POINT ( 'NONE',  ( 0.03832471526136898400, -0.09252404735808421300, -0.08062499999999990500 ) ) ;
#1587 = LINE ( 'NONE', #3684, #2772 ) ;
#1588 = CARTESIAN_POINT ( 'NONE',  ( 0.09252404735808418500, -2.097162821266345400E-017, 0.02875000000000013700 ) ) ;
#1589 = CARTESIAN_POINT ( 'NONE',  ( -0.09252404735808419900, 0.03832471526136901200, 0.1443750000000001400 ) ) ;
#1590 = CARTESIAN_POINT ( 'NONE',  ( -0.06542438130972659500, 0.06542438130972660900, 0.1475000000000001300 ) ) ;
#1591 = CARTESIAN_POINT ( 'NONE',  ( -0.08838834764831853000, 0.08838834764831854400, -0.3274999999999998500 ) ) ;
#1592 = CARTESIAN_POINT ( 'NONE',  ( 0.03832471526136906800, 0.09252404735808419900, -0.06812499999999983800 ) ) ;
#1593 = EDGE_LOOP ( 'NONE', ( #10, #2257, #2501, #2694 ) ) ;
#1594 = CARTESIAN_POINT ( 'NONE',  ( -0.05177669529663693500, 0.1250000000000001400, -0.1806249999999998400 ) ) ;
#1595 = CARTESIAN_POINT ( 'NONE',  ( -0.1277063293868266600, 0.05289769363290935900, -0.07906249999999978600 ) ) ;
#1596 = ORIENTED_EDGE ( 'NONE', *, *, #1031, .F. ) ;
#1597 = B_SPLINE_CURVE_WITH_KNOTS ( 'NONE', 3,
 ( #1404, #2306, #2602, #3780, #215, #2295, #1120, #823, #3808, #2908, #1132, #883, #905, #1194, #3844, #3543, #2382, #622, #319, #1237, #2974, #866, #1207, #3573, #3287, #2086, #2071, #2392, #267, #1786, #2352, #607 ),
 .UNSPECIFIED., .F., .F.,
 ( 4, 2, 2, 2, 2, 2, 2, 2, 2, 2, 2, 2, 2, 2, 2, 4 ),
 ( 0.02085255996975107100, 0.02137064458275657300, 0.02188872919576207900, 0.02292489842177308400, 0.02344298303477859000, 0.02396106764778409300, 0.02447915226078959500, 0.02499723687379510100, 0.02551532148680060700, 0.02603340609980611000, 0.02655149071281161200, 0.02706957532581711800, 0.02758765993882262400, 0.02810574455182812700, 0.02862382916483363300, 0.02914191377783913500 ),
 .UNSPECIFIED. ) ;
#1598 = CARTESIAN_POINT ( 'NONE',  ( 0.1250000000000001400, -2.693736393049096500E-017, 0.05375000000000019300 ) ) ;
#1599 = CARTESIAN_POINT ( 'NONE',  ( -0.06542438130972659500, 0.06542438130972659500, -0.1087499999999998600 ) ) ;
#1600 = FACE_OUTER_BOUND ( 'NONE', #2091, .T. ) ;
#1601 = EDGE_CURVE ( 'NONE', #985, #1436, #1727, .T. ) ;
#1602 = CARTESIAN_POINT ( 'NONE',  ( -0.03832471526136902600, -0.09252404735808418500, -0.08687499999999986900 ) ) ;
#1603 = APPROVAL_DATE_TIME ( #3029, #1693 ) ;
#1604 = VERTEX_POINT ( 'NONE', #3319 ) ;
#1605 = CARTESIAN_POINT ( 'NONE',  ( -0.03832471526136901900, -0.09252404735808419900, 0.1631250000000001300 ) ) ;
#1606 = CARTESIAN_POINT ( 'NONE',  ( 0.09030201150986802400, 0.09030201150986798300, -0.3415624999999999900 ) ) ;
#1607 = CARTESIAN_POINT ( 'NONE',  ( 0.06024522967515697600, -0.07060353294429623500, -0.3843472342548113800 ) ) ;
#1608 = CARTESIAN_POINT ( 'NONE',  ( -0.1107797385272099900, -0.02911699052084573700, -0.3631064077388965200 ) ) ;
#1609 = ORIENTED_EDGE ( 'NONE', *, *, #198, .T. ) ;
#1610 = CARTESIAN_POINT ( 'NONE',  ( -0.08131814039143525600, 0.06704104979281637300, 0.05553890523744849800 ) ) ;
#1611 = CARTESIAN_POINT ( 'NONE',  ( -0.1277063293868266600, 3.844520929243675400E-018, 0.1740625000000002600 ) ) ;
#1612 = CARTESIAN_POINT ( 'NONE',  ( 0.06542438130972660900, 0.06542438130972656800, -0.02124999999999980700 ) ) ;
#1613 = CARTESIAN_POINT ( 'NONE',  ( 0.06542438130972660900, 0.06542438130972656800, -0.3212499999999998700 ) ) ;
#1614 = CARTESIAN_POINT ( 'NONE',  ( -0.06542438130972659500, -0.06542438130972659500, 0.1537500000000001600 ) ) ;
#1615 = CARTESIAN_POINT ( 'NONE',  ( 0.09252404735808418500, -2.097162821266345400E-017, -0.3274999999999998500 ) ) ;
#1616 = CARTESIAN_POINT ( 'NONE',  ( 0.0000000000000000000, 0.1874999999999999700, 0.3899999999999999600 ) ) ;
#1617 = CARTESIAN_POINT ( 'NONE',  ( 0.05177669529663703200, 0.1250000000000001100, -0.03687499999999981100 ) ) ;
#1618 =( BOUNDED_CURVE ( )  B_SPLINE_CURVE ( 2, ( #3784, #3463, #3480, #1111, #1700 ),
 .UNSPECIFIED., .F., .F. ) 
 B_SPLINE_CURVE_WITH_KNOTS ( ( 3, 2, 3 ),
 ( 0.2307692307692307800, 0.2403846153846154500, 0.2500000000000000000 ),
 .UNSPECIFIED. ) 
 CURVE ( )  GEOMETRIC_REPRESENTATION_ITEM ( )  RATIONAL_B_SPLINE_CURVE ( ( 0.9999999999999995600, 0.9238795325112871800, 1.000000000000000000, 0.9238795325112867400, 1.000000000000000000 ) ) 
 REPRESENTATION_ITEM ( '' )  );
#1619 = CARTESIAN_POINT ( 'NONE',  ( 0.09030201150986802400, 0.09030201150986798300, 0.2553125000000002800 ) ) ;
#1620 = CARTESIAN_POINT ( 'NONE',  ( -0.08838834764831854400, -0.08838834764831853000, -0.1149999999999998100 ) ) ;
#1621 = CARTESIAN_POINT ( 'NONE',  ( 0.09252404735808418500, -2.097162821266345400E-017, 0.02250000000000016900 ) ) ;
#1622 = CARTESIAN_POINT ( 'NONE',  ( 0.03832471526136906800, 0.09252404735808419900, 0.2381250000000001700 ) ) ;
#1623 = CARTESIAN_POINT ( 'NONE',  ( 0.0000000000000000000, 0.1277063293868266600, -0.1853124999999999400 ) ) ;
#1624 = CARTESIAN_POINT ( 'NONE',  ( -0.06542438130972659500, 0.06542438130972659500, -0.3087499999999998600 ) ) ;
#1625 = CARTESIAN_POINT ( 'NONE',  ( 0.1250000000000001900, -1.530808498934193700E-017, 0.1099999999999999900 ) ) ;
#1626 = ORIENTED_EDGE ( 'NONE', *, *, #1785, .F. ) ;
#1627 = CARTESIAN_POINT ( 'NONE',  ( 0.1874999999999999400, -0.1082531754730739900, 0.3732531754730676900 ) ) ;
#1628 = AXIS2_PLACEMENT_3D ( 'NONE', #3489, #3762, #2574 ) ;
#1629 = CARTESIAN_POINT ( 'NONE',  ( -0.09030201150986802400, -0.09030201150986801000, 0.1303125000000002200 ) ) ;
#1630 = DIRECTION ( 'NONE',  ( 0.0000000000000000000, 0.0000000000000000000, -1.000000000000000000 ) ) ;
#1631 = ORIENTED_EDGE ( 'NONE', *, *, #3188, .T. ) ;
#1632 = CARTESIAN_POINT ( 'NONE',  ( -1.133092784412359100E-017, -0.09252404735808418500, -0.08999999999999985800 ) ) ;
#1633 = ORIENTED_EDGE ( 'NONE', *, *, #2589, .T. ) ;
#1634 = CARTESIAN_POINT ( 'NONE',  ( 0.06542438130972660900, 0.06542438130972656800, 0.2350000000000001500 ) ) ;
#1635 = CARTESIAN_POINT ( 'NONE',  ( 0.09030201150986802400, 0.09030201150986798300, -0.1415624999999999200 ) ) ;
#1636 = CARTESIAN_POINT ( 'NONE',  ( 0.06542438130972660900, 0.06542438130972656800, -0.3712499999999999100 ) ) ;
#1637 = CARTESIAN_POINT ( 'NONE',  ( -0.1065873752515149900, 0.03371304355234561900, -0.3659198910931266100 ) ) ;
#1638 =( NAMED_UNIT ( * ) PLANE_ANGLE_UNIT ( ) SI_UNIT ( $, .RADIAN. ) );
#1639 = EDGE_CURVE ( 'NONE', #3843, #3563, #3838, .T. ) ;
#1640 = CARTESIAN_POINT ( 'NONE',  ( -0.04971606199196242100, 0.09136546795751138200, 0.05174814741912710900 ) ) ;
#1641 = VECTOR ( 'NONE', #1993, 39.37007874015748100 ) ;
#1642 = CARTESIAN_POINT ( 'NONE',  ( -0.05289769363290934600, 0.1277063293868266600, 0.1146875000000002300 ) ) ;
#1643 = ORIENTED_EDGE ( 'NONE', *, *, #1054, .F. ) ;
#1644 = CARTESIAN_POINT ( 'NONE',  ( -0.08838834764831854400, -0.08838834764831853000, 0.07875000000000008400 ) ) ;
#1645 = CARTESIAN_POINT ( 'NONE',  ( 0.08838834764831853000, -0.08838834764831854400, -0.05874999999999987200 ) ) ;
#1646 = CARTESIAN_POINT ( 'NONE',  ( 0.0000000000000000000, 0.09252404735808418500, 0.1350000000000002000 ) ) ;
#1647 = EDGE_CURVE ( 'NONE', #6, #1309, #1860, .T. ) ;
#1648 = ORIENTED_EDGE ( 'NONE', *, *, #230, .T. ) ;
#1649 = CARTESIAN_POINT ( 'NONE',  ( -0.1277063293868266600, -0.05289769363290934600, -0.3196874999999999000 ) ) ;
#1650 = AXIS2_PLACEMENT_3D ( 'NONE', #1505, #1799, #593 ) ;
#1651 = CARTESIAN_POINT ( 'NONE',  ( -0.007048726481898127300, -0.09418400468765668300, -0.3833800489269934600 ) ) ;
#1652 = CARTESIAN_POINT ( 'NONE',  ( 0.08838834764831854400, 0.08838834764831851600, -0.1462499999999998800 ) ) ;
#1653 = CARTESIAN_POINT ( 'NONE',  ( -0.09030201150986801000, 0.09030201150986802400, 0.1678125000000002300 ) ) ;
#1654 = CARTESIAN_POINT ( 'NONE',  ( -0.05177669529663697000, -0.1250000000000001400, -0.06812499999999989400 ) ) ;
#1655 = CARTESIAN_POINT ( 'NONE',  ( -0.03832471526136901900, -0.09252404735808419900, 0.1568750000000001500 ) ) ;
#1656 = CARTESIAN_POINT ( 'NONE',  ( 0.09030201150986801000, -0.09030201150986802400, -0.2040624999999999500 ) ) ;
#1657 = CARTESIAN_POINT ( 'NONE',  ( -0.06542438130972659500, -0.06542438130972659500, -0.09624999999999982200 ) ) ;
#1658 = CARTESIAN_POINT ( 'NONE',  ( 0.01473920216685459100, -0.1208745654492122400, -0.3558699738839590200 ) ) ;
#1659 =( BOUNDED_CURVE ( )  B_SPLINE_CURVE ( 2, ( #631, #1834, #1847, #2747, #65, #344, #3335, #353, #74 ),
 .UNSPECIFIED., .F., .T. ) 
 B_SPLINE_CURVE_WITH_KNOTS ( ( 3, 2, 2, 2, 3 ),
 ( 0.3269230769230769300, 0.3365384615384616200, 0.3461538461538461500, 0.3557692307692307300, 0.3653846153846154200 ),
 .UNSPECIFIED. ) 
 CURVE ( )  GEOMETRIC_REPRESENTATION_ITEM ( )  RATIONAL_B_SPLINE_CURVE ( ( 0.9999999999999995600, 0.9238795325112871800, 1.000000000000000000, 0.9238795325112867400, 1.000000000000000000, 0.9238795325112867400, 1.000000000000000000, 0.9238795325112867400, 1.000000000000000000 ) ) 
 REPRESENTATION_ITEM ( '' )  );
#1660 = CARTESIAN_POINT ( 'NONE',  ( 0.0006814843295006801000, -0.09586364596496331500, -0.3819494220167774500 ) ) ;
#1661 = DIRECTION ( 'NONE',  ( 0.0000000000000000000, 0.0000000000000000000, -1.000000000000000000 ) ) ;
#1662 = CARTESIAN_POINT ( 'NONE',  ( -0.03832471526136901900, 0.09252404735808419900, -0.3056249999999999800 ) ) ;
#1663 = CARTESIAN_POINT ( 'NONE',  ( 0.1250000000000001400, -2.693736393049096200E-017, -0.3524999999999999200 ) ) ;
#1664 = EDGE_CURVE ( 'NONE', #1714, #2169, #167, .T. ) ;
#1665 = CARTESIAN_POINT ( 'NONE',  ( -0.06542438130972659500, 0.06542438130972659500, 0.1912500000000001700 ) ) ;
#1666 = ORIENTED_EDGE ( 'NONE', *, *, #2381, .T. ) ;
#1667 = AXIS2_PLACEMENT_3D ( 'NONE', #2081, #2065, #1156 ) ;
#1668 = VERTEX_POINT ( 'NONE', #1338 ) ;
#1669 = CARTESIAN_POINT ( 'NONE',  ( 0.1277063293868266600, 0.05289769363290938000, -0.2946874999999999900 ) ) ;
#1670 = ORIENTED_EDGE ( 'NONE', *, *, #251, .T. ) ;
#1671 = CARTESIAN_POINT ( 'NONE',  ( 0.06542438130972659500, -0.06542438130972660900, -0.1837499999999998600 ) ) ;
#1672 = CARTESIAN_POINT ( 'NONE',  ( 0.08509725888888793100, 0.05316070672311241900, -0.3773981655646879200 ) ) ;
#1673 = CARTESIAN_POINT ( 'NONE',  ( -0.08838834764831853000, 0.08838834764831854400, -0.2774999999999998600 ) ) ;
#1674 = CARTESIAN_POINT ( 'NONE',  ( 0.1874999999999999400, -0.09071216770988191300, 0.1937217281500576100 ) ) ;
#1675 = CARTESIAN_POINT ( 'NONE',  ( -0.06542438130972659500, 0.06542438130972660900, -0.3024999999999999400 ) ) ;
#1676 = CARTESIAN_POINT ( 'NONE',  ( -0.05177669529663697000, -0.1250000000000001400, 0.08187500000000015600 ) ) ;
#1677 = CARTESIAN_POINT ( 'NONE',  ( -0.03832471526136901900, -0.09252404735808419900, 0.1068750000000001400 ) ) ;
#1678 = ORIENTED_EDGE ( 'NONE', *, *, #755, .F. ) ;
#1679 = CARTESIAN_POINT ( 'NONE',  ( 0.05289769363290944300, 0.1277063293868266300, -0.08843749999999993300 ) ) ;
#1680 = CARTESIAN_POINT ( 'NONE',  ( -0.09252404735808418500, -0.03832471526136900500, -0.1993749999999999100 ) ) ;
#1681 = CARTESIAN_POINT ( 'NONE',  ( 0.0006501848734287738000, 0.1053781999902262700, -0.3723445077928568800 ) ) ;
#1682 = CARTESIAN_POINT ( 'NONE',  ( 0.04783653293589118500, -0.09315307194145973400, -0.3730805748615417800 ) ) ;
#1683 = VERTEX_POINT ( 'NONE', #1627 ) ;
#1684 = CARTESIAN_POINT ( 'NONE',  ( 0.1874999999999999700, -0.07264891038029479300, 0.1979962141104685500 ) ) ;
#1685 = CARTESIAN_POINT ( 'NONE',  ( 0.06542438130972659500, -0.06542438130972662300, -0.2274999999999999000 ) ) ;
#1686 = APPROVAL_PERSON_ORGANIZATION ( #3121, #3632, #1742 ) ;
#1687 = CARTESIAN_POINT ( 'NONE',  ( -0.1250000000000001400, 3.678806048192898800E-018, -0.3274999999999999000 ) ) ;
#1688 = CARTESIAN_POINT ( 'NONE',  ( -0.1567185627802048800, 0.1260248465379470200, 0.1979827786308947500 ) ) ;
#1689 = CARTESIAN_POINT ( 'NONE',  ( -0.03832471526136901200, 0.09252404735808419900, 0.1381250000000001600 ) ) ;
#1690 = CARTESIAN_POINT ( 'NONE',  ( 0.1250000000000001400, -2.693736393049096200E-017, -0.2024999999999999300 ) ) ;
#1691 = CARTESIAN_POINT ( 'NONE',  ( 0.0000000000000000000, 0.1277063293868266600, -0.03531249999999994100 ) ) ;
#1692 = CARTESIAN_POINT ( 'NONE',  ( 0.06542438130972660900, 0.06542438130972656800, -0.2712499999999998800 ) ) ;
#1693 = APPROVAL ( #1130, 'UNSPECIFIED' ) ;
#1694 = DIRECTION ( 'NONE',  ( 1.000000000000000000, 0.0000000000000000000, 0.0000000000000000000 ) ) ;
#1695 = CARTESIAN_POINT ( 'NONE',  ( 0.03320111148519487600, -0.08657237697691680400, -0.3849759526419159200 ) ) ;
#1696 = CARTESIAN_POINT ( 'NONE',  ( -1.133092784412359100E-017, -0.09252404735808418500, -0.1399999999999998500 ) ) ;
#1697 = CARTESIAN_POINT ( 'NONE',  ( -1.133092784412359400E-017, -0.09252404735808419900, -0.2337499999999999000 ) ) ;
#1698 = CARTESIAN_POINT ( 'NONE',  ( -0.05691944531484937500, -0.1038318592264085300, 0.09119014283632981300 ) ) ;
#1699 = CARTESIAN_POINT ( 'NONE',  ( -0.09252404735808419900, -0.03832471526136901200, -0.3431249999999999000 ) ) ;
#1700 = CARTESIAN_POINT ( 'NONE',  ( 0.1250000000000001400, -2.693736393049096200E-017, 0.09750000000000011400 ) ) ;
#1701 = CARTESIAN_POINT ( 'NONE',  ( 0.09030201150986801000, -0.09030201150986802400, -0.05406249999999990900 ) ) ;
#1702 = CARTESIAN_POINT ( 'NONE',  ( 0.09252404735808418500, -0.03832471526136906100, -0.2806249999999998500 ) ) ;
#1703 = DIRECTION ( 'NONE',  ( -0.0000000000000000000, -0.0000000000000000000, 1.000000000000000000 ) ) ;
#1704 = CARTESIAN_POINT ( 'NONE',  ( -0.03832471526136901900, 0.09252404735808419900, -0.3556249999999999100 ) ) ;
#1705 = CARTESIAN_POINT ( 'NONE',  ( -0.03832471526136902600, -0.09252404735808418500, -0.03687499999999986600 ) ) ;
#1706 = CARTESIAN_POINT ( 'NONE',  ( -0.09252404735808419900, 0.03832471526136901200, -0.2993749999999998900 ) ) ;
#1707 = EDGE_CURVE ( 'NONE', #2028, #1756, #1849, .T. ) ;
#1708 = DIRECTION ( 'NONE',  ( -0.0000000000000000000, -0.0000000000000000000, 1.000000000000000000 ) ) ;
#1709 = ORIENTED_EDGE ( 'NONE', *, *, #1193, .F. ) ;
#1710 = DIRECTION ( 'NONE',  ( -1.000000000000000000, 0.0000000000000000000, 0.0000000000000000000 ) ) ;
#1711 = CIRCLE ( 'NONE', #1816, 0.1781250000000000300 ) ;
#1712 = CARTESIAN_POINT ( 'NONE',  ( 0.09252404735808419900, -0.03832471526136906100, -0.1306249999999998500 ) ) ;
#1713 = EDGE_LOOP ( 'NONE', ( #1678, #3681, #920, #643 ) ) ;
#1714 = VERTEX_POINT ( 'NONE', #3380 ) ;
#1715 = AXIS2_PLACEMENT_3D ( 'NONE', #3556, #45, #3855 ) ;
#1716 = CARTESIAN_POINT ( 'NONE',  ( 0.0000000000000000000, 0.1277063293868266600, 0.06468750000000009200 ) ) ;
#1717 = CARTESIAN_POINT ( 'NONE',  ( 0.03832471526136898400, -0.09252404735808418500, 0.01312500000000015000 ) ) ;
#1718 = DIRECTION ( 'NONE',  ( 1.000000000000000000, 0.0000000000000000000, 0.0000000000000000000 ) ) ;
#1719 = CARTESIAN_POINT ( 'NONE',  ( 0.1568275101562807700, -0.1259619457410421400, 0.3834773387543239900 ) ) ;
#1720 = CARTESIAN_POINT ( 'NONE',  ( -0.06542438130972659500, 0.06542438130972660900, -0.1024999999999999000 ) ) ;
#1721 = CARTESIAN_POINT ( 'NONE',  ( 0.1192399688430822600, -2.587926337259468600E-017, 0.09417444446101290400 ) ) ;
#1722 = ORIENTED_EDGE ( 'NONE', *, *, #3000, .F. ) ;
#1723 = CARTESIAN_POINT ( 'NONE',  ( 0.06542438130972659500, -0.06542438130972660900, -0.3274999999999999000 ) ) ;
#1724 = DIRECTION ( 'NONE',  ( -1.000000000000000000, 0.0000000000000000000, 0.0000000000000000000 ) ) ;
#1725 = CARTESIAN_POINT ( 'NONE',  ( -0.1249999999999999200, 0.05177669529663717100, 0.06937500000000013100 ) ) ;
#1726 =( BOUNDED_SURFACE ( )  B_SPLINE_SURFACE ( 1, 2, ( 
 ( #860, #3525, #2432, #2999, #2099, #1515, #40, #3596, #2416, #901, #56, #2989, #1222, #3266, #3585, #939, #3608, #1808, #1247, #2400, #633, #619, #27, #3300, #2691, #2094, #1218, #312, #3280, #1524, #586, #2080, #3562, #1805, #1464, #2701, #23, #9, #1792, #1494, #3594, #3837, #1174, #328, #891, #288, #2110, #298, #3244, #899, #1819, #35, #1765, #933, #2412, #2056, #2358, #2669, #574, #274, #2649, #875, #2397, #629, #2372, #3229, #2388, #2950, #3263, #3538, #2064, #1188, #601, #2984, #2659, #1202, #1512, #1476, #1781, #2966, #3550, #3255, #614, #3850, #3580, #2686, #914, #2995, #1231, #975, #3633, #1846, #3655, #675, #1872, #3644, #2149, #2744, #1882, #1595, #987, #3047, #352, #1859, #3333, #3061, #73, #3038, #2729, #383, #1557, #3295, #3347, #1581, #2121, #343, #2463, #1541, #1269, #3320, #85, #99, #2427, #1285, #3620, #685, #369, #52, #960, #2759, #2172, #660, #951, #646, #2447, #1568, #2440, #395, #1293, #2476, #699, #2766, #3009, #2159, #1243, #3605, #1832, #2712, #2137, #3025, #1255, #3308, #64, #1929, #1034, #147, #3120, #1351, #421, #1920, #3382, #1642, #1306, #2529, #3703, #3691, #1629, #1330, #3407, #3666, #999, #156, #722, #122, #1940, #134, #3085, #733, #1653, #3717, #1611, #757, #2237, #1894, #2187, #2512, #405, #111, #2485, #710, #2222, #455, #2199, #3072, #2209, #2782, #3108, #3356, #1907, #1006, #433, #2809, #2497, #1019, #1339, #1315, #1619, #2800, #3367 ),
 ( #3683, #3397, #441, #3094, #2520, #747, #2818, #1043, #516, #767, #1364, #179, #2592, #3730, #804, #778, #2248, #1704, #2887, #2555, #2271, #1083, #3157, #471, #2832, #2539, #2871, #1093, #1976, #3131, #2843, #3423, #3168, #1662, #1675, #3477, #190, #3436, #3448, #2287, #1379, #3781, #217, #1371, #1068, #502, #1956, #489, #200, #1107, #2565, #3180, #3141, #3767, #1393, #2001, #1697, #168, #1685, #2296, #3752, #3737, #1967, #1053, #3460, #792, #2259, #479, #2855, #1989, #2576, #1406, #1470, #2937, #1444, #581, #851, #1183, #2898, #1416, #1744, #253, #3846, #2626, #2614, #1165, #815, #2324, #1122, #839, #283, #3192, #2923, #3239, #527, #1146, #268, #3491, #1720, #3544, #2341, #3793, #3825, #2035, #825, #1774, #542, #2011, #227, #2353, #2366, #2060, #3214, #570, #2308, #2640, #2603, #2909, #1133, #868, #3204, #3222, #1430, #1457, #3502, #1733, #3517, #240, #3810, #3531, #556, #2019, #1759, #3833, #2050, #2946, #3483, #2801, #3329, #1266, #2118, #3056, #3035, #640, #95, #1290, #957, #671, #3316, #1565, #2709, #995, #947, #1280, #1577, #363, #1534, #3022, #3603, #3641, #1829, #62, #1879, #2445, #1842, #1855, #682, #3631, #2166, #2472, #3615, #1253, #2755, #47, #2738, #2457, #3344, #969, #1590, #3305, #2156, #1867, #391, #81, #340, #71, #696, #2145, #1554, #2423, #2765, #380, #3044, #2132, #1241, #657, #350, #983, #3652, #3291, #2437, #2720, #2825, #3104, #3402, #1300, #3663, #131, #2506 ) ),
 .UNSPECIFIED., .F., .F., .F. ) 
 B_SPLINE_SURFACE_WITH_KNOTS ( ( 2, 2 ),
 ( 3, 2, 2, 2, 2, 2, 2, 2, 2, 2, 2, 2, 2, 2, 2, 2, 2, 2, 2, 2, 2, 2, 2, 2, 2, 2, 2, 2, 2, 2, 2, 2, 2, 2, 2, 2, 2, 2, 2, 2, 2, 2, 2, 2, 2, 2, 2, 2, 2, 2, 2, 2, 2, 2, 2, 2, 2, 2, 2, 2, 2, 2, 2, 2, 2, 2, 2, 2, 2, 2, 2, 2, 2, 2, 2, 2, 2, 2, 2, 2, 2, 2, 2, 2, 2, 2, 2, 2, 2, 2, 2, 2, 2, 2, 2, 2, 2, 2, 2, 2, 2, 2, 2, 2, 3 ),
 ( 0.0000000000000000000, 1.000000000000000000 ),
 ( 0.0000000000000000000, 0.009615384615384615900, 0.01923076923076923200, 0.02884615384615384800, 0.03846153846153846400, 0.04807692307692308000, 0.05769230769230769600, 0.06730769230769230400, 0.07692307692307692700, 0.08653846153846153600, 0.09615384615384615900, 0.1057692307692307700, 0.1153846153846153900, 0.1250000000000000000, 0.1346153846153846100, 0.1442307692307692200, 0.1538461538461538500, 0.1634615384615384600, 0.1730769230769230700, 0.1826923076923076800, 0.1923076923076923200, 0.2019230769230769300, 0.2115384615384615400, 0.2211538461538461500, 0.2307692307692307800, 0.2403846153846153900, 0.2500000000000000000, 0.2596153846153846400, 0.2692307692307692200, 0.2788461538461538500, 0.2884615384615384400, 0.2980769230769230700, 0.3076923076923077100, 0.3173076923076922900, 0.3269230769230769300, 0.3365384615384615600, 0.3461538461538461500, 0.3557692307692307800, 0.3653846153846153600, 0.3750000000000000000, 0.3846153846153846400, 0.3942307692307692200, 0.4038461538461538500, 0.4134615384615384400, 0.4230769230769230700, 0.4326923076923077100, 0.4423076923076922900, 0.4519230769230769300, 0.4615384615384615600, 0.4711538461538461500, 0.4807692307692307800, 0.4903846153846153600, 0.5000000000000000000, 0.5096153846153845800, 0.5192307692307692700, 0.5288461538461538500, 0.5384615384615384400, 0.5480769230769231300, 0.5576923076923077100, 0.5673076923076922900, 0.5769230769230768700, 0.5865384615384615600, 0.5961538461538461500, 0.6057692307692307300, 0.6153846153846154200, 0.6250000000000000000, 0.6346153846153845800, 0.6442307692307692700, 0.6538461538461538500, 0.6634615384615384400, 0.6730769230769231300, 0.6826923076923077100, 0.6923076923076922900, 0.7019230769230768700, 0.7115384615384615600, 0.7211538461538461500, 0.7307692307692307300, 0.7403846153846154200, 0.7500000000000000000, 0.7596153846153845800, 0.7692307692307692700, 0.7788461538461538500, 0.7884615384615384400, 0.7980769230769231300, 0.8076923076923077100, 0.8173076923076922900, 0.8269230769230768700, 0.8365384615384615600, 0.8461538461538461500, 0.8557692307692307300, 0.8653846153846154200, 0.8750000000000000000, 0.8846153846153845800, 0.8942307692307692700, 0.9038461538461538500, 0.9134615384615384400, 0.9230769230769231300, 0.9326923076923077100, 0.9423076923076922900, 0.9519230769230768700, 0.9615384615384615600, 0.9711538461538461500, 0.9807692307692307300, 0.9903846153846154200, 1.000000000000000000 ),
 .UNSPECIFIED. ) 
 GEOMETRIC_REPRESENTATION_ITEM ( )  RATIONAL_B_SPLINE_SURFACE ( (
 ( 1.000000000000000000, 0.9238795325112867400, 1.000000000000000000, 0.9238795325112867400, 1.000000000000000000, 0.9238795325112867400, 1.000000000000000000, 0.9238795325112867400, 1.000000000000000000, 0.9238795325112867400, 1.000000000000000000, 0.9238795325112867400, 1.000000000000000000, 0.9238795325112867400, 1.000000000000000000, 0.9238795325112867400, 1.000000000000000000, 0.9238795325112867400, 1.000000000000000000, 0.9238795325112867400, 1.000000000000000000, 0.9238795325112867400, 1.000000000000000000, 0.9238795325112867400, 1.000000000000000000, 0.9238795325112867400, 1.000000000000000000, 0.9238795325112867400, 1.000000000000000000, 0.9238795325112867400, 1.000000000000000000, 0.9238795325112867400, 1.000000000000000000, 0.9238795325112867400, 1.000000000000000000, 0.9238795325112867400, 1.000000000000000000, 0.9238795325112867400, 1.000000000000000000, 0.9238795325112867400, 1.000000000000000000, 0.9238795325112867400, 1.000000000000000000, 0.9238795325112867400, 1.000000000000000000, 0.9238795325112867400, 1.000000000000000000, 0.9238795325112867400, 1.000000000000000000, 0.9238795325112867400, 1.000000000000000000, 0.9238795325112867400, 1.000000000000000000, 0.9238795325112867400, 1.000000000000000000, 0.9238795325112867400, 1.000000000000000000, 0.9238795325112867400, 1.000000000000000000, 0.9238795325112867400, 1.000000000000000000, 0.9238795325112867400, 1.000000000000000000, 0.9238795325112867400, 1.000000000000000000, 0.9238795325112867400, 1.000000000000000000, 0.9238795325112867400, 1.000000000000000000, 0.9238795325112867400, 1.000000000000000000, 0.9238795325112867400, 1.000000000000000000, 0.9238795325112867400, 1.000000000000000000, 0.9238795325112867400, 1.000000000000000000, 0.9238795325112867400, 1.000000000000000000, 0.9238795325112867400, 1.000000000000000000, 0.9238795325112867400, 1.000000000000000000, 0.9238795325112867400, 1.000000000000000000, 0.9238795325112867400, 1.000000000000000000, 0.9238795325112867400, 1.000000000000000000, 0.9238795325112867400, 1.000000000000000000, 0.9238795325112867400, 1.000000000000000000, 0.9238795325112867400, 1.000000000000000000, 0.9238795325112867400, 1.000000000000000000, 0.9238795325112867400, 1.000000000000000000, 0.9238795325112867400, 1.000000000000000000, 0.9238795325112867400, 1.000000000000000000, 0.9238795325112867400, 1.000000000000000000, 0.9238795325112867400, 1.000000000000000000, 0.9238795325112867400, 1.000000000000000000, 0.9238795325112867400, 1.000000000000000000, 0.9238795325112867400, 1.000000000000000000, 0.9238795325112867400, 1.000000000000000000, 0.9238795325112867400, 1.000000000000000000, 0.9238795325112867400, 1.000000000000000000, 0.9238795325112867400, 1.000000000000000000, 0.9238795325112867400, 1.000000000000000000, 0.9238795325112867400, 1.000000000000000000, 0.9238795325112867400, 1.000000000000000000, 0.9238795325112867400, 1.000000000000000000, 0.9238795325112867400, 1.000000000000000000, 0.9238795325112867400, 1.000000000000000000, 0.9238795325112867400, 1.000000000000000000, 0.9238795325112867400, 1.000000000000000000, 0.9238795325112867400, 1.000000000000000000, 0.9238795325112867400, 1.000000000000000000, 0.9238795325112867400, 1.000000000000000000, 0.9238795325112867400, 1.000000000000000000, 0.9238795325112867400, 1.000000000000000000, 0.9238795325112867400, 1.000000000000000000, 0.9238795325112867400, 1.000000000000000000, 0.9238795325112867400, 1.000000000000000000, 0.9238795325112867400, 1.000000000000000000, 0.9238795325112867400, 1.000000000000000000, 0.9238795325112867400, 1.000000000000000000, 0.9238795325112867400, 1.000000000000000000, 0.9238795325112867400, 1.000000000000000000, 0.9238795325112867400, 1.000000000000000000, 0.9238795325112867400, 1.000000000000000000, 0.9238795325112867400, 1.000000000000000000, 0.9238795325112867400, 1.000000000000000000, 0.9238795325112867400, 1.000000000000000000, 0.9238795325112867400, 1.000000000000000000, 0.9238795325112867400, 1.000000000000000000, 0.9238795325112867400, 1.000000000000000000, 0.9238795325112867400, 1.000000000000000000, 0.9238795325112867400, 1.000000000000000000, 0.9238795325112867400, 1.000000000000000000, 0.9238795325112867400, 1.000000000000000000, 0.9238795325112867400, 1.000000000000000000, 0.9238795325112867400, 1.000000000000000000, 0.9238795325112867400, 1.000000000000000000, 0.9238795325112867400, 1.000000000000000000, 0.9238795325112867400, 1.000000000000000000, 0.9238795325112867400, 1.000000000000000000, 0.9238795325112867400, 1.000000000000000000, 0.9238795325112867400, 1.000000000000000000, 0.9238795325112867400, 1.000000000000000000, 0.9238795325112867400, 1.000000000000000000, 0.9238795325112867400, 1.000000000000000000),
 ( 1.000000000000000000, 0.9238795325112867400, 1.000000000000000000, 0.9238795325112867400, 1.000000000000000000, 0.9238795325112867400, 1.000000000000000000, 0.9238795325112867400, 1.000000000000000000, 0.9238795325112867400, 1.000000000000000000, 0.9238795325112867400, 1.000000000000000000, 0.9238795325112867400, 1.000000000000000000, 0.9238795325112867400, 1.000000000000000000, 0.9238795325112867400, 1.000000000000000000, 0.9238795325112867400, 1.000000000000000000, 0.9238795325112867400, 1.000000000000000000, 0.9238795325112867400, 1.000000000000000000, 0.9238795325112867400, 1.000000000000000000, 0.9238795325112867400, 1.000000000000000000, 0.9238795325112867400, 1.000000000000000000, 0.9238795325112867400, 1.000000000000000000, 0.9238795325112867400, 1.000000000000000000, 0.9238795325112867400, 1.000000000000000000, 0.9238795325112867400, 1.000000000000000000, 0.9238795325112867400, 1.000000000000000000, 0.9238795325112867400, 1.000000000000000000, 0.9238795325112867400, 1.000000000000000000, 0.9238795325112867400, 1.000000000000000000, 0.9238795325112867400, 1.000000000000000000, 0.9238795325112867400, 1.000000000000000000, 0.9238795325112867400, 1.000000000000000000, 0.9238795325112867400, 1.000000000000000000, 0.9238795325112867400, 1.000000000000000000, 0.9238795325112867400, 1.000000000000000000, 0.9238795325112867400, 1.000000000000000000, 0.9238795325112867400, 1.000000000000000000, 0.9238795325112867400, 1.000000000000000000, 0.9238795325112867400, 1.000000000000000000, 0.9238795325112867400, 1.000000000000000000, 0.9238795325112867400, 1.000000000000000000, 0.9238795325112867400, 1.000000000000000000, 0.9238795325112867400, 1.000000000000000000, 0.9238795325112867400, 1.000000000000000000, 0.9238795325112867400, 1.000000000000000000, 0.9238795325112867400, 1.000000000000000000, 0.9238795325112867400, 1.000000000000000000, 0.9238795325112867400, 1.000000000000000000, 0.9238795325112867400, 1.000000000000000000, 0.9238795325112867400, 1.000000000000000000, 0.9238795325112867400, 1.000000000000000000, 0.9238795325112867400, 1.000000000000000000, 0.9238795325112867400, 1.000000000000000000, 0.9238795325112867400, 1.000000000000000000, 0.9238795325112867400, 1.000000000000000000, 0.9238795325112867400, 1.000000000000000000, 0.9238795325112867400, 1.000000000000000000, 0.9238795325112867400, 1.000000000000000000, 0.9238795325112867400, 1.000000000000000000, 0.9238795325112867400, 1.000000000000000000, 0.9238795325112867400, 1.000000000000000000, 0.9238795325112867400, 1.000000000000000000, 0.9238795325112867400, 1.000000000000000000, 0.9238795325112867400, 1.000000000000000000, 0.9238795325112867400, 1.000000000000000000, 0.9238795325112867400, 1.000000000000000000, 0.9238795325112867400, 1.000000000000000000, 0.9238795325112867400, 1.000000000000000000, 0.9238795325112867400, 1.000000000000000000, 0.9238795325112867400, 1.000000000000000000, 0.9238795325112867400, 1.000000000000000000, 0.9238795325112867400, 1.000000000000000000, 0.9238795325112867400, 1.000000000000000000, 0.9238795325112867400, 1.000000000000000000, 0.9238795325112867400, 1.000000000000000000, 0.9238795325112867400, 1.000000000000000000, 0.9238795325112867400, 1.000000000000000000, 0.9238795325112867400, 1.000000000000000000, 0.9238795325112867400, 1.000000000000000000, 0.9238795325112867400, 1.000000000000000000, 0.9238795325112867400, 1.000000000000000000, 0.9238795325112867400, 1.000000000000000000, 0.9238795325112867400, 1.000000000000000000, 0.9238795325112867400, 1.000000000000000000, 0.9238795325112867400, 1.000000000000000000, 0.9238795325112867400, 1.000000000000000000, 0.9238795325112867400, 1.000000000000000000, 0.9238795325112867400, 1.000000000000000000, 0.9238795325112867400, 1.000000000000000000, 0.9238795325112867400, 1.000000000000000000, 0.9238795325112867400, 1.000000000000000000, 0.9238795325112867400, 1.000000000000000000, 0.9238795325112867400, 1.000000000000000000, 0.9238795325112867400, 1.000000000000000000, 0.9238795325112867400, 1.000000000000000000, 0.9238795325112867400, 1.000000000000000000, 0.9238795325112867400, 1.000000000000000000, 0.9238795325112867400, 1.000000000000000000, 0.9238795325112867400, 1.000000000000000000, 0.9238795325112867400, 1.000000000000000000, 0.9238795325112867400, 1.000000000000000000, 0.9238795325112867400, 1.000000000000000000, 0.9238795325112867400, 1.000000000000000000, 0.9238795325112867400, 1.000000000000000000, 0.9238795325112867400, 1.000000000000000000, 0.9238795325112867400, 1.000000000000000000, 0.9238795325112867400, 1.000000000000000000, 0.9238795325112867400, 1.000000000000000000, 0.9238795325112867400, 1.000000000000000000, 0.9238795325112867400, 1.000000000000000000) ) ) 
 REPRESENTATION_ITEM ( '' )  SURFACE ( )  );
#1727 = LINE ( 'NONE', #1170, #1496 ) ;
#1728 = VERTEX_POINT ( 'NONE', #3084 ) ;
#1729 = VERTEX_POINT ( 'NONE', #2207 ) ;
#1730 = CARTESIAN_POINT ( 'NONE',  ( 0.09030201150986802400, 0.09030201150986798300, 0.05843750000000005200 ) ) ;
#1731 = EDGE_CURVE ( 'NONE', #736, #1436, #1270, .T. ) ;
#1732 = CARTESIAN_POINT ( 'NONE',  ( 0.06268568791940154500, -0.06934275889247128200, 0.02247014923420322100 ) ) ;
#1733 = CARTESIAN_POINT ( 'NONE',  ( 0.09252404735808419900, 0.03832471526136903300, -0.01812499999999989500 ) ) ;
#1734 = CARTESIAN_POINT ( 'NONE',  ( -0.1101066470600643400, -0.03856097037397533700, 0.08638208341199146700 ) ) ;
#1735 = CARTESIAN_POINT ( 'NONE',  ( -1.133092784412359100E-017, -0.09252404735808418500, -0.3837499999999999200 ) ) ;
#1736 = CARTESIAN_POINT ( 'NONE',  ( 0.05177669529663702500, 0.1250000000000001100, 0.006875000000000124900 ) ) ;
#1737 = AXIS2_PLACEMENT_3D ( 'NONE', #550, #3508, #2620 ) ;
#1738 = CARTESIAN_POINT ( 'NONE',  ( 0.09619984421541016900, -2.164686114100947900E-017, 0.03087222230506369800 ) ) ;
#1739 = CARTESIAN_POINT ( 'NONE',  ( 0.1258109773636763000, 0.1438693492981812400, 0.2053813928108440800 ) ) ;
#1740 = CARTESIAN_POINT ( 'NONE',  ( 0.1095493371825468800, -0.1532580116342211200, 0.2050192523678380000 ) ) ;
#1741 = CARTESIAN_POINT ( 'NONE',  ( 0.2548000000000000300, 2.748606125706364700E-017, 0.1374507732164213800 ) ) ;
#1742 = APPROVAL_ROLE ( '' ) ;
#1743 = CARTESIAN_POINT ( 'NONE',  ( 0.01936309946038314000, -0.1126785921971752600, 0.08002027564418354200 ) ) ;
#1744 = CARTESIAN_POINT ( 'NONE',  ( 0.0000000000000000000, 0.09252404735808419900, -0.1587499999999998900 ) ) ;
#1745 = CARTESIAN_POINT ( 'NONE',  ( 0.0000000000000000000, 0.09252404735808418500, -0.3587499999999999000 ) ) ;
#1746 = CARTESIAN_POINT ( 'NONE',  ( 0.08838834764831854400, 0.08838834764831853000, 0.01000000000000015300 ) ) ;
#1747 = CARTESIAN_POINT ( 'NONE',  ( -0.05177669529663694900, -0.1250000000000001400, -0.06187499999999982600 ) ) ;
#1748 = CARTESIAN_POINT ( 'NONE',  ( -0.06542438130972659500, -0.06542438130972659500, -0.2962499999999999000 ) ) ;
#1749 = CARTESIAN_POINT ( 'NONE',  ( -0.08838834764831853000, 0.08838834764831854400, -0.03374999999999986300 ) ) ;
#1750 = CARTESIAN_POINT ( 'NONE',  ( 0.05289769363290933200, -0.1277063293868267200, 0.1428125000000001200 ) ) ;
#1751 = EDGE_CURVE ( 'NONE', #1987, #2218, #2977, .T. ) ;
#1752 = VERTEX_POINT ( 'NONE', #199 ) ;
#1753 = CARTESIAN_POINT ( 'NONE',  ( 0.01532666246877352800, 0.2076574982439846600, 0.1937669628627015900 ) ) ;
#1754 = CARTESIAN_POINT ( 'NONE',  ( 0.0000000000000000000, 0.1250000000000001400, -0.08999999999999991300 ) ) ;
#1755 = CARTESIAN_POINT ( 'NONE',  ( -0.09252404735808419900, 1.690227475583729900E-018, -0.2962499999999999000 ) ) ;
#1756 = VERTEX_POINT ( 'NONE', #3728 ) ;
#1757 = CARTESIAN_POINT ( 'NONE',  ( 0.1181112640206205500, -0.01477144251724319400, 0.09296511123926520800 ) ) ;
#1758 = ORIENTED_EDGE ( 'NONE', *, *, #1979, .F. ) ;
#1759 = CARTESIAN_POINT ( 'NONE',  ( -0.09252404735808419900, 1.690227475583729900E-018, 0.003750000000000130800 ) ) ;
#1760 = CARTESIAN_POINT ( 'NONE',  ( 0.1874999999999999400, 0.09074510673234334500, 0.3783073195732750700 ) ) ;
#1761 = CARTESIAN_POINT ( 'NONE',  ( -1.133092784412359100E-017, -0.09252404735808418500, -0.08374999999999989400 ) ) ;
#1762 = AXIS2_PLACEMENT_3D ( 'NONE', #2931, #1466, #2336 ) ;
#1763 = CARTESIAN_POINT ( 'NONE',  ( 0.0000000000000000000, -3.717939185210915300E-018, -0.3899999999999999600 ) ) ;
#1764 = CARTESIAN_POINT ( 'NONE',  ( 0.09252404735808418500, -2.097162821266345400E-017, -0.2274999999999998700 ) ) ;
#1765 = CARTESIAN_POINT ( 'NONE',  ( -0.1277063293868266600, 3.844520929243675400E-018, -0.2259374999999997900 ) ) ;
#1766 = CARTESIAN_POINT ( 'NONE',  ( 0.1175292810788154400, 0.04005966409523249000, 0.1069843675383776600 ) ) ;
#1767 = FACE_OUTER_BOUND ( 'NONE', #3189, .T. ) ;
#1768 = SECURITY_CLASSIFICATION ( '', '', #2907 ) ;
#1769 = CARTESIAN_POINT ( 'NONE',  ( -0.1277063293868266600, -0.05289769363290934600, 0.1803125000000001300 ) ) ;
#1770 = CARTESIAN_POINT ( 'NONE',  ( -0.05177669529663694200, 0.1250000000000001400, -0.08687499999999989700 ) ) ;
#1771 = CARTESIAN_POINT ( 'NONE',  ( -0.01529796639056607000, 0.2076740659324624000, 0.3783524976032589000 ) ) ;
#1772 = CYLINDRICAL_SURFACE ( 'NONE', #50, 0.1250000000000001400 ) ;
#1773 = VERTEX_POINT ( 'NONE', #2519 ) ;
#1774 = CARTESIAN_POINT ( 'NONE',  ( 0.03832471526136899800, -0.09252404735808421300, -0.08062499999999990500 ) ) ;
#1775 = ADVANCED_FACE ( 'NONE', ( #2927, #2788 ), #3093, .T. ) ;
#1776 = CARTESIAN_POINT ( 'NONE',  ( 0.08838834764831853000, -0.08838834764831854400, 0.09750000000000017000 ) ) ;
#1777 =( BOUNDED_CURVE ( )  B_SPLINE_CURVE ( 2, ( #3400, #3410, #244, #797, #2312, #2607, #2874, #3209, #1097 ),
 .UNSPECIFIED., .F., .F. ) 
 B_SPLINE_CURVE_WITH_KNOTS ( ( 3, 2, 2, 2, 3 ),
 ( 0.8269230769230768700, 0.8365384615384615600, 0.8461538461538461500, 0.8557692307692308400, 0.8653846153846154200 ),
 .UNSPECIFIED. ) 
 CURVE ( )  GEOMETRIC_REPRESENTATION_ITEM ( )  RATIONAL_B_SPLINE_CURVE ( ( 1.000000000000000000, 0.9238795325112867400, 1.000000000000000000, 0.9238795325112867400, 1.000000000000000000, 0.9238795325112867400, 1.000000000000000000, 0.9238795325112867400, 1.000000000000000000 ) ) 
 REPRESENTATION_ITEM ( '' )  );
#1778 = CARTESIAN_POINT ( 'NONE',  ( -0.03832471526136901200, 0.09252404735808419900, -0.1056249999999998900 ) ) ;
#1779 = ORIENTED_EDGE ( 'NONE', *, *, #3439, .T. ) ;
#1780 = CARTESIAN_POINT ( 'NONE',  ( -0.09252404735808419900, -0.03832471526136901200, -0.2993749999999998900 ) ) ;
#1781 = CARTESIAN_POINT ( 'NONE',  ( 0.09030201150986802400, 0.09030201150986798300, -0.1446874999999997700 ) ) ;
#1782 = CARTESIAN_POINT ( 'NONE',  ( -0.09030201150986801000, 0.09030201150986802400, 0.07093750000000005600 ) ) ;
#1783 = CARTESIAN_POINT ( 'NONE',  ( -0.1875000000000000300, 0.01831966140476433800, 0.2054048999000400400 ) ) ;
#1784 = DIRECTION ( 'NONE',  ( -0.0000000000000000000, -0.0000000000000000000, 1.000000000000000000 ) ) ;
#1785 = EDGE_CURVE ( 'NONE', #1604, #3208, #1079, .T. ) ;
#1786 = CARTESIAN_POINT ( 'NONE',  ( -0.1001742125941553900, -0.01369823720564303800, 0.04372420322841625400 ) ) ;
#1787 = CARTESIAN_POINT ( 'NONE',  ( -0.03832471526136901900, -0.09252404735808419900, 0.1068750000000001400 ) ) ;
#1788 = CARTESIAN_POINT ( 'NONE',  ( -0.08838834764831854400, -0.08838834764831853000, -0.3212499999999999800 ) ) ;
#1789 = CARTESIAN_POINT ( 'NONE',  ( 0.03832471526136898400, -0.09252404735808419900, -0.08062499999999990500 ) ) ;
#1790 = CARTESIAN_POINT ( 'NONE',  ( -0.05424291001796692500, -0.1851891922456077000, 0.2023594254068989100 ) ) ;
#1791 = CARTESIAN_POINT ( 'NONE',  ( 0.06542438130972660900, 0.06542438130972656800, -0.3712499999999999100 ) ) ;
#1792 = CARTESIAN_POINT ( 'NONE',  ( -0.09030201150986802400, -0.09030201150986801000, -0.2696874999999998000 ) ) ;
#1793 = CARTESIAN_POINT ( 'NONE',  ( 0.09374999999999997200, -0.1623797632095822200, 0.3899999999999999600 ) ) ;
#1794 = ADVANCED_FACE ( 'NONE', ( #830 ), #1997, .T. ) ;
#1795 = CARTESIAN_POINT ( 'NONE',  ( -0.05289769363290936600, -0.1277063293868266600, 0.1865625000000000800 ) ) ;
#1796 = DIRECTION ( 'NONE',  ( -0.8660254037844388200, 0.4999999999999998300, 0.0000000000000000000 ) ) ;
#1797 = CARTESIAN_POINT ( 'NONE',  ( 0.03832471526136907400, 0.09252404735808418500, -0.3118749999999999600 ) ) ;
#1798 = ADVANCED_BREP_SHAPE_REPRESENTATION ( '95031A124_Low-Strength steel Flanged Hex Head Screws', ( #3099, #698 ), #2484 ) ;
#1799 = DIRECTION ( 'NONE',  ( -0.0000000000000000000, -0.0000000000000000000, 1.000000000000000000 ) ) ;
#1800 = CARTESIAN_POINT ( 'NONE',  ( 0.03832471526136906800, 0.09252404735808419900, 0.1318750000000001900 ) ) ;
#1801 = CARTESIAN_POINT ( 'NONE',  ( 0.1250000000000001400, -2.693736393049096500E-017, 0.1037500000000002000 ) ) ;
#1802 = CARTESIAN_POINT ( 'NONE',  ( 0.03832471526136898400, -0.09252404735808419900, -0.1306249999999998800 ) ) ;
#1803 = CARTESIAN_POINT ( 'NONE',  ( -0.1874999999999999700, 0.0000000000000000000, 0.3899999999999999600 ) ) ;
#1804 = CARTESIAN_POINT ( 'NONE',  ( 0.06542438130972660900, 0.06542438130972656800, -0.2212499999999998600 ) ) ;
#1805 = CARTESIAN_POINT ( 'NONE',  ( -0.05289769363290934600, 0.1277063293868266600, -0.2853124999999998000 ) ) ;
#1806 = EDGE_LOOP ( 'NONE', ( #3202, #3101, #3383, #2678 ) ) ;
#1807 = CARTESIAN_POINT ( 'NONE',  ( 0.0000000000000000000, 0.09252404735808418500, -0.2649999999999998500 ) ) ;
#1808 = CARTESIAN_POINT ( 'NONE',  ( -0.05289769363290934600, 0.1277063293868266600, -0.3353124999999997900 ) ) ;
#1809 = ORIENTED_EDGE ( 'NONE', *, *, #3237, .F. ) ;
#1810 = CARTESIAN_POINT ( 'NONE',  ( 0.09252404735808418500, -0.03832471526136907400, -0.2743749999999998700 ) ) ;
#1811 = ORIENTED_EDGE ( 'NONE', *, *, #2748, .F. ) ;
#1812 = DIRECTION ( 'NONE',  ( -0.0000000000000000000, -0.0000000000000000000, 1.000000000000000000 ) ) ;
#1813 = CARTESIAN_POINT ( 'NONE',  ( 0.09252404735808418500, -2.097162821266345400E-017, -0.02749999999999984400 ) ) ;
#1814 = ADVANCED_FACE ( 'NONE', ( #138 ), #603, .T. ) ;
#1815 = CARTESIAN_POINT ( 'NONE',  ( 0.03832471526136898400, -0.09252404735808419900, -0.1806249999999999000 ) ) ;
#1816 = AXIS2_PLACEMENT_3D ( 'NONE', #3635, #3581, #2996 ) ;
#1817 = DIRECTION ( 'NONE',  ( -0.3420201433256694300, 0.0000000000000000000, 0.9396926207859080900 ) ) ;
#1818 = CONICAL_SURFACE ( 'NONE', #996, 0.1874999999999999700, 1.047197551196600100 ) ;
#1819 = CARTESIAN_POINT ( 'NONE',  ( -0.09030201150986801000, 0.09030201150986802400, -0.2321874999999998000 ) ) ;
#1820 = CARTESIAN_POINT ( 'NONE',  ( -0.03832471526136901900, -0.09252404735808419900, -0.2431249999999998100 ) ) ;
#1821 = AXIS2_PLACEMENT_3D ( 'NONE', #1616, #3091, #364 ) ;
#1822 = ORIENTED_EDGE ( 'NONE', *, *, #2770, .T. ) ;
#1823 = CARTESIAN_POINT ( 'NONE',  ( 0.05177669529663691400, -0.1250000000000001900, -0.3056249999999998700 ) ) ;
#1824 = CARTESIAN_POINT ( 'NONE',  ( -0.03832471526136901900, 0.09252404735808418500, -0.1556249999999999000 ) ) ;
#1825 = ORIENTED_EDGE ( 'NONE', *, *, #3311, .F. ) ;
#1826 = DIRECTION ( 'NONE',  ( -0.0000000000000000000, -0.0000000000000000000, 1.000000000000000000 ) ) ;
#1827 = CARTESIAN_POINT ( 'NONE',  ( 0.09252404735808419900, -0.03832471526136906100, 0.06937500000000021400 ) ) ;
#1828 = CARTESIAN_POINT ( 'NONE',  ( 0.1250000000000001100, -0.05177669529663702500, 0.0006250000000002015700 ) ) ;
#1829 = CARTESIAN_POINT ( 'NONE',  ( 0.0000000000000000000, 0.09252404735808419900, 0.09125000000000015000 ) ) ;
#1830 = CARTESIAN_POINT ( 'NONE',  ( 0.1250000000000001400, -3.717939185210915300E-018, 0.3899999999999999600 ) ) ;
#1831 = CARTESIAN_POINT ( 'NONE',  ( 0.05312415495039451300, 0.09732737580280105500, 0.07054358404665966900 ) ) ;
#1832 = CARTESIAN_POINT ( 'NONE',  ( -0.09030201150986801000, 0.09030201150986802400, 0.06781250000000020600 ) ) ;
#1833 = B_SPLINE_CURVE_WITH_KNOTS ( 'NONE', 3,
 ( #3679, #2739, #3354, #2183, #1608, #2459, #1578, #3642, #2196, #1869, #3664, #707, #3403, #729, #163, #478, #143, #1658, #2220, #2537, #3735, #2245, #2827, #3138, #2550, #439 ),
 .UNSPECIFIED., .F., .F.,
 ( 4, 2, 2, 2, 2, 2, 2, 2, 2, 2, 2, 2, 4 ),
 ( 0.01065156958253048400, 0.01109642372336406400, 0.01154127786419764500, 0.01198613200503122500, 0.01243098614586480800, 0.01332069442753196900, 0.01421040270919913000, 0.01510011099086629200, 0.01554496513169987400, 0.01598981927253345300, 0.01643467341336703500, 0.01687952755420061400, 0.01776923583586777600 ),
 .UNSPECIFIED. ) ;
#1834 = CARTESIAN_POINT ( 'NONE',  ( 0.1249999999999998600, -0.05177669529663724700, 0.04437500000000011600 ) ) ;
#1835 = EDGE_CURVE ( 'NONE', #3322, #989, #1883, .T. ) ;
#1836 = CARTESIAN_POINT ( 'NONE',  ( -0.06542438130972659500, 0.06542438130972659500, -0.2087499999999998500 ) ) ;
#1837 = DIRECTION ( 'NONE',  ( -0.0000000000000000000, -0.0000000000000000000, 1.000000000000000000 ) ) ;
#1838 = CARTESIAN_POINT ( 'NONE',  ( -0.06542438130972659500, 0.06542438130972660900, -0.2524999999999998900 ) ) ;
#1839 = EDGE_CURVE ( 'NONE', #1537, #51, #2150, .T. ) ;
#1840 = CARTESIAN_POINT ( 'NONE',  ( 0.06542438130972659500, -0.06542438130972660900, 0.02250000000000010000 ) ) ;
#1841 = CARTESIAN_POINT ( 'NONE',  ( -0.09252404735808418500, 1.690227475583728000E-018, -0.002499999999999836600 ) ) ;
#1842 = CARTESIAN_POINT ( 'NONE',  ( -0.09252404735808419900, 1.690227475583729900E-018, 0.1037500000000001600 ) ) ;
#1843 = CARTESIAN_POINT ( 'NONE',  ( 0.1250000000000005800, 0.05177669529663651200, -0.2493749999999999900 ) ) ;
#1844 = ADVANCED_FACE ( 'NONE', ( #2186 ), #3630, .T. ) ;
#1845 = CARTESIAN_POINT ( 'NONE',  ( -0.1156010166762106200, 6.333863449667399700E-013, 0.08417650555205764800 ) ) ;
#1846 = CARTESIAN_POINT ( 'NONE',  ( 0.1277063293868266300, -0.05289769363290944300, -0.1040624999999997800 ) ) ;
#1847 = CARTESIAN_POINT ( 'NONE',  ( 0.08838834764831853000, -0.08838834764831854400, 0.04125000000000007800 ) ) ;
#1848 = CARTESIAN_POINT ( 'NONE',  ( -0.03832471526136901900, -0.09252404735808419900, -0.2931249999999998600 ) ) ;
#1849 =( BOUNDED_CURVE ( )  B_SPLINE_CURVE ( 2, ( #133, #2198, #720, #404, #709, #1594, #1328, #1928, #1292 ),
 .UNSPECIFIED., .F., .F. ) 
 B_SPLINE_CURVE_WITH_KNOTS ( ( 3, 2, 2, 2, 3 ),
 ( 0.3653846153846154200, 0.3750000000000000600, 0.3846153846153846900, 0.3942307692307692200, 0.4038461538461538500 ),
 .UNSPECIFIED. ) 
 CURVE ( )  GEOMETRIC_REPRESENTATION_ITEM ( )  RATIONAL_B_SPLINE_CURVE ( ( 0.9999999999999995600, 0.9238795325112871800, 1.000000000000000000, 0.9238795325112867400, 1.000000000000000000, 0.9238795325112867400, 1.000000000000000000, 0.9238795325112867400, 1.000000000000000000 ) ) 
 REPRESENTATION_ITEM ( '' )  );
#1850 = CARTESIAN_POINT ( 'NONE',  ( -1.133092784412359400E-017, -0.09252404735808419900, -0.2837499999999998900 ) ) ;
#1851 = CARTESIAN_POINT ( 'NONE',  ( 0.03832471526136898400, -0.09252404735808419900, 0.01937500000000011400 ) ) ;
#1852 = ORIENTED_EDGE ( 'NONE', *, *, #3819, .T. ) ;
#1853 = CARTESIAN_POINT ( 'NONE',  ( -0.03832471526136901900, -0.09252404735808419900, 0.2068750000000002300 ) ) ;
#1854 = ADVANCED_FACE ( 'NONE', ( #2831 ), #2140, .T. ) ;
#1855 = CARTESIAN_POINT ( 'NONE',  ( -0.09252404735808419900, -0.03832471526136901200, 0.1068750000000001400 ) ) ;
#1856 = CARTESIAN_POINT ( 'NONE',  ( 0.1250000000000001400, -2.693736393049096200E-017, -0.2524999999999998900 ) ) ;
#1857 = ORIENTED_EDGE ( 'NONE', *, *, #2228, .F. ) ;
#1858 = ORIENTED_EDGE ( 'NONE', *, *, #1731, .F. ) ;
#1859 = CARTESIAN_POINT ( 'NONE',  ( -0.05289769363290936600, -0.1277063293868266600, -0.06656249999999977500 ) ) ;
#1860 = B_SPLINE_CURVE_WITH_KNOTS ( 'NONE', 3,
 ( #1845, #3294, #1567, #366, #2446, #1579, #1871, #3008, #628, #2120, #3535, #674, #3046, #3643, #562, #855, #2700, #3226, #1462, #931, #1540, #3604, #1831, #342, #2426, #2798, #684, #2185, #2171, #697, #1919, #394 ),
 .UNSPECIFIED., .F., .F.,
 ( 4, 2, 2, 2, 2, 2, 2, 2, 2, 2, 2, 2, 2, 2, 2, 4 ),
 ( 0.01196055225576465400, 0.01251630273788880400, 0.01307205322001295600, 0.01362780370213710600, 0.01418355418426125800, 0.01473930466638540900, 0.01529505514850955900, 0.01585080563063371100, 0.01640655611275786100, 0.01696230659488201200, 0.01751805707700616200, 0.01807380755913031200, 0.01862955804125446300, 0.01974105900550276700, 0.02029680948762692000, 0.02085255996975107100 ),
 .UNSPECIFIED. ) ;
#1861 = CARTESIAN_POINT ( 'NONE',  ( -0.03832471526136901200, 0.09252404735808419900, -0.2618749999999998600 ) ) ;
#1862 = EDGE_CURVE ( 'NONE', #1436, #3416, #1007, .T. ) ;
#1863 = CARTESIAN_POINT ( 'NONE',  ( -0.06542438130972659500, 0.06542438130972660900, -0.1524999999999998900 ) ) ;
#1864 = CARTESIAN_POINT ( 'NONE',  ( -0.09252404735808419900, 0.03832471526136901200, 0.1006250000000001000 ) ) ;
#1865 = CARTESIAN_POINT ( 'NONE',  ( -0.05289769363290934600, 0.1277063293868266600, -0.4321875000000000000 ) ) ;
#1866 = LINE ( 'NONE', #1055, #3243 ) ;
#1867 = CARTESIAN_POINT ( 'NONE',  ( -0.09252404735808419900, -0.03832471526136901200, 0.1568750000000001500 ) ) ;
#1868 = AXIS2_PLACEMENT_3D ( 'NONE', #1521, #641, #3592 ) ;
#1869 = CARTESIAN_POINT ( 'NONE',  ( -0.08884440069755845900, -0.07660941813929395000, -0.3607724461138144800 ) ) ;
#1870 = EDGE_LOOP ( 'NONE', ( #3817, #3800, #3765, #1939, #2494, #861 ) ) ;
#1871 = CARTESIAN_POINT ( 'NONE',  ( -0.1000348543225098400, 0.05592732277511573700, 0.08080481953151059900 ) ) ;
#1872 = CARTESIAN_POINT ( 'NONE',  ( 0.09030201150986802400, 0.09030201150986798300, -0.09468749999999977200 ) ) ;
#1873 = VERTEX_POINT ( 'NONE', #3167 ) ;
#1874 = CARTESIAN_POINT ( 'NONE',  ( 0.08838834764831854400, 0.08838834764831853000, -0.2399999999999998200 ) ) ;
#1875 = CARTESIAN_POINT ( 'NONE',  ( 0.09252404735808419900, -0.03832471526136906100, -0.03062499999999982600 ) ) ;
#1876 = CARTESIAN_POINT ( 'NONE',  ( -0.06542438130972659500, 0.06542438130972660900, -0.05249999999999985200 ) ) ;
#1877 = CARTESIAN_POINT ( 'NONE',  ( -0.09252404735808418500, 1.690227475583728000E-018, 0.2037500000000001300 ) ) ;
#1878 = CARTESIAN_POINT ( 'NONE',  ( 0.03832471526136906800, 0.09252404735808419900, 0.2318750000000001600 ) ) ;
#1879 = CARTESIAN_POINT ( 'NONE',  ( -0.06542438130972659500, 0.06542438130972660900, 0.09750000000000011400 ) ) ;
#1880 = CARTESIAN_POINT ( 'NONE',  ( -0.1250000000000001400, 1.159014580413101600E-017, 0.3899999999999999600 ) ) ;
#1881 = CARTESIAN_POINT ( 'NONE',  ( -0.1250000000000001400, 3.678806048192898800E-018, -0.2774999999999998600 ) ) ;
#1882 = CARTESIAN_POINT ( 'NONE',  ( -0.09030201150986801000, 0.09030201150986802400, -0.08218749999999980200 ) ) ;
#1883 = B_SPLINE_CURVE_WITH_KNOTS ( 'NONE', 3,
 ( #776, #1674, #1684, #2868, #2830, #1091 ),
 .UNSPECIFIED., .F., .F.,
 ( 4, 2, 4 ),
 ( 0.02741141253164804800, 0.02877625049541916700, 0.03014108845919028300 ),
 .UNSPECIFIED. ) ;
#1884 = CARTESIAN_POINT ( 'NONE',  ( -0.1250000000000001400, 3.678806048192898800E-018, -0.02124999999999982100 ) ) ;
#1885 = EDGE_CURVE ( 'NONE', #55, #736, #2448, .T. ) ;
#1886 = CARTESIAN_POINT ( 'NONE',  ( 0.03832471526136906800, 0.09252404735808419900, -0.01812499999999982200 ) ) ;
#1887 = CARTESIAN_POINT ( 'NONE',  ( -0.06542438130972660900, -0.06542438130972659500, -0.08999999999999985800 ) ) ;
#1888 = CARTESIAN_POINT ( 'NONE',  ( -0.03832471526136901900, -0.09252404735808419900, 0.1131250000000001100 ) ) ;
#1889 = CARTESIAN_POINT ( 'NONE',  ( 0.0000000000000000000, 0.1277063293868266600, -0.3353124999999999600 ) ) ;
#1890 = CARTESIAN_POINT ( 'NONE',  ( 0.09252404735808418500, -2.097162821266345400E-017, -0.3774999999999998900 ) ) ;
#1891 = CARTESIAN_POINT ( 'NONE',  ( 0.09644325861305115500, 0.006735659191078519900, 0.03154099786615247000 ) ) ;
#1892 = CC_DESIGN_APPROVAL ( #1693, ( #1768 ) ) ;
#1893 =( BOUNDED_CURVE ( )  B_SPLINE_CURVE ( 2, ( #2197, #719, #1927, #3750, #1080, #452, #1673, #1938, #153 ),
 .UNSPECIFIED., .F., .F. ) 
 B_SPLINE_CURVE_WITH_KNOTS ( ( 3, 2, 2, 2, 3 ),
 ( 0.2115384615384615900, 0.2211538461538462000, 0.2307692307692308100, 0.2403846153846154200, 0.2500000000000000000 ),
 .UNSPECIFIED. ) 
 CURVE ( )  GEOMETRIC_REPRESENTATION_ITEM ( )  RATIONAL_B_SPLINE_CURVE ( ( 0.9999999999999995600, 0.9238795325112871800, 1.000000000000000000, 0.9238795325112867400, 1.000000000000000000, 0.9238795325112867400, 1.000000000000000000, 0.9238795325112867400, 1.000000000000000000 ) ) 
 REPRESENTATION_ITEM ( '' )  );
#1894 = CARTESIAN_POINT ( 'NONE',  ( -0.05289769363290936600, -0.1277063293868266600, 0.1834375000000002000 ) ) ;
#1895 = CARTESIAN_POINT ( 'NONE',  ( -0.08838834764831853000, 0.08838834764831854400, -0.2274999999999998100 ) ) ;
#1896 = CARTESIAN_POINT ( 'NONE',  ( -0.09252404735808418500, 1.690227475583728000E-018, -0.05249999999999985200 ) ) ;
#1897 = ORIENTED_EDGE ( 'NONE', *, *, #3695, .T. ) ;
#1898 = CIRCLE ( 'NONE', #2332, 0.2800000000000000300 ) ;
#1899 = CARTESIAN_POINT ( 'NONE',  ( 0.09252404735808419900, 0.03832471526136902600, 0.2318750000000001600 ) ) ;
#1900 = ORIENTED_EDGE ( 'NONE', *, *, #458, .T. ) ;
#1901 = CARTESIAN_POINT ( 'NONE',  ( -0.05289769363290936600, -0.1277063293868266600, -0.4134374999999999600 ) ) ;
#1902 = ORIENTED_EDGE ( 'NONE', *, *, #2434, .F. ) ;
#1903 = CARTESIAN_POINT ( 'NONE',  ( 0.03832471526136898400, -0.09252404735808419900, -0.3868749999999999100 ) ) ;
#1904 = CARTESIAN_POINT ( 'NONE',  ( -0.03832471526136901900, -0.09252404735808418500, -0.3431249999999998500 ) ) ;
#1905 = PLANE ( 'NONE',  #211 ) ;
#1906 = CARTESIAN_POINT ( 'NONE',  ( 0.008828108671388012300, 0.1014911600785179700, 0.04586342848459767900 ) ) ;
#1907 = CARTESIAN_POINT ( 'NONE',  ( -0.09030201150986802400, -0.09030201150986801000, 0.2303125000000002500 ) ) ;
#1908 = CARTESIAN_POINT ( 'NONE',  ( 0.08838834764831854400, 0.08838834764831853000, 0.06000000000000017100 ) ) ;
#1909 = CARTESIAN_POINT ( 'NONE',  ( -0.1250000000000001400, 3.678806048192898800E-018, -0.07749999999999993000 ) ) ;
#1910 = CARTESIAN_POINT ( 'NONE',  ( -0.06542438130972659500, 0.06542438130972659500, 0.04125000000000014100 ) ) ;
#1911 = CIRCLE ( 'NONE', #392, 0.1250000000000001900 ) ;
#1912 = EDGE_CURVE ( 'NONE', #1683, #587, #988, .T. ) ;
#1913 = ORIENTED_EDGE ( 'NONE', *, *, #1664, .F. ) ;
#1914 = CARTESIAN_POINT ( 'NONE',  ( 0.09252404735808418500, -2.097162821266345400E-017, -0.3774999999999998900 ) ) ;
#1915 = CARTESIAN_POINT ( 'NONE',  ( -0.05289769363290936600, -0.1277063293868266600, -0.1634374999999999600 ) ) ;
#1916 = CARTESIAN_POINT ( 'NONE',  ( 0.09028088490205298000, -0.02024996693388080700, 0.02077305344105832800 ) ) ;
#1917 = CARTESIAN_POINT ( 'NONE',  ( -0.01311996012413918200, 0.1052019016656989700, -0.3717065066484940300 ) ) ;
#1918 = EDGE_LOOP ( 'NONE', ( #3718, #1945, #426, #3464 ) ) ;
#1919 = CARTESIAN_POINT ( 'NONE',  ( 0.1082356167284448800, 0.007325123220566412600, 0.06394023551031910400 ) ) ;
#1920 = CARTESIAN_POINT ( 'NONE',  ( 0.05289769363290944300, 0.1277063293868266300, 0.1084375000000002700 ) ) ;
#1921 = CARTESIAN_POINT ( 'NONE',  ( 0.0000000000000000000, 0.1250000000000001400, -0.2337499999999998700 ) ) ;
#1922 = CARTESIAN_POINT ( 'NONE',  ( 0.03832471526136906800, 0.09252404735808419900, -0.1181249999999998400 ) ) ;
#1923 = CARTESIAN_POINT ( 'NONE',  ( -0.09252404735808419900, -0.03832471526136901200, -0.3493749999999999900 ) ) ;
#1924 = CARTESIAN_POINT ( 'NONE',  ( 0.09030201150986801000, -0.09030201150986802400, -0.2540624999999999700 ) ) ;
#1925 = CARTESIAN_POINT ( 'NONE',  ( -0.06542438130972659500, -0.06542438130972659500, -0.2962499999999999000 ) ) ;
#1926 = CARTESIAN_POINT ( 'NONE',  ( -0.1087538809891284300, 0.02720990983250748400, -0.3656048712364138900 ) ) ;
#1927 = CARTESIAN_POINT ( 'NONE',  ( 0.08838834764831854400, 0.08838834764831853000, -0.2899999999999998700 ) ) ;
#1928 = CARTESIAN_POINT ( 'NONE',  ( -0.1250000000000001400, 0.05177669529663694200, -0.1743749999999998600 ) ) ;
#1929 = CARTESIAN_POINT ( 'NONE',  ( 0.05289769363290933200, -0.1277063293868267200, 0.08968750000000022500 ) ) ;
#1930 = CARTESIAN_POINT ( 'NONE',  ( -0.1250000000000003600, -0.05177669529663669200, 0.07562500000000009500 ) ) ;
#1931 = EDGE_CURVE ( 'NONE', #3843, #1756, #3763, .T. ) ;
#1932 = CARTESIAN_POINT ( 'NONE',  ( 0.1250000000000001400, -2.693736393049096500E-017, -0.04624999999999983300 ) ) ;
#1933 = CARTESIAN_POINT ( 'NONE',  ( -0.06542438130972659500, 0.06542438130972659500, 0.1412500000000001500 ) ) ;
#1934 = AXIS2_PLACEMENT_3D ( 'NONE', #2873, #1044, #1095 ) ;
#1935 = CARTESIAN_POINT ( 'NONE',  ( -0.1277063293868266600, -0.05289769363290934600, -0.2196874999999999500 ) ) ;
#1936 = CARTESIAN_POINT ( 'NONE',  ( -0.09252404735808418500, -0.03832471526136900500, -0.2993749999999998400 ) ) ;
#1937 = CARTESIAN_POINT ( 'NONE',  ( 0.07316636310361228400, 0.07013843902749175600, -0.3763783613001837100 ) ) ;
#1938 = CARTESIAN_POINT ( 'NONE',  ( -0.1250000000000001400, 0.05177669529663694200, -0.2743749999999998700 ) ) ;
#1939 = ORIENTED_EDGE ( 'NONE', *, *, #2322, .F. ) ;
#1940 = CARTESIAN_POINT ( 'NONE',  ( 0.09030201150986802400, 0.09030201150986798300, 0.1553125000000002400 ) ) ;
#1941 = DIRECTION ( 'NONE',  ( 1.224646799147353200E-016, 1.000000000000000000, 0.0000000000000000000 ) ) ;
#1942 = CARTESIAN_POINT ( 'NONE',  ( 0.05177669529663691400, -0.1250000000000001900, -0.06187499999999993700 ) ) ;
#1943 = EDGE_LOOP ( 'NONE', ( #923, #3675, #2774, #532 ) ) ;
#1944 = DIRECTION ( 'NONE',  ( -0.0000000000000000000, -0.0000000000000000000, 1.000000000000000000 ) ) ;
#1945 = ORIENTED_EDGE ( 'NONE', *, *, #3340, .T. ) ;
#1946 = CARTESIAN_POINT ( 'NONE',  ( -1.530808498934193400E-017, -0.1250000000000001400, 0.04125000000000018900 ) ) ;
#1947 = CARTESIAN_POINT ( 'NONE',  ( -0.1277063293868266600, 0.05289769363290935900, -0.3259374999999999400 ) ) ;
#1948 = LINE ( 'NONE', #2255, #175 ) ;
#1949 = CARTESIAN_POINT ( 'NONE',  ( 0.09252404735808418500, 0.03832471526136902600, -0.1743749999999998600 ) ) ;
#1950 = CARTESIAN_POINT ( 'NONE',  ( -0.1118770982577052400, 0.01380488786143302900, -0.3649842497196068000 ) ) ;
#1951 = ORIENTED_EDGE ( 'NONE', *, *, #2589, .F. ) ;
#1952 = DIRECTION ( 'NONE',  ( 0.0000000000000000000, 0.0000000000000000000, -1.000000000000000000 ) ) ;
#1953 = EDGE_CURVE ( 'NONE', #1309, #985, #1597, .T. ) ;
#1954 = CARTESIAN_POINT ( 'NONE',  ( 0.009686382420480298500, -0.09221428871356968100, -0.3849759526419155300 ) ) ;
#1955 = LINE ( 'NONE', #1069, #2883 ) ;
#1956 = CARTESIAN_POINT ( 'NONE',  ( 0.06542438130972662300, 0.06542438130972659500, -0.2649999999999999000 ) ) ;
#1957 = CARTESIAN_POINT ( 'NONE',  ( -0.1250000000000001400, 3.678806048192898800E-018, 0.07250000000000012000 ) ) ;
#1958 = ORIENTED_EDGE ( 'NONE', *, *, #1168, .F. ) ;
#1959 = ORIENTED_EDGE ( 'NONE', *, *, #2451, .T. ) ;
#1960 =( BOUNDED_CURVE ( )  B_SPLINE_CURVE ( 2, ( #1189, #276, #2373 ),
 .UNSPECIFIED., .F., .F. ) 
 B_SPLINE_CURVE_WITH_KNOTS ( ( 3, 3 ),
 ( 0.8269230769230769800, 0.8365384615384615600 ),
 .UNSPECIFIED. ) 
 CURVE ( )  GEOMETRIC_REPRESENTATION_ITEM ( )  RATIONAL_B_SPLINE_CURVE ( ( 0.9999999999999991100, 0.9238795325112876300, 1.000000000000000000 ) ) 
 REPRESENTATION_ITEM ( '' )  );
#1961 = PERSON_AND_ORGANIZATION ( #2767, #3077 ) ;
#1962 = CARTESIAN_POINT ( 'NONE',  ( -0.05289769363290936600, -0.1277063293868266600, -0.2134374999999999700 ) ) ;
#1963 = CARTESIAN_POINT ( 'NONE',  ( 0.1082896564776122000, 0.05448767774756484200, 0.09889291982840729700 ) ) ;
#1964 = CARTESIAN_POINT ( 'NONE',  ( -0.03832471526136900500, 0.09252404735808418500, -0.2618749999999998600 ) ) ;
#1965 = CARTESIAN_POINT ( 'NONE',  ( 0.007486970076873190900, 0.1048063427817163700, -0.3726529784887047700 ) ) ;
#1966 = CARTESIAN_POINT ( 'NONE',  ( 0.05431570440144102600, -0.07490329495353517700, -0.3849759526419160900 ) ) ;
#1967 = CARTESIAN_POINT ( 'NONE',  ( 0.06542438130972662300, 0.06542438130972659500, -0.2149999999999998900 ) ) ;
#1968 = CARTESIAN_POINT ( 'NONE',  ( -0.05177669529663694200, 0.1250000000000001400, -0.3368749999999999200 ) ) ;
#1969 = CARTESIAN_POINT ( 'NONE',  ( 0.0000000000000000000, -3.717939185210915300E-018, -0.3899999999999999600 ) ) ;
#1970 = CARTESIAN_POINT ( 'NONE',  ( 0.06542438130972660900, 0.06542438130972656800, 0.1787500000000001900 ) ) ;
#1971 = CARTESIAN_POINT ( 'NONE',  ( 0.1277063293868266600, -2.743450857364329300E-017, -0.04781249999999994500 ) ) ;
#1972 = CARTESIAN_POINT ( 'NONE',  ( -0.09252404735808418500, -0.03832471526136900500, -0.1493749999999998700 ) ) ;
#1973 = CARTESIAN_POINT ( 'NONE',  ( 0.02218335636174064600, 0.09388182317652248000, 0.03102974108066424900 ) ) ;
#1974 = CARTESIAN_POINT ( 'NONE',  ( -0.1250000000000001400, -0.05177669529663693500, -0.1681249999999998600 ) ) ;
#1975 = CARTESIAN_POINT ( 'NONE',  ( 0.02739247626675259100, -0.08858229015144791800, -0.3849759526419159200 ) ) ;
#1976 = CARTESIAN_POINT ( 'NONE',  ( 0.09252404735808419900, -2.097162821266345700E-017, -0.3212499999999998700 ) ) ;
#1977 = CARTESIAN_POINT ( 'NONE',  ( 0.1250000000000001400, -2.693736393049096200E-017, -0.3024999999999998800 ) ) ;
#1978 = DIRECTION ( 'NONE',  ( 1.000000000000000000, 0.0000000000000000000, 0.0000000000000000000 ) ) ;
#1979 = EDGE_CURVE ( 'NONE', #2218, #2558, #2737, .T. ) ;
#1980 = CARTESIAN_POINT ( 'NONE',  ( -0.1253899108297094900, 0.1441124521749137000, 0.2034928437216622900 ) ) ;
#1981 = CARTESIAN_POINT ( 'NONE',  ( 0.06542438130972659500, -0.06542438130972660900, 0.1662500000000001800 ) ) ;
#1982 = ORIENTED_EDGE ( 'NONE', *, *, #965, .T. ) ;
#1983 = CARTESIAN_POINT ( 'NONE',  ( 0.1277063293868266300, -0.05289769363290944300, -0.0009374999999999132300 ) ) ;
#1984 = LINE ( 'NONE', #1154, #589 ) ;
#1985 = CARTESIAN_POINT ( 'NONE',  ( 0.06542438130972659500, -0.06542438130972660900, -0.1337499999999998400 ) ) ;
#1986 = CARTESIAN_POINT ( 'NONE',  ( 0.08871852312313122100, 0.03127017920396642900, 0.02441937430293295000 ) ) ;
#1987 = VERTEX_POINT ( 'NONE', #239 ) ;
#1988 = ORIENTED_EDGE ( 'NONE', *, *, #2803, .T. ) ;
#1989 = CARTESIAN_POINT ( 'NONE',  ( -0.09252404735808419900, -0.03832471526136901200, -0.1931249999999999100 ) ) ;
#1990 = CARTESIAN_POINT ( 'NONE',  ( -0.06542438130972659500, 0.06542438130972660900, -0.002499999999999905100 ) ) ;
#1991 = CARTESIAN_POINT ( 'NONE',  ( -0.03832471526136901900, -0.09252404735808419900, -0.2868749999999999400 ) ) ;
#1992 = CARTESIAN_POINT ( 'NONE',  ( 0.1250000000000001400, -2.693736393049096200E-017, -0.002499999999999893400 ) ) ;
#1993 = DIRECTION ( 'NONE',  ( -0.0000000000000000000, -0.0000000000000000000, 1.000000000000000000 ) ) ;
#1994 = CIRCLE ( 'NONE', #1868, 0.1641250000000000200 ) ;
#1995 = CARTESIAN_POINT ( 'NONE',  ( -0.05289769363290934600, 0.1277063293868266600, 0.01781250000000005700 ) ) ;
#1996 = CARTESIAN_POINT ( 'NONE',  ( 0.0000000000000000000, 0.09252404735808418500, -0.1649999999999998400 ) ) ;
#1997 = CYLINDRICAL_SURFACE ( 'NONE', #913, 0.1250000000000001400 ) ;
#1998 = DATE_TIME_ROLE ( 'creation_date' ) ;
#1999 = ORIENTED_EDGE ( 'NONE', *, *, #3051, .T. ) ;
#2000 = CARTESIAN_POINT ( 'NONE',  ( 0.08693547529380789300, -0.03831216651183967600, 0.02668638997568359800 ) ) ;
#2001 = CARTESIAN_POINT ( 'NONE',  ( -0.03832471526136902600, -0.09252404735808419900, -0.2368749999999998900 ) ) ;
#2002 = CARTESIAN_POINT ( 'NONE',  ( 0.08184358150064319200, -0.08964455536679275000, 0.09938455367772110200 ) ) ;
#2003 = CARTESIAN_POINT ( 'NONE',  ( -0.06542438130972659500, 0.06542438130972659500, -0.2524999999999998900 ) ) ;
#2004 = ORIENTED_EDGE ( 'NONE', *, *, #1362, .F. ) ;
#2005 = UNCERTAINTY_MEASURE_WITH_UNIT (LENGTH_MEASURE( 1.000000000000000100E-005 ), #3394, 'distance_accuracy_value', 'NONE');
#2006 = AXIS2_PLACEMENT_3D ( 'NONE', #845, #2066, #2930 ) ;
#2007 = CARTESIAN_POINT ( 'NONE',  ( 0.1277063293868266600, -2.743450857364329300E-017, -0.09781249999999995500 ) ) ;
#2008 = CARTESIAN_POINT ( 'NONE',  ( -0.03832471526136901900, -0.09252404735808418500, 0.006875000000000183000 ) ) ;
#2009 = CARTESIAN_POINT ( 'NONE',  ( 0.0000000000000000000, -3.717939185210915300E-018, 0.3899999999999999600 ) ) ;
#2010 = CARTESIAN_POINT ( 'NONE',  ( -0.1250000000000001400, 1.159014580413101600E-017, 0.3899999999999999600 ) ) ;
#2011 = CARTESIAN_POINT ( 'NONE',  ( 0.09252404735808419900, -0.03832471526136906800, -0.07437499999999987200 ) ) ;
#2012 = CARTESIAN_POINT ( 'NONE',  ( 0.03832471526136898400, -0.09252404735808419900, -0.3306249999999998900 ) ) ;
#2013 = CARTESIAN_POINT ( 'NONE',  ( -0.08838834764831854400, -0.08838834764831853000, -0.06499999999999980800 ) ) ;
#2014 = CARTESIAN_POINT ( 'NONE',  ( 0.1277063293868266600, 0.05289769363290938000, -0.04468749999999995600 ) ) ;
#2015 = CARTESIAN_POINT ( 'NONE',  ( 0.1874999999999999400, 0.1082531754730548400, 0.1886580753730950100 ) ) ;
#2016 = CARTESIAN_POINT ( 'NONE',  ( 0.06168902263632365000, -0.1808901771209832100, 0.2053813928108440000 ) ) ;
#2017 = CARTESIAN_POINT ( 'NONE',  ( -0.1250000000000001400, 3.678806048192898800E-018, -0.2212499999999998400 ) ) ;
#2018 = CARTESIAN_POINT ( 'NONE',  ( -0.08579892154527432600, -0.06960855107194077700, 0.06943328191576882100 ) ) ;
#2019 = CARTESIAN_POINT ( 'NONE',  ( -0.09252404735808419900, 0.03832471526136901900, 0.0006250000000001470300 ) ) ;
#2020 = CARTESIAN_POINT ( 'NONE',  ( -0.03832471526136902600, -0.09252404735808418500, 0.01312500000000015000 ) ) ;
#2021 = CARTESIAN_POINT ( 'NONE',  ( -0.06542438130972659500, -0.06542438130972659500, -0.3899999999999999600 ) ) ;
#2022 = AXIS2_PLACEMENT_3D ( 'NONE', #2281, #799, #3777 ) ;
#2023 = CARTESIAN_POINT ( 'NONE',  ( 0.1231202033352554300, 5.766315375880719300E-013, 0.1048353011104477000 ) ) ;
#2024 = CARTESIAN_POINT ( 'NONE',  ( 0.05177669529663702500, 0.1250000000000001100, 0.05687500000000014800 ) ) ;
#2025 = CONICAL_SURFACE ( 'NONE', #3799, 0.1874999999999999700, 1.047197551196600100 ) ;
#2026 = ORIENTED_EDGE ( 'NONE', *, *, #3405, .T. ) ;
#2027 = PLANE ( 'NONE',  #1667 ) ;
#2028 = VERTEX_POINT ( 'NONE', #1530 ) ;
#2029 = CARTESIAN_POINT ( 'NONE',  ( -0.05289769363290934600, 0.1277063293868266600, 0.06781250000000005300 ) ) ;
#2030 = CARTESIAN_POINT ( 'NONE',  ( 0.1567185627802048200, -0.1260248465379471000, 0.1979827786308948100 ) ) ;
#2031 = CARTESIAN_POINT ( 'NONE',  ( -0.1875000000000000600, -0.03648550453380571000, 0.3884249207989757300 ) ) ;
#2032 = DATE_TIME_ROLE ( 'classification_date' ) ;
#2033 = CARTESIAN_POINT ( 'NONE',  ( 0.1190233049924026100, -0.007431351173952200800, 0.09357916542365855800 ) ) ;
#2034 = CYLINDRICAL_SURFACE ( 'NONE', #368, 0.1250000000000001400 ) ;
#2035 = CARTESIAN_POINT ( 'NONE',  ( -0.03832471526136902600, -0.09252404735808419900, -0.08687499999999986900 ) ) ;
#2036 = CARTESIAN_POINT ( 'NONE',  ( 0.1874999999999999700, 0.0000000000000000000, 0.3899999999999999600 ) ) ;
#2037 = CARTESIAN_POINT ( 'NONE',  ( -0.06542438130972659500, 0.06542438130972659500, -0.4024999999999999100 ) ) ;
#2038 = CARTESIAN_POINT ( 'NONE',  ( 0.1250000000000001100, 0.05177669529663698300, 0.006875000000000169200 ) ) ;
#2039 = CARTESIAN_POINT ( 'NONE',  ( -0.05177669529663694200, 0.1250000000000001400, 0.06312500000000009800 ) ) ;
#2040 = CARTESIAN_POINT ( 'NONE',  ( 0.06542438130972660900, 0.06542438130972656800, -0.3212499999999998700 ) ) ;
#2041 = VECTOR ( 'NONE', #351, 39.37007874015748100 ) ;
#2042 = EDGE_LOOP ( 'NONE', ( #325, #309, #1427, #1274 ) ) ;
#2043 = EDGE_LOOP ( 'NONE', ( #3250, #2277, #2954, #1421 ) ) ;
#2044 = CARTESIAN_POINT ( 'NONE',  ( -5.392000902489872400E-018, 0.2165063509461095700, 0.1886580753730950400 ) ) ;
#2045 = CARTESIAN_POINT ( 'NONE',  ( 0.1250000000000001400, -2.693736393049096200E-017, -0.1024999999999998800 ) ) ;
#2046 = CARTESIAN_POINT ( 'NONE',  ( -0.07780178282168938300, 0.1715874706905744200, 0.3896041663575602300 ) ) ;
#2047 = DATE_AND_TIME ( #2838, #564 ) ;
#2048 = EDGE_CURVE ( 'NONE', #882, #2533, #1548, .T. ) ;
#2049 = CARTESIAN_POINT ( 'NONE',  ( 0.07886415009344389900, -0.05184777973130230700, 0.02497071004481882600 ) ) ;
#2050 = CARTESIAN_POINT ( 'NONE',  ( -0.06542438130972660900, -0.06542438130972659500, 0.01000000000000009900 ) ) ;
#2051 = CARTESIAN_POINT ( 'NONE',  ( -1.530808498934193400E-017, -0.1250000000000001400, -0.3149999999999998900 ) ) ;
#2052 =( BOUNDED_CURVE ( )  B_SPLINE_CURVE ( 2, ( #1977, #816, #870, #2367, #2051, #2384, #1788, #1445, #2075 ),
 .UNSPECIFIED., .F., .F. ) 
 B_SPLINE_CURVE_WITH_KNOTS ( ( 3, 2, 2, 2, 3 ),
 ( 0.8653846153846154200, 0.8750000000000000000, 0.8846153846153845800, 0.8942307692307692700, 0.9038461538461538500 ),
 .UNSPECIFIED. ) 
 CURVE ( )  GEOMETRIC_REPRESENTATION_ITEM ( )  RATIONAL_B_SPLINE_CURVE ( ( 1.000000000000000000, 0.9238795325112867400, 1.000000000000000000, 0.9238795325112867400, 1.000000000000000000, 0.9238795325112867400, 1.000000000000000000, 0.9238795325112867400, 1.000000000000000000 ) ) 
 REPRESENTATION_ITEM ( '' )  );
#2053 = CARTESIAN_POINT ( 'NONE',  ( 0.03832471526136906800, 0.09252404735808419900, -0.01187499999999985600 ) ) ;
#2054 = CARTESIAN_POINT ( 'NONE',  ( 0.1250000000000002500, -0.05177669529663706700, -0.3493749999999998800 ) ) ;
#2055 = AXIS2_PLACEMENT_3D ( 'NONE', #3253, #1434, #2395 ) ;
#2056 = CARTESIAN_POINT ( 'NONE',  ( -0.05289769363290936600, -0.1277063293868266600, -0.2165624999999997700 ) ) ;
#2057 = ADVANCED_FACE ( 'NONE', ( #1022 ), #1772, .T. ) ;
#2058 = CARTESIAN_POINT ( 'NONE',  ( -0.05289769363290936600, -0.1277063293868266600, 0.08656250000000005600 ) ) ;
#2059 = CARTESIAN_POINT ( 'NONE',  ( -0.06542438130972659500, -0.06542438130972659500, -0.04624999999999981200 ) ) ;
#2060 = CARTESIAN_POINT ( 'NONE',  ( 0.03832471526136907400, 0.09252404735808419900, -0.06187499999999986800 ) ) ;
#2061 = CARTESIAN_POINT ( 'NONE',  ( 0.1250000000000001400, -2.693736393049096200E-017, -0.2024999999999999300 ) ) ;
#2062 = CARTESIAN_POINT ( 'NONE',  ( -1.133092784412359100E-017, -0.09252404735808418500, -0.1837499999999998900 ) ) ;
#2063 = CARTESIAN_POINT ( 'NONE',  ( 0.06542438130972659500, -0.06542438130972660900, -0.2837499999999998900 ) ) ;
#2064 = CARTESIAN_POINT ( 'NONE',  ( -0.09030201150986802400, -0.09030201150986801000, -0.1696874999999998000 ) ) ;
#2065 = DIRECTION ( 'NONE',  ( 1.000000000000000000, 0.0000000000000000000, 0.0000000000000000000 ) ) ;
#2066 = DIRECTION ( 'NONE',  ( -0.0000000000000000000, -0.0000000000000000000, 1.000000000000000000 ) ) ;
#2067 = EDGE_CURVE ( 'NONE', #2192, #1157, #3337, .T. ) ;
#2068 = CARTESIAN_POINT ( 'NONE',  ( 0.09374999999999995800, 0.1623797632095822800, 0.3899999999999999600 ) ) ;
#2069 = CARTESIAN_POINT ( 'NONE',  ( -0.1250000000000001400, 1.159014580413101600E-017, 0.3899999999999999600 ) ) ;
#2070 = ORIENTED_EDGE ( 'NONE', *, *, #3237, .T. ) ;
#2071 = CARTESIAN_POINT ( 'NONE',  ( -0.09073873662356125900, -0.04643433695747398900, 0.04598446375650529200 ) ) ;
#2072 = FACE_OUTER_BOUND ( 'NONE', #731, .T. ) ;
#2073 = CARTESIAN_POINT ( 'NONE',  ( 0.09252404735808418500, -2.097162821266345400E-017, 0.1225000000000001900 ) ) ;
#2074 = ADVANCED_FACE ( 'NONE', ( #3476 ), #49, .T. ) ;
#2075 = CARTESIAN_POINT ( 'NONE',  ( -0.1250000000000001400, 3.678806048192898800E-018, -0.3274999999999999000 ) ) ;
#2076 = CARTESIAN_POINT ( 'NONE',  ( 0.09252404735808419900, 0.03832471526136902600, -0.1181249999999998800 ) ) ;
#2077 = CARTESIAN_POINT ( 'NONE',  ( 0.06542438130972659500, -0.06542438130972660900, -0.3337499999999998800 ) ) ;
#2078 = ORIENTED_EDGE ( 'NONE', *, *, #525, .F. ) ;
#2079 = ORIENTED_EDGE ( 'NONE', *, *, #3075, .F. ) ;
#2080 = CARTESIAN_POINT ( 'NONE',  ( 0.05289769363290944300, 0.1277063293868266300, -0.2915624999999997800 ) ) ;
#2081 = CARTESIAN_POINT ( 'NONE',  ( 0.1874999999999999400, -0.1082531754730547800, -0.3900393700787401200 ) ) ;
#2082 = ORIENTED_EDGE ( 'NONE', *, *, #2637, .T. ) ;
#2083 = CARTESIAN_POINT ( 'NONE',  ( 0.0000000000000000000, 0.1277063293868266600, 0.1646875000000000400 ) ) ;
#2084 = CARTESIAN_POINT ( 'NONE',  ( 0.09407903179724595700, 0.08248723857645905200, 0.1095911948947252300 ) ) ;
#2085 = CARTESIAN_POINT ( 'NONE',  ( -0.1875000000000000300, -0.01831058772196635800, 0.3899999999999999600 ) ) ;
#2086 = CARTESIAN_POINT ( 'NONE',  ( -0.08758514063138775300, -0.05245454719585916600, 0.04643195577724076200 ) ) ;
#2087 = CARTESIAN_POINT ( 'NONE',  ( -0.03832471526136901200, 0.09252404735808419900, 0.03812500000000016600 ) ) ;
#2088 = LINE ( 'NONE', #2530, #3529 ) ;
#2089 = CARTESIAN_POINT ( 'NONE',  ( -0.03832471526136901200, 0.09252404735808419900, -0.1556249999999999000 ) ) ;
#2090 = DIRECTION ( 'NONE',  ( 1.000000000000000000, 0.0000000000000000000, 0.0000000000000000000 ) ) ;
#2091 = EDGE_LOOP ( 'NONE', ( #41, #592, #1155 ) ) ;
#2092 = CARTESIAN_POINT ( 'NONE',  ( -0.03832471526136901200, 0.09252404735808419900, -0.2618749999999998600 ) ) ;
#2093 = COORDINATED_UNIVERSAL_TIME_OFFSET ( 6, 0, .BEHIND. ) ;
#2094 = CARTESIAN_POINT ( 'NONE',  ( 0.05289769363290933200, -0.1277063293868267200, -0.3103124999999997700 ) ) ;
#2095 = ORIENTED_EDGE ( 'NONE', *, *, #482, .F. ) ;
#2096 = VERTEX_POINT ( 'NONE', #1182 ) ;
#2097 = CARTESIAN_POINT ( 'NONE',  ( 0.0000000000000000000, 0.0000000000000000000, 0.3899999999999999600 ) ) ;
#2098 = CARTESIAN_POINT ( 'NONE',  ( -0.06542438130972659500, 0.06542438130972659500, -0.2587499999999998700 ) ) ;
#2099 = CARTESIAN_POINT ( 'NONE',  ( -0.1277063293868266600, 3.844520929243675400E-018, -0.3759374999999998100 ) ) ;
#2100 = CARTESIAN_POINT ( 'NONE',  ( -0.08838834764831854400, -0.08838834764831853000, -0.1212499999999998900 ) ) ;
#2101 = CARTESIAN_POINT ( 'NONE',  ( -0.09252404735808418500, 0.03832471526136901900, -0.1993749999999999400 ) ) ;
#2102 = EDGE_CURVE ( 'NONE', #2122, #1232, #2466, .T. ) ;
#2103 = DIRECTION ( 'NONE',  ( 1.000000000000000000, 0.0000000000000000000, 0.0000000000000000000 ) ) ;
#2104 = CARTESIAN_POINT ( 'NONE',  ( -0.03832471526136901900, -0.09252404735808419900, 0.05687500000000020300 ) ) ;
#2105 = CARTESIAN_POINT ( 'NONE',  ( 0.09196274476798480000, -0.01357408635904221300, 0.02126757287573093400 ) ) ;
#2106 = CARTESIAN_POINT ( 'NONE',  ( 0.06542438130972659500, -0.06542438130972660900, -0.1274999999999998600 ) ) ;
#2107 = CARTESIAN_POINT ( 'NONE',  ( -0.06542438130972659500, 0.06542438130972659500, -0.2087499999999998500 ) ) ;
#2108 = CARTESIAN_POINT ( 'NONE',  ( 0.1250000000000001100, 0.05177669529663698300, -0.1993749999999999100 ) ) ;
#2109 = AXIS2_PLACEMENT_3D ( 'NONE', #1969, #2274, #2857 ) ;
#2110 = CARTESIAN_POINT ( 'NONE',  ( 0.09030201150986802400, 0.09030201150986798300, -0.2446874999999998100 ) ) ;
#2111 = DIRECTION ( 'NONE',  ( -0.0000000000000000000, -0.0000000000000000000, 1.000000000000000000 ) ) ;
#2112 = CARTESIAN_POINT ( 'NONE',  ( 0.06542438130972660900, 0.06542438130972656800, -0.1212499999999998300 ) ) ;
#2113 = CARTESIAN_POINT ( 'NONE',  ( -0.1250000000000001400, 3.678806048192898800E-018, -0.3212499999999998100 ) ) ;
#2114 = CARTESIAN_POINT ( 'NONE',  ( -0.03832471526136902600, -0.09252404735808418500, -0.2368749999999998900 ) ) ;
#2115 = CARTESIAN_POINT ( 'NONE',  ( 0.09252404735808418500, -2.097162821266345400E-017, 0.07875000000000015300 ) ) ;
#2116 = CARTESIAN_POINT ( 'NONE',  ( -0.09252404735808418500, 1.690227475583728000E-018, -0.05249999999999985200 ) ) ;
#2117 = CARTESIAN_POINT ( 'NONE',  ( 0.09304345669917260500, 6.100816615642727400E-013, 0.02220011887715262600 ) ) ;
#2118 = CARTESIAN_POINT ( 'NONE',  ( 0.09252404735808419900, -2.097162821266345700E-017, 0.02875000000000013700 ) ) ;
#2119 = CARTESIAN_POINT ( 'NONE',  ( -0.1875000000000000300, 0.1082531754730547700, 0.3732531754730548700 ) ) ;
#2120 = CARTESIAN_POINT ( 'NONE',  ( -0.07683007603504038400, 0.08402420726400748600, 0.07873042239907339400 ) ) ;
#2121 = CARTESIAN_POINT ( 'NONE',  ( -0.09030201150986801000, 0.09030201150986802400, -0.03218749999999975100 ) ) ;
#2122 = VERTEX_POINT ( 'NONE', #1469 ) ;
#2123 = B_SPLINE_CURVE_WITH_KNOTS ( 'NONE', 3,
 ( #3433, #2807, #3393, #177 ),
 .UNSPECIFIED., .F., .F.,
 ( 4, 4 ),
 ( 2.380735675732554400E-007, 0.002782414345151442600 ),
 .UNSPECIFIED. ) ;
#2124 = FACE_OUTER_BOUND ( 'NONE', #2965, .T. ) ;
#2125 = CARTESIAN_POINT ( 'NONE',  ( -0.03832471526136901200, 0.09252404735808419900, -0.1618749999999998800 ) ) ;
#2126 = EDGE_CURVE ( 'NONE', #587, #2911, #3758, .T. ) ;
#2127 = VERTEX_POINT ( 'NONE', #16 ) ;
#2128 = CARTESIAN_POINT ( 'NONE',  ( -0.06542438130972659500, 0.06542438130972660900, -0.2024999999999999000 ) ) ;
#2129 = CIRCLE ( 'NONE', #1762, 0.02519999999999999700 ) ;
#2130 = CARTESIAN_POINT ( 'NONE',  ( 0.06542438130972660900, 0.06542438130972656800, 0.1350000000000001200 ) ) ;
#2131 = CARTESIAN_POINT ( 'NONE',  ( 0.09252404735808418500, -2.097162821266345400E-017, 0.02250000000000016900 ) ) ;
#2132 = CARTESIAN_POINT ( 'NONE',  ( -0.03832471526136901900, 0.09252404735808419900, 0.1943750000000001600 ) ) ;
#2133 = AXIS2_PLACEMENT_3D ( 'NONE', #1381, #1941, #148 ) ;
#2134 = CARTESIAN_POINT ( 'NONE',  ( -0.1875000000000000300, 0.09074510673234322000, 0.3783073195732749000 ) ) ;
#2135 = CARTESIAN_POINT ( 'NONE',  ( 0.0000000000000000000, 0.1250000000000001400, -0.1899999999999998900 ) ) ;
#2136 = CONICAL_SURFACE ( 'NONE', #1628, 0.1781250000000000300, 0.7853981633974500600 ) ;
#2137 = CARTESIAN_POINT ( 'NONE',  ( -0.1277063293868266600, 3.844520929243675400E-018, 0.07406250000000023900 ) ) ;
#2138 = DIRECTION ( 'NONE',  ( 0.0000000000000000000, 0.0000000000000000000, -1.000000000000000000 ) ) ;
#2139 = CARTESIAN_POINT ( 'NONE',  ( 0.06542438130972660900, 0.06542438130972656800, -0.2212499999999998600 ) ) ;
#2140 = CYLINDRICAL_SURFACE ( 'NONE', #2458, 0.1250000000000001400 ) ;
#2141 = CARTESIAN_POINT ( 'NONE',  ( 0.06542438130972662300, 0.06542438130972659500, -0.2649999999999999000 ) ) ;
#2142 = ORIENTED_EDGE ( 'NONE', *, *, #2250, .T. ) ;
#2143 = CARTESIAN_POINT ( 'NONE',  ( 0.09252404735808419900, 0.03832471526136902600, 0.1818750000000001500 ) ) ;
#2144 = CARTESIAN_POINT ( 'NONE',  ( -0.1277063293868266600, 0.05289769363290935900, -0.4259374999999999100 ) ) ;
#2145 = CARTESIAN_POINT ( 'NONE',  ( 0.09252404735808419900, -0.03832471526136906800, 0.1756250000000001100 ) ) ;
#2146 = CARTESIAN_POINT ( 'NONE',  ( 0.1874999999999999700, -0.03648550453380568200, 0.3884249207989760000 ) ) ;
#2147 = LINE ( 'NONE', #3446, #1399 ) ;
#2148 = CARTESIAN_POINT ( 'NONE',  ( 0.1250000000000001400, -2.693736393049096200E-017, -0.2524999999999998900 ) ) ;
#2149 = CARTESIAN_POINT ( 'NONE',  ( 0.0000000000000000000, 0.1277063293868266600, -0.08843749999999979400 ) ) ;
#2150 = B_SPLINE_CURVE_WITH_KNOTS ( 'NONE', 3,
 ( #1066, #2853, #1052, #1954, #3130, #1975, #1695, #2269, #3736, #1966 ),
 .UNSPECIFIED., .F., .F.,
 ( 4, 2, 2, 2, 4 ),
 ( 3.864523020731287900E-017, 0.0004639090726153169000, 0.0009278181452305950900, 0.001391727217845873400, 0.001855636290461151100 ),
 .UNSPECIFIED. ) ;
#2151 = CARTESIAN_POINT ( 'NONE',  ( 0.06542438130972659500, -0.06542438130972660900, -0.2337499999999998700 ) ) ;
#2152 = CARTESIAN_POINT ( 'NONE',  ( -0.06542438130972660900, -0.06542438130972659500, -0.1399999999999998700 ) ) ;
#2153 = EDGE_CURVE ( 'NONE', #751, #1013, #3376, .T. ) ;
#2154 = CARTESIAN_POINT ( 'NONE',  ( 0.06542438130972660900, 0.06542438130972656800, 0.1850000000000001400 ) ) ;
#2155 = CARTESIAN_POINT ( 'NONE',  ( 0.1277063293868266600, -2.743450857364329300E-017, -0.3978124999999999600 ) ) ;
#2156 = CARTESIAN_POINT ( 'NONE',  ( -0.09252404735808419900, 1.690227475583729900E-018, 0.1537500000000001600 ) ) ;
#2157 = CARTESIAN_POINT ( 'NONE',  ( 0.09252404735808419900, 0.03832471526136902600, -0.07437499999999987200 ) ) ;
#2158 = CARTESIAN_POINT ( 'NONE',  ( -0.08838834764831853000, 0.08838834764831854400, -0.1837499999999999100 ) ) ;
#2159 = CARTESIAN_POINT ( 'NONE',  ( 0.05289769363290944300, 0.1277063293868266300, 0.05843750000000026700 ) ) ;
#2160 = CARTESIAN_POINT ( 'NONE',  ( 0.1250000000000001400, -2.693736393049096200E-017, 0.09750000000000011400 ) ) ;
#2161 = CARTESIAN_POINT ( 'NONE',  ( -0.09252404735808418500, 1.690227475583728000E-018, -0.1024999999999998700 ) ) ;
#2162 = CARTESIAN_POINT ( 'NONE',  ( -0.09252404735808418500, -0.03832471526136901200, -0.09312499999999991600 ) ) ;
#2163 = CARTESIAN_POINT ( 'NONE',  ( -0.06542438130972659500, -0.06542438130972659500, 0.2100000000000001600 ) ) ;
#2164 = VERTEX_POINT ( 'NONE', #924 ) ;
#2165 = CARTESIAN_POINT ( 'NONE',  ( -0.09030201150986801000, 0.09030201150986802400, -0.3790624999999999700 ) ) ;
#2166 = CARTESIAN_POINT ( 'NONE',  ( -1.133092784412359400E-017, -0.09252404735808419900, 0.1162500000000001600 ) ) ;
#2167 = CARTESIAN_POINT ( 'NONE',  ( 0.08838834764831854400, 0.08838834764831853000, -0.3399999999999998600 ) ) ;
#2168 = CARTESIAN_POINT ( 'NONE',  ( 0.06542438130972659500, -0.06542438130972660900, -0.08374999999999982500 ) ) ;
#2169 = VERTEX_POINT ( 'NONE', #3475 ) ;
#2170 = CONICAL_SURFACE ( 'NONE', #2006, 0.1781250000000000300, 0.7853981633974500600 ) ;
#2171 = CARTESIAN_POINT ( 'NONE',  ( 0.1050332716879462800, 0.02901013097012781000, 0.06526947428068903500 ) ) ;
#2172 = CARTESIAN_POINT ( 'NONE',  ( -0.09030201150986801000, 0.09030201150986802400, 0.01781250000000019300 ) ) ;
#2173 = B_SPLINE_CURVE_WITH_KNOTS ( 'NONE', 3,
 ( #120, #109, #2184, #1327, #3364, #3379, #2206, #1050, #2852, #3434, #765, #1682, #3129, #1042, #775, #1660, #1651, #3404 ),
 .UNSPECIFIED., .F., .F.,
 ( 4, 2, 2, 2, 2, 2, 2, 2, 4 ),
 ( 4.213297164680575100E-017, 0.0006113654029929363300, 0.001222730805985829900, 0.001834096208978724200, 0.002445461611971617800, 0.003056827014964511600, 0.003668192417957405500, 0.004279557820950299700, 0.004890923223943193100 ),
 .UNSPECIFIED. ) ;
#2174 = CARTESIAN_POINT ( 'NONE',  ( -0.03832471526136901200, 0.09252404735808419900, -0.06187499999999986800 ) ) ;
#2175 = EDGE_CURVE ( 'NONE', #226, #3854, #2972, .T. ) ;
#2176 = CARTESIAN_POINT ( 'NONE',  ( -0.03832471526136901900, 0.09252404735808418500, -0.05562499999999990400 ) ) ;
#2177 = EDGE_LOOP ( 'NONE', ( #275, #3338, #938, #2449 ) ) ;
#2178 = CARTESIAN_POINT ( 'NONE',  ( 0.03832471526136906800, 0.09252404735808419900, -0.3681249999999998700 ) ) ;
#2179 = CARTESIAN_POINT ( 'NONE',  ( -0.09252404735808418500, 1.690227475583728000E-018, 0.1975000000000001500 ) ) ;
#2180 = FACE_OUTER_BOUND ( 'NONE', #3078, .T. ) ;
#2181 = CARTESIAN_POINT ( 'NONE',  ( -0.09252404735808418500, 0.03832471526136900500, -0.3556249999999998600 ) ) ;
#2182 = AXIS2_PLACEMENT_3D ( 'NONE', #2606, #2939, #1169 ) ;
#2183 = CARTESIAN_POINT ( 'NONE',  ( -0.1118811859008725900, -0.02328111900449755800, -0.3633717506439025400 ) ) ;
#2184 = CARTESIAN_POINT ( 'NONE',  ( 0.1219277629923359600, -0.01569311455874316700, -0.3548166938234044200 ) ) ;
#2185 = CARTESIAN_POINT ( 'NONE',  ( 0.1029668357270903000, 0.03615633732978223300, 0.06572892779439303000 ) ) ;
#2186 = FACE_OUTER_BOUND ( 'NONE', #1713, .T. ) ;
#2187 = CARTESIAN_POINT ( 'NONE',  ( -1.563951475144348500E-017, -0.1277063293868266600, 0.1865625000000002700 ) ) ;
#2188 = ORIENTED_EDGE ( 'NONE', *, *, #2434, .T. ) ;
#2189 = CARTESIAN_POINT ( 'NONE',  ( -0.09374999999999997200, 0.1623797632095822200, 0.3899999999999999600 ) ) ;
#2190 = CARTESIAN_POINT ( 'NONE',  ( -0.06542438130972659500, -0.06542438130972659500, 0.003750000000000130800 ) ) ;
#2191 = CIRCLE ( 'NONE', #2208, 0.1250000000000001900 ) ;
#2192 = VERTEX_POINT ( 'NONE', #3721 ) ;
#2193 = CARTESIAN_POINT ( 'NONE',  ( -0.03832471526136901900, -0.09252404735808419900, -0.3431249999999998500 ) ) ;
#2194 = CARTESIAN_POINT ( 'NONE',  ( -0.09030201150986801000, 0.09030201150986802400, -0.4290625000000000100 ) ) ;
#2195 = CARTESIAN_POINT ( 'NONE',  ( 0.1250000000000001400, -2.693736393049096500E-017, -0.2462499999999998300 ) ) ;
#2196 = CARTESIAN_POINT ( 'NONE',  ( -0.09830115534024182200, -0.06179651508495132000, -0.3615358923795958800 ) ) ;
#2197 = CARTESIAN_POINT ( 'NONE',  ( 0.1250000000000001400, -2.693736393049096500E-017, -0.2962499999999997900 ) ) ;
#2198 = CARTESIAN_POINT ( 'NONE',  ( 0.1249999999999998800, 0.05177669529663719800, -0.1931249999999998200 ) ) ;
#2199 = CARTESIAN_POINT ( 'NONE',  ( 0.0000000000000000000, 0.1277063293868266600, 0.2115625000000002100 ) ) ;
#2200 = EDGE_CURVE ( 'NONE', #1668, #2164, #3500, .T. ) ;
#2201 = CARTESIAN_POINT ( 'NONE',  ( 0.1250000000000001900, -1.530808498934193700E-017, 0.1099999999999999900 ) ) ;
#2202 = CARTESIAN_POINT ( 'NONE',  ( 0.03832471526136898400, -0.09252404735808419900, -0.08687499999999986900 ) ) ;
#2203 = CARTESIAN_POINT ( 'NONE',  ( 0.09252404735808419900, 0.03832471526136902600, -0.3743749999999998500 ) ) ;
#2204 = CARTESIAN_POINT ( 'NONE',  ( -0.09030201150986801000, 0.09030201150986802400, -0.3290624999999999800 ) ) ;
#2205 = CARTESIAN_POINT ( 'NONE',  ( -0.05923431203039067300, 0.09150023704523344000, -0.3693826594950013800 ) ) ;
#2206 = CARTESIAN_POINT ( 'NONE',  ( 0.09985690627143366200, -0.05773917245510718600, -0.3624192568978777400 ) ) ;
#2207 = CARTESIAN_POINT ( 'NONE',  ( 0.1250000000000001400, -2.693736393049096500E-017, 0.003750000000000185000 ) ) ;
#2208 = AXIS2_PLACEMENT_3D ( 'NONE', #401, #3274, #730 ) ;
#2209 = CARTESIAN_POINT ( 'NONE',  ( -0.09030201150986801000, 0.09030201150986802400, 0.2178125000000002400 ) ) ;
#2210 = CARTESIAN_POINT ( 'NONE',  ( 0.1874999999999999700, 0.07301485280742289800, 0.1979187364979757300 ) ) ;
#2211 = CARTESIAN_POINT ( 'NONE',  ( -0.05177669529663694900, -0.1250000000000001400, -0.2618749999999998600 ) ) ;
#2212 = CARTESIAN_POINT ( 'NONE',  ( 0.09252404735808419900, -0.03832471526136906100, 0.06937500000000021400 ) ) ;
#2213 = ORIENTED_EDGE ( 'NONE', *, *, #2803, .F. ) ;
#2214 = LINE ( 'NONE', #2760, #773 ) ;
#2215 = CARTESIAN_POINT ( 'NONE',  ( 0.06542438130972659500, -0.06542438130972660900, -0.3837499999999999200 ) ) ;
#2216 = ORIENTED_EDGE ( 'NONE', *, *, #386, .F. ) ;
#2217 = CARTESIAN_POINT ( 'NONE',  ( 0.05289769363290944300, 0.1277063293868266300, -0.1384374999999999400 ) ) ;
#2218 = VERTEX_POINT ( 'NONE', #157 ) ;
#2219 = DIRECTION ( 'NONE',  ( 0.7071067811865486800, 0.0000000000000000000, 0.7071067811865462400 ) ) ;
#2220 = CARTESIAN_POINT ( 'NONE',  ( 0.02053033685639624900, -0.1202695849984870400, -0.3556300955523628000 ) ) ;
#2221 = EDGE_CURVE ( 'NONE', #1873, #3701, #2859, .T. ) ;
#2222 = CARTESIAN_POINT ( 'NONE',  ( 0.09030201150986802400, 0.09030201150986798300, 0.2053125000000002300 ) ) ;
#2223 = CARTESIAN_POINT ( 'NONE',  ( 0.0000000000000000000, -3.717939185210915300E-018, 0.1351999999999999600 ) ) ;
#2224 = DIRECTION ( 'NONE',  ( 0.3420201433256694300, -4.188538737677000400E-017, 0.9396926207859080900 ) ) ;
#2225 = CARTESIAN_POINT ( 'NONE',  ( 0.1080818300172012600, -2.382954652296114400E-017, 0.06351770999376513100 ) ) ;
#2226 = VECTOR ( 'NONE', #3461, 39.37007874015748100 ) ;
#2227 = CARTESIAN_POINT ( 'NONE',  ( 0.05177669529663691400, -0.1250000000000001900, 0.04437500000000018500 ) ) ;
#2228 = EDGE_CURVE ( 'NONE', #3322, #1683, #740, .T. ) ;
#2229 = CYLINDRICAL_SURFACE ( 'NONE', #1041, 0.1250000000000001400 ) ;
#2230 = CARTESIAN_POINT ( 'NONE',  ( -1.563951475144348500E-017, -0.1277063293868266600, -0.3103124999999999400 ) ) ;
#2231 = CARTESIAN_POINT ( 'NONE',  ( 0.0000000000000000000, 0.09252404735808418500, -0.3649999999999998800 ) ) ;
#2232 = CARTESIAN_POINT ( 'NONE',  ( -0.08986782493127570800, 0.06376609744077325900, -0.3675215726190399500 ) ) ;
#2233 = COORDINATED_UNIVERSAL_TIME_OFFSET ( 6, 0, .BEHIND. ) ;
#2234 = CARTESIAN_POINT ( 'NONE',  ( 0.05177669529663691400, -0.1250000000000001900, -0.1618749999999999400 ) ) ;
#2235 = EDGE_LOOP ( 'NONE', ( #2676, #2891 ) ) ;
#2236 = CARTESIAN_POINT ( 'NONE',  ( 0.1250000000000001400, -2.693736393049096200E-017, -0.1524999999999998900 ) ) ;
#2237 = CARTESIAN_POINT ( 'NONE',  ( -0.09030201150986802400, -0.09030201150986801000, 0.1803125000000002400 ) ) ;
#2238 = COORDINATED_UNIVERSAL_TIME_OFFSET ( 6, 0, .BEHIND. ) ;
#2239 = CARTESIAN_POINT ( 'NONE',  ( 0.0000000000000000000, -3.717939185210915300E-018, 0.3899999999999999600 ) ) ;
#2240 = CARTESIAN_POINT ( 'NONE',  ( -0.05177669529663694900, -0.1250000000000001400, -0.1118749999999998500 ) ) ;
#2241 = CARTESIAN_POINT ( 'NONE',  ( 0.03832471526136898400, -0.09252404735808419900, 0.2131250000000001200 ) ) ;
#2242 =( BOUNDED_CURVE ( )  B_SPLINE_CURVE ( 2, ( #3172, #3495, #2013, #1747, #531, #520, #829, #2570, #2596 ),
 .UNSPECIFIED., .F., .F. ) 
 B_SPLINE_CURVE_WITH_KNOTS ( ( 3, 2, 2, 2, 3 ),
 ( 0.5576923076923077100, 0.5673076923076922900, 0.5769230769230768700, 0.5865384615384615600, 0.5961538461538461500 ),
 .UNSPECIFIED. ) 
 CURVE ( )  GEOMETRIC_REPRESENTATION_ITEM ( )  RATIONAL_B_SPLINE_CURVE ( ( 1.000000000000000000, 0.9238795325112867400, 1.000000000000000000, 0.9238795325112867400, 1.000000000000000000, 0.9238795325112867400, 1.000000000000000000, 0.9238795325112867400, 1.000000000000000000 ) ) 
 REPRESENTATION_ITEM ( '' )  );
#2243 = CARTESIAN_POINT ( 'NONE',  ( 0.05289769363290933200, -0.1277063293868267200, -0.1571874999999999500 ) ) ;
#2244 = CARTESIAN_POINT ( 'NONE',  ( -0.09252404735808418500, 0.03832471526136900500, -0.1556249999999998500 ) ) ;
#2245 = CARTESIAN_POINT ( 'NONE',  ( 0.04890031375384613200, -0.1131209260973227300, -0.3544012539065934400 ) ) ;
#2246 = CARTESIAN_POINT ( 'NONE',  ( -1.530808498934193400E-017, -0.1250000000000001400, -0.1649999999999998700 ) ) ;
#2247 = CARTESIAN_POINT ( 'NONE',  ( -0.1250000000000001400, 0.05177669529663694900, -0.1306249999999999100 ) ) ;
#2248 = CARTESIAN_POINT ( 'NONE',  ( 0.0000000000000000000, 0.09252404735808419900, -0.3587499999999999000 ) ) ;
#2249 = DIRECTION ( 'NONE',  ( -0.0000000000000000000, -0.0000000000000000000, 1.000000000000000000 ) ) ;
#2250 = EDGE_CURVE ( 'NONE', #1056, #374, #3553, .T. ) ;
#2251 = DIRECTION ( 'NONE',  ( 1.000000000000000000, 0.0000000000000000000, 0.0000000000000000000 ) ) ;
#2252 = CARTESIAN_POINT ( 'NONE',  ( -0.1250000000000001400, 1.159014580413101600E-017, 0.3899999999999999600 ) ) ;
#2253 = CARTESIAN_POINT ( 'NONE',  ( -0.05289769363290934600, 0.1277063293868266600, -0.2321874999999999600 ) ) ;
#2254 = CARTESIAN_POINT ( 'NONE',  ( -0.06542438130972659500, -0.06542438130972659500, -0.1462499999999998500 ) ) ;
#2255 = CARTESIAN_POINT ( 'NONE',  ( 0.2800000000000000300, 3.057217119091497200E-017, 0.1520000000000000200 ) ) ;
#2256 = CARTESIAN_POINT ( 'NONE',  ( -0.08838834764831854400, -0.08838834764831853000, -0.1649999999999998100 ) ) ;
#2257 = ORIENTED_EDGE ( 'NONE', *, *, #3819, .F. ) ;
#2258 = DIRECTION ( 'NONE',  ( -0.0000000000000000000, -0.0000000000000000000, 1.000000000000000000 ) ) ;
#2259 = CARTESIAN_POINT ( 'NONE',  ( -0.06542438130972659500, 0.06542438130972660900, -0.2024999999999999000 ) ) ;
#2260 = CARTESIAN_POINT ( 'NONE',  ( 0.05177669529663702500, 0.1250000000000001100, -0.3431249999999999000 ) ) ;
#2261 = CARTESIAN_POINT ( 'NONE',  ( -5.392000902489872400E-018, 0.2165063509461095700, 0.1886580753730950400 ) ) ;
#2262 = ORIENTED_EDGE ( 'NONE', *, *, #3188, .F. ) ;
#2263 = CARTESIAN_POINT ( 'NONE',  ( -0.03832471526136901900, -0.09252404735808419900, 0.2068750000000002300 ) ) ;
#2264 = CARTESIAN_POINT ( 'NONE',  ( 0.09030201150986802400, 0.09030201150986798300, -0.04156249999999990500 ) ) ;
#2265 = CARTESIAN_POINT ( 'NONE',  ( 0.06092153399453575200, 0.1072590507844725600, 0.1047650879516603700 ) ) ;
#2266 = CARTESIAN_POINT ( 'NONE',  ( -0.06542438130972659500, 0.06542438130972659500, -0.2087499999999998500 ) ) ;
#2267 = CARTESIAN_POINT ( 'NONE',  ( -1.530808498934193400E-017, -0.1250000000000001400, -0.1587499999999998400 ) ) ;
#2268 = EDGE_CURVE ( 'NONE', #3227, #2884, #1866, .T. ) ;
#2269 = CARTESIAN_POINT ( 'NONE',  ( 0.04416113984208022700, -0.08152842441218871600, -0.3849759526419157500 ) ) ;
#2270 = CIRCLE ( 'NONE', #832, 0.1250000000000000800 ) ;
#2271 = CARTESIAN_POINT ( 'NONE',  ( -0.09252404735808419900, 1.690227475583729900E-018, -0.3462499999999998900 ) ) ;
#2272 = CARTESIAN_POINT ( 'NONE',  ( 0.1164454797049636900, -0.03838789078358446900, 0.1027551188587522300 ) ) ;
#2273 = CARTESIAN_POINT ( 'NONE',  ( 0.0000000000000000000, 0.09252404735808418500, -0.4087499999999998900 ) ) ;
#2274 = DIRECTION ( 'NONE',  ( -0.0000000000000000000, -0.0000000000000000000, 1.000000000000000000 ) ) ;
#2275 = CARTESIAN_POINT ( 'NONE',  ( 0.09252404735808418500, -2.097162821266345400E-017, 0.2225000000000002300 ) ) ;
#2276 = FACE_OUTER_BOUND ( 'NONE', #3064, .T. ) ;
#2277 = ORIENTED_EDGE ( 'NONE', *, *, #2067, .T. ) ;
#2278 = CONICAL_SURFACE ( 'NONE', #2952, 0.1250000000000001900, 0.3490658503988666700 ) ;
#2279 = ORIENTED_EDGE ( 'NONE', *, *, #1885, .F. ) ;
#2280 = CARTESIAN_POINT ( 'NONE',  ( -0.1277063293868266600, 3.844520929243675400E-018, -0.02281249999999993700 ) ) ;
#2281 = CARTESIAN_POINT ( 'NONE',  ( 0.0000000000000000000, 0.0000000000000000000, 0.1099999999999999900 ) ) ;
#2282 = CARTESIAN_POINT ( 'NONE',  ( -0.09252404735808418500, 1.690227475583728000E-018, -0.2524999999999998900 ) ) ;
#2283 = AXIS2_PLACEMENT_3D ( 'NONE', #307, #3259, #2641 ) ;
#2284 = DIRECTION ( 'NONE',  ( 1.000000000000000000, 0.0000000000000000000, -0.0000000000000000000 ) ) ;
#2285 = PERSON_AND_ORGANIZATION_ROLE ( 'creator' ) ;
#2286 = CARTESIAN_POINT ( 'NONE',  ( 0.1067008559804552400, -0.05005899124868042100, 0.08974334996117859500 ) ) ;
#2287 = CARTESIAN_POINT ( 'NONE',  ( -0.03832471526136902600, -0.09252404735808419900, -0.2868749999999999400 ) ) ;
#2288 = CARTESIAN_POINT ( 'NONE',  ( 0.09835167541175304800, -0.07314227751732868500, 0.1005932577452292000 ) ) ;
#2289 = CARTESIAN_POINT ( 'NONE',  ( 0.09252404735808418500, -2.097162821266345400E-017, -0.3212499999999998700 ) ) ;
#2290 = CARTESIAN_POINT ( 'NONE',  ( 0.1250000000000001100, -0.05177669529663701800, -0.005624999999999876600 ) ) ;
#2291 = CARTESIAN_POINT ( 'NONE',  ( 0.1277063293868266600, 0.05289769363290938000, 0.05531250000000007000 ) ) ;
#2292 = PLANE ( 'NONE',  #1518 ) ;
#2293 = CARTESIAN_POINT ( 'NONE',  ( 0.09252404735808418500, -2.097162821266345400E-017, -0.1274999999999998400 ) ) ;
#2294 = CARTESIAN_POINT ( 'NONE',  ( -0.02835042409924879200, 0.09413274956570438800, 0.03443428316323627500 ) ) ;
#2295 = CARTESIAN_POINT ( 'NONE',  ( 0.09411639264844776100, -0.05242843035836373300, 0.06015353362444653800 ) ) ;
#2296 = CARTESIAN_POINT ( 'NONE',  ( 0.09252404735808419900, -0.03832471526136906800, -0.2243749999999998800 ) ) ;
#2297 = CARTESIAN_POINT ( 'NONE',  ( -1.133092784412359400E-017, -0.09252404735808419900, 0.01625000000000013200 ) ) ;
#2298 = CARTESIAN_POINT ( 'NONE',  ( -0.06542438130972659500, -0.06542438130972659500, -0.2399999999999999100 ) ) ;
#2299 = CARTESIAN_POINT ( 'NONE',  ( 0.05177669529663703200, 0.1250000000000001100, -0.1368749999999998600 ) ) ;
#2300 = ORIENTED_EDGE ( 'NONE', *, *, #904, .T. ) ;
#2301 = CARTESIAN_POINT ( 'NONE',  ( -1.563951475144348500E-017, -0.1277063293868266600, -0.1103124999999999500 ) ) ;
#2302 = CARTESIAN_POINT ( 'NONE',  ( 0.1192399688430822600, -2.587926337259468600E-017, 0.09417444446101290400 ) ) ;
#2303 = CARTESIAN_POINT ( 'NONE',  ( -0.06542438130972659500, -0.06542438130972659500, 0.003750000000000130800 ) ) ;
#2304 = CARTESIAN_POINT ( 'NONE',  ( -0.09966699821023500300, 0.01266547034885019200, 0.04205651991855088200 ) ) ;
#2305 = EDGE_LOOP ( 'NONE', ( #447, #96, #494, #2469 ) ) ;
#2306 = CARTESIAN_POINT ( 'NONE',  ( 0.1079384661671592400, -0.006828664573424556000, 0.06312382105300858000 ) ) ;
#2307 = ORIENTED_EDGE ( 'NONE', *, *, #3572, .F. ) ;
#2308 = CARTESIAN_POINT ( 'NONE',  ( -0.06542438130972659500, 0.06542438130972660900, -0.05249999999999985200 ) ) ;
#2309 = CARTESIAN_POINT ( 'NONE',  ( 0.06271448555675043800, -0.1033952617045019900, 0.09811620096775916500 ) ) ;
#2310 = CARTESIAN_POINT ( 'NONE',  ( -0.09252404735808419900, 0.03832471526136901200, -0.3993749999999998700 ) ) ;
#2311 = CARTESIAN_POINT ( 'NONE',  ( -0.03078143721979305700, -0.1987346798812185400, 0.1979827786308942500 ) ) ;
#2312 = CARTESIAN_POINT ( 'NONE',  ( 0.0000000000000000000, 0.1250000000000001400, -0.2899999999999999200 ) ) ;
#2313 = CARTESIAN_POINT ( 'NONE',  ( 0.03832471526136906800, 0.09252404735808419900, -0.1181249999999998400 ) ) ;
#2314 = EDGE_LOOP ( 'NONE', ( #2026, #644, #2410, #1216, #2816, #2188, #2499, #2467, #2429, #1217, #3571, #3031, #833, #1900, #771, #2915, #1852, #449, #796, #1051, #2929, #354, #1265, #1558, #3805 ) ) ;
#2315 = CIRCLE ( 'NONE', #2647, 0.2800000000000000300 ) ;
#2316 = CARTESIAN_POINT ( 'NONE',  ( 0.1277063293868266300, -0.05289769363290944300, 0.1990625000000001700 ) ) ;
#2317 = CARTESIAN_POINT ( 'NONE',  ( 0.0000000000000000000, 0.1250000000000001400, -0.08374999999999983800 ) ) ;
#2318 = CARTESIAN_POINT ( 'NONE',  ( 0.1250000000000001100, -0.05177669529663701800, -0.1056249999999999000 ) ) ;
#2319 = CARTESIAN_POINT ( 'NONE',  ( 0.009689829847233563300, 0.09629586226486529200, 0.03189728217492332500 ) ) ;
#2320 = LINE ( 'NONE', #3738, #54 ) ;
#2321 = VERTEX_POINT ( 'NONE', #1932 ) ;
#2322 = EDGE_CURVE ( 'NONE', #277, #2741, #702, .T. ) ;
#2323 = CARTESIAN_POINT ( 'NONE',  ( 0.08997137608596235400, -0.07466934783704729000, 0.08715761747936286200 ) ) ;
#2324 = CARTESIAN_POINT ( 'NONE',  ( -0.03832471526136902600, -0.09252404735808419900, -0.1368749999999998900 ) ) ;
#2325 = CARTESIAN_POINT ( 'NONE',  ( 0.06542438130972659500, -0.06542438130972662300, -0.02749999999999984400 ) ) ;
#2326 = PERSON_AND_ORGANIZATION ( #2767, #3077 ) ;
#2327 = CARTESIAN_POINT ( 'NONE',  ( -0.03832471526136901900, -0.09252404735808419900, -0.3368749999999998100 ) ) ;
#2328 = CARTESIAN_POINT ( 'NONE',  ( -0.05177669529663693500, 0.1250000000000001400, 0.01937500000000017300 ) ) ;
#2329 = ORIENTED_EDGE ( 'NONE', *, *, #1423, .F. ) ;
#2330 = CARTESIAN_POINT ( 'NONE',  ( 0.0000000000000000000, 0.1250000000000001400, -0.1337499999999998400 ) ) ;
#2331 = CARTESIAN_POINT ( 'NONE',  ( 0.09252404735808418500, -2.097162821266345400E-017, -0.1274999999999998400 ) ) ;
#2332 = AXIS2_PLACEMENT_3D ( 'NONE', #315, #1837, #3015 ) ;
#2333 = APPROVAL_DATE_TIME ( #666, #3632 ) ;
#2334 = CARTESIAN_POINT ( 'NONE',  ( 0.1250000000000001400, -2.693736393049096200E-017, -0.05249999999999990100 ) ) ;
#2335 = CARTESIAN_POINT ( 'NONE',  ( -0.05289769363290936600, -0.1277063293868266600, 0.1365625000000000600 ) ) ;
#2336 = DIRECTION ( 'NONE',  ( 0.0000000000000000000, 0.0000000000000000000, -1.000000000000000000 ) ) ;
#2337 = CARTESIAN_POINT ( 'NONE',  ( -0.09252404735808418500, -0.03832471526136900500, -0.04937499999999986300 ) ) ;
#2338 = CC_DESIGN_SECURITY_CLASSIFICATION ( #1768, ( #2674 ) ) ;
#2339 = CARTESIAN_POINT ( 'NONE',  ( 0.06542438130972662300, 0.06542438130972659500, -0.3149999999999998900 ) ) ;
#2340 = CARTESIAN_POINT ( 'NONE',  ( 0.05643473731229423800, -0.07415432145189138100, 0.02165199557806070700 ) ) ;
#2341 = CARTESIAN_POINT ( 'NONE',  ( -0.09252404735808419900, 1.690227475583729900E-018, -0.09624999999999989100 ) ) ;
#2342 = DIRECTION ( 'NONE',  ( 0.3420201433256694300, -4.188538737677000400E-017, 0.9396926207859080900 ) ) ;
#2343 =( BOUNDED_CURVE ( )  B_SPLINE_CURVE ( 2, ( #1136, #2054, #842 ),
 .UNSPECIFIED., .F., .F. ) 
 B_SPLINE_CURVE_WITH_KNOTS ( ( 3, 3 ),
 ( 0.1249999999999999700, 0.1346153846153846400 ),
 .UNSPECIFIED. ) 
 CURVE ( )  GEOMETRIC_REPRESENTATION_ITEM ( )  RATIONAL_B_SPLINE_CURVE ( ( 1.000000000000000200, 0.9238795325112862900, 1.000000000000000200 ) ) 
 REPRESENTATION_ITEM ( '' )  );
#2344 = CARTESIAN_POINT ( 'NONE',  ( -0.03832471526136901200, 0.09252404735808419900, -0.3056249999999999800 ) ) ;
#2345 = CARTESIAN_POINT ( 'NONE',  ( -0.07795066281744769700, -0.1715015147849464600, 0.2050192523678376600 ) ) ;
#2346 = CARTESIAN_POINT ( 'NONE',  ( 0.03832471526136906800, 0.09252404735808419900, -0.2681249999999998900 ) ) ;
#2347 = CARTESIAN_POINT ( 'NONE',  ( 0.1277063293868266300, -0.05289769363290944300, 0.1490625000000001000 ) ) ;
#2348 = EDGE_CURVE ( 'NONE', #751, #587, #2878, .T. ) ;
#2349 = CARTESIAN_POINT ( 'NONE',  ( -0.08838834764831853000, 0.08838834764831854400, -0.07749999999999980500 ) ) ;
#2350 = CARTESIAN_POINT ( 'NONE',  ( -0.1250000000000001400, 3.678806048192898800E-018, -0.07749999999999993000 ) ) ;
#2351 = CARTESIAN_POINT ( 'NONE',  ( -0.1875000000000000600, -0.07260493872418132000, 0.3825999269809656200 ) ) ;
#2352 = CARTESIAN_POINT ( 'NONE',  ( -0.1007180951135700800, -0.006889310308708658500, 0.04328601462318854700 ) ) ;
#2353 = CARTESIAN_POINT ( 'NONE',  ( 0.09252404735808419900, 0.03832471526136903300, -0.06812499999999990800 ) ) ;
#2354 = CARTESIAN_POINT ( 'NONE',  ( -0.09252404735808419900, -0.03832471526136901200, -0.09312499999999991600 ) ) ;
#2355 = AXIS2_PLACEMENT_3D ( 'NONE', #209, #3498, #248 ) ;
#2356 = ORIENTED_EDGE ( 'NONE', *, *, #2973, .T. ) ;
#2357 = CARTESIAN_POINT ( 'NONE',  ( 0.03832471526136906800, 0.09252404735808419900, -0.2181249999999998500 ) ) ;
#2358 = CARTESIAN_POINT ( 'NONE',  ( -1.563951475144348500E-017, -0.1277063293868266600, -0.2134374999999998100 ) ) ;
#2359 = ORIENTED_EDGE ( 'NONE', *, *, #962, .T. ) ;
#2360 = CARTESIAN_POINT ( 'NONE',  ( 0.1226102950287488200, 0.01632770062127013300, 0.1056776595850662400 ) ) ;
#2361 = FACE_OUTER_BOUND ( 'NONE', #604, .T. ) ;
#2362 = AXIS2_PLACEMENT_3D ( 'NONE', #3107, #1952, #164 ) ;
#2363 = CARTESIAN_POINT ( 'NONE',  ( -0.1277063293868266600, -0.05289769363290934600, 0.1303125000000000800 ) ) ;
#2364 = CARTESIAN_POINT ( 'NONE',  ( 0.06542438130972660900, 0.06542438130972656800, -0.02124999999999980700 ) ) ;
#2365 = CARTESIAN_POINT ( 'NONE',  ( -0.05414006797443464400, 0.1852485681271251200, 0.3869378173891094300 ) ) ;
#2366 = CARTESIAN_POINT ( 'NONE',  ( 0.06542438130972662300, 0.06542438130972659500, -0.06499999999999985000 ) ) ;
#2367 = CARTESIAN_POINT ( 'NONE',  ( 0.05177669529663691400, -0.1250000000000001900, -0.3118749999999999600 ) ) ;
#2368 = CARTESIAN_POINT ( 'NONE',  ( 0.03832471526136906800, 0.09252404735808419900, -0.06187499999999986800 ) ) ;
#2369 = DIRECTION ( 'NONE',  ( 1.000000000000000000, 0.0000000000000000000, 0.0000000000000000000 ) ) ;
#2370 = CARTESIAN_POINT ( 'NONE',  ( 0.09252404735808419900, 0.03832471526136902600, -0.2743749999999998700 ) ) ;
#2371 = FACE_OUTER_BOUND ( 'NONE', #2638, .T. ) ;
#2372 = CARTESIAN_POINT ( 'NONE',  ( 0.0000000000000000000, 0.1277063293868266600, -0.1884374999999997900 ) ) ;
#2373 = CARTESIAN_POINT ( 'NONE',  ( 0.08838834764831854400, 0.08838834764831853000, 0.1100000000000001800 ) ) ;
#2374 = ADVANCED_FACE ( 'NONE', ( #2371 ), #1225, .T. ) ;
#2375 = LOCAL_TIME ( 9, 34, 43.00000000000000000, #2233 ) ;
#2376 = ORIENTED_EDGE ( 'NONE', *, *, #3171, .F. ) ;
#2377 = CARTESIAN_POINT ( 'NONE',  ( -0.09030201150986802400, -0.09030201150986801000, 0.08343750000000005300 ) ) ;
#2378 = CARTESIAN_POINT ( 'NONE',  ( -1.530808498934193400E-017, -0.1250000000000001400, -0.1149999999999998800 ) ) ;
#2379 = CARTESIAN_POINT ( 'NONE',  ( -0.09252404735808419900, 1.690227475583729900E-018, -0.3462499999999998900 ) ) ;
#2380 = LOCAL_TIME ( 9, 34, 43.00000000000000000, #2093 ) ;
#2381 = EDGE_CURVE ( 'NONE', #1060, #1504, #1911, .T. ) ;
#2382 = CARTESIAN_POINT ( 'NONE',  ( -0.01064705950397591500, -0.1037683114788154300, 0.05254334436441901500 ) ) ;
#2383 = CARTESIAN_POINT ( 'NONE',  ( 0.03832471526136898400, -0.09252404735808419900, -0.03687499999999986600 ) ) ;
#2384 = CARTESIAN_POINT ( 'NONE',  ( -0.05177669529663697000, -0.1250000000000001400, -0.3181249999999998800 ) ) ;
#2385 = CARTESIAN_POINT ( 'NONE',  ( -0.09252404735808419900, 0.03832471526136901200, -0.1493749999999999000 ) ) ;
#2386 = DIRECTION ( 'NONE',  ( 0.0000000000000000000, 0.0000000000000000000, -1.000000000000000000 ) ) ;
#2387 = CARTESIAN_POINT ( 'NONE',  ( 0.09252404735808418500, -2.097162821266345400E-017, -0.3274999999999998500 ) ) ;
#2388 = CARTESIAN_POINT ( 'NONE',  ( -0.09030201150986801000, 0.09030201150986802400, -0.1821874999999997800 ) ) ;
#2389 = CARTESIAN_POINT ( 'NONE',  ( 0.1231202033352554300, 5.766315375880719300E-013, 0.1048353011104477000 ) ) ;
#2390 = CARTESIAN_POINT ( 'NONE',  ( -0.1250000000000001400, 3.678806048192898800E-018, 0.07875000000000019500 ) ) ;
#2391 = CARTESIAN_POINT ( 'NONE',  ( -0.1875000000000000300, -0.1082531754730739800, 0.3732531754730676900 ) ) ;
#2392 = CARTESIAN_POINT ( 'NONE',  ( -0.09583268660855005800, -0.03374334484674432200, 0.04507595908711525100 ) ) ;
#2393 = CARTESIAN_POINT ( 'NONE',  ( -0.03832471526136901200, 0.09252404735808419900, 0.1381250000000001600 ) ) ;
#2394 = CARTESIAN_POINT ( 'NONE',  ( -0.09252404735808419900, -0.03832471526136901200, -0.1931249999999999100 ) ) ;
#2395 = DIRECTION ( 'NONE',  ( 1.000000000000000000, 0.0000000000000000000, 0.0000000000000000000 ) ) ;
#2396 = CARTESIAN_POINT ( 'NONE',  ( -0.06542438130972659500, -0.06542438130972659500, -0.3462499999999998900 ) ) ;
#2397 = CARTESIAN_POINT ( 'NONE',  ( 0.09030201150986802400, 0.09030201150986798300, -0.1946874999999997900 ) ) ;
#2398 = DIRECTION ( 'NONE',  ( 1.000000000000000000, 0.0000000000000000000, 0.0000000000000000000 ) ) ;
#2399 = CARTESIAN_POINT ( 'NONE',  ( -0.09252404735808419900, -0.03832471526136901200, -0.1493749999999999000 ) ) ;
#2400 = CARTESIAN_POINT ( 'NONE',  ( -0.1277063293868266600, 0.05289769363290935900, -0.3290624999999997600 ) ) ;
#2401 = EDGE_CURVE ( 'NONE', #1309, #3416, #881, .T. ) ;
#2402 = CARTESIAN_POINT ( 'NONE',  ( 0.06542438130972659500, -0.06542438130972662300, -0.1774999999999998800 ) ) ;
#2403 = ADVANCED_FACE ( 'NONE', ( #1600 ), #1818, .T. ) ;
#2404 = ORIENTED_EDGE ( 'NONE', *, *, #1835, .F. ) ;
#2405 = CARTESIAN_POINT ( 'NONE',  ( 0.0000000000000000000, -3.717939185210915300E-018, -0.3899999999999999600 ) ) ;
#2406 = CARTESIAN_POINT ( 'NONE',  ( 0.03832471526136906800, 0.09252404735808419900, -0.01812499999999982200 ) ) ;
#2407 = CARTESIAN_POINT ( 'NONE',  ( 0.1250000000000001400, -2.693736393049096500E-017, -0.04624999999999983300 ) ) ;
#2408 = CARTESIAN_POINT ( 'NONE',  ( 0.09252404735808418500, -2.097162821266345400E-017, -0.07124999999999988300 ) ) ;
#2409 = CARTESIAN_POINT ( 'NONE',  ( 0.06199205473173496900, -0.1807152214591243000, 0.3880723390358634100 ) ) ;
#2410 = ORIENTED_EDGE ( 'NONE', *, *, #1731, .T. ) ;
#2411 = ORIENTED_EDGE ( 'NONE', *, *, #1912, .F. ) ;
#2412 = CARTESIAN_POINT ( 'NONE',  ( -0.09030201150986802400, -0.09030201150986801000, -0.2196874999999997900 ) ) ;
#2413 = DIRECTION ( 'NONE',  ( 1.000000000000000000, 0.0000000000000000000, 0.0000000000000000000 ) ) ;
#2414 = ADVANCED_FACE ( 'NONE', ( #415 ), #3671, .T. ) ;
#2415 = CARTESIAN_POINT ( 'NONE',  ( 0.03832471526136898400, -0.09252404735808419900, -0.1868749999999998700 ) ) ;
#2416 = CARTESIAN_POINT ( 'NONE',  ( -1.563951475144348500E-017, -0.1277063293868266600, -0.3634374999999998000 ) ) ;
#2417 = CARTESIAN_POINT ( 'NONE',  ( -0.03832471526136902600, -0.09252404735808418500, -0.1368749999999998900 ) ) ;
#2418 = VECTOR ( 'NONE', #2492, 39.37007874015748100 ) ;
#2419 = EDGE_LOOP ( 'NONE', ( #2783, #561, #2359, #3509, #3414 ) ) ;
#2420 = CARTESIAN_POINT ( 'NONE',  ( -0.09252404735808418500, 1.690227475583728000E-018, 0.05375000000000014500 ) ) ;
#2421 = CARTESIAN_POINT ( 'NONE',  ( 0.06542438130972660900, 0.06542438130972656800, 0.07875000000000015300 ) ) ;
#2422 = FACE_OUTER_BOUND ( 'NONE', #1870, .T. ) ;
#2423 = CARTESIAN_POINT ( 'NONE',  ( 0.09252404735808419900, 0.03832471526136903300, 0.1818750000000001500 ) ) ;
#2424 = CARTESIAN_POINT ( 'NONE',  ( 0.0000000000000000000, -3.717939185210915300E-018, 0.1099999999999999900 ) ) ;
#2425 = ORIENTED_EDGE ( 'NONE', *, *, #3513, .F. ) ;
#2426 = CARTESIAN_POINT ( 'NONE',  ( 0.07107125563451220700, 0.08448029176788028600, 0.06922350232920618200 ) ) ;
#2427 = CARTESIAN_POINT ( 'NONE',  ( 0.09030201150986801000, -0.09030201150986802400, -0.007187499999999744400 ) ) ;
#2429 = ORIENTED_EDGE ( 'NONE', *, *, #849, .T. ) ;
#2428 = B_SPLINE_CURVE_WITH_KNOTS ( 'NONE', 3,
 ( #3419, #742, #2851, #1078, #1369, #3699, #1672, #3713, #1937, #1028, #1375, #152, #754, #1965, #1681, #1917, #2815, #468, #3106, #2205, #430, #2508, #2232, #451, #1336, #1637, #1926, #1950, #764, #1049 ),
 .UNSPECIFIED., .F., .F.,
 ( 4, 2, 2, 2, 2, 2, 2, 2, 2, 2, 2, 2, 2, 2, 4 ),
 ( 0.002270509831152807600, 0.002794326065613912500, 0.003318142300075017400, 0.003841958534536122300, 0.004365774768997228100, 0.005413407237919437000, 0.005937223472380541100, 0.006461039706841645100, 0.006984855941302750000, 0.007508672175763854900, 0.008556304644686062200, 0.009080120879147168800, 0.009603937113608272000, 0.01012775334806937900, 0.01065156958253048200 ),
 .UNSPECIFIED. ) ;
#2430 = CARTESIAN_POINT ( 'NONE',  ( 0.05431570440144102600, -0.07490329495353517700, -0.3849759526419160900 ) ) ;
#2431 = CARTESIAN_POINT ( 'NONE',  ( -0.06542438130972659500, -0.06542438130972659500, -0.1462499999999998500 ) ) ;
#2432 = CARTESIAN_POINT ( 'NONE',  ( -0.09030201150986801000, 0.09030201150986802400, -0.3821874999999998500 ) ) ;
#2433 = CARTESIAN_POINT ( 'NONE',  ( 0.06542438130972659500, -0.06542438130972662300, -0.1274999999999998600 ) ) ;
#2434 = EDGE_CURVE ( 'NONE', #2192, #258, #1618, .T. ) ;
#2435 = CARTESIAN_POINT ( 'NONE',  ( -0.06542438130972659500, 0.06542438130972659500, 0.09750000000000011400 ) ) ;
#2436 = CARTESIAN_POINT ( 'NONE',  ( -1.133092784412359100E-017, -0.09252404735808418500, 0.06000000000000017800 ) ) ;
#2437 = CARTESIAN_POINT ( 'NONE',  ( -1.133092784412359400E-017, -0.09252404735808419900, 0.2162500000000001100 ) ) ;
#2438 = CARTESIAN_POINT ( 'NONE',  ( -0.1875000000000000600, 0.07301431151396105300, 0.3825138201932793400 ) ) ;
#2439 = AXIS2_PLACEMENT_3D ( 'NONE', #3006, #3306, #2722 ) ;
#2440 = CARTESIAN_POINT ( 'NONE',  ( -1.563951475144348500E-017, -0.1277063293868266600, 0.03656250000000023400 ) ) ;
#2441 = CARTESIAN_POINT ( 'NONE',  ( -0.03832471526136901900, -0.09252404735808419900, -0.1931249999999998500 ) ) ;
#2442 = CARTESIAN_POINT ( 'NONE',  ( 0.03832471526136898400, -0.09252404735808421300, -0.2306249999999998600 ) ) ;
#2443 = CARTESIAN_POINT ( 'NONE',  ( 0.03832471526136898400, -0.09252404735808419900, 0.06937500000000013100 ) ) ;
#2444 = CARTESIAN_POINT ( 'NONE',  ( -0.09030201150986802400, -0.09030201150986801000, -0.4165625000000000000 ) ) ;
#2445 = CARTESIAN_POINT ( 'NONE',  ( -0.09252404735808419900, 0.03832471526136901900, 0.1006250000000001000 ) ) ;
#2446 = CARTESIAN_POINT ( 'NONE',  ( -0.1093160955814046100, 0.03595483670021293300, 0.08210096411573507300 ) ) ;
#2447 = CARTESIAN_POINT ( 'NONE',  ( -0.09030201150986802400, -0.09030201150986801000, 0.03031250000000019700 ) ) ;
#2448 = B_SPLINE_CURVE_WITH_KNOTS ( 'NONE', 3,
 ( #3490, #2340, #1732, #803, #2049, #2000, #3213, #3221, #500, #526 ),
 .UNSPECIFIED., .F., .F.,
 ( 4, 2, 2, 2, 4 ),
 ( 0.0000000000000000000, 0.0006038826695580252600, 0.001207765339116050500, 0.001811648008674075900, 0.002415530678232101500 ),
 .UNSPECIFIED. ) ;
#2449 = ORIENTED_EDGE ( 'NONE', *, *, #1839, .T. ) ;
#2450 = CARTESIAN_POINT ( 'NONE',  ( 0.09252404735808418500, -2.097162821266345400E-017, -0.1774999999999998500 ) ) ;
#2451 = EDGE_CURVE ( 'NONE', #3235, #446, #2545, .T. ) ;
#2452 = EDGE_LOOP ( 'NONE', ( #3140, #770, #1206, #1822 ) ) ;
#2453 = CARTESIAN_POINT ( 'NONE',  ( -0.09252404735808418500, 0.03832471526136901900, -0.09937499999999988000 ) ) ;
#2454 = ORIENTED_EDGE ( 'NONE', *, *, #2822, .F. ) ;
#2455 = CARTESIAN_POINT ( 'NONE',  ( -0.03832471526136901900, -0.09252404735808419900, 0.01312500000000015000 ) ) ;
#2456 = CARTESIAN_POINT ( 'NONE',  ( -0.1277063293868266600, -0.05289769363290934600, -0.4196874999999999400 ) ) ;
#2457 = CARTESIAN_POINT ( 'NONE',  ( 0.03832471526136907400, 0.09252404735808419900, 0.1381250000000001400 ) ) ;
#2458 = AXIS2_PLACEMENT_3D ( 'NONE', #488, #2564, #791 ) ;
#2459 = CARTESIAN_POINT ( 'NONE',  ( -0.1077419714023353400, -0.04039840574709437800, -0.3625812985897418100 ) ) ;
#2460 = ORIENTED_EDGE ( 'NONE', *, *, #1159, .F. ) ;
#2461 = FACE_OUTER_BOUND ( 'NONE', #2645, .T. ) ;
#2462 = EDGE_LOOP ( 'NONE', ( #1958, #1230, #48, #2797 ) ) ;
#2463 = CARTESIAN_POINT ( 'NONE',  ( -0.1277063293868266600, 3.844520929243675400E-018, -0.02593749999999978400 ) ) ;
#2464 = CARTESIAN_POINT ( 'NONE',  ( 0.08838834764831853000, -0.08838834764831854400, -0.3524999999999998700 ) ) ;
#2465 = CARTESIAN_POINT ( 'NONE',  ( -0.09252404735808419900, -0.03832471526136901200, -0.04937499999999986300 ) ) ;
#2466 = LINE ( 'NONE', #3238, #3067 ) ;
#2467 = ORIENTED_EDGE ( 'NONE', *, *, #1423, .T. ) ;
#2468 = CARTESIAN_POINT ( 'NONE',  ( -0.09252404735808419900, 1.690227475583729900E-018, -0.04624999999999988100 ) ) ;
#2469 = ORIENTED_EDGE ( 'NONE', *, *, #3217, .F. ) ;
#2470 = CARTESIAN_POINT ( 'NONE',  ( 0.03832471526136906800, 0.09252404735808419900, 0.03812500000000016600 ) ) ;
#2471 = CARTESIAN_POINT ( 'NONE',  ( 0.1277063293868266600, -2.743450857364329300E-017, -0.3478124999999999700 ) ) ;
#2472 = CARTESIAN_POINT ( 'NONE',  ( 0.03832471526136899800, -0.09252404735808421300, 0.1193750000000001300 ) ) ;
#2473 = CARTESIAN_POINT ( 'NONE',  ( 0.1250000000000000000, 0.05177669529663709400, -0.3431249999999998500 ) ) ;
#2474 = PERSON_AND_ORGANIZATION ( #2767, #3077 ) ;
#2475 = CARTESIAN_POINT ( 'NONE',  ( 0.07239825162697799400, 0.06779733423671242800, 0.03846576911032392000 ) ) ;
#2476 = CARTESIAN_POINT ( 'NONE',  ( 0.1277063293868266300, -0.05289769363290944300, 0.04593750000000025600 ) ) ;
#2477 = PRODUCT ( '95031A124_Low-Strength steel Flanged Hex Head Screws', '95031A124_Low-Strength steel Flanged Hex Head Screws', '', ( #238 ) ) ;
#2478 = CARTESIAN_POINT ( 'NONE',  ( -0.03832471526136901200, 0.09252404735808419900, -0.01187499999999985600 ) ) ;
#2479 = CARTESIAN_POINT ( 'NONE',  ( 0.03832471526136898400, -0.09252404735808419900, 0.2193750000000001300 ) ) ;
#2480 = CARTESIAN_POINT ( 'NONE',  ( 0.0000000000000000000, 0.09252404735808418500, 0.1850000000000001400 ) ) ;
#2481 = CARTESIAN_POINT ( 'NONE',  ( -0.06542438130972659500, -0.06542438130972659500, -0.3462499999999998900 ) ) ;
#2482 = CARTESIAN_POINT ( 'NONE',  ( 0.09028088490205298000, -0.02024996693388080700, 0.02077305344105832800 ) ) ;
#2483 = CARTESIAN_POINT ( 'NONE',  ( 0.08838834764831853000, -0.08838834764831854400, -0.2587499999999999200 ) ) ;
#2484 =( GEOMETRIC_REPRESENTATION_CONTEXT ( 3 ) GLOBAL_UNCERTAINTY_ASSIGNED_CONTEXT ( ( #2005 ) ) GLOBAL_UNIT_ASSIGNED_CONTEXT ( ( #3394, #1638, #3457 ) ) REPRESENTATION_CONTEXT ( 'NONE', 'WORKASPACE' ) );
#2485 = CARTESIAN_POINT ( 'NONE',  ( 0.1277063293868266600, -2.743450857364329300E-017, 0.1990625000000002800 ) ) ;
#2486 = CARTESIAN_POINT ( 'NONE',  ( 0.1874999999999999400, 0.09074605637814313300, 0.1937119453341860400 ) ) ;
#2487 = DIRECTION ( 'NONE',  ( 1.000000000000000000, 0.0000000000000000000, 0.0000000000000000000 ) ) ;
#2488 = CARTESIAN_POINT ( 'NONE',  ( -0.06542438130972659500, -0.06542438130972659500, 0.05375000000000014500 ) ) ;
#2489 = CARTESIAN_POINT ( 'NONE',  ( 0.06542438130972659500, -0.06542438130972660900, 0.2225000000000000900 ) ) ;
#2490 = CARTESIAN_POINT ( 'NONE',  ( 0.1277063293868266300, -0.05289769363290944300, -0.2009374999999999600 ) ) ;
#2491 = CARTESIAN_POINT ( 'NONE',  ( 0.06542438130972660900, 0.06542438130972656800, -0.3212499999999998700 ) ) ;
#2492 = DIRECTION ( 'NONE',  ( -0.0000000000000000000, -0.0000000000000000000, 1.000000000000000000 ) ) ;
#2493 = CARTESIAN_POINT ( 'NONE',  ( 0.0000000000000000000, 0.09252404735808418500, -0.06499999999999985000 ) ) ;
#2494 = ORIENTED_EDGE ( 'NONE', *, *, #559, .T. ) ;
#2495 = CYLINDRICAL_SURFACE ( 'NONE', #3389, 0.1250000000000001400 ) ;
#2496 = CARTESIAN_POINT ( 'NONE',  ( 0.04691587352203782600, 0.08950947272626644200, 0.04180999036006442100 ) ) ;
#2497 = CARTESIAN_POINT ( 'NONE',  ( 0.09030201150986801000, -0.09030201150986802400, 0.2428125000000001800 ) ) ;
#2498 = DIRECTION ( 'NONE',  ( -0.0000000000000000000, -0.0000000000000000000, 1.000000000000000000 ) ) ;
#2499 = ORIENTED_EDGE ( 'NONE', *, *, #1131, .T. ) ;
#2500 = CARTESIAN_POINT ( 'NONE',  ( -0.09252404735808419900, 0.03832471526136901200, -0.1056249999999998700 ) ) ;
#2501 = ORIENTED_EDGE ( 'NONE', *, *, #1249, .T. ) ;
#2502 = AXIS2_PLACEMENT_3D ( 'NONE', #782, #194, #2847 ) ;
#2503 = CARTESIAN_POINT ( 'NONE',  ( -0.06542438130972659500, 0.06542438130972659500, -0.3587499999999999000 ) ) ;
#2504 = CARTESIAN_POINT ( 'NONE',  ( -1.563951475144348500E-017, -0.1277063293868266600, -0.2603124999999999500 ) ) ;
#2505 = CIRCLE ( 'NONE', #26, 0.1874999999999999700 ) ;
#2506 = CARTESIAN_POINT ( 'NONE',  ( 0.0000000000000000000, 0.09252404735808419900, 0.2412500000000001300 ) ) ;
#2507 = AXIS2_PLACEMENT_3D ( 'NONE', #958, #2386, #3292 ) ;
#2508 = CARTESIAN_POINT ( 'NONE',  ( -0.08547901022415931000, 0.06904868516553783200, -0.3678346049638564500 ) ) ;
#2509 = CARTESIAN_POINT ( 'NONE',  ( 0.08399984822798629800, 0.05135379502644066300, 0.03644063669700439000 ) ) ;
#2510 = CARTESIAN_POINT ( 'NONE',  ( -0.09252404735808418500, 1.690227475583728000E-018, -0.2024999999999998500 ) ) ;
#2511 = CONICAL_SURFACE ( 'NONE', #3442, 0.1874999999999999700, 1.047197551196600100 ) ;
#2512 = CARTESIAN_POINT ( 'NONE',  ( 0.05289769363290933200, -0.1277063293868267200, 0.1896875000000002300 ) ) ;
#2513 = ORIENTED_EDGE ( 'NONE', *, *, #2381, .F. ) ;
#2514 = CARTESIAN_POINT ( 'NONE',  ( -0.1250000000000005800, -0.05177669529663647700, -0.07437499999999998300 ) ) ;
#2515 = CARTESIAN_POINT ( 'NONE',  ( 0.06542438130972659500, -0.06542438130972660900, 0.01625000000000013200 ) ) ;
#2516 = EDGE_LOOP ( 'NONE', ( #1070, #1342, #165 ) ) ;
#2517 = CARTESIAN_POINT ( 'NONE',  ( 0.1277063293868266600, -2.743450857364329300E-017, -0.2478124999999999600 ) ) ;
#2518 = CARTESIAN_POINT ( 'NONE',  ( -0.03832471526136900500, 0.09252404735808418500, -0.3118749999999998500 ) ) ;
#2519 = CARTESIAN_POINT ( 'NONE',  ( -0.1250000000000001400, 3.678806048192898800E-018, -0.2212499999999998400 ) ) ;
#2520 = CARTESIAN_POINT ( 'NONE',  ( -0.09252404735808419900, 1.690227475583729900E-018, -0.3962499999999998800 ) ) ;
#2521 = EDGE_CURVE ( 'NONE', #3714, #277, #406, .T. ) ;
#2522 = CARTESIAN_POINT ( 'NONE',  ( 0.1249999999999998600, -0.05177669529663724700, -0.05562499999999990400 ) ) ;
#2523 = CARTESIAN_POINT ( 'NONE',  ( 0.09252404735808419900, -0.03832471526136906100, 0.1193750000000001300 ) ) ;
#2524 = DESIGN_CONTEXT ( 'detailed design', #1144, 'design' ) ;
#2525 = CARTESIAN_POINT ( 'NONE',  ( -0.09030201150986802400, -0.09030201150986801000, -0.2665624999999999800 ) ) ;
#2526 = CARTESIAN_POINT ( 'NONE',  ( -0.09252404735808418500, 1.690227475583728000E-018, -0.3524999999999998700 ) ) ;
#2527 = CARTESIAN_POINT ( 'NONE',  ( -0.1641250000000000200, 2.095676835040908300E-017, 0.3759999999999999500 ) ) ;
#2528 = DIRECTION ( 'NONE',  ( -0.0000000000000000000, -0.0000000000000000000, 1.000000000000000000 ) ) ;
#2529 = CARTESIAN_POINT ( 'NONE',  ( -0.1277063293868266600, 0.05289769363290935900, 0.1209375000000002100 ) ) ;
#2530 = CARTESIAN_POINT ( 'NONE',  ( 0.2800000000000000300, -3.717939185210915300E-018, 0.3899999999999999600 ) ) ;
#2531 = CARTESIAN_POINT ( 'NONE',  ( 0.03832471526136906800, 0.09252404735808419900, 0.1318750000000001900 ) ) ;
#2532 = ORIENTED_EDGE ( 'NONE', *, *, #1038, .T. ) ;
#2533 = VERTEX_POINT ( 'NONE', #2557 ) ;
#2534 = CARTESIAN_POINT ( 'NONE',  ( -0.05289769363290936600, -0.1277063293868266600, -0.3134374999999999800 ) ) ;
#2535 = ORIENTED_EDGE ( 'NONE', *, *, #3720, .T. ) ;
#2536 = CARTESIAN_POINT ( 'NONE',  ( 0.03832471526136906800, 0.09252404735808418500, -0.2181249999999998500 ) ) ;
#2537 = CARTESIAN_POINT ( 'NONE',  ( 0.03202281600304692600, -0.1182357130873003000, -0.3551433475574040700 ) ) ;
#2538 = EDGE_CURVE ( 'NONE', #1119, #3530, #388, .T. ) ;
#2539 = CARTESIAN_POINT ( 'NONE',  ( 0.03832471526136899800, -0.09252404735808421300, -0.3306249999999998900 ) ) ;
#2540 = CARTESIAN_POINT ( 'NONE',  ( -0.08838834764831854400, -0.08838834764831853000, -0.02124999999999986300 ) ) ;
#2541 = CARTESIAN_POINT ( 'NONE',  ( 0.03832471526136898400, -0.09252404735808419900, 0.1631250000000001900 ) ) ;
#2542 = FACE_OUTER_BOUND ( 'NONE', #376, .T. ) ;
#2543 = CARTESIAN_POINT ( 'NONE',  ( 0.08750000000000018900, -3.717939185210915300E-018, -0.3899999999999999600 ) ) ;
#2544 = EDGE_CURVE ( 'NONE', #1752, #2968, #2315, .T. ) ;
#2545 = CIRCLE ( 'NONE', #1201, 0.2548000000000000300 ) ;
#2546 = CARTESIAN_POINT ( 'NONE',  ( -0.03832471526136901200, 0.09252404735808419900, -0.06187499999999986800 ) ) ;
#2547 = ORIENTED_EDGE ( 'NONE', *, *, #780, .F. ) ;
#2548 = CARTESIAN_POINT ( 'NONE',  ( 0.09030201150986801000, -0.09030201150986802400, -0.1040624999999999200 ) ) ;
#2549 = CARTESIAN_POINT ( 'NONE',  ( -0.03832471526136900500, 0.09252404735808418500, -0.1618749999999998200 ) ) ;
#2550 = CARTESIAN_POINT ( 'NONE',  ( 0.07972922379681958400, -0.09640923181451477300, -0.3529513036095007200 ) ) ;
#2551 = CARTESIAN_POINT ( 'NONE',  ( -0.05177669529663697000, -0.1250000000000001400, -0.1681249999999998900 ) ) ;
#2552 = ORIENTED_EDGE ( 'NONE', *, *, #2844, .F. ) ;
#2553 = CARTESIAN_POINT ( 'NONE',  ( -0.1250000000000001400, 3.678806048192898800E-018, -0.1274999999999998900 ) ) ;
#2554 = CARTESIAN_POINT ( 'NONE',  ( 0.03832471526136906800, 0.09252404735808419900, -0.1681249999999998600 ) ) ;
#2555 = CARTESIAN_POINT ( 'NONE',  ( -0.09252404735808419900, 0.03832471526136901900, -0.3493749999999999900 ) ) ;
#2556 = CARTESIAN_POINT ( 'NONE',  ( 0.1250000000000005800, 0.05177669529663651200, -0.3493749999999999400 ) ) ;
#2557 = CARTESIAN_POINT ( 'NONE',  ( -0.08750000000000018900, 9.293933055729773900E-018, -0.3899999999999999600 ) ) ;
#2558 = VERTEX_POINT ( 'NONE', #519 ) ;
#2559 = CARTESIAN_POINT ( 'NONE',  ( 0.09374999999999995800, 0.1623797632095822800, 0.3899999999999999600 ) ) ;
#2560 = CARTESIAN_POINT ( 'NONE',  ( 0.09030201150986801000, -0.09030201150986802400, -0.004062499999999965400 ) ) ;
#2561 = CARTESIAN_POINT ( 'NONE',  ( 0.05384830891924737000, 0.1112511715107077500, 0.1054434761679884500 ) ) ;
#2562 = CARTESIAN_POINT ( 'NONE',  ( 0.09252404735808418500, -2.097162821266345400E-017, -0.2774999999999998600 ) ) ;
#2563 = DIRECTION ( 'NONE',  ( 0.0000000000000000000, 0.0000000000000000000, 1.000000000000000000 ) ) ;
#2564 = DIRECTION ( 'NONE',  ( -0.0000000000000000000, -0.0000000000000000000, 1.000000000000000000 ) ) ;
#2565 = CARTESIAN_POINT ( 'NONE',  ( -0.06542438130972659500, 0.06542438130972660900, -0.2524999999999998900 ) ) ;
#2566 = CARTESIAN_POINT ( 'NONE',  ( -0.01270678686752737600, -0.1186906324975838000, 0.09383220392706455300 ) ) ;
#2567 = CARTESIAN_POINT ( 'NONE',  ( 0.0000000000000000000, 0.1250000000000001400, -0.3399999999999999100 ) ) ;
#2568 = EDGE_CURVE ( 'NONE', #2122, #3588, #3026, .T. ) ;
#2569 = CARTESIAN_POINT ( 'NONE',  ( -0.1250000000000003600, -0.05177669529663669200, -0.02437499999999993100 ) ) ;
#2570 = CARTESIAN_POINT ( 'NONE',  ( 0.1250000000000001100, -0.05177669529663702500, -0.04937499999999980800 ) ) ;
#2571 = DIRECTION ( 'NONE',  ( 0.7071067811865481300, 0.0000000000000000000, 0.7071067811865469100 ) ) ;
#2572 = CARTESIAN_POINT ( 'NONE',  ( -0.05289769363290936600, -0.1277063293868266600, 0.03656250000000009500 ) ) ;
#2573 = CARTESIAN_POINT ( 'NONE',  ( -1.133092784412359100E-017, -0.09252404735808418500, -0.1399999999999998500 ) ) ;
#2574 = DIRECTION ( 'NONE',  ( 1.000000000000000000, 0.0000000000000000000, 0.0000000000000000000 ) ) ;
#2575 = CARTESIAN_POINT ( 'NONE',  ( 0.04113853893275249600, -0.1074504926884068300, 0.08202642152496322800 ) ) ;
#2576 = CARTESIAN_POINT ( 'NONE',  ( -0.06542438130972660900, -0.06542438130972659500, -0.1899999999999998900 ) ) ;
#2577 = CARTESIAN_POINT ( 'NONE',  ( -0.09252404735808418500, -0.03832471526136901200, 0.006875000000000114500 ) ) ;
#2578 = CARTESIAN_POINT ( 'NONE',  ( 0.09252404735808419900, -0.03832471526136906100, -0.2743749999999998700 ) ) ;
#2579 = CARTESIAN_POINT ( 'NONE',  ( -0.05177669529663697000, -0.1250000000000001400, -0.01812499999999988100 ) ) ;
#2580 = ORIENTED_EDGE ( 'NONE', *, *, #3648, .T. ) ;
#2581 = B_SPLINE_CURVE_WITH_KNOTS ( 'NONE', 3,
 ( #1916, #706, #3353, #151, #3392, #728, #2777, #450, #716, #117 ),
 .UNSPECIFIED., .F., .F.,
 ( 4, 2, 2, 2, 4 ),
 ( 2.126805647435647300E-017, 0.0004639090726152925000, 0.0009278181452305637500, 0.001391727217845835100, 0.001855636290461106300 ),
 .UNSPECIFIED. ) ;
#2582 = ORIENTED_EDGE ( 'NONE', *, *, #359, .T. ) ;
#2583 = ORIENTED_EDGE ( 'NONE', *, *, #1639, .F. ) ;
#2584 = CARTESIAN_POINT ( 'NONE',  ( 0.0000000000000000000, 0.1277063293868266600, -0.08531249999999995800 ) ) ;
#2585 = CARTESIAN_POINT ( 'NONE',  ( -1.657911502206777500E-019, -0.2165063509461095700, -0.3900393700787401200 ) ) ;
#2586 = CARTESIAN_POINT ( 'NONE',  ( -0.03832471526136900500, 0.09252404735808418500, -0.1118749999999998500 ) ) ;
#2587 = CARTESIAN_POINT ( 'NONE',  ( 0.09269883502920395200, 0.01276712285431197400, 0.02307175617868010800 ) ) ;
#2588 = PERSON_AND_ORGANIZATION_ROLE ( 'creator' ) ;
#2589 = EDGE_CURVE ( 'NONE', #1060, #3723, #2343, .T. ) ;
#2590 = CARTESIAN_POINT ( 'NONE',  ( -0.08112733097121625800, -0.07534782745271830000, 0.07007788004709679400 ) ) ;
#2591 = FACE_OUTER_BOUND ( 'NONE', #1918, .T. ) ;
#2592 = CARTESIAN_POINT ( 'NONE',  ( 0.09252404735808419900, -2.097162821266345700E-017, -0.3712499999999999100 ) ) ;
#2593 = CARTESIAN_POINT ( 'NONE',  ( -0.02797406028762564400, -0.1157231744264603100, 0.09297155833509820900 ) ) ;
#2594 = CARTESIAN_POINT ( 'NONE',  ( -0.09252404735808419900, 0.03832471526136901200, -0.2493749999999999000 ) ) ;
#2595 = CARTESIAN_POINT ( 'NONE',  ( -0.1721733375312265700, 0.1171020281751796600, 0.1937669628627015400 ) ) ;
#2596 = CARTESIAN_POINT ( 'NONE',  ( 0.1250000000000001400, -2.693736393049096500E-017, -0.04624999999999983300 ) ) ;
#2597 = ORIENTED_EDGE ( 'NONE', *, *, #2322, .T. ) ;
#2598 = EDGE_LOOP ( 'NONE', ( #2789, #498, #1215, #3097 ) ) ;
#2599 = CARTESIAN_POINT ( 'NONE',  ( -0.05289769363290936600, -0.1277063293868266600, -0.01343749999999991700 ) ) ;
#2600 = DIRECTION ( 'NONE',  ( 0.4999999999999999400, -0.8660254037844387100, 0.0000000000000000000 ) ) ;
#2601 = CARTESIAN_POINT ( 'NONE',  ( -0.1004184339379863300, 0.006391072539861874200, 0.04246270230978494600 ) ) ;
#2602 = CARTESIAN_POINT ( 'NONE',  ( 0.1071264986742677100, -0.01372186017932027500, 0.06270880291963082400 ) ) ;
#2603 = CARTESIAN_POINT ( 'NONE',  ( -0.09252404735808419900, 1.690227475583729900E-018, -0.04624999999999988100 ) ) ;
#2604 = CARTESIAN_POINT ( 'NONE',  ( 0.05586131809837075600, -0.1070735429666787200, 0.09768423972593895400 ) ) ;
#2605 = CARTESIAN_POINT ( 'NONE',  ( -0.06542438130972659500, 0.06542438130972659500, -0.3024999999999999400 ) ) ;
#2606 = CARTESIAN_POINT ( 'NONE',  ( 0.0000000000000000000, 0.0000000000000000000, 0.1099999999999999900 ) ) ;
#2607 = CARTESIAN_POINT ( 'NONE',  ( 0.05177669529663702500, 0.1250000000000001100, -0.2931249999999999100 ) ) ;
#2608 = CARTESIAN_POINT ( 'NONE',  ( -0.1277063293868266600, 0.05289769363290935900, 0.1240625000000000600 ) ) ;
#2609 = CARTESIAN_POINT ( 'NONE',  ( 0.1250000000000001100, 0.05177669529663698300, -0.09312499999999986100 ) ) ;
#2610 = CARTESIAN_POINT ( 'NONE',  ( 0.1015413876035399000, -0.1578814034793176200, 0.2054106943766596500 ) ) ;
#2611 = CARTESIAN_POINT ( 'NONE',  ( -0.1250000000000001400, -0.05177669529663693500, -0.2181249999999998500 ) ) ;
#2612 = APPLICATION_PROTOCOL_DEFINITION ( 'international standard', 'config_control_design', 1994, #1144 ) ;
#2613 = CARTESIAN_POINT ( 'NONE',  ( -0.04588448110581148900, -0.1023689168496176000, 0.07409692113698114500 ) ) ;
#2614 = CARTESIAN_POINT ( 'NONE',  ( -0.09252404735808419900, 1.690227475583729900E-018, -0.1462499999999998800 ) ) ;
#2615 = CARTESIAN_POINT ( 'NONE',  ( -0.03547019193837430700, -0.1134889555332775800, 0.09253049108085585600 ) ) ;
#2616 = CARTESIAN_POINT ( 'NONE',  ( -0.03832471526136901200, 0.09252404735808419900, -0.2556249999999998800 ) ) ;
#2617 = EDGE_CURVE ( 'NONE', #1103, #1119, #1152, .T. ) ;
#2618 = CARTESIAN_POINT ( 'NONE',  ( -0.1250000000000001400, 0.05177669529663694200, 0.02562500000000020300 ) ) ;
#2619 = CARTESIAN_POINT ( 'NONE',  ( 0.1115838555181391800, 0.05519807497374015800, 0.1078688215505710000 ) ) ;
#2620 = DIRECTION ( 'NONE',  ( 1.000000000000000000, 0.0000000000000000000, 0.0000000000000000000 ) ) ;
#2621 = ORIENTED_EDGE ( 'NONE', *, *, #1707, .F. ) ;
#2622 = CARTESIAN_POINT ( 'NONE',  ( 0.1874999999999999400, -0.1082531754730547800, 0.1886580753730950400 ) ) ;
#2623 = ORIENTED_EDGE ( 'NONE', *, *, #3123, .F. ) ;
#2624 = CARTESIAN_POINT ( 'NONE',  ( 0.06161112066007330000, -0.09885974967150684700, 0.08401889314450550200 ) ) ;
#2625 = FACE_OUTER_BOUND ( 'NONE', #1498, .T. ) ;
#2626 = CARTESIAN_POINT ( 'NONE',  ( -0.09252404735808419900, 0.03832471526136901900, -0.1493749999999999000 ) ) ;
#2627 = CARTESIAN_POINT ( 'NONE',  ( -0.06542438130972659500, -0.06542438130972659500, -0.2899999999999999200 ) ) ;
#2628 = CARTESIAN_POINT ( 'NONE',  ( -0.08838834764831853000, 0.08838834764831854400, 0.01625000000000007700 ) ) ;
#2629 = CARTESIAN_POINT ( 'NONE',  ( -0.1250000000000001400, 0.05177669529663694900, -0.1806249999999999000 ) ) ;
#2630 = CARTESIAN_POINT ( 'NONE',  ( -0.09252404735808419900, 0.03832471526136901200, -0.2556249999999998800 ) ) ;
#2631 = DIRECTION ( 'NONE',  ( -0.0000000000000000000, -0.0000000000000000000, 1.000000000000000000 ) ) ;
#2632 = CARTESIAN_POINT ( 'NONE',  ( -0.06542438130972659500, 0.06542438130972659500, -0.002499999999999905100 ) ) ;
#2633 = CIRCLE ( 'NONE', #419, 0.02519999999999999700 ) ;
#2634 = CARTESIAN_POINT ( 'NONE',  ( 0.07795066281745313700, 0.1715015147849433000, 0.2050192523678380500 ) ) ;
#2635 = CARTESIAN_POINT ( 'NONE',  ( -7.352489739537068200E-018, -0.2165063509461095700, 0.1886580753730950400 ) ) ;
#2636 = CARTESIAN_POINT ( 'NONE',  ( 0.06542438130972659500, -0.06542438130972662300, -0.3274999999999999000 ) ) ;
#2637 = EDGE_CURVE ( 'NONE', #2911, #1232, #2745, .T. ) ;
#2638 = EDGE_LOOP ( 'NONE', ( #2213, #2980, #943 ) ) ;
#2639 = DIRECTION ( 'NONE',  ( -0.0000000000000000000, -0.0000000000000000000, 1.000000000000000000 ) ) ;
#2640 = CARTESIAN_POINT ( 'NONE',  ( -0.09252404735808419900, 0.03832471526136901900, -0.04937499999999986300 ) ) ;
#2641 = DIRECTION ( 'NONE',  ( 1.000000000000000000, 0.0000000000000000000, 0.0000000000000000000 ) ) ;
#2642 = CARTESIAN_POINT ( 'NONE',  ( -0.03832471526136901200, 0.09252404735808419900, -0.4118749999999998200 ) ) ;
#2643 = CARTESIAN_POINT ( 'NONE',  ( -0.06542438130972659500, -0.06542438130972659500, -0.1899999999999998900 ) ) ;
#2644 = CARTESIAN_POINT ( 'NONE',  ( 0.1250000000000001100, 0.05177669529663698300, 0.0006250000000000903300 ) ) ;
#2645 = EDGE_LOOP ( 'NONE', ( #2307, #1809, #3341, #1858 ) ) ;
#2646 = CARTESIAN_POINT ( 'NONE',  ( 0.0000000000000000000, 0.09252404735808418500, -0.2149999999999998600 ) ) ;
#2647 = AXIS2_PLACEMENT_3D ( 'NONE', #3494, #481, #1724 ) ;
#2648 = CYLINDRICAL_SURFACE ( 'NONE', #618, 0.1250000000000001400 ) ;
#2649 = CARTESIAN_POINT ( 'NONE',  ( 0.1277063293868266600, -2.743450857364329300E-017, -0.2009374999999998000 ) ) ;
#2650 = CARTESIAN_POINT ( 'NONE',  ( -0.1875000000000000300, -0.1082531754730547700, -0.3900393700787401200 ) ) ;
#2651 = CARTESIAN_POINT ( 'NONE',  ( 0.1277063293868266300, -0.05289769363290944300, 0.09906250000000005300 ) ) ;
#2652 = CARTESIAN_POINT ( 'NONE',  ( 0.03832471526136906800, 0.09252404735808418500, -0.06812499999999983800 ) ) ;
#2653 = CARTESIAN_POINT ( 'NONE',  ( 0.09252404735808418500, -0.03832471526136907400, -0.3743749999999999000 ) ) ;
#2654 = CARTESIAN_POINT ( 'NONE',  ( 0.03832471526136906800, 0.09252404735808419900, 0.08187500000000019800 ) ) ;
#2655 = ADVANCED_FACE ( 'NONE', ( #3111 ), #3285, .T. ) ;
#2656 = CARTESIAN_POINT ( 'NONE',  ( 0.1874999999999999400, 0.01832381728469551300, 0.3899999999999999600 ) ) ;
#2657 = CARTESIAN_POINT ( 'NONE',  ( -0.06542438130972659500, 0.06542438130972659500, -0.2024999999999999000 ) ) ;
#2658 = CARTESIAN_POINT ( 'NONE',  ( 0.03832471526136906800, 0.09252404735808419900, -0.3681249999999998700 ) ) ;
#2659 = CARTESIAN_POINT ( 'NONE',  ( 0.09030201150986801000, -0.09030201150986802400, -0.1571874999999997900 ) ) ;
#2660 = CARTESIAN_POINT ( 'NONE',  ( -0.09030201150986801000, 0.09030201150986802400, 0.1709375000000000800 ) ) ;
#2661 = CARTESIAN_POINT ( 'NONE',  ( -0.03832471526136901200, 0.09252404735808419900, -0.005624999999999887900 ) ) ;
#2662 = CARTESIAN_POINT ( 'NONE',  ( -0.06199205473173496200, 0.1807152214591243900, 0.3880723390358636300 ) ) ;
#2663 = CARTESIAN_POINT ( 'NONE',  ( 0.0000000000000000000, 0.0000000000000000000, 0.3899999999999999600 ) ) ;
#2664 = CARTESIAN_POINT ( 'NONE',  ( 0.03832471526136906800, 0.09252404735808419900, 0.03187500000000018800 ) ) ;
#2665 = CARTESIAN_POINT ( 'NONE',  ( -0.1250000000000001400, 3.678806048192898800E-018, 0.07875000000000019500 ) ) ;
#2666 = CARTESIAN_POINT ( 'NONE',  ( -0.03832471526136901200, 0.09252404735808419900, -0.05562499999999990400 ) ) ;
#2667 = CARTESIAN_POINT ( 'NONE',  ( 0.0000000000000000000, 0.0000000000000000000, 0.3899999999999999600 ) ) ;
#2668 = CARTESIAN_POINT ( 'NONE',  ( -0.03832471526136901200, 0.09252404735808419900, -0.3118749999999998500 ) ) ;
#2669 = CARTESIAN_POINT ( 'NONE',  ( 0.05289769363290933200, -0.1277063293868267200, -0.2103124999999997900 ) ) ;
#2670 = VERTEX_POINT ( 'NONE', #2023 ) ;
#2671 = CARTESIAN_POINT ( 'NONE',  ( -0.05177669529663694200, 0.1250000000000001400, -0.03687499999999992200 ) ) ;
#2672 = FACE_OUTER_BOUND ( 'NONE', #1943, .T. ) ;
#2673 = ADVANCED_FACE ( 'NONE', ( #3853 ), #1067, .T. ) ;
#2674 = PRODUCT_DEFINITION_FORMATION_WITH_SPECIFIED_SOURCE ( 'ANY', '', #2477, .NOT_KNOWN. ) ;
#2675 = CARTESIAN_POINT ( 'NONE',  ( -0.05177669529663694900, -0.1250000000000001400, -0.3118749999999997900 ) ) ;
#2676 = ORIENTED_EDGE ( 'NONE', *, *, #1110, .T. ) ;
#2677 = CARTESIAN_POINT ( 'NONE',  ( 0.1722020336094338700, 0.1170854604867020000, 0.3783524976032589000 ) ) ;
#2678 = ORIENTED_EDGE ( 'NONE', *, *, #3286, .F. ) ;
#2679 = VERTEX_POINT ( 'NONE', #872 ) ;
#2680 = CARTESIAN_POINT ( 'NONE',  ( 0.1250000000000001400, -3.717939185210915300E-018, 0.3899999999999999600 ) ) ;
#2681 = CARTESIAN_POINT ( 'NONE',  ( -0.09252404735808419900, 0.03832471526136901200, 0.04437500000000019900 ) ) ;
#2682 = CARTESIAN_POINT ( 'NONE',  ( 0.1250000000000001900, -1.530808498934193700E-017, 0.1099999999999999900 ) ) ;
#2683 = CARTESIAN_POINT ( 'NONE',  ( -0.03832471526136901900, -0.09252404735808419900, -0.08687499999999986900 ) ) ;
#2684 = CARTESIAN_POINT ( 'NONE',  ( -0.1250000000000001400, 0.05177669529663694900, -0.2306249999999999400 ) ) ;
#2685 = CARTESIAN_POINT ( 'NONE',  ( 0.0000000000000000000, 0.09252404735808418500, -0.3149999999999998400 ) ) ;
#2686 = CARTESIAN_POINT ( 'NONE',  ( -0.1277063293868266600, -0.05289769363290934600, -0.1228124999999998000 ) ) ;
#2687 = CARTESIAN_POINT ( 'NONE',  ( 0.0000000000000000000, 0.0000000000000000000, 0.1099999999999999900 ) ) ;
#2688 = CARTESIAN_POINT ( 'NONE',  ( 0.09252404735808419900, -0.03832471526136906100, -0.2806249999999998500 ) ) ;
#2689 = FACE_OUTER_BOUND ( 'NONE', #636, .T. ) ;
#2690 = ORIENTED_EDGE ( 'NONE', *, *, #2901, .F. ) ;
#2691 = CARTESIAN_POINT ( 'NONE',  ( -1.563951475144348500E-017, -0.1277063293868266600, -0.3134374999999998100 ) ) ;
#2692 = PLANE ( 'NONE',  #1011 ) ;
#2693 = CARTESIAN_POINT ( 'NONE',  ( -0.06542438130972660900, -0.06542438130972659500, -0.1899999999999998900 ) ) ;
#2694 = ORIENTED_EDGE ( 'NONE', *, *, #3842, .F. ) ;
#2695 = CARTESIAN_POINT ( 'NONE',  ( 0.09252404735808419900, 0.03832471526136902600, 0.02562500000000015500 ) ) ;
#2696 = CARTESIAN_POINT ( 'NONE',  ( -0.1250000000000001400, 1.159014580413101600E-017, 0.3899999999999999600 ) ) ;
#2697 = CARTESIAN_POINT ( 'NONE',  ( 0.06542438130972659500, -0.06542438130972660900, -0.02749999999999984400 ) ) ;
#2698 = CARTESIAN_POINT ( 'NONE',  ( -0.1250000000000001400, 3.678806048192898800E-018, -0.2274999999999999200 ) ) ;
#2699 = CARTESIAN_POINT ( 'NONE',  ( -0.09252404735808419900, -0.03832471526136901200, -0.1993749999999999100 ) ) ;
#2700 = CARTESIAN_POINT ( 'NONE',  ( -0.01027345562696692200, 0.1118216499490057600, 0.07442455976472299500 ) ) ;
#2701 = CARTESIAN_POINT ( 'NONE',  ( -0.1277063293868266600, 0.05289769363290935900, -0.2790624999999998800 ) ) ;
#2702 = CARTESIAN_POINT ( 'NONE',  ( 0.06635684796705200400, -0.06602103336270680200, -0.3841912078557231400 ) ) ;
#2703 = CARTESIAN_POINT ( 'NONE',  ( 0.03832471526136906800, 0.09252404735808419900, -0.2681249999999998900 ) ) ;
#2704 = CARTESIAN_POINT ( 'NONE',  ( 0.0000000000000000000, 0.09252404735808419900, -0.2587499999999999200 ) ) ;
#2705 = ADVANCED_FACE ( 'NONE', ( #982 ), #3225, .F. ) ;
#2706 = CARTESIAN_POINT ( 'NONE',  ( -0.06542438130972659500, -0.06542438130972659500, 0.1100000000000001300 ) ) ;
#2707 = CARTESIAN_POINT ( 'NONE',  ( 0.06542438130972660900, 0.06542438130972656800, -0.02124999999999980700 ) ) ;
#2708 = DIRECTION ( 'NONE',  ( 1.000000000000000000, 0.0000000000000000000, 0.0000000000000000000 ) ) ;
#2709 = CARTESIAN_POINT ( 'NONE',  ( -0.06542438130972660900, -0.06542438130972659500, 0.06000000000000010900 ) ) ;
#2710 = CARTESIAN_POINT ( 'NONE',  ( 0.06542438130972660900, 0.06542438130972656800, -0.1712499999999998500 ) ) ;
#2711 = CARTESIAN_POINT ( 'NONE',  ( -0.05177669529663694200, 0.1250000000000001400, -0.1868749999999999300 ) ) ;
#2712 = CARTESIAN_POINT ( 'NONE',  ( -0.1277063293868266600, 0.05289769363290935900, 0.07093750000000025000 ) ) ;
#2713 = ADVANCED_FACE ( 'NONE', ( #2591 ), #178, .T. ) ;
#2714 = CARTESIAN_POINT ( 'NONE',  ( 0.03832471526136898400, -0.09252404735808419900, -0.2368749999999998600 ) ) ;
#2715 = EDGE_CURVE ( 'NONE', #1729, #1448, #2812, .T. ) ;
#2716 = CARTESIAN_POINT ( 'NONE',  ( 0.0000000000000000000, 0.09252404735808419900, -0.1087499999999999000 ) ) ;
#2717 = CARTESIAN_POINT ( 'NONE',  ( -0.09252404735808419900, -0.03832471526136901200, 0.1568750000000001500 ) ) ;
#2718 = ORIENTED_EDGE ( 'NONE', *, *, #3741, .F. ) ;
#2719 = CARTESIAN_POINT ( 'NONE',  ( -0.06542438130972659500, 0.06542438130972659500, 0.1912500000000001700 ) ) ;
#2720 = CARTESIAN_POINT ( 'NONE',  ( 0.03832471526136899800, -0.09252404735808421300, 0.2193750000000001300 ) ) ;
#2721 = AXIS2_PLACEMENT_3D ( 'NONE', #3183, #3506, #1710 ) ;
#2722 = DIRECTION ( 'NONE',  ( -1.000000000000000000, 0.0000000000000000000, 0.0000000000000000000 ) ) ;
#2723 = CARTESIAN_POINT ( 'NONE',  ( -0.09252404735808419900, -0.03832471526136901200, -0.09937499999999988000 ) ) ;
#2724 = CARTESIAN_POINT ( 'NONE',  ( 0.09252404735808418500, -2.097162821266345400E-017, -0.1774999999999998500 ) ) ;
#2725 = ORIENTED_EDGE ( 'NONE', *, *, #1382, .F. ) ;
#2726 = LINE ( 'NONE', #3233, #262 ) ;
#2727 = ADVANCED_FACE ( 'NONE', ( #600 ), #1493, .T. ) ;
#2728 = CARTESIAN_POINT ( 'NONE',  ( 0.1250000000000001400, -2.693736393049096200E-017, -0.3524999999999999200 ) ) ;
#2729 = CARTESIAN_POINT ( 'NONE',  ( 0.1277063293868266600, -2.743450857364329300E-017, -0.05093749999999978900 ) ) ;
#2730 = DIRECTION ( 'NONE',  ( 1.000000000000000000, 0.0000000000000000000, 0.0000000000000000000 ) ) ;
#2731 = CARTESIAN_POINT ( 'NONE',  ( -1.133092784412359100E-017, -0.09252404735808418500, -0.1399999999999998500 ) ) ;
#2732 = CARTESIAN_POINT ( 'NONE',  ( 0.09252404735808418500, 0.03832471526136903300, -0.2181249999999998700 ) ) ;
#2733 = LINE ( 'NONE', #1282, #979 ) ;
#2734 = CARTESIAN_POINT ( 'NONE',  ( -1.133092784412359100E-017, -0.09252404735808418500, 0.06625000000000014200 ) ) ;
#2735 = CARTESIAN_POINT ( 'NONE',  ( 0.1277063293868266300, -0.05289769363290944300, -0.4009374999999998900 ) ) ;
#2736 = ADVANCED_FACE ( 'NONE', ( #2180 ), #318, .T. ) ;
#2737 = CIRCLE ( 'NONE', #2826, 0.2673999999999999700 ) ;
#2738 = CARTESIAN_POINT ( 'NONE',  ( 0.06542438130972662300, 0.06542438130972659500, 0.1350000000000001200 ) ) ;
#2739 = CARTESIAN_POINT ( 'NONE',  ( -0.1133594933243910500, -0.005829908616056593700, -0.3641405066756114900 ) ) ;
#2740 = CARTESIAN_POINT ( 'NONE',  ( 0.09252404735808418500, -2.097162821266345400E-017, -0.07749999999999986100 ) ) ;
#2741 = VERTEX_POINT ( 'NONE', #2119 ) ;
#2742 =( BOUNDED_CURVE ( )  B_SPLINE_CURVE ( 2, ( #416, #2473, #2167, #718, #1017, #3082, #1591, #1301, #984 ),
 .UNSPECIFIED., .F., .F. ) 
 B_SPLINE_CURVE_WITH_KNOTS ( ( 3, 2, 2, 2, 3 ),
 ( 0.1346153846153846400, 0.1442307692307692500, 0.1538461538461539100, 0.1634615384615385200, 0.1730769230769231300 ),
 .UNSPECIFIED. ) 
 CURVE ( )  GEOMETRIC_REPRESENTATION_ITEM ( )  RATIONAL_B_SPLINE_CURVE ( ( 0.9999999999999997800, 0.9238795325112869600, 1.000000000000000000, 0.9238795325112867400, 1.000000000000000000, 0.9238795325112867400, 1.000000000000000000, 0.9238795325112862900, 1.000000000000000400 ) ) 
 REPRESENTATION_ITEM ( '' )  );
#2743 = DATE_AND_TIME ( #1072, #3437 ) ;
#2744 = CARTESIAN_POINT ( 'NONE',  ( -0.05289769363290934600, 0.1277063293868266600, -0.08531249999999977700 ) ) ;
#2746 = VERTEX_POINT ( 'NONE', #1555 ) ;
#2745 = B_SPLINE_CURVE_WITH_KNOTS ( 'NONE', 3,
 ( #1096, #182, #256, #1149, #3207, #530, #1491, #854 ),
 .UNSPECIFIED., .F., .F.,
 ( 4, 2, 2, 4 ),
 ( 0.002782414345151440400, 0.003475358748974628400, 0.004168303152797816000, 0.005554191960444191200 ),
 .UNSPECIFIED. ) ;
#2747 = CARTESIAN_POINT ( 'NONE',  ( 0.05177669529663691400, -0.1250000000000001900, 0.03812500000000010300 ) ) ;
#2748 = EDGE_CURVE ( 'NONE', #3388, #2741, #3334, .T. ) ;
#2749 = CARTESIAN_POINT ( 'NONE',  ( -0.03832471526136901900, -0.09252404735808419900, -0.09312499999999983300 ) ) ;
#2750 = PERSON_AND_ORGANIZATION ( #2767, #3077 ) ;
#2751 = CARTESIAN_POINT ( 'NONE',  ( -0.09252404735808418500, -0.03832471526136901200, -0.2931249999999999100 ) ) ;
#2752 = EDGE_CURVE ( 'NONE', #2679, #1714, #263, .T. ) ;
#2753 = CARTESIAN_POINT ( 'NONE',  ( -0.09252404735808419900, 0.03832471526136901200, 0.05062500000000017700 ) ) ;
#2754 = CARTESIAN_POINT ( 'NONE',  ( -0.05289769363290936600, -0.1277063293868266600, -0.3634374999999999100 ) ) ;
#2755 = CARTESIAN_POINT ( 'NONE',  ( 0.09252404735808419900, -2.097162821266345700E-017, 0.1287500000000001700 ) ) ;
#2756 = CARTESIAN_POINT ( 'NONE',  ( 0.1874999999999999400, -0.1082531754730739900, 0.3732531754730676900 ) ) ;
#2757 = CARTESIAN_POINT ( 'NONE',  ( 0.09193015474955665300, 0.03304315292152378700, 0.03433695955018148400 ) ) ;
#2758 = AXIS2_PLACEMENT_3D ( 'NONE', #3834, #2, #254 ) ;
#2759 = CARTESIAN_POINT ( 'NONE',  ( -0.05289769363290934600, 0.1277063293868266600, 0.01468750000000021400 ) ) ;
#2760 = CARTESIAN_POINT ( 'NONE',  ( 0.1250000000000001400, -3.717939185210915300E-018, 0.3899999999999999600 ) ) ;
#2761 = CARTESIAN_POINT ( 'NONE',  ( 0.03832471526136898400, -0.09252404735808419900, 0.01312500000000015000 ) ) ;
#2762 = CARTESIAN_POINT ( 'NONE',  ( -0.09252404735808418500, -0.03832471526136901200, -0.04312499999999990000 ) ) ;
#2763 = CARTESIAN_POINT ( 'NONE',  ( -0.09252404735808419900, -0.03832471526136901200, 0.1068750000000001400 ) ) ;
#2764 = CARTESIAN_POINT ( 'NONE',  ( -1.133092784412359100E-017, -0.09252404735808418500, 0.2100000000000001600 ) ) ;
#2765 = CARTESIAN_POINT ( 'NONE',  ( 0.06542438130972662300, 0.06542438130972659500, 0.1850000000000001400 ) ) ;
#2766 = CARTESIAN_POINT ( 'NONE',  ( 0.1277063293868266600, 0.05289769363290938000, 0.05218750000000021300 ) ) ;
#2767 = PERSON ( 'UNSPECIFIED', 'UNSPECIFIED', 'UNSPECIFIED', ('UNSPECIFIED'), ('UNSPECIFIED'), ('UNSPECIFIED') ) ;
#2768 = DIRECTION ( 'NONE',  ( 0.0000000000000000000, 0.0000000000000000000, 1.000000000000000000 ) ) ;
#2769 = CARTESIAN_POINT ( 'NONE',  ( -0.03832471526136901900, -0.09252404735808419900, 0.05687500000000020300 ) ) ;
#2770 = EDGE_CURVE ( 'NONE', #2968, #1752, #501, .T. ) ;
#2771 = VERTEX_POINT ( 'NONE', #599 ) ;
#2772 = VECTOR ( 'NONE', #112, 39.37007874015748100 ) ;
#2773 = CARTESIAN_POINT ( 'NONE',  ( 0.09252404735808418500, -2.097162821266345400E-017, -0.3274999999999998500 ) ) ;
#2774 = ORIENTED_EDGE ( 'NONE', *, *, #1862, .F. ) ;
#2775 = CARTESIAN_POINT ( 'NONE',  ( -1.563951475144348500E-017, -0.1277063293868266600, -0.4103124999999999700 ) ) ;
#2776 = ORIENTED_EDGE ( 'NONE', *, *, #3412, .F. ) ;
#2777 = CARTESIAN_POINT ( 'NONE',  ( 0.06816708371887012000, -0.06285172198556195100, 0.02077305344105567100 ) ) ;
#2778 = AXIS2_PLACEMENT_3D ( 'NONE', #1370, #1661, #189 ) ;
#2779 = DIRECTION ( 'NONE',  ( 0.0000000000000000000, 0.0000000000000000000, -1.000000000000000000 ) ) ;
#2780 = CARTESIAN_POINT ( 'NONE',  ( 0.1250000000000001400, -2.693736393049096500E-017, -0.1462499999999998200 ) ) ;
#2781 = CARTESIAN_POINT ( 'NONE',  ( 0.08704893608848042500, 0.04545031521965642300, 0.03574623406270702200 ) ) ;
#2782 = CARTESIAN_POINT ( 'NONE',  ( -0.1277063293868266600, 0.05289769363290935900, 0.2209375000000002000 ) ) ;
#2783 = ORIENTED_EDGE ( 'NONE', *, *, #2401, .F. ) ;
#2784 = CARTESIAN_POINT ( 'NONE',  ( 0.1250000000000001900, -1.530808498934193700E-017, 0.1099999999999999900 ) ) ;
#2785 = CARTESIAN_POINT ( 'NONE',  ( -0.1250000000000001400, -0.05177669529663693500, -0.1181249999999998700 ) ) ;
#2786 = CARTESIAN_POINT ( 'NONE',  ( 0.09252404735808419900, -0.03832471526136906100, -0.08062499999999985000 ) ) ;
#2787 = LINE ( 'NONE', #1830, #2418 ) ;
#2788 = FACE_BOUND ( 'NONE', #2043, .T. ) ;
#2789 = ORIENTED_EDGE ( 'NONE', *, *, #1433, .F. ) ;
#2790 = CARTESIAN_POINT ( 'NONE',  ( -0.03832471526136901900, -0.09252404735808419900, -0.3931249999999997800 ) ) ;
#2791 = CARTESIAN_POINT ( 'NONE',  ( -0.1277063293868266600, 3.844520929243675400E-018, -0.2728124999999999600 ) ) ;
#2792 = CARTESIAN_POINT ( 'NONE',  ( -0.03832471526136900500, 0.09252404735808418500, -0.3618749999999998900 ) ) ;
#2793 = PLANE ( 'NONE',  #1821 ) ;
#2794 = FACE_OUTER_BOUND ( 'NONE', #3618, .T. ) ;
#2795 = EDGE_LOOP ( 'NONE', ( #2552, #3153, #1897, #2216 ) ) ;
#2796 = DIRECTION ( 'NONE',  ( -0.0000000000000000000, -0.0000000000000000000, 1.000000000000000000 ) ) ;
#2797 = ORIENTED_EDGE ( 'NONE', *, *, #67, .F. ) ;
#2798 = CARTESIAN_POINT ( 'NONE',  ( 0.08652386970216551000, 0.06900065887473762200, 0.06797423444565929600 ) ) ;
#2799 = CARTESIAN_POINT ( 'NONE',  ( 0.03832471526136898400, -0.09252404735808419900, -0.1868749999999998700 ) ) ;
#2800 = CARTESIAN_POINT ( 'NONE',  ( 0.05289769363290944300, 0.1277063293868266300, 0.2584375000000002100 ) ) ;
#2801 = CARTESIAN_POINT ( 'NONE',  ( 0.03832471526136899800, -0.09252404735808421300, 0.01937500000000011400 ) ) ;
#2802 = DIRECTION ( 'NONE',  ( -0.0000000000000000000, -0.0000000000000000000, 1.000000000000000000 ) ) ;
#2803 = EDGE_CURVE ( 'NONE', #587, #456, #384, .T. ) ;
#2804 = CARTESIAN_POINT ( 'NONE',  ( -0.09252404735808418500, 1.690227475583728000E-018, -0.002499999999999836600 ) ) ;
#2805 = CARTESIAN_POINT ( 'NONE',  ( -0.06542438130972659500, -0.06542438130972659500, -0.3462499999999998900 ) ) ;
#2806 = CARTESIAN_POINT ( 'NONE',  ( 0.09030201150986801000, -0.09030201150986802400, -0.1540624999999999400 ) ) ;
#2807 = CARTESIAN_POINT ( 'NONE',  ( -0.1568275101562872600, 0.1259619457410384200, 0.3834773387543226100 ) ) ;
#2808 = CARTESIAN_POINT ( 'NONE',  ( 0.002204679155906943400, 0.1020777636520698300, 0.04648494698477742500 ) ) ;
#2809 = CARTESIAN_POINT ( 'NONE',  ( 0.05289769363290933200, -0.1277063293868267200, 0.2396875000000001900 ) ) ;
#2810 = CARTESIAN_POINT ( 'NONE',  ( 0.1874999999999999400, 0.01831966140476451100, 0.2054048999000401600 ) ) ;
#2811 = CARTESIAN_POINT ( 'NONE',  ( 0.0000000000000000000, 0.09252404735808418500, 0.1850000000000001400 ) ) ;
#2812 =( BOUNDED_CURVE ( )  B_SPLINE_CURVE ( 2, ( #3813, #2038, #1746, #243, #583, #2328, #2963, #2618, #1212 ),
 .UNSPECIFIED., .F., .T. ) 
 B_SPLINE_CURVE_WITH_KNOTS ( ( 3, 2, 2, 2, 3 ),
 ( 0.6730769230769231300, 0.6826923076923077100, 0.6923076923076922900, 0.7019230769230768700, 0.7115384615384615600 ),
 .UNSPECIFIED. ) 
 CURVE ( )  GEOMETRIC_REPRESENTATION_ITEM ( )  RATIONAL_B_SPLINE_CURVE ( ( 1.000000000000000000, 0.9238795325112867400, 1.000000000000000000, 0.9238795325112867400, 1.000000000000000000, 0.9238795325112867400, 1.000000000000000000, 0.9238795325112867400, 1.000000000000000000 ) ) 
 REPRESENTATION_ITEM ( '' )  );
#2813 = CARTESIAN_POINT ( 'NONE',  ( -0.05289769363290934600, 0.1277063293868266600, -0.1821874999999999500 ) ) ;
#2814 = CARTESIAN_POINT ( 'NONE',  ( -1.133092784412359100E-017, -0.09252404735808418500, -0.3399999999999998600 ) ) ;
#2815 = CARTESIAN_POINT ( 'NONE',  ( -0.02008035075269631200, 0.1044343640665671700, -0.3713741020747824400 ) ) ;
#2816 = ORIENTED_EDGE ( 'NONE', *, *, #13, .T. ) ;
#2817 = VECTOR ( 'NONE', #2571, 39.37007874015748100 ) ;
#2818 = CARTESIAN_POINT ( 'NONE',  ( -0.06542438130972660900, -0.06542438130972659500, -0.3899999999999999600 ) ) ;
#2819 = DIRECTION ( 'NONE',  ( -0.0000000000000000000, -0.0000000000000000000, 1.000000000000000000 ) ) ;
#2820 = ORIENTED_EDGE ( 'NONE', *, *, #1110, .F. ) ;
#2821 = ORIENTED_EDGE ( 'NONE', *, *, #2867, .T. ) ;
#2822 = EDGE_CURVE ( 'NONE', #462, #2192, #2270, .T. ) ;
#2823 = CARTESIAN_POINT ( 'NONE',  ( 0.1277063293868266600, -2.743450857364329300E-017, -0.2978124999999999200 ) ) ;
#2824 = FACE_OUTER_BOUND ( 'NONE', #1058, .T. ) ;
#2825 = CARTESIAN_POINT ( 'NONE',  ( 0.06542438130972659500, -0.06542438130972662300, 0.2225000000000000900 ) ) ;
#2826 = AXIS2_PLACEMENT_3D ( 'NONE', #895, #3599, #2103 ) ;
#2827 = CARTESIAN_POINT ( 'NONE',  ( 0.05428730477176440400, -0.1109062250810916900, -0.3541569614927391200 ) ) ;
#2828 = ORIENTED_EDGE ( 'NONE', *, *, #1912, .T. ) ;
#2829 = CARTESIAN_POINT ( 'NONE',  ( -0.1250000000000001400, 3.678806048192898800E-018, -0.1774999999999999100 ) ) ;
#2830 = CARTESIAN_POINT ( 'NONE',  ( 0.1874999999999999400, -0.01831785250591254700, 0.2054048999000400700 ) ) ;
#2831 = FACE_OUTER_BOUND ( 'NONE', #2598, .T. ) ;
#2832 = CARTESIAN_POINT ( 'NONE',  ( -1.133092784412359400E-017, -0.09252404735808419900, -0.3337499999999998800 ) ) ;
#2833 = CARTESIAN_POINT ( 'NONE',  ( 0.1874999999999999400, -0.1082531754730547800, -0.3900393700787401200 ) ) ;
#2834 = ORIENTED_EDGE ( 'NONE', *, *, #135, .F. ) ;
#2835 = CARTESIAN_POINT ( 'NONE',  ( -1.133092784412359100E-017, -0.09252404735808418500, 0.1600000000000002000 ) ) ;
#2836 = CARTESIAN_POINT ( 'NONE',  ( 0.1250000000000001400, -2.693736393049096500E-017, 0.05375000000000019300 ) ) ;
#2837 = ORIENTED_EDGE ( 'NONE', *, *, #2250, .F. ) ;
#2838 = CALENDAR_DATE ( 2025, 25, 9 ) ;
#2839 = CARTESIAN_POINT ( 'NONE',  ( -0.09030201150986801000, 0.09030201150986802400, -0.1790624999999999300 ) ) ;
#2840 = CARTESIAN_POINT ( 'NONE',  ( -0.03832471526136901900, -0.09252404735808419900, -0.3931249999999997800 ) ) ;
#2841 = CARTESIAN_POINT ( 'NONE',  ( -0.09252404735808418500, 1.690227475583728000E-018, -0.2024999999999998500 ) ) ;
#2842 = CARTESIAN_POINT ( 'NONE',  ( -0.1077199065292465000, -9.516770904433263400E-015, 0.06252333338303914200 ) ) ;
#2843 = CARTESIAN_POINT ( 'NONE',  ( 0.06542438130972662300, 0.06542438130972659500, -0.3149999999999998900 ) ) ;
#2844 = EDGE_CURVE ( 'NONE', #3227, #1030, #1994, .T. ) ;
#2845 = CARTESIAN_POINT ( 'NONE',  ( -0.1568848308736457700, -0.1259288516094413700, 0.1988631317485756200 ) ) ;
#2846 = CARTESIAN_POINT ( 'NONE',  ( -0.09252404735808418500, 1.690227475583728000E-018, 0.1475000000000002100 ) ) ;
#2847 = DIRECTION ( 'NONE',  ( 1.000000000000000000, 0.0000000000000000000, 0.0000000000000000000 ) ) ;
#2848 = AXIS2_PLACEMENT_3D ( 'NONE', #1447, #1473, #1186 ) ;
#2849 = CARTESIAN_POINT ( 'NONE',  ( -0.09030201150986801000, 0.09030201150986802400, -0.07906249999999991100 ) ) ;
#2850 = CARTESIAN_POINT ( 'NONE',  ( 0.03832471526136898400, -0.09252404735808418500, -0.2368749999999998400 ) ) ;
#2851 = CARTESIAN_POINT ( 'NONE',  ( 0.09721232685860824200, 0.01387085082739559900, -0.3795427615053414400 ) ) ;
#2852 = CARTESIAN_POINT ( 'NONE',  ( 0.08280025241846041000, -0.07458782517469250700, -0.3663323756147328600 ) ) ;
#2853 = CARTESIAN_POINT ( 'NONE',  ( -0.008531580264663033200, -0.09233171969798523200, -0.3849759526419159200 ) ) ;
#2854 = CARTESIAN_POINT ( 'NONE',  ( 0.0000000000000000000, 0.09252404735808418500, -0.1649999999999998400 ) ) ;
#2855 = CARTESIAN_POINT ( 'NONE',  ( -0.09252404735808419900, 1.690227475583729900E-018, -0.1962499999999999000 ) ) ;
#2856 = CARTESIAN_POINT ( 'NONE',  ( 0.1250000000000001100, -0.05177669529663701800, 0.09437500000000015300 ) ) ;
#2857 = DIRECTION ( 'NONE',  ( 1.000000000000000000, 0.0000000000000000000, 0.0000000000000000000 ) ) ;
#2858 = CARTESIAN_POINT ( 'NONE',  ( -0.09252404735808419900, -0.03832471526136901200, 0.1006250000000001600 ) ) ;
#2859 =( BOUNDED_CURVE ( )  B_SPLINE_CURVE ( 2, ( #169, #2785, #1620, #2240, #1036, #3425, #459, #1353, #3087 ),
 .UNSPECIFIED., .F., .F. ) 
 B_SPLINE_CURVE_WITH_KNOTS ( ( 3, 2, 2, 2, 3 ),
 ( 0.4807692307692307800, 0.4903846153846153600, 0.5000000000000000000, 0.5096153846153845800, 0.5192307692307692700 ),
 .UNSPECIFIED. ) 
 CURVE ( )  GEOMETRIC_REPRESENTATION_ITEM ( )  RATIONAL_B_SPLINE_CURVE ( ( 1.000000000000000000, 0.9238795325112867400, 1.000000000000000000, 0.9238795325112867400, 1.000000000000000000, 0.9238795325112867400, 1.000000000000000000, 0.9238795325112867400, 1.000000000000000000 ) ) 
 REPRESENTATION_ITEM ( '' )  );
#2860 = CARTESIAN_POINT ( 'NONE',  ( 0.08838834764831853000, -0.08838834764831854400, -0.2087499999999999400 ) ) ;
#2861 = ORIENTED_EDGE ( 'NONE', *, *, #828, .T. ) ;
#2862 = CARTESIAN_POINT ( 'NONE',  ( 0.1277063293868266600, 0.05289769363290938000, 0.005312500000000054200 ) ) ;
#2863 = FACE_OUTER_BOUND ( 'NONE', #1302, .T. ) ;
#2864 = CARTESIAN_POINT ( 'NONE',  ( 0.01608664579966243700, 0.1237593210536678300, 0.1087426366004232300 ) ) ;
#2865 = CARTESIAN_POINT ( 'NONE',  ( 0.09252404735808418500, -2.097162821266345400E-017, -0.1774999999999998500 ) ) ;
#2866 = CARTESIAN_POINT ( 'NONE',  ( -0.09505542776053241300, 0.03109823729048255900, 0.04079410877426959500 ) ) ;
#2867 = EDGE_CURVE ( 'NONE', #3388, #972, #2505, .T. ) ;
#2868 = CARTESIAN_POINT ( 'NONE',  ( 0.1874999999999999700, -0.03650324937761589800, 0.2038284778323508900 ) ) ;
#2869 = CARTESIAN_POINT ( 'NONE',  ( -0.09252404735808419900, 0.03832471526136901200, -0.1556249999999998700 ) ) ;
#2870 = ORIENTED_EDGE ( 'NONE', *, *, #940, .T. ) ;
#2871 = CARTESIAN_POINT ( 'NONE',  ( 0.06542438130972659500, -0.06542438130972662300, -0.3274999999999999000 ) ) ;
#2872 = CARTESIAN_POINT ( 'NONE',  ( -0.07601589052531580700, -0.09016746663414662600, 0.08987553101491210800 ) ) ;
#2873 = CARTESIAN_POINT ( 'NONE',  ( -0.1875000000000000300, 0.1082531754730547600, -0.3900393700787401200 ) ) ;
#2874 = CARTESIAN_POINT ( 'NONE',  ( 0.08838834764831854400, 0.08838834764831851600, -0.2962499999999999000 ) ) ;
#2875 = CARTESIAN_POINT ( 'NONE',  ( 0.06542438130972659500, -0.06542438130972660900, -0.1337499999999998400 ) ) ;
#2876 = ORIENTED_EDGE ( 'NONE', *, *, #3217, .T. ) ;
#2877 = CARTESIAN_POINT ( 'NONE',  ( 0.06180549377499659800, 0.1808229324777176100, 0.3900000000000000700 ) ) ;
#2878 = CIRCLE ( 'NONE', #1523, 0.1874999999999999700 ) ;
#2879 = CARTESIAN_POINT ( 'NONE',  ( -0.1277063293868266600, 0.05289769363290935900, -0.07593749999999994900 ) ) ;
#2880 = CARTESIAN_POINT ( 'NONE',  ( -1.133092784412359100E-017, -0.09252404735808418500, -0.2399999999999998500 ) ) ;
#2881 = CC_DESIGN_PERSON_AND_ORGANIZATION_ASSIGNMENT ( #2750, #837, ( #2674 ) ) ;
#2882 = CARTESIAN_POINT ( 'NONE',  ( 0.07407947233117011300, 0.05928072250348977200, 0.02666637508462232900 ) ) ;
#2883 = VECTOR ( 'NONE', #779, 39.37007874015748100 ) ;
#2884 = VERTEX_POINT ( 'NONE', #658 ) ;
#2885 = CARTESIAN_POINT ( 'NONE',  ( 0.1874999999999999400, -0.1082531754730739900, 0.3732531754730676900 ) ) ;
#2886 = CARTESIAN_POINT ( 'NONE',  ( -0.03832471526136901900, -0.09252404735808419900, -0.1431249999999998600 ) ) ;
#2887 = CARTESIAN_POINT ( 'NONE',  ( -0.06542438130972659500, 0.06542438130972660900, -0.3524999999999999200 ) ) ;
#2888 = CARTESIAN_POINT ( 'NONE',  ( 0.09252404735808419900, -2.097162821266345700E-017, -0.02124999999999987700 ) ) ;
#2889 = FACE_OUTER_BOUND ( 'NONE', #510, .T. ) ;
#2890 = CARTESIAN_POINT ( 'NONE',  ( 0.09252404735808419900, 0.03832471526136902600, -0.2681249999999999500 ) ) ;
#2891 = ORIENTED_EDGE ( 'NONE', *, *, #2844, .T. ) ;
#2892 = CARTESIAN_POINT ( 'NONE',  ( 0.1277063293868266300, -0.05289769363290944300, -0.05093749999999992000 ) ) ;
#2893 = CARTESIAN_POINT ( 'NONE',  ( 0.03173920339106172500, 0.1202057202218204000, 0.1074346184786054700 ) ) ;
#2894 = CARTESIAN_POINT ( 'NONE',  ( 0.06542438130972659500, -0.06542438130972660900, -0.03374999999999980800 ) ) ;
#2895 = CARTESIAN_POINT ( 'NONE',  ( -0.08838834764831854400, -0.08838834764831853000, -0.2149999999999998300 ) ) ;
#2896 = PERSON_AND_ORGANIZATION_ROLE ( 'design_owner' ) ;
#2897 = CARTESIAN_POINT ( 'NONE',  ( 0.03393376381899126200, -0.1096831846112515500, 0.08134807452569396700 ) ) ;
#2898 = CARTESIAN_POINT ( 'NONE',  ( 0.06542438130972662300, 0.06542438130972659500, -0.1649999999999998700 ) ) ;
#2899 = CARTESIAN_POINT ( 'NONE',  ( 0.03832471526136907400, 0.09252404735808418500, -0.01187499999999985400 ) ) ;
#2900 = CARTESIAN_POINT ( 'NONE',  ( -1.133092784412359100E-017, -0.09252404735808418500, -0.2337499999999999000 ) ) ;
#2901 = EDGE_CURVE ( 'NONE', #2771, #695, #2787, .T. ) ;
#2902 = CARTESIAN_POINT ( 'NONE',  ( -0.1875000000000000300, 0.1082531754730547600, 0.1886580753730950100 ) ) ;
#2903 = CARTESIAN_POINT ( 'NONE',  ( 0.09252404735808419900, 0.03832471526136902600, -0.1243749999999998600 ) ) ;
#2904 = CARTESIAN_POINT ( 'NONE',  ( 0.1277063293868266600, -2.743450857364329300E-017, 0.05218750000000008100 ) ) ;
#2905 = CARTESIAN_POINT ( 'NONE',  ( -0.08838834764831853000, 0.08838834764831854400, -0.08374999999999990800 ) ) ;
#2906 = CARTESIAN_POINT ( 'NONE',  ( 0.003310234951099605300, 0.09687304024410858800, 0.03231281690445900200 ) ) ;
#2907 = SECURITY_CLASSIFICATION_LEVEL ( 'unclassified' ) ;
#2908 = CARTESIAN_POINT ( 'NONE',  ( 0.05523510785049390300, -0.09031160836431749400, 0.05682327487491876200 ) ) ;
#2909 = CARTESIAN_POINT ( 'NONE',  ( -0.09252404735808419900, -0.03832471526136901200, -0.04312499999999989300 ) ) ;
#2910 = CARTESIAN_POINT ( 'NONE',  ( 0.09252404735808418500, -2.097162821266345400E-017, -0.2712499999999998800 ) ) ;
#2911 = VERTEX_POINT ( 'NONE', #612 ) ;
#2912 = DIRECTION ( 'NONE',  ( 1.000000000000000000, 0.0000000000000000000, 0.0000000000000000000 ) ) ;
#2913 = FACE_OUTER_BOUND ( 'NONE', #690, .T. ) ;
#2914 = VERTEX_POINT ( 'NONE', #3363 ) ;
#2915 = ORIENTED_EDGE ( 'NONE', *, *, #1785, .T. ) ;
#2916 = CARTESIAN_POINT ( 'NONE',  ( -0.1277063293868266600, 0.05289769363290935900, 0.07406250000000003100 ) ) ;
#2917 = DIRECTION ( 'NONE',  ( 1.000000000000000000, 0.0000000000000000000, 0.0000000000000000000 ) ) ;
#2918 = CARTESIAN_POINT ( 'NONE',  ( 0.09252404735808418500, -0.03832471526136906100, -0.08062499999999983600 ) ) ;
#2919 = CARTESIAN_POINT ( 'NONE',  ( 0.06103561379197120600, 0.07324609408679771900, 0.02793620404227899200 ) ) ;
#2920 = EDGE_CURVE ( 'NONE', #751, #1683, #661, .T. ) ;
#2921 = CARTESIAN_POINT ( 'NONE',  ( -0.07060871411657053400, -0.08589601487133918800, 0.07137804406266970400 ) ) ;
#2922 = FACE_OUTER_BOUND ( 'NONE', #2795, .T. ) ;
#2923 = CARTESIAN_POINT ( 'NONE',  ( 0.09252404735808419900, -2.097162821266345700E-017, -0.1212499999999998700 ) ) ;
#2924 = CARTESIAN_POINT ( 'NONE',  ( 0.1874999999999999400, 0.1082531754730548400, -0.3900393700787401200 ) ) ;
#2925 = CARTESIAN_POINT ( 'NONE',  ( 0.09252404735808419900, 0.03832471526136902600, -0.3681250000000000400 ) ) ;
#2926 = CARTESIAN_POINT ( 'NONE',  ( -0.01532666246877248200, -0.2076574982439852400, 0.1937669628627012600 ) ) ;
#2927 = FACE_OUTER_BOUND ( 'NONE', #3430, .T. ) ;
#2928 = CARTESIAN_POINT ( 'NONE',  ( 8.233106465020367100E-018, -0.2165063509461095700, 0.3732531754730549200 ) ) ;
#2929 = ORIENTED_EDGE ( 'NONE', *, *, #1664, .T. ) ;
#2930 = DIRECTION ( 'NONE',  ( 1.000000000000000000, 0.0000000000000000000, 0.0000000000000000000 ) ) ;
#2931 = CARTESIAN_POINT ( 'NONE',  ( -0.2548000000000000300, -3.717939185210915300E-018, 0.1374507732164213800 ) ) ;
#2932 = CARTESIAN_POINT ( 'NONE',  ( 0.0000000000000000000, 0.09252404735808418500, -0.06499999999999985000 ) ) ;
#2933 = DIRECTION ( 'NONE',  ( -1.000000000000000000, -1.224646799147353000E-016, 0.0000000000000000000 ) ) ;
#2934 =( BOUNDED_SURFACE ( )  B_SPLINE_SURFACE ( 1, 2, ( 
 ( #912, #2642, #3223, #1459, #1198, #1488, #379, #2840, #3136, #1903, #567, #3211, #3828, #613, #1791, #2658, #1171, #911, #1187, #573, #3549, #1492, #2396, #7, #287, #3277, #2077, #297, #2387, #889, #2040, #1200, #2685, #2668, #1475, #2982, #3521, #1780, #1748, #3849, #2994, #259, #2063, #22, #3228, #2370, #1214, #2346, #563, #2092, #3254, #2630, #585, #3262, #3536, #856, #1511, #2940, #1463, #3579, #1764, #272, #1804, #2357, #2646, #873, #2107, #326, #2510, #2699, #930, #721, #1536, #2799, #341, #642, #2724, #3318, #2710, #2554, #2854, #1350, #1082, #2869, #1092, #3729, #3396, #2886, #1696, #1405, #2875, #1712, #2331, #2903, #1126, #2313, #1138, #1522, #929, #2981, #3007, #2723, #2964, #1213, #1510, #3578, #2168, #365, #2740, #2157, #119, #1592, #2493, #2546, #3258, #3272, #2116, #2992, #3613, #60, #1209, #2383, #337, #3251, #1813, #46, #2707, #2406, #945, #594, #3600, #3002, #1841, #1532, #1485, #1519, #3303, #3589, #294, #2960, #2131, #2695, #31, #2664, #349, #2087, #3574, #2681, #623, #1551, #925, #2104, #2436, #1238, #3288, #1827, #320, #1195, #2421, #2654, #639, #608, #3020, #884, #306, #3557, #906, #1787, #1, #1226, #1251, #896, #2073, #2975, #1506, #1800, #17, #2393, #414, #1589, #3651, #670, #1614, #378, #3314, #655, #106, #116, #3677, #981, #399, #70, #2480, #1264, #2719, #3361, #2179, #1564, #694, #1853, #2764, #955, #3034, #3055, #80, #968, #994, #1878, #361 ),
 ( #3628, #1865, #2194, #2144, #705, #2456, #2444, #1901, #2775, #681, #93, #2735, #2155, #1003, #3043, #1278, #3066, #1299, #2165, #3328, #1576, #3640, #3352, #2754, #1289, #1312, #390, #3343, #2471, #3080, #1606, #3662, #1889, #1026, #2204, #1947, #3090, #1649, #3724, #2534, #2230, #761, #428, #3415, #2823, #1669, #1357, #1324, #3114, #3135, #1345, #129, #2791, #3431, #2525, #3710, #2504, #3733, #1924, #3391, #2517, #448, #1366, #753, #3401, #2253, #1047, #715, #3375, #1935, #150, #1962, #3127, #438, #1656, #2490, #141, #1014, #739, #174, #1623, #2813, #2839, #727, #1039, #161, #3687, #1915, #1061, #2243, #2806, #466, #3102, #1334, #1635, #2217, #3697, #475, #3786, #3802, #1422, #798, #222, #3744, #2301, #1076, #2548, #3197, #2007, #1373, #511, #1679, #2584, #772, #2849, #2879, #3759, #784, #809, #3469, #187, #1101, #1701, #2892, #1971, #2014, #2264, #3148, #1691, #234, #3443, #521, #2280, #483, #3497, #2599, #195, #3776, #2560, #1983, #821, #2862, #1086, #1114, #3185, #1995, #3163, #1387, #3453, #1410, #496, #2572, #1127, #207, #3175, #1401, #2904, #2291, #1730, #3486, #1716, #2029, #1782, #2916, #1465, #3554, #2377, #2058, #590, #247, #3247, #2651, #1499, #1190, #1140, #2941, #2970, #1178, #3818, #2608, #3257, #2363, #3540, #2335, #3566, #1750, #3218, #2347, #278, #1204, #577, #3232, #2083, #878, #2660, #533, #3210, #1769, #3839, #1795, #2953, #264, #1481, #2316, #3831, #834, #566, #12, #1439 ) ),
 .UNSPECIFIED., .F., .F., .F. ) 
 B_SPLINE_SURFACE_WITH_KNOTS ( ( 2, 2 ),
 ( 3, 2, 2, 2, 2, 2, 2, 2, 2, 2, 2, 2, 2, 2, 2, 2, 2, 2, 2, 2, 2, 2, 2, 2, 2, 2, 2, 2, 2, 2, 2, 2, 2, 2, 2, 2, 2, 2, 2, 2, 2, 2, 2, 2, 2, 2, 2, 2, 2, 2, 2, 2, 2, 2, 2, 2, 2, 2, 2, 2, 2, 2, 2, 2, 2, 2, 2, 2, 2, 2, 2, 2, 2, 2, 2, 2, 2, 2, 2, 2, 2, 2, 2, 2, 2, 2, 2, 2, 2, 2, 2, 2, 2, 2, 2, 2, 2, 2, 2, 2, 2, 2, 2, 2, 3 ),
 ( 0.0000000000000000000, 1.000000000000000000 ),
 ( 0.0000000000000000000, 0.009615384615384615900, 0.01923076923076923200, 0.02884615384615384800, 0.03846153846153846400, 0.04807692307692308000, 0.05769230769230769600, 0.06730769230769230400, 0.07692307692307692700, 0.08653846153846153600, 0.09615384615384615900, 0.1057692307692307700, 0.1153846153846153900, 0.1250000000000000000, 0.1346153846153846100, 0.1442307692307692200, 0.1538461538461538500, 0.1634615384615384600, 0.1730769230769230700, 0.1826923076923076800, 0.1923076923076923200, 0.2019230769230769300, 0.2115384615384615400, 0.2211538461538461500, 0.2307692307692307800, 0.2403846153846153900, 0.2500000000000000000, 0.2596153846153846400, 0.2692307692307692200, 0.2788461538461538500, 0.2884615384615384400, 0.2980769230769230700, 0.3076923076923077100, 0.3173076923076922900, 0.3269230769230769300, 0.3365384615384615600, 0.3461538461538461500, 0.3557692307692307800, 0.3653846153846153600, 0.3750000000000000000, 0.3846153846153846400, 0.3942307692307692200, 0.4038461538461538500, 0.4134615384615384400, 0.4230769230769230700, 0.4326923076923077100, 0.4423076923076922900, 0.4519230769230769300, 0.4615384615384615600, 0.4711538461538461500, 0.4807692307692307800, 0.4903846153846153600, 0.5000000000000000000, 0.5096153846153845800, 0.5192307692307692700, 0.5288461538461538500, 0.5384615384615384400, 0.5480769230769231300, 0.5576923076923077100, 0.5673076923076922900, 0.5769230769230768700, 0.5865384615384615600, 0.5961538461538461500, 0.6057692307692307300, 0.6153846153846154200, 0.6250000000000000000, 0.6346153846153845800, 0.6442307692307692700, 0.6538461538461538500, 0.6634615384615384400, 0.6730769230769231300, 0.6826923076923077100, 0.6923076923076922900, 0.7019230769230768700, 0.7115384615384615600, 0.7211538461538461500, 0.7307692307692307300, 0.7403846153846154200, 0.7500000000000000000, 0.7596153846153845800, 0.7692307692307692700, 0.7788461538461538500, 0.7884615384615384400, 0.7980769230769231300, 0.8076923076923077100, 0.8173076923076922900, 0.8269230769230768700, 0.8365384615384615600, 0.8461538461538461500, 0.8557692307692307300, 0.8653846153846154200, 0.8750000000000000000, 0.8846153846153845800, 0.8942307692307692700, 0.9038461538461538500, 0.9134615384615384400, 0.9230769230769231300, 0.9326923076923077100, 0.9423076923076922900, 0.9519230769230768700, 0.9615384615384615600, 0.9711538461538461500, 0.9807692307692307300, 0.9903846153846154200, 1.000000000000000000 ),
 .UNSPECIFIED. ) 
 GEOMETRIC_REPRESENTATION_ITEM ( )  RATIONAL_B_SPLINE_SURFACE ( (
 ( 1.000000000000000000, 0.9238795325112867400, 1.000000000000000000, 0.9238795325112867400, 1.000000000000000000, 0.9238795325112867400, 1.000000000000000000, 0.9238795325112867400, 1.000000000000000000, 0.9238795325112867400, 1.000000000000000000, 0.9238795325112867400, 1.000000000000000000, 0.9238795325112867400, 1.000000000000000000, 0.9238795325112867400, 1.000000000000000000, 0.9238795325112867400, 1.000000000000000000, 0.9238795325112867400, 1.000000000000000000, 0.9238795325112867400, 1.000000000000000000, 0.9238795325112867400, 1.000000000000000000, 0.9238795325112867400, 1.000000000000000000, 0.9238795325112867400, 1.000000000000000000, 0.9238795325112867400, 1.000000000000000000, 0.9238795325112867400, 1.000000000000000000, 0.9238795325112867400, 1.000000000000000000, 0.9238795325112867400, 1.000000000000000000, 0.9238795325112867400, 1.000000000000000000, 0.9238795325112867400, 1.000000000000000000, 0.9238795325112867400, 1.000000000000000000, 0.9238795325112867400, 1.000000000000000000, 0.9238795325112867400, 1.000000000000000000, 0.9238795325112867400, 1.000000000000000000, 0.9238795325112867400, 1.000000000000000000, 0.9238795325112867400, 1.000000000000000000, 0.9238795325112867400, 1.000000000000000000, 0.9238795325112867400, 1.000000000000000000, 0.9238795325112867400, 1.000000000000000000, 0.9238795325112867400, 1.000000000000000000, 0.9238795325112867400, 1.000000000000000000, 0.9238795325112867400, 1.000000000000000000, 0.9238795325112867400, 1.000000000000000000, 0.9238795325112867400, 1.000000000000000000, 0.9238795325112867400, 1.000000000000000000, 0.9238795325112867400, 1.000000000000000000, 0.9238795325112867400, 1.000000000000000000, 0.9238795325112867400, 1.000000000000000000, 0.9238795325112867400, 1.000000000000000000, 0.9238795325112867400, 1.000000000000000000, 0.9238795325112867400, 1.000000000000000000, 0.9238795325112867400, 1.000000000000000000, 0.9238795325112867400, 1.000000000000000000, 0.9238795325112867400, 1.000000000000000000, 0.9238795325112867400, 1.000000000000000000, 0.9238795325112867400, 1.000000000000000000, 0.9238795325112867400, 1.000000000000000000, 0.9238795325112867400, 1.000000000000000000, 0.9238795325112867400, 1.000000000000000000, 0.9238795325112867400, 1.000000000000000000, 0.9238795325112867400, 1.000000000000000000, 0.9238795325112867400, 1.000000000000000000, 0.9238795325112867400, 1.000000000000000000, 0.9238795325112867400, 1.000000000000000000, 0.9238795325112867400, 1.000000000000000000, 0.9238795325112867400, 1.000000000000000000, 0.9238795325112867400, 1.000000000000000000, 0.9238795325112867400, 1.000000000000000000, 0.9238795325112867400, 1.000000000000000000, 0.9238795325112867400, 1.000000000000000000, 0.9238795325112867400, 1.000000000000000000, 0.9238795325112867400, 1.000000000000000000, 0.9238795325112867400, 1.000000000000000000, 0.9238795325112867400, 1.000000000000000000, 0.9238795325112867400, 1.000000000000000000, 0.9238795325112867400, 1.000000000000000000, 0.9238795325112867400, 1.000000000000000000, 0.9238795325112867400, 1.000000000000000000, 0.9238795325112867400, 1.000000000000000000, 0.9238795325112867400, 1.000000000000000000, 0.9238795325112867400, 1.000000000000000000, 0.9238795325112867400, 1.000000000000000000, 0.9238795325112867400, 1.000000000000000000, 0.9238795325112867400, 1.000000000000000000, 0.9238795325112867400, 1.000000000000000000, 0.9238795325112867400, 1.000000000000000000, 0.9238795325112867400, 1.000000000000000000, 0.9238795325112867400, 1.000000000000000000, 0.9238795325112867400, 1.000000000000000000, 0.9238795325112867400, 1.000000000000000000, 0.9238795325112867400, 1.000000000000000000, 0.9238795325112867400, 1.000000000000000000, 0.9238795325112867400, 1.000000000000000000, 0.9238795325112867400, 1.000000000000000000, 0.9238795325112867400, 1.000000000000000000, 0.9238795325112867400, 1.000000000000000000, 0.9238795325112867400, 1.000000000000000000, 0.9238795325112867400, 1.000000000000000000, 0.9238795325112867400, 1.000000000000000000, 0.9238795325112867400, 1.000000000000000000, 0.9238795325112867400, 1.000000000000000000, 0.9238795325112867400, 1.000000000000000000, 0.9238795325112867400, 1.000000000000000000, 0.9238795325112867400, 1.000000000000000000, 0.9238795325112867400, 1.000000000000000000, 0.9238795325112867400, 1.000000000000000000, 0.9238795325112867400, 1.000000000000000000, 0.9238795325112867400, 1.000000000000000000, 0.9238795325112867400, 1.000000000000000000, 0.9238795325112867400, 1.000000000000000000, 0.9238795325112867400, 1.000000000000000000, 0.9238795325112867400, 1.000000000000000000, 0.9238795325112867400, 1.000000000000000000, 0.9238795325112867400, 1.000000000000000000),
 ( 1.000000000000000000, 0.9238795325112867400, 1.000000000000000000, 0.9238795325112867400, 1.000000000000000000, 0.9238795325112867400, 1.000000000000000000, 0.9238795325112867400, 1.000000000000000000, 0.9238795325112867400, 1.000000000000000000, 0.9238795325112867400, 1.000000000000000000, 0.9238795325112867400, 1.000000000000000000, 0.9238795325112867400, 1.000000000000000000, 0.9238795325112867400, 1.000000000000000000, 0.9238795325112867400, 1.000000000000000000, 0.9238795325112867400, 1.000000000000000000, 0.9238795325112867400, 1.000000000000000000, 0.9238795325112867400, 1.000000000000000000, 0.9238795325112867400, 1.000000000000000000, 0.9238795325112867400, 1.000000000000000000, 0.9238795325112867400, 1.000000000000000000, 0.9238795325112867400, 1.000000000000000000, 0.9238795325112867400, 1.000000000000000000, 0.9238795325112867400, 1.000000000000000000, 0.9238795325112867400, 1.000000000000000000, 0.9238795325112867400, 1.000000000000000000, 0.9238795325112867400, 1.000000000000000000, 0.9238795325112867400, 1.000000000000000000, 0.9238795325112867400, 1.000000000000000000, 0.9238795325112867400, 1.000000000000000000, 0.9238795325112867400, 1.000000000000000000, 0.9238795325112867400, 1.000000000000000000, 0.9238795325112867400, 1.000000000000000000, 0.9238795325112867400, 1.000000000000000000, 0.9238795325112867400, 1.000000000000000000, 0.9238795325112867400, 1.000000000000000000, 0.9238795325112867400, 1.000000000000000000, 0.9238795325112867400, 1.000000000000000000, 0.9238795325112867400, 1.000000000000000000, 0.9238795325112867400, 1.000000000000000000, 0.9238795325112867400, 1.000000000000000000, 0.9238795325112867400, 1.000000000000000000, 0.9238795325112867400, 1.000000000000000000, 0.9238795325112867400, 1.000000000000000000, 0.9238795325112867400, 1.000000000000000000, 0.9238795325112867400, 1.000000000000000000, 0.9238795325112867400, 1.000000000000000000, 0.9238795325112867400, 1.000000000000000000, 0.9238795325112867400, 1.000000000000000000, 0.9238795325112867400, 1.000000000000000000, 0.9238795325112867400, 1.000000000000000000, 0.9238795325112867400, 1.000000000000000000, 0.9238795325112867400, 1.000000000000000000, 0.9238795325112867400, 1.000000000000000000, 0.9238795325112867400, 1.000000000000000000, 0.9238795325112867400, 1.000000000000000000, 0.9238795325112867400, 1.000000000000000000, 0.9238795325112867400, 1.000000000000000000, 0.9238795325112867400, 1.000000000000000000, 0.9238795325112867400, 1.000000000000000000, 0.9238795325112867400, 1.000000000000000000, 0.9238795325112867400, 1.000000000000000000, 0.9238795325112867400, 1.000000000000000000, 0.9238795325112867400, 1.000000000000000000, 0.9238795325112867400, 1.000000000000000000, 0.9238795325112867400, 1.000000000000000000, 0.9238795325112867400, 1.000000000000000000, 0.9238795325112867400, 1.000000000000000000, 0.9238795325112867400, 1.000000000000000000, 0.9238795325112867400, 1.000000000000000000, 0.9238795325112867400, 1.000000000000000000, 0.9238795325112867400, 1.000000000000000000, 0.9238795325112867400, 1.000000000000000000, 0.9238795325112867400, 1.000000000000000000, 0.9238795325112867400, 1.000000000000000000, 0.9238795325112867400, 1.000000000000000000, 0.9238795325112867400, 1.000000000000000000, 0.9238795325112867400, 1.000000000000000000, 0.9238795325112867400, 1.000000000000000000, 0.9238795325112867400, 1.000000000000000000, 0.9238795325112867400, 1.000000000000000000, 0.9238795325112867400, 1.000000000000000000, 0.9238795325112867400, 1.000000000000000000, 0.9238795325112867400, 1.000000000000000000, 0.9238795325112867400, 1.000000000000000000, 0.9238795325112867400, 1.000000000000000000, 0.9238795325112867400, 1.000000000000000000, 0.9238795325112867400, 1.000000000000000000, 0.9238795325112867400, 1.000000000000000000, 0.9238795325112867400, 1.000000000000000000, 0.9238795325112867400, 1.000000000000000000, 0.9238795325112867400, 1.000000000000000000, 0.9238795325112867400, 1.000000000000000000, 0.9238795325112867400, 1.000000000000000000, 0.9238795325112867400, 1.000000000000000000, 0.9238795325112867400, 1.000000000000000000, 0.9238795325112867400, 1.000000000000000000, 0.9238795325112867400, 1.000000000000000000, 0.9238795325112867400, 1.000000000000000000, 0.9238795325112867400, 1.000000000000000000, 0.9238795325112867400, 1.000000000000000000, 0.9238795325112867400, 1.000000000000000000, 0.9238795325112867400, 1.000000000000000000, 0.9238795325112867400, 1.000000000000000000, 0.9238795325112867400, 1.000000000000000000, 0.9238795325112867400, 1.000000000000000000, 0.9238795325112867400, 1.000000000000000000, 0.9238795325112867400, 1.000000000000000000, 0.9238795325112867400, 1.000000000000000000) ) ) 
 REPRESENTATION_ITEM ( '' )  SURFACE ( )  );
#2935 = SHAPE_DEFINITION_REPRESENTATION ( #3033, #1798 ) ;
#2936 = CARTESIAN_POINT ( 'NONE',  ( -0.01039014611738079900, -0.1129228840871286400, 0.07746503442785210300 ) ) ;
#2937 = CARTESIAN_POINT ( 'NONE',  ( 0.03832471526136899800, -0.09252404735808421300, -0.1806249999999999000 ) ) ;
#2938 = CARTESIAN_POINT ( 'NONE',  ( -0.06542438130972659500, -0.06542438130972659500, -0.3399999999999999100 ) ) ;
#2939 = DIRECTION ( 'NONE',  ( -0.0000000000000000000, -0.0000000000000000000, 1.000000000000000000 ) ) ;
#2940 = CARTESIAN_POINT ( 'NONE',  ( 0.03832471526136898400, -0.09252404735808419900, -0.2368749999999998600 ) ) ;
#2941 = CARTESIAN_POINT ( 'NONE',  ( 0.05289769363290944300, 0.1277063293868266300, 0.1115625000000000400 ) ) ;
#2942 = CARTESIAN_POINT ( 'NONE',  ( 0.05177669529663703200, 0.1250000000000001100, -0.08687499999999985500 ) ) ;
#2943 = CARTESIAN_POINT ( 'NONE',  ( 0.08838834764831854400, 0.08838834764831853000, 0.1100000000000001800 ) ) ;
#2944 = CARTESIAN_POINT ( 'NONE',  ( -1.133092784412359400E-017, -0.09252404735808419900, -0.3837499999999999200 ) ) ;
#2945 = DIRECTION ( 'NONE',  ( 1.000000000000000000, 0.0000000000000000000, 0.0000000000000000000 ) ) ;
#2946 = CARTESIAN_POINT ( 'NONE',  ( -0.03832471526136902600, -0.09252404735808419900, 0.01312500000000015000 ) ) ;
#2947 = CARTESIAN_POINT ( 'NONE',  ( 0.0000000000000000000, -3.717939185210915300E-018, 0.3899999999999999600 ) ) ;
#2948 = CARTESIAN_POINT ( 'NONE',  ( -0.09252404735808419900, 0.03832471526136901200, -0.1993749999999999700 ) ) ;
#2949 = EDGE_CURVE ( 'NONE', #738, #1752, #3809, .T. ) ;
#2950 = CARTESIAN_POINT ( 'NONE',  ( -0.1277063293868266600, 0.05289769363290935900, -0.1790624999999998200 ) ) ;
#2951 = ADVANCED_FACE ( 'NONE', ( #824 ), #1905, .T. ) ;
#2952 = AXIS2_PLACEMENT_3D ( 'NONE', #1210, #3847, #852 ) ;
#2953 = CARTESIAN_POINT ( 'NONE',  ( -1.563951475144348500E-017, -0.1277063293868266600, 0.1896875000000000600 ) ) ;
#2954 = ORIENTED_EDGE ( 'NONE', *, *, #3626, .T. ) ;
#2955 = CARTESIAN_POINT ( 'NONE',  ( -0.05177669529663697000, -0.1250000000000001400, -0.1181249999999999000 ) ) ;
#2956 = CARTESIAN_POINT ( 'NONE',  ( -0.06542438130972660900, -0.06542438130972659500, -0.3399999999999999100 ) ) ;
#2957 = ORIENTED_EDGE ( 'NONE', *, *, #1931, .T. ) ;
#2958 = DIRECTION ( 'NONE',  ( 0.0000000000000000000, 0.0000000000000000000, 1.000000000000000000 ) ) ;
#2959 = LINE ( 'NONE', #1335, #692 ) ;
#2960 = CARTESIAN_POINT ( 'NONE',  ( 0.09252404735808419900, -0.03832471526136906100, 0.01937500000000018700 ) ) ;
#2961 = CARTESIAN_POINT ( 'NONE',  ( -0.1250000000000001400, 3.678806048192898800E-018, 0.07250000000000012000 ) ) ;
#2962 = CARTESIAN_POINT ( 'NONE',  ( 0.03832471526136906800, 0.09252404735808419900, -0.1118749999999998800 ) ) ;
#2963 = CARTESIAN_POINT ( 'NONE',  ( -0.08838834764831853000, 0.08838834764831854400, 0.02250000000000015200 ) ) ;
#2964 = CARTESIAN_POINT ( 'NONE',  ( -0.06542438130972659500, -0.06542438130972659500, -0.09624999999999982200 ) ) ;
#2965 = EDGE_LOOP ( 'NONE', ( #2583, #2957, #2621, #2460 ) ) ;
#2966 = CARTESIAN_POINT ( 'NONE',  ( 0.05289769363290944300, 0.1277063293868266300, -0.1415624999999998100 ) ) ;
#2967 = CARTESIAN_POINT ( 'NONE',  ( -0.09374999999999997200, -0.1623797632095822800, 0.3899999999999999600 ) ) ;
#2968 = VERTEX_POINT ( 'NONE', #108 ) ;
#2969 = ORIENTED_EDGE ( 'NONE', *, *, #780, .T. ) ;
#2970 = CARTESIAN_POINT ( 'NONE',  ( 0.0000000000000000000, 0.1277063293868266600, 0.1146875000000000900 ) ) ;
#2971 = CARTESIAN_POINT ( 'NONE',  ( -0.1875000000000000300, -0.09062956271589178700, 0.3783406742577766200 ) ) ;
#2972 = LINE ( 'NONE', #2680, #1392 ) ;
#2973 = EDGE_CURVE ( 'NONE', #3723, #2914, #2742, .T. ) ;
#2974 = CARTESIAN_POINT ( 'NONE',  ( -0.04935772081513813100, -0.09080533258812501000, 0.04989662145743784700 ) ) ;
#2975 = CARTESIAN_POINT ( 'NONE',  ( 0.09252404735808419900, 0.03832471526136902600, 0.1256250000000001800 ) ) ;
#2976 = ADVANCED_FACE ( 'NONE', ( #932, #273 ), #2793, .F. ) ;
#2977 = LINE ( 'NONE', #155, #656 ) ;
#2978 = CARTESIAN_POINT ( 'NONE',  ( 0.06542438130972660900, 0.06542438130972656800, -0.06499999999999985000 ) ) ;
#2979 = CARTESIAN_POINT ( 'NONE',  ( -0.08838834764831853000, 0.08838834764831854400, -0.2337499999999999000 ) ) ;
#2980 = ORIENTED_EDGE ( 'NONE', *, *, #2126, .T. ) ;
#2981 = CARTESIAN_POINT ( 'NONE',  ( -0.09252404735808419900, 0.03832471526136901200, -0.1056249999999998700 ) ) ;
#2982 = CARTESIAN_POINT ( 'NONE',  ( -0.09252404735808419900, 0.03832471526136901200, -0.3056249999999998700 ) ) ;
#2983 = CYLINDRICAL_SURFACE ( 'NONE', #2283, 0.1250000000000001400 ) ;
#2984 = CARTESIAN_POINT ( 'NONE',  ( 0.05289769363290933200, -0.1277063293868267200, -0.1603124999999998000 ) ) ;
#2985 = ORIENTED_EDGE ( 'NONE', *, *, #2348, .F. ) ;
#2986 = CARTESIAN_POINT ( 'NONE',  ( 0.0000000000000000000, 0.1250000000000001400, -0.03999999999999989700 ) ) ;
#2987 = CARTESIAN_POINT ( 'NONE',  ( 0.0000000000000000000, 0.09252404735808418500, -0.2149999999999998600 ) ) ;
#2988 =( BOUNDED_CURVE ( )  B_SPLINE_CURVE ( 2, ( #1690, #1046, #2860, #1356, #3160, #445, #3125, #3146, #1386 ),
 .UNSPECIFIED., .F., .T. ) 
 B_SPLINE_CURVE_WITH_KNOTS ( ( 3, 2, 2, 2, 3 ),
 ( 0.7115384615384615600, 0.7211538461538461500, 0.7307692307692308400, 0.7403846153846154200, 0.7500000000000000000 ),
 .UNSPECIFIED. ) 
 CURVE ( )  GEOMETRIC_REPRESENTATION_ITEM ( )  RATIONAL_B_SPLINE_CURVE ( ( 1.000000000000000000, 0.9238795325112867400, 1.000000000000000000, 0.9238795325112867400, 1.000000000000000000, 0.9238795325112867400, 1.000000000000000000, 0.9238795325112867400, 1.000000000000000000 ) ) 
 REPRESENTATION_ITEM ( '' )  );
#2989 = CARTESIAN_POINT ( 'NONE',  ( 0.1277063293868266300, -0.05289769363290944300, -0.3540624999999997800 ) ) ;
#2990 = DIRECTION ( 'NONE',  ( -1.000000000000000000, 0.0000000000000000000, 0.0000000000000000000 ) ) ;
#2991 = CARTESIAN_POINT ( 'NONE',  ( 0.0000000000000000000, -3.717939185210915300E-018, 0.3899999999999999600 ) ) ;
#2992 = CARTESIAN_POINT ( 'NONE',  ( -0.09252404735808419900, -0.03832471526136901200, -0.04937499999999986300 ) ) ;
#2993 = CARTESIAN_POINT ( 'NONE',  ( 0.09252404735808419900, -0.03832471526136906100, -0.1243749999999999000 ) ) ;
#2994 = CARTESIAN_POINT ( 'NONE',  ( -1.133092784412359100E-017, -0.09252404735808418500, -0.2899999999999998700 ) ) ;
#2995 = CARTESIAN_POINT ( 'NONE',  ( -0.05289769363290936600, -0.1277063293868266600, -0.1165624999999998200 ) ) ;
#2996 = DIRECTION ( 'NONE',  ( 1.000000000000000000, 0.0000000000000000000, 0.0000000000000000000 ) ) ;
#2997 = ADVANCED_FACE ( 'NONE', ( #3429 ), #2034, .T. ) ;
#2998 = CARTESIAN_POINT ( 'NONE',  ( -0.03832471526136901900, -0.09252404735808419900, -0.1431249999999998600 ) ) ;
#2999 = CARTESIAN_POINT ( 'NONE',  ( -0.1277063293868266600, 0.05289769363290935900, -0.3790624999999998600 ) ) ;
#3000 = EDGE_CURVE ( 'NONE', #2670, #971, #3332, .T. ) ;
#3001 = CARTESIAN_POINT ( 'NONE',  ( -0.03832471526136902600, -0.09252404735808418500, -0.1868749999999999000 ) ) ;
#3002 = CARTESIAN_POINT ( 'NONE',  ( -0.09252404735808419900, 0.03832471526136901200, -0.005624999999999821100 ) ) ;
#3003 = CARTESIAN_POINT ( 'NONE',  ( -0.1250000000000001400, 3.678806048192898800E-018, -0.02124999999999982100 ) ) ;
#3004 = CARTESIAN_POINT ( 'NONE',  ( 0.09252404735808418500, -2.097162821266345400E-017, -0.02124999999999987700 ) ) ;
#3005 = AXIS2_PLACEMENT_3D ( 'NONE', #3297, #3321, #676 ) ;
#3006 = CARTESIAN_POINT ( 'NONE',  ( 0.0000000000000000000, -3.717939185210915300E-018, 0.1374507732164213800 ) ) ;
#3007 = CARTESIAN_POINT ( 'NONE',  ( -0.09252404735808418500, 1.690227475583728000E-018, -0.1024999999999998700 ) ) ;
#3008 = CARTESIAN_POINT ( 'NONE',  ( -0.09183875572194256900, 0.06804276142256317200, 0.07995493929354793900 ) ) ;
#3009 = CARTESIAN_POINT ( 'NONE',  ( 0.09030201150986802400, 0.09030201150986798300, 0.05531250000000020200 ) ) ;
#3010 = ORIENTED_EDGE ( 'NONE', *, *, #3547, .T. ) ;
#3011 = CARTESIAN_POINT ( 'NONE',  ( 0.09566381817132736700, -0.01480876697628334000, -0.3809860837063825900 ) ) ;
#3012 = FACE_OUTER_BOUND ( 'NONE', #3422, .T. ) ;
#3013 = CARTESIAN_POINT ( 'NONE',  ( -1.133092784412359100E-017, -0.09252404735808418500, -0.2399999999999998500 ) ) ;
#3014 = AXIS2_PLACEMENT_3D ( 'NONE', #3832, #3542, #2990 ) ;
#3015 = DIRECTION ( 'NONE',  ( 1.000000000000000000, 0.0000000000000000000, 0.0000000000000000000 ) ) ;
#3016 = ORIENTED_EDGE ( 'NONE', *, *, #1223, .F. ) ;
#3017 = CARTESIAN_POINT ( 'NONE',  ( -0.09252404735808419900, 1.690227475583729900E-018, -0.1962499999999999000 ) ) ;
#3018 = EDGE_LOOP ( 'NONE', ( #790, #1322, #1670, #2004 ) ) ;
#3019 = CARTESIAN_POINT ( 'NONE',  ( 0.03832471526136898400, -0.09252404735808419900, 0.1193750000000001300 ) ) ;
#3020 = CARTESIAN_POINT ( 'NONE',  ( -0.06542438130972659500, 0.06542438130972659500, 0.09125000000000015000 ) ) ;
#3021 = CARTESIAN_POINT ( 'NONE',  ( 0.0000000000000000000, 0.0000000000000000000, 0.3899999999999999600 ) ) ;
#3022 = CARTESIAN_POINT ( 'NONE',  ( 0.09252404735808419900, 0.03832471526136903300, 0.08187500000000012800 ) ) ;
#3023 = CARTESIAN_POINT ( 'NONE',  ( 8.233106465020367100E-018, -0.2165063509461095700, 0.3732531754730549200 ) ) ;
#3024 = CYLINDRICAL_SURFACE ( 'NONE', #3472, 0.1250000000000001400 ) ;
#3025 = CARTESIAN_POINT ( 'NONE',  ( -0.1277063293868266600, -0.05289769363290934600, 0.07718750000000022800 ) ) ;
#3026 = B_SPLINE_CURVE_WITH_KNOTS ( 'NONE', 3,
 ( #3796, #2845, #3440, #3520, #2345, #5, #1790, #2311, #2926, #271 ),
 .UNSPECIFIED., .F., .F.,
 ( 4, 2, 2, 2, 4 ),
 ( 2.380735679535285800E-007, 0.002777215017006219300, 0.003471459252865785300, 0.004165703488725351600, 0.005554191960444482600 ),
 .UNSPECIFIED. ) ;
#3027 = CARTESIAN_POINT ( 'NONE',  ( -0.09252404735808418500, 1.690227475583728000E-018, -0.2524999999999998900 ) ) ;
#3028 = CARTESIAN_POINT ( 'NONE',  ( -0.09252404735808418500, -0.03832471526136901200, -0.1431249999999998900 ) ) ;
#3029 = DATE_AND_TIME ( #789, #2375 ) ;
#3030 = EDGE_CURVE ( 'NONE', #2127, #2914, #1164, .T. ) ;
#3031 = ORIENTED_EDGE ( 'NONE', *, *, #755, .T. ) ;
#3032 = CARTESIAN_POINT ( 'NONE',  ( 0.03832471526136898400, -0.09252404735808419900, 0.1693750000000001900 ) ) ;
#3033 = PRODUCT_DEFINITION_SHAPE ( 'NONE', 'NONE',  #3806 ) ;
#3034 = CARTESIAN_POINT ( 'NONE',  ( 0.06542438130972659500, -0.06542438130972660900, 0.2162500000000001100 ) ) ;
#3035 = CARTESIAN_POINT ( 'NONE',  ( 0.06542438130972662300, 0.06542438130972659500, 0.03500000000000010700 ) ) ;
#3036 = CARTESIAN_POINT ( 'NONE',  ( -0.1875000000000000300, 0.1082531754730547700, 0.3732531754730548700 ) ) ;
#3037 = CYLINDRICAL_SURFACE ( 'NONE', #1413, 0.1250000000000001400 ) ;
#3038 = CARTESIAN_POINT ( 'NONE',  ( 0.1277063293868266300, -0.05289769363290944300, -0.05406249999999977700 ) ) ;
#3039 = CARTESIAN_POINT ( 'NONE',  ( 0.1250000000000001400, -2.693736393049096200E-017, -0.1024999999999998800 ) ) ;
#3040 = CARTESIAN_POINT ( 'NONE',  ( -0.09252404735808419900, -0.03832471526136901200, -0.2993749999999998900 ) ) ;
#3041 = CARTESIAN_POINT ( 'NONE',  ( 0.03832471526136907400, 0.09252404735808418500, -0.1118749999999998800 ) ) ;
#3042 = CARTESIAN_POINT ( 'NONE',  ( -0.03832471526136901200, 0.09252404735808419900, 0.04437500000000013000 ) ) ;
#3043 = CARTESIAN_POINT ( 'NONE',  ( 0.09030201150986802400, 0.09030201150986798300, -0.3915624999999999800 ) ) ;
#3044 = CARTESIAN_POINT ( 'NONE',  ( 0.0000000000000000000, 0.09252404735808419900, 0.1912500000000001100 ) ) ;
#3045 = CARTESIAN_POINT ( 'NONE',  ( 0.0000000000000000000, -3.717939185210915300E-018, 0.3899999999999999600 ) ) ;
#3046 = CARTESIAN_POINT ( 'NONE',  ( -0.05254317488862214600, 0.1003146667982719500, 0.07703648308376961900 ) ) ;
#3047 = CARTESIAN_POINT ( 'NONE',  ( -0.1277063293868266600, -0.05289769363290934600, -0.07281249999999980800 ) ) ;
#3048 = B_SPLINE_CURVE_WITH_KNOTS ( 'NONE', 3,
 ( #434, #2810, #1020, #2210, #2486, #1317 ),
 .UNSPECIFIED., .F., .F.,
 ( 4, 2, 4 ),
 ( 0.03014108845919028300, 0.03150606120152373000, 0.03287103394385717400 ),
 .UNSPECIFIED. ) ;
#3049 = DIRECTION ( 'NONE',  ( -0.0000000000000000000, -0.0000000000000000000, 1.000000000000000000 ) ) ;
#3050 = CARTESIAN_POINT ( 'NONE',  ( 0.03832471526136906800, 0.09252404735808419900, 0.03187500000000018800 ) ) ;
#3051 = EDGE_CURVE ( 'NONE', #1728, #1060, #1833, .T. ) ;
#3052 = CARTESIAN_POINT ( 'NONE',  ( 0.03832471526136898400, -0.09252404735808421300, -0.1306249999999998800 ) ) ;
#3053 = CARTESIAN_POINT ( 'NONE',  ( -0.03832471526136901200, 0.09252404735808419900, 0.1943750000000001600 ) ) ;
#3054 = ORIENTED_EDGE ( 'NONE', *, *, #3720, .F. ) ;
#3055 = CARTESIAN_POINT ( 'NONE',  ( 0.09252404735808419900, -0.03832471526136906100, 0.2193750000000002400 ) ) ;
#3056 = CARTESIAN_POINT ( 'NONE',  ( 0.09252404735808419900, 0.03832471526136903300, 0.03187500000000011900 ) ) ;
#3057 = DIRECTION ( 'NONE',  ( -0.0000000000000000000, -0.0000000000000000000, 1.000000000000000000 ) ) ;
#3058 = ORIENTED_EDGE ( 'NONE', *, *, #1574, .F. ) ;
#3059 = CYLINDRICAL_SURFACE ( 'NONE', #1490, 0.1250000000000001400 ) ;
#3060 = CARTESIAN_POINT ( 'NONE',  ( -0.06661263676738009300, 0.08079461288851151600, 0.05368517435084366200 ) ) ;
#3061 = CARTESIAN_POINT ( 'NONE',  ( 0.05289769363290933200, -0.1277063293868267200, -0.06031249999999980400 ) ) ;
#3062 = CARTESIAN_POINT ( 'NONE',  ( -0.06542438130972659500, 0.06542438130972659500, -0.05874999999999981600 ) ) ;
#3063 = CARTESIAN_POINT ( 'NONE',  ( 0.09252404735808418500, 0.03832471526136903300, -0.06812499999999990800 ) ) ;
#3064 = EDGE_LOOP ( 'NONE', ( #2725, #1262, #3326, #491 ) ) ;
#3065 = CARTESIAN_POINT ( 'NONE',  ( 0.0000000000000000000, 0.09252404735808418500, 0.09125000000000015000 ) ) ;
#3066 = CARTESIAN_POINT ( 'NONE',  ( 0.0000000000000000000, 0.1277063293868266600, -0.3853124999999999500 ) ) ;
#3067 = VECTOR ( 'NONE', #2958, 39.37007874015748100 ) ;
#3068 = CARTESIAN_POINT ( 'NONE',  ( 0.05431570440144102600, -0.07490329495353517700, -0.3849759526419160900 ) ) ;
#3069 = CARTESIAN_POINT ( 'NONE',  ( 0.0000000000000000000, 0.2165063509461095700, -0.3900393700787401200 ) ) ;
#3070 = CARTESIAN_POINT ( 'NONE',  ( 0.05830741983002184200, 0.08192348114865954900, 0.04041181225228460800 ) ) ;
#3071 = CIRCLE ( 'NONE', #3674, 0.1641250000000000200 ) ;
#3072 = CARTESIAN_POINT ( 'NONE',  ( -0.05289769363290934600, 0.1277063293868266600, 0.2146875000000003100 ) ) ;
#3073 = ORIENTED_EDGE ( 'NONE', *, *, #154, .T. ) ;
#3074 = CARTESIAN_POINT ( 'NONE',  ( -0.1250000000000005800, 0.05177669529663647700, 0.07562500000000020600 ) ) ;
#3075 = EDGE_CURVE ( 'NONE', #1119, #1729, #2733, .T. ) ;
#3076 = CARTESIAN_POINT ( 'NONE',  ( -1.133092784412359100E-017, -0.09252404735808418500, 0.01000000000000016700 ) ) ;
#3077 = ORGANIZATION ( 'UNSPECIFIED', 'UNSPECIFIED', '' ) ;
#3078 = EDGE_LOOP ( 'NONE', ( #1825, #1758, #703, #3617 ) ) ;
#3079 = CARTESIAN_POINT ( 'NONE',  ( 0.09252404735808419900, -0.03832471526136906100, -0.3806249999999998800 ) ) ;
#3080 = CARTESIAN_POINT ( 'NONE',  ( 0.1277063293868266600, 0.05289769363290938000, -0.3446874999999999200 ) ) ;
#3081 = CARTESIAN_POINT ( 'NONE',  ( 0.03832471526136906800, 0.09252404735808418500, -0.3681249999999998700 ) ) ;
#3082 = CARTESIAN_POINT ( 'NONE',  ( -0.05177669529663693500, 0.1250000000000001400, -0.3306249999999998400 ) ) ;
#3083 = CARTESIAN_POINT ( 'NONE',  ( 0.1250000000000001400, -2.693736393049096500E-017, 0.003750000000000185000 ) ) ;
#3084 = CARTESIAN_POINT ( 'NONE',  ( -0.1131129763209585600, 2.950935773196544800E-018, -0.3643870236790416300 ) ) ;
#3085 = CARTESIAN_POINT ( 'NONE',  ( 0.0000000000000000000, 0.1277063293868266600, 0.1615625000000002800 ) ) ;
#3086 = CARTESIAN_POINT ( 'NONE',  ( 0.1250000000000001100, 0.05177669529663698300, 0.05687500000000017500 ) ) ;
#3087 = CARTESIAN_POINT ( 'NONE',  ( 0.1250000000000001400, -2.693736393049096500E-017, -0.09624999999999985000 ) ) ;
#3088 = CARTESIAN_POINT ( 'NONE',  ( -0.09252404735808419900, 0.03832471526136901200, -0.05562499999999983400 ) ) ;
#3089 = CARTESIAN_POINT ( 'NONE',  ( -1.133092784412359100E-017, -0.09252404735808418500, -0.3899999999999998500 ) ) ;
#3090 = CARTESIAN_POINT ( 'NONE',  ( -0.1277063293868266600, 3.844520929243675400E-018, -0.3228124999999999500 ) ) ;
#3091 = DIRECTION ( 'NONE',  ( 0.0000000000000000000, 0.0000000000000000000, -1.000000000000000000 ) ) ;
#3092 = CARTESIAN_POINT ( 'NONE',  ( -5.392000902489872400E-018, 0.2165063509461095700, 0.1886580753730950400 ) ) ;
#3093 = PLANE ( 'NONE',  #783 ) ;
#3094 = CARTESIAN_POINT ( 'NONE',  ( -0.09252404735808419900, 0.03832471526136901900, -0.3993749999999998700 ) ) ;
#3095 = CARTESIAN_POINT ( 'NONE',  ( -0.1250000000000001400, 0.05177669529663694200, -0.2243749999999998800 ) ) ;
#3096 = CARTESIAN_POINT ( 'NONE',  ( 0.09252404735808419900, 0.03832471526136902600, 0.07562500000000016400 ) ) ;
#3097 = ORIENTED_EDGE ( 'NONE', *, *, #2175, .F. ) ;
#3098 = LINE ( 'NONE', #3507, #1303 ) ;
#3099 = MANIFOLD_SOLID_BREP ( 'Boss-Extrude2', #82 ) ;
#3100 = CARTESIAN_POINT ( 'NONE',  ( -1.133092784412359100E-017, -0.09252404735808418500, -0.3399999999999998600 ) ) ;
#3101 = ORIENTED_EDGE ( 'NONE', *, *, #181, .F. ) ;
#3102 = CARTESIAN_POINT ( 'NONE',  ( 0.1277063293868266600, -2.743450857364329300E-017, -0.1478124999999999300 ) ) ;
#3103 = ORIENTED_EDGE ( 'NONE', *, *, #334, .T. ) ;
#3104 = CARTESIAN_POINT ( 'NONE',  ( 0.09252404735808419900, -0.03832471526136906800, 0.2256250000000002400 ) ) ;
#3105 = AXIS2_PLACEMENT_3D ( 'NONE', #3548, #3836, #2369 ) ;
#3106 = CARTESIAN_POINT ( 'NONE',  ( -0.04007911740804630900, 0.09957869574712287200, -0.3703816409147685500 ) ) ;
#3107 = CARTESIAN_POINT ( 'NONE',  ( 0.0000000000000000000, -3.717939185210915300E-018, 0.1374507732164213800 ) ) ;
#3108 = CARTESIAN_POINT ( 'NONE',  ( -0.1277063293868266600, 3.844520929243675400E-018, 0.2240625000000002200 ) ) ;
#3109 = CARTESIAN_POINT ( 'NONE',  ( -0.05177669529663693500, 0.1250000000000001400, 0.06937500000000018700 ) ) ;
#3110 = CARTESIAN_POINT ( 'NONE',  ( 0.09252404735808419900, 0.03832471526136902600, 0.2256250000000002400 ) ) ;
#3111 = FACE_OUTER_BOUND ( 'NONE', #1173, .T. ) ;
#3112 = FACE_OUTER_BOUND ( 'NONE', #2452, .T. ) ;
#3113 = ORIENTED_EDGE ( 'NONE', *, *, #1340, .T. ) ;
#3114 = CARTESIAN_POINT ( 'NONE',  ( 0.0000000000000000000, 0.1277063293868266600, -0.2853124999999999700 ) ) ;
#3115 = CARTESIAN_POINT ( 'NONE',  ( 0.03832471526136898400, -0.09252404735808418500, -0.2868749999999998800 ) ) ;
#3116 = CARTESIAN_POINT ( 'NONE',  ( -0.1005626433581795100, 2.182449518641500500E-018, 0.04285891443543843300 ) ) ;
#3117 = CARTESIAN_POINT ( 'NONE',  ( -0.1250000000000001400, -0.05177669529663693500, -0.1743749999999999200 ) ) ;
#3118 = ORIENTED_EDGE ( 'NONE', *, *, #1249, .F. ) ;
#3119 = CARTESIAN_POINT ( 'NONE',  ( -0.09307356493248408700, 0.05090367713727483200, 0.05745407940283237000 ) ) ;
#3120 = CARTESIAN_POINT ( 'NONE',  ( 0.1277063293868266600, -2.743450857364329300E-017, 0.09906250000000024800 ) ) ;
#3121 = PERSON_AND_ORGANIZATION ( #2767, #3077 ) ;
#3122 = CARTESIAN_POINT ( 'NONE',  ( -0.1250000000000001400, 0.05177669529663694900, -0.3306249999999998900 ) ) ;
#3123 = EDGE_CURVE ( 'NONE', #989, #2558, #1948, .T. ) ;
#3124 = CARTESIAN_POINT ( 'NONE',  ( -0.08838834764831854400, -0.08838834764831853000, -0.07124999999999986900 ) ) ;
#3125 = CARTESIAN_POINT ( 'NONE',  ( -0.08838834764831854400, -0.08838834764831853000, -0.2212499999999999200 ) ) ;
#3126 = AXIS2_PLACEMENT_3D ( 'NONE', #976, #2111, #3281 ) ;
#3127 = CARTESIAN_POINT ( 'NONE',  ( -1.563951475144348500E-017, -0.1277063293868266600, -0.2103124999999999600 ) ) ;
#3128 = CARTESIAN_POINT ( 'NONE',  ( -0.09252404735808418500, -0.03832471526136900500, -0.09937499999999988000 ) ) ;
#3129 = CARTESIAN_POINT ( 'NONE',  ( 0.04017711415048191800, -0.09512974310947586200, -0.3745263562843472200 ) ) ;
#3130 = CARTESIAN_POINT ( 'NONE',  ( 0.01564551539141459400, -0.09139139857030811900, -0.3849759526419159200 ) ) ;
#3131 = CARTESIAN_POINT ( 'NONE',  ( 0.09252404735808419900, 0.03832471526136903300, -0.3181249999999998800 ) ) ;
#3132 = CARTESIAN_POINT ( 'NONE',  ( -0.08750000000000018900, 6.997720307328448600E-018, -0.3899999999999999600 ) ) ;
#3133 = DIRECTION ( 'NONE',  ( -0.7071067811865486800, 8.659560562354947600E-017, 0.7071067811865462400 ) ) ;
#3134 = CARTESIAN_POINT ( 'NONE',  ( 0.06542438130972660900, 0.06542438130972656800, 0.1287500000000001700 ) ) ;
#3135 = CARTESIAN_POINT ( 'NONE',  ( -0.05289769363290934600, 0.1277063293868266600, -0.2821874999999999800 ) ) ;
#3136 = CARTESIAN_POINT ( 'NONE',  ( -1.133092784412359100E-017, -0.09252404735808418500, -0.3899999999999998500 ) ) ;
#3137 = CARTESIAN_POINT ( 'NONE',  ( -0.06542438130972659500, 0.06542438130972659500, -0.1087499999999998600 ) ) ;
#3138 = CARTESIAN_POINT ( 'NONE',  ( 0.06992319811061291400, -0.1031460782459726600, -0.3534307499826244100 ) ) ;
#3139 = CARTESIAN_POINT ( 'NONE',  ( 0.1250000000000001400, -2.693736393049096500E-017, -0.2962499999999997900 ) ) ;
#3140 = ORIENTED_EDGE ( 'NONE', *, *, #2949, .F. ) ;
#3141 = CARTESIAN_POINT ( 'NONE',  ( -0.09252404735808419900, 1.690227475583729900E-018, -0.2462499999999999100 ) ) ;
#3142 = VERTEX_POINT ( 'NONE', #132 ) ;
#3143 = CARTESIAN_POINT ( 'NONE',  ( -0.06542438130972659500, 0.06542438130972659500, 0.09125000000000015000 ) ) ;
#3144 = VECTOR ( 'NONE', #615, 39.37007874015748100 ) ;
#3145 =( BOUNDED_CURVE ( )  B_SPLINE_CURVE ( 2, ( #1687, #3122, #480, #1968, #2567, #2260, #3408, #2556, #1663 ),
 .UNSPECIFIED., .F., .F. ) 
 B_SPLINE_CURVE_WITH_KNOTS ( ( 3, 2, 2, 2, 3 ),
 ( 0.9038461538461538500, 0.9134615384615384400, 0.9230769230769231300, 0.9326923076923078200, 0.9423076923076924000 ),
 .UNSPECIFIED. ) 
 CURVE ( )  GEOMETRIC_REPRESENTATION_ITEM ( )  RATIONAL_B_SPLINE_CURVE ( ( 1.000000000000000000, 0.9238795325112867400, 1.000000000000000000, 0.9238795325112867400, 1.000000000000000000, 0.9238795325112867400, 1.000000000000000000, 0.9238795325112858500, 1.000000000000000900 ) ) 
 REPRESENTATION_ITEM ( '' )  );
#3146 = CARTESIAN_POINT ( 'NONE',  ( -0.1250000000000001400, -0.05177669529663693500, -0.2243749999999998800 ) ) ;
#3147 = AXIS2_PLACEMENT_3D ( 'NONE', #1160, #551, #2917 ) ;
#3148 = CARTESIAN_POINT ( 'NONE',  ( 0.05289769363290944300, 0.1277063293868266300, -0.03843749999999992300 ) ) ;
#3149 = LINE ( 'NONE', #2682, #3162 ) ;
#3150 = CARTESIAN_POINT ( 'NONE',  ( 0.08003759682587857600, 0.09292425448263154400, 0.1028021018106801400 ) ) ;
#3151 = CARTESIAN_POINT ( 'NONE',  ( 0.09252404735808418500, -0.03832471526136906100, -0.2306249999999998600 ) ) ;
#3152 = DIRECTION ( 'NONE',  ( 0.0000000000000000000, -1.000000000000000000, 0.0000000000000000000 ) ) ;
#3153 = ORIENTED_EDGE ( 'NONE', *, *, #2268, .T. ) ;
#3154 = CARTESIAN_POINT ( 'NONE',  ( 0.1249999999999996500, -0.05177669529663748300, -0.1556249999999999600 ) ) ;
#3155 = CARTESIAN_POINT ( 'NONE',  ( 0.0000000000000000000, 0.1250000000000001400, -0.1399999999999999000 ) ) ;
#3156 = VECTOR ( 'NONE', #1045, 39.37007874015748100 ) ;
#3157 = CARTESIAN_POINT ( 'NONE',  ( -0.06542438130972660900, -0.06542438130972659500, -0.3399999999999999100 ) ) ;
#3158 = DIRECTION ( 'NONE',  ( 0.0000000000000000000, 0.0000000000000000000, -1.000000000000000000 ) ) ;
#3159 = CARTESIAN_POINT ( 'NONE',  ( 0.03832471526136906800, 0.09252404735808419900, 0.2318750000000001600 ) ) ;
#3160 = CARTESIAN_POINT ( 'NONE',  ( -1.530808498934193400E-017, -0.1250000000000001400, -0.2149999999999998900 ) ) ;
#3161 = EDGE_LOOP ( 'NONE', ( #2597, #469, #1307, #1429, #216 ) ) ;
#3162 = VECTOR ( 'NONE', #2342, 39.37007874015748100 ) ;
#3163 = CARTESIAN_POINT ( 'NONE',  ( -0.09030201150986801000, 0.09030201150986802400, 0.02093750000000004300 ) ) ;
#3164 = CARTESIAN_POINT ( 'NONE',  ( 0.1194728909664731200, 0.007988993501553052400, 0.09481439273552098900 ) ) ;
#3165 = CARTESIAN_POINT ( 'NONE',  ( -0.03832471526136900500, 0.09252404735808418500, -0.2118749999999998700 ) ) ;
#3166 = CARTESIAN_POINT ( 'NONE',  ( 0.0000000000000000000, -3.717939185210915300E-018, 0.3899999999999999600 ) ) ;
#3167 = CARTESIAN_POINT ( 'NONE',  ( -0.1250000000000001400, 3.678806048192898800E-018, -0.1212499999999998400 ) ) ;
#3168 = CARTESIAN_POINT ( 'NONE',  ( 0.0000000000000000000, 0.09252404735808419900, -0.3087499999999998600 ) ) ;
#3169 = CARTESIAN_POINT ( 'NONE',  ( -0.1151297473751980600, -0.01558579087890290600, 0.08503286203939489100 ) ) ;
#3170 = DIRECTION ( 'NONE',  ( 1.000000000000000000, 0.0000000000000000000, 0.0000000000000000000 ) ) ;
#3171 = EDGE_CURVE ( 'NONE', #2741, #972, #2123, .T. ) ;
#3172 = CARTESIAN_POINT ( 'NONE',  ( -0.1250000000000001400, 3.678806048192898800E-018, -0.07124999999999984100 ) ) ;
#3173 = CARTESIAN_POINT ( 'NONE',  ( -0.08838834764831854400, -0.08838834764831853000, 0.03500000000000016300 ) ) ;
#3174 = AXIS2_PLACEMENT_3D ( 'NONE', #973, #327, #645 ) ;
#3175 = CARTESIAN_POINT ( 'NONE',  ( 0.09030201150986801000, -0.09030201150986802400, 0.04593750000000004800 ) ) ;
#3176 = CARTESIAN_POINT ( 'NONE',  ( 0.0000000000000000000, 0.09252404735808418500, -0.2649999999999998500 ) ) ;
#3177 = CARTESIAN_POINT ( 'NONE',  ( 0.05177669529663691400, -0.1250000000000001900, -0.2056249999999998900 ) ) ;
#3178 = APPROVAL_STATUS ( 'not_yet_approved' ) ;
#3179 = CARTESIAN_POINT ( 'NONE',  ( 0.09374999999999997200, -0.1623797632095822200, 0.3899999999999999600 ) ) ;
#3180 = CARTESIAN_POINT ( 'NONE',  ( -0.09252404735808419900, 0.03832471526136901900, -0.2493749999999999000 ) ) ;
#3181 = CARTESIAN_POINT ( 'NONE',  ( -0.09252404735808419900, 1.690227475583729900E-018, 0.003750000000000130800 ) ) ;
#3182 = CARTESIAN_POINT ( 'NONE',  ( 0.06542438130972660900, 0.06542438130972656800, -0.3649999999999999400 ) ) ;
#3183 = CARTESIAN_POINT ( 'NONE',  ( 0.0000000000000000000, -3.717939185210915300E-018, 0.1520000000000000200 ) ) ;
#3184 = EDGE_LOOP ( 'NONE', ( #1643, #1902, #2454, #3230 ) ) ;
#3185 = CARTESIAN_POINT ( 'NONE',  ( 0.0000000000000000000, 0.1277063293868266600, 0.01468750000000007400 ) ) ;
#3186 = CARTESIAN_POINT ( 'NONE',  ( 0.09252404735808418500, -2.097162821266345400E-017, -0.02749999999999984400 ) ) ;
#3187 = CARTESIAN_POINT ( 'NONE',  ( -0.07584096803473307200, 0.06376171228931344600, 0.03823768923086294500 ) ) ;
#3188 = EDGE_CURVE ( 'NONE', #412, #1728, #2428, .T. ) ;
#3189 = EDGE_LOOP ( 'NONE', ( #3269, #1483, #3576, #303 ) ) ;
#3190 = CARTESIAN_POINT ( 'NONE',  ( 0.1125755079375704800, -0.03645763475009544700, 0.09104209025754009300 ) ) ;
#3191 = ORIENTED_EDGE ( 'NONE', *, *, #3458, .F. ) ;
#3192 = CARTESIAN_POINT ( 'NONE',  ( 0.09252404735808419900, -0.03832471526136906800, -0.1243749999999999000 ) ) ;
#3193 = CARTESIAN_POINT ( 'NONE',  ( -0.03832471526136901900, 0.09252404735808418500, -0.005624999999999887900 ) ) ;
#3194 = CARTESIAN_POINT ( 'NONE',  ( 0.03832471526136898400, -0.09252404735808419900, -0.2306249999999998600 ) ) ;
#3195 = CARTESIAN_POINT ( 'NONE',  ( 0.0000000000000000000, 0.2165063509461095700, -0.3900393700787401200 ) ) ;
#3196 = VECTOR ( 'NONE', #3345, 39.37007874015748100 ) ;
#3197 = CARTESIAN_POINT ( 'NONE',  ( 0.1277063293868266300, -0.05289769363290944300, -0.1009374999999999300 ) ) ;
#3198 = CARTESIAN_POINT ( 'NONE',  ( 0.03078143721979516000, 0.1987346798812173200, 0.1979827786308947500 ) ) ;
#3199 = CARTESIAN_POINT ( 'NONE',  ( 0.08838834764831854400, 0.08838834764831851600, -0.09624999999999989100 ) ) ;
#3200 = CARTESIAN_POINT ( 'NONE',  ( -0.07994667149166011200, 0.05879043212101783800, 0.03866092581117063600 ) ) ;
#3201 = FACE_OUTER_BOUND ( 'NONE', #3435, .T. ) ;
#3202 = ORIENTED_EDGE ( 'NONE', *, *, #3827, .F. ) ;
#3203 = CARTESIAN_POINT ( 'NONE',  ( -0.03203217487785855300, -0.1080333532373471700, 0.07547435646227951300 ) ) ;
#3204 = CARTESIAN_POINT ( 'NONE',  ( -1.133092784412359400E-017, -0.09252404735808419900, -0.03374999999999987700 ) ) ;
#3205 = CARTESIAN_POINT ( 'NONE',  ( 0.03386882345952254400, -0.1154235427597186100, 0.09636475998446855700 ) ) ;
#3206 = CARTESIAN_POINT ( 'NONE',  ( 0.06542438130972659500, -0.06542438130972660900, -0.3774999999999999500 ) ) ;
#3207 = CARTESIAN_POINT ( 'NONE',  ( -0.1333599320255611200, -0.1395109582920416900, 0.3869378173891100900 ) ) ;
#3208 = VERTEX_POINT ( 'NONE', #3445 ) ;
#3209 = CARTESIAN_POINT ( 'NONE',  ( 0.1250000000000001100, 0.05177669529663698300, -0.2993749999999999500 ) ) ;
#3210 = CARTESIAN_POINT ( 'NONE',  ( -0.1277063293868266600, 3.844520929243675400E-018, 0.1771875000000000500 ) ) ;
#3211 = CARTESIAN_POINT ( 'NONE',  ( 0.09252404735808419900, -0.03832471526136906100, -0.3806249999999998800 ) ) ;
#3212 = CARTESIAN_POINT ( 'NONE',  ( 0.0000000000000000000, 0.09252404735808418500, -0.01499999999999984000 ) ) ;
#3213 = CARTESIAN_POINT ( 'NONE',  ( 0.09016487723677624200, -0.03093183297369300800, 0.02756366469763434800 ) ) ;
#3214 = CARTESIAN_POINT ( 'NONE',  ( 0.0000000000000000000, 0.09252404735808419900, -0.05874999999999988600 ) ) ;
#3215 = CARTESIAN_POINT ( 'NONE',  ( -0.08838834764831854400, -0.08838834764831853000, 0.08500000000000017300 ) ) ;
#3216 = CARTESIAN_POINT ( 'NONE',  ( 0.03832471526136906800, 0.09252404735808419900, -0.2118749999999998400 ) ) ;
#3217 = EDGE_CURVE ( 'NONE', #446, #2746, #2633, .T. ) ;
#3218 = CARTESIAN_POINT ( 'NONE',  ( 0.09030201150986801000, -0.09030201150986802400, 0.1459375000000000800 ) ) ;
#3219 = CARTESIAN_POINT ( 'NONE',  ( -0.03832471526136901900, -0.09252404735808418500, -0.04312499999999983000 ) ) ;
#3220 = CARTESIAN_POINT ( 'NONE',  ( 0.09252404735808419900, -2.097162821266345700E-017, -0.3212499999999998700 ) ) ;
#3221 = CARTESIAN_POINT ( 'NONE',  ( 0.09463167386807390400, -0.01577648611526159800, 0.02925832006846260100 ) ) ;
#3222 = CARTESIAN_POINT ( 'NONE',  ( 0.03832471526136899800, -0.09252404735808421300, -0.03062499999999989500 ) ) ;
#3223 = CARTESIAN_POINT ( 'NONE',  ( -0.06542438130972659500, 0.06542438130972659500, -0.4087499999999998900 ) ) ;
#3224 = CARTESIAN_POINT ( 'NONE',  ( 0.09252404735808419900, 0.03832471526136902600, -0.01812499999999989500 ) ) ;
#3225 = PLANE ( 'NONE',  #2848 ) ;
#3226 = CARTESIAN_POINT ( 'NONE',  ( 0.004435116180713842600, 0.1119040601128019900, 0.07359668518652344400 ) ) ;
#3227 = VERTEX_POINT ( 'NONE', #2527 ) ;
#3228 = CARTESIAN_POINT ( 'NONE',  ( 0.09252404735808418500, -2.097162821266345400E-017, -0.2774999999999998600 ) ) ;
#3229 = CARTESIAN_POINT ( 'NONE',  ( -0.05289769363290934600, 0.1277063293868266600, -0.1853124999999998000 ) ) ;
#3230 = ORIENTED_EDGE ( 'NONE', *, *, #667, .F. ) ;
#3231 = ORIENTED_EDGE ( 'NONE', *, *, #904, .F. ) ;
#3232 = CARTESIAN_POINT ( 'NONE',  ( 0.05289769363290944300, 0.1277063293868266300, 0.1615625000000000800 ) ) ;
#3233 = CARTESIAN_POINT ( 'NONE',  ( 0.1250000000000001400, -3.717939185210915300E-018, 0.3899999999999999600 ) ) ;
#3234 = CARTESIAN_POINT ( 'NONE',  ( -0.03832471526136900500, 0.09252404735808418500, -0.06187499999999986800 ) ) ;
#3235 = VERTEX_POINT ( 'NONE', #1359 ) ;
#3236 = CARTESIAN_POINT ( 'NONE',  ( -0.007324426483195902800, -0.09252404735808418500, -0.3843472342548113800 ) ) ;
#3237 = EDGE_CURVE ( 'NONE', #985, #3142, #86, .T. ) ;
#3238 = CARTESIAN_POINT ( 'NONE',  ( -0.1875000000000000300, -0.1082531754730547700, -0.3900393700787401200 ) ) ;
#3239 = CARTESIAN_POINT ( 'NONE',  ( 0.09252404735808419900, 0.03832471526136903300, -0.1181249999999998800 ) ) ;
#3240 = ADVANCED_FACE ( 'NONE', ( #2824 ), #1437, .T. ) ;
#3241 = CARTESIAN_POINT ( 'NONE',  ( 0.1874999999999999700, 0.07301431151396117800, 0.3825138201932793400 ) ) ;
#3242 = CARTESIAN_POINT ( 'NONE',  ( -0.06542438130972659500, 0.06542438130972659500, -0.05249999999999985200 ) ) ;
#3243 = VECTOR ( 'NONE', #3133, 39.37007874015748900 ) ;
#3244 = CARTESIAN_POINT ( 'NONE',  ( 0.0000000000000000000, 0.1277063293868266600, -0.2384374999999998000 ) ) ;
#3245 = ORIENTED_EDGE ( 'NONE', *, *, #2221, .T. ) ;
#3246 = ORIENTED_EDGE ( 'NONE', *, *, #2752, .F. ) ;
#3247 = CARTESIAN_POINT ( 'NONE',  ( 0.09030201150986801000, -0.09030201150986802400, 0.09593750000000006400 ) ) ;
#3248 = CARTESIAN_POINT ( 'NONE',  ( 0.1874999999999999400, 0.1082531754730548400, 0.3732531754730548700 ) ) ;
#3249 = CARTESIAN_POINT ( 'NONE',  ( -0.03832471526136902600, -0.09252404735808418500, -0.3368749999999998700 ) ) ;
#3250 = ORIENTED_EDGE ( 'NONE', *, *, #2822, .T. ) ;
#3251 = CARTESIAN_POINT ( 'NONE',  ( 0.09252404735808419900, -0.03832471526136906100, -0.03062499999999982600 ) ) ;
#3252 = CARTESIAN_POINT ( 'NONE',  ( 0.09252404735808419900, -0.03832471526136906100, -0.1743749999999998900 ) ) ;
#3253 = CARTESIAN_POINT ( 'NONE',  ( 0.0000000000000000000, -3.717939185210915300E-018, 0.3899999999999999600 ) ) ;
#3254 = CARTESIAN_POINT ( 'NONE',  ( -0.06542438130972659500, 0.06542438130972659500, -0.2587499999999998700 ) ) ;
#3255 = CARTESIAN_POINT ( 'NONE',  ( -0.05289769363290934600, 0.1277063293868266600, -0.1353124999999998100 ) ) ;
#3256 = ADVANCED_FACE ( 'NONE', ( #2922 ), #2136, .F. ) ;
#3257 = CARTESIAN_POINT ( 'NONE',  ( -0.1277063293868266600, 3.844520929243675400E-018, 0.1271875000000000900 ) ) ;
#3258 = CARTESIAN_POINT ( 'NONE',  ( -0.06542438130972659500, 0.06542438130972659500, -0.05874999999999981600 ) ) ;
#3259 = DIRECTION ( 'NONE',  ( -0.0000000000000000000, -0.0000000000000000000, 1.000000000000000000 ) ) ;
#3260 = CARTESIAN_POINT ( 'NONE',  ( -0.06542438130972659500, -0.06542438130972659500, -0.03999999999999984800 ) ) ;
#3261 = AXIS2_PLACEMENT_3D ( 'NONE', #3722, #1944, #460 ) ;
#3262 = CARTESIAN_POINT ( 'NONE',  ( -0.09252404735808419900, -0.03832471526136901200, -0.2493749999999999000 ) ) ;
#3263 = CARTESIAN_POINT ( 'NONE',  ( -0.1277063293868266600, 3.844520929243675400E-018, -0.1759374999999997700 ) ) ;
#3264 = CARTESIAN_POINT ( 'NONE',  ( 0.1250000000000001400, -2.693736393049096500E-017, 0.05375000000000019300 ) ) ;
#3265 = CARTESIAN_POINT ( 'NONE',  ( 0.09252404735808419900, 0.03832471526136902600, -0.1743749999999998400 ) ) ;
#3266 = CARTESIAN_POINT ( 'NONE',  ( 0.1277063293868266600, 0.05289769363290938000, -0.3478124999999998000 ) ) ;
#3267 = CARTESIAN_POINT ( 'NONE',  ( 0.08838834764831854400, 0.08838834764831853000, 0.1100000000000001800 ) ) ;
#3268 = CARTESIAN_POINT ( 'NONE',  ( 0.06542438130972659500, -0.06542438130972662300, -0.3774999999999999500 ) ) ;
#3269 = ORIENTED_EDGE ( 'NONE', *, *, #735, .F. ) ;
#3270 = DIRECTION ( 'NONE',  ( 1.000000000000000000, 0.0000000000000000000, 0.0000000000000000000 ) ) ;
#3271 = LINE ( 'NONE', #1495, #1343 ) ;
#3272 = CARTESIAN_POINT ( 'NONE',  ( -0.09252404735808419900, 0.03832471526136901200, -0.05562499999999983400 ) ) ;
#3273 = ADVANCED_FACE ( 'NONE', ( #3524 ), #3024, .T. ) ;
#3274 = DIRECTION ( 'NONE',  ( -0.0000000000000000000, -0.0000000000000000000, 1.000000000000000000 ) ) ;
#3275 = CARTESIAN_POINT ( 'NONE',  ( 0.09252404735808418500, -2.097162821266345400E-017, -0.1212499999999998700 ) ) ;
#3276 = DIRECTION ( 'NONE',  ( -0.0000000000000000000, -0.0000000000000000000, 1.000000000000000000 ) ) ;
#3277 = CARTESIAN_POINT ( 'NONE',  ( 0.03832471526136898400, -0.09252404735808419900, -0.3368749999999998100 ) ) ;
#3278 = EDGE_LOOP ( 'NONE', ( #2870, #3610, #2082, #831, #3514 ) ) ;
#3279 = ORIENTED_EDGE ( 'NONE', *, *, #2175, .T. ) ;
#3280 = CARTESIAN_POINT ( 'NONE',  ( 0.1277063293868266600, -2.743450857364329300E-017, -0.3009374999999998000 ) ) ;
#3281 = DIRECTION ( 'NONE',  ( 1.000000000000000000, 0.0000000000000000000, 0.0000000000000000000 ) ) ;
#3282 = CARTESIAN_POINT ( 'NONE',  ( 0.06542438130972659500, -0.06542438130972660900, -0.1337499999999998400 ) ) ;
#3283 = CARTESIAN_POINT ( 'NONE',  ( -0.06542438130972659500, -0.06542438130972659500, 0.01000000000000009900 ) ) ;
#3284 = CARTESIAN_POINT ( 'NONE',  ( 0.09252404735808419900, -2.097162821266345700E-017, -0.2212499999999998900 ) ) ;
#3285 = CONICAL_SURFACE ( 'NONE', #233, 0.08750000000000018900, 0.7853981633974491700 ) ;
#3286 = EDGE_CURVE ( 'NONE', #1773, #2028, #625, .T. ) ;
#3287 = CARTESIAN_POINT ( 'NONE',  ( -0.08007201895308022100, -0.06384829068992534100, 0.04731385429493058900 ) ) ;
#3288 = CARTESIAN_POINT ( 'NONE',  ( 0.06542438130972659500, -0.06542438130972660900, 0.06625000000000014200 ) ) ;
#3289 = CARTESIAN_POINT ( 'NONE',  ( 0.0000000000000000000, 0.1250000000000001400, -0.03374999999999982200 ) ) ;
#3290 = CIRCLE ( 'NONE', #3174, 0.1874999999999999700 ) ;
#3291 = CARTESIAN_POINT ( 'NONE',  ( -0.03832471526136902600, -0.09252404735808419900, 0.2131250000000001200 ) ) ;
#3292 = DIRECTION ( 'NONE',  ( -1.000000000000000000, 0.0000000000000000000, 0.0000000000000000000 ) ) ;
#3293 = ORIENTED_EDGE ( 'NONE', *, *, #3695, .F. ) ;
#3294 = CARTESIAN_POINT ( 'NONE',  ( -0.1154579867529383900, 0.007286718543096164600, 0.08378353406767058400 ) ) ;
#3295 = CARTESIAN_POINT ( 'NONE',  ( 0.05289769363290944300, 0.1277063293868266300, -0.04156249999999977300 ) ) ;
#3296 = ORIENTED_EDGE ( 'NONE', *, *, #1751, .T. ) ;
#3297 = CARTESIAN_POINT ( 'NONE',  ( 0.0000000000000000000, -3.717939185210915300E-018, 0.1099999999999999900 ) ) ;
#3298 = ADVANCED_FACE ( 'NONE', ( #3711 ), #3807, .T. ) ;
#3299 = CARTESIAN_POINT ( 'NONE',  ( 0.06542438130972660900, 0.06542438130972656800, -0.2712499999999998800 ) ) ;
#3300 = CARTESIAN_POINT ( 'NONE',  ( -0.05289769363290936600, -0.1277063293868266600, -0.3165624999999997500 ) ) ;
#3301 = CARTESIAN_POINT ( 'NONE',  ( 0.09252404735808418500, -0.03832471526136907400, -0.1243749999999999000 ) ) ;
#3302 = CARTESIAN_POINT ( 'NONE',  ( 0.06542438130972659500, -0.06542438130972660900, 0.1225000000000001200 ) ) ;
#3303 = CARTESIAN_POINT ( 'NONE',  ( -1.133092784412359100E-017, -0.09252404735808418500, 0.01000000000000016700 ) ) ;
#3304 = CARTESIAN_POINT ( 'NONE',  ( 0.1250000000000001100, 0.05177669529663698300, -0.04312499999999983700 ) ) ;
#3305 = CARTESIAN_POINT ( 'NONE',  ( -0.09252404735808419900, 0.03832471526136901900, 0.1506250000000001200 ) ) ;
#3306 = DIRECTION ( 'NONE',  ( 0.0000000000000000000, 0.0000000000000000000, -1.000000000000000000 ) ) ;
#3307 = CARTESIAN_POINT ( 'NONE',  ( 0.0000000000000000000, -3.717939185210915300E-018, 0.3899999999999999600 ) ) ;
#3308 = CARTESIAN_POINT ( 'NONE',  ( -0.05289769363290936600, -0.1277063293868266600, 0.08343750000000026100 ) ) ;
#3309 = CARTESIAN_POINT ( 'NONE',  ( 0.06065600787602568700, -0.07081214051717485400, -0.3845659284050078100 ) ) ;
#3310 = CARTESIAN_POINT ( 'NONE',  ( -0.06542438130972659500, 0.06542438130972659500, -0.3087499999999998600 ) ) ;
#3311 = EDGE_CURVE ( 'NONE', #2558, #2968, #877, .T. ) ;
#3312 = CARTESIAN_POINT ( 'NONE',  ( 0.06542438130972659500, -0.06542438130972662300, -0.2274999999999999000 ) ) ;
#3313 = CARTESIAN_POINT ( 'NONE',  ( -0.06542438130972659500, 0.06542438130972659500, 0.1475000000000001300 ) ) ;
#3314 = CARTESIAN_POINT ( 'NONE',  ( -1.133092784412359100E-017, -0.09252404735808418500, 0.1600000000000002000 ) ) ;
#3315 = ADVANCED_FACE ( 'NONE', ( #2461 ), #367, .T. ) ;
#3316 = CARTESIAN_POINT ( 'NONE',  ( -0.09252404735808419900, 1.690227475583729900E-018, 0.05375000000000014500 ) ) ;
#3317 = AXIS2_PLACEMENT_3D ( 'NONE', #180, #1352, #3170 ) ;
#3318 = CARTESIAN_POINT ( 'NONE',  ( 0.09252404735808419900, 0.03832471526136902600, -0.1743749999999998400 ) ) ;
#3319 = CARTESIAN_POINT ( 'NONE',  ( -0.1250000000000001400, 3.678806048192898800E-018, -0.1274999999999998900 ) ) ;
#3320 = CARTESIAN_POINT ( 'NONE',  ( -0.05289769363290936600, -0.1277063293868266600, -0.01656249999999976500 ) ) ;
#3321 = DIRECTION ( 'NONE',  ( 0.0000000000000000000, 0.0000000000000000000, -1.000000000000000000 ) ) ;
#3322 = VERTEX_POINT ( 'NONE', #2622 ) ;
#3323 = CARTESIAN_POINT ( 'NONE',  ( 0.03832471526136906800, 0.09252404735808419900, -0.1681249999999998600 ) ) ;
#3324 = EDGE_LOOP ( 'NONE', ( #2776, #1913, #1648, #2837 ) ) ;
#3325 = CARTESIAN_POINT ( 'NONE',  ( -0.03832471526136901900, 0.09252404735808418500, -0.2556249999999998800 ) ) ;
#3326 = ORIENTED_EDGE ( 'NONE', *, *, #3075, .T. ) ;
#3327 = CARTESIAN_POINT ( 'NONE',  ( -0.09252404735808418500, 1.690227475583728000E-018, 0.1537500000000001600 ) ) ;
#3328 = CARTESIAN_POINT ( 'NONE',  ( -0.1277063293868266600, 0.05289769363290935900, -0.3759374999999999800 ) ) ;
#3329 = CARTESIAN_POINT ( 'NONE',  ( 0.06542438130972659500, -0.06542438130972662300, 0.02250000000000010000 ) ) ;
#3330 = DIRECTION ( 'NONE',  ( -0.0000000000000000000, -0.0000000000000000000, 1.000000000000000000 ) ) ;
#3331 = CARTESIAN_POINT ( 'NONE',  ( 0.1249999999999996500, -0.05177669529663748300, -0.2556249999999998800 ) ) ;
#3332 = LINE ( 'NONE', #1625, #1062 ) ;
#3333 = CARTESIAN_POINT ( 'NONE',  ( -1.563951475144348500E-017, -0.1277063293868266600, -0.06343749999999980000 ) ) ;
#3334 = B_SPLINE_CURVE_WITH_KNOTS ( 'NONE', 3,
 ( #1803, #1509, #324, #2438, #2134, #3036 ),
 .UNSPECIFIED., .F., .F.,
 ( 4, 2, 4 ),
 ( 0.007839111724385131000, 0.009231672852109740200, 0.01062423397983434900 ),
 .UNSPECIFIED. ) ;
#3335 = CARTESIAN_POINT ( 'NONE',  ( -0.08838834764831854400, -0.08838834764831853000, 0.02875000000000008100 ) ) ;
#3336 = CARTESIAN_POINT ( 'NONE',  ( -0.06542438130972659500, -0.06542438130972659500, -0.09624999999999982200 ) ) ;
#3337 = CIRCLE ( 'NONE', #118, 0.1250000000000001900 ) ;
#3338 = ORIENTED_EDGE ( 'NONE', *, *, #408, .T. ) ;
#3339 = CARTESIAN_POINT ( 'NONE',  ( 0.03832471526136907400, 0.09252404735808418500, -0.2118749999999998700 ) ) ;
#3340 = EDGE_CURVE ( 'NONE', #2164, #688, #549, .T. ) ;
#3341 = ORIENTED_EDGE ( 'NONE', *, *, #1601, .T. ) ;
#3342 = CARTESIAN_POINT ( 'NONE',  ( 0.0000000000000000000, 0.09252404735808418500, 0.1412500000000001500 ) ) ;
#3343 = CARTESIAN_POINT ( 'NONE',  ( 0.1277063293868266300, -0.05289769363290944300, -0.3509375000000000100 ) ) ;
#3344 = CARTESIAN_POINT ( 'NONE',  ( 0.0000000000000000000, 0.09252404735808419900, 0.1412500000000001500 ) ) ;
#3345 = DIRECTION ( 'NONE',  ( -0.0000000000000000000, -0.0000000000000000000, 1.000000000000000000 ) ) ;
#3346 = CARTESIAN_POINT ( 'NONE',  ( -0.05177669529663697000, -0.1250000000000001400, -0.2681249999999999500 ) ) ;
#3347 = CARTESIAN_POINT ( 'NONE',  ( 0.0000000000000000000, 0.1277063293868266600, -0.03843749999999978400 ) ) ;
#3348 = CARTESIAN_POINT ( 'NONE',  ( 0.1641250000000000200, 0.0000000000000000000, 0.3759999999999999500 ) ) ;
#3349 = CARTESIAN_POINT ( 'NONE',  ( -0.09252404735808419900, 0.03832471526136901200, 0.04437500000000019900 ) ) ;
#3350 = CARTESIAN_POINT ( 'NONE',  ( 0.09252404735808419900, -2.097162821266345700E-017, -0.07124999999999988300 ) ) ;
#3351 = CARTESIAN_POINT ( 'NONE',  ( -0.03832471526136901200, 0.09252404735808419900, 0.1443750000000001400 ) ) ;
#3352 = CARTESIAN_POINT ( 'NONE',  ( -0.09030201150986802400, -0.09030201150986801000, -0.3665625000000000100 ) ) ;
#3353 = CARTESIAN_POINT ( 'NONE',  ( 0.08701363076681688200, -0.03203012813151788500, 0.02077305344105825600 ) ) ;
#3354 = CARTESIAN_POINT ( 'NONE',  ( -0.1131638176551611800, -0.01165213419203665000, -0.3638880776594278800 ) ) ;
#3355 = CARTESIAN_POINT ( 'NONE',  ( -0.07183883327588953800, 0.07649884101465026500, 0.05430524034940970000 ) ) ;
#3356 = CARTESIAN_POINT ( 'NONE',  ( -0.1277063293868266600, -0.05289769363290934600, 0.2271875000000002400 ) ) ;
#3357 = CARTESIAN_POINT ( 'NONE',  ( 0.1250000000000001400, -2.693736393049096500E-017, -0.2462499999999998300 ) ) ;
#3358 = CARTESIAN_POINT ( 'NONE',  ( -0.06542438130972659500, -0.06542438130972659500, -0.04624999999999981200 ) ) ;
#3359 = EDGE_CURVE ( 'NONE', #972, #2096, #711, .T. ) ;
#3360 = CARTESIAN_POINT ( 'NONE',  ( 0.09252404735808419900, 0.03832471526136902600, -0.3243749999999998600 ) ) ;
#3361 = CARTESIAN_POINT ( 'NONE',  ( -0.09252404735808419900, 0.03832471526136901200, 0.1943750000000001600 ) ) ;
#3362 = CARTESIAN_POINT ( 'NONE',  ( 0.09252404735808418500, -0.03832471526136906100, -0.3306249999999998400 ) ) ;
#3363 = CARTESIAN_POINT ( 'NONE',  ( -0.1250000000000001400, 3.678806048192898800E-018, -0.3212499999999998100 ) ) ;
#3364 = CARTESIAN_POINT ( 'NONE',  ( 0.1130295750348598200, -0.03790627235556728900, -0.3585425315959676100 ) ) ;
#3365 = ORIENTED_EDGE ( 'NONE', *, *, #3597, .T. ) ;
#3366 = CIRCLE ( 'NONE', #2502, 0.2800000000000000300 ) ;
#3367 = CARTESIAN_POINT ( 'NONE',  ( 0.0000000000000000000, 0.1277063293868266600, 0.2615625000000002000 ) ) ;
#3368 = CARTESIAN_POINT ( 'NONE',  ( 0.09374999999999995800, 0.1623797632095822800, 0.3899999999999999600 ) ) ;
#3369 = CARTESIAN_POINT ( 'NONE',  ( 0.1250000000000001400, -2.693736393049096200E-017, -0.05249999999999990100 ) ) ;
#3370 = EDGE_LOOP ( 'NONE', ( #2821, #2376, #1811 ) ) ;
#3371 = CARTESIAN_POINT ( 'NONE',  ( -0.06542438130972659500, 0.06542438130972659500, -0.008749999999999872500 ) ) ;
#3372 = ORIENTED_EDGE ( 'NONE', *, *, #1273, .F. ) ;
#3373 =( BOUNDED_CURVE ( )  B_SPLINE_CURVE ( 2, ( #1468, #3236, #2944, #1501, #3268, #2653, #1484, #3852, #1180, #880, #1517, #3821, #250, #569, #2379, #1162, #2956, #3249, #3570, #894, #2636, #1192, #3220, #3555, #2339, #1797, #553, #1454, #3528, #15, #1755, #2751, #1562, #1547, #1850, #3587, #1248, #1810, #68, #978, #2141, #3609, #2704, #3325, #1838, #29, #941, #621, #357, #2114, #347, #2442, #3312, #668, #3284, #2732, #678, #3339, #57, #922, #2128, #2101, #3017, #317, #2693, #3001, #3625, #335, #2402, #1236, #77, #964, #1528, #1275, #3598, #1824, #1863, #42, #1261, #3028, #2152, #2417, #634, #3052, #2433, #3301, #650, #1573, #375, #3041, #2716, #3638, #953, #2453, #1287, #2162, #1887, #1602, #387, #1586, #103, #1297, #3350, #3063, #3659, #3649, #691, #2176, #1876, #89, #2468, #2762, #992, #1705, #3478, #3811, #2325, #528, #2888, #517, #201, #2899, #3768, #3193, #1990, #1108, #3181, #2577, #826, #2020, #2297, #1123, #1417 ),
 .UNSPECIFIED., .F., .F. ) 
 B_SPLINE_CURVE_WITH_KNOTS ( ( 3, 2, 2, 2, 2, 2, 2, 2, 2, 2, 2, 2, 2, 2, 2, 2, 2, 2, 2, 2, 2, 2, 2, 2, 2, 2, 2, 2, 2, 2, 2, 2, 2, 2, 2, 2, 2, 2, 2, 2, 2, 2, 2, 2, 2, 2, 2, 2, 2, 2, 2, 2, 2, 2, 2, 2, 2, 2, 2, 2, 2, 2, 2, 2, 2, 2, 3 ),
 ( 0.03650332190581902200, 0.03846153846153846400, 0.04807692307692308000, 0.05769230769230769600, 0.06730769230769230400, 0.07692307692307692700, 0.08653846153846153600, 0.09615384615384617300, 0.1057692307692307700, 0.1153846153846153900, 0.1250000000000000000, 0.1346153846153846100, 0.1442307692307692200, 0.1538461538461538500, 0.1634615384615384400, 0.1730769230769230700, 0.1826923076923076500, 0.1923076923076922900, 0.2019230769230769300, 0.2115384615384615100, 0.2211538461538461500, 0.2307692307692307800, 0.2403846153846153600, 0.2500000000000000000, 0.2596153846153846400, 0.2692307692307692200, 0.2788461538461538500, 0.2884615384615384400, 0.2980769230769230700, 0.3076923076923077100, 0.3173076923076922900, 0.3269230769230769300, 0.3365384615384615600, 0.3461538461538461500, 0.3557692307692307800, 0.3653846153846153600, 0.3750000000000000000, 0.3846153846153846400, 0.3942307692307692200, 0.4038461538461538500, 0.4134615384615384400, 0.4230769230769230700, 0.4326923076923077100, 0.4423076923076922900, 0.4519230769230769300, 0.4615384615384615600, 0.4711538461538460900, 0.4807692307692308400, 0.4903846153846153600, 0.5000000000000000000, 0.5096153846153845800, 0.5192307692307692700, 0.5288461538461539700, 0.5384615384615384400, 0.5480769230769231300, 0.5576923076923077100, 0.5673076923076922900, 0.5769230769230768700, 0.5865384615384615600, 0.5961538461538461500, 0.6057692307692307300, 0.6153846153846154200, 0.6250000000000000000, 0.6346153846153845800, 0.6442307692307692700, 0.6538461538461538500, 0.6607382229421724400 ),
 .UNSPECIFIED. ) 
 CURVE ( )  GEOMETRIC_REPRESENTATION_ITEM ( )  RATIONAL_B_SPLINE_CURVE ( ( 0.9753096629729539600, 0.9844977225947878500, 1.000000000000000000, 0.9238795325112867400, 1.000000000000000000, 0.9238795325112867400, 1.000000000000000000, 0.9238795325112867400, 1.000000000000000000, 0.9238795325112867400, 1.000000000000000000, 0.9238795325112867400, 1.000000000000000000, 0.9238795325112867400, 1.000000000000000000, 0.9238795325112867400, 1.000000000000000000, 0.9238795325112867400, 1.000000000000000000, 0.9238795325112867400, 1.000000000000000000, 0.9238795325112867400, 1.000000000000000000, 0.9238795325112867400, 1.000000000000000000, 0.9238795325112867400, 1.000000000000000000, 0.9238795325112867400, 1.000000000000000000, 0.9238795325112867400, 1.000000000000000000, 0.9238795325112867400, 1.000000000000000000, 0.9238795325112867400, 1.000000000000000000, 0.9238795325112867400, 1.000000000000000000, 0.9238795325112867400, 1.000000000000000000, 0.9238795325112867400, 1.000000000000000000, 0.9238795325112867400, 1.000000000000000000, 0.9238795325112867400, 1.000000000000000000, 0.9238795325112867400, 1.000000000000000000, 0.9238795325112867400, 1.000000000000000000, 0.9238795325112867400, 1.000000000000000000, 0.9238795325112867400, 1.000000000000000000, 0.9238795325112867400, 1.000000000000000000, 0.9238795325112867400, 1.000000000000000000, 0.9238795325112867400, 1.000000000000000000, 0.9238795325112867400, 1.000000000000000000, 0.9238795325112867400, 1.000000000000000000, 0.9238795325112867400, 1.000000000000000000, 0.9238795325112867400, 1.000000000000000000, 0.9238795325112867400, 1.000000000000000000, 0.9238795325112867400, 1.000000000000000000, 0.9238795325112867400, 1.000000000000000000, 0.9238795325112867400, 1.000000000000000000, 0.9238795325112867400, 1.000000000000000000, 0.9238795325112867400, 1.000000000000000000, 0.9238795325112867400, 1.000000000000000000, 0.9238795325112867400, 1.000000000000000000, 0.9238795325112867400, 1.000000000000000000, 0.9238795325112867400, 1.000000000000000000, 0.9238795325112867400, 1.000000000000000000, 0.9238795325112867400, 1.000000000000000000, 0.9238795325112867400, 1.000000000000000000, 0.9238795325112867400, 1.000000000000000000, 0.9238795325112867400, 1.000000000000000000, 0.9238795325112867400, 1.000000000000000000, 0.9238795325112867400, 1.000000000000000000, 0.9238795325112867400, 1.000000000000000000, 0.9238795325112867400, 1.000000000000000000, 0.9238795325112867400, 1.000000000000000000, 0.9238795325112867400, 1.000000000000000000, 0.9238795325112867400, 1.000000000000000000, 0.9238795325112867400, 1.000000000000000000, 0.9238795325112867400, 1.000000000000000000, 0.9238795325112867400, 1.000000000000000000, 0.9238795325112867400, 1.000000000000000000, 0.9238795325112867400, 1.000000000000000000, 0.9238795325112867400, 1.000000000000000000, 0.9238795325112867400, 1.000000000000000000, 0.9238795325112867400, 1.000000000000000000, 0.9238795325112867400, 1.000000000000000000, 0.9238795325112867400, 1.000000000000000000, 0.9454387377584412300, 0.9690937932985237400 ) ) 
 REPRESENTATION_ITEM ( '' )  );
#3374 = CARTESIAN_POINT ( 'NONE',  ( -0.06542438130972659500, -0.06542438130972659500, -0.3962499999999998800 ) ) ;
#3375 = CARTESIAN_POINT ( 'NONE',  ( -0.1277063293868266600, 3.844520929243675400E-018, -0.2228124999999999400 ) ) ;
#3376 = CIRCLE ( 'NONE', #717, 0.1874999999999999700 ) ;
#3377 = CARTESIAN_POINT ( 'NONE',  ( 0.0000000000000000000, 0.09252404735808418500, -0.3149999999999998400 ) ) ;
#3378 = DIRECTION ( 'NONE',  ( 1.000000000000000000, 0.0000000000000000000, 0.0000000000000000000 ) ) ;
#3379 = CARTESIAN_POINT ( 'NONE',  ( 0.1046782740749162400, -0.05145887169222836800, -0.3611218855979295700 ) ) ;
#3380 = CARTESIAN_POINT ( 'NONE',  ( 0.1250000000000001400, -2.693736393049096200E-017, -0.2524999999999998900 ) ) ;
#3381 = LINE ( 'NONE', #3132, #3482 ) ;
#3382 = CARTESIAN_POINT ( 'NONE',  ( 0.0000000000000000000, 0.1277063293868266600, 0.1115625000000002600 ) ) ;
#3383 = ORIENTED_EDGE ( 'NONE', *, *, #1159, .T. ) ;
#3384 = CARTESIAN_POINT ( 'NONE',  ( -0.1250000000000001400, 3.678806048192898800E-018, 0.02250000000000011000 ) ) ;
#3385 = EDGE_CURVE ( 'NONE', #1232, #3388, #686, .T. ) ;
#3386 = CARTESIAN_POINT ( 'NONE',  ( 0.0000000000000000000, 0.0000000000000000000, 0.3899999999999999600 ) ) ;
#3387 = CARTESIAN_POINT ( 'NONE',  ( -0.09252404735808419900, -0.03832471526136901200, 0.05062500000000017700 ) ) ;
#3388 = VERTEX_POINT ( 'NONE', #302 ) ;
#3389 = AXIS2_PLACEMENT_3D ( 'NONE', #3523, #575, #876 ) ;
#3390 = CARTESIAN_POINT ( 'NONE',  ( -1.133092784412359100E-017, -0.09252404735808418500, 0.2162500000000001100 ) ) ;
#3391 = CARTESIAN_POINT ( 'NONE',  ( 0.1277063293868266300, -0.05289769363290944300, -0.2509374999999999200 ) ) ;
#3392 = CARTESIAN_POINT ( 'NONE',  ( 0.07913436099138229700, -0.04832103884422915600, 0.02077305344105841500 ) ) ;
#3393 = CARTESIAN_POINT ( 'NONE',  ( -0.1256945062250033600, 0.1439365939414468100, 0.3900000000000000700 ) ) ;
#3394 =( CONVERSION_BASED_UNIT ( 'INCH', #752 ) LENGTH_UNIT ( ) NAMED_UNIT ( #1397 ) );
#3395 = CARTESIAN_POINT ( 'NONE',  ( -0.01117507340399933500, 0.1019530646895153400, 0.04775732084918710800 ) ) ;
#3396 = CARTESIAN_POINT ( 'NONE',  ( -0.06542438130972659500, -0.06542438130972659500, -0.1462499999999998500 ) ) ;
#3397 = CARTESIAN_POINT ( 'NONE',  ( -0.03832471526136901900, 0.09252404735808419900, -0.4056249999999999000 ) ) ;
#3398 = DIRECTION ( 'NONE',  ( -0.7071067811865481300, 8.659560562354940300E-017, 0.7071067811865469100 ) ) ;
#3399 = CARTESIAN_POINT ( 'NONE',  ( -0.1875000000000000300, 0.1082531754730547600, -0.3900393700787401200 ) ) ;
#3400 = CARTESIAN_POINT ( 'NONE',  ( -0.1250000000000001400, 3.678806048192898800E-018, -0.2774999999999998600 ) ) ;
#3401 = CARTESIAN_POINT ( 'NONE',  ( 0.0000000000000000000, 0.1277063293868266600, -0.2353124999999999500 ) ) ;
#3402 = CARTESIAN_POINT ( 'NONE',  ( 0.09252404735808419900, -2.097162821266345700E-017, 0.2287500000000002000 ) ) ;
#3403 = CARTESIAN_POINT ( 'NONE',  ( -0.05323900560073351700, -0.1067355716979890600, -0.3588050970477858500 ) ) ;
#3404 = CARTESIAN_POINT ( 'NONE',  ( -0.01455762488767931900, -0.09137163070204353000, -0.3849759526419161400 ) ) ;
#3405 = EDGE_CURVE ( 'NONE', #1537, #55, #3373, .T. ) ;
#3406 = CARTESIAN_POINT ( 'NONE',  ( -0.05177669529663694200, 0.1250000000000001400, -0.1368749999999999100 ) ) ;
#3407 = CARTESIAN_POINT ( 'NONE',  ( -1.563951475144348500E-017, -0.1277063293868266600, 0.1365625000000002500 ) ) ;
#3408 = CARTESIAN_POINT ( 'NONE',  ( 0.08838834764831854400, 0.08838834764831851600, -0.3462499999999999500 ) ) ;
#3409 = CARTESIAN_POINT ( 'NONE',  ( 0.05177669529663691400, -0.1250000000000001900, -0.2556249999999998200 ) ) ;
#3410 = CARTESIAN_POINT ( 'NONE',  ( -0.1250000000000001400, 0.05177669529663694900, -0.2806249999999999600 ) ) ;
#3411 = CARTESIAN_POINT ( 'NONE',  ( -0.1875000000000000300, 0.1082531754730547600, 0.1886580753730950100 ) ) ;
#3412 = EDGE_CURVE ( 'NONE', #2169, #1056, #90, .T. ) ;
#3413 = ORIENTED_EDGE ( 'NONE', *, *, #1953, .T. ) ;
#3414 = ORIENTED_EDGE ( 'NONE', *, *, #13, .F. ) ;
#3415 = CARTESIAN_POINT ( 'NONE',  ( 0.1277063293868266300, -0.05289769363290944300, -0.3009374999999999700 ) ) ;
#3416 = VERTEX_POINT ( 'NONE', #1721 ) ;
#3417 = CARTESIAN_POINT ( 'NONE',  ( -0.09252404735808418500, 0.03832471526136900500, -0.1056249999999998600 ) ) ;
#3418 = AXIS2_PLACEMENT_3D ( 'NONE', #624, #2796, #926 ) ;
#3419 = CARTESIAN_POINT ( 'NONE',  ( 0.09726361141556944000, -1.794633416050685300E-015, -0.3802363885844306000 ) ) ;
#3420 = CARTESIAN_POINT ( 'NONE',  ( 0.05177669529663691400, -0.1250000000000001900, -0.1556249999999998500 ) ) ;
#3421 = CARTESIAN_POINT ( 'NONE',  ( -0.1066528771661669600, 0.01336518916303727600, 0.06131163357112985600 ) ) ;
#3422 = EDGE_LOOP ( 'NONE', ( #1151, #2820, #865, #2300 ) ) ;
#3423 = CARTESIAN_POINT ( 'NONE',  ( 0.03832471526136907400, 0.09252404735808419900, -0.3118749999999999600 ) ) ;
#3424 = CARTESIAN_POINT ( 'NONE',  ( -0.1250000000000001900, 0.0000000000000000000, 0.1099999999999999900 ) ) ;
#3425 = CARTESIAN_POINT ( 'NONE',  ( 0.05177669529663691400, -0.1250000000000001900, -0.1056249999999998600 ) ) ;
#3426 = CARTESIAN_POINT ( 'NONE',  ( 0.09252404735808419900, -0.03832471526136906100, 0.2193750000000002400 ) ) ;
#3427 = VECTOR ( 'NONE', #3753, 39.37007874015748100 ) ;
#3428 =( BOUNDED_CURVE ( )  B_SPLINE_CURVE ( 2, ( #493, #1099, #3173, #3775, #1946, #2227, #759, #159, #2836 ),
 .UNSPECIFIED., .F., .F. ) 
 B_SPLINE_CURVE_WITH_KNOTS ( ( 3, 2, 2, 2, 3 ),
 ( 0.7115384615384615600, 0.7211538461538461500, 0.7307692307692307300, 0.7403846153846154200, 0.7500000000000000000 ),
 .UNSPECIFIED. ) 
 CURVE ( )  GEOMETRIC_REPRESENTATION_ITEM ( )  RATIONAL_B_SPLINE_CURVE ( ( 1.000000000000000000, 0.9238795325112867400, 1.000000000000000000, 0.9238795325112867400, 1.000000000000000000, 0.9238795325112867400, 1.000000000000000000, 0.9238795325112867400, 1.000000000000000000 ) ) 
 REPRESENTATION_ITEM ( '' )  );
#3429 = FACE_OUTER_BOUND ( 'NONE', #2462, .T. ) ;
#3430 = EDGE_LOOP ( 'NONE', ( #2861, #1959 ) ) ;
#3431 = CARTESIAN_POINT ( 'NONE',  ( -0.1277063293868266600, -0.05289769363290934600, -0.2696874999999999700 ) ) ;
#3432 = CARTESIAN_POINT ( 'NONE',  ( -1.133092784412359100E-017, -0.09252404735808418500, -0.08999999999999985800 ) ) ;
#3433 = CARTESIAN_POINT ( 'NONE',  ( -0.1875000000000000300, 0.1082531754730547700, 0.3732531754730548700 ) ) ;
#3434 = CARTESIAN_POINT ( 'NONE',  ( 0.06978504879836146300, -0.08359195308190225900, -0.3688879246932034200 ) ) ;
#3435 = EDGE_LOOP ( 'NONE', ( #3016, #3584, #2876, #2834 ) ) ;
#3436 = CARTESIAN_POINT ( 'NONE',  ( -0.09252404735808419900, -0.03832471526136901200, -0.2931249999999999100 ) ) ;
#3437 = LOCAL_TIME ( 9, 34, 43.00000000000000000, #1181 ) ;
#3438 = CARTESIAN_POINT ( 'NONE',  ( 0.05177669529663691400, -0.1250000000000001900, 0.08812500000000012000 ) ) ;
#3439 = EDGE_CURVE ( 'NONE', #2670, #6, #630, .T. ) ;
#3440 = CARTESIAN_POINT ( 'NONE',  ( -0.1258109773636677500, -0.1438693492981860900, 0.2053813928108448900 ) ) ;
#3441 = CARTESIAN_POINT ( 'NONE',  ( 0.06542438130972659500, -0.06542438130972660900, 0.1162500000000001600 ) ) ;
#3442 = AXIS2_PLACEMENT_3D ( 'NONE', #1284, #3619, #1242 ) ;
#3443 = CARTESIAN_POINT ( 'NONE',  ( -0.09030201150986801000, 0.09030201150986802400, -0.02906249999999997000 ) ) ;
#3444 = CARTESIAN_POINT ( 'NONE',  ( -0.06542438130972659500, 0.06542438130972659500, -0.2587499999999998700 ) ) ;
#3445 = CARTESIAN_POINT ( 'NONE',  ( 0.1250000000000001400, -2.693736393049096200E-017, -0.1524999999999998900 ) ) ;
#3446 = CARTESIAN_POINT ( 'NONE',  ( -0.1250000000000001400, 1.159014580413101600E-017, 0.3899999999999999600 ) ) ;
#3447 = DIRECTION ( 'NONE',  ( 0.0000000000000000000, 0.0000000000000000000, -1.000000000000000000 ) ) ;
#3448 = CARTESIAN_POINT ( 'NONE',  ( -0.06542438130972660900, -0.06542438130972659500, -0.2899999999999999200 ) ) ;
#3449 = CARTESIAN_POINT ( 'NONE',  ( 0.1220959020935066000, -0.01551786498702150500, 0.1040328010295447900 ) ) ;
#3450 = CARTESIAN_POINT ( 'NONE',  ( -0.1875000000000000300, -0.1082531754730739800, 0.3732531754730676900 ) ) ;
#3451 = CARTESIAN_POINT ( 'NONE',  ( -0.1095493371825469000, 0.1532580116342211200, 0.2050192523678380500 ) ) ;
#3452 = CARTESIAN_POINT ( 'NONE',  ( -0.09252404735808419900, -0.03832471526136901200, 0.1506250000000002000 ) ) ;
#3453 = CARTESIAN_POINT ( 'NONE',  ( -0.1277063293868266600, 3.844520929243675400E-018, 0.02718750000000007600 ) ) ;
#3454 = CARTESIAN_POINT ( 'NONE',  ( 0.0000000000000000000, 0.1250000000000001900, 0.1099999999999999900 ) ) ;
#3455 = CARTESIAN_POINT ( 'NONE',  ( -0.06542438130972659500, -0.06542438130972659500, -0.2462499999999998600 ) ) ;
#3456 = CARTESIAN_POINT ( 'NONE',  ( -0.04581573407937791100, 0.08682799430833590400, 0.03573939307437742900 ) ) ;
#3457 =( NAMED_UNIT ( * ) SI_UNIT ( $, .STERADIAN. ) SOLID_ANGLE_UNIT ( ) );
#3458 = EDGE_CURVE ( 'NONE', #79, #1260, #461, .T. ) ;
#3459 = CARTESIAN_POINT ( 'NONE',  ( -0.1016523777985724900, 0.03273648908250706400, 0.05940799182296921400 ) ) ;
#3460 = CARTESIAN_POINT ( 'NONE',  ( 0.0000000000000000000, 0.09252404735808419900, -0.2087499999999998800 ) ) ;
#3461 = DIRECTION ( 'NONE',  ( -0.0000000000000000000, -0.0000000000000000000, 1.000000000000000000 ) ) ;
#3462 = CARTESIAN_POINT ( 'NONE',  ( -0.09252404735808419900, -0.03832471526136901200, -0.3931249999999999500 ) ) ;
#3463 = CARTESIAN_POINT ( 'NONE',  ( 0.05177669529663725400, 0.1249999999999998600, 0.1068750000000001100 ) ) ;
#3464 = ORIENTED_EDGE ( 'NONE', *, *, #1038, .F. ) ;
#3465 = CARTESIAN_POINT ( 'NONE',  ( 0.08838834764831854400, 0.08838834764831853000, -0.1399999999999997900 ) ) ;
#3466 = CYLINDRICAL_SURFACE ( 'NONE', #3147, 0.1250000000000001400 ) ;
#3467 = EDGE_LOOP ( 'NONE', ( #1633, #2356, #2582, #1477, #2142, #356, #139, #649, #1100, #3113, #3245, #173, #1346, #206, #2580, #1316, #1609, #1390, #3010, #1175, #3569, #1779, #509, #3413, #2070, #330, #100, #2969, #1631, #1999 ) ) ;
#3468 = ORIENTED_EDGE ( 'NONE', *, *, #44, .F. ) ;
#3469 = CARTESIAN_POINT ( 'NONE',  ( -0.05289769363290936600, -0.1277063293868266600, -0.06343749999999993800 ) ) ;
#3470 = CARTESIAN_POINT ( 'NONE',  ( 0.008063974000287459100, 0.1247757256366775200, 0.1093838112510120600 ) ) ;
#3471 = CARTESIAN_POINT ( 'NONE',  ( -0.03832471526136901900, -0.09252404735808418500, -0.1931249999999998800 ) ) ;
#3472 = AXIS2_PLACEMENT_3D ( 'NONE', #2009, #1703, #537 ) ;
#3473 = CARTESIAN_POINT ( 'NONE',  ( 0.07002444499440591000, 0.06425477030397854000, 0.02709386244890064900 ) ) ;
#3474 = DIRECTION ( 'NONE',  ( 0.0000000000000000000, 0.0000000000000000000, 1.000000000000000000 ) ) ;
#3475 = CARTESIAN_POINT ( 'NONE',  ( -0.1250000000000001400, 3.678806048192898800E-018, -0.2774999999999998600 ) ) ;
#3476 = FACE_OUTER_BOUND ( 'NONE', #1361, .T. ) ;
#3477 = CARTESIAN_POINT ( 'NONE',  ( -0.09252404735808419900, 0.03832471526136901900, -0.2993749999999998900 ) ) ;
#3478 = CARTESIAN_POINT ( 'NONE',  ( -1.133092784412359400E-017, -0.09252404735808419900, -0.03374999999999987700 ) ) ;
#3479 = CARTESIAN_POINT ( 'NONE',  ( 0.09252404735808418500, -2.097162821266345400E-017, -0.3712499999999999100 ) ) ;
#3480 = CARTESIAN_POINT ( 'NONE',  ( 0.08838834764831854400, 0.08838834764831851600, 0.1037500000000001100 ) ) ;
#3481 = DIRECTION ( 'NONE',  ( 0.0000000000000000000, 0.0000000000000000000, 1.000000000000000000 ) ) ;
#3482 = VECTOR ( 'NONE', #3398, 39.37007874015748100 ) ;
#3483 = CARTESIAN_POINT ( 'NONE',  ( -1.133092784412359400E-017, -0.09252404735808419900, 0.01625000000000013200 ) ) ;
#3484 = ORIENTED_EDGE ( 'NONE', *, *, #3458, .T. ) ;
#3485 = ORIENTED_EDGE ( 'NONE', *, *, #2126, .F. ) ;
#3486 = CARTESIAN_POINT ( 'NONE',  ( 0.05289769363290944300, 0.1277063293868266300, 0.06156250000000011700 ) ) ;
#3487 = CARTESIAN_POINT ( 'NONE',  ( 0.05431570440144102600, -0.07490329495353517700, -0.3849759526419160900 ) ) ;
#3488 = CARTESIAN_POINT ( 'NONE',  ( -0.09252404735808418500, 0.03832471526136900500, -0.05562499999999983400 ) ) ;
#3489 = CARTESIAN_POINT ( 'NONE',  ( 0.0000000000000000000, 0.0000000000000000000, 0.3899999999999999600 ) ) ;
#3490 = CARTESIAN_POINT ( 'NONE',  ( 0.04951933698801391100, -0.07815711486351399600, 0.02077305344105831800 ) ) ;
#3491 = CARTESIAN_POINT ( 'NONE',  ( -0.03832471526136901900, 0.09252404735808419900, -0.1056249999999998900 ) ) ;
#3492 = CARTESIAN_POINT ( 'NONE',  ( 0.09252404735808419900, 0.03832471526136902600, -0.2181249999999998700 ) ) ;
#3493 = EDGE_CURVE ( 'NONE', #226, #2127, #2052, .T. ) ;
#3494 = CARTESIAN_POINT ( 'NONE',  ( 0.0000000000000000000, -3.717939185210915300E-018, 0.1374507732164213800 ) ) ;
#3495 = CARTESIAN_POINT ( 'NONE',  ( -0.1250000000000001400, -0.05177669529663693500, -0.06812499999999983800 ) ) ;
#3496 = AXIS2_PLACEMENT_3D ( 'NONE', #724, #409, #2487 ) ;
#3497 = CARTESIAN_POINT ( 'NONE',  ( -0.09030201150986802400, -0.09030201150986801000, -0.01656249999999997000 ) ) ;
#3498 = DIRECTION ( 'NONE',  ( -0.0000000000000000000, -0.0000000000000000000, 1.000000000000000000 ) ) ;
#3499 = CARTESIAN_POINT ( 'NONE',  ( 0.1250000000000001400, -2.693736393049096200E-017, -0.1024999999999998800 ) ) ;
#3500 =( BOUNDED_CURVE ( )  B_SPLINE_CURVE ( 2, ( #3369, #2522, #1645, #1942, #3705, #1654, #3124, #2514, #1909 ),
 .UNSPECIFIED., .F., .F. ) 
 B_SPLINE_CURVE_WITH_KNOTS ( ( 3, 2, 2, 2, 3 ),
 ( 0.4807692307692307800, 0.4903846153846154700, 0.5000000000000001100, 0.5096153846153846900, 0.5192307692307692700 ),
 .UNSPECIFIED. ) 
 CURVE ( )  GEOMETRIC_REPRESENTATION_ITEM ( )  RATIONAL_B_SPLINE_CURVE ( ( 0.9999999999999995600, 0.9238795325112871800, 1.000000000000000000, 0.9238795325112867400, 1.000000000000000000, 0.9238795325112867400, 1.000000000000000000, 0.9238795325112858500, 1.000000000000000900 ) ) 
 REPRESENTATION_ITEM ( '' )  );
#3501 = CARTESIAN_POINT ( 'NONE',  ( 0.09476011862845655500, -0.06889263051851751700, 0.08779781933803688900 ) ) ;
#3502 = CARTESIAN_POINT ( 'NONE',  ( 0.09252404735808419900, -2.097162821266345700E-017, -0.02124999999999987700 ) ) ;
#3503 = CARTESIAN_POINT ( 'NONE',  ( -0.08706435598071250700, -0.07910054085499074200, 0.08903987835369697700 ) ) ;
#3504 = CARTESIAN_POINT ( 'NONE',  ( -0.03832471526136901900, -0.09252404735808419900, -0.2368749999999998900 ) ) ;
#3505 = CARTESIAN_POINT ( 'NONE',  ( -0.05177669529663694200, 0.1250000000000001400, 0.01312500000000009500 ) ) ;
#3506 = DIRECTION ( 'NONE',  ( 0.0000000000000000000, 0.0000000000000000000, -1.000000000000000000 ) ) ;
#3507 = CARTESIAN_POINT ( 'NONE',  ( 0.1250000000000001400, -3.717939185210915300E-018, 0.3899999999999999600 ) ) ;
#3508 = DIRECTION ( 'NONE',  ( -0.0000000000000000000, -0.0000000000000000000, 1.000000000000000000 ) ) ;
#3509 = ORIENTED_EDGE ( 'NONE', *, *, #2067, .F. ) ;
#3510 = CARTESIAN_POINT ( 'NONE',  ( -0.1250000000000001400, 3.678806048192898800E-018, -0.07124999999999984100 ) ) ;
#3511 = CARTESIAN_POINT ( 'NONE',  ( 0.06542438130972660900, 0.06542438130972656800, -0.07124999999999982700 ) ) ;
#3512 = CARTESIAN_POINT ( 'NONE',  ( 0.1250000000000003300, -0.05177669529663679600, -0.1993749999999998300 ) ) ;
#3513 = EDGE_CURVE ( 'NONE', #1987, #2122, #1244, .T. ) ;
#3514 = ORIENTED_EDGE ( 'NONE', *, *, #2568, .T. ) ;
#3515 = CARTESIAN_POINT ( 'NONE',  ( -0.02493106595039291200, -0.1101348499902472000, 0.07614760898041561500 ) ) ;
#3516 = FACE_OUTER_BOUND ( 'NONE', #3184, .T. ) ;
#3517 = CARTESIAN_POINT ( 'NONE',  ( 0.06542438130972662300, 0.06542438130972659500, -0.01499999999999984000 ) ) ;
#3518 = CARTESIAN_POINT ( 'NONE',  ( 0.1874999999999999400, 0.1082531754730548400, 0.3732531754730548700 ) ) ;
#3519 = CARTESIAN_POINT ( 'NONE',  ( 0.09252404735808419900, -0.03832471526136906100, -0.3243749999999998600 ) ) ;
#3520 = CARTESIAN_POINT ( 'NONE',  ( -0.08595861239645404000, -0.1668781229398501900, 0.2054106943766594300 ) ) ;
#3521 = CARTESIAN_POINT ( 'NONE',  ( -0.09252404735808418500, 1.690227475583728000E-018, -0.3024999999999998200 ) ) ;
#3522 = AXIS2_PLACEMENT_3D ( 'NONE', #2223, #3719, #3754 ) ;
#3523 = CARTESIAN_POINT ( 'NONE',  ( 0.0000000000000000000, -3.717939185210915300E-018, 0.3899999999999999600 ) ) ;
#3524 = FACE_OUTER_BOUND ( 'NONE', #3801, .T. ) ;
#3525 = CARTESIAN_POINT ( 'NONE',  ( -0.05289769363290934600, 0.1277063293868266600, -0.3853124999999998400 ) ) ;
#3526 = CARTESIAN_POINT ( 'NONE',  ( 0.06211008917029057400, 0.1806470742442506700, 0.2034928437216622900 ) ) ;
#3527 = CARTESIAN_POINT ( 'NONE',  ( 8.233106465020367100E-018, -0.2165063509461095700, 0.3732531754730549200 ) ) ;
#3528 = CARTESIAN_POINT ( 'NONE',  ( -0.06542438130972659500, 0.06542438130972660900, -0.3024999999999999400 ) ) ;
#3529 = VECTOR ( 'NONE', #2249, 39.37007874015748100 ) ;
#3530 = VERTEX_POINT ( 'NONE', #19 ) ;
#3531 = CARTESIAN_POINT ( 'NONE',  ( -0.03832471526136901900, 0.09252404735808419900, -0.005624999999999887900 ) ) ;
#3532 = CARTESIAN_POINT ( 'NONE',  ( -7.352489739537068200E-018, -0.2165063509461095700, 0.1886580753730950400 ) ) ;
#3533 = CARTESIAN_POINT ( 'NONE',  ( -0.06542438130972659500, 0.06542438130972659500, -0.1024999999999999000 ) ) ;
#3534 = ORIENTED_EDGE ( 'NONE', *, *, #1835, .T. ) ;
#3535 = CARTESIAN_POINT ( 'NONE',  ( -0.07108305894736173500, 0.08874292135986905400, 0.07831594854249311600 ) ) ;
#3536 = CARTESIAN_POINT ( 'NONE',  ( -0.06542438130972659500, -0.06542438130972659500, -0.2462499999999998600 ) ) ;
#3537 = TOROIDAL_SURFACE ( 'NONE', #2362, 0.2548000000000000300, 0.02520000000000000000 ) ;
#3538 = CARTESIAN_POINT ( 'NONE',  ( -0.1277063293868266600, -0.05289769363290934600, -0.1728124999999998100 ) ) ;
#3539 = ADVANCED_FACE ( 'NONE', ( #1355 ), #8, .T. ) ;
#3540 = CARTESIAN_POINT ( 'NONE',  ( -0.09030201150986802400, -0.09030201150986801000, 0.1334375000000000700 ) ) ;
#3541 = CARTESIAN_POINT ( 'NONE',  ( 0.08440580810062886500, -0.04644295451882434600, 0.01843884463800132800 ) ) ;
#3542 = DIRECTION ( 'NONE',  ( -0.0000000000000000000, -0.0000000000000000000, 1.000000000000000000 ) ) ;
#3543 = CARTESIAN_POINT ( 'NONE',  ( -0.003874375930827453100, -0.1043869113245577700, 0.05295345818315384100 ) ) ;
#3544 = CARTESIAN_POINT ( 'NONE',  ( -0.09252404735808419900, 0.03832471526136901900, -0.09937499999999988000 ) ) ;
#3545 = CARTESIAN_POINT ( 'NONE',  ( -0.1875000000000000300, -0.01831785250591525700, 0.2054048999000400400 ) ) ;
#3546 = CARTESIAN_POINT ( 'NONE',  ( -1.133092784412359100E-017, -0.09252404735808418500, -0.03374999999999987700 ) ) ;
#3547 = EDGE_CURVE ( 'NONE', #495, #1024, #788, .T. ) ;
#3548 = CARTESIAN_POINT ( 'NONE',  ( 0.0000000000000000000, -3.717939185210915300E-018, 0.3899999999999999600 ) ) ;
#3549 = CARTESIAN_POINT ( 'NONE',  ( -0.09252404735808418500, 1.690227475583728000E-018, -0.3524999999999998700 ) ) ;
#3550 = CARTESIAN_POINT ( 'NONE',  ( 0.0000000000000000000, 0.1277063293868266600, -0.1384374999999997700 ) ) ;
#3551 = CARTESIAN_POINT ( 'NONE',  ( 0.1197317663497289200, 0.03228484277130779700, 0.1065461188938456600 ) ) ;
#3552 = CC_DESIGN_PERSON_AND_ORGANIZATION_ASSIGNMENT ( #2474, #2896, ( #2477 ) ) ;
#3553 =( BOUNDED_CURVE ( )  B_SPLINE_CURVE ( 2, ( #149, #749, #136, #2211, #424, #3409, #3731, #1318, #435 ),
 .UNSPECIFIED., .F., .F. ) 
 B_SPLINE_CURVE_WITH_KNOTS ( ( 3, 2, 2, 2, 3 ),
 ( 0.2500000000000000000, 0.2596153846153846400, 0.2692307692307692700, 0.2788461538461539100, 0.2884615384615384900 ),
 .UNSPECIFIED. ) 
 CURVE ( )  GEOMETRIC_REPRESENTATION_ITEM ( )  RATIONAL_B_SPLINE_CURVE ( ( 1.000000000000000000, 0.9238795325112867400, 1.000000000000000000, 0.9238795325112867400, 1.000000000000000000, 0.9238795325112867400, 1.000000000000000000, 0.9238795325112862900, 1.000000000000000400 ) ) 
 REPRESENTATION_ITEM ( '' )  );
#3554 = CARTESIAN_POINT ( 'NONE',  ( -0.1277063293868266600, -0.05289769363290934600, 0.08031250000000007800 ) ) ;
#3555 = CARTESIAN_POINT ( 'NONE',  ( 0.09252404735808418500, 0.03832471526136903300, -0.3181249999999998800 ) ) ;
#3556 = CARTESIAN_POINT ( 'NONE',  ( 0.0000000000000000000, 0.0000000000000000000, 0.3899999999999999600 ) ) ;
#3557 = CARTESIAN_POINT ( 'NONE',  ( -0.09252404735808419900, -0.03832471526136901200, 0.1006250000000001600 ) ) ;
#3558 = ADVANCED_FACE ( 'NONE', ( #2542 ), #2278, .T. ) ;
#3559 = CARTESIAN_POINT ( 'NONE',  ( -0.1875000000000000600, -0.07264891038030492400, 0.1979962141104664500 ) ) ;
#3560 = CARTESIAN_POINT ( 'NONE',  ( 0.06542438130972660900, 0.06542438130972656800, -0.1149999999999998700 ) ) ;
#3561 = CARTESIAN_POINT ( 'NONE',  ( -0.1250000000000001400, 3.678806048192898800E-018, 0.02250000000000011000 ) ) ;
#3562 = CARTESIAN_POINT ( 'NONE',  ( 0.0000000000000000000, 0.1277063293868266600, -0.2884374999999997900 ) ) ;
#3563 = VERTEX_POINT ( 'NONE', #2061 ) ;
#3564 = CARTESIAN_POINT ( 'NONE',  ( -0.1250000000000001400, 3.678806048192898800E-018, -0.02749999999999990000 ) ) ;
#3565 = CONICAL_SURFACE ( 'NONE', #205, 0.1250000000000001900, 0.3490658503988666700 ) ;
#3566 = CARTESIAN_POINT ( 'NONE',  ( -1.563951475144348500E-017, -0.1277063293868266600, 0.1396875000000001000 ) ) ;
#3567 = VERTEX_POINT ( 'NONE', #2961 ) ;
#3568 = CARTESIAN_POINT ( 'NONE',  ( -0.1875000000000000600, 0.03687882999704537900, 0.2037859329207419600 ) ) ;
#3569 = ORIENTED_EDGE ( 'NONE', *, *, #579, .T. ) ;
#3570 = CARTESIAN_POINT ( 'NONE',  ( -1.133092784412359400E-017, -0.09252404735808419900, -0.3337499999999998800 ) ) ;
#3571 = ORIENTED_EDGE ( 'NONE', *, *, #2538, .T. ) ;
#3572 = EDGE_CURVE ( 'NONE', #3142, #736, #3149, .T. ) ;
#3573 = CARTESIAN_POINT ( 'NONE',  ( -0.07567588044751408200, -0.06923185177943054500, 0.04774350736112537000 ) ) ;
#3574 = CARTESIAN_POINT ( 'NONE',  ( -0.06542438130972659500, 0.06542438130972659500, 0.04125000000000014100 ) ) ;
#3575 = CARTESIAN_POINT ( 'NONE',  ( 0.05177669529663691400, -0.1250000000000001900, 0.09437500000000020900 ) ) ;
#3576 = ORIENTED_EDGE ( 'NONE', *, *, #2901, .T. ) ;
#3577 = CARTESIAN_POINT ( 'NONE',  ( -0.09252404735808418500, 1.690227475583728000E-018, -0.09624999999999989100 ) ) ;
#3578 = CARTESIAN_POINT ( 'NONE',  ( 0.03832471526136898400, -0.09252404735808419900, -0.08687499999999986900 ) ) ;
#3579 = CARTESIAN_POINT ( 'NONE',  ( 0.09252404735808419900, -0.03832471526136906100, -0.2306249999999998600 ) ) ;
#3580 = CARTESIAN_POINT ( 'NONE',  ( -0.1277063293868266600, 3.844520929243675400E-018, -0.1259374999999997900 ) ) ;
#3581 = DIRECTION ( 'NONE',  ( 0.0000000000000000000, 0.0000000000000000000, 1.000000000000000000 ) ) ;
#3582 = ADVANCED_FACE ( 'NONE', ( #1767 ), #3037, .T. ) ;
#3583 = CARTESIAN_POINT ( 'NONE',  ( -0.09252404735808419900, 0.03832471526136901200, -0.1556249999999998700 ) ) ;
#3584 = ORIENTED_EDGE ( 'NONE', *, *, #828, .F. ) ;
#3585 = CARTESIAN_POINT ( 'NONE',  ( 0.09030201150986802400, 0.09030201150986798300, -0.3446874999999998100 ) ) ;
#3586 = CARTESIAN_POINT ( 'NONE',  ( -0.1875000000000000300, 0.09074605637814291100, 0.1937119453341861200 ) ) ;
#3587 = CARTESIAN_POINT ( 'NONE',  ( 0.03832471526136898400, -0.09252404735808421300, -0.2806249999999999000 ) ) ;
#3588 = VERTEX_POINT ( 'NONE', #3532 ) ;
#3589 = CARTESIAN_POINT ( 'NONE',  ( 0.03832471526136898400, -0.09252404735808419900, 0.01312500000000015000 ) ) ;
#3590 = DIRECTION ( 'NONE',  ( 0.0000000000000000000, 0.0000000000000000000, 1.000000000000000000 ) ) ;
#3591 = CARTESIAN_POINT ( 'NONE',  ( -0.03832471526136901900, -0.09252404735808419900, -0.1368749999999998900 ) ) ;
#3592 = DIRECTION ( 'NONE',  ( 1.000000000000000000, 0.0000000000000000000, 0.0000000000000000000 ) ) ;
#3593 = ADVANCED_FACE ( 'NONE', ( #2889 ), #2983, .T. ) ;
#3594 = CARTESIAN_POINT ( 'NONE',  ( -1.563951475144348500E-017, -0.1277063293868266600, -0.2634374999999997700 ) ) ;
#3595 = CARTESIAN_POINT ( 'NONE',  ( 0.09252404735808419900, -0.03832471526136906100, -0.1306249999999998500 ) ) ;
#3596 = CARTESIAN_POINT ( 'NONE',  ( -0.05289769363290936600, -0.1277063293868266600, -0.3665624999999997900 ) ) ;
#3597 = EDGE_CURVE ( 'NONE', #1260, #751, #1294, .T. ) ;
#3598 = CARTESIAN_POINT ( 'NONE',  ( 0.0000000000000000000, 0.09252404735808419900, -0.1587499999999998900 ) ) ;
#3599 = DIRECTION ( 'NONE',  ( -0.0000000000000000000, -0.0000000000000000000, 1.000000000000000000 ) ) ;
#3600 = CARTESIAN_POINT ( 'NONE',  ( -0.06542438130972659500, 0.06542438130972659500, -0.008749999999999872500 ) ) ;
#3601 = ADVANCED_FACE ( 'NONE', ( #281 ), #2648, .T. ) ;
#3602 = CARTESIAN_POINT ( 'NONE',  ( -0.1249999999999996800, -0.05177669529663739300, -0.01812499999999979800 ) ) ;
#3603 = CARTESIAN_POINT ( 'NONE',  ( 0.06542438130972662300, 0.06542438130972659500, 0.08500000000000011700 ) ) ;
#3604 = CARTESIAN_POINT ( 'NONE',  ( 0.04668873079213017900, 0.1007486548796987800, 0.07098647872732372100 ) ) ;
#3605 = CARTESIAN_POINT ( 'NONE',  ( -0.05289769363290934600, 0.1277063293868266600, 0.06468750000000021700 ) ) ;
#3606 = CARTESIAN_POINT ( 'NONE',  ( 0.07658778071275561300, -0.05516507192021207600, -0.3834075141815824800 ) ) ;
#3607 = CARTESIAN_POINT ( 'NONE',  ( 0.09252404735808419900, -0.03832471526136906100, -0.1806249999999999000 ) ) ;
#3608 = CARTESIAN_POINT ( 'NONE',  ( 0.0000000000000000000, 0.1277063293868266600, -0.3384374999999997800 ) ) ;
#3609 = CARTESIAN_POINT ( 'NONE',  ( 0.03832471526136907400, 0.09252404735808418500, -0.2618749999999999100 ) ) ;
#3610 = ORIENTED_EDGE ( 'NONE', *, *, #635, .T. ) ;
#3611 = CARTESIAN_POINT ( 'NONE',  ( 0.09252404735808418500, -2.097162821266345400E-017, 0.1287500000000001700 ) ) ;
#3612 = CYLINDRICAL_SURFACE ( 'NONE', #1281, 0.1250000000000001400 ) ;
#3613 = CARTESIAN_POINT ( 'NONE',  ( -0.06542438130972659500, -0.06542438130972659500, -0.04624999999999981200 ) ) ;
#3614 = CARTESIAN_POINT ( 'NONE',  ( -0.1250000000000001400, 3.678806048192898800E-018, -0.02124999999999982100 ) ) ;
#3615 = CARTESIAN_POINT ( 'NONE',  ( 0.06542438130972659500, -0.06542438130972662300, 0.1225000000000001200 ) ) ;
#3616 = CARTESIAN_POINT ( 'NONE',  ( 0.08579372237388405200, -0.1669733222387676200, 0.3900000000000001200 ) ) ;
#3617 = ORIENTED_EDGE ( 'NONE', *, *, #2770, .F. ) ;
#3618 = EDGE_LOOP ( 'NONE', ( #1556, #232, #3773, #3468 ) ) ;
#3619 = DIRECTION ( 'NONE',  ( 0.0000000000000000000, 0.0000000000000000000, -1.000000000000000000 ) ) ;
#3620 = CARTESIAN_POINT ( 'NONE',  ( 0.1277063293868266600, -2.743450857364329300E-017, -0.0009374999999997766200 ) ) ;
#3621 = B_SPLINE_CURVE_WITH_KNOTS ( 'NONE', 3,
 ( #3267, #2084, #921, #605, #2619, #1766, #3551, #2360, #565, #2389 ),
 .UNSPECIFIED., .F., .F.,
 ( 4, 2, 2, 2, 4 ),
 ( 6.133173666733496700E-019, 0.0006165860447392625600, 0.001233172089478524500, 0.001849758134217786400, 0.002466344178957048100 ),
 .UNSPECIFIED. ) ;
#3622 = EDGE_CURVE ( 'NONE', #2321, #1106, #3790, .T. ) ;
#3623 = CARTESIAN_POINT ( 'NONE',  ( 0.06542438130972659500, -0.06542438130972660900, -0.2837499999999998900 ) ) ;
#3624 = ORIENTED_EDGE ( 'NONE', *, *, #1455, .T. ) ;
#3625 = CARTESIAN_POINT ( 'NONE',  ( -1.133092784412359400E-017, -0.09252404735808419900, -0.1837499999999998900 ) ) ;
#3626 = EDGE_CURVE ( 'NONE', #1157, #971, #2191, .T. ) ;
#3627 = CARTESIAN_POINT ( 'NONE',  ( 0.09252404735808418500, -2.097162821266345400E-017, 0.1787500000000001900 ) ) ;
#3628 = CARTESIAN_POINT ( 'NONE',  ( 0.0000000000000000000, 0.1277063293868266600, -0.4353124999999999900 ) ) ;
#3629 =( BOUNDED_CURVE ( )  B_SPLINE_CURVE ( 2, ( #3068, #1607, #3712, #1027, #1890, #429, #1636, #3081, #2231, #2792, #107, #2181, #2526, #1004, #2481, #1904, #2814, #1313, #1040, #3362, #1615, #3678, #2491, #1325, #3377, #2518, #1624, #3698, #3688, #1936, #1925, #142, #741, #3115, #3734, #1702, #2562, #3761, #1692, #188, #3176, #1964, #3444, #176, #2282, #774, #3455, #3778, #2880, #2850, #484, #3151, #1374, #467, #811, #2536, #1088, #3165, #2266, #1358, #2841, #1680, #1388, #3471, #162, #786, #1671, #497, #2865, #1949, #1077, #800, #1996, #2549, #1063, #2244, #3747, #1972, #2254, #210, #2573, #762, #1985, #196, #2293, #1102, #3725, #1402, #512, #2586, #3137, #3417, #1048, #3128, #1657, #1368, #3432, #477, #3804, #2918, #847, #1161, #3511, #2652, #2932, #3234, #1115, #3488, #3820, #2337, #2059, #3219, #835, #1453, #2894, #536, #3186, #1142, #2364, #1412, #3212, #578, #1467, #3788, #224, #552, #2303, #2008, #523, #1717, #266, #3541, #236 ),
 .UNSPECIFIED., .F., .F. ) 
 B_SPLINE_CURVE_WITH_KNOTS ( ( 3, 2, 2, 2, 2, 2, 2, 2, 2, 2, 2, 2, 2, 2, 2, 2, 2, 2, 2, 2, 2, 2, 2, 2, 2, 2, 2, 2, 2, 2, 2, 2, 2, 2, 2, 2, 2, 2, 2, 2, 2, 2, 2, 2, 2, 2, 2, 2, 2, 2, 2, 2, 2, 2, 2, 2, 2, 2, 2, 2, 2, 2, 2, 2, 2, 2, 3 ),
 ( 0.04611870652120383200, 0.04807692307692308000, 0.05769230769230769600, 0.06730769230769230400, 0.07692307692307692700, 0.08653846153846153600, 0.09615384615384615900, 0.1057692307692307800, 0.1153846153846153900, 0.1250000000000000000, 0.1346153846153846100, 0.1442307692307692200, 0.1538461538461538500, 0.1634615384615384600, 0.1730769230769230700, 0.1826923076923076800, 0.1923076923076923200, 0.2019230769230769300, 0.2115384615384615400, 0.2211538461538461500, 0.2307692307692307800, 0.2403846153846153900, 0.2500000000000000000, 0.2596153846153846400, 0.2692307692307692200, 0.2788461538461538500, 0.2884615384615384400, 0.2980769230769230700, 0.3076923076923077100, 0.3173076923076922900, 0.3269230769230769300, 0.3365384615384615600, 0.3461538461538461500, 0.3557692307692307800, 0.3653846153846153600, 0.3750000000000000000, 0.3846153846153846400, 0.3942307692307692200, 0.4038461538461538500, 0.4134615384615384400, 0.4230769230769230700, 0.4326923076923077100, 0.4423076923076922900, 0.4519230769230768700, 0.4615384615384615100, 0.4711538461538461500, 0.4807692307692307800, 0.4903846153846153600, 0.5000000000000000000, 0.5096153846153846900, 0.5192307692307692700, 0.5288461538461538500, 0.5384615384615384400, 0.5480769230769231300, 0.5576923076923077100, 0.5673076923076922900, 0.5769230769230768700, 0.5865384615384615600, 0.5961538461538461500, 0.6057692307692307300, 0.6153846153846154200, 0.6250000000000000000, 0.6346153846153845800, 0.6442307692307692700, 0.6538461538461538500, 0.6634615384615384400, 0.6703536075575570200 ),
 .UNSPECIFIED. ) 
 CURVE ( )  GEOMETRIC_REPRESENTATION_ITEM ( )  RATIONAL_B_SPLINE_CURVE ( ( 0.9753096629729556300, 0.9844977225947892900, 1.000000000000000000, 0.9238795325112867400, 1.000000000000000000, 0.9238795325112867400, 1.000000000000000000, 0.9238795325112867400, 1.000000000000000000, 0.9238795325112867400, 1.000000000000000000, 0.9238795325112867400, 1.000000000000000000, 0.9238795325112867400, 1.000000000000000000, 0.9238795325112867400, 1.000000000000000000, 0.9238795325112867400, 1.000000000000000000, 0.9238795325112867400, 1.000000000000000000, 0.9238795325112867400, 1.000000000000000000, 0.9238795325112867400, 1.000000000000000000, 0.9238795325112867400, 1.000000000000000000, 0.9238795325112867400, 1.000000000000000000, 0.9238795325112867400, 1.000000000000000000, 0.9238795325112867400, 1.000000000000000000, 0.9238795325112867400, 1.000000000000000000, 0.9238795325112867400, 1.000000000000000000, 0.9238795325112867400, 1.000000000000000000, 0.9238795325112867400, 1.000000000000000000, 0.9238795325112867400, 1.000000000000000000, 0.9238795325112867400, 1.000000000000000000, 0.9238795325112867400, 1.000000000000000000, 0.9238795325112867400, 1.000000000000000000, 0.9238795325112867400, 1.000000000000000000, 0.9238795325112867400, 1.000000000000000000, 0.9238795325112867400, 1.000000000000000000, 0.9238795325112867400, 1.000000000000000000, 0.9238795325112867400, 1.000000000000000000, 0.9238795325112867400, 1.000000000000000000, 0.9238795325112867400, 1.000000000000000000, 0.9238795325112867400, 1.000000000000000000, 0.9238795325112867400, 1.000000000000000000, 0.9238795325112867400, 1.000000000000000000, 0.9238795325112867400, 1.000000000000000000, 0.9238795325112867400, 1.000000000000000000, 0.9238795325112867400, 1.000000000000000000, 0.9238795325112867400, 1.000000000000000000, 0.9238795325112867400, 1.000000000000000000, 0.9238795325112867400, 1.000000000000000000, 0.9238795325112867400, 1.000000000000000000, 0.9238795325112867400, 1.000000000000000000, 0.9238795325112867400, 1.000000000000000000, 0.9238795325112867400, 1.000000000000000000, 0.9238795325112867400, 1.000000000000000000, 0.9238795325112867400, 1.000000000000000000, 0.9238795325112867400, 1.000000000000000000, 0.9238795325112867400, 1.000000000000000000, 0.9238795325112867400, 1.000000000000000000, 0.9238795325112867400, 1.000000000000000000, 0.9238795325112867400, 1.000000000000000000, 0.9238795325112867400, 1.000000000000000000, 0.9238795325112867400, 1.000000000000000000, 0.9238795325112867400, 1.000000000000000000, 0.9238795325112867400, 1.000000000000000000, 0.9238795325112867400, 1.000000000000000000, 0.9238795325112867400, 1.000000000000000000, 0.9238795325112867400, 1.000000000000000000, 0.9238795325112867400, 1.000000000000000000, 0.9238795325112867400, 1.000000000000000000, 0.9238795325112867400, 1.000000000000000000, 0.9238795325112867400, 1.000000000000000000, 0.9238795325112867400, 1.000000000000000000, 0.9238795325112867400, 1.000000000000000000, 0.9238795325112867400, 1.000000000000000000, 0.9454387377584418900, 0.9690937932985233000 ) ) 
 REPRESENTATION_ITEM ( '' )  );
#3630 = CYLINDRICAL_SURFACE ( 'NONE', #3653, 0.1250000000000001400 ) ;
#3631 = CARTESIAN_POINT ( 'NONE',  ( -0.03832471526136902600, -0.09252404735808419900, 0.1131250000000001100 ) ) ;
#3632 = APPROVAL ( #3178, 'UNSPECIFIED' ) ;
#3633 = CARTESIAN_POINT ( 'NONE',  ( 0.09030201150986801000, -0.09030201150986802400, -0.1071874999999997700 ) ) ;
#3634 = ORIENTED_EDGE ( 'NONE', *, *, #3030, .F. ) ;
#3635 = CARTESIAN_POINT ( 'NONE',  ( 0.0000000000000000000, 0.0000000000000000000, 0.3899999999999999600 ) ) ;
#3636 = CARTESIAN_POINT ( 'NONE',  ( -0.09252404735808419900, -0.03832471526136901200, -0.2493749999999999000 ) ) ;
#3637 = CALENDAR_DATE ( 2025, 25, 9 ) ;
#3638 = CARTESIAN_POINT ( 'NONE',  ( -0.03832471526136901900, 0.09252404735808418500, -0.1056249999999999000 ) ) ;
#3639 = CARTESIAN_POINT ( 'NONE',  ( 0.09252404735808419900, -0.03832471526136906100, 0.1256250000000001000 ) ) ;
#3640 = CARTESIAN_POINT ( 'NONE',  ( -0.1277063293868266600, -0.05289769363290934600, -0.3696875000000000000 ) ) ;
#3641 = CARTESIAN_POINT ( 'NONE',  ( 0.03832471526136907400, 0.09252404735808419900, 0.08812500000000018900 ) ) ;
#3642 = CARTESIAN_POINT ( 'NONE',  ( -0.1010998828863663600, -0.05656617723474539200, -0.3617980313331711800 ) ) ;
#3643 = CARTESIAN_POINT ( 'NONE',  ( -0.03893977108119962800, 0.1059959230487817900, 0.07615537529629427800 ) ) ;
#3644 = CARTESIAN_POINT ( 'NONE',  ( 0.05289769363290944300, 0.1277063293868266300, -0.09156249999999978300 ) ) ;
#3645 = B_SPLINE_CURVE_WITH_KNOTS ( 'NONE', 3,
 ( #2068, #1500, #28, #879, #1191, #620, #2677, #3248 ),
 .UNSPECIFIED., .F., .F.,
 ( 4, 2, 2, 4 ),
 ( 0.002782414345151439500, 0.003475358748974700400, 0.004168303152797961700, 0.005554191960444480900 ),
 .UNSPECIFIED. ) ;
#3646 = CARTESIAN_POINT ( 'NONE',  ( 0.1874999999999999400, 1.924418829439569500E-017, 0.2054048999000400700 ) ) ;
#3647 = CARTESIAN_POINT ( 'NONE',  ( 0.06542438130972659500, -0.06542438130972660900, -0.08374999999999982500 ) ) ;
#3648 = EDGE_CURVE ( 'NONE', #1106, #1729, #104, .T. ) ;
#3649 = CARTESIAN_POINT ( 'NONE',  ( 0.03832471526136907400, 0.09252404735808418500, -0.06187499999999986800 ) ) ;
#3650 = CARTESIAN_POINT ( 'NONE',  ( -0.09252404735808419900, 0.03832471526136901200, 0.2006250000000001400 ) ) ;
#3651 = CARTESIAN_POINT ( 'NONE',  ( -0.09252404735808418500, 1.690227475583728000E-018, 0.1475000000000002100 ) ) ;
#3652 = CARTESIAN_POINT ( 'NONE',  ( -0.06542438130972660900, -0.06542438130972659500, 0.2100000000000001600 ) ) ;
#3653 = AXIS2_PLACEMENT_3D ( 'NONE', #1378, #2258, #756 ) ;
#3654 = CARTESIAN_POINT ( 'NONE',  ( -0.08838834764831854400, -0.08838834764831853000, -0.2712499999999999400 ) ) ;
#3655 = CARTESIAN_POINT ( 'NONE',  ( 0.1277063293868266600, -2.743450857364329300E-017, -0.1009374999999997600 ) ) ;
#3656 = CARTESIAN_POINT ( 'NONE',  ( 0.0000000000000000000, 0.1250000000000001400, 0.06625000000000019800 ) ) ;
#3657 = CARTESIAN_POINT ( 'NONE',  ( 0.09252404735808419900, 0.03832471526136902600, -0.02437499999999986200 ) ) ;
#3658 = ORIENTED_EDGE ( 'NONE', *, *, #2568, .F. ) ;
#3659 = CARTESIAN_POINT ( 'NONE',  ( 0.06542438130972662300, 0.06542438130972659500, -0.06499999999999985000 ) ) ;
#3660 = FACE_OUTER_BOUND ( 'NONE', #3278, .T. ) ;
#3661 = CARTESIAN_POINT ( 'NONE',  ( -0.09252404735808419900, -0.03832471526136901200, 0.05687500000000012700 ) ) ;
#3662 = CARTESIAN_POINT ( 'NONE',  ( 0.05289769363290944300, 0.1277063293868266300, -0.3384375000000000000 ) ) ;
#3663 = CARTESIAN_POINT ( 'NONE',  ( 0.06542438130972662300, 0.06542438130972659500, 0.2350000000000001500 ) ) ;
#3664 = CARTESIAN_POINT ( 'NONE',  ( -0.08110058066266459500, -0.08541038840695233700, -0.3603074553936135300 ) ) ;
#3665 = EDGE_LOOP ( 'NONE', ( #1344, #125, #584, #465 ) ) ;
#3666 = CARTESIAN_POINT ( 'NONE',  ( 0.05289769363290933200, -0.1277063293868267200, 0.1396875000000002700 ) ) ;
#3667 = B_SPLINE_CURVE_WITH_KNOTS ( 'NONE', 3,
 ( #2117, #1552, #2105, #2482 ),
 .UNSPECIFIED., .F., .F.,
 ( 4, 4 ),
 ( 0.03683177809257359000, 0.03734877798043376200 ),
 .UNSPECIFIED. ) ;
#3668 = CARTESIAN_POINT ( 'NONE',  ( 0.05177669529663703200, 0.1250000000000001100, -0.2368749999999998400 ) ) ;
#3669 = EDGE_CURVE ( 'NONE', #1604, #1873, #1450, .T. ) ;
#3670 = CARTESIAN_POINT ( 'NONE',  ( -1.133092784412359100E-017, -0.09252404735808418500, 0.06000000000000017800 ) ) ;
#3671 = CONICAL_SURFACE ( 'NONE', #2109, 0.08750000000000018900, 0.7853981633974491700 ) ;
#3672 =( BOUNDED_CURVE ( )  B_SPLINE_CURVE ( 2, ( #3814, #3798, #3465, #2299, #2330, #1449, #221, #507, #3774 ),
 .UNSPECIFIED., .F., .F. ) 
 B_SPLINE_CURVE_WITH_KNOTS ( ( 3, 2, 2, 2, 3 ),
 ( 0.4423076923076923500, 0.4519230769230769800, 0.4615384615384615600, 0.4711538461538461500, 0.4807692307692307800 ),
 .UNSPECIFIED. ) 
 CURVE ( )  GEOMETRIC_REPRESENTATION_ITEM ( )  RATIONAL_B_SPLINE_CURVE ( ( 0.9999999999999995600, 0.9238795325112871800, 1.000000000000000000, 0.9238795325112867400, 1.000000000000000000, 0.9238795325112867400, 1.000000000000000000, 0.9238795325112867400, 1.000000000000000000 ) ) 
 REPRESENTATION_ITEM ( '' )  );
#3673 = VECTOR ( 'NONE', #1456, 39.37007874015748100 ) ;
#3674 = AXIS2_PLACEMENT_3D ( 'NONE', #700, #2768, #1000 ) ;
#3675 = ORIENTED_EDGE ( 'NONE', *, *, #2401, .T. ) ;
#3676 = CARTESIAN_POINT ( 'NONE',  ( -0.03832471526136901900, -0.09252404735808419900, 0.2131250000000001200 ) ) ;
#3677 = CARTESIAN_POINT ( 'NONE',  ( 0.09252404735808418500, -2.097162821266345400E-017, 0.1725000000000002100 ) ) ;
#3678 = CARTESIAN_POINT ( 'NONE',  ( 0.09252404735808418500, 0.03832471526136902600, -0.3243749999999998600 ) ) ;
#3679 = CARTESIAN_POINT ( 'NONE',  ( -0.1131129763209585600, 2.950935773196544800E-018, -0.3643870236790416300 ) ) ;
#3680 = CARTESIAN_POINT ( 'NONE',  ( -0.08838834764831853000, 0.08838834764831854400, -0.02749999999999985400 ) ) ;
#3681 = ORIENTED_EDGE ( 'NONE', *, *, #1382, .T. ) ;
#3682 = CARTESIAN_POINT ( 'NONE',  ( 0.02843960186342746300, 0.09706393243576659500, 0.04385655787710009100 ) ) ;
#3683 = CARTESIAN_POINT ( 'NONE',  ( 0.0000000000000000000, 0.09252404735808419900, -0.4087499999999998900 ) ) ;
#3684 = CARTESIAN_POINT ( 'NONE',  ( -0.1250000000000001900, 0.0000000000000000000, 0.1099999999999999900 ) ) ;
#3685 = CARTESIAN_POINT ( 'NONE',  ( 0.09252404735808419900, 0.03832471526136902600, 0.02562500000000015500 ) ) ;
#3686 = CARTESIAN_POINT ( 'NONE',  ( 0.09252404735808419900, -0.03832471526136906100, 0.2256250000000002400 ) ) ;
#3687 = CARTESIAN_POINT ( 'NONE',  ( -0.09030201150986802400, -0.09030201150986801000, -0.1665624999999999500 ) ) ;
#3688 = CARTESIAN_POINT ( 'NONE',  ( -0.09252404735808418500, 1.690227475583728000E-018, -0.3024999999999998200 ) ) ;
#3689 = CARTESIAN_POINT ( 'NONE',  ( -0.2800000000000000300, 3.057217119091497200E-017, 0.3899999999999999600 ) ) ;
#3690 = DIRECTION ( 'NONE',  ( -0.0000000000000000000, -0.0000000000000000000, 1.000000000000000000 ) ) ;
#3691 = CARTESIAN_POINT ( 'NONE',  ( -0.1277063293868266600, -0.05289769363290934600, 0.1271875000000002300 ) ) ;
#3692 = CARTESIAN_POINT ( 'NONE',  ( 0.1250000000000001400, -2.693736393049096200E-017, -0.002499999999999893400 ) ) ;
#3693 = DIRECTION ( 'NONE',  ( -1.000000000000000000, 0.0000000000000000000, 0.0000000000000000000 ) ) ;
#3694 = CARTESIAN_POINT ( 'NONE',  ( -0.03832471526136901200, 0.09252404735808419900, -0.1118749999999998400 ) ) ;
#3695 = EDGE_CURVE ( 'NONE', #2884, #606, #3769, .T. ) ;
#3696 = CARTESIAN_POINT ( 'NONE',  ( -0.09252404735808419900, 0.03832471526136901200, -0.4056249999999998500 ) ) ;
#3697 = CARTESIAN_POINT ( 'NONE',  ( 0.0000000000000000000, 0.1277063293868266600, -0.1353124999999999700 ) ) ;
#3698 = CARTESIAN_POINT ( 'NONE',  ( -0.09252404735808418500, 0.03832471526136900500, -0.3056249999999998700 ) ) ;
#3699 = CARTESIAN_POINT ( 'NONE',  ( 0.08822537882731018600, 0.04705381565229539000, -0.3777499873032331100 ) ) ;
#3700 = CARTESIAN_POINT ( 'NONE',  ( -0.08838834764831854400, -0.08838834764831853000, -0.1712499999999998700 ) ) ;
#3701 = VERTEX_POINT ( 'NONE', #1227 ) ;
#3702 = CARTESIAN_POINT ( 'NONE',  ( 0.09599222190872103200, 0.01338188315306869700, 0.03222459444728879200 ) ) ;
#3703 = CARTESIAN_POINT ( 'NONE',  ( -0.1277063293868266600, 3.844520929243675400E-018, 0.1240625000000002600 ) ) ;
#3704 = PLANE ( 'NONE',  #1934 ) ;
#3705 = CARTESIAN_POINT ( 'NONE',  ( -1.530808498934193400E-017, -0.1250000000000001400, -0.06499999999999991900 ) ) ;
#3706 = ORIENTED_EDGE ( 'NONE', *, *, #1193, .T. ) ;
#3707 = CARTESIAN_POINT ( 'NONE',  ( 0.0000000000000000000, 0.09252404735808418500, 0.08500000000000018700 ) ) ;
#3708 = FACE_OUTER_BOUND ( 'NONE', #3709, .T. ) ;
#3709 = EDGE_LOOP ( 'NONE', ( #653, #2828, #1988, #464, #743 ) ) ;
#3710 = CARTESIAN_POINT ( 'NONE',  ( -0.05289769363290936600, -0.1277063293868266600, -0.2634374999999999400 ) ) ;
#3711 = FACE_OUTER_BOUND ( 'NONE', #2235, .T. ) ;
#3712 = CARTESIAN_POINT ( 'NONE',  ( 0.06542438130972659500, -0.06542438130972660900, -0.3837499999999999200 ) ) ;
#3713 = CARTESIAN_POINT ( 'NONE',  ( 0.07759195817579671300, 0.06469556936158930800, -0.3767091188837688500 ) ) ;
#3714 = VERTEX_POINT ( 'NONE', #3092 ) ;
#3715 = CARTESIAN_POINT ( 'NONE',  ( 0.08838834764831853000, -0.08838834764831854400, -0.1587499999999999200 ) ) ;
#3716 = TOROIDAL_SURFACE ( 'NONE', #3522, 0.2548000000000000300, 0.02520000000000000000 ) ;
#3717 = CARTESIAN_POINT ( 'NONE',  ( -0.1277063293868266600, 0.05289769363290935900, 0.1709375000000002100 ) ) ;
#3718 = ORIENTED_EDGE ( 'NONE', *, *, #458, .F. ) ;
#3719 = DIRECTION ( 'NONE',  ( -0.0000000000000000000, -0.0000000000000000000, 1.000000000000000000 ) ) ;
#3720 = EDGE_CURVE ( 'NONE', #2533, #882, #1320, .T. ) ;
#3721 = CARTESIAN_POINT ( 'NONE',  ( 0.0000000000000000000, 0.1250000000000001900, 0.1099999999999999900 ) ) ;
#3722 = CARTESIAN_POINT ( 'NONE',  ( 0.0000000000000000000, 0.0000000000000000000, 0.1099999999999999900 ) ) ;
#3723 = VERTEX_POINT ( 'NONE', #1252 ) ;
#3724 = CARTESIAN_POINT ( 'NONE',  ( -0.09030201150986802400, -0.09030201150986801000, -0.3165624999999999700 ) ) ;
#3725 = CARTESIAN_POINT ( 'NONE',  ( 0.06542438130972660900, 0.06542438130972656800, -0.1212499999999998300 ) ) ;
#3726 = CARTESIAN_POINT ( 'NONE',  ( 0.2548000000000000300, -3.717939185210915300E-018, 0.1351999999999999600 ) ) ;
#3727 = CARTESIAN_POINT ( 'NONE',  ( 0.1250000000000001400, -2.693736393049096500E-017, -0.1462499999999998200 ) ) ;
#3728 = CARTESIAN_POINT ( 'NONE',  ( -0.1250000000000001400, 3.678806048192898800E-018, -0.1712499999999998200 ) ) ;
#3729 = CARTESIAN_POINT ( 'NONE',  ( -0.09252404735808419900, -0.03832471526136901200, -0.1493749999999999000 ) ) ;
#3730 = CARTESIAN_POINT ( 'NONE',  ( 0.09252404735808419900, 0.03832471526136903300, -0.3681250000000000400 ) ) ;
#3731 = CARTESIAN_POINT ( 'NONE',  ( 0.08838834764831853000, -0.08838834764831854400, -0.2524999999999998900 ) ) ;
#3732 = CARTESIAN_POINT ( 'NONE',  ( 0.06542438130972660900, 0.06542438130972656800, 0.2287500000000002000 ) ) ;
#3733 = CARTESIAN_POINT ( 'NONE',  ( 0.05289769363290933200, -0.1277063293868267200, -0.2571875000000000100 ) ) ;
#3734 = CARTESIAN_POINT ( 'NONE',  ( 0.06542438130972659500, -0.06542438130972660900, -0.2837499999999998900 ) ) ;
#3735 = CARTESIAN_POINT ( 'NONE',  ( 0.03776865780887528300, -0.1167900913666192300, -0.3548944795796877800 ) ) ;
#3736 = CARTESIAN_POINT ( 'NONE',  ( 0.04937576194520199700, -0.07848546653062882200, -0.3849759526419162000 ) ) ;
#3737 = CARTESIAN_POINT ( 'NONE',  ( 0.09252404735808419900, 0.03832471526136903300, -0.2181249999999998700 ) ) ;
#3738 = CARTESIAN_POINT ( 'NONE',  ( 0.1250000000000001400, -3.717939185210915300E-018, 0.3899999999999999600 ) ) ;
#3739 = DIRECTION ( 'NONE',  ( 0.0000000000000000000, 0.0000000000000000000, -1.000000000000000000 ) ) ;
#3740 = CARTESIAN_POINT ( 'NONE',  ( 0.09252404735808418500, -2.097162821266345400E-017, 0.1225000000000001900 ) ) ;
#3741 = EDGE_CURVE ( 'NONE', #3142, #708, #3667, .T. ) ;
#3742 = VERTEX_POINT ( 'NONE', #2780 ) ;
#3743 = ORIENTED_EDGE ( 'NONE', *, *, #3493, .F. ) ;
#3744 = CARTESIAN_POINT ( 'NONE',  ( -0.05289769363290936600, -0.1277063293868266600, -0.1134374999999999700 ) ) ;
#3745 = FACE_OUTER_BOUND ( 'NONE', #3467, .T. ) ;
#3746 = CARTESIAN_POINT ( 'NONE',  ( 0.07399309959197625200, 0.09809693165487939900, 0.1034461864150815500 ) ) ;
#3747 = CARTESIAN_POINT ( 'NONE',  ( -0.09252404735808418500, 1.690227475583728000E-018, -0.1524999999999998300 ) ) ;
#3748 = CC_DESIGN_DATE_AND_TIME_ASSIGNMENT ( #2743, #2032, ( #1768 ) ) ;
#3749 = CARTESIAN_POINT ( 'NONE',  ( 0.05615304845760718500, 0.07724421170365353100, 0.02836737878763633000 ) ) ;
#3750 = CARTESIAN_POINT ( 'NONE',  ( 0.05177669529663703200, 0.1250000000000001100, -0.2868749999999997700 ) ) ;
#3751 = DIRECTION ( 'NONE',  ( -1.000000000000000000, 0.0000000000000000000, -0.0000000000000000000 ) ) ;
#3752 = CARTESIAN_POINT ( 'NONE',  ( 0.09252404735808419900, -2.097162821266345700E-017, -0.2212499999999998900 ) ) ;
#3753 = DIRECTION ( 'NONE',  ( 0.0000000000000000000, 0.0000000000000000000, 1.000000000000000000 ) ) ;
#3754 = DIRECTION ( 'NONE',  ( 1.000000000000000000, 0.0000000000000000000, 0.0000000000000000000 ) ) ;
#3755 = CARTESIAN_POINT ( 'NONE',  ( -0.1332570899820293700, 0.1395703341735587400, 0.2023594254068995000 ) ) ;
#3756 = CARTESIAN_POINT ( 'NONE',  ( 0.03832471526136898400, -0.09252404735808419900, 0.1131250000000001700 ) ) ;
#3757 = EDGE_LOOP ( 'NONE', ( #967, #1398, #777, #2079 ) ) ;
#3758 = CIRCLE ( 'NONE', #1715, 0.1874999999999999700 ) ;
#3759 = CARTESIAN_POINT ( 'NONE',  ( -0.1277063293868266600, 3.844520929243675400E-018, -0.07281249999999994700 ) ) ;
#3760 = CARTESIAN_POINT ( 'NONE',  ( 0.09614095166634666100, 0.07501706419161316400, 0.1008946642769409500 ) ) ;
#3761 = CARTESIAN_POINT ( 'NONE',  ( 0.09252404735808418500, 0.03832471526136902600, -0.2743749999999998700 ) ) ;
#3762 = DIRECTION ( 'NONE',  ( -0.0000000000000000000, -0.0000000000000000000, 1.000000000000000000 ) ) ;
#3763 = LINE ( 'NONE', #2010, #3673 ) ;
#3764 = PERSON_AND_ORGANIZATION_ROLE ( 'classification_officer' ) ;
#3765 = ORIENTED_EDGE ( 'NONE', *, *, #2748, .T. ) ;
#3766 = CARTESIAN_POINT ( 'NONE',  ( 0.05177669529663702500, 0.1250000000000001100, -0.1431249999999999200 ) ) ;
#3767 = CARTESIAN_POINT ( 'NONE',  ( -0.09252404735808419900, -0.03832471526136901200, -0.2431249999999999000 ) ) ;
#3768 = CARTESIAN_POINT ( 'NONE',  ( 0.0000000000000000000, 0.09252404735808419900, -0.008749999999999872500 ) ) ;
#3769 = CIRCLE ( 'NONE', #290, 0.1781250000000000300 ) ;
#3770 = CARTESIAN_POINT ( 'NONE',  ( 0.03832471526136898400, -0.09252404735808419900, -0.3806249999999999400 ) ) ;
#3771 = EDGE_CURVE ( 'NONE', #1504, #1537, #2173, .T. ) ;
#3772 = CARTESIAN_POINT ( 'NONE',  ( -0.03061516912634371400, 0.1988306748097291600, 0.1988631317485731700 ) ) ;
#3773 = ORIENTED_EDGE ( 'NONE', *, *, #2544, .F. ) ;
#3774 = CARTESIAN_POINT ( 'NONE',  ( -0.1250000000000001400, 3.678806048192898800E-018, -0.1212499999999998400 ) ) ;
#3775 = CARTESIAN_POINT ( 'NONE',  ( -0.05177669529663694900, -0.1250000000000001400, 0.03812500000000022100 ) ) ;
#3776 = CARTESIAN_POINT ( 'NONE',  ( 0.05289769363290933200, -0.1277063293868267200, -0.007187499999999950900 ) ) ;
#3777 = DIRECTION ( 'NONE',  ( -1.000000000000000000, 0.0000000000000000000, 0.0000000000000000000 ) ) ;
#3778 = CARTESIAN_POINT ( 'NONE',  ( -0.03832471526136901900, -0.09252404735808418500, -0.2431249999999998100 ) ) ;
#3779 = CARTESIAN_POINT ( 'NONE',  ( 0.09304345669917260500, 6.100816615642727400E-013, 0.02220011887715262600 ) ) ;
#3780 = CARTESIAN_POINT ( 'NONE',  ( 0.1042537634694918100, -0.02701997344820486500, 0.06187347173070841000 ) ) ;
#3781 = CARTESIAN_POINT ( 'NONE',  ( 0.03832471526136899800, -0.09252404735808421300, -0.2806249999999999000 ) ) ;
#3782 = CARTESIAN_POINT ( 'NONE',  ( -0.1250000000000001400, 1.159014580413101600E-017, 0.3899999999999999600 ) ) ;
#3783 = CARTESIAN_POINT ( 'NONE',  ( 0.0000000000000000000, 0.09252404735808418500, -0.2587499999999999200 ) ) ;
#3784 = CARTESIAN_POINT ( 'NONE',  ( 0.0000000000000000000, 0.1250000000000001900, 0.1099999999999999900 ) ) ;
#3785 = CARTESIAN_POINT ( 'NONE',  ( 0.0000000000000000000, -3.717939185210915300E-018, 0.1351999999999999600 ) ) ;
#3786 = CARTESIAN_POINT ( 'NONE',  ( -0.09030201150986801000, 0.09030201150986802400, -0.1290624999999999700 ) ) ;
#3787 = CARTESIAN_POINT ( 'NONE',  ( 0.04951933698801391100, -0.07815711486351399600, 0.02077305344105831800 ) ) ;
#3788 = CARTESIAN_POINT ( 'NONE',  ( -0.09252404735808418500, 0.03832471526136900500, -0.005624999999999819400 ) ) ;
#3789 = CARTESIAN_POINT ( 'NONE',  ( -0.09005358186723144700, 0.04278512323986210400, 0.03993364381495451800 ) ) ;
#3790 =( BOUNDED_CURVE ( )  B_SPLINE_CURVE ( 2, ( #2407, #3304, #431, #1617, #3289, #417, #3680, #946, #3003 ),
 .UNSPECIFIED., .F., .F. ) 
 B_SPLINE_CURVE_WITH_KNOTS ( ( 3, 2, 2, 2, 3 ),
 ( 0.5961538461538461500, 0.6057692307692307300, 0.6153846153846154200, 0.6250000000000001100, 0.6346153846153846900 ),
 .UNSPECIFIED. ) 
 CURVE ( )  GEOMETRIC_REPRESENTATION_ITEM ( )  RATIONAL_B_SPLINE_CURVE ( ( 1.000000000000000000, 0.9238795325112867400, 1.000000000000000000, 0.9238795325112867400, 1.000000000000000000, 0.9238795325112867400, 1.000000000000000000, 0.9238795325112858500, 1.000000000000000900 ) ) 
 REPRESENTATION_ITEM ( '' )  );
#3791 = EDGE_CURVE ( 'NONE', #3854, #1056, #1893, .T. ) ;
#3792 = CARTESIAN_POINT ( 'NONE',  ( -0.1077199065292465000, -9.516770904433263400E-015, 0.06252333338303914200 ) ) ;
#3793 = CARTESIAN_POINT ( 'NONE',  ( -0.09252404735808419900, -0.03832471526136901200, -0.09312499999999991600 ) ) ;
#3794 = CARTESIAN_POINT ( 'NONE',  ( 0.1073171072149543100, -0.05985889348574180400, 0.1014671703412826600 ) ) ;
#3795 = CARTESIAN_POINT ( 'NONE',  ( -0.09252404735808419900, 0.03832471526136901200, -0.3493749999999999900 ) ) ;
#3796 = CARTESIAN_POINT ( 'NONE',  ( -0.1875000000000000300, -0.1082531754730801200, 0.1886580753731119700 ) ) ;
#3797 = ORIENTED_EDGE ( 'NONE', *, *, #3572, .T. ) ;
#3798 = CARTESIAN_POINT ( 'NONE',  ( 0.1249999999999998800, 0.05177669529663719800, -0.1431249999999998100 ) ) ;
#3799 = AXIS2_PLACEMENT_3D ( 'NONE', #1256, #663, #2730 ) ;
#3800 = ORIENTED_EDGE ( 'NONE', *, *, #3385, .T. ) ;
#3801 = EDGE_LOOP ( 'NONE', ( #3634, #3743, #3279, #1538 ) ) ;
#3802 = CARTESIAN_POINT ( 'NONE',  ( -0.1277063293868266600, 0.05289769363290935900, -0.1259374999999999500 ) ) ;
#3803 = DIRECTION ( 'NONE',  ( -0.0000000000000000000, -0.0000000000000000000, 1.000000000000000000 ) ) ;
#3804 = CARTESIAN_POINT ( 'NONE',  ( 0.06542438130972659500, -0.06542438130972660900, -0.08374999999999982500 ) ) ;
#3805 = ORIENTED_EDGE ( 'NONE', *, *, #3771, .T. ) ;
#3806 = PRODUCT_DEFINITION ( 'UNKNOWN', '', #2674, #2524 ) ;
#3807 = PLANE ( 'NONE',  #485 ) ;
#3808 = CARTESIAN_POINT ( 'NONE',  ( 0.06652815683957387400, -0.08274211113802180900, 0.05766919352105165400 ) ) ;
#3809 = LINE ( 'NONE', #3689, #3196 ) ;
#3810 = CARTESIAN_POINT ( 'NONE',  ( 0.0000000000000000000, 0.09252404735808419900, -0.008749999999999872500 ) ) ;
#3811 = CARTESIAN_POINT ( 'NONE',  ( 0.03832471526136898400, -0.09252404735808421300, -0.03062499999999989500 ) ) ;
#3812 = CARTESIAN_POINT ( 'NONE',  ( 0.09252404735808419900, -0.03832471526136906100, -0.2243749999999998800 ) ) ;
#3813 = CARTESIAN_POINT ( 'NONE',  ( 0.1250000000000001400, -2.693736393049096500E-017, 0.003750000000000185000 ) ) ;
#3814 = CARTESIAN_POINT ( 'NONE',  ( 0.1250000000000001400, -2.693736393049096500E-017, -0.1462499999999998200 ) ) ;
#3815 = B_SPLINE_CURVE_WITH_KNOTS ( 'NONE', 3,
 ( #2302, #3164, #476, #1367, #810, #1963, #522, #3760, #785, #3150, #3746, #2265, #2561, #223, #2893, #2864, #3470, #3454 ),
 .UNSPECIFIED., .F., .F.,
 ( 4, 2, 2, 2, 2, 2, 2, 2, 4 ),
 ( 0.01963263489751146400, 0.02024202164349307400, 0.02085140838947468400, 0.02146079513545629700, 0.02207018188143790700, 0.02267956862741951600, 0.02328895537340113000, 0.02389834211938273900, 0.02450772886536434900 ),
 .UNSPECIFIED. ) ;
#3816 = CARTESIAN_POINT ( 'NONE',  ( 0.08838834764831854400, 0.08838834764831851600, -0.04624999999999987500 ) ) ;
#3817 = ORIENTED_EDGE ( 'NONE', *, *, #2102, .T. ) ;
#3818 = CARTESIAN_POINT ( 'NONE',  ( -0.09030201150986801000, 0.09030201150986802400, 0.1209375000000000700 ) ) ;
#3819 = EDGE_CURVE ( 'NONE', #3208, #3843, #908, .T. ) ;
#3820 = CARTESIAN_POINT ( 'NONE',  ( -0.09252404735808418500, 1.690227475583728000E-018, -0.05249999999999985200 ) ) ;
#3821 = CARTESIAN_POINT ( 'NONE',  ( -0.03832471526136901900, 0.09252404735808418500, -0.3556249999999999100 ) ) ;
#3822 = APPLICATION_PROTOCOL_DEFINITION ( 'international standard', 'config_control_design', 1994, #197 ) ;
#3823 = PERSON_AND_ORGANIZATION ( #2767, #3077 ) ;
#3824 = CARTESIAN_POINT ( 'NONE',  ( 0.1031431168081063000, -0.05654866259412112700, 0.08909445057756297500 ) ) ;
#3825 = CARTESIAN_POINT ( 'NONE',  ( -0.06542438130972660900, -0.06542438130972659500, -0.08999999999999985800 ) ) ;
#3826 = CARTESIAN_POINT ( 'NONE',  ( -0.09252404735808419900, -0.03832471526136901200, -0.2931249999999999100 ) ) ;
#3827 = EDGE_CURVE ( 'NONE', #2679, #1773, #2147, .T. ) ;
#3828 = CARTESIAN_POINT ( 'NONE',  ( 0.09252404735808418500, -2.097162821266345400E-017, -0.3774999999999998900 ) ) ;
#3829 = DIRECTION ( 'NONE',  ( -0.0000000000000000000, -0.0000000000000000000, 1.000000000000000000 ) ) ;
#3830 = CC_DESIGN_APPROVAL ( #3632, ( #3806 ) ) ;
#3831 = CARTESIAN_POINT ( 'NONE',  ( 0.1277063293868266600, -2.743450857364329300E-017, 0.2021875000000001300 ) ) ;
#3832 = CARTESIAN_POINT ( 'NONE',  ( 0.0000000000000000000, 0.0000000000000000000, 0.1099999999999999900 ) ) ;
#3833 = CARTESIAN_POINT ( 'NONE',  ( -0.09252404735808419900, -0.03832471526136901200, 0.006875000000000114500 ) ) ;
#3834 = CARTESIAN_POINT ( 'NONE',  ( 0.0000000000000000000, 0.0000000000000000000, 0.3899999999999999600 ) ) ;
#3835 = CARTESIAN_POINT ( 'NONE',  ( 0.03832471526136898400, -0.09252404735808419900, -0.03062499999999989500 ) ) ;
#3836 = DIRECTION ( 'NONE',  ( -0.0000000000000000000, -0.0000000000000000000, 1.000000000000000000 ) ) ;
#3837 = CARTESIAN_POINT ( 'NONE',  ( 0.05289769363290933200, -0.1277063293868267200, -0.2603124999999998400 ) ) ;
#3838 =( BOUNDED_CURVE ( )  B_SPLINE_CURVE ( 2, ( #63, #2629, #2158, #2711, #2135, #34, #382, #2108, #659 ),
 .UNSPECIFIED., .F., .F. ) 
 B_SPLINE_CURVE_WITH_KNOTS ( ( 3, 2, 2, 2, 3 ),
 ( 0.6730769230769231300, 0.6826923076923077100, 0.6923076923076922900, 0.7019230769230768700, 0.7115384615384615600 ),
 .UNSPECIFIED. ) 
 CURVE ( )  GEOMETRIC_REPRESENTATION_ITEM ( )  RATIONAL_B_SPLINE_CURVE ( ( 1.000000000000000000, 0.9238795325112867400, 1.000000000000000000, 0.9238795325112867400, 1.000000000000000000, 0.9238795325112867400, 1.000000000000000000, 0.9238795325112867400, 1.000000000000000000 ) ) 
 REPRESENTATION_ITEM ( '' )  );
#3839 = CARTESIAN_POINT ( 'NONE',  ( -0.09030201150986802400, -0.09030201150986801000, 0.1834375000000000900 ) ) ;
#3840 = EDGE_LOOP ( 'NONE', ( #1105, #186, #2532, #1585 ) ) ;
#3841 = DIRECTION ( 'NONE',  ( -1.224646799147353200E-016, 1.000000000000000000, 0.0000000000000000000 ) ) ;
#3842 = EDGE_CURVE ( 'NONE', #1756, #3742, #213, .T. ) ;
#3843 = VERTEX_POINT ( 'NONE', #2829 ) ;
#3844 = CARTESIAN_POINT ( 'NONE',  ( 0.009742851436769098600, -0.1043033758077513000, 0.05377569421718748200 ) ) ;
#3845 = CIRCLE ( 'NONE', #3005, 0.2548000000000000300 ) ;
#3846 = CARTESIAN_POINT ( 'NONE',  ( -0.06542438130972659500, 0.06542438130972660900, -0.1524999999999998900 ) ) ;
#3847 = DIRECTION ( 'NONE',  ( -0.0000000000000000000, -0.0000000000000000000, 1.000000000000000000 ) ) ;
#3848 = CARTESIAN_POINT ( 'NONE',  ( -0.03832471526136901200, 0.09252404735808419900, -0.2056249999999999200 ) ) ;
#3849 = CARTESIAN_POINT ( 'NONE',  ( -0.03832471526136901900, -0.09252404735808419900, -0.2931249999999998600 ) ) ;
#3850 = CARTESIAN_POINT ( 'NONE',  ( -0.1277063293868266600, 0.05289769363290935900, -0.1290624999999998000 ) ) ;
#3851 = ADVANCED_FACE ( 'NONE', ( #2794 ), #3537, .T. ) ;
#3852 = CARTESIAN_POINT ( 'NONE',  ( 0.09252404735808418500, 0.03832471526136903300, -0.3681249999999999800 ) ) ;
#3853 = FACE_OUTER_BOUND ( 'NONE', #2419, .T. ) ;
#3854 = VERTEX_POINT ( 'NONE', #3139 ) ;
#3855 = DIRECTION ( 'NONE',  ( -1.000000000000000000, 0.0000000000000000000, 0.0000000000000000000 ) ) ;
ENDSEC;
END-ISO-10303-21;
